timestamp,sensor_0,sensor_1,sensor_2,sensor_3,sensor_4,sensor_5
2026-08-14T15:30:46.765405,132,153,145,131,133,0
2026-08-14T15:30:46.770952,133,151,145,131,134,0
2026-08-14T15:30:47.683434,133,152,145,130,134,0
2026-08-14T15:30:47.686536,134,151,145,130,133,0
2026-08-14T15:30:47.688545,131,150,144,130,134,0
2026-08-14T15:30:47.688545,132,152,145,129,133,0
2026-08-14T15:30:47.689804,133,152,145,130,133,0
2026-08-14T15:30:47.691615,133,151,145,130,133,0
2026-08-14T15:30:47.692296,133,152,144,130,134,0
2026-08-14T15:30:47.694306,132,151,144,129,133,0
2026-08-14T15:30:47.704850,133,152,145,130,134,0
2026-08-14T15:30:47.704850,132,152,144,130,133,0
2026-08-14T15:30:47.704850,132,151,144,130,134,0
2026-08-14T15:30:47.704850,132,152,144,130,132,0
2026-08-14T15:30:47.704850,133,152,145,130,133,0
2026-08-14T15:30:47.708353,132,151,145,129,134,0
2026-08-14T15:30:47.708353,132,152,145,130,133,0
2026-08-14T15:30:47.708353,133,152,145,130,133,0
2026-08-14T15:30:47.708353,132,151,145,129,134,0
2026-08-14T15:30:47.708353,131,150,145,130,134,0
2026-08-14T15:30:47.708353,131,151,144,129,133,0
2026-08-14T15:30:47.708353,132,151,145,130,134,0
2026-08-14T15:30:47.708353,132,151,145,129,133,0
2026-08-14T15:30:47.708353,132,151,144,129,133,0
2026-08-14T15:30:47.708353,133,150,144,130,134,0
2026-08-14T15:30:47.708353,132,152,145,130,133,0
2026-08-14T15:30:47.708353,132,152,145,129,133,0
2026-08-14T15:30:47.708353,132,152,145,130,134,0
2026-08-14T15:30:47.716834,132,151,144,130,133,0
2026-08-14T15:30:47.717515,133,151,145,130,134,0
2026-08-14T15:30:47.718097,131,151,144,129,134,0
2026-08-14T15:30:47.719871,133,152,145,130,134,0
2026-08-14T15:30:47.721215,132,151,144,130,134,0
2026-08-14T15:30:47.721215,132,151,144,129,134,0
2026-08-14T15:30:47.721215,132,151,144,129,133,0
2026-08-14T15:30:47.725336,132,152,145,130,133,0
2026-08-14T15:30:47.725336,132,151,145,130,135,0
2026-08-14T15:30:47.725336,132,151,144,130,134,0
2026-08-14T15:30:47.727348,131,151,145,129,133,0
2026-08-14T15:30:47.727348,132,152,145,130,133,0
2026-08-14T15:30:47.730007,132,152,145,129,134,0
2026-08-14T15:30:47.731384,132,151,145,130,133,0
2026-08-14T15:30:47.733409,132,151,145,130,134,0
2026-08-14T15:30:47.733409,133,152,144,130,134,0
2026-08-14T15:30:47.733409,131,152,144,130,134,0
2026-08-14T15:30:47.736814,132,150,145,130,133,0
2026-08-14T15:30:47.736814,133,151,144,129,134,0
2026-08-14T15:30:47.736814,132,152,145,129,133,0
2026-08-14T15:30:47.738823,134,152,143,129,134,0
2026-08-14T15:30:47.741666,131,151,144,129,133,0
2026-08-14T15:30:47.742370,132,151,144,129,133,0
2026-08-14T15:30:47.742370,131,151,144,129,133,0
2026-08-14T15:30:47.744380,131,152,144,130,133,0
2026-08-14T15:30:47.744380,132,153,145,130,134,0
2026-08-14T15:30:47.744380,132,151,145,130,133,0
2026-08-14T15:30:47.744380,133,152,145,130,134,0
2026-08-14T15:30:47.749751,132,152,145,129,133,0
2026-08-14T15:30:47.749751,132,152,145,130,133,0
2026-08-14T15:30:47.755289,132,151,145,129,133,0
2026-08-14T15:30:47.755289,133,150,145,130,134,0
2026-08-14T15:30:47.758088,134,151,144,129,134,0
2026-08-14T15:30:47.761281,131,152,145,129,133,0
2026-08-14T15:30:47.762522,133,152,144,129,133,0
2026-08-14T15:30:47.763155,131,151,144,129,133,0
2026-08-14T15:30:47.764284,133,152,145,130,133,0
2026-08-14T15:30:47.764861,131,152,146,130,133,0
2026-08-14T15:30:47.765549,132,152,145,130,134,0
2026-08-14T15:30:47.765549,132,151,144,129,133,0
2026-08-14T15:30:47.765549,131,150,144,129,133,0
2026-08-14T15:30:47.765549,133,151,144,129,134,0
2026-08-14T15:30:47.765549,132,152,144,130,134,0
2026-08-14T15:30:47.765549,132,151,144,129,133,0
2026-08-14T15:30:47.769950,132,151,144,129,133,0
2026-08-14T15:30:47.769950,132,151,144,130,134,0
2026-08-14T15:30:47.771962,132,152,145,129,133,0
2026-08-14T15:30:47.771962,133,152,145,129,133,0
2026-08-14T15:30:47.772970,133,152,145,129,133,0
2026-08-14T15:30:47.772970,131,150,144,130,134,0
2026-08-14T15:30:47.774977,133,151,144,129,133,0
2026-08-14T15:30:47.776986,131,151,144,129,133,0
2026-08-14T15:30:47.778995,132,151,144,129,133,0
2026-08-14T15:30:47.779926,132,150,145,129,133,0
2026-08-14T15:30:47.781438,132,151,145,129,133,0
2026-08-14T15:30:47.782267,132,151,144,130,134,0
2026-08-14T15:30:47.783070,133,150,144,129,133,0
2026-08-14T15:30:47.783070,133,151,144,129,133,0
2026-08-14T15:30:47.785079,133,152,145,130,134,0
2026-08-14T15:30:47.786548,132,152,145,129,133,0
2026-08-14T15:30:47.788561,133,152,144,130,133,0
2026-08-14T15:30:47.789668,132,150,145,130,133,0
2026-08-14T15:30:47.790627,132,151,144,129,133,0
2026-08-14T15:30:47.791169,133,151,145,130,133,0
2026-08-14T15:30:47.791169,131,151,144,129,134,0
2026-08-14T15:30:47.792623,132,151,144,129,133,0
2026-08-14T15:30:47.794632,132,150,145,129,133,0
2026-08-14T15:30:47.794632,132,150,145,130,133,0
2026-08-14T15:30:47.797921,132,152,145,129,133,0
2026-08-14T15:30:47.798470,133,152,145,129,133,0
2026-08-14T15:30:47.798470,132,151,145,129,133,0
2026-08-14T15:30:47.798470,131,152,144,129,133,0
2026-08-14T15:30:47.803453,131,151,145,129,133,0
2026-08-14T15:30:47.803453,132,152,145,129,133,0
2026-08-14T15:30:47.805468,132,151,144,130,134,0
2026-08-14T15:30:47.806436,132,152,144,129,134,0
2026-08-14T15:30:47.806436,131,152,145,130,134,0
2026-08-14T15:30:47.806436,131,152,145,129,133,0
2026-08-14T15:30:47.808450,134,151,144,130,134,0
2026-08-14T15:30:47.810461,132,151,145,129,133,0
2026-08-14T15:30:47.810461,133,151,143,130,133,0
2026-08-14T15:30:47.810461,132,151,145,129,133,0
2026-08-14T15:30:47.813857,131,151,145,129,133,0
2026-08-14T15:30:47.813857,132,152,145,129,134,0
2026-08-14T15:30:47.813857,133,152,144,129,133,0
2026-08-14T15:30:47.813857,131,151,145,130,132,0
2026-08-14T15:30:47.819717,131,151,145,129,134,0
2026-08-14T15:30:47.819717,133,150,144,130,134,0
2026-08-14T15:30:47.819717,132,151,145,130,134,0
2026-08-14T15:30:47.821766,132,151,145,130,134,0
2026-08-14T15:30:47.821766,132,152,145,129,133,0
2026-08-14T15:30:47.821766,133,151,144,129,134,0
2026-08-14T15:30:47.821766,133,150,145,129,133,0
2026-08-14T15:30:47.821766,132,151,144,129,133,0
2026-08-14T15:30:47.821766,133,152,144,130,133,0
2026-08-14T15:30:47.828761,131,151,145,129,133,0
2026-08-14T15:30:47.830271,132,151,144,129,133,0
2026-08-14T15:30:47.830271,132,151,144,129,134,0
2026-08-14T15:30:47.830271,131,150,145,130,134,0
2026-08-14T15:30:47.830271,132,152,144,129,133,0
2026-08-14T15:30:47.830271,133,151,145,129,133,0
2026-08-14T15:30:47.830271,132,151,145,129,134,0
2026-08-14T15:30:47.836956,132,151,144,129,133,0
2026-08-14T15:30:47.839030,132,152,145,130,134,0
2026-08-14T15:30:47.839030,133,152,144,130,133,0
2026-08-14T15:30:47.841080,132,151,145,129,133,0
2026-08-14T15:30:47.841798,132,151,144,129,134,0
2026-08-14T15:30:47.843906,133,152,145,129,133,0
2026-08-14T15:30:47.843906,133,152,145,130,134,0
2026-08-14T15:30:47.846926,133,151,144,130,133,0
2026-08-14T15:30:47.846926,131,151,145,129,134,0
2026-08-14T15:30:47.846926,131,152,144,129,134,0
2026-08-14T15:30:47.846926,133,152,144,130,133,0
2026-08-14T15:30:47.846926,132,151,144,130,134,0
2026-08-14T15:30:47.846926,132,151,145,130,133,0
2026-08-14T15:30:47.854162,132,151,144,129,133,0
2026-08-14T15:30:47.855276,132,151,144,129,133,0
2026-08-14T15:30:47.855276,132,151,145,130,133,0
2026-08-14T15:30:47.855276,132,151,144,128,133,0
2026-08-14T15:30:47.857285,132,152,145,130,134,0
2026-08-14T15:30:47.859294,133,152,144,129,134,0
2026-08-14T15:30:47.859294,132,152,145,129,133,0
2026-08-14T15:30:47.861436,133,151,144,130,133,0
2026-08-14T15:30:47.863563,132,152,145,130,133,0
2026-08-14T15:30:47.863563,131,151,145,130,134,0
2026-08-14T15:30:47.863563,131,151,145,129,133,0
2026-08-14T15:30:47.863563,132,151,144,129,133,0
2026-08-14T15:30:47.867155,132,151,144,130,134,0
2026-08-14T15:30:47.871014,132,150,144,130,133,0
2026-08-14T15:30:47.872835,133,151,145,129,133,0
2026-08-14T15:30:47.872835,132,151,145,129,133,0
2026-08-14T15:30:47.874845,133,151,144,129,133,0
2026-08-14T15:30:47.874845,132,153,144,129,133,0
2026-08-14T15:30:47.874845,131,152,145,130,133,0
2026-08-14T15:30:47.876854,131,152,145,130,133,0
2026-08-14T15:30:47.876854,132,152,145,129,134,0
2026-08-14T15:30:47.878862,133,151,144,129,134,0
2026-08-14T15:30:47.880370,133,151,145,129,133,0
2026-08-14T15:30:47.880370,131,151,144,129,133,0
2026-08-14T15:30:47.880370,132,150,144,129,133,0
2026-08-14T15:30:47.884386,132,150,144,130,134,0
2026-08-14T15:30:47.884386,132,150,144,129,133,0
2026-08-14T15:30:47.884386,132,152,145,130,133,0
2026-08-14T15:30:47.886394,134,150,144,129,134,0
2026-08-14T15:30:47.888403,132,151,144,129,133,0
2026-08-14T15:30:47.888403,131,151,145,130,132,0
2026-08-14T15:30:47.890414,131,151,144,129,133,0
2026-08-14T15:30:47.892423,132,151,144,130,133,0
2026-08-14T15:30:47.892423,132,151,144,129,133,0
2026-08-14T15:30:47.892423,132,150,144,130,134,0
2026-08-14T15:30:47.894432,131,150,145,130,133,0
2026-08-14T15:30:47.896443,133,151,145,129,133,0
2026-08-14T15:30:47.896443,132,151,144,129,133,0
2026-08-14T15:30:47.896443,132,150,144,130,134,0
2026-08-14T15:30:47.900462,131,151,144,129,133,0
2026-08-14T15:30:47.900462,133,151,144,129,133,0
2026-08-14T15:30:47.900462,131,150,145,130,133,0
2026-08-14T15:30:47.902943,131,152,145,129,134,0
2026-08-14T15:30:47.904788,131,150,145,130,133,0
2026-08-14T15:30:47.904788,133,152,145,130,133,0
2026-08-14T15:30:47.904788,133,151,144,130,133,0
2026-08-14T15:30:47.908808,132,151,144,129,133,0
2026-08-14T15:30:47.908808,132,151,145,129,133,0
2026-08-14T15:30:47.908808,132,151,144,129,134,0
2026-08-14T15:30:47.912826,133,151,145,129,133,0
2026-08-14T15:30:47.912826,133,151,145,129,133,0
2026-08-14T15:30:47.912826,132,152,145,130,134,0
2026-08-14T15:30:47.921277,132,152,144,129,133,0
2026-08-14T15:30:47.921277,132,151,144,129,133,0
2026-08-14T15:30:47.923285,132,152,145,129,133,0
2026-08-14T15:30:47.923285,132,151,144,130,134,0
2026-08-14T15:30:47.923285,133,151,144,130,134,0
2026-08-14T15:30:47.923285,132,151,144,129,133,0
2026-08-14T15:30:47.925292,132,151,144,129,134,0
2026-08-14T15:30:47.925292,133,150,145,129,133,0
2026-08-14T15:30:47.925292,132,151,145,130,133,0
2026-08-14T15:30:47.925292,133,152,144,130,133,0
2026-08-14T15:30:47.927299,132,151,145,129,133,0
2026-08-14T15:30:47.929305,132,152,145,129,133,0
2026-08-14T15:30:47.929305,131,151,144,129,132,0
2026-08-14T15:30:47.929305,132,152,145,129,133,0
2026-08-14T15:30:47.931313,132,152,145,129,133,0
2026-08-14T15:30:47.933322,132,151,145,129,134,0
2026-08-14T15:30:47.933322,132,151,145,130,134,0
2026-08-14T15:30:47.933322,131,151,145,129,133,0
2026-08-14T15:30:47.937483,133,152,145,129,133,0
2026-08-14T15:30:47.937483,132,151,144,129,133,0
2026-08-14T15:30:47.937483,132,150,144,129,134,0
2026-08-14T15:30:47.939493,132,151,143,129,133,0
2026-08-14T15:30:47.940825,132,152,145,129,132,0
2026-08-14T15:30:47.940825,133,152,145,130,133,0
2026-08-14T15:30:47.942834,132,151,144,129,133,0
2026-08-14T15:30:47.945851,131,152,144,130,133,0
2026-08-14T15:30:47.945851,132,151,145,130,134,0
2026-08-14T15:30:47.945851,132,151,145,129,133,0
2026-08-14T15:30:47.949868,132,151,145,129,133,0
2026-08-14T15:30:47.949868,131,150,145,129,133,0
2026-08-14T15:30:47.949868,132,150,145,130,134,0
2026-08-14T15:30:47.951878,132,151,145,129,133,0
2026-08-14T15:30:47.952889,134,151,144,129,133,0
2026-08-14T15:30:47.954124,131,151,143,129,134,0
2026-08-14T15:30:47.955739,133,152,145,130,133,0
2026-08-14T15:30:47.956245,131,151,146,130,133,0
2026-08-14T15:30:47.958254,132,151,144,129,133,0
2026-08-14T15:30:47.958254,133,151,144,130,133,0
2026-08-14T15:30:47.958254,133,151,145,130,134,0
2026-08-14T15:30:47.962296,132,151,144,130,133,0
2026-08-14T15:30:47.962296,132,152,144,129,133,0
2026-08-14T15:30:47.962296,132,151,144,129,133,0
2026-08-14T15:30:47.966310,132,151,144,129,134,0
2026-08-14T15:30:47.966310,131,150,145,130,133,0
2026-08-14T15:30:47.966310,132,152,144,129,134,0
2026-08-14T15:30:47.968319,133,152,144,130,134,0
2026-08-14T15:30:47.970750,132,150,145,129,133,0
2026-08-14T15:30:47.972025,131,150,144,130,134,0
2026-08-14T15:30:47.972025,130,151,144,129,133,0
2026-08-14T15:30:47.974034,131,151,144,130,134,0
2026-08-14T15:30:47.974034,132,150,145,129,133,0
2026-08-14T15:30:47.974034,131,150,145,129,134,0
2026-08-14T15:30:47.976206,132,151,144,128,134,0
2026-08-14T15:30:47.978217,132,152,144,129,133,0
2026-08-14T15:30:47.979229,132,151,144,129,133,0
2026-08-14T15:30:47.979229,132,152,145,129,133,0
2026-08-14T15:30:47.981239,132,152,144,129,133,0
2026-08-14T15:30:47.981239,132,152,144,129,133,0
2026-08-14T15:30:47.984162,132,152,145,129,133,0
2026-08-14T15:30:47.986155,132,150,145,129,133,0
2026-08-14T15:30:47.987765,131,152,145,130,134,0
2026-08-14T15:30:47.987765,133,151,144,130,134,0
2026-08-14T15:30:47.989777,130,152,145,129,133,0
2026-08-14T15:30:47.989777,132,151,144,129,133,0
2026-08-14T15:30:47.989777,132,150,144,129,133,0
2026-08-14T15:30:47.991788,132,151,144,129,133,0
2026-08-14T15:30:47.993487,133,152,145,129,133,0
2026-08-14T15:30:47.995611,133,152,145,129,133,0
2026-08-14T15:30:47.995611,132,151,144,129,134,0
2026-08-14T15:30:47.995611,131,151,144,130,133,0
2026-08-14T15:30:47.997621,133,152,145,129,133,0
2026-08-14T15:30:47.999631,132,151,145,130,133,0
2026-08-14T15:30:47.999631,132,151,144,129,134,0
2026-08-14T15:30:48.002829,131,151,144,129,134,0
2026-08-14T15:30:48.003896,131,151,145,130,133,0
2026-08-14T15:30:48.005291,132,151,145,130,133,0
2026-08-14T15:30:48.005291,133,151,144,130,133,0
2026-08-14T15:30:48.005291,132,151,143,129,133,0
2026-08-14T15:30:48.005291,133,151,145,130,133,0
2026-08-14T15:30:48.005291,131,152,145,128,134,0
2026-08-14T15:30:48.005291,133,152,143,129,133,0
2026-08-14T15:30:48.011909,132,151,144,129,133,0
2026-08-14T15:30:48.011909,131,151,145,129,133,0
2026-08-14T15:30:48.011909,131,151,145,130,133,0
2026-08-14T15:30:48.011909,132,152,145,130,133,0
2026-08-14T15:30:48.011909,132,152,144,129,134,0
2026-08-14T15:30:48.011909,132,151,144,129,133,0
2026-08-14T15:30:48.019599,132,151,145,129,134,0
2026-08-14T15:30:48.019599,132,151,144,129,133,0
2026-08-14T15:30:48.019599,133,151,144,129,133,0
2026-08-14T15:30:48.021981,132,151,145,129,133,0
2026-08-14T15:30:48.021981,132,151,144,129,133,0
2026-08-14T15:30:48.021981,133,152,145,129,134,0
2026-08-14T15:30:48.024999,133,152,145,129,133,0
2026-08-14T15:30:48.027633,132,151,145,130,134,0
2026-08-14T15:30:48.027633,132,151,144,129,134,0
2026-08-14T15:30:48.027633,131,151,144,130,133,0
2026-08-14T15:30:48.029641,132,151,144,129,133,0
2026-08-14T15:30:48.032023,133,150,145,129,133,0
2026-08-14T15:30:48.032023,133,151,144,129,133,0
2026-08-14T15:30:48.032023,132,150,144,128,133,0
2026-08-14T15:30:48.035782,133,152,144,129,133,0
2026-08-14T15:30:48.036535,133,151,144,129,133,0
2026-08-14T15:30:48.036535,132,152,144,130,133,0
2026-08-14T15:30:48.036535,133,151,145,129,133,0
2026-08-14T15:30:48.036535,132,152,145,130,133,0
2026-08-14T15:30:48.036535,132,152,144,129,133,0
2026-08-14T15:30:48.036535,132,151,145,129,134,0
2026-08-14T15:30:48.044043,131,151,145,129,134,0
2026-08-14T15:30:48.044043,132,151,144,129,134,0
2026-08-14T15:30:48.044043,132,151,145,129,134,0
2026-08-14T15:30:48.044043,132,151,143,130,133,0
2026-08-14T15:30:48.044043,132,151,144,129,134,0
2026-08-14T15:30:48.044043,133,151,144,129,133,0
2026-08-14T15:30:48.052308,131,152,145,129,133,0
2026-08-14T15:30:48.052833,132,151,145,129,133,0
2026-08-14T15:30:48.054910,132,152,145,130,134,0
2026-08-14T15:30:48.054910,132,151,145,130,134,0
2026-08-14T15:30:48.054910,132,151,145,129,134,0
2026-08-14T15:30:48.054910,131,152,144,129,133,0
2026-08-14T15:30:48.054910,132,151,144,130,133,0
2026-08-14T15:30:48.060351,132,151,145,130,133,0
2026-08-14T15:30:48.060351,132,151,144,130,133,0
2026-08-14T15:30:48.060351,131,151,144,130,133,0
2026-08-14T15:30:48.060351,133,151,144,129,133,0
2026-08-14T15:30:48.064490,132,152,144,129,133,0
2026-08-14T15:30:48.064490,132,150,144,130,134,0
2026-08-14T15:30:48.064490,132,152,145,130,133,0
2026-08-14T15:30:48.068494,131,152,145,129,133,0
2026-08-14T15:30:48.069484,132,151,144,129,134,0
2026-08-14T15:30:48.070257,131,151,145,129,133,0
2026-08-14T15:30:48.070257,131,151,145,130,133,0
2026-08-14T15:30:48.070257,131,151,144,128,134,0
2026-08-14T15:30:48.070257,132,151,144,129,133,0
2026-08-14T15:30:48.070257,132,151,145,129,133,0
2026-08-14T15:30:48.070257,132,151,144,129,134,0
2026-08-14T15:30:48.077008,132,152,144,129,133,0
2026-08-14T15:30:48.077008,133,152,144,130,133,0
2026-08-14T15:30:48.077008,132,152,145,129,133,0
2026-08-14T15:30:48.077008,131,151,145,129,133,0
2026-08-14T15:30:48.077008,132,151,144,129,133,0
2026-08-14T15:30:48.077008,132,151,144,129,133,0
2026-08-14T15:30:48.077008,132,150,145,129,133,0
2026-08-14T15:30:48.086080,132,150,145,129,134,0
2026-08-14T15:30:48.086767,132,150,144,130,133,0
2026-08-14T15:30:48.088682,132,151,144,129,133,0
2026-08-14T15:30:48.088682,133,151,145,128,133,0
2026-08-14T15:30:48.088682,131,151,145,129,133,0
2026-08-14T15:30:48.088682,133,152,144,128,134,0
2026-08-14T15:30:48.088682,131,152,144,129,133,0
2026-08-14T15:30:48.093724,133,151,144,130,132,0
2026-08-14T15:30:48.093724,133,151,144,130,134,0
2026-08-14T15:30:48.093724,131,152,144,130,132,0
2026-08-14T15:30:48.093724,131,152,144,129,134,0
2026-08-14T15:30:48.093724,132,150,144,129,133,0
2026-08-14T15:30:48.093724,133,150,143,130,133,0
2026-08-14T15:30:48.093724,132,151,145,129,133,0
2026-08-14T15:30:48.093724,132,151,144,128,133,0
2026-08-14T15:30:48.102206,133,152,144,129,133,0
2026-08-14T15:30:48.105255,132,151,144,130,133,0
2026-08-14T15:30:48.105255,132,151,144,129,133,0
2026-08-14T15:30:48.105255,132,152,144,129,133,0
2026-08-14T15:30:48.105255,132,151,144,129,133,0
2026-08-14T15:30:48.105255,132,151,145,129,133,0
2026-08-14T15:30:48.105255,132,151,144,129,133,0
2026-08-14T15:30:48.110496,130,150,144,129,133,0
2026-08-14T15:30:48.110496,132,151,144,128,133,0
2026-08-14T15:30:48.110496,132,151,145,130,133,0
2026-08-14T15:30:48.110496,132,150,144,128,133,0
2026-08-14T15:30:48.110496,133,150,144,129,134,0
2026-08-14T15:30:48.110496,133,151,145,128,133,0
2026-08-14T15:30:48.118817,131,151,145,128,134,0
2026-08-14T15:30:48.120188,132,152,144,129,133,0
2026-08-14T15:30:48.121402,132,151,144,130,133,0
2026-08-14T15:30:48.121402,131,151,144,129,134,0
2026-08-14T15:30:48.121402,131,151,145,129,133,0
2026-08-14T15:30:48.125289,132,151,144,130,133,0
2026-08-14T15:30:48.125289,132,151,144,129,134,0
2026-08-14T15:30:48.127040,132,151,144,129,133,0
2026-08-14T15:30:48.127040,132,151,145,129,132,0
2026-08-14T15:30:48.129047,133,150,145,128,133,0
2026-08-14T15:30:48.131056,133,151,144,129,133,0
2026-08-14T15:30:48.131056,132,150,144,128,133,0
2026-08-14T15:30:48.133064,131,151,144,130,133,0
2026-08-14T15:30:48.133064,132,153,144,130,133,0
2026-08-14T15:30:48.135071,132,151,144,129,133,0
2026-08-14T15:30:48.136172,132,150,145,129,134,0
2026-08-14T15:30:48.137592,131,151,144,130,134,0
2026-08-14T15:30:48.137592,131,151,144,129,132,0
2026-08-14T15:30:48.137592,132,151,144,129,133,0
2026-08-14T15:30:48.137592,132,150,145,129,133,0
2026-08-14T15:30:48.143140,132,150,145,129,133,0
2026-08-14T15:30:48.143140,131,151,144,129,133,0
2026-08-14T15:30:48.143140,132,151,144,129,132,0
2026-08-14T15:30:48.143140,132,152,145,129,133,0
2026-08-14T15:30:48.143140,132,151,144,129,134,0
2026-08-14T15:30:48.143140,132,151,144,129,132,0
2026-08-14T15:30:48.143140,132,151,144,129,133,0
2026-08-14T15:30:48.143140,132,151,144,130,133,0
2026-08-14T15:30:48.151444,131,150,144,129,133,0
2026-08-14T15:30:48.153521,131,151,144,130,134,0
2026-08-14T15:30:48.153521,131,150,144,129,134,0
2026-08-14T15:30:48.153521,132,150,144,128,134,0
2026-08-14T15:30:48.156635,134,151,143,128,133,0
2026-08-14T15:30:48.156635,132,151,144,129,133,0
2026-08-14T15:30:48.156635,132,151,144,129,133,0
2026-08-14T15:30:48.159532,131,152,145,129,133,0
2026-08-14T15:30:48.159532,131,151,145,129,132,0
2026-08-14T15:30:48.159532,131,151,144,129,133,0
2026-08-14T15:30:48.159532,130,151,144,130,134,0
2026-08-14T15:30:48.159532,131,151,145,130,133,0
2026-08-14T15:30:48.165678,132,151,144,129,134,0
2026-08-14T15:30:48.167735,130,151,145,129,134,0
2026-08-14T15:30:48.167735,132,150,144,130,133,0
2026-08-14T15:30:48.167735,133,150,145,128,132,0
2026-08-14T15:30:48.167735,133,151,144,128,133,0
2026-08-14T15:30:48.167735,132,150,144,129,133,0
2026-08-14T15:30:48.172943,133,151,143,129,134,0
2026-08-14T15:30:48.172943,132,150,144,129,133,0
2026-08-14T15:30:48.175879,131,152,145,129,132,0
2026-08-14T15:30:48.175879,133,151,144,129,132,0
2026-08-14T15:30:48.175879,131,150,144,129,133,0
2026-08-14T15:30:48.175879,131,150,144,130,133,0
2026-08-14T15:30:48.175879,132,150,145,129,132,0
2026-08-14T15:30:48.175879,132,151,145,129,133,0
2026-08-14T15:30:48.175879,132,151,144,130,133,0
2026-08-14T15:30:48.184396,133,150,144,129,133,0
2026-08-14T15:30:48.184396,132,150,144,130,132,0
2026-08-14T15:30:48.187001,132,151,144,129,133,0
2026-08-14T15:30:48.187001,133,151,143,129,132,0
2026-08-14T15:30:48.187001,131,152,145,128,133,0
2026-08-14T15:30:48.187001,132,150,145,130,133,0
2026-08-14T15:30:48.187001,131,152,144,129,132,0
2026-08-14T15:30:48.192539,131,150,143,130,133,0
2026-08-14T15:30:48.192539,132,150,144,129,133,0
2026-08-14T15:30:48.192539,130,151,144,130,133,0
2026-08-14T15:30:48.192539,132,151,145,129,133,0
2026-08-14T15:30:48.192539,132,150,144,129,133,0
2026-08-14T15:30:48.197579,132,151,144,129,133,0
2026-08-14T15:30:48.200563,132,151,145,129,133,0
2026-08-14T15:30:48.200563,132,150,144,129,133,0
2026-08-14T15:30:48.200563,132,152,143,128,133,0
2026-08-14T15:30:48.202881,132,151,144,129,133,0
2026-08-14T15:30:48.202881,131,151,144,130,133,0
2026-08-14T15:30:48.202881,132,151,144,129,132,0
2026-08-14T15:30:48.202881,132,152,143,129,133,0
2026-08-14T15:30:48.208654,132,151,144,129,134,0
2026-08-14T15:30:48.208654,131,151,144,128,133,0
2026-08-14T15:30:48.208654,132,150,144,129,132,0
2026-08-14T15:30:48.208654,132,151,144,129,132,0
2026-08-14T15:30:48.208654,132,152,144,130,133,0
2026-08-14T15:30:48.208654,133,150,144,129,132,0
2026-08-14T15:30:48.213855,132,151,144,129,133,0
2026-08-14T15:30:48.216898,131,151,144,129,132,0
2026-08-14T15:30:48.216898,130,152,144,128,132,0
2026-08-14T15:30:48.219590,132,151,145,129,132,0
2026-08-14T15:30:48.219590,132,151,145,129,133,0
2026-08-14T15:30:48.219590,133,150,144,129,133,0
2026-08-14T15:30:48.221946,131,152,145,129,133,0
2026-08-14T15:30:48.221946,132,150,145,129,133,0
2026-08-14T15:30:48.225059,131,151,144,129,133,0
2026-08-14T15:30:48.225059,131,151,144,129,133,0
2026-08-14T15:30:48.225059,132,151,145,129,133,0
2026-08-14T15:30:48.225059,132,151,144,128,134,0
2026-08-14T15:30:48.225059,133,151,143,129,133,0
2026-08-14T15:30:48.230330,132,151,143,129,133,0
2026-08-14T15:30:48.230330,131,152,145,129,132,0
2026-08-14T15:30:48.230330,131,150,144,129,132,0
2026-08-14T15:30:48.233524,131,150,144,128,134,0
2026-08-14T15:30:48.236225,131,151,144,129,132,0
2026-08-14T15:30:48.237221,131,152,144,129,133,0
2026-08-14T15:30:48.237221,132,150,144,129,133,0
2026-08-14T15:30:48.237221,132,151,143,129,133,0
2026-08-14T15:30:48.237221,132,150,144,129,133,0
2026-08-14T15:30:48.237221,132,150,145,129,132,0
2026-08-14T15:30:48.241684,132,151,144,128,133,0
2026-08-14T15:30:48.241684,133,150,143,129,133,0
2026-08-14T15:30:48.241684,132,151,144,129,133,0
2026-08-14T15:30:48.241684,132,151,145,129,132,0
2026-08-14T15:30:48.241684,131,151,144,129,133,0
2026-08-14T15:30:48.241684,131,151,145,129,132,0
2026-08-14T15:30:48.249702,131,151,144,129,133,0
2026-08-14T15:30:48.249702,131,151,144,129,133,0
2026-08-14T15:30:48.252889,131,150,144,129,134,0
2026-08-14T15:30:48.253491,132,151,143,129,133,0
2026-08-14T15:30:48.254002,134,150,145,128,132,0
2026-08-14T15:30:48.254002,132,150,144,128,134,0
2026-08-14T15:30:48.254002,131,150,144,129,133,0
2026-08-14T15:30:48.257897,132,151,144,129,132,0
2026-08-14T15:30:48.257897,133,151,144,129,132,0
2026-08-14T15:30:48.257897,131,150,145,129,133,0
2026-08-14T15:30:48.257897,131,150,145,130,133,0
2026-08-14T15:30:48.257897,132,150,144,129,133,0
2026-08-14T15:30:48.257897,131,151,144,129,133,0
2026-08-14T15:30:48.266031,132,151,144,128,133,0
2026-08-14T15:30:48.266031,131,150,145,128,133,0
2026-08-14T15:30:48.266031,131,150,144,129,133,0
2026-08-14T15:30:48.266031,131,150,144,128,133,0
2026-08-14T15:30:48.269575,132,150,144,129,133,0
2026-08-14T15:30:48.270276,132,151,144,129,133,0
2026-08-14T15:30:48.270276,132,151,144,129,132,0
2026-08-14T15:30:48.274418,131,152,144,129,133,0
2026-08-14T15:30:48.274418,131,151,145,129,133,0
2026-08-14T15:30:48.274418,131,151,144,128,133,0
2026-08-14T15:30:48.274418,131,150,144,129,133,0
2026-08-14T15:30:48.274418,133,151,144,128,133,0
2026-08-14T15:30:48.274418,131,151,144,129,132,0
2026-08-14T15:30:48.279504,133,151,144,129,133,0
2026-08-14T15:30:48.279504,131,150,144,129,132,0
2026-08-14T15:30:48.282702,132,150,144,128,133,0
2026-08-14T15:30:48.282702,133,152,144,129,132,0
2026-08-14T15:30:48.282702,132,151,144,128,132,0
2026-08-14T15:30:48.282702,131,151,144,130,134,0
2026-08-14T15:30:48.282702,131,151,144,129,133,0
2026-08-14T15:30:48.282702,132,152,144,129,133,0
2026-08-14T15:30:48.282702,131,151,143,129,133,0
2026-08-14T15:30:48.291063,131,151,144,129,133,0
2026-08-14T15:30:48.291063,132,151,144,129,134,0
2026-08-14T15:30:48.291063,131,150,145,130,133,0
2026-08-14T15:30:48.291063,132,151,145,128,133,0
2026-08-14T15:30:48.291063,132,150,144,129,133,0
2026-08-14T15:30:48.291063,132,151,143,129,133,0
2026-08-14T15:30:48.298472,131,151,145,129,133,0
2026-08-14T15:30:48.299481,132,151,144,128,132,0
2026-08-14T15:30:48.301605,131,151,144,129,134,0
2026-08-14T15:30:48.302840,132,151,144,129,134,0
2026-08-14T15:30:48.303813,131,152,144,130,133,0
2026-08-14T15:30:48.304918,130,151,144,129,133,0
2026-08-14T15:30:48.304918,131,151,144,129,132,0
2026-08-14T15:30:48.306926,133,151,143,128,133,0
2026-08-14T15:30:48.306926,131,150,145,129,133,0
2026-08-14T15:30:48.309943,132,151,144,129,132,0
2026-08-14T15:30:48.309943,132,150,143,129,133,0
2026-08-14T15:30:48.309943,132,150,143,129,133,0
2026-08-14T15:30:48.313964,132,152,144,128,133,0
2026-08-14T15:30:48.314557,132,151,145,130,132,0
2026-08-14T15:30:48.314557,131,152,144,129,133,0
2026-08-14T15:30:48.314557,132,151,144,129,133,0
2026-08-14T15:30:48.318322,131,151,144,129,133,0
2026-08-14T15:30:48.318322,132,150,145,129,134,0
2026-08-14T15:30:48.319564,130,150,144,129,133,0
2026-08-14T15:30:48.321541,132,151,143,128,133,0
2026-08-14T15:30:48.321541,133,150,144,129,133,0
2026-08-14T15:30:48.323550,132,151,144,128,133,0
2026-08-14T15:30:48.324558,132,151,143,128,133,0
2026-08-14T15:30:48.326567,133,151,143,128,133,0
2026-08-14T15:30:48.326567,132,152,144,129,133,0
2026-08-14T15:30:48.326567,131,150,145,129,133,0
2026-08-14T15:30:48.330583,131,151,145,129,132,0
2026-08-14T15:30:48.332592,131,151,144,129,133,0
2026-08-14T15:30:48.332592,132,150,144,129,133,0
2026-08-14T15:30:48.332592,132,151,145,129,133,0
2026-08-14T15:30:48.334602,131,150,144,129,133,0
2026-08-14T15:30:48.334602,132,151,143,128,133,0
2026-08-14T15:30:48.336634,132,151,143,129,133,0
2026-08-14T15:30:48.339014,132,150,143,128,133,0
2026-08-14T15:30:48.339014,133,151,143,128,132,0
2026-08-14T15:30:48.339014,132,151,144,128,132,0
2026-08-14T15:30:48.340766,131,152,144,129,132,0
2026-08-14T15:30:48.342775,132,150,144,129,132,0
2026-08-14T15:30:48.342775,132,152,145,130,132,0
2026-08-14T15:30:48.342775,131,150,144,129,133,0
2026-08-14T15:30:48.346795,132,151,144,129,132,0
2026-08-14T15:30:48.356085,131,151,144,129,133,0
2026-08-14T15:30:48.356085,132,150,144,129,133,0
2026-08-14T15:30:48.358092,132,151,144,129,132,0
2026-08-14T15:30:48.358092,132,150,144,129,133,0
2026-08-14T15:30:48.360102,132,151,144,128,133,0
2026-08-14T15:30:48.360102,132,151,144,128,132,0
2026-08-14T15:30:48.360102,131,151,144,130,132,0
2026-08-14T15:30:48.362112,131,151,144,130,132,0
2026-08-14T15:30:48.362112,132,151,144,129,133,0
2026-08-14T15:30:48.362112,131,150,144,129,134,0
2026-08-14T15:30:48.364121,131,150,144,129,133,0
2026-08-14T15:30:48.364121,130,150,144,129,133,0
2026-08-14T15:30:48.364121,131,151,145,129,132,0
2026-08-14T15:30:48.366129,133,150,144,128,132,0
2026-08-14T15:30:48.366129,132,150,143,128,132,0
2026-08-14T15:30:48.366129,133,151,145,129,132,0
2026-08-14T15:30:48.368139,131,151,145,129,133,0
2026-08-14T15:30:48.368139,131,151,144,128,133,0
2026-08-14T15:30:48.368139,131,151,144,128,133,0
2026-08-14T15:30:48.369562,133,151,145,129,132,0
2026-08-14T15:30:48.371844,131,150,144,129,133,0
2026-08-14T15:30:48.372681,131,151,144,129,133,0
2026-08-14T15:30:48.372681,132,150,144,128,133,0
2026-08-14T15:30:48.375898,132,151,144,129,133,0
2026-08-14T15:30:48.375898,132,151,144,128,132,0
2026-08-14T15:30:48.376637,132,151,143,128,132,0
2026-08-14T15:30:48.379860,133,151,144,128,133,0
2026-08-14T15:30:48.379860,132,151,144,128,134,0
2026-08-14T15:30:48.379860,133,151,144,130,132,0
2026-08-14T15:30:48.379860,132,151,144,129,133,0
2026-08-14T15:30:48.381866,132,151,143,129,133,0
2026-08-14T15:30:48.381866,131,150,144,128,133,0
2026-08-14T15:30:48.381866,132,150,144,128,134,0
2026-08-14T15:30:48.387546,130,150,144,128,134,0
2026-08-14T15:30:48.387546,130,151,143,129,133,0
2026-08-14T15:30:48.387546,132,150,144,128,133,0
2026-08-14T15:30:48.389825,132,150,144,129,133,0
2026-08-14T15:30:48.389825,131,151,144,129,132,0
2026-08-14T15:30:48.389825,132,152,144,129,133,0
2026-08-14T15:30:48.389825,132,151,144,129,133,0
2026-08-14T15:30:48.395767,131,150,145,129,132,0
2026-08-14T15:30:48.395767,132,151,144,130,132,0
2026-08-14T15:30:48.395767,131,151,144,129,134,0
2026-08-14T15:30:48.397778,131,151,145,129,133,0
2026-08-14T15:30:48.397778,132,150,144,128,132,0
2026-08-14T15:30:48.397778,131,150,144,128,133,0
2026-08-14T15:30:48.397778,132,150,143,128,132,0
2026-08-14T15:30:48.403841,132,151,144,129,133,0
2026-08-14T15:30:48.403841,132,151,143,128,133,0
2026-08-14T15:30:48.403841,131,150,143,129,133,0
2026-08-14T15:30:48.403841,132,151,144,129,133,0
2026-08-14T15:30:48.406640,131,151,144,129,132,0
2026-08-14T15:30:48.406640,132,150,143,129,132,0
2026-08-14T15:30:48.406640,131,151,144,128,132,0
2026-08-14T15:30:48.412144,131,151,144,129,133,0
2026-08-14T15:30:48.412144,130,151,145,129,133,0
2026-08-14T15:30:48.412144,131,150,144,128,133,0
2026-08-14T15:30:48.412144,132,151,144,129,133,0
2026-08-14T15:30:48.412144,132,149,142,128,132,0
2026-08-14T15:30:48.412144,132,150,143,127,132,0
2026-08-14T15:30:48.412144,131,150,143,126,132,0
2026-08-14T15:30:48.420816,132,149,141,126,131,0
2026-08-14T15:30:48.421390,129,149,141,125,132,0
2026-08-14T15:30:48.421390,129,150,140,125,131,0
2026-08-14T15:30:48.425136,128,149,140,123,130,0
2026-08-14T15:30:48.425136,127,148,138,122,130,0
2026-08-14T15:30:48.425136,126,147,137,121,129,0
2026-08-14T15:30:48.425136,125,146,136,120,129,0
2026-08-14T15:30:48.429288,124,146,136,120,127,0
2026-08-14T15:30:48.429288,124,145,134,118,127,0
2026-08-14T15:30:48.429288,124,145,133,118,127,0
2026-08-14T15:30:48.433313,124,145,134,117,126,0
2026-08-14T15:30:48.433313,122,145,133,117,126,0
2026-08-14T15:30:48.433313,123,144,132,117,125,0
2026-08-14T15:30:48.433313,122,144,132,116,125,0
2026-08-14T15:30:48.437084,120,144,132,114,125,0
2026-08-14T15:30:48.437084,119,142,132,115,124,0
2026-08-14T15:30:48.437084,119,142,130,114,123,0
2026-08-14T15:30:48.441511,120,142,129,113,124,0
2026-08-14T15:30:48.441511,118,141,128,112,122,0
2026-08-14T15:30:48.441511,117,139,129,111,121,0
2026-08-14T15:30:48.441511,117,139,128,110,121,0
2026-08-14T15:30:48.445611,117,138,126,109,119,0
2026-08-14T15:30:48.445611,116,138,127,109,120,0
2026-08-14T15:30:48.445611,114,136,126,108,119,0
2026-08-14T15:30:48.448102,113,137,126,108,117,0
2026-08-14T15:30:48.448102,112,135,124,106,116,0
2026-08-14T15:30:48.448102,114,134,125,106,116,0
2026-08-14T15:30:48.453591,112,135,123,106,116,0
2026-08-14T15:30:48.454161,111,133,123,105,115,0
2026-08-14T15:30:48.454161,109,131,122,102,114,0
2026-08-14T15:30:48.454161,108,131,120,103,113,0
2026-08-14T15:30:48.456508,108,128,119,101,112,0
2026-08-14T15:30:48.456508,106,127,117,101,110,0
2026-08-14T15:30:48.456508,105,125,116,99,108,0
2026-08-14T15:30:48.461796,103,124,114,97,105,0
2026-08-14T15:30:48.461796,101,121,112,96,103,0
2026-08-14T15:30:48.461796,98,116,109,94,100,0
2026-08-14T15:30:48.463864,96,114,108,92,100,0
2026-08-14T15:30:48.463864,95,115,108,92,100,0
2026-08-14T15:30:48.463864,96,114,107,92,100,0
2026-08-14T15:30:48.463864,94,115,106,92,99,0
2026-08-14T15:30:48.469917,95,113,105,91,100,0
2026-08-14T15:30:48.470856,94,113,105,91,98,0
2026-08-14T15:30:48.471782,94,112,105,89,97,0
2026-08-14T15:30:48.471782,94,111,104,89,96,0
2026-08-14T15:30:48.471782,92,110,104,87,95,0
2026-08-14T15:30:48.471782,92,110,103,86,94,0
2026-08-14T15:30:48.471782,91,109,102,86,94,0
2026-08-14T15:30:48.478082,90,107,101,85,93,0
2026-08-14T15:30:48.478082,89,108,100,84,93,0
2026-08-14T15:30:48.478082,87,104,99,84,90,0
2026-08-14T15:30:48.478082,87,103,98,83,90,0
2026-08-14T15:30:48.478082,85,101,96,81,88,0
2026-08-14T15:30:48.478082,83,101,95,81,88,0
2026-08-14T15:30:48.478082,83,100,95,81,88,0
2026-08-14T15:30:48.486994,84,100,95,80,87,0
2026-08-14T15:30:48.487858,83,99,94,80,87,0
2026-08-14T15:30:48.487858,84,98,93,79,86,0
2026-08-14T15:30:48.487858,83,98,94,79,86,0
2026-08-14T15:30:48.487858,81,99,93,78,85,0
2026-08-14T15:30:48.487858,81,98,93,79,85,0
2026-08-14T15:30:48.487858,81,97,93,77,83,0
2026-08-14T15:30:48.494479,79,93,91,76,84,0
2026-08-14T15:30:48.494479,80,95,91,77,84,0
2026-08-14T15:30:48.496634,79,95,91,75,82,0
2026-08-14T15:30:48.499042,79,94,89,75,82,0
2026-08-14T15:30:48.499042,78,93,89,74,81,0
2026-08-14T15:30:48.499042,78,92,89,74,81,0
2026-08-14T15:30:48.500814,77,93,89,74,81,0
2026-08-14T15:30:48.502693,77,92,87,73,80,0
2026-08-14T15:30:48.503822,76,91,87,73,79,0
2026-08-14T15:30:48.503822,76,91,88,73,80,0
2026-08-14T15:30:48.507037,75,91,88,72,78,0
2026-08-14T15:30:48.507037,74,90,88,72,79,0
2026-08-14T15:30:48.507037,74,90,87,72,79,0
2026-08-14T15:30:48.507037,75,88,85,71,78,0
2026-08-14T15:30:48.511195,74,88,86,71,78,0
2026-08-14T15:30:48.511195,74,89,86,70,78,0
2026-08-14T15:30:48.511195,72,86,85,69,76,0
2026-08-14T15:30:48.511195,73,87,85,69,76,0
2026-08-14T15:30:48.511195,73,87,83,69,76,0
2026-08-14T15:30:48.511195,73,87,84,69,75,0
2026-08-14T15:30:48.519451,72,87,84,68,75,0
2026-08-14T15:30:48.520472,72,86,84,68,75,0
2026-08-14T15:30:48.520472,72,85,83,68,75,0
2026-08-14T15:30:48.520472,71,86,83,68,74,0
2026-08-14T15:30:48.520472,71,85,83,68,74,0
2026-08-14T15:30:48.520472,71,87,84,67,74,0
2026-08-14T15:30:48.520472,70,84,83,68,74,0
2026-08-14T15:30:48.527611,69,85,83,67,74,0
2026-08-14T15:30:48.527611,70,85,82,67,74,0
2026-08-14T15:30:48.527611,69,84,82,66,73,0
2026-08-14T15:30:48.527611,70,83,81,66,73,0
2026-08-14T15:30:48.531510,69,83,81,65,72,0
2026-08-14T15:30:48.531510,68,83,81,66,73,0
2026-08-14T15:30:48.531510,69,84,82,66,71,0
2026-08-14T15:30:48.531510,69,82,80,65,71,0
2026-08-14T15:30:48.536964,69,82,80,65,71,0
2026-08-14T15:30:48.537423,67,82,81,65,71,0
2026-08-14T15:30:48.537423,67,80,81,66,71,0
2026-08-14T15:30:48.537423,67,81,80,64,71,0
2026-08-14T15:30:48.537423,67,81,80,64,72,0
2026-08-14T15:30:48.537423,66,81,80,64,71,0
2026-08-14T15:30:48.537423,67,81,79,64,71,0
2026-08-14T15:30:48.544612,67,81,79,64,70,0
2026-08-14T15:30:48.544612,68,80,78,63,70,0
2026-08-14T15:30:48.544612,68,79,79,63,70,0
2026-08-14T15:30:48.544612,65,80,79,64,69,0
2026-08-14T15:30:48.544612,67,80,78,63,70,0
2026-08-14T15:30:48.544612,65,80,78,62,70,0
2026-08-14T15:30:48.544612,65,79,78,63,69,0
2026-08-14T15:30:48.552801,65,80,79,62,69,0
2026-08-14T15:30:48.554238,65,79,78,62,68,0
2026-08-14T15:30:48.556380,64,79,78,61,68,0
2026-08-14T15:30:48.556380,65,77,77,61,69,0
2026-08-14T15:30:48.556380,64,77,77,61,69,0
2026-08-14T15:30:48.558163,63,77,77,61,67,0
2026-08-14T15:30:48.560402,64,78,76,60,68,0
2026-08-14T15:30:48.560402,64,78,75,60,67,0
2026-08-14T15:30:48.560402,64,77,77,61,68,0
2026-08-14T15:30:48.560402,61,76,76,61,66,0
2026-08-14T15:30:48.560402,62,77,76,60,66,0
2026-08-14T15:30:48.560402,62,76,76,60,67,0
2026-08-14T15:30:48.560402,62,75,76,61,67,0
2026-08-14T15:30:48.560402,61,75,75,60,66,0
2026-08-14T15:30:48.569620,61,76,74,59,67,0
2026-08-14T15:30:48.570739,61,76,75,60,66,0
2026-08-14T15:30:48.572250,62,75,74,59,65,0
2026-08-14T15:30:48.572250,60,75,75,59,66,0
2026-08-14T15:30:48.572250,60,74,75,58,65,0
2026-08-14T15:30:48.574257,61,74,74,59,65,0
2026-08-14T15:30:48.574257,61,76,75,58,65,0
2026-08-14T15:30:48.577138,60,75,74,58,65,0
2026-08-14T15:30:48.577138,61,75,74,58,65,0
2026-08-14T15:30:48.580783,61,73,74,58,65,0
2026-08-14T15:30:48.580783,61,75,73,58,64,0
2026-08-14T15:30:48.580783,59,73,73,58,64,0
2026-08-14T15:30:48.580783,60,73,74,58,65,0
2026-08-14T15:30:48.585517,59,73,74,57,64,0
2026-08-14T15:30:48.587407,60,74,74,57,65,0
2026-08-14T15:30:48.587407,60,73,73,57,63,0
2026-08-14T15:30:48.587407,60,73,72,57,64,0
2026-08-14T15:30:48.587407,59,72,72,58,64,0
2026-08-14T15:30:48.587407,60,72,74,57,63,0
2026-08-14T15:30:48.593250,59,72,73,55,63,0
2026-08-14T15:30:48.593250,59,73,72,57,64,0
2026-08-14T15:30:48.593250,59,73,73,58,64,0
2026-08-14T15:30:48.595006,59,73,73,57,64,0
2026-08-14T15:30:48.595006,60,72,72,57,64,0
2026-08-14T15:30:48.595006,59,73,71,57,64,0
2026-08-14T15:30:48.595006,59,72,73,57,63,0
2026-08-14T15:30:48.601490,59,73,73,56,64,0
2026-08-14T15:30:48.601490,59,72,72,58,63,0
2026-08-14T15:30:48.602982,60,71,72,57,63,0
2026-08-14T15:30:48.604400,58,72,72,57,64,0
2026-08-14T15:30:48.604400,58,72,72,57,63,0
2026-08-14T15:30:48.604400,60,73,71,55,63,0
2026-08-14T15:30:48.604400,58,72,72,57,64,0
2026-08-14T15:30:48.609723,59,71,72,57,63,0
2026-08-14T15:30:48.609723,57,71,72,56,64,0
2026-08-14T15:30:48.609723,59,72,73,57,64,0
2026-08-14T15:30:48.609723,60,73,72,57,64,0
2026-08-14T15:30:48.609723,59,71,71,56,63,0
2026-08-14T15:30:48.609723,60,72,71,57,64,0
2026-08-14T15:30:48.609723,59,72,72,57,63,0
2026-08-14T15:30:48.609723,60,73,71,56,64,0
2026-08-14T15:30:48.617892,60,71,71,56,63,0
2026-08-14T15:30:48.617892,58,73,72,56,64,0
2026-08-14T15:30:48.621906,58,72,72,55,63,0
2026-08-14T15:30:48.621906,59,72,72,57,63,0
2026-08-14T15:30:48.621906,59,71,73,57,63,0
2026-08-14T15:30:48.621906,59,72,73,57,64,0
2026-08-14T15:30:48.625986,58,72,72,58,64,0
2026-08-14T15:30:48.625986,58,72,72,57,63,0
2026-08-14T15:30:48.625986,60,71,72,57,63,0
2026-08-14T15:30:48.625986,59,72,71,56,63,0
2026-08-14T15:30:48.625986,59,72,72,56,63,0
2026-08-14T15:30:48.625986,59,71,71,56,63,0
2026-08-14T15:30:48.625986,58,72,72,56,63,0
2026-08-14T15:30:48.634062,60,72,73,57,64,0
2026-08-14T15:30:48.634062,59,73,72,57,63,0
2026-08-14T15:30:48.634062,58,72,72,56,63,0
2026-08-14T15:30:48.637077,58,72,72,57,63,0
2026-08-14T15:30:48.637077,58,73,72,57,63,0
2026-08-14T15:30:48.637077,57,72,73,57,64,0
2026-08-14T15:30:48.637077,58,72,72,56,64,0
2026-08-14T15:30:48.642275,58,72,72,57,64,0
2026-08-14T15:30:48.642275,59,72,72,57,63,0
2026-08-14T15:30:48.642275,59,72,72,57,63,0
2026-08-14T15:30:48.646531,59,72,72,58,64,0
2026-08-14T15:30:48.646531,58,72,72,56,63,0
2026-08-14T15:30:48.646531,58,73,72,57,63,0
2026-08-14T15:30:48.650684,58,72,72,57,64,0
2026-08-14T15:30:48.650684,58,72,72,56,63,0
2026-08-14T15:30:48.653252,58,72,73,57,63,0
2026-08-14T15:30:48.654505,58,72,72,57,64,0
2026-08-14T15:30:48.654505,60,72,72,57,64,0
2026-08-14T15:30:48.654505,59,71,70,57,64,0
2026-08-14T15:30:48.654505,58,72,72,57,64,0
2026-08-14T15:30:48.658816,59,72,72,56,63,0
2026-08-14T15:30:48.658816,59,71,71,57,63,0
2026-08-14T15:30:48.658816,60,72,72,57,63,0
2026-08-14T15:30:48.658816,60,72,71,57,63,0
2026-08-14T15:30:48.658816,59,72,72,58,63,0
2026-08-14T15:30:48.658816,58,72,72,55,63,0
2026-08-14T15:30:48.658816,59,73,72,56,63,0
2026-08-14T15:30:48.667180,59,72,72,57,63,0
2026-08-14T15:30:48.667180,58,72,72,57,63,0
2026-08-14T15:30:48.667180,57,72,72,57,63,0
2026-08-14T15:30:48.670228,59,72,71,56,64,0
2026-08-14T15:30:48.671266,58,71,73,57,63,0
2026-08-14T15:30:48.671266,59,72,71,57,64,0
2026-08-14T15:30:48.671266,59,71,73,56,63,0
2026-08-14T15:30:48.675123,58,72,72,57,63,0
2026-08-14T15:30:48.675123,60,72,72,56,64,0
2026-08-14T15:30:48.675123,58,72,72,56,63,0
2026-08-14T15:30:48.676877,59,72,72,56,63,0
2026-08-14T15:30:48.676877,59,72,72,57,63,0
2026-08-14T15:30:48.679493,58,73,72,57,63,0
2026-08-14T15:30:48.680508,59,72,71,56,63,0
2026-08-14T15:30:48.683974,57,71,72,56,64,0
2026-08-14T15:30:48.683974,57,72,72,57,63,0
2026-08-14T15:30:48.685722,59,73,73,57,63,0
2026-08-14T15:30:48.686294,59,72,72,57,63,0
2026-08-14T15:30:48.689209,59,72,71,56,63,0
2026-08-14T15:30:48.689209,59,71,71,57,63,0
2026-08-14T15:30:48.690965,59,71,72,56,63,0
2026-08-14T15:30:48.690965,58,72,73,55,63,0
2026-08-14T15:30:48.692607,58,72,72,57,63,0
2026-08-14T15:30:48.692607,58,73,71,56,63,0
2026-08-14T15:30:48.692607,58,71,72,57,63,0
2026-08-14T15:30:48.692607,59,73,72,57,64,0
2026-08-14T15:30:48.692607,59,73,71,57,63,0
2026-08-14T15:30:48.692607,58,72,72,57,64,0
2026-08-14T15:30:48.692607,58,72,72,57,63,0
2026-08-14T15:30:48.700658,59,71,72,56,64,0
2026-08-14T15:30:48.700658,60,71,71,57,63,0
2026-08-14T15:30:48.703030,59,73,71,56,63,0
2026-08-14T15:30:48.704275,59,71,72,57,63,0
2026-08-14T15:30:48.704275,58,74,72,57,63,0
2026-08-14T15:30:48.704275,59,71,71,57,64,0
2026-08-14T15:30:48.704275,59,72,72,57,64,0
2026-08-14T15:30:48.709115,59,71,72,56,64,0
2026-08-14T15:30:48.709115,58,71,73,56,62,0
2026-08-14T15:30:48.711884,59,72,72,56,63,0
2026-08-14T15:30:48.711884,59,71,72,56,63,0
2026-08-14T15:30:48.711884,58,71,72,57,64,0
2026-08-14T15:30:48.716307,58,71,72,56,63,0
2026-08-14T15:30:48.717474,59,72,71,55,63,0
2026-08-14T15:30:48.717474,59,72,72,56,63,0
2026-08-14T15:30:48.717474,58,71,72,56,63,0
2026-08-14T15:30:48.719706,59,72,72,57,63,0
2026-08-14T15:30:48.720768,57,72,72,56,63,0
2026-08-14T15:30:48.720768,59,72,72,57,64,0
2026-08-14T15:30:48.724169,60,71,72,57,63,0
2026-08-14T15:30:48.724169,58,72,73,57,64,0
2026-08-14T15:30:48.725979,58,73,72,57,63,0
2026-08-14T15:30:48.725979,59,72,72,57,63,0
2026-08-14T15:30:48.725979,60,72,72,57,63,0
2026-08-14T15:30:48.725979,60,73,72,56,63,0
2026-08-14T15:30:48.725979,59,72,72,56,63,0
2026-08-14T15:30:48.725979,58,72,72,56,63,0
2026-08-14T15:30:48.725979,58,72,72,57,63,0
2026-08-14T15:30:48.734470,58,72,72,57,64,0
2026-08-14T15:30:48.734470,58,73,72,57,63,0
2026-08-14T15:30:48.734470,58,72,72,57,63,0
2026-08-14T15:30:48.737074,58,71,72,57,63,0
2026-08-14T15:30:48.737862,60,71,71,57,63,0
2026-08-14T15:30:48.737862,58,72,72,57,63,0
2026-08-14T15:30:48.737862,59,73,72,58,63,0
2026-08-14T15:30:48.742710,59,72,73,55,63,0
2026-08-14T15:30:48.742710,58,72,73,57,63,0
2026-08-14T15:30:48.742710,58,72,72,57,63,0
2026-08-14T15:30:48.742710,59,73,72,56,63,0
2026-08-14T15:30:48.742710,58,71,72,57,64,0
2026-08-14T15:30:48.748943,58,71,71,57,63,0
2026-08-14T15:30:48.748943,59,71,72,56,63,0
2026-08-14T15:30:48.750840,58,72,72,56,63,0
2026-08-14T15:30:48.750840,59,70,73,56,63,0
2026-08-14T15:30:48.753889,59,73,71,55,63,0
2026-08-14T15:30:48.753889,59,73,71,57,63,0
2026-08-14T15:30:48.753889,58,71,72,56,63,0
2026-08-14T15:30:48.753889,59,72,72,57,63,0
2026-08-14T15:30:48.753889,59,73,72,55,63,0
2026-08-14T15:30:48.753889,60,73,71,57,64,0
2026-08-14T15:30:48.758966,59,71,72,56,63,0
2026-08-14T15:30:48.758966,59,71,73,57,64,0
2026-08-14T15:30:48.758966,59,73,72,57,63,0
2026-08-14T15:30:48.758966,58,71,71,56,63,0
2026-08-14T15:30:48.758966,59,73,71,56,64,0
2026-08-14T15:30:48.758966,59,71,72,57,64,0
2026-08-14T15:30:48.758966,59,72,71,56,63,0
2026-08-14T15:30:48.767246,59,72,71,55,63,0
2026-08-14T15:30:48.769496,61,72,71,57,63,0
2026-08-14T15:30:48.769496,59,73,73,56,63,0
2026-08-14T15:30:48.769496,59,73,73,57,63,0
2026-08-14T15:30:48.769496,59,73,73,57,63,0
2026-08-14T15:30:48.769496,60,72,71,57,64,0
2026-08-14T15:30:48.769496,58,72,72,56,63,0
2026-08-14T15:30:48.777560,58,71,72,56,64,0
2026-08-14T15:30:48.777560,58,72,72,57,64,0
2026-08-14T15:30:48.777560,60,72,72,56,64,0
2026-08-14T15:30:48.781685,60,71,71,56,63,0
2026-08-14T15:30:48.781685,59,72,73,57,64,0
2026-08-14T15:30:48.783538,59,72,73,55,63,0
2026-08-14T15:30:48.783538,59,73,72,56,63,0
2026-08-14T15:30:48.783538,58,73,72,57,64,0
2026-08-14T15:30:48.783538,59,71,72,56,63,0
2026-08-14T15:30:48.786641,58,73,73,57,64,0
2026-08-14T15:30:48.789733,57,72,72,56,64,0
2026-08-14T15:30:48.789733,60,72,73,57,64,0
2026-08-14T15:30:48.789733,58,73,73,57,64,0
2026-08-14T15:30:48.791776,58,72,72,57,64,0
2026-08-14T15:30:48.793830,59,73,72,57,64,0
2026-08-14T15:30:48.793830,59,71,72,57,64,0
2026-08-14T15:30:48.793830,60,72,73,57,63,0
2026-08-14T15:30:48.798231,60,72,71,56,63,0
2026-08-14T15:30:48.798231,59,72,72,58,63,0
2026-08-14T15:30:48.800111,57,72,74,57,63,0
2026-08-14T15:30:48.800111,60,73,73,56,64,0
2026-08-14T15:30:48.800111,58,73,72,57,64,0
2026-08-14T15:30:48.800111,59,73,72,56,63,0
2026-08-14T15:30:48.800111,59,73,72,58,63,0
2026-08-14T15:30:48.800111,58,74,73,56,63,0
2026-08-14T15:30:48.800111,60,72,73,57,64,0
2026-08-14T15:30:48.800111,57,72,72,57,64,0
2026-08-14T15:30:48.808291,58,71,72,56,63,0
2026-08-14T15:30:48.808291,60,73,72,56,63,0
2026-08-14T15:30:48.808291,59,72,71,57,63,0
2026-08-14T15:30:48.808291,59,73,72,57,64,0
2026-08-14T15:30:48.808291,59,72,73,56,64,0
2026-08-14T15:30:48.808291,58,72,72,57,63,0
2026-08-14T15:30:48.808291,59,73,72,55,64,0
2026-08-14T15:30:48.816505,59,72,72,57,63,0
2026-08-14T15:30:48.816505,59,71,72,57,64,0
2026-08-14T15:30:48.816505,58,73,72,56,64,0
2026-08-14T15:30:48.816505,59,73,71,56,64,0
2026-08-14T15:30:48.816505,59,72,72,57,63,0
2026-08-14T15:30:48.816505,59,71,71,57,64,0
2026-08-14T15:30:48.816505,59,71,72,57,64,0
2026-08-14T15:30:48.824874,59,73,71,57,63,0
2026-08-14T15:30:48.824874,60,72,71,57,64,0
2026-08-14T15:30:48.824874,59,72,72,57,64,0
2026-08-14T15:30:48.824874,58,73,72,57,63,0
2026-08-14T15:30:48.830865,58,73,72,57,64,0
2026-08-14T15:30:48.830865,59,72,72,58,63,0
2026-08-14T15:30:48.830865,60,71,73,56,63,0
2026-08-14T15:30:48.833134,59,71,72,57,64,0
2026-08-14T15:30:48.833134,58,71,72,57,64,0
2026-08-14T15:30:48.836431,59,71,72,56,63,0
2026-08-14T15:30:48.837081,60,71,73,57,64,0
2026-08-14T15:30:48.837081,60,71,71,56,63,0
2026-08-14T15:30:48.837081,60,73,72,56,64,0
2026-08-14T15:30:48.837081,59,72,72,56,63,0
2026-08-14T15:30:48.842936,59,72,72,57,63,0
2026-08-14T15:30:48.842936,59,71,73,56,63,0
2026-08-14T15:30:48.842936,57,72,72,57,64,0
2026-08-14T15:30:48.847278,58,72,72,56,63,0
2026-08-14T15:30:48.847278,59,72,73,56,64,0
2026-08-14T15:30:48.847278,59,72,72,57,63,0
2026-08-14T15:30:48.847278,57,71,72,56,64,0
2026-08-14T15:30:48.851333,59,72,72,56,64,0
2026-08-14T15:30:48.851333,59,71,72,57,64,0
2026-08-14T15:30:48.853078,60,72,71,58,63,0
2026-08-14T15:30:48.855298,59,71,71,57,63,0
2026-08-14T15:30:48.855298,59,72,71,57,64,0
2026-08-14T15:30:48.855298,58,73,72,56,63,0
2026-08-14T15:30:48.855298,57,72,72,57,64,0
2026-08-14T15:30:48.855298,58,73,72,56,63,0
2026-08-14T15:30:48.859458,57,73,72,57,64,0
2026-08-14T15:30:48.859458,58,72,72,57,64,0
2026-08-14T15:30:48.859458,57,72,72,56,64,0
2026-08-14T15:30:48.859458,58,72,71,57,64,0
2026-08-14T15:30:48.859458,58,73,71,57,64,0
2026-08-14T15:30:48.859458,58,70,73,57,64,0
2026-08-14T15:30:48.867532,59,72,71,56,63,0
2026-08-14T15:30:48.867532,59,72,73,55,64,0
2026-08-14T15:30:48.869434,60,72,71,57,63,0
2026-08-14T15:30:48.869957,59,72,73,56,64,0
2026-08-14T15:30:48.869957,59,72,73,56,64,0
2026-08-14T15:30:48.869957,58,74,72,57,64,0
2026-08-14T15:30:48.869957,60,72,72,57,63,0
2026-08-14T15:30:48.875688,58,71,72,56,64,0
2026-08-14T15:30:48.875688,58,71,72,56,64,0
2026-08-14T15:30:48.875688,58,72,72,57,63,0
2026-08-14T15:30:48.879455,59,72,71,56,64,0
2026-08-14T15:30:48.879455,59,71,73,55,63,0
2026-08-14T15:30:48.881462,59,72,72,56,63,0
2026-08-14T15:30:48.883471,58,72,71,57,64,0
2026-08-14T15:30:48.884636,59,72,71,57,63,0
2026-08-14T15:30:48.885145,58,73,72,57,63,0
2026-08-14T15:30:48.886170,58,72,72,56,63,0
2026-08-14T15:30:48.888227,58,72,72,56,64,0
2026-08-14T15:30:48.888918,58,72,72,56,64,0
2026-08-14T15:30:48.889704,57,73,72,57,64,0
2026-08-14T15:30:48.892258,58,71,72,57,63,0
2026-08-14T15:30:48.892258,57,73,72,56,63,0
2026-08-14T15:30:48.892258,59,73,72,57,63,0
2026-08-14T15:30:48.892258,59,72,71,57,63,0
2026-08-14T15:30:48.896046,58,73,72,57,63,0
2026-08-14T15:30:48.896046,58,72,71,56,63,0
2026-08-14T15:30:48.897841,59,72,71,57,63,0
2026-08-14T15:30:48.897841,59,72,73,56,63,0
2026-08-14T15:30:48.900583,58,73,73,57,63,0
2026-08-14T15:30:48.900583,57,73,73,57,64,0
2026-08-14T15:30:48.900583,57,72,72,57,63,0
2026-08-14T15:30:48.903469,59,71,73,57,63,0
2026-08-14T15:30:48.903469,59,72,72,56,65,0
2026-08-14T15:30:48.903469,59,71,71,57,64,0
2026-08-14T15:30:48.908820,58,71,71,56,64,0
2026-08-14T15:30:48.908820,58,71,71,57,64,0
2026-08-14T15:30:48.908820,59,73,73,55,63,0
2026-08-14T15:30:48.908820,60,71,72,57,63,0
2026-08-14T15:30:48.908820,58,72,72,55,64,0
2026-08-14T15:30:48.908820,57,72,72,57,63,0
2026-08-14T15:30:48.908820,59,73,72,56,62,0
2026-08-14T15:30:48.908820,58,72,72,57,63,0
2026-08-14T15:30:48.917190,59,73,73,56,64,0
2026-08-14T15:30:48.917190,59,71,72,57,64,0
2026-08-14T15:30:48.920534,58,72,73,56,63,0
2026-08-14T15:30:48.920534,57,73,72,55,64,0
2026-08-14T15:30:48.920534,59,71,71,56,63,0
2026-08-14T15:30:48.922619,59,71,71,56,64,0
2026-08-14T15:30:48.925027,59,72,73,56,63,0
2026-08-14T15:30:48.925027,58,72,71,57,63,0
2026-08-14T15:30:48.925027,58,72,71,55,64,0
2026-08-14T15:30:48.926817,58,72,72,56,63,0
2026-08-14T15:30:48.926817,58,72,72,56,64,0
2026-08-14T15:30:48.926817,57,73,72,55,64,0
2026-08-14T15:30:48.926817,58,72,72,56,63,0
2026-08-14T15:30:48.933241,58,71,72,57,63,0
2026-08-14T15:30:48.933241,58,71,71,57,64,0
2026-08-14T15:30:48.933241,57,73,72,57,63,0
2026-08-14T15:30:48.937065,58,72,71,56,63,0
2026-08-14T15:30:48.937065,58,72,72,55,63,0
2026-08-14T15:30:48.937065,60,74,72,55,63,0
2026-08-14T15:30:48.937065,58,72,72,56,63,0
2026-08-14T15:30:48.941426,57,72,72,56,63,0
2026-08-14T15:30:48.941426,59,72,72,56,63,0
2026-08-14T15:30:48.941426,58,73,72,56,63,0
2026-08-14T15:30:48.945341,57,72,72,57,63,0
2026-08-14T15:30:48.945341,57,72,72,56,63,0
2026-08-14T15:30:48.945341,57,73,71,56,63,0
2026-08-14T15:30:48.949603,58,70,72,55,63,0
2026-08-14T15:30:48.949603,57,72,71,56,64,0
2026-08-14T15:30:48.949603,58,72,70,57,63,0
2026-08-14T15:30:48.949603,58,72,72,57,63,0
2026-08-14T15:30:48.953428,57,72,71,55,63,0
2026-08-14T15:30:48.953428,59,72,71,57,64,0
2026-08-14T15:30:48.953428,59,72,72,55,64,0
2026-08-14T15:30:48.957704,58,72,72,56,63,0
2026-08-14T15:30:48.957704,57,72,71,55,63,0
2026-08-14T15:30:48.957704,58,71,72,57,63,0
2026-08-14T15:30:48.957704,58,73,72,56,63,0
2026-08-14T15:30:48.957704,58,71,72,56,64,0
2026-08-14T15:30:48.957704,58,72,72,55,63,0
2026-08-14T15:30:48.957704,59,72,72,55,63,0
2026-08-14T15:30:48.965994,58,72,71,55,64,0
2026-08-14T15:30:48.965994,57,71,72,57,64,0
2026-08-14T15:30:48.965994,57,73,72,55,63,0
2026-08-14T15:30:48.965994,59,71,72,55,63,0
2026-08-14T15:30:48.965994,56,73,72,56,63,0
2026-08-14T15:30:48.970066,57,73,72,56,63,0
2026-08-14T15:30:48.970066,57,71,72,56,63,0
2026-08-14T15:30:48.974151,58,71,72,55,63,0
2026-08-14T15:30:48.974151,57,72,71,56,63,0
2026-08-14T15:30:48.974151,57,72,72,57,63,0
2026-08-14T15:30:48.974151,58,72,72,55,63,0
2026-08-14T15:30:48.978113,58,72,71,55,64,0
2026-08-14T15:30:48.978113,60,71,71,56,63,0
2026-08-14T15:30:48.978113,57,72,72,56,63,0
2026-08-14T15:30:48.982214,58,72,72,56,63,0
2026-08-14T15:30:48.982214,58,72,72,55,64,0
2026-08-14T15:30:48.982214,58,72,70,57,63,0
2026-08-14T15:30:48.982214,57,70,71,56,63,0
2026-08-14T15:30:48.987448,58,73,72,56,63,0
2026-08-14T15:30:48.987448,57,72,71,56,63,0
2026-08-14T15:30:48.987448,57,72,71,56,63,0
2026-08-14T15:30:48.987448,58,71,71,56,63,0
2026-08-14T15:30:48.990783,58,72,71,56,63,0
2026-08-14T15:30:48.990783,58,71,72,55,63,0
2026-08-14T15:30:48.990783,58,72,71,55,63,0
2026-08-14T15:30:48.990783,57,71,71,56,63,0
2026-08-14T15:30:48.990783,57,70,72,56,63,0
2026-08-14T15:30:48.990783,57,72,72,56,62,0
2026-08-14T15:30:48.990783,58,72,71,56,62,0
2026-08-14T15:30:48.999130,58,71,71,57,63,0
2026-08-14T15:30:48.999130,56,71,72,55,63,0
2026-08-14T15:30:48.999130,57,71,72,56,63,0
2026-08-14T15:30:49.003568,58,71,71,55,64,0
2026-08-14T15:30:49.003568,58,70,71,55,63,0
2026-08-14T15:30:49.003568,58,72,71,56,63,0
2026-08-14T15:30:49.003568,58,71,72,55,64,0
2026-08-14T15:30:49.007374,58,72,70,55,63,0
2026-08-14T15:30:49.007374,57,72,71,55,63,0
2026-08-14T15:30:49.010896,58,72,71,56,63,0
2026-08-14T15:30:49.010896,57,72,71,56,63,0
2026-08-14T15:30:49.012654,59,72,71,56,63,0
2026-08-14T15:30:49.012654,57,71,72,55,63,0
2026-08-14T15:30:49.012654,57,73,71,56,63,0
2026-08-14T15:30:49.015758,57,71,71,56,64,0
2026-08-14T15:30:49.015758,57,71,70,56,63,0
2026-08-14T15:30:49.015758,57,72,71,56,62,0
2026-08-14T15:30:49.020184,57,72,72,55,63,0
2026-08-14T15:30:49.020184,58,71,72,55,63,0
2026-08-14T15:30:49.021459,58,70,70,56,63,0
2026-08-14T15:30:49.021459,58,72,72,56,63,0
2026-08-14T15:30:49.024022,56,72,72,55,63,0
2026-08-14T15:30:49.024952,58,71,72,55,63,0
2026-08-14T15:30:49.026970,58,71,72,56,63,0
2026-08-14T15:30:49.026970,58,71,71,56,63,0
2026-08-14T15:30:49.026970,57,72,72,55,63,0
2026-08-14T15:30:49.029810,57,72,71,55,63,0
2026-08-14T15:30:49.031818,57,71,70,56,63,0
2026-08-14T15:30:49.031818,58,70,71,56,63,0
2026-08-14T15:30:49.031818,58,71,71,56,63,0
2026-08-14T15:30:49.031818,58,71,71,55,63,0
2026-08-14T15:30:49.036146,59,70,70,55,63,0
2026-08-14T15:30:49.036894,58,72,71,56,63,0
2026-08-14T15:30:49.036894,57,73,72,56,63,0
2026-08-14T15:30:49.039914,57,72,72,55,63,0
2026-08-14T15:30:49.039914,56,71,71,56,63,0
2026-08-14T15:30:49.039914,57,70,72,56,64,0
2026-08-14T15:30:49.043822,57,71,71,56,64,0
2026-08-14T15:30:49.043822,56,72,72,56,63,0
2026-08-14T15:30:49.043822,57,71,71,55,63,0
2026-08-14T15:30:49.047739,58,71,72,55,63,0
2026-08-14T15:30:49.048418,58,72,72,55,63,0
2026-08-14T15:30:49.048418,56,73,71,55,63,0
2026-08-14T15:30:49.051840,58,72,70,55,63,0
2026-08-14T15:30:49.052741,57,71,72,55,63,0
2026-08-14T15:30:49.053280,57,71,71,56,63,0
2026-08-14T15:30:49.053280,57,71,72,55,63,0
2026-08-14T15:30:49.056119,57,72,72,56,63,0
2026-08-14T15:30:49.056119,57,71,72,55,64,0
2026-08-14T15:30:49.056119,58,71,71,56,63,0
2026-08-14T15:30:49.057879,55,72,72,56,63,0
2026-08-14T15:30:49.057879,57,72,72,55,64,0
2026-08-14T15:30:49.057879,56,71,71,56,63,0
2026-08-14T15:30:49.057879,58,70,71,55,63,0
2026-08-14T15:30:49.057879,58,71,71,55,63,0
2026-08-14T15:30:49.064498,57,72,72,55,63,0
2026-08-14T15:30:49.064498,57,72,72,55,62,0
2026-08-14T15:30:49.064498,57,72,71,55,63,0
2026-08-14T15:30:49.064498,57,72,71,55,63,0
2026-08-14T15:30:49.070166,57,72,71,56,64,0
2026-08-14T15:30:49.070875,56,70,72,55,64,0
2026-08-14T15:30:49.070875,57,72,71,55,63,0
2026-08-14T15:30:49.072931,56,73,71,56,64,0
2026-08-14T15:30:49.072931,55,72,72,56,64,0
2026-08-14T15:30:49.076581,58,72,71,56,63,0
2026-08-14T15:30:49.076581,58,71,71,55,64,0
2026-08-14T15:30:49.076581,57,71,71,57,63,0
2026-08-14T15:30:49.080636,58,72,72,55,64,0
2026-08-14T15:30:49.080636,57,72,71,55,63,0
2026-08-14T15:30:49.080636,57,73,72,55,64,0
2026-08-14T15:30:49.080636,58,72,71,55,64,0
2026-08-14T15:30:49.083671,57,72,72,54,63,0
2026-08-14T15:30:49.083671,57,72,72,56,63,0
2026-08-14T15:30:49.086134,57,71,73,55,63,0
2026-08-14T15:30:49.102978,56,72,71,56,63,0
2026-08-14T15:30:49.104285,57,71,71,55,64,0
2026-08-14T15:30:49.104285,57,71,71,55,64,0
2026-08-14T15:30:49.104285,58,72,71,55,63,0
2026-08-14T15:30:49.104285,58,72,71,55,64,0
2026-08-14T15:30:49.104285,58,72,70,55,64,0
2026-08-14T15:30:49.104285,57,71,71,55,64,0
2026-08-14T15:30:49.104285,57,72,72,56,63,0
2026-08-14T15:30:49.104285,57,73,72,54,65,0
2026-08-14T15:30:49.110947,56,73,71,55,63,0
2026-08-14T15:30:49.110947,57,71,72,56,64,0
2026-08-14T15:30:49.112714,57,71,71,56,64,0
2026-08-14T15:30:49.112714,57,73,72,55,64,0
2026-08-14T15:30:49.112714,57,73,71,56,64,0
2026-08-14T15:30:49.112714,57,71,72,56,64,0
2026-08-14T15:30:49.112714,56,72,72,56,64,0
2026-08-14T15:30:49.112714,56,72,73,55,63,0
2026-08-14T15:30:49.112714,59,73,71,55,65,0
2026-08-14T15:30:49.112714,57,72,72,55,64,0
2026-08-14T15:30:49.112714,58,72,73,56,64,0
2026-08-14T15:30:49.120004,57,73,73,56,64,0
2026-08-14T15:30:49.120870,56,74,72,55,65,0
2026-08-14T15:30:49.120870,57,72,73,56,65,0
2026-08-14T15:30:49.120870,57,73,72,56,64,0
2026-08-14T15:30:49.120870,57,73,72,56,64,0
2026-08-14T15:30:49.120870,57,74,72,57,64,0
2026-08-14T15:30:49.120870,57,74,72,56,65,0
2026-08-14T15:30:49.120870,58,73,72,57,65,0
2026-08-14T15:30:49.120870,58,74,72,57,65,0
2026-08-14T15:30:49.120870,58,74,72,56,66,0
2026-08-14T15:30:49.120870,59,74,74,56,65,0
2026-08-14T15:30:49.120870,58,74,74,56,65,0
2026-08-14T15:30:49.120870,58,74,72,57,65,0
2026-08-14T15:30:49.120870,58,74,73,58,65,0
2026-08-14T15:30:49.120870,58,73,73,57,66,0
2026-08-14T15:30:49.129305,58,75,74,57,65,0
2026-08-14T15:30:49.129305,58,74,73,58,65,0
2026-08-14T15:30:49.129305,59,74,73,57,66,0
2026-08-14T15:30:49.134000,58,75,74,57,66,0
2026-08-14T15:30:49.134000,59,75,74,58,65,0
2026-08-14T15:30:49.134000,60,74,74,58,65,0
2026-08-14T15:30:49.136145,59,75,73,57,66,0
2026-08-14T15:30:49.137810,58,75,74,57,66,0
2026-08-14T15:30:49.137810,60,75,74,58,66,0
2026-08-14T15:30:49.137810,60,76,75,57,66,0
2026-08-14T15:30:49.142377,59,75,74,58,65,0
2026-08-14T15:30:49.142377,58,75,75,58,66,0
2026-08-14T15:30:49.142377,58,75,75,58,67,0
2026-08-14T15:30:49.144935,60,77,74,58,68,0
2026-08-14T15:30:49.144935,60,75,74,58,67,0
2026-08-14T15:30:49.144935,59,75,76,58,67,0
2026-08-14T15:30:49.144935,61,75,76,59,67,0
2026-08-14T15:30:49.148343,60,76,75,59,66,0
2026-08-14T15:30:49.148343,61,76,74,59,67,0
2026-08-14T15:30:49.148343,61,76,76,58,68,0
2026-08-14T15:30:49.154218,60,77,75,59,67,0
2026-08-14T15:30:49.154218,61,76,76,58,67,0
2026-08-14T15:30:49.154218,60,76,75,58,67,0
2026-08-14T15:30:49.154218,60,75,75,59,66,0
2026-08-14T15:30:49.154218,60,77,76,59,68,0
2026-08-14T15:30:49.154218,59,77,76,60,67,0
2026-08-14T15:30:49.154218,61,77,75,59,67,0
2026-08-14T15:30:49.161336,60,77,75,59,68,0
2026-08-14T15:30:49.161336,62,77,75,59,68,0
2026-08-14T15:30:49.161336,61,76,75,59,67,0
2026-08-14T15:30:49.161336,62,76,76,59,68,0
2026-08-14T15:30:49.161336,62,76,76,59,67,0
2026-08-14T15:30:49.161336,62,77,76,60,67,0
2026-08-14T15:30:49.161336,60,77,76,59,67,0
2026-08-14T15:30:49.170465,59,77,76,60,67,0
2026-08-14T15:30:49.170465,62,78,76,59,68,0
2026-08-14T15:30:49.170465,61,79,76,60,68,0
2026-08-14T15:30:49.170465,61,77,75,60,67,0
2026-08-14T15:30:49.175242,61,77,76,60,68,0
2026-08-14T15:30:49.175242,61,76,77,60,68,0
2026-08-14T15:30:49.175242,61,77,76,59,67,0
2026-08-14T15:30:49.178097,62,78,75,59,68,0
2026-08-14T15:30:49.178097,61,78,76,59,67,0
2026-08-14T15:30:49.178097,62,77,76,60,68,0
2026-08-14T15:30:49.183458,60,78,76,59,68,0
2026-08-14T15:30:49.183458,62,78,76,59,68,0
2026-08-14T15:30:49.186205,62,79,76,60,68,0
2026-08-14T15:30:49.187173,61,77,76,60,67,0
2026-08-14T15:30:49.187774,61,79,76,60,68,0
2026-08-14T15:30:49.187774,61,77,77,59,68,0
2026-08-14T15:30:49.187774,62,77,76,60,68,0
2026-08-14T15:30:49.191093,62,77,77,60,68,0
2026-08-14T15:30:49.191093,62,78,76,60,67,0
2026-08-14T15:30:49.191093,61,77,76,61,67,0
2026-08-14T15:30:49.191093,62,77,76,60,68,0
2026-08-14T15:30:49.195453,62,76,76,60,68,0
2026-08-14T15:30:49.195453,61,78,76,59,68,0
2026-08-14T15:30:49.195453,62,78,76,59,67,0
2026-08-14T15:30:49.199463,62,78,75,60,67,0
2026-08-14T15:30:49.199463,62,76,76,60,68,0
2026-08-14T15:30:49.199463,60,78,76,60,68,0
2026-08-14T15:30:49.199463,61,77,77,60,67,0
2026-08-14T15:30:49.202920,60,78,76,59,68,0
2026-08-14T15:30:49.204001,62,76,77,59,68,0
2026-08-14T15:30:49.204001,61,78,75,59,68,0
2026-08-14T15:30:49.204001,61,77,76,59,67,0
2026-08-14T15:30:49.204001,61,77,76,59,67,0
2026-08-14T15:30:49.204001,62,77,76,59,68,0
2026-08-14T15:30:49.204001,60,78,76,60,67,0
2026-08-14T15:30:49.211234,61,77,77,59,67,0
2026-08-14T15:30:49.211234,60,78,76,59,67,0
2026-08-14T15:30:49.211234,62,77,77,60,68,0
2026-08-14T15:30:49.211234,62,78,75,61,68,0
2026-08-14T15:30:49.211234,60,77,76,60,68,0
2026-08-14T15:30:49.211234,62,77,76,60,68,0
2026-08-14T15:30:49.219429,60,76,76,59,68,0
2026-08-14T15:30:49.220752,62,77,76,59,68,0
2026-08-14T15:30:49.221491,61,76,76,60,68,0
2026-08-14T15:30:49.221491,62,78,75,59,67,0
2026-08-14T15:30:49.221491,61,77,76,59,68,0
2026-08-14T15:30:49.221491,60,78,76,59,68,0
2026-08-14T15:30:49.224651,62,77,76,59,68,0
2026-08-14T15:30:49.227907,62,77,76,60,68,0
2026-08-14T15:30:49.227907,60,77,76,60,67,0
2026-08-14T15:30:49.227907,60,77,75,59,68,0
2026-08-14T15:30:49.227907,61,76,77,59,68,0
2026-08-14T15:30:49.227907,61,76,75,60,68,0
2026-08-14T15:30:49.227907,61,77,77,59,68,0
2026-08-14T15:30:49.227907,61,77,76,59,67,0
2026-08-14T15:30:49.236189,61,76,75,59,67,0
2026-08-14T15:30:49.237574,63,78,76,60,67,0
2026-08-14T15:30:49.238392,59,77,76,58,67,0
2026-08-14T15:30:49.238723,60,78,76,59,67,0
2026-08-14T15:30:49.238723,60,76,76,59,67,0
2026-08-14T15:30:49.238723,61,76,76,60,68,0
2026-08-14T15:30:49.238723,60,76,76,60,68,0
2026-08-14T15:30:49.244932,60,77,75,59,68,0
2026-08-14T15:30:49.244932,61,76,76,59,67,0
2026-08-14T15:30:49.244932,62,77,74,59,68,0
2026-08-14T15:30:49.244932,60,75,76,59,67,0
2026-08-14T15:30:49.244932,61,76,76,59,67,0
2026-08-14T15:30:49.244932,62,76,74,59,66,0
2026-08-14T15:30:49.244932,60,76,74,59,66,0
2026-08-14T15:30:49.244932,61,76,76,59,66,0
2026-08-14T15:30:49.252777,59,77,76,60,67,0
2026-08-14T15:30:49.254085,61,77,74,59,67,0
2026-08-14T15:30:49.256759,61,76,75,59,67,0
2026-08-14T15:30:49.256759,61,75,75,59,68,0
2026-08-14T15:30:49.256759,59,76,74,59,66,0
2026-08-14T15:30:49.256759,60,75,75,58,66,0
2026-08-14T15:30:49.256759,61,76,74,59,66,0
2026-08-14T15:30:49.260939,60,76,75,58,67,0
2026-08-14T15:30:49.260939,60,77,74,59,66,0
2026-08-14T15:30:49.265598,60,76,74,58,66,0
2026-08-14T15:30:49.265598,60,76,74,57,65,0
2026-08-14T15:30:49.265598,60,75,76,58,67,0
2026-08-14T15:30:49.265598,59,75,74,58,66,0
2026-08-14T15:30:49.269706,59,75,74,57,66,0
2026-08-14T15:30:49.270771,60,75,73,58,67,0
2026-08-14T15:30:49.270771,59,74,74,58,65,0
2026-08-14T15:30:49.270771,58,75,73,58,65,0
2026-08-14T15:30:49.270771,59,73,74,57,66,0
2026-08-14T15:30:49.270771,58,74,74,57,65,0
2026-08-14T15:30:49.270771,58,74,74,57,65,0
2026-08-14T15:30:49.276379,60,74,72,57,65,0
2026-08-14T15:30:49.279068,58,73,74,58,64,0
2026-08-14T15:30:49.279068,57,74,73,55,64,0
2026-08-14T15:30:49.280106,57,74,73,55,65,0
2026-08-14T15:30:49.281737,58,73,73,56,64,0
2026-08-14T15:30:49.281737,57,73,73,56,65,0
2026-08-14T15:30:49.284708,58,73,72,57,65,0
2026-08-14T15:30:49.286319,57,72,74,56,64,0
2026-08-14T15:30:49.288842,57,71,73,55,65,0
2026-08-14T15:30:49.288842,56,73,73,56,64,0
2026-08-14T15:30:49.288842,56,71,72,56,65,0
2026-08-14T15:30:49.288842,58,72,71,56,63,0
2026-08-14T15:30:49.288842,57,72,72,55,63,0
2026-08-14T15:30:49.288842,57,71,72,55,64,0
2026-08-14T15:30:49.288842,57,73,71,55,64,0
2026-08-14T15:30:49.294769,55,72,72,56,63,0
2026-08-14T15:30:49.294769,57,73,72,55,63,0
2026-08-14T15:30:49.297540,57,72,72,55,63,0
2026-08-14T15:30:49.297540,55,72,72,56,63,0
2026-08-14T15:30:49.297540,55,71,71,56,63,0
2026-08-14T15:30:49.302139,56,73,71,55,63,0
2026-08-14T15:30:49.302960,57,72,71,55,64,0
2026-08-14T15:30:49.303963,56,71,71,55,64,0
2026-08-14T15:30:49.304729,58,71,70,56,63,0
2026-08-14T15:30:49.304729,55,72,71,55,63,0
2026-08-14T15:30:49.304729,56,73,72,55,63,0
2026-08-14T15:30:49.304729,56,71,71,54,63,0
2026-08-14T15:30:49.304729,56,71,72,55,63,0
2026-08-14T15:30:49.311242,56,70,72,55,63,0
2026-08-14T15:30:49.311242,57,73,71,54,63,0
2026-08-14T15:30:49.311242,55,71,70,54,63,0
2026-08-14T15:30:49.311242,55,71,71,54,63,0
2026-08-14T15:30:49.311242,56,71,71,55,63,0
2026-08-14T15:30:49.311242,56,71,71,54,64,0
2026-08-14T15:30:49.311242,57,71,71,54,63,0
2026-08-14T15:30:49.311242,56,71,70,54,63,0
2026-08-14T15:30:49.319681,55,70,70,54,63,0
2026-08-14T15:30:49.322321,55,72,70,55,62,0
2026-08-14T15:30:49.322321,56,72,71,54,63,0
2026-08-14T15:30:49.322321,55,69,72,54,63,0
2026-08-14T15:30:49.322321,54,71,72,54,63,0
2026-08-14T15:30:49.326275,54,72,71,54,63,0
2026-08-14T15:30:49.326275,55,71,70,55,63,0
2026-08-14T15:30:49.326275,56,71,71,55,63,0
2026-08-14T15:30:49.327807,55,70,71,55,63,0
2026-08-14T15:30:49.327807,56,70,71,54,63,0
2026-08-14T15:30:49.327807,56,70,71,55,63,0
2026-08-14T15:30:49.332100,56,69,70,55,62,0
2026-08-14T15:30:49.332100,55,71,70,54,63,0
2026-08-14T15:30:49.332100,56,72,70,55,62,0
2026-08-14T15:30:49.336144,55,70,70,53,63,0
2026-08-14T15:30:49.337912,55,71,70,54,63,0
2026-08-14T15:30:49.337912,56,71,71,54,62,0
2026-08-14T15:30:49.337912,55,70,71,54,62,0
2026-08-14T15:30:49.337912,55,71,70,54,63,0
2026-08-14T15:30:49.340487,55,70,71,54,62,0
2026-08-14T15:30:49.340487,55,71,70,53,62,0
2026-08-14T15:30:49.340487,54,69,69,54,62,0
2026-08-14T15:30:49.344481,54,71,71,54,62,0
2026-08-14T15:30:49.344481,54,70,70,54,61,0
2026-08-14T15:30:49.344481,56,70,70,54,63,0
2026-08-14T15:30:49.344481,55,70,69,54,62,0
2026-08-14T15:30:49.344481,54,71,71,54,62,0
2026-08-14T15:30:49.352750,53,69,70,54,63,0
2026-08-14T15:30:49.353733,55,71,70,53,62,0
2026-08-14T15:30:49.353733,54,69,70,53,63,0
2026-08-14T15:30:49.353733,55,69,69,54,62,0
2026-08-14T15:30:49.353733,53,70,70,53,61,0
2026-08-14T15:30:49.359180,55,69,70,53,62,0
2026-08-14T15:30:49.359180,54,69,70,53,62,0
2026-08-14T15:30:49.360952,53,68,68,54,62,0
2026-08-14T15:30:49.360952,54,69,69,52,62,0
2026-08-14T15:30:49.360952,53,70,69,53,61,0
2026-08-14T15:30:49.360952,54,68,68,53,60,0
2026-08-14T15:30:49.360952,53,69,69,53,62,0
2026-08-14T15:30:49.367231,54,68,69,54,62,0
2026-08-14T15:30:49.367231,54,69,69,53,61,0
2026-08-14T15:30:49.367231,53,69,70,53,60,0
2026-08-14T15:30:49.369451,53,68,69,53,60,0
2026-08-14T15:30:49.371296,53,68,68,53,61,0
2026-08-14T15:30:49.371296,53,68,69,52,60,0
2026-08-14T15:30:49.371296,53,67,68,53,60,0
2026-08-14T15:30:49.373050,54,67,69,51,61,0
2026-08-14T15:30:49.373050,53,67,69,52,60,0
2026-08-14T15:30:49.373050,53,69,68,52,59,0
2026-08-14T15:30:49.377334,53,68,68,51,61,0
2026-08-14T15:30:49.377334,53,68,68,51,60,0
2026-08-14T15:30:49.377334,53,67,68,52,60,0
2026-08-14T15:30:49.377334,53,69,69,52,60,0
2026-08-14T15:30:49.377334,53,68,68,53,59,0
2026-08-14T15:30:49.377334,53,66,67,52,60,0
2026-08-14T15:30:49.377334,52,67,67,52,60,0
2026-08-14T15:30:49.386450,52,68,67,52,60,0
2026-08-14T15:30:49.386450,51,68,67,51,60,0
2026-08-14T15:30:49.389427,53,67,66,51,60,0
2026-08-14T15:30:49.390242,52,67,68,52,59,0
2026-08-14T15:30:49.390242,52,66,68,50,60,0
2026-08-14T15:30:49.390242,52,67,68,52,59,0
2026-08-14T15:30:49.390242,52,68,67,51,59,0
2026-08-14T15:30:49.395628,53,68,67,52,59,0
2026-08-14T15:30:49.396800,52,67,68,52,59,0
2026-08-14T15:30:49.397337,51,68,67,51,59,0
2026-08-14T15:30:49.398475,53,68,68,51,59,0
2026-08-14T15:30:49.399993,51,66,67,52,60,0
2026-08-14T15:30:49.399993,52,68,67,51,60,0
2026-08-14T15:30:49.399993,51,67,67,52,59,0
2026-08-14T15:30:49.404157,51,67,67,52,59,0
2026-08-14T15:30:49.404157,53,66,67,51,59,0
2026-08-14T15:30:49.404157,54,66,67,51,59,0
2026-08-14T15:30:49.404157,52,66,67,51,59,0
2026-08-14T15:30:49.404157,53,66,68,51,58,0
2026-08-14T15:30:49.404157,53,67,67,50,59,0
2026-08-14T15:30:49.404157,52,65,68,51,59,0
2026-08-14T15:30:49.409859,51,66,68,52,59,0
2026-08-14T15:30:49.409859,52,67,66,51,59,0
2026-08-14T15:30:49.409859,51,66,68,51,58,0
2026-08-14T15:30:49.416362,51,66,67,51,59,0
2026-08-14T15:30:49.416362,51,66,67,50,60,0
2026-08-14T15:30:49.417870,51,67,67,51,59,0
2026-08-14T15:30:49.417870,52,64,68,50,59,0
2026-08-14T15:30:49.419431,52,66,67,50,59,0
2026-08-14T15:30:49.419431,52,66,67,50,59,0
2026-08-14T15:30:49.419431,52,66,67,51,58,0
2026-08-14T15:30:49.419431,51,67,68,50,59,0
2026-08-14T15:30:49.419431,50,68,66,52,58,0
2026-08-14T15:30:49.425975,51,66,68,50,58,0
2026-08-14T15:30:49.426542,51,67,66,51,59,0
2026-08-14T15:30:49.428809,52,64,67,50,59,0
2026-08-14T15:30:49.428809,51,67,66,50,58,0
2026-08-14T15:30:49.428809,52,66,66,50,59,0
2026-08-14T15:30:49.428809,51,65,65,50,59,0
2026-08-14T15:30:49.428809,53,66,66,51,59,0
2026-08-14T15:30:49.434927,53,65,68,51,58,0
2026-08-14T15:30:49.434927,53,66,66,51,58,0
2026-08-14T15:30:49.436636,52,67,66,51,58,0
2026-08-14T15:30:49.436965,51,66,68,52,58,0
2026-08-14T15:30:49.436965,51,66,68,51,59,0
2026-08-14T15:30:49.439251,51,65,66,50,58,0
2026-08-14T15:30:49.439251,52,66,66,51,58,0
2026-08-14T15:30:49.442195,53,66,66,50,59,0
2026-08-14T15:30:49.442195,50,66,67,51,59,0
2026-08-14T15:30:49.442195,50,67,66,50,59,0
2026-08-14T15:30:49.442195,52,65,67,50,58,0
2026-08-14T15:30:49.442195,52,66,66,51,58,0
2026-08-14T15:30:49.442195,52,66,66,51,59,0
2026-08-14T15:30:49.442195,52,66,66,51,58,0
2026-08-14T15:30:49.450344,52,66,66,51,58,0
2026-08-14T15:30:49.452836,52,65,68,51,58,0
2026-08-14T15:30:49.453681,51,66,67,52,58,0
2026-08-14T15:30:49.453681,52,67,68,50,58,0
2026-08-14T15:30:49.453681,51,66,66,51,59,0
2026-08-14T15:30:49.457502,52,65,67,51,58,0
2026-08-14T15:30:49.457502,52,65,66,51,60,0
2026-08-14T15:30:49.458515,50,66,67,51,59,0
2026-08-14T15:30:49.461440,51,67,66,51,59,0
2026-08-14T15:30:49.461440,52,66,66,51,58,0
2026-08-14T15:30:49.461440,52,66,67,51,58,0
2026-08-14T15:30:49.461440,52,66,66,51,59,0
2026-08-14T15:30:49.465359,51,66,66,50,58,0
2026-08-14T15:30:49.465359,52,66,66,50,58,0
2026-08-14T15:30:49.466870,51,65,66,50,58,0
2026-08-14T15:30:49.466870,51,67,67,51,58,0
2026-08-14T15:30:49.470887,52,65,66,51,59,0
2026-08-14T15:30:49.470887,50,65,67,50,59,0
2026-08-14T15:30:49.470887,52,66,66,50,59,0
2026-08-14T15:30:49.470887,51,65,66,50,58,0
2026-08-14T15:30:49.470887,51,66,67,50,58,0
2026-08-14T15:30:49.474959,52,66,66,50,58,0
2026-08-14T15:30:49.474959,53,66,66,51,59,0
2026-08-14T15:30:49.474959,52,66,67,50,59,0
2026-08-14T15:30:49.474959,53,66,66,50,59,0
2026-08-14T15:30:49.474959,51,66,66,51,58,0
2026-08-14T15:30:49.474959,51,67,68,51,58,0
2026-08-14T15:30:49.482985,52,66,67,51,58,0
2026-08-14T15:30:49.482985,51,67,66,51,59,0
2026-08-14T15:30:49.486767,51,66,66,51,58,0
2026-08-14T15:30:49.487399,52,66,66,51,58,0
2026-08-14T15:30:49.487992,52,66,67,51,59,0
2026-08-14T15:30:49.487992,50,66,66,50,59,0
2026-08-14T15:30:49.487992,53,65,67,51,59,0
2026-08-14T15:30:49.491062,51,66,66,51,59,0
2026-08-14T15:30:49.491062,52,66,67,50,59,0
2026-08-14T15:30:49.494216,52,66,66,50,59,0
2026-08-14T15:30:49.494216,52,65,67,52,58,0
2026-08-14T15:30:49.495978,51,66,67,50,59,0
2026-08-14T15:30:49.498489,52,67,66,50,58,0
2026-08-14T15:30:49.498489,51,66,66,51,59,0
2026-08-14T15:30:49.499501,50,66,68,50,59,0
2026-08-14T15:30:49.499501,51,67,67,51,59,0
2026-08-14T15:30:49.499501,51,66,66,51,58,0
2026-08-14T15:30:49.503983,52,66,66,51,59,0
2026-08-14T15:30:49.504321,51,66,67,51,59,0
2026-08-14T15:30:49.504321,52,67,66,51,57,0
2026-08-14T15:30:49.504321,52,66,66,51,58,0
2026-08-14T15:30:49.507546,52,66,67,50,58,0
2026-08-14T15:30:49.507546,51,66,67,50,59,0
2026-08-14T15:30:49.510712,53,66,67,51,59,0
2026-08-14T15:30:49.510712,51,68,67,50,59,0
2026-08-14T15:30:49.510712,51,66,66,50,59,0
2026-08-14T15:30:49.510712,53,66,67,51,59,0
2026-08-14T15:30:49.515795,51,67,67,51,60,0
2026-08-14T15:30:49.515795,51,68,68,51,59,0
2026-08-14T15:30:49.515795,50,67,66,51,59,0
2026-08-14T15:30:49.520149,52,65,68,50,60,0
2026-08-14T15:30:49.520149,52,66,66,50,59,0
2026-08-14T15:30:49.520149,51,65,66,50,58,0
2026-08-14T15:30:49.520149,52,68,66,50,59,0
2026-08-14T15:30:49.520149,52,66,68,51,59,0
2026-08-14T15:30:49.523874,52,67,67,50,58,0
2026-08-14T15:30:49.523874,53,66,66,51,59,0
2026-08-14T15:30:49.523874,53,67,68,52,59,0
2026-08-14T15:30:49.523874,51,66,67,51,59,0
2026-08-14T15:30:49.523874,53,67,68,52,60,0
2026-08-14T15:30:49.523874,51,67,68,52,59,0
2026-08-14T15:30:49.523874,53,67,67,52,59,0
2026-08-14T15:30:49.532113,52,65,67,51,60,0
2026-08-14T15:30:49.532113,53,66,68,51,60,0
2026-08-14T15:30:49.536131,52,67,66,51,60,0
2026-08-14T15:30:49.537057,53,66,66,51,59,0
2026-08-14T15:30:49.537057,53,66,68,51,60,0
2026-08-14T15:30:49.538932,51,68,68,52,59,0
2026-08-14T15:30:49.538932,53,68,68,51,59,0
2026-08-14T15:30:49.540445,53,68,68,52,58,0
2026-08-14T15:30:49.543366,51,68,68,52,60,0
2026-08-14T15:30:49.543366,52,68,68,52,60,0
2026-08-14T15:30:49.543366,53,67,68,52,59,0
2026-08-14T15:30:49.547603,51,68,68,52,60,0
2026-08-14T15:30:49.547603,52,68,68,52,60,0
2026-08-14T15:30:49.548617,53,68,68,51,61,0
2026-08-14T15:30:49.548617,54,68,67,51,61,0
2026-08-14T15:30:49.548617,54,68,67,53,60,0
2026-08-14T15:30:49.548617,52,68,69,53,60,0
2026-08-14T15:30:49.553733,52,69,68,52,61,0
2026-08-14T15:30:49.555374,53,69,68,52,60,0
2026-08-14T15:30:49.555374,53,69,68,54,60,0
2026-08-14T15:30:49.557149,53,68,69,53,60,0
2026-08-14T15:30:49.557149,54,70,70,54,61,0
2026-08-14T15:30:49.557149,55,69,69,54,62,0
2026-08-14T15:30:49.557149,54,70,69,53,62,0
2026-08-14T15:30:49.557149,54,68,69,53,62,0
2026-08-14T15:30:49.557149,55,71,69,54,62,0
2026-08-14T15:30:49.557149,56,70,70,54,63,0
2026-08-14T15:30:49.565474,56,71,70,55,63,0
2026-08-14T15:30:49.566176,56,71,71,55,63,0
2026-08-14T15:30:49.566176,56,71,71,54,62,0
2026-08-14T15:30:49.566176,56,73,72,55,64,0
2026-08-14T15:30:49.569491,56,72,70,54,63,0
2026-08-14T15:30:49.569989,56,72,71,55,63,0
2026-08-14T15:30:49.569989,56,72,72,56,64,0
2026-08-14T15:30:49.569989,57,73,72,56,64,0
2026-08-14T15:30:49.573984,56,74,72,55,64,0
2026-08-14T15:30:49.576110,58,72,73,55,65,0
2026-08-14T15:30:49.576110,58,73,73,56,64,0
2026-08-14T15:30:49.576110,58,74,72,56,64,0
2026-08-14T15:30:49.580327,58,73,73,57,64,0
2026-08-14T15:30:49.580327,59,74,73,57,65,0
2026-08-14T15:30:49.580327,59,75,74,56,64,0
2026-08-14T15:30:49.582086,58,75,73,57,66,0
2026-08-14T15:30:49.582086,59,74,74,57,66,0
2026-08-14T15:30:49.582086,59,75,74,58,66,0
2026-08-14T15:30:49.586805,60,75,74,59,66,0
2026-08-14T15:30:49.588257,60,75,74,59,67,0
2026-08-14T15:30:49.588257,61,75,74,58,66,0
2026-08-14T15:30:49.588257,59,73,76,59,67,0
2026-08-14T15:30:49.590516,60,77,75,59,66,0
2026-08-14T15:30:49.590516,61,75,75,58,66,0
2026-08-14T15:30:49.590516,60,76,74,59,66,0
2026-08-14T15:30:49.590516,61,76,75,59,67,0
2026-08-14T15:30:49.590516,61,78,76,60,67,0
2026-08-14T15:30:49.590516,62,77,76,59,68,0
2026-08-14T15:30:49.590516,62,77,76,60,68,0
2026-08-14T15:30:49.599963,62,76,77,60,68,0
2026-08-14T15:30:49.599963,61,77,77,60,68,0
2026-08-14T15:30:49.599963,62,77,76,61,68,0
2026-08-14T15:30:49.603251,63,77,77,61,68,0
2026-08-14T15:30:49.604921,62,77,76,61,69,0
2026-08-14T15:30:49.604921,64,78,78,61,69,0
2026-08-14T15:30:49.604921,64,79,78,62,68,0
2026-08-14T15:30:49.608888,64,78,77,61,69,0
2026-08-14T15:30:49.608888,63,80,77,62,69,0
2026-08-14T15:30:49.608888,63,80,78,62,68,0
2026-08-14T15:30:49.613155,66,79,77,63,69,0
2026-08-14T15:30:49.613155,64,81,78,62,72,0
2026-08-14T15:30:49.614911,65,79,78,63,69,0
2026-08-14T15:30:49.614911,66,81,79,63,69,0
2026-08-14T15:30:49.614911,65,81,79,64,70,0
2026-08-14T15:30:49.614911,66,79,79,63,70,0
2026-08-14T15:30:49.614911,64,79,78,63,70,0
2026-08-14T15:30:49.620440,66,79,79,63,70,0
2026-08-14T15:30:49.620440,66,79,78,63,69,0
2026-08-14T15:30:49.620440,66,80,77,62,69,0
2026-08-14T15:30:49.623293,66,78,78,62,69,0
2026-08-14T15:30:49.623293,64,78,78,64,69,0
2026-08-14T15:30:49.623293,65,78,76,63,67,0
2026-08-14T15:30:49.623293,65,78,76,63,67,0
2026-08-14T15:30:49.623293,65,75,76,62,68,0
2026-08-14T15:30:49.623293,62,75,75,62,66,0
2026-08-14T15:30:49.623293,61,73,73,61,65,0
2026-08-14T15:30:49.631703,59,72,72,61,64,0
2026-08-14T15:30:49.631703,60,70,72,59,62,0
2026-08-14T15:30:49.631703,59,68,71,59,61,0
2026-08-14T15:30:49.631703,58,67,70,58,60,0
2026-08-14T15:30:49.637550,57,66,70,58,59,0
2026-08-14T15:30:49.637550,57,66,69,57,59,0
2026-08-14T15:30:49.637550,56,65,68,56,58,0
2026-08-14T15:30:49.639788,55,66,68,57,58,0
2026-08-14T15:30:49.641760,55,64,68,55,58,0
2026-08-14T15:30:49.641760,54,63,68,55,58,0
2026-08-14T15:30:49.641760,54,62,66,54,57,0
2026-08-14T15:30:49.641760,53,62,65,54,56,0
2026-08-14T15:30:49.641760,52,60,65,53,54,0
2026-08-14T15:30:49.641760,52,60,64,52,54,0
2026-08-14T15:30:49.647919,52,58,63,51,53,0
2026-08-14T15:30:49.647919,50,59,62,52,54,0
2026-08-14T15:30:49.647919,51,59,63,51,53,0
2026-08-14T15:30:49.647919,51,58,62,51,52,0
2026-08-14T15:30:49.653873,49,58,62,51,52,0
2026-08-14T15:30:49.654386,49,58,62,51,52,0
2026-08-14T15:30:49.654386,49,57,61,50,52,0
2026-08-14T15:30:49.656140,49,56,61,50,51,0
2026-08-14T15:30:49.658152,49,57,61,50,52,0
2026-08-14T15:30:49.658152,49,57,60,49,52,0
2026-08-14T15:30:49.660164,48,57,60,49,52,0
2026-08-14T15:30:49.660164,49,57,60,50,52,0
2026-08-14T15:30:49.660164,50,57,62,49,52,0
2026-08-14T15:30:49.663758,50,57,62,50,53,0
2026-08-14T15:30:49.664466,50,58,61,50,53,0
2026-08-14T15:30:49.666476,50,59,62,52,52,0
2026-08-14T15:30:49.666476,49,59,62,51,52,0
2026-08-14T15:30:49.668485,51,58,63,50,54,0
2026-08-14T15:30:49.670439,50,58,62,50,54,0
2026-08-14T15:30:49.670439,50,59,62,52,54,0
2026-08-14T15:30:49.670439,49,59,63,52,54,0
2026-08-14T15:30:49.674186,49,59,61,52,52,0
2026-08-14T15:30:49.675084,50,57,61,51,52,0
2026-08-14T15:30:49.675084,49,58,62,51,53,0
2026-08-14T15:30:49.675084,49,58,61,51,52,0
2026-08-14T15:30:49.677097,50,56,61,51,52,0
2026-08-14T15:30:49.679106,51,56,62,50,52,0
2026-08-14T15:30:49.679106,49,57,62,50,52,0
2026-08-14T15:30:49.682627,49,57,62,50,51,0
2026-08-14T15:30:49.683341,48,57,62,49,51,0
2026-08-14T15:30:49.683341,49,57,61,50,51,0
2026-08-14T15:30:49.686144,49,57,62,50,52,0
2026-08-14T15:30:49.686810,50,57,62,50,53,0
2026-08-14T15:30:49.686810,49,57,62,50,51,0
2026-08-14T15:30:49.686810,49,58,61,50,52,0
2026-08-14T15:30:49.689057,49,57,62,50,52,0
2026-08-14T15:30:49.689057,49,58,62,51,52,0
2026-08-14T15:30:49.689057,48,57,62,49,52,0
2026-08-14T15:30:49.689057,49,57,60,49,51,0
2026-08-14T15:30:49.689057,50,58,62,51,52,0
2026-08-14T15:30:49.689057,49,56,62,50,52,0
2026-08-14T15:30:49.689057,50,57,62,50,52,0
2026-08-14T15:30:49.698662,49,57,62,50,51,0
2026-08-14T15:30:49.699168,49,57,61,50,53,0
2026-08-14T15:30:49.699168,49,57,61,51,52,0
2026-08-14T15:30:49.702822,49,57,61,51,52,0
2026-08-14T15:30:49.703260,50,57,62,50,52,0
2026-08-14T15:30:49.703825,49,59,62,50,52,0
2026-08-14T15:30:49.704334,50,57,61,50,52,0
2026-08-14T15:30:49.705843,49,57,61,50,52,0
2026-08-14T15:30:49.707850,49,58,60,51,52,0
2026-08-14T15:30:49.708512,49,56,61,51,52,0
2026-08-14T15:30:49.711308,51,57,62,50,51,0
2026-08-14T15:30:49.711308,49,56,60,50,52,0
2026-08-14T15:30:49.711308,48,57,60,51,51,0
2026-08-14T15:30:49.715386,48,58,61,51,51,0
2026-08-14T15:30:49.715386,50,57,61,51,52,0
2026-08-14T15:30:49.715386,49,56,61,50,52,0
2026-08-14T15:30:49.715386,48,57,61,50,52,0
2026-08-14T15:30:49.715386,48,57,62,51,51,0
2026-08-14T15:30:49.720336,50,56,62,50,51,0
2026-08-14T15:30:49.720336,49,57,62,49,53,0
2026-08-14T15:30:49.723577,50,56,62,50,52,0
2026-08-14T15:30:49.723577,50,58,61,50,52,0
2026-08-14T15:30:49.723577,48,58,62,51,51,0
2026-08-14T15:30:49.723577,49,57,61,50,52,0
2026-08-14T15:30:49.727805,49,57,61,50,52,0
2026-08-14T15:30:49.727805,49,56,61,51,52,0
2026-08-14T15:30:49.727805,49,57,61,50,52,0
2026-08-14T15:30:49.731769,50,56,62,50,52,0
2026-08-14T15:30:49.731769,49,58,61,50,53,0
2026-08-14T15:30:49.731769,48,57,61,50,52,0
2026-08-14T15:30:49.734090,48,56,61,50,51,0
2026-08-14T15:30:49.735422,50,56,61,51,51,0
2026-08-14T15:30:49.736692,50,57,60,50,52,0
2026-08-14T15:30:49.736692,48,56,62,51,52,0
2026-08-14T15:30:49.739961,49,57,61,50,52,0
2026-08-14T15:30:49.739961,50,58,60,50,51,0
2026-08-14T15:30:49.739961,49,56,61,49,51,0
2026-08-14T15:30:49.739961,49,56,61,50,52,0
2026-08-14T15:30:49.743523,50,56,61,49,52,0
2026-08-14T15:30:49.743523,49,56,60,50,51,0
2026-08-14T15:30:49.743523,48,56,59,49,52,0
2026-08-14T15:30:49.748292,48,55,60,50,51,0
2026-08-14T15:30:49.748292,48,56,60,49,50,0
2026-08-14T15:30:49.748292,48,55,59,48,51,0
2026-08-14T15:30:49.748292,47,55,58,49,50,0
2026-08-14T15:30:49.753780,48,55,60,48,51,0
2026-08-14T15:30:49.753780,46,55,59,48,50,0
2026-08-14T15:30:49.753780,47,54,60,48,50,0
2026-08-14T15:30:49.756444,47,55,59,48,49,0
2026-08-14T15:30:49.756444,47,54,58,48,49,0
2026-08-14T15:30:49.756444,46,54,59,47,50,0
2026-08-14T15:30:49.756444,47,53,59,47,49,0
2026-08-14T15:30:49.756444,46,54,58,46,50,0
2026-08-14T15:30:49.756444,47,54,58,47,48,0
2026-08-14T15:30:49.756444,47,53,57,47,49,0
2026-08-14T15:30:49.756444,46,53,57,47,49,0
2026-08-14T15:30:49.764993,46,53,56,47,48,0
2026-08-14T15:30:49.764993,46,54,57,46,48,0
2026-08-14T15:30:49.768643,45,53,57,46,48,0
2026-08-14T15:30:49.769583,44,53,57,46,48,0
2026-08-14T15:30:49.769583,43,52,57,46,49,0
2026-08-14T15:30:49.770510,45,52,58,45,48,0
2026-08-14T15:30:49.772692,44,52,56,45,48,0
2026-08-14T15:30:49.772692,44,52,57,44,48,0
2026-08-14T15:30:49.772692,43,51,55,45,47,0
2026-08-14T15:30:49.776814,44,51,56,45,47,0
2026-08-14T15:30:49.777663,44,52,55,44,47,0
2026-08-14T15:30:49.778665,45,51,55,44,48,0
2026-08-14T15:30:49.780677,43,51,54,43,47,0
2026-08-14T15:30:49.780677,44,50,55,43,47,0
2026-08-14T15:30:49.782689,43,51,56,44,45,0
2026-08-14T15:30:49.782689,43,50,55,43,47,0
2026-08-14T15:30:49.782689,42,49,54,44,46,0
2026-08-14T15:30:49.785160,42,50,54,44,46,0
2026-08-14T15:30:49.786124,42,49,55,42,46,0
2026-08-14T15:30:49.788926,42,48,54,41,45,0
2026-08-14T15:30:49.788926,41,48,53,41,45,0
2026-08-14T15:30:49.789984,41,46,53,41,44,0
2026-08-14T15:30:49.789984,41,47,52,40,44,0
2026-08-14T15:30:49.792990,41,47,51,41,43,0
2026-08-14T15:30:49.794356,41,46,51,40,44,0
2026-08-14T15:30:49.794356,39,47,51,40,43,0
2026-08-14T15:30:49.796547,39,47,51,40,42,0
2026-08-14T15:30:49.796547,40,46,52,39,42,0
2026-08-14T15:30:49.796547,39,46,52,40,42,0
2026-08-14T15:30:49.796547,38,45,51,40,44,0
2026-08-14T15:30:49.796547,39,44,50,40,43,0
2026-08-14T15:30:49.796547,37,46,51,38,42,0
2026-08-14T15:30:49.796547,39,46,50,40,43,0
2026-08-14T15:30:49.805310,40,45,50,38,43,0
2026-08-14T15:30:49.805310,38,45,50,39,42,0
2026-08-14T15:30:49.805310,39,45,49,38,40,0
2026-08-14T15:30:49.807320,38,45,50,38,41,0
2026-08-14T15:30:49.807320,37,45,50,38,41,0
2026-08-14T15:30:49.807320,36,43,49,38,41,0
2026-08-14T15:30:49.807320,37,43,49,38,41,0
2026-08-14T15:30:49.813674,36,43,48,38,41,0
2026-08-14T15:30:49.813674,36,42,48,38,40,0
2026-08-14T15:30:49.813674,36,43,48,37,40,0
2026-08-14T15:30:49.817792,36,42,48,37,39,0
2026-08-14T15:30:49.817792,36,42,47,36,39,0
2026-08-14T15:30:49.819901,36,41,47,35,39,0
2026-08-14T15:30:49.819901,36,42,46,37,39,0
2026-08-14T15:30:49.821120,36,40,46,35,38,0
2026-08-14T15:30:49.822158,34,41,46,36,39,0
2026-08-14T15:30:49.822158,34,42,46,36,39,0
2026-08-14T15:30:49.826139,35,41,46,36,37,0
2026-08-14T15:30:49.826139,34,43,46,36,38,0
2026-08-14T15:30:49.826139,34,40,45,36,39,0
2026-08-14T15:30:49.827900,35,42,46,35,39,0
2026-08-14T15:30:49.829911,35,40,47,35,38,0
2026-08-14T15:30:49.829911,34,40,46,35,39,0
2026-08-14T15:30:49.829911,34,41,45,36,40,0
2026-08-14T15:30:49.834165,34,41,46,36,37,0
2026-08-14T15:30:49.834165,35,40,46,34,38,0
2026-08-14T15:30:49.834165,34,41,45,35,37,0
2026-08-14T15:30:49.836982,34,39,45,35,38,0
2026-08-14T15:30:49.838295,35,40,46,36,37,0
2026-08-14T15:30:49.838295,33,40,45,35,37,0
2026-08-14T15:30:49.838295,33,40,45,34,37,0
2026-08-14T15:30:49.842448,34,39,44,34,38,0
2026-08-14T15:30:49.842448,34,39,44,35,38,0
2026-08-14T15:30:49.842448,33,39,45,35,37,0
2026-08-14T15:30:49.846468,33,40,43,34,36,0
2026-08-14T15:30:49.846468,32,39,43,33,37,0
2026-08-14T15:30:49.847482,32,37,44,33,37,0
2026-08-14T15:30:49.847482,33,37,44,34,35,0
2026-08-14T15:30:49.847482,32,38,42,34,35,0
2026-08-14T15:30:49.847482,31,36,42,32,34,0
2026-08-14T15:30:49.847482,30,37,43,31,35,0
2026-08-14T15:30:49.854717,30,35,42,31,34,0
2026-08-14T15:30:49.855768,30,36,42,31,33,0
2026-08-14T15:30:49.855768,30,35,42,31,35,0
2026-08-14T15:30:49.856815,30,35,43,31,35,0
2026-08-14T15:30:49.858361,29,35,42,31,35,0
2026-08-14T15:30:49.859513,30,35,41,30,33,0
2026-08-14T15:30:49.859513,29,35,40,31,33,0
2026-08-14T15:30:49.862959,30,35,41,31,33,0
2026-08-14T15:30:49.862959,30,34,41,31,33,0
2026-08-14T15:30:49.862959,30,34,41,32,33,0
2026-08-14T15:30:49.862959,29,36,42,30,35,0
2026-08-14T15:30:49.862959,29,34,42,30,33,0
2026-08-14T15:30:49.862959,30,34,41,31,33,0
2026-08-14T15:30:49.862959,28,33,41,30,32,0
2026-08-14T15:30:49.870682,29,34,40,31,34,0
2026-08-14T15:30:49.871193,29,35,42,30,34,0
2026-08-14T15:30:49.871193,28,34,40,31,33,0
2026-08-14T15:30:49.873207,28,35,41,31,33,0
2026-08-14T15:30:49.873207,30,33,41,31,33,0
2026-08-14T15:30:49.873207,30,34,41,30,33,0
2026-08-14T15:30:49.873207,30,34,39,32,33,0
2026-08-14T15:30:49.879216,30,34,39,31,32,0
2026-08-14T15:30:49.879216,29,35,40,30,34,0
2026-08-14T15:30:49.879216,27,35,42,30,33,0
2026-08-14T15:30:49.883313,28,34,41,31,32,0
2026-08-14T15:30:49.883313,28,35,40,31,32,0
2026-08-14T15:30:49.883313,29,33,41,30,35,0
2026-08-14T15:30:49.883313,29,33,41,30,33,0
2026-08-14T15:30:49.887378,28,35,40,31,33,0
2026-08-14T15:30:49.887378,29,33,40,30,33,0
2026-08-14T15:30:49.887378,28,34,40,31,33,0
2026-08-14T15:30:49.891652,29,34,40,31,32,0
2026-08-14T15:30:49.891652,28,34,41,30,33,0
2026-08-14T15:30:49.891652,29,34,40,32,33,0
2026-08-14T15:30:49.891652,28,34,39,31,33,0
2026-08-14T15:30:49.894956,28,33,40,30,33,0
2026-08-14T15:30:49.894956,29,34,40,30,33,0
2026-08-14T15:30:49.894956,29,34,40,29,33,0
2026-08-14T15:30:49.899460,27,34,40,30,33,0
2026-08-14T15:30:49.901462,27,33,41,29,34,0
2026-08-14T15:30:49.901462,28,33,41,30,33,0
2026-08-14T15:30:49.903420,28,32,40,31,32,0
2026-08-14T15:30:49.904425,28,34,40,29,33,0
2026-08-14T15:30:49.904425,28,33,40,30,33,0
2026-08-14T15:30:49.906439,29,34,41,30,32,0
2026-08-14T15:30:49.907397,29,32,39,30,31,0
2026-08-14T15:30:49.908519,28,32,39,29,32,0
2026-08-14T15:30:49.908834,29,33,40,29,33,0
2026-08-14T15:30:49.911960,28,32,41,30,32,0
2026-08-14T15:30:49.911960,27,32,40,30,31,0
2026-08-14T15:30:49.911960,27,33,40,29,32,0
2026-08-14T15:30:49.911960,27,33,39,29,32,0
2026-08-14T15:30:49.916063,28,32,41,29,32,0
2026-08-14T15:30:49.916063,28,32,39,30,32,0
2026-08-14T15:30:49.916063,28,32,40,29,33,0
2026-08-14T15:30:49.919967,28,32,39,30,32,0
2026-08-14T15:30:49.920308,28,32,39,30,32,0
2026-08-14T15:30:49.920308,28,33,40,29,31,0
2026-08-14T15:30:49.920308,28,34,40,29,32,0
2026-08-14T15:30:49.923072,28,32,40,29,32,0
2026-08-14T15:30:49.923072,28,32,40,30,32,0
2026-08-14T15:30:49.923072,27,34,40,29,31,0
2026-08-14T15:30:49.927201,27,33,40,30,31,0
2026-08-14T15:30:49.927201,28,33,40,30,32,0
2026-08-14T15:30:49.927201,29,32,39,30,32,0
2026-08-14T15:30:49.930158,27,33,40,30,31,0
2026-08-14T15:30:49.930158,27,32,40,30,32,0
2026-08-14T15:30:49.930158,29,33,40,30,32,0
2026-08-14T15:30:49.930158,29,32,39,29,32,0
2026-08-14T15:30:49.936641,29,33,39,30,31,0
2026-08-14T15:30:49.937324,29,32,39,29,31,0
2026-08-14T15:30:49.937324,27,34,40,30,32,0
2026-08-14T15:30:49.937324,27,33,40,29,31,0
2026-08-14T15:30:49.937324,27,33,39,30,32,0
2026-08-14T15:30:49.937324,28,34,40,30,33,0
2026-08-14T15:30:49.937324,29,34,40,29,33,0
2026-08-14T15:30:49.944742,29,34,39,30,32,0
2026-08-14T15:30:49.944742,28,32,39,29,33,0
2026-08-14T15:30:49.944742,28,33,41,30,33,0
2026-08-14T15:30:49.948836,27,34,40,29,34,0
2026-08-14T15:30:49.948836,29,34,40,31,32,0
2026-08-14T15:30:49.948836,30,34,40,29,33,0
2026-08-14T15:30:49.948836,30,35,41,30,33,0
2026-08-14T15:30:49.952785,28,35,40,30,34,0
2026-08-14T15:30:49.953892,30,36,41,31,33,0
2026-08-14T15:30:49.953892,29,34,41,30,33,0
2026-08-14T15:30:49.957015,31,34,42,31,34,0
2026-08-14T15:30:49.957015,30,35,43,31,35,0
2026-08-14T15:30:49.957015,28,35,42,31,34,0
2026-08-14T15:30:49.957015,31,35,43,31,34,0
2026-08-14T15:30:49.961108,31,35,41,31,34,0
2026-08-14T15:30:49.961108,29,36,42,32,34,0
2026-08-14T15:30:49.961108,30,35,43,31,34,0
2026-08-14T15:30:49.965134,31,36,42,32,33,0
2026-08-14T15:30:49.965134,30,35,42,31,35,0
2026-08-14T15:30:49.965134,31,34,42,31,34,0
2026-08-14T15:30:49.965134,29,36,41,31,34,0
2026-08-14T15:30:49.968220,29,36,42,31,33,0
2026-08-14T15:30:49.970303,30,35,40,31,35,0
2026-08-14T15:30:49.970872,30,35,41,31,34,0
2026-08-14T15:30:49.973414,29,35,41,32,34,0
2026-08-14T15:30:49.973414,30,35,42,31,33,0
2026-08-14T15:30:49.973414,27,35,41,31,34,0
2026-08-14T15:30:49.973414,30,34,42,30,33,0
2026-08-14T15:30:49.977493,30,34,42,30,33,0
2026-08-14T15:30:49.977493,30,34,42,31,32,0
2026-08-14T15:30:49.977493,30,35,42,30,35,0
2026-08-14T15:30:49.981589,29,36,42,31,35,0
2026-08-14T15:30:49.981589,29,35,42,31,34,0
2026-08-14T15:30:49.982694,30,35,42,31,34,0
2026-08-14T15:30:49.985703,30,36,42,31,34,0
2026-08-14T15:30:49.987162,29,37,43,32,35,0
2026-08-14T15:30:49.987162,30,36,43,32,35,0
2026-08-14T15:30:49.987162,31,37,42,32,35,0
2026-08-14T15:30:49.987162,29,37,43,33,36,0
2026-08-14T15:30:49.987162,31,37,43,33,35,0
2026-08-14T15:30:49.987162,33,37,42,33,36,0
2026-08-14T15:30:49.994062,32,36,43,33,35,0
2026-08-14T15:30:49.994062,31,37,43,34,38,0
2026-08-14T15:30:49.994062,31,39,44,33,36,0
2026-08-14T15:30:49.996097,31,38,45,34,35,0
2026-08-14T15:30:49.996097,31,39,45,33,36,0
2026-08-14T15:30:49.996097,31,37,44,33,36,0
2026-08-14T15:30:49.996097,31,37,45,34,36,0
2026-08-14T15:30:49.996097,32,39,43,33,36,0
2026-08-14T15:30:50.003169,32,39,44,34,36,0
2026-08-14T15:30:50.004620,31,38,43,33,38,0
2026-08-14T15:30:50.004620,33,38,43,34,36,0
2026-08-14T15:30:50.004620,33,38,45,34,36,0
2026-08-14T15:30:50.006632,34,39,44,34,37,0
2026-08-14T15:30:50.006632,35,40,46,34,38,0
2026-08-14T15:30:50.006632,34,41,46,36,38,0
2026-08-14T15:30:50.010591,35,41,47,36,39,0
2026-08-14T15:30:50.010591,35,42,46,35,38,0
2026-08-14T15:30:50.012753,34,42,46,36,40,0
2026-08-14T15:30:50.012753,36,41,46,37,40,0
2026-08-14T15:30:50.016083,35,41,47,36,39,0
2026-08-14T15:30:50.016083,34,44,47,37,39,0
2026-08-14T15:30:50.017496,37,43,46,36,41,0
2026-08-14T15:30:50.019369,36,43,48,36,39,0
2026-08-14T15:30:50.020118,37,42,47,37,40,0
2026-08-14T15:30:50.022135,36,44,47,35,39,0
2026-08-14T15:30:50.022135,36,43,47,37,41,0
2026-08-14T15:30:50.022135,36,42,48,37,40,0
2026-08-14T15:30:50.022135,35,43,48,37,40,0
2026-08-14T15:30:50.026160,37,44,48,38,39,0
2026-08-14T15:30:50.026160,35,44,47,38,40,0
2026-08-14T15:30:50.027169,37,43,48,38,40,0
2026-08-14T15:30:50.029181,36,43,48,38,42,0
2026-08-14T15:30:50.029181,38,44,49,39,41,0
2026-08-14T15:30:50.029181,38,45,50,38,42,0
2026-08-14T15:30:50.029181,38,45,51,39,42,0
2026-08-14T15:30:50.034843,39,46,50,39,42,0
2026-08-14T15:30:50.034843,39,47,50,40,42,0
2026-08-14T15:30:50.036189,40,46,52,39,44,0
2026-08-14T15:30:50.038938,40,48,52,40,45,0
2026-08-14T15:30:50.038938,40,47,53,42,45,0
2026-08-14T15:30:50.038938,41,49,52,43,45,0
2026-08-14T15:30:50.038938,42,49,53,43,46,0
2026-08-14T15:30:50.042435,42,51,54,44,47,0
2026-08-14T15:30:50.050481,42,51,55,43,47,0
2026-08-14T15:30:50.058517,42,51,55,44,47,0
2026-08-14T15:30:50.061080,43,51,56,45,48,0
2026-08-14T15:30:50.062704,44,51,56,44,47,0
2026-08-14T15:30:50.064715,45,54,55,45,48,0
2026-08-14T15:30:50.067437,45,54,55,45,49,0
2026-08-14T15:30:50.067437,45,54,56,46,50,0
2026-08-14T15:30:50.067437,44,55,58,47,49,0
2026-08-14T15:30:50.069339,45,55,58,47,50,0
2026-08-14T15:30:50.069952,47,54,58,48,50,0
2026-08-14T15:30:50.070259,46,55,59,48,51,0
2026-08-14T15:30:50.071494,46,56,60,48,50,0
2026-08-14T15:30:50.071494,47,57,59,48,51,0
2026-08-14T15:30:50.073505,48,56,60,48,51,0
2026-08-14T15:30:50.073505,48,57,59,48,52,0
2026-08-14T15:30:50.075256,49,58,61,49,52,0
2026-08-14T15:30:50.075256,50,60,62,50,53,0
2026-08-14T15:30:50.075256,51,60,62,51,53,0
2026-08-14T15:30:50.077266,51,62,62,52,54,0
2026-08-14T15:30:50.077266,51,61,63,52,55,0
2026-08-14T15:30:50.079274,52,63,63,52,56,0
2026-08-14T15:30:50.079274,52,63,64,52,56,0
2026-08-14T15:30:50.079882,54,63,64,54,56,0
2026-08-14T15:30:50.079882,53,64,66,55,57,0
2026-08-14T15:30:50.079882,54,66,66,56,59,0
2026-08-14T15:30:50.081053,56,68,67,57,59,0
2026-08-14T15:30:50.081053,58,68,69,59,61,0
2026-08-14T15:30:50.081053,60,70,70,59,63,0
2026-08-14T15:30:50.083054,62,72,72,61,65,0
2026-08-14T15:30:50.083910,63,74,73,64,66,0
2026-08-14T15:30:50.083910,65,76,76,65,67,0
2026-08-14T15:30:50.084835,66,75,77,66,68,0
2026-08-14T15:30:50.085397,66,79,78,67,70,0
2026-08-14T15:30:50.086850,67,80,79,69,69,0
2026-08-14T15:30:50.086850,67,81,79,68,72,0
2026-08-14T15:30:50.088868,70,81,81,69,72,0
2026-08-14T15:30:50.090242,70,82,80,71,72,0
2026-08-14T15:30:50.090242,70,83,81,72,73,0
2026-08-14T15:30:50.091252,71,84,82,71,73,0
2026-08-14T15:30:50.092952,73,85,83,72,73,0
2026-08-14T15:30:50.093988,73,86,83,73,76,0
2026-08-14T15:30:50.094738,73,87,83,74,75,0
2026-08-14T15:30:50.094738,74,88,84,73,75,0
2026-08-14T15:30:50.098959,74,88,84,73,76,0
2026-08-14T15:30:50.098959,74,87,84,74,76,0
2026-08-14T15:30:50.100967,74,88,84,74,76,0
2026-08-14T15:30:50.101758,73,88,84,74,76,0
2026-08-14T15:30:50.102798,75,90,86,74,76,0
2026-08-14T15:30:50.103319,76,89,86,75,77,0
2026-08-14T15:30:50.104413,75,90,87,76,78,0
2026-08-14T15:30:50.104948,76,92,87,76,77,0
2026-08-14T15:30:50.105467,76,92,87,76,79,0
2026-08-14T15:30:50.105467,78,94,88,78,79,0
2026-08-14T15:30:50.106370,78,94,90,79,81,0
2026-08-14T15:30:50.108530,79,95,90,80,81,0
2026-08-14T15:30:50.108530,81,97,92,82,83,0
2026-08-14T15:30:50.109942,83,98,93,84,83,0
2026-08-14T15:30:50.109942,83,99,94,83,86,0
2026-08-14T15:30:50.109942,83,99,94,84,86,0
2026-08-14T15:30:50.109942,85,100,95,85,86,0
2026-08-14T15:30:50.116769,85,102,96,85,86,0
2026-08-14T15:30:50.116769,86,102,96,85,88,0
2026-08-14T15:30:50.116769,86,102,97,86,87,0
2026-08-14T15:30:50.116769,87,103,98,86,88,0
2026-08-14T15:30:50.120858,88,104,98,86,88,0
2026-08-14T15:30:50.120858,89,105,99,87,89,0
2026-08-14T15:30:50.120858,89,106,99,88,90,0
2026-08-14T15:30:50.124961,89,108,100,88,90,0
2026-08-14T15:30:50.124961,89,108,100,90,91,0
2026-08-14T15:30:50.124961,91,109,100,92,92,0
2026-08-14T15:30:50.124961,92,110,101,92,92,0
2026-08-14T15:30:50.129035,91,111,102,92,93,0
2026-08-14T15:30:50.129035,94,111,103,91,93,0
2026-08-14T15:30:50.129035,94,111,103,93,95,0
2026-08-14T15:30:50.129035,94,113,103,92,95,0
2026-08-14T15:30:50.133418,94,114,104,93,95,0
2026-08-14T15:30:50.133418,95,115,105,94,96,0
2026-08-14T15:30:50.133418,96,117,105,94,96,0
2026-08-14T15:30:50.137238,97,116,106,95,98,0
2026-08-14T15:30:50.137238,96,117,107,95,98,0
2026-08-14T15:30:50.137238,96,117,108,97,98,0
2026-08-14T15:30:50.141335,98,117,108,97,97,0
2026-08-14T15:30:50.141335,99,118,107,97,99,0
2026-08-14T15:30:50.141335,99,119,110,97,100,0
2026-08-14T15:30:50.145440,99,119,109,99,100,0
2026-08-14T15:30:50.145440,101,121,110,98,101,0
2026-08-14T15:30:50.145440,101,122,111,99,102,0
2026-08-14T15:30:50.145440,103,123,112,99,102,0
2026-08-14T15:30:50.149545,101,124,113,100,104,0
2026-08-14T15:30:50.149545,104,125,113,101,103,0
2026-08-14T15:30:50.149545,103,128,114,102,106,0
2026-08-14T15:30:50.152745,105,128,114,104,106,0
2026-08-14T15:30:50.152745,108,128,115,104,107,0
2026-08-14T15:30:50.154757,108,130,116,106,108,0
2026-08-14T15:30:50.154757,108,132,118,106,111,0
2026-08-14T15:30:50.156766,110,133,119,108,110,0
2026-08-14T15:30:50.156766,112,133,122,110,112,0
2026-08-14T15:30:50.158774,112,135,121,111,113,0
2026-08-14T15:30:50.161032,113,135,121,111,114,0
2026-08-14T15:30:50.161032,114,136,121,112,113,0
2026-08-14T15:30:50.161032,115,138,122,111,114,0
2026-08-14T15:30:50.161032,114,138,122,113,115,0
2026-08-14T15:30:50.161032,115,137,122,112,115,0
2026-08-14T15:30:50.161032,115,139,124,112,115,0
2026-08-14T15:30:50.161032,116,139,124,112,116,0
2026-08-14T15:30:50.168065,116,139,123,114,117,0
2026-08-14T15:30:50.170634,115,140,124,113,118,0
2026-08-14T15:30:50.170634,117,143,126,114,117,0
2026-08-14T15:30:50.170634,118,141,126,114,118,0
2026-08-14T15:30:50.172805,118,142,126,114,119,0
2026-08-14T15:30:50.174815,118,144,126,116,118,0
2026-08-14T15:30:50.174815,120,146,128,115,119,0
2026-08-14T15:30:50.178185,119,146,128,117,119,0
2026-08-14T15:30:50.178185,120,145,128,117,120,0
2026-08-14T15:30:50.178185,121,147,129,117,123,0
2026-08-14T15:30:50.182284,122,148,129,119,123,0
2026-08-14T15:30:50.182284,122,151,130,119,124,0
2026-08-14T15:30:50.182284,125,149,132,119,124,0
2026-08-14T15:30:50.184042,124,152,132,120,126,0
2026-08-14T15:30:50.185074,126,153,134,122,127,0
2026-08-14T15:30:50.186693,128,157,136,125,129,0
2026-08-14T15:30:50.187432,132,158,138,127,131,0
2026-08-14T15:30:50.190485,134,161,142,131,134,0
2026-08-14T15:30:50.190485,136,166,145,134,138,0
2026-08-14T15:30:50.190485,140,167,148,139,142,0
2026-08-14T15:30:50.190485,144,169,150,144,143,0
2026-08-14T15:30:50.193155,146,171,154,147,146,0
2026-08-14T15:30:50.193155,149,174,158,151,150,0
2026-08-14T15:30:50.193155,154,179,162,156,153,0
2026-08-14T15:30:50.198697,158,183,165,156,156,0
2026-08-14T15:30:50.198697,160,184,166,159,157,0
2026-08-14T15:30:50.198697,161,187,169,161,159,0
2026-08-14T15:30:50.200456,161,190,169,160,160,0
2026-08-14T15:30:50.203014,163,192,170,161,161,0
2026-08-14T15:30:50.203868,165,192,170,161,161,0
2026-08-14T15:30:50.204457,163,193,172,162,162,0
2026-08-14T15:30:50.206864,163,193,171,163,163,0
2026-08-14T15:30:50.206864,165,195,173,163,162,0
2026-08-14T15:30:50.206864,166,197,173,164,165,0
2026-08-14T15:30:50.208624,167,197,173,165,166,0
2026-08-14T15:30:50.210967,168,198,174,164,167,0
2026-08-14T15:30:50.210967,168,200,175,166,167,0
2026-08-14T15:30:50.210967,169,202,175,165,169,0
2026-08-14T15:30:50.213807,172,204,177,166,170,0
2026-08-14T15:30:50.213807,171,206,179,167,171,0
2026-08-14T15:30:50.213807,172,209,180,167,171,0
2026-08-14T15:30:50.217917,173,211,182,170,174,0
2026-08-14T15:30:50.217917,177,213,184,172,176,0
2026-08-14T15:30:50.220245,179,213,186,173,177,0
2026-08-14T15:30:50.220996,179,217,187,176,180,0
2026-08-14T15:30:50.220996,181,218,190,176,182,0
2026-08-14T15:30:50.220996,183,221,191,177,183,0
2026-08-14T15:30:50.220996,186,222,193,181,184,0
2026-08-14T15:30:50.226122,187,223,194,183,187,0
2026-08-14T15:30:50.226122,190,224,198,187,189,0
2026-08-14T15:30:50.226122,192,228,203,191,191,0
2026-08-14T15:30:50.226122,196,232,206,193,194,0
2026-08-14T15:30:50.226122,199,234,208,197,197,0
2026-08-14T15:30:50.226122,201,237,210,197,198,0
2026-08-14T15:30:50.226122,199,237,210,197,199,0
2026-08-14T15:30:50.234320,201,238,210,197,200,0
2026-08-14T15:30:50.236834,200,241,211,198,200,0
2026-08-14T15:30:50.237263,202,243,211,198,204,0
2026-08-14T15:30:50.237263,205,246,215,201,205,0
2026-08-14T15:30:50.239527,208,249,218,203,208,0
2026-08-14T15:30:50.239527,212,254,221,205,212,0
2026-08-14T15:30:50.239527,213,258,223,208,215,0
2026-08-14T15:30:50.243638,217,263,228,211,219,0
2026-08-14T15:30:50.243638,221,268,232,215,223,0
2026-08-14T15:30:50.243638,226,275,236,220,227,0
2026-08-14T15:30:50.247739,230,278,239,223,231,0
2026-08-14T15:30:50.247739,234,283,244,227,236,0
2026-08-14T15:30:50.247739,237,289,248,230,239,0
2026-08-14T15:30:50.247739,242,294,251,234,244,0
2026-08-14T15:30:50.249948,246,297,255,237,249,0
2026-08-14T15:30:50.252863,250,298,258,244,252,0
2026-08-14T15:30:50.253964,256,305,264,249,256,0
2026-08-14T15:30:50.253964,260,312,268,251,260,0
2026-08-14T15:30:50.253964,264,317,270,257,266,0
2026-08-14T15:30:50.253964,267,322,274,257,268,0
2026-08-14T15:30:50.253964,269,325,275,260,271,0
2026-08-14T15:30:50.258028,271,327,278,261,272,0
2026-08-14T15:30:50.258028,272,330,277,262,275,0
2026-08-14T15:30:50.258028,274,331,279,264,276,0
2026-08-14T15:30:50.258028,276,334,281,264,279,0
2026-08-14T15:30:50.258028,277,338,285,267,280,0
2026-08-14T15:30:50.258028,281,341,287,269,284,0
2026-08-14T15:30:50.266232,286,345,289,272,287,0
2026-08-14T15:30:50.267000,288,348,294,275,291,0
2026-08-14T15:30:50.269420,291,354,296,278,292,0
2026-08-14T15:30:50.270298,294,357,298,280,295,0
2026-08-14T15:30:50.271478,296,360,301,283,297,0
2026-08-14T15:30:50.271478,299,362,303,285,300,0
2026-08-14T15:30:50.271478,299,365,305,286,302,0
2026-08-14T15:30:50.271478,302,367,307,287,303,0
2026-08-14T15:30:50.275774,301,368,308,287,304,0
2026-08-14T15:30:50.276785,303,367,307,287,304,0
2026-08-14T15:30:50.276785,300,368,307,286,303,0
2026-08-14T15:30:50.279989,300,367,306,286,303,0
2026-08-14T15:30:50.281068,302,366,306,285,301,0
2026-08-14T15:30:50.282132,300,366,306,284,300,0
2026-08-14T15:30:50.284332,298,365,304,285,300,0
2026-08-14T15:30:50.284332,298,364,305,285,303,0
2026-08-14T15:30:50.284332,299,363,308,287,303,0
2026-08-14T15:30:50.286993,301,363,309,289,303,0
2026-08-14T15:30:50.288677,302,364,309,289,304,0
2026-08-14T15:30:50.288677,302,366,308,289,306,0
2026-08-14T15:30:50.288677,303,366,308,288,306,0
2026-08-14T15:30:50.291285,302,367,308,288,307,0
2026-08-14T15:30:50.291285,303,368,307,288,306,0
2026-08-14T15:30:50.294554,305,368,309,290,308,0
2026-08-14T15:30:50.294554,305,371,310,292,309,0
2026-08-14T15:30:50.296877,307,374,313,293,311,0
2026-08-14T15:30:50.296877,310,376,314,295,314,0
2026-08-14T15:30:50.296877,312,379,317,298,317,0
2026-08-14T15:30:50.299098,315,381,320,301,319,0
2026-08-14T15:30:50.299098,317,383,321,303,322,0
2026-08-14T15:30:50.299098,320,386,323,305,324,0
2026-08-14T15:30:50.303294,321,387,323,306,327,0
2026-08-14T15:30:50.303900,324,390,326,309,329,0
2026-08-14T15:30:50.303900,328,391,331,315,331,0
2026-08-14T15:30:50.303900,330,392,333,318,335,0
2026-08-14T15:30:50.306695,334,392,334,325,338,0
2026-08-14T15:30:50.306695,336,390,338,330,340,0
2026-08-14T15:30:50.306695,337,391,338,330,339,0
2026-08-14T15:30:50.311030,336,393,336,329,342,0
2026-08-14T15:30:50.311030,338,394,335,331,343,0
2026-08-14T15:30:50.314831,339,393,336,331,344,0
2026-08-14T15:30:50.314831,338,396,336,331,344,0
2026-08-14T15:30:50.317365,339,396,336,330,345,0
2026-08-14T15:30:50.317365,340,397,336,331,345,0
2026-08-14T15:30:50.317365,340,396,336,330,345,0
2026-08-14T15:30:50.321471,341,398,336,329,346,0
2026-08-14T15:30:50.321471,341,399,336,329,346,0
2026-08-14T15:30:50.321471,341,399,335,329,345,0
2026-08-14T15:30:50.323241,342,400,337,331,347,0
2026-08-14T15:30:50.323241,343,403,338,331,349,0
2026-08-14T15:30:50.323241,344,405,341,334,351,0
2026-08-14T15:30:50.323241,347,408,342,336,353,0
2026-08-14T15:30:50.323241,349,410,344,339,356,0
2026-08-14T15:30:50.323241,352,412,347,340,358,0
2026-08-14T15:30:50.323241,352,415,348,341,360,0
2026-08-14T15:30:50.331506,354,418,348,342,361,0
2026-08-14T15:30:50.332352,356,418,349,342,362,0
2026-08-14T15:30:50.332352,356,419,350,343,362,0
2026-08-14T15:30:50.332352,356,419,350,343,361,0
2026-08-14T15:30:50.336598,357,420,351,342,361,0
2026-08-14T15:30:50.336598,355,419,351,340,360,0
2026-08-14T15:30:50.336598,354,418,350,339,360,0
2026-08-14T15:30:50.339777,353,417,350,339,358,0
2026-08-14T15:30:50.341940,353,418,351,340,359,0
2026-08-14T15:30:50.341940,355,418,352,341,360,0
2026-08-14T15:30:50.341940,356,422,354,341,363,0
2026-08-14T15:30:50.344346,356,424,357,343,364,0
2026-08-14T15:30:50.344346,360,425,360,347,368,0
2026-08-14T15:30:50.347787,362,430,362,350,370,0
2026-08-14T15:30:50.347787,366,432,365,351,374,0
2026-08-14T15:30:50.347787,368,436,367,355,376,0
2026-08-14T15:30:50.347787,371,439,370,357,381,0
2026-08-14T15:30:50.347787,374,442,374,359,382,0
2026-08-14T15:30:50.353981,376,443,378,365,385,0
2026-08-14T15:30:50.353981,379,440,379,371,387,0
2026-08-14T15:30:50.355274,383,441,382,374,390,0
2026-08-14T15:30:50.356289,384,443,384,376,391,0
2026-08-14T15:30:50.356289,385,444,385,376,393,0
2026-08-14T15:30:50.356289,387,445,385,377,394,0
2026-08-14T15:30:50.360160,387,448,386,378,396,0
2026-08-14T15:30:50.362414,389,449,387,378,396,0
2026-08-14T15:30:50.363212,392,451,389,380,398,0
2026-08-14T15:30:50.363212,393,453,390,381,400,0
2026-08-14T15:30:50.366512,395,457,393,384,402,0
2026-08-14T15:30:50.366512,398,461,398,386,406,0
2026-08-14T15:30:50.368278,400,465,402,388,409,0
2026-08-14T15:30:50.369527,402,468,404,391,413,0
2026-08-14T15:30:50.370381,407,474,408,395,416,0
2026-08-14T15:30:50.370381,410,478,413,398,422,0
2026-08-14T15:30:50.370381,416,485,418,403,425,0
2026-08-14T15:30:50.374713,420,490,424,406,430,0
2026-08-14T15:30:50.374713,424,496,428,410,435,0
2026-08-14T15:30:50.374713,430,501,434,413,438,0
2026-08-14T15:30:50.376475,431,506,438,416,441,0
2026-08-14T15:30:50.376475,435,511,441,419,443,0
2026-08-14T15:30:50.376475,438,513,445,421,448,0
2026-08-14T15:30:50.380939,441,517,447,425,449,0
2026-08-14T15:30:50.380939,443,517,451,428,452,0
2026-08-14T15:30:50.380939,446,519,454,432,455,0
2026-08-14T15:30:50.380939,449,514,454,441,458,0
2026-08-14T15:30:50.387111,452,508,461,448,460,0
2026-08-14T15:30:50.387111,454,508,467,450,462,0
2026-08-14T15:30:50.388726,455,510,469,452,463,0
2026-08-14T15:30:50.390797,457,513,468,450,465,0
2026-08-14T15:30:50.390797,459,515,467,449,465,0
2026-08-14T15:30:50.390797,458,518,465,448,465,0
2026-08-14T15:30:50.390797,456,517,465,447,465,0
2026-08-14T15:30:50.395189,457,520,465,446,466,0
2026-08-14T15:30:50.396949,458,522,464,444,467,0
2026-08-14T15:30:50.396949,459,523,464,444,469,0
2026-08-14T15:30:50.396949,458,527,464,444,470,0
2026-08-14T15:30:50.396949,461,531,464,444,472,0
2026-08-14T15:30:50.396949,462,534,465,445,474,0
2026-08-14T15:30:50.396949,466,536,467,447,477,0
2026-08-14T15:30:50.403297,467,539,470,449,480,0
2026-08-14T15:30:50.403895,471,542,475,454,482,0
2026-08-14T15:30:50.405333,475,546,478,458,486,0
2026-08-14T15:30:50.405333,480,548,482,463,490,0
2026-08-14T15:30:50.407490,484,548,486,471,495,0
2026-08-14T15:30:50.407490,490,543,489,481,498,0
2026-08-14T15:30:50.407490,494,541,494,488,502,0
2026-08-14T15:30:50.411566,496,539,496,493,503,0
2026-08-14T15:30:50.411566,498,541,500,497,506,0
2026-08-14T15:30:50.413580,500,543,504,500,509,0
2026-08-14T15:30:50.414273,502,548,506,501,511,0
2026-08-14T15:30:50.414273,504,552,509,502,513,0
2026-08-14T15:30:50.414273,507,555,511,503,516,0
2026-08-14T15:30:50.414273,507,558,515,503,518,0
2026-08-14T15:30:50.419422,510,563,517,506,519,0
2026-08-14T15:30:50.419986,514,566,520,506,521,0
2026-08-14T15:30:50.420748,517,567,520,507,524,0
2026-08-14T15:30:50.422470,516,569,522,509,526,0
2026-08-14T15:30:50.422470,519,571,525,512,529,0
2026-08-14T15:30:50.422470,520,575,526,515,532,0
2026-08-14T15:30:50.425619,525,578,526,515,534,0
2026-08-14T15:30:50.427963,525,582,527,516,537,0
2026-08-14T15:30:50.427963,527,587,529,516,539,0
2026-08-14T15:30:50.427963,529,590,531,518,540,0
2026-08-14T15:30:50.431172,531,594,534,519,542,0
2026-08-14T15:30:50.431172,532,596,538,520,543,0
2026-08-14T15:30:50.431172,533,598,543,524,547,0
2026-08-14T15:30:50.431172,536,600,548,528,549,0
2026-08-14T15:30:50.431172,538,605,547,529,551,0
2026-08-14T15:30:50.437060,542,610,548,530,555,0
2026-08-14T15:30:50.437060,544,613,552,531,557,0
2026-08-14T15:30:50.438135,544,617,553,534,560,0
2026-08-14T15:30:50.438135,548,620,558,536,561,0
2026-08-14T15:30:50.438135,550,623,559,540,566,0
2026-08-14T15:30:50.442084,553,626,562,541,569,0
2026-08-14T15:30:50.442084,555,630,565,544,572,0
2026-08-14T15:30:50.442084,558,634,569,548,575,0
2026-08-14T15:30:50.442084,561,639,572,551,577,0
2026-08-14T15:30:50.446189,566,641,577,555,581,0
2026-08-14T15:30:50.446189,567,643,583,559,584,0
2026-08-14T15:30:50.446189,571,645,586,564,587,0
2026-08-14T15:30:50.446189,574,643,588,572,590,0
2026-08-14T15:30:50.453354,581,630,586,585,593,0
2026-08-14T15:30:50.454096,585,632,592,590,598,0
2026-08-14T15:30:50.454096,591,635,588,592,601,0
2026-08-14T15:30:50.455843,592,637,590,591,603,0
2026-08-14T15:30:50.456858,592,640,592,591,604,0
2026-08-14T15:30:50.456858,595,643,592,590,604,0
2026-08-14T15:30:50.460682,594,648,594,590,606,0
2026-08-14T15:30:50.460682,594,650,598,591,606,0
2026-08-14T15:30:50.461726,595,656,601,591,608,0
2026-08-14T15:30:50.462770,595,661,606,591,610,0
2026-08-14T15:30:50.464816,596,666,610,593,613,0
2026-08-14T15:30:50.464816,598,672,617,595,615,0
2026-08-14T15:30:50.464816,599,677,621,598,619,0
2026-08-14T15:30:50.468912,601,679,626,603,622,0
2026-08-14T15:30:50.470444,604,672,630,609,623,0
2026-08-14T15:30:50.470444,606,679,630,610,627,0
2026-08-14T15:30:50.470444,607,681,632,613,628,0
2026-08-14T15:30:50.470444,610,685,636,614,630,0
2026-08-14T15:30:50.470444,611,689,640,614,632,0
2026-08-14T15:30:50.470444,612,694,643,615,636,0
2026-08-14T15:30:50.475227,613,698,648,617,636,0
2026-08-14T15:30:50.475227,613,703,650,619,639,0
2026-08-14T15:30:50.478229,615,707,654,623,642,0
2026-08-14T15:30:50.478229,616,710,659,625,645,0
2026-08-14T15:30:50.478229,619,714,663,628,648,0
2026-08-14T15:30:50.478229,619,721,667,629,650,0
2026-08-14T15:30:50.483059,622,725,670,631,653,0
2026-08-14T15:30:50.485072,624,724,674,636,655,0
2026-08-14T15:30:50.486565,628,713,675,646,656,0
2026-08-14T15:30:50.487195,627,713,690,655,656,0
2026-08-14T15:30:50.489447,628,716,701,661,659,0
2026-08-14T15:30:50.489447,633,714,706,669,658,0
2026-08-14T15:30:50.489447,637,704,711,678,660,0
2026-08-14T15:30:50.489447,640,705,710,682,667,0
2026-08-14T15:30:50.489447,645,711,711,684,672,0
2026-08-14T15:30:50.489447,651,714,711,687,676,0
2026-08-14T15:30:50.489447,653,713,710,689,680,0
2026-08-14T15:30:50.497590,655,716,709,690,682,0
2026-08-14T15:30:50.497590,660,714,707,691,685,0
2026-08-14T15:30:50.499358,661,715,703,693,688,0
2026-08-14T15:30:50.499358,665,714,702,693,691,0
2026-08-14T15:30:50.499358,667,720,705,694,693,0
2026-08-14T15:30:50.502768,669,727,708,695,695,0
2026-08-14T15:30:50.503930,671,733,710,694,699,0
2026-08-14T15:30:50.504439,671,741,712,693,701,0
2026-08-14T15:30:50.504439,670,748,713,692,704,0
2026-08-14T15:30:50.504439,672,756,715,690,705,0
2026-08-14T15:30:50.504439,671,764,718,689,709,0
2026-08-14T15:30:50.509853,673,768,721,688,710,0
2026-08-14T15:30:50.509853,672,773,724,688,712,0
2026-08-14T15:30:50.510861,669,779,727,687,712,0
2026-08-14T15:30:50.513964,669,784,731,689,713,0
2026-08-14T15:30:50.513964,669,789,737,690,716,0
2026-08-14T15:30:50.513964,671,792,744,694,719,0
2026-08-14T15:30:50.513964,671,784,747,707,719,0
2026-08-14T15:30:50.513964,674,771,755,717,717,0
2026-08-14T15:30:50.520783,676,754,761,726,713,0
2026-08-14T15:30:50.520783,677,757,765,731,719,0
2026-08-14T15:30:50.520783,680,762,766,732,727,0
2026-08-14T15:30:50.520783,683,768,767,734,731,0
2026-08-14T15:30:50.524188,687,775,767,734,737,0
2026-08-14T15:30:50.524188,688,781,769,735,740,0
2026-08-14T15:30:50.524188,692,787,770,736,743,0
2026-08-14T15:30:50.527439,693,794,772,735,749,0
2026-08-14T15:30:50.527439,697,800,773,736,751,0
2026-08-14T15:30:50.527439,698,805,776,736,754,0
2026-08-14T15:30:50.527439,701,809,780,738,756,0
2026-08-14T15:30:50.527439,700,816,783,739,760,0
2026-08-14T15:30:50.527439,701,821,787,741,761,0
2026-08-14T15:30:50.527439,701,820,793,744,762,0
2026-08-14T15:30:50.536172,702,823,795,745,764,0
2026-08-14T15:30:50.536753,702,829,794,744,767,0
2026-08-14T15:30:50.537826,703,832,796,746,769,0
2026-08-14T15:30:50.539025,704,830,801,749,770,0
2026-08-14T15:30:50.539025,704,825,801,755,770,0
2026-08-14T15:30:50.541038,711,799,798,765,769,0
2026-08-14T15:30:50.543082,713,790,807,771,770,0
2026-08-14T15:30:50.543082,717,781,802,772,771,0
2026-08-14T15:30:50.545284,721,781,797,772,774,0
2026-08-14T15:30:50.545284,723,787,797,772,777,0
2026-08-14T15:30:50.545284,722,790,799,773,779,0
2026-08-14T15:30:50.545284,721,795,800,773,780,0
2026-08-14T15:30:50.545284,721,802,803,770,780,0
2026-08-14T15:30:50.545284,720,807,805,769,782,0
2026-08-14T15:30:50.552313,719,810,809,768,783,0
2026-08-14T15:30:50.554178,718,816,812,769,783,0
2026-08-14T15:30:50.554178,717,821,815,769,783,0
2026-08-14T15:30:50.554178,716,821,819,770,783,0
2026-08-14T15:30:50.554178,719,809,820,776,781,0
2026-08-14T15:30:50.554178,719,803,824,776,781,0
2026-08-14T15:30:50.554178,722,802,817,776,782,0
2026-08-14T15:30:50.560472,719,803,819,774,782,0
2026-08-14T15:30:50.560472,720,806,819,772,782,0
2026-08-14T15:30:50.560472,719,809,820,771,783,0
2026-08-14T15:30:50.560472,716,812,819,771,784,0
2026-08-14T15:30:50.564874,716,814,821,770,784,0
2026-08-14T15:30:50.566886,715,814,825,770,784,0
2026-08-14T15:30:50.566886,714,818,826,766,784,0
2026-08-14T15:30:50.566886,713,820,828,766,785,0
2026-08-14T15:30:50.571186,713,821,830,767,783,0
2026-08-14T15:30:50.571186,716,809,828,773,781,0
2026-08-14T15:30:50.571186,721,793,833,777,780,0
2026-08-14T15:30:50.571186,720,794,840,779,777,0
2026-08-14T15:30:50.573199,718,790,843,781,772,0
2026-08-14T15:30:50.573199,720,773,843,782,766,0
2026-08-14T15:30:50.576654,721,768,841,781,767,0
2026-08-14T15:30:50.577594,724,759,834,780,769,0
2026-08-14T15:30:50.577594,725,750,829,779,769,0
2026-08-14T15:30:50.577594,725,744,823,777,769,0
2026-08-14T15:30:50.583613,726,740,818,774,770,0
2026-08-14T15:30:50.583613,728,735,809,774,770,0
2026-08-14T15:30:50.583613,728,735,807,772,771,0
2026-08-14T15:30:50.583613,726,741,806,770,771,0
2026-08-14T15:30:50.587692,723,749,806,768,771,0
2026-08-14T15:30:50.587692,722,757,805,764,772,0
2026-08-14T15:30:50.587692,720,766,805,761,773,0
2026-08-14T15:30:50.587692,717,775,806,758,772,0
2026-08-14T15:30:50.587692,715,782,807,755,771,0
2026-08-14T15:30:50.587692,711,793,807,753,771,0
2026-08-14T15:30:50.593323,709,795,811,751,770,0
2026-08-14T15:30:50.593323,707,797,815,750,769,0
2026-08-14T15:30:50.593323,707,793,819,751,767,0
2026-08-14T15:30:50.593323,711,774,815,756,762,0
2026-08-14T15:30:50.593323,715,757,817,760,756,0
2026-08-14T15:30:50.593323,718,741,824,760,745,0
2026-08-14T15:30:50.593323,716,731,830,760,736,0
2026-08-14T15:30:50.601341,714,725,831,756,732,0
2026-08-14T15:30:50.603722,713,719,827,754,727,0
2026-08-14T15:30:50.604411,711,714,828,753,720,0
2026-08-14T15:30:50.604411,711,706,825,751,718,0
2026-08-14T15:30:50.607463,710,704,820,747,717,0
2026-08-14T15:30:50.607463,711,697,813,745,716,0
2026-08-14T15:30:50.607463,711,692,805,741,715,0
2026-08-14T15:30:50.612290,712,684,798,738,714,0
2026-08-14T15:30:50.612290,710,682,791,736,715,0
2026-08-14T15:30:50.613432,709,683,785,733,715,0
2026-08-14T15:30:50.613432,708,685,783,731,716,0
2026-08-14T15:30:50.616365,708,687,778,729,714,0
2026-08-14T15:30:50.616365,707,687,776,727,714,0
2026-08-14T15:30:50.616365,704,690,770,724,713,0
2026-08-14T15:30:50.620452,703,691,765,722,711,0
2026-08-14T15:30:50.620452,702,695,764,718,712,0
2026-08-14T15:30:50.620452,699,701,763,717,712,0
2026-08-14T15:30:50.620452,696,707,762,713,711,0
2026-08-14T15:30:50.623259,694,714,763,709,710,0
2026-08-14T15:30:50.623259,692,718,764,706,707,0
2026-08-14T15:30:50.623259,689,720,765,704,705,0
2026-08-14T15:30:50.626324,686,723,765,700,703,0
2026-08-14T15:30:50.626324,686,722,765,697,699,0
2026-08-14T15:30:50.626324,687,707,760,700,691,0
2026-08-14T15:30:50.626324,684,706,757,694,690,0
2026-08-14T15:30:50.626324,682,696,753,692,685,0
2026-08-14T15:30:50.626324,680,700,753,687,684,0
2026-08-14T15:30:50.626324,678,703,750,683,681,0
2026-08-14T15:30:50.636986,675,704,747,678,680,0
2026-08-14T15:30:50.636986,672,704,746,676,676,0
2026-08-14T15:30:50.638545,670,703,748,673,673,0
2026-08-14T15:30:50.638545,669,698,747,671,668,0
2026-08-14T15:30:50.638545,667,683,741,672,659,0
2026-08-14T15:30:50.638545,664,671,744,671,653,0
2026-08-14T15:30:50.638545,660,666,747,668,643,0
2026-08-14T15:30:50.645041,654,657,744,664,631,0
2026-08-14T15:30:50.645041,651,633,737,660,616,0
2026-08-14T15:30:50.645041,645,630,734,655,608,0
2026-08-14T15:30:50.649189,639,613,722,649,601,0
2026-08-14T15:30:50.649189,634,598,708,643,597,0
2026-08-14T15:30:50.649189,628,588,697,636,593,0
2026-08-14T15:30:50.650951,625,587,688,632,596,0
2026-08-14T15:30:50.652817,625,594,687,630,600,0
2026-08-14T15:30:50.653811,622,603,686,627,600,0
2026-08-14T15:30:50.653811,620,609,686,622,600,0
2026-08-14T15:30:50.657340,618,614,687,618,598,0
2026-08-14T15:30:50.657340,615,613,687,616,593,0
2026-08-14T15:30:50.657340,610,607,685,613,588,0
2026-08-14T15:30:50.659107,606,605,680,608,582,0
2026-08-14T15:30:50.661411,602,599,672,604,578,0
2026-08-14T15:30:50.671420,598,593,668,599,571,0
2026-08-14T15:30:50.671420,593,586,666,595,563,0
2026-08-14T15:30:50.671420,586,580,662,590,553,0
2026-08-14T15:30:50.671420,581,575,658,582,548,0
2026-08-14T15:30:50.675089,575,576,649,575,545,0
2026-08-14T15:30:50.676007,570,576,641,566,545,0
2026-08-14T15:30:50.676007,564,577,632,558,544,0
2026-08-14T15:30:50.676007,558,579,625,549,544,0
2026-08-14T15:30:50.676007,556,580,620,544,545,0
2026-08-14T15:30:50.676007,553,581,616,540,542,0
2026-08-14T15:30:50.676007,550,583,615,536,539,0
2026-08-14T15:30:50.676007,547,582,611,532,538,0
2026-08-14T15:30:50.676007,544,580,609,529,533,0
2026-08-14T15:30:50.676007,541,574,605,524,528,0
2026-08-14T15:30:50.676007,536,565,602,523,521,0
2026-08-14T15:30:50.676007,533,550,595,522,513,0
2026-08-14T15:30:50.676007,529,528,586,524,506,0
2026-08-14T15:30:50.676007,525,537,585,515,505,0
2026-08-14T15:30:50.683282,521,530,576,511,502,0
2026-08-14T15:30:50.685810,519,530,575,508,500,0
2026-08-14T15:30:50.687386,516,532,574,503,499,0
2026-08-14T15:30:50.687386,512,536,570,498,499,0
2026-08-14T15:30:50.687386,509,536,567,494,495,0
2026-08-14T15:30:50.690078,505,534,567,489,492,0
2026-08-14T15:30:50.690078,502,529,563,487,485,0
2026-08-14T15:30:50.690078,500,515,558,486,480,0
2026-08-14T15:30:50.691586,498,518,557,481,479,0
2026-08-14T15:30:50.691586,494,520,553,478,481,0
2026-08-14T15:30:50.691586,492,521,553,474,478,0
2026-08-14T15:30:50.691586,490,520,550,469,476,0
2026-08-14T15:30:50.691586,486,521,546,464,472,0
2026-08-14T15:30:50.691586,482,517,544,461,468,0
2026-08-14T15:30:50.699752,477,514,541,457,465,0
2026-08-14T15:30:50.701610,473,506,538,453,458,0
2026-08-14T15:30:50.703842,469,491,530,452,449,0
2026-08-14T15:30:50.704506,466,488,531,447,446,0
2026-08-14T15:30:50.704506,461,484,529,444,441,0
2026-08-14T15:30:50.704506,458,479,526,441,436,0
2026-08-14T15:30:50.704506,455,467,522,440,430,0
2026-08-14T15:30:50.707923,452,458,520,437,423,0
2026-08-14T15:30:50.710301,447,456,515,434,419,0
2026-08-14T15:30:50.711181,441,444,506,431,413,0
2026-08-14T15:30:50.711181,437,435,498,426,407,0
2026-08-14T15:30:50.714662,431,431,489,418,406,0
2026-08-14T15:30:50.714662,425,424,476,409,401,0
2026-08-14T15:30:50.714662,415,419,466,399,396,0
2026-08-14T15:30:50.716422,407,417,459,389,390,0
2026-08-14T15:30:50.718766,399,413,450,380,384,0
2026-08-14T15:30:50.720434,395,409,445,374,379,0
2026-08-14T15:30:50.720434,391,406,442,369,376,0
2026-08-14T15:30:50.720434,386,404,436,366,372,0
2026-08-14T15:30:50.720434,381,402,431,359,369,0
2026-08-14T15:30:50.720434,377,397,426,355,367,0
2026-08-14T15:30:50.724820,373,393,419,349,363,0
2026-08-14T15:30:50.724820,367,391,416,346,359,0
2026-08-14T15:30:50.724820,365,389,413,341,355,0
2026-08-14T15:30:50.724820,360,383,409,336,351,0
2026-08-14T15:30:50.728808,354,376,401,333,345,0
2026-08-14T15:30:50.728808,349,370,398,328,339,0
2026-08-14T15:30:50.728808,343,367,392,322,333,0
2026-08-14T15:30:50.733056,339,361,386,316,328,0
2026-08-14T15:30:50.733056,332,356,380,310,322,0
2026-08-14T15:30:50.733056,325,351,374,303,318,0
2026-08-14T15:30:50.737349,321,349,368,298,315,0
2026-08-14T15:30:50.739242,319,347,364,294,313,0
2026-08-14T15:30:50.739242,314,346,360,290,311,0
2026-08-14T15:30:50.739242,312,343,357,287,309,0
2026-08-14T15:30:50.741107,307,341,352,283,306,0
2026-08-14T15:30:50.743326,303,337,347,278,303,0
2026-08-14T15:30:50.743326,301,332,342,274,298,0
2026-08-14T15:30:50.743326,296,328,337,270,294,0
2026-08-14T15:30:50.743326,293,322,333,267,290,0
2026-08-14T15:30:50.743326,290,315,329,267,284,0
2026-08-14T15:30:50.743326,287,307,325,267,281,0
2026-08-14T15:30:50.749356,284,301,321,265,274,0
2026-08-14T15:30:50.749356,279,299,319,261,272,0
2026-08-14T15:30:50.753853,275,293,314,258,268,0
2026-08-14T15:30:50.753853,272,290,310,255,263,0
2026-08-14T15:30:50.753853,269,286,306,252,259,0
2026-08-14T15:30:50.753853,267,283,305,250,258,0
2026-08-14T15:30:50.753853,263,281,303,249,255,0
2026-08-14T15:30:50.757475,264,279,302,247,252,0
2026-08-14T15:30:50.757475,261,277,300,247,251,0
2026-08-14T15:30:50.757475,260,271,295,244,247,0
2026-08-14T15:30:50.757475,257,271,293,242,246,0
2026-08-14T15:30:50.757475,254,270,290,239,245,0
2026-08-14T15:30:50.757475,254,268,288,237,243,0
2026-08-14T15:30:50.757475,249,267,284,234,241,0
2026-08-14T15:30:50.767100,248,265,284,232,239,0
2026-08-14T15:30:50.768754,246,264,280,230,238,0
2026-08-14T15:30:50.770366,243,264,278,228,236,0
2026-08-14T15:30:50.771252,241,262,275,225,235,0
2026-08-14T15:30:50.772497,239,258,272,223,234,0
2026-08-14T15:30:50.773251,238,258,270,221,232,0
2026-08-14T15:30:50.774656,236,256,268,220,231,0
2026-08-14T15:30:50.776143,236,257,267,218,232,0
2026-08-14T15:30:50.776143,237,256,267,217,231,0
2026-08-14T15:30:50.776143,236,257,267,217,231,0
2026-08-14T15:30:50.776143,235,256,267,217,231,0
2026-08-14T15:30:50.776143,233,257,267,217,230,0
2026-08-14T15:30:50.781288,235,257,267,216,231,0
2026-08-14T15:30:50.781288,236,256,267,217,231,0
2026-08-14T15:30:50.783920,235,257,267,218,231,0
2026-08-14T15:30:50.784661,235,257,267,218,231,0
2026-08-14T15:30:50.784661,234,258,267,219,231,0
2026-08-14T15:30:50.788411,235,257,268,218,231,0
2026-08-14T15:30:50.788411,234,256,267,218,231,0
2026-08-14T15:30:50.789422,236,255,269,219,231,0
2026-08-14T15:30:50.789422,235,256,269,220,230,0
2026-08-14T15:30:50.792489,236,256,271,221,229,0
2026-08-14T15:30:50.792489,238,255,272,224,228,0
2026-08-14T15:30:50.792489,238,255,274,225,230,0
2026-08-14T15:30:50.792489,239,256,278,228,230,0
2026-08-14T15:30:50.792489,241,256,280,231,230,0
2026-08-14T15:30:50.797481,243,255,283,233,229,0
2026-08-14T15:30:50.797481,246,255,285,237,231,0
2026-08-14T15:30:50.799494,247,257,289,240,233,0
2026-08-14T15:30:50.799494,249,259,292,242,233,0
2026-08-14T15:30:50.799494,252,260,295,244,236,0
2026-08-14T15:30:50.804660,256,262,298,249,239,0
2026-08-14T15:30:50.805167,259,266,301,251,243,0
2026-08-14T15:30:50.805167,262,269,305,255,246,0
2026-08-14T15:30:50.805167,266,272,308,258,247,0
2026-08-14T15:30:50.807424,267,273,311,259,248,0
2026-08-14T15:30:50.807424,268,273,313,261,248,0
2026-08-14T15:30:50.807424,270,273,314,262,249,0
2026-08-14T15:30:50.807424,270,274,315,263,249,0
2026-08-14T15:30:50.813590,270,275,315,264,250,0
2026-08-14T15:30:50.813590,271,276,317,265,251,0
2026-08-14T15:30:50.817090,273,275,319,265,252,0
2026-08-14T15:30:50.817090,273,276,318,265,252,0
2026-08-14T15:30:50.817090,274,277,316,265,252,0
2026-08-14T15:30:50.820345,275,277,318,265,254,0
2026-08-14T15:30:50.820668,273,277,317,264,253,0
2026-08-14T15:30:50.821691,273,277,315,264,252,0
2026-08-14T15:30:50.821691,271,276,313,261,251,0
2026-08-14T15:30:50.823903,270,275,311,260,251,0
2026-08-14T15:30:50.823903,268,273,309,260,251,0
2026-08-14T15:30:50.823903,266,273,307,259,249,0
2026-08-14T15:30:50.823903,265,273,306,256,249,0
2026-08-14T15:30:50.823903,265,272,306,256,248,0
2026-08-14T15:30:50.829826,266,271,305,256,248,0
2026-08-14T15:30:50.829826,265,270,306,256,248,0
2026-08-14T15:30:50.829826,266,270,306,255,248,0
2026-08-14T15:30:50.829826,266,271,306,255,248,0
2026-08-14T15:30:50.829826,267,271,307,257,249,0
2026-08-14T15:30:50.836845,266,272,307,257,250,0
2026-08-14T15:30:50.837763,266,273,308,258,249,0
2026-08-14T15:30:50.837763,267,274,309,259,249,0
2026-08-14T15:30:50.837763,268,274,310,259,251,0
2026-08-14T15:30:50.841665,267,273,310,260,251,0
2026-08-14T15:30:50.841665,268,275,310,260,251,0
2026-08-14T15:30:50.841665,270,275,310,259,251,0
2026-08-14T15:30:50.845235,268,275,311,260,251,0
2026-08-14T15:30:50.846246,269,274,309,261,251,0
2026-08-14T15:30:50.846246,268,275,309,259,251,0
2026-08-14T15:30:50.848259,270,274,310,260,250,0
2026-08-14T15:30:50.849555,269,274,310,259,251,0
2026-08-14T15:30:50.849555,269,274,309,259,250,0
2026-08-14T15:30:50.849555,268,273,310,259,250,0
2026-08-14T15:30:50.853443,268,273,310,259,250,0
2026-08-14T15:30:50.854670,269,273,309,258,250,0
2026-08-14T15:30:50.854670,268,272,308,259,250,0
2026-08-14T15:30:50.854670,267,273,307,258,250,0
2026-08-14T15:30:50.854670,266,273,309,258,250,0
2026-08-14T15:30:50.854670,267,272,308,259,249,0
2026-08-14T15:30:50.854670,268,273,307,258,250,0
2026-08-14T15:30:50.859778,269,273,307,258,249,0
2026-08-14T15:30:50.862944,268,273,308,259,249,0
2026-08-14T15:30:50.863644,269,273,308,259,249,0
2026-08-14T15:30:50.863644,267,273,308,258,250,0
2026-08-14T15:30:50.863644,268,273,308,257,250,0
2026-08-14T15:30:50.863644,266,272,309,258,250,0
2026-08-14T15:30:50.863644,267,273,309,259,250,0
2026-08-14T15:30:50.870304,268,273,309,259,249,0
2026-08-14T15:30:50.870304,268,272,308,258,250,0
2026-08-14T15:30:50.872113,267,272,308,258,249,0
2026-08-14T15:30:50.872113,268,272,309,258,250,0
2026-08-14T15:30:50.872113,267,273,308,259,249,0
2026-08-14T15:30:50.872113,268,273,308,257,250,0
2026-08-14T15:30:50.872113,269,272,308,259,249,0
2026-08-14T15:30:50.878515,267,274,309,258,249,0
2026-08-14T15:30:50.878515,267,273,308,258,250,0
2026-08-14T15:30:50.879528,267,274,309,258,249,0
2026-08-14T15:30:50.882615,267,273,309,259,249,0
2026-08-14T15:30:50.882615,267,272,309,258,249,0
2026-08-14T15:30:50.882615,267,272,309,259,250,0
2026-08-14T15:30:50.882615,267,273,308,259,250,0
2026-08-14T15:30:50.886606,267,273,309,258,249,0
2026-08-14T15:30:50.886606,268,272,309,259,249,0
2026-08-14T15:30:50.887879,267,272,307,259,249,0
2026-08-14T15:30:50.890787,269,272,308,258,250,0
2026-08-14T15:30:50.890787,268,273,308,257,249,0
2026-08-14T15:30:50.890787,267,274,308,260,249,0
2026-08-14T15:30:50.892547,268,273,308,259,250,0
2026-08-14T15:30:50.894888,267,272,309,259,249,0
2026-08-14T15:30:50.894888,266,273,309,258,249,0
2026-08-14T15:30:50.895899,266,274,308,258,250,0
2026-08-14T15:30:50.897319,267,272,309,259,250,0
2026-08-14T15:30:50.897319,267,272,307,260,249,0
2026-08-14T15:30:50.897319,266,272,308,259,250,0
2026-08-14T15:30:50.897319,267,273,309,258,250,0
2026-08-14T15:30:50.902751,268,272,309,258,249,0
2026-08-14T15:30:50.903680,267,272,309,258,250,0
2026-08-14T15:30:50.903680,268,273,308,259,250,0
2026-08-14T15:30:50.903680,267,273,309,259,249,0
2026-08-14T15:30:50.903680,268,273,308,259,250,0
2026-08-14T15:30:50.903680,267,272,308,259,250,0
2026-08-14T15:30:50.903680,266,272,309,259,249,0
2026-08-14T15:30:50.912180,268,272,309,259,250,0
2026-08-14T15:30:50.912180,267,273,309,259,249,0
2026-08-14T15:30:50.913968,266,272,308,259,250,0
2026-08-14T15:30:50.913968,266,274,308,259,250,0
2026-08-14T15:30:50.913968,267,272,309,259,249,0
2026-08-14T15:30:50.913968,267,273,308,259,250,0
2026-08-14T15:30:50.919453,269,273,307,258,250,0
2026-08-14T15:30:50.920165,267,273,309,258,249,0
2026-08-14T15:30:50.920165,266,272,309,259,249,0
2026-08-14T15:30:50.920165,268,273,308,258,250,0
2026-08-14T15:30:50.923648,267,272,308,258,250,0
2026-08-14T15:30:50.923648,266,273,308,259,250,0
2026-08-14T15:30:50.923648,267,272,308,259,250,0
2026-08-14T15:30:50.925660,266,273,309,259,249,0
2026-08-14T15:30:50.927893,268,272,309,259,249,0
2026-08-14T15:30:50.928950,268,273,308,258,250,0
2026-08-14T15:30:50.929459,268,272,309,258,250,0
2026-08-14T15:30:50.931859,267,273,308,258,249,0
2026-08-14T15:30:50.932432,268,274,309,258,249,0
2026-08-14T15:30:50.932432,269,273,308,258,250,0
2026-08-14T15:30:50.936039,268,273,309,259,249,0
2026-08-14T15:30:50.937196,267,274,309,259,249,0
2026-08-14T15:30:50.937196,266,274,309,259,249,0
2026-08-14T15:30:50.937196,267,273,308,259,250,0
2026-08-14T15:30:50.939953,268,273,309,259,249,0
2026-08-14T15:30:50.939953,267,273,308,259,250,0
2026-08-14T15:30:50.939953,266,274,308,259,250,0
2026-08-14T15:30:50.944038,268,273,308,259,249,0
2026-08-14T15:30:50.944038,268,273,308,259,249,0
2026-08-14T15:30:50.944038,267,272,308,259,250,0
2026-08-14T15:30:50.946396,268,272,309,258,249,0
2026-08-14T15:30:50.946396,268,273,309,258,251,0
2026-08-14T15:30:50.946396,268,274,308,259,250,0
2026-08-14T15:30:50.950073,268,273,308,259,250,0
2026-08-14T15:30:50.952096,266,274,309,260,250,0
2026-08-14T15:30:50.953245,268,273,309,259,250,0
2026-08-14T15:30:50.953872,268,273,308,259,250,0
2026-08-14T15:30:50.953872,267,273,308,260,250,0
2026-08-14T15:30:50.953872,267,273,309,258,250,0
2026-08-14T15:30:50.953872,267,273,309,259,250,0
2026-08-14T15:30:50.958190,269,273,309,258,249,0
2026-08-14T15:30:50.960253,268,273,309,259,250,0
2026-08-14T15:30:50.960253,268,273,309,259,250,0
2026-08-14T15:30:50.960253,268,273,309,259,249,0
2026-08-14T15:30:50.964538,268,273,309,258,250,0
2026-08-14T15:30:50.964538,269,274,309,259,249,0
2026-08-14T15:30:50.964538,267,272,308,259,250,0
2026-08-14T15:30:50.964538,267,272,309,259,250,0
2026-08-14T15:30:50.968305,269,273,309,259,249,0
2026-08-14T15:30:50.968305,267,273,309,259,249,0
2026-08-14T15:30:50.968305,268,272,308,259,249,0
2026-08-14T15:30:50.972714,267,272,310,258,250,0
2026-08-14T15:30:50.972714,268,272,310,259,249,0
2026-08-14T15:30:50.972714,267,273,309,259,249,0
2026-08-14T15:30:50.972714,268,273,309,259,250,0
2026-08-14T15:30:50.976789,267,273,308,258,249,0
2026-08-14T15:30:50.976789,268,272,309,260,249,0
2026-08-14T15:30:50.976789,268,274,309,259,249,0
2026-08-14T15:30:50.976789,268,273,308,258,249,0
2026-08-14T15:30:50.976789,267,272,310,259,250,0
2026-08-14T15:30:50.976789,267,272,308,259,250,0
2026-08-14T15:30:50.984603,268,272,309,259,250,0
2026-08-14T15:30:50.986134,267,273,309,259,249,0
2026-08-14T15:30:50.987158,268,273,308,258,250,0
2026-08-14T15:30:50.987158,268,273,309,258,250,0
2026-08-14T15:30:50.987158,268,272,308,259,250,0
2026-08-14T15:30:50.987158,267,274,308,259,249,0
2026-08-14T15:30:50.987158,268,273,309,259,249,0
2026-08-14T15:30:50.993202,268,274,309,259,249,0
2026-08-14T15:30:50.993202,268,273,309,258,250,0
2026-08-14T15:30:50.993202,268,272,308,259,249,0
2026-08-14T15:30:50.993202,267,274,309,259,249,0
2026-08-14T15:30:50.997274,267,274,308,259,250,0
2026-08-14T15:30:50.997274,267,274,308,259,250,0
2026-08-14T15:30:50.997274,267,273,308,258,249,0
2026-08-14T15:30:51.001173,268,274,310,259,249,0
2026-08-14T15:30:51.001173,268,273,309,258,250,0
2026-08-14T15:30:51.001173,267,273,309,259,250,0
2026-08-14T15:30:51.003575,268,273,309,260,249,0
2026-08-14T15:30:51.003575,268,274,310,259,249,0
2026-08-14T15:30:51.003575,268,273,309,259,249,0
2026-08-14T15:30:51.003575,268,273,309,259,249,0
2026-08-14T15:30:51.009286,267,274,308,260,250,0
2026-08-14T15:30:51.009286,267,274,309,260,249,0
2026-08-14T15:30:51.009286,268,274,309,258,250,0
2026-08-14T15:30:51.009286,268,272,310,259,250,0
2026-08-14T15:30:51.009286,268,273,308,259,249,0
2026-08-14T15:30:51.009286,269,273,309,259,249,0
2026-08-14T15:30:51.009286,268,273,309,259,249,0
2026-08-14T15:30:51.017346,268,272,308,259,249,0
2026-08-14T15:30:51.017346,268,273,309,258,250,0
2026-08-14T15:30:51.020002,267,273,310,260,249,0
2026-08-14T15:30:51.020593,267,273,310,260,250,0
2026-08-14T15:30:51.020593,268,274,309,259,249,0
2026-08-14T15:30:51.020593,268,273,309,259,250,0
2026-08-14T15:30:51.020593,266,273,309,259,250,0
2026-08-14T15:30:51.025966,268,272,309,259,250,0
2026-08-14T15:30:51.025966,268,273,308,259,250,0
2026-08-14T15:30:51.027730,268,273,308,259,249,0
2026-08-14T15:30:51.029740,268,272,310,259,250,0
2026-08-14T15:30:51.029740,268,273,309,260,249,0
2026-08-14T15:30:51.031756,267,274,310,259,249,0
2026-08-14T15:30:51.031756,268,273,308,259,250,0
2026-08-14T15:30:51.034110,267,274,309,259,250,0
2026-08-14T15:30:51.034110,267,273,309,259,250,0
2026-08-14T15:30:51.034110,268,273,309,260,250,0
2026-08-14T15:30:51.036770,266,274,309,259,250,0
2026-08-14T15:30:51.036770,268,273,309,260,250,0
2026-08-14T15:30:51.036770,268,272,308,260,250,0
2026-08-14T15:30:51.036770,268,273,309,259,250,0
2026-08-14T15:30:51.042363,268,273,309,258,249,0
2026-08-14T15:30:51.042363,269,273,308,260,249,0
2026-08-14T15:30:51.042363,268,274,309,260,249,0
2026-08-14T15:30:51.046437,268,274,309,260,250,0
2026-08-14T15:30:51.046437,267,273,310,259,250,0
2026-08-14T15:30:51.046437,267,274,309,260,249,0
2026-08-14T15:30:51.050540,268,273,309,259,250,0
2026-08-14T15:30:51.050540,268,273,310,260,250,0
2026-08-14T15:30:51.050540,267,272,309,260,251,0
2026-08-14T15:30:51.052793,267,274,309,260,249,0
2026-08-14T15:30:51.054449,268,273,310,259,249,0
2026-08-14T15:30:51.054449,268,273,310,259,250,0
2026-08-14T15:30:51.054449,268,273,309,259,250,0
2026-08-14T15:30:51.058742,267,275,310,260,249,0
2026-08-14T15:30:51.058742,267,274,310,259,249,0
2026-08-14T15:30:51.058742,268,273,309,259,250,0
2026-08-14T15:30:51.058742,268,272,310,260,250,0
2026-08-14T15:30:51.062303,267,273,309,260,250,0
2026-08-14T15:30:51.062303,267,274,309,259,250,0
2026-08-14T15:30:51.062303,268,273,308,260,250,0
2026-08-14T15:30:51.067028,268,272,310,259,251,0
2026-08-14T15:30:51.067028,267,272,310,259,250,0
2026-08-14T15:30:51.067028,269,273,310,259,250,0
2026-08-14T15:30:51.069043,268,272,310,258,250,0
2026-08-14T15:30:51.070689,268,273,308,260,249,0
2026-08-14T15:30:51.071253,267,274,310,260,250,0
2026-08-14T15:30:51.071253,269,274,309,260,249,0
2026-08-14T15:30:51.071253,267,274,310,258,249,0
2026-08-14T15:30:51.075470,268,273,310,260,250,0
2026-08-14T15:30:51.075470,268,273,310,259,250,0
2026-08-14T15:30:51.077485,266,274,309,260,250,0
2026-08-14T15:30:51.077485,268,273,310,259,251,0
2026-08-14T15:30:51.077485,268,273,310,259,250,0
2026-08-14T15:30:51.081060,268,274,309,260,250,0
2026-08-14T15:30:51.081060,268,274,310,259,249,0
2026-08-14T15:30:51.083850,268,274,309,259,249,0
2026-08-14T15:30:51.083850,268,273,308,260,249,0
2026-08-14T15:30:51.087404,268,274,310,258,251,0
2026-08-14T15:30:51.087404,267,273,309,259,249,0
2026-08-14T15:30:51.087404,268,273,310,259,250,0
2026-08-14T15:30:51.087404,268,274,310,260,250,0
2026-08-14T15:30:51.091487,267,274,309,259,250,0
2026-08-14T15:30:51.091487,268,273,309,260,251,0
2026-08-14T15:30:51.091487,268,273,309,259,249,0
2026-08-14T15:30:51.093947,268,274,309,258,249,0
2026-08-14T15:30:51.093947,269,273,310,259,250,0
2026-08-14T15:30:51.097348,270,273,309,259,250,0
2026-08-14T15:30:51.097348,269,273,310,260,249,0
2026-08-14T15:30:51.099360,269,273,309,259,249,0
2026-08-14T15:30:51.099360,267,274,310,259,250,0
2026-08-14T15:30:51.099360,268,274,309,259,250,0
2026-08-14T15:30:51.103459,268,273,309,259,250,0
2026-08-14T15:30:51.103459,267,274,309,260,250,0
2026-08-14T15:30:51.105709,267,274,310,260,250,0
2026-08-14T15:30:51.105709,269,274,309,259,250,0
2026-08-14T15:30:51.107467,268,272,310,260,250,0
2026-08-14T15:30:51.107467,267,273,309,260,250,0
2026-08-14T15:30:51.107467,268,273,310,260,249,0
2026-08-14T15:30:51.107467,268,273,309,259,250,0
2026-08-14T15:30:51.107467,267,272,310,259,250,0
2026-08-14T15:30:51.107467,269,273,309,260,250,0
2026-08-14T15:30:51.115753,267,274,310,260,250,0
2026-08-14T15:30:51.116498,268,273,310,260,250,0
2026-08-14T15:30:51.116498,268,274,309,259,250,0
2026-08-14T15:30:51.119525,267,273,309,260,250,0
2026-08-14T15:30:51.120529,269,273,310,260,250,0
2026-08-14T15:30:51.120893,268,274,310,260,251,0
2026-08-14T15:30:51.120893,268,273,310,258,250,0
2026-08-14T15:30:51.123896,268,273,310,259,250,0
2026-08-14T15:30:51.123896,267,274,309,260,250,0
2026-08-14T15:30:51.123896,269,273,310,260,249,0
2026-08-14T15:30:51.126723,269,273,309,259,250,0
2026-08-14T15:30:51.126723,268,273,308,260,249,0
2026-08-14T15:30:51.126723,268,273,310,259,249,0
2026-08-14T15:30:51.126723,269,273,310,260,250,0
2026-08-14T15:30:51.132464,268,274,310,259,249,0
2026-08-14T15:30:51.132464,269,272,310,260,249,0
2026-08-14T15:30:51.132464,267,274,309,260,250,0
2026-08-14T15:30:51.134225,267,274,309,260,250,0
2026-08-14T15:30:51.136098,267,273,309,259,250,0
2026-08-14T15:30:51.136732,268,273,309,259,251,0
2026-08-14T15:30:51.136732,269,274,309,260,250,0
2026-08-14T15:30:51.140663,268,274,310,259,250,0
2026-08-14T15:30:51.140663,268,274,309,260,249,0
2026-08-14T15:30:51.140663,268,275,309,259,251,0
2026-08-14T15:30:51.142426,269,274,309,259,250,0
2026-08-14T15:30:51.142426,268,273,310,260,250,0
2026-08-14T15:30:51.142426,268,274,310,260,249,0
2026-08-14T15:30:51.147210,268,273,309,260,249,0
2026-08-14T15:30:51.147210,269,273,309,260,249,0
2026-08-14T15:30:51.148963,267,273,310,259,250,0
2026-08-14T15:30:51.148963,268,274,309,259,250,0
2026-08-14T15:30:51.152791,268,273,310,259,250,0
2026-08-14T15:30:51.153856,269,274,310,259,249,0
2026-08-14T15:30:51.153856,269,273,309,258,249,0
2026-08-14T15:30:51.153856,267,274,309,259,250,0
2026-08-14T15:30:51.157040,269,274,310,260,249,0
2026-08-14T15:30:51.157040,268,274,310,260,249,0
2026-08-14T15:30:51.157040,268,273,310,260,249,0
2026-08-14T15:30:51.161187,267,274,310,260,249,0
2026-08-14T15:30:51.161187,267,274,309,260,250,0
2026-08-14T15:30:51.161187,268,274,309,260,250,0
2026-08-14T15:30:51.161187,268,273,310,259,249,0
2026-08-14T15:30:51.164696,268,273,310,259,250,0
2026-08-14T15:30:51.164696,267,273,309,260,250,0
2026-08-14T15:30:51.164696,269,273,310,259,250,0
2026-08-14T15:30:51.169419,268,273,309,260,250,0
2026-08-14T15:30:51.170261,268,273,310,259,250,0
2026-08-14T15:30:51.170594,269,273,309,260,250,0
2026-08-14T15:30:51.170594,268,275,310,260,250,0
2026-08-14T15:30:51.173414,267,274,310,259,250,0
2026-08-14T15:30:51.173414,268,274,311,260,249,0
2026-08-14T15:30:51.175177,267,274,309,260,250,0
2026-08-14T15:30:51.175177,269,273,310,260,250,0
2026-08-14T15:30:51.175177,268,273,309,260,250,0
2026-08-14T15:30:51.175177,267,274,309,260,250,0
2026-08-14T15:30:51.181495,269,273,309,260,250,0
2026-08-14T15:30:51.181495,267,274,310,259,251,0
2026-08-14T15:30:51.183508,269,273,310,259,249,0
2026-08-14T15:30:51.183508,268,273,308,260,249,0
2026-08-14T15:30:51.183508,268,273,308,260,250,0
2026-08-14T15:30:51.183508,267,274,310,260,250,0
2026-08-14T15:30:51.187614,268,273,310,260,249,0
2026-08-14T15:30:51.189803,267,274,310,259,249,0
2026-08-14T15:30:51.189803,269,274,309,260,249,0
2026-08-14T15:30:51.189803,268,273,310,260,250,0
2026-08-14T15:30:51.189803,267,274,309,260,251,0
2026-08-14T15:30:51.193897,267,275,310,259,250,0
2026-08-14T15:30:51.193897,268,273,309,259,250,0
2026-08-14T15:30:51.193897,268,273,309,259,250,0
2026-08-14T15:30:51.198109,268,274,310,259,251,0
2026-08-14T15:30:51.198109,268,273,310,259,251,0
2026-08-14T15:30:51.198109,268,274,309,261,249,0
2026-08-14T15:30:51.198109,269,274,310,259,250,0
2026-08-14T15:30:51.198109,268,273,310,260,250,0
2026-08-14T15:30:51.198109,267,275,310,260,251,0
2026-08-14T15:30:51.203398,267,274,310,260,249,0
2026-08-14T15:30:51.204058,268,274,309,260,251,0
2026-08-14T15:30:51.206556,268,273,309,259,250,0
2026-08-14T15:30:51.206556,267,273,310,260,250,0
2026-08-14T15:30:51.206556,268,273,310,260,250,0
2026-08-14T15:30:51.206556,269,273,310,259,250,0
2026-08-14T15:30:51.206556,270,274,309,259,250,0
2026-08-14T15:30:51.206556,268,273,310,259,250,0
2026-08-14T15:30:51.206556,269,274,309,260,250,0
2026-08-14T15:30:51.214577,269,274,310,259,251,0
2026-08-14T15:30:51.214577,268,274,310,260,251,0
2026-08-14T15:30:51.218469,267,274,309,259,251,0
2026-08-14T15:30:51.218469,266,274,310,260,250,0
2026-08-14T15:30:51.220406,267,275,310,259,249,0
2026-08-14T15:30:51.221625,267,273,310,259,250,0
2026-08-14T15:30:51.222636,267,274,309,260,250,0
2026-08-14T15:30:51.222636,267,273,309,261,250,0
2026-08-14T15:30:51.222636,269,273,309,260,250,0
2026-08-14T15:30:51.226653,269,274,309,259,251,0
2026-08-14T15:30:51.226653,268,274,309,259,250,0
2026-08-14T15:30:51.226653,269,273,310,259,249,0
2026-08-14T15:30:51.226653,268,274,310,259,250,0
2026-08-14T15:30:51.230804,269,275,311,260,251,0
2026-08-14T15:30:51.230804,267,273,309,259,250,0
2026-08-14T15:30:51.230804,269,273,310,260,250,0
2026-08-14T15:30:51.232814,267,273,310,260,250,0
2026-08-14T15:30:51.232814,267,274,310,260,250,0
2026-08-14T15:30:51.236212,267,274,309,260,250,0
2026-08-14T15:30:51.237715,267,274,309,260,250,0
2026-08-14T15:30:51.237715,268,274,309,259,251,0
2026-08-14T15:30:51.239270,269,274,310,259,250,0
2026-08-14T15:30:51.239270,269,273,309,259,249,0
2026-08-14T15:30:51.239270,268,274,309,259,251,0
2026-08-14T15:30:51.239270,267,275,310,260,249,0
2026-08-14T15:30:51.239270,268,273,310,260,250,0
2026-08-14T15:30:51.244796,269,274,309,259,250,0
2026-08-14T15:30:51.247387,268,273,310,260,250,0
2026-08-14T15:30:51.247387,268,273,310,260,250,0
2026-08-14T15:30:51.249402,267,273,310,260,250,0
2026-08-14T15:30:51.251239,268,274,309,260,250,0
2026-08-14T15:30:51.251239,269,273,308,260,250,0
2026-08-14T15:30:51.253192,268,273,309,259,250,0
2026-08-14T15:30:51.254718,268,274,309,260,250,0
2026-08-14T15:30:51.255726,269,274,310,260,250,0
2026-08-14T15:30:51.255726,268,274,310,258,249,0
2026-08-14T15:30:51.255726,268,273,310,259,250,0
2026-08-14T15:30:51.258440,268,274,309,260,250,0
2026-08-14T15:30:51.258440,269,274,310,259,251,0
2026-08-14T15:30:51.258440,267,273,309,260,250,0
2026-08-14T15:30:51.261213,268,273,310,260,249,0
2026-08-14T15:30:51.263998,266,274,309,260,250,0
2026-08-14T15:30:51.263998,267,274,309,259,250,0
2026-08-14T15:30:51.263998,267,274,309,259,251,0
2026-08-14T15:30:51.263998,269,274,309,261,249,0
2026-08-14T15:30:51.263998,268,273,309,259,250,0
2026-08-14T15:30:51.263998,268,274,310,259,249,0
2026-08-14T15:30:51.270151,268,275,310,258,250,0
2026-08-14T15:30:51.272324,269,273,310,259,250,0
2026-08-14T15:30:51.272324,268,273,310,261,251,0
2026-08-14T15:30:51.272324,268,273,310,259,250,0
2026-08-14T15:30:51.274340,268,273,310,260,250,0
2026-08-14T15:30:51.274340,267,273,310,260,250,0
2026-08-14T15:30:51.277310,268,274,309,260,250,0
2026-08-14T15:30:51.279323,267,273,309,260,250,0
2026-08-14T15:30:51.279323,268,274,309,259,250,0
2026-08-14T15:30:51.282247,269,274,309,259,251,0
2026-08-14T15:30:51.283256,268,274,309,259,250,0
2026-08-14T15:30:51.284823,268,273,310,260,250,0
2026-08-14T15:30:51.284823,269,273,310,259,251,0
2026-08-14T15:30:51.286399,267,275,310,259,250,0
2026-08-14T15:30:51.288120,267,275,310,259,250,0
2026-08-14T15:30:51.288120,269,273,310,259,250,0
2026-08-14T15:30:51.288120,268,273,310,260,250,0
2026-08-14T15:30:51.291821,268,273,310,260,250,0
2026-08-14T15:30:51.291821,269,274,309,260,250,0
2026-08-14T15:30:51.291821,268,273,310,261,250,0
2026-08-14T15:30:51.291821,268,273,309,259,250,0
2026-08-14T15:30:51.291821,267,274,309,260,250,0
2026-08-14T15:30:51.291821,268,274,310,259,250,0
2026-08-14T15:30:51.291821,268,273,310,259,250,0
2026-08-14T15:30:51.298948,268,273,309,260,249,0
2026-08-14T15:30:51.298948,267,274,310,260,249,0
2026-08-14T15:30:51.298948,268,273,311,260,250,0
2026-08-14T15:30:51.302843,267,274,309,260,250,0
2026-08-14T15:30:51.303806,267,274,308,260,250,0
2026-08-14T15:30:51.303806,268,273,310,260,250,0
2026-08-14T15:30:51.303806,267,273,309,260,249,0
2026-08-14T15:30:51.306575,267,273,310,259,250,0
2026-08-14T15:30:51.306575,269,274,309,259,251,0
2026-08-14T15:30:51.306575,270,273,309,261,251,0
2026-08-14T15:30:51.306575,268,274,310,260,249,0
2026-08-14T15:30:51.306575,268,273,310,260,249,0
2026-08-14T15:30:51.306575,268,273,310,259,249,0
2026-08-14T15:30:51.315548,267,273,310,259,250,0
2026-08-14T15:30:51.316655,268,273,309,260,251,0
2026-08-14T15:30:51.316655,267,274,310,259,250,0
2026-08-14T15:30:51.316655,268,274,309,260,250,0
2026-08-14T15:30:51.320878,267,274,309,260,250,0
2026-08-14T15:30:51.320878,267,273,309,260,250,0
2026-08-14T15:30:51.322631,268,274,310,259,251,0
2026-08-14T15:30:51.322631,268,273,309,259,251,0
2026-08-14T15:30:51.324462,269,274,310,259,250,0
2026-08-14T15:30:51.324462,269,274,309,259,250,0
2026-08-14T15:30:51.324462,268,273,310,259,249,0
2026-08-14T15:30:51.327737,267,275,310,260,249,0
2026-08-14T15:30:51.327737,268,274,309,260,249,0
2026-08-14T15:30:51.330737,268,273,309,259,250,0
2026-08-14T15:30:51.330737,269,273,310,260,250,0
2026-08-14T15:30:51.330737,267,274,310,259,251,0
2026-08-14T15:30:51.330737,267,274,309,260,251,0
2026-08-14T15:30:51.330737,268,272,310,259,249,0
2026-08-14T15:30:51.337372,268,273,310,259,250,0
2026-08-14T15:30:51.337372,268,274,310,260,250,0
2026-08-14T15:30:51.337372,269,274,309,261,249,0
2026-08-14T15:30:51.339733,269,274,309,259,251,0
2026-08-14T15:30:51.339733,268,274,310,259,250,0
2026-08-14T15:30:51.339733,267,274,309,260,251,0
2026-08-14T15:30:51.339733,268,273,311,260,250,0
2026-08-14T15:30:51.339733,268,274,310,260,250,0
2026-08-14T15:30:51.339733,268,273,310,260,250,0
2026-08-14T15:30:51.339733,268,273,310,260,250,0
2026-08-14T15:30:51.349550,267,275,309,260,250,0
2026-08-14T15:30:51.349550,268,274,310,259,250,0
2026-08-14T15:30:51.351316,268,274,309,260,250,0
2026-08-14T15:30:51.351316,267,273,309,260,251,0
2026-08-14T15:30:51.353382,269,274,310,260,249,0
2026-08-14T15:30:51.353766,269,274,310,259,251,0
2026-08-14T15:30:51.353766,269,274,309,260,250,0
2026-08-14T15:30:51.356353,269,273,311,260,250,0
2026-08-14T15:30:51.356353,267,274,310,260,250,0
2026-08-14T15:30:51.359496,268,275,310,260,250,0
2026-08-14T15:30:51.359496,268,273,310,260,250,0
2026-08-14T15:30:51.359496,268,273,309,260,250,0
2026-08-14T15:30:51.359496,268,273,310,260,251,0
2026-08-14T15:30:51.359496,268,273,310,259,250,0
2026-08-14T15:30:51.363836,268,273,310,259,251,0
2026-08-14T15:30:51.363836,267,273,309,260,250,0
2026-08-14T15:30:51.363836,268,274,310,260,250,0
2026-08-14T15:30:51.367692,268,273,310,260,249,0
2026-08-14T15:30:51.369943,268,274,309,260,249,0
2026-08-14T15:30:51.369943,268,273,309,260,250,0
2026-08-14T15:30:51.369943,268,275,309,261,250,0
2026-08-14T15:30:51.373347,267,274,310,260,250,0
2026-08-14T15:30:51.373347,267,273,310,259,250,0
2026-08-14T15:30:51.373347,268,274,309,260,250,0
2026-08-14T15:30:51.377024,268,273,309,260,250,0
2026-08-14T15:30:51.377024,269,273,309,260,251,0
2026-08-14T15:30:51.379960,268,273,310,259,250,0
2026-08-14T15:30:51.379960,268,274,309,260,249,0
2026-08-14T15:30:51.379960,268,274,309,259,250,0
2026-08-14T15:30:51.379960,268,274,309,259,251,0
2026-08-14T15:30:51.379960,269,274,309,259,249,0
2026-08-14T15:30:51.386191,268,274,310,260,249,0
2026-08-14T15:30:51.387494,268,273,311,260,249,0
2026-08-14T15:30:51.388141,268,273,310,259,251,0
2026-08-14T15:30:51.388141,267,275,310,260,249,0
2026-08-14T15:30:51.388141,268,274,309,259,250,0
2026-08-14T15:30:51.388141,268,274,309,260,250,0
2026-08-14T15:30:51.388141,269,273,310,260,250,0
2026-08-14T15:30:51.388141,269,273,310,259,250,0
2026-08-14T15:30:51.388141,268,274,309,259,249,0
2026-08-14T15:30:51.395929,267,275,309,259,249,0
2026-08-14T15:30:51.395929,268,274,309,259,250,0
2026-08-14T15:30:51.398715,266,275,309,257,252,0
2026-08-14T15:30:51.398715,267,276,308,257,252,0
2026-08-14T15:30:51.398715,267,277,307,256,253,0
2026-08-14T15:30:51.402892,265,279,307,254,253,0
2026-08-14T15:30:51.403928,265,279,306,253,253,0
2026-08-14T15:30:51.405158,264,279,302,250,253,0
2026-08-14T15:30:51.406207,261,280,301,248,252,0
2026-08-14T15:30:51.406207,262,279,298,245,252,0
2026-08-14T15:30:51.406207,259,278,297,243,252,0
2026-08-14T15:30:51.408208,257,278,294,241,251,0
2026-08-14T15:30:51.410994,257,279,291,238,249,0
2026-08-14T15:30:51.410994,255,279,289,234,249,0
2026-08-14T15:30:51.412013,253,278,288,233,250,0
2026-08-14T15:30:51.414124,251,278,286,231,248,0
2026-08-14T15:30:51.414124,250,277,284,228,246,0
2026-08-14T15:30:51.414124,247,276,282,226,244,0
2026-08-14T15:30:51.414124,246,275,278,224,244,0
2026-08-14T15:30:51.414124,243,272,277,221,242,0
2026-08-14T15:30:51.420286,241,271,275,219,241,0
2026-08-14T15:30:51.420286,241,270,275,219,239,0
2026-08-14T15:30:51.420286,240,271,272,218,239,0
2026-08-14T15:30:51.420286,239,270,271,216,239,0
2026-08-14T15:30:51.420286,239,271,272,214,239,0
2026-08-14T15:30:51.420286,239,272,271,213,238,0
2026-08-14T15:30:51.420286,237,272,270,211,237,0
2026-08-14T15:30:51.420286,236,272,270,210,239,0
2026-08-14T15:30:51.428299,234,272,270,210,237,0
2026-08-14T15:30:51.428299,233,271,270,208,236,0
2026-08-14T15:30:51.432283,231,272,268,206,234,0
2026-08-14T15:30:51.433218,230,271,265,205,233,0
2026-08-14T15:30:51.433731,230,270,264,201,233,0
2026-08-14T15:30:51.436103,228,268,263,200,230,0
2026-08-14T15:30:51.437250,225,267,260,198,227,0
2026-08-14T15:30:51.437760,223,261,257,196,225,0
2026-08-14T15:30:51.437760,221,256,252,196,221,0
2026-08-14T15:30:51.437760,218,251,250,195,216,0
2026-08-14T15:30:51.440695,213,247,246,190,212,0
2026-08-14T15:30:51.440695,209,243,241,188,209,0
2026-08-14T15:30:51.443797,207,240,236,184,206,0
2026-08-14T15:30:51.444911,204,235,233,182,204,0
2026-08-14T15:30:51.445495,201,235,230,181,202,0
2026-08-14T15:30:51.447839,199,232,228,177,200,0
2026-08-14T15:30:51.447839,198,229,225,176,198,0
2026-08-14T15:30:51.447839,196,229,224,174,197,0
2026-08-14T15:30:51.450740,194,228,222,173,196,0
2026-08-14T15:30:51.453210,193,227,222,171,193,0
2026-08-14T15:30:51.453900,190,227,221,169,192,0
2026-08-14T15:30:51.455073,189,224,219,167,191,0
2026-08-14T15:30:51.455073,187,223,216,165,189,0
2026-08-14T15:30:51.455073,186,219,214,164,186,0
2026-08-14T15:30:51.455073,182,213,210,163,182,0
2026-08-14T15:30:51.455073,180,208,207,163,177,0
2026-08-14T15:30:51.460398,176,203,203,161,174,0
2026-08-14T15:30:51.460398,173,200,198,157,172,0
2026-08-14T15:30:51.460398,170,197,194,153,170,0
2026-08-14T15:30:51.460398,168,194,191,151,167,0
2026-08-14T15:30:51.460398,168,193,189,149,166,0
2026-08-14T15:30:51.460398,165,190,187,148,166,0
2026-08-14T15:30:51.460398,163,190,187,148,164,0
2026-08-14T15:30:51.469859,162,189,186,144,163,0
2026-08-14T15:30:51.470622,160,189,184,143,160,0
2026-08-14T15:30:51.471808,158,187,182,142,160,0
2026-08-14T15:30:51.471808,158,185,180,141,158,0
2026-08-14T15:30:51.471808,155,184,179,139,156,0
2026-08-14T15:30:51.471808,155,183,176,138,155,0
2026-08-14T15:30:51.471808,152,180,176,135,155,0
2026-08-14T15:30:51.476750,151,180,173,135,152,0
2026-08-14T15:30:51.476750,148,176,173,133,150,0
2026-08-14T15:30:51.480611,147,174,170,132,147,0
2026-08-14T15:30:51.480611,147,170,167,133,145,0
2026-08-14T15:30:51.480611,144,167,164,132,142,0
2026-08-14T15:30:51.480611,140,161,162,131,138,0
2026-08-14T15:30:51.484713,138,158,158,129,135,0
2026-08-14T15:30:51.484713,136,157,156,126,135,0
2026-08-14T15:30:51.486825,134,155,155,124,134,0
2026-08-14T15:30:51.488813,132,153,152,123,132,0
2026-08-14T15:30:51.488813,132,152,150,122,132,0
2026-08-14T15:30:51.490575,130,151,149,121,130,0
2026-08-14T15:30:51.490575,130,150,148,120,129,0
2026-08-14T15:30:51.492446,128,148,148,119,129,0
2026-08-14T15:30:51.492446,128,149,147,117,128,0
2026-08-14T15:30:51.492446,127,148,146,115,125,0
2026-08-14T15:30:51.492446,126,146,143,115,124,0
2026-08-14T15:30:51.492446,123,144,141,114,122,0
2026-08-14T15:30:51.492446,121,142,140,113,121,0
2026-08-14T15:30:51.492446,121,139,138,112,121,0
2026-08-14T15:30:51.500843,119,139,137,111,118,0
2026-08-14T15:30:51.500843,117,136,137,110,118,0
2026-08-14T15:30:51.503218,116,135,133,109,116,0
2026-08-14T15:30:51.503744,115,133,131,107,115,0
2026-08-14T15:30:51.503744,113,132,129,106,113,0
2026-08-14T15:30:51.503744,112,130,128,103,112,0
2026-08-14T15:30:51.503744,109,127,125,101,110,0
2026-08-14T15:30:51.509277,109,126,124,102,107,0
2026-08-14T15:30:51.509277,107,124,122,100,106,0
2026-08-14T15:30:51.509277,105,122,120,98,104,0
2026-08-14T15:30:51.513387,103,120,118,96,104,0
2026-08-14T15:30:51.513387,100,117,116,96,103,0
2026-08-14T15:30:51.513387,98,115,114,94,100,0
2026-08-14T15:30:51.517130,97,112,110,91,98,0
2026-08-14T15:30:51.517130,95,108,107,91,95,0
2026-08-14T15:30:51.519814,91,104,105,89,95,0
2026-08-14T15:30:51.520686,90,104,102,86,92,0
2026-08-14T15:30:51.520686,89,103,102,83,91,0
2026-08-14T15:30:51.520686,88,102,99,83,88,0
2026-08-14T15:30:51.520686,85,101,98,81,86,0
2026-08-14T15:30:51.524878,83,99,97,81,86,0
2026-08-14T15:30:51.524878,82,98,95,79,84,0
2026-08-14T15:30:51.524878,82,99,94,78,85,0
2026-08-14T15:30:51.527450,80,96,94,78,84,0
2026-08-14T15:30:51.527450,80,94,93,77,82,0
2026-08-14T15:30:51.527450,79,93,92,75,81,0
2026-08-14T15:30:51.527450,79,92,89,74,81,0
2026-08-14T15:30:51.533380,75,89,87,72,78,0
2026-08-14T15:30:51.534043,74,86,85,71,76,0
2026-08-14T15:30:51.536057,72,83,81,68,73,0
2026-08-14T15:30:51.537145,69,79,78,64,69,0
2026-08-14T15:30:51.537145,65,76,74,61,68,0
2026-08-14T15:30:51.537145,62,72,72,61,67,0
2026-08-14T15:30:51.537145,62,72,70,59,64,0
2026-08-14T15:30:51.542062,61,71,70,58,63,0
2026-08-14T15:30:51.542062,60,69,68,58,62,0
2026-08-14T15:30:51.543824,59,67,68,56,62,0
2026-08-14T15:30:51.546190,58,68,67,56,61,0
2026-08-14T15:30:51.546190,56,67,64,55,60,0
2026-08-14T15:30:51.546190,56,65,62,54,57,0
2026-08-14T15:30:51.546190,55,63,61,53,58,0
2026-08-14T15:30:51.550238,52,61,62,52,56,0
2026-08-14T15:30:51.550238,51,59,59,49,55,0
2026-08-14T15:30:51.551999,49,58,55,48,53,0
2026-08-14T15:30:51.554041,48,55,54,45,51,0
2026-08-14T15:30:51.554041,44,53,52,44,49,0
2026-08-14T15:30:51.554041,43,52,50,42,47,0
2026-08-14T15:30:51.554041,43,50,50,42,47,0
2026-08-14T15:30:51.558374,40,49,48,40,46,0
2026-08-14T15:30:51.558374,41,47,46,40,45,0
2026-08-14T15:30:51.558374,38,46,45,39,44,0
2026-08-14T15:30:51.558374,38,44,46,38,43,0
2026-08-14T15:30:51.558374,38,44,43,38,42,0
2026-08-14T15:30:51.558374,38,43,44,36,41,0
2026-08-14T15:30:51.558374,36,43,42,36,41,0
2026-08-14T15:30:51.558374,35,42,40,35,41,0
2026-08-14T15:30:51.566855,35,43,41,35,39,0
2026-08-14T15:30:51.567509,34,41,40,34,39,0
2026-08-14T15:30:51.570103,34,40,40,34,39,0
2026-08-14T15:30:51.570103,33,41,38,34,38,0
2026-08-14T15:30:51.572510,33,39,40,34,39,0
2026-08-14T15:30:51.572510,33,39,38,33,38,0
2026-08-14T15:30:51.574840,32,38,37,33,37,0
2026-08-14T15:30:51.574840,32,37,36,31,38,0
2026-08-14T15:30:51.574840,31,35,37,31,37,0
2026-08-14T15:30:51.578922,31,36,36,31,35,0
2026-08-14T15:30:51.578922,30,36,35,29,35,0
2026-08-14T15:30:51.578922,29,36,35,29,36,0
2026-08-14T15:30:51.581633,30,35,34,30,34,0
2026-08-14T15:30:51.583177,30,34,34,30,35,0
2026-08-14T15:30:51.583177,29,34,34,29,32,0
2026-08-14T15:30:51.583177,28,35,33,30,35,0
2026-08-14T15:30:51.586509,29,33,34,29,34,0
2026-08-14T15:30:51.587205,28,33,34,29,33,0
2026-08-14T15:30:51.587205,29,35,34,29,33,0
2026-08-14T15:30:51.591339,29,34,32,28,35,0
2026-08-14T15:30:51.591339,29,32,32,29,34,0
2026-08-14T15:30:51.591339,28,33,33,28,32,0
2026-08-14T15:30:51.591339,29,34,33,29,33,0
2026-08-14T15:30:51.593351,29,34,32,28,34,0
2026-08-14T15:30:51.593351,28,35,34,30,34,0
2026-08-14T15:30:51.593351,28,35,34,30,35,0
2026-08-14T15:30:51.599165,27,36,34,29,34,0
2026-08-14T15:30:51.599165,30,34,35,30,35,0
2026-08-14T15:30:51.601177,30,35,35,30,36,0
2026-08-14T15:30:51.601177,29,35,35,30,36,0
2026-08-14T15:30:51.603237,30,36,35,30,35,0
2026-08-14T15:30:51.603237,32,35,36,32,37,0
2026-08-14T15:30:51.603237,32,38,37,33,37,0
2026-08-14T15:30:51.607604,32,38,38,33,38,0
2026-08-14T15:30:51.607604,34,39,39,35,38,0
2026-08-14T15:30:51.607604,35,41,40,35,39,0
2026-08-14T15:30:51.611686,36,42,42,37,41,0
2026-08-14T15:30:51.612583,36,43,44,36,42,0
2026-08-14T15:30:51.612583,38,45,44,38,41,0
2026-08-14T15:30:51.612583,37,46,44,40,43,0
2026-08-14T15:30:51.612583,38,48,47,40,44,0
2026-08-14T15:30:51.615949,41,49,49,41,45,0
2026-08-14T15:30:51.615949,42,51,48,43,47,0
2026-08-14T15:30:51.615949,42,51,51,45,48,0
2026-08-14T15:30:51.620342,45,54,53,46,50,0
2026-08-14T15:30:51.621184,47,56,56,47,52,0
2026-08-14T15:30:51.621995,50,59,59,51,55,0
2026-08-14T15:30:51.623965,53,63,61,54,59,0
2026-08-14T15:30:51.623965,56,65,66,58,60,0
2026-08-14T15:30:51.623965,59,70,69,61,64,0
2026-08-14T15:30:51.628088,61,71,71,62,64,0
2026-08-14T15:30:51.628088,62,73,72,63,66,0
2026-08-14T15:30:51.628088,61,75,72,64,67,0
2026-08-14T15:30:51.628088,61,75,73,63,66,0
2026-08-14T15:30:51.632189,62,76,72,63,66,0
2026-08-14T15:30:51.632189,63,77,71,65,67,0
2026-08-14T15:30:51.632189,64,77,74,65,67,0
2026-08-14T15:30:51.636158,66,80,75,65,70,0
2026-08-14T15:30:51.637187,68,80,76,67,71,0
2026-08-14T15:30:51.637187,68,85,79,69,73,0
2026-08-14T15:30:51.637187,71,86,82,72,74,0
2026-08-14T15:30:51.637187,74,91,86,76,78,0
2026-08-14T15:30:51.640625,78,94,91,79,82,0
2026-08-14T15:30:51.640625,80,98,94,82,86,0
2026-08-14T15:30:51.642638,85,101,99,86,90,0
2026-08-14T15:30:51.642638,88,108,101,88,93,0
2026-08-14T15:30:51.646221,92,111,104,92,95,0
2026-08-14T15:30:51.646221,95,116,106,95,99,0
2026-08-14T15:30:51.649121,98,119,110,97,101,0
2026-08-14T15:30:51.649121,99,124,114,99,103,0
2026-08-14T15:30:51.649121,104,128,116,101,107,0
2026-08-14T15:30:51.649121,105,131,120,104,110,0
2026-08-14T15:30:51.653953,108,135,125,109,112,0
2026-08-14T15:30:51.653953,112,139,127,112,116,0
2026-08-14T15:30:51.656740,114,144,132,115,118,0
2026-08-14T15:30:51.656740,118,145,133,119,121,0
2026-08-14T15:30:51.656740,123,150,137,123,126,0
2026-08-14T15:30:51.656740,127,152,143,128,128,0
2026-08-14T15:30:51.660837,128,155,146,130,131,0
2026-08-14T15:30:51.660837,134,161,150,133,133,0
2026-08-14T15:30:51.660837,138,165,152,137,137,0
2026-08-14T15:30:51.664940,141,171,158,139,142,0
2026-08-14T15:30:51.664940,144,175,160,143,145,0
2026-08-14T15:30:51.666701,146,180,164,145,147,0
2026-08-14T15:30:51.666701,148,182,166,147,150,0
2026-08-14T15:30:51.666701,152,185,169,150,151,0
2026-08-14T15:30:51.670233,154,185,173,155,153,0
2026-08-14T15:30:51.670233,156,190,176,158,157,0
2026-08-14T15:30:51.673190,160,195,180,160,159,0
2026-08-14T15:30:51.673190,162,198,181,163,161,0
2026-08-14T15:30:51.673190,163,201,183,164,164,0
2026-08-14T15:30:51.676027,163,203,185,164,165,0
2026-08-14T15:30:51.676027,165,205,188,165,167,0
2026-08-14T15:30:51.676027,166,208,189,167,169,0
2026-08-14T15:30:51.676027,167,211,192,169,170,0
2026-08-14T15:30:51.676027,169,215,195,172,174,0
2026-08-14T15:30:51.682230,172,219,198,174,177,0
2026-08-14T15:30:51.682230,174,222,202,180,178,0
2026-08-14T15:30:51.682230,178,222,209,187,183,0
2026-08-14T15:30:51.686660,186,226,217,194,188,0
2026-08-14T15:30:51.687174,190,233,227,203,192,0
2026-08-14T15:30:51.687174,199,241,233,210,200,0
2026-08-14T15:30:51.689156,204,248,236,215,206,0
2026-08-14T15:30:51.689156,207,251,238,217,209,0
2026-08-14T15:30:51.689156,209,253,238,218,212,0
2026-08-14T15:30:51.689156,212,256,239,219,214,0
2026-08-14T15:30:51.689156,213,258,241,221,215,0
2026-08-14T15:30:51.689156,214,262,241,222,217,0
2026-08-14T15:30:51.689156,213,265,243,222,219,0
2026-08-14T15:30:51.697415,214,268,245,223,221,0
2026-08-14T15:30:51.698148,216,271,246,224,223,0
2026-08-14T15:30:51.698148,217,274,248,225,224,0
2026-08-14T15:30:51.701431,219,279,254,229,228,0
2026-08-14T15:30:51.701431,221,284,258,233,232,0
2026-08-14T15:30:51.703702,225,288,264,239,235,0
2026-08-14T15:30:51.704464,230,290,271,244,239,0
2026-08-14T15:30:51.705878,233,294,276,249,243,0
2026-08-14T15:30:51.705878,236,299,283,255,246,0
2026-08-14T15:30:51.705878,241,307,287,259,251,0
2026-08-14T15:30:51.708925,246,316,292,263,257,0
2026-08-14T15:30:51.710933,250,322,297,268,264,0
2026-08-14T15:30:51.710933,254,328,301,272,267,0
2026-08-14T15:30:51.713996,257,336,307,276,273,0
2026-08-14T15:30:51.713996,261,340,309,279,277,0
2026-08-14T15:30:51.713996,263,345,312,281,280,0
2026-08-14T15:30:51.715898,266,349,316,285,283,0
2026-08-14T15:30:51.715898,267,355,322,288,287,0
2026-08-14T15:30:51.715898,271,361,327,293,291,0
2026-08-14T15:30:51.719887,276,367,332,296,296,0
2026-08-14T15:30:51.720573,279,374,337,300,299,0
2026-08-14T15:30:51.722531,280,378,342,303,304,0
2026-08-14T15:30:51.722531,284,384,347,308,307,0
2026-08-14T15:30:51.722531,287,389,352,313,313,0
2026-08-14T15:30:51.722531,292,390,357,321,317,0
2026-08-14T15:30:51.722531,298,389,361,329,321,0
2026-08-14T15:30:51.722531,302,395,365,332,325,0
2026-08-14T15:30:51.730468,304,399,368,333,327,0
2026-08-14T15:30:51.730468,306,404,370,333,331,0
2026-08-14T15:30:51.732230,307,409,371,336,333,0
2026-08-14T15:30:51.732230,308,413,376,337,336,0
2026-08-14T15:30:51.734548,311,419,380,340,338,0
2026-08-14T15:30:51.734548,313,423,386,343,342,0
2026-08-14T15:30:51.736508,315,429,391,349,347,0
2026-08-14T15:30:51.738668,321,433,400,357,353,0
2026-08-14T15:30:51.738668,328,439,409,364,358,0
2026-08-14T15:30:51.738668,333,447,414,371,364,0
2026-08-14T15:30:51.738668,336,455,419,376,371,0
2026-08-14T15:30:51.738668,340,463,425,380,377,0
2026-08-14T15:30:51.738668,344,469,431,383,380,0
2026-08-14T15:30:51.738668,346,477,435,386,384,0
2026-08-14T15:30:51.746877,348,482,440,387,389,0
2026-08-14T15:30:51.746877,350,488,445,392,393,0
2026-08-14T15:30:51.746877,352,496,450,394,398,0
2026-08-14T15:30:51.746877,355,502,457,397,402,0
2026-08-14T15:30:51.746877,358,505,463,404,406,0
2026-08-14T15:30:51.746877,362,509,468,412,411,0
2026-08-14T15:30:51.753723,368,509,478,422,414,0
2026-08-14T15:30:51.753723,375,511,488,433,420,0
2026-08-14T15:30:51.755292,384,515,500,442,424,0
2026-08-14T15:30:51.755292,392,520,511,450,431,0
2026-08-14T15:30:51.758351,399,527,514,456,442,0
2026-08-14T15:30:51.758351,404,530,516,459,445,0
2026-08-14T15:30:51.758351,406,535,514,460,448,0
2026-08-14T15:30:51.758351,409,535,512,461,452,0
2026-08-14T15:30:51.758351,411,537,513,463,455,0
2026-08-14T15:30:51.763448,412,542,514,463,457,0
2026-08-14T15:30:51.763448,412,547,515,465,460,0
2026-08-14T15:30:51.765462,413,553,517,466,463,0
2026-08-14T15:30:51.765462,414,558,521,467,467,0
2026-08-14T15:30:51.765462,415,564,524,470,471,0
2026-08-14T15:30:51.765462,416,572,529,472,475,0
2026-08-14T15:30:51.770650,418,579,534,475,480,0
2026-08-14T15:30:51.771755,420,584,541,479,484,0
2026-08-14T15:30:51.771755,425,585,548,488,486,0
2026-08-14T15:30:51.773769,432,586,554,494,489,0
2026-08-14T15:30:51.773769,436,592,557,497,496,0
2026-08-14T15:30:51.773769,444,599,561,502,500,0
2026-08-14T15:30:51.779044,444,605,568,504,504,0
2026-08-14T15:30:51.780060,446,608,573,510,505,0
2026-08-14T15:30:51.782073,450,609,579,514,508,0
2026-08-14T15:30:51.782073,453,615,586,517,514,0
2026-08-14T15:30:51.784087,456,621,585,519,520,0
2026-08-14T15:30:51.784087,456,628,585,519,525,0
2026-08-14T15:30:51.786078,460,634,585,519,530,0
2026-08-14T15:30:51.788846,460,638,588,519,531,0
2026-08-14T15:30:51.788846,462,641,589,521,534,0
2026-08-14T15:30:51.790431,462,646,594,522,538,0
2026-08-14T15:30:51.790431,465,653,599,525,542,0
2026-08-14T15:30:51.791472,469,659,603,527,546,0
2026-08-14T15:30:51.791472,470,669,608,528,552,0
2026-08-14T15:30:51.793063,474,673,613,531,557,0
2026-08-14T15:30:51.795161,477,677,618,537,560,0
2026-08-14T15:30:51.796212,481,684,622,540,565,0
2026-08-14T15:30:51.797228,485,689,627,543,569,0
2026-08-14T15:30:51.797228,487,692,629,547,573,0
2026-08-14T15:30:51.800088,495,688,635,558,578,0
2026-08-14T15:30:51.800088,508,680,641,569,584,0
2026-08-14T15:30:51.800088,514,691,650,573,589,0
2026-08-14T15:30:51.803491,518,700,656,577,595,0
2026-08-14T15:30:51.803491,520,708,659,578,599,0
2026-08-14T15:30:51.805240,522,714,660,578,602,0
2026-08-14T15:30:51.805240,522,720,661,576,606,0
2026-08-14T15:30:51.805240,522,726,661,575,607,0
2026-08-14T15:30:51.805240,521,728,665,576,608,0
2026-08-14T15:30:51.805240,522,728,671,580,609,0
2026-08-14T15:30:51.805240,525,721,675,586,610,0
2026-08-14T15:30:51.805240,531,724,674,588,614,0
2026-08-14T15:30:51.814494,531,724,674,587,614,0
2026-08-14T15:30:51.814494,531,728,677,588,617,0
2026-08-14T15:30:51.814494,532,732,679,588,619,0
2026-08-14T15:30:51.814494,533,737,680,590,622,0
2026-08-14T15:30:51.820012,534,744,682,589,625,0
2026-08-14T15:30:51.820012,534,750,685,590,628,0
2026-08-14T15:30:51.821749,533,756,688,590,632,0
2026-08-14T15:30:51.821749,534,763,691,590,636,0
2026-08-14T15:30:51.821749,534,767,694,592,639,0
2026-08-14T15:30:51.821749,535,770,699,594,641,0
2026-08-14T15:30:51.821749,537,773,706,598,645,0
2026-08-14T15:30:51.821749,542,775,712,605,648,0
2026-08-14T15:30:51.821749,554,764,715,615,650,0
2026-08-14T15:30:51.821749,559,765,723,622,652,0
2026-08-14T15:30:51.821749,566,763,728,633,653,0
2026-08-14T15:30:51.832864,573,761,737,644,652,0
2026-08-14T15:30:51.832864,581,765,741,647,658,0
2026-08-14T15:30:51.832864,585,770,741,650,664,0
2026-08-14T15:30:51.832864,590,770,740,651,669,0
2026-08-14T15:30:51.836951,593,773,737,653,672,0
2026-08-14T15:30:51.836951,595,776,736,653,677,0
2026-08-14T15:30:51.837959,600,778,733,654,682,0
2026-08-14T15:30:51.839617,603,779,732,655,684,0
2026-08-14T15:30:51.839617,603,787,736,655,689,0
2026-08-14T15:30:51.839617,603,794,738,656,693,0
2026-08-14T15:30:51.839617,602,803,739,654,697,0
2026-08-14T15:30:51.839617,604,809,742,654,701,0
2026-08-14T15:30:51.846293,603,816,744,653,701,0
2026-08-14T15:30:51.846293,601,824,749,653,704,0
2026-08-14T15:30:51.846293,600,829,755,655,706,0
2026-08-14T15:30:51.846293,602,831,762,660,708,0
2026-08-14T15:30:51.846293,606,831,766,667,709,0
2026-08-14T15:30:51.852850,616,820,767,675,711,0
2026-08-14T15:30:51.853835,619,824,775,680,713,0
2026-08-14T15:30:51.853835,623,827,779,686,714,0
2026-08-14T15:30:51.853835,627,824,784,691,714,0
2026-08-14T15:30:51.853835,629,826,790,695,715,0
2026-08-14T15:30:51.853835,630,833,789,693,720,0
2026-08-14T15:30:51.853835,631,839,785,688,724,0
2026-08-14T15:30:51.853835,631,845,781,684,729,0
2026-08-14T15:30:51.861858,630,849,782,684,730,0
2026-08-14T15:30:51.862614,629,850,786,685,730,0
2026-08-14T15:30:51.862614,630,853,788,686,732,0
2026-08-14T15:30:51.865638,629,859,790,685,735,0
2026-08-14T15:30:51.865638,629,864,794,687,738,0
2026-08-14T15:30:51.865638,630,868,798,689,741,0
2026-08-14T15:30:51.869445,633,869,802,693,743,0
2026-08-14T15:30:51.870065,637,870,805,698,744,0
2026-08-14T15:30:51.870065,640,875,808,699,748,0
2026-08-14T15:30:51.870065,641,879,808,697,752,0
2026-08-14T15:30:51.873828,642,882,810,699,754,0
2026-08-14T15:30:51.873828,644,883,812,705,754,0
2026-08-14T15:30:51.873828,651,872,816,716,753,0
2026-08-14T15:30:51.877513,665,854,820,728,752,0
2026-08-14T15:30:51.877513,664,860,826,730,752,0
2026-08-14T15:30:51.877513,666,867,827,728,756,0
2026-08-14T15:30:51.877513,667,871,825,724,759,0
2026-08-14T15:30:51.877513,666,876,823,721,762,0
2026-08-14T15:30:51.877513,664,881,825,720,763,0
2026-08-14T15:30:51.877513,664,885,828,720,762,0
2026-08-14T15:30:51.885700,664,885,830,723,762,0
2026-08-14T15:30:51.887023,668,880,834,728,762,0
2026-08-14T15:30:51.888004,677,866,836,736,759,0
2026-08-14T15:30:51.888004,673,873,841,734,762,0
2026-08-14T15:30:51.888004,672,878,838,731,764,0
2026-08-14T15:30:51.888004,672,881,839,730,766,0
2026-08-14T15:30:51.888004,670,883,840,726,767,0
2026-08-14T15:30:51.894312,669,888,842,725,769,0
2026-08-14T15:30:51.894312,666,893,843,722,772,0
2026-08-14T15:30:51.894312,666,896,846,722,771,0
2026-08-14T15:30:51.898415,665,902,848,720,773,0
2026-08-14T15:30:51.898415,662,905,851,718,774,0
2026-08-14T15:30:51.898415,662,910,853,716,775,0
2026-08-14T15:30:51.898415,661,912,857,717,776,0
2026-08-14T15:30:51.902812,665,909,860,720,777,0
2026-08-14T15:30:51.903725,677,894,856,733,773,0
2026-08-14T15:30:51.903725,684,882,863,744,769,0
2026-08-14T15:30:51.906590,692,870,872,754,761,0
2026-08-14T15:30:51.906590,701,852,872,759,755,0
2026-08-14T15:30:51.906590,702,854,869,758,761,0
2026-08-14T15:30:51.910687,706,857,866,755,763,0
2026-08-14T15:30:51.910687,708,856,862,752,766,0
2026-08-14T15:30:51.910687,711,858,859,751,768,0
2026-08-14T15:30:51.910687,712,857,855,750,770,0
2026-08-14T15:30:51.914102,710,862,856,747,772,0
2026-08-14T15:30:51.914102,707,869,857,743,774,0
2026-08-14T15:30:51.915855,704,875,857,738,776,0
2026-08-14T15:30:51.915855,702,883,857,733,778,0
2026-08-14T15:30:51.920219,699,888,860,730,780,0
2026-08-14T15:30:51.920219,694,892,863,728,779,0
2026-08-14T15:30:51.920219,692,897,866,725,779,0
2026-08-14T15:30:51.920219,691,900,868,722,778,0
2026-08-14T15:30:51.920219,690,900,870,720,778,0
2026-08-14T15:30:51.920219,690,898,870,720,776,0
2026-08-14T15:30:51.927135,701,881,866,730,770,0
2026-08-14T15:30:51.927135,702,879,873,731,765,0
2026-08-14T15:30:51.927135,706,873,877,731,761,0
2026-08-14T15:30:51.927135,704,872,879,729,761,0
2026-08-14T15:30:51.927135,704,875,877,726,763,0
2026-08-14T15:30:51.927135,702,882,875,721,767,0
2026-08-14T15:30:51.927135,701,886,870,716,769,0
2026-08-14T15:30:51.935207,700,890,868,710,771,0
2026-08-14T15:30:51.936841,697,894,866,707,772,0
2026-08-14T15:30:51.937910,696,898,867,705,771,0
2026-08-14T15:30:51.937910,695,896,864,703,771,0
2026-08-14T15:30:51.939924,695,898,864,700,771,0
2026-08-14T15:30:51.939924,693,900,864,697,770,0
2026-08-14T15:30:51.939924,690,902,864,693,769,0
2026-08-14T15:30:51.943465,691,902,864,691,768,0
2026-08-14T15:30:51.943465,690,902,863,686,769,0
2026-08-14T15:30:51.944991,688,903,861,684,768,0
2026-08-14T15:30:51.945906,686,905,860,681,767,0
2026-08-14T15:30:51.945906,686,904,859,679,767,0
2026-08-14T15:30:51.945906,688,900,856,680,766,0
2026-08-14T15:30:51.945906,695,884,855,690,762,0
2026-08-14T15:30:51.951746,706,854,849,701,758,0
2026-08-14T15:30:51.952308,702,864,849,695,758,0
2026-08-14T15:30:51.953345,703,861,847,692,758,0
2026-08-14T15:30:51.955739,702,869,846,688,760,0
2026-08-14T15:30:51.955739,700,873,847,685,760,0
2026-08-14T15:30:51.955739,698,878,848,683,760,0
2026-08-14T15:30:51.955739,694,880,850,680,758,0
2026-08-14T15:30:51.958966,694,880,851,678,756,0
2026-08-14T15:30:51.958966,692,878,853,679,754,0
2026-08-14T15:30:51.958966,695,863,849,687,750,0
2026-08-14T15:30:51.958966,698,858,849,681,750,0
2026-08-14T15:30:51.958966,695,857,846,678,749,0
2026-08-14T15:30:51.958966,692,861,845,673,750,0
2026-08-14T15:30:51.965780,690,864,844,669,749,0
2026-08-14T15:30:51.967967,688,865,843,665,749,0
2026-08-14T15:30:51.967967,686,869,841,661,748,0
2026-08-14T15:30:51.969942,684,872,838,658,748,0
2026-08-14T15:30:51.970557,680,875,837,653,749,0
2026-08-14T15:30:51.970557,677,876,837,649,747,0
2026-08-14T15:30:51.970557,674,879,837,646,745,0
2026-08-14T15:30:51.970557,672,879,838,643,743,0
2026-08-14T15:30:51.976137,668,879,836,640,743,0
2026-08-14T15:30:51.976137,665,880,835,638,742,0
2026-08-14T15:30:51.976137,666,878,835,636,739,0
2026-08-14T15:30:51.980312,667,870,832,641,737,0
2026-08-14T15:30:51.980312,679,845,829,652,731,0
2026-08-14T15:30:51.980312,682,829,829,658,721,0
2026-08-14T15:30:51.983909,684,811,829,664,709,0
2026-08-14T15:30:51.983909,682,800,829,661,702,0
2026-08-14T15:30:51.986242,679,794,820,655,702,0
2026-08-14T15:30:51.987343,676,792,817,652,700,0
2026-08-14T15:30:51.987343,675,791,813,649,702,0
2026-08-14T15:30:51.987343,675,791,809,645,701,0
2026-08-14T15:30:51.987343,674,789,804,644,702,0
2026-08-14T15:30:51.992214,673,788,800,640,702,0
2026-08-14T15:30:51.992214,671,785,796,637,703,0
2026-08-14T15:30:51.992214,672,783,791,634,702,0
2026-08-14T15:30:51.992214,671,784,787,629,701,0
2026-08-14T15:30:51.992214,669,786,785,625,702,0
2026-08-14T15:30:51.992214,665,790,785,619,703,0
2026-08-14T15:30:51.992214,662,794,783,614,702,0
2026-08-14T15:30:52.000294,658,797,782,610,703,0
2026-08-14T15:30:52.001049,656,799,781,605,702,0
2026-08-14T15:30:52.003446,651,799,780,601,700,0
2026-08-14T15:30:52.003814,647,802,779,597,698,0
2026-08-14T15:30:52.003814,644,801,779,594,696,0
2026-08-14T15:30:52.003814,641,798,778,592,692,0
2026-08-14T15:30:52.003814,639,792,777,590,688,0
2026-08-14T15:30:52.008991,639,778,772,593,683,0
2026-08-14T15:30:52.008991,639,771,769,592,677,0
2026-08-14T15:30:52.008991,639,767,764,590,677,0
2026-08-14T15:30:52.013090,636,767,761,585,675,0
2026-08-14T15:30:52.013090,633,768,760,580,675,0
2026-08-14T15:30:52.013090,630,771,759,577,676,0
2026-08-14T15:30:52.013090,629,773,760,575,675,0
2026-08-14T15:30:52.017187,627,774,758,571,676,0
2026-08-14T15:30:52.017187,622,775,757,568,673,0
2026-08-14T15:30:52.017187,620,775,756,566,673,0
2026-08-14T15:30:52.020959,619,771,756,564,671,0
2026-08-14T15:30:52.021389,619,763,752,567,666,0
2026-08-14T15:30:52.021389,623,748,748,571,661,0
2026-08-14T15:30:52.021389,622,743,751,571,659,0
2026-08-14T15:30:52.025431,618,742,747,569,655,0
2026-08-14T15:30:52.025431,616,742,742,562,654,0
2026-08-14T15:30:52.025431,613,740,735,557,653,0
2026-08-14T15:30:52.025431,609,741,731,553,652,0
2026-08-14T15:30:52.025431,607,742,731,551,652,0
2026-08-14T15:30:52.025431,605,742,730,549,651,0
2026-08-14T15:30:52.025431,604,742,727,545,650,0
2026-08-14T15:30:52.025431,601,741,725,543,649,0
2026-08-14T15:30:52.033710,599,738,724,541,647,0
2026-08-14T15:30:52.034646,597,738,722,538,645,0
2026-08-14T15:30:52.036921,596,737,718,537,643,0
2026-08-14T15:30:52.036921,595,733,716,535,640,0
2026-08-14T15:30:52.039129,593,727,712,537,637,0
2026-08-14T15:30:52.039129,591,722,710,534,633,0
2026-08-14T15:30:52.041142,588,720,708,532,631,0
2026-08-14T15:30:52.042152,586,717,705,530,629,0
2026-08-14T15:30:52.042152,584,715,702,529,629,0
2026-08-14T15:30:52.045864,583,712,700,527,627,0
2026-08-14T15:30:52.045864,581,710,696,527,624,0
2026-08-14T15:30:52.045864,582,703,692,528,622,0
2026-08-14T15:30:52.045864,582,696,690,528,618,0
2026-08-14T15:30:52.050350,582,685,686,530,614,0
2026-08-14T15:30:52.050350,583,673,681,532,609,0
2026-08-14T15:30:52.050350,582,666,677,528,605,0
2026-08-14T15:30:52.054073,579,666,673,524,604,0
2026-08-14T15:30:52.054073,578,664,670,523,603,0
2026-08-14T15:30:52.054073,575,663,671,522,599,0
2026-08-14T15:30:52.058188,574,663,669,519,599,0
2026-08-14T15:30:52.058188,571,662,667,517,598,0
2026-08-14T15:30:52.058188,569,663,665,515,599,0
2026-08-14T15:30:52.059950,569,664,663,512,598,0
2026-08-14T15:30:52.062239,566,666,661,509,597,0
2026-08-14T15:30:52.062239,565,665,660,507,596,0
2026-08-14T15:30:52.062239,564,665,659,504,595,0
2026-08-14T15:30:52.066339,561,664,659,503,593,0
2026-08-14T15:30:52.066339,558,662,657,501,590,0
2026-08-14T15:30:52.066339,556,660,655,500,588,0
2026-08-14T15:30:52.066339,555,656,653,499,585,0
2026-08-14T15:30:52.070235,553,652,652,498,582,0
2026-08-14T15:30:52.071131,552,647,649,499,578,0
2026-08-14T15:30:52.071131,551,640,646,500,575,0
2026-08-14T15:30:52.074540,551,630,642,501,571,0
2026-08-14T15:30:52.074540,551,622,639,501,569,0
2026-08-14T15:30:52.074540,547,625,639,499,567,0
2026-08-14T15:30:52.077217,545,624,637,496,564,0
2026-08-14T15:30:52.077217,545,622,634,492,564,0
2026-08-14T15:30:52.077217,544,622,631,490,565,0
2026-08-14T15:30:52.080434,543,622,630,491,564,0
2026-08-14T15:30:52.080434,543,622,630,490,563,0
2026-08-14T15:30:52.083018,541,622,630,489,564,0
2026-08-14T15:30:52.083018,542,622,628,487,563,0
2026-08-14T15:30:52.086503,539,622,628,487,563,0
2026-08-14T15:30:52.087223,539,620,628,487,561,0
2026-08-14T15:30:52.087223,538,618,626,485,560,0
2026-08-14T15:30:52.087223,538,617,624,485,560,0
2026-08-14T15:30:52.087223,535,615,622,483,558,0
2026-08-14T15:30:52.091080,534,614,622,481,556,0
2026-08-14T15:30:52.091080,534,612,619,481,554,0
2026-08-14T15:30:52.091080,533,609,618,479,554,0
2026-08-14T15:30:52.091080,533,608,617,478,553,0
2026-08-14T15:30:52.091080,531,608,617,478,551,0
2026-08-14T15:30:52.091080,531,607,617,478,551,0
2026-08-14T15:30:52.091080,533,607,618,479,552,0
2026-08-14T15:30:52.099476,534,608,618,478,553,0
2026-08-14T15:30:52.099476,534,609,619,480,555,0
2026-08-14T15:30:52.103276,536,609,620,481,556,0
2026-08-14T15:30:52.103895,537,610,622,482,557,0
2026-08-14T15:30:52.103895,539,611,622,484,559,0
2026-08-14T15:30:52.103895,542,612,624,485,561,0
2026-08-14T15:30:52.107294,545,612,626,486,562,0
2026-08-14T15:30:52.107294,545,613,627,487,561,0
2026-08-14T15:30:52.107294,547,613,626,488,562,0
2026-08-14T15:30:52.111387,550,611,627,489,562,0
2026-08-14T15:30:52.111387,549,610,629,489,562,0
2026-08-14T15:30:52.113151,548,608,630,491,559,0
2026-08-14T15:30:52.115488,549,604,630,492,559,0
2026-08-14T15:30:52.115488,550,600,632,495,557,0
2026-08-14T15:30:52.115488,549,596,633,498,558,0
2026-08-14T15:30:52.115488,549,593,634,500,555,0
2026-08-14T15:30:52.119786,547,591,635,502,554,0
2026-08-14T15:30:52.120757,547,591,638,503,554,0
2026-08-14T15:30:52.120757,549,588,639,506,553,0
2026-08-14T15:30:52.123000,549,588,642,509,553,0
2026-08-14T15:30:52.123000,550,587,643,511,554,0
2026-08-14T15:30:52.123000,552,588,647,515,554,0
2026-08-14T15:30:52.123000,554,587,651,518,555,0
2026-08-14T15:30:52.123000,554,586,653,522,556,0
2026-08-14T15:30:52.123000,558,585,657,527,557,0
2026-08-14T15:30:52.123000,559,586,660,530,558,0
2026-08-14T15:30:52.133112,562,588,664,534,560,0
2026-08-14T15:30:52.140475,565,588,666,536,561,0
2026-08-14T15:30:52.153573,564,587,668,540,563,0
2026-08-14T15:30:52.153573,567,588,673,543,563,0
2026-08-14T15:30:52.153573,570,591,677,545,564,0
2026-08-14T15:30:52.163986,573,592,679,548,567,0
2026-08-14T15:30:52.163986,574,595,682,550,569,0
2026-08-14T15:30:52.163986,576,598,684,552,571,0
2026-08-14T15:30:52.163986,578,599,685,553,571,0
2026-08-14T15:30:52.163986,580,601,687,555,573,0
2026-08-14T15:30:52.163986,581,601,687,556,574,0
2026-08-14T15:30:52.163986,581,601,684,556,575,0
2026-08-14T15:30:52.169360,580,601,684,555,577,0
2026-08-14T15:30:52.169990,580,601,680,554,576,0
2026-08-14T15:30:52.169990,579,600,678,552,577,0
2026-08-14T15:30:52.169990,579,599,677,550,577,0
2026-08-14T15:30:52.169990,579,598,675,550,574,0
2026-08-14T15:30:52.169990,577,598,672,546,574,0
2026-08-14T15:30:52.172191,576,596,669,546,573,0
2026-08-14T15:30:52.172191,573,595,669,544,571,0
2026-08-14T15:30:52.172191,571,594,666,543,570,0
2026-08-14T15:30:52.172191,571,594,665,541,569,0
2026-08-14T15:30:52.172191,570,593,664,541,568,0
2026-08-14T15:30:52.172191,569,591,663,542,568,0
2026-08-14T15:30:52.172191,569,590,663,542,568,0
2026-08-14T15:30:52.172191,570,590,663,542,568,0
2026-08-14T15:30:52.172191,570,590,665,543,568,0
2026-08-14T15:30:52.172191,572,591,666,543,569,0
2026-08-14T15:30:52.172191,573,592,667,545,571,0
2026-08-14T15:30:52.172191,574,592,670,546,571,0
2026-08-14T15:30:52.172191,575,594,672,547,572,0
2026-08-14T15:30:52.172191,577,596,673,549,573,0
2026-08-14T15:30:52.172191,578,597,676,550,574,0
2026-08-14T15:30:52.172191,579,597,677,551,575,0
2026-08-14T15:30:52.172191,579,598,677,552,576,0
2026-08-14T15:30:52.172191,579,598,678,553,576,0
2026-08-14T15:30:52.172191,579,599,677,553,576,0
2026-08-14T15:30:52.172191,579,599,678,552,575,0
2026-08-14T15:30:52.172191,578,598,678,552,576,0
2026-08-14T15:30:52.180543,578,599,676,552,575,0
2026-08-14T15:30:52.180543,580,596,676,552,574,0
2026-08-14T15:30:52.180543,577,595,675,550,573,0
2026-08-14T15:30:52.180543,576,596,674,549,571,0
2026-08-14T15:30:52.180543,575,595,673,548,572,0
2026-08-14T15:30:52.180543,575,593,673,548,571,0
2026-08-14T15:30:52.185186,573,593,671,548,570,0
2026-08-14T15:30:52.185186,573,591,670,547,571,0
2026-08-14T15:30:52.186580,572,592,671,547,570,0
2026-08-14T15:30:52.188106,574,593,670,546,571,0
2026-08-14T15:30:52.188106,574,592,671,548,571,0
2026-08-14T15:30:52.188106,572,592,671,547,572,0
2026-08-14T15:30:52.188106,574,592,672,548,571,0
2026-08-14T15:30:52.188106,575,594,672,548,572,0
2026-08-14T15:30:52.188106,576,594,673,549,574,0
2026-08-14T15:30:52.188106,577,595,675,549,573,0
2026-08-14T15:30:52.196187,576,596,675,550,573,0
2026-08-14T15:30:52.196187,575,596,675,550,572,0
2026-08-14T15:30:52.196187,576,597,674,549,573,0
2026-08-14T15:30:52.199168,577,595,674,550,573,0
2026-08-14T15:30:52.199168,575,596,675,550,573,0
2026-08-14T15:30:52.199168,576,596,675,549,573,0
2026-08-14T15:30:52.199168,575,595,674,549,572,0
2026-08-14T15:30:52.205589,575,594,672,548,573,0
2026-08-14T15:30:52.205589,575,594,673,549,573,0
2026-08-14T15:30:52.205589,576,594,672,548,572,0
2026-08-14T15:30:52.205589,576,594,673,548,572,0
2026-08-14T15:30:52.209687,575,595,673,548,572,0
2026-08-14T15:30:52.209687,576,594,673,549,573,0
2026-08-14T15:30:52.209687,575,595,674,548,573,0
2026-08-14T15:30:52.212390,575,596,674,549,572,0
2026-08-14T15:30:52.212390,576,595,673,548,572,0
2026-08-14T15:30:52.212390,576,595,674,550,573,0
2026-08-14T15:30:52.215530,575,595,673,549,573,0
2026-08-14T15:30:52.215530,574,596,673,549,573,0
2026-08-14T15:30:52.215530,575,595,673,548,572,0
2026-08-14T15:30:52.220191,576,594,673,548,572,0
2026-08-14T15:30:52.220748,576,594,673,548,572,0
2026-08-14T15:30:52.220748,576,594,673,549,572,0
2026-08-14T15:30:52.220748,575,595,673,548,572,0
2026-08-14T15:30:52.220748,575,596,673,548,572,0
2026-08-14T15:30:52.220748,575,595,673,548,571,0
2026-08-14T15:30:52.220748,574,595,674,549,572,0
2026-08-14T15:30:52.228247,574,595,674,549,572,0
2026-08-14T15:30:52.230179,574,595,673,549,572,0
2026-08-14T15:30:52.230179,576,594,673,548,573,0
2026-08-14T15:30:52.230179,575,595,673,549,573,0
2026-08-14T15:30:52.230179,576,594,673,549,572,0
2026-08-14T15:30:52.230179,575,594,673,549,573,0
2026-08-14T15:30:52.230179,577,593,673,549,572,0
2026-08-14T15:30:52.237547,576,594,673,549,572,0
2026-08-14T15:30:52.237547,576,595,673,549,572,0
2026-08-14T15:30:52.237547,574,596,674,548,572,0
2026-08-14T15:30:52.239682,575,595,674,549,572,0
2026-08-14T15:30:52.239682,576,595,674,549,572,0
2026-08-14T15:30:52.239682,575,595,674,549,573,0
2026-08-14T15:30:52.239682,574,595,673,549,572,0
2026-08-14T15:30:52.244643,576,594,673,548,572,0
2026-08-14T15:30:52.244643,575,594,672,549,573,0
2026-08-14T15:30:52.244643,575,594,672,549,573,0
2026-08-14T15:30:52.244643,575,594,674,549,573,0
2026-08-14T15:30:52.244643,576,594,673,549,572,0
2026-08-14T15:30:52.244643,577,595,673,550,572,0
2026-08-14T15:30:52.244643,576,595,673,549,572,0
2026-08-14T15:30:52.254756,575,594,673,549,572,0
2026-08-14T15:30:52.254756,576,594,674,549,572,0
2026-08-14T15:30:52.256507,575,595,673,549,572,0
2026-08-14T15:30:52.256507,575,595,673,550,573,0
2026-08-14T15:30:52.258867,575,594,674,549,572,0
2026-08-14T15:30:52.258867,575,594,673,549,572,0
2026-08-14T15:30:52.258867,575,596,673,549,573,0
2026-08-14T15:30:52.261213,576,595,672,550,572,0
2026-08-14T15:30:52.261213,576,594,673,549,572,0
2026-08-14T15:30:52.261213,575,595,674,548,573,0
2026-08-14T15:30:52.264778,576,595,674,549,572,0
2026-08-14T15:30:52.264778,576,595,673,549,572,0
2026-08-14T15:30:52.264778,575,594,674,549,572,0
2026-08-14T15:30:52.264778,576,594,674,549,573,0
2026-08-14T15:30:52.270362,575,595,673,548,572,0
2026-08-14T15:30:52.270362,576,594,673,549,573,0
2026-08-14T15:30:52.270362,575,595,674,548,573,0
2026-08-14T15:30:52.273012,574,595,673,549,573,0
2026-08-14T15:30:52.273012,575,596,673,549,572,0
2026-08-14T15:30:52.273012,575,594,673,548,572,0
2026-08-14T15:30:52.273012,576,594,673,550,572,0
2026-08-14T15:30:52.278830,576,595,673,549,572,0
2026-08-14T15:30:52.278830,576,595,673,549,572,0
2026-08-14T15:30:52.278830,576,595,674,549,572,0
2026-08-14T15:30:52.282850,575,595,674,549,572,0
2026-08-14T15:30:52.282850,576,593,674,549,572,0
2026-08-14T15:30:52.282850,574,595,674,549,573,0
2026-08-14T15:30:52.285600,576,595,673,549,572,0
2026-08-14T15:30:52.287248,576,594,674,549,573,0
2026-08-14T15:30:52.288374,576,593,674,549,573,0
2026-08-14T15:30:52.288374,575,595,674,549,573,0
2026-08-14T15:30:52.291037,575,594,673,549,572,0
2026-08-14T15:30:52.292065,576,594,674,549,572,0
2026-08-14T15:30:52.293118,576,595,673,548,573,0
2026-08-14T15:30:52.293118,576,595,673,548,573,0
2026-08-14T15:30:52.295315,576,595,673,549,572,0
2026-08-14T15:30:52.295315,576,595,674,549,572,0
2026-08-14T15:30:52.295315,576,594,674,549,572,0
2026-08-14T15:30:52.299813,575,596,673,550,572,0
2026-08-14T15:30:52.299813,574,595,674,549,572,0
2026-08-14T15:30:52.299813,575,594,674,549,573,0
2026-08-14T15:30:52.301591,575,595,674,549,572,0
2026-08-14T15:30:52.303588,576,594,674,548,573,0
2026-08-14T15:30:52.303588,575,593,673,550,572,0
2026-08-14T15:30:52.304728,575,595,673,550,572,0
2026-08-14T15:30:52.304728,575,595,673,548,572,0
2026-08-14T15:30:52.304728,576,594,673,549,572,0
2026-08-14T15:30:52.304728,577,595,673,548,573,0
2026-08-14T15:30:52.309996,575,595,674,550,572,0
2026-08-14T15:30:52.309996,575,594,673,550,573,0
2026-08-14T15:30:52.309996,575,596,673,549,572,0
2026-08-14T15:30:52.314527,575,595,673,549,572,0
2026-08-14T15:30:52.314527,575,594,673,550,573,0
2026-08-14T15:30:52.314527,574,594,673,549,573,0
2026-08-14T15:30:52.314527,575,595,673,549,572,0
2026-08-14T15:30:52.320379,576,595,672,550,572,0
2026-08-14T15:30:52.320379,577,594,673,548,573,0
2026-08-14T15:30:52.320379,575,594,673,549,572,0
2026-08-14T15:30:52.320379,576,595,674,549,572,0
2026-08-14T15:30:52.324388,575,596,674,548,572,0
2026-08-14T15:30:52.324388,575,594,674,549,573,0
2026-08-14T15:30:52.324388,575,594,674,549,572,0
2026-08-14T15:30:52.326495,576,596,673,549,572,0
2026-08-14T15:30:52.326495,574,595,673,549,572,0
2026-08-14T15:30:52.326495,576,594,674,549,572,0
2026-08-14T15:30:52.326495,576,594,674,549,572,0
2026-08-14T15:30:52.326495,576,594,674,550,572,0
2026-08-14T15:30:52.326495,575,594,673,549,572,0
2026-08-14T15:30:52.326495,576,594,673,549,571,0
2026-08-14T15:30:52.336185,576,595,674,548,572,0
2026-08-14T15:30:52.336764,576,595,673,550,572,0
2026-08-14T15:30:52.336764,576,596,674,549,572,0
2026-08-14T15:30:52.336764,576,595,674,548,571,0
2026-08-14T15:30:52.336764,576,595,673,550,573,0
2026-08-14T15:30:52.336764,575,594,674,549,572,0
2026-08-14T15:30:52.336764,574,595,674,549,572,0
2026-08-14T15:30:52.344853,574,595,674,549,572,0
2026-08-14T15:30:52.344853,575,595,673,549,572,0
2026-08-14T15:30:52.344853,576,594,674,549,573,0
2026-08-14T15:30:52.347841,575,595,672,550,572,0
2026-08-14T15:30:52.347841,575,595,673,549,572,0
2026-08-14T15:30:52.350720,575,596,673,549,573,0
2026-08-14T15:30:52.350720,576,595,672,549,573,0
2026-08-14T15:30:52.352792,575,595,673,550,572,0
2026-08-14T15:30:52.353729,576,595,674,550,572,0
2026-08-14T15:30:52.353729,576,594,674,549,571,0
2026-08-14T15:30:52.353729,576,594,674,549,573,0
2026-08-14T15:30:52.353729,575,594,673,550,572,0
2026-08-14T15:30:52.353729,574,594,673,549,573,0
2026-08-14T15:30:52.358831,575,595,673,550,572,0
2026-08-14T15:30:52.358831,575,594,673,549,573,0
2026-08-14T15:30:52.358831,576,594,674,549,572,0
2026-08-14T15:30:52.358831,577,594,674,549,572,0
2026-08-14T15:30:52.358831,575,595,674,549,571,0
2026-08-14T15:30:52.358831,577,595,673,549,571,0
2026-08-14T15:30:52.367014,575,595,674,548,573,0
2026-08-14T15:30:52.369699,575,594,675,549,572,0
2026-08-14T15:30:52.370506,574,595,673,550,573,0
2026-08-14T15:30:52.370506,576,595,674,549,571,0
2026-08-14T15:30:52.370506,575,595,673,549,572,0
2026-08-14T15:30:52.373542,575,594,673,549,572,0
2026-08-14T15:30:52.373542,575,594,673,550,573,0
2026-08-14T15:30:52.373542,574,595,674,549,572,0
2026-08-14T15:30:52.376649,575,594,673,548,572,0
2026-08-14T15:30:52.376649,577,594,673,549,572,0
2026-08-14T15:30:52.376649,576,594,673,549,573,0
2026-08-14T15:30:52.379399,576,596,673,550,572,0
2026-08-14T15:30:52.379399,574,596,674,549,573,0
2026-08-14T15:30:52.379399,576,595,674,549,572,0
2026-08-14T15:30:52.379399,576,594,674,549,572,0
2026-08-14T15:30:52.383512,575,595,673,550,573,0
2026-08-14T15:30:52.387343,574,595,674,549,572,0
2026-08-14T15:30:52.387343,576,594,673,550,573,0
2026-08-14T15:30:52.387343,576,594,674,549,572,0
2026-08-14T15:30:52.387343,575,596,673,549,573,0
2026-08-14T15:30:52.387343,576,595,673,549,572,0
2026-08-14T15:30:52.387343,575,595,673,549,572,0
2026-08-14T15:30:52.391596,576,594,674,548,573,0
2026-08-14T15:30:52.391596,575,596,673,549,573,0
2026-08-14T15:30:52.391596,575,595,673,549,572,0
2026-08-14T15:30:52.391596,576,595,674,549,572,0
2026-08-14T15:30:52.391596,576,595,673,550,572,0
2026-08-14T15:30:52.391596,575,596,673,550,573,0
2026-08-14T15:30:52.391596,576,594,674,549,573,0
2026-08-14T15:30:52.400662,576,596,674,549,572,0
2026-08-14T15:30:52.403724,576,595,673,549,572,0
2026-08-14T15:30:52.403724,575,596,673,549,572,0
2026-08-14T15:30:52.403724,575,595,673,551,572,0
2026-08-14T15:30:52.406302,576,595,673,549,573,0
2026-08-14T15:30:52.406302,575,596,674,549,572,0
2026-08-14T15:30:52.406302,576,595,674,549,573,0
2026-08-14T15:30:52.409329,576,595,673,550,572,0
2026-08-14T15:30:52.409329,576,595,674,550,572,0
2026-08-14T15:30:52.409329,575,595,675,550,572,0
2026-08-14T15:30:52.409329,576,595,673,550,573,0
2026-08-14T15:30:52.409329,575,596,674,549,573,0
2026-08-14T15:30:52.409329,574,595,673,550,572,0
2026-08-14T15:30:52.416536,576,594,674,549,573,0
2026-08-14T15:30:52.416536,577,595,673,550,572,0
2026-08-14T15:30:52.416536,576,593,674,549,573,0
2026-08-14T15:30:52.420292,576,595,675,549,572,0
2026-08-14T15:30:52.421511,576,594,674,549,571,0
2026-08-14T15:30:52.421511,577,595,674,549,572,0
2026-08-14T15:30:52.421511,576,595,673,550,572,0
2026-08-14T15:30:52.424947,576,594,674,549,572,0
2026-08-14T15:30:52.424947,576,594,674,550,572,0
2026-08-14T15:30:52.424947,574,596,674,550,572,0
2026-08-14T15:30:52.424947,576,595,673,550,572,0
2026-08-14T15:30:52.424947,575,594,674,549,573,0
2026-08-14T15:30:52.424947,576,595,673,550,572,0
2026-08-14T15:30:52.424947,575,595,673,549,573,0
2026-08-14T15:30:52.433087,577,595,673,549,573,0
2026-08-14T15:30:52.434968,576,594,673,550,572,0
2026-08-14T15:30:52.434968,576,595,674,549,573,0
2026-08-14T15:30:52.437243,576,595,674,549,572,0
2026-08-14T15:30:52.439073,575,596,673,549,571,0
2026-08-14T15:30:52.439073,576,595,673,550,573,0
2026-08-14T15:30:52.439073,576,595,674,550,573,0
2026-08-14T15:30:52.441694,576,595,674,550,572,0
2026-08-14T15:30:52.441694,576,595,674,549,573,0
2026-08-14T15:30:52.441694,576,594,674,549,573,0
2026-08-14T15:30:52.441694,576,594,674,549,573,0
2026-08-14T15:30:52.441694,575,595,673,550,573,0
2026-08-14T15:30:52.441694,576,595,673,550,572,0
2026-08-14T15:30:52.441694,576,595,673,550,573,0
2026-08-14T15:30:52.450149,576,595,674,549,572,0
2026-08-14T15:30:52.450149,576,596,674,549,573,0
2026-08-14T15:30:52.453903,576,595,674,550,573,0
2026-08-14T15:30:52.454270,574,596,674,549,573,0
2026-08-14T15:30:52.455316,576,595,674,549,573,0
2026-08-14T15:30:52.455316,575,595,673,550,572,0
2026-08-14T15:30:52.457102,576,594,674,550,573,0
2026-08-14T15:30:52.457102,574,596,673,550,573,0
2026-08-14T15:30:52.457102,576,594,674,549,573,0
2026-08-14T15:30:52.457102,575,595,674,550,572,0
2026-08-14T15:30:52.461751,575,595,674,549,573,0
2026-08-14T15:30:52.463563,576,595,674,549,572,0
2026-08-14T15:30:52.464125,576,596,674,549,572,0
2026-08-14T15:30:52.465336,577,596,673,549,572,0
2026-08-14T15:30:52.467156,575,596,674,549,572,0
2026-08-14T15:30:52.467156,576,594,674,549,573,0
2026-08-14T15:30:52.469463,576,595,675,550,572,0
2026-08-14T15:30:52.470064,576,595,673,550,572,0
2026-08-14T15:30:52.470552,576,595,673,550,573,0
2026-08-14T15:30:52.470552,575,595,674,549,573,0
2026-08-14T15:30:52.472934,576,594,675,549,573,0
2026-08-14T15:30:52.473602,577,595,674,549,572,0
2026-08-14T15:30:52.473602,576,594,673,549,572,0
2026-08-14T15:30:52.473602,577,595,673,549,573,0
2026-08-14T15:30:52.473602,576,595,675,549,573,0
2026-08-14T15:30:52.473602,575,596,674,549,572,0
2026-08-14T15:30:52.481421,576,595,673,549,572,0
2026-08-14T15:30:52.481421,576,596,674,549,572,0
2026-08-14T15:30:52.481421,576,594,674,550,573,0
2026-08-14T15:30:52.481421,575,596,675,549,573,0
2026-08-14T15:30:52.481421,575,594,674,549,573,0
2026-08-14T15:30:52.487010,576,595,674,549,573,0
2026-08-14T15:30:52.487010,576,594,673,549,572,0
2026-08-14T15:30:52.487010,576,595,674,549,573,0
2026-08-14T15:30:52.489777,576,595,674,548,572,0
2026-08-14T15:30:52.491554,576,595,674,549,573,0
2026-08-14T15:30:52.491554,575,594,674,549,572,0
2026-08-14T15:30:52.491554,576,595,673,550,572,0
2026-08-14T15:30:52.491554,576,595,675,550,572,0
2026-08-14T15:30:52.491554,575,596,673,550,572,0
2026-08-14T15:30:52.498195,576,594,674,550,573,0
2026-08-14T15:30:52.499184,576,596,675,550,573,0
2026-08-14T15:30:52.499184,575,595,674,549,573,0
2026-08-14T15:30:52.501195,576,595,674,548,572,0
2026-08-14T15:30:52.501195,577,594,674,550,573,0
2026-08-14T15:30:52.503548,576,595,673,550,573,0
2026-08-14T15:30:52.503548,576,595,673,549,573,0
2026-08-14T15:30:52.503548,576,596,673,549,572,0
2026-08-14T15:30:52.506468,576,595,674,549,572,0
2026-08-14T15:30:52.506468,576,595,675,549,572,0
2026-08-14T15:30:52.506468,575,596,673,550,573,0
2026-08-14T15:30:52.506468,576,595,675,550,572,0
2026-08-14T15:30:52.512180,575,596,673,550,572,0
2026-08-14T15:30:52.512180,575,596,673,549,573,0
2026-08-14T15:30:52.512180,575,595,674,550,573,0
2026-08-14T15:30:52.514736,576,594,675,549,572,0
2026-08-14T15:30:52.514736,576,595,674,550,572,0
2026-08-14T15:30:52.514736,576,595,673,549,573,0
2026-08-14T15:30:52.518734,576,595,674,549,573,0
2026-08-14T15:30:52.520892,575,595,674,549,573,0
2026-08-14T15:30:52.520892,576,595,675,550,573,0
2026-08-14T15:30:52.520892,577,596,675,550,572,0
2026-08-14T15:30:52.523096,575,595,674,550,572,0
2026-08-14T15:30:52.523096,576,595,674,550,572,0
2026-08-14T15:30:52.523096,574,595,675,549,573,0
2026-08-14T15:30:52.526934,575,595,674,549,573,0
2026-08-14T15:30:52.526934,575,595,673,550,573,0
2026-08-14T15:30:52.526934,575,595,675,549,573,0
2026-08-14T15:30:52.526934,576,595,674,549,572,0
2026-08-14T15:30:52.533270,577,595,675,549,572,0
2026-08-14T15:30:52.533270,577,595,673,549,572,0
2026-08-14T15:30:52.533270,575,595,675,549,573,0
2026-08-14T15:30:52.536226,575,596,674,549,573,0
2026-08-14T15:30:52.537572,576,596,674,550,572,0
2026-08-14T15:30:52.537572,575,595,674,549,573,0
2026-08-14T15:30:52.537572,576,595,674,550,573,0
2026-08-14T15:30:52.540344,575,595,673,550,573,0
2026-08-14T15:30:52.542358,575,595,674,550,572,0
2026-08-14T15:30:52.542358,575,595,673,549,572,0
2026-08-14T15:30:52.545564,577,595,673,549,573,0
2026-08-14T15:30:52.545564,577,595,674,550,573,0
2026-08-14T15:30:52.545564,576,595,673,550,573,0
2026-08-14T15:30:52.547685,575,596,674,548,572,0
2026-08-14T15:30:52.549654,575,596,674,549,573,0
2026-08-14T15:30:52.549654,576,595,674,550,572,0
2026-08-14T15:30:52.549654,575,596,673,550,572,0
2026-08-14T15:30:52.553752,575,596,674,549,573,0
2026-08-14T15:30:52.553752,576,595,674,549,573,0
2026-08-14T15:30:52.553752,576,594,674,549,574,0
2026-08-14T15:30:52.555507,575,595,674,549,573,0
2026-08-14T15:30:52.557118,575,595,673,550,573,0
2026-08-14T15:30:52.557118,575,595,674,549,574,0
2026-08-14T15:30:52.557118,577,595,673,549,573,0
2026-08-14T15:30:52.559624,576,595,673,550,573,0
2026-08-14T15:30:52.559624,575,595,674,549,572,0
2026-08-14T15:30:52.563584,576,596,675,549,573,0
2026-08-14T15:30:52.563584,575,595,674,549,573,0
2026-08-14T15:30:52.563584,575,596,674,549,573,0
2026-08-14T15:30:52.563584,574,596,673,550,572,0
2026-08-14T15:30:52.563584,576,595,674,549,573,0
2026-08-14T15:30:52.569437,576,594,674,549,573,0
2026-08-14T15:30:52.571106,576,594,675,549,573,0
2026-08-14T15:30:52.571106,575,595,673,549,573,0
2026-08-14T15:30:52.571106,575,594,675,549,572,0
2026-08-14T15:30:52.571106,577,595,674,550,572,0
2026-08-14T15:30:52.571106,577,594,673,550,572,0
2026-08-14T15:30:52.571106,577,595,674,550,572,0
2026-08-14T15:30:52.571106,575,595,675,549,572,0
2026-08-14T15:30:52.571106,575,595,674,549,573,0
2026-08-14T15:30:52.579274,575,595,675,549,573,0
2026-08-14T15:30:52.582440,576,594,673,550,573,0
2026-08-14T15:30:52.582440,575,595,673,550,573,0
2026-08-14T15:30:52.582440,574,594,674,550,574,0
2026-08-14T15:30:52.582440,575,596,674,550,573,0
2026-08-14T15:30:52.582440,576,595,673,550,573,0
2026-08-14T15:30:52.587227,575,595,675,550,572,0
2026-08-14T15:30:52.587562,577,595,673,549,572,0
2026-08-14T15:30:52.590614,576,596,674,549,572,0
2026-08-14T15:30:52.590614,576,595,673,550,572,0
2026-08-14T15:30:52.590614,576,595,674,550,572,0
2026-08-14T15:30:52.590614,574,596,674,549,572,0
2026-08-14T15:30:52.594716,575,595,674,549,572,0
2026-08-14T15:30:52.594716,577,595,673,549,573,0
2026-08-14T15:30:52.594716,577,595,674,550,572,0
2026-08-14T15:30:52.594716,575,595,674,549,573,0
2026-08-14T15:30:52.594716,575,594,674,550,572,0
2026-08-14T15:30:52.594716,576,595,673,550,572,0
2026-08-14T15:30:52.594716,576,595,674,549,573,0
2026-08-14T15:30:52.603333,577,594,674,549,573,0
2026-08-14T15:30:52.604241,576,594,673,549,573,0
2026-08-14T15:30:52.604752,576,596,673,550,572,0
2026-08-14T15:30:52.606763,577,596,674,549,573,0
2026-08-14T15:30:52.606763,576,595,674,549,572,0
2026-08-14T15:30:52.608775,575,596,674,549,573,0
2026-08-14T15:30:52.608775,575,595,674,550,572,0
2026-08-14T15:30:52.611653,576,596,674,550,573,0
2026-08-14T15:30:52.611653,575,595,673,550,573,0
2026-08-14T15:30:52.611653,575,596,674,549,573,0
2026-08-14T15:30:52.615187,575,595,673,550,572,0
2026-08-14T15:30:52.615187,576,594,675,548,572,0
2026-08-14T15:30:52.615187,577,595,673,549,572,0
2026-08-14T15:30:52.618121,577,595,674,549,573,0
2026-08-14T15:30:52.620217,576,595,673,550,572,0
2026-08-14T15:30:52.620720,576,594,675,550,572,0
2026-08-14T15:30:52.620720,576,596,674,548,573,0
2026-08-14T15:30:52.620720,575,596,674,549,573,0
2026-08-14T15:30:52.620720,574,596,673,550,572,0
2026-08-14T15:30:52.620720,576,595,675,550,573,0
2026-08-14T15:30:52.625174,575,596,673,549,573,0
2026-08-14T15:30:52.628263,575,596,673,549,573,0
2026-08-14T15:30:52.628263,575,595,673,550,573,0
2026-08-14T15:30:52.628263,575,595,673,550,573,0
2026-08-14T15:30:52.630279,576,595,674,549,572,0
2026-08-14T15:30:52.630279,577,595,673,549,572,0
2026-08-14T15:30:52.630279,577,595,672,550,573,0
2026-08-14T15:30:52.630279,575,596,674,549,572,0
2026-08-14T15:30:52.636186,576,594,674,549,573,0
2026-08-14T15:30:52.637467,576,598,675,549,572,0
2026-08-14T15:30:52.637467,575,595,673,549,572,0
2026-08-14T15:30:52.639794,576,594,674,549,573,0
2026-08-14T15:30:52.639794,574,595,674,549,573,0
2026-08-14T15:30:52.639794,576,595,673,549,573,0
2026-08-14T15:30:52.642314,576,594,674,549,573,0
2026-08-14T15:30:52.644344,576,594,673,549,574,0
2026-08-14T15:30:52.644344,577,594,674,549,573,0
2026-08-14T15:30:52.644344,576,596,674,549,572,0
2026-08-14T15:30:52.644344,576,596,673,550,572,0
2026-08-14T15:30:52.644344,576,595,674,550,572,0
2026-08-14T15:30:52.649797,575,595,674,550,573,0
2026-08-14T15:30:52.649797,576,596,674,549,573,0
2026-08-14T15:30:52.653238,575,599,673,547,575,0
2026-08-14T15:30:52.653811,575,603,672,544,577,0
2026-08-14T15:30:52.653811,576,607,669,541,579,0
2026-08-14T15:30:52.653811,574,613,667,537,580,0
2026-08-14T15:30:52.653811,573,617,664,534,581,0
2026-08-14T15:30:52.658028,573,621,660,527,581,0
2026-08-14T15:30:52.660263,572,623,657,521,581,0
2026-08-14T15:30:52.660263,569,626,654,517,578,0
2026-08-14T15:30:52.660263,567,628,651,512,578,0
2026-08-14T15:30:52.660263,564,629,649,507,575,0
2026-08-14T15:30:52.660263,561,628,645,504,572,0
2026-08-14T15:30:52.660263,558,624,642,500,570,0
2026-08-14T15:30:52.660263,556,620,637,497,566,0
2026-08-14T15:30:52.668458,551,614,632,494,562,0
2026-08-14T15:30:52.670211,549,606,627,494,557,0
2026-08-14T15:30:52.670755,543,602,622,489,554,0
2026-08-14T15:30:52.671339,540,599,618,485,551,0
2026-08-14T15:30:52.671339,538,597,615,482,547,0
2026-08-14T15:30:52.671339,534,595,612,478,544,0
2026-08-14T15:30:52.676634,533,593,610,476,542,0
2026-08-14T15:30:52.676634,530,592,607,472,539,0
2026-08-14T15:30:52.676634,527,590,604,469,536,0
2026-08-14T15:30:52.676634,522,587,600,465,533,0
2026-08-14T15:30:52.680743,520,585,596,460,530,0
2026-08-14T15:30:52.680743,516,583,590,457,527,0
2026-08-14T15:30:52.680743,512,580,585,453,524,0
2026-08-14T15:30:52.684719,510,575,581,450,519,0
2026-08-14T15:30:52.684719,506,567,576,448,516,0
2026-08-14T15:30:52.687402,503,560,570,445,511,0
2026-08-14T15:30:52.687402,500,559,567,439,509,0
2026-08-14T15:30:52.687402,497,558,563,436,505,0
2026-08-14T15:30:52.687402,496,559,559,430,504,0
2026-08-14T15:30:52.687402,493,557,555,429,502,0
2026-08-14T15:30:52.693140,488,557,553,425,499,0
2026-08-14T15:30:52.693140,485,554,551,423,496,0
2026-08-14T15:30:52.693140,484,551,545,418,492,0
2026-08-14T15:30:52.693140,480,547,540,414,489,0
2026-08-14T15:30:52.695177,475,541,534,411,484,0
2026-08-14T15:30:52.695177,471,534,529,409,478,0
2026-08-14T15:30:52.695177,467,524,522,406,473,0
2026-08-14T15:30:52.701304,462,516,516,403,467,0
2026-08-14T15:30:52.701304,457,506,509,400,460,0
2026-08-14T15:30:52.703319,452,494,503,401,454,0
2026-08-14T15:30:52.704045,448,489,498,394,450,0
2026-08-14T15:30:52.704045,442,491,493,386,445,0
2026-08-14T15:30:52.706145,439,487,491,384,443,0
2026-08-14T15:30:52.707176,436,486,487,382,440,0
2026-08-14T15:30:52.707176,432,484,485,377,436,0
2026-08-14T15:30:52.709588,429,483,481,372,433,0
2026-08-14T15:30:52.709588,425,479,477,371,430,0
2026-08-14T15:30:52.713494,422,473,472,368,426,0
2026-08-14T15:30:52.714257,418,465,467,368,420,0
2026-08-14T15:30:52.714948,414,456,461,365,414,0
2026-08-14T15:30:52.714948,410,454,456,356,408,0
2026-08-14T15:30:52.718260,403,448,451,351,403,0
2026-08-14T15:30:52.718260,398,444,445,347,398,0
2026-08-14T15:30:52.720643,394,439,440,346,394,0
2026-08-14T15:30:52.720643,392,431,438,346,390,0
2026-08-14T15:30:52.721940,389,430,434,342,387,0
2026-08-14T15:30:52.721940,383,427,429,340,385,0
2026-08-14T15:30:52.723603,381,423,425,336,381,0
2026-08-14T15:30:52.725767,378,421,422,330,378,0
2026-08-14T15:30:52.725767,374,419,418,326,373,0
2026-08-14T15:30:52.725767,369,415,413,323,370,0
2026-08-14T15:30:52.725767,366,411,409,320,365,0
2026-08-14T15:30:52.725767,361,405,405,317,361,0
2026-08-14T15:30:52.725767,356,398,399,314,355,0
2026-08-14T15:30:52.725767,352,391,392,311,349,0
2026-08-14T15:30:52.733882,344,384,384,306,342,0
2026-08-14T15:30:52.733882,337,372,376,301,335,0
2026-08-14T15:30:52.733882,330,362,366,296,326,0
2026-08-14T15:30:52.738066,322,352,358,290,317,0
2026-08-14T15:30:52.738066,314,347,350,283,313,0
2026-08-14T15:30:52.738066,311,343,348,280,309,0
2026-08-14T15:30:52.738066,309,342,345,278,307,0
2026-08-14T15:30:52.742274,307,343,343,277,306,0
2026-08-14T15:30:52.742274,306,340,343,274,305,0
2026-08-14T15:30:52.742274,305,339,340,272,302,0
2026-08-14T15:30:52.742274,300,337,339,268,300,0
2026-08-14T15:30:52.742274,299,335,335,265,297,0
2026-08-14T15:30:52.742274,293,334,332,260,293,0
2026-08-14T15:30:52.750410,289,327,327,260,288,0
2026-08-14T15:30:52.751210,286,320,324,258,283,0
2026-08-14T15:30:52.751210,280,315,318,253,277,0
2026-08-14T15:30:52.753728,276,310,312,249,274,0
2026-08-14T15:30:52.754594,273,306,310,246,271,0
2026-08-14T15:30:52.754594,270,304,305,244,268,0
2026-08-14T15:30:52.754594,267,305,303,240,266,0
2026-08-14T15:30:52.758553,264,301,299,237,263,0
2026-08-14T15:30:52.758553,263,301,298,235,261,0
2026-08-14T15:30:52.758553,261,298,297,233,261,0
2026-08-14T15:30:52.758553,259,297,294,231,257,0
2026-08-14T15:30:52.762492,254,296,290,226,255,0
2026-08-14T15:30:52.762492,250,291,285,223,251,0
2026-08-14T15:30:52.762492,247,287,280,219,247,0
2026-08-14T15:30:52.766522,243,281,275,217,242,0
2026-08-14T15:30:52.766522,238,276,271,213,237,0
2026-08-14T15:30:52.766522,233,271,264,208,233,0
2026-08-14T15:30:52.766522,230,267,259,203,229,0
2026-08-14T15:30:52.770284,225,265,254,199,227,0
2026-08-14T15:30:52.770284,222,260,250,195,224,0
2026-08-14T15:30:52.770284,220,259,247,193,221,0
2026-08-14T15:30:52.774790,217,256,245,190,219,0
2026-08-14T15:30:52.774790,214,255,243,188,216,0
2026-08-14T15:30:52.774790,211,253,239,185,214,0
2026-08-14T15:30:52.774790,208,248,236,184,211,0
2026-08-14T15:30:52.774790,207,243,231,182,207,0
2026-08-14T15:30:52.774790,202,237,227,179,203,0
2026-08-14T15:30:52.774790,197,232,223,177,198,0
2026-08-14T15:30:52.782967,195,227,219,176,195,0
2026-08-14T15:30:52.783883,192,222,214,173,191,0
2026-08-14T15:30:52.783883,188,220,210,169,189,0
2026-08-14T15:30:52.786861,186,217,209,167,186,0
2026-08-14T15:30:52.788031,184,214,206,166,185,0
2026-08-14T15:30:52.788031,181,215,206,163,184,0
2026-08-14T15:30:52.788031,181,214,204,161,182,0
2026-08-14T15:30:52.788031,177,212,201,159,180,0
2026-08-14T15:30:52.791464,176,209,199,156,177,0
2026-08-14T15:30:52.791464,172,206,195,154,174,0
2026-08-14T15:30:52.794764,170,203,191,151,173,0
2026-08-14T15:30:52.794764,166,200,188,150,168,0
2026-08-14T15:30:52.794764,162,194,185,149,166,0
2026-08-14T15:30:52.794764,160,187,182,147,161,0
2026-08-14T15:30:52.799503,157,183,178,144,156,0
2026-08-14T15:30:52.799503,153,177,173,141,153,0
2026-08-14T15:30:52.799503,148,173,166,137,149,0
2026-08-14T15:30:52.803694,144,169,163,133,145,0
2026-08-14T15:30:52.803694,141,166,157,129,142,0
2026-08-14T15:30:52.803694,138,162,153,126,138,0
2026-08-14T15:30:52.803694,134,159,151,123,136,0
2026-08-14T15:30:52.807547,129,155,147,120,132,0
2026-08-14T15:30:52.807547,127,153,143,116,129,0
2026-08-14T15:30:52.809453,123,149,141,114,127,0
2026-08-14T15:30:52.809453,121,146,139,112,125,0
2026-08-14T15:30:52.809453,119,143,135,111,123,0
2026-08-14T15:30:52.813574,117,141,133,108,120,0
2026-08-14T15:30:52.815831,115,137,129,107,117,0
2026-08-14T15:30:52.816341,114,133,127,104,115,0
2026-08-14T15:30:52.816341,111,129,123,103,112,0
2026-08-14T15:30:52.818351,108,123,118,102,107,0
2026-08-14T15:30:52.820016,103,120,116,98,104,0
2026-08-14T15:30:52.820329,101,118,113,97,102,0
2026-08-14T15:30:52.820329,98,115,111,95,101,0
2026-08-14T15:30:52.824078,96,113,108,92,99,0
2026-08-14T15:30:52.824078,94,112,106,91,99,0
2026-08-14T15:30:52.824078,94,111,106,88,98,0
2026-08-14T15:30:52.824078,93,110,105,88,97,0
2026-08-14T15:30:52.827355,92,109,105,87,95,0
2026-08-14T15:30:52.827355,93,109,103,86,96,0
2026-08-14T15:30:52.827355,90,108,102,84,95,0
2026-08-14T15:30:52.832065,89,108,101,83,93,0
2026-08-14T15:30:52.832065,88,105,99,83,90,0
2026-08-14T15:30:52.832065,85,101,97,83,89,0
2026-08-14T15:30:52.834113,82,97,95,80,85,0
2026-08-14T15:30:52.834113,80,95,92,79,84,0
2026-08-14T15:30:52.837431,80,96,90,77,83,0
2026-08-14T15:30:52.837431,79,94,89,76,83,0
2026-08-14T15:30:52.840427,77,93,89,75,82,0
2026-08-14T15:30:52.840427,78,94,89,74,81,0
2026-08-14T15:30:52.840427,79,92,87,74,81,0
2026-08-14T15:30:52.842321,76,91,87,73,80,0
2026-08-14T15:30:52.842321,75,90,87,73,79,0
2026-08-14T15:30:52.842321,74,89,86,71,78,0
2026-08-14T15:30:52.846402,72,88,83,69,77,0
2026-08-14T15:30:52.848413,70,86,83,69,75,0
2026-08-14T15:30:52.848413,69,84,81,68,73,0
2026-08-14T15:30:52.848413,67,80,80,67,71,0
2026-08-14T15:30:52.850467,65,76,77,65,69,0
2026-08-14T15:30:52.853994,64,74,74,62,65,0
2026-08-14T15:30:52.853994,60,70,73,61,64,0
2026-08-14T15:30:52.853994,59,68,71,58,62,0
2026-08-14T15:30:52.856853,57,67,68,57,60,0
2026-08-14T15:30:52.856853,57,64,67,57,58,0
2026-08-14T15:30:52.856853,57,64,66,57,59,0
2026-08-14T15:30:52.860962,57,65,67,56,60,0
2026-08-14T15:30:52.860962,57,66,68,56,59,0
2026-08-14T15:30:52.860962,57,68,68,58,60,0
2026-08-14T15:30:52.863395,58,67,70,58,61,0
2026-08-14T15:30:52.864891,57,69,69,58,61,0
2026-08-14T15:30:52.864891,59,67,69,58,62,0
2026-08-14T15:30:52.864891,56,66,66,55,60,0
2026-08-14T15:30:52.864891,54,64,66,55,58,0
2026-08-14T15:30:52.869987,54,62,65,52,56,0
2026-08-14T15:30:52.870850,52,60,63,51,54,0
2026-08-14T15:30:52.872050,50,58,61,50,53,0
2026-08-14T15:30:52.872050,49,56,59,47,50,0
2026-08-14T15:30:52.872050,46,52,56,46,47,0
2026-08-14T15:30:52.872050,43,50,55,44,45,0
2026-08-14T15:30:52.872050,42,48,52,41,45,0
2026-08-14T15:30:52.872050,40,47,52,41,43,0
2026-08-14T15:30:52.872050,38,45,50,39,41,0
2026-08-14T15:30:52.880118,37,44,48,38,40,0
2026-08-14T15:30:52.880118,35,42,46,38,40,0
2026-08-14T15:30:52.883265,34,40,46,36,38,0
2026-08-14T15:30:52.883265,34,38,46,34,36,0
2026-08-14T15:30:52.883265,32,37,44,33,36,0
2026-08-14T15:30:52.886562,32,36,42,33,34,0
2026-08-14T15:30:52.887176,31,35,42,31,34,0
2026-08-14T15:30:52.889625,29,35,42,30,32,0
2026-08-14T15:30:52.890567,29,34,39,30,32,0
2026-08-14T15:30:52.890567,27,32,39,31,33,0
2026-08-14T15:30:52.892583,27,32,41,31,32,0
2026-08-14T15:30:52.892583,27,34,41,30,32,0
2026-08-14T15:30:52.892583,29,35,40,30,31,0
2026-08-14T15:30:52.892583,29,34,41,30,33,0
2026-08-14T15:30:52.897815,30,34,41,32,35,0
2026-08-14T15:30:52.897815,30,36,43,32,34,0
2026-08-14T15:30:52.897815,32,37,42,33,35,0
2026-08-14T15:30:52.897815,32,39,44,33,37,0
2026-08-14T15:30:52.897815,34,39,45,35,38,0
2026-08-14T15:30:52.902797,33,41,47,36,37,0
2026-08-14T15:30:52.903853,35,43,47,35,38,0
2026-08-14T15:30:52.906016,36,44,48,38,40,0
2026-08-14T15:30:52.906016,36,43,48,38,40,0
2026-08-14T15:30:52.906016,37,44,49,39,42,0
2026-08-14T15:30:52.907777,39,47,51,39,41,0
2026-08-14T15:30:52.907777,41,48,51,40,44,0
2026-08-14T15:30:52.907777,40,49,53,41,44,0
2026-08-14T15:30:52.912059,42,51,54,43,46,0
2026-08-14T15:30:52.912059,43,52,56,45,47,0
2026-08-14T15:30:52.912059,44,54,57,46,48,0
2026-08-14T15:30:52.912059,46,54,57,45,48,0
2026-08-14T15:30:52.912059,48,56,60,47,50,0
2026-08-14T15:30:52.912059,47,57,60,48,51,0
2026-08-14T15:30:52.920412,49,60,62,49,53,0
2026-08-14T15:30:52.920412,51,63,64,51,55,0
2026-08-14T15:30:52.920412,53,64,65,53,56,0
2026-08-14T15:30:52.920412,53,65,68,55,58,0
2026-08-14T15:30:52.920412,55,68,69,58,61,0
2026-08-14T15:30:52.920412,59,70,73,61,63,0
2026-08-14T15:30:52.920412,62,71,75,63,65,0
2026-08-14T15:30:52.920412,63,75,77,65,67,0
2026-08-14T15:30:52.920412,67,78,78,68,69,0
2026-08-14T15:30:52.928591,67,77,80,67,69,0
2026-08-14T15:30:52.928591,68,80,80,68,69,0
2026-08-14T15:30:52.928591,68,79,80,67,70,0
2026-08-14T15:30:52.934493,69,81,81,68,71,0
2026-08-14T15:30:52.934493,68,81,82,68,72,0
2026-08-14T15:30:52.936048,68,85,82,70,73,0
2026-08-14T15:30:52.936982,70,85,84,71,74,0
2026-08-14T15:30:52.938792,71,88,85,72,76,0
2026-08-14T15:30:52.938792,72,88,87,73,77,0
2026-08-14T15:30:52.938792,76,90,89,76,79,0
2026-08-14T15:30:52.942862,77,93,92,79,81,0
2026-08-14T15:30:52.942862,80,96,96,82,84,0
2026-08-14T15:30:52.942862,84,100,100,87,88,0
2026-08-14T15:30:52.946718,89,105,105,90,91,0
2026-08-14T15:30:52.946718,93,109,108,93,94,0
2026-08-14T15:30:52.948793,95,112,110,94,96,0
2026-08-14T15:30:52.948793,96,116,113,96,99,0
2026-08-14T15:30:52.950808,99,118,114,98,101,0
2026-08-14T15:30:52.950808,101,121,116,99,102,0
2026-08-14T15:30:52.952825,104,125,117,102,105,0
2026-08-14T15:30:52.953842,105,129,120,104,108,0
2026-08-14T15:30:52.953842,109,131,122,107,111,0
2026-08-14T15:30:52.953842,111,135,126,109,112,0
2026-08-14T15:30:52.953842,114,139,128,112,116,0
2026-08-14T15:30:52.953842,118,142,131,114,117,0
2026-08-14T15:30:52.953842,120,146,134,117,120,0
2026-08-14T15:30:52.953842,123,149,136,121,123,0
2026-08-14T15:30:52.961064,125,153,141,126,125,0
2026-08-14T15:30:52.961064,130,154,145,129,128,0
2026-08-14T15:30:52.965522,133,157,148,132,131,0
2026-08-14T15:30:52.966274,135,158,149,134,132,0
2026-08-14T15:30:52.966788,135,161,150,133,132,0
2026-08-14T15:30:52.966788,136,161,149,134,133,0
2026-08-14T15:30:52.969259,136,160,149,132,133,0
2026-08-14T15:30:52.970996,136,163,149,133,134,0
2026-08-14T15:30:52.970996,135,162,148,131,134,0
2026-08-14T15:30:52.970996,137,165,150,133,136,0
2026-08-14T15:30:52.973960,138,166,151,135,137,0
2026-08-14T15:30:52.975961,140,168,155,139,138,0
2026-08-14T15:30:52.976506,142,170,156,140,142,0
2026-08-14T15:30:52.977082,145,176,160,141,145,0
2026-08-14T15:30:52.979748,149,179,162,144,146,0
2026-08-14T15:30:52.979748,151,184,165,148,150,0
2026-08-14T15:30:52.979748,154,189,168,150,152,0
2026-08-14T15:30:52.983838,158,193,172,153,157,0
2026-08-14T15:30:52.983838,161,198,176,158,161,0
2026-08-14T15:30:52.983838,167,205,180,160,166,0
2026-08-14T15:30:52.986102,170,208,186,165,168,0
2026-08-14T15:30:52.987985,177,213,190,172,173,0
2026-08-14T15:30:52.987985,181,218,198,179,179,0
2026-08-14T15:30:52.987985,189,222,207,189,183,0
2026-08-14T15:30:52.989999,194,226,213,195,189,0
2026-08-14T15:30:52.989999,200,235,220,202,195,0
2026-08-14T15:30:52.992967,207,244,224,207,202,0
2026-08-14T15:30:52.994005,213,248,228,212,206,0
2026-08-14T15:30:52.994005,215,254,231,216,212,0
2026-08-14T15:30:52.994005,220,258,233,220,216,0
2026-08-14T15:30:52.997247,224,262,236,223,221,0
2026-08-14T15:30:52.998892,229,270,239,225,225,0
2026-08-14T15:30:53.000904,233,275,242,227,228,0
2026-08-14T15:30:53.000904,237,281,247,230,232,0
2026-08-14T15:30:53.000904,239,287,249,231,236,0
2026-08-14T15:30:53.003274,245,294,251,233,241,0
2026-08-14T15:30:53.003274,247,300,256,237,247,0
2026-08-14T15:30:53.003274,250,306,261,240,250,0
2026-08-14T15:30:53.008419,254,313,266,244,254,0
2026-08-14T15:30:53.008419,261,320,271,247,258,0
2026-08-14T15:30:53.008419,265,324,277,254,265,0
2026-08-14T15:30:53.012513,273,326,285,265,271,0
2026-08-14T15:30:53.012513,279,335,296,276,278,0
2026-08-14T15:30:53.012513,287,343,309,288,284,0
2026-08-14T15:30:53.012513,297,352,319,295,293,0
2026-08-14T15:30:53.012513,305,363,326,302,303,0
2026-08-14T15:30:53.012513,314,375,333,307,311,0
2026-08-14T15:30:53.017895,319,382,334,310,317,0
2026-08-14T15:30:53.020046,323,388,336,312,323,0
2026-08-14T15:30:53.020046,326,395,339,315,326,0
2026-08-14T15:30:53.020046,329,400,343,317,332,0
2026-08-14T15:30:53.023151,333,405,346,321,334,0
2026-08-14T15:30:53.023151,338,409,350,325,340,0
2026-08-14T15:30:53.025162,341,415,354,327,344,0
2026-08-14T15:30:53.025162,345,419,354,329,349,0
2026-08-14T15:30:53.028208,347,424,357,331,352,0
2026-08-14T15:30:53.028208,351,428,360,333,355,0
2026-08-14T15:30:53.028208,356,431,364,337,361,0
2026-08-14T15:30:53.028208,361,436,370,343,365,0
2026-08-14T15:30:53.032979,366,437,375,354,373,0
2026-08-14T15:30:53.032979,373,442,386,363,378,0
2026-08-14T15:30:53.032979,379,449,394,368,386,0
2026-08-14T15:30:53.037077,384,454,400,373,390,0
2026-08-14T15:30:53.037077,387,462,405,379,395,0
2026-08-14T15:30:53.037077,392,464,411,384,399,0
2026-08-14T15:30:53.037077,395,463,413,391,402,0
2026-08-14T15:30:53.039486,400,468,416,391,407,0
2026-08-14T15:30:53.039486,402,471,419,395,412,0
2026-08-14T15:30:53.039486,406,477,419,395,416,0
2026-08-14T15:30:53.044564,411,482,422,395,420,0
2026-08-14T15:30:53.045432,414,490,429,399,425,0
2026-08-14T15:30:53.045432,419,497,434,403,430,0
2026-08-14T15:30:53.049447,422,505,438,406,435,0
2026-08-14T15:30:53.049447,427,511,446,411,441,0
2026-08-14T15:30:53.049447,432,519,453,414,445,0
2026-08-14T15:30:53.051452,436,527,460,419,449,0
2026-08-14T15:30:53.052960,439,533,466,423,456,0
2026-08-14T15:30:53.053666,444,540,471,428,461,0
2026-08-14T15:30:53.053666,450,546,478,429,466,0
2026-08-14T15:30:53.054806,453,552,481,435,471,0
2026-08-14T15:30:53.054806,459,554,487,442,477,0
2026-08-14T15:30:53.054806,467,551,491,456,483,0
2026-08-14T15:30:53.054806,474,553,503,467,489,0
2026-08-14T15:30:53.061071,480,555,518,481,495,0
2026-08-14T15:30:53.061071,489,549,526,495,500,0
2026-08-14T15:30:53.061071,497,555,536,507,506,0
2026-08-14T15:30:53.064349,505,557,544,517,514,0
2026-08-14T15:30:53.064349,515,567,547,520,525,0
2026-08-14T15:30:53.064349,520,576,548,523,532,0
2026-08-14T15:30:53.067600,522,584,549,524,536,0
2026-08-14T15:30:53.069950,526,590,549,523,539,0
2026-08-14T15:30:53.070736,528,597,549,522,542,0
2026-08-14T15:30:53.070736,531,602,552,522,545,0
2026-08-14T15:30:53.070736,532,607,558,525,547,0
2026-08-14T15:30:53.070736,535,611,563,529,550,0
2026-08-14T15:30:53.070736,537,613,569,534,553,0
2026-08-14T15:30:53.077580,540,617,573,536,557,0
2026-08-14T15:30:53.077580,543,622,577,538,561,0
2026-08-14T15:30:53.077580,546,625,582,544,564,0
2026-08-14T15:30:53.079886,548,631,587,548,567,0
2026-08-14T15:30:53.079886,553,636,591,550,573,0
2026-08-14T15:30:53.079886,557,643,595,553,579,0
2026-08-14T15:30:53.079886,559,647,600,558,581,0
2026-08-14T15:30:53.085764,562,652,605,560,585,0
2026-08-14T15:30:53.087494,564,656,608,562,588,0
2026-08-14T15:30:53.087494,567,660,611,562,591,0
2026-08-14T15:30:53.087494,568,664,614,564,593,0
2026-08-14T15:30:53.087494,569,669,616,564,596,0
2026-08-14T15:30:53.087494,570,674,621,565,598,0
2026-08-14T15:30:53.087494,571,677,625,568,600,0
2026-08-14T15:30:53.093445,573,682,629,570,603,0
2026-08-14T15:30:53.093445,575,688,633,571,605,0
2026-08-14T15:30:53.093445,576,691,637,574,609,0
2026-08-14T15:30:53.093445,579,697,638,573,611,0
2026-08-14T15:30:53.098513,581,700,643,575,615,0
2026-08-14T15:30:53.098513,581,704,647,578,617,0
2026-08-14T15:30:53.098513,584,709,650,580,620,0
2026-08-14T15:30:53.101227,587,714,653,583,624,0
2026-08-14T15:30:53.103333,590,718,656,585,627,0
2026-08-14T15:30:53.103979,594,719,660,591,630,0
2026-08-14T15:30:53.103979,598,714,660,600,634,0
2026-08-14T15:30:53.103979,605,704,666,614,636,0
2026-08-14T15:30:53.103979,609,707,673,619,640,0
2026-08-14T15:30:53.103979,612,708,678,627,645,0
2026-08-14T15:30:53.109400,614,712,685,632,649,0
2026-08-14T15:30:53.109400,618,718,689,634,654,0
2026-08-14T15:30:53.109400,618,722,693,637,656,0
2026-08-14T15:30:53.112652,621,725,697,641,659,0
2026-08-14T15:30:53.112652,621,726,701,644,660,0
2026-08-14T15:30:53.112652,625,733,704,643,662,0
2026-08-14T15:30:53.112652,626,740,707,644,668,0
2026-08-14T15:30:53.117911,628,745,712,646,670,0
2026-08-14T15:30:53.120435,628,752,715,646,673,0
2026-08-14T15:30:53.120435,628,758,720,647,674,0
2026-08-14T15:30:53.123091,626,765,725,647,676,0
2026-08-14T15:30:53.123091,628,769,727,648,679,0
2026-08-14T15:30:53.123091,627,775,728,650,683,0
2026-08-14T15:30:53.124852,629,780,732,650,686,0
2026-08-14T15:30:53.127188,631,785,733,650,688,0
2026-08-14T15:30:53.127188,632,787,737,653,689,0
2026-08-14T15:30:53.127188,631,792,740,654,691,0
2026-08-14T15:30:53.128947,632,793,745,656,693,0
2026-08-14T15:30:53.128947,635,794,746,661,695,0
2026-08-14T15:30:53.133030,637,794,748,666,697,0
2026-08-14T15:30:53.133030,640,794,752,670,700,0
2026-08-14T15:30:53.134542,640,798,756,673,702,0
2026-08-14T15:30:53.136081,641,799,758,675,704,0
2026-08-14T15:30:53.136687,643,804,758,675,706,0
2026-08-14T15:30:53.136687,646,806,758,676,708,0
2026-08-14T15:30:53.136687,645,805,759,678,710,0
2026-08-14T15:30:53.136687,647,808,759,678,713,0
2026-08-14T15:30:53.142858,647,812,761,677,713,0
2026-08-14T15:30:53.142858,647,819,762,675,715,0
2026-08-14T15:30:53.144869,646,823,764,676,717,0
2026-08-14T15:30:53.144869,645,827,766,674,718,0
2026-08-14T15:30:53.146881,645,830,769,676,719,0
2026-08-14T15:30:53.146881,648,828,769,681,721,0
2026-08-14T15:30:53.148891,653,822,770,687,722,0
2026-08-14T15:30:53.150900,653,825,774,690,725,0
2026-08-14T15:30:53.152792,654,829,777,691,726,0
2026-08-14T15:30:53.153584,657,826,778,697,727,0
2026-08-14T15:30:53.153584,661,820,780,703,730,0
2026-08-14T15:30:53.155852,660,827,783,700,731,0
2026-08-14T15:30:53.155852,657,835,784,699,732,0
2026-08-14T15:30:53.155852,655,836,787,700,733,0
2026-08-14T15:30:53.158972,656,836,790,702,733,0
2026-08-14T15:30:53.158972,656,837,793,704,734,0
2026-08-14T15:30:53.158972,654,840,795,706,735,0
2026-08-14T15:30:53.158972,658,836,795,710,736,0
2026-08-14T15:30:53.158972,661,829,795,716,735,0
2026-08-14T15:30:53.158972,661,827,802,720,737,0
2026-08-14T15:30:53.158972,662,829,806,724,738,0
2026-08-14T15:30:53.167801,661,829,810,726,738,0
2026-08-14T15:30:53.167801,664,823,809,731,739,0
2026-08-14T15:30:53.170535,669,820,807,731,741,0
2026-08-14T15:30:53.171043,669,826,807,732,743,0
2026-08-14T15:30:53.171043,670,830,808,732,748,0
2026-08-14T15:30:53.171043,670,839,809,731,750,0
2026-08-14T15:30:53.173895,671,844,812,730,751,0
2026-08-14T15:30:53.177424,671,848,815,731,754,0
2026-08-14T15:30:53.186279,671,851,817,733,756,0
2026-08-14T15:30:53.187209,673,855,819,732,757,0
2026-08-14T15:30:53.187209,670,862,823,733,758,0
2026-08-14T15:30:53.187209,670,866,824,734,760,0
2026-08-14T15:30:53.187209,670,870,826,734,763,0
2026-08-14T15:30:53.187209,669,871,827,735,763,0
2026-08-14T15:30:53.187209,673,868,828,738,764,0
2026-08-14T15:30:53.192798,675,861,831,744,766,0
2026-08-14T15:30:53.192798,677,860,832,746,767,0
2026-08-14T15:30:53.194810,677,860,832,747,769,0
2026-08-14T15:30:53.194810,677,864,831,745,769,0
2026-08-14T15:30:53.194810,677,869,832,745,771,0
2026-08-14T15:30:53.194810,676,872,833,744,773,0
2026-08-14T15:30:53.194810,676,874,835,744,772,0
2026-08-14T15:30:53.194810,677,877,835,743,772,0
2026-08-14T15:30:53.194810,677,874,834,746,773,0
2026-08-14T15:30:53.194810,679,871,835,749,774,0
2026-08-14T15:30:53.194810,679,865,838,752,774,0
2026-08-14T15:30:53.194810,683,859,837,757,774,0
2026-08-14T15:30:53.200723,684,860,838,756,776,0
2026-08-14T15:30:53.201312,683,865,838,755,777,0
2026-08-14T15:30:53.202796,683,866,839,754,777,0
2026-08-14T15:30:53.202796,682,867,840,753,777,0
2026-08-14T15:30:53.205003,683,868,840,753,779,0
2026-08-14T15:30:53.205003,685,868,839,753,778,0
2026-08-14T15:30:53.205003,685,869,841,753,778,0
2026-08-14T15:30:53.206755,684,870,842,754,778,0
2026-08-14T15:30:53.209115,685,870,844,755,778,0
2026-08-14T15:30:53.209115,686,868,847,759,779,0
2026-08-14T15:30:53.209115,687,865,850,762,779,0
2026-08-14T15:30:53.212083,688,859,850,766,779,0
2026-08-14T15:30:53.212083,691,852,850,769,778,0
2026-08-14T15:30:53.212083,694,842,852,773,777,0
2026-08-14T15:30:53.212083,693,846,856,773,778,0
2026-08-14T15:30:53.217492,693,849,856,771,780,0
2026-08-14T15:30:53.217492,692,854,856,769,782,0
2026-08-14T15:30:53.219507,691,862,854,765,782,0
2026-08-14T15:30:53.220508,689,865,854,763,782,0
2026-08-14T15:30:53.220508,687,870,853,760,783,0
2026-08-14T15:30:53.220508,687,874,855,760,784,0
2026-08-14T15:30:53.225618,684,878,855,756,784,0
2026-08-14T15:30:53.225618,684,879,857,757,784,0
2026-08-14T15:30:53.225618,683,880,858,757,784,0
2026-08-14T15:30:53.227630,681,880,861,756,785,0
2026-08-14T15:30:53.227630,681,880,862,757,785,0
2026-08-14T15:30:53.227630,681,881,862,756,785,0
2026-08-14T15:30:53.227630,683,877,861,757,784,0
2026-08-14T15:30:53.233691,684,869,859,761,785,0
2026-08-14T15:30:53.233691,690,857,859,768,784,0
2026-08-14T15:30:53.233691,694,845,864,773,781,0
2026-08-14T15:30:53.236887,699,835,868,777,778,0
2026-08-14T15:30:53.237567,699,825,872,781,774,0
2026-08-14T15:30:53.237567,701,819,873,782,772,0
2026-08-14T15:30:53.237567,699,822,872,781,774,0
2026-08-14T15:30:53.241739,704,816,865,780,776,0
2026-08-14T15:30:53.241739,705,816,861,778,775,0
2026-08-14T15:30:53.241739,705,814,856,777,777,0
2026-08-14T15:30:53.245964,706,812,854,776,777,0
2026-08-14T15:30:53.246792,707,809,851,775,777,0
2026-08-14T15:30:53.246792,707,810,852,775,776,0
2026-08-14T15:30:53.246792,705,811,853,774,777,0
2026-08-14T15:30:53.250063,704,815,852,772,777,0
2026-08-14T15:30:53.250063,702,819,851,770,776,0
2026-08-14T15:30:53.250063,702,825,851,767,778,0
2026-08-14T15:30:53.254177,700,830,850,764,778,0
2026-08-14T15:30:53.254177,696,834,851,761,779,0
2026-08-14T15:30:53.254177,693,842,849,759,779,0
2026-08-14T15:30:53.255928,691,847,851,755,779,0
2026-08-14T15:30:53.258181,691,847,852,755,779,0
2026-08-14T15:30:53.258181,691,844,854,756,778,0
2026-08-14T15:30:53.258181,690,842,855,757,777,0
2026-08-14T15:30:53.260002,691,842,855,756,776,0
2026-08-14T15:30:53.260002,694,834,854,759,775,0
2026-08-14T15:30:53.264121,698,821,852,761,772,0
2026-08-14T15:30:53.264121,699,815,854,764,771,0
2026-08-14T15:30:53.266378,703,810,855,764,768,0
2026-08-14T15:30:53.266378,701,805,856,764,766,0
2026-08-14T15:30:53.266378,704,797,857,765,763,0
2026-08-14T15:30:53.270531,702,794,859,766,762,0
2026-08-14T15:30:53.270531,703,794,858,764,761,0
2026-08-14T15:30:53.270531,702,795,855,762,761,0
2026-08-14T15:30:53.270531,700,796,852,760,762,0
2026-08-14T15:30:53.273876,699,801,850,756,763,0
2026-08-14T15:30:53.274896,697,802,847,754,762,0
2026-08-14T15:30:53.274896,696,806,843,752,762,0
2026-08-14T15:30:53.274896,695,807,840,748,762,0
2026-08-14T15:30:53.274896,694,809,840,745,762,0
2026-08-14T15:30:53.274896,693,809,838,745,760,0
2026-08-14T15:30:53.274896,692,807,837,741,758,0
2026-08-14T15:30:53.283189,691,808,838,741,757,0
2026-08-14T15:30:53.283189,690,806,837,740,756,0
2026-08-14T15:30:53.286436,689,809,836,737,755,0
2026-08-14T15:30:53.287188,686,810,835,735,754,0
2026-08-14T15:30:53.287188,684,812,835,732,754,0
2026-08-14T15:30:53.287188,684,812,834,732,754,0
2026-08-14T15:30:53.287188,683,813,833,730,753,0
2026-08-14T15:30:53.291428,683,811,833,729,753,0
2026-08-14T15:30:53.291428,684,811,832,728,751,0
2026-08-14T15:30:53.291428,684,810,831,728,750,0
2026-08-14T15:30:53.295104,685,806,830,728,749,0
2026-08-14T15:30:53.295104,684,805,829,727,748,0
2026-08-14T15:30:53.295104,684,805,828,724,747,0
2026-08-14T15:30:53.298201,682,807,827,724,746,0
2026-08-14T15:30:53.299709,682,806,828,724,746,0
2026-08-14T15:30:53.299709,681,804,827,724,746,0
2026-08-14T15:30:53.299709,682,804,826,722,746,0
2026-08-14T15:30:53.303264,681,803,825,721,745,0
2026-08-14T15:30:53.303264,682,802,823,722,745,0
2026-08-14T15:30:53.304527,682,799,823,721,744,0
2026-08-14T15:30:53.304527,682,800,822,721,744,0
2026-08-14T15:30:53.308139,683,799,822,720,743,0
2026-08-14T15:30:53.308139,683,796,822,720,742,0
2026-08-14T15:30:53.308139,683,793,820,722,741,0
2026-08-14T15:30:53.308139,684,789,821,724,740,0
2026-08-14T15:30:53.308139,687,783,820,726,738,0
2026-08-14T15:30:53.308139,690,776,818,727,735,0
2026-08-14T15:30:53.308139,691,766,817,731,734,0
2026-08-14T15:30:53.308139,694,755,815,734,732,0
2026-08-14T15:30:53.316605,698,742,812,735,727,0
2026-08-14T15:30:53.316605,701,726,807,736,723,0
2026-08-14T15:30:53.320827,703,726,808,736,725,0
2026-08-14T15:30:53.321437,702,730,810,737,726,0
2026-08-14T15:30:53.321437,703,730,809,737,726,0
2026-08-14T15:30:53.323779,705,726,806,735,726,0
2026-08-14T15:30:53.323779,708,719,799,735,726,0
2026-08-14T15:30:53.324790,710,708,789,736,725,0
2026-08-14T15:30:53.327880,711,700,792,738,722,0
2026-08-14T15:30:53.327880,713,694,792,736,720,0
2026-08-14T15:30:53.327880,713,701,797,738,722,0
2026-08-14T15:30:53.327880,711,702,800,739,722,0
2026-08-14T15:30:53.327880,711,700,798,739,722,0
2026-08-14T15:30:53.332861,713,695,795,740,721,0
2026-08-14T15:30:53.332861,715,693,796,740,719,0
2026-08-14T15:30:53.336179,715,690,798,741,718,0
2026-08-14T15:30:53.337331,716,690,800,741,717,0
2026-08-14T15:30:53.337331,716,690,801,741,716,0
2026-08-14T15:30:53.337331,715,687,799,741,717,0
2026-08-14T15:30:53.337331,716,691,802,742,718,0
2026-08-14T15:30:53.337331,715,692,803,743,720,0
2026-08-14T15:30:53.341359,716,692,803,743,720,0
2026-08-14T15:30:53.341359,718,692,803,745,720,0
2026-08-14T15:30:53.341359,718,691,801,745,723,0
2026-08-14T15:30:53.341359,718,692,801,745,725,0
2026-08-14T15:30:53.341359,720,694,802,746,727,0
2026-08-14T15:30:53.341359,718,695,800,745,727,0
2026-08-14T15:30:53.349834,719,695,798,744,728,0
2026-08-14T15:30:53.350681,719,697,796,742,727,0
2026-08-14T15:30:53.353097,718,697,795,742,727,0
2026-08-14T15:30:53.354621,717,697,795,741,726,0
2026-08-14T15:30:53.354621,717,698,794,740,726,0
2026-08-14T15:30:53.356631,717,698,793,738,724,0
2026-08-14T15:30:53.356631,715,697,791,738,723,0
2026-08-14T15:30:53.358145,714,697,790,738,722,0
2026-08-14T15:30:53.358145,714,697,790,737,722,0
2026-08-14T15:30:53.360480,713,696,788,737,723,0
2026-08-14T15:30:53.361125,712,696,787,736,722,0
2026-08-14T15:30:53.363133,711,695,787,736,721,0
2026-08-14T15:30:53.363133,711,694,788,736,720,0
2026-08-14T15:30:53.365144,712,694,786,735,719,0
2026-08-14T15:30:53.365144,711,693,786,735,721,0
2026-08-14T15:30:53.366653,712,692,787,735,720,0
2026-08-14T15:30:53.366653,712,693,786,734,720,0
2026-08-14T15:30:53.370160,711,694,786,734,720,0
2026-08-14T15:30:53.370571,711,693,786,735,719,0
2026-08-14T15:30:53.372941,711,693,787,735,720,0
2026-08-14T15:30:53.372941,711,692,787,735,720,0
2026-08-14T15:30:53.372941,710,693,786,734,720,0
2026-08-14T15:30:53.377037,711,693,785,735,719,0
2026-08-14T15:30:53.377037,711,692,786,735,721,0
2026-08-14T15:30:53.377037,712,693,786,736,720,0
2026-08-14T15:30:53.377037,712,693,787,735,720,0
2026-08-14T15:30:53.381191,711,692,787,735,720,0
2026-08-14T15:30:53.381191,712,693,786,735,721,0
2026-08-14T15:30:53.382952,711,694,787,736,720,0
2026-08-14T15:30:53.382952,711,694,787,735,720,0
2026-08-14T15:30:53.386251,711,695,786,735,720,0
2026-08-14T15:30:53.387404,712,694,787,736,721,0
2026-08-14T15:30:53.387404,711,695,787,736,721,0
2026-08-14T15:30:53.389653,712,694,787,736,720,0
2026-08-14T15:30:53.389653,712,694,787,736,721,0
2026-08-14T15:30:53.389653,712,693,788,736,721,0
2026-08-14T15:30:53.391409,712,694,787,736,722,0
2026-08-14T15:30:53.391409,713,694,787,736,721,0
2026-08-14T15:30:53.391409,713,694,788,737,722,0
2026-08-14T15:30:53.395198,713,695,787,736,722,0
2026-08-14T15:30:53.395198,713,695,788,736,722,0
2026-08-14T15:30:53.395198,712,695,789,737,721,0
2026-08-14T15:30:53.395198,714,696,788,736,722,0
2026-08-14T15:30:53.401612,713,696,788,737,722,0
2026-08-14T15:30:53.401612,713,695,789,737,723,0
2026-08-14T15:30:53.404077,714,695,789,737,723,0
2026-08-14T15:30:53.404588,713,697,790,738,723,0
2026-08-14T15:30:53.404588,714,696,788,737,723,0
2026-08-14T15:30:53.404588,714,696,790,738,723,0
2026-08-14T15:30:53.407698,715,696,790,738,723,0
2026-08-14T15:30:53.408850,714,697,791,739,723,0
2026-08-14T15:30:53.408850,715,696,790,739,724,0
2026-08-14T15:30:53.408850,716,696,790,738,724,0
2026-08-14T15:30:53.408850,716,698,792,740,725,0
2026-08-14T15:30:53.408850,716,698,791,740,725,0
2026-08-14T15:30:53.408850,716,699,792,740,725,0
2026-08-14T15:30:53.415846,716,699,793,740,726,0
2026-08-14T15:30:53.416582,716,698,793,741,727,0
2026-08-14T15:30:53.416582,716,699,792,741,726,0
2026-08-14T15:30:53.416582,716,700,794,742,727,0
2026-08-14T15:30:53.420710,718,700,794,742,727,0
2026-08-14T15:30:53.420710,718,700,794,743,728,0
2026-08-14T15:30:53.420710,717,700,795,743,728,0
2026-08-14T15:30:53.423939,719,701,795,743,729,0
2026-08-14T15:30:53.423939,720,701,795,743,729,0
2026-08-14T15:30:53.423939,719,701,794,742,728,0
2026-08-14T15:30:53.423939,720,701,795,743,728,0
2026-08-14T15:30:53.423939,718,700,795,743,728,0
2026-08-14T15:30:53.423939,718,701,795,742,728,0
2026-08-14T15:30:53.423939,719,700,796,743,729,0
2026-08-14T15:30:53.432432,718,700,795,743,728,0
2026-08-14T15:30:53.432432,717,701,795,744,729,0
2026-08-14T15:30:53.436130,719,700,796,743,729,0
2026-08-14T15:30:53.437189,718,700,794,742,729,0
2026-08-14T15:30:53.438479,719,700,796,744,729,0
2026-08-14T15:30:53.438479,719,701,794,744,729,0
2026-08-14T15:30:53.438479,720,701,795,743,728,0
2026-08-14T15:30:53.438479,719,701,795,743,728,0
2026-08-14T15:30:53.442588,720,701,796,744,729,0
2026-08-14T15:30:53.442588,719,702,795,743,728,0
2026-08-14T15:30:53.442588,718,700,796,743,728,0
2026-08-14T15:30:53.446664,718,701,795,743,728,0
2026-08-14T15:30:53.446664,720,701,795,743,729,0
2026-08-14T15:30:53.448426,718,700,795,744,729,0
2026-08-14T15:30:53.450273,720,700,796,744,729,0
2026-08-14T15:30:53.450273,719,700,795,743,728,0
2026-08-14T15:30:53.450273,720,700,796,743,730,0
2026-08-14T15:30:53.453936,719,700,794,743,728,0
2026-08-14T15:30:53.453936,719,700,796,744,729,0
2026-08-14T15:30:53.453936,719,701,795,743,728,0
2026-08-14T15:30:53.456638,720,701,795,743,728,0
2026-08-14T15:30:53.456638,719,701,795,744,729,0
2026-08-14T15:30:53.456638,718,701,796,743,729,0
2026-08-14T15:30:53.456638,719,701,796,744,729,0
2026-08-14T15:30:53.456638,719,702,795,743,728,0
2026-08-14T15:30:53.456638,719,700,796,743,728,0
2026-08-14T15:30:53.456638,718,701,795,743,729,0
2026-08-14T15:30:53.456638,719,701,794,744,729,0
2026-08-14T15:30:53.466743,718,702,795,743,728,0
2026-08-14T15:30:53.466743,720,701,794,743,730,0
2026-08-14T15:30:53.466743,720,701,795,743,728,0
2026-08-14T15:30:53.466743,719,700,796,743,728,0
2026-08-14T15:30:53.471270,719,701,795,744,728,0
2026-08-14T15:30:53.471270,720,701,794,743,728,0
2026-08-14T15:30:53.471270,720,700,796,744,728,0
2026-08-14T15:30:53.474600,719,701,795,743,728,0
2026-08-14T15:30:53.474600,719,702,796,744,729,0
2026-08-14T15:30:53.474600,720,700,795,744,729,0
2026-08-14T15:30:53.477872,720,701,796,743,728,0
2026-08-14T15:30:53.477872,719,700,795,743,729,0
2026-08-14T15:30:53.477872,719,701,795,743,729,0
2026-08-14T15:30:53.481286,718,700,795,743,729,0
2026-08-14T15:30:53.483673,720,701,796,743,728,0
2026-08-14T15:30:53.484183,721,701,795,744,728,0
2026-08-14T15:30:53.484764,720,701,795,744,729,0
2026-08-14T15:30:53.487660,719,701,795,743,728,0
2026-08-14T15:30:53.487660,719,702,795,744,728,0
2026-08-14T15:30:53.487660,719,701,796,744,729,0
2026-08-14T15:30:53.489412,719,701,795,743,728,0
2026-08-14T15:30:53.490366,719,701,796,744,728,0
2026-08-14T15:30:53.490366,718,701,795,744,729,0
2026-08-14T15:30:53.490366,718,701,796,743,729,0
2026-08-14T15:30:53.490366,720,701,795,744,729,0
2026-08-14T15:30:53.490366,719,700,796,744,729,0
2026-08-14T15:30:53.490366,718,700,795,743,729,0
2026-08-14T15:30:53.497795,720,701,795,743,728,0
2026-08-14T15:30:53.497795,719,700,795,744,729,0
2026-08-14T15:30:53.497795,719,700,796,743,729,0
2026-08-14T15:30:53.497795,718,701,795,743,728,0
2026-08-14T15:30:53.503323,719,701,795,743,728,0
2026-08-14T15:30:53.503323,719,700,795,743,729,0
2026-08-14T15:30:53.503323,719,701,796,743,729,0
2026-08-14T15:30:53.505852,719,701,795,744,729,0
2026-08-14T15:30:53.505852,719,700,796,744,729,0
2026-08-14T15:30:53.505852,720,700,795,743,728,0
2026-08-14T15:30:53.505852,718,700,796,743,729,0
2026-08-14T15:30:53.512214,719,699,796,744,728,0
2026-08-14T15:30:53.512214,719,700,796,743,728,0
2026-08-14T15:30:53.512214,721,700,794,743,728,0
2026-08-14T15:30:53.516313,720,700,795,744,729,0
2026-08-14T15:30:53.516313,720,701,796,744,728,0
2026-08-14T15:30:53.518073,718,703,796,743,729,0
2026-08-14T15:30:53.518073,719,702,796,743,729,0
2026-08-14T15:30:53.520605,720,701,796,744,728,0
2026-08-14T15:30:53.520605,719,700,796,743,729,0
2026-08-14T15:30:53.520605,720,700,795,744,729,0
2026-08-14T15:30:53.524515,718,702,796,744,729,0
2026-08-14T15:30:53.524515,719,700,796,744,729,0
2026-08-14T15:30:53.524515,719,700,795,744,730,0
2026-08-14T15:30:53.524515,719,701,796,744,729,0
2026-08-14T15:30:53.527717,720,701,795,743,728,0
2026-08-14T15:30:53.527717,720,701,795,743,728,0
2026-08-14T15:30:53.530680,720,701,796,744,728,0
2026-08-14T15:30:53.530680,719,701,795,743,729,0
2026-08-14T15:30:53.530680,719,702,796,743,728,0
2026-08-14T15:30:53.530680,719,701,796,744,728,0
2026-08-14T15:30:53.530680,719,701,796,743,729,0
2026-08-14T15:30:53.536898,719,700,796,744,729,0
2026-08-14T15:30:53.536898,719,701,795,744,729,0
2026-08-14T15:30:53.536898,719,702,796,743,729,0
2026-08-14T15:30:53.538995,720,701,795,744,728,0
2026-08-14T15:30:53.538995,720,701,795,743,728,0
2026-08-14T15:30:53.542646,717,700,796,744,729,0
2026-08-14T15:30:53.542646,719,701,795,743,728,0
2026-08-14T15:30:53.542646,719,701,795,743,728,0
2026-08-14T15:30:53.542646,719,701,796,744,728,0
2026-08-14T15:30:53.546747,718,700,796,744,728,0
2026-08-14T15:30:53.548760,719,701,795,744,729,0
2026-08-14T15:30:53.548760,720,700,796,743,728,0
2026-08-14T15:30:53.548760,720,700,795,744,729,0
2026-08-14T15:30:53.552805,718,700,796,744,730,0
2026-08-14T15:30:53.553342,719,701,795,743,729,0
2026-08-14T15:30:53.553342,720,700,795,743,728,0
2026-08-14T15:30:53.555083,720,700,794,744,728,0
2026-08-14T15:30:53.555989,720,701,795,743,729,0
2026-08-14T15:30:53.555989,720,701,795,743,728,0
2026-08-14T15:30:53.555989,720,701,795,743,728,0
2026-08-14T15:30:53.561364,720,702,796,743,729,0
2026-08-14T15:30:53.561364,719,701,796,744,729,0
2026-08-14T15:30:53.561364,718,701,795,744,729,0
2026-08-14T15:30:53.563805,719,700,796,744,728,0
2026-08-14T15:30:53.565466,719,700,796,744,729,0
2026-08-14T15:30:53.565466,719,700,796,744,729,0
2026-08-14T15:30:53.565466,719,701,794,744,729,0
2026-08-14T15:30:53.569471,719,701,795,743,728,0
2026-08-14T15:30:53.570314,719,700,795,743,729,0
2026-08-14T15:30:53.571499,721,701,794,744,728,0
2026-08-14T15:30:53.571499,720,701,795,743,728,0
2026-08-14T15:30:53.573513,719,701,795,743,729,0
2026-08-14T15:30:53.573513,718,701,797,744,728,0
2026-08-14T15:30:53.573513,719,700,795,743,727,0
2026-08-14T15:30:53.576134,719,701,795,743,728,0
2026-08-14T15:30:53.576134,719,701,795,743,729,0
2026-08-14T15:30:53.576134,718,702,795,743,729,0
2026-08-14T15:30:53.579571,718,701,796,744,728,0
2026-08-14T15:30:53.579571,719,700,795,744,730,0
2026-08-14T15:30:53.579571,720,700,796,744,729,0
2026-08-14T15:30:53.583598,720,701,796,744,729,0
2026-08-14T15:30:53.584430,720,701,796,744,728,0
2026-08-14T15:30:53.587231,721,701,794,744,728,0
2026-08-14T15:30:53.587231,720,701,795,743,729,0
2026-08-14T15:30:53.587231,719,702,796,744,729,0
2026-08-14T15:30:53.587231,720,702,797,743,728,0
2026-08-14T15:30:53.587231,720,701,796,743,728,0
2026-08-14T15:30:53.587231,720,700,795,743,729,0
2026-08-14T15:30:53.587231,719,700,795,743,729,0
2026-08-14T15:30:53.587231,718,702,796,744,729,0
2026-08-14T15:30:53.595266,719,701,796,743,729,0
2026-08-14T15:30:53.596007,720,700,795,743,729,0
2026-08-14T15:30:53.596007,719,700,796,743,728,0
2026-08-14T15:30:53.596007,719,700,796,744,728,0
2026-08-14T15:30:53.596007,719,701,795,743,728,0
2026-08-14T15:30:53.601790,719,701,796,743,728,0
2026-08-14T15:30:53.603237,719,701,796,743,728,0
2026-08-14T15:30:53.603925,720,702,796,744,729,0
2026-08-14T15:30:53.603925,719,701,795,744,728,0
2026-08-14T15:30:53.603925,719,701,795,744,729,0
2026-08-14T15:30:53.603925,719,701,796,744,729,0
2026-08-14T15:30:53.603925,718,700,796,745,729,0
2026-08-14T15:30:53.611308,718,702,795,743,728,0
2026-08-14T15:30:53.611308,719,701,796,743,728,0
2026-08-14T15:30:53.611308,720,701,795,743,728,0
2026-08-14T15:30:53.611308,720,701,795,743,730,0
2026-08-14T15:30:53.611308,720,701,795,743,728,0
2026-08-14T15:30:53.611308,719,702,797,742,728,0
2026-08-14T15:30:53.611308,719,702,797,744,729,0
2026-08-14T15:30:53.620123,719,701,795,743,728,0
2026-08-14T15:30:53.620803,720,700,796,744,730,0
2026-08-14T15:30:53.620803,718,701,796,743,728,0
2026-08-14T15:30:53.623585,719,701,796,744,729,0
2026-08-14T15:30:53.623585,719,700,796,744,729,0
2026-08-14T15:30:53.623585,718,700,794,745,729,0
2026-08-14T15:30:53.626894,720,700,796,743,728,0
2026-08-14T15:30:53.626894,719,701,795,744,728,0
2026-08-14T15:30:53.626894,721,700,796,744,730,0
2026-08-14T15:30:53.626894,720,700,794,743,729,0
2026-08-14T15:30:53.629893,720,701,796,744,729,0
2026-08-14T15:30:53.629893,718,701,797,744,729,0
2026-08-14T15:30:53.629893,719,700,795,744,729,0
2026-08-14T15:30:53.635070,719,701,796,743,728,0
2026-08-14T15:30:53.636102,719,700,796,744,728,0
2026-08-14T15:30:53.637511,719,701,795,743,729,0
2026-08-14T15:30:53.637511,719,701,795,744,729,0
2026-08-14T15:30:53.637511,720,701,796,744,729,0
2026-08-14T15:30:53.637511,720,701,795,744,729,0
2026-08-14T15:30:53.637511,719,701,796,743,729,0
2026-08-14T15:30:53.643178,719,701,795,743,729,0
2026-08-14T15:30:53.643178,721,701,794,743,728,0
2026-08-14T15:30:53.643178,720,701,795,744,728,0
2026-08-14T15:30:53.643178,719,701,796,744,729,0
2026-08-14T15:30:53.643178,719,702,796,744,729,0
2026-08-14T15:30:53.643178,719,701,796,744,729,0
2026-08-14T15:30:53.643178,720,701,795,744,729,0
2026-08-14T15:30:53.651419,719,701,795,744,729,0
2026-08-14T15:30:53.652755,719,700,797,744,729,0
2026-08-14T15:30:53.653974,719,701,795,744,730,0
2026-08-14T15:30:53.655567,720,701,795,743,728,0
2026-08-14T15:30:53.655567,720,701,796,743,728,0
2026-08-14T15:30:53.655567,720,701,795,745,729,0
2026-08-14T15:30:53.655567,720,702,795,743,728,0
2026-08-14T15:30:53.659663,720,702,796,743,728,0
2026-08-14T15:30:53.659663,720,702,795,744,728,0
2026-08-14T15:30:53.659663,720,702,795,743,728,0
2026-08-14T15:30:53.663355,718,701,795,744,728,0
2026-08-14T15:30:53.663355,719,701,795,743,729,0
2026-08-14T15:30:53.663355,720,701,796,743,729,0
2026-08-14T15:30:53.663355,719,701,795,744,729,0
2026-08-14T15:30:53.667740,719,701,795,744,728,0
2026-08-14T15:30:53.667740,718,701,796,743,729,0
2026-08-14T15:30:53.670362,719,701,796,743,728,0
2026-08-14T15:30:53.670362,719,701,795,743,729,0
2026-08-14T15:30:53.670362,719,701,795,744,729,0
2026-08-14T15:30:53.670362,718,702,796,743,728,0
2026-08-14T15:30:53.676088,720,702,795,744,728,0
2026-08-14T15:30:53.676088,720,701,796,744,728,0
2026-08-14T15:30:53.676088,719,701,796,745,728,0
2026-08-14T15:30:53.676088,719,700,796,744,728,0
2026-08-14T15:30:53.676088,719,701,797,744,729,0
2026-08-14T15:30:53.676088,719,700,796,744,729,0
2026-08-14T15:30:53.676088,718,700,796,744,730,0
2026-08-14T15:30:53.684299,719,700,796,744,728,0
2026-08-14T15:30:53.685101,719,700,796,743,729,0
2026-08-14T15:30:53.686815,720,701,795,743,729,0
2026-08-14T15:30:53.687368,720,701,796,744,729,0
2026-08-14T15:30:53.687368,719,701,796,744,729,0
2026-08-14T15:30:53.687368,719,702,796,743,729,0
2026-08-14T15:30:53.687368,720,702,796,744,729,0
2026-08-14T15:30:53.692439,718,701,796,744,729,0
2026-08-14T15:30:53.692439,718,701,796,744,729,0
2026-08-14T15:30:53.692439,718,702,796,744,729,0
2026-08-14T15:30:53.692439,720,702,797,744,729,0
2026-08-14T15:30:53.696545,719,700,795,743,729,0
2026-08-14T15:30:53.696545,719,700,796,744,730,0
2026-08-14T15:30:53.696545,719,702,795,743,728,0
2026-08-14T15:30:53.699400,719,701,795,743,729,0
2026-08-14T15:30:53.700918,721,701,796,744,729,0
2026-08-14T15:30:53.703481,720,703,796,744,729,0
2026-08-14T15:30:53.704136,720,701,797,744,729,0
2026-08-14T15:30:53.704136,720,702,796,742,729,0
2026-08-14T15:30:53.704136,719,701,795,743,728,0
2026-08-14T15:30:53.704136,719,701,797,744,728,0
2026-08-14T15:30:53.704136,719,701,795,743,729,0
2026-08-14T15:30:53.709009,718,702,797,745,728,0
2026-08-14T15:30:53.709009,719,701,795,744,728,0
2026-08-14T15:30:53.709009,720,701,795,743,729,0
2026-08-14T15:30:53.709009,720,700,796,744,729,0
2026-08-14T15:30:53.709009,719,701,796,744,729,0
2026-08-14T15:30:53.709009,720,702,795,744,729,0
2026-08-14T15:30:53.717024,720,701,795,743,729,0
2026-08-14T15:30:53.717875,720,702,796,743,728,0
2026-08-14T15:30:53.717875,719,701,795,744,728,0
2026-08-14T15:30:53.721298,719,702,795,744,728,0
2026-08-14T15:30:53.721298,718,701,797,743,728,0
2026-08-14T15:30:53.723310,719,701,796,745,729,0
2026-08-14T15:30:53.723310,719,701,796,745,729,0
2026-08-14T15:30:53.725068,718,701,796,744,729,0
2026-08-14T15:30:53.725068,719,701,797,743,729,0
2026-08-14T15:30:53.727786,719,701,795,743,730,0
2026-08-14T15:30:53.727786,719,702,795,744,729,0
2026-08-14T15:30:53.727786,719,701,795,745,729,0
2026-08-14T15:30:53.727786,719,701,797,744,729,0
2026-08-14T15:30:53.727786,719,702,796,743,729,0
2026-08-14T15:30:53.733390,719,701,796,744,728,0
2026-08-14T15:30:53.733390,719,701,795,743,729,0
2026-08-14T15:30:53.733390,718,702,796,744,728,0
2026-08-14T15:30:53.737478,719,701,797,744,728,0
2026-08-14T15:30:53.737478,719,701,796,744,729,0
2026-08-14T15:30:53.737478,720,701,795,744,729,0
2026-08-14T15:30:53.737478,720,701,795,745,729,0
2026-08-14T15:30:53.741589,719,700,796,743,729,0
2026-08-14T15:30:53.741589,719,701,796,743,730,0
2026-08-14T15:30:53.743354,720,701,796,743,730,0
2026-08-14T15:30:53.745693,720,700,797,743,729,0
2026-08-14T15:30:53.745693,720,701,795,744,729,0
2026-08-14T15:30:53.745693,719,701,795,744,728,0
2026-08-14T15:30:53.749671,720,702,795,744,728,0
2026-08-14T15:30:53.749671,718,702,796,744,728,0
2026-08-14T15:30:53.751505,720,701,795,745,729,0
2026-08-14T15:30:53.751505,719,701,797,744,728,0
2026-08-14T15:30:53.753576,720,701,796,744,728,0
2026-08-14T15:30:53.753576,719,700,795,744,729,0
2026-08-14T15:30:53.753576,719,701,796,744,729,0
2026-08-14T15:30:53.757785,718,702,796,744,729,0
2026-08-14T15:30:53.757785,720,701,796,743,729,0
2026-08-14T15:30:53.757785,720,700,796,744,729,0
2026-08-14T15:30:53.757785,719,702,797,744,728,0
2026-08-14T15:30:53.757785,720,702,796,744,729,0
2026-08-14T15:30:53.757785,719,702,796,743,729,0
2026-08-14T15:30:53.757785,719,701,797,744,730,0
2026-08-14T15:30:53.766256,720,701,795,743,729,0
2026-08-14T15:30:53.766950,718,702,796,744,728,0
2026-08-14T15:30:53.766950,720,700,795,744,728,0
2026-08-14T15:30:53.768161,720,701,796,744,729,0
2026-08-14T15:30:53.770130,720,701,796,743,729,0
2026-08-14T15:30:53.770455,719,702,795,743,729,0
2026-08-14T15:30:53.770455,719,701,795,743,728,0
2026-08-14T15:30:53.774362,720,701,795,743,729,0
2026-08-14T15:30:53.774362,719,702,795,743,728,0
2026-08-14T15:30:53.774362,720,702,796,743,729,0
2026-08-14T15:30:53.777470,719,701,796,744,729,0
2026-08-14T15:30:53.777470,719,703,797,744,729,0
2026-08-14T15:30:53.777470,719,702,797,744,728,0
2026-08-14T15:30:53.777470,719,701,795,743,729,0
2026-08-14T15:30:53.782545,718,702,796,744,729,0
2026-08-14T15:30:53.782545,718,702,797,743,729,0
2026-08-14T15:30:53.782545,720,702,796,743,728,0
2026-08-14T15:30:53.786571,720,701,795,744,730,0
2026-08-14T15:30:53.787406,720,701,795,743,729,0
2026-08-14T15:30:53.787406,719,700,797,744,729,0
2026-08-14T15:30:53.789067,720,701,796,744,728,0
2026-08-14T15:30:53.789067,720,701,794,744,729,0
2026-08-14T15:30:53.790863,720,701,796,743,730,0
2026-08-14T15:30:53.790863,719,701,795,743,729,0
2026-08-14T15:30:53.790863,720,702,796,744,729,0
2026-08-14T15:30:53.795583,719,702,796,743,728,0
2026-08-14T15:30:53.795583,720,701,796,743,729,0
2026-08-14T15:30:53.796592,719,701,796,744,729,0
2026-08-14T15:30:53.798742,720,701,796,744,729,0
2026-08-14T15:30:53.798742,720,701,796,744,729,0
2026-08-14T15:30:53.799772,720,701,795,743,730,0
2026-08-14T15:30:53.801942,720,701,795,743,729,0
2026-08-14T15:30:53.804686,719,701,795,743,730,0
2026-08-14T15:30:53.804686,719,701,796,744,730,0
2026-08-14T15:30:53.804686,720,701,796,743,729,0
2026-08-14T15:30:53.807537,721,702,796,743,729,0
2026-08-14T15:30:53.807537,719,702,797,743,730,0
2026-08-14T15:30:53.807537,720,702,795,743,729,0
2026-08-14T15:30:53.810726,720,702,795,743,728,0
2026-08-14T15:30:53.810726,720,702,797,744,729,0
2026-08-14T15:30:53.810726,719,701,795,743,729,0
2026-08-14T15:30:53.815311,719,701,796,745,729,0
2026-08-14T15:30:53.815311,718,702,795,743,729,0
2026-08-14T15:30:53.815311,720,702,796,743,730,0
2026-08-14T15:30:53.817139,721,701,796,743,730,0
2026-08-14T15:30:53.817139,719,701,795,744,729,0
2026-08-14T15:30:53.820706,719,701,796,744,728,0
2026-08-14T15:30:53.821325,719,702,796,744,728,0
2026-08-14T15:30:53.823341,719,702,796,744,729,0
2026-08-14T15:30:53.823341,720,704,794,743,730,0
2026-08-14T15:30:53.823341,719,705,793,741,729,0
2026-08-14T15:30:53.825299,718,707,790,740,728,0
2026-08-14T15:30:53.825299,717,707,785,738,727,0
2026-08-14T15:30:53.825299,716,708,782,737,728,0
2026-08-14T15:30:53.825299,715,710,781,735,728,0
2026-08-14T15:30:53.831712,712,716,780,732,726,0
2026-08-14T15:30:53.831712,712,719,779,732,726,0
2026-08-14T15:30:53.831712,710,722,779,729,726,0
2026-08-14T15:30:53.831712,709,726,779,727,726,0
2026-08-14T15:30:53.836728,708,726,779,726,725,0
2026-08-14T15:30:53.837588,708,729,779,724,724,0
2026-08-14T15:30:53.837588,707,730,779,722,723,0
2026-08-14T15:30:53.839868,705,733,780,722,722,0
2026-08-14T15:30:53.839868,703,736,781,720,722,0
2026-08-14T15:30:53.839868,702,737,782,718,720,0
2026-08-14T15:30:53.843978,700,739,781,715,719,0
2026-08-14T15:30:53.843978,699,740,780,713,718,0
2026-08-14T15:30:53.843978,698,742,780,711,717,0
2026-08-14T15:30:53.845729,697,743,780,708,716,0
2026-08-14T15:30:53.847701,695,743,778,707,714,0
2026-08-14T15:30:53.847701,697,738,776,707,712,0
2026-08-14T15:30:53.847701,699,727,774,709,708,0
2026-08-14T15:30:53.849921,699,723,771,707,705,0
2026-08-14T15:30:53.852836,697,715,769,706,700,0
2026-08-14T15:30:53.853587,696,718,768,701,701,0
2026-08-14T15:30:53.853587,693,719,766,698,698,0
2026-08-14T15:30:53.855782,691,720,764,695,697,0
2026-08-14T15:30:53.855782,688,723,765,692,695,0
2026-08-14T15:30:53.855782,688,725,765,691,695,0
2026-08-14T15:30:53.855782,687,726,766,689,695,0
2026-08-14T15:30:53.855782,685,728,766,686,694,0
2026-08-14T15:30:53.855782,683,730,765,684,692,0
2026-08-14T15:30:53.862213,682,729,764,680,691,0
2026-08-14T15:30:53.864470,681,729,763,677,689,0
2026-08-14T15:30:53.864470,681,729,760,674,688,0
2026-08-14T15:30:53.864470,678,728,757,671,685,0
2026-08-14T15:30:53.868052,676,729,753,668,682,0
2026-08-14T15:30:53.868052,675,727,751,665,681,0
2026-08-14T15:30:53.870940,673,723,748,664,677,0
2026-08-14T15:30:53.870940,670,716,745,664,673,0
2026-08-14T15:30:53.872653,668,707,743,663,669,0
2026-08-14T15:30:53.872653,666,711,741,658,669,0
2026-08-14T15:30:53.872653,664,712,738,654,667,0
2026-08-14T15:30:53.874407,661,712,738,651,665,0
2026-08-14T15:30:53.874407,658,713,736,648,664,0
2026-08-14T15:30:53.878525,657,713,734,644,661,0
2026-08-14T15:30:53.880267,656,710,730,641,658,0
2026-08-14T15:30:53.881634,654,706,727,640,655,0
2026-08-14T15:30:53.881634,651,693,722,639,648,0
2026-08-14T15:30:53.881634,649,684,718,639,643,0
2026-08-14T15:30:53.881634,646,668,713,639,637,0
2026-08-14T15:30:53.881634,643,656,709,639,630,0
2026-08-14T15:30:53.886697,639,661,708,634,632,0
2026-08-14T15:30:53.888674,638,664,708,631,630,0
2026-08-14T15:30:53.888674,637,669,709,629,631,0
2026-08-14T15:30:53.888674,635,669,708,626,629,0
2026-08-14T15:30:53.888674,633,672,707,622,628,0
2026-08-14T15:30:53.892877,631,674,706,617,625,0
2026-08-14T15:30:53.892877,629,674,703,613,622,0
2026-08-14T15:30:53.892877,625,669,700,610,618,0
2026-08-14T15:30:53.896768,622,662,697,608,613,0
2026-08-14T15:30:53.896768,619,649,690,607,605,0
2026-08-14T15:30:53.896768,614,644,689,604,600,0
2026-08-14T15:30:53.899080,611,645,684,596,597,0
2026-08-14T15:30:53.901093,606,645,679,590,594,0
2026-08-14T15:30:53.901093,602,639,673,588,590,0
2026-08-14T15:30:53.903671,600,630,668,586,587,0
2026-08-14T15:30:53.905268,597,629,664,582,583,0
2026-08-14T15:30:53.905268,594,626,660,579,581,0
2026-08-14T15:30:53.905268,590,624,659,574,579,0
2026-08-14T15:30:53.907235,587,623,655,570,577,0
2026-08-14T15:30:53.907235,584,625,654,566,574,0
2026-08-14T15:30:53.911381,580,623,648,561,571,0
2026-08-14T15:30:53.911381,578,619,645,558,566,0
2026-08-14T15:30:53.913395,574,612,643,556,562,0
2026-08-14T15:30:53.913395,570,608,638,552,557,0
2026-08-14T15:30:53.913395,566,603,631,546,553,0
2026-08-14T15:30:53.917712,562,595,624,543,549,0
2026-08-14T15:30:53.917712,556,584,617,541,543,0
2026-08-14T15:30:53.919440,552,568,611,541,533,0
2026-08-14T15:30:53.920423,549,563,607,536,531,0
2026-08-14T15:30:53.921563,543,564,601,528,528,0
2026-08-14T15:30:53.921563,540,562,600,524,525,0
2026-08-14T15:30:53.921563,537,564,597,520,523,0
2026-08-14T15:30:53.924248,534,565,596,517,520,0
2026-08-14T15:30:53.924248,532,563,593,513,518,0
2026-08-14T15:30:53.924248,529,560,591,509,514,0
2026-08-14T15:30:53.924248,525,559,587,505,511,0
2026-08-14T15:30:53.929589,521,552,583,504,505,0
2026-08-14T15:30:53.929589,517,542,579,501,498,0
2026-08-14T15:30:53.929589,513,541,575,495,498,0
2026-08-14T15:30:53.929589,510,542,573,491,496,0
2026-08-14T15:30:53.929589,506,542,569,486,493,0
2026-08-14T15:30:53.929589,503,541,567,482,492,0
2026-08-14T15:30:53.929589,501,542,565,476,490,0
2026-08-14T15:30:53.937583,498,542,564,472,488,0
2026-08-14T15:30:53.937583,496,542,563,469,486,0
2026-08-14T15:30:53.939944,493,543,559,462,484,0
2026-08-14T15:30:53.942291,487,542,555,456,480,0
2026-08-14T15:30:53.942291,483,538,549,451,476,0
2026-08-14T15:30:53.942291,478,534,543,446,471,0
2026-08-14T15:30:53.945175,473,524,539,442,464,0
2026-08-14T15:30:53.945175,467,511,531,440,457,0
2026-08-14T15:30:53.948233,464,504,528,436,451,0
2026-08-14T15:30:53.948233,458,505,521,427,451,0
2026-08-14T15:30:53.948233,454,505,519,422,450,0
2026-08-14T15:30:53.948233,452,505,516,418,448,0
2026-08-14T15:30:53.948233,449,504,512,413,446,0
2026-08-14T15:30:53.953587,446,501,508,409,442,0
2026-08-14T15:30:53.953587,442,494,503,406,438,0
2026-08-14T15:30:53.953587,440,487,500,406,432,0
2026-08-14T15:30:53.956430,437,476,497,404,425,0
2026-08-14T15:30:53.956430,432,473,492,398,422,0
2026-08-14T15:30:53.956430,426,472,488,391,419,0
2026-08-14T15:30:53.956430,420,473,483,384,417,0
2026-08-14T15:30:53.962772,416,471,478,377,412,0
2026-08-14T15:30:53.963887,413,467,474,374,410,0
2026-08-14T15:30:53.963887,409,462,471,373,406,0
2026-08-14T15:30:53.963887,405,450,467,372,399,0
2026-08-14T15:30:53.963887,402,447,465,369,395,0
2026-08-14T15:30:53.963887,398,440,460,363,392,0
2026-08-14T15:30:53.968265,393,436,454,358,386,0
2026-08-14T15:30:53.969909,388,429,448,354,380,0
2026-08-14T15:30:53.969909,383,427,440,346,379,0
2026-08-14T15:30:53.972137,379,426,435,341,377,0
2026-08-14T15:30:53.972137,376,422,432,338,372,0
2026-08-14T15:30:53.972137,373,420,429,335,370,0
2026-08-14T15:30:53.972137,369,418,427,332,366,0
2026-08-14T15:30:53.972137,366,416,423,327,365,0
2026-08-14T15:30:53.979189,364,413,419,323,363,0
2026-08-14T15:30:53.979189,359,411,415,318,360,0
2026-08-14T15:30:53.980953,355,411,412,315,358,0
2026-08-14T15:30:53.983239,351,408,409,311,356,0
2026-08-14T15:30:53.983239,350,402,405,310,352,0
2026-08-14T15:30:53.985004,349,399,402,306,349,0
2026-08-14T15:30:53.985004,344,397,398,302,345,0
2026-08-14T15:30:53.987204,342,393,392,299,342,0
2026-08-14T15:30:53.987912,337,385,389,300,337,0
2026-08-14T15:30:53.989340,336,374,384,303,328,0
2026-08-14T15:30:53.989851,332,368,384,303,326,0
2026-08-14T15:30:53.989851,331,369,380,297,327,0
2026-08-14T15:30:53.989851,331,371,380,295,328,0
2026-08-14T15:30:53.993623,330,374,379,296,330,0
2026-08-14T15:30:53.995576,330,376,380,293,331,0
2026-08-14T15:30:53.996227,330,377,378,291,331,0
2026-08-14T15:30:53.996817,328,378,379,290,329,0
2026-08-14T15:30:53.998142,327,375,376,288,327,0
2026-08-14T15:30:53.998142,325,372,375,287,324,0
2026-08-14T15:30:53.998142,323,367,371,287,318,0
2026-08-14T15:30:54.001485,320,357,369,288,310,0
2026-08-14T15:30:54.003887,315,355,363,280,307,0
2026-08-14T15:30:54.003887,310,350,357,274,304,0
2026-08-14T15:30:54.003887,303,347,351,269,299,0
2026-08-14T15:30:54.003887,301,343,346,265,296,0
2026-08-14T15:30:54.003887,297,342,342,261,295,0
2026-08-14T15:30:54.003887,294,339,339,258,293,0
2026-08-14T15:30:54.011380,291,338,335,255,290,0
2026-08-14T15:30:54.011380,288,334,334,252,288,0
2026-08-14T15:30:54.011380,286,333,330,247,284,0
2026-08-14T15:30:54.013734,282,329,325,244,281,0
2026-08-14T15:30:54.013734,278,324,321,241,278,0
2026-08-14T15:30:54.013734,274,320,316,236,272,0
2026-08-14T15:30:54.013734,269,314,309,233,266,0
2026-08-14T15:30:54.019978,265,306,303,231,259,0
2026-08-14T15:30:54.020587,259,296,299,232,249,0
2026-08-14T15:30:54.020587,251,280,291,229,236,0
2026-08-14T15:30:54.020587,243,267,281,224,224,0
2026-08-14T15:30:54.024216,234,258,270,216,218,0
2026-08-14T15:30:54.024216,228,251,263,211,213,0
2026-08-14T15:30:54.024216,223,247,256,205,211,0
2026-08-14T15:30:54.027962,220,242,252,203,208,0
2026-08-14T15:30:54.027962,215,238,246,198,203,0
2026-08-14T15:30:54.029974,212,235,243,194,201,0
2026-08-14T15:30:54.029974,209,232,238,191,199,0
2026-08-14T15:30:54.029974,205,231,236,188,199,0
2026-08-14T15:30:54.029974,205,231,233,184,196,0
2026-08-14T15:30:54.029974,200,229,228,179,194,0
2026-08-14T15:30:54.036129,196,225,224,175,190,0
2026-08-14T15:30:54.036724,191,220,219,172,187,0
2026-08-14T15:30:54.036724,187,217,215,167,183,0
2026-08-14T15:30:54.036724,185,215,212,165,181,0
2026-08-14T15:30:54.036724,181,211,209,163,177,0
2026-08-14T15:30:54.036724,178,207,205,159,173,0
2026-08-14T15:30:54.042347,173,201,199,157,168,0
2026-08-14T15:30:54.044678,168,192,194,154,162,0
2026-08-14T15:30:54.044678,164,185,189,151,156,0
2026-08-14T15:30:54.044678,159,181,184,149,150,0
2026-08-14T15:30:54.048568,155,177,181,146,147,0
2026-08-14T15:30:54.049213,153,176,178,143,148,0
2026-08-14T15:30:54.049213,151,174,175,140,147,0
2026-08-14T15:30:54.051229,150,173,171,137,144,0
2026-08-14T15:30:54.052709,146,169,168,134,143,0
2026-08-14T15:30:54.054021,143,166,165,132,141,0
2026-08-14T15:30:54.054676,142,166,164,131,140,0
2026-08-14T15:30:54.054676,140,164,161,128,136,0
2026-08-14T15:30:54.054676,137,161,158,125,135,0
2026-08-14T15:30:54.054676,135,159,154,124,132,0
2026-08-14T15:30:54.058749,133,156,153,122,129,0
2026-08-14T15:30:54.061066,129,153,150,119,127,0
2026-08-14T15:30:54.061066,128,152,147,118,126,0
2026-08-14T15:30:54.061066,125,147,143,116,123,0
2026-08-14T15:30:54.065191,123,145,143,115,122,0
2026-08-14T15:30:54.065191,121,142,139,113,121,0
2026-08-14T15:30:54.065191,118,139,136,111,117,0
2026-08-14T15:30:54.066952,114,131,130,109,113,0
2026-08-14T15:30:54.069308,110,127,128,106,109,0
2026-08-14T15:30:54.070178,107,122,123,102,105,0
2026-08-14T15:30:54.070178,105,120,119,98,103,0
2026-08-14T15:30:54.070178,102,119,116,96,102,0
2026-08-14T15:30:54.070178,100,117,115,95,101,0
2026-08-14T15:30:54.070178,98,117,115,94,99,0
2026-08-14T15:30:54.070178,98,113,111,92,96,0
2026-08-14T15:30:54.078388,93,109,108,89,95,0
2026-08-14T15:30:54.078388,89,105,103,86,90,0
2026-08-14T15:30:54.078388,86,99,100,84,87,0
2026-08-14T15:30:54.078388,84,97,96,81,85,0
2026-08-14T15:30:54.078388,81,94,93,79,84,0
2026-08-14T15:30:54.083323,78,93,92,76,82,0
2026-08-14T15:30:54.083323,77,90,89,75,81,0
2026-08-14T15:30:54.087060,76,90,88,74,79,0
2026-08-14T15:30:54.087430,74,87,85,71,77,0
2026-08-14T15:30:54.087430,74,86,85,71,76,0
2026-08-14T15:30:54.087430,71,85,82,68,74,0
2026-08-14T15:30:54.087430,69,82,80,67,73,0
2026-08-14T15:30:54.087430,68,80,77,65,71,0
2026-08-14T15:30:54.093840,65,78,77,64,70,0
2026-08-14T15:30:54.093840,63,75,74,62,68,0
2026-08-14T15:30:54.093840,60,70,70,60,65,0
2026-08-14T15:30:54.093840,58,67,66,57,62,0
2026-08-14T15:30:54.096951,54,60,61,53,58,0
2026-08-14T15:30:54.096951,49,56,56,48,54,0
2026-08-14T15:30:54.096951,47,54,53,46,52,0
2026-08-14T15:30:54.102041,45,52,50,43,52,0
2026-08-14T15:30:54.102882,43,49,49,43,49,0
2026-08-14T15:30:54.103618,41,48,47,42,49,0
2026-08-14T15:30:54.103618,40,46,46,39,46,0
2026-08-14T15:30:54.106115,39,46,46,39,47,0
2026-08-14T15:30:54.106115,37,44,44,38,46,0
2026-08-14T15:30:54.106115,38,43,44,37,44,0
2026-08-14T15:30:54.109485,37,43,41,36,42,0
2026-08-14T15:30:54.110495,34,42,40,34,43,0
2026-08-14T15:30:54.110495,35,41,39,34,42,0
2026-08-14T15:30:54.112508,32,38,39,33,40,0
2026-08-14T15:30:54.112508,33,37,37,33,40,0
2026-08-14T15:30:54.112508,32,37,36,31,41,0
2026-08-14T15:30:54.112508,31,36,36,32,39,0
2026-08-14T15:30:54.118541,31,34,34,29,37,0
2026-08-14T15:30:54.119475,31,34,34,29,37,0
2026-08-14T15:30:54.120368,30,34,33,29,37,0
2026-08-14T15:30:54.120368,30,34,33,29,37,0
2026-08-14T15:30:54.120368,28,33,33,27,37,0
2026-08-14T15:30:54.120368,29,34,32,28,36,0
2026-08-14T15:30:54.120368,28,33,33,29,37,0
2026-08-14T15:30:54.126709,30,34,33,29,38,0
2026-08-14T15:30:54.126709,29,35,34,29,37,0
2026-08-14T15:30:54.126709,29,33,33,29,37,0
2026-08-14T15:30:54.130705,30,35,34,30,39,0
2026-08-14T15:30:54.130705,31,36,35,30,37,0
2026-08-14T15:30:54.130705,32,35,36,31,38,0
2026-08-14T15:30:54.130705,32,37,37,32,39,0
2026-08-14T15:30:54.130705,33,36,36,33,40,0
2026-08-14T15:30:54.135084,32,38,38,33,40,0
2026-08-14T15:30:54.137118,32,40,38,34,41,0
2026-08-14T15:30:54.137118,35,41,40,34,42,0
2026-08-14T15:30:54.137118,35,41,40,36,43,0
2026-08-14T15:30:54.137118,37,42,43,37,44,0
2026-08-14T15:30:54.143113,37,43,43,37,45,0
2026-08-14T15:30:54.143113,39,45,43,38,45,0
2026-08-14T15:30:54.143113,39,46,44,38,46,0
2026-08-14T15:30:54.143113,42,47,48,41,47,0
2026-08-14T15:30:54.147136,42,47,47,41,48,0
2026-08-14T15:30:54.147136,42,48,47,41,48,0
2026-08-14T15:30:54.147136,44,50,50,43,48,0
2026-08-14T15:30:54.151183,44,52,51,44,51,0
2026-08-14T15:30:54.151183,44,52,51,44,50,0
2026-08-14T15:30:54.151183,45,55,52,44,52,0
2026-08-14T15:30:54.153420,46,55,52,46,51,0
2026-08-14T15:30:54.155290,46,54,55,47,53,0
2026-08-14T15:30:54.155290,49,58,55,48,54,0
2026-08-14T15:30:54.155290,48,59,58,50,56,0
2026-08-14T15:30:54.158010,50,60,58,50,56,0
2026-08-14T15:30:54.159532,51,62,60,52,58,0
2026-08-14T15:30:54.159532,54,64,62,54,59,0
2026-08-14T15:30:54.159532,55,66,65,56,62,0
2026-08-14T15:30:54.159532,58,70,68,60,63,0
2026-08-14T15:30:54.159532,63,75,72,63,67,0
2026-08-14T15:30:54.159532,66,78,77,67,69,0
2026-08-14T15:30:54.167605,70,83,82,72,73,0
2026-08-14T15:30:54.167605,72,86,85,75,77,0
2026-08-14T15:30:54.170358,76,90,88,78,79,0
2026-08-14T15:30:54.170702,80,94,92,80,82,0
2026-08-14T15:30:54.170702,81,95,93,83,83,0
2026-08-14T15:30:54.170702,83,97,93,84,85,0
2026-08-14T15:30:54.170702,83,99,95,85,86,0
2026-08-14T15:30:54.175810,85,99,95,85,87,0
2026-08-14T15:30:54.175810,84,101,97,86,88,0
2026-08-14T15:30:54.175810,86,102,97,86,88,0
2026-08-14T15:30:54.179846,86,102,97,86,89,0
2026-08-14T15:30:54.179846,86,105,97,85,89,0
2026-08-14T15:30:54.179846,87,106,99,86,90,0
2026-08-14T15:30:54.179846,90,111,102,89,92,0
2026-08-14T15:30:54.183981,91,113,105,92,95,0
2026-08-14T15:30:54.183981,94,116,107,96,98,0
2026-08-14T15:30:54.183981,97,117,111,99,101,0
2026-08-14T15:30:54.186917,99,123,115,102,104,0
2026-08-14T15:30:54.186917,106,128,122,108,108,0
2026-08-14T15:30:54.186917,112,133,130,113,112,0
2026-08-14T15:30:54.189798,117,141,135,119,117,0
2026-08-14T15:30:54.189798,122,148,141,125,124,0
2026-08-14T15:30:54.192350,128,152,144,127,126,0
2026-08-14T15:30:54.192350,129,159,146,130,131,0
2026-08-14T15:30:54.192350,134,162,149,131,134,0
2026-08-14T15:30:54.192350,135,167,152,134,136,0
2026-08-14T15:30:54.192350,135,168,152,135,137,0
2026-08-14T15:30:54.192350,138,170,154,136,139,0
2026-08-14T15:30:54.192350,140,173,158,139,141,0
2026-08-14T15:30:54.200593,142,176,161,141,144,0
2026-08-14T15:30:54.200593,143,179,163,144,147,0
2026-08-14T15:30:54.204030,147,183,165,146,149,0
2026-08-14T15:30:54.204030,149,187,168,149,152,0
2026-08-14T15:30:54.204030,154,191,172,152,154,0
2026-08-14T15:30:54.206211,158,192,175,158,158,0
2026-08-14T15:30:54.208603,162,195,180,163,160,0
2026-08-14T15:30:54.208603,165,200,187,167,162,0
2026-08-14T15:30:54.208603,170,203,192,173,166,0
2026-08-14T15:30:54.208603,176,207,199,179,171,0
2026-08-14T15:30:54.208603,183,216,207,186,176,0
2026-08-14T15:30:54.214374,187,223,212,192,182,0
2026-08-14T15:30:54.215091,191,228,216,195,188,0
2026-08-14T15:30:54.216972,196,234,219,199,192,0
2026-08-14T15:30:54.216972,199,239,221,201,196,0
2026-08-14T15:30:54.216972,203,242,224,203,199,0
2026-08-14T15:30:54.220416,203,245,226,205,200,0
2026-08-14T15:30:54.221433,206,249,229,207,202,0
2026-08-14T15:30:54.221433,207,253,231,208,204,0
2026-08-14T15:30:54.221433,208,254,231,209,206,0
2026-08-14T15:30:54.225087,208,258,233,209,207,0
2026-08-14T15:30:54.225087,208,260,235,209,210,0
2026-08-14T15:30:54.227097,211,264,237,212,211,0
2026-08-14T15:30:54.228629,211,267,240,214,214,0
2026-08-14T15:30:54.228629,215,271,245,217,218,0
2026-08-14T15:30:54.228629,216,277,249,222,221,0
2026-08-14T15:30:54.231820,220,280,252,226,224,0
2026-08-14T15:30:54.233578,225,283,259,232,229,0
2026-08-14T15:30:54.233578,230,287,266,240,230,0
2026-08-14T15:30:54.233578,235,287,272,246,234,0
2026-08-14T15:30:54.237358,241,292,284,255,236,0
2026-08-14T15:30:54.237358,245,301,291,261,241,0
2026-08-14T15:30:54.237358,249,306,294,266,250,0
2026-08-14T15:30:54.237358,255,312,296,269,254,0
2026-08-14T15:30:54.241738,258,316,299,272,258,0
2026-08-14T15:30:54.241738,262,319,300,276,261,0
2026-08-14T15:30:54.243751,263,322,301,278,266,0
2026-08-14T15:30:54.243751,267,326,301,280,269,0
2026-08-14T15:30:54.243751,268,328,303,280,271,0
2026-08-14T15:30:54.243751,268,331,303,279,272,0
2026-08-14T15:30:54.249453,269,334,304,280,274,0
2026-08-14T15:30:54.249453,270,338,305,280,274,0
2026-08-14T15:30:54.249453,270,341,308,281,275,0
2026-08-14T15:30:54.253071,270,343,310,282,277,0
2026-08-14T15:30:54.253071,272,346,315,287,280,0
2026-08-14T15:30:54.253071,273,345,319,293,282,0
2026-08-14T15:30:54.255381,277,350,324,296,285,0
2026-08-14T15:30:54.257689,281,357,332,302,291,0
2026-08-14T15:30:54.257689,285,361,339,308,295,0
2026-08-14T15:30:54.257689,288,367,345,312,298,0
2026-08-14T15:30:54.260329,290,373,348,314,302,0
2026-08-14T15:30:54.260329,292,376,350,316,305,0
2026-08-14T15:30:54.260329,294,381,352,317,310,0
2026-08-14T15:30:54.263525,298,385,353,319,312,0
2026-08-14T15:30:54.265947,300,390,354,320,315,0
2026-08-14T15:30:54.265947,301,394,354,320,318,0
2026-08-14T15:30:54.265947,303,399,358,323,321,0
2026-08-14T15:30:54.269848,305,404,364,326,323,0
2026-08-14T15:30:54.270743,306,406,368,331,328,0
2026-08-14T15:30:54.270743,309,415,375,336,332,0
2026-08-14T15:30:54.270743,312,421,381,339,337,0
2026-08-14T15:30:54.274140,316,427,384,341,342,0
2026-08-14T15:30:54.274140,318,432,389,345,346,0
2026-08-14T15:30:54.274140,320,436,393,351,350,0
2026-08-14T15:30:54.274140,325,442,400,356,354,0
2026-08-14T15:30:54.274140,331,443,405,365,358,0
2026-08-14T15:30:54.274140,337,440,409,371,362,0
2026-08-14T15:30:54.282259,339,447,418,377,365,0
2026-08-14T15:30:54.282259,345,450,423,382,369,0
2026-08-14T15:30:54.284274,347,456,430,387,374,0
2026-08-14T15:30:54.287073,351,459,438,394,377,0
2026-08-14T15:30:54.287584,355,462,443,400,380,0
2026-08-14T15:30:54.287584,359,471,449,405,390,0
2026-08-14T15:30:54.287584,365,477,453,409,395,0
2026-08-14T15:30:54.289906,370,484,455,412,401,0
2026-08-14T15:30:54.289906,372,490,460,416,406,0
2026-08-14T15:30:54.291920,375,497,462,419,410,0
2026-08-14T15:30:54.294141,377,502,466,420,413,0
2026-08-14T15:30:54.294141,379,510,472,424,417,0
2026-08-14T15:30:54.295733,382,517,476,428,422,0
2026-08-14T15:30:54.295733,385,524,482,431,427,0
2026-08-14T15:30:54.298412,387,530,488,435,432,0
2026-08-14T15:30:54.298412,388,539,493,437,435,0
2026-08-14T15:30:54.298412,391,547,498,440,440,0
2026-08-14T15:30:54.300045,394,554,504,445,447,0
2026-08-14T15:30:54.302190,396,562,512,449,452,0
2026-08-14T15:30:54.303557,400,569,519,454,456,0
2026-08-14T15:30:54.304218,404,575,527,461,462,0
2026-08-14T15:30:54.306520,409,575,533,471,467,0
2026-08-14T15:30:54.306520,417,578,545,480,472,0
2026-08-14T15:30:54.307886,422,580,555,489,478,0
2026-08-14T15:30:54.307886,430,578,564,499,479,0
2026-08-14T15:30:54.307886,436,580,577,506,484,0
2026-08-14T15:30:54.307886,437,590,588,511,488,0
2026-08-14T15:30:54.312657,444,594,593,517,494,0
2026-08-14T15:30:54.314670,451,597,593,521,498,0
2026-08-14T15:30:54.314670,455,601,591,524,504,0
2026-08-14T15:30:54.314670,463,602,591,526,510,0
2026-08-14T15:30:54.314670,466,607,591,527,515,0
2026-08-14T15:30:54.320195,467,614,593,531,518,0
2026-08-14T15:30:54.320195,469,619,598,535,525,0
2026-08-14T15:30:54.321219,473,628,601,537,528,0
2026-08-14T15:30:54.322980,473,635,606,539,532,0
2026-08-14T15:30:54.322980,474,638,609,543,537,0
2026-08-14T15:30:54.322980,477,645,612,545,541,0
2026-08-14T15:30:54.325863,478,651,615,547,546,0
2026-08-14T15:30:54.325863,482,655,616,550,552,0
2026-08-14T15:30:54.325863,485,664,620,552,557,0
2026-08-14T15:30:54.328758,486,670,623,555,561,0
2026-08-14T15:30:54.330415,487,676,629,557,564,0
2026-08-14T15:30:54.330415,490,681,634,560,567,0
2026-08-14T15:30:54.330415,492,685,639,566,572,0
2026-08-14T15:30:54.333168,497,690,645,570,577,0
2026-08-14T15:30:54.336076,503,690,651,576,580,0
2026-08-14T15:30:54.336836,504,699,659,578,585,0
2026-08-14T15:30:54.336836,508,705,661,579,588,0
2026-08-14T15:30:54.338107,509,712,662,580,594,0
2026-08-14T15:30:54.340118,512,718,662,579,599,0
2026-08-14T15:30:54.340118,512,723,665,580,602,0
2026-08-14T15:30:54.342130,513,725,668,581,603,0
2026-08-14T15:30:54.344144,514,730,669,582,607,0
2026-08-14T15:30:54.344144,517,736,673,585,611,0
2026-08-14T15:30:54.347720,521,742,677,586,616,0
2026-08-14T15:30:54.348482,525,747,681,590,619,0
2026-08-14T15:30:54.348482,530,752,686,594,624,0
2026-08-14T15:30:54.348482,536,755,688,600,629,0
2026-08-14T15:30:54.351001,543,756,694,608,632,0
2026-08-14T15:30:54.351001,550,754,699,616,635,0
2026-08-14T15:30:54.353387,560,752,708,625,637,0
2026-08-14T15:30:54.354627,561,754,716,628,639,0
2026-08-14T15:30:54.356635,562,754,722,630,639,0
2026-08-14T15:30:54.357255,564,752,725,633,639,0
2026-08-14T15:30:54.357255,569,749,727,636,642,0
2026-08-14T15:30:54.359263,570,756,727,635,647,0
2026-08-14T15:30:54.359263,573,762,728,635,651,0
2026-08-14T15:30:54.361270,575,768,725,635,656,0
2026-08-14T15:30:54.363046,576,773,725,634,659,0
2026-08-14T15:30:54.363046,576,779,726,633,662,0
2026-08-14T15:30:54.363046,575,783,728,633,664,0
2026-08-14T15:30:54.365933,574,787,730,632,665,0
2026-08-14T15:30:54.366647,572,792,730,632,666,0
2026-08-14T15:30:54.368660,573,795,732,631,669,0
2026-08-14T15:30:54.369368,572,800,733,631,672,0
2026-08-14T15:30:54.371614,571,806,736,631,675,0
2026-08-14T15:30:54.372559,571,812,737,631,679,0
2026-08-14T15:30:54.372559,573,819,740,631,682,0
2026-08-14T15:30:54.376273,575,824,746,633,685,0
2026-08-14T15:30:54.376273,577,828,751,639,688,0
2026-08-14T15:30:54.376273,578,833,757,642,692,0
2026-08-14T15:30:54.378284,584,834,763,649,696,0
2026-08-14T15:30:54.379292,594,827,761,659,698,0
2026-08-14T15:30:54.379292,596,829,772,665,699,0
2026-08-14T15:30:54.379292,601,823,777,674,698,0
2026-08-14T15:30:54.383003,608,818,783,682,696,0
2026-08-14T15:30:54.385013,614,812,792,689,693,0
2026-08-14T15:30:54.386080,612,820,801,693,695,0
2026-08-14T15:30:54.386660,616,819,804,696,696,0
2026-08-14T15:30:54.387523,622,817,805,699,698,0
2026-08-14T15:30:54.387523,627,815,804,702,698,0
2026-08-14T15:30:54.389533,633,815,805,703,703,0
2026-08-14T15:30:54.392287,633,819,800,703,709,0
2026-08-14T15:30:54.392287,636,820,794,700,716,0
2026-08-14T15:30:54.394298,636,827,793,700,720,0
2026-08-14T15:30:54.394298,637,835,791,696,723,0
2026-08-14T15:30:54.395306,636,839,792,696,727,0
2026-08-14T15:30:54.395306,633,846,794,695,730,0
2026-08-14T15:30:54.395306,635,852,797,695,734,0
2026-08-14T15:30:54.395306,635,858,799,696,738,0
2026-08-14T15:30:54.395306,637,863,802,698,740,0
2026-08-14T15:30:54.395306,638,864,806,701,742,0
2026-08-14T15:30:54.402709,642,864,806,705,743,0
2026-08-14T15:30:54.403478,646,865,808,708,745,0
2026-08-14T15:30:54.403478,646,869,814,711,746,0
2026-08-14T15:30:54.403478,647,871,818,713,747,0
2026-08-14T15:30:54.406873,647,873,821,716,747,0
2026-08-14T15:30:54.406873,649,871,824,719,747,0
2026-08-14T15:30:54.406873,653,869,827,724,747,0
2026-08-14T15:30:54.413106,653,869,830,728,749,0
2026-08-14T15:30:54.413106,652,874,836,729,751,0
2026-08-14T15:30:54.413106,655,879,837,730,754,0
2026-08-14T15:30:54.413106,655,884,837,728,757,0
2026-08-14T15:30:54.414864,656,890,835,725,762,0
2026-08-14T15:30:54.414864,656,895,833,723,766,0
2026-08-14T15:30:54.414864,657,900,833,719,768,0
2026-08-14T15:30:54.419951,654,906,833,717,770,0
2026-08-14T15:30:54.419951,653,907,834,717,771,0
2026-08-14T15:30:54.419951,654,910,837,719,771,0
2026-08-14T15:30:54.419951,653,911,837,721,773,0
2026-08-14T15:30:54.423851,657,909,838,723,773,0
2026-08-14T15:30:54.425859,658,910,839,723,775,0
2026-08-14T15:30:54.425859,660,910,840,724,775,0
2026-08-14T15:30:54.429621,660,911,839,725,777,0
2026-08-14T15:30:54.429621,663,910,838,726,777,0
2026-08-14T15:30:54.429621,665,907,838,727,777,0
2026-08-14T15:30:54.429621,667,904,841,730,776,0
2026-08-14T15:30:54.432690,671,899,842,735,775,0
2026-08-14T15:30:54.432690,677,887,839,742,773,0
2026-08-14T15:30:54.434721,680,883,847,748,770,0
2026-08-14T15:30:54.436718,682,883,852,753,767,0
2026-08-14T15:30:54.436718,687,877,853,757,765,0
2026-08-14T15:30:54.438903,688,877,857,761,765,0
2026-08-14T15:30:54.438903,694,870,857,764,763,0
2026-08-14T15:30:54.438903,695,868,858,766,761,0
2026-08-14T15:30:54.438903,702,858,858,769,759,0
2026-08-14T15:30:54.438903,700,863,858,768,762,0
2026-08-14T15:30:54.443794,704,861,853,767,766,0
2026-08-14T15:30:54.443794,704,866,853,765,768,0
2026-08-14T15:30:54.443794,704,867,851,764,770,0
2026-08-14T15:30:54.443794,703,872,850,762,773,0
2026-08-14T15:30:54.443794,702,874,851,760,775,0
2026-08-14T15:30:54.443794,701,878,851,758,777,0
2026-08-14T15:30:54.443794,700,881,848,756,780,0
2026-08-14T15:30:54.453114,699,884,850,755,779,0
2026-08-14T15:30:54.453114,698,886,852,754,781,0
2026-08-14T15:30:54.453114,696,890,852,753,781,0
2026-08-14T15:30:54.453114,695,892,854,750,782,0
2026-08-14T15:30:54.453114,695,893,854,749,783,0
2026-08-14T15:30:54.453114,694,896,854,746,783,0
2026-08-14T15:30:54.460230,691,899,855,744,783,0
2026-08-14T15:30:54.462520,690,904,855,740,783,0
2026-08-14T15:30:54.462520,687,907,857,738,784,0
2026-08-14T15:30:54.462520,686,907,859,738,783,0
2026-08-14T15:30:54.464529,684,909,860,736,784,0
2026-08-14T15:30:54.464529,681,912,862,732,783,0
2026-08-14T15:30:54.464529,680,913,862,730,783,0
2026-08-14T15:30:54.464529,679,915,864,727,784,0
2026-08-14T15:30:54.470663,677,915,863,726,786,0
2026-08-14T15:30:54.470663,675,918,863,725,783,0
2026-08-14T15:30:54.470663,676,916,864,725,783,0
2026-08-14T15:30:54.474764,678,915,862,726,782,0
2026-08-14T15:30:54.474764,681,907,861,730,781,0
2026-08-14T15:30:54.474764,687,899,860,736,777,0
2026-08-14T15:30:54.478863,692,889,861,740,773,0
2026-08-14T15:30:54.478863,696,879,864,747,769,0
2026-08-14T15:30:54.478863,698,872,868,748,763,0
2026-08-14T15:30:54.478863,697,868,872,749,757,0
2026-08-14T15:30:54.481796,699,858,869,752,753,0
2026-08-14T15:30:54.481796,705,847,867,752,750,0
2026-08-14T15:30:54.481796,701,853,868,748,750,0
2026-08-14T15:30:54.486997,701,849,865,747,748,0
2026-08-14T15:30:54.486997,704,840,857,748,746,0
2026-08-14T15:30:54.486997,704,840,853,743,750,0
2026-08-14T15:30:54.486997,703,849,847,738,753,0
2026-08-14T15:30:54.486997,699,854,844,733,754,0
2026-08-14T15:30:54.486997,696,856,842,729,757,0
2026-08-14T15:30:54.486997,694,859,841,725,759,0
2026-08-14T15:30:54.494605,694,861,841,724,761,0
2026-08-14T15:30:54.494605,693,859,840,722,763,0
2026-08-14T15:30:54.494605,692,858,842,721,764,0
2026-08-14T15:30:54.494605,691,859,841,719,764,0
2026-08-14T15:30:54.498865,692,861,841,718,764,0
2026-08-14T15:30:54.498865,692,861,841,719,765,0
2026-08-14T15:30:54.498865,693,860,842,718,766,0
2026-08-14T15:30:54.503090,694,860,841,719,765,0
2026-08-14T15:30:54.503864,694,861,842,720,765,0
2026-08-14T15:30:54.503864,696,860,842,721,765,0
2026-08-14T15:30:54.505852,697,858,843,722,765,0
2026-08-14T15:30:54.507542,698,855,844,725,767,0
2026-08-14T15:30:54.508153,699,852,844,727,766,0
2026-08-14T15:30:54.508153,702,850,843,728,765,0
2026-08-14T15:30:54.510351,704,846,844,732,765,0
2026-08-14T15:30:54.510351,705,841,846,734,764,0
2026-08-14T15:30:54.510351,706,838,848,736,763,0
2026-08-14T15:30:54.513480,707,836,851,739,762,0
2026-08-14T15:30:54.513480,709,832,853,741,761,0
2026-08-14T15:30:54.513480,712,831,854,743,762,0
2026-08-14T15:30:54.517561,714,831,856,745,762,0
2026-08-14T15:30:54.519814,714,831,856,746,763,0
2026-08-14T15:30:54.520472,717,829,854,747,765,0
2026-08-14T15:30:54.520472,719,827,854,748,764,0
2026-08-14T15:30:54.520472,720,824,853,749,764,0
2026-08-14T15:30:54.520472,721,821,854,752,763,0
2026-08-14T15:30:54.520472,723,820,855,753,764,0
2026-08-14T15:30:54.525754,725,820,853,754,764,0
2026-08-14T15:30:54.528016,724,819,855,754,763,0
2026-08-14T15:30:54.528016,724,819,854,756,764,0
2026-08-14T15:30:54.528016,726,816,853,757,763,0
2026-08-14T15:30:54.532121,728,814,851,758,762,0
2026-08-14T15:30:54.532121,729,813,853,759,762,0
2026-08-14T15:30:54.532121,729,810,855,762,762,0
2026-08-14T15:30:54.532121,728,809,856,762,761,0
2026-08-14T15:30:54.536134,730,807,857,762,759,0
2026-08-14T15:30:54.540084,730,808,858,764,760,0
2026-08-14T15:30:54.543013,730,808,858,765,760,0
2026-08-14T15:30:54.543013,729,807,858,765,760,0
2026-08-14T15:30:54.543013,729,807,859,765,759,0
2026-08-14T15:30:54.543013,733,807,856,763,760,0
2026-08-14T15:30:54.543013,731,808,856,764,762,0
2026-08-14T15:30:54.543013,732,809,854,764,762,0
2026-08-14T15:30:54.543013,732,808,854,764,762,0
2026-08-14T15:30:54.543013,732,810,853,763,762,0
2026-08-14T15:30:54.543013,733,809,852,764,763,0
2026-08-14T15:30:54.543013,732,811,851,765,762,0
2026-08-14T15:30:54.543013,730,812,852,765,763,0
2026-08-14T15:30:54.551957,730,812,852,765,763,0
2026-08-14T15:30:54.553865,731,811,850,765,763,0
2026-08-14T15:30:54.554338,732,811,850,765,763,0
2026-08-14T15:30:54.554338,731,810,852,764,763,0
2026-08-14T15:30:54.554338,732,811,850,765,763,0
2026-08-14T15:30:54.554338,732,811,850,764,763,0
2026-08-14T15:30:54.554338,732,811,849,764,763,0
2026-08-14T15:30:54.560764,733,810,851,764,763,0
2026-08-14T15:30:54.561507,732,811,851,764,762,0
2026-08-14T15:30:54.561507,731,811,850,765,762,0
2026-08-14T15:30:54.563359,731,812,851,764,762,0
2026-08-14T15:30:54.563359,732,811,851,764,763,0
2026-08-14T15:30:54.563359,731,810,852,765,763,0
2026-08-14T15:30:54.563359,732,812,851,765,763,0
2026-08-14T15:30:54.568964,732,812,850,764,763,0
2026-08-14T15:30:54.568964,732,811,851,765,762,0
2026-08-14T15:30:54.570796,731,810,850,765,763,0
2026-08-14T15:30:54.571504,731,810,852,765,763,0
2026-08-14T15:30:54.571504,731,810,851,765,762,0
2026-08-14T15:30:54.571504,732,811,850,764,762,0
2026-08-14T15:30:54.571504,732,811,851,764,762,0
2026-08-14T15:30:54.577178,732,811,851,764,763,0
2026-08-14T15:30:54.577178,732,811,851,765,762,0
2026-08-14T15:30:54.577178,731,811,851,765,763,0
2026-08-14T15:30:54.580813,731,811,850,764,763,0
2026-08-14T15:30:54.580813,731,811,851,765,763,0
2026-08-14T15:30:54.583024,731,811,851,765,763,0
2026-08-14T15:30:54.583024,730,811,851,763,763,0
2026-08-14T15:30:54.585385,731,810,850,764,762,0
2026-08-14T15:30:54.585385,731,811,851,765,763,0
2026-08-14T15:30:54.586752,732,810,850,765,762,0
2026-08-14T15:30:54.587977,733,810,851,764,762,0
2026-08-14T15:30:54.587977,731,811,851,764,762,0
2026-08-14T15:30:54.587977,732,810,851,764,762,0
2026-08-14T15:30:54.587977,732,811,851,765,763,0
2026-08-14T15:30:54.593459,731,810,851,764,761,0
2026-08-14T15:30:54.593459,731,810,851,764,762,0
2026-08-14T15:30:54.593459,732,811,851,764,762,0
2026-08-14T15:30:54.593459,731,810,850,765,763,0
2026-08-14T15:30:54.593459,732,810,851,765,763,0
2026-08-14T15:30:54.593459,731,810,851,765,763,0
2026-08-14T15:30:54.593459,732,810,850,764,762,0
2026-08-14T15:30:54.601534,732,810,850,764,763,0
2026-08-14T15:30:54.602819,732,810,851,764,763,0
2026-08-14T15:30:54.604099,731,810,851,764,762,0
2026-08-14T15:30:54.605298,733,811,850,764,762,0
2026-08-14T15:30:54.605298,731,811,851,764,763,0
2026-08-14T15:30:54.607830,734,811,852,765,763,0
2026-08-14T15:30:54.609589,732,810,851,765,762,0
2026-08-14T15:30:54.609589,731,811,850,764,761,0
2026-08-14T15:30:54.609589,732,810,850,764,763,0
2026-08-14T15:30:54.609589,731,811,851,764,763,0
2026-08-14T15:30:54.614039,731,810,850,764,762,0
2026-08-14T15:30:54.614039,732,811,851,764,762,0
2026-08-14T15:30:54.614039,732,811,850,764,762,0
2026-08-14T15:30:54.618116,733,810,851,764,762,0
2026-08-14T15:30:54.618116,732,811,850,764,763,0
2026-08-14T15:30:54.620585,732,811,851,764,763,0
2026-08-14T15:30:54.621216,731,811,850,764,762,0
2026-08-14T15:30:54.621216,731,811,851,764,762,0
2026-08-14T15:30:54.621216,732,810,851,765,762,0
2026-08-14T15:30:54.621216,731,811,851,765,762,0
2026-08-14T15:30:54.626315,732,812,851,764,763,0
2026-08-14T15:30:54.626315,732,810,851,764,762,0
2026-08-14T15:30:54.626315,732,809,850,764,762,0
2026-08-14T15:30:54.626315,732,810,850,765,762,0
2026-08-14T15:30:54.630023,731,810,851,764,763,0
2026-08-14T15:30:54.630023,732,811,851,764,762,0
2026-08-14T15:30:54.631776,732,810,850,763,762,0
2026-08-14T15:30:54.631776,732,811,850,764,761,0
2026-08-14T15:30:54.634675,732,810,851,765,761,0
2026-08-14T15:30:54.634675,731,811,851,764,762,0
2026-08-14T15:30:54.636106,733,809,851,764,762,0
2026-08-14T15:30:54.637725,732,810,850,765,762,0
2026-08-14T15:30:54.637725,731,811,850,765,761,0
2026-08-14T15:30:54.637725,730,810,851,765,763,0
2026-08-14T15:30:54.642714,731,811,851,764,762,0
2026-08-14T15:30:54.642714,731,810,850,765,763,0
2026-08-14T15:30:54.642714,731,810,850,765,763,0
2026-08-14T15:30:54.642714,732,810,851,765,761,0
2026-08-14T15:30:54.642714,731,810,851,764,762,0
2026-08-14T15:30:54.648072,732,810,850,764,763,0
2026-08-14T15:30:54.648072,731,810,851,764,761,0
2026-08-14T15:30:54.650905,731,811,852,765,762,0
2026-08-14T15:30:54.651741,730,811,851,764,762,0
2026-08-14T15:30:54.651741,732,811,851,764,762,0
2026-08-14T15:30:54.654313,730,810,851,764,762,0
2026-08-14T15:30:54.655581,730,811,852,765,763,0
2026-08-14T15:30:54.655581,731,809,851,765,763,0
2026-08-14T15:30:54.657589,732,811,850,765,762,0
2026-08-14T15:30:54.657589,732,810,849,765,762,0
2026-08-14T15:30:54.659341,731,810,851,764,762,0
2026-08-14T15:30:54.659341,731,812,851,764,762,0
2026-08-14T15:30:54.661352,732,810,850,764,762,0
2026-08-14T15:30:54.665371,732,811,851,764,762,0
2026-08-14T15:30:54.665371,732,810,851,764,762,0
2026-08-14T15:30:54.667379,732,810,852,765,762,0
2026-08-14T15:30:54.667379,732,811,851,764,762,0
2026-08-14T15:30:54.667379,731,811,851,764,762,0
2026-08-14T15:30:54.669388,732,811,850,765,762,0
2026-08-14T15:30:54.670212,730,810,850,764,763,0
2026-08-14T15:30:54.671482,732,810,851,765,762,0
2026-08-14T15:30:54.671482,731,810,851,764,762,0
2026-08-14T15:30:54.674525,733,810,850,764,762,0
2026-08-14T15:30:54.675535,732,810,850,764,762,0
2026-08-14T15:30:54.675535,731,811,850,765,761,0
2026-08-14T15:30:54.675535,731,811,851,764,761,0
2026-08-14T15:30:54.679562,732,811,850,765,762,0
2026-08-14T15:30:54.679562,732,810,851,764,762,0
2026-08-14T15:30:54.679562,731,811,851,765,762,0
2026-08-14T15:30:54.683072,732,810,851,765,762,0
2026-08-14T15:30:54.683921,731,810,851,765,762,0
2026-08-14T15:30:54.683921,731,810,850,765,763,0
2026-08-14T15:30:54.685136,731,809,851,765,763,0
2026-08-14T15:30:54.686593,731,810,851,765,762,0
2026-08-14T15:30:54.686593,731,810,851,764,762,0
2026-08-14T15:30:54.686593,732,810,851,764,762,0
2026-08-14T15:30:54.691864,732,810,851,764,763,0
2026-08-14T15:30:54.691864,731,809,851,765,762,0
2026-08-14T15:30:54.691864,732,811,851,764,763,0
2026-08-14T15:30:54.691864,731,810,852,765,762,0
2026-08-14T15:30:54.694080,732,811,850,765,762,0
2026-08-14T15:30:54.694080,730,811,850,766,762,0
2026-08-14T15:30:54.694080,730,810,851,765,762,0
2026-08-14T15:30:54.694080,730,810,851,764,762,0
2026-08-14T15:30:54.700217,732,809,851,764,763,0
2026-08-14T15:30:54.700217,731,808,852,764,763,0
2026-08-14T15:30:54.700217,731,810,850,765,762,0
2026-08-14T15:30:54.703795,731,810,850,764,761,0
2026-08-14T15:30:54.703795,733,810,851,764,763,0
2026-08-14T15:30:54.703795,732,810,851,764,762,0
2026-08-14T15:30:54.708307,731,810,851,765,763,0
2026-08-14T15:30:54.708307,730,810,851,765,762,0
2026-08-14T15:30:54.708307,732,811,851,765,762,0
2026-08-14T15:30:54.708307,733,810,850,766,762,0
2026-08-14T15:30:54.708307,730,810,851,765,762,0
2026-08-14T15:30:54.708307,730,810,851,765,763,0
2026-08-14T15:30:54.714178,733,811,851,764,763,0
2026-08-14T15:30:54.716404,731,810,850,765,762,0
2026-08-14T15:30:54.716404,732,809,852,764,763,0
2026-08-14T15:30:54.716404,732,811,850,764,762,0
2026-08-14T15:30:54.720295,733,811,851,765,762,0
2026-08-14T15:30:54.720295,732,811,851,764,762,0
2026-08-14T15:30:54.720295,733,810,851,764,762,0
2026-08-14T15:30:54.720295,731,811,852,765,763,0
2026-08-14T15:30:54.724151,732,811,851,765,762,0
2026-08-14T15:30:54.724151,730,810,851,764,762,0
2026-08-14T15:30:54.724151,731,810,851,765,763,0
2026-08-14T15:30:54.724151,732,810,851,765,763,0
2026-08-14T15:30:54.724151,731,810,851,765,762,0
2026-08-14T15:30:54.724151,732,810,851,765,762,0
2026-08-14T15:30:54.724151,732,810,851,764,762,0
2026-08-14T15:30:54.732422,732,809,850,765,762,0
2026-08-14T15:30:54.732422,732,809,851,766,761,0
2026-08-14T15:30:54.732422,731,810,851,764,762,0
2026-08-14T15:30:54.736878,731,811,851,764,762,0
2026-08-14T15:30:54.736878,733,811,852,764,763,0
2026-08-14T15:30:54.736878,732,811,852,765,762,0
2026-08-14T15:30:54.738630,731,810,851,765,761,0
2026-08-14T15:30:54.741087,730,811,852,765,762,0
2026-08-14T15:30:54.741087,732,810,851,765,762,0
2026-08-14T15:30:54.742844,732,810,851,765,763,0
2026-08-14T15:30:54.744699,732,810,852,766,762,0
2026-08-14T15:30:54.745727,732,810,852,764,762,0
2026-08-14T15:30:54.745727,733,811,852,765,762,0
2026-08-14T15:30:54.748873,731,810,852,765,762,0
2026-08-14T15:30:54.748873,732,810,851,766,762,0
2026-08-14T15:30:54.749978,731,811,851,765,761,0
2026-08-14T15:30:54.751040,732,810,851,764,761,0
2026-08-14T15:30:54.752979,732,811,851,764,763,0
2026-08-14T15:30:54.753728,732,811,851,765,762,0
2026-08-14T15:30:54.753728,730,811,852,766,762,0
2026-08-14T15:30:54.756886,730,811,851,765,763,0
2026-08-14T15:30:54.756886,732,810,851,766,762,0
2026-08-14T15:30:54.756886,732,810,850,766,763,0
2026-08-14T15:30:54.756886,731,810,851,766,762,0
2026-08-14T15:30:54.756886,731,810,852,765,762,0
2026-08-14T15:30:54.756886,733,811,850,765,762,0
2026-08-14T15:30:54.756886,733,810,851,765,762,0
2026-08-14T15:30:54.765667,731,810,852,764,763,0
2026-08-14T15:30:54.765667,732,810,851,766,761,0
2026-08-14T15:30:54.765667,732,811,852,765,762,0
2026-08-14T15:30:54.765667,732,810,852,765,762,0
2026-08-14T15:30:54.769547,732,810,852,766,763,0
2026-08-14T15:30:54.770524,730,811,852,765,762,0
2026-08-14T15:30:54.770524,732,811,852,766,762,0
2026-08-14T15:30:54.773864,732,811,850,766,762,0
2026-08-14T15:30:54.773864,732,810,850,766,762,0
2026-08-14T15:30:54.773864,732,810,852,765,763,0
2026-08-14T15:30:54.777965,732,811,851,765,762,0
2026-08-14T15:30:54.777965,732,811,851,765,762,0
2026-08-14T15:30:54.779724,733,811,851,765,761,0
2026-08-14T15:30:54.780604,732,811,852,765,762,0
2026-08-14T15:30:54.780604,732,811,851,765,762,0
2026-08-14T15:30:54.782233,730,811,852,764,762,0
2026-08-14T15:30:54.783389,732,811,851,765,762,0
2026-08-14T15:30:54.786305,732,810,852,765,762,0
2026-08-14T15:30:54.787439,731,811,852,766,762,0
2026-08-14T15:30:54.788102,731,811,851,766,762,0
2026-08-14T15:30:54.788102,731,810,852,765,763,0
2026-08-14T15:30:54.789375,732,810,851,765,762,0
2026-08-14T15:30:54.790676,731,809,852,765,763,0
2026-08-14T15:30:54.791893,732,811,851,765,762,0
2026-08-14T15:30:54.792993,733,811,851,765,762,0
2026-08-14T15:30:54.792993,731,811,852,765,762,0
2026-08-14T15:30:54.792993,732,811,854,765,762,0
2026-08-14T15:30:54.795798,731,810,852,766,762,0
2026-08-14T15:30:54.795798,730,811,851,765,762,0
2026-08-14T15:30:54.795798,730,811,851,766,762,0
2026-08-14T15:30:54.798975,732,810,852,765,762,0
2026-08-14T15:30:54.802891,731,810,852,766,763,0
2026-08-14T15:30:54.803547,731,811,851,766,763,0
2026-08-14T15:30:54.803967,732,810,851,765,762,0
2026-08-14T15:30:54.803967,733,810,852,765,763,0
2026-08-14T15:30:54.806548,732,810,852,765,763,0
2026-08-14T15:30:54.806548,732,811,851,766,762,0
2026-08-14T15:30:54.806548,732,811,852,765,762,0
2026-08-14T15:30:54.810639,733,811,851,765,762,0
2026-08-14T15:30:54.810639,733,811,851,765,762,0
2026-08-14T15:30:54.810639,732,810,852,766,763,0
2026-08-14T15:30:54.814739,730,810,852,766,762,0
2026-08-14T15:30:54.814739,732,811,852,766,762,0
2026-08-14T15:30:54.814739,732,811,851,766,763,0
2026-08-14T15:30:54.814739,732,810,852,765,762,0
2026-08-14T15:30:54.818216,732,809,852,765,763,0
2026-08-14T15:30:54.819981,731,810,851,766,762,0
2026-08-14T15:30:54.820591,732,811,851,765,762,0
2026-08-14T15:30:54.822927,733,811,852,765,763,0
2026-08-14T15:30:54.822927,731,811,851,766,762,0
2026-08-14T15:30:54.822927,732,811,851,766,763,0
2026-08-14T15:30:54.822927,732,812,852,765,762,0
2026-08-14T15:30:54.822927,733,811,851,765,762,0
2026-08-14T15:30:54.822927,731,811,851,766,763,0
2026-08-14T15:30:54.822927,732,810,853,766,762,0
2026-08-14T15:30:54.831038,732,811,851,765,762,0
2026-08-14T15:30:54.832274,731,812,852,765,763,0
2026-08-14T15:30:54.832274,731,810,851,765,763,0
2026-08-14T15:30:54.832274,732,810,852,766,763,0
2026-08-14T15:30:54.832274,731,811,851,765,763,0
2026-08-14T15:30:54.836693,732,810,853,764,762,0
2026-08-14T15:30:54.836693,732,811,852,765,762,0
2026-08-14T15:30:54.839278,733,811,852,765,762,0
2026-08-14T15:30:54.839278,731,811,852,766,762,0
2026-08-14T15:30:54.839278,734,810,853,765,762,0
2026-08-14T15:30:54.843026,732,811,852,766,763,0
2026-08-14T15:30:54.843026,732,811,852,766,762,0
2026-08-14T15:30:54.845294,732,810,851,767,763,0
2026-08-14T15:30:54.845294,730,811,851,766,762,0
2026-08-14T15:30:54.847316,731,812,852,765,763,0
2026-08-14T15:30:54.847316,732,810,852,766,763,0
2026-08-14T15:30:54.847316,731,810,851,766,763,0
2026-08-14T15:30:54.849310,733,811,852,765,762,0
2026-08-14T15:30:54.849310,732,812,853,765,763,0
2026-08-14T15:30:54.853891,733,811,851,765,763,0
2026-08-14T15:30:54.854348,731,811,852,765,763,0
2026-08-14T15:30:54.855437,732,812,853,765,762,0
2026-08-14T15:30:54.855437,732,810,852,766,761,0
2026-08-14T15:30:54.855437,731,812,853,765,762,0
2026-08-14T15:30:54.855437,732,810,851,766,763,0
2026-08-14T15:30:54.855437,731,810,853,765,763,0
2026-08-14T15:30:54.855437,730,811,852,766,763,0
2026-08-14T15:30:54.861636,731,811,852,765,763,0
2026-08-14T15:30:54.863810,733,811,851,765,762,0
2026-08-14T15:30:54.863810,733,810,852,766,762,0
2026-08-14T15:30:54.863810,733,811,851,765,763,0
2026-08-14T15:30:54.863810,732,811,852,765,763,0
2026-08-14T15:30:54.863810,734,811,852,765,763,0
2026-08-14T15:30:54.863810,732,811,852,766,762,0
2026-08-14T15:30:54.870102,732,811,852,766,762,0
2026-08-14T15:30:54.872065,731,811,852,766,762,0
2026-08-14T15:30:54.872065,731,811,852,766,763,0
2026-08-14T15:30:54.872065,731,811,852,766,763,0
2026-08-14T15:30:54.872065,732,810,852,765,763,0
2026-08-14T15:30:54.872065,732,810,852,765,763,0
2026-08-14T15:30:54.872065,732,811,851,765,762,0
2026-08-14T15:30:54.879123,732,811,852,765,762,0
2026-08-14T15:30:54.879123,733,810,852,765,762,0
2026-08-14T15:30:54.879123,732,810,852,766,762,0
2026-08-14T15:30:54.879123,732,811,851,766,762,0
2026-08-14T15:30:54.879123,732,811,851,765,762,0
2026-08-14T15:30:54.879123,731,811,852,766,762,0
2026-08-14T15:30:54.886107,731,812,853,766,763,0
2026-08-14T15:30:54.888034,732,810,852,767,762,0
2026-08-14T15:30:54.888034,731,810,852,766,763,0
2026-08-14T15:30:54.890043,731,811,852,766,763,0
2026-08-14T15:30:54.890043,731,811,852,766,763,0
2026-08-14T15:30:54.892083,731,810,852,766,762,0
2026-08-14T15:30:54.892083,731,810,853,765,762,0
2026-08-14T15:30:54.892083,732,812,852,765,763,0
2026-08-14T15:30:54.896640,733,810,851,766,762,0
2026-08-14T15:30:54.896640,733,811,851,766,763,0
2026-08-14T15:30:54.896640,732,811,852,765,762,0
2026-08-14T15:30:54.896640,731,812,852,765,762,0
2026-08-14T15:30:54.900690,733,811,852,765,762,0
2026-08-14T15:30:54.900690,732,811,852,766,762,0
2026-08-14T15:30:54.900690,730,811,852,767,763,0
2026-08-14T15:30:54.904003,731,810,853,765,762,0
2026-08-14T15:30:54.905449,731,810,852,765,762,0
2026-08-14T15:30:54.905449,730,810,852,765,763,0
2026-08-14T15:30:54.908943,732,811,852,765,763,0
2026-08-14T15:30:54.908943,732,810,852,765,762,0
2026-08-14T15:30:54.908943,733,811,851,765,763,0
2026-08-14T15:30:54.908943,733,811,852,765,763,0
2026-08-14T15:30:54.912132,733,811,853,765,762,0
2026-08-14T15:30:54.912132,731,810,852,766,763,0
2026-08-14T15:30:54.912132,732,811,853,765,762,0
2026-08-14T15:30:54.912132,733,812,851,765,762,0
2026-08-14T15:30:54.912132,732,810,852,765,763,0
2026-08-14T15:30:54.918872,731,810,852,766,763,0
2026-08-14T15:30:54.920117,732,811,853,766,762,0
2026-08-14T15:30:54.921343,731,812,851,765,762,0
2026-08-14T15:30:54.921343,733,811,852,766,763,0
2026-08-14T15:30:54.921343,733,810,851,765,763,0
2026-08-14T15:30:54.921343,732,810,852,766,762,0
2026-08-14T15:30:54.921343,733,811,852,766,762,0
2026-08-14T15:30:54.921343,731,813,853,766,763,0
2026-08-14T15:30:54.927072,732,811,852,765,762,0
2026-08-14T15:30:54.927072,732,812,852,766,762,0
2026-08-14T15:30:54.927072,731,812,852,766,761,0
2026-08-14T15:30:54.927072,731,811,852,765,762,0
2026-08-14T15:30:54.933516,731,811,851,766,763,0
2026-08-14T15:30:54.933516,732,811,853,766,763,0
2026-08-14T15:30:54.933516,731,812,853,766,762,0
2026-08-14T15:30:54.935275,732,811,852,765,762,0
2026-08-14T15:30:54.937527,732,811,852,765,762,0
2026-08-14T15:30:54.937527,732,810,851,766,763,0
2026-08-14T15:30:54.937527,732,810,852,766,762,0
2026-08-14T15:30:54.941690,732,811,853,766,762,0
2026-08-14T15:30:54.941690,733,811,853,765,762,0
2026-08-14T15:30:54.941690,733,812,852,766,762,0
2026-08-14T15:30:54.944262,732,811,851,765,762,0
2026-08-14T15:30:54.944262,731,812,852,767,762,0
2026-08-14T15:30:54.944262,732,811,852,765,764,0
2026-08-14T15:30:54.947639,732,811,852,766,762,0
2026-08-14T15:30:54.947639,732,810,852,767,763,0
2026-08-14T15:30:54.947639,732,810,852,766,763,0
2026-08-14T15:30:54.947639,733,811,851,765,761,0
2026-08-14T15:30:54.953740,733,811,852,765,762,0
2026-08-14T15:30:54.953740,733,810,852,766,762,0
2026-08-14T15:30:54.953740,732,809,852,766,763,0
2026-08-14T15:30:54.955778,731,811,853,765,762,0
2026-08-14T15:30:54.955778,732,811,853,766,762,0
2026-08-14T15:30:54.955778,732,811,852,765,762,0
2026-08-14T15:30:54.955778,731,811,852,766,763,0
2026-08-14T15:30:54.959829,732,810,853,767,763,0
2026-08-14T15:30:54.959829,732,812,852,766,762,0
2026-08-14T15:30:54.959829,731,812,852,767,762,0
2026-08-14T15:30:54.959829,733,811,852,765,763,0
2026-08-14T15:30:54.959829,732,810,852,766,763,0
2026-08-14T15:30:54.959829,732,811,852,765,763,0
2026-08-14T15:30:54.959829,732,811,852,765,763,0
2026-08-14T15:30:54.970356,732,811,852,765,763,0
2026-08-14T15:30:54.970356,732,811,852,765,762,0
2026-08-14T15:30:54.970356,732,812,853,765,762,0
2026-08-14T15:30:54.972436,732,812,853,765,762,0
2026-08-14T15:30:54.972436,733,811,852,766,762,0
2026-08-14T15:30:54.972436,732,811,853,766,762,0
2026-08-14T15:30:54.976108,731,812,852,766,763,0
2026-08-14T15:30:54.978568,732,812,851,767,762,0
2026-08-14T15:30:54.978568,732,811,852,765,762,0
2026-08-14T15:30:54.978568,732,810,852,766,763,0
2026-08-14T15:30:54.981038,731,810,852,767,763,0
2026-08-14T15:30:54.981038,732,811,852,766,762,0
2026-08-14T15:30:54.984468,733,811,852,766,762,0
2026-08-14T15:30:54.984468,732,812,852,765,762,0
2026-08-14T15:30:54.986484,733,810,852,766,763,0
2026-08-14T15:30:54.987136,733,811,852,766,762,0
2026-08-14T15:30:54.988470,731,811,853,765,763,0
2026-08-14T15:30:54.988470,732,812,853,765,762,0
2026-08-14T15:30:54.988470,732,811,853,765,762,0
2026-08-14T15:30:54.988470,731,812,852,766,763,0
2026-08-14T15:30:54.988470,732,811,852,767,762,0
2026-08-14T15:30:54.992932,731,811,853,766,763,0
2026-08-14T15:30:54.992932,732,810,852,766,763,0
2026-08-14T15:30:54.992932,731,810,852,767,763,0
2026-08-14T15:30:54.992932,732,810,852,766,762,0
2026-08-14T15:30:54.992932,733,812,853,766,763,0
2026-08-14T15:30:54.992932,732,811,852,765,762,0
2026-08-14T15:30:54.992932,733,811,851,766,762,0
2026-08-14T15:30:55.003166,731,810,853,766,762,0
2026-08-14T15:30:55.003868,732,811,852,766,762,0
2026-08-14T15:30:55.003868,732,812,853,765,762,0
2026-08-14T15:30:55.003868,732,812,852,766,762,0
2026-08-14T15:30:55.008069,732,811,852,766,763,0
2026-08-14T15:30:55.008625,732,812,852,766,763,0
2026-08-14T15:30:55.011109,732,811,852,766,763,0
2026-08-14T15:30:55.011687,732,811,852,766,763,0
2026-08-14T15:30:55.012574,732,810,852,766,763,0
2026-08-14T15:30:55.013081,733,811,852,766,762,0
2026-08-14T15:30:55.015012,732,811,852,765,762,0
2026-08-14T15:30:55.016126,731,813,853,765,761,0
2026-08-14T15:30:55.016731,733,811,852,766,762,0
2026-08-14T15:30:55.018586,732,810,853,766,763,0
2026-08-14T15:30:55.020398,732,811,852,766,762,0
2026-08-14T15:30:55.020398,732,812,853,766,763,0
2026-08-14T15:30:55.020398,733,811,852,766,762,0
2026-08-14T15:30:55.023616,733,812,852,766,763,0
2026-08-14T15:30:55.023616,732,812,853,767,762,0
2026-08-14T15:30:55.023616,731,812,853,766,763,0
2026-08-14T15:30:55.027719,731,811,853,766,762,0
2026-08-14T15:30:55.027719,733,810,852,765,762,0
2026-08-14T15:30:55.027719,732,811,852,766,763,0
2026-08-14T15:30:55.027719,732,811,852,767,762,0
2026-08-14T15:30:55.030890,733,812,853,766,762,0
2026-08-14T15:30:55.030890,732,812,852,766,762,0
2026-08-14T15:30:55.030890,732,811,852,765,763,0
2026-08-14T15:30:55.033425,732,812,853,766,762,0
2026-08-14T15:30:55.037319,733,810,853,765,762,0
2026-08-14T15:30:55.037319,731,811,852,766,762,0
2026-08-14T15:30:55.037319,731,810,851,766,762,0
2026-08-14T15:30:55.037319,732,811,852,766,762,0
2026-08-14T15:30:55.037319,733,810,853,766,763,0
2026-08-14T15:30:55.037319,733,811,852,765,762,0
2026-08-14T15:30:55.041830,733,810,852,765,762,0
2026-08-14T15:30:55.041830,732,811,851,765,763,0
2026-08-14T15:30:55.041830,732,811,851,766,763,0
2026-08-14T15:30:55.045928,733,811,853,766,763,0
2026-08-14T15:30:55.045928,733,811,852,765,762,0
2026-08-14T15:30:55.045928,732,812,852,765,764,0
2026-08-14T15:30:55.049848,732,811,852,765,762,0
2026-08-14T15:30:55.052292,732,810,853,766,762,0
2026-08-14T15:30:55.052787,732,810,853,766,762,0
2026-08-14T15:30:55.054117,732,811,852,766,763,0
2026-08-14T15:30:55.056125,732,811,852,766,763,0
2026-08-14T15:30:55.056125,732,810,853,766,762,0
2026-08-14T15:30:55.057873,732,811,852,766,762,0
2026-08-14T15:30:55.057873,733,811,852,766,762,0
2026-08-14T15:30:55.059879,733,813,852,765,763,0
2026-08-14T15:30:55.059879,732,811,853,765,763,0
2026-08-14T15:30:55.059879,732,812,853,766,762,0
2026-08-14T15:30:55.064601,732,811,852,765,762,0
2026-08-14T15:30:55.065392,733,811,852,766,763,0
2026-08-14T15:30:55.065392,732,811,852,767,764,0
2026-08-14T15:30:55.065392,732,812,852,766,763,0
2026-08-14T15:30:55.065392,732,812,851,766,763,0
2026-08-14T15:30:55.065392,732,810,853,766,763,0
2026-08-14T15:30:55.070894,732,810,852,766,763,0
2026-08-14T15:30:55.072766,732,810,853,767,763,0
2026-08-14T15:30:55.072766,732,811,851,766,762,0
2026-08-14T15:30:55.073801,735,811,852,765,763,0
2026-08-14T15:30:55.076742,733,811,852,765,762,0
2026-08-14T15:30:55.076742,732,811,853,766,763,0
2026-08-14T15:30:55.078692,732,811,852,765,763,0
2026-08-14T15:30:55.078692,731,811,853,766,763,0
2026-08-14T15:30:55.078692,732,811,852,766,763,0
2026-08-14T15:30:55.078692,732,810,853,766,763,0
2026-08-14T15:30:55.081889,732,811,852,767,762,0
2026-08-14T15:30:55.083902,732,810,853,765,763,0
2026-08-14T15:30:55.083902,732,811,852,765,762,0
2026-08-14T15:30:55.087098,732,810,852,766,763,0
2026-08-14T15:30:55.087098,732,811,852,766,762,0
2026-08-14T15:30:55.087098,733,811,853,766,763,0
2026-08-14T15:30:55.087098,732,812,853,765,762,0
2026-08-14T15:30:55.090157,732,811,852,765,763,0
2026-08-14T15:30:55.090157,731,811,852,767,763,0
2026-08-14T15:30:55.090157,733,811,853,767,762,0
2026-08-14T15:30:55.090157,731,812,852,766,763,0
2026-08-14T15:30:55.090157,732,811,853,766,763,0
2026-08-14T15:30:55.090157,732,810,853,766,763,0
2026-08-14T15:30:55.090157,731,810,853,767,764,0
2026-08-14T15:30:55.098586,732,811,853,766,762,0
2026-08-14T15:30:55.100755,732,811,852,765,764,0
2026-08-14T15:30:55.102759,733,811,852,766,762,0
2026-08-14T15:30:55.103347,733,811,853,766,763,0
2026-08-14T15:30:55.103836,733,812,852,766,762,0
2026-08-14T15:30:55.103836,734,811,851,765,762,0
2026-08-14T15:30:55.103836,733,812,852,765,762,0
2026-08-14T15:30:55.106724,732,812,853,766,763,0
2026-08-14T15:30:55.109640,731,811,853,766,763,0
2026-08-14T15:30:55.109640,731,812,853,766,762,0
2026-08-14T15:30:55.109640,732,812,852,766,762,0
2026-08-14T15:30:55.111995,733,810,853,766,763,0
2026-08-14T15:30:55.111995,732,810,853,765,762,0
2026-08-14T15:30:55.115040,731,812,852,766,763,0
2026-08-14T15:30:55.115040,731,811,852,766,763,0
2026-08-14T15:30:55.115040,733,810,852,766,762,0
2026-08-14T15:30:55.115040,732,811,852,766,763,0
2026-08-14T15:30:55.115040,732,811,852,766,763,0
2026-08-14T15:30:55.120514,732,811,852,766,762,0
2026-08-14T15:30:55.120514,732,812,853,765,763,0
2026-08-14T15:30:55.123093,732,810,854,766,762,0
2026-08-14T15:30:55.123093,732,812,852,766,762,0
2026-08-14T15:30:55.123093,732,811,853,767,762,0
2026-08-14T15:30:55.123093,733,810,854,766,762,0
2026-08-14T15:30:55.123093,732,810,852,766,763,0
2026-08-14T15:30:55.123093,732,811,852,766,764,0
2026-08-14T15:30:55.123093,732,810,853,767,763,0
2026-08-14T15:30:55.131144,732,810,853,766,763,0
2026-08-14T15:30:55.131144,733,811,852,766,762,0
2026-08-14T15:30:55.134216,733,811,852,766,763,0
2026-08-14T15:30:55.134216,733,811,852,766,762,0
2026-08-14T15:30:55.134216,733,812,853,765,762,0
2026-08-14T15:30:55.138314,732,812,853,765,762,0
2026-08-14T15:30:55.138314,733,812,851,766,762,0
2026-08-14T15:30:55.139355,730,812,853,766,763,0
2026-08-14T15:30:55.141367,731,812,852,766,762,0
2026-08-14T15:30:55.141367,732,812,852,766,763,0
2026-08-14T15:30:55.143379,732,810,853,766,763,0
2026-08-14T15:30:55.143379,731,810,852,767,764,0
2026-08-14T15:30:55.145388,732,811,852,766,762,0
2026-08-14T15:30:55.145388,731,810,852,766,762,0
2026-08-14T15:30:55.147415,733,813,853,765,762,0
2026-08-14T15:30:55.148663,733,811,852,766,763,0
2026-08-14T15:30:55.148663,732,812,853,765,763,0
2026-08-14T15:30:55.148663,732,812,853,766,763,0
2026-08-14T15:30:55.153727,732,811,853,765,762,0
2026-08-14T15:30:55.153727,732,811,853,766,762,0
2026-08-14T15:30:55.153727,732,811,853,766,762,0
2026-08-14T15:30:55.155715,732,812,852,766,763,0
2026-08-14T15:30:55.155715,732,812,852,766,762,0
2026-08-14T15:30:55.155715,733,811,852,766,763,0
2026-08-14T15:30:55.155715,733,811,853,767,763,0
2026-08-14T15:30:55.160644,733,811,852,766,763,0
2026-08-14T15:30:55.160644,732,812,852,765,762,0
2026-08-14T15:30:55.163828,732,811,851,765,762,0
2026-08-14T15:30:55.163828,733,811,851,765,763,0
2026-08-14T15:30:55.163828,733,811,852,765,763,0
2026-08-14T15:30:55.163828,731,812,852,765,763,0
2026-08-14T15:30:55.163828,731,814,853,766,763,0
2026-08-14T15:30:55.169514,731,811,852,765,762,0
2026-08-14T15:30:55.171080,731,810,852,767,763,0
2026-08-14T15:30:55.171080,731,811,852,767,763,0
2026-08-14T15:30:55.172090,732,811,851,766,762,0
2026-08-14T15:30:55.175196,732,811,853,766,762,0
2026-08-14T15:30:55.175196,733,810,852,765,763,0
2026-08-14T15:30:55.176958,732,812,852,766,763,0
2026-08-14T15:30:55.178498,732,811,852,766,763,0
2026-08-14T15:30:55.178498,733,812,852,765,762,0
2026-08-14T15:30:55.180259,733,812,852,765,762,0
2026-08-14T15:30:55.180259,733,811,852,766,763,0
2026-08-14T15:30:55.180259,731,811,853,766,762,0
2026-08-14T15:30:55.180259,732,812,853,766,762,0
2026-08-14T15:30:55.180259,731,812,853,765,764,0
2026-08-14T15:30:55.187216,732,810,853,766,763,0
2026-08-14T15:30:55.187216,731,811,852,766,763,0
2026-08-14T15:30:55.188813,732,809,853,766,763,0
2026-08-14T15:30:55.188813,732,811,852,766,762,0
2026-08-14T15:30:55.188813,732,810,852,766,763,0
2026-08-14T15:30:55.188813,732,811,852,765,763,0
2026-08-14T15:30:55.188813,732,811,851,766,763,0
2026-08-14T15:30:55.188813,732,811,852,765,762,0
2026-08-14T15:30:55.188813,733,811,851,765,763,0
2026-08-14T15:30:55.196920,733,812,853,766,762,0
2026-08-14T15:30:55.196920,731,812,852,766,763,0
2026-08-14T15:30:55.199768,732,810,852,766,762,0
2026-08-14T15:30:55.199768,733,812,853,766,763,0
2026-08-14T15:30:55.199768,733,810,851,766,763,0
2026-08-14T15:30:55.203830,731,810,853,767,763,0
2026-08-14T15:30:55.203830,733,811,852,766,763,0
2026-08-14T15:30:55.203830,731,811,852,767,763,0
2026-08-14T15:30:55.205338,732,812,852,765,762,0
2026-08-14T15:30:55.207942,733,810,852,766,763,0
2026-08-14T15:30:55.207942,732,811,852,765,763,0
2026-08-14T15:30:55.207942,733,811,852,765,763,0
2026-08-14T15:30:55.212040,732,812,853,766,762,0
2026-08-14T15:30:55.212040,733,811,853,765,762,0
2026-08-14T15:30:55.212040,732,811,853,766,763,0
2026-08-14T15:30:55.214951,732,811,853,766,762,0
2026-08-14T15:30:55.214951,731,812,852,766,763,0
2026-08-14T15:30:55.214951,732,812,852,767,763,0
2026-08-14T15:30:55.214951,733,811,853,766,762,0
2026-08-14T15:30:55.220163,732,811,852,766,763,0
2026-08-14T15:30:55.220464,733,811,852,766,762,0
2026-08-14T15:30:55.220464,733,811,853,766,762,0
2026-08-14T15:30:55.222178,734,811,852,765,762,0
2026-08-14T15:30:55.222178,732,811,851,765,762,0
2026-08-14T15:30:55.222178,733,812,851,767,763,0
2026-08-14T15:30:55.222178,732,811,853,765,762,0
2026-08-14T15:30:55.222178,733,812,853,765,763,0
2026-08-14T15:30:55.222178,731,811,853,766,763,0
2026-08-14T15:30:55.222178,732,811,852,766,762,0
2026-08-14T15:30:55.230953,731,811,853,766,763,0
2026-08-14T15:30:55.230953,732,812,852,765,763,0
2026-08-14T15:30:55.234263,732,811,852,766,763,0
2026-08-14T15:30:55.234263,732,811,852,767,763,0
2026-08-14T15:30:55.236723,732,810,852,765,762,0
2026-08-14T15:30:55.236723,732,811,852,766,762,0
2026-08-14T15:30:55.236723,733,811,852,765,763,0
2026-08-14T15:30:55.240214,732,811,852,766,763,0
2026-08-14T15:30:55.240214,732,812,852,765,761,0
2026-08-14T15:30:55.242227,733,813,853,765,762,0
2026-08-14T15:30:55.242227,733,811,852,765,763,0
2026-08-14T15:30:55.242227,732,811,852,767,763,0
2026-08-14T15:30:55.242227,731,811,852,766,764,0
2026-08-14T15:30:55.246793,732,811,852,767,763,0
2026-08-14T15:30:55.246793,732,811,853,766,763,0
2026-08-14T15:30:55.246793,732,811,852,766,763,0
2026-08-14T15:30:55.246793,732,811,852,766,764,0
2026-08-14T15:30:55.252806,733,811,852,766,763,0
2026-08-14T15:30:55.253773,732,811,852,765,762,0
2026-08-14T15:30:55.254692,733,811,851,765,763,0
2026-08-14T15:30:55.254692,732,811,852,765,763,0
2026-08-14T15:30:55.256706,731,811,853,766,763,0
2026-08-14T15:30:55.256706,732,813,853,765,762,0
2026-08-14T15:30:55.256706,732,811,851,766,763,0
2026-08-14T15:30:55.261191,732,810,853,766,763,0
2026-08-14T15:30:55.261191,732,812,853,766,763,0
2026-08-14T15:30:55.261191,733,811,853,767,763,0
2026-08-14T15:30:55.262951,730,813,852,766,763,0
2026-08-14T15:30:55.265292,733,810,852,766,762,0
2026-08-14T15:30:55.265292,733,812,852,765,763,0
2026-08-14T15:30:55.265292,733,811,852,766,762,0
2026-08-14T15:30:55.269494,733,812,852,765,763,0
2026-08-14T15:30:55.270289,733,812,852,766,762,0
2026-08-14T15:30:55.271478,732,812,853,766,762,0
2026-08-14T15:30:55.271478,733,812,852,765,763,0
2026-08-14T15:30:55.271478,731,812,853,766,762,0
2026-08-14T15:30:55.271478,731,812,853,766,762,0
2026-08-14T15:30:55.271478,732,810,853,765,763,0
2026-08-14T15:30:55.271478,732,812,852,767,763,0
2026-08-14T15:30:55.271478,732,811,852,766,763,0
2026-08-14T15:30:55.271478,733,811,853,765,763,0
2026-08-14T15:30:55.279079,733,811,852,765,763,0
2026-08-14T15:30:55.279079,732,810,852,766,763,0
2026-08-14T15:30:55.279079,733,811,852,766,763,0
2026-08-14T15:30:55.279079,732,812,853,766,762,0
2026-08-14T15:30:55.279079,732,811,853,765,762,0
2026-08-14T15:30:55.287520,733,812,852,766,762,0
2026-08-14T15:30:55.288775,732,811,853,766,763,0
2026-08-14T15:30:55.288775,732,812,853,766,763,0
2026-08-14T15:30:55.288775,732,812,853,766,763,0
2026-08-14T15:30:55.288775,732,812,852,766,763,0
2026-08-14T15:30:55.292281,732,811,853,767,763,0
2026-08-14T15:30:55.292281,731,810,853,767,763,0
2026-08-14T15:30:55.292281,732,811,853,765,763,0
2026-08-14T15:30:55.295284,732,811,852,766,763,0
2026-08-14T15:30:55.296719,733,810,852,766,763,0
2026-08-14T15:30:55.298314,733,811,852,765,762,0
2026-08-14T15:30:55.299405,732,812,853,766,763,0
2026-08-14T15:30:55.299405,733,812,853,765,762,0
2026-08-14T15:30:55.301572,732,811,851,765,762,0
2026-08-14T15:30:55.302614,733,811,852,767,763,0
2026-08-14T15:30:55.303532,732,811,852,766,763,0
2026-08-14T15:30:55.305939,731,812,853,766,763,0
2026-08-14T15:30:55.305939,731,811,853,766,763,0
2026-08-14T15:30:55.305939,732,810,853,766,763,0
2026-08-14T15:30:55.310335,731,810,852,766,763,0
2026-08-14T15:30:55.310335,732,811,852,766,764,0
2026-08-14T15:30:55.310335,732,811,852,766,763,0
2026-08-14T15:30:55.312528,733,810,852,765,762,0
2026-08-14T15:30:55.314540,732,811,852,766,763,0
2026-08-14T15:30:55.314540,731,812,851,765,763,0
2026-08-14T15:30:55.314540,731,812,853,766,762,0
2026-08-14T15:30:55.318540,732,810,853,766,762,0
2026-08-14T15:30:55.319554,732,810,853,766,763,0
2026-08-14T15:30:55.319554,732,811,852,766,762,0
2026-08-14T15:30:55.319554,732,811,852,766,763,0
2026-08-14T15:30:55.322604,732,812,852,765,764,0
2026-08-14T15:30:55.322604,733,811,851,766,762,0
2026-08-14T15:30:55.322604,732,810,852,766,763,0
2026-08-14T15:30:55.322604,732,811,852,767,762,0
2026-08-14T15:30:55.322604,733,812,853,765,762,0
2026-08-14T15:30:55.327918,732,813,852,765,764,0
2026-08-14T15:30:55.327918,732,815,850,765,765,0
2026-08-14T15:30:55.329932,730,819,851,763,766,0
2026-08-14T15:30:55.329932,730,825,850,761,767,0
2026-08-14T15:30:55.329932,729,828,849,759,769,0
2026-08-14T15:30:55.332557,729,834,846,756,772,0
2026-08-14T15:30:55.332557,726,839,847,753,771,0
2026-08-14T15:30:55.336954,726,842,848,752,771,0
2026-08-14T15:30:55.336954,726,846,849,749,773,0
2026-08-14T15:30:55.336954,725,848,849,746,774,0
2026-08-14T15:30:55.336954,723,854,851,743,774,0
2026-08-14T15:30:55.336954,722,858,852,741,774,0
2026-08-14T15:30:55.336954,720,861,854,738,774,0
2026-08-14T15:30:55.336954,719,864,855,737,774,0
2026-08-14T15:30:55.344266,717,867,856,733,775,0
2026-08-14T15:30:55.347217,716,869,857,733,774,0
2026-08-14T15:30:55.347217,715,869,858,732,774,0
2026-08-14T15:30:55.347217,716,869,858,731,774,0
2026-08-14T15:30:55.347217,713,870,858,729,774,0
2026-08-14T15:30:55.347217,711,870,860,726,773,0
2026-08-14T15:30:55.347217,710,874,859,724,772,0
2026-08-14T15:30:55.353914,710,875,860,721,771,0
2026-08-14T15:30:55.355380,709,875,860,719,771,0
2026-08-14T15:30:55.355380,708,874,860,718,770,0
2026-08-14T15:30:55.355380,708,874,861,717,769,0
2026-08-14T15:30:55.355380,706,873,859,716,768,0
2026-08-14T15:30:55.359256,706,872,859,714,767,0
2026-08-14T15:30:55.359256,705,868,860,714,765,0
2026-08-14T15:30:55.360768,705,861,857,716,764,0
2026-08-14T15:30:55.360768,706,857,856,716,763,0
2026-08-14T15:30:55.360768,704,860,855,713,763,0
2026-08-14T15:30:55.360768,705,861,855,710,761,0
2026-08-14T15:30:55.365437,703,863,855,707,762,0
2026-08-14T15:30:55.367452,701,864,855,704,760,0
2026-08-14T15:30:55.367452,700,865,855,701,759,0
2026-08-14T15:30:55.369818,699,865,855,701,759,0
2026-08-14T15:30:55.370462,700,860,854,701,757,0
2026-08-14T15:30:55.370462,702,849,849,705,756,0
2026-08-14T15:30:55.370462,703,840,850,707,752,0
2026-08-14T15:30:55.373562,702,841,847,701,752,0
2026-08-14T15:30:55.373562,699,845,844,695,751,0
2026-08-14T15:30:55.373562,696,846,844,692,751,0
2026-08-14T15:30:55.377702,694,846,841,689,750,0
2026-08-14T15:30:55.379110,695,847,840,687,749,0
2026-08-14T15:30:55.379110,694,846,839,684,747,0
2026-08-14T15:30:55.379110,692,848,838,682,747,0
2026-08-14T15:30:55.384064,690,849,837,679,748,0
2026-08-14T15:30:55.384064,686,850,837,674,745,0
2026-08-14T15:30:55.384064,682,854,837,671,744,0
2026-08-14T15:30:55.386769,680,855,835,668,741,0
2026-08-14T15:30:55.388056,677,855,834,665,740,0
2026-08-14T15:30:55.388056,676,854,833,664,739,0
2026-08-14T15:30:55.388056,676,847,828,666,736,0
2026-08-14T15:30:55.392266,681,831,823,670,733,0
2026-08-14T15:30:55.392266,684,814,817,672,729,0
2026-08-14T15:30:55.392266,687,794,812,673,724,0
2026-08-14T15:30:55.394034,685,787,807,666,721,0
2026-08-14T15:30:55.396332,681,783,803,662,719,0
2026-08-14T15:30:55.396332,680,784,801,661,718,0
2026-08-14T15:30:55.396332,677,789,802,658,717,0
2026-08-14T15:30:55.396332,676,793,803,655,717,0
2026-08-14T15:30:55.396332,675,795,803,653,716,0
2026-08-14T15:30:55.402418,673,798,802,651,717,0
2026-08-14T15:30:55.403790,671,800,802,648,716,0
2026-08-14T15:30:55.403790,669,802,802,644,715,0
2026-08-14T15:30:55.403790,669,802,801,641,714,0
2026-08-14T15:30:55.403790,667,802,801,638,714,0
2026-08-14T15:30:55.403790,664,803,800,635,713,0
2026-08-14T15:30:55.403790,662,804,798,630,710,0
2026-08-14T15:30:55.403790,663,801,796,631,708,0
2026-08-14T15:30:55.410856,666,787,794,635,705,0
2026-08-14T15:30:55.410856,664,780,792,633,701,0
2026-08-14T15:30:55.410856,663,776,789,629,700,0
2026-08-14T15:30:55.410856,660,777,786,626,697,0
2026-08-14T15:30:55.410856,660,777,785,624,696,0
2026-08-14T15:30:55.410856,657,778,783,621,696,0
2026-08-14T15:30:55.410856,655,778,783,619,695,0
2026-08-14T15:30:55.420935,654,780,782,615,694,0
2026-08-14T15:30:55.421303,652,781,781,612,692,0
2026-08-14T15:30:55.421303,652,781,780,608,690,0
2026-08-14T15:30:55.421303,651,779,779,605,689,0
2026-08-14T15:30:55.425013,647,780,776,599,687,0
2026-08-14T15:30:55.425013,643,779,772,593,684,0
2026-08-14T15:30:55.425013,642,776,768,591,682,0
2026-08-14T15:30:55.427131,642,766,766,593,679,0
2026-08-14T15:30:55.427131,641,764,764,588,677,0
2026-08-14T15:30:55.427131,639,766,762,585,675,0
2026-08-14T15:30:55.427131,637,764,759,581,673,0
2026-08-14T15:30:55.427131,635,763,756,577,671,0
2026-08-14T15:30:55.427131,632,760,754,576,667,0
2026-08-14T15:30:55.427131,629,759,751,572,667,0
2026-08-14T15:30:55.435993,627,758,748,569,666,0
2026-08-14T15:30:55.435993,626,756,747,565,663,0
2026-08-14T15:30:55.435993,623,756,744,562,661,0
2026-08-14T15:30:55.435993,620,754,741,558,657,0
2026-08-14T15:30:55.435993,618,751,737,554,654,0
2026-08-14T15:30:55.435993,615,744,734,555,651,0
2026-08-14T15:30:55.443521,615,735,728,557,647,0
2026-08-14T15:30:55.445513,616,717,725,563,643,0
2026-08-14T15:30:55.445513,617,701,721,565,639,0
2026-08-14T15:30:55.445513,615,705,715,556,638,0
2026-08-14T15:30:55.448522,612,704,715,555,637,0
2026-08-14T15:30:55.448522,611,706,716,551,636,0
2026-08-14T15:30:55.448522,611,708,716,550,636,0
2026-08-14T15:30:55.451654,610,707,715,549,634,0
2026-08-14T15:30:55.453346,607,708,714,547,633,0
2026-08-14T15:30:55.453346,606,708,713,544,632,0
2026-08-14T15:30:55.453346,601,708,713,541,630,0
2026-08-14T15:30:55.453346,600,710,711,538,627,0
2026-08-14T15:30:55.453346,595,707,708,535,626,0
2026-08-14T15:30:55.453346,594,704,705,535,623,0
2026-08-14T15:30:55.453346,593,694,703,537,621,0
2026-08-14T15:30:55.459864,595,683,701,537,616,0
2026-08-14T15:30:55.459864,592,685,697,532,616,0
2026-08-14T15:30:55.459864,589,684,696,529,615,0
2026-08-14T15:30:55.459864,588,685,695,527,614,0
2026-08-14T15:30:55.459864,588,685,693,525,612,0
2026-08-14T15:30:55.459864,586,686,692,521,610,0
2026-08-14T15:30:55.468148,584,679,686,522,607,0
2026-08-14T15:30:55.470208,582,669,683,522,603,0
2026-08-14T15:30:55.470208,577,667,677,516,599,0
2026-08-14T15:30:55.470208,576,664,673,513,596,0
2026-08-14T15:30:55.474184,575,665,671,511,597,0
2026-08-14T15:30:55.474184,572,664,670,507,595,0
2026-08-14T15:30:55.475935,571,665,668,506,594,0
2026-08-14T15:30:55.478266,570,659,666,507,591,0
2026-08-14T15:30:55.478266,570,656,662,506,590,0
2026-08-14T15:30:55.478266,568,652,660,505,587,0
2026-08-14T15:30:55.478266,565,648,657,503,584,0
2026-08-14T15:30:55.482363,564,643,654,501,582,0
2026-08-14T15:30:55.482363,563,635,646,500,578,0
2026-08-14T15:30:55.482363,559,627,641,497,573,0
2026-08-14T15:30:55.486531,555,613,632,498,565,0
2026-08-14T15:30:55.487045,552,608,628,494,563,0
2026-08-14T15:30:55.487045,550,605,623,490,559,0
2026-08-14T15:30:55.487045,547,603,619,488,558,0
2026-08-14T15:30:55.490102,543,602,617,484,555,0
2026-08-14T15:30:55.490102,540,600,614,482,553,0
2026-08-14T15:30:55.490102,538,599,613,479,551,0
2026-08-14T15:30:55.492638,535,599,612,476,548,0
2026-08-14T15:30:55.492638,533,597,610,473,545,0
2026-08-14T15:30:55.496518,531,595,607,470,542,0
2026-08-14T15:30:55.496518,527,590,604,470,538,0
2026-08-14T15:30:55.496518,526,578,599,473,534,0
2026-08-14T15:30:55.496518,522,575,595,467,530,0
2026-08-14T15:30:55.496518,518,569,588,463,526,0
2026-08-14T15:30:55.500804,513,565,583,459,522,0
2026-08-14T15:30:55.503906,508,561,579,453,519,0
2026-08-14T15:30:55.503906,505,557,574,449,514,0
2026-08-14T15:30:55.503906,501,555,570,445,511,0
2026-08-14T15:30:55.503906,498,554,567,442,509,0
2026-08-14T15:30:55.503906,494,552,565,439,505,0
2026-08-14T15:30:55.503906,492,551,561,433,503,0
2026-08-14T15:30:55.511041,488,548,557,430,500,0
2026-08-14T15:30:55.511041,485,544,551,428,495,0
2026-08-14T15:30:55.511041,482,528,544,430,487,0
2026-08-14T15:30:55.515191,475,520,538,423,481,0
2026-08-14T15:30:55.515191,471,519,531,416,479,0
2026-08-14T15:30:55.516956,468,519,529,413,477,0
2026-08-14T15:30:55.516956,465,519,524,410,475,0
2026-08-14T15:30:55.519241,462,516,521,405,472,0
2026-08-14T15:30:55.520174,459,512,517,401,468,0
2026-08-14T15:30:55.520174,454,507,511,397,463,0
2026-08-14T15:30:55.522554,451,503,503,393,458,0
2026-08-14T15:30:55.522554,447,494,497,391,452,0
2026-08-14T15:30:55.524567,444,479,489,393,444,0
2026-08-14T15:30:55.525723,439,463,485,394,437,0
2026-08-14T15:30:55.527320,433,455,481,393,432,0
2026-08-14T15:30:55.527973,429,454,476,386,428,0
2026-08-14T15:30:55.528549,425,455,473,380,426,0
2026-08-14T15:30:55.531515,422,455,469,375,424,0
2026-08-14T15:30:55.531515,418,454,466,370,421,0
2026-08-14T15:30:55.533030,415,451,462,369,417,0
2026-08-14T15:30:55.534249,413,443,457,369,411,0
2026-08-14T15:30:55.534249,410,432,455,369,406,0
2026-08-14T15:30:55.534249,405,424,450,367,400,0
2026-08-14T15:30:55.537216,400,420,445,363,394,0
2026-08-14T15:30:55.539715,396,418,440,357,390,0
2026-08-14T15:30:55.539715,391,418,437,353,389,0
2026-08-14T15:30:55.539715,390,417,434,349,386,0
2026-08-14T15:30:55.543813,387,417,432,347,386,0
2026-08-14T15:30:55.544612,385,418,428,343,384,0
2026-08-14T15:30:55.544612,382,417,425,340,382,0
2026-08-14T15:30:55.546625,379,416,422,336,379,0
2026-08-14T15:30:55.546625,374,413,419,330,375,0
2026-08-14T15:30:55.548476,369,410,415,327,372,0
2026-08-14T15:30:55.548476,366,406,410,323,367,0
2026-08-14T15:30:55.551234,362,402,405,320,363,0
2026-08-14T15:30:55.551234,358,399,400,315,358,0
2026-08-14T15:30:55.553417,354,394,397,311,354,0
2026-08-14T15:30:55.554389,348,391,392,307,350,0
2026-08-14T15:30:55.554720,343,386,386,302,345,0
2026-08-14T15:30:55.554720,340,382,381,299,340,0
2026-08-14T15:30:55.554720,335,374,375,295,334,0
2026-08-14T15:30:55.558224,331,361,368,298,328,0
2026-08-14T15:30:55.558224,326,349,363,298,320,0
2026-08-14T15:30:55.558224,322,346,355,291,317,0
2026-08-14T15:30:55.558224,319,345,354,290,318,0
2026-08-14T15:30:55.558224,319,346,355,290,316,0
2026-08-14T15:30:55.558224,320,349,356,288,317,0
2026-08-14T15:30:55.558224,319,350,356,286,317,0
2026-08-14T15:30:55.568390,320,353,357,286,319,0
2026-08-14T15:30:55.568390,320,354,356,284,317,0
2026-08-14T15:30:55.570179,316,354,358,285,315,0
2026-08-14T15:30:55.571140,317,348,356,288,312,0
2026-08-14T15:30:55.571140,314,343,355,288,308,0
2026-08-14T15:30:55.571140,312,343,350,284,308,0
2026-08-14T15:30:55.571140,309,341,350,283,306,0
2026-08-14T15:30:55.574728,309,340,348,281,305,0
2026-08-14T15:30:55.574728,307,341,346,277,304,0
2026-08-14T15:30:55.574728,304,339,343,274,301,0
2026-08-14T15:30:55.574728,301,338,341,272,298,0
2026-08-14T15:30:55.574728,299,337,338,267,296,0
2026-08-14T15:30:55.574728,295,335,334,263,295,0
2026-08-14T15:30:55.582852,292,330,331,262,290,0
2026-08-14T15:30:55.583502,287,328,327,258,287,0
2026-08-14T15:30:55.583502,285,325,324,255,284,0
2026-08-14T15:30:55.586106,281,322,320,251,279,0
2026-08-14T15:30:55.587019,277,314,314,252,273,0
2026-08-14T15:30:55.587019,271,304,309,250,266,0
2026-08-14T15:30:55.587019,265,297,303,246,259,0
2026-08-14T15:30:55.590889,259,290,296,240,253,0
2026-08-14T15:30:55.591554,254,284,288,234,249,0
2026-08-14T15:30:55.591554,248,278,283,228,244,0
2026-08-14T15:30:55.591554,244,276,276,222,241,0
2026-08-14T15:30:55.596041,239,273,271,217,237,0
2026-08-14T15:30:55.596041,236,270,266,213,233,0
2026-08-14T15:30:55.596041,230,266,261,208,230,0
2026-08-14T15:30:55.599309,227,262,257,204,226,0
2026-08-14T15:30:55.599309,221,259,252,198,223,0
2026-08-14T15:30:55.599309,219,255,247,196,221,0
2026-08-14T15:30:55.603188,215,249,243,194,214,0
2026-08-14T15:30:55.603957,210,237,235,194,207,0
2026-08-14T15:30:55.603957,204,229,231,192,200,0
2026-08-14T15:30:55.603957,196,221,225,187,193,0
2026-08-14T15:30:55.607470,192,216,217,179,188,0
2026-08-14T15:30:55.607470,186,209,210,173,181,0
2026-08-14T15:30:55.611227,179,204,204,167,177,0
2026-08-14T15:30:55.611227,175,200,198,163,173,0
2026-08-14T15:30:55.611227,171,194,192,157,168,0
2026-08-14T15:30:55.611227,166,189,187,154,165,0
2026-08-14T15:30:55.611227,161,186,183,150,161,0
2026-08-14T15:30:55.617511,159,183,179,147,158,0
2026-08-14T15:30:55.617511,155,180,176,144,156,0
2026-08-14T15:30:55.617511,153,177,172,142,153,0
2026-08-14T15:30:55.619852,150,175,169,138,150,0
2026-08-14T15:30:55.621630,147,172,166,135,147,0
2026-08-14T15:30:55.621630,141,168,161,130,144,0
2026-08-14T15:30:55.621630,140,164,157,127,140,0
2026-08-14T15:30:55.624209,134,159,153,124,137,0
2026-08-14T15:30:55.624209,130,153,148,123,132,0
2026-08-14T15:30:55.624209,127,149,145,119,127,0
2026-08-14T15:30:55.627569,122,144,139,114,125,0
2026-08-14T15:30:55.627569,120,140,134,111,121,0
2026-08-14T15:30:55.627569,117,138,132,109,119,0
2026-08-14T15:30:55.627569,115,136,130,106,117,0
2026-08-14T15:30:55.632056,112,134,128,105,115,0
2026-08-14T15:30:55.632056,110,131,125,104,113,0
2026-08-14T15:30:55.632056,107,129,123,101,112,0
2026-08-14T15:30:55.635785,104,125,120,99,108,0
2026-08-14T15:30:55.637447,104,122,118,96,105,0
2026-08-14T15:30:55.638316,100,118,113,94,102,0
2026-08-14T15:30:55.638316,98,113,111,93,99,0
2026-08-14T15:30:55.640331,94,109,108,91,95,0
2026-08-14T15:30:55.640331,90,106,103,87,92,0
2026-08-14T15:30:55.640331,88,101,99,84,90,0
2026-08-14T15:30:55.646222,85,99,96,82,88,0
2026-08-14T15:30:55.646222,82,96,95,81,86,0
2026-08-14T15:30:55.646222,82,94,93,79,86,0
2026-08-14T15:30:55.647987,81,93,90,78,83,0
2026-08-14T15:30:55.650291,79,93,89,76,82,0
2026-08-14T15:30:55.650291,76,91,89,76,80,0
2026-08-14T15:30:55.650291,76,89,87,74,78,0
2026-08-14T15:30:55.654241,75,88,83,71,77,0
2026-08-14T15:30:55.654241,73,85,82,69,76,0
2026-08-14T15:30:55.654241,72,85,81,71,75,0
2026-08-14T15:30:55.656041,71,83,81,68,74,0
2026-08-14T15:30:55.656041,69,82,79,66,72,0
2026-08-14T15:30:55.656041,68,79,76,64,69,0
2026-08-14T15:30:55.656041,64,77,75,63,67,0
2026-08-14T15:30:55.656041,61,71,73,62,64,0
2026-08-14T15:30:55.656041,61,70,69,59,63,0
2026-08-14T15:30:55.664340,59,67,66,58,61,0
2026-08-14T15:30:55.664340,56,66,66,56,60,0
2026-08-14T15:30:55.664340,55,65,65,55,59,0
2026-08-14T15:30:55.664340,55,65,64,54,57,0
2026-08-14T15:30:55.664340,54,64,62,54,58,0
2026-08-14T15:30:55.670779,53,64,62,52,57,0
2026-08-14T15:30:55.670779,52,62,62,52,56,0
2026-08-14T15:30:55.670779,52,61,60,51,54,0
2026-08-14T15:30:55.673479,50,60,60,50,54,0
2026-08-14T15:30:55.673479,50,60,60,50,53,0
2026-08-14T15:30:55.673479,50,59,59,49,52,0
2026-08-14T15:30:55.673479,48,57,57,48,51,0
2026-08-14T15:30:55.673479,46,55,56,46,50,0
2026-08-14T15:30:55.673479,45,54,54,47,48,0
2026-08-14T15:30:55.673479,46,52,54,44,47,0
2026-08-14T15:30:55.680654,43,49,51,44,46,0
2026-08-14T15:30:55.680654,41,47,49,41,43,0
2026-08-14T15:30:55.680654,39,45,48,41,42,0
2026-08-14T15:30:55.684946,38,43,47,39,41,0
2026-08-14T15:30:55.687045,36,42,46,37,38,0
2026-08-14T15:30:55.687045,36,40,44,36,39,0
2026-08-14T15:30:55.687045,34,40,44,36,37,0
2026-08-14T15:30:55.688862,33,40,44,36,38,0
2026-08-14T15:30:55.688862,32,39,43,35,36,0
2026-08-14T15:30:55.688862,32,39,42,36,36,0
2026-08-14T15:30:55.688862,32,38,43,35,37,0
2026-08-14T15:30:55.688862,33,38,42,33,37,0
2026-08-14T15:30:55.688862,31,36,43,33,34,0
2026-08-14T15:30:55.697005,32,36,41,33,36,0
2026-08-14T15:30:55.699477,32,37,42,34,35,0
2026-08-14T15:30:55.699477,31,36,42,32,33,0
2026-08-14T15:30:55.699477,31,36,39,32,32,0
2026-08-14T15:30:55.699477,30,35,39,31,33,0
2026-08-14T15:30:55.703402,30,35,41,32,34,0
2026-08-14T15:30:55.703402,29,35,40,31,32,0
2026-08-14T15:30:55.703402,29,34,39,30,32,0
2026-08-14T15:30:55.706608,29,34,39,31,33,0
2026-08-14T15:30:55.706608,28,33,39,30,32,0
2026-08-14T15:30:55.706608,28,32,40,31,32,0
2026-08-14T15:30:55.706608,28,32,39,31,32,0
2026-08-14T15:30:55.706608,29,33,39,30,31,0
2026-08-14T15:30:55.706608,29,34,40,30,31,0
2026-08-14T15:30:55.713500,28,32,39,30,32,0
2026-08-14T15:30:55.713500,28,34,39,29,31,0
2026-08-14T15:30:55.713500,29,33,39,32,32,0
2026-08-14T15:30:55.713500,28,33,40,31,32,0
2026-08-14T15:30:55.719487,29,33,40,30,32,0
2026-08-14T15:30:55.720465,28,33,40,31,32,0
2026-08-14T15:30:55.720465,29,34,41,32,32,0
2026-08-14T15:30:55.722235,28,33,41,31,33,0
2026-08-14T15:30:55.722235,29,34,41,30,32,0
2026-08-14T15:30:55.722235,28,33,41,31,33,0
2026-08-14T15:30:55.722235,29,34,41,31,33,0
2026-08-14T15:30:55.728190,30,34,41,30,34,0
2026-08-14T15:30:55.728190,30,34,41,30,32,0
2026-08-14T15:30:55.728190,30,34,41,31,33,0
2026-08-14T15:30:55.730273,29,35,42,31,33,0
2026-08-14T15:30:55.732241,31,36,42,31,33,0
2026-08-14T15:30:55.732241,31,36,43,32,34,0
2026-08-14T15:30:55.732241,31,37,44,32,34,0
2026-08-14T15:30:55.736609,29,37,44,33,35,0
2026-08-14T15:30:55.737425,32,37,43,33,35,0
2026-08-14T15:30:55.737425,31,36,43,33,36,0
2026-08-14T15:30:55.738609,32,38,43,32,36,0
2026-08-14T15:30:55.740415,32,39,45,34,37,0
2026-08-14T15:30:55.740415,33,39,46,35,36,0
2026-08-14T15:30:55.742176,33,39,45,33,36,0
2026-08-14T15:30:55.743357,34,39,46,35,36,0
2026-08-14T15:30:55.743357,33,40,46,34,36,0
2026-08-14T15:30:55.743357,32,40,46,35,37,0
2026-08-14T15:30:55.746303,35,41,46,35,37,0
2026-08-14T15:30:55.746303,33,41,46,35,38,0
2026-08-14T15:30:55.746303,34,41,46,36,38,0
2026-08-14T15:30:55.746303,34,43,48,36,39,0
2026-08-14T15:30:55.752795,35,42,47,37,39,0
2026-08-14T15:30:55.753610,36,44,49,38,40,0
2026-08-14T15:30:55.753610,38,45,49,38,42,0
2026-08-14T15:30:55.755722,39,45,52,40,43,0
2026-08-14T15:30:55.755722,40,48,53,41,43,0
2026-08-14T15:30:55.758497,41,50,53,42,45,0
2026-08-14T15:30:55.758497,41,49,54,43,46,0
2026-08-14T15:30:55.760511,43,52,56,43,46,0
2026-08-14T15:30:55.760511,42,52,56,44,47,0
2026-08-14T15:30:55.760511,44,52,56,44,48,0
2026-08-14T15:30:55.764998,45,54,57,46,50,0
2026-08-14T15:30:55.764998,46,54,59,47,50,0
2026-08-14T15:30:55.764998,47,57,59,47,50,0
2026-08-14T15:30:55.766763,48,58,59,48,51,0
2026-08-14T15:30:55.769542,50,58,60,50,52,0
2026-08-14T15:30:55.770937,49,59,62,50,54,0
2026-08-14T15:30:55.770937,52,62,64,51,54,0
2026-08-14T15:30:55.773178,52,63,64,52,56,0
2026-08-14T15:30:55.773178,54,65,66,53,57,0
2026-08-14T15:30:55.773178,55,66,69,56,59,0
2026-08-14T15:30:55.773178,57,69,72,60,61,0
2026-08-14T15:30:55.773178,62,73,76,64,65,0
2026-08-14T15:30:55.778680,64,74,78,66,66,0
2026-08-14T15:30:55.778680,66,77,82,69,70,0
2026-08-14T15:30:55.778680,69,81,83,70,72,0
2026-08-14T15:30:55.778680,69,81,84,71,72,0
2026-08-14T15:30:55.778680,71,84,85,72,72,0
2026-08-14T15:30:55.778680,72,84,86,73,73,0
2026-08-14T15:30:55.778680,73,85,87,73,74,0
2026-08-14T15:30:55.786901,74,84,87,75,76,0
2026-08-14T15:30:55.787804,75,87,86,74,75,0
2026-08-14T15:30:55.789031,75,86,88,75,77,0
2026-08-14T15:30:55.789031,75,87,89,77,78,0
2026-08-14T15:30:55.789031,77,88,88,76,78,0
2026-08-14T15:30:55.789031,77,90,88,76,78,0
2026-08-14T15:30:55.789031,76,89,89,76,79,0
2026-08-14T15:30:55.794926,77,89,90,77,79,0
2026-08-14T15:30:55.795596,75,91,89,76,78,0
2026-08-14T15:30:55.796606,75,90,88,75,78,0
2026-08-14T15:30:55.798179,77,92,89,75,78,0
2026-08-14T15:30:55.798179,77,91,89,76,79,0
2026-08-14T15:30:55.801367,77,92,89,76,78,0
2026-08-14T15:30:55.802436,77,93,90,76,79,0
2026-08-14T15:30:55.803769,78,95,91,77,80,0
2026-08-14T15:30:55.804374,79,94,92,78,81,0
2026-08-14T15:30:55.806262,81,95,92,80,82,0
2026-08-14T15:30:55.806262,82,96,94,82,83,0
2026-08-14T15:30:55.806262,82,95,97,85,85,0
2026-08-14T15:30:55.810028,84,98,99,87,87,0
2026-08-14T15:30:55.810028,86,101,100,87,88,0
2026-08-14T15:30:55.810028,88,103,103,90,91,0
2026-08-14T15:30:55.810028,92,107,106,92,93,0
2026-08-14T15:30:55.810028,91,109,106,91,94,0
2026-08-14T15:30:55.810028,93,111,107,92,96,0
2026-08-14T15:30:55.810028,94,111,106,93,95,0
2026-08-14T15:30:55.818051,94,113,108,94,95,0
2026-08-14T15:30:55.818051,95,112,108,94,97,0
2026-08-14T15:30:55.820375,95,114,109,95,97,0
2026-08-14T15:30:55.821205,98,116,109,96,99,0
2026-08-14T15:30:55.821205,99,118,110,97,100,0
2026-08-14T15:30:55.824084,100,119,113,98,101,0
2026-08-14T15:30:55.824084,102,122,113,99,103,0
2026-08-14T15:30:55.826409,104,124,115,101,105,0
2026-08-14T15:30:55.826409,106,127,117,103,106,0
2026-08-14T15:30:55.826409,107,130,119,105,109,0
2026-08-14T15:30:55.830514,110,131,121,107,109,0
2026-08-14T15:30:55.830514,110,132,122,109,111,0
2026-08-14T15:30:55.830514,112,136,124,111,114,0
2026-08-14T15:30:55.830514,115,138,126,112,115,0
2026-08-14T15:30:55.834251,117,141,128,114,115,0
2026-08-14T15:30:55.834251,118,143,130,116,118,0
2026-08-14T15:30:55.836104,122,143,132,120,121,0
2026-08-14T15:30:55.838710,123,144,136,123,122,0
2026-08-14T15:30:55.839354,125,147,137,125,124,0
2026-08-14T15:30:55.839973,128,150,137,125,127,0
2026-08-14T15:30:55.842816,130,152,139,127,127,0
2026-08-14T15:30:55.842816,130,154,140,127,129,0
2026-08-14T15:30:55.842816,131,155,141,128,128,0
2026-08-14T15:30:55.844578,132,158,142,130,130,0
2026-08-14T15:30:55.846107,133,161,145,132,132,0
2026-08-14T15:30:55.846107,137,162,147,134,135,0
2026-08-14T15:30:55.846107,137,166,150,136,138,0
2026-08-14T15:30:55.851150,142,169,152,139,140,0
2026-08-14T15:30:55.851150,145,174,157,142,142,0
2026-08-14T15:30:55.853161,148,175,160,147,145,0
2026-08-14T15:30:55.853161,151,180,165,150,151,0
2026-08-14T15:30:55.853161,155,184,168,154,152,0
2026-08-14T15:30:55.853161,159,189,170,155,155,0
2026-08-14T15:30:55.853161,162,192,173,158,157,0
2026-08-14T15:30:55.859281,162,196,175,160,159,0
2026-08-14T15:30:55.859281,165,197,176,160,160,0
2026-08-14T15:30:55.859281,166,200,178,162,163,0
2026-08-14T15:30:55.861295,167,203,180,163,164,0
2026-08-14T15:30:55.863308,170,207,181,165,166,0
2026-08-14T15:30:55.863885,173,210,183,167,170,0
2026-08-14T15:30:55.863885,175,213,186,169,172,0
2026-08-14T15:30:55.867394,176,216,190,172,174,0
2026-08-14T15:30:55.867394,180,221,193,176,177,0
2026-08-14T15:30:55.867394,184,225,196,180,182,0
2026-08-14T15:30:55.869557,189,230,203,184,186,0
2026-08-14T15:30:55.871583,193,236,208,189,190,0
2026-08-14T15:30:55.872269,200,237,212,197,193,0
2026-08-14T15:30:55.872269,204,243,219,203,199,0
2026-08-14T15:30:55.875364,208,247,227,210,201,0
2026-08-14T15:30:55.875364,213,249,236,218,205,0
2026-08-14T15:30:55.875364,219,257,240,222,211,0
2026-08-14T15:30:55.877409,224,263,243,226,217,0
2026-08-14T15:30:55.877409,229,270,247,232,223,0
2026-08-14T15:30:55.877409,235,276,251,236,228,0
2026-08-14T15:30:55.881556,240,281,255,240,233,0
2026-08-14T15:30:55.883584,246,286,258,243,237,0
2026-08-14T15:30:55.884376,250,291,261,247,243,0
2026-08-14T15:30:55.884376,253,297,264,252,248,0
2026-08-14T15:30:55.887328,259,302,267,255,252,0
2026-08-14T15:30:55.887328,264,309,273,261,258,0
2026-08-14T15:30:55.887328,270,318,280,267,264,0
2026-08-14T15:30:55.887328,278,327,285,273,272,0
2026-08-14T15:30:55.891939,283,337,292,278,279,0
2026-08-14T15:30:55.891939,289,347,297,282,285,0
2026-08-14T15:30:55.891939,295,353,300,283,290,0
2026-08-14T15:30:55.894661,296,358,304,285,293,0
2026-08-14T15:30:55.894661,300,364,308,288,297,0
2026-08-14T15:30:55.894661,305,370,311,291,300,0
2026-08-14T15:30:55.897851,308,374,315,292,302,0
2026-08-14T15:30:55.899869,309,377,320,297,305,0
2026-08-14T15:30:55.899869,314,380,325,303,308,0
2026-08-14T15:30:55.899869,318,379,330,310,312,0
2026-08-14T15:30:55.904568,321,379,335,315,314,0
2026-08-14T15:30:55.904568,324,380,343,320,315,0
2026-08-14T15:30:55.904568,324,384,348,326,318,0
2026-08-14T15:30:55.907978,328,388,351,327,321,0
2026-08-14T15:30:55.907978,330,390,349,327,324,0
2026-08-14T15:30:55.907978,330,392,349,325,325,0
2026-08-14T15:30:55.907978,330,395,347,325,328,0
2026-08-14T15:30:55.910149,332,398,347,324,328,0
2026-08-14T15:30:55.910149,333,399,347,324,330,0
2026-08-14T15:30:55.910149,334,403,346,322,333,0
2026-08-14T15:30:55.916303,336,404,343,323,335,0
2026-08-14T15:30:55.916303,336,408,345,322,336,0
2026-08-14T15:30:55.916303,337,411,346,323,338,0
2026-08-14T15:30:55.916303,340,413,346,322,340,0
2026-08-14T15:30:55.920794,340,415,348,322,341,0
2026-08-14T15:30:55.920794,341,419,349,325,344,0
2026-08-14T15:30:55.920794,345,422,353,327,348,0
2026-08-14T15:30:55.924466,347,426,357,331,351,0
2026-08-14T15:30:55.924466,351,425,361,337,354,0
2026-08-14T15:30:55.924466,355,431,368,343,360,0
2026-08-14T15:30:55.926479,360,432,374,351,365,0
2026-08-14T15:30:55.926479,367,430,376,360,370,0
2026-08-14T15:30:55.926479,371,434,385,364,373,0
2026-08-14T15:30:55.926479,374,434,384,367,376,0
2026-08-14T15:30:55.932614,375,436,384,366,378,0
2026-08-14T15:30:55.932614,376,439,381,366,380,0
2026-08-14T15:30:55.932614,377,443,382,365,381,0
2026-08-14T15:30:55.932614,378,445,382,365,383,0
2026-08-14T15:30:55.936906,379,448,383,365,385,0
2026-08-14T15:30:55.936906,380,451,383,364,387,0
2026-08-14T15:30:55.936906,382,455,385,365,389,0
2026-08-14T15:30:55.941143,384,457,386,366,390,0
2026-08-14T15:30:55.941143,386,460,390,367,393,0
2026-08-14T15:30:55.941143,388,465,395,370,397,0
2026-08-14T15:30:55.945212,391,470,401,373,400,0
2026-08-14T15:30:55.945212,396,476,405,377,405,0
2026-08-14T15:30:55.946974,400,483,411,382,409,0
2026-08-14T15:30:55.946974,404,488,417,386,415,0
2026-08-14T15:30:55.948990,410,494,423,394,421,0
2026-08-14T15:30:55.948990,417,495,430,403,427,0
2026-08-14T15:30:55.951006,424,498,438,413,433,0
2026-08-14T15:30:55.952752,429,504,445,417,440,0
2026-08-14T15:30:55.953517,434,513,448,419,445,0
2026-08-14T15:30:55.953517,437,520,453,422,451,0
2026-08-14T15:30:55.953517,444,527,456,424,454,0
2026-08-14T15:30:55.957345,446,530,459,427,457,0
2026-08-14T15:30:55.957345,448,534,464,429,460,0
2026-08-14T15:30:55.957345,450,538,469,431,462,0
2026-08-14T15:30:55.957345,450,543,474,433,466,0
2026-08-14T15:30:55.957345,452,547,477,434,468,0
2026-08-14T15:30:55.957345,454,552,480,436,471,0
2026-08-14T15:30:55.957345,458,555,485,439,475,0
2026-08-14T15:30:55.965872,462,560,489,442,479,0
2026-08-14T15:30:55.966746,466,566,493,445,484,0
2026-08-14T15:30:55.966746,469,571,497,451,488,0
2026-08-14T15:30:55.969734,474,571,502,458,492,0
2026-08-14T15:30:55.970351,480,567,504,468,496,0
2026-08-14T15:30:55.970351,486,570,515,479,501,0
2026-08-14T15:30:55.970351,491,569,526,489,505,0
2026-08-14T15:30:55.970351,496,569,536,499,508,0
2026-08-14T15:30:55.974329,504,566,545,510,512,0
2026-08-14T15:30:55.974329,510,571,555,520,517,0
2026-08-14T15:30:55.977989,519,571,560,531,523,0
2026-08-14T15:30:55.977989,525,579,567,536,531,0
2026-08-14T15:30:55.979749,531,584,567,538,539,0
2026-08-14T15:30:55.981281,534,594,569,539,546,0
2026-08-14T15:30:55.982805,538,600,566,539,551,0
2026-08-14T15:30:55.982805,541,606,565,539,556,0
2026-08-14T15:30:55.982805,545,612,568,540,558,0
2026-08-14T15:30:55.982805,548,619,570,541,563,0
2026-08-14T15:30:55.987179,553,625,572,542,566,0
2026-08-14T15:30:55.987179,553,629,577,545,569,0
2026-08-14T15:30:55.988509,554,634,582,546,571,0
2026-08-14T15:30:55.991076,556,636,586,549,572,0
2026-08-14T15:30:55.991076,559,639,590,554,576,0
2026-08-14T15:30:55.991076,562,641,595,559,580,0
2026-08-14T15:30:55.993092,564,645,600,562,583,0
2026-08-14T15:30:55.993092,568,649,603,564,587,0
2026-08-14T15:30:55.993092,570,654,606,566,589,0
2026-08-14T15:30:55.996210,573,658,607,569,591,0
2026-08-14T15:30:55.999162,575,660,612,569,594,0
2026-08-14T15:30:55.999162,576,668,614,570,597,0
2026-08-14T15:30:55.999162,579,669,616,573,599,0
2026-08-14T15:30:55.999162,581,671,622,576,601,0
2026-08-14T15:30:56.003249,582,674,627,578,606,0
2026-08-14T15:30:56.004117,583,679,629,580,607,0
2026-08-14T15:30:56.006639,586,684,631,581,609,0
2026-08-14T15:30:56.006639,586,688,634,582,612,0
2026-08-14T15:30:56.007650,589,691,636,582,614,0
2026-08-14T15:30:56.010189,589,694,638,582,616,0
2026-08-14T15:30:56.010189,589,697,642,586,618,0
2026-08-14T15:30:56.010189,590,701,646,586,622,0
2026-08-14T15:30:56.010189,592,705,650,588,623,0
2026-08-14T15:30:56.010189,595,710,652,588,626,0
2026-08-14T15:30:56.015686,596,713,654,590,628,0
2026-08-14T15:30:56.015686,596,718,657,590,630,0
2026-08-14T15:30:56.017701,598,723,660,592,633,0
2026-08-14T15:30:56.017701,599,725,663,593,635,0
2026-08-14T15:30:56.020186,599,728,668,597,637,0
2026-08-14T15:30:56.021089,602,730,672,600,640,0
2026-08-14T15:30:56.021089,605,734,675,602,642,0
2026-08-14T15:30:56.021089,608,736,678,606,646,0
2026-08-14T15:30:56.024191,610,737,680,611,649,0
2026-08-14T15:30:56.024191,615,735,679,617,652,0
2026-08-14T15:30:56.024191,620,729,684,626,654,0
2026-08-14T15:30:56.024191,626,723,686,635,658,0
2026-08-14T15:30:56.029316,629,733,691,636,663,0
2026-08-14T15:30:56.030815,633,739,694,640,667,0
2026-08-14T15:30:56.030815,635,742,702,645,670,0
2026-08-14T15:30:56.032567,640,743,707,652,674,0
2026-08-14T15:30:56.032567,642,743,712,658,677,0
2026-08-14T15:30:56.036151,644,746,718,663,681,0
2026-08-14T15:30:56.037021,648,752,722,666,685,0
2026-08-14T15:30:56.037772,648,758,726,667,688,0
2026-08-14T15:30:56.039550,651,764,732,669,692,0
2026-08-14T15:30:56.040090,653,770,735,672,696,0
2026-08-14T15:30:56.040588,657,775,739,674,698,0
2026-08-14T15:30:56.043514,659,782,745,677,702,0
2026-08-14T15:30:56.043514,661,786,748,678,705,0
2026-08-14T15:30:56.043514,660,793,750,677,707,0
2026-08-14T15:30:56.046612,660,798,753,677,708,0
2026-08-14T15:30:56.048376,660,802,755,677,709,0
2026-08-14T15:30:56.048376,661,807,757,676,713,0
2026-08-14T15:30:56.050391,660,808,760,678,712,0
2026-08-14T15:30:56.050391,659,812,760,678,714,0
2026-08-14T15:30:56.052398,659,815,760,678,714,0
2026-08-14T15:30:56.053109,659,817,761,677,716,0
2026-08-14T15:30:56.053792,660,818,762,678,717,0
2026-08-14T15:30:56.053792,660,818,764,680,718,0
2026-08-14T15:30:56.056698,659,820,768,684,718,0
2026-08-14T15:30:56.056698,659,819,770,686,719,0
2026-08-14T15:30:56.056698,660,820,773,689,720,0
2026-08-14T15:30:56.056698,662,819,775,692,722,0
2026-08-14T15:30:56.056698,663,818,777,695,724,0
2026-08-14T15:30:56.063740,664,820,780,698,726,0
2026-08-14T15:30:56.064747,664,825,781,699,729,0
2026-08-14T15:30:56.064747,667,826,782,699,731,0
2026-08-14T15:30:56.064747,669,829,780,699,734,0
2026-08-14T15:30:56.066753,671,833,781,699,735,0
2026-08-14T15:30:56.068758,669,838,782,698,736,0
2026-08-14T15:30:56.069678,670,844,785,697,738,0
2026-08-14T15:30:56.072193,668,850,786,695,740,0
2026-08-14T15:30:56.072193,668,856,789,695,742,0
2026-08-14T15:30:56.073212,665,858,792,696,743,0
2026-08-14T15:30:56.076287,668,857,791,701,744,0
2026-08-14T15:30:56.076287,673,851,790,707,746,0
2026-08-14T15:30:56.076287,675,850,794,711,747,0
2026-08-14T15:30:56.076287,676,848,797,715,749,0
2026-08-14T15:30:56.080446,678,844,796,718,750,0
2026-08-14T15:30:56.080446,683,840,796,723,750,0
2026-08-14T15:30:56.081456,682,843,803,725,752,0
2026-08-14T15:30:56.081456,683,845,804,727,753,0
2026-08-14T15:30:56.081456,684,848,807,727,754,0
2026-08-14T15:30:56.086539,684,850,809,729,754,0
2026-08-14T15:30:56.087493,684,850,813,733,756,0
2026-08-14T15:30:56.087493,684,851,816,735,756,0
2026-08-14T15:30:56.087493,685,849,817,739,757,0
2026-08-14T15:30:56.089615,687,847,820,741,758,0
2026-08-14T15:30:56.089615,688,847,819,742,758,0
2026-08-14T15:30:56.089615,688,849,818,743,761,0
2026-08-14T15:30:56.089615,688,852,820,741,762,0
2026-08-14T15:30:56.094520,687,857,821,740,763,0
2026-08-14T15:30:56.094520,687,860,822,740,764,0
2026-08-14T15:30:56.094520,686,862,824,740,765,0
2026-08-14T15:30:56.097708,686,866,826,741,764,0
2026-08-14T15:30:56.100879,686,869,827,741,766,0
2026-08-14T15:30:56.100879,686,871,829,741,767,0
2026-08-14T15:30:56.102643,686,872,829,743,768,0
2026-08-14T15:30:56.103549,686,873,830,743,769,0
2026-08-14T15:30:56.104954,687,870,830,747,770,0
2026-08-14T15:30:56.104954,691,862,827,751,770,0
2026-08-14T15:30:56.105963,692,859,831,754,770,0
2026-08-14T15:30:56.107536,693,858,831,756,770,0
2026-08-14T15:30:56.107536,693,862,831,753,771,0
2026-08-14T15:30:56.107536,692,865,831,751,772,0
2026-08-14T15:30:56.107536,693,868,831,751,773,0
2026-08-14T15:30:56.107536,692,871,832,750,774,0
2026-08-14T15:30:56.114218,692,873,833,750,775,0
2026-08-14T15:30:56.114218,692,875,833,750,774,0
2026-08-14T15:30:56.114218,692,879,834,749,775,0
2026-08-14T15:30:56.114218,691,880,834,749,777,0
2026-08-14T15:30:56.114218,691,880,836,750,778,0
2026-08-14T15:30:56.120923,691,881,834,751,778,0
2026-08-14T15:30:56.120923,692,882,836,750,779,0
2026-08-14T15:30:56.122670,693,881,836,748,779,0
2026-08-14T15:30:56.122670,694,881,835,750,778,0
2026-08-14T15:30:56.122670,693,880,836,751,778,0
2026-08-14T15:30:56.122670,694,878,835,752,778,0
2026-08-14T15:30:56.122670,694,875,836,753,777,0
2026-08-14T15:30:56.122670,696,874,836,755,776,0
2026-08-14T15:30:56.122670,695,871,835,756,777,0
2026-08-14T15:30:56.130757,696,868,835,757,775,0
2026-08-14T15:30:56.130757,696,862,835,760,774,0
2026-08-14T15:30:56.133617,697,860,836,760,772,0
2026-08-14T15:30:56.133617,697,856,836,763,772,0
2026-08-14T15:30:56.135409,696,854,838,763,771,0
2026-08-14T15:30:56.137706,697,851,839,764,771,0
2026-08-14T15:30:56.137706,698,853,837,763,770,0
2026-08-14T15:30:56.137706,699,851,834,762,771,0
2026-08-14T15:30:56.139215,700,852,832,761,771,0
2026-08-14T15:30:56.139215,701,854,830,759,772,0
2026-08-14T15:30:56.139215,702,857,830,758,774,0
2026-08-14T15:30:56.139215,702,858,827,756,774,0
2026-08-14T15:30:56.139215,702,860,827,756,775,0
2026-08-14T15:30:56.139215,703,860,826,755,776,0
2026-08-14T15:30:56.139215,702,863,824,753,775,0
2026-08-14T15:30:56.147344,704,861,822,754,776,0
2026-08-14T15:30:56.147344,704,860,822,753,776,0
2026-08-14T15:30:56.147344,705,857,822,756,776,0
2026-08-14T15:30:56.151785,707,856,820,756,775,0
2026-08-14T15:30:56.154105,707,853,819,757,774,0
2026-08-14T15:30:56.154105,708,850,819,757,773,0
2026-08-14T15:30:56.155630,709,848,819,758,772,0
2026-08-14T15:30:56.156677,708,843,819,759,772,0
2026-08-14T15:30:56.156677,710,841,818,760,770,0
2026-08-14T15:30:56.156677,711,837,816,762,770,0
2026-08-14T15:30:56.156677,710,832,816,763,770,0
2026-08-14T15:30:56.162301,711,828,814,765,769,0
2026-08-14T15:30:56.162301,713,823,812,766,767,0
2026-08-14T15:30:56.162301,713,817,809,766,766,0
2026-08-14T15:30:56.166390,715,817,811,767,763,0
2026-08-14T15:30:56.166390,715,813,812,767,762,0
2026-08-14T15:30:56.166390,714,812,812,769,759,0
2026-08-14T15:30:56.166390,713,810,813,769,756,0
2026-08-14T15:30:56.170491,714,807,812,769,755,0
2026-08-14T15:30:56.170491,714,804,813,770,752,0
2026-08-14T15:30:56.170491,712,800,814,771,749,0
2026-08-14T15:30:56.172259,713,796,815,771,745,0
2026-08-14T15:30:56.172259,711,794,817,771,744,0
2026-08-14T15:30:56.172259,712,789,816,772,739,0
2026-08-14T15:30:56.176348,711,786,817,772,737,0
2026-08-14T15:30:56.176348,710,784,817,773,737,0
2026-08-14T15:30:56.176348,712,782,817,772,734,0
2026-08-14T15:30:56.180560,712,779,816,772,732,0
2026-08-14T15:30:56.180560,712,776,816,772,730,0
2026-08-14T15:30:56.180560,711,774,815,771,729,0
2026-08-14T15:30:56.180560,711,775,815,772,729,0
2026-08-14T15:30:56.186452,710,775,815,771,729,0
2026-08-14T15:30:56.187653,711,772,815,771,729,0
2026-08-14T15:30:56.188682,709,771,815,772,729,0
2026-08-14T15:30:56.188682,709,770,816,772,728,0
2026-08-14T15:30:56.190966,710,770,815,770,728,0
2026-08-14T15:30:56.190966,711,767,813,770,728,0
2026-08-14T15:30:56.190966,710,768,812,770,730,0
2026-08-14T15:30:56.193893,711,767,813,771,730,0
2026-08-14T15:30:56.193893,711,767,812,770,729,0
2026-08-14T15:30:56.193893,712,768,811,770,731,0
2026-08-14T15:30:56.196719,711,768,812,770,732,0
2026-08-14T15:30:56.197354,709,767,812,771,734,0
2026-08-14T15:30:56.197354,710,767,812,771,734,0
2026-08-14T15:30:56.197354,711,769,812,770,736,0
2026-08-14T15:30:56.202858,711,769,811,771,737,0
2026-08-14T15:30:56.203526,710,768,811,770,739,0
2026-08-14T15:30:56.204749,710,769,810,770,739,0
2026-08-14T15:30:56.204749,711,772,810,770,741,0
2026-08-14T15:30:56.204749,711,771,810,771,741,0
2026-08-14T15:30:56.204749,712,771,812,770,743,0
2026-08-14T15:30:56.209099,711,773,811,771,744,0
2026-08-14T15:30:56.209099,711,774,812,771,745,0
2026-08-14T15:30:56.209099,711,777,812,771,748,0
2026-08-14T15:30:56.212987,712,780,813,771,748,0
2026-08-14T15:30:56.215538,711,782,813,771,749,0
2026-08-14T15:30:56.215538,711,783,814,771,749,0
2026-08-14T15:30:56.215538,710,784,813,771,751,0
2026-08-14T15:30:56.215538,711,783,815,770,751,0
2026-08-14T15:30:56.219435,710,784,813,772,752,0
2026-08-14T15:30:56.220132,710,784,814,772,750,0
2026-08-14T15:30:56.221269,711,786,815,772,752,0
2026-08-14T15:30:56.223741,711,784,814,770,752,0
2026-08-14T15:30:56.223741,711,783,814,770,750,0
2026-08-14T15:30:56.225503,711,783,814,772,751,0
2026-08-14T15:30:56.225503,710,781,815,771,750,0
2026-08-14T15:30:56.227417,711,779,815,770,748,0
2026-08-14T15:30:56.227417,711,776,814,771,748,0
2026-08-14T15:30:56.227417,711,775,814,771,747,0
2026-08-14T15:30:56.229453,711,775,813,771,749,0
2026-08-14T15:30:56.229453,710,774,813,770,749,0
2026-08-14T15:30:56.229453,712,774,811,770,749,0
2026-08-14T15:30:56.229453,710,775,811,770,749,0
2026-08-14T15:30:56.229453,712,775,812,770,748,0
2026-08-14T15:30:56.237267,711,774,811,769,747,0
2026-08-14T15:30:56.237267,711,774,813,770,747,0
2026-08-14T15:30:56.238460,711,773,812,770,746,0
2026-08-14T15:30:56.238460,710,773,811,771,747,0
2026-08-14T15:30:56.238460,712,774,812,771,746,0
2026-08-14T15:30:56.238460,711,773,812,771,747,0
2026-08-14T15:30:56.238460,711,774,812,771,748,0
2026-08-14T15:30:56.245528,711,774,811,770,749,0
2026-08-14T15:30:56.245528,710,774,812,771,747,0
2026-08-14T15:30:56.248304,711,774,811,770,748,0
2026-08-14T15:30:56.248304,711,775,811,770,749,0
2026-08-14T15:30:56.248304,712,774,811,770,748,0
2026-08-14T15:30:56.248304,712,775,811,770,750,0
2026-08-14T15:30:56.248304,711,775,811,771,748,0
2026-08-14T15:30:56.254705,713,776,810,772,748,0
2026-08-14T15:30:56.254705,711,776,811,770,749,0
2026-08-14T15:30:56.254705,711,775,812,771,748,0
2026-08-14T15:30:56.254705,711,774,812,771,748,0
2026-08-14T15:30:56.254705,712,774,811,770,748,0
2026-08-14T15:30:56.254705,710,773,812,771,748,0
2026-08-14T15:30:56.254705,711,773,812,771,749,0
2026-08-14T15:30:56.262097,711,774,812,771,748,0
2026-08-14T15:30:56.262097,711,775,811,770,747,0
2026-08-14T15:30:56.262097,713,773,810,770,748,0
2026-08-14T15:30:56.262097,712,775,812,770,748,0
2026-08-14T15:30:56.262097,710,774,812,771,748,0
2026-08-14T15:30:56.262097,711,775,812,770,746,0
2026-08-14T15:30:56.262097,711,774,812,770,748,0
2026-08-14T15:30:56.270040,711,775,811,771,749,0
2026-08-14T15:30:56.271208,710,774,811,771,749,0
2026-08-14T15:30:56.273133,711,775,811,770,748,0
2026-08-14T15:30:56.273133,711,775,812,771,748,0
2026-08-14T15:30:56.273133,711,775,812,770,750,0
2026-08-14T15:30:56.275148,712,774,811,771,749,0
2026-08-14T15:30:56.277160,711,774,811,770,748,0
2026-08-14T15:30:56.278184,712,776,811,771,749,0
2026-08-14T15:30:56.278184,712,775,812,770,748,0
2026-08-14T15:30:56.278184,712,774,812,771,747,0
2026-08-14T15:30:56.278184,712,775,811,770,748,0
2026-08-14T15:30:56.278184,711,775,812,770,748,0
2026-08-14T15:30:56.278184,712,775,811,770,747,0
2026-08-14T15:30:56.286160,711,774,812,771,748,0
2026-08-14T15:30:56.287364,710,775,811,772,748,0
2026-08-14T15:30:56.288635,710,775,811,771,748,0
2026-08-14T15:30:56.289524,711,775,812,770,749,0
2026-08-14T15:30:56.289524,712,775,812,770,748,0
2026-08-14T15:30:56.291539,711,774,812,770,748,0
2026-08-14T15:30:56.291539,712,775,811,771,748,0
2026-08-14T15:30:56.294564,711,775,812,771,749,0
2026-08-14T15:30:56.294564,711,775,812,770,748,0
2026-08-14T15:30:56.297154,711,776,811,770,748,0
2026-08-14T15:30:56.297154,711,774,811,771,748,0
2026-08-14T15:30:56.297154,710,775,811,771,748,0
2026-08-14T15:30:56.297154,711,774,812,771,749,0
2026-08-14T15:30:56.301685,711,773,812,771,747,0
2026-08-14T15:30:56.301685,710,774,811,770,749,0
2026-08-14T15:30:56.303496,711,773,812,770,748,0
2026-08-14T15:30:56.305011,711,775,812,771,747,0
2026-08-14T15:30:56.306085,713,775,811,770,748,0
2026-08-14T15:30:56.306085,711,775,810,771,748,0
2026-08-14T15:30:56.309032,711,775,811,770,749,0
2026-08-14T15:30:56.309032,711,775,812,771,748,0
2026-08-14T15:30:56.310794,711,775,811,771,749,0
2026-08-14T15:30:56.310794,712,774,812,770,749,0
2026-08-14T15:30:56.311894,711,774,812,771,749,0
2026-08-14T15:30:56.311894,711,774,812,770,748,0
2026-08-14T15:30:56.311894,710,775,812,771,747,0
2026-08-14T15:30:56.311894,711,774,811,770,750,0
2026-08-14T15:30:56.311894,711,774,811,770,748,0
2026-08-14T15:30:56.319439,711,774,812,769,748,0
2026-08-14T15:30:56.320406,711,776,811,770,748,0
2026-08-14T15:30:56.320406,712,775,811,770,747,0
2026-08-14T15:30:56.320406,711,775,811,770,748,0
2026-08-14T15:30:56.320406,711,775,812,771,748,0
2026-08-14T15:30:56.320406,711,775,813,771,747,0
2026-08-14T15:30:56.320406,712,774,812,771,748,0
2026-08-14T15:30:56.327115,712,774,813,771,750,0
2026-08-14T15:30:56.327115,712,775,811,771,748,0
2026-08-14T15:30:56.329539,712,775,812,772,748,0
2026-08-14T15:30:56.329539,711,775,811,771,749,0
2026-08-14T15:30:56.329539,712,775,811,770,749,0
2026-08-14T15:30:56.334338,713,775,811,771,748,0
2026-08-14T15:30:56.334338,711,774,813,772,747,0
2026-08-14T15:30:56.336143,712,776,813,771,748,0
2026-08-14T15:30:56.337418,712,776,813,771,748,0
2026-08-14T15:30:56.337418,711,775,812,771,748,0
2026-08-14T15:30:56.337418,710,776,811,771,747,0
2026-08-14T15:30:56.337418,710,776,811,771,747,0
2026-08-14T15:30:56.342515,712,775,812,771,748,0
2026-08-14T15:30:56.342515,710,775,812,771,748,0
2026-08-14T15:30:56.343535,711,775,812,771,749,0
2026-08-14T15:30:56.345413,711,775,811,771,749,0
2026-08-14T15:30:56.345413,712,775,812,771,748,0
2026-08-14T15:30:56.345413,712,775,812,771,748,0
2026-08-14T15:30:56.345413,711,774,812,770,748,0
2026-08-14T15:30:56.345413,712,776,812,771,748,0
2026-08-14T15:30:56.351616,711,775,813,771,748,0
2026-08-14T15:30:56.351616,711,776,813,771,748,0
2026-08-14T15:30:56.353681,712,776,812,771,748,0
2026-08-14T15:30:56.353681,711,775,812,771,748,0
2026-08-14T15:30:56.353681,711,774,813,772,749,0
2026-08-14T15:30:56.353681,711,776,812,772,749,0
2026-08-14T15:30:56.353681,712,776,812,772,749,0
2026-08-14T15:30:56.353681,711,774,812,771,750,0
2026-08-14T15:30:56.359803,711,774,812,772,749,0
2026-08-14T15:30:56.359803,712,776,813,771,748,0
2026-08-14T15:30:56.359803,712,776,812,771,747,0
2026-08-14T15:30:56.359803,711,776,812,771,748,0
2026-08-14T15:30:56.359803,711,776,813,772,749,0
2026-08-14T15:30:56.359803,710,775,812,771,748,0
2026-08-14T15:30:56.367854,712,775,811,771,749,0
2026-08-14T15:30:56.367854,711,775,812,771,747,0
2026-08-14T15:30:56.370851,711,775,812,772,749,0
2026-08-14T15:30:56.370851,711,774,813,772,749,0
2026-08-14T15:30:56.370851,710,775,813,772,748,0
2026-08-14T15:30:56.375288,712,775,811,771,749,0
2026-08-14T15:30:56.375288,713,774,813,771,748,0
2026-08-14T15:30:56.376304,711,775,811,771,749,0
2026-08-14T15:30:56.376304,712,776,812,770,748,0
2026-08-14T15:30:56.379389,712,776,811,770,749,0
2026-08-14T15:30:56.379389,711,775,812,771,749,0
2026-08-14T15:30:56.379389,712,776,812,771,748,0
2026-08-14T15:30:56.379389,711,775,813,771,748,0
2026-08-14T15:30:56.379389,712,776,813,771,748,0
2026-08-14T15:30:56.384723,711,775,811,772,749,0
2026-08-14T15:30:56.384723,712,774,812,772,749,0
2026-08-14T15:30:56.387416,712,774,812,772,749,0
2026-08-14T15:30:56.387416,712,775,812,771,748,0
2026-08-14T15:30:56.387416,712,776,812,771,747,0
2026-08-14T15:30:56.391750,712,775,812,771,749,0
2026-08-14T15:30:56.391750,713,775,812,771,748,0
2026-08-14T15:30:56.392763,712,775,813,771,749,0
2026-08-14T15:30:56.392763,711,776,813,771,748,0
2026-08-14T15:30:56.392763,711,775,812,771,748,0
2026-08-14T15:30:56.392763,711,775,812,771,748,0
2026-08-14T15:30:56.397522,712,775,812,772,749,0
2026-08-14T15:30:56.399542,712,775,812,771,749,0
2026-08-14T15:30:56.399542,712,776,812,770,748,0
2026-08-14T15:30:56.401054,711,775,812,772,748,0
2026-08-14T15:30:56.401054,711,774,813,771,748,0
2026-08-14T15:30:56.403954,712,775,812,772,749,0
2026-08-14T15:30:56.403954,712,775,813,771,748,0
2026-08-14T15:30:56.403954,712,775,812,772,747,0
2026-08-14T15:30:56.407082,711,776,813,772,749,0
2026-08-14T15:30:56.407082,711,775,813,772,749,0
2026-08-14T15:30:56.409138,710,776,812,771,748,0
2026-08-14T15:30:56.409138,711,775,811,772,748,0
2026-08-14T15:30:56.409138,712,775,811,772,749,0
2026-08-14T15:30:56.409138,711,774,813,772,749,0
2026-08-14T15:30:56.414035,711,775,812,772,748,0
2026-08-14T15:30:56.414035,711,775,811,771,748,0
2026-08-14T15:30:56.414035,712,774,811,772,749,0
2026-08-14T15:30:56.417416,712,774,812,771,749,0
2026-08-14T15:30:56.419612,711,775,812,771,748,0
2026-08-14T15:30:56.421122,711,776,812,770,746,0
2026-08-14T15:30:56.421122,711,775,813,771,748,0
2026-08-14T15:30:56.421122,712,775,812,771,748,0
2026-08-14T15:30:56.421122,711,774,812,772,749,0
2026-08-14T15:30:56.421122,711,777,813,771,748,0
2026-08-14T15:30:56.425500,712,776,813,771,748,0
2026-08-14T15:30:56.428541,711,775,813,772,749,0
2026-08-14T15:30:56.428541,711,775,812,771,749,0
2026-08-14T15:30:56.428541,711,776,812,771,748,0
2026-08-14T15:30:56.428541,712,775,811,771,749,0
2026-08-14T15:30:56.432638,712,774,812,772,748,0
2026-08-14T15:30:56.433651,711,775,812,771,749,0
2026-08-14T15:30:56.433651,712,776,812,771,747,0
2026-08-14T15:30:56.436500,711,775,812,770,747,0
2026-08-14T15:30:56.436990,711,775,813,772,748,0
2026-08-14T15:30:56.436990,711,774,813,772,749,0
2026-08-14T15:30:56.440159,710,775,813,771,747,0
2026-08-14T15:30:56.440159,711,775,813,771,748,0
2026-08-14T15:30:56.441917,711,776,812,772,749,0
2026-08-14T15:30:56.441917,712,774,812,772,749,0
2026-08-14T15:30:56.441917,712,776,812,772,749,0
2026-08-14T15:30:56.441917,711,775,813,771,748,0
2026-08-14T15:30:56.441917,713,776,813,772,749,0
2026-08-14T15:30:56.441917,712,775,812,771,748,0
2026-08-14T15:30:56.441917,711,775,812,771,747,0
2026-08-14T15:30:56.450171,711,775,812,772,749,0
2026-08-14T15:30:56.450924,712,776,813,771,748,0
2026-08-14T15:30:56.452798,712,776,813,772,748,0
2026-08-14T15:30:56.453671,710,775,813,772,748,0
2026-08-14T15:30:56.453671,711,775,813,772,749,0
2026-08-14T15:30:56.453671,711,775,813,771,749,0
2026-08-14T15:30:56.453671,711,775,812,771,749,0
2026-08-14T15:30:56.458375,711,776,812,771,749,0
2026-08-14T15:30:56.458375,712,776,813,772,748,0
2026-08-14T15:30:56.461279,712,775,812,772,749,0
2026-08-14T15:30:56.461279,713,776,813,770,749,0
2026-08-14T15:30:56.461279,712,775,812,772,747,0
2026-08-14T15:30:56.465391,712,776,812,771,748,0
2026-08-14T15:30:56.465391,711,776,813,771,748,0
2026-08-14T15:30:56.466408,711,776,814,771,748,0
2026-08-14T15:30:56.466408,713,776,813,771,747,0
2026-08-14T15:30:56.469486,712,776,813,772,748,0
2026-08-14T15:30:56.470590,712,775,812,772,749,0
2026-08-14T15:30:56.470590,710,776,812,771,749,0
2026-08-14T15:30:56.473590,711,775,812,771,749,0
2026-08-14T15:30:56.473590,712,774,812,772,748,0
2026-08-14T15:30:56.474609,711,776,813,773,749,0
2026-08-14T15:30:56.476306,712,775,812,772,749,0
2026-08-14T15:30:56.476306,712,775,812,772,748,0
2026-08-14T15:30:56.476306,713,775,811,772,748,0
2026-08-14T15:30:56.479526,712,776,813,771,749,0
2026-08-14T15:30:56.479526,710,776,813,771,748,0
2026-08-14T15:30:56.479526,711,776,813,772,746,0
2026-08-14T15:30:56.482743,712,775,811,772,748,0
2026-08-14T15:30:56.482743,712,776,812,771,749,0
2026-08-14T15:30:56.487313,711,774,813,772,749,0
2026-08-14T15:30:56.487313,710,777,813,774,749,0
2026-08-14T15:30:56.487313,711,775,812,771,749,0
2026-08-14T15:30:56.487313,712,774,813,771,750,0
2026-08-14T15:30:56.487313,713,775,813,772,748,0
2026-08-14T15:30:56.491239,712,775,813,772,748,0
2026-08-14T15:30:56.491239,712,776,812,771,750,0
2026-08-14T15:30:56.491239,711,776,813,771,749,0
2026-08-14T15:30:56.491239,712,774,813,772,748,0
2026-08-14T15:30:56.495911,712,777,813,771,748,0
2026-08-14T15:30:56.497924,712,776,812,772,749,0
2026-08-14T15:30:56.499677,712,775,812,771,748,0
2026-08-14T15:30:56.499677,711,774,812,772,750,0
2026-08-14T15:30:56.501685,711,775,814,771,748,0
2026-08-14T15:30:56.503173,712,775,812,772,749,0
2026-08-14T15:30:56.503967,712,775,814,772,749,0
2026-08-14T15:30:56.503967,711,775,812,771,748,0
2026-08-14T15:30:56.506102,713,776,812,772,749,0
2026-08-14T15:30:56.506102,711,776,813,772,749,0
2026-08-14T15:30:56.507854,711,776,813,772,748,0
2026-08-14T15:30:56.509863,711,776,813,771,749,0
2026-08-14T15:30:56.509863,712,775,813,771,748,0
2026-08-14T15:30:56.511872,712,775,813,773,750,0
2026-08-14T15:30:56.513881,712,775,814,772,749,0
2026-08-14T15:30:56.513881,712,775,813,772,749,0
2026-08-14T15:30:56.515890,712,774,813,772,748,0
2026-08-14T15:30:56.515890,712,776,812,772,748,0
2026-08-14T15:30:56.517898,711,774,813,772,749,0
2026-08-14T15:30:56.517898,713,775,813,772,748,0
2026-08-14T15:30:56.519905,713,775,812,772,748,0
2026-08-14T15:30:56.536712,712,777,812,771,750,0
2026-08-14T15:30:56.536712,712,775,812,771,749,0
2026-08-14T15:30:56.538811,712,777,813,771,748,0
2026-08-14T15:30:56.538811,712,776,813,771,748,0
2026-08-14T15:30:56.538811,712,775,813,772,748,0
2026-08-14T15:30:56.540562,711,775,813,771,750,0
2026-08-14T15:30:56.541069,711,775,812,772,749,0
2026-08-14T15:30:56.541069,712,776,813,772,748,0
2026-08-14T15:30:56.541069,712,776,812,772,749,0
2026-08-14T15:30:56.543076,711,774,812,772,749,0
2026-08-14T15:30:56.543076,712,775,812,772,748,0
2026-08-14T15:30:56.543076,712,776,813,772,748,0
2026-08-14T15:30:56.543076,713,775,813,772,749,0
2026-08-14T15:30:56.545083,711,776,813,772,749,0
2026-08-14T15:30:56.545083,712,775,813,772,748,0
2026-08-14T15:30:56.545083,711,777,813,771,749,0
2026-08-14T15:30:56.545083,711,776,813,772,748,0
2026-08-14T15:30:56.547091,713,775,812,772,749,0
2026-08-14T15:30:56.547091,711,776,813,771,750,0
2026-08-14T15:30:56.547091,712,775,813,772,748,0
2026-08-14T15:30:56.548841,711,775,813,771,749,0
2026-08-14T15:30:56.548841,713,775,813,771,750,0
2026-08-14T15:30:56.548841,713,775,812,771,750,0
2026-08-14T15:30:56.550848,712,775,812,772,748,0
2026-08-14T15:30:56.550848,712,775,813,772,748,0
2026-08-14T15:30:56.551728,711,777,813,771,749,0
2026-08-14T15:30:56.552429,713,775,814,770,749,0
2026-08-14T15:30:56.553829,712,775,813,773,748,0
2026-08-14T15:30:56.554425,711,776,813,772,749,0
2026-08-14T15:30:56.554425,712,775,813,772,748,0
2026-08-14T15:30:56.556433,712,775,813,772,749,0
2026-08-14T15:30:56.558440,712,776,812,772,749,0
2026-08-14T15:30:56.558440,711,775,813,771,749,0
2026-08-14T15:30:56.560447,711,776,814,771,749,0
2026-08-14T15:30:56.560447,712,776,813,772,748,0
2026-08-14T15:30:56.562454,713,775,813,771,749,0
2026-08-14T15:30:56.562454,712,775,813,771,748,0
2026-08-14T15:30:56.564462,712,775,814,772,748,0
2026-08-14T15:30:56.566469,712,775,814,772,749,0
2026-08-14T15:30:56.568477,711,776,813,772,749,0
2026-08-14T15:30:56.568477,712,776,813,773,749,0
2026-08-14T15:30:56.570024,711,776,813,773,749,0
2026-08-14T15:30:56.571852,711,776,813,772,749,0
2026-08-14T15:30:56.571852,711,777,813,772,749,0
2026-08-14T15:30:56.572860,712,774,813,772,750,0
2026-08-14T15:30:56.574868,712,775,813,773,749,0
2026-08-14T15:30:56.574868,711,776,813,771,748,0
2026-08-14T15:30:56.576876,713,775,812,772,748,0
2026-08-14T15:30:56.578884,711,777,812,772,749,0
2026-08-14T15:30:56.578884,711,776,813,772,749,0
2026-08-14T15:30:56.580892,712,775,814,772,748,0
2026-08-14T15:30:56.580892,712,777,813,772,747,0
2026-08-14T15:30:56.584908,713,775,813,772,749,0
2026-08-14T15:30:56.586881,712,774,812,773,749,0
2026-08-14T15:30:56.586881,712,774,813,772,749,0
2026-08-14T15:30:56.586881,712,776,813,772,748,0
2026-08-14T15:30:56.589004,712,775,812,772,748,0
2026-08-14T15:30:56.589004,713,775,813,772,749,0
2026-08-14T15:30:56.589004,711,776,812,772,748,0
2026-08-14T15:30:56.591010,713,776,813,771,749,0
2026-08-14T15:30:56.593017,712,777,813,772,749,0
2026-08-14T15:30:56.593017,712,776,813,772,748,0
2026-08-14T15:30:56.595025,711,776,813,772,748,0
2026-08-14T15:30:56.597032,711,775,813,771,748,0
2026-08-14T15:30:56.597032,712,776,813,772,749,0
2026-08-14T15:30:56.597032,712,776,812,773,749,0
2026-08-14T15:30:56.599039,711,775,812,772,749,0
2026-08-14T15:30:56.601046,711,777,814,772,748,0
2026-08-14T15:30:56.601046,711,776,813,772,749,0
2026-08-14T15:30:56.604207,712,776,813,772,749,0
2026-08-14T15:30:56.605413,713,775,813,772,749,0
2026-08-14T15:30:56.605413,712,777,812,773,748,0
2026-08-14T15:30:56.607836,713,776,813,771,749,0
2026-08-14T15:30:56.607836,713,775,813,771,749,0
2026-08-14T15:30:56.609846,711,776,813,772,748,0
2026-08-14T15:30:56.609846,710,777,814,772,748,0
2026-08-14T15:30:56.611854,712,776,813,773,749,0
2026-08-14T15:30:56.613604,711,776,813,772,749,0
2026-08-14T15:30:56.613990,711,776,812,771,749,0
2026-08-14T15:30:56.616034,711,777,813,772,749,0
2026-08-14T15:30:56.617070,711,775,813,773,750,0
2026-08-14T15:30:56.618103,712,775,813,772,748,0
2026-08-14T15:30:56.618103,713,775,813,771,748,0
2026-08-14T15:30:56.621106,713,776,813,772,748,0
2026-08-14T15:30:56.621750,713,776,813,772,750,0
2026-08-14T15:30:56.622392,711,776,814,772,748,0
2026-08-14T15:30:56.622985,710,775,813,772,748,0
2026-08-14T15:30:56.622985,712,776,813,773,748,0
2026-08-14T15:30:56.622985,712,776,813,773,749,0
2026-08-14T15:30:56.622985,711,776,814,773,749,0
2026-08-14T15:30:56.629213,711,776,814,771,749,0
2026-08-14T15:30:56.629213,712,776,812,772,749,0
2026-08-14T15:30:56.629213,711,776,813,773,749,0
2026-08-14T15:30:56.631227,712,775,812,772,749,0
2026-08-14T15:30:56.631227,712,776,813,772,748,0
2026-08-14T15:30:56.631227,712,775,812,772,748,0
2026-08-14T15:30:56.635152,712,776,812,772,749,0
2026-08-14T15:30:56.637594,712,777,813,772,749,0
2026-08-14T15:30:56.637594,710,775,814,773,748,0
2026-08-14T15:30:56.637594,712,777,813,772,747,0
2026-08-14T15:30:56.639749,712,776,813,772,749,0
2026-08-14T15:30:56.641755,711,776,813,773,750,0
2026-08-14T15:30:56.641755,712,774,814,772,749,0
2026-08-14T15:30:56.645270,712,777,813,772,748,0
2026-08-14T15:30:56.645270,712,776,813,773,749,0
2026-08-14T15:30:56.645270,712,776,812,772,749,0
2026-08-14T15:30:56.645270,712,776,812,772,749,0
2026-08-14T15:30:56.647414,713,776,814,772,748,0
2026-08-14T15:30:56.647414,713,777,813,772,749,0
2026-08-14T15:30:56.647414,711,777,813,772,749,0
2026-08-14T15:30:56.653903,712,775,813,772,749,0
2026-08-14T15:30:56.653903,712,777,813,772,747,0
2026-08-14T15:30:56.653903,712,776,813,772,748,0
2026-08-14T15:30:56.653903,711,776,814,772,749,0
2026-08-14T15:30:56.656116,712,775,813,772,749,0
2026-08-14T15:30:56.658121,712,776,813,773,748,0
2026-08-14T15:30:56.658121,712,776,813,772,749,0
2026-08-14T15:30:56.661133,712,776,814,772,749,0
2026-08-14T15:30:56.661133,713,775,813,772,749,0
2026-08-14T15:30:56.661133,712,776,812,772,748,0
2026-08-14T15:30:56.661133,713,775,812,772,748,0
2026-08-14T15:30:56.666092,711,777,813,772,748,0
2026-08-14T15:30:56.666092,712,776,814,772,748,0
2026-08-14T15:30:56.666092,712,777,814,772,747,0
2026-08-14T15:30:56.669894,712,776,812,773,749,0
2026-08-14T15:30:56.670835,712,775,813,773,749,0
2026-08-14T15:30:56.670835,711,776,813,772,749,0
2026-08-14T15:30:56.670835,712,776,813,772,749,0
2026-08-14T15:30:56.670835,712,776,814,772,749,0
2026-08-14T15:30:56.670835,712,775,813,772,750,0
2026-08-14T15:30:56.670835,713,776,813,772,748,0
2026-08-14T15:30:56.677496,712,775,813,771,748,0
2026-08-14T15:30:56.677496,713,776,813,771,750,0
2026-08-14T15:30:56.677496,711,776,813,771,748,0
2026-08-14T15:30:56.677496,711,777,814,772,748,0
2026-08-14T15:30:56.677496,713,776,813,772,748,0
2026-08-14T15:30:56.677496,711,777,813,773,749,0
2026-08-14T15:30:56.677496,712,775,814,772,750,0
2026-08-14T15:30:56.686131,710,776,814,773,749,0
2026-08-14T15:30:56.686807,711,777,814,772,748,0
2026-08-14T15:30:56.686807,712,775,813,772,750,0
2026-08-14T15:30:56.690778,712,776,813,772,750,0
2026-08-14T15:30:56.690778,711,775,813,773,749,0
2026-08-14T15:30:56.690778,712,777,812,772,748,0
2026-08-14T15:30:56.690778,713,776,813,771,749,0
2026-08-14T15:30:56.694874,711,775,813,772,748,0
2026-08-14T15:30:56.694874,712,776,813,772,748,0
2026-08-14T15:30:56.694874,710,775,813,771,748,0
2026-08-14T15:30:56.698964,711,777,812,772,750,0
2026-08-14T15:30:56.698964,712,775,813,772,750,0
2026-08-14T15:30:56.698964,712,776,813,773,749,0
2026-08-14T15:30:56.698964,712,775,813,772,749,0
2026-08-14T15:30:56.702915,712,776,813,772,750,0
2026-08-14T15:30:56.703994,711,776,812,772,750,0
2026-08-14T15:30:56.703994,713,775,812,772,748,0
2026-08-14T15:30:56.707172,713,776,813,772,748,0
2026-08-14T15:30:56.707172,712,777,813,771,749,0
2026-08-14T15:30:56.707172,712,777,813,771,750,0
2026-08-14T15:30:56.711287,712,775,814,772,749,0
2026-08-14T15:30:56.711287,711,776,813,772,748,0
2026-08-14T15:30:56.711287,712,775,814,773,749,0
2026-08-14T15:30:56.711287,712,775,813,772,749,0
2026-08-14T15:30:56.715203,713,776,812,772,749,0
2026-08-14T15:30:56.715203,710,776,813,772,749,0
2026-08-14T15:30:56.715203,711,775,813,772,749,0
2026-08-14T15:30:56.718271,712,776,814,772,749,0
2026-08-14T15:30:56.719689,713,777,813,771,749,0
2026-08-14T15:30:56.720570,712,774,814,772,749,0
2026-08-14T15:30:56.720570,712,777,813,771,749,0
2026-08-14T15:30:56.720570,711,776,814,772,748,0
2026-08-14T15:30:56.720570,711,776,813,772,749,0
2026-08-14T15:30:56.720570,712,777,813,772,748,0
2026-08-14T15:30:56.727543,712,776,813,772,749,0
2026-08-14T15:30:56.727543,712,775,814,773,749,0
2026-08-14T15:30:56.727543,712,777,813,771,749,0
2026-08-14T15:30:56.727543,712,775,813,772,749,0
2026-08-14T15:30:56.731630,712,776,813,772,749,0
2026-08-14T15:30:56.731630,713,776,813,772,749,0
2026-08-14T15:30:56.731630,713,776,813,771,748,0
2026-08-14T15:30:56.735020,713,776,812,772,748,0
2026-08-14T15:30:56.736770,713,775,812,772,749,0
2026-08-14T15:30:56.737656,711,777,813,771,749,0
2026-08-14T15:30:56.737656,711,776,813,772,748,0
2026-08-14T15:30:56.737656,711,777,814,772,748,0
2026-08-14T15:30:56.737656,711,776,813,772,749,0
2026-08-14T15:30:56.737656,711,775,813,772,749,0
2026-08-14T15:30:56.743181,711,776,813,772,749,0
2026-08-14T15:30:56.743181,711,778,813,773,748,0
2026-08-14T15:30:56.743181,712,776,813,772,750,0
2026-08-14T15:30:56.743181,713,775,814,772,750,0
2026-08-14T15:30:56.743181,712,775,812,772,749,0
2026-08-14T15:30:56.743181,712,775,813,772,749,0
2026-08-14T15:30:56.743181,713,776,812,772,749,0
2026-08-14T15:30:56.751636,712,776,813,772,749,0
2026-08-14T15:30:56.753450,711,776,814,772,748,0
2026-08-14T15:30:56.753450,711,775,813,772,748,0
2026-08-14T15:30:56.756217,711,777,813,772,749,0
2026-08-14T15:30:56.756217,711,775,812,771,749,0
2026-08-14T15:30:56.756217,711,776,813,772,750,0
2026-08-14T15:30:56.756217,711,775,812,772,748,0
2026-08-14T15:30:56.759994,711,776,814,772,749,0
2026-08-14T15:30:56.759994,713,776,812,772,749,0
2026-08-14T15:30:56.759994,713,776,813,773,749,0
2026-08-14T15:30:56.759994,712,776,813,773,748,0
2026-08-14T15:30:56.759994,711,777,813,771,749,0
2026-08-14T15:30:56.759994,713,776,814,772,748,0
2026-08-14T15:30:56.759994,712,775,814,772,749,0
2026-08-14T15:30:56.768442,711,777,813,773,748,0
2026-08-14T15:30:56.770109,711,776,813,773,748,0
2026-08-14T15:30:56.770465,712,776,814,772,750,0
2026-08-14T15:30:56.772250,712,776,812,771,749,0
2026-08-14T15:30:56.772250,710,777,812,772,749,0
2026-08-14T15:30:56.773907,712,776,812,772,748,0
2026-08-14T15:30:56.776194,712,776,813,771,750,0
2026-08-14T15:30:56.777251,713,776,813,772,748,0
2026-08-14T15:30:56.777251,712,776,813,771,749,0
2026-08-14T15:30:56.778845,712,777,813,772,750,0
2026-08-14T15:30:56.780421,712,776,814,772,749,0
2026-08-14T15:30:56.780421,712,776,814,773,749,0
2026-08-14T15:30:56.780421,712,777,813,772,748,0
2026-08-14T15:30:56.784171,712,776,813,773,751,0
2026-08-14T15:30:56.784171,712,776,813,773,749,0
2026-08-14T15:30:56.786685,712,776,814,770,749,0
2026-08-14T15:30:56.786685,712,776,813,772,748,0
2026-08-14T15:30:56.786685,712,776,813,772,749,0
2026-08-14T15:30:56.786685,713,775,813,772,748,0
2026-08-14T15:30:56.786685,712,775,813,771,749,0
2026-08-14T15:30:56.792649,713,777,812,772,748,0
2026-08-14T15:30:56.792649,712,777,813,772,749,0
2026-08-14T15:30:56.794663,712,775,815,772,749,0
2026-08-14T15:30:56.794663,711,776,813,772,748,0
2026-08-14T15:30:56.797164,711,777,813,772,748,0
2026-08-14T15:30:56.797164,713,776,813,773,749,0
2026-08-14T15:30:56.797164,712,776,813,772,750,0
2026-08-14T15:30:56.800157,712,776,813,772,749,0
2026-08-14T15:30:56.802172,711,775,813,772,748,0
2026-08-14T15:30:56.803539,713,775,813,772,750,0
2026-08-14T15:30:56.803882,713,776,813,771,750,0
2026-08-14T15:30:56.804945,712,775,813,772,749,0
2026-08-14T15:30:56.804945,712,777,813,771,748,0
2026-08-14T15:30:56.804945,713,777,813,771,748,0
2026-08-14T15:30:56.809646,712,776,813,772,750,0
2026-08-14T15:30:56.809646,712,775,814,772,749,0
2026-08-14T15:30:56.809646,711,776,814,773,747,0
2026-08-14T15:30:56.811697,712,776,813,772,750,0
2026-08-14T15:30:56.811697,712,776,812,772,749,0
2026-08-14T15:30:56.811697,713,776,813,771,750,0
2026-08-14T15:30:56.815336,712,776,813,773,748,0
2026-08-14T15:30:56.817894,712,776,813,771,750,0
2026-08-14T15:30:56.817894,713,776,812,771,749,0
2026-08-14T15:30:56.817894,713,776,813,772,749,0
2026-08-14T15:30:56.820205,713,776,813,773,749,0
2026-08-14T15:30:56.820205,711,777,813,772,748,0
2026-08-14T15:30:56.820205,712,778,814,772,749,0
2026-08-14T15:30:56.820205,713,776,813,773,749,0
2026-08-14T15:30:56.820205,711,776,814,772,748,0
2026-08-14T15:30:56.826289,711,776,813,773,750,0
2026-08-14T15:30:56.826289,712,776,813,771,750,0
2026-08-14T15:30:56.826289,712,775,813,771,749,0
2026-08-14T15:30:56.826289,711,775,813,771,749,0
2026-08-14T15:30:56.826289,712,776,813,772,749,0
2026-08-14T15:30:56.826289,713,776,813,772,749,0
2026-08-14T15:30:56.826289,711,777,813,771,749,0
2026-08-14T15:30:56.834644,713,776,813,772,748,0
2026-08-14T15:30:56.836638,711,775,813,771,750,0
2026-08-14T15:30:56.837367,711,776,813,772,748,0
2026-08-14T15:30:56.837367,711,776,813,773,749,0
2026-08-14T15:30:56.837367,713,776,814,773,748,0
2026-08-14T15:30:56.842351,712,776,812,772,750,0
2026-08-14T15:30:56.842351,712,775,813,773,750,0
2026-08-14T15:30:56.842351,712,775,813,771,750,0
2026-08-14T15:30:56.844106,712,776,813,772,749,0
2026-08-14T15:30:56.845339,713,775,812,772,748,0
2026-08-14T15:30:56.845339,712,776,812,773,749,0
2026-08-14T15:30:56.845339,712,777,813,772,748,0
2026-08-14T15:30:56.850424,713,777,813,772,748,0
2026-08-14T15:30:56.850424,713,776,813,771,750,0
2026-08-14T15:30:56.850424,712,776,814,772,749,0
2026-08-14T15:30:56.853496,711,775,813,772,749,0
2026-08-14T15:30:56.854115,712,776,812,772,748,0
2026-08-14T15:30:56.854115,712,775,813,773,748,0
2026-08-14T15:30:56.854115,712,776,814,773,750,0
2026-08-14T15:30:56.858549,712,776,812,772,750,0
2026-08-14T15:30:56.858549,711,776,812,771,749,0
2026-08-14T15:30:56.858549,713,775,814,772,748,0
2026-08-14T15:30:56.858549,713,776,812,771,749,0
2026-08-14T15:30:56.858549,712,777,813,771,749,0
2026-08-14T15:30:56.858549,711,776,813,772,747,0
2026-08-14T15:30:56.858549,711,776,813,772,749,0
2026-08-14T15:30:56.866970,712,776,814,772,749,0
2026-08-14T15:30:56.866970,712,778,812,773,751,0
2026-08-14T15:30:56.866970,713,783,810,771,752,0
2026-08-14T15:30:56.868730,711,787,809,770,755,0
2026-08-14T15:30:56.870527,713,789,806,770,758,0
2026-08-14T15:30:56.870527,713,793,806,768,760,0
2026-08-14T15:30:56.870527,713,795,806,768,761,0
2026-08-14T15:30:56.874995,714,797,805,768,762,0
2026-08-14T15:30:56.874995,714,800,805,767,762,0
2026-08-14T15:30:56.874995,716,803,804,767,764,0
2026-08-14T15:30:56.877775,716,806,803,767,765,0
2026-08-14T15:30:56.877775,715,808,801,765,765,0
2026-08-14T15:30:56.877775,715,810,801,765,766,0
2026-08-14T15:30:56.877775,716,814,798,762,767,0
2026-08-14T15:30:56.883355,715,817,797,762,768,0
2026-08-14T15:30:56.883355,716,818,798,761,768,0
2026-08-14T15:30:56.883355,714,820,797,760,770,0
2026-08-14T15:30:56.887119,716,822,796,758,771,0
2026-08-14T15:30:56.887119,716,822,796,758,771,0
2026-08-14T15:30:56.887119,717,824,795,757,772,0
2026-08-14T15:30:56.887119,718,826,794,755,773,0
2026-08-14T15:30:56.891456,717,830,795,755,774,0
2026-08-14T15:30:56.891456,718,830,796,756,774,0
2026-08-14T15:30:56.891456,716,834,797,754,774,0
2026-08-14T15:30:56.891456,714,839,800,753,775,0
2026-08-14T15:30:56.891456,713,844,801,751,776,0
2026-08-14T15:30:56.891456,712,847,802,750,777,0
2026-08-14T15:30:56.891456,712,852,803,748,778,0
2026-08-14T15:30:56.899614,710,857,805,745,777,0
2026-08-14T15:30:56.900413,710,861,807,744,777,0
2026-08-14T15:30:56.900413,710,862,806,744,779,0
2026-08-14T15:30:56.902775,710,859,806,745,779,0
2026-08-14T15:30:56.902775,712,851,803,748,778,0
2026-08-14T15:30:56.902775,714,845,804,751,778,0
2026-08-14T15:30:56.907767,713,847,805,751,779,0
2026-08-14T15:30:56.907767,713,849,806,752,780,0
2026-08-14T15:30:56.909530,713,851,808,751,781,0
2026-08-14T15:30:56.909530,710,854,809,751,780,0
2026-08-14T15:30:56.909530,710,858,812,750,780,0
2026-08-14T15:30:56.909530,710,861,813,749,781,0
2026-08-14T15:30:56.909530,709,865,816,748,783,0
2026-08-14T15:30:56.916136,706,870,818,746,782,0
2026-08-14T15:30:56.916136,704,875,821,746,782,0
2026-08-14T15:30:56.916136,704,878,823,743,783,0
2026-08-14T15:30:56.917891,703,883,824,743,782,0
2026-08-14T15:30:56.919902,702,886,826,740,784,0
2026-08-14T15:30:56.920588,699,891,828,738,782,0
2026-08-14T15:30:56.920588,697,896,831,737,783,0
2026-08-14T15:30:56.924210,695,899,834,736,784,0
2026-08-14T15:30:56.924210,692,903,834,734,783,0
2026-08-14T15:30:56.924210,690,907,837,732,783,0
2026-08-14T15:30:56.924210,688,911,839,729,784,0
2026-08-14T15:30:56.928241,686,914,842,727,784,0
2026-08-14T15:30:56.928241,684,918,843,726,784,0
2026-08-14T15:30:56.928241,680,922,845,724,785,0
2026-08-14T15:30:56.932482,678,925,847,722,785,0
2026-08-14T15:30:56.932482,678,926,848,722,783,0
2026-08-14T15:30:56.932482,677,924,851,726,784,0
2026-08-14T15:30:56.932482,687,903,840,739,785,0
2026-08-14T15:30:56.936191,703,856,826,761,784,0
2026-08-14T15:30:56.937035,712,825,826,773,781,0
2026-08-14T15:30:56.937035,719,801,824,778,782,0
2026-08-14T15:30:56.937035,720,802,821,776,784,0
2026-08-14T15:30:56.940923,719,813,820,773,785,0
2026-08-14T15:30:56.940923,716,819,822,770,785,0
2026-08-14T15:30:56.940923,715,825,824,767,786,0
2026-08-14T15:30:56.940923,712,828,824,765,786,0
2026-08-14T15:30:56.940923,711,832,825,765,786,0
2026-08-14T15:30:56.940923,711,831,827,765,784,0
2026-08-14T15:30:56.940923,715,821,823,767,784,0
2026-08-14T15:30:56.949128,715,823,823,764,785,0
2026-08-14T15:30:56.949128,711,829,824,764,786,0
2026-08-14T15:30:56.949128,710,833,826,762,784,0
2026-08-14T15:30:56.953660,708,837,829,762,784,0
2026-08-14T15:30:56.953660,707,840,829,761,786,0
2026-08-14T15:30:56.955175,706,841,831,759,785,0
2026-08-14T15:30:56.957010,706,840,831,760,786,0
2026-08-14T15:30:56.957010,707,837,830,757,785,0
2026-08-14T15:30:56.957010,709,831,824,758,785,0
2026-08-14T15:30:56.961015,713,819,821,761,784,0
2026-08-14T15:30:56.961015,713,816,821,761,784,0
2026-08-14T15:30:56.961015,713,817,820,758,782,0
2026-08-14T15:30:56.961015,712,819,819,755,782,0
2026-08-14T15:30:56.965070,712,819,819,756,782,0
2026-08-14T15:30:56.965070,710,821,818,754,781,0
2026-08-14T15:30:56.965070,707,826,819,753,780,0
2026-08-14T15:30:56.965070,707,826,819,751,780,0
2026-08-14T15:30:56.970167,706,825,818,751,779,0
2026-08-14T15:30:56.971072,705,827,818,749,779,0
2026-08-14T15:30:56.971072,704,826,818,748,779,0
2026-08-14T15:30:56.973099,705,822,815,749,778,0
2026-08-14T15:30:56.973099,708,811,812,751,776,0
2026-08-14T15:30:56.973099,711,804,810,751,775,0
2026-08-14T15:30:56.973099,709,803,809,750,773,0
2026-08-14T15:30:56.973099,709,805,809,748,772,0
2026-08-14T15:30:56.973099,709,801,808,750,771,0
2026-08-14T15:30:56.981552,712,786,806,753,769,0
2026-08-14T15:30:56.981552,709,794,807,749,769,0
2026-08-14T15:30:56.983565,709,794,808,749,768,0
2026-08-14T15:30:56.983565,708,797,811,749,769,0
2026-08-14T15:30:56.983565,706,799,812,748,768,0
2026-08-14T15:30:56.986506,705,803,814,745,768,0
2026-08-14T15:30:56.986989,703,806,815,744,767,0
2026-08-14T15:30:56.989990,702,805,816,745,765,0
2026-08-14T15:30:56.989990,704,797,813,748,762,0
2026-08-14T15:30:56.989990,707,789,811,746,760,0
2026-08-14T15:30:56.989990,704,790,811,743,759,0
2026-08-14T15:30:56.993915,703,788,808,740,758,0
2026-08-14T15:30:56.993915,702,789,808,736,757,0
2026-08-14T15:30:56.993915,700,789,805,734,755,0
2026-08-14T15:30:56.998040,699,780,803,736,751,0
2026-08-14T15:30:56.998040,700,774,799,736,749,0
2026-08-14T15:30:56.998040,699,774,799,733,748,0
2026-08-14T15:30:56.998040,700,771,796,730,746,0
2026-08-14T15:30:56.998040,700,770,794,728,745,0
2026-08-14T15:30:57.002923,698,768,794,725,745,0
2026-08-14T15:30:57.003655,699,767,794,725,741,0
2026-08-14T15:30:57.003655,700,766,794,725,739,0
2026-08-14T15:30:57.006520,701,762,794,725,738,0
2026-08-14T15:30:57.006520,701,759,794,725,738,0
2026-08-14T15:30:57.006520,702,752,791,725,735,0
2026-08-14T15:30:57.006520,703,747,786,724,732,0
2026-08-14T15:30:57.006520,703,745,784,723,729,0
2026-08-14T15:30:57.006520,701,744,782,721,728,0
2026-08-14T15:30:57.006520,701,735,780,723,724,0
2026-08-14T15:30:57.014938,706,719,776,723,719,0
2026-08-14T15:30:57.014938,703,727,774,718,719,0
2026-08-14T15:30:57.018487,700,725,773,715,717,0
2026-08-14T15:30:57.018487,698,728,773,713,716,0
2026-08-14T15:30:57.020165,696,731,773,711,714,0
2026-08-14T15:30:57.020852,697,732,772,709,712,0
2026-08-14T15:30:57.020852,695,735,773,706,711,0
2026-08-14T15:30:57.023208,692,735,773,704,710,0
2026-08-14T15:30:57.023208,694,726,770,705,704,0
2026-08-14T15:30:57.026875,694,712,768,705,698,0
2026-08-14T15:30:57.026875,694,715,766,701,697,0
2026-08-14T15:30:57.026875,692,714,765,699,697,0
2026-08-14T15:30:57.028635,691,718,764,695,697,0
2026-08-14T15:30:57.030764,689,721,763,691,696,0
2026-08-14T15:30:57.030764,689,722,763,689,694,0
2026-08-14T15:30:57.030764,686,725,764,686,693,0
2026-08-14T15:30:57.030764,684,728,763,683,691,0
2026-08-14T15:30:57.030764,681,730,762,677,689,0
2026-08-14T15:30:57.036845,678,732,759,672,686,0
2026-08-14T15:30:57.037670,677,729,755,668,684,0
2026-08-14T15:30:57.037670,675,726,751,665,679,0
2026-08-14T15:30:57.039189,672,715,748,667,673,0
2026-08-14T15:30:57.039189,671,706,748,666,669,0
2026-08-14T15:30:57.039189,669,713,745,660,670,0
2026-08-14T15:30:57.039189,667,712,744,658,668,0
2026-08-14T15:30:57.039189,664,713,743,655,666,0
2026-08-14T15:30:57.039189,662,714,742,652,664,0
2026-08-14T15:30:57.048128,660,715,737,646,661,0
2026-08-14T15:30:57.048128,658,712,734,643,659,0
2026-08-14T15:30:57.048128,653,700,728,641,651,0
2026-08-14T15:30:57.048128,650,679,722,645,640,0
2026-08-14T15:30:57.048128,647,658,720,645,630,0
2026-08-14T15:30:57.053168,641,653,718,640,624,0
2026-08-14T15:30:57.055511,636,652,712,633,619,0
2026-08-14T15:30:57.055511,631,642,706,630,611,0
2026-08-14T15:30:57.055511,626,638,699,623,609,0
2026-08-14T15:30:57.057269,621,638,694,617,606,0
2026-08-14T15:30:57.057269,618,638,691,614,605,0
2026-08-14T15:30:57.057269,616,639,691,609,603,0
2026-08-14T15:30:57.057269,614,643,689,604,602,0
2026-08-14T15:30:57.063564,613,647,688,599,600,0
2026-08-14T15:30:57.063564,610,650,686,593,599,0
2026-08-14T15:30:57.063564,606,648,685,592,593,0
2026-08-14T15:30:57.065499,604,634,680,592,586,0
2026-08-14T15:30:57.065499,598,637,676,584,585,0
2026-08-14T15:30:57.065499,596,636,672,579,583,0
2026-08-14T15:30:57.065499,592,638,669,574,581,0
2026-08-14T15:30:57.070178,589,637,668,570,579,0
2026-08-14T15:30:57.072148,586,636,666,566,576,0
2026-08-14T15:30:57.072148,582,637,661,560,573,0
2026-08-14T15:30:57.075816,579,634,659,556,570,0
2026-08-14T15:30:57.075816,576,633,654,553,565,0
2026-08-14T15:30:57.077575,572,630,650,547,562,0
2026-08-14T15:30:57.077575,569,625,643,542,557,0
2026-08-14T15:30:57.079972,564,610,639,542,547,0
2026-08-14T15:30:57.079972,559,587,631,544,536,0
2026-08-14T15:30:57.079972,554,582,630,538,532,0
2026-08-14T15:30:57.082726,549,587,621,529,533,0
2026-08-14T15:30:57.082726,544,585,614,524,531,0
2026-08-14T15:30:57.082726,541,584,614,521,528,0
2026-08-14T15:30:57.086709,539,584,613,517,525,0
2026-08-14T15:30:57.087474,535,584,611,513,521,0
2026-08-14T15:30:57.087474,532,578,606,511,516,0
2026-08-14T15:30:57.087474,530,565,603,508,509,0
2026-08-14T15:30:57.087474,523,564,596,499,505,0
2026-08-14T15:30:57.087474,517,560,590,492,500,0
2026-08-14T15:30:57.087474,511,559,583,484,497,0
2026-08-14T15:30:57.087474,506,554,577,477,494,0
2026-08-14T15:30:57.095784,501,553,573,472,490,0
2026-08-14T15:30:57.096570,496,553,569,468,487,0
2026-08-14T15:30:57.096570,493,552,566,462,484,0
2026-08-14T15:30:57.096570,489,551,565,457,482,0
2026-08-14T15:30:57.096570,486,550,561,451,479,0
2026-08-14T15:30:57.096570,481,547,556,447,476,0
2026-08-14T15:30:57.096570,477,542,552,443,471,0
2026-08-14T15:30:57.103967,473,528,546,444,462,0
2026-08-14T15:30:57.103967,471,508,544,447,450,0
2026-08-14T15:30:57.103967,467,496,542,445,442,0
2026-08-14T15:30:57.108765,463,484,534,440,435,0
2026-08-14T15:30:57.108765,454,479,522,431,431,0
2026-08-14T15:30:57.108765,447,472,511,423,426,0
2026-08-14T15:30:57.112690,440,465,502,417,423,0
2026-08-14T15:30:57.112690,435,459,494,411,418,0
2026-08-14T15:30:57.114462,431,453,489,407,416,0
2026-08-14T15:30:57.114462,425,450,483,401,412,0
2026-08-14T15:30:57.116478,422,452,477,395,411,0
2026-08-14T15:30:57.116478,417,453,475,389,412,0
2026-08-14T15:30:57.118493,416,454,471,385,409,0
2026-08-14T15:30:57.119949,413,454,468,380,408,0
2026-08-14T15:30:57.121138,410,453,466,376,406,0
2026-08-14T15:30:57.121138,406,452,462,372,403,0
2026-08-14T15:30:57.123151,401,449,459,368,398,0
2026-08-14T15:30:57.123867,397,443,456,365,391,0
2026-08-14T15:30:57.123867,395,429,450,366,385,0
2026-08-14T15:30:57.123867,390,421,448,363,379,0
2026-08-14T15:30:57.129063,385,411,442,360,372,0
2026-08-14T15:30:57.129455,378,407,435,354,369,0
2026-08-14T15:30:57.130549,372,405,427,346,363,0
2026-08-14T15:30:57.131229,368,399,420,341,361,0
2026-08-14T15:30:57.133140,364,397,415,336,358,0
2026-08-14T15:30:57.133140,359,395,411,330,356,0
2026-08-14T15:30:57.133140,356,394,407,326,354,0
2026-08-14T15:30:57.136975,354,394,403,322,352,0
2026-08-14T15:30:57.136975,351,390,400,319,348,0
2026-08-14T15:30:57.136975,346,388,396,316,345,0
2026-08-14T15:30:57.141366,344,385,392,310,341,0
2026-08-14T15:30:57.141366,338,381,387,306,336,0
2026-08-14T15:30:57.141366,333,376,381,300,332,0
2026-08-14T15:30:57.141366,329,371,375,295,328,0
2026-08-14T15:30:57.143994,324,366,370,291,323,0
2026-08-14T15:30:57.143994,319,362,365,287,319,0
2026-08-14T15:30:57.143994,315,357,359,281,315,0
2026-08-14T15:30:57.143994,312,348,353,281,307,0
2026-08-14T15:30:57.143994,307,334,349,284,301,0
2026-08-14T15:30:57.143994,305,331,347,282,298,0
2026-08-14T15:30:57.143994,303,332,342,276,298,0
2026-08-14T15:30:57.153020,301,328,338,274,295,0
2026-08-14T15:30:57.153020,296,329,336,270,293,0
2026-08-14T15:30:57.153020,293,328,334,268,292,0
2026-08-14T15:30:57.157757,293,326,333,265,291,0
2026-08-14T15:30:57.157757,291,326,331,263,289,0
2026-08-14T15:30:57.157757,290,323,329,263,286,0
2026-08-14T15:30:57.159511,287,314,326,265,280,0
2026-08-14T15:30:57.161841,285,312,324,262,279,0
2026-08-14T15:30:57.161841,284,312,322,259,277,0
2026-08-14T15:30:57.161841,280,309,320,256,275,0
2026-08-14T15:30:57.164379,278,309,315,253,273,0
2026-08-14T15:30:57.164379,274,307,313,249,270,0
2026-08-14T15:30:57.164379,272,307,311,246,268,0
2026-08-14T15:30:57.164379,270,305,308,242,268,0
2026-08-14T15:30:57.169671,268,304,305,240,264,0
2026-08-14T15:30:57.170409,263,301,301,237,262,0
2026-08-14T15:30:57.170409,260,298,298,232,259,0
2026-08-14T15:30:57.172035,257,294,295,229,254,0
2026-08-14T15:30:57.172035,253,291,291,228,251,0
2026-08-14T15:30:57.172035,251,281,286,230,242,0
2026-08-14T15:30:57.177247,248,272,287,230,234,0
2026-08-14T15:30:57.177247,242,261,280,227,222,0
2026-08-14T15:30:57.177247,234,253,271,220,217,0
2026-08-14T15:30:57.177247,228,246,263,214,212,0
2026-08-14T15:30:57.177247,222,244,258,210,209,0
2026-08-14T15:30:57.177247,220,240,252,205,206,0
2026-08-14T15:30:57.177247,216,236,246,202,204,0
2026-08-14T15:30:57.185680,211,232,242,198,202,0
2026-08-14T15:30:57.186958,209,228,239,195,200,0
2026-08-14T15:30:57.186958,206,227,234,192,198,0
2026-08-14T15:30:57.186958,204,225,229,186,196,0
2026-08-14T15:30:57.186958,198,223,225,183,192,0
2026-08-14T15:30:57.186958,195,220,222,179,190,0
2026-08-14T15:30:57.186958,192,220,219,176,188,0
2026-08-14T15:30:57.194419,192,219,217,173,187,0
2026-08-14T15:30:57.194419,189,217,215,172,183,0
2026-08-14T15:30:57.194419,184,210,212,170,178,0
2026-08-14T15:30:57.194419,178,201,206,166,170,0
2026-08-14T15:30:57.198827,173,195,200,162,163,0
2026-08-14T15:30:57.198827,167,186,192,157,157,0
2026-08-14T15:30:57.198827,160,180,185,151,155,0
2026-08-14T15:30:57.202353,154,177,180,146,150,0
2026-08-14T15:30:57.203630,151,173,175,142,149,0
2026-08-14T15:30:57.203630,150,170,171,139,145,0
2026-08-14T15:30:57.203630,146,168,167,136,144,0
2026-08-14T15:30:57.203630,145,166,164,132,141,0
2026-08-14T15:30:57.203630,141,163,161,130,139,0
2026-08-14T15:30:57.203630,138,160,159,129,136,0
2026-08-14T15:30:57.210996,135,157,156,125,133,0
2026-08-14T15:30:57.210996,133,155,153,123,131,0
2026-08-14T15:30:57.210996,129,152,148,120,128,0
2026-08-14T15:30:57.210996,127,148,146,118,126,0
2026-08-14T15:30:57.210996,124,144,142,115,122,0
2026-08-14T15:30:57.210996,121,140,137,112,120,0
2026-08-14T15:30:57.210996,116,136,135,110,117,0
2026-08-14T15:30:57.219489,114,133,132,107,113,0
2026-08-14T15:30:57.220286,112,127,127,105,110,0
2026-08-14T15:30:57.220286,108,121,123,103,106,0
2026-08-14T15:30:57.223477,103,117,118,100,102,0
2026-08-14T15:30:57.223477,100,116,116,95,100,0
2026-08-14T15:30:57.223477,99,115,114,94,100,0
2026-08-14T15:30:57.223477,98,114,112,93,99,0
2026-08-14T15:30:57.227364,96,112,110,92,98,0
2026-08-14T15:30:57.227364,95,110,108,91,95,0
2026-08-14T15:30:57.227364,93,109,106,88,94,0
2026-08-14T15:30:57.227364,91,105,104,86,92,0
2026-08-14T15:30:57.227364,88,102,101,85,90,0
2026-08-14T15:30:57.227364,85,98,99,83,87,0
2026-08-14T15:30:57.227364,82,94,94,79,82,0
2026-08-14T15:30:57.235572,79,90,88,75,78,0
2026-08-14T15:30:57.236565,75,85,85,71,77,0
2026-08-14T15:30:57.236565,71,82,82,69,73,0
2026-08-14T15:30:57.236565,69,81,80,68,73,0
2026-08-14T15:30:57.236565,69,80,78,66,71,0
2026-08-14T15:30:57.236565,67,78,77,65,70,0
2026-08-14T15:30:57.243798,66,77,77,65,70,0
2026-08-14T15:30:57.243798,66,76,75,64,69,0
2026-08-14T15:30:57.243798,65,76,74,63,68,0
2026-08-14T15:30:57.245810,64,75,74,63,68,0
2026-08-14T15:30:57.247760,62,74,74,61,67,0
2026-08-14T15:30:57.247760,63,73,73,62,66,0
2026-08-14T15:30:57.247760,62,72,70,59,64,0
2026-08-14T15:30:57.251958,60,67,67,57,61,0
2026-08-14T15:30:57.251958,56,62,62,53,58,0
2026-08-14T15:30:57.253396,52,59,60,51,56,0
2026-08-14T15:30:57.254115,48,55,56,48,54,0
2026-08-14T15:30:57.255417,46,53,54,46,51,0
2026-08-14T15:30:57.255417,45,49,52,44,50,0
2026-08-14T15:30:57.257428,44,51,51,44,50,0
2026-08-14T15:30:57.259439,43,49,48,42,47,0
2026-08-14T15:30:57.260450,41,47,46,40,46,0
2026-08-14T15:30:57.260450,40,45,46,40,45,0
2026-08-14T15:30:57.262462,39,44,45,40,45,0
2026-08-14T15:30:57.262462,38,45,44,37,44,0
2026-08-14T15:30:57.264474,38,44,43,37,44,0
2026-08-14T15:30:57.264474,37,44,42,36,43,0
2026-08-14T15:30:57.266486,36,43,42,35,42,0
2026-08-14T15:30:57.268497,36,43,42,36,42,0
2026-08-14T15:30:57.270136,35,42,42,35,42,0
2026-08-14T15:30:57.270506,36,42,40,35,41,0
2026-08-14T15:30:57.271811,35,41,40,35,40,0
2026-08-14T15:30:57.271811,34,38,40,34,39,0
2026-08-14T15:30:57.273821,33,38,38,32,39,0
2026-08-14T15:30:57.275833,32,38,36,33,39,0
2026-08-14T15:30:57.276844,31,35,36,30,38,0
2026-08-14T15:30:57.276844,30,35,34,29,37,0
2026-08-14T15:30:57.278856,30,34,34,28,37,0
2026-08-14T15:30:57.280866,28,34,34,28,35,0
2026-08-14T15:30:57.280866,29,34,34,27,36,0
2026-08-14T15:30:57.280866,28,34,34,28,35,0
2026-08-14T15:30:57.293899,27,34,32,29,35,0
2026-08-14T15:30:57.293899,28,33,34,29,35,0
2026-08-14T15:30:57.293899,29,33,33,30,34,0
2026-08-14T15:30:57.296149,28,34,34,28,34,0
2026-08-14T15:30:57.296149,28,34,32,29,36,0
2026-08-14T15:30:57.296149,29,34,33,30,34,0
2026-08-14T15:30:57.298159,30,34,33,30,34,0
2026-08-14T15:30:57.298159,31,35,33,30,35,0
2026-08-14T15:30:57.298159,31,34,35,29,37,0
2026-08-14T15:30:57.300169,30,36,36,30,37,0
2026-08-14T15:30:57.300169,30,37,36,31,38,0
2026-08-14T15:30:57.301177,33,38,36,33,37,0
2026-08-14T15:30:57.302767,33,38,38,32,40,0
2026-08-14T15:30:57.303320,33,40,38,34,41,0
2026-08-14T15:30:57.303320,33,40,40,34,40,0
2026-08-14T15:30:57.303320,36,41,40,35,40,0
2026-08-14T15:30:57.305434,35,41,41,35,43,0
2026-08-14T15:30:57.305434,34,42,41,36,42,0
2026-08-14T15:30:57.305434,36,42,41,36,41,0
2026-08-14T15:30:57.305434,37,42,41,37,41,0
2026-08-14T15:30:57.309193,37,42,42,36,41,0
2026-08-14T15:30:57.309193,36,43,43,36,43,0
2026-08-14T15:30:57.309193,38,44,43,38,42,0
2026-08-14T15:30:57.309193,39,44,43,38,42,0
2026-08-14T15:30:57.313212,39,45,46,38,45,0
2026-08-14T15:30:57.313212,40,47,47,41,45,0
2026-08-14T15:30:57.313212,41,49,48,43,47,0
2026-08-14T15:30:57.317229,42,50,50,42,47,0
2026-08-14T15:30:57.317229,44,50,51,43,50,0
2026-08-14T15:30:57.317229,45,53,51,45,49,0
2026-08-14T15:30:57.319238,45,55,53,46,50,0
2026-08-14T15:30:57.320339,46,56,54,47,51,0
2026-08-14T15:30:57.320339,48,56,54,48,53,0
2026-08-14T15:30:57.322381,48,58,56,48,52,0
2026-08-14T15:30:57.325401,48,59,56,49,53,0
2026-08-14T15:30:57.325401,49,60,58,50,54,0
2026-08-14T15:30:57.325401,51,62,61,52,57,0
2026-08-14T15:30:57.327409,55,63,64,56,59,0
2026-08-14T15:30:57.329419,58,67,68,60,62,0
2026-08-14T15:30:57.330188,61,72,72,64,66,0
2026-08-14T15:30:57.330188,66,77,77,67,69,0
2026-08-14T15:30:57.333707,68,81,81,71,72,0
2026-08-14T15:30:57.333707,72,85,83,75,75,0
2026-08-14T15:30:57.333707,75,87,86,76,77,0
2026-08-14T15:30:57.335717,76,89,88,77,80,0
2026-08-14T15:30:57.336238,78,92,89,79,80,0
2026-08-14T15:30:57.338426,80,94,92,80,83,0
2026-08-14T15:30:57.338426,82,96,93,83,83,0
2026-08-14T15:30:57.340293,81,99,94,84,84,0
2026-08-14T15:30:57.342137,84,99,96,85,85,0
2026-08-14T15:30:57.342137,84,100,96,84,86,0
2026-08-14T15:30:57.352177,83,101,94,85,87,0
2026-08-14T15:30:57.352809,84,103,96,85,88,0
2026-08-14T15:30:57.353467,86,104,98,87,90,0
2026-08-14T15:30:57.355596,87,107,101,88,91,0
2026-08-14T15:30:57.369532,90,111,103,92,94,0
2026-08-14T15:30:57.370437,95,113,108,97,97,0
2026-08-14T15:30:57.370437,99,117,113,100,100,0
2026-08-14T15:30:57.370437,104,124,119,105,105,0
2026-08-14T15:30:57.370437,108,130,123,111,109,0
2026-08-14T15:30:57.370437,111,133,128,114,114,0
2026-08-14T15:30:57.370437,115,138,132,118,117,0
2026-08-14T15:30:57.370437,117,142,133,118,118,0
2026-08-14T15:30:57.370437,120,143,135,121,120,0
2026-08-14T15:30:57.374903,122,146,137,121,124,0
2026-08-14T15:30:57.374903,123,149,138,124,125,0
2026-08-14T15:30:57.374903,124,152,140,124,126,0
2026-08-14T15:30:57.374903,126,153,140,126,127,0
2026-08-14T15:30:57.376914,128,155,143,127,129,0
2026-08-14T15:30:57.376914,129,159,144,129,130,0
2026-08-14T15:30:57.376914,131,161,146,130,131,0
2026-08-14T15:30:57.378923,133,162,147,131,133,0
2026-08-14T15:30:57.378923,132,165,149,133,134,0
2026-08-14T15:30:57.378923,135,168,153,136,138,0
2026-08-14T15:30:57.378923,139,171,156,139,140,0
2026-08-14T15:30:57.380933,140,175,158,141,143,0
2026-08-14T15:30:57.380933,144,177,161,144,146,0
2026-08-14T15:30:57.380933,147,180,164,146,148,0
2026-08-14T15:30:57.380933,150,183,168,151,150,0
2026-08-14T15:30:57.382945,152,182,170,154,153,0
2026-08-14T15:30:57.382945,158,186,173,157,155,0
2026-08-14T15:30:57.382945,160,189,178,162,158,0
2026-08-14T15:30:57.382945,161,194,180,164,160,0
2026-08-14T15:30:57.384955,164,196,182,164,161,0
2026-08-14T15:30:57.384955,164,199,182,165,163,0
2026-08-14T15:30:57.386123,167,200,186,167,165,0
2026-08-14T15:30:57.386123,169,203,188,171,168,0
2026-08-14T15:30:57.386123,173,204,193,176,170,0
2026-08-14T15:30:57.388232,176,211,197,179,176,0
2026-08-14T15:30:57.390440,182,216,200,183,181,0
2026-08-14T15:30:57.391449,183,221,203,186,183,0
2026-08-14T15:30:57.391449,187,224,205,188,185,0
2026-08-14T15:30:57.391449,189,228,209,189,188,0
2026-08-14T15:30:57.394946,191,231,210,191,189,0
2026-08-14T15:30:57.394946,192,235,213,193,193,0
2026-08-14T15:30:57.394946,195,238,216,196,194,0
2026-08-14T15:30:57.397425,195,242,218,197,196,0
2026-08-14T15:30:57.399778,198,244,221,198,199,0
2026-08-14T15:30:57.399778,201,248,223,201,202,0
2026-08-14T15:30:57.399778,202,253,228,204,204,0
2026-08-14T15:30:57.402803,206,257,233,209,207,0
2026-08-14T15:30:57.403546,209,259,237,215,211,0
2026-08-14T15:30:57.403546,216,263,243,221,214,0
2026-08-14T15:30:57.407655,219,265,252,230,218,0
2026-08-14T15:30:57.407655,228,272,264,239,223,0
2026-08-14T15:30:57.407655,235,282,271,246,230,0
2026-08-14T15:30:57.410083,239,288,275,250,234,0
2026-08-14T15:30:57.410083,243,292,278,254,237,0
2026-08-14T15:30:57.410083,245,295,280,255,240,0
2026-08-14T15:30:57.410083,247,298,283,258,243,0
2026-08-14T15:30:57.415759,249,302,284,260,247,0
2026-08-14T15:30:57.415759,253,303,286,262,251,0
2026-08-14T15:30:57.415759,255,306,288,266,254,0
2026-08-14T15:30:57.419609,259,311,289,269,259,0
2026-08-14T15:30:57.419609,262,313,290,271,261,0
2026-08-14T15:30:57.420360,263,316,292,273,264,0
2026-08-14T15:30:57.420360,266,319,293,273,266,0
2026-08-14T15:30:57.423885,267,324,296,276,267,0
2026-08-14T15:30:57.423885,267,329,300,277,270,0
2026-08-14T15:30:57.423885,272,333,304,283,273,0
2026-08-14T15:30:57.423885,275,337,311,288,277,0
2026-08-14T15:30:57.423885,277,343,316,292,282,0
2026-08-14T15:30:57.423885,281,348,321,296,287,0
2026-08-14T15:30:57.423885,286,354,325,300,292,0
2026-08-14T15:30:57.432172,290,360,329,304,297,0
2026-08-14T15:30:57.432172,293,367,334,308,302,0
2026-08-14T15:30:57.433211,298,373,340,312,306,0
2026-08-14T15:30:57.433211,302,379,344,318,310,0
2026-08-14T15:30:57.433211,304,383,349,321,314,0
2026-08-14T15:30:57.433211,307,385,356,327,315,0
2026-08-14T15:30:57.433211,310,391,363,332,319,0
2026-08-14T15:30:57.440650,315,398,368,336,326,0
2026-08-14T15:30:57.440650,320,406,371,340,331,0
2026-08-14T15:30:57.440650,325,413,376,345,337,0
2026-08-14T15:30:57.444341,329,422,381,350,344,0
2026-08-14T15:30:57.444341,333,431,386,354,349,0
2026-08-14T15:30:57.444341,338,435,389,356,353,0
2026-08-14T15:30:57.448441,340,440,392,359,357,0
2026-08-14T15:30:57.448441,341,444,394,360,358,0
2026-08-14T15:30:57.448441,342,447,398,362,361,0
2026-08-14T15:30:57.450204,345,451,402,366,364,0
2026-08-14T15:30:57.450204,348,455,407,370,368,0
2026-08-14T15:30:57.453564,351,461,414,373,372,0
2026-08-14T15:30:57.453564,353,465,418,377,375,0
2026-08-14T15:30:57.456618,355,469,421,378,379,0
2026-08-14T15:30:57.456618,359,475,422,378,382,0
2026-08-14T15:30:57.456618,360,476,425,382,385,0
2026-08-14T15:30:57.456618,362,482,430,387,387,0
2026-08-14T15:30:57.460717,366,483,436,393,391,0
2026-08-14T15:30:57.460717,371,481,438,401,394,0
2026-08-14T15:30:57.460717,375,479,445,407,396,0
2026-08-14T15:30:57.464814,377,483,451,413,400,0
2026-08-14T15:30:57.464814,382,488,458,419,402,0
2026-08-14T15:30:57.464814,387,490,467,425,405,0
2026-08-14T15:30:57.464814,392,496,471,430,412,0
2026-08-14T15:30:57.464814,396,500,474,432,418,0
2026-08-14T15:30:57.470202,397,506,477,435,420,0
2026-08-14T15:30:57.470846,399,511,478,436,423,0
2026-08-14T15:30:57.472873,400,514,477,437,426,0
2026-08-14T15:30:57.472873,401,518,478,437,428,0
2026-08-14T15:30:57.472873,401,520,479,438,431,0
2026-08-14T15:30:57.472873,402,524,481,438,433,0
2026-08-14T15:30:57.472873,403,528,484,440,435,0
2026-08-14T15:30:57.472873,403,533,488,441,439,0
2026-08-14T15:30:57.472873,406,540,493,444,444,0
2026-08-14T15:30:57.481171,410,546,497,448,446,0
2026-08-14T15:30:57.481171,411,552,501,449,450,0
2026-08-14T15:30:57.481171,414,559,504,450,454,0
2026-08-14T15:30:57.485291,415,564,509,452,458,0
2026-08-14T15:30:57.486150,416,571,514,456,460,0
2026-08-14T15:30:57.486813,418,577,521,461,466,0
2026-08-14T15:30:57.486813,422,584,527,465,471,0
2026-08-14T15:30:57.489566,425,590,534,473,477,0
2026-08-14T15:30:57.489566,431,591,542,482,480,0
2026-08-14T15:30:57.491330,439,589,546,491,483,0
2026-08-14T15:30:57.492550,442,593,559,499,486,0
2026-08-14T15:30:57.492550,452,590,568,507,488,0
2026-08-14T15:30:57.492550,455,592,582,514,491,0
2026-08-14T15:30:57.495250,459,601,586,518,495,0
2026-08-14T15:30:57.497005,463,606,587,520,501,0
2026-08-14T15:30:57.497005,467,609,587,522,507,0
2026-08-14T15:30:57.497005,471,611,585,525,512,0
2026-08-14T15:30:57.497005,474,614,586,528,518,0
2026-08-14T15:30:57.502825,477,620,585,531,522,0
2026-08-14T15:30:57.504448,480,622,586,532,527,0
2026-08-14T15:30:57.504448,481,624,587,534,529,0
2026-08-14T15:30:57.505691,483,629,590,536,531,0
2026-08-14T15:30:57.505691,482,632,594,537,533,0
2026-08-14T15:30:57.505691,484,633,597,539,532,0
2026-08-14T15:30:57.505691,487,634,603,542,534,0
2026-08-14T15:30:57.505691,488,642,605,546,541,0
2026-08-14T15:30:57.505691,492,650,609,548,544,0
2026-08-14T15:30:57.514006,494,656,613,551,549,0
2026-08-14T15:30:57.514006,496,660,616,554,554,0
2026-08-14T15:30:57.514006,498,664,617,557,559,0
2026-08-14T15:30:57.514006,500,669,619,558,561,0
2026-08-14T15:30:57.518066,501,677,623,560,566,0
2026-08-14T15:30:57.518066,505,683,629,564,570,0
2026-08-14T15:30:57.519473,509,687,635,569,572,0
2026-08-14T15:30:57.522078,512,688,641,575,575,0
2026-08-14T15:30:57.522078,517,693,648,581,578,0
2026-08-14T15:30:57.522078,520,699,656,584,583,0
2026-08-14T15:30:57.522078,523,703,659,587,586,0
2026-08-14T15:30:57.526270,524,708,660,588,590,0
2026-08-14T15:30:57.526270,524,714,659,587,594,0
2026-08-14T15:30:57.526270,525,719,658,587,598,0
2026-08-14T15:30:57.530224,526,722,655,586,601,0
2026-08-14T15:30:57.530224,527,727,657,587,604,0
2026-08-14T15:30:57.530224,528,730,662,590,607,0
2026-08-14T15:30:57.530224,532,735,667,591,610,0
2026-08-14T15:30:57.530224,535,741,670,592,614,0
2026-08-14T15:30:57.530224,537,747,672,594,619,0
2026-08-14T15:30:57.530224,540,750,676,598,622,0
2026-08-14T15:30:57.538680,543,755,680,599,624,0
2026-08-14T15:30:57.538680,545,760,683,601,627,0
2026-08-14T15:30:57.538680,547,763,688,605,631,0
2026-08-14T15:30:57.538680,550,766,691,608,635,0
2026-08-14T15:30:57.538680,553,769,692,612,638,0
2026-08-14T15:30:57.538680,560,765,693,619,642,0
2026-08-14T15:30:57.538680,568,761,698,627,643,0
2026-08-14T15:30:57.538680,574,759,704,630,647,0
2026-08-14T15:30:57.547029,574,765,707,632,650,0
2026-08-14T15:30:57.547029,576,766,710,634,651,0
2026-08-14T15:30:57.550839,579,771,713,635,655,0
2026-08-14T15:30:57.550839,580,774,715,637,658,0
2026-08-14T15:30:57.552906,582,778,720,640,659,0
2026-08-14T15:30:57.553372,585,781,723,641,661,0
2026-08-14T15:30:57.553372,587,784,727,644,664,0
2026-08-14T15:30:57.555289,590,782,729,648,666,0
2026-08-14T15:30:57.555289,594,782,731,651,670,0
2026-08-14T15:30:57.555289,595,790,730,651,674,0
2026-08-14T15:30:57.555289,597,791,730,649,677,0
2026-08-14T15:30:57.555289,598,797,731,649,679,0
2026-08-14T15:30:57.555289,597,798,733,649,680,0
2026-08-14T15:30:57.555289,597,804,733,649,682,0
2026-08-14T15:30:57.563350,597,808,735,648,683,0
2026-08-14T15:30:57.563350,598,812,738,649,687,0
2026-08-14T15:30:57.566596,597,815,740,650,688,0
2026-08-14T15:30:57.566596,597,821,741,649,691,0
2026-08-14T15:30:57.568885,598,825,743,648,691,0
2026-08-14T15:30:57.570139,598,828,743,648,692,0
2026-08-14T15:30:57.571450,597,830,743,648,696,0
2026-08-14T15:30:57.571450,595,834,746,648,697,0
2026-08-14T15:30:57.571450,596,839,747,648,698,0
2026-08-14T15:30:57.574156,596,841,751,648,700,0
2026-08-14T15:30:57.574156,598,843,753,650,702,0
2026-08-14T15:30:57.574156,602,844,757,654,703,0
2026-08-14T15:30:57.579585,604,845,761,660,706,0
2026-08-14T15:30:57.579585,610,839,763,666,706,0
2026-08-14T15:30:57.579585,618,833,767,674,706,0
2026-08-14T15:30:57.581604,622,826,776,681,704,0
2026-08-14T15:30:57.581604,628,818,780,689,702,0
2026-08-14T15:30:57.581604,633,811,788,695,699,0
2026-08-14T15:30:57.581604,632,824,793,696,705,0
2026-08-14T15:30:57.586831,634,827,790,698,711,0
2026-08-14T15:30:57.588045,638,829,794,701,713,0
2026-08-14T15:30:57.588045,643,830,793,705,716,0
2026-08-14T15:30:57.588045,646,832,791,706,720,0
2026-08-14T15:30:57.590054,650,835,788,706,725,0
2026-08-14T15:30:57.592065,653,834,787,708,728,0
2026-08-14T15:30:57.592970,654,836,787,709,730,0
2026-08-14T15:30:57.592970,656,839,787,709,732,0
2026-08-14T15:30:57.596161,658,839,785,709,735,0
2026-08-14T15:30:57.596826,661,840,785,709,739,0
2026-08-14T15:30:57.596826,662,841,782,710,741,0
2026-08-14T15:30:57.598039,663,845,784,709,743,0
2026-08-14T15:30:57.598039,663,850,785,708,744,0
2026-08-14T15:30:57.598039,663,852,786,706,746,0
2026-08-14T15:30:57.603324,661,856,786,706,747,0
2026-08-14T15:30:57.604496,661,861,788,704,748,0
2026-08-14T15:30:57.604496,661,866,790,703,749,0
2026-08-14T15:30:57.604496,659,868,791,703,750,0
2026-08-14T15:30:57.604496,656,873,794,703,752,0
2026-08-14T15:30:57.604496,657,877,797,704,753,0
2026-08-14T15:30:57.604496,657,879,800,704,754,0
2026-08-14T15:30:57.610489,657,882,802,705,756,0
2026-08-14T15:30:57.612498,658,882,805,708,758,0
2026-08-14T15:30:57.612498,659,880,807,710,758,0
2026-08-14T15:30:57.614512,663,876,809,715,756,0
2026-08-14T15:30:57.614512,667,874,808,718,756,0
2026-08-14T15:30:57.614512,671,871,808,720,756,0
2026-08-14T15:30:57.614512,670,875,813,721,757,0
2026-08-14T15:30:57.620045,672,873,816,723,754,0
2026-08-14T15:30:57.620045,669,873,819,725,754,0
2026-08-14T15:30:57.620045,672,870,819,728,754,0
2026-08-14T15:30:57.622848,673,866,822,732,752,0
2026-08-14T15:30:57.622848,673,866,826,734,752,0
2026-08-14T15:30:57.622848,675,867,828,737,751,0
2026-08-14T15:30:57.622848,676,867,830,740,751,0
2026-08-14T15:30:57.628499,678,868,833,741,752,0
2026-08-14T15:30:57.628499,678,867,833,741,752,0
2026-08-14T15:30:57.628499,679,868,834,742,753,0
2026-08-14T15:30:57.631926,681,868,834,743,754,0
2026-08-14T15:30:57.632933,682,868,834,743,754,0
2026-08-14T15:30:57.642388,684,871,833,744,754,0
2026-08-14T15:30:57.643346,685,870,833,744,754,0
2026-08-14T15:30:57.643856,685,871,832,744,754,0
2026-08-14T15:30:57.644598,687,870,831,744,755,0
2026-08-14T15:30:57.644598,689,870,831,745,756,0
2026-08-14T15:30:57.645879,690,870,829,746,756,0
2026-08-14T15:30:57.646387,690,869,829,747,757,0
2026-08-14T15:30:57.646387,692,868,826,747,757,0
2026-08-14T15:30:57.646387,695,866,825,748,757,0
2026-08-14T15:30:57.648104,695,865,824,748,757,0
2026-08-14T15:30:57.648612,697,863,822,748,758,0
2026-08-14T15:30:57.649247,699,861,821,749,757,0
2026-08-14T15:30:57.649247,702,861,819,749,757,0
2026-08-14T15:30:57.649247,701,862,820,748,758,0
2026-08-14T15:30:57.651256,701,864,819,747,759,0
2026-08-14T15:30:57.653206,702,866,819,747,761,0
2026-08-14T15:30:57.653206,702,867,818,746,760,0
2026-08-14T15:30:57.654357,702,866,817,745,762,0
2026-08-14T15:30:57.654357,703,867,815,744,763,0
2026-08-14T15:30:57.655273,703,868,813,744,764,0
2026-08-14T15:30:57.655273,703,868,812,742,765,0
2026-08-14T15:30:57.655273,702,868,809,742,765,0
2026-08-14T15:30:57.660510,702,869,808,740,766,0
2026-08-14T15:30:57.660510,703,870,807,738,765,0
2026-08-14T15:30:57.662521,702,872,804,738,766,0
2026-08-14T15:30:57.663213,703,871,804,738,765,0
2026-08-14T15:30:57.663213,703,868,805,738,765,0
2026-08-14T15:30:57.665817,701,868,807,739,764,0
2026-08-14T15:30:57.665817,701,868,807,740,763,0
2026-08-14T15:30:57.669482,702,866,807,740,761,0
2026-08-14T15:30:57.670325,700,863,809,742,761,0
2026-08-14T15:30:57.670325,701,862,808,742,760,0
2026-08-14T15:30:57.672751,701,862,810,742,759,0
2026-08-14T15:30:57.672751,701,860,809,742,759,0
2026-08-14T15:30:57.674762,701,860,809,743,759,0
2026-08-14T15:30:57.674762,701,858,809,743,759,0
2026-08-14T15:30:57.677340,700,859,809,742,757,0
2026-08-14T15:30:57.677340,700,859,808,741,759,0
2026-08-14T15:30:57.677340,701,857,806,741,758,0
2026-08-14T15:30:57.680606,700,858,807,742,759,0
2026-08-14T15:30:57.682615,698,858,806,741,758,0
2026-08-14T15:30:57.682615,700,856,805,740,758,0
2026-08-14T15:30:57.682615,699,856,805,740,758,0
2026-08-14T15:30:57.685655,699,855,806,741,758,0
2026-08-14T15:30:57.686226,698,854,806,741,758,0
2026-08-14T15:30:57.687033,699,853,807,742,757,0
2026-08-14T15:30:57.688273,698,853,806,742,757,0
2026-08-14T15:30:57.688273,699,852,807,741,757,0
2026-08-14T15:30:57.688273,698,849,808,741,757,0
2026-08-14T15:30:57.691841,698,851,808,742,755,0
2026-08-14T15:30:57.693868,700,851,807,742,755,0
2026-08-14T15:30:57.693868,699,851,808,741,756,0
2026-08-14T15:30:57.693868,698,850,807,742,755,0
2026-08-14T15:30:57.696820,698,850,807,741,755,0
2026-08-14T15:30:57.696820,698,851,808,742,756,0
2026-08-14T15:30:57.696820,698,850,807,741,756,0
2026-08-14T15:30:57.700045,699,850,808,741,757,0
2026-08-14T15:30:57.701945,699,852,808,742,756,0
2026-08-14T15:30:57.702740,697,852,807,741,757,0
2026-08-14T15:30:57.702740,698,851,806,741,757,0
2026-08-14T15:30:57.704711,700,850,807,740,757,0
2026-08-14T15:30:57.704711,698,849,808,741,757,0
2026-08-14T15:30:57.707540,700,850,807,741,756,0
2026-08-14T15:30:57.710259,698,851,808,741,756,0
2026-08-14T15:30:57.710259,698,851,807,742,756,0
2026-08-14T15:30:57.710259,699,850,807,741,757,0
2026-08-14T15:30:57.710259,699,850,808,742,755,0
2026-08-14T15:30:57.714281,698,850,808,742,756,0
2026-08-14T15:30:57.714281,699,850,808,741,757,0
2026-08-14T15:30:57.714281,699,851,808,742,757,0
2026-08-14T15:30:57.718299,698,850,806,742,757,0
2026-08-14T15:30:57.718299,698,850,808,741,756,0
2026-08-14T15:30:57.719440,700,849,807,742,756,0
2026-08-14T15:30:57.720130,700,850,806,741,756,0
2026-08-14T15:30:57.720130,699,851,806,741,757,0
2026-08-14T15:30:57.720130,699,851,807,741,756,0
2026-08-14T15:30:57.720130,697,850,808,741,756,0
2026-08-14T15:30:57.726647,699,851,807,741,757,0
2026-08-14T15:30:57.726647,698,850,807,742,757,0
2026-08-14T15:30:57.726647,699,851,807,742,756,0
2026-08-14T15:30:57.726647,699,851,807,742,756,0
2026-08-14T15:30:57.729385,698,850,806,742,756,0
2026-08-14T15:30:57.729385,698,849,806,741,757,0
2026-08-14T15:30:57.729385,699,850,806,742,756,0
2026-08-14T15:30:57.734940,700,849,807,742,756,0
2026-08-14T15:30:57.736052,700,851,806,741,756,0
2026-08-14T15:30:57.736697,699,849,807,741,757,0
2026-08-14T15:30:57.737185,699,850,807,740,756,0
2026-08-14T15:30:57.738578,699,851,807,742,755,0
2026-08-14T15:30:57.738578,698,851,807,740,756,0
2026-08-14T15:30:57.740589,698,850,807,741,756,0
2026-08-14T15:30:57.742996,698,851,808,742,756,0
2026-08-14T15:30:57.742996,698,850,807,741,757,0
2026-08-14T15:30:57.742996,699,850,808,742,756,0
2026-08-14T15:30:57.745004,698,851,806,741,757,0
2026-08-14T15:30:57.745004,699,850,806,741,757,0
2026-08-14T15:30:57.748345,699,849,806,742,756,0
2026-08-14T15:30:57.748345,698,850,807,742,756,0
2026-08-14T15:30:57.751082,699,849,806,742,756,0
2026-08-14T15:30:57.751082,699,850,807,740,756,0
2026-08-14T15:30:57.753409,699,851,807,741,755,0
2026-08-14T15:30:57.754082,699,851,807,741,756,0
2026-08-14T15:30:57.754082,698,851,807,741,756,0
2026-08-14T15:30:57.754082,698,850,808,742,756,0
2026-08-14T15:30:57.757384,698,850,806,742,756,0
2026-08-14T15:30:57.759367,698,851,806,743,756,0
2026-08-14T15:30:57.759367,698,850,807,741,756,0
2026-08-14T15:30:57.759367,699,850,807,741,756,0
2026-08-14T15:30:57.761879,700,850,806,741,756,0
2026-08-14T15:30:57.765472,699,851,806,741,756,0
2026-08-14T15:30:57.765472,698,849,807,741,756,0
2026-08-14T15:30:57.765472,698,851,807,740,756,0
2026-08-14T15:30:57.767478,698,851,807,741,756,0
2026-08-14T15:30:57.771202,698,851,808,742,756,0
2026-08-14T15:30:57.773512,699,851,807,742,755,0
2026-08-14T15:30:57.775517,699,850,808,742,756,0
2026-08-14T15:30:57.776142,698,850,807,741,757,0
2026-08-14T15:30:57.776142,699,850,806,742,756,0
2026-08-14T15:30:57.776142,698,848,806,742,757,0
2026-08-14T15:30:57.778150,698,850,808,741,756,0
2026-08-14T15:30:57.778150,699,849,807,741,756,0
2026-08-14T15:30:57.778150,699,849,807,741,756,0
2026-08-14T15:30:57.779912,699,850,806,742,755,0
2026-08-14T15:30:57.779912,699,850,807,741,756,0
2026-08-14T15:30:57.779912,700,850,808,741,755,0
2026-08-14T15:30:57.783673,699,851,807,741,756,0
2026-08-14T15:30:57.783673,698,850,807,741,756,0
2026-08-14T15:30:57.783673,699,849,808,742,756,0
2026-08-14T15:30:57.786035,698,850,807,742,756,0
2026-08-14T15:30:57.786862,700,850,807,742,756,0
2026-08-14T15:30:57.788870,699,848,807,742,757,0
2026-08-14T15:30:57.788870,699,849,808,742,757,0
2026-08-14T15:30:57.791887,699,849,806,742,756,0
2026-08-14T15:30:57.791887,699,850,807,742,756,0
2026-08-14T15:30:57.791887,699,850,806,742,755,0
2026-08-14T15:30:57.793895,699,850,806,742,756,0
2026-08-14T15:30:57.793895,699,851,807,741,756,0
2026-08-14T15:30:57.793895,699,851,806,742,756,0
2026-08-14T15:30:57.793895,699,850,807,742,755,0
2026-08-14T15:30:57.800308,699,849,808,742,757,0
2026-08-14T15:30:57.801027,699,848,807,742,757,0
2026-08-14T15:30:57.801027,700,850,808,742,756,0
2026-08-14T15:30:57.802688,698,851,806,742,757,0
2026-08-14T15:30:57.804112,699,848,807,741,757,0
2026-08-14T15:30:57.804112,699,850,807,742,757,0
2026-08-14T15:30:57.806122,699,851,808,742,756,0
2026-08-14T15:30:57.808132,700,849,807,741,755,0
2026-08-14T15:30:57.809089,700,849,807,741,756,0
2026-08-14T15:30:57.809738,699,851,806,742,756,0
2026-08-14T15:30:57.812373,699,851,807,741,755,0
2026-08-14T15:30:57.812373,699,851,807,741,756,0
2026-08-14T15:30:57.814386,699,851,807,743,756,0
2026-08-14T15:30:57.814386,698,850,807,742,757,0
2026-08-14T15:30:57.817089,698,851,807,743,757,0
2026-08-14T15:30:57.817089,698,851,807,742,756,0
2026-08-14T15:30:57.817089,699,850,807,741,756,0
2026-08-14T15:30:57.820122,699,849,806,742,756,0
2026-08-14T15:30:57.821344,699,850,808,742,756,0
2026-08-14T15:30:57.821344,699,850,807,742,756,0
2026-08-14T15:30:57.821344,700,850,808,741,756,0
2026-08-14T15:30:57.824867,699,850,808,741,756,0
2026-08-14T15:30:57.825941,699,850,807,742,756,0
2026-08-14T15:30:57.825941,698,851,807,742,756,0
2026-08-14T15:30:57.825941,698,850,808,742,755,0
2026-08-14T15:30:57.825941,699,850,807,742,756,0
2026-08-14T15:30:57.825941,698,851,807,743,756,0
2026-08-14T15:30:57.825941,699,849,806,743,756,0
2026-08-14T15:30:57.833093,698,851,807,742,756,0
2026-08-14T15:30:57.833093,699,850,808,742,756,0
2026-08-14T15:30:57.833093,698,851,808,742,757,0
2026-08-14T15:30:57.836869,699,849,807,742,756,0
2026-08-14T15:30:57.836869,699,851,808,741,755,0
2026-08-14T15:30:57.836869,701,851,808,741,756,0
2026-08-14T15:30:57.840720,699,850,808,741,756,0
2026-08-14T15:30:57.840720,699,850,808,742,756,0
2026-08-14T15:30:57.842479,699,850,808,742,757,0
2026-08-14T15:30:57.842479,699,851,807,742,756,0
2026-08-14T15:30:57.845733,698,851,806,742,757,0
2026-08-14T15:30:57.845733,698,850,808,742,757,0
2026-08-14T15:30:57.845733,699,850,808,742,757,0
2026-08-14T15:30:57.848856,698,851,808,742,756,0
2026-08-14T15:30:57.848856,699,850,807,742,757,0
2026-08-14T15:30:57.850866,699,851,807,742,757,0
2026-08-14T15:30:57.850866,699,850,807,742,756,0
2026-08-14T15:30:57.853477,699,851,807,742,756,0
2026-08-14T15:30:57.853477,700,850,807,742,756,0
2026-08-14T15:30:57.853477,700,851,807,742,756,0
2026-08-14T15:30:57.856911,699,850,809,742,757,0
2026-08-14T15:30:57.856911,699,850,809,742,757,0
2026-08-14T15:30:57.858918,700,851,809,743,756,0
2026-08-14T15:30:57.858918,699,850,808,742,757,0
2026-08-14T15:30:57.860926,699,849,807,742,757,0
2026-08-14T15:30:57.860926,699,850,808,742,756,0
2026-08-14T15:30:57.862934,699,850,808,742,756,0
2026-08-14T15:30:57.865088,700,849,808,742,756,0
2026-08-14T15:30:57.865088,700,849,808,743,757,0
2026-08-14T15:30:57.867097,698,850,808,742,757,0
2026-08-14T15:30:57.867097,699,851,808,742,756,0
2026-08-14T15:30:57.870302,698,850,807,742,756,0
2026-08-14T15:30:57.870302,700,850,807,742,756,0
2026-08-14T15:30:57.870302,699,850,807,743,757,0
2026-08-14T15:30:57.873469,698,851,808,743,756,0
2026-08-14T15:30:57.873469,698,850,807,742,756,0
2026-08-14T15:30:57.873469,699,849,808,742,756,0
2026-08-14T15:30:57.873469,699,850,808,742,757,0
2026-08-14T15:30:57.873469,698,850,808,742,756,0
2026-08-14T15:30:57.873469,700,850,808,742,758,0
2026-08-14T15:30:57.873469,700,851,808,742,756,0
2026-08-14T15:30:57.881616,700,850,808,742,756,0
2026-08-14T15:30:57.881616,700,851,808,742,756,0
2026-08-14T15:30:57.881616,698,851,808,742,756,0
2026-08-14T15:30:57.886659,699,850,809,742,756,0
2026-08-14T15:30:57.886659,699,849,807,742,756,0
2026-08-14T15:30:57.886659,699,851,809,743,757,0
2026-08-14T15:30:57.886659,699,849,808,742,757,0
2026-08-14T15:30:57.890065,699,851,809,742,756,0
2026-08-14T15:30:57.890065,699,851,808,742,756,0
2026-08-14T15:30:57.890065,699,851,808,742,757,0
2026-08-14T15:30:57.894001,699,851,808,743,756,0
2026-08-14T15:30:57.894001,699,850,807,742,755,0
2026-08-14T15:30:57.894001,700,850,808,742,756,0
2026-08-14T15:30:57.896628,700,851,808,743,756,0
2026-08-14T15:30:57.898992,699,851,807,743,756,0
2026-08-14T15:30:57.898992,698,850,808,743,756,0
2026-08-14T15:30:57.898992,698,850,809,742,757,0
2026-08-14T15:30:57.902862,699,849,808,742,756,0
2026-08-14T15:30:57.903273,699,850,808,743,757,0
2026-08-14T15:30:57.903273,699,849,808,743,757,0
2026-08-14T15:30:57.907191,699,850,808,742,757,0
2026-08-14T15:30:57.907191,699,850,808,743,756,0
2026-08-14T15:30:57.907191,701,850,807,742,757,0
2026-08-14T15:30:57.907191,699,851,808,742,757,0
2026-08-14T15:30:57.911266,699,850,809,742,756,0
2026-08-14T15:30:57.911951,698,851,808,742,756,0
2026-08-14T15:30:57.911951,700,851,807,742,756,0
2026-08-14T15:30:57.915365,699,850,808,743,757,0
2026-08-14T15:30:57.915365,699,851,808,743,756,0
2026-08-14T15:30:57.915365,698,851,809,743,757,0
2026-08-14T15:30:57.915365,699,850,808,742,757,0
2026-08-14T15:30:57.919155,699,849,809,743,757,0
2026-08-14T15:30:57.920422,700,849,809,742,757,0
2026-08-14T15:30:57.920422,700,850,807,743,756,0
2026-08-14T15:30:57.923564,699,851,808,742,756,0
2026-08-14T15:30:57.923564,699,851,809,742,757,0
2026-08-14T15:30:57.923564,699,852,808,742,757,0
2026-08-14T15:30:57.923564,698,851,808,743,757,0
2026-08-14T15:30:57.927665,699,851,808,742,757,0
2026-08-14T15:30:57.927665,699,851,808,743,756,0
2026-08-14T15:30:57.927665,700,850,809,742,757,0
2026-08-14T15:30:57.931766,698,852,809,743,757,0
2026-08-14T15:30:57.931766,698,851,808,742,756,0
2026-08-14T15:30:57.931766,699,853,808,742,756,0
2026-08-14T15:30:57.931766,699,850,807,743,756,0
2026-08-14T15:30:57.931766,700,850,807,743,757,0
2026-08-14T15:30:57.937077,699,850,808,742,756,0
2026-08-14T15:30:57.937077,700,852,809,743,756,0
2026-08-14T15:30:57.939940,699,852,809,742,756,0
2026-08-14T15:30:57.939940,699,851,808,743,756,0
2026-08-14T15:30:57.939940,700,852,808,743,756,0
2026-08-14T15:30:57.942758,698,851,808,743,756,0
2026-08-14T15:30:57.942758,699,850,808,743,757,0
2026-08-14T15:30:57.942758,699,850,809,743,757,0
2026-08-14T15:30:57.942758,699,849,808,743,757,0
2026-08-14T15:30:57.942758,700,851,808,742,756,0
2026-08-14T15:30:57.948340,700,851,808,743,756,0
2026-08-14T15:30:57.948340,700,850,809,743,757,0
2026-08-14T15:30:57.950973,699,851,808,743,756,0
2026-08-14T15:30:57.953411,698,850,809,742,756,0
2026-08-14T15:30:57.953411,698,851,809,743,756,0
2026-08-14T15:30:57.953411,700,851,808,742,757,0
2026-08-14T15:30:57.953411,699,851,808,743,756,0
2026-08-14T15:30:57.956454,699,849,810,743,756,0
2026-08-14T15:30:57.956454,699,851,808,743,756,0
2026-08-14T15:30:57.956454,699,850,808,743,757,0
2026-08-14T15:30:57.956454,700,849,808,742,756,0
2026-08-14T15:30:57.956454,699,850,808,743,758,0
2026-08-14T15:30:57.962868,699,851,808,742,756,0
2026-08-14T15:30:57.964606,700,851,808,742,757,0
2026-08-14T15:30:57.964606,699,851,808,743,756,0
2026-08-14T15:30:57.964606,698,850,809,742,757,0
2026-08-14T15:30:57.968616,698,851,809,743,756,0
2026-08-14T15:30:57.969558,699,851,809,743,755,0
2026-08-14T15:30:57.969558,699,850,807,742,756,0
2026-08-14T15:30:57.969558,699,849,808,742,757,0
2026-08-14T15:30:57.972705,698,851,808,743,757,0
2026-08-14T15:30:57.972705,699,850,808,743,757,0
2026-08-14T15:30:57.972705,700,851,808,743,756,0
2026-08-14T15:30:57.974459,701,851,808,742,757,0
2026-08-14T15:30:57.974459,699,850,808,742,757,0
2026-08-14T15:30:57.974459,700,850,809,743,756,0
2026-08-14T15:30:57.980935,699,851,808,742,756,0
2026-08-14T15:30:57.980935,700,851,809,743,756,0
2026-08-14T15:30:57.980935,699,850,808,743,757,0
2026-08-14T15:30:57.980935,698,850,809,743,756,0
2026-08-14T15:30:57.980935,700,850,809,743,756,0
2026-08-14T15:30:57.986176,698,852,809,743,756,0
2026-08-14T15:30:57.986970,699,850,809,743,757,0
2026-08-14T15:30:57.989177,699,850,809,743,757,0
2026-08-14T15:30:57.989177,699,851,809,743,757,0
2026-08-14T15:30:57.989177,700,851,809,742,756,0
2026-08-14T15:30:57.989177,700,852,808,742,756,0
2026-08-14T15:30:57.993189,700,851,808,742,756,0
2026-08-14T15:30:57.993189,699,851,808,743,756,0
2026-08-14T15:30:57.993189,699,851,809,743,756,0
2026-08-14T15:30:57.997295,699,851,808,744,756,0
2026-08-14T15:30:57.997295,698,850,809,743,757,0
2026-08-14T15:30:57.997295,698,852,808,743,757,0
2026-08-14T15:30:57.997295,698,852,808,742,756,0
2026-08-14T15:30:58.000615,700,851,809,742,757,0
2026-08-14T15:30:58.000615,699,850,808,744,756,0
2026-08-14T15:30:58.003189,700,850,808,743,756,0
2026-08-14T15:30:58.004027,699,850,809,744,756,0
2026-08-14T15:30:58.006040,698,851,809,743,756,0
2026-08-14T15:30:58.006040,700,851,808,743,756,0
2026-08-14T15:30:58.006040,700,850,809,743,756,0
2026-08-14T15:30:58.006040,699,850,809,744,757,0
2026-08-14T15:30:58.006040,699,851,808,744,756,0
2026-08-14T15:30:58.006040,700,851,809,743,756,0
2026-08-14T15:30:58.006040,699,850,808,743,757,0
2026-08-14T15:30:58.006040,699,849,808,742,757,0
2026-08-14T15:30:58.014452,699,850,808,743,756,0
2026-08-14T15:30:58.014452,700,851,808,742,756,0
2026-08-14T15:30:58.014452,699,851,808,742,757,0
2026-08-14T15:30:58.019590,699,851,809,742,756,0
2026-08-14T15:30:58.020352,699,850,809,743,756,0
2026-08-14T15:30:58.020352,698,851,809,743,755,0
2026-08-14T15:30:58.022649,700,852,808,743,756,0
2026-08-14T15:30:58.022649,699,851,809,743,756,0
2026-08-14T15:30:58.025973,698,850,807,744,757,0
2026-08-14T15:30:58.025973,699,851,809,743,756,0
2026-08-14T15:30:58.025973,700,851,808,743,757,0
2026-08-14T15:30:58.025973,699,850,808,743,756,0
2026-08-14T15:30:58.030197,701,851,808,743,756,0
2026-08-14T15:30:58.030197,700,851,807,743,757,0
2026-08-14T15:30:58.030197,700,851,808,742,756,0
2026-08-14T15:30:58.032694,700,851,808,742,756,0
2026-08-14T15:30:58.032694,699,851,809,742,756,0
2026-08-14T15:30:58.036146,700,851,808,743,756,0
2026-08-14T15:30:58.036811,699,851,809,743,756,0
2026-08-14T15:30:58.038290,700,851,808,743,757,0
2026-08-14T15:30:58.038290,700,850,808,742,756,0
2026-08-14T15:30:58.038290,698,849,808,743,757,0
2026-08-14T15:30:58.038290,699,850,808,743,757,0
2026-08-14T15:30:58.038290,699,850,808,742,757,0
2026-08-14T15:30:58.038290,699,850,808,742,756,0
2026-08-14T15:30:58.046601,700,850,808,743,757,0
2026-08-14T15:30:58.046601,700,851,809,742,756,0
2026-08-14T15:30:58.046601,699,851,809,743,757,0
2026-08-14T15:30:58.046601,700,852,809,743,756,0
2026-08-14T15:30:58.046601,699,851,809,743,756,0
2026-08-14T15:30:58.046601,698,851,808,743,757,0
2026-08-14T15:30:58.052957,698,850,808,743,757,0
2026-08-14T15:30:58.054460,700,850,809,743,757,0
2026-08-14T15:30:58.054460,699,850,807,744,757,0
2026-08-14T15:30:58.054460,700,850,808,743,757,0
2026-08-14T15:30:58.054460,700,850,808,743,757,0
2026-08-14T15:30:58.058716,699,850,808,742,756,0
2026-08-14T15:30:58.058716,701,850,808,743,756,0
2026-08-14T15:30:58.058716,701,850,808,743,757,0
2026-08-14T15:30:58.062799,700,851,808,743,756,0
2026-08-14T15:30:58.062799,698,851,809,743,756,0
2026-08-14T15:30:58.062799,699,851,809,742,756,0
2026-08-14T15:30:58.062799,699,850,808,743,756,0
2026-08-14T15:30:58.062799,699,851,808,743,757,0
2026-08-14T15:30:58.062799,699,851,808,743,756,0
2026-08-14T15:30:58.062799,699,850,808,743,757,0
2026-08-14T15:30:58.070173,700,851,807,743,757,0
2026-08-14T15:30:58.071305,700,850,809,743,756,0
2026-08-14T15:30:58.071305,702,850,809,742,756,0
2026-08-14T15:30:58.071305,699,851,809,742,756,0
2026-08-14T15:30:58.071305,700,851,808,742,757,0
2026-08-14T15:30:58.071305,700,851,809,743,756,0
2026-08-14T15:30:58.071305,698,850,809,743,756,0
2026-08-14T15:30:58.071305,698,851,809,744,756,0
2026-08-14T15:30:58.079490,699,851,809,743,756,0
2026-08-14T15:30:58.079490,700,850,808,742,756,0
2026-08-14T15:30:58.083313,699,849,808,743,757,0
2026-08-14T15:30:58.083313,698,851,808,743,756,0
2026-08-14T15:30:58.083313,700,851,808,742,756,0
2026-08-14T15:30:58.083313,699,850,808,743,756,0
2026-08-14T15:30:58.086748,701,850,809,742,756,0
2026-08-14T15:30:58.087972,700,850,808,743,755,0
2026-08-14T15:30:58.087972,700,851,808,742,757,0
2026-08-14T15:30:58.087972,699,851,808,742,756,0
2026-08-14T15:30:58.087972,699,850,809,743,756,0
2026-08-14T15:30:58.087972,700,850,809,744,756,0
2026-08-14T15:30:58.087972,699,851,809,743,757,0
2026-08-14T15:30:58.087972,699,850,810,744,757,0
2026-08-14T15:30:58.096307,700,851,809,743,756,0
2026-08-14T15:30:58.096307,698,850,809,743,757,0
2026-08-14T15:30:58.096307,700,850,808,743,756,0
2026-08-14T15:30:58.096307,699,851,808,743,756,0
2026-08-14T15:30:58.096307,700,851,809,743,756,0
2026-08-14T15:30:58.096307,700,851,807,742,757,0
2026-08-14T15:30:58.103900,699,852,809,743,756,0
2026-08-14T15:30:58.103900,700,852,809,743,756,0
2026-08-14T15:30:58.103900,698,851,809,743,756,0
2026-08-14T15:30:58.108033,700,851,809,743,757,0
2026-08-14T15:30:58.108033,699,851,808,744,757,0
2026-08-14T15:30:58.108033,699,849,808,742,757,0
2026-08-14T15:30:58.112116,699,850,809,742,757,0
2026-08-14T15:30:58.112116,700,849,808,744,757,0
2026-08-14T15:30:58.112116,699,849,808,742,758,0
2026-08-14T15:30:58.112116,700,851,809,743,756,0
2026-08-14T15:30:58.112116,699,851,809,743,756,0
2026-08-14T15:30:58.112116,700,849,808,743,756,0
2026-08-14T15:30:58.112116,699,851,809,743,756,0
2026-08-14T15:30:58.119906,699,851,809,743,757,0
2026-08-14T15:30:58.120881,698,851,809,743,755,0
2026-08-14T15:30:58.122113,698,851,809,743,757,0
2026-08-14T15:30:58.122113,699,850,809,744,757,0
2026-08-14T15:30:58.124129,699,850,809,743,757,0
2026-08-14T15:30:58.124129,700,850,808,743,757,0
2026-08-14T15:30:58.124129,700,851,808,743,757,0
2026-08-14T15:30:58.128178,700,850,808,743,756,0
2026-08-14T15:30:58.128178,700,851,808,743,757,0
2026-08-14T15:30:58.128178,699,851,808,742,757,0
2026-08-14T15:30:58.128178,699,851,809,743,756,0
2026-08-14T15:30:58.130672,701,851,808,743,756,0
2026-08-14T15:30:58.130672,699,851,809,742,757,0
2026-08-14T15:30:58.130672,699,852,809,743,756,0
2026-08-14T15:30:58.136231,699,851,809,744,756,0
2026-08-14T15:30:58.136753,700,852,809,744,757,0
2026-08-14T15:30:58.136753,700,851,808,744,757,0
2026-08-14T15:30:58.140642,699,849,809,743,757,0
2026-08-14T15:30:58.140642,698,852,809,743,756,0
2026-08-14T15:30:58.140642,700,850,809,742,756,0
2026-08-14T15:30:58.142403,700,850,808,742,757,0
2026-08-14T15:30:58.144460,700,850,809,742,757,0
2026-08-14T15:30:58.144460,700,850,808,743,756,0
2026-08-14T15:30:58.144460,701,852,809,743,756,0
2026-08-14T15:30:58.148184,700,851,808,742,757,0
2026-08-14T15:30:58.148184,700,850,809,742,757,0
2026-08-14T15:30:58.150194,698,851,809,742,757,0
2026-08-14T15:30:58.150194,699,852,809,744,757,0
2026-08-14T15:30:58.153024,699,850,810,744,757,0
2026-08-14T15:30:58.153812,699,850,809,743,757,0
2026-08-14T15:30:58.154564,699,850,809,743,757,0
2026-08-14T15:30:58.157019,699,850,809,744,757,0
2026-08-14T15:30:58.157612,699,850,809,743,756,0
2026-08-14T15:30:58.157612,700,851,808,742,756,0
2026-08-14T15:30:58.157612,699,850,808,742,758,0
2026-08-14T15:30:58.161188,700,851,808,743,757,0
2026-08-14T15:30:58.161188,700,851,809,743,756,0
2026-08-14T15:30:58.161188,699,851,809,743,756,0
2026-08-14T15:30:58.161188,700,851,808,742,757,0
2026-08-14T15:30:58.161188,698,852,809,743,755,0
2026-08-14T15:30:58.161188,699,852,808,744,757,0
2026-08-14T15:30:58.161188,700,851,808,742,756,0
2026-08-14T15:30:58.169464,700,851,810,744,757,0
2026-08-14T15:30:58.170053,700,849,808,743,757,0
2026-08-14T15:30:58.170053,700,850,808,744,757,0
2026-08-14T15:30:58.170053,699,850,808,742,757,0
2026-08-14T15:30:58.170053,700,849,809,742,757,0
2026-08-14T15:30:58.170053,700,850,808,744,757,0
2026-08-14T15:30:58.177515,700,851,809,743,757,0
2026-08-14T15:30:58.177515,698,852,809,743,757,0
2026-08-14T15:30:58.177515,699,852,809,744,756,0
2026-08-14T15:30:58.177515,699,851,809,743,757,0
2026-08-14T15:30:58.177515,699,852,808,743,757,0
2026-08-14T15:30:58.177515,700,851,809,743,756,0
2026-08-14T15:30:58.177515,699,851,809,743,757,0
2026-08-14T15:30:58.185088,700,851,808,743,757,0
2026-08-14T15:30:58.186891,699,850,808,744,757,0
2026-08-14T15:30:58.186891,700,850,809,743,756,0
2026-08-14T15:30:58.186891,699,851,809,742,757,0
2026-08-14T15:30:58.186891,700,851,807,743,757,0
2026-08-14T15:30:58.186891,700,851,808,743,756,0
2026-08-14T15:30:58.186891,699,851,808,743,757,0
2026-08-14T15:30:58.194057,699,851,809,742,756,0
2026-08-14T15:30:58.194057,699,851,809,743,757,0
2026-08-14T15:30:58.194057,699,852,808,743,757,0
2026-08-14T15:30:58.195814,698,851,808,743,757,0
2026-08-14T15:30:58.195814,699,850,809,744,757,0
2026-08-14T15:30:58.195814,699,851,808,744,757,0
2026-08-14T15:30:58.195814,699,850,809,743,757,0
2026-08-14T15:30:58.202117,699,850,808,743,757,0
2026-08-14T15:30:58.202933,698,851,808,744,756,0
2026-08-14T15:30:58.203560,699,851,808,743,756,0
2026-08-14T15:30:58.203560,701,851,809,742,757,0
2026-08-14T15:30:58.203560,700,851,809,743,756,0
2026-08-14T15:30:58.203560,699,851,808,743,757,0
2026-08-14T15:30:58.203560,699,851,809,743,756,0
2026-08-14T15:30:58.210343,700,851,808,743,756,0
2026-08-14T15:30:58.210343,700,850,809,743,757,0
2026-08-14T15:30:58.210343,699,850,809,744,757,0
2026-08-14T15:30:58.210343,700,851,808,744,757,0
2026-08-14T15:30:58.210343,699,851,809,743,756,0
2026-08-14T15:30:58.210343,699,851,808,743,756,0
2026-08-14T15:30:58.210343,699,850,808,742,758,0
2026-08-14T15:30:58.218594,700,851,809,743,756,0
2026-08-14T15:30:58.219439,699,852,809,742,756,0
2026-08-14T15:30:58.220079,699,851,809,744,756,0
2026-08-14T15:30:58.222765,699,851,809,744,757,0
2026-08-14T15:30:58.222765,699,851,809,743,756,0
2026-08-14T15:30:58.222765,698,852,809,743,756,0
2026-08-14T15:30:58.224519,699,851,808,744,757,0
2026-08-14T15:30:58.226074,700,851,808,743,757,0
2026-08-14T15:30:58.227092,698,850,809,743,757,0
2026-08-14T15:30:58.227092,700,850,809,743,757,0
2026-08-14T15:30:58.227092,700,850,810,743,756,0
2026-08-14T15:30:58.227092,700,849,808,743,757,0
2026-08-14T15:30:58.227092,700,852,809,744,757,0
2026-08-14T15:30:58.227092,700,851,809,743,757,0
2026-08-14T15:30:58.235224,700,851,809,742,756,0
2026-08-14T15:30:58.235224,701,851,809,742,757,0
2026-08-14T15:30:58.236911,700,851,808,743,757,0
2026-08-14T15:30:58.236911,699,850,810,744,757,0
2026-08-14T15:30:58.236911,699,850,809,743,757,0
2026-08-14T15:30:58.240823,700,852,808,743,758,0
2026-08-14T15:30:58.240823,701,854,808,742,760,0
2026-08-14T15:30:58.243372,699,854,808,742,760,0
2026-08-14T15:30:58.243372,699,856,807,742,760,0
2026-08-14T15:30:58.243372,699,856,808,742,761,0
2026-08-14T15:30:58.246950,701,859,808,741,762,0
2026-08-14T15:30:58.246950,699,859,808,741,763,0
2026-08-14T15:30:58.246950,698,860,809,741,762,0
2026-08-14T15:30:58.251352,699,863,809,740,764,0
2026-08-14T15:30:58.251352,700,863,810,740,764,0
2026-08-14T15:30:58.252771,698,864,811,739,765,0
2026-08-14T15:30:58.253623,697,864,811,739,765,0
2026-08-14T15:30:58.253623,698,866,811,739,766,0
2026-08-14T15:30:58.253623,698,866,812,738,766,0
2026-08-14T15:30:58.253623,698,867,812,738,766,0
2026-08-14T15:30:58.259597,697,869,811,737,767,0
2026-08-14T15:30:58.259597,697,870,812,736,767,0
2026-08-14T15:30:58.259597,698,872,812,736,768,0
2026-08-14T15:30:58.259597,698,873,812,735,768,0
2026-08-14T15:30:58.259597,697,876,812,735,768,0
2026-08-14T15:30:58.259597,698,877,813,733,769,0
2026-08-14T15:30:58.259597,697,880,813,734,770,0
2026-08-14T15:30:58.259597,696,880,813,733,770,0
2026-08-14T15:30:58.268070,696,880,813,732,771,0
2026-08-14T15:30:58.269559,696,884,814,732,771,0
2026-08-14T15:30:58.270504,694,886,814,731,771,0
2026-08-14T15:30:58.270504,695,887,814,730,771,0
2026-08-14T15:30:58.270504,696,886,815,729,772,0
2026-08-14T15:30:58.270504,694,887,814,730,772,0
2026-08-14T15:30:58.270504,695,887,814,731,771,0
2026-08-14T15:30:58.276130,697,887,815,731,773,0
2026-08-14T15:30:58.276130,698,886,815,732,772,0
2026-08-14T15:30:58.280038,699,886,815,734,773,0
2026-08-14T15:30:58.280038,699,883,815,737,773,0
2026-08-14T15:30:58.280038,702,883,813,738,775,0
2026-08-14T15:30:58.280038,705,884,811,737,776,0
2026-08-14T15:30:58.284011,705,886,810,738,776,0
2026-08-14T15:30:58.284011,706,885,810,737,776,0
2026-08-14T15:30:58.284011,704,886,810,737,776,0
2026-08-14T15:30:58.288398,705,887,811,736,776,0
2026-08-14T15:30:58.288398,704,888,812,736,777,0
2026-08-14T15:30:58.288398,704,889,814,737,778,0
2026-08-14T15:30:58.288398,704,889,815,737,777,0
2026-08-14T15:30:58.292289,704,891,817,736,778,0
2026-08-14T15:30:58.292289,703,892,817,737,778,0
2026-08-14T15:30:58.292289,701,893,818,736,779,0
2026-08-14T15:30:58.294237,700,896,819,735,777,0
2026-08-14T15:30:58.294237,701,896,819,735,778,0
2026-08-14T15:30:58.294237,701,897,820,734,778,0
2026-08-14T15:30:58.298354,701,897,819,735,779,0
2026-08-14T15:30:58.300631,700,897,820,736,779,0
2026-08-14T15:30:58.300631,702,896,821,736,780,0
2026-08-14T15:30:58.300631,703,897,820,736,781,0
2026-08-14T15:30:58.303760,704,898,820,736,781,0
2026-08-14T15:30:58.305864,706,899,819,736,780,0
2026-08-14T15:30:58.306625,707,901,819,735,781,0
2026-08-14T15:30:58.307703,706,902,818,735,782,0
2026-08-14T15:30:58.309310,706,902,819,735,781,0
2026-08-14T15:30:58.309310,705,904,820,734,783,0
2026-08-14T15:30:58.311021,706,903,820,736,782,0
2026-08-14T15:30:58.312776,706,904,819,734,782,0
2026-08-14T15:30:58.312776,706,904,820,734,782,0
2026-08-14T15:30:58.314376,706,904,821,734,783,0
2026-08-14T15:30:58.315834,705,904,821,735,783,0
2026-08-14T15:30:58.317586,706,906,821,733,783,0
2026-08-14T15:30:58.317586,705,905,823,734,783,0
2026-08-14T15:30:58.317586,704,906,824,734,783,0
2026-08-14T15:30:58.320687,704,909,825,734,783,0
2026-08-14T15:30:58.320687,703,909,826,733,784,0
2026-08-14T15:30:58.320687,704,911,826,733,783,0
2026-08-14T15:30:58.325254,703,911,827,734,783,0
2026-08-14T15:30:58.325254,702,911,827,734,784,0
2026-08-14T15:30:58.325254,701,912,828,733,784,0
2026-08-14T15:30:58.327007,702,912,829,733,785,0
2026-08-14T15:30:58.327007,702,912,830,734,785,0
2026-08-14T15:30:58.327007,701,912,830,735,785,0
2026-08-14T15:30:58.327007,703,910,830,738,785,0
2026-08-14T15:30:58.333399,709,903,828,743,786,0
2026-08-14T15:30:58.333399,713,897,824,746,785,0
2026-08-14T15:30:58.333399,718,890,822,749,786,0
2026-08-14T15:30:58.333399,717,887,824,751,785,0
2026-08-14T15:30:58.337042,719,885,823,754,785,0
2026-08-14T15:30:58.337042,722,873,821,760,785,0
2026-08-14T15:30:58.337042,725,868,818,761,785,0
2026-08-14T15:30:58.337042,723,871,819,761,785,0
2026-08-14T15:30:58.341961,724,872,820,760,785,0
2026-08-14T15:30:58.341961,724,875,822,759,787,0
2026-08-14T15:30:58.344824,723,876,821,758,787,0
2026-08-14T15:30:58.344824,723,877,822,758,788,0
2026-08-14T15:30:58.344824,723,877,823,759,787,0
2026-08-14T15:30:58.344824,723,879,824,757,787,0
2026-08-14T15:30:58.349837,723,881,823,756,787,0
2026-08-14T15:30:58.349837,723,882,824,756,788,0
2026-08-14T15:30:58.349837,722,884,825,755,787,0
2026-08-14T15:30:58.353584,721,886,827,756,788,0
2026-08-14T15:30:58.353584,722,887,827,754,787,0
2026-08-14T15:30:58.353584,721,888,827,754,788,0
2026-08-14T15:30:58.353584,721,888,830,755,788,0
2026-08-14T15:30:58.357911,720,890,831,754,788,0
2026-08-14T15:30:58.357911,720,892,831,752,789,0
2026-08-14T15:30:58.357911,720,892,831,752,788,0
2026-08-14T15:30:58.357911,720,893,832,752,790,0
2026-08-14T15:30:58.357911,720,895,834,752,789,0
2026-08-14T15:30:58.357911,720,896,835,751,788,0
2026-08-14T15:30:58.357911,720,896,836,750,789,0
2026-08-14T15:30:58.357911,720,898,837,750,790,0
2026-08-14T15:30:58.366494,718,897,839,751,789,0
2026-08-14T15:30:58.368507,718,898,841,751,788,0
2026-08-14T15:30:58.370181,721,897,841,753,789,0
2026-08-14T15:30:58.370181,721,894,843,756,789,0
2026-08-14T15:30:58.370181,725,886,842,760,788,0
2026-08-14T15:30:58.374395,725,881,842,763,788,0
2026-08-14T15:30:58.374395,726,882,843,762,789,0
2026-08-14T15:30:58.376150,725,882,845,761,788,0
2026-08-14T15:30:58.376150,726,883,845,762,787,0
2026-08-14T15:30:58.376150,726,884,846,761,788,0
2026-08-14T15:30:58.376150,725,885,847,759,788,0
2026-08-14T15:30:58.379639,725,886,847,759,788,0
2026-08-14T15:30:58.382406,725,887,848,758,788,0
2026-08-14T15:30:58.382406,724,887,849,758,788,0
2026-08-14T15:30:58.382406,724,888,848,758,787,0
2026-08-14T15:30:58.382406,723,888,848,757,787,0
2026-08-14T15:30:58.386164,724,889,847,757,787,0
2026-08-14T15:30:58.387012,723,888,848,756,788,0
2026-08-14T15:30:58.387012,722,890,850,756,788,0
2026-08-14T15:30:58.390757,722,892,850,755,788,0
2026-08-14T15:30:58.390757,723,892,852,754,787,0
2026-08-14T15:30:58.390757,722,892,853,754,788,0
2026-08-14T15:30:58.390757,720,894,854,753,787,0
2026-08-14T15:30:58.390757,721,896,854,753,787,0
2026-08-14T15:30:58.390757,721,897,855,752,787,0
2026-08-14T15:30:58.390757,719,896,856,750,787,0
2026-08-14T15:30:58.398825,719,897,856,751,787,0
2026-08-14T15:30:58.399765,718,896,857,750,786,0
2026-08-14T15:30:58.399765,719,896,857,749,787,0
2026-08-14T15:30:58.399765,718,896,857,746,787,0
2026-08-14T15:30:58.402944,717,897,858,746,787,0
2026-08-14T15:30:58.403879,716,897,857,746,786,0
2026-08-14T15:30:58.403879,720,890,855,749,786,0
2026-08-14T15:30:58.407063,724,881,856,753,784,0
2026-08-14T15:30:58.407063,721,886,856,750,786,0
2026-08-14T15:30:58.407063,721,885,856,749,785,0
2026-08-14T15:30:58.409075,721,888,857,748,785,0
2026-08-14T15:30:58.409075,720,889,857,745,784,0
2026-08-14T15:30:58.412832,719,889,858,745,784,0
2026-08-14T15:30:58.412832,718,890,859,744,784,0
2026-08-14T15:30:58.415090,717,890,858,743,784,0
2026-08-14T15:30:58.415090,716,892,858,741,784,0
2026-08-14T15:30:58.415090,718,891,858,741,784,0
2026-08-14T15:30:58.415090,715,892,859,740,785,0
2026-08-14T15:30:58.419565,716,891,858,740,784,0
2026-08-14T15:30:58.421004,715,893,859,738,783,0
2026-08-14T15:30:58.421004,715,893,858,738,783,0
2026-08-14T15:30:58.423172,715,894,860,736,784,0
2026-08-14T15:30:58.423172,712,895,862,735,782,0
2026-08-14T15:30:58.423172,713,895,861,734,782,0
2026-08-14T15:30:58.425182,713,895,861,732,781,0
2026-08-14T15:30:58.425182,713,892,859,733,780,0
2026-08-14T15:30:58.425182,714,887,860,735,780,0
2026-08-14T15:30:58.425182,716,881,857,735,779,0
2026-08-14T15:30:58.431600,716,878,857,737,777,0
2026-08-14T15:30:58.431600,717,871,854,741,776,0
2026-08-14T15:30:58.431600,721,856,851,747,774,0
2026-08-14T15:30:58.435692,725,847,851,745,773,0
2026-08-14T15:30:58.436191,723,850,849,742,773,0
2026-08-14T15:30:58.436912,722,853,848,741,772,0
2026-08-14T15:30:58.439782,721,855,850,739,773,0
2026-08-14T15:30:58.439782,719,858,851,738,773,0
2026-08-14T15:30:58.439782,719,860,851,737,771,0
2026-08-14T15:30:58.439782,716,864,853,734,773,0
2026-08-14T15:30:58.443868,716,864,854,732,773,0
2026-08-14T15:30:58.443868,715,863,855,732,772,0
2026-08-14T15:30:58.443868,713,864,856,733,771,0
2026-08-14T15:30:58.447824,712,866,857,729,770,0
2026-08-14T15:30:58.447824,712,866,857,728,769,0
2026-08-14T15:30:58.447824,711,868,857,725,770,0
2026-08-14T15:30:58.447824,709,869,860,723,770,0
2026-08-14T15:30:58.452066,709,872,858,720,769,0
2026-08-14T15:30:58.452066,707,871,859,719,767,0
2026-08-14T15:30:58.453899,707,869,859,719,766,0
2026-08-14T15:30:58.456326,708,860,857,722,764,0
2026-08-14T15:30:58.456326,711,847,858,726,760,0
2026-08-14T15:30:58.456326,708,846,857,720,760,0
2026-08-14T15:30:58.456326,706,852,855,715,759,0
2026-08-14T15:30:58.456326,703,856,854,712,759,0
2026-08-14T15:30:58.456326,702,857,853,710,758,0
2026-08-14T15:30:58.456326,702,855,853,707,758,0
2026-08-14T15:30:58.464353,700,856,852,706,756,0
2026-08-14T15:30:58.464353,699,852,851,706,754,0
2026-08-14T15:30:58.464353,701,847,848,707,752,0
2026-08-14T15:30:58.464353,703,837,846,705,751,0
2026-08-14T15:30:58.464353,701,839,845,703,750,0
2026-08-14T15:30:58.469546,701,839,844,702,749,0
2026-08-14T15:30:58.470341,698,840,845,700,750,0
2026-08-14T15:30:58.472687,696,841,845,699,749,0
2026-08-14T15:30:58.472687,696,841,845,697,750,0
2026-08-14T15:30:58.472687,698,843,843,696,748,0
2026-08-14T15:30:58.476639,696,842,843,693,750,0
2026-08-14T15:30:58.476639,694,845,842,689,748,0
2026-08-14T15:30:58.476639,693,845,841,689,747,0
2026-08-14T15:30:58.476639,693,844,840,687,746,0
2026-08-14T15:30:58.480749,693,845,840,685,747,0
2026-08-14T15:30:58.480749,692,846,840,684,746,0
2026-08-14T15:30:58.480749,690,846,839,684,745,0
2026-08-14T15:30:58.482506,690,846,838,682,743,0
2026-08-14T15:30:58.482506,688,843,837,682,742,0
2026-08-14T15:30:58.486120,688,837,837,680,740,0
2026-08-14T15:30:58.486120,687,831,834,681,738,0
2026-08-14T15:30:58.488915,692,818,828,681,734,0
2026-08-14T15:30:58.488915,692,797,823,684,729,0
2026-08-14T15:30:58.488915,691,787,814,679,727,0
2026-08-14T15:30:58.488915,691,779,811,678,724,0
2026-08-14T15:30:58.488915,688,780,809,674,723,0
2026-08-14T15:30:58.488915,687,783,808,671,722,0
2026-08-14T15:30:58.488915,686,785,806,668,721,0
2026-08-14T15:30:58.488915,683,786,806,666,720,0
2026-08-14T15:30:58.497475,681,787,805,665,719,0
2026-08-14T15:30:58.498421,680,786,803,663,718,0
2026-08-14T15:30:58.498421,678,788,802,661,716,0
2026-08-14T15:30:58.498421,678,786,800,659,716,0
2026-08-14T15:30:58.502920,675,788,800,656,714,0
2026-08-14T15:30:58.503654,674,788,800,654,713,0
2026-08-14T15:30:58.503654,672,789,798,649,712,0
2026-08-14T15:30:58.505874,670,790,799,644,709,0
2026-08-14T15:30:58.505874,666,792,798,641,708,0
2026-08-14T15:30:58.509577,664,792,796,636,706,0
2026-08-14T15:30:58.509577,664,787,795,636,702,0
2026-08-14T15:30:58.509577,667,773,793,640,699,0
2026-08-14T15:30:58.509577,665,769,792,638,699,0
2026-08-14T15:30:58.514104,665,771,791,636,698,0
2026-08-14T15:30:58.514104,664,774,791,633,698,0
2026-08-14T15:30:58.514104,664,775,789,631,698,0
2026-08-14T15:30:58.514104,662,775,788,629,697,0
2026-08-14T15:30:58.514104,660,777,785,626,697,0
2026-08-14T15:30:58.514104,659,776,785,623,695,0
2026-08-14T15:30:58.520176,658,777,783,622,693,0
2026-08-14T15:30:58.522504,656,776,782,620,694,0
2026-08-14T15:30:58.522504,654,778,780,618,693,0
2026-08-14T15:30:58.522504,653,779,782,614,691,0
2026-08-14T15:30:58.522504,650,779,780,610,689,0
2026-08-14T15:30:58.522504,650,776,779,607,687,0
2026-08-14T15:30:58.522504,646,776,775,602,684,0
2026-08-14T15:30:58.522504,642,775,774,597,681,0
2026-08-14T15:30:58.530684,641,767,768,597,677,0
2026-08-14T15:30:58.530684,643,753,768,599,672,0
2026-08-14T15:30:58.530684,640,754,764,593,673,0
2026-08-14T15:30:58.530684,635,758,760,583,671,0
2026-08-14T15:30:58.530684,634,760,755,580,668,0
2026-08-14T15:30:58.530684,631,761,753,576,667,0
2026-08-14T15:30:58.538210,631,761,750,573,668,0
2026-08-14T15:30:58.538210,629,761,749,571,665,0
2026-08-14T15:30:58.538210,629,759,746,568,663,0
2026-08-14T15:30:58.542332,623,759,744,565,660,0
2026-08-14T15:30:58.542332,621,757,741,561,657,0
2026-08-14T15:30:58.542332,617,755,738,557,655,0
2026-08-14T15:30:58.542332,614,747,735,557,651,0
2026-08-14T15:30:58.546273,616,736,731,559,647,0
2026-08-14T15:30:58.546273,620,713,723,568,642,0
2026-08-14T15:30:58.546273,620,694,726,575,636,0
2026-08-14T15:30:58.546273,617,690,726,571,634,0
2026-08-14T15:30:58.546273,614,694,721,563,633,0
2026-08-14T15:30:58.546273,611,699,719,556,633,0
2026-08-14T15:30:58.552697,610,705,717,552,633,0
2026-08-14T15:30:58.553501,609,706,717,550,633,0
2026-08-14T15:30:58.554645,608,707,716,549,632,0
2026-08-14T15:30:58.556661,606,708,715,546,633,0
2026-08-14T15:30:58.556661,604,708,713,543,630,0
2026-08-14T15:30:58.556661,601,707,711,541,629,0
2026-08-14T15:30:58.556661,596,708,707,536,625,0
2026-08-14T15:30:58.556661,593,699,704,537,622,0
2026-08-14T15:30:58.556661,594,684,703,541,617,0
2026-08-14T15:30:58.562963,594,673,701,540,610,0
2026-08-14T15:30:58.562963,587,660,692,540,602,0
2026-08-14T15:30:58.566924,583,651,686,533,597,0
2026-08-14T15:30:58.566924,579,648,677,524,594,0
2026-08-14T15:30:58.566924,576,647,671,519,592,0
2026-08-14T15:30:58.568679,573,645,664,515,590,0
2026-08-14T15:30:58.570775,571,644,663,513,588,0
2026-08-14T15:30:58.570775,569,645,661,509,585,0
2026-08-14T15:30:58.570775,566,647,659,505,585,0
2026-08-14T15:30:58.570775,563,646,656,503,583,0
2026-08-14T15:30:58.570775,562,646,654,499,582,0
2026-08-14T15:30:58.570775,559,645,651,495,579,0
2026-08-14T15:30:58.578829,557,639,648,494,576,0
2026-08-14T15:30:58.578829,553,634,645,492,572,0
2026-08-14T15:30:58.578829,550,629,640,490,569,0
2026-08-14T15:30:58.578829,547,623,634,489,563,0
2026-08-14T15:30:58.578829,545,611,627,487,557,0
2026-08-14T15:30:58.578829,543,591,620,491,550,0
2026-08-14T15:30:58.578829,540,584,611,487,548,0
2026-08-14T15:30:58.587034,537,581,608,486,545,0
2026-08-14T15:30:58.587034,536,581,606,483,545,0
2026-08-14T15:30:58.587034,536,583,606,481,545,0
2026-08-14T15:30:58.587034,534,584,605,479,545,0
2026-08-14T15:30:58.591314,532,585,604,478,545,0
2026-08-14T15:30:58.591314,532,585,604,477,544,0
2026-08-14T15:30:58.591314,531,588,604,475,543,0
2026-08-14T15:30:58.595391,528,587,601,471,540,0
2026-08-14T15:30:58.595391,525,585,599,467,537,0
2026-08-14T15:30:58.595391,521,581,595,461,532,0
2026-08-14T15:30:58.595391,517,575,589,460,526,0
2026-08-14T15:30:58.599516,514,556,583,463,519,0
2026-08-14T15:30:58.599516,508,555,579,455,515,0
2026-08-14T15:30:58.599516,503,551,574,453,513,0
2026-08-14T15:30:58.603351,502,550,570,448,510,0
2026-08-14T15:30:58.604173,498,550,567,445,508,0
2026-08-14T15:30:58.604173,498,546,564,442,504,0
2026-08-14T15:30:58.607852,493,545,560,439,502,0
2026-08-14T15:30:58.607852,488,543,558,435,498,0
2026-08-14T15:30:58.607852,485,540,554,431,494,0
2026-08-14T15:30:58.607852,482,536,550,425,491,0
2026-08-14T15:30:58.611713,476,533,543,420,485,0
2026-08-14T15:30:58.612427,472,524,537,418,479,0
2026-08-14T15:30:58.612427,469,512,530,419,473,0
2026-08-14T15:30:58.612427,465,508,527,415,470,0
2026-08-14T15:30:58.612427,461,507,522,408,467,0
2026-08-14T15:30:58.612427,459,509,517,401,467,0
2026-08-14T15:30:58.612427,457,511,514,399,465,0
2026-08-14T15:30:58.619536,455,509,510,396,463,0
2026-08-14T15:30:58.620266,451,506,508,392,461,0
2026-08-14T15:30:58.620266,448,506,503,389,457,0
2026-08-14T15:30:58.620266,444,502,500,385,454,0
2026-08-14T15:30:58.620266,439,499,494,379,449,0
2026-08-14T15:30:58.620266,437,494,488,375,444,0
2026-08-14T15:30:58.620266,431,487,482,373,439,0
2026-08-14T15:30:58.628189,430,470,476,377,431,0
2026-08-14T15:30:58.628189,425,446,473,386,420,0
2026-08-14T15:30:58.628189,418,434,469,383,409,0
2026-08-14T15:30:58.632324,411,428,458,375,404,0
2026-08-14T15:30:58.632324,403,422,450,370,399,0
2026-08-14T15:30:58.632324,398,417,446,364,395,0
2026-08-14T15:30:58.632324,394,414,440,359,391,0
2026-08-14T15:30:58.636151,389,410,433,353,385,0
2026-08-14T15:30:58.636939,382,404,425,347,380,0
2026-08-14T15:30:58.636939,376,400,419,339,374,0
2026-08-14T15:30:58.640584,371,396,411,332,369,0
2026-08-14T15:30:58.640584,366,392,404,325,365,0
2026-08-14T15:30:58.640584,361,390,400,322,361,0
2026-08-14T15:30:58.644046,358,390,397,316,358,0
2026-08-14T15:30:58.644046,354,388,392,310,353,0
2026-08-14T15:30:58.644046,349,386,387,306,350,0
2026-08-14T15:30:58.644046,343,380,383,302,345,0
2026-08-14T15:30:58.644046,338,373,376,300,338,0
2026-08-14T15:30:58.644046,333,363,372,298,331,0
2026-08-14T15:30:58.644046,328,356,366,293,323,0
2026-08-14T15:30:58.652632,320,350,357,285,318,0
2026-08-14T15:30:58.653814,313,347,350,278,313,0
2026-08-14T15:30:58.654233,309,342,343,271,308,0
2026-08-14T15:30:58.654233,303,339,338,266,304,0
2026-08-14T15:30:58.654233,300,336,334,262,300,0
2026-08-14T15:30:58.657430,298,332,330,260,297,0
2026-08-14T15:30:58.658119,292,328,328,259,293,0
2026-08-14T15:30:58.660965,288,321,324,257,288,0
2026-08-14T15:30:58.660965,284,312,318,254,281,0
2026-08-14T15:30:58.662268,279,298,311,255,273,0
2026-08-14T15:30:58.662268,272,294,304,251,269,0
2026-08-14T15:30:58.664748,267,287,298,245,262,0
2026-08-14T15:30:58.665360,264,284,294,243,261,0
2026-08-14T15:30:58.665919,262,284,291,240,259,0
2026-08-14T15:30:58.668590,260,281,291,237,258,0
2026-08-14T15:30:58.670099,259,283,289,235,258,0
2026-08-14T15:30:58.670099,258,284,288,233,257,0
2026-08-14T15:30:58.673319,257,284,288,230,255,0
2026-08-14T15:30:58.673319,256,282,285,229,254,0
2026-08-14T15:30:58.673319,254,282,283,226,251,0
2026-08-14T15:30:58.675076,250,279,281,224,250,0
2026-08-14T15:30:58.677343,248,279,278,220,246,0
2026-08-14T15:30:58.678196,243,272,273,218,241,0
2026-08-14T15:30:58.678196,238,265,269,216,237,0
2026-08-14T15:30:58.678196,236,262,264,212,232,0
2026-08-14T15:30:58.678196,231,260,262,209,230,0
2026-08-14T15:30:58.682907,229,256,258,206,226,0
2026-08-14T15:30:58.682907,225,253,254,204,225,0
2026-08-14T15:30:58.685092,223,251,251,201,222,0
2026-08-14T15:30:58.686113,221,250,250,198,219,0
2026-08-14T15:30:58.687091,217,247,246,195,216,0
2026-08-14T15:30:58.689653,214,243,244,193,212,0
2026-08-14T15:30:58.689653,210,242,240,190,210,0
2026-08-14T15:30:58.689653,208,239,238,188,207,0
2026-08-14T15:30:58.689653,205,235,233,184,203,0
2026-08-14T15:30:58.693739,200,228,228,184,199,0
2026-08-14T15:30:58.693739,195,222,223,181,193,0
2026-08-14T15:30:58.693739,190,214,219,176,188,0
2026-08-14T15:30:58.697959,186,212,213,173,184,0
2026-08-14T15:30:58.697959,184,208,208,167,181,0
2026-08-14T15:30:58.697959,180,206,205,164,180,0
2026-08-14T15:30:58.697959,178,204,203,163,178,0
2026-08-14T15:30:58.701923,178,204,202,160,178,0
2026-08-14T15:30:58.701923,176,204,198,157,176,0
2026-08-14T15:30:58.703369,174,204,197,157,176,0
2026-08-14T15:30:58.704028,172,203,197,154,175,0
2026-08-14T15:30:58.704028,173,202,196,152,174,0
2026-08-14T15:30:58.704028,171,202,192,151,172,0
2026-08-14T15:30:58.710189,170,199,190,150,170,0
2026-08-14T15:30:58.710189,166,194,190,151,168,0
2026-08-14T15:30:58.710189,165,187,185,155,164,0
2026-08-14T15:30:58.710189,161,180,184,153,158,0
2026-08-14T15:30:58.710189,157,176,180,148,153,0
2026-08-14T15:30:58.710189,154,171,176,146,150,0
2026-08-14T15:30:58.710189,150,169,171,143,147,0
2026-08-14T15:30:58.718414,146,164,166,138,142,0
2026-08-14T15:30:58.727551,142,159,161,132,139,0
2026-08-14T15:30:58.727551,136,153,155,128,133,0
2026-08-14T15:30:58.727551,129,148,148,122,128,0
2026-08-14T15:30:58.727551,125,142,142,118,124,0
2026-08-14T15:30:58.727551,120,138,136,112,119,0
2026-08-14T15:30:58.734080,114,132,131,109,114,0
2026-08-14T15:30:58.735841,110,127,126,105,111,0
2026-08-14T15:30:58.736671,108,123,122,101,107,0
2026-08-14T15:30:58.737342,103,122,116,97,105,0
2026-08-14T15:30:58.737342,101,118,114,94,103,0
2026-08-14T15:30:58.737342,100,115,111,92,100,0
2026-08-14T15:30:58.737342,96,114,109,91,98,0
2026-08-14T15:30:58.737342,95,113,108,89,98,0
2026-08-14T15:30:58.737342,94,113,108,87,97,0
2026-08-14T15:30:58.737342,94,111,106,87,95,0
2026-08-14T15:30:58.741978,91,109,104,86,93,0
2026-08-14T15:30:58.741978,89,107,102,86,92,0
2026-08-14T15:30:58.741978,86,103,101,84,90,0
2026-08-14T15:30:58.741978,85,100,99,84,88,0
2026-08-14T15:30:58.743989,83,98,97,82,86,0
2026-08-14T15:30:58.743989,83,97,94,80,85,0
2026-08-14T15:30:58.743989,82,96,94,78,84,0
2026-08-14T15:30:58.746000,81,94,93,77,82,0
2026-08-14T15:30:58.746000,79,92,89,75,81,0
2026-08-14T15:30:58.746000,76,90,86,72,79,0
2026-08-14T15:30:58.746000,73,86,85,70,75,0
2026-08-14T15:30:58.746000,70,84,82,69,75,0
2026-08-14T15:30:58.751222,69,81,78,66,71,0
2026-08-14T15:30:58.751222,65,79,75,64,68,0
2026-08-14T15:30:58.752887,63,73,72,62,66,0
2026-08-14T15:30:58.755166,59,68,69,60,62,0
2026-08-14T15:30:58.755166,58,66,65,58,60,0
2026-08-14T15:30:58.755166,55,65,63,56,58,0
2026-08-14T15:30:58.755166,54,62,63,55,57,0
2026-08-14T15:30:58.755166,53,61,61,54,56,0
2026-08-14T15:30:58.755166,53,60,61,52,56,0
2026-08-14T15:30:58.760393,52,61,60,53,56,0
2026-08-14T15:30:58.760393,52,61,60,52,54,0
2026-08-14T15:30:58.760393,51,61,60,52,55,0
2026-08-14T15:30:58.760393,52,60,59,51,55,0
2026-08-14T15:30:58.765792,50,58,57,50,54,0
2026-08-14T15:30:58.766356,49,57,56,49,52,0
2026-08-14T15:30:58.766356,46,55,55,48,50,0
2026-08-14T15:30:58.768605,47,55,54,46,49,0
2026-08-14T15:30:58.770585,45,51,52,46,48,0
2026-08-14T15:30:58.770585,44,50,52,44,47,0
2026-08-14T15:30:58.770585,44,48,49,43,44,0
2026-08-14T15:30:58.770585,40,46,48,41,42,0
2026-08-14T15:30:58.770585,40,45,47,39,41,0
2026-08-14T15:30:58.776717,39,43,46,39,39,0
2026-08-14T15:30:58.776717,37,42,44,37,39,0
2026-08-14T15:30:58.779740,35,43,44,38,38,0
2026-08-14T15:30:58.779740,36,42,44,37,39,0
2026-08-14T15:30:58.779740,35,42,44,38,39,0
2026-08-14T15:30:58.783844,35,40,45,37,38,0
2026-08-14T15:30:58.783844,34,40,44,37,37,0
2026-08-14T15:30:58.784855,35,40,42,37,39,0
2026-08-14T15:30:58.786253,35,40,42,36,37,0
2026-08-14T15:30:58.787890,34,39,41,34,36,0
2026-08-14T15:30:58.787890,33,39,42,35,35,0
2026-08-14T15:30:58.787890,32,37,42,34,37,0
2026-08-14T15:30:58.792043,32,38,39,32,35,0
2026-08-14T15:30:58.792043,32,36,40,33,33,0
2026-08-14T15:30:58.793053,32,35,39,32,33,0
2026-08-14T15:30:58.793053,29,36,39,32,33,0
2026-08-14T15:30:58.796117,28,35,38,31,33,0
2026-08-14T15:30:58.796812,30,34,37,31,33,0
2026-08-14T15:30:58.796812,29,34,38,31,32,0
2026-08-14T15:30:58.798824,27,33,38,30,32,0
2026-08-14T15:30:58.800836,29,32,38,30,32,0
2026-08-14T15:30:58.800836,28,33,39,30,32,0
2026-08-14T15:30:58.802720,28,34,37,30,31,0
2026-08-14T15:30:58.804204,29,33,36,30,34,0
2026-08-14T15:30:58.804204,29,33,38,30,31,0
2026-08-14T15:30:58.804204,29,34,38,30,32,0
2026-08-14T15:30:58.806568,28,33,38,31,31,0
2026-08-14T15:30:58.809104,27,34,38,31,31,0
2026-08-14T15:30:58.809104,29,33,39,31,32,0
2026-08-14T15:30:58.809104,28,33,39,30,31,0
2026-08-14T15:30:58.809104,29,33,39,30,31,0
2026-08-14T15:30:58.809104,29,32,38,31,31,0
2026-08-14T15:30:58.809104,28,33,39,30,32,0
2026-08-14T15:30:58.809104,28,32,40,31,32,0
2026-08-14T15:30:58.817187,30,33,40,30,33,0
2026-08-14T15:30:58.817187,29,33,39,30,33,0
2026-08-14T15:30:58.820042,29,33,41,30,32,0
2026-08-14T15:30:58.820042,29,33,41,30,33,0
2026-08-14T15:30:58.820042,30,34,40,32,32,0
2026-08-14T15:30:58.820042,30,34,40,31,33,0
2026-08-14T15:30:58.820042,30,36,42,32,35,0
2026-08-14T15:30:58.825345,30,36,41,33,34,0
2026-08-14T15:30:58.825345,29,37,43,33,35,0
2026-08-14T15:30:58.828889,31,35,43,32,36,0
2026-08-14T15:30:58.828889,31,37,43,33,36,0
2026-08-14T15:30:58.828889,31,37,43,33,35,0
2026-08-14T15:30:58.828889,32,37,45,34,35,0
2026-08-14T15:30:58.832448,32,38,46,35,37,0
2026-08-14T15:30:58.833458,34,38,45,34,37,0
2026-08-14T15:30:58.833458,34,39,46,35,38,0
2026-08-14T15:30:58.837114,35,40,47,35,37,0
2026-08-14T15:30:58.837114,35,43,48,36,39,0
2026-08-14T15:30:58.837114,37,43,49,38,40,0
2026-08-14T15:30:58.837114,36,45,51,39,42,0
2026-08-14T15:30:58.841614,39,47,52,40,42,0
2026-08-14T15:30:58.841614,40,48,53,41,44,0
2026-08-14T15:30:58.841614,41,49,55,43,45,0
2026-08-14T15:30:58.841614,44,51,56,43,47,0
2026-08-14T15:30:58.841614,44,52,59,46,49,0
2026-08-14T15:30:58.841614,47,55,60,48,51,0
2026-08-14T15:30:58.846952,50,58,62,49,53,0
2026-08-14T15:30:58.849949,49,58,62,49,52,0
2026-08-14T15:30:58.849949,48,58,62,50,51,0
2026-08-14T15:30:58.849949,49,58,62,50,51,0
2026-08-14T15:30:58.853492,48,58,62,49,51,0
2026-08-14T15:30:58.853492,49,58,61,50,52,0
2026-08-14T15:30:58.853492,49,57,61,49,52,0
2026-08-14T15:30:58.857566,49,59,62,49,52,0
2026-08-14T15:30:58.857566,49,59,62,50,52,0
2026-08-14T15:30:58.857566,50,59,63,49,53,0
2026-08-14T15:30:58.857566,50,60,63,50,53,0
2026-08-14T15:30:58.861217,52,61,64,52,54,0
2026-08-14T15:30:58.861217,51,62,65,52,55,0
2026-08-14T15:30:58.861217,53,64,67,53,55,0
2026-08-14T15:30:58.865935,55,65,67,55,57,0
2026-08-14T15:30:58.865935,55,67,68,55,59,0
2026-08-14T15:30:58.865935,55,67,70,57,59,0
2026-08-14T15:30:58.867693,57,67,71,58,60,0
2026-08-14T15:30:58.869634,58,70,70,59,61,0
2026-08-14T15:30:58.870344,59,70,71,59,63,0
2026-08-14T15:30:58.870344,60,71,73,60,64,0
2026-08-14T15:30:58.870344,61,75,75,62,65,0
2026-08-14T15:30:58.874257,64,76,76,63,67,0
2026-08-14T15:30:58.874257,66,77,77,64,67,0
2026-08-14T15:30:58.874257,66,78,79,66,69,0
2026-08-14T15:30:58.874257,67,82,81,68,70,0
2026-08-14T15:30:58.874257,70,84,84,69,74,0
2026-08-14T15:30:58.874257,72,85,86,71,75,0
2026-08-14T15:30:58.874257,74,89,88,74,77,0
2026-08-14T15:30:58.882559,75,91,91,78,79,0
2026-08-14T15:30:58.883510,79,94,93,80,82,0
2026-08-14T15:30:58.883510,81,96,97,84,83,0
2026-08-14T15:30:58.886798,86,99,100,87,86,0
2026-08-14T15:30:58.887332,89,102,103,90,89,0
2026-08-14T15:30:58.887332,91,104,105,93,91,0
2026-08-14T15:30:58.887332,93,106,106,92,92,0
2026-08-14T15:30:58.890840,94,107,106,94,94,0
2026-08-14T15:30:58.890840,94,109,107,94,94,0
2026-08-14T15:30:58.894449,96,112,108,95,95,0
2026-08-14T15:30:58.894449,97,112,110,96,96,0
2026-08-14T15:30:58.894449,97,114,111,98,97,0
2026-08-14T15:30:58.894449,98,116,112,98,99,0
2026-08-14T15:30:58.898522,102,118,114,100,102,0
2026-08-14T15:30:58.898522,103,121,116,103,104,0
2026-08-14T15:30:58.898522,104,127,119,104,107,0
2026-08-14T15:30:58.902620,110,129,120,106,110,0
2026-08-14T15:30:58.904212,110,133,123,109,112,0
2026-08-14T15:30:58.904212,115,137,126,112,117,0
2026-08-14T15:30:58.904212,118,141,130,114,118,0
2026-08-14T15:30:58.906933,120,144,133,117,122,0
2026-08-14T15:30:58.906933,125,147,137,123,124,0
2026-08-14T15:30:58.906933,130,152,144,131,129,0
2026-08-14T15:30:58.909839,134,157,152,137,132,0
2026-08-14T15:30:58.909839,141,165,158,144,138,0
2026-08-14T15:30:58.909839,144,170,160,145,141,0
2026-08-14T15:30:58.912747,147,171,160,146,143,0
2026-08-14T15:30:58.915412,147,173,160,145,144,0
2026-08-14T15:30:58.915412,146,174,159,144,144,0
2026-08-14T15:30:58.915412,147,175,159,144,146,0
2026-08-14T15:30:58.917451,149,176,159,144,146,0
2026-08-14T15:30:58.920347,149,178,160,145,146,0
2026-08-14T15:30:58.920347,148,180,161,147,149,0
2026-08-14T15:30:58.920347,152,181,162,147,150,0
2026-08-14T15:30:58.923677,154,187,165,150,153,0
2026-08-14T15:30:58.923677,156,189,170,154,157,0
2026-08-14T15:30:58.923677,161,194,172,158,159,0
2026-08-14T15:30:58.923677,165,200,176,162,163,0
2026-08-14T15:30:58.923677,169,204,179,165,166,0
2026-08-14T15:30:58.923677,172,207,183,168,170,0
2026-08-14T15:30:58.923677,174,211,185,170,171,0
2026-08-14T15:30:58.931917,177,214,187,173,174,0
2026-08-14T15:30:58.933655,181,216,190,179,176,0
2026-08-14T15:30:58.933655,184,215,194,184,180,0
2026-08-14T15:30:58.933655,186,218,196,185,181,0
2026-08-14T15:30:58.933655,188,221,196,187,183,0
2026-08-14T15:30:58.936628,191,225,197,188,186,0
2026-08-14T15:30:58.937285,192,227,199,190,187,0
2026-08-14T15:30:58.939990,192,228,199,190,188,0
2026-08-14T15:30:58.939990,193,231,200,188,188,0
2026-08-14T15:30:58.943563,193,231,200,190,189,0
2026-08-14T15:30:58.943563,193,232,201,189,190,0
2026-08-14T15:30:58.943563,195,234,202,191,191,0
2026-08-14T15:30:58.943563,196,236,206,193,192,0
2026-08-14T15:30:58.943563,199,240,207,194,195,0
2026-08-14T15:30:58.948007,203,241,211,198,197,0
2026-08-14T15:30:58.948007,204,244,214,201,199,0
2026-08-14T15:30:58.951768,208,248,215,205,202,0
2026-08-14T15:30:58.952775,212,254,220,208,207,0
2026-08-14T15:30:58.953575,215,260,223,212,210,0
2026-08-14T15:30:58.953575,219,263,227,216,214,0
2026-08-14T15:30:58.953575,223,268,230,218,218,0
2026-08-14T15:30:58.956457,226,273,232,221,220,0
2026-08-14T15:30:58.956457,230,277,235,223,224,0
2026-08-14T15:30:58.959968,232,279,237,225,226,0
2026-08-14T15:30:58.959968,234,285,241,228,228,0
2026-08-14T15:30:58.959968,235,288,243,229,230,0
2026-08-14T15:30:58.962411,238,290,244,230,232,0
2026-08-14T15:30:58.964069,240,292,247,233,235,0
2026-08-14T15:30:58.964069,243,294,250,238,237,0
2026-08-14T15:30:58.964069,245,294,255,242,237,0
2026-08-14T15:30:58.964069,248,297,261,246,241,0
2026-08-14T15:30:58.964069,252,300,265,251,244,0
2026-08-14T15:30:58.969530,256,302,270,256,246,0
2026-08-14T15:30:58.970651,258,305,274,262,250,0
2026-08-14T15:30:58.970651,264,309,278,266,256,0
2026-08-14T15:30:58.972529,268,315,280,271,261,0
2026-08-14T15:30:58.972529,272,319,282,274,266,0
2026-08-14T15:30:58.972529,278,324,283,279,271,0
2026-08-14T15:30:58.972529,281,328,285,282,274,0
2026-08-14T15:30:58.972529,285,332,287,284,279,0
2026-08-14T15:30:58.972529,290,336,288,289,283,0
2026-08-14T15:30:58.980692,293,342,293,292,288,0
2026-08-14T15:30:58.980692,297,350,297,295,293,0
2026-08-14T15:30:58.982703,303,357,300,298,299,0
2026-08-14T15:30:58.982703,306,363,304,300,303,0
2026-08-14T15:30:58.984714,311,370,307,302,308,0
2026-08-14T15:30:58.986143,314,376,310,305,312,0
2026-08-14T15:30:58.988838,317,382,316,307,316,0
2026-08-14T15:30:58.988838,321,389,319,310,320,0
2026-08-14T15:30:58.988838,325,394,325,313,325,0
2026-08-14T15:30:58.988838,330,400,330,318,328,0
2026-08-14T15:30:58.992854,335,404,337,324,333,0
2026-08-14T15:30:58.992854,340,404,340,333,338,0
2026-08-14T15:30:58.992854,342,407,347,339,339,0
2026-08-14T15:30:58.995569,346,407,354,344,343,0
2026-08-14T15:30:58.997323,350,411,362,350,345,0
2026-08-14T15:30:58.997323,354,418,368,356,352,0
2026-08-14T15:30:58.999335,360,426,372,359,358,0
2026-08-14T15:30:58.999335,365,433,373,361,365,0
2026-08-14T15:30:58.999335,368,438,374,363,369,0
2026-08-14T15:30:58.999335,370,443,376,364,374,0
2026-08-14T15:30:59.003500,375,448,376,365,379,0
2026-08-14T15:30:59.005621,380,454,378,366,383,0
2026-08-14T15:30:59.005621,385,460,380,370,387,0
2026-08-14T15:30:59.005621,386,465,385,373,391,0
2026-08-14T15:30:59.005621,391,472,390,377,396,0
2026-08-14T15:30:59.005621,394,476,396,382,400,0
2026-08-14T15:30:59.005621,399,480,402,389,406,0
2026-08-14T15:30:59.005621,405,486,408,394,411,0
2026-08-14T15:30:59.013845,411,491,412,400,417,0
2026-08-14T15:30:59.013845,416,496,416,405,424,0
2026-08-14T15:30:59.017321,421,495,419,413,430,0
2026-08-14T15:30:59.018496,426,493,421,422,434,0
2026-08-14T15:30:59.018496,431,497,427,424,438,0
2026-08-14T15:30:59.020439,434,498,429,428,441,0
2026-08-14T15:30:59.020439,437,504,428,428,444,0
2026-08-14T15:30:59.020439,436,507,428,426,444,0
2026-08-14T15:30:59.022215,435,509,426,424,444,0
2026-08-14T15:30:59.025495,435,511,425,421,445,0
2026-08-14T15:30:59.025495,436,512,425,420,443,0
2026-08-14T15:30:59.025495,435,513,426,418,443,0
2026-08-14T15:30:59.025495,435,513,428,420,443,0
2026-08-14T15:30:59.028944,436,513,431,419,443,0
2026-08-14T15:30:59.028944,435,516,431,420,445,0
2026-08-14T15:30:59.030685,438,518,434,423,448,0
2026-08-14T15:30:59.033695,441,521,438,426,451,0
2026-08-14T15:30:59.033695,444,521,442,429,454,0
2026-08-14T15:30:59.033695,447,520,444,434,458,0
2026-08-14T15:30:59.036192,452,520,451,441,462,0
2026-08-14T15:30:59.037663,455,526,455,444,466,0
2026-08-14T15:30:59.037663,458,531,456,446,470,0
2026-08-14T15:30:59.039215,461,535,461,449,472,0
2026-08-14T15:30:59.041895,465,539,463,450,473,0
2026-08-14T15:30:59.041895,465,542,465,451,476,0
2026-08-14T15:30:59.041895,467,545,469,452,479,0
2026-08-14T15:30:59.045911,470,548,474,454,481,0
2026-08-14T15:30:59.045911,471,553,477,456,484,0
2026-08-14T15:30:59.045911,475,556,480,459,487,0
2026-08-14T15:30:59.047669,478,557,485,463,488,0
2026-08-14T15:30:59.047669,480,556,489,467,491,0
2026-08-14T15:30:59.047669,483,550,488,474,493,0
2026-08-14T15:30:59.047669,489,552,498,482,499,0
2026-08-14T15:30:59.053669,490,554,505,486,500,0
2026-08-14T15:30:59.053669,494,557,512,493,504,0
2026-08-14T15:30:59.055955,498,557,518,497,506,0
2026-08-14T15:30:59.055955,502,555,523,505,507,0
2026-08-14T15:30:59.055955,507,552,528,511,510,0
2026-08-14T15:30:59.055955,510,554,532,516,514,0
2026-08-14T15:30:59.055955,513,555,534,523,519,0
2026-08-14T15:30:59.055955,518,554,534,527,522,0
2026-08-14T15:30:59.055955,524,559,538,531,528,0
2026-08-14T15:30:59.055955,530,564,538,535,536,0
2026-08-14T15:30:59.064384,535,573,542,538,543,0
2026-08-14T15:30:59.066568,541,581,545,542,549,0
2026-08-14T15:30:59.066568,546,590,550,546,556,0
2026-08-14T15:30:59.066568,552,599,554,550,562,0
2026-08-14T15:30:59.070134,556,608,558,553,567,0
2026-08-14T15:30:59.070134,559,615,562,554,570,0
2026-08-14T15:30:59.070134,567,623,566,555,575,0
2026-08-14T15:30:59.074668,566,629,570,557,578,0
2026-08-14T15:30:59.074668,568,634,574,559,581,0
2026-08-14T15:30:59.074668,570,636,576,562,583,0
2026-08-14T15:30:59.074668,575,636,580,566,585,0
2026-08-14T15:30:59.077916,579,638,585,571,589,0
2026-08-14T15:30:59.077916,581,640,587,575,592,0
2026-08-14T15:30:59.077916,583,645,591,577,595,0
2026-08-14T15:30:59.082842,586,648,594,578,598,0
2026-08-14T15:30:59.082842,588,653,597,579,602,0
2026-08-14T15:30:59.084600,590,658,599,581,603,0
2026-08-14T15:30:59.084600,591,661,604,582,606,0
2026-08-14T15:30:59.086706,594,666,606,583,608,0
2026-08-14T15:30:59.086706,595,670,608,585,610,0
2026-08-14T15:30:59.086706,598,673,611,587,613,0
2026-08-14T15:30:59.091156,599,674,614,591,616,0
2026-08-14T15:30:59.091156,603,678,621,595,620,0
2026-08-14T15:30:59.091156,606,683,625,599,623,0
2026-08-14T15:30:59.091156,610,690,628,599,626,0
2026-08-14T15:30:59.091156,612,695,628,600,631,0
2026-08-14T15:30:59.091156,614,700,632,601,631,0
2026-08-14T15:30:59.091156,614,701,634,603,634,0
2026-08-14T15:30:59.097331,617,704,636,604,634,0
2026-08-14T15:30:59.097331,617,708,637,606,637,0
2026-08-14T15:30:59.097331,620,708,640,608,639,0
2026-08-14T15:30:59.097331,621,710,640,609,640,0
2026-08-14T15:30:59.102777,621,713,642,609,643,0
2026-08-14T15:30:59.103651,623,715,641,610,643,0
2026-08-14T15:30:59.103651,625,715,642,610,645,0
2026-08-14T15:30:59.105502,627,717,641,611,645,0
2026-08-14T15:30:59.105502,627,717,643,611,647,0
2026-08-14T15:30:59.105502,627,720,643,612,646,0
2026-08-14T15:30:59.105502,630,721,642,613,647,0
2026-08-14T15:30:59.105502,630,721,643,613,647,0
2026-08-14T15:30:59.105502,628,721,644,615,648,0
2026-08-14T15:30:59.113273,628,720,643,614,647,0
2026-08-14T15:30:59.115338,628,720,643,613,648,0
2026-08-14T15:30:59.115338,630,718,641,614,647,0
2026-08-14T15:30:59.115338,628,719,640,613,647,0
2026-08-14T15:30:59.119684,629,718,641,613,647,0
2026-08-14T15:30:59.120424,629,718,639,612,646,0
2026-08-14T15:30:59.121549,630,717,638,613,647,0
2026-08-14T15:30:59.121549,629,716,637,614,647,0
2026-08-14T15:30:59.123796,629,715,637,614,645,0
2026-08-14T15:30:59.123796,629,714,637,614,645,0
2026-08-14T15:30:59.125553,630,712,638,616,646,0
2026-08-14T15:30:59.127564,629,710,639,617,645,0
2026-08-14T15:30:59.127564,629,708,638,619,644,0
2026-08-14T15:30:59.127564,629,705,639,620,644,0
2026-08-14T15:30:59.129574,627,703,637,620,643,0
2026-08-14T15:30:59.131282,627,699,638,621,641,0
2026-08-14T15:30:59.131282,626,695,638,623,640,0
2026-08-14T15:30:59.131282,625,694,638,624,639,0
2026-08-14T15:30:59.135980,625,690,639,623,638,0
2026-08-14T15:30:59.136949,624,687,639,624,635,0
2026-08-14T15:30:59.136949,624,684,638,625,633,0
2026-08-14T15:30:59.140189,622,681,640,626,632,0
2026-08-14T15:30:59.140189,621,676,642,626,629,0
2026-08-14T15:30:59.140189,618,674,642,627,627,0
2026-08-14T15:30:59.140189,618,668,643,627,623,0
2026-08-14T15:30:59.144314,617,665,643,628,620,0
2026-08-14T15:30:59.144314,613,662,643,627,618,0
2026-08-14T15:30:59.144314,613,659,641,627,614,0
2026-08-14T15:30:59.146434,610,655,639,624,612,0
2026-08-14T15:30:59.148442,608,652,635,622,611,0
2026-08-14T15:30:59.148442,607,648,631,620,608,0
2026-08-14T15:30:59.148442,605,646,628,617,605,0
2026-08-14T15:30:59.150470,603,643,623,615,605,0
2026-08-14T15:30:59.153322,601,641,621,611,603,0
2026-08-14T15:30:59.153322,599,640,617,609,600,0
2026-08-14T15:30:59.156441,598,636,616,608,599,0
2026-08-14T15:30:59.156441,596,635,612,606,598,0
2026-08-14T15:30:59.156441,595,635,612,604,598,0
2026-08-14T15:30:59.158201,595,632,610,604,598,0
2026-08-14T15:30:59.160543,594,634,608,605,599,0
2026-08-14T15:30:59.160543,594,635,609,605,599,0
2026-08-14T15:30:59.160543,597,635,610,605,600,0
2026-08-14T15:30:59.164643,598,636,611,607,600,0
2026-08-14T15:30:59.164643,598,636,613,608,601,0
2026-08-14T15:30:59.164643,599,637,614,609,601,0
2026-08-14T15:30:59.164643,600,638,615,610,601,0
2026-08-14T15:30:59.168331,600,638,616,611,602,0
2026-08-14T15:30:59.169502,601,639,616,612,603,0
2026-08-14T15:30:59.170954,601,639,618,613,603,0
2026-08-14T15:30:59.172722,602,639,619,614,603,0
2026-08-14T15:30:59.173534,602,639,620,614,605,0
2026-08-14T15:30:59.173534,604,640,621,616,605,0
2026-08-14T15:30:59.176561,603,638,621,617,605,0
2026-08-14T15:30:59.177667,602,637,622,616,604,0
2026-08-14T15:30:59.187415,602,637,621,616,603,0
2026-08-14T15:30:59.189433,602,636,621,616,603,0
2026-08-14T15:30:59.189433,602,635,621,616,602,0
2026-08-14T15:30:59.189433,602,634,622,615,602,0
2026-08-14T15:30:59.192492,600,633,622,615,601,0
2026-08-14T15:30:59.192492,601,634,620,614,600,0
2026-08-14T15:30:59.192492,599,631,620,614,600,0
2026-08-14T15:30:59.192492,599,631,620,614,601,0
2026-08-14T15:30:59.194505,599,629,621,613,600,0
2026-08-14T15:30:59.194505,598,631,619,614,599,0
2026-08-14T15:30:59.194505,598,629,619,612,599,0
2026-08-14T15:30:59.194505,597,627,618,611,598,0
2026-08-14T15:30:59.196517,596,627,618,611,597,0
2026-08-14T15:30:59.196517,596,628,618,611,597,0
2026-08-14T15:30:59.196517,596,625,616,610,596,0
2026-08-14T15:30:59.196517,595,625,615,609,597,0
2026-08-14T15:30:59.196517,593,625,615,609,596,0
2026-08-14T15:30:59.198528,593,624,615,608,594,0
2026-08-14T15:30:59.198528,592,624,614,608,594,0
2026-08-14T15:30:59.201518,593,623,615,608,594,0
2026-08-14T15:30:59.201518,591,623,613,608,594,0
2026-08-14T15:30:59.203501,591,622,613,607,593,0
2026-08-14T15:30:59.203501,592,622,612,607,593,0
2026-08-14T15:30:59.204871,591,621,613,606,593,0
2026-08-14T15:30:59.204871,591,620,613,606,593,0
2026-08-14T15:30:59.204871,591,622,612,607,593,0
2026-08-14T15:30:59.209697,591,621,614,606,593,0
2026-08-14T15:30:59.209697,593,623,613,608,593,0
2026-08-14T15:30:59.209697,592,623,614,607,594,0
2026-08-14T15:30:59.212882,594,624,614,609,595,0
2026-08-14T15:30:59.212882,593,624,615,609,594,0
2026-08-14T15:30:59.212882,594,624,616,610,594,0
2026-08-14T15:30:59.212882,594,624,617,609,595,0
2026-08-14T15:30:59.212882,594,626,616,611,596,0
2026-08-14T15:30:59.212882,595,625,617,610,596,0
2026-08-14T15:30:59.219463,596,626,616,610,596,0
2026-08-14T15:30:59.221540,595,626,617,610,597,0
2026-08-14T15:30:59.221540,595,626,616,610,598,0
2026-08-14T15:30:59.221540,595,626,616,611,598,0
2026-08-14T15:30:59.221540,596,627,617,611,597,0
2026-08-14T15:30:59.221540,596,627,617,610,598,0
2026-08-14T15:30:59.221540,597,627,617,612,598,0
2026-08-14T15:30:59.221540,597,628,618,611,598,0
2026-08-14T15:30:59.227848,595,627,619,612,597,0
2026-08-14T15:30:59.227848,596,628,618,612,597,0
2026-08-14T15:30:59.227848,598,627,618,612,597,0
2026-08-14T15:30:59.232653,597,626,619,611,599,0
2026-08-14T15:30:59.234256,596,626,619,612,599,0
2026-08-14T15:30:59.234256,596,627,618,612,597,0
2026-08-14T15:30:59.234256,597,628,619,612,598,0
2026-08-14T15:30:59.238378,597,626,618,611,599,0
2026-08-14T15:30:59.238378,597,627,619,611,599,0
2026-08-14T15:30:59.238378,600,628,619,612,597,0
2026-08-14T15:30:59.242466,597,628,619,611,598,0
2026-08-14T15:30:59.242466,598,628,619,611,598,0
2026-08-14T15:30:59.242466,596,627,619,611,598,0
2026-08-14T15:30:59.244227,596,626,619,612,598,0
2026-08-14T15:30:59.246567,596,628,618,612,598,0
2026-08-14T15:30:59.246567,596,629,618,613,597,0
2026-08-14T15:30:59.246567,597,627,618,612,598,0
2026-08-14T15:30:59.250646,596,626,618,611,598,0
2026-08-14T15:30:59.250646,596,627,618,611,598,0
2026-08-14T15:30:59.250646,596,627,618,611,598,0
2026-08-14T15:30:59.252407,597,627,617,611,597,0
2026-08-14T15:30:59.254747,597,626,618,611,598,0
2026-08-14T15:30:59.254747,596,627,618,611,597,0
2026-08-14T15:30:59.254747,596,628,619,612,597,0
2026-08-14T15:30:59.254747,597,627,618,612,597,0
2026-08-14T15:30:59.254747,596,626,618,611,597,0
2026-08-14T15:30:59.260523,596,627,618,612,598,0
2026-08-14T15:30:59.260523,595,627,618,612,597,0
2026-08-14T15:30:59.260523,597,626,618,612,597,0
2026-08-14T15:30:59.260523,596,626,618,610,597,0
2026-08-14T15:30:59.260523,594,627,617,611,598,0
2026-08-14T15:30:59.260523,596,626,618,612,597,0
2026-08-14T15:30:59.260523,597,626,617,611,597,0
2026-08-14T15:30:59.269395,596,627,617,610,597,0
2026-08-14T15:30:59.270697,596,626,616,611,597,0
2026-08-14T15:30:59.270697,596,626,617,611,596,0
2026-08-14T15:30:59.270697,595,627,617,611,595,0
2026-08-14T15:30:59.270697,595,626,617,610,596,0
2026-08-14T15:30:59.275215,595,626,617,611,596,0
2026-08-14T15:30:59.275215,594,625,617,610,597,0
2026-08-14T15:30:59.275215,596,626,617,610,596,0
2026-08-14T15:30:59.276976,595,625,616,610,596,0
2026-08-14T15:30:59.276976,595,624,617,610,596,0
2026-08-14T15:30:59.276976,595,625,615,610,596,0
2026-08-14T15:30:59.276976,595,625,615,610,596,0
2026-08-14T15:30:59.276976,594,625,616,609,596,0
2026-08-14T15:30:59.276976,595,625,616,609,595,0
2026-08-14T15:30:59.285005,593,624,616,609,596,0
2026-08-14T15:30:59.286600,593,625,616,609,595,0
2026-08-14T15:30:59.286600,594,624,617,610,595,0
2026-08-14T15:30:59.286600,594,625,617,609,596,0
2026-08-14T15:30:59.286600,594,624,616,610,596,0
2026-08-14T15:30:59.286600,593,624,615,609,596,0
2026-08-14T15:30:59.286600,594,623,616,610,595,0
2026-08-14T15:30:59.286600,594,625,616,609,595,0
2026-08-14T15:30:59.293141,594,624,615,609,595,0
2026-08-14T15:30:59.293141,595,624,615,609,595,0
2026-08-14T15:30:59.293141,594,624,615,608,595,0
2026-08-14T15:30:59.293141,594,624,615,608,595,0
2026-08-14T15:30:59.298732,593,624,615,608,595,0
2026-08-14T15:30:59.298732,594,624,615,609,595,0
2026-08-14T15:30:59.298732,594,623,616,609,594,0
2026-08-14T15:30:59.303355,593,625,615,609,595,0
2026-08-14T15:30:59.303355,592,625,615,609,595,0
2026-08-14T15:30:59.305052,596,623,615,608,594,0
2026-08-14T15:30:59.307327,593,622,615,608,595,0
2026-08-14T15:30:59.308399,592,624,614,609,595,0
2026-08-14T15:30:59.309448,593,624,614,609,594,0
2026-08-14T15:30:59.311098,594,624,614,608,594,0
2026-08-14T15:30:59.311098,595,624,614,608,594,0
2026-08-14T15:30:59.311098,593,625,614,609,595,0
2026-08-14T15:30:59.311098,594,624,614,609,595,0
2026-08-14T15:30:59.316197,592,624,615,608,594,0
2026-08-14T15:30:59.316197,594,623,615,609,594,0
2026-08-14T15:30:59.317959,592,623,615,608,595,0
2026-08-14T15:30:59.318627,592,624,614,609,595,0
2026-08-14T15:30:59.320245,592,624,614,608,594,0
2026-08-14T15:30:59.320245,593,622,615,608,594,0
2026-08-14T15:30:59.320245,592,624,615,608,595,0
2026-08-14T15:30:59.324368,593,623,614,609,595,0
2026-08-14T15:30:59.324368,593,623,615,607,594,0
2026-08-14T15:30:59.324368,594,623,614,607,593,0
2026-08-14T15:30:59.326133,594,623,613,608,593,0
2026-08-14T15:30:59.327412,592,623,614,608,594,0
2026-08-14T15:30:59.327412,593,622,613,608,594,0
2026-08-14T15:30:59.327412,592,623,615,607,594,0
2026-08-14T15:30:59.327412,593,623,614,608,593,0
2026-08-14T15:30:59.327412,592,622,613,608,594,0
2026-08-14T15:30:59.327412,592,623,613,607,593,0
2026-08-14T15:30:59.334545,592,623,614,608,593,0
2026-08-14T15:30:59.336404,593,623,614,607,594,0
2026-08-14T15:30:59.337007,593,622,613,607,594,0
2026-08-14T15:30:59.337007,593,622,614,607,593,0
2026-08-14T15:30:59.337007,592,622,615,607,592,0
2026-08-14T15:30:59.337007,593,623,614,607,593,0
2026-08-14T15:30:59.337007,593,622,614,607,593,0
2026-08-14T15:30:59.342805,592,623,613,608,594,0
2026-08-14T15:30:59.342805,593,621,614,608,594,0
2026-08-14T15:30:59.342805,593,624,614,608,595,0
2026-08-14T15:30:59.342805,592,622,614,608,594,0
2026-08-14T15:30:59.342805,592,622,615,607,594,0
2026-08-14T15:30:59.342805,592,622,614,608,593,0
2026-08-14T15:30:59.342805,592,624,614,608,594,0
2026-08-14T15:30:59.353063,593,623,613,608,593,0
2026-08-14T15:30:59.353626,592,623,613,608,593,0
2026-08-14T15:30:59.353626,593,622,615,607,594,0
2026-08-14T15:30:59.353626,592,624,614,607,592,0
2026-08-14T15:30:59.357199,591,624,614,607,594,0
2026-08-14T15:30:59.357199,593,623,613,608,594,0
2026-08-14T15:30:59.357199,592,621,614,608,593,0
2026-08-14T15:30:59.361241,591,624,614,608,594,0
2026-08-14T15:30:59.361241,592,623,613,607,594,0
2026-08-14T15:30:59.361241,592,623,613,607,593,0
2026-08-14T15:30:59.361241,593,622,614,607,593,0
2026-08-14T15:30:59.365342,592,622,613,608,593,0
2026-08-14T15:30:59.365342,593,623,614,608,594,0
2026-08-14T15:30:59.367102,592,623,614,607,593,0
2026-08-14T15:30:59.369534,592,623,613,607,594,0
2026-08-14T15:30:59.370410,592,622,614,608,593,0
2026-08-14T15:30:59.370410,592,624,614,608,593,0
2026-08-14T15:30:59.373151,592,623,615,608,593,0
2026-08-14T15:30:59.373151,592,622,615,608,593,0
2026-08-14T15:30:59.375162,592,623,614,608,594,0
2026-08-14T15:30:59.375162,592,622,614,608,593,0
2026-08-14T15:30:59.377172,591,622,615,607,594,0
2026-08-14T15:30:59.378240,593,622,615,607,593,0
2026-08-14T15:30:59.378750,593,622,615,607,594,0
2026-08-14T15:30:59.380159,592,623,613,608,594,0
2026-08-14T15:30:59.380159,593,622,615,608,593,0
2026-08-14T15:30:59.380159,593,623,615,608,593,0
2026-08-14T15:30:59.383548,592,623,614,608,593,0
2026-08-14T15:30:59.384692,592,623,614,608,593,0
2026-08-14T15:30:59.386171,592,623,614,609,593,0
2026-08-14T15:30:59.387019,592,622,615,608,593,0
2026-08-14T15:30:59.388268,593,622,614,609,594,0
2026-08-14T15:30:59.388268,592,623,614,608,595,0
2026-08-14T15:30:59.388268,591,623,615,608,594,0
2026-08-14T15:30:59.391872,593,622,615,607,594,0
2026-08-14T15:30:59.392648,592,624,615,607,594,0
2026-08-14T15:30:59.392648,593,622,613,609,593,0
2026-08-14T15:30:59.392648,593,623,615,608,593,0
2026-08-14T15:30:59.398091,592,623,615,607,594,0
2026-08-14T15:30:59.400092,591,624,614,607,593,0
2026-08-14T15:30:59.400092,592,624,614,608,593,0
2026-08-14T15:30:59.400092,592,622,615,608,593,0
2026-08-14T15:30:59.400092,592,621,615,608,594,0
2026-08-14T15:30:59.400092,592,623,615,608,593,0
2026-08-14T15:30:59.403749,592,623,613,608,594,0
2026-08-14T15:30:59.405938,592,623,615,608,593,0
2026-08-14T15:30:59.405938,592,622,614,608,593,0
2026-08-14T15:30:59.405938,592,624,615,608,594,0
2026-08-14T15:30:59.408185,593,622,614,607,594,0
2026-08-14T15:30:59.408185,593,623,615,607,594,0
2026-08-14T15:30:59.408185,592,623,615,609,593,0
2026-08-14T15:30:59.408185,593,624,615,607,594,0
2026-08-14T15:30:59.408185,591,624,615,608,593,0
2026-08-14T15:30:59.408185,592,623,615,608,593,0
2026-08-14T15:30:59.408185,592,623,615,608,594,0
2026-08-14T15:30:59.416229,591,623,615,608,594,0
2026-08-14T15:30:59.419028,592,623,615,608,594,0
2026-08-14T15:30:59.419787,592,623,614,607,593,0
2026-08-14T15:30:59.420363,593,622,615,608,593,0
2026-08-14T15:30:59.420363,592,623,615,609,593,0
2026-08-14T15:30:59.420363,593,622,615,609,594,0
2026-08-14T15:30:59.420363,592,624,615,607,593,0
2026-08-14T15:30:59.425309,592,623,615,608,594,0
2026-08-14T15:30:59.427319,592,623,615,608,594,0
2026-08-14T15:30:59.427319,592,624,615,609,592,0
2026-08-14T15:30:59.427319,592,623,615,608,594,0
2026-08-14T15:30:59.429329,592,623,615,609,593,0
2026-08-14T15:30:59.431339,592,623,614,609,594,0
2026-08-14T15:30:59.431339,592,623,614,608,594,0
2026-08-14T15:30:59.434861,592,622,614,608,594,0
2026-08-14T15:30:59.434861,592,623,615,607,594,0
2026-08-14T15:30:59.434861,593,622,614,609,593,0
2026-08-14T15:30:59.437329,593,622,615,609,593,0
2026-08-14T15:30:59.439543,593,624,614,609,593,0
2026-08-14T15:30:59.439543,592,623,616,608,594,0
2026-08-14T15:30:59.439543,592,624,615,608,593,0
2026-08-14T15:30:59.443301,592,624,615,608,593,0
2026-08-14T15:30:59.443301,592,622,614,609,593,0
2026-08-14T15:30:59.443301,592,623,615,609,593,0
2026-08-14T15:30:59.447319,592,622,615,608,594,0
2026-08-14T15:30:59.447319,592,623,614,608,594,0
2026-08-14T15:30:59.448461,593,622,615,609,594,0
2026-08-14T15:30:59.448461,593,621,614,609,593,0
2026-08-14T15:30:59.451480,592,624,614,609,593,0
2026-08-14T15:30:59.451480,594,623,614,607,593,0
2026-08-14T15:30:59.451480,593,622,614,609,593,0
2026-08-14T15:30:59.454032,593,622,615,608,593,0
2026-08-14T15:30:59.454032,592,625,615,607,593,0
2026-08-14T15:30:59.456293,592,623,616,608,594,0
2026-08-14T15:30:59.456293,592,622,615,609,593,0
2026-08-14T15:30:59.457800,592,622,614,609,594,0
2026-08-14T15:30:59.460368,593,622,616,608,593,0
2026-08-14T15:30:59.460368,591,624,614,608,594,0
2026-08-14T15:30:59.462378,593,622,614,609,594,0
2026-08-14T15:30:59.464386,593,623,614,608,594,0
2026-08-14T15:30:59.464891,592,624,615,609,593,0
2026-08-14T15:30:59.464891,593,622,615,608,594,0
2026-08-14T15:30:59.467657,593,623,614,608,594,0
2026-08-14T15:30:59.468676,593,622,615,609,593,0
2026-08-14T15:30:59.468676,592,624,615,609,593,0
2026-08-14T15:30:59.471830,593,624,615,608,594,0
2026-08-14T15:30:59.471830,593,623,614,609,594,0
2026-08-14T15:30:59.471830,593,623,614,609,594,0
2026-08-14T15:30:59.473839,593,622,615,609,594,0
2026-08-14T15:30:59.473839,591,624,615,609,593,0
2026-08-14T15:30:59.473839,593,622,616,608,594,0
2026-08-14T15:30:59.473839,594,623,614,608,594,0
2026-08-14T15:30:59.473839,593,622,614,608,594,0
2026-08-14T15:30:59.473839,592,623,614,608,593,0
2026-08-14T15:30:59.473839,592,623,616,609,593,0
2026-08-14T15:30:59.482226,592,623,615,608,594,0
2026-08-14T15:30:59.482226,592,623,616,609,594,0
2026-08-14T15:30:59.482226,591,623,615,609,594,0
2026-08-14T15:30:59.482226,592,623,615,609,593,0
2026-08-14T15:30:59.488227,592,623,616,608,594,0
2026-08-14T15:30:59.488227,593,623,616,609,594,0
2026-08-14T15:30:59.488227,592,622,615,608,594,0
2026-08-14T15:30:59.492315,592,623,616,608,593,0
2026-08-14T15:30:59.493008,593,623,615,609,593,0
2026-08-14T15:30:59.493008,594,622,615,608,594,0
2026-08-14T15:30:59.493008,593,624,614,609,594,0
2026-08-14T15:30:59.495062,592,623,615,609,593,0
2026-08-14T15:30:59.497070,593,624,615,608,593,0
2026-08-14T15:30:59.497070,593,623,616,608,594,0
2026-08-14T15:30:59.498391,591,623,614,608,594,0
2026-08-14T15:30:59.498391,592,622,615,609,594,0
2026-08-14T15:30:59.498391,591,623,615,609,593,0
2026-08-14T15:30:59.498391,592,624,615,608,594,0
2026-08-14T15:30:59.503399,593,622,614,608,595,0
2026-08-14T15:30:59.503399,593,623,616,609,594,0
2026-08-14T15:30:59.503399,592,623,614,609,593,0
2026-08-14T15:30:59.506732,593,623,614,608,593,0
2026-08-14T15:30:59.506732,593,624,615,608,593,0
2026-08-14T15:30:59.506732,592,623,615,609,594,0
2026-08-14T15:30:59.506732,593,622,615,608,594,0
2026-08-14T15:30:59.506732,592,625,615,609,593,0
2026-08-14T15:30:59.506732,593,623,614,608,594,0
2026-08-14T15:30:59.506732,593,623,615,608,594,0
2026-08-14T15:30:59.516881,591,623,614,608,595,0
2026-08-14T15:30:59.516881,592,623,615,609,593,0
2026-08-14T15:30:59.516881,592,624,614,609,594,0
2026-08-14T15:30:59.520989,593,622,616,608,594,0
2026-08-14T15:30:59.520989,592,623,614,609,593,0
2026-08-14T15:30:59.520989,592,624,615,608,594,0
2026-08-14T15:30:59.523117,592,624,614,609,593,0
2026-08-14T15:30:59.524107,593,624,615,608,594,0
2026-08-14T15:30:59.524107,593,622,616,608,594,0
2026-08-14T15:30:59.524107,592,624,615,609,593,0
2026-08-14T15:30:59.524107,591,624,615,609,594,0
2026-08-14T15:30:59.524107,593,623,616,609,593,0
2026-08-14T15:30:59.524107,593,622,615,608,593,0
2026-08-14T15:30:59.531440,591,622,615,608,594,0
2026-08-14T15:30:59.532246,592,623,615,608,593,0
2026-08-14T15:30:59.532246,594,623,614,608,594,0
2026-08-14T15:30:59.532246,594,623,614,609,593,0
2026-08-14T15:30:59.536951,593,623,615,608,594,0
2026-08-14T15:30:59.536951,592,623,615,608,593,0
2026-08-14T15:30:59.536951,595,623,615,608,593,0
2026-08-14T15:30:59.541466,593,623,615,609,594,0
2026-08-14T15:30:59.541466,592,623,616,608,593,0
2026-08-14T15:30:59.541466,591,624,615,609,594,0
2026-08-14T15:30:59.541466,592,623,616,609,593,0
2026-08-14T15:30:59.545649,593,623,614,609,593,0
2026-08-14T15:30:59.545649,592,624,614,609,594,0
2026-08-14T15:30:59.545649,592,622,615,608,593,0
2026-08-14T15:30:59.547995,593,623,616,608,593,0
2026-08-14T15:30:59.547995,594,623,616,608,593,0
2026-08-14T15:30:59.547995,593,623,614,608,594,0
2026-08-14T15:30:59.547995,592,624,615,608,594,0
2026-08-14T15:30:59.553641,592,623,615,609,593,0
2026-08-14T15:30:59.553641,592,623,615,609,594,0
2026-08-14T15:30:59.556103,593,623,614,609,594,0
2026-08-14T15:30:59.556103,592,622,615,609,594,0
2026-08-14T15:30:59.556103,592,623,616,609,593,0
2026-08-14T15:30:59.556103,592,622,615,608,593,0
2026-08-14T15:30:59.556103,593,623,615,608,594,0
2026-08-14T15:30:59.556103,593,622,614,609,594,0
2026-08-14T15:30:59.556103,593,623,615,608,594,0
2026-08-14T15:30:59.556103,593,622,616,608,593,0
2026-08-14T15:30:59.566029,593,623,614,608,593,0
2026-08-14T15:30:59.566029,593,624,615,608,593,0
2026-08-14T15:30:59.566029,592,622,615,609,594,0
2026-08-14T15:30:59.566029,592,622,615,608,594,0
2026-08-14T15:30:59.569500,592,624,616,609,593,0
2026-08-14T15:30:59.569500,593,623,615,609,594,0
2026-08-14T15:30:59.569500,593,623,616,608,594,0
2026-08-14T15:30:59.574216,593,622,615,609,594,0
2026-08-14T15:30:59.574216,591,624,615,609,593,0
2026-08-14T15:30:59.574216,593,622,614,608,593,0
2026-08-14T15:30:59.574216,593,622,614,609,593,0
2026-08-14T15:30:59.574216,592,623,615,608,594,0
2026-08-14T15:30:59.574216,593,624,615,609,594,0
2026-08-14T15:30:59.580679,592,623,615,608,594,0
2026-08-14T15:30:59.582570,591,623,615,609,593,0
2026-08-14T15:30:59.582570,593,623,616,609,594,0
2026-08-14T15:30:59.582570,593,623,616,609,594,0
2026-08-14T15:30:59.586227,591,623,615,609,594,0
2026-08-14T15:30:59.586973,592,623,615,609,593,0
2026-08-14T15:30:59.586973,593,623,614,608,594,0
2026-08-14T15:30:59.588923,593,622,616,609,594,0
2026-08-14T15:30:59.588923,592,623,615,609,594,0
2026-08-14T15:30:59.588923,594,623,615,608,594,0
2026-08-14T15:30:59.588923,592,623,616,608,594,0
2026-08-14T15:30:59.588923,592,624,616,608,594,0
2026-08-14T15:30:59.588923,592,624,615,609,594,0
2026-08-14T15:30:59.588923,592,622,616,609,593,0
2026-08-14T15:30:59.588923,591,623,616,608,593,0
2026-08-14T15:30:59.598450,593,622,616,609,594,0
2026-08-14T15:30:59.598450,592,623,615,609,594,0
2026-08-14T15:30:59.598450,592,622,616,609,593,0
2026-08-14T15:30:59.602841,593,623,615,608,594,0
2026-08-14T15:30:59.603554,593,622,615,608,593,0
2026-08-14T15:30:59.603554,593,623,614,609,593,0
2026-08-14T15:30:59.605666,593,622,615,609,593,0
2026-08-14T15:30:59.605666,593,623,616,608,594,0
2026-08-14T15:30:59.605666,593,624,615,609,594,0
2026-08-14T15:30:59.605666,593,623,615,609,593,0
2026-08-14T15:30:59.610465,593,624,615,609,593,0
2026-08-14T15:30:59.610465,593,623,616,609,594,0
2026-08-14T15:30:59.610465,593,623,614,610,593,0
2026-08-14T15:30:59.614104,593,623,615,608,595,0
2026-08-14T15:30:59.614104,592,623,614,608,594,0
2026-08-14T15:30:59.614104,592,622,615,609,594,0
2026-08-14T15:30:59.614104,593,624,615,609,593,0
2026-08-14T15:30:59.614104,594,623,614,608,594,0
2026-08-14T15:30:59.620104,593,623,614,608,594,0
2026-08-14T15:30:59.620575,593,623,616,608,594,0
2026-08-14T15:30:59.623501,592,624,616,608,593,0
2026-08-14T15:30:59.623501,593,624,615,609,594,0
2026-08-14T15:30:59.623501,593,623,617,609,594,0
2026-08-14T15:30:59.623501,592,622,616,608,594,0
2026-08-14T15:30:59.627592,591,623,616,609,594,0
2026-08-14T15:30:59.627592,592,623,615,609,594,0
2026-08-14T15:30:59.627592,593,623,615,609,594,0
2026-08-14T15:30:59.631692,592,623,616,608,593,0
2026-08-14T15:30:59.631692,592,622,616,609,594,0
2026-08-14T15:30:59.631692,593,624,615,609,593,0
2026-08-14T15:30:59.631692,593,624,615,608,593,0
2026-08-14T15:30:59.636091,592,623,615,609,593,0
2026-08-14T15:30:59.636778,593,624,615,608,594,0
2026-08-14T15:30:59.636778,592,623,616,609,593,0
2026-08-14T15:30:59.639607,592,624,615,609,593,0
2026-08-14T15:30:59.639607,593,622,616,608,594,0
2026-08-14T15:30:59.639607,592,624,616,609,594,0
2026-08-14T15:30:59.641582,593,622,615,608,595,0
2026-08-14T15:30:59.641582,592,623,616,608,594,0
2026-08-14T15:30:59.645722,593,623,614,609,595,0
2026-08-14T15:30:59.645722,592,622,614,608,595,0
2026-08-14T15:30:59.647971,593,622,615,608,594,0
2026-08-14T15:30:59.647971,593,624,615,609,593,0
2026-08-14T15:30:59.647971,591,624,616,609,593,0
2026-08-14T15:30:59.651285,593,624,616,609,594,0
2026-08-14T15:30:59.652875,592,623,615,609,594,0
2026-08-14T15:30:59.653733,592,623,616,609,594,0
2026-08-14T15:30:59.653733,592,622,615,608,594,0
2026-08-14T15:30:59.656287,593,622,616,609,594,0
2026-08-14T15:30:59.656287,593,623,615,610,594,0
2026-08-14T15:30:59.656287,592,623,616,610,594,0
2026-08-14T15:30:59.658887,593,622,616,609,593,0
2026-08-14T15:30:59.658887,593,624,614,609,593,0
2026-08-14T15:30:59.658887,593,623,614,609,594,0
2026-08-14T15:30:59.658887,593,623,615,609,593,0
2026-08-14T15:30:59.664474,593,624,615,608,593,0
2026-08-14T15:30:59.664474,593,623,615,608,594,0
2026-08-14T15:30:59.666491,593,623,615,608,593,0
2026-08-14T15:30:59.666491,592,622,616,609,594,0
2026-08-14T15:30:59.666491,591,623,616,609,594,0
2026-08-14T15:30:59.670027,594,623,616,610,594,0
2026-08-14T15:30:59.672800,593,623,615,610,595,0
2026-08-14T15:30:59.672800,592,623,615,608,595,0
2026-08-14T15:30:59.672800,593,623,615,609,594,0
2026-08-14T15:30:59.672800,592,623,615,608,594,0
2026-08-14T15:30:59.672800,594,623,616,608,594,0
2026-08-14T15:30:59.672800,593,623,615,609,594,0
2026-08-14T15:30:59.672800,592,623,616,609,593,0
2026-08-14T15:30:59.681014,592,624,616,608,594,0
2026-08-14T15:30:59.681014,593,624,614,609,593,0
2026-08-14T15:30:59.681014,592,623,616,608,594,0
2026-08-14T15:30:59.681014,592,623,616,609,594,0
2026-08-14T15:30:59.684966,593,623,616,609,594,0
2026-08-14T15:30:59.685664,593,623,616,609,595,0
2026-08-14T15:30:59.686517,594,622,614,608,594,0
2026-08-14T15:30:59.688518,593,623,615,609,593,0
2026-08-14T15:30:59.689220,592,623,615,608,594,0
2026-08-14T15:30:59.689220,594,623,615,608,594,0
2026-08-14T15:30:59.689220,593,624,616,609,593,0
2026-08-14T15:30:59.693144,593,623,615,608,594,0
2026-08-14T15:30:59.693144,593,624,615,609,593,0
2026-08-14T15:30:59.693144,592,625,616,609,593,0
2026-08-14T15:30:59.697240,592,624,615,609,593,0
2026-08-14T15:30:59.697240,593,622,615,609,595,0
2026-08-14T15:30:59.697240,593,625,615,609,594,0
2026-08-14T15:30:59.697240,592,622,615,609,595,0
2026-08-14T15:30:59.700493,592,624,615,609,593,0
2026-08-14T15:30:59.700493,593,623,616,608,593,0
2026-08-14T15:30:59.702808,592,623,614,609,594,0
2026-08-14T15:30:59.705498,592,623,615,608,593,0
2026-08-14T15:30:59.705498,592,624,615,608,594,0
2026-08-14T15:30:59.705498,592,623,615,608,593,0
2026-08-14T15:30:59.709692,592,624,615,608,595,0
2026-08-14T15:30:59.709692,592,623,616,609,593,0
2026-08-14T15:30:59.709692,593,623,615,609,594,0
2026-08-14T15:30:59.711477,591,624,615,608,594,0
2026-08-14T15:30:59.713582,593,623,616,609,594,0
2026-08-14T15:30:59.713582,592,622,614,609,594,0
2026-08-14T15:30:59.713582,592,623,615,609,594,0
2026-08-14T15:30:59.716702,592,623,615,608,593,0
2026-08-14T15:30:59.716702,593,622,615,609,594,0
2026-08-14T15:30:59.719369,594,623,616,608,593,0
2026-08-14T15:30:59.719950,592,623,616,609,593,0
2026-08-14T15:30:59.721705,592,623,616,608,594,0
2026-08-14T15:30:59.722567,593,624,616,608,594,0
2026-08-14T15:30:59.722903,591,623,616,610,594,0
2026-08-14T15:30:59.724306,592,623,615,609,593,0
2026-08-14T15:30:59.724306,592,623,615,609,594,0
2026-08-14T15:30:59.724306,592,623,616,609,593,0
2026-08-14T15:30:59.724306,592,622,615,608,594,0
2026-08-14T15:30:59.730199,592,622,615,609,594,0
2026-08-14T15:30:59.730199,593,623,616,609,593,0
2026-08-14T15:30:59.730199,593,623,615,609,594,0
2026-08-14T15:30:59.734078,594,623,614,609,594,0
2026-08-14T15:30:59.734078,593,624,615,609,593,0
2026-08-14T15:30:59.734078,593,623,615,609,594,0
2026-08-14T15:30:59.736103,592,623,615,608,593,0
2026-08-14T15:30:59.738349,593,624,615,609,594,0
2026-08-14T15:30:59.738349,593,623,616,609,594,0
2026-08-14T15:30:59.738349,592,623,615,610,594,0
2026-08-14T15:30:59.738349,592,624,616,609,594,0
2026-08-14T15:30:59.738349,592,624,614,609,594,0
2026-08-14T15:30:59.738349,593,622,616,609,594,0
2026-08-14T15:30:59.746428,593,623,615,609,593,0
2026-08-14T15:30:59.746428,593,624,615,609,594,0
2026-08-14T15:30:59.746428,593,623,615,608,594,0
2026-08-14T15:30:59.748443,594,623,616,608,594,0
2026-08-14T15:30:59.748443,592,623,616,608,593,0
2026-08-14T15:30:59.748443,592,625,615,608,593,0
2026-08-14T15:30:59.748443,592,624,615,608,593,0
2026-08-14T15:30:59.753841,592,622,616,609,594,0
2026-08-14T15:30:59.755071,593,624,615,609,594,0
2026-08-14T15:30:59.755071,592,624,615,609,595,0
2026-08-14T15:30:59.755071,591,624,615,608,595,0
2026-08-14T15:30:59.758694,593,623,615,609,594,0
2026-08-14T15:30:59.758694,593,622,615,608,594,0
2026-08-14T15:30:59.758694,593,622,615,609,593,0
2026-08-14T15:30:59.762775,593,624,616,608,594,0
2026-08-14T15:30:59.762775,593,623,616,609,593,0
2026-08-14T15:30:59.762775,593,623,616,609,594,0
2026-08-14T15:30:59.764531,592,625,615,609,593,0
2026-08-14T15:30:59.766985,591,623,615,609,593,0
2026-08-14T15:30:59.766985,593,624,615,610,593,0
2026-08-14T15:30:59.766985,593,624,616,609,594,0
2026-08-14T15:30:59.771122,591,623,615,609,595,0
2026-08-14T15:30:59.771122,592,623,615,610,594,0
2026-08-14T15:30:59.771122,592,624,616,609,594,0
2026-08-14T15:30:59.771122,594,624,615,608,594,0
2026-08-14T15:30:59.771122,592,622,615,608,594,0
2026-08-14T15:30:59.776820,592,624,614,609,593,0
2026-08-14T15:30:59.777490,592,624,615,608,594,0
2026-08-14T15:30:59.777490,593,624,615,608,594,0
2026-08-14T15:30:59.779259,593,625,615,608,594,0
2026-08-14T15:30:59.779259,593,624,615,609,593,0
2026-08-14T15:30:59.779259,592,623,615,610,594,0
2026-08-14T15:30:59.779259,592,623,616,609,594,0
2026-08-14T15:30:59.779259,592,623,614,609,594,0
2026-08-14T15:30:59.779259,591,622,615,609,594,0
2026-08-14T15:30:59.787186,593,623,616,608,593,0
2026-08-14T15:30:59.787186,594,623,615,608,594,0
2026-08-14T15:30:59.787186,593,622,614,608,594,0
2026-08-14T15:30:59.791443,593,624,615,608,595,0
2026-08-14T15:30:59.791443,593,623,616,609,593,0
2026-08-14T15:30:59.791443,592,624,615,609,594,0
2026-08-14T15:30:59.793200,592,624,615,608,594,0
2026-08-14T15:30:59.795542,593,623,615,609,594,0
2026-08-14T15:30:59.795542,592,624,615,610,595,0
2026-08-14T15:30:59.797355,593,622,615,609,594,0
2026-08-14T15:30:59.797355,592,624,615,608,594,0
2026-08-14T15:30:59.797355,592,623,615,609,594,0
2026-08-14T15:30:59.797355,592,623,615,609,595,0
2026-08-14T15:30:59.801981,593,623,615,608,593,0
2026-08-14T15:30:59.803394,593,624,614,609,593,0
2026-08-14T15:30:59.803394,593,623,615,609,593,0
2026-08-14T15:30:59.803394,592,624,616,609,594,0
2026-08-14T15:30:59.803394,592,623,615,608,594,0
2026-08-14T15:30:59.803394,592,624,616,608,593,0
2026-08-14T15:30:59.803394,593,623,615,609,593,0
2026-08-14T15:30:59.812070,592,622,616,609,594,0
2026-08-14T15:30:59.812070,591,623,615,609,594,0
2026-08-14T15:30:59.813092,593,623,616,609,595,0
2026-08-14T15:30:59.814201,593,623,616,609,595,0
2026-08-14T15:30:59.815919,593,623,615,609,594,0
2026-08-14T15:30:59.815919,593,624,615,609,594,0
2026-08-14T15:30:59.815919,592,624,615,609,593,0
2026-08-14T15:30:59.819559,593,624,615,608,595,0
2026-08-14T15:30:59.820508,593,624,615,609,593,0
2026-08-14T15:30:59.821786,593,624,616,609,594,0
2026-08-14T15:30:59.821786,592,625,615,609,593,0
2026-08-14T15:30:59.824166,592,624,615,608,593,0
2026-08-14T15:30:59.824166,593,623,616,609,594,0
2026-08-14T15:30:59.824166,593,623,615,608,595,0
2026-08-14T15:30:59.828315,593,623,615,610,594,0
2026-08-14T15:30:59.828315,592,624,615,608,594,0
2026-08-14T15:30:59.828315,593,623,615,609,593,0
2026-08-14T15:30:59.828315,594,623,614,608,595,0
2026-08-14T15:30:59.830853,593,623,616,608,594,0
2026-08-14T15:30:59.830853,593,624,615,609,594,0
2026-08-14T15:30:59.830853,592,624,616,608,594,0
2026-08-14T15:30:59.836367,593,625,614,607,594,0
2026-08-14T15:30:59.837449,593,627,613,608,597,0
2026-08-14T15:30:59.837449,593,627,614,608,598,0
2026-08-14T15:30:59.837449,594,630,614,608,600,0
2026-08-14T15:30:59.837449,595,633,613,608,603,0
2026-08-14T15:30:59.837449,597,634,612,609,604,0
2026-08-14T15:30:59.837449,597,637,614,609,607,0
2026-08-14T15:30:59.843354,599,640,614,609,607,0
2026-08-14T15:30:59.843354,601,641,614,609,609,0
2026-08-14T15:30:59.843354,601,645,613,610,611,0
2026-08-14T15:30:59.843354,603,648,614,609,613,0
2026-08-14T15:30:59.843354,605,650,614,610,615,0
2026-08-14T15:30:59.843354,605,654,615,609,616,0
2026-08-14T15:30:59.843354,605,655,614,610,617,0
2026-08-14T15:30:59.852783,607,659,614,609,619,0
2026-08-14T15:30:59.853372,608,660,614,609,621,0
2026-08-14T15:30:59.854703,608,663,615,609,621,0
2026-08-14T15:30:59.856646,611,665,615,609,623,0
2026-08-14T15:30:59.856646,610,668,615,610,624,0
2026-08-14T15:30:59.858414,612,669,617,610,625,0
2026-08-14T15:30:59.858414,613,673,617,610,626,0
2026-08-14T15:30:59.861097,614,675,618,610,627,0
2026-08-14T15:30:59.861906,616,677,616,610,629,0
2026-08-14T15:30:59.861906,616,680,618,609,630,0
2026-08-14T15:30:59.864223,616,681,619,611,630,0
2026-08-14T15:30:59.864223,617,685,619,611,630,0
2026-08-14T15:30:59.864223,619,685,619,610,633,0
2026-08-14T15:30:59.864223,619,688,619,610,633,0
2026-08-14T15:30:59.869715,620,689,620,610,634,0
2026-08-14T15:30:59.870207,620,694,622,610,634,0
2026-08-14T15:30:59.870207,621,695,623,610,636,0
2026-08-14T15:30:59.870207,623,697,624,612,637,0
2026-08-14T15:30:59.870207,624,698,626,611,638,0
2026-08-14T15:30:59.870207,624,701,629,611,639,0
2026-08-14T15:30:59.877030,625,704,629,611,640,0
2026-08-14T15:30:59.877030,625,707,631,611,641,0
2026-08-14T15:30:59.877030,627,708,632,612,642,0
2026-08-14T15:30:59.877030,628,711,634,612,642,0
2026-08-14T15:30:59.877030,627,714,636,612,643,0
2026-08-14T15:30:59.877030,629,715,637,613,644,0
2026-08-14T15:30:59.877030,630,716,639,615,646,0
2026-08-14T15:30:59.885340,629,718,640,616,646,0
2026-08-14T15:30:59.886226,630,718,641,616,649,0
2026-08-14T15:30:59.887359,632,720,644,618,650,0
2026-08-14T15:30:59.887359,634,722,645,619,652,0
2026-08-14T15:30:59.889692,635,724,646,623,653,0
2026-08-14T15:30:59.889692,637,725,647,624,654,0
2026-08-14T15:30:59.889692,637,727,651,624,655,0
2026-08-14T15:30:59.893844,639,728,653,627,656,0
2026-08-14T15:30:59.893844,641,728,655,629,658,0
2026-08-14T15:30:59.893844,642,729,656,632,661,0
2026-08-14T15:30:59.893844,643,729,657,635,663,0
2026-08-14T15:30:59.893844,647,729,655,638,665,0
2026-08-14T15:30:59.893844,648,732,657,638,668,0
2026-08-14T15:30:59.893844,650,735,658,639,670,0
2026-08-14T15:30:59.893844,651,737,660,640,671,0
2026-08-14T15:30:59.903329,653,740,661,638,671,0
2026-08-14T15:30:59.903329,655,742,663,641,673,0
2026-08-14T15:30:59.905085,655,743,663,640,674,0
2026-08-14T15:30:59.905085,656,747,665,641,675,0
2026-08-14T15:30:59.905085,656,749,668,640,675,0
2026-08-14T15:30:59.905085,657,753,671,639,677,0
2026-08-14T15:30:59.905085,656,756,672,640,678,0
2026-08-14T15:30:59.910719,656,759,675,639,678,0
2026-08-14T15:30:59.910719,654,762,678,639,679,0
2026-08-14T15:30:59.914156,655,765,679,637,678,0
2026-08-14T15:30:59.914156,653,768,681,636,681,0
2026-08-14T15:30:59.915673,652,771,684,637,681,0
2026-08-14T15:30:59.915673,653,775,686,636,680,0
2026-08-14T15:30:59.915673,654,778,688,636,681,0
2026-08-14T15:30:59.919001,655,778,690,637,683,0
2026-08-14T15:30:59.919397,655,780,694,639,685,0
2026-08-14T15:30:59.922525,656,783,697,641,686,0
2026-08-14T15:30:59.922525,659,783,698,647,688,0
2026-08-14T15:30:59.922525,663,768,694,657,688,0
2026-08-14T15:30:59.922525,666,757,694,666,690,0
2026-08-14T15:30:59.922525,670,757,697,669,693,0
2026-08-14T15:30:59.927098,672,763,699,671,695,0
2026-08-14T15:30:59.927098,675,764,700,675,698,0
2026-08-14T15:30:59.930747,677,764,702,676,700,0
2026-08-14T15:30:59.930747,678,768,705,676,703,0
2026-08-14T15:30:59.930747,679,774,707,677,704,0
2026-08-14T15:30:59.930747,678,777,708,677,704,0
2026-08-14T15:30:59.930747,680,780,712,675,705,0
2026-08-14T15:30:59.935372,679,785,715,676,707,0
2026-08-14T15:30:59.936205,681,789,718,677,710,0
2026-08-14T15:30:59.938472,681,795,722,676,711,0
2026-08-14T15:30:59.938472,681,798,726,677,714,0
2026-08-14T15:30:59.938472,681,801,728,678,715,0
2026-08-14T15:30:59.943155,681,805,732,680,715,0
2026-08-14T15:30:59.943155,683,807,735,683,717,0
2026-08-14T15:30:59.943155,683,806,735,688,719,0
2026-08-14T15:30:59.943155,688,798,734,691,719,0
2026-08-14T15:30:59.945809,689,801,735,695,721,0
2026-08-14T15:30:59.945809,690,802,738,695,722,0
2026-08-14T15:30:59.945809,691,806,740,696,723,0
2026-08-14T15:30:59.951240,691,808,742,696,725,0
2026-08-14T15:30:59.951240,689,810,742,697,725,0
2026-08-14T15:30:59.953453,689,812,744,698,727,0
2026-08-14T15:30:59.953453,689,815,745,697,727,0
2026-08-14T15:30:59.953453,691,817,745,695,729,0
2026-08-14T15:30:59.953453,691,820,745,695,731,0
2026-08-14T15:30:59.953453,692,820,746,697,731,0
2026-08-14T15:30:59.959461,693,819,744,698,733,0
2026-08-14T15:30:59.959461,695,820,746,698,733,0
2026-08-14T15:30:59.959461,696,823,747,700,735,0
2026-08-14T15:30:59.959461,695,826,748,699,736,0
2026-08-14T15:30:59.959461,696,828,751,700,736,0
2026-08-14T15:30:59.959461,698,827,752,704,736,0
2026-08-14T15:30:59.959461,699,825,751,704,739,0
2026-08-14T15:30:59.965248,699,830,753,703,740,0
2026-08-14T15:30:59.967701,698,831,755,703,742,0
2026-08-14T15:30:59.967701,697,834,755,704,742,0
2026-08-14T15:30:59.967701,698,838,758,704,743,0
2026-08-14T15:30:59.971807,699,839,758,705,744,0
2026-08-14T15:30:59.971807,698,841,760,704,746,0
2026-08-14T15:30:59.971807,699,844,763,705,746,0
2026-08-14T15:30:59.971807,698,845,764,706,748,0
2026-08-14T15:30:59.975949,699,846,764,706,749,0
2026-08-14T15:30:59.975949,701,847,764,707,750,0
2026-08-14T15:30:59.979858,702,844,764,712,750,0
2026-08-14T15:30:59.979858,706,834,764,719,750,0
2026-08-14T15:30:59.981615,709,821,761,728,750,0
2026-08-14T15:30:59.981615,712,811,760,730,752,0
2026-08-14T15:30:59.983821,712,814,761,732,753,0
2026-08-14T15:30:59.983821,711,819,763,730,753,0
2026-08-14T15:30:59.983821,712,823,765,730,756,0
2026-08-14T15:30:59.986925,712,828,769,730,758,0
2026-08-14T15:30:59.986925,711,834,771,728,759,0
2026-08-14T15:30:59.986925,709,841,773,727,760,0
2026-08-14T15:30:59.989664,709,847,775,725,760,0
2026-08-14T15:30:59.992155,711,848,776,727,761,0
2026-08-14T15:30:59.992155,711,848,779,728,762,0
2026-08-14T15:30:59.992155,710,846,782,732,763,0
2026-08-14T15:30:59.996331,709,853,785,729,764,0
2026-08-14T15:30:59.996331,708,857,788,730,765,0
2026-08-14T15:30:59.996331,709,857,791,734,766,0
2026-08-14T15:30:59.996331,709,850,791,738,766,0
2026-08-14T15:30:59.999854,710,840,791,744,767,0
2026-08-14T15:30:59.999854,711,844,791,741,769,0
2026-08-14T15:30:59.999854,713,845,791,742,771,0
2026-08-14T15:31:00.004374,712,849,794,743,771,0
2026-08-14T15:31:00.004374,712,851,795,743,772,0
2026-08-14T15:31:00.004374,713,854,798,743,772,0
2026-08-14T15:31:00.008143,713,858,800,742,774,0
2026-08-14T15:31:00.008143,713,854,799,747,773,0
2026-08-14T15:31:00.008143,714,839,798,753,772,0
2026-08-14T15:31:00.010176,713,843,800,751,774,0
2026-08-14T15:31:00.012227,714,841,800,752,774,0
2026-08-14T15:31:00.012227,713,845,800,751,775,0
2026-08-14T15:31:00.012227,712,844,800,751,776,0
2026-08-14T15:31:00.016508,711,846,801,750,775,0
2026-08-14T15:31:00.016508,709,849,802,748,775,0
2026-08-14T15:31:00.016508,710,849,801,747,776,0
2026-08-14T15:31:00.018519,709,845,800,750,776,0
2026-08-14T15:31:00.020195,710,844,802,751,777,0
2026-08-14T15:31:00.021418,710,843,804,751,776,0
2026-08-14T15:31:00.022127,710,845,806,752,778,0
2026-08-14T15:31:00.024913,710,841,807,754,778,0
2026-08-14T15:31:00.024913,711,832,804,757,778,0
2026-08-14T15:31:00.024913,712,826,802,758,777,0
2026-08-14T15:31:00.026924,713,826,802,759,778,0
2026-08-14T15:31:00.028937,714,825,802,759,778,0
2026-08-14T15:31:00.028937,713,820,804,762,779,0
2026-08-14T15:31:00.028937,716,811,802,766,780,0
2026-08-14T15:31:00.032994,718,804,802,767,780,0
2026-08-14T15:31:00.032994,719,808,801,767,780,0
2026-08-14T15:31:00.032994,718,810,804,766,780,0
2026-08-14T15:31:00.032994,718,813,806,765,781,0
2026-08-14T15:31:00.037025,717,815,810,766,782,0
2026-08-14T15:31:00.037025,715,819,811,765,782,0
2026-08-14T15:31:00.038333,716,823,813,764,782,0
2026-08-14T15:31:00.041226,713,826,816,762,782,0
2026-08-14T15:31:00.041226,713,827,817,764,782,0
2026-08-14T15:31:00.041226,715,815,817,770,781,0
2026-08-14T15:31:00.043191,719,801,819,772,782,0
2026-08-14T15:31:00.043191,718,805,817,772,783,0
2026-08-14T15:31:00.043191,716,810,819,771,784,0
2026-08-14T15:31:00.047026,716,812,819,768,784,0
2026-08-14T15:31:00.047828,716,814,819,767,785,0
2026-08-14T15:31:00.049598,716,819,822,765,785,0
2026-08-14T15:31:00.049598,712,824,824,765,786,0
2026-08-14T15:31:00.053440,712,828,827,764,785,0
2026-08-14T15:31:00.053440,711,832,829,763,785,0
2026-08-14T15:31:00.054698,711,833,831,762,786,0
2026-08-14T15:31:00.054698,709,833,829,760,786,0
2026-08-14T15:31:00.054698,711,829,825,763,786,0
2026-08-14T15:31:00.058080,716,812,823,769,784,0
2026-08-14T15:31:00.058080,718,813,826,768,784,0
2026-08-14T15:31:00.061744,715,818,825,765,786,0
2026-08-14T15:31:00.061744,715,823,824,763,786,0
2026-08-14T15:31:00.061744,713,825,824,761,785,0
2026-08-14T15:31:00.061744,712,830,824,758,784,0
2026-08-14T15:31:00.063756,711,830,826,757,785,0
2026-08-14T15:31:00.063756,711,830,825,757,785,0
2026-08-14T15:31:00.066572,711,828,825,758,784,0
2026-08-14T15:31:00.069622,711,828,824,756,783,0
2026-08-14T15:31:00.070448,715,819,820,759,783,0
2026-08-14T15:31:00.083300,716,810,822,764,782,0
2026-08-14T15:31:00.085009,722,790,821,769,779,0
2026-08-14T15:31:00.085009,722,788,819,765,780,0
2026-08-14T15:31:00.086135,721,799,818,762,782,0
2026-08-14T15:31:00.087092,719,803,819,761,781,0
2026-08-14T15:31:00.087092,718,806,822,760,782,0
2026-08-14T15:31:00.088366,718,806,826,760,780,0
2026-08-14T15:31:00.088366,715,813,827,758,779,0
2026-08-14T15:31:00.088366,716,814,828,757,778,0
2026-08-14T15:31:00.090384,717,805,829,762,777,0
2026-08-14T15:31:00.090384,721,788,831,767,773,0
2026-08-14T15:31:00.090384,725,777,830,768,770,0
2026-08-14T15:31:00.090384,728,769,828,766,770,0
2026-08-14T15:31:00.090384,724,776,825,763,769,0
2026-08-14T15:31:00.090384,723,779,822,759,769,0
2026-08-14T15:31:00.090384,720,782,821,757,768,0
2026-08-14T15:31:00.090384,720,783,820,755,768,0
2026-08-14T15:31:00.090384,721,783,822,755,768,0
2026-08-14T15:31:00.090384,719,784,821,751,766,0
2026-08-14T15:31:00.090384,718,787,819,750,764,0
2026-08-14T15:31:00.090384,717,789,816,746,763,0
2026-08-14T15:31:00.090384,716,791,816,744,762,0
2026-08-14T15:31:00.098524,717,783,816,744,759,0
2026-08-14T15:31:00.098524,718,782,815,744,758,0
2026-08-14T15:31:00.098524,719,775,812,744,754,0
2026-08-14T15:31:00.098524,723,756,810,749,747,0
2026-08-14T15:31:00.102490,731,727,807,753,741,0
2026-08-14T15:31:00.102490,726,732,802,749,741,0
2026-08-14T15:31:00.102490,724,736,799,746,740,0
2026-08-14T15:31:00.106717,722,740,799,742,740,0
2026-08-14T15:31:00.107417,722,744,799,740,739,0
2026-08-14T15:31:00.107417,720,748,799,738,739,0
2026-08-14T15:31:00.110896,717,754,799,735,740,0
2026-08-14T15:31:00.110896,719,757,802,734,739,0
2026-08-14T15:31:00.110896,719,753,803,736,734,0
2026-08-14T15:31:00.110896,722,742,803,737,729,0
2026-08-14T15:31:00.113579,722,735,801,736,728,0
2026-08-14T15:31:00.115205,720,740,802,734,727,0
2026-08-14T15:31:00.115205,718,743,801,731,725,0
2026-08-14T15:31:00.115205,717,747,800,727,725,0
2026-08-14T15:31:00.119874,714,750,799,723,723,0
2026-08-14T15:31:00.120747,714,753,799,719,722,0
2026-08-14T15:31:00.120747,711,756,798,715,722,0
2026-08-14T15:31:00.120747,709,759,798,712,722,0
2026-08-14T15:31:00.123718,707,762,799,709,719,0
2026-08-14T15:31:00.123718,705,765,800,705,716,0
2026-08-14T15:31:00.123718,704,767,799,700,714,0
2026-08-14T15:31:00.123718,703,761,796,702,709,0
2026-08-14T15:31:00.123718,704,732,792,710,698,0
2026-08-14T15:31:00.123718,702,719,801,709,688,0
2026-08-14T15:31:00.123718,697,716,797,703,683,0
2026-08-14T15:31:00.131959,693,708,792,700,674,0
2026-08-14T15:31:00.132726,689,681,782,697,663,0
2026-08-14T15:31:00.134739,683,679,766,689,661,0
2026-08-14T15:31:00.136423,677,672,759,683,655,0
2026-08-14T15:31:00.136990,673,672,752,674,654,0
2026-08-14T15:31:00.139161,667,673,745,666,652,0
2026-08-14T15:31:00.140167,662,674,739,660,648,0
2026-08-14T15:31:00.140167,657,674,735,655,644,0
2026-08-14T15:31:00.140167,654,675,729,647,641,0
2026-08-14T15:31:00.143603,649,676,724,641,639,0
2026-08-14T15:31:00.143603,645,677,721,635,635,0
2026-08-14T15:31:00.143603,639,676,718,630,631,0
2026-08-14T15:31:00.147668,634,674,716,624,625,0
2026-08-14T15:31:00.147668,632,666,714,622,617,0
2026-08-14T15:31:00.147668,627,645,709,621,606,0
2026-08-14T15:31:00.147668,620,640,701,612,599,0
2026-08-14T15:31:00.151767,612,636,695,608,593,0
2026-08-14T15:31:00.152741,610,633,690,602,589,0
2026-08-14T15:31:00.153686,606,625,687,598,584,0
2026-08-14T15:31:00.155869,601,628,681,590,584,0
2026-08-14T15:31:00.155869,597,628,675,586,582,0
2026-08-14T15:31:00.155869,594,629,670,580,580,0
2026-08-14T15:31:00.155869,592,629,667,574,578,0
2026-08-14T15:31:00.158909,588,629,663,571,577,0
2026-08-14T15:31:00.158909,584,629,661,566,575,0
2026-08-14T15:31:00.158909,581,631,658,564,572,0
2026-08-14T15:31:00.163734,579,629,656,560,570,0
2026-08-14T15:31:00.163734,577,626,654,556,567,0
2026-08-14T15:31:00.163734,574,625,653,553,564,0
2026-08-14T15:31:00.165746,569,623,647,547,559,0
2026-08-14T15:31:00.167763,565,618,642,541,554,0
2026-08-14T15:31:00.167763,561,610,637,537,547,0
2026-08-14T15:31:00.170033,557,593,628,540,537,0
2026-08-14T15:31:00.171991,552,576,622,537,530,0
2026-08-14T15:31:00.171991,546,572,614,530,526,0
2026-08-14T15:31:00.171991,540,568,606,523,522,0
2026-08-14T15:31:00.171991,534,566,602,520,519,0
2026-08-14T15:31:00.171991,532,566,600,515,517,0
2026-08-14T15:31:00.171991,531,568,598,512,517,0
2026-08-14T15:31:00.171991,528,567,596,508,515,0
2026-08-14T15:31:00.180303,524,566,596,504,512,0
2026-08-14T15:31:00.180303,520,564,591,501,506,0
2026-08-14T15:31:00.180303,519,550,588,500,496,0
2026-08-14T15:31:00.184543,515,549,583,495,496,0
2026-08-14T15:31:00.184543,513,547,581,490,495,0
2026-08-14T15:31:00.186154,508,547,577,486,493,0
2026-08-14T15:31:00.187117,504,546,575,481,489,0
2026-08-14T15:31:00.188624,501,546,572,476,488,0
2026-08-14T15:31:00.188624,497,545,567,471,486,0
2026-08-14T15:31:00.189630,492,545,563,467,486,0
2026-08-14T15:31:00.192435,490,544,561,463,482,0
2026-08-14T15:31:00.192435,488,543,560,458,480,0
2026-08-14T15:31:00.192435,485,541,556,454,476,0
2026-08-14T15:31:00.194446,479,540,552,448,473,0
2026-08-14T15:31:00.196483,476,531,548,445,464,0
2026-08-14T15:31:00.197053,473,508,543,449,451,0
2026-08-14T15:31:00.197591,469,490,544,449,434,0
2026-08-14T15:31:00.200914,459,478,532,439,430,0
2026-08-14T15:31:00.200914,450,471,522,430,424,0
2026-08-14T15:31:00.200914,443,464,513,424,420,0
2026-08-14T15:31:00.205018,437,460,502,416,416,0
2026-08-14T15:31:00.205018,432,454,493,410,414,0
2026-08-14T15:31:00.205018,427,448,485,404,412,0
2026-08-14T15:31:00.205018,421,442,478,398,407,0
2026-08-14T15:31:00.209117,417,439,473,394,404,0
2026-08-14T15:31:00.209117,414,438,469,388,402,0
2026-08-14T15:31:00.209117,411,438,465,383,400,0
2026-08-14T15:31:00.213190,405,438,459,377,398,0
2026-08-14T15:31:00.213190,402,437,455,371,394,0
2026-08-14T15:31:00.213190,397,435,448,364,391,0
2026-08-14T15:31:00.213190,390,431,444,357,386,0
2026-08-14T15:31:00.216687,383,427,437,351,379,0
2026-08-14T15:31:00.216687,378,419,433,346,371,0
2026-08-14T15:31:00.216687,373,408,425,344,363,0
2026-08-14T15:31:00.221526,364,392,418,337,353,0
2026-08-14T15:31:00.221526,355,380,409,331,342,0
2026-08-14T15:31:00.221526,345,371,399,322,335,0
2026-08-14T15:31:00.221526,339,366,389,314,330,0
2026-08-14T15:31:00.221526,334,364,384,309,327,0
2026-08-14T15:31:00.221526,329,360,378,303,323,0
2026-08-14T15:31:00.221526,325,356,372,298,320,0
2026-08-14T15:31:00.229820,321,354,366,291,317,0
2026-08-14T15:31:00.229820,316,352,361,286,313,0
2026-08-14T15:31:00.229820,312,348,355,281,308,0
2026-08-14T15:31:00.229820,305,342,351,277,304,0
2026-08-14T15:31:00.229820,302,338,346,273,301,0
2026-08-14T15:31:00.229820,297,336,343,268,298,0
2026-08-14T15:31:00.235453,294,331,338,264,292,0
2026-08-14T15:31:00.237758,288,326,333,260,289,0
2026-08-14T15:31:00.237758,285,323,326,256,285,0
2026-08-14T15:31:00.237758,283,318,324,252,282,0
2026-08-14T15:31:00.242012,279,318,320,249,279,0
2026-08-14T15:31:00.242012,275,313,314,244,275,0
2026-08-14T15:31:00.242012,271,307,309,243,270,0
2026-08-14T15:31:00.242012,267,293,306,246,263,0
2026-08-14T15:31:00.245839,265,289,301,243,260,0
2026-08-14T15:31:00.245839,261,288,299,240,260,0
2026-08-14T15:31:00.245839,261,287,295,237,258,0
2026-08-14T15:31:00.245839,258,288,295,235,258,0
2026-08-14T15:31:00.245839,257,287,294,233,257,0
2026-08-14T15:31:00.245839,256,288,292,230,256,0
2026-08-14T15:31:00.245839,256,287,291,230,255,0
2026-08-14T15:31:00.253547,254,286,290,228,251,0
2026-08-14T15:31:00.253547,251,280,288,230,244,0
2026-08-14T15:31:00.253547,247,272,280,224,240,0
2026-08-14T15:31:00.253547,240,266,272,215,234,0
2026-08-14T15:31:00.253547,233,260,268,212,230,0
2026-08-14T15:31:00.253547,228,257,263,208,225,0
2026-08-14T15:31:00.253547,226,255,259,204,223,0
2026-08-14T15:31:00.261680,222,250,255,200,220,0
2026-08-14T15:31:00.261680,218,249,250,197,217,0
2026-08-14T15:31:00.264131,214,245,246,193,214,0
2026-08-14T15:31:00.266605,211,244,244,189,210,0
2026-08-14T15:31:00.266605,208,239,238,185,208,0
2026-08-14T15:31:00.266605,204,237,235,181,204,0
2026-08-14T15:31:00.266605,201,233,232,180,200,0
2026-08-14T15:31:00.270372,199,227,230,181,194,0
2026-08-14T15:31:00.270372,196,216,224,180,183,0
2026-08-14T15:31:00.270372,187,202,219,176,172,0
2026-08-14T15:31:00.274647,180,197,209,170,170,0
2026-08-14T15:31:00.274647,175,192,203,165,164,0
2026-08-14T15:31:00.274647,169,188,197,161,161,0
2026-08-14T15:31:00.278743,167,183,192,158,158,0
2026-08-14T15:31:00.278743,164,178,188,153,157,0
2026-08-14T15:31:00.278743,161,176,185,150,153,0
2026-08-14T15:31:00.278743,159,173,180,147,152,0
2026-08-14T15:31:00.278743,155,170,176,143,148,0
2026-08-14T15:31:00.278743,151,168,172,140,146,0
2026-08-14T15:31:00.278743,149,165,168,138,143,0
2026-08-14T15:31:00.286397,145,164,167,135,143,0
2026-08-14T15:31:00.287104,143,162,163,131,139,0
2026-08-14T15:31:00.287104,140,159,159,128,138,0
2026-08-14T15:31:00.287104,137,159,157,126,136,0
2026-08-14T15:31:00.287104,137,158,157,126,136,0
2026-08-14T15:31:00.287104,135,156,156,125,135,0
2026-08-14T15:31:00.287104,134,153,152,122,131,0
2026-08-14T15:31:00.293408,129,145,149,120,125,0
2026-08-14T15:31:00.293408,127,141,144,118,120,0
2026-08-14T15:31:00.293408,120,135,140,114,117,0
2026-08-14T15:31:00.293408,118,133,136,111,113,0
2026-08-14T15:31:00.298226,116,129,132,109,113,0
2026-08-14T15:31:00.298226,113,129,130,107,111,0
2026-08-14T15:31:00.300953,111,127,128,104,109,0
2026-08-14T15:31:00.302963,109,125,126,103,109,0
2026-08-14T15:31:00.303727,109,125,125,102,108,0
2026-08-14T15:31:00.304482,108,124,123,101,108,0
2026-08-14T15:31:00.307251,105,123,122,99,107,0
2026-08-14T15:31:00.307251,104,120,120,97,104,0
2026-08-14T15:31:00.308262,103,119,117,96,103,0
2026-08-14T15:31:00.308262,102,118,115,95,102,0
2026-08-14T15:31:00.311019,100,117,115,94,101,0
2026-08-14T15:31:00.311019,99,114,113,92,99,0
2026-08-14T15:31:00.312772,96,111,109,90,96,0
2026-08-14T15:31:00.315051,93,108,106,87,94,0
2026-08-14T15:31:00.315051,89,106,103,84,92,0
2026-08-14T15:31:00.315051,87,101,100,82,88,0
2026-08-14T15:31:00.317543,83,100,97,79,86,0
2026-08-14T15:31:00.319555,82,95,94,78,85,0
2026-08-14T15:31:00.320446,79,92,91,77,82,0
2026-08-14T15:31:00.320446,78,89,90,76,81,0
2026-08-14T15:31:00.323223,77,90,89,75,80,0
2026-08-14T15:31:00.323223,77,88,88,72,79,0
2026-08-14T15:31:00.323223,76,83,87,73,78,0
2026-08-14T15:31:00.323223,74,85,86,71,78,0
2026-08-14T15:31:00.327891,74,85,84,70,77,0
2026-08-14T15:31:00.327891,73,84,84,71,77,0
2026-08-14T15:31:00.327891,72,82,84,69,75,0
2026-08-14T15:31:00.330596,71,82,81,70,74,0
2026-08-14T15:31:00.330596,71,80,80,68,73,0
2026-08-14T15:31:00.330596,69,82,81,69,74,0
2026-08-14T15:31:00.334131,69,78,80,68,73,0
2026-08-14T15:31:00.336178,70,79,79,66,72,0
2026-08-14T15:31:00.337210,67,79,78,66,70,0
2026-08-14T15:31:00.337210,66,76,75,63,69,0
2026-08-14T15:31:00.337210,65,75,73,63,67,0
2026-08-14T15:31:00.337210,63,74,74,61,66,0
2026-08-14T15:31:00.337210,61,72,70,59,65,0
2026-08-14T15:31:00.342379,60,72,69,58,64,0
2026-08-14T15:31:00.342379,57,68,68,56,62,0
2026-08-14T15:31:00.342379,57,66,65,56,61,0
2026-08-14T15:31:00.346021,54,63,63,54,60,0
2026-08-14T15:31:00.347032,53,60,60,51,56,0
2026-08-14T15:31:00.347032,48,55,56,48,54,0
2026-08-14T15:31:00.347032,45,52,53,45,50,0
2026-08-14T15:31:00.350471,44,50,50,43,50,0
2026-08-14T15:31:00.353838,43,48,47,42,48,0
2026-08-14T15:31:00.353838,41,48,46,41,48,0
2026-08-14T15:31:00.353838,40,46,46,39,45,0
2026-08-14T15:31:00.356567,40,46,45,38,44,0
2026-08-14T15:31:00.356567,39,44,43,38,45,0
2026-08-14T15:31:00.356567,37,45,42,37,43,0
2026-08-14T15:31:00.360665,37,41,41,36,42,0
2026-08-14T15:31:00.360665,35,42,40,35,41,0
2026-08-14T15:31:00.360665,34,40,38,35,42,0
2026-08-14T15:31:00.360665,33,39,38,33,40,0
2026-08-14T15:31:00.364751,33,39,39,34,39,0
2026-08-14T15:31:00.364751,34,38,37,33,38,0
2026-08-14T15:31:00.364751,34,38,39,33,37,0
2026-08-14T15:31:00.366987,33,38,37,32,39,0
2026-08-14T15:31:00.370370,33,38,38,33,37,0
2026-08-14T15:31:00.370370,32,39,37,31,36,0
2026-08-14T15:31:00.370370,32,38,37,32,38,0
2026-08-14T15:31:00.370370,32,36,35,31,37,0
2026-08-14T15:31:00.370370,31,36,34,30,36,0
2026-08-14T15:31:00.374698,29,36,34,30,35,0
2026-08-14T15:31:00.374698,31,35,33,28,37,0
2026-08-14T15:31:00.374698,28,34,33,29,36,0
2026-08-14T15:31:00.374698,29,32,32,28,36,0
2026-08-14T15:31:00.378799,30,34,33,28,35,0
2026-08-14T15:31:00.378799,29,34,33,29,34,0
2026-08-14T15:31:00.378799,29,34,33,29,33,0
2026-08-14T15:31:00.383184,28,33,32,27,34,0
2026-08-14T15:31:00.385242,28,34,33,30,33,0
2026-08-14T15:31:00.386148,27,34,33,28,34,0
2026-08-14T15:31:00.387010,30,33,33,29,34,0
2026-08-14T15:31:00.389448,28,33,34,28,34,0
2026-08-14T15:31:00.389448,28,33,33,30,34,0
2026-08-14T15:31:00.391202,29,34,33,29,35,0
2026-08-14T15:31:00.391202,28,33,34,30,35,0
2026-08-14T15:31:00.391202,30,35,34,30,34,0
2026-08-14T15:31:00.391202,30,34,34,30,35,0
2026-08-14T15:31:00.391202,31,36,35,30,36,0
2026-08-14T15:31:00.395200,30,36,35,30,37,0
2026-08-14T15:31:00.395200,31,36,36,30,36,0
2026-08-14T15:31:00.395200,30,37,36,30,37,0
2026-08-14T15:31:00.399409,32,37,36,31,37,0
2026-08-14T15:31:00.399409,31,37,37,32,39,0
2026-08-14T15:31:00.402823,32,37,37,32,39,0
2026-08-14T15:31:00.403929,32,39,39,33,38,0
2026-08-14T15:31:00.403929,32,37,38,33,39,0
2026-08-14T15:31:00.403929,32,38,39,33,39,0
2026-08-14T15:31:00.403929,34,39,38,33,37,0
2026-08-14T15:31:00.409819,32,38,39,33,36,0
2026-08-14T15:31:00.409819,32,38,37,33,38,0
2026-08-14T15:31:00.409819,34,40,40,34,39,0
2026-08-14T15:31:00.409819,33,41,41,36,39,0
2026-08-14T15:31:00.413892,36,43,41,35,40,0
2026-08-14T15:31:00.413892,35,42,42,37,42,0
2026-08-14T15:31:00.413892,36,43,43,38,42,0
2026-08-14T15:31:00.418151,37,45,45,39,43,0
2026-08-14T15:31:00.418151,39,45,46,40,43,0
2026-08-14T15:31:00.420352,39,46,46,40,44,0
2026-08-14T15:31:00.420352,40,48,48,42,45,0
2026-08-14T15:31:00.420352,42,49,48,43,47,0
2026-08-14T15:31:00.420352,42,50,49,42,46,0
2026-08-14T15:31:00.420352,45,52,50,43,48,0
2026-08-14T15:31:00.426191,43,54,52,44,48,0
2026-08-14T15:31:00.426191,46,54,52,47,49,0
2026-08-14T15:31:00.426191,46,56,54,47,50,0
2026-08-14T15:31:00.427955,47,56,55,48,52,0
2026-08-14T15:31:00.429817,48,57,57,50,54,0
2026-08-14T15:31:00.429817,50,61,59,51,55,0
2026-08-14T15:31:00.431571,52,63,62,54,57,0
2026-08-14T15:31:00.432583,56,65,64,56,61,0
2026-08-14T15:31:00.432583,60,68,69,60,62,0
2026-08-14T15:31:00.432583,62,71,71,63,66,0
2026-08-14T15:31:00.437454,65,75,74,65,67,0
2026-08-14T15:31:00.437454,67,78,78,68,69,0
2026-08-14T15:31:00.440249,70,81,81,71,72,0
2026-08-14T15:31:00.440249,71,83,82,72,73,0
2026-08-14T15:31:00.440249,72,86,84,74,74,0
2026-08-14T15:31:00.440249,73,87,85,74,75,0
2026-08-14T15:31:00.440249,73,86,86,76,76,0
2026-08-14T15:31:00.444327,75,89,86,76,78,0
2026-08-14T15:31:00.444327,75,90,87,78,79,0
2026-08-14T15:31:00.448450,78,92,89,78,80,0
2026-08-14T15:31:00.448450,78,92,89,78,80,0
2026-08-14T15:31:00.450772,80,93,88,79,81,0
2026-08-14T15:31:00.450772,80,95,91,80,82,0
2026-08-14T15:31:00.450772,79,96,91,80,82,0
2026-08-14T15:31:00.455026,79,97,92,81,83,0
2026-08-14T15:31:00.455026,82,98,93,83,84,0
2026-08-14T15:31:00.455026,82,100,94,84,86,0
2026-08-14T15:31:00.456782,83,101,96,86,87,0
2026-08-14T15:31:00.456782,86,106,99,88,90,0
2026-08-14T15:31:00.456782,88,108,102,91,93,0
2026-08-14T15:31:00.456782,93,111,105,94,94,0
2026-08-14T15:31:00.456782,95,113,109,98,97,0
2026-08-14T15:31:00.456782,100,118,114,101,100,0
2026-08-14T15:31:00.456782,104,124,119,105,104,0
2026-08-14T15:31:00.465262,108,128,122,110,109,0
2026-08-14T15:31:00.466502,111,133,126,112,112,0
2026-08-14T15:31:00.466502,114,136,129,115,114,0
2026-08-14T15:31:00.469448,115,140,132,117,117,0
2026-08-14T15:31:00.470475,116,139,131,117,117,0
2026-08-14T15:31:00.471697,117,141,130,117,119,0
2026-08-14T15:31:00.472331,115,142,132,118,119,0
2026-08-14T15:31:00.475334,118,143,132,118,119,0
2026-08-14T15:31:00.475334,118,144,134,118,120,0
2026-08-14T15:31:00.475334,120,146,135,119,122,0
2026-08-14T15:31:00.475334,124,150,136,122,125,0
2026-08-14T15:31:00.479616,124,153,140,124,126,0
2026-08-14T15:31:00.479616,127,155,142,125,129,0
2026-08-14T15:31:00.479616,128,157,142,127,131,0
2026-08-14T15:31:00.481375,130,160,146,130,133,0
2026-08-14T15:31:00.481375,133,163,150,133,135,0
2026-08-14T15:31:00.481375,137,168,153,137,139,0
2026-08-14T15:31:00.485465,140,171,158,140,142,0
2026-08-14T15:31:00.487814,143,176,161,145,146,0
2026-08-14T15:31:00.488742,147,179,166,149,149,0
2026-08-14T15:31:00.489934,152,181,170,155,152,0
2026-08-14T15:31:00.489934,158,188,174,160,157,0
2026-08-14T15:31:00.489934,162,190,178,162,161,0
2026-08-14T15:31:00.493190,162,192,178,162,161,0
2026-08-14T15:31:00.493190,164,196,178,163,163,0
2026-08-14T15:31:00.495201,165,198,180,165,163,0
2026-08-14T15:31:00.495201,165,199,181,165,165,0
2026-08-14T15:31:00.497210,166,200,183,166,168,0
2026-08-14T15:31:00.498221,167,203,184,168,167,0
2026-08-14T15:31:00.498221,169,207,187,170,171,0
2026-08-14T15:31:00.498221,172,212,191,173,174,0
2026-08-14T15:31:00.501847,178,214,195,177,176,0
2026-08-14T15:31:00.504152,180,217,200,181,180,0
2026-08-14T15:31:00.504152,183,220,203,185,183,0
2026-08-14T15:31:00.504152,188,225,205,189,186,0
2026-08-14T15:31:00.506625,190,229,208,191,189,0
2026-08-14T15:31:00.506625,192,233,211,192,191,0
2026-08-14T15:31:00.506625,193,236,213,194,193,0
2026-08-14T15:31:00.512321,196,238,216,196,195,0
2026-08-14T15:31:00.512321,198,242,218,198,198,0
2026-08-14T15:31:00.512321,200,245,221,201,200,0
2026-08-14T15:31:00.512321,201,249,223,202,203,0
2026-08-14T15:31:00.516301,205,251,226,203,206,0
2026-08-14T15:31:00.516301,206,255,228,204,206,0
2026-08-14T15:31:00.516301,206,257,230,206,209,0
2026-08-14T15:31:00.520293,209,260,232,209,210,0
2026-08-14T15:31:00.520293,210,263,237,211,212,0
2026-08-14T15:31:00.520293,213,266,239,213,214,0
2026-08-14T15:31:00.520293,216,268,243,218,216,0
2026-08-14T15:31:00.523818,219,268,246,225,219,0
2026-08-14T15:31:00.523818,223,270,253,230,220,0
2026-08-14T15:31:00.523818,230,275,262,238,225,0
2026-08-14T15:31:00.523818,235,283,272,245,230,0
2026-08-14T15:31:00.523818,240,289,276,251,237,0
2026-08-14T15:31:00.523818,246,294,281,256,241,0
2026-08-14T15:31:00.523818,248,298,284,259,243,0
2026-08-14T15:31:00.530998,252,300,286,260,246,0
2026-08-14T15:31:00.530998,254,304,288,263,251,0
2026-08-14T15:31:00.530998,256,306,289,265,253,0
2026-08-14T15:31:00.536386,258,308,290,266,253,0
2026-08-14T15:31:00.537105,259,310,289,266,256,0
2026-08-14T15:31:00.537105,260,311,289,267,257,0
2026-08-14T15:31:00.539242,259,312,288,269,260,0
2026-08-14T15:31:00.539242,261,313,289,270,261,0
2026-08-14T15:31:00.539242,263,317,290,271,262,0
2026-08-14T15:31:00.539242,265,319,292,271,264,0
2026-08-14T15:31:00.539242,266,322,295,273,267,0
2026-08-14T15:31:00.539242,267,326,296,276,270,0
2026-08-14T15:31:00.539242,270,331,300,277,271,0
2026-08-14T15:31:00.549084,271,335,303,279,273,0
2026-08-14T15:31:00.549084,272,338,307,283,276,0
2026-08-14T15:31:00.549084,276,341,312,288,280,0
2026-08-14T15:31:00.549084,278,345,317,292,283,0
2026-08-14T15:31:00.552832,283,350,320,295,287,0
2026-08-14T15:31:00.553425,288,356,326,300,292,0
2026-08-14T15:31:00.553425,291,359,329,303,297,0
2026-08-14T15:31:00.557266,294,364,332,306,299,0
2026-08-14T15:31:00.557266,295,368,335,308,301,0
2026-08-14T15:31:00.558345,298,369,337,311,304,0
2026-08-14T15:31:00.558345,300,374,338,311,307,0
2026-08-14T15:31:00.560357,299,376,339,312,306,0
2026-08-14T15:31:00.562370,299,377,341,312,307,0
2026-08-14T15:31:00.562370,299,378,342,312,306,0
2026-08-14T15:31:00.565461,300,378,344,315,308,0
2026-08-14T15:31:00.565461,300,378,346,316,308,0
2026-08-14T15:31:00.565461,299,378,349,320,310,0
2026-08-14T15:31:00.567213,304,383,354,323,313,0
2026-08-14T15:31:00.569480,306,387,359,326,316,0
2026-08-14T15:31:00.570361,308,391,361,329,319,0
2026-08-14T15:31:00.570361,310,393,361,330,321,0
2026-08-14T15:31:00.572730,312,396,362,331,323,0
2026-08-14T15:31:00.572730,312,398,361,330,324,0
2026-08-14T15:31:00.572730,313,399,363,331,325,0
2026-08-14T15:31:00.575393,315,402,362,331,326,0
2026-08-14T15:31:00.575393,315,404,364,333,327,0
2026-08-14T15:31:00.579502,315,404,365,333,328,0
2026-08-14T15:31:00.579502,317,406,364,334,330,0
2026-08-14T15:31:00.581022,317,407,365,334,331,0
2026-08-14T15:31:00.581022,318,408,367,335,332,0
2026-08-14T15:31:00.581022,317,409,367,334,332,0
2026-08-14T15:31:00.581022,320,412,365,335,333,0
2026-08-14T15:31:00.587017,320,412,366,335,334,0
2026-08-14T15:31:00.587017,320,413,367,336,333,0
2026-08-14T15:31:00.587017,320,414,368,336,334,0
2026-08-14T15:31:00.590005,322,413,367,337,334,0
2026-08-14T15:31:00.590005,322,414,368,336,336,0
2026-08-14T15:31:00.590005,322,415,369,337,335,0
2026-08-14T15:31:00.592682,322,413,369,338,336,0
2026-08-14T15:31:00.592682,322,414,368,338,336,0
2026-08-14T15:31:00.592682,323,413,367,339,336,0
2026-08-14T15:31:00.592682,324,412,367,339,335,0
2026-08-14T15:31:00.597610,323,411,368,338,335,0
2026-08-14T15:31:00.597610,323,411,367,338,334,0
2026-08-14T15:31:00.597610,324,410,366,338,333,0
2026-08-14T15:31:00.597610,325,408,365,339,333,0
2026-08-14T15:31:00.602807,324,407,365,337,333,0
2026-08-14T15:31:00.603477,325,407,365,337,333,0
2026-08-14T15:31:00.605747,323,408,364,336,331,0
2026-08-14T15:31:00.605747,324,406,365,336,330,0
2026-08-14T15:31:00.605747,322,405,365,336,331,0
2026-08-14T15:31:00.605747,322,405,365,336,330,0
2026-08-14T15:31:00.605747,323,405,364,336,330,0
2026-08-14T15:31:00.605747,321,404,364,336,330,0
2026-08-14T15:31:00.605747,321,403,364,335,330,0
2026-08-14T15:31:00.613978,321,404,363,335,329,0
2026-08-14T15:31:00.615050,321,403,363,334,329,0
2026-08-14T15:31:00.615050,321,402,364,334,328,0
2026-08-14T15:31:00.615050,321,401,363,335,328,0
2026-08-14T15:31:00.617060,321,400,363,335,328,0
2026-08-14T15:31:00.619963,321,401,363,334,328,0
2026-08-14T15:31:00.619963,320,402,364,335,328,0
2026-08-14T15:31:00.622606,321,402,364,335,328,0
2026-08-14T15:31:00.622606,320,401,363,335,329,0
2026-08-14T15:31:00.622606,321,401,363,336,328,0
2026-08-14T15:31:00.624365,320,402,363,335,329,0
2026-08-14T15:31:00.626054,320,402,364,335,328,0
2026-08-14T15:31:00.626054,319,402,364,335,329,0
2026-08-14T15:31:00.626054,320,402,364,334,329,0
2026-08-14T15:31:00.630444,321,403,363,335,329,0
2026-08-14T15:31:00.630444,320,403,364,335,328,0
2026-08-14T15:31:00.632822,320,403,365,334,329,0
2026-08-14T15:31:00.632822,320,404,364,334,329,0
2026-08-14T15:31:00.632822,319,403,364,335,328,0
2026-08-14T15:31:00.636541,320,404,365,335,327,0
2026-08-14T15:31:00.636999,319,402,364,334,328,0
2026-08-14T15:31:00.638740,319,402,364,335,328,0
2026-08-14T15:31:00.638740,320,403,364,334,329,0
2026-08-14T15:31:00.638740,320,401,365,335,329,0
2026-08-14T15:31:00.638740,319,403,363,335,328,0
2026-08-14T15:31:00.638740,320,400,363,334,328,0
2026-08-14T15:31:00.638740,320,401,362,334,327,0
2026-08-14T15:31:00.638740,321,400,362,335,327,0
2026-08-14T15:31:00.647111,320,401,361,334,327,0
2026-08-14T15:31:00.647914,321,401,362,333,327,0
2026-08-14T15:31:00.647914,319,400,362,333,328,0
2026-08-14T15:31:00.651477,319,401,361,333,327,0
2026-08-14T15:31:00.651477,319,403,362,334,328,0
2026-08-14T15:31:00.653222,319,402,361,335,328,0
2026-08-14T15:31:00.653835,320,402,362,334,328,0
2026-08-14T15:31:00.655558,320,402,362,335,329,0
2026-08-14T15:31:00.655558,319,401,362,335,329,0
2026-08-14T15:31:00.655558,319,403,362,334,328,0
2026-08-14T15:31:00.659667,321,402,363,333,328,0
2026-08-14T15:31:00.659667,322,403,362,334,329,0
2026-08-14T15:31:00.659667,321,403,362,334,328,0
2026-08-14T15:31:00.661429,319,404,363,334,330,0
2026-08-14T15:31:00.663768,321,403,362,334,328,0
2026-08-14T15:31:00.663768,321,403,362,335,329,0
2026-08-14T15:31:00.663768,320,404,362,335,330,0
2026-08-14T15:31:00.665532,321,402,363,335,329,0
2026-08-14T15:31:00.665532,321,402,362,335,329,0
2026-08-14T15:31:00.669421,320,402,361,333,329,0
2026-08-14T15:31:00.671940,321,402,361,335,330,0
2026-08-14T15:31:00.671940,321,403,361,333,328,0
2026-08-14T15:31:00.671940,320,402,363,333,330,0
2026-08-14T15:31:00.671940,322,404,362,334,330,0
2026-08-14T15:31:00.675185,322,402,361,334,329,0
2026-08-14T15:31:00.675185,321,403,361,334,330,0
2026-08-14T15:31:00.676940,320,402,363,334,329,0
2026-08-14T15:31:00.680020,320,403,362,334,328,0
2026-08-14T15:31:00.680020,321,403,361,334,328,0
2026-08-14T15:31:00.680020,319,403,361,334,329,0
2026-08-14T15:31:00.680020,321,402,361,334,328,0
2026-08-14T15:31:00.680020,319,402,362,334,329,0
2026-08-14T15:31:00.680020,320,402,361,335,328,0
2026-08-14T15:31:00.680020,320,402,360,335,328,0
2026-08-14T15:31:00.688362,321,401,361,334,328,0
2026-08-14T15:31:00.688362,321,402,362,333,327,0
2026-08-14T15:31:00.688362,320,401,361,333,328,0
2026-08-14T15:31:00.688362,320,401,360,332,328,0
2026-08-14T15:31:00.688362,319,401,362,333,327,0
2026-08-14T15:31:00.688362,318,401,361,334,328,0
2026-08-14T15:31:00.694177,319,402,361,334,327,0
2026-08-14T15:31:00.696342,320,401,360,334,328,0
2026-08-14T15:31:00.696342,320,400,360,334,328,0
2026-08-14T15:31:00.696342,319,401,360,333,327,0
2026-08-14T15:31:00.699054,318,400,361,332,327,0
2026-08-14T15:31:00.699791,320,399,359,333,327,0
2026-08-14T15:31:00.699791,320,400,359,333,327,0
2026-08-14T15:31:00.699791,318,400,360,332,328,0
2026-08-14T15:31:00.703852,319,400,360,332,327,0
2026-08-14T15:31:00.703852,319,401,360,332,328,0
2026-08-14T15:31:00.705939,320,400,360,332,326,0
2026-08-14T15:31:00.708873,319,400,360,332,327,0
2026-08-14T15:31:00.709449,319,401,361,333,326,0
2026-08-14T15:31:00.710095,318,400,361,333,327,0
2026-08-14T15:31:00.710642,319,399,360,333,326,0
2026-08-14T15:31:00.712916,319,398,360,332,328,0
2026-08-14T15:31:00.712916,318,399,360,333,326,0
2026-08-14T15:31:00.712916,319,399,360,333,326,0
2026-08-14T15:31:00.716992,319,400,359,333,326,0
2026-08-14T15:31:00.716992,320,400,360,333,326,0
2026-08-14T15:31:00.716992,318,399,360,334,327,0
2026-08-14T15:31:00.719492,319,401,359,332,326,0
2026-08-14T15:31:00.720598,318,400,360,332,326,0
2026-08-14T15:31:00.721443,319,399,360,333,327,0
2026-08-14T15:31:00.721443,318,400,360,333,327,0
2026-08-14T15:31:00.725194,317,399,359,332,327,0
2026-08-14T15:31:00.725194,319,400,359,332,328,0
2026-08-14T15:31:00.725194,319,399,360,332,326,0
2026-08-14T15:31:00.726955,318,398,360,332,326,0
2026-08-14T15:31:00.729293,318,398,359,332,327,0
2026-08-14T15:31:00.729293,319,399,360,332,326,0
2026-08-14T15:31:00.729293,319,400,360,332,327,0
2026-08-14T15:31:00.729293,319,399,359,333,327,0
2026-08-14T15:31:00.729293,318,399,360,332,327,0
2026-08-14T15:31:00.729293,317,399,360,332,327,0
2026-08-14T15:31:00.729293,319,398,360,332,326,0
2026-08-14T15:31:00.737535,318,399,360,333,326,0
2026-08-14T15:31:00.737864,318,399,360,332,327,0
2026-08-14T15:31:00.737864,318,398,360,333,327,0
2026-08-14T15:31:00.737864,318,399,360,332,326,0
2026-08-14T15:31:00.737864,318,400,359,332,327,0
2026-08-14T15:31:00.737864,320,399,359,332,326,0
2026-08-14T15:31:00.744734,320,399,359,332,326,0
2026-08-14T15:31:00.744734,318,399,359,333,327,0
2026-08-14T15:31:00.744734,318,400,359,331,326,0
2026-08-14T15:31:00.744734,318,400,359,331,327,0
2026-08-14T15:31:00.744734,318,399,360,333,327,0
2026-08-14T15:31:00.744734,319,399,360,333,326,0
2026-08-14T15:31:00.751508,318,400,360,333,327,0
2026-08-14T15:31:00.753857,318,399,359,333,327,0
2026-08-14T15:31:00.753857,319,399,360,333,327,0
2026-08-14T15:31:00.753857,318,399,359,332,326,0
2026-08-14T15:31:00.755609,318,400,360,332,327,0
2026-08-14T15:31:00.757843,319,400,359,333,326,0
2026-08-14T15:31:00.757843,319,400,358,332,326,0
2026-08-14T15:31:00.757843,319,399,359,333,327,0
2026-08-14T15:31:00.761343,318,400,360,333,327,0
2026-08-14T15:31:00.761343,317,400,359,332,327,0
2026-08-14T15:31:00.763355,319,399,359,332,326,0
2026-08-14T15:31:00.764685,319,399,360,333,327,0
2026-08-14T15:31:00.765569,319,399,360,333,326,0
2026-08-14T15:31:00.765569,319,400,359,332,327,0
2026-08-14T15:31:00.765569,319,400,359,332,327,0
2026-08-14T15:31:00.769733,319,399,360,332,326,0
2026-08-14T15:31:00.770526,318,399,360,332,326,0
2026-08-14T15:31:00.770526,321,398,359,333,327,0
2026-08-14T15:31:00.770526,319,399,360,332,327,0
2026-08-14T15:31:00.770526,319,400,359,333,326,0
2026-08-14T15:31:00.770526,319,399,360,333,326,0
2026-08-14T15:31:00.770526,318,400,360,332,326,0
2026-08-14T15:31:00.778431,319,400,360,333,326,0
2026-08-14T15:31:00.778431,319,399,360,332,326,0
2026-08-14T15:31:00.778431,318,400,359,333,327,0
2026-08-14T15:31:00.781251,319,398,360,332,326,0
2026-08-14T15:31:00.781251,318,399,360,332,326,0
2026-08-14T15:31:00.781251,319,400,359,334,327,0
2026-08-14T15:31:00.781251,319,399,359,332,327,0
2026-08-14T15:31:00.786589,319,399,359,333,327,0
2026-08-14T15:31:00.787777,320,400,360,332,326,0
2026-08-14T15:31:00.787777,319,400,360,333,327,0
2026-08-14T15:31:00.789940,320,400,360,332,326,0
2026-08-14T15:31:00.789940,319,401,360,333,327,0
2026-08-14T15:31:00.789940,318,400,361,333,326,0
2026-08-14T15:31:00.789940,319,399,359,333,327,0
2026-08-14T15:31:00.794177,319,400,360,333,327,0
2026-08-14T15:31:00.794177,318,399,359,332,327,0
2026-08-14T15:31:00.794177,319,400,361,333,328,0
2026-08-14T15:31:00.794177,318,399,360,332,327,0
2026-08-14T15:31:00.794177,318,401,360,332,327,0
2026-08-14T15:31:00.794177,318,399,360,333,326,0
2026-08-14T15:31:00.794177,320,399,360,333,326,0
2026-08-14T15:31:00.802677,319,399,360,332,327,0
2026-08-14T15:31:00.804207,318,400,360,332,326,0
2026-08-14T15:31:00.804207,319,400,360,333,326,0
2026-08-14T15:31:00.804207,318,399,360,333,327,0
2026-08-14T15:31:00.804207,319,399,361,333,326,0
2026-08-14T15:31:00.804207,318,399,360,333,327,0
2026-08-14T15:31:00.810791,317,399,360,332,327,0
2026-08-14T15:31:00.811835,318,399,360,333,327,0
2026-08-14T15:31:00.811835,319,399,360,333,327,0
2026-08-14T15:31:00.813440,318,400,360,333,327,0
2026-08-14T15:31:00.815145,318,400,360,332,326,0
2026-08-14T15:31:00.815145,319,399,359,332,326,0
2026-08-14T15:31:00.816215,319,400,361,333,326,0
2026-08-14T15:31:00.818367,319,400,360,332,326,0
2026-08-14T15:31:00.820577,318,400,360,332,326,0
2026-08-14T15:31:00.820577,319,400,360,332,327,0
2026-08-14T15:31:00.820577,319,400,360,334,327,0
2026-08-14T15:31:00.823480,318,400,360,333,327,0
2026-08-14T15:31:00.823480,318,400,360,333,327,0
2026-08-14T15:31:00.823480,319,400,361,332,327,0
2026-08-14T15:31:00.827518,320,399,360,332,327,0
2026-08-14T15:31:00.828222,318,399,361,332,327,0
2026-08-14T15:31:00.828222,319,399,360,333,327,0
2026-08-14T15:31:00.829270,319,400,360,332,327,0
2026-08-14T15:31:00.831211,319,400,360,332,327,0
2026-08-14T15:31:00.831211,319,400,361,332,326,0
2026-08-14T15:31:00.831211,318,400,361,333,327,0
2026-08-14T15:31:00.834924,319,400,361,334,327,0
2026-08-14T15:31:00.836825,319,399,361,334,327,0
2026-08-14T15:31:00.837153,321,400,360,334,327,0
2026-08-14T15:31:00.837153,318,399,359,333,327,0
2026-08-14T15:31:00.837153,319,399,361,333,328,0
2026-08-14T15:31:00.837153,320,400,361,333,327,0
2026-08-14T15:31:00.841647,320,399,361,332,327,0
2026-08-14T15:31:00.843984,320,399,360,332,327,0
2026-08-14T15:31:00.843984,319,400,361,333,326,0
2026-08-14T15:31:00.843984,319,400,360,333,327,0
2026-08-14T15:31:00.845736,319,401,361,332,328,0
2026-08-14T15:31:00.845736,320,400,359,333,326,0
2026-08-14T15:31:00.845736,319,399,361,332,327,0
2026-08-14T15:31:00.845736,318,400,360,333,327,0
2026-08-14T15:31:00.851211,319,400,361,334,327,0
2026-08-14T15:31:00.851211,319,399,360,334,327,0
2026-08-14T15:31:00.853383,320,400,360,333,327,0
2026-08-14T15:31:00.854150,320,399,361,332,328,0
2026-08-14T15:31:00.854150,319,399,360,333,327,0
2026-08-14T15:31:00.854150,320,400,361,334,326,0
2026-08-14T15:31:00.858029,319,400,360,333,327,0
2026-08-14T15:31:00.859547,319,399,360,334,327,0
2026-08-14T15:31:00.859547,318,400,360,333,326,0
2026-08-14T15:31:00.859547,320,400,361,332,327,0
2026-08-14T15:31:00.862787,319,400,360,333,327,0
2026-08-14T15:31:00.862787,319,400,360,333,328,0
2026-08-14T15:31:00.862787,318,399,361,333,327,0
2026-08-14T15:31:00.866243,318,399,361,334,327,0
2026-08-14T15:31:00.868033,319,401,361,333,326,0
2026-08-14T15:31:00.868033,320,400,361,332,328,0
2026-08-14T15:31:00.870020,318,400,360,334,327,0
2026-08-14T15:31:00.872680,319,400,359,333,327,0
2026-08-14T15:31:00.872680,320,400,361,332,326,0
2026-08-14T15:31:00.872680,319,401,360,332,326,0
2026-08-14T15:31:00.876326,319,401,360,333,327,0
2026-08-14T15:31:00.876326,318,400,361,334,327,0
2026-08-14T15:31:00.876326,317,399,361,333,328,0
2026-08-14T15:31:00.878581,318,401,360,333,327,0
2026-08-14T15:31:00.878581,319,399,361,333,327,0
2026-08-14T15:31:00.878581,318,401,359,333,327,0
2026-08-14T15:31:00.878581,319,400,360,333,326,0
2026-08-14T15:31:00.884427,319,400,361,333,326,0
2026-08-14T15:31:00.884427,319,400,360,332,327,0
2026-08-14T15:31:00.887477,319,400,360,333,327,0
2026-08-14T15:31:00.888170,319,400,360,333,327,0
2026-08-14T15:31:00.889152,320,401,361,333,326,0
2026-08-14T15:31:00.889152,320,400,361,333,327,0
2026-08-14T15:31:00.890784,320,400,360,333,327,0
2026-08-14T15:31:00.892584,319,400,361,334,328,0
2026-08-14T15:31:00.892584,318,400,361,334,328,0
2026-08-14T15:31:00.892584,318,399,361,333,327,0
2026-08-14T15:31:00.895002,318,400,360,333,327,0
2026-08-14T15:31:00.897220,320,400,360,333,327,0
2026-08-14T15:31:00.897220,319,399,362,333,326,0
2026-08-14T15:31:00.897220,319,400,361,333,326,0
2026-08-14T15:31:00.901318,319,400,359,334,326,0
2026-08-14T15:31:00.901318,319,400,361,334,328,0
2026-08-14T15:31:00.903753,318,400,361,334,327,0
2026-08-14T15:31:00.905406,318,401,361,334,328,0
2026-08-14T15:31:00.905406,318,402,361,333,326,0
2026-08-14T15:31:00.905406,320,400,361,333,327,0
2026-08-14T15:31:00.907161,319,400,360,333,328,0
2026-08-14T15:31:00.909518,318,401,360,333,327,0
2026-08-14T15:31:00.909518,319,400,360,333,327,0
2026-08-14T15:31:00.909518,320,401,360,332,327,0
2026-08-14T15:31:00.911978,320,400,360,333,327,0
2026-08-14T15:31:00.911978,320,400,360,333,327,0
2026-08-14T15:31:00.911978,318,401,362,334,326,0
2026-08-14T15:31:00.911978,319,401,361,333,326,0
2026-08-14T15:31:00.917654,320,401,361,333,327,0
2026-08-14T15:31:00.917654,319,401,361,334,327,0
2026-08-14T15:31:00.920652,318,400,360,333,327,0
2026-08-14T15:31:00.920652,319,400,362,334,327,0
2026-08-14T15:31:00.920652,319,401,361,334,328,0
2026-08-14T15:31:00.920652,319,400,362,334,328,0
2026-08-14T15:31:00.920652,319,400,361,334,328,0
2026-08-14T15:31:00.925980,320,400,360,333,327,0
2026-08-14T15:31:00.925980,319,400,360,333,327,0
2026-08-14T15:31:00.925980,320,399,360,333,327,0
2026-08-14T15:31:00.929827,320,401,359,334,327,0
2026-08-14T15:31:00.929827,320,400,361,333,327,0
2026-08-14T15:31:00.929827,318,400,362,334,327,0
2026-08-14T15:31:00.931781,319,401,361,333,328,0
2026-08-14T15:31:00.934215,318,400,360,334,327,0
2026-08-14T15:31:00.934215,320,400,362,333,327,0
2026-08-14T15:31:00.934215,319,400,361,334,328,0
2026-08-14T15:31:00.938301,320,400,361,333,327,0
2026-08-14T15:31:00.938301,320,400,360,332,328,0
2026-08-14T15:31:00.938301,319,399,360,334,328,0
2026-08-14T15:31:00.942290,320,400,360,334,327,0
2026-08-14T15:31:00.942290,320,401,361,333,326,0
2026-08-14T15:31:00.942290,320,400,361,334,327,0
2026-08-14T15:31:00.944138,319,401,361,332,328,0
2026-08-14T15:31:00.944138,319,400,361,333,327,0
2026-08-14T15:31:00.944138,319,400,362,333,327,0
2026-08-14T15:31:00.944138,319,401,360,333,328,0
2026-08-14T15:31:00.950366,319,399,362,333,327,0
2026-08-14T15:31:00.950990,319,400,360,333,328,0
2026-08-14T15:31:00.950990,318,401,361,334,328,0
2026-08-14T15:31:00.953430,319,400,361,333,327,0
2026-08-14T15:31:00.954156,320,399,360,334,327,0
2026-08-14T15:31:00.954156,319,401,362,333,327,0
2026-08-14T15:31:00.954156,320,401,360,332,327,0
2026-08-14T15:31:00.958109,319,401,361,334,327,0
2026-08-14T15:31:00.958109,319,400,361,333,327,0
2026-08-14T15:31:00.958109,319,401,361,333,327,0
2026-08-14T15:31:00.958109,318,401,361,334,326,0
2026-08-14T15:31:00.958109,318,400,361,333,327,0
2026-08-14T15:31:00.958109,319,400,360,334,327,0
2026-08-14T15:31:00.958109,319,399,362,332,327,0
2026-08-14T15:31:00.966084,319,400,360,333,327,0
2026-08-14T15:31:00.966084,319,401,361,333,327,0
2026-08-14T15:31:00.968669,320,401,361,333,327,0
2026-08-14T15:31:00.970428,319,400,360,332,327,0
2026-08-14T15:31:00.970428,318,400,361,334,328,0
2026-08-14T15:31:00.970428,318,401,361,333,327,0
2026-08-14T15:31:00.970428,318,400,361,334,326,0
2026-08-14T15:31:00.975042,320,401,361,334,327,0
2026-08-14T15:31:00.975042,319,401,362,334,328,0
2026-08-14T15:31:00.975042,319,400,361,334,328,0
2026-08-14T15:31:00.979192,319,400,361,333,327,0
2026-08-14T15:31:00.979192,320,400,361,334,327,0
2026-08-14T15:31:00.980953,319,400,362,332,327,0
2026-08-14T15:31:00.980953,319,400,361,333,327,0
2026-08-14T15:31:00.983243,318,401,362,334,328,0
2026-08-14T15:31:00.983243,319,401,361,333,326,0
2026-08-14T15:31:00.983243,321,401,361,332,327,0
2026-08-14T15:31:00.986727,318,400,361,334,327,0
2026-08-14T15:31:00.986727,318,401,361,334,328,0
2026-08-14T15:31:00.986727,319,401,361,334,328,0
2026-08-14T15:31:00.986727,320,402,361,333,327,0
2026-08-14T15:31:00.991020,318,400,361,334,328,0
2026-08-14T15:31:00.991020,318,400,362,333,327,0
2026-08-14T15:31:00.991020,318,400,361,333,327,0
2026-08-14T15:31:00.993194,320,400,360,333,327,0
2026-08-14T15:31:00.993194,319,399,361,332,328,0
2026-08-14T15:31:00.993194,319,400,360,334,327,0
2026-08-14T15:31:00.997300,320,401,362,334,327,0
2026-08-14T15:31:00.999617,319,401,361,333,327,0
2026-08-14T15:31:00.999617,319,401,360,333,327,0
2026-08-14T15:31:00.999617,319,399,360,334,328,0
2026-08-14T15:31:01.003707,320,400,361,334,328,0
2026-08-14T15:31:01.003707,319,402,361,333,327,0
2026-08-14T15:31:01.005459,320,401,361,333,327,0
2026-08-14T15:31:01.007545,319,400,360,333,328,0
2026-08-14T15:31:01.007545,319,400,360,333,328,0
2026-08-14T15:31:01.007545,320,400,361,334,327,0
2026-08-14T15:31:01.009556,320,401,360,332,327,0
2026-08-14T15:31:01.009556,319,400,361,333,327,0
2026-08-14T15:31:01.009556,320,400,361,334,326,0
2026-08-14T15:31:01.009556,319,400,361,333,326,0
2026-08-14T15:31:01.015857,319,401,361,333,327,0
2026-08-14T15:31:01.015857,320,400,360,333,327,0
2026-08-14T15:31:01.015857,320,400,360,334,328,0
2026-08-14T15:31:01.015857,318,400,361,333,327,0
2026-08-14T15:31:01.020108,319,401,360,332,327,0
2026-08-14T15:31:01.020108,319,400,361,333,328,0
2026-08-14T15:31:01.020108,320,400,361,333,327,0
2026-08-14T15:31:01.024236,320,400,360,333,327,0
2026-08-14T15:31:01.024236,318,401,361,333,326,0
2026-08-14T15:31:01.024236,319,401,361,333,326,0
2026-08-14T15:31:01.024236,318,401,361,333,326,0
2026-08-14T15:31:01.027965,318,400,361,333,327,0
2026-08-14T15:31:01.027965,318,400,361,333,327,0
2026-08-14T15:31:01.027965,318,400,361,333,327,0
2026-08-14T15:31:01.030145,319,401,361,333,327,0
2026-08-14T15:31:01.032781,317,400,360,333,328,0
2026-08-14T15:31:01.032781,318,401,360,333,327,0
2026-08-14T15:31:01.032781,319,400,362,333,326,0
2026-08-14T15:31:01.036481,319,401,360,333,327,0
2026-08-14T15:31:01.037058,320,400,360,333,327,0
2026-08-14T15:31:01.037058,318,401,360,332,327,0
2026-08-14T15:31:01.037058,319,400,361,333,326,0
2026-08-14T15:31:01.041033,319,401,361,333,326,0
2026-08-14T15:31:01.041033,320,400,360,332,327,0
2026-08-14T15:31:01.041033,318,399,361,333,328,0
2026-08-14T15:31:01.041033,318,401,360,334,328,0
2026-08-14T15:31:01.041033,318,400,361,332,327,0
2026-08-14T15:31:01.041033,319,400,361,333,327,0
2026-08-14T15:31:01.041033,318,399,361,332,327,0
2026-08-14T15:31:01.049093,319,400,360,333,327,0
2026-08-14T15:31:01.049093,318,400,361,333,326,0
2026-08-14T15:31:01.051108,319,400,360,332,327,0
2026-08-14T15:31:01.053294,319,400,360,332,327,0
2026-08-14T15:31:01.054506,318,401,361,332,327,0
2026-08-14T15:31:01.054506,318,400,361,334,327,0
2026-08-14T15:31:01.054506,319,401,360,333,327,0
2026-08-14T15:31:01.057375,318,400,359,332,327,0
2026-08-14T15:31:01.057375,318,399,360,332,327,0
2026-08-14T15:31:01.059930,318,399,361,332,327,0
2026-08-14T15:31:01.059930,318,399,360,332,327,0
2026-08-14T15:31:01.059930,320,400,359,332,328,0
2026-08-14T15:31:01.059930,320,400,360,332,327,0
2026-08-14T15:31:01.065192,319,400,359,332,327,0
2026-08-14T15:31:01.065192,319,400,360,332,326,0
2026-08-14T15:31:01.065192,319,401,360,332,326,0
2026-08-14T15:31:01.066955,319,400,360,332,326,0
2026-08-14T15:31:01.070336,320,399,360,333,327,0
2026-08-14T15:31:01.070336,319,400,359,333,327,0
2026-08-14T15:31:01.073342,317,401,360,332,327,0
2026-08-14T15:31:01.073342,318,400,360,332,327,0
2026-08-14T15:31:01.073342,319,400,359,333,327,0
2026-08-14T15:31:01.075106,317,399,361,332,326,0
2026-08-14T15:31:01.076962,318,400,359,332,326,0
2026-08-14T15:31:01.076962,319,400,360,332,327,0
2026-08-14T15:31:01.076962,318,400,360,332,326,0
2026-08-14T15:31:01.081620,319,401,359,332,328,0
2026-08-14T15:31:01.081620,319,401,360,332,326,0
2026-08-14T15:31:01.081620,319,400,361,333,327,0
2026-08-14T15:31:01.083631,321,400,360,333,327,0
2026-08-14T15:31:01.083631,318,400,361,333,327,0
2026-08-14T15:31:01.086911,318,401,359,332,327,0
2026-08-14T15:31:01.086911,319,401,360,332,327,0
2026-08-14T15:31:01.086911,318,399,359,333,327,0
2026-08-14T15:31:01.090077,318,399,360,331,327,0
2026-08-14T15:31:01.090077,319,400,359,332,327,0
2026-08-14T15:31:01.090077,318,400,359,332,326,0
2026-08-14T15:31:01.092090,319,400,360,332,326,0
2026-08-14T15:31:01.092090,320,400,360,331,327,0
2026-08-14T15:31:01.092090,318,399,360,332,326,0
2026-08-14T15:31:01.097917,319,400,359,332,326,0
2026-08-14T15:31:01.097917,319,399,360,333,327,0
2026-08-14T15:31:01.097917,318,399,359,332,326,0
2026-08-14T15:31:01.099676,319,400,358,333,328,0
2026-08-14T15:31:01.099676,318,400,359,332,327,0
2026-08-14T15:31:01.103454,319,399,359,331,326,0
2026-08-14T15:31:01.103454,319,400,358,331,328,0
2026-08-14T15:31:01.103454,319,399,358,332,326,0
2026-08-14T15:31:01.106404,318,399,359,333,328,0
2026-08-14T15:31:01.106404,318,400,360,331,326,0
2026-08-14T15:31:01.108415,318,401,359,332,326,0
2026-08-14T15:31:01.108415,318,399,358,331,326,0
2026-08-14T15:31:01.108415,318,400,359,332,327,0
2026-08-14T15:31:01.112636,318,398,360,333,327,0
2026-08-14T15:31:01.112636,319,400,359,331,326,0
2026-08-14T15:31:01.114646,318,398,359,331,328,0
2026-08-14T15:31:01.114646,319,398,358,331,326,0
2026-08-14T15:31:01.118417,319,399,358,331,326,0
2026-08-14T15:31:01.119491,318,399,359,331,326,0
2026-08-14T15:31:01.120264,318,400,358,331,326,0
2026-08-14T15:31:01.120264,319,400,359,332,326,0
2026-08-14T15:31:01.120264,319,399,358,331,327,0
2026-08-14T15:31:01.122754,317,400,359,332,327,0
2026-08-14T15:31:01.122754,318,401,359,331,326,0
2026-08-14T15:31:01.126615,319,400,359,332,326,0
2026-08-14T15:31:01.126615,318,399,358,331,327,0
2026-08-14T15:31:01.126615,318,400,358,332,326,0
2026-08-14T15:31:01.128387,317,399,359,332,326,0
2026-08-14T15:31:01.130861,319,399,358,331,327,0
2026-08-14T15:31:01.130861,320,399,358,331,327,0
2026-08-14T15:31:01.130861,319,400,359,331,327,0
2026-08-14T15:31:01.132661,319,400,358,331,326,0
2026-08-14T15:31:01.132661,318,400,359,331,327,0
2026-08-14T15:31:01.137254,318,400,358,331,326,0
2026-08-14T15:31:01.138875,317,400,358,331,327,0
2026-08-14T15:31:01.138875,317,400,358,332,326,0
2026-08-14T15:31:01.138875,318,399,358,332,326,0
2026-08-14T15:31:01.140883,317,398,358,331,327,0
2026-08-14T15:31:01.142889,317,399,359,331,327,0
2026-08-14T15:31:01.142889,317,399,357,331,326,0
2026-08-14T15:31:01.142889,318,398,359,332,327,0
2026-08-14T15:31:01.146910,318,399,359,332,326,0
2026-08-14T15:31:01.146910,319,399,357,331,327,0
2026-08-14T15:31:01.146910,319,399,357,331,327,0
2026-08-14T15:31:01.148921,317,400,358,331,326,0
2026-08-14T15:31:01.151192,319,399,358,332,326,0
2026-08-14T15:31:01.151192,318,399,359,332,326,0
2026-08-14T15:31:01.152866,318,398,358,332,326,0
2026-08-14T15:31:01.155268,318,399,357,332,327,0
2026-08-14T15:31:01.155268,317,399,357,332,327,0
2026-08-14T15:31:01.155268,318,400,357,331,327,0
2026-08-14T15:31:01.155268,319,399,357,330,327,0
2026-08-14T15:31:01.159368,318,398,357,332,326,0
2026-08-14T15:31:01.159368,319,398,358,331,327,0
2026-08-14T15:31:01.159368,319,399,358,331,326,0
2026-08-14T15:31:01.163604,319,399,357,330,327,0
2026-08-14T15:31:01.163604,319,399,358,331,326,0
2026-08-14T15:31:01.163604,318,399,359,331,326,0
2026-08-14T15:31:01.163604,317,400,358,331,326,0
2026-08-14T15:31:01.163604,319,399,357,332,327,0
2026-08-14T15:31:01.163604,318,398,358,331,327,0
2026-08-14T15:31:01.169953,318,399,357,331,327,0
2026-08-14T15:31:01.170635,317,399,358,331,326,0
2026-08-14T15:31:01.171940,318,398,357,331,327,0
2026-08-14T15:31:01.171940,319,398,357,332,325,0
2026-08-14T15:31:01.171940,318,398,357,332,326,0
2026-08-14T15:31:01.171940,319,399,357,331,326,0
2026-08-14T15:31:01.171940,318,399,358,330,326,0
2026-08-14T15:31:01.177498,317,398,358,332,326,0
2026-08-14T15:31:01.179843,318,398,358,331,327,0
2026-08-14T15:31:01.179843,317,399,358,332,326,0
2026-08-14T15:31:01.179843,318,398,357,332,325,0
2026-08-14T15:31:01.182139,318,398,357,332,326,0
2026-08-14T15:31:01.182139,319,398,357,332,326,0
2026-08-14T15:31:01.182139,318,397,357,332,327,0
2026-08-14T15:31:01.182139,318,397,358,332,326,0
2026-08-14T15:31:01.187038,318,398,358,331,325,0
2026-08-14T15:31:01.187038,317,398,357,331,325,0
2026-08-14T15:31:01.187038,318,399,357,332,326,0
2026-08-14T15:31:01.187038,319,399,357,331,326,0
2026-08-14T15:31:01.187038,317,398,358,332,326,0
2026-08-14T15:31:01.187038,317,398,358,331,326,0
2026-08-14T15:31:01.194030,317,398,357,332,326,0
2026-08-14T15:31:01.195548,317,399,357,332,326,0
2026-08-14T15:31:01.195548,318,397,358,331,326,0
2026-08-14T15:31:01.195548,318,398,358,331,325,0
2026-08-14T15:31:01.195548,318,398,358,330,326,0
2026-08-14T15:31:01.195548,318,397,357,331,326,0
2026-08-14T15:31:01.195548,318,397,358,332,326,0
2026-08-14T15:31:01.203831,317,398,358,331,326,0
2026-08-14T15:31:01.203831,319,399,357,331,326,0
2026-08-14T15:31:01.203831,318,398,357,331,327,0
2026-08-14T15:31:01.205947,318,399,358,331,325,0
2026-08-14T15:31:01.208519,318,398,358,332,326,0
2026-08-14T15:31:01.208519,319,398,357,332,326,0
2026-08-14T15:31:01.208519,318,398,357,331,327,0
2026-08-14T15:31:01.211227,318,397,357,332,327,0
2026-08-14T15:31:01.211227,319,398,357,331,326,0
2026-08-14T15:31:01.211227,318,399,357,330,326,0
2026-08-14T15:31:01.211227,319,397,357,331,327,0
2026-08-14T15:31:01.216465,318,397,357,332,326,0
2026-08-14T15:31:01.216992,318,398,358,331,326,0
2026-08-14T15:31:01.217540,318,398,357,331,325,0
2026-08-14T15:31:01.220556,318,398,357,330,326,0
2026-08-14T15:31:01.220556,318,398,357,332,326,0
2026-08-14T15:31:01.220556,317,397,357,332,326,0
2026-08-14T15:31:01.220556,318,398,358,332,326,0
2026-08-14T15:31:01.224892,319,398,356,332,326,0
2026-08-14T15:31:01.224892,317,397,357,332,326,0
2026-08-14T15:31:01.224892,318,397,356,332,326,0
2026-08-14T15:31:01.227603,318,398,357,330,325,0
2026-08-14T15:31:01.227603,318,397,357,330,326,0
2026-08-14T15:31:01.227603,318,397,357,332,325,0
2026-08-14T15:31:01.227603,318,398,357,330,326,0
2026-08-14T15:31:01.227603,318,398,357,330,325,0
2026-08-14T15:31:01.227603,317,398,358,331,325,0
2026-08-14T15:31:01.227603,318,397,357,332,326,0
2026-08-14T15:31:01.236710,317,397,357,331,326,0
2026-08-14T15:31:01.236710,317,399,358,332,326,0
2026-08-14T15:31:01.238934,319,399,357,331,326,0
2026-08-14T15:31:01.238934,317,398,358,332,327,0
2026-08-14T15:31:01.238934,319,397,357,330,325,0
2026-08-14T15:31:01.238934,318,397,357,331,326,0
2026-08-14T15:31:01.238934,318,397,356,330,325,0
2026-08-14T15:31:01.245380,319,398,358,331,325,0
2026-08-14T15:31:01.245380,318,397,357,331,326,0
2026-08-14T15:31:01.245380,318,397,357,332,324,0
2026-08-14T15:31:01.247869,318,399,357,332,325,0
2026-08-14T15:31:01.247869,318,398,357,331,325,0
2026-08-14T15:31:01.247869,317,398,356,333,326,0
2026-08-14T15:31:01.251308,316,397,358,332,326,0
2026-08-14T15:31:01.253155,317,396,356,332,326,0
2026-08-14T15:31:01.254246,317,398,357,331,326,0
2026-08-14T15:31:01.254246,318,398,358,331,326,0
2026-08-14T15:31:01.254246,318,398,357,330,325,0
2026-08-14T15:31:01.254246,318,397,356,332,325,0
2026-08-14T15:31:01.254246,317,398,357,331,325,0
2026-08-14T15:31:01.254246,317,398,358,331,325,0
2026-08-14T15:31:01.260551,317,398,356,330,325,0
2026-08-14T15:31:01.260551,317,397,356,331,326,0
2026-08-14T15:31:01.260551,317,398,357,331,326,0
2026-08-14T15:31:01.260551,316,396,357,331,325,0
2026-08-14T15:31:01.260551,318,397,356,331,325,0
2026-08-14T15:31:01.260551,318,396,357,331,326,0
2026-08-14T15:31:01.260551,317,396,358,331,325,0
2026-08-14T15:31:01.269768,318,397,357,331,326,0
2026-08-14T15:31:01.270347,318,398,355,331,325,0
2026-08-14T15:31:01.270347,319,397,356,331,326,0
2026-08-14T15:31:01.274074,317,397,357,332,325,0
2026-08-14T15:31:01.274074,317,397,357,331,325,0
2026-08-14T15:31:01.274074,318,399,356,330,326,0
2026-08-14T15:31:01.278190,318,397,357,331,326,0
2026-08-14T15:31:01.278190,316,397,357,331,325,0
2026-08-14T15:31:01.278190,316,398,356,330,326,0
2026-08-14T15:31:01.278190,318,398,356,331,326,0
2026-08-14T15:31:01.278190,318,397,355,330,326,0
2026-08-14T15:31:01.278190,318,396,356,331,325,0
2026-08-14T15:31:01.278190,317,397,357,331,325,0
2026-08-14T15:31:01.286518,319,397,356,330,325,0
2026-08-14T15:31:01.287033,318,397,356,330,325,0
2026-08-14T15:31:01.287033,317,396,357,330,325,0
2026-08-14T15:31:01.287033,318,397,357,330,325,0
2026-08-14T15:31:01.290440,318,398,357,330,324,0
2026-08-14T15:31:01.290440,318,398,357,331,325,0
2026-08-14T15:31:01.290440,317,396,357,331,326,0
2026-08-14T15:31:01.294257,318,396,356,331,325,0
2026-08-14T15:31:01.294257,316,396,356,331,326,0
2026-08-14T15:31:01.294257,317,397,356,331,326,0
2026-08-14T15:31:01.296358,317,397,357,330,325,0
2026-08-14T15:31:01.298541,319,397,357,330,326,0
2026-08-14T15:31:01.298541,318,398,357,331,326,0
2026-08-14T15:31:01.298541,317,397,356,330,325,0
2026-08-14T15:31:01.302473,317,397,356,331,325,0
2026-08-14T15:31:01.303774,317,397,357,330,325,0
2026-08-14T15:31:01.304933,318,397,356,331,324,0
2026-08-14T15:31:01.306214,318,397,357,331,326,0
2026-08-14T15:31:01.307225,318,397,357,330,325,0
2026-08-14T15:31:01.307225,318,397,356,330,325,0
2026-08-14T15:31:01.308315,316,397,357,330,326,0
2026-08-14T15:31:01.310509,318,397,357,331,325,0
2026-08-14T15:31:01.311589,318,397,356,331,325,0
2026-08-14T15:31:01.311589,319,398,357,330,325,0
2026-08-14T15:31:01.315008,318,397,356,331,326,0
2026-08-14T15:31:01.315008,317,397,356,330,325,0
2026-08-14T15:31:01.316760,317,397,357,331,325,0
2026-08-14T15:31:01.316760,318,398,357,331,325,0
2026-08-14T15:31:01.318512,317,397,358,331,325,0
2026-08-14T15:31:01.320267,316,396,357,331,325,0
2026-08-14T15:31:01.320683,317,396,357,331,326,0
2026-08-14T15:31:01.323206,316,398,356,331,326,0
2026-08-14T15:31:01.323206,318,397,357,331,325,0
2026-08-14T15:31:01.323206,317,397,356,331,326,0
2026-08-14T15:31:01.324958,317,397,356,331,325,0
2026-08-14T15:31:01.326701,318,397,356,330,325,0
2026-08-14T15:31:01.326701,319,397,357,330,326,0
2026-08-14T15:31:01.326701,318,397,357,330,325,0
2026-08-14T15:31:01.329667,316,398,357,330,325,0
2026-08-14T15:31:01.329667,318,396,357,332,326,0
2026-08-14T15:31:01.329667,318,398,357,331,325,0
2026-08-14T15:31:01.329667,318,396,357,331,325,0
2026-08-14T15:31:01.335157,316,397,357,331,326,0
2026-08-14T15:31:01.336412,317,397,357,331,325,0
2026-08-14T15:31:01.337033,317,398,358,330,326,0
2026-08-14T15:31:01.337033,318,397,356,331,325,0
2026-08-14T15:31:01.337033,318,396,357,330,326,0
2026-08-14T15:31:01.337033,318,396,357,331,325,0
2026-08-14T15:31:01.343691,317,398,356,331,325,0
2026-08-14T15:31:01.343691,317,397,356,331,325,0
2026-08-14T15:31:01.343691,317,397,358,331,326,0
2026-08-14T15:31:01.345452,316,397,357,332,325,0
2026-08-14T15:31:01.347760,317,397,357,330,325,0
2026-08-14T15:31:01.347760,318,398,357,331,325,0
2026-08-14T15:31:01.347760,318,398,357,331,325,0
2026-08-14T15:31:01.351885,318,397,356,331,326,0
2026-08-14T15:31:01.352804,317,398,357,330,326,0
2026-08-14T15:31:01.353783,317,398,356,331,325,0
2026-08-14T15:31:01.353783,318,396,356,332,325,0
2026-08-14T15:31:01.353783,318,397,358,330,326,0
2026-08-14T15:31:01.353783,318,398,357,330,325,0
2026-08-14T15:31:01.353783,318,398,356,330,326,0
2026-08-14T15:31:01.359957,318,398,357,330,326,0
2026-08-14T15:31:01.359957,318,396,357,331,325,0
2026-08-14T15:31:01.359957,316,397,358,331,325,0
2026-08-14T15:31:01.361805,318,397,358,332,325,0
2026-08-14T15:31:01.362472,317,397,358,331,325,0
2026-08-14T15:31:01.362472,318,397,356,331,325,0
2026-08-14T15:31:01.362472,318,399,357,330,325,0
2026-08-14T15:31:01.368072,318,397,356,331,325,0
2026-08-14T15:31:01.369484,318,397,356,330,326,0
2026-08-14T15:31:01.370673,318,397,357,331,325,0
2026-08-14T15:31:01.372367,318,397,356,331,325,0
2026-08-14T15:31:01.372367,317,397,357,332,326,0
2026-08-14T15:31:01.372367,318,397,358,330,325,0
2026-08-14T15:31:01.374129,316,397,358,331,325,0
2026-08-14T15:31:01.376467,317,397,356,331,326,0
2026-08-14T15:31:01.376467,316,398,357,332,326,0
2026-08-14T15:31:01.376467,318,398,357,331,326,0
2026-08-14T15:31:01.378229,317,397,357,330,326,0
2026-08-14T15:31:01.378229,317,397,356,330,326,0
2026-08-14T15:31:01.378229,318,396,356,331,326,0
2026-08-14T15:31:01.382300,318,397,357,331,325,0
2026-08-14T15:31:01.384088,317,397,356,330,326,0
2026-08-14T15:31:01.384088,318,398,356,330,325,0
2026-08-14T15:31:01.386150,318,399,357,331,325,0
2026-08-14T15:31:01.386888,317,397,357,331,325,0
2026-08-14T15:31:01.386888,318,396,357,331,325,0
2026-08-14T15:31:01.386888,317,397,356,330,325,0
2026-08-14T15:31:01.386888,317,396,357,331,325,0
2026-08-14T15:31:01.392844,317,396,357,331,326,0
2026-08-14T15:31:01.392844,318,397,357,331,325,0
2026-08-14T15:31:01.392844,317,397,356,331,326,0
2026-08-14T15:31:01.396588,318,397,356,331,325,0
2026-08-14T15:31:01.396588,318,397,356,331,325,0
2026-08-14T15:31:01.396588,317,397,357,331,325,0
2026-08-14T15:31:01.396588,319,399,357,330,326,0
2026-08-14T15:31:01.400233,318,398,356,330,326,0
2026-08-14T15:31:01.400233,317,398,358,331,326,0
2026-08-14T15:31:01.400233,316,397,356,332,326,0
2026-08-14T15:31:01.403917,317,399,358,331,325,0
2026-08-14T15:31:01.405721,317,398,357,331,326,0
2026-08-14T15:31:01.405721,318,398,356,331,326,0
2026-08-14T15:31:01.408759,317,396,357,331,326,0
2026-08-14T15:31:01.408759,317,398,357,330,326,0
2026-08-14T15:31:01.408759,318,397,357,331,325,0
2026-08-14T15:31:01.411086,318,397,357,330,326,0
2026-08-14T15:31:01.411086,317,397,357,331,326,0
2026-08-14T15:31:01.411086,317,399,357,331,325,0
2026-08-14T15:31:01.411086,317,398,357,330,325,0
2026-08-14T15:31:01.417257,316,398,357,331,325,0
2026-08-14T15:31:01.417891,318,396,358,331,326,0
2026-08-14T15:31:01.417891,318,397,356,332,325,0
2026-08-14T15:31:01.420721,318,398,357,331,325,0
2026-08-14T15:31:01.420721,318,397,358,331,326,0
2026-08-14T15:31:01.420721,319,398,359,331,326,0
2026-08-14T15:31:01.420721,319,399,359,333,327,0
2026-08-14T15:31:01.425624,320,400,360,334,329,0
2026-08-14T15:31:01.425624,320,402,361,335,329,0
2026-08-14T15:31:01.425624,323,404,363,335,330,0
2026-08-14T15:31:01.428101,323,405,363,336,332,0
2026-08-14T15:31:01.429692,324,405,365,339,333,0
2026-08-14T15:31:01.429692,324,407,367,339,333,0
2026-08-14T15:31:01.429692,327,408,367,340,335,0
2026-08-14T15:31:01.433762,326,411,368,342,336,0
2026-08-14T15:31:01.433762,328,410,370,343,337,0
2026-08-14T15:31:01.433762,330,413,372,344,339,0
2026-08-14T15:31:01.437458,332,415,373,347,341,0
2026-08-14T15:31:01.437458,334,418,377,349,343,0
2026-08-14T15:31:01.437458,337,421,379,351,346,0
2026-08-14T15:31:01.441907,340,426,383,355,349,0
2026-08-14T15:31:01.441907,342,431,387,358,353,0
2026-08-14T15:31:01.441907,347,435,390,362,356,0
2026-08-14T15:31:01.443919,349,437,395,365,359,0
2026-08-14T15:31:01.443919,352,443,398,369,362,0
2026-08-14T15:31:01.443919,356,445,401,372,365,0
2026-08-14T15:31:01.443919,357,447,403,372,366,0
2026-08-14T15:31:01.443919,358,448,404,374,369,0
2026-08-14T15:31:01.450014,361,450,406,376,371,0
2026-08-14T15:31:01.450014,363,454,408,379,373,0
2026-08-14T15:31:01.450014,366,458,411,381,376,0
2026-08-14T15:31:01.454267,369,460,414,384,378,0
2026-08-14T15:31:01.454267,371,464,417,386,381,0
2026-08-14T15:31:01.454267,374,468,421,391,385,0
2026-08-14T15:31:01.454267,377,473,425,394,387,0
2026-08-14T15:31:01.457735,381,477,427,397,391,0
2026-08-14T15:31:01.457735,384,479,430,400,392,0
2026-08-14T15:31:01.457735,384,482,432,401,396,0
2026-08-14T15:31:01.460159,386,486,435,404,397,0
2026-08-14T15:31:01.460159,391,489,438,408,402,0
2026-08-14T15:31:01.460159,394,495,443,412,406,0
2026-08-14T15:31:01.460159,399,499,448,417,410,0
2026-08-14T15:31:01.465785,404,505,453,422,416,0
2026-08-14T15:31:01.465785,409,512,458,427,420,0
2026-08-14T15:31:01.465785,413,517,463,433,423,0
2026-08-14T15:31:01.470159,417,522,468,435,428,0
2026-08-14T15:31:01.470159,419,524,469,437,430,0
2026-08-14T15:31:01.470159,420,527,471,439,430,0
2026-08-14T15:31:01.474772,422,528,473,441,433,0
2026-08-14T15:31:01.474772,426,532,476,445,436,0
2026-08-14T15:31:01.474772,427,536,479,447,438,0
2026-08-14T15:31:01.474772,430,539,484,450,444,0
2026-08-14T15:31:01.478201,435,545,488,455,447,0
2026-08-14T15:31:01.478201,440,549,493,460,452,0
2026-08-14T15:31:01.480571,446,556,499,465,457,0
2026-08-14T15:31:01.482332,450,561,503,470,461,0
2026-08-14T15:31:01.482332,451,567,506,473,463,0
2026-08-14T15:31:01.482332,454,569,510,476,467,0
2026-08-14T15:31:01.482332,457,572,511,477,469,0
2026-08-14T15:31:01.486923,459,574,514,480,471,0
2026-08-14T15:31:01.487241,460,577,516,483,474,0
2026-08-14T15:31:01.487241,464,581,519,487,476,0
2026-08-14T15:31:01.490767,469,585,523,491,480,0
2026-08-14T15:31:01.490767,471,590,527,494,484,0
2026-08-14T15:31:01.490767,475,594,532,498,489,0
2026-08-14T15:31:01.492928,481,600,536,503,493,0
2026-08-14T15:31:01.492928,485,606,540,508,497,0
2026-08-14T15:31:01.492928,492,613,547,514,504,0
2026-08-14T15:31:01.492928,495,618,553,519,509,0
2026-08-14T15:31:01.499008,500,625,559,525,513,0
2026-08-14T15:31:01.499008,504,630,561,527,514,0
2026-08-14T15:31:01.499008,507,633,565,531,519,0
2026-08-14T15:31:01.499008,509,635,569,534,522,0
2026-08-14T15:31:01.503374,511,639,570,538,525,0
2026-08-14T15:31:01.503374,516,643,574,541,528,0
2026-08-14T15:31:01.503374,519,647,577,544,531,0
2026-08-14T15:31:01.507541,522,651,582,547,535,0
2026-08-14T15:31:01.507541,527,657,586,552,539,0
2026-08-14T15:31:01.507541,532,663,591,558,543,0
2026-08-14T15:31:01.509907,537,670,597,563,550,0
2026-08-14T15:31:01.509907,541,676,602,568,554,0
2026-08-14T15:31:01.509907,547,682,608,574,560,0
2026-08-14T15:31:01.513375,552,689,614,579,566,0
2026-08-14T15:31:01.513375,557,696,619,585,570,0
2026-08-14T15:31:01.516041,561,700,622,589,574,0
2026-08-14T15:31:01.516041,563,703,625,592,578,0
2026-08-14T15:31:01.519492,566,707,628,594,579,0
2026-08-14T15:31:01.520321,569,709,630,597,581,0
2026-08-14T15:31:01.520321,571,713,633,598,584,0
2026-08-14T15:31:01.520321,573,717,636,601,586,0
2026-08-14T15:31:01.520321,577,720,641,606,592,0
2026-08-14T15:31:01.524120,583,727,647,612,596,0
2026-08-14T15:31:01.524120,588,732,653,617,601,0
2026-08-14T15:31:01.524120,593,739,658,623,606,0
2026-08-14T15:31:01.524120,595,744,662,625,610,0
2026-08-14T15:31:01.524120,597,746,664,629,612,0
2026-08-14T15:31:01.524120,600,751,667,632,615,0
2026-08-14T15:31:01.532220,604,755,672,635,620,0
2026-08-14T15:31:01.532220,609,758,674,639,623,0
2026-08-14T15:31:01.532885,612,764,679,643,629,0
2026-08-14T15:31:01.536155,616,769,683,648,632,0
2026-08-14T15:31:01.536988,619,773,688,651,634,0
2026-08-14T15:31:01.536988,624,779,692,656,640,0
2026-08-14T15:31:01.540293,628,785,697,661,645,0
2026-08-14T15:31:01.540293,634,791,703,667,649,0
2026-08-14T15:31:01.540293,638,797,707,672,654,0
2026-08-14T15:31:01.540293,642,800,712,676,658,0
2026-08-14T15:31:01.544066,645,805,714,680,662,0
2026-08-14T15:31:01.544066,649,811,720,684,666,0
2026-08-14T15:31:01.544066,654,815,724,688,670,0
2026-08-14T15:31:01.546129,656,819,726,690,673,0
2026-08-14T15:31:01.548771,659,822,729,692,675,0
2026-08-14T15:31:01.548771,661,822,732,695,678,0
2026-08-14T15:31:01.548771,663,827,735,699,680,0
2026-08-14T15:31:01.552830,666,831,736,700,682,0
2026-08-14T15:31:01.553413,668,833,738,703,685,0
2026-08-14T15:31:01.553413,669,835,742,706,687,0
2026-08-14T15:31:01.553413,672,838,744,709,690,0
2026-08-14T15:31:01.556839,676,842,746,712,692,0
2026-08-14T15:31:01.556839,678,845,750,715,696,0
2026-08-14T15:31:01.556839,683,850,753,720,701,0
2026-08-14T15:31:01.556839,687,855,759,723,705,0
2026-08-14T15:31:01.556839,690,862,762,728,709,0
2026-08-14T15:31:01.556839,697,867,767,734,714,0
2026-08-14T15:31:01.564915,700,872,771,736,718,0
2026-08-14T15:31:01.564915,702,873,772,737,720,0
2026-08-14T15:31:01.566929,702,874,774,740,720,0
2026-08-14T15:31:01.566929,704,876,775,741,722,0
2026-08-14T15:31:01.566929,705,877,776,743,725,0
2026-08-14T15:31:01.566929,707,880,778,746,727,0
2026-08-14T15:31:01.570658,710,884,781,749,730,0
2026-08-14T15:31:01.573066,714,886,784,752,733,0
2026-08-14T15:31:01.573066,716,890,787,753,735,0
2026-08-14T15:31:01.573066,719,894,789,757,739,0
2026-08-14T15:31:01.577193,721,898,792,761,742,0
2026-08-14T15:31:01.577193,724,901,794,764,744,0
2026-08-14T15:31:01.577193,725,902,797,765,745,0
2026-08-14T15:31:01.578955,725,904,797,765,745,0
2026-08-14T15:31:01.578955,727,905,797,766,747,0
2026-08-14T15:31:01.581407,728,904,798,767,750,0
2026-08-14T15:31:01.581407,729,906,799,769,749,0
2026-08-14T15:31:01.581407,729,908,800,769,752,0
2026-08-14T15:31:01.586895,732,908,802,771,752,0
2026-08-14T15:31:01.588052,731,910,804,773,754,0
2026-08-14T15:31:01.588052,733,912,805,774,755,0
2026-08-14T15:31:01.589807,735,914,806,777,757,0
2026-08-14T15:31:01.589807,738,917,808,778,759,0
2026-08-14T15:31:01.589807,739,919,810,780,761,0
2026-08-14T15:31:01.591816,739,919,811,783,762,0
2026-08-14T15:31:01.591816,738,920,812,781,762,0
2026-08-14T15:31:01.591816,740,920,812,783,763,0
2026-08-14T15:31:01.595300,741,921,812,783,764,0
2026-08-14T15:31:01.597315,742,921,814,786,765,0
2026-08-14T15:31:01.597315,743,922,814,785,765,0
2026-08-14T15:31:01.597315,743,923,814,787,767,0
2026-08-14T15:31:01.601747,744,924,814,788,768,0
2026-08-14T15:31:01.601747,745,925,815,789,768,0
2026-08-14T15:31:01.603399,747,926,816,789,768,0
2026-08-14T15:31:01.605815,747,928,816,790,769,0
2026-08-14T15:31:01.605815,748,928,817,790,769,0
2026-08-14T15:31:01.605815,747,927,817,790,770,0
2026-08-14T15:31:01.605815,747,927,818,791,769,0
2026-08-14T15:31:01.608620,748,928,817,791,769,0
2026-08-14T15:31:01.608620,746,928,817,793,769,0
2026-08-14T15:31:01.608620,748,928,817,792,770,0
2026-08-14T15:31:01.613538,746,928,817,792,770,0
2026-08-14T15:31:01.613538,746,926,817,792,770,0
2026-08-14T15:31:01.613538,747,927,816,792,770,0
2026-08-14T15:31:01.615882,747,926,815,791,769,0
2026-08-14T15:31:01.615882,748,926,815,791,770,0
2026-08-14T15:31:01.615882,747,926,815,791,770,0
2026-08-14T15:31:01.620522,747,927,816,791,769,0
2026-08-14T15:31:01.622235,747,927,815,790,768,0
2026-08-14T15:31:01.622235,746,925,815,791,769,0
2026-08-14T15:31:01.622235,746,925,814,791,767,0
2026-08-14T15:31:01.624010,744,923,813,789,765,0
2026-08-14T15:31:01.624010,743,921,811,788,766,0
2026-08-14T15:31:01.624010,742,919,809,786,764,0
2026-08-14T15:31:01.624010,740,917,807,786,763,0
2026-08-14T15:31:01.624010,739,916,805,784,761,0
2026-08-14T15:31:01.630577,738,914,803,782,759,0
2026-08-14T15:31:01.630577,739,912,803,781,759,0
2026-08-14T15:31:01.630577,736,911,801,782,758,0
2026-08-14T15:31:01.630577,737,911,801,781,758,0
2026-08-14T15:31:01.630577,734,911,800,778,756,0
2026-08-14T15:31:01.636452,734,910,799,779,756,0
2026-08-14T15:31:01.638596,732,907,797,777,754,0
2026-08-14T15:31:01.638596,732,904,795,775,752,0
2026-08-14T15:31:01.638596,729,902,793,773,750,0
2026-08-14T15:31:01.642698,727,900,791,771,749,0
2026-08-14T15:31:01.642698,726,898,790,771,748,0
2026-08-14T15:31:01.644462,725,897,788,770,748,0
2026-08-14T15:31:01.644462,725,897,788,769,746,0
2026-08-14T15:31:01.646321,723,896,788,768,745,0
2026-08-14T15:31:01.646321,725,895,787,768,745,0
2026-08-14T15:31:01.646321,725,896,787,768,746,0
2026-08-14T15:31:01.648602,723,896,787,768,746,0
2026-08-14T15:31:01.648602,722,896,787,768,746,0
2026-08-14T15:31:01.648602,723,896,786,768,745,0
2026-08-14T15:31:01.654100,721,893,785,767,743,0
2026-08-14T15:31:01.654100,720,892,785,767,744,0
2026-08-14T15:31:01.654100,719,890,783,764,741,0
2026-08-14T15:31:01.654100,717,888,781,763,740,0
2026-08-14T15:31:01.654100,717,886,778,760,737,0
2026-08-14T15:31:01.654100,715,882,777,758,736,0
2026-08-14T15:31:01.654100,712,881,773,756,733,0
2026-08-14T15:31:01.654100,711,877,771,752,729,0
2026-08-14T15:31:01.663360,709,874,768,749,726,0
2026-08-14T15:31:01.663360,705,870,765,747,724,0
2026-08-14T15:31:01.663360,702,865,763,745,723,0
2026-08-14T15:31:01.667269,701,864,761,743,720,0
2026-08-14T15:31:01.667269,700,864,759,741,720,0
2026-08-14T15:31:01.669031,701,862,758,741,719,0
2026-08-14T15:31:01.671368,697,860,756,740,718,0
2026-08-14T15:31:01.672183,695,858,756,738,716,0
2026-08-14T15:31:01.672183,695,856,754,736,714,0
2026-08-14T15:31:01.672183,693,855,752,734,713,0
2026-08-14T15:31:01.675466,693,854,751,734,712,0
2026-08-14T15:31:01.675466,691,852,749,733,710,0
2026-08-14T15:31:01.677227,690,852,749,731,709,0
2026-08-14T15:31:01.679543,688,850,746,729,707,0
2026-08-14T15:31:01.679543,684,845,744,725,704,0
2026-08-14T15:31:01.679543,682,842,742,725,703,0
2026-08-14T15:31:01.682053,680,841,739,722,701,0
2026-08-14T15:31:01.683631,680,839,737,719,700,0
2026-08-14T15:31:01.683631,678,836,735,717,696,0
2026-08-14T15:31:01.683631,675,833,733,716,697,0
2026-08-14T15:31:01.687746,676,833,732,714,694,0
2026-08-14T15:31:01.687746,674,833,733,714,694,0
2026-08-14T15:31:01.687746,674,833,734,714,695,0
2026-08-14T15:31:01.689507,674,832,732,714,695,0
2026-08-14T15:31:01.689507,675,832,734,715,695,0
2026-08-14T15:31:01.689507,675,833,735,717,697,0
2026-08-14T15:31:01.689507,676,834,736,716,697,0
2026-08-14T15:31:01.695997,677,836,736,718,698,0
2026-08-14T15:31:01.696931,677,836,737,718,699,0
2026-08-14T15:31:01.696931,678,838,737,718,699,0
2026-08-14T15:31:01.696931,680,838,738,718,699,0
2026-08-14T15:31:01.696931,680,838,737,718,700,0
2026-08-14T15:31:01.696931,679,838,737,719,700,0
2026-08-14T15:31:01.696931,680,839,738,720,700,0
2026-08-14T15:31:01.704180,679,838,738,718,698,0
2026-08-14T15:31:01.704180,679,839,737,719,699,0
2026-08-14T15:31:01.704180,677,837,738,719,699,0
2026-08-14T15:31:01.705932,678,836,738,718,698,0
2026-08-14T15:31:01.705932,677,837,737,718,698,0
2026-08-14T15:31:01.705932,678,837,737,718,698,0
2026-08-14T15:31:01.705932,679,836,737,717,698,0
2026-08-14T15:31:01.712323,679,836,737,718,698,0
2026-08-14T15:31:01.712323,678,837,736,719,699,0
2026-08-14T15:31:01.712323,679,838,738,719,700,0
2026-08-14T15:31:01.716417,679,838,737,718,699,0
2026-08-14T15:31:01.716417,678,837,738,719,699,0
2026-08-14T15:31:01.716417,679,838,737,719,699,0
2026-08-14T15:31:01.716417,678,839,738,719,698,0
2026-08-14T15:31:01.720141,679,839,737,718,699,0
2026-08-14T15:31:01.720927,678,837,738,718,699,0
2026-08-14T15:31:01.721723,679,837,737,718,699,0
2026-08-14T15:31:01.721723,677,838,737,719,699,0
2026-08-14T15:31:01.721723,678,837,738,718,700,0
2026-08-14T15:31:01.721723,680,838,737,719,700,0
2026-08-14T15:31:01.726384,679,837,737,718,700,0
2026-08-14T15:31:01.728858,679,839,738,718,698,0
2026-08-14T15:31:01.729422,678,838,737,718,699,0
2026-08-14T15:31:01.729991,679,838,737,719,698,0
2026-08-14T15:31:01.730981,680,837,738,719,699,0
2026-08-14T15:31:01.730981,677,838,738,718,699,0
2026-08-14T15:31:01.730981,678,838,737,719,699,0
2026-08-14T15:31:01.734669,677,838,738,718,700,0
2026-08-14T15:31:01.737080,679,837,737,718,699,0
2026-08-14T15:31:01.737080,678,837,738,719,700,0
2026-08-14T15:31:01.737080,679,838,738,719,699,0
2026-08-14T15:31:01.737080,678,838,738,718,699,0
2026-08-14T15:31:01.737080,679,837,737,718,699,0
2026-08-14T15:31:01.737080,680,837,737,718,700,0
2026-08-14T15:31:01.743771,678,838,738,719,699,0
2026-08-14T15:31:01.743771,677,839,739,719,699,0
2026-08-14T15:31:01.743771,678,838,737,719,699,0
2026-08-14T15:31:01.743771,679,839,739,719,699,0
2026-08-14T15:31:01.743771,678,838,737,719,700,0
2026-08-14T15:31:01.743771,677,837,738,719,700,0
2026-08-14T15:31:01.743771,678,837,738,719,700,0
2026-08-14T15:31:01.752960,679,838,738,718,699,0
2026-08-14T15:31:01.753833,678,838,738,718,700,0
2026-08-14T15:31:01.753833,680,837,738,718,700,0
2026-08-14T15:31:01.753833,679,839,738,718,700,0
2026-08-14T15:31:01.753833,680,838,738,718,699,0
2026-08-14T15:31:01.753833,678,839,738,719,699,0
2026-08-14T15:31:01.753833,678,838,738,719,699,0
2026-08-14T15:31:01.760239,678,837,739,719,699,0
2026-08-14T15:31:01.760239,678,839,737,719,699,0
2026-08-14T15:31:01.760239,680,837,737,719,700,0
2026-08-14T15:31:01.760239,678,837,738,718,699,0
2026-08-14T15:31:01.760239,678,837,738,719,699,0
2026-08-14T15:31:01.760239,679,838,737,719,699,0
2026-08-14T15:31:01.760239,680,837,737,718,700,0
2026-08-14T15:31:01.769759,679,838,738,718,698,0
2026-08-14T15:31:01.770302,678,838,739,719,698,0
2026-08-14T15:31:01.770302,678,839,737,718,698,0
2026-08-14T15:31:01.772429,678,839,738,718,699,0
2026-08-14T15:31:01.772429,679,838,737,718,699,0
2026-08-14T15:31:01.774437,679,838,739,719,699,0
2026-08-14T15:31:01.774437,677,839,738,719,699,0
2026-08-14T15:31:01.776782,677,838,738,718,699,0
2026-08-14T15:31:01.776782,680,837,737,719,699,0
2026-08-14T15:31:01.776782,679,836,737,718,700,0
2026-08-14T15:31:01.776782,678,838,738,718,699,0
2026-08-14T15:31:01.776782,678,838,737,718,699,0
2026-08-14T15:31:01.776782,680,837,738,719,699,0
2026-08-14T15:31:01.776782,678,838,738,719,699,0
2026-08-14T15:31:01.785637,678,839,738,719,699,0
2026-08-14T15:31:01.786775,678,839,738,718,698,0
2026-08-14T15:31:01.786775,678,839,739,719,699,0
2026-08-14T15:31:01.786775,678,838,737,719,699,0
2026-08-14T15:31:01.786775,677,838,737,718,700,0
2026-08-14T15:31:01.786775,679,838,739,719,699,0
2026-08-14T15:31:01.786775,679,837,738,718,700,0
2026-08-14T15:31:01.793051,679,837,737,718,699,0
2026-08-14T15:31:01.793051,678,838,738,718,699,0
2026-08-14T15:31:01.795066,678,838,737,719,698,0
2026-08-14T15:31:01.797700,678,838,738,718,700,0
2026-08-14T15:31:01.797700,679,838,737,719,700,0
2026-08-14T15:31:01.799709,679,840,737,719,699,0
2026-08-14T15:31:01.799709,679,838,738,719,699,0
2026-08-14T15:31:01.801458,677,839,738,719,699,0
2026-08-14T15:31:01.803663,678,838,738,719,698,0
2026-08-14T15:31:01.803663,679,839,738,719,699,0
2026-08-14T15:31:01.805743,677,838,737,719,699,0
2026-08-14T15:31:01.805743,678,838,737,719,700,0
2026-08-14T15:31:01.807759,679,837,738,719,699,0
2026-08-14T15:31:01.816396,679,837,738,718,700,0
2026-08-14T15:31:01.817499,679,838,737,718,699,0
2026-08-14T15:31:01.817499,678,837,739,719,700,0
2026-08-14T15:31:01.819508,678,838,739,719,699,0
2026-08-14T15:31:01.819882,679,839,738,718,700,0
2026-08-14T15:31:01.820364,679,838,738,718,698,0
2026-08-14T15:31:01.820364,678,838,738,719,699,0
2026-08-14T15:31:01.820364,678,837,739,719,699,0
2026-08-14T15:31:01.820364,679,838,738,718,700,0
2026-08-14T15:31:01.822526,678,838,738,718,700,0
2026-08-14T15:31:01.822526,679,837,739,718,700,0
2026-08-14T15:31:01.822526,679,837,739,718,699,0
2026-08-14T15:31:01.822526,678,839,737,718,699,0
2026-08-14T15:31:01.824532,680,838,738,718,699,0
2026-08-14T15:31:01.825538,679,838,738,719,699,0
2026-08-14T15:31:01.827544,678,838,738,719,699,0
2026-08-14T15:31:01.827544,679,838,738,718,699,0
2026-08-14T15:31:01.827544,678,839,737,719,698,0
2026-08-14T15:31:01.829550,678,838,737,719,699,0
2026-08-14T15:31:01.831556,678,838,738,718,700,0
2026-08-14T15:31:01.831556,678,839,738,719,699,0
2026-08-14T15:31:01.833561,679,837,738,718,699,0
2026-08-14T15:31:01.835568,679,837,737,718,699,0
2026-08-14T15:31:01.836504,681,837,738,718,699,0
2026-08-14T15:31:01.839374,679,837,738,719,698,0
2026-08-14T15:31:01.839374,679,838,738,718,699,0
2026-08-14T15:31:01.839374,679,839,737,718,699,0
2026-08-14T15:31:01.839374,678,837,739,718,699,0
2026-08-14T15:31:01.843395,679,838,738,718,699,0
2026-08-14T15:31:01.843395,678,838,739,719,699,0
2026-08-14T15:31:01.843395,678,838,739,718,699,0
2026-08-14T15:31:01.847421,679,838,737,719,700,0
2026-08-14T15:31:01.847421,677,838,738,719,699,0
2026-08-14T15:31:01.847421,679,837,738,719,699,0
2026-08-14T15:31:01.849429,679,837,738,719,699,0
2026-08-14T15:31:01.851436,679,837,738,718,699,0
2026-08-14T15:31:01.851436,678,838,738,718,699,0
2026-08-14T15:31:01.853350,678,838,737,719,699,0
2026-08-14T15:31:01.854120,679,838,739,719,699,0
2026-08-14T15:31:01.854120,679,838,739,719,698,0
2026-08-14T15:31:01.854120,679,838,739,719,699,0
2026-08-14T15:31:01.854120,679,838,738,719,699,0
2026-08-14T15:31:01.858342,679,837,739,719,699,0
2026-08-14T15:31:01.858342,678,838,738,718,700,0
2026-08-14T15:31:01.858342,679,837,738,719,699,0
2026-08-14T15:31:01.858342,678,837,737,719,699,0
2026-08-14T15:31:01.858342,679,836,738,719,698,0
2026-08-14T15:31:01.858342,679,837,739,717,699,0
2026-08-14T15:31:01.865657,680,838,738,718,699,0
2026-08-14T15:31:01.867668,679,837,738,719,699,0
2026-08-14T15:31:01.867668,678,837,738,719,699,0
2026-08-14T15:31:01.869301,677,838,739,718,699,0
2026-08-14T15:31:01.870640,678,839,737,719,698,0
2026-08-14T15:31:01.870640,679,837,737,719,698,0
2026-08-14T15:31:01.873282,679,837,738,719,699,0
2026-08-14T15:31:01.873282,679,836,738,719,699,0
2026-08-14T15:31:01.873282,679,838,738,718,700,0
2026-08-14T15:31:01.876804,679,838,738,719,699,0
2026-08-14T15:31:01.877611,678,837,738,719,699,0
2026-08-14T15:31:01.877611,679,837,738,718,699,0
2026-08-14T15:31:01.877611,678,838,738,718,699,0
2026-08-14T15:31:01.881354,680,838,737,718,700,0
2026-08-14T15:31:01.881354,679,837,738,718,698,0
2026-08-14T15:31:01.881354,678,837,738,719,699,0
2026-08-14T15:31:01.881354,679,838,738,718,699,0
2026-08-14T15:31:01.886134,679,838,738,718,699,0
2026-08-14T15:31:01.887497,678,838,738,718,699,0
2026-08-14T15:31:01.887497,678,837,738,718,700,0
2026-08-14T15:31:01.889526,678,839,737,719,699,0
2026-08-14T15:31:01.890849,679,838,737,718,699,0
2026-08-14T15:31:01.890849,679,837,737,718,699,0
2026-08-14T15:31:01.890849,679,837,737,719,698,0
2026-08-14T15:31:01.890849,679,838,737,719,698,0
2026-08-14T15:31:01.890849,680,837,738,718,698,0
2026-08-14T15:31:01.890849,679,839,737,718,698,0
2026-08-14T15:31:01.897802,678,838,737,718,699,0
2026-08-14T15:31:01.900758,677,839,738,719,698,0
2026-08-14T15:31:01.900758,679,838,738,719,698,0
2026-08-14T15:31:01.900758,680,838,738,718,698,0
2026-08-14T15:31:01.904840,678,837,738,718,699,0
2026-08-14T15:31:01.904840,678,839,737,719,699,0
2026-08-14T15:31:01.905854,678,838,737,719,699,0
2026-08-14T15:31:01.905854,678,838,737,719,698,0
2026-08-14T15:31:01.908799,678,837,737,718,698,0
2026-08-14T15:31:01.909672,679,837,737,718,699,0
2026-08-14T15:31:01.909672,678,838,736,718,699,0
2026-08-14T15:31:01.913018,677,839,737,718,699,0
2026-08-14T15:31:01.913018,678,838,738,719,699,0
2026-08-14T15:31:01.914033,679,839,738,718,699,0
2026-08-14T15:31:01.914033,678,838,738,719,699,0
2026-08-14T15:31:01.917117,679,837,738,719,699,0
2026-08-14T15:31:01.917117,678,838,737,719,699,0
2026-08-14T15:31:01.917117,679,837,738,718,699,0
2026-08-14T15:31:01.921155,677,838,737,718,700,0
2026-08-14T15:31:01.921155,679,838,737,719,699,0
2026-08-14T15:31:01.922163,679,837,738,718,699,0
2026-08-14T15:31:01.922163,679,838,736,718,698,0
2026-08-14T15:31:01.922163,679,837,737,717,699,0
2026-08-14T15:31:01.922163,679,837,738,718,698,0
2026-08-14T15:31:01.922163,677,838,738,718,698,0
2026-08-14T15:31:01.927073,678,839,738,718,698,0
2026-08-14T15:31:01.927073,679,837,736,719,699,0
2026-08-14T15:31:01.930471,678,838,738,718,700,0
2026-08-14T15:31:01.930471,678,837,737,719,699,0
2026-08-14T15:31:01.933657,677,838,737,719,699,0
2026-08-14T15:31:01.933657,679,837,736,718,699,0
2026-08-14T15:31:01.933657,680,836,737,718,699,0
2026-08-14T15:31:01.936670,679,838,737,717,699,0
2026-08-14T15:31:01.936670,678,839,737,717,699,0
2026-08-14T15:31:01.938709,678,839,737,719,698,0
2026-08-14T15:31:01.941693,679,837,738,718,699,0
2026-08-14T15:31:01.942620,677,838,738,718,699,0
2026-08-14T15:31:01.942620,678,838,738,718,699,0
2026-08-14T15:31:01.942620,678,838,737,718,698,0
2026-08-14T15:31:01.945794,679,836,738,718,699,0
2026-08-14T15:31:01.945794,678,837,737,719,699,0
2026-08-14T15:31:01.946810,677,838,737,719,699,0
2026-08-14T15:31:01.949892,678,837,738,718,698,0
2026-08-14T15:31:01.949892,678,838,737,718,698,0
2026-08-14T15:31:01.949892,679,838,737,718,699,0
2026-08-14T15:31:01.951654,679,837,737,718,698,0
2026-08-14T15:31:01.953991,679,837,737,717,698,0
2026-08-14T15:31:01.953991,679,838,737,718,698,0
2026-08-14T15:31:01.955002,678,838,738,718,699,0
2026-08-14T15:31:01.956625,678,838,737,719,699,0
2026-08-14T15:31:01.956625,677,837,737,718,698,0
2026-08-14T15:31:01.956625,677,838,738,718,699,0
2026-08-14T15:31:01.956625,678,837,737,718,699,0
2026-08-14T15:31:01.956625,679,837,737,718,699,0
2026-08-14T15:31:01.963075,678,836,737,718,698,0
2026-08-14T15:31:01.963075,679,837,737,718,698,0
2026-08-14T15:31:01.963075,678,837,737,717,699,0
2026-08-14T15:31:01.963075,679,837,736,717,699,0
2026-08-14T15:31:01.963075,679,837,738,718,699,0
2026-08-14T15:31:01.970020,678,837,738,719,698,0
2026-08-14T15:31:01.970020,679,837,737,718,698,0
2026-08-14T15:31:01.971680,679,837,736,718,698,0
2026-08-14T15:31:01.971680,678,837,736,718,699,0
2026-08-14T15:31:01.971680,678,837,737,718,699,0
2026-08-14T15:31:01.971680,678,836,736,717,699,0
2026-08-14T15:31:01.971680,679,838,736,718,698,0
2026-08-14T15:31:01.971680,679,836,735,718,699,0
2026-08-14T15:31:01.971680,678,837,737,718,698,0
2026-08-14T15:31:01.979878,678,838,738,718,698,0
2026-08-14T15:31:01.979878,678,838,736,718,698,0
2026-08-14T15:31:01.982776,678,837,736,718,699,0
2026-08-14T15:31:01.982776,678,836,737,719,699,0
2026-08-14T15:31:01.982776,678,837,738,718,699,0
2026-08-14T15:31:01.986239,677,838,737,717,699,0
2026-08-14T15:31:01.987069,679,837,736,717,698,0
2026-08-14T15:31:01.988176,679,837,736,718,699,0
2026-08-14T15:31:01.988176,678,836,737,718,699,0
2026-08-14T15:31:01.990831,679,837,737,717,698,0
2026-08-14T15:31:01.990831,679,838,736,718,699,0
2026-08-14T15:31:01.990831,679,837,737,718,699,0
2026-08-14T15:31:01.990831,678,838,737,718,699,0
2026-08-14T15:31:01.990831,677,839,737,718,698,0
2026-08-14T15:31:01.996249,679,837,736,718,699,0
2026-08-14T15:31:01.996249,678,836,737,718,699,0
2026-08-14T15:31:01.996249,677,836,737,718,699,0
2026-08-14T15:31:01.996249,678,836,737,718,699,0
2026-08-14T15:31:01.996249,678,837,737,717,699,0
2026-08-14T15:31:02.003142,679,837,736,718,698,0
2026-08-14T15:31:02.003770,678,836,736,717,698,0
2026-08-14T15:31:02.003770,679,837,736,718,699,0
2026-08-14T15:31:02.003770,679,838,736,717,698,0
2026-08-14T15:31:02.003770,678,837,737,717,699,0
2026-08-14T15:31:02.003770,679,836,737,717,698,0
2026-08-14T15:31:02.003770,678,836,737,718,699,0
2026-08-14T15:31:02.003770,678,836,736,719,699,0
2026-08-14T15:31:02.012047,677,838,736,717,699,0
2026-08-14T15:31:02.012047,679,837,735,717,699,0
2026-08-14T15:31:02.015423,677,836,737,717,699,0
2026-08-14T15:31:02.015423,677,836,736,717,699,0
2026-08-14T15:31:02.017190,679,836,737,718,698,0
2026-08-14T15:31:02.017190,678,837,736,717,698,0
2026-08-14T15:31:02.019477,679,836,735,717,699,0
2026-08-14T15:31:02.020072,678,838,737,718,699,0
2026-08-14T15:31:02.020072,677,836,737,719,698,0
2026-08-14T15:31:02.023618,678,836,736,717,698,0
2026-08-14T15:31:02.023618,679,837,737,718,699,0
2026-08-14T15:31:02.023618,678,837,736,718,699,0
2026-08-14T15:31:02.025382,677,837,736,718,698,0
2026-08-14T15:31:02.026970,677,835,736,718,698,0
2026-08-14T15:31:02.028482,678,837,735,717,698,0
2026-08-14T15:31:02.028482,678,836,735,717,699,0
2026-08-14T15:31:02.028482,679,837,735,717,699,0
2026-08-14T15:31:02.028482,677,837,737,718,698,0
2026-08-14T15:31:02.028482,679,837,735,717,698,0
2026-08-14T15:31:02.028482,679,836,735,717,699,0
2026-08-14T15:31:02.028482,677,836,736,718,698,0
2026-08-14T15:31:02.036667,678,838,736,717,698,0
2026-08-14T15:31:02.036667,678,836,735,718,699,0
2026-08-14T15:31:02.036667,679,836,735,717,699,0
2026-08-14T15:31:02.036667,677,833,736,717,699,0
2026-08-14T15:31:02.036667,678,836,735,717,699,0
2026-08-14T15:31:02.036667,678,838,736,718,698,0
2026-08-14T15:31:02.044450,678,836,735,717,698,0
2026-08-14T15:31:02.044450,679,835,736,717,698,0
2026-08-14T15:31:02.044450,678,836,736,718,699,0
2026-08-14T15:31:02.048368,678,836,736,717,698,0
2026-08-14T15:31:02.048368,678,837,736,717,698,0
2026-08-14T15:31:02.048368,678,834,736,718,698,0
2026-08-14T15:31:02.052489,678,836,736,718,699,0
2026-08-14T15:31:02.053503,677,836,736,717,699,0
2026-08-14T15:31:02.053503,677,837,735,718,699,0
2026-08-14T15:31:02.053503,678,836,736,717,698,0
2026-08-14T15:31:02.056328,679,835,735,716,699,0
2026-08-14T15:31:02.056328,679,835,735,717,697,0
2026-08-14T15:31:02.056328,678,836,735,717,698,0
2026-08-14T15:31:02.060681,678,835,736,717,697,0
2026-08-14T15:31:02.060681,678,836,736,718,697,0
2026-08-14T15:31:02.060681,678,836,736,717,698,0
2026-08-14T15:31:02.062694,677,836,736,717,697,0
2026-08-14T15:31:02.062694,678,835,735,718,698,0
2026-08-14T15:31:02.062694,678,836,735,718,699,0
2026-08-14T15:31:02.062694,678,835,735,717,698,0
2026-08-14T15:31:02.068874,678,836,735,717,698,0
2026-08-14T15:31:02.068874,678,835,735,718,697,0
2026-08-14T15:31:02.079636,678,835,735,717,698,0
2026-08-14T15:31:02.079636,677,835,735,718,699,0
2026-08-14T15:31:02.079636,678,836,736,717,697,0
2026-08-14T15:31:02.079636,677,835,736,717,699,0
2026-08-14T15:31:02.079636,678,835,736,717,697,0
2026-08-14T15:31:02.085012,677,836,736,717,698,0
2026-08-14T15:31:02.086744,678,834,736,718,698,0
2026-08-14T15:31:02.086744,678,836,736,717,699,0
2026-08-14T15:31:02.086744,678,835,736,717,699,0
2026-08-14T15:31:02.086744,677,835,735,717,698,0
2026-08-14T15:31:02.086744,678,835,734,717,698,0
2026-08-14T15:31:02.086744,677,836,736,717,698,0
2026-08-14T15:31:02.086744,678,835,735,716,698,0
2026-08-14T15:31:02.086744,678,836,734,718,697,0
2026-08-14T15:31:02.086744,677,835,735,718,698,0
2026-08-14T15:31:02.086744,678,835,736,717,697,0
2026-08-14T15:31:02.086744,678,836,736,717,698,0
2026-08-14T15:31:02.086744,678,835,736,717,698,0
2026-08-14T15:31:02.086744,678,836,735,718,698,0
2026-08-14T15:31:02.093503,677,835,736,718,698,0
2026-08-14T15:31:02.093503,677,835,736,717,697,0
2026-08-14T15:31:02.093503,678,835,735,717,699,0
2026-08-14T15:31:02.097515,677,834,735,717,699,0
2026-08-14T15:31:02.097515,678,833,735,718,698,0
2026-08-14T15:31:02.097515,678,836,735,717,698,0
2026-08-14T15:31:02.099274,678,836,735,716,698,0
2026-08-14T15:31:02.101440,678,835,735,716,698,0
2026-08-14T15:31:02.101440,677,835,735,717,698,0
2026-08-14T15:31:02.103773,676,837,735,718,697,0
2026-08-14T15:31:02.105612,678,836,735,717,697,0
2026-08-14T15:31:02.105612,678,834,734,718,698,0
2026-08-14T15:31:02.105612,678,835,735,718,698,0
2026-08-14T15:31:02.109800,676,834,735,717,699,0
2026-08-14T15:31:02.109800,676,835,735,718,698,0
2026-08-14T15:31:02.109800,678,835,734,717,698,0
2026-08-14T15:31:02.112533,679,834,734,717,697,0
2026-08-14T15:31:02.112533,678,834,735,717,698,0
2026-08-14T15:31:02.112533,676,836,735,717,697,0
2026-08-14T15:31:02.112533,678,837,734,717,697,0
2026-08-14T15:31:02.118032,677,835,735,717,698,0
2026-08-14T15:31:02.118032,677,837,736,717,698,0
2026-08-14T15:31:02.119501,676,836,735,718,698,0
2026-08-14T15:31:02.120506,677,836,735,717,697,0
2026-08-14T15:31:02.120506,678,833,735,717,699,0
2026-08-14T15:31:02.120506,677,834,734,716,699,0
2026-08-14T15:31:02.120506,677,836,735,717,697,0
2026-08-14T15:31:02.120506,678,835,735,717,698,0
2026-08-14T15:31:02.126397,679,835,734,716,697,0
2026-08-14T15:31:02.126397,678,837,734,716,698,0
2026-08-14T15:31:02.128410,678,835,735,717,698,0
2026-08-14T15:31:02.130233,677,836,735,717,697,0
2026-08-14T15:31:02.130233,678,835,736,717,697,0
2026-08-14T15:31:02.130233,678,835,736,718,698,0
2026-08-14T15:31:02.134342,678,834,736,717,697,0
2026-08-14T15:31:02.134342,677,834,736,717,697,0
2026-08-14T15:31:02.134342,680,836,735,717,698,0
2026-08-14T15:31:02.138611,678,835,734,716,698,0
2026-08-14T15:31:02.138611,676,836,735,717,698,0
2026-08-14T15:31:02.138611,678,834,735,718,697,0
2026-08-14T15:31:02.141278,678,836,734,716,697,0
2026-08-14T15:31:02.141278,678,836,734,717,697,0
2026-08-14T15:31:02.142790,677,835,735,716,698,0
2026-08-14T15:31:02.142790,678,835,735,717,698,0
2026-08-14T15:31:02.142790,678,833,735,717,697,0
2026-08-14T15:31:02.142790,678,835,735,717,697,0
2026-08-14T15:31:02.142790,676,835,734,717,698,0
2026-08-14T15:31:02.148374,677,836,735,717,698,0
2026-08-14T15:31:02.150386,677,835,735,718,698,0
2026-08-14T15:31:02.150386,677,835,735,717,697,0
2026-08-14T15:31:02.152398,678,834,733,716,698,0
2026-08-14T15:31:02.153361,677,834,734,717,697,0
2026-08-14T15:31:02.153361,677,835,735,716,697,0
2026-08-14T15:31:02.153361,676,835,735,716,697,0
2026-08-14T15:31:02.153361,678,835,734,717,697,0
2026-08-14T15:31:02.158608,678,835,735,717,697,0
2026-08-14T15:31:02.158608,677,834,735,717,697,0
2026-08-14T15:31:02.158608,677,834,736,718,697,0
2026-08-14T15:31:02.162652,678,835,734,717,698,0
2026-08-14T15:31:02.162652,678,834,735,718,698,0
2026-08-14T15:31:02.162652,677,835,735,716,698,0
2026-08-14T15:31:02.164661,678,835,734,717,697,0
2026-08-14T15:31:02.166975,678,835,735,716,697,0
2026-08-14T15:31:02.166975,678,834,733,716,698,0
2026-08-14T15:31:02.166975,678,833,734,717,697,0
2026-08-14T15:31:02.171066,678,834,734,716,698,0
2026-08-14T15:31:02.171066,678,835,734,716,696,0
2026-08-14T15:31:02.171066,678,834,735,717,696,0
2026-08-14T15:31:02.175065,677,833,735,717,697,0
2026-08-14T15:31:02.175065,677,835,734,717,698,0
2026-08-14T15:31:02.175065,677,834,735,717,698,0
2026-08-14T15:31:02.175065,677,835,734,717,697,0
2026-08-14T15:31:02.175065,678,833,736,716,698,0
2026-08-14T15:31:02.175065,678,834,735,717,697,0
2026-08-14T15:31:02.175065,676,835,735,717,697,0
2026-08-14T15:31:02.183321,678,835,735,716,698,0
2026-08-14T15:31:02.183321,677,835,734,716,698,0
2026-08-14T15:31:02.186083,678,835,735,718,698,0
2026-08-14T15:31:02.186718,677,835,735,717,697,0
2026-08-14T15:31:02.186718,677,836,735,717,697,0
2026-08-14T15:31:02.186718,677,833,735,717,697,0
2026-08-14T15:31:02.186718,678,835,734,717,698,0
2026-08-14T15:31:02.191566,677,834,734,718,697,0
2026-08-14T15:31:02.192288,677,834,734,717,697,0
2026-08-14T15:31:02.192288,677,834,734,716,698,0
2026-08-14T15:31:02.192288,678,835,735,716,697,0
2026-08-14T15:31:02.195719,676,835,734,717,698,0
2026-08-14T15:31:02.195719,678,834,734,716,697,0
2026-08-14T15:31:02.195719,678,834,735,716,697,0
2026-08-14T15:31:02.199948,678,836,735,717,697,0
2026-08-14T15:31:02.199948,677,835,734,717,697,0
2026-08-14T15:31:02.199948,676,836,735,717,696,0
2026-08-14T15:31:02.203429,677,835,734,717,697,0
2026-08-14T15:31:02.203429,678,834,735,717,698,0
2026-08-14T15:31:02.203429,677,835,734,718,698,0
2026-08-14T15:31:02.203429,677,834,735,718,698,0
2026-08-14T15:31:02.203429,676,834,735,717,697,0
2026-08-14T15:31:02.208287,677,834,734,716,697,0
2026-08-14T15:31:02.208287,677,834,734,717,698,0
2026-08-14T15:31:02.208287,678,835,734,717,697,0
2026-08-14T15:31:02.208287,677,834,734,716,697,0
2026-08-14T15:31:02.208287,677,836,735,717,697,0
2026-08-14T15:31:02.208287,677,834,734,716,698,0
2026-08-14T15:31:02.208287,677,834,735,717,697,0
2026-08-14T15:31:02.216620,678,834,735,718,697,0
2026-08-14T15:31:02.216620,678,835,735,717,697,0
2026-08-14T15:31:02.220031,677,835,734,717,698,0
2026-08-14T15:31:02.220031,677,834,734,717,698,0
2026-08-14T15:31:02.220031,677,833,735,717,698,0
2026-08-14T15:31:02.222256,678,835,735,716,697,0
2026-08-14T15:31:02.224318,679,833,735,716,697,0
2026-08-14T15:31:02.224318,677,834,735,716,697,0
2026-08-14T15:31:02.224318,678,834,734,717,697,0
2026-08-14T15:31:02.228418,677,835,735,717,696,0
2026-08-14T15:31:02.228418,678,835,735,716,697,0
2026-08-14T15:31:02.230399,677,836,735,716,697,0
2026-08-14T15:31:02.230399,676,834,734,716,697,0
2026-08-14T15:31:02.232550,677,834,735,718,698,0
2026-08-14T15:31:02.232550,676,835,734,717,697,0
2026-08-14T15:31:02.232550,678,833,734,717,697,0
2026-08-14T15:31:02.236171,677,833,735,716,697,0
2026-08-14T15:31:02.237400,677,833,734,717,696,0
2026-08-14T15:31:02.237909,677,835,734,716,697,0
2026-08-14T15:31:02.240260,679,834,733,716,697,0
2026-08-14T15:31:02.241599,678,835,735,716,698,0
2026-08-14T15:31:02.241599,677,834,735,716,697,0
2026-08-14T15:31:02.241599,678,836,735,716,697,0
2026-08-14T15:31:02.244803,678,835,734,716,696,0
2026-08-14T15:31:02.244803,677,832,735,717,697,0
2026-08-14T15:31:02.244803,677,833,735,716,697,0
2026-08-14T15:31:02.248523,676,835,734,716,698,0
2026-08-14T15:31:02.248523,676,835,733,717,698,0
2026-08-14T15:31:02.248523,678,833,734,715,697,0
2026-08-14T15:31:02.248523,678,833,734,717,697,0
2026-08-14T15:31:02.253082,678,834,734,717,697,0
2026-08-14T15:31:02.253082,678,835,733,717,698,0
2026-08-14T15:31:02.253911,677,834,733,716,696,0
2026-08-14T15:31:02.256729,677,835,735,717,698,0
2026-08-14T15:31:02.256729,676,835,735,717,696,0
2026-08-14T15:31:02.256729,676,834,735,717,697,0
2026-08-14T15:31:02.256729,677,833,734,716,698,0
2026-08-14T15:31:02.256729,677,832,735,716,698,0
2026-08-14T15:31:02.256729,677,834,734,718,697,0
2026-08-14T15:31:02.256729,676,835,734,716,697,0
2026-08-14T15:31:02.265013,678,834,734,717,697,0
2026-08-14T15:31:02.265013,678,834,733,716,697,0
2026-08-14T15:31:02.267028,678,834,734,716,697,0
2026-08-14T15:31:02.267028,677,834,733,716,696,0
2026-08-14T15:31:02.269579,676,835,735,717,697,0
2026-08-14T15:31:02.270171,676,836,734,717,697,0
2026-08-14T15:31:02.270171,676,835,734,716,697,0
2026-08-14T15:31:02.273483,677,834,734,717,697,0
2026-08-14T15:31:02.273483,678,832,735,717,697,0
2026-08-14T15:31:02.273483,679,834,734,716,698,0
2026-08-14T15:31:02.277740,677,834,734,717,697,0
2026-08-14T15:31:02.277740,676,833,735,718,698,0
2026-08-14T15:31:02.277740,678,833,735,717,697,0
2026-08-14T15:31:02.279496,678,835,733,716,697,0
2026-08-14T15:31:02.281076,678,834,733,717,698,0
2026-08-14T15:31:02.281076,678,835,735,717,698,0
2026-08-14T15:31:02.281076,676,834,735,717,697,0
2026-08-14T15:31:02.283596,677,834,735,717,697,0
2026-08-14T15:31:02.286908,678,834,735,717,696,0
2026-08-14T15:31:02.286908,676,835,734,717,697,0
2026-08-14T15:31:02.286908,676,835,734,717,697,0
2026-08-14T15:31:02.289138,677,834,734,716,697,0
2026-08-14T15:31:02.289138,677,835,734,717,697,0
2026-08-14T15:31:02.289138,677,833,735,717,697,0
2026-08-14T15:31:02.289138,678,833,734,717,698,0
2026-08-14T15:31:02.289138,678,836,734,716,697,0
2026-08-14T15:31:02.289138,678,835,734,716,698,0
2026-08-14T15:31:02.289138,677,834,734,716,697,0
2026-08-14T15:31:02.297198,677,835,734,716,697,0
2026-08-14T15:31:02.297198,676,835,734,718,697,0
2026-08-14T15:31:02.297198,677,835,735,716,697,0
2026-08-14T15:31:02.297198,678,834,734,717,697,0
2026-08-14T15:31:02.297198,677,833,735,717,698,0
2026-08-14T15:31:02.303330,677,834,734,716,697,0
2026-08-14T15:31:02.306326,677,835,734,716,698,0
2026-08-14T15:31:02.306326,678,834,733,717,697,0
2026-08-14T15:31:02.306326,678,833,735,716,697,0
2026-08-14T15:31:02.307941,678,835,735,717,697,0
2026-08-14T15:31:02.310264,677,835,734,716,697,0
2026-08-14T15:31:02.310264,677,835,734,716,696,0
2026-08-14T15:31:02.311375,677,834,735,716,697,0
2026-08-14T15:31:02.313547,676,835,734,717,698,0
2026-08-14T15:31:02.313547,677,835,735,717,697,0
2026-08-14T15:31:02.313547,676,835,733,718,698,0
2026-08-14T15:31:02.313547,677,832,735,716,697,0
2026-08-14T15:31:02.318521,678,834,733,718,697,0
2026-08-14T15:31:02.319442,677,834,735,717,697,0
2026-08-14T15:31:02.320016,678,835,734,716,696,0
2026-08-14T15:31:02.322626,679,835,735,716,697,0
2026-08-14T15:31:02.323328,677,834,735,716,697,0
2026-08-14T15:31:02.323328,677,834,735,717,697,0
2026-08-14T15:31:02.323328,677,835,735,717,698,0
2026-08-14T15:31:02.326715,676,835,735,717,697,0
2026-08-14T15:31:02.326715,677,835,735,716,697,0
2026-08-14T15:31:02.326715,677,834,735,718,697,0
2026-08-14T15:31:02.330871,676,835,734,717,697,0
2026-08-14T15:31:02.330871,678,833,734,717,697,0
2026-08-14T15:31:02.330871,678,833,735,716,697,0
2026-08-14T15:31:02.330871,677,834,735,717,697,0
2026-08-14T15:31:02.334380,677,835,735,717,696,0
2026-08-14T15:31:02.334380,677,835,735,716,698,0
2026-08-14T15:31:02.337233,678,836,735,716,696,0
2026-08-14T15:31:02.339146,677,834,735,716,697,0
2026-08-14T15:31:02.339146,676,835,734,717,696,0
2026-08-14T15:31:02.339146,677,834,735,717,697,0
2026-08-14T15:31:02.339146,677,834,734,716,697,0
2026-08-14T15:31:02.339146,677,834,734,717,698,0
2026-08-14T15:31:02.339146,677,834,734,716,698,0
2026-08-14T15:31:02.339146,678,833,735,717,697,0
2026-08-14T15:31:02.339146,678,835,735,716,697,0
2026-08-14T15:31:02.347521,678,834,735,716,697,0
2026-08-14T15:31:02.347521,678,835,735,717,697,0
2026-08-14T15:31:02.351292,677,836,736,717,696,0
2026-08-14T15:31:02.351292,678,835,735,716,697,0
2026-08-14T15:31:02.353466,678,835,735,717,697,0
2026-08-14T15:31:02.353466,677,835,734,717,698,0
2026-08-14T15:31:02.353466,676,832,735,717,698,0
2026-08-14T15:31:02.355806,677,834,735,716,698,0
2026-08-14T15:31:02.355806,678,834,735,717,697,0
2026-08-14T15:31:02.355806,677,834,734,718,698,0
2026-08-14T15:31:02.355806,677,834,735,717,697,0
2026-08-14T15:31:02.355806,678,835,735,716,697,0
2026-08-14T15:31:02.361953,678,834,734,716,697,0
2026-08-14T15:31:02.361953,677,834,735,717,697,0
2026-08-14T15:31:02.363970,676,833,735,717,697,0
2026-08-14T15:31:02.363970,677,834,736,718,697,0
2026-08-14T15:31:02.363970,678,836,735,717,697,0
2026-08-14T15:31:02.363970,678,834,734,717,698,0
2026-08-14T15:31:02.363970,679,834,735,717,697,0
2026-08-14T15:31:02.371939,677,833,734,717,697,0
2026-08-14T15:31:02.371939,677,836,735,716,697,0
2026-08-14T15:31:02.371939,678,835,735,717,698,0
2026-08-14T15:31:02.373694,678,834,734,716,698,0
2026-08-14T15:31:02.375666,677,836,736,717,697,0
2026-08-14T15:31:02.375666,678,834,735,717,696,0
2026-08-14T15:31:02.375666,679,836,735,716,698,0
2026-08-14T15:31:02.375666,676,836,736,717,697,0
2026-08-14T15:31:02.380369,677,835,736,717,697,0
2026-08-14T15:31:02.380369,678,837,735,718,696,0
2026-08-14T15:31:02.380369,676,836,735,717,698,0
2026-08-14T15:31:02.380369,677,834,736,717,698,0
2026-08-14T15:31:02.380369,677,835,735,716,699,0
2026-08-14T15:31:02.380369,676,835,736,717,698,0
2026-08-14T15:31:02.386714,677,835,735,718,697,0
2026-08-14T15:31:02.388654,678,833,735,717,697,0
2026-08-14T15:31:02.388654,678,836,735,716,698,0
2026-08-14T15:31:02.388654,677,835,736,717,697,0
2026-08-14T15:31:02.388654,678,836,735,716,697,0
2026-08-14T15:31:02.388654,678,835,736,716,696,0
2026-08-14T15:31:02.388654,677,835,736,717,697,0
2026-08-14T15:31:02.396350,676,836,736,717,697,0
2026-08-14T15:31:02.396350,676,836,736,718,697,0
2026-08-14T15:31:02.396350,676,836,736,718,697,0
2026-08-14T15:31:02.398115,678,836,735,717,698,0
2026-08-14T15:31:02.400431,676,836,735,717,699,0
2026-08-14T15:31:02.400431,677,835,736,717,698,0
2026-08-14T15:31:02.400431,678,836,736,718,697,0
2026-08-14T15:31:02.404190,679,837,736,716,698,0
2026-08-14T15:31:02.404190,678,835,735,717,698,0
2026-08-14T15:31:02.404190,678,836,736,717,698,0
2026-08-14T15:31:02.408644,677,836,737,718,697,0
2026-08-14T15:31:02.408644,678,836,736,717,698,0
2026-08-14T15:31:02.408644,677,836,736,716,700,0
2026-08-14T15:31:02.410410,678,836,735,718,698,0
2026-08-14T15:31:02.412886,676,836,736,717,698,0
2026-08-14T15:31:02.412886,677,835,737,717,698,0
2026-08-14T15:31:02.412886,677,835,736,717,698,0
2026-08-14T15:31:02.416819,677,835,736,717,698,0
2026-08-14T15:31:02.416819,677,834,735,718,698,0
2026-08-14T15:31:02.416819,679,836,737,717,697,0
2026-08-14T15:31:02.416819,679,837,736,717,697,0
2026-08-14T15:31:02.420087,678,836,736,718,697,0
2026-08-14T15:31:02.421523,677,836,736,717,698,0
2026-08-14T15:31:02.421523,676,836,736,718,697,0
2026-08-14T15:31:02.425017,678,837,736,717,698,0
2026-08-14T15:31:02.425017,678,837,735,718,698,0
2026-08-14T15:31:02.425017,677,836,735,718,698,0
2026-08-14T15:31:02.426780,677,836,736,717,698,0
2026-08-14T15:31:02.429118,678,837,735,717,699,0
2026-08-14T15:31:02.429118,678,836,735,718,698,0
2026-08-14T15:31:02.429118,678,834,737,717,698,0
2026-08-14T15:31:02.429118,677,836,736,718,698,0
2026-08-14T15:31:02.429118,678,837,736,718,698,0
2026-08-14T15:31:02.429118,679,837,736,718,698,0
2026-08-14T15:31:02.436805,678,835,736,717,698,0
2026-08-14T15:31:02.436805,678,835,736,718,698,0
2026-08-14T15:31:02.436805,677,837,736,718,698,0
2026-08-14T15:31:02.439959,678,837,737,718,698,0
2026-08-14T15:31:02.440973,677,835,737,717,699,0
2026-08-14T15:31:02.440973,677,835,736,718,698,0
2026-08-14T15:31:02.440973,677,837,736,718,699,0
2026-08-14T15:31:02.445651,678,837,736,717,697,0
2026-08-14T15:31:02.445651,679,837,737,717,698,0
2026-08-14T15:31:02.445651,678,836,736,717,698,0
2026-08-14T15:31:02.445651,679,836,737,717,697,0
2026-08-14T15:31:02.449598,677,838,737,718,697,0
2026-08-14T15:31:02.449598,678,837,737,717,697,0
2026-08-14T15:31:02.449598,677,836,737,718,698,0
2026-08-14T15:31:02.453828,676,836,737,719,698,0
2026-08-14T15:31:02.453828,678,837,736,717,698,0
2026-08-14T15:31:02.453828,678,837,737,718,698,0
2026-08-14T15:31:02.453828,677,837,737,717,698,0
2026-08-14T15:31:02.453828,677,836,737,718,699,0
2026-08-14T15:31:02.453828,678,836,737,718,698,0
2026-08-14T15:31:02.453828,679,837,736,718,699,0
2026-08-14T15:31:02.461417,678,837,737,717,698,0
2026-08-14T15:31:02.461417,678,838,736,719,698,0
2026-08-14T15:31:02.461417,677,838,737,719,698,0
2026-08-14T15:31:02.461417,678,837,737,718,698,0
2026-08-14T15:31:02.461417,676,838,737,717,698,0
2026-08-14T15:31:02.461417,678,836,737,717,699,0
2026-08-14T15:31:02.461417,676,836,737,718,698,0
2026-08-14T15:31:02.470017,678,837,736,718,699,0
2026-08-14T15:31:02.470528,678,836,737,719,698,0
2026-08-14T15:31:02.470528,677,836,737,718,698,0
2026-08-14T15:31:02.470528,678,836,736,718,698,0
2026-08-14T15:31:02.470528,678,836,737,718,698,0
2026-08-14T15:31:02.470528,677,837,737,717,698,0
2026-08-14T15:31:02.470528,679,837,736,718,698,0
2026-08-14T15:31:02.478151,678,836,737,718,699,0
2026-08-14T15:31:02.478151,677,837,738,718,698,0
2026-08-14T15:31:02.478151,678,837,737,718,697,0
2026-08-14T15:31:02.482373,677,837,738,718,697,0
2026-08-14T15:31:02.482373,677,836,737,718,698,0
2026-08-14T15:31:02.482373,678,836,737,718,699,0
2026-08-14T15:31:02.482373,678,836,736,719,699,0
2026-08-14T15:31:02.486146,678,838,737,718,699,0
2026-08-14T15:31:02.487289,679,837,736,717,698,0
2026-08-14T15:31:02.487940,678,836,736,718,698,0
2026-08-14T15:31:02.490565,679,836,736,718,699,0
2026-08-14T15:31:02.490565,678,837,737,718,698,0
2026-08-14T15:31:02.490565,678,839,737,718,698,0
2026-08-14T15:31:02.490565,679,837,737,717,699,0
2026-08-14T15:31:02.494344,678,837,738,719,699,0
2026-08-14T15:31:02.494344,677,837,738,718,698,0
2026-08-14T15:31:02.494344,678,838,737,718,698,0
2026-08-14T15:31:02.496384,678,837,737,718,699,0
2026-08-14T15:31:02.496384,678,836,737,717,699,0
2026-08-14T15:31:02.496384,678,836,737,718,699,0
2026-08-14T15:31:02.500500,678,837,737,717,698,0
2026-08-14T15:31:02.502942,679,837,737,718,698,0
2026-08-14T15:31:02.503786,678,837,736,718,699,0
2026-08-14T15:31:02.503786,678,837,738,718,698,0
2026-08-14T15:31:02.503786,679,837,737,718,698,0
2026-08-14T15:31:02.503786,679,837,737,717,698,0
2026-08-14T15:31:02.503786,679,837,737,718,698,0
2026-08-14T15:31:02.511226,676,836,738,719,699,0
2026-08-14T15:31:02.511226,677,837,737,719,698,0
2026-08-14T15:31:02.511226,677,838,737,719,698,0
2026-08-14T15:31:02.511226,678,837,737,718,698,0
2026-08-14T15:31:02.514432,677,836,737,718,699,0
2026-08-14T15:31:02.514432,678,837,736,719,698,0
2026-08-14T15:31:02.514432,679,837,737,717,698,0
2026-08-14T15:31:02.518343,679,838,737,718,698,0
2026-08-14T15:31:02.520616,678,838,736,719,698,0
2026-08-14T15:31:02.520616,678,837,738,718,698,0
2026-08-14T15:31:02.520616,678,838,737,718,698,0
2026-08-14T15:31:02.520616,678,838,738,719,698,0
2026-08-14T15:31:02.520616,679,837,737,718,699,0
2026-08-14T15:31:02.520616,677,837,737,719,699,0
2026-08-14T15:31:02.526832,677,837,737,719,699,0
2026-08-14T15:31:02.526832,678,836,737,718,698,0
2026-08-14T15:31:02.526832,678,838,738,718,699,0
2026-08-14T15:31:02.526832,678,837,736,718,699,0
2026-08-14T15:31:02.526832,679,836,738,719,699,0
2026-08-14T15:31:02.526832,679,837,738,718,698,0
2026-08-14T15:31:02.526832,679,837,736,717,698,0
2026-08-14T15:31:02.535211,678,838,737,718,698,0
2026-08-14T15:31:02.536703,677,838,737,718,699,0
2026-08-14T15:31:02.536703,678,836,737,719,698,0
2026-08-14T15:31:02.539720,678,838,737,719,698,0
2026-08-14T15:31:02.539720,679,837,738,719,699,0
2026-08-14T15:31:02.539720,677,836,738,718,699,0
2026-08-14T15:31:02.541482,678,837,737,718,699,0
2026-08-14T15:31:02.543792,678,838,738,718,698,0
2026-08-14T15:31:02.543792,679,837,736,717,699,0
2026-08-14T15:31:02.543792,678,838,738,718,698,0
2026-08-14T15:31:02.547037,678,837,737,718,698,0
2026-08-14T15:31:02.547037,678,837,737,717,699,0
2026-08-14T15:31:02.549048,678,838,737,717,698,0
2026-08-14T15:31:02.549048,678,837,738,718,698,0
2026-08-14T15:31:02.552068,677,836,738,719,699,0
2026-08-14T15:31:02.552721,677,838,738,719,699,0
2026-08-14T15:31:02.554260,677,838,738,719,699,0
2026-08-14T15:31:02.554260,679,837,737,718,699,0
2026-08-14T15:31:02.554260,679,837,737,718,699,0
2026-08-14T15:31:02.554260,678,837,737,719,699,0
2026-08-14T15:31:02.554260,679,838,737,718,698,0
2026-08-14T15:31:02.560278,679,837,737,718,699,0
2026-08-14T15:31:02.560278,679,838,737,719,698,0
2026-08-14T15:31:02.560278,678,838,737,718,698,0
2026-08-14T15:31:02.560278,678,838,738,719,698,0
2026-08-14T15:31:02.560278,678,837,738,719,698,0
2026-08-14T15:31:02.560278,678,837,738,718,699,0
2026-08-14T15:31:02.560278,678,837,737,719,699,0
2026-08-14T15:31:02.568526,677,838,737,719,699,0
2026-08-14T15:31:02.569416,678,837,738,718,698,0
2026-08-14T15:31:02.570328,679,837,737,718,699,0
2026-08-14T15:31:02.571138,678,837,737,718,699,0
2026-08-14T15:31:02.571138,678,838,738,718,698,0
2026-08-14T15:31:02.571138,679,838,738,718,699,0
2026-08-14T15:31:02.576567,679,838,738,718,698,0
2026-08-14T15:31:02.576567,678,838,738,718,699,0
2026-08-14T15:31:02.576567,677,838,738,719,698,0
2026-08-14T15:31:02.578327,678,838,738,719,699,0
2026-08-14T15:31:02.580872,677,838,738,718,700,0
2026-08-14T15:31:02.580872,679,837,737,718,699,0
2026-08-14T15:31:02.580872,676,838,737,718,699,0
2026-08-14T15:31:02.584765,679,836,738,718,698,0
2026-08-14T15:31:02.584765,679,837,738,718,698,0
2026-08-14T15:31:02.587065,678,837,738,719,699,0
2026-08-14T15:31:02.587065,679,837,737,719,699,0
2026-08-14T15:31:02.587065,679,837,738,719,698,0
2026-08-14T15:31:02.587065,679,838,738,718,698,0
2026-08-14T15:31:02.587065,679,837,737,718,699,0
2026-08-14T15:31:02.593153,678,838,738,719,699,0
2026-08-14T15:31:02.593153,678,837,737,719,699,0
2026-08-14T15:31:02.593153,678,838,738,719,699,0
2026-08-14T15:31:02.593153,679,837,737,719,699,0
2026-08-14T15:31:02.593153,679,837,738,719,699,0
2026-08-14T15:31:02.593153,678,837,738,718,699,0
2026-08-14T15:31:02.593153,678,837,738,718,698,0
2026-08-14T15:31:02.593153,678,837,738,719,698,0
2026-08-14T15:31:02.601541,679,837,737,718,699,0
2026-08-14T15:31:02.604125,681,838,738,718,698,0
2026-08-14T15:31:02.604125,678,837,739,719,699,0
2026-08-14T15:31:02.604125,678,839,738,718,698,0
2026-08-14T15:31:02.606307,678,837,737,719,698,0
2026-08-14T15:31:02.606307,678,837,738,719,699,0
2026-08-14T15:31:02.609513,678,837,738,720,700,0
2026-08-14T15:31:02.609513,677,839,738,719,699,0
2026-08-14T15:31:02.609513,677,837,737,719,699,0
2026-08-14T15:31:02.611265,679,838,737,719,699,0
2026-08-14T15:31:02.611265,679,837,737,719,699,0
2026-08-14T15:31:02.611265,678,838,738,718,699,0
2026-08-14T15:31:02.611265,679,839,738,718,698,0
2026-08-14T15:31:02.617521,680,838,738,718,698,0
2026-08-14T15:31:02.617521,678,838,738,719,700,0
2026-08-14T15:31:02.617521,679,839,738,719,698,0
2026-08-14T15:31:02.621618,678,839,738,719,698,0
2026-08-14T15:31:02.621618,678,838,738,719,699,0
2026-08-14T15:31:02.621618,679,838,737,719,700,0
2026-08-14T15:31:02.621618,679,837,738,719,699,0
2026-08-14T15:31:02.625719,678,838,738,718,699,0
2026-08-14T15:31:02.625719,679,838,737,718,699,0
2026-08-14T15:31:02.625719,680,837,738,718,699,0
2026-08-14T15:31:02.625719,679,837,737,720,699,0
2026-08-14T15:31:02.625719,678,838,739,719,699,0
2026-08-14T15:31:02.625719,679,838,739,719,699,0
2026-08-14T15:31:02.625719,678,838,738,718,698,0
2026-08-14T15:31:02.634210,678,839,739,719,699,0
2026-08-14T15:31:02.634210,678,838,739,720,699,0
2026-08-14T15:31:02.634210,679,838,739,720,699,0
2026-08-14T15:31:02.636795,679,837,738,719,700,0
2026-08-14T15:31:02.636795,679,839,737,720,699,0
2026-08-14T15:31:02.636795,678,837,739,719,699,0
2026-08-14T15:31:02.642319,679,837,739,719,699,0
2026-08-14T15:31:02.642319,680,839,739,719,698,0
2026-08-14T15:31:02.642319,680,837,738,718,699,0
2026-08-14T15:31:02.642319,679,839,738,719,699,0
2026-08-14T15:31:02.646190,678,839,738,720,698,0
2026-08-14T15:31:02.646190,678,839,739,719,699,0
2026-08-14T15:31:02.647953,679,838,738,719,699,0
2026-08-14T15:31:02.650292,678,838,738,719,699,0
2026-08-14T15:31:02.650292,677,838,738,719,699,0
2026-08-14T15:31:02.650292,679,838,739,720,699,0
2026-08-14T15:31:02.652914,679,837,738,719,699,0
2026-08-14T15:31:02.654472,678,837,738,719,699,0
2026-08-14T15:31:02.654472,678,837,739,719,698,0
2026-08-14T15:31:02.654472,679,838,738,720,699,0
2026-08-14T15:31:02.658660,680,838,738,719,699,0
2026-08-14T15:31:02.658660,679,838,738,718,699,0
2026-08-14T15:31:02.658660,680,837,739,718,699,0
2026-08-14T15:31:02.658660,679,837,739,719,698,0
2026-08-14T15:31:02.658660,679,840,739,719,698,0
2026-08-14T15:31:02.658660,680,838,738,720,699,0
2026-08-14T15:31:02.658660,678,837,738,719,700,0
2026-08-14T15:31:02.666861,678,838,738,719,699,0
2026-08-14T15:31:02.666861,679,839,738,719,699,0
2026-08-14T15:31:02.666861,680,838,738,719,699,0
2026-08-14T15:31:02.670115,679,837,739,720,699,0
2026-08-14T15:31:02.670115,678,837,738,719,699,0
2026-08-14T15:31:02.670115,679,837,739,718,698,0
2026-08-14T15:31:02.670115,679,838,739,719,700,0
2026-08-14T15:31:02.670115,680,839,739,718,699,0
2026-08-14T15:31:02.675074,678,837,739,719,699,0
2026-08-14T15:31:02.675074,679,839,739,719,699,0
2026-08-14T15:31:02.678971,678,838,739,720,699,0
2026-08-14T15:31:02.678971,679,838,738,720,699,0
2026-08-14T15:31:02.678971,679,837,738,719,699,0
2026-08-14T15:31:02.682050,678,839,738,719,700,0
2026-08-14T15:31:02.683542,678,839,739,720,699,0
2026-08-14T15:31:02.683542,679,837,738,719,699,0
2026-08-14T15:31:02.685512,680,837,737,718,699,0
2026-08-14T15:31:02.687313,679,838,738,719,699,0
2026-08-14T15:31:02.687922,679,839,739,719,698,0
2026-08-14T15:31:02.689009,678,838,739,719,699,0
2026-08-14T15:31:02.689933,679,838,739,719,699,0
2026-08-14T15:31:02.690542,678,838,739,720,699,0
2026-08-14T15:31:02.691554,679,838,739,719,699,0
2026-08-14T15:31:02.691554,679,838,738,719,699,0
2026-08-14T15:31:02.695368,679,838,738,720,699,0
2026-08-14T15:31:02.695368,679,838,739,719,700,0
2026-08-14T15:31:02.695368,679,837,739,719,699,0
2026-08-14T15:31:02.695368,679,837,739,720,699,0
2026-08-14T15:31:02.699742,678,838,739,720,698,0
2026-08-14T15:31:02.699742,680,838,738,720,699,0
2026-08-14T15:31:02.699742,679,839,738,719,700,0
2026-08-14T15:31:02.702876,679,838,739,719,698,0
2026-08-14T15:31:02.703834,678,838,740,720,698,0
2026-08-14T15:31:02.703834,680,839,738,720,698,0
2026-08-14T15:31:02.706447,678,838,739,719,699,0
2026-08-14T15:31:02.708235,678,838,740,719,699,0
2026-08-14T15:31:02.708235,679,838,739,719,699,0
2026-08-14T15:31:02.708235,679,839,738,719,700,0
2026-08-14T15:31:02.708235,679,838,737,719,700,0
2026-08-14T15:31:02.708235,679,837,738,719,700,0
2026-08-14T15:31:02.708235,679,837,738,720,699,0
2026-08-14T15:31:02.708235,680,838,738,718,699,0
2026-08-14T15:31:02.716327,679,839,738,719,699,0
2026-08-14T15:31:02.716327,679,837,739,718,699,0
2026-08-14T15:31:02.716327,678,838,739,719,699,0
2026-08-14T15:31:02.719508,679,840,739,719,699,0
2026-08-14T15:31:02.720213,679,837,739,720,699,0
2026-08-14T15:31:02.720213,679,837,739,719,699,0
2026-08-14T15:31:02.720213,678,837,740,720,699,0
2026-08-14T15:31:02.724394,679,837,738,720,699,0
2026-08-14T15:31:02.724394,679,838,738,719,699,0
2026-08-14T15:31:02.724394,680,837,739,719,699,0
2026-08-14T15:31:02.726405,680,838,738,719,700,0
2026-08-14T15:31:02.726405,679,838,738,720,698,0
2026-08-14T15:31:02.726405,679,839,738,718,698,0
2026-08-14T15:31:02.726405,679,839,739,719,699,0
2026-08-14T15:31:02.732727,678,838,738,719,698,0
2026-08-14T15:31:02.732727,679,838,739,719,699,0
2026-08-14T15:31:02.732727,679,839,739,720,699,0
2026-08-14T15:31:02.732727,680,838,739,719,699,0
2026-08-14T15:31:02.736845,679,837,739,719,700,0
2026-08-14T15:31:02.736845,678,839,739,719,699,0
2026-08-14T15:31:02.740405,679,837,738,719,699,0
2026-08-14T15:31:02.741230,679,837,739,719,699,0
2026-08-14T15:31:02.741230,680,838,738,718,699,0
2026-08-14T15:31:02.743770,680,839,738,719,700,0
2026-08-14T15:31:02.743770,678,839,740,720,698,0
2026-08-14T15:31:02.745780,678,838,740,720,698,0
2026-08-14T15:31:02.745780,678,838,739,719,699,0
2026-08-14T15:31:02.747946,678,838,740,720,699,0
2026-08-14T15:31:02.749364,678,837,738,720,699,0
2026-08-14T15:31:02.749913,679,838,739,720,700,0
2026-08-14T15:31:02.751684,678,838,740,719,699,0
2026-08-14T15:31:02.751684,678,837,739,719,699,0
2026-08-14T15:31:02.751684,679,837,738,719,699,0
2026-08-14T15:31:02.751684,679,837,739,719,699,0
2026-08-14T15:31:02.756640,679,838,739,720,698,0
2026-08-14T15:31:02.756640,680,838,738,719,700,0
2026-08-14T15:31:02.756640,678,838,738,720,700,0
2026-08-14T15:31:02.760891,677,839,739,720,699,0
2026-08-14T15:31:02.760891,678,839,739,720,699,0
2026-08-14T15:31:02.760891,679,840,740,720,699,0
2026-08-14T15:31:02.760891,679,838,738,720,700,0
2026-08-14T15:31:02.764159,678,838,739,719,699,0
2026-08-14T15:31:02.764159,678,838,740,719,699,0
2026-08-14T15:31:02.764159,679,839,738,719,699,0
2026-08-14T15:31:02.769093,679,838,738,719,699,0
2026-08-14T15:31:02.770146,679,837,738,719,699,0
2026-08-14T15:31:02.770146,679,839,739,719,698,0
2026-08-14T15:31:02.773192,679,839,738,720,700,0
2026-08-14T15:31:02.773192,680,838,738,719,700,0
2026-08-14T15:31:02.773192,678,837,739,720,699,0
2026-08-14T15:31:02.773192,678,837,740,720,699,0
2026-08-14T15:31:02.777268,679,840,740,720,699,0
2026-08-14T15:31:02.777268,678,839,738,719,700,0
2026-08-14T15:31:02.777268,678,837,738,720,699,0
2026-08-14T15:31:02.781447,678,837,740,719,700,0
2026-08-14T15:31:02.781447,679,838,739,720,699,0
2026-08-14T15:31:02.781447,680,838,738,719,700,0
2026-08-14T15:31:02.781447,679,838,738,719,699,0
2026-08-14T15:31:02.781447,679,838,739,719,699,0
2026-08-14T15:31:02.786231,680,839,739,720,698,0
2026-08-14T15:31:02.787517,679,839,738,719,700,0
2026-08-14T15:31:02.789582,680,838,739,720,699,0
2026-08-14T15:31:02.789582,679,837,738,720,699,0
2026-08-14T15:31:02.789582,679,839,739,720,699,0
2026-08-14T15:31:02.789582,679,839,739,720,699,0
2026-08-14T15:31:02.789582,679,838,739,720,699,0
2026-08-14T15:31:02.789582,680,837,739,719,699,0
2026-08-14T15:31:02.789582,679,838,738,720,700,0
2026-08-14T15:31:02.789582,679,838,738,719,699,0
2026-08-14T15:31:02.808700,678,838,738,719,699,0
2026-08-14T15:31:02.808700,680,839,739,719,699,0
2026-08-14T15:31:02.808700,679,839,739,720,700,0
2026-08-14T15:31:02.814554,678,838,739,719,700,0
2026-08-14T15:31:02.814554,678,839,739,719,698,0
2026-08-14T15:31:02.816565,679,839,739,719,699,0
2026-08-14T15:31:02.816565,679,838,738,720,700,0
2026-08-14T15:31:02.816565,679,837,739,719,700,0
2026-08-14T15:31:02.816565,679,838,739,719,700,0
2026-08-14T15:31:02.820023,680,838,738,719,699,0
2026-08-14T15:31:02.820680,679,838,738,719,699,0
2026-08-14T15:31:02.820680,679,837,738,720,700,0
2026-08-14T15:31:02.820680,678,839,738,719,699,0
2026-08-14T15:31:02.822838,678,838,739,719,699,0
2026-08-14T15:31:02.822838,679,838,739,719,699,0
2026-08-14T15:31:02.822838,678,839,739,720,699,0
2026-08-14T15:31:02.822838,680,838,739,721,699,0
2026-08-14T15:31:02.822838,679,839,739,720,699,0
2026-08-14T15:31:02.822838,679,837,739,720,700,0
2026-08-14T15:31:02.822838,679,837,740,719,699,0
2026-08-14T15:31:02.822838,678,837,740,719,699,0
2026-08-14T15:31:02.822838,679,837,740,719,700,0
2026-08-14T15:31:02.822838,680,838,739,719,700,0
2026-08-14T15:31:02.822838,679,837,738,720,699,0
2026-08-14T15:31:02.822838,680,839,739,719,700,0
2026-08-14T15:31:02.822838,678,838,740,720,698,0
2026-08-14T15:31:02.822838,680,839,738,720,698,0
2026-08-14T15:31:02.831271,680,838,738,720,699,0
2026-08-14T15:31:02.831271,678,838,738,720,700,0
2026-08-14T15:31:02.831271,678,838,738,720,700,0
2026-08-14T15:31:02.834892,678,838,739,719,699,0
2026-08-14T15:31:02.834892,678,838,739,719,699,0
2026-08-14T15:31:02.836096,682,838,738,720,699,0
2026-08-14T15:31:02.838852,680,838,738,720,699,0
2026-08-14T15:31:02.838852,679,838,739,719,699,0
2026-08-14T15:31:02.838852,680,839,738,718,700,0
2026-08-14T15:31:02.840605,679,838,739,719,699,0
2026-08-14T15:31:02.843057,679,837,739,720,699,0
2026-08-14T15:31:02.843057,678,839,739,719,699,0
2026-08-14T15:31:02.843057,680,839,739,719,699,0
2026-08-14T15:31:02.847170,680,837,739,719,700,0
2026-08-14T15:31:02.847170,679,836,738,720,700,0
2026-08-14T15:31:02.847170,678,839,738,721,699,0
2026-08-14T15:31:02.847170,679,838,739,720,699,0
2026-08-14T15:31:02.847170,680,838,739,720,699,0
2026-08-14T15:31:02.847170,680,837,740,719,700,0
2026-08-14T15:31:02.852789,679,839,739,720,700,0
2026-08-14T15:31:02.854956,678,839,739,720,699,0
2026-08-14T15:31:02.854956,679,839,739,719,699,0
2026-08-14T15:31:02.854956,680,837,738,720,699,0
2026-08-14T15:31:02.856970,678,839,739,720,699,0
2026-08-14T15:31:02.858980,678,839,738,720,699,0
2026-08-14T15:31:02.858980,679,838,740,720,700,0
2026-08-14T15:31:02.858980,679,837,738,719,699,0
2026-08-14T15:31:02.863183,677,839,738,719,700,0
2026-08-14T15:31:02.863183,679,837,739,720,699,0
2026-08-14T15:31:02.863183,680,838,739,719,698,0
2026-08-14T15:31:02.863183,680,839,739,719,700,0
2026-08-14T15:31:02.863183,678,839,738,719,700,0
2026-08-14T15:31:02.863183,679,838,739,720,698,0
2026-08-14T15:31:02.863183,679,838,739,719,699,0
2026-08-14T15:31:02.871466,678,838,739,720,700,0
2026-08-14T15:31:02.871466,678,839,738,720,699,0
2026-08-14T15:31:02.871466,678,837,738,720,700,0
2026-08-14T15:31:02.875750,678,838,739,720,700,0
2026-08-14T15:31:02.875750,678,838,738,719,699,0
2026-08-14T15:31:02.877509,679,838,738,719,698,0
2026-08-14T15:31:02.877509,679,838,738,719,700,0
2026-08-14T15:31:02.879221,679,839,738,720,699,0
2026-08-14T15:31:02.879221,678,839,739,719,699,0
2026-08-14T15:31:02.879221,680,838,738,719,699,0
2026-08-14T15:31:02.879221,679,839,738,720,699,0
2026-08-14T15:31:02.879221,678,837,739,720,699,0
2026-08-14T15:31:02.879221,678,838,740,720,700,0
2026-08-14T15:31:02.886127,680,839,740,720,699,0
2026-08-14T15:31:02.887708,679,837,738,720,699,0
2026-08-14T15:31:02.887708,678,837,738,720,700,0
2026-08-14T15:31:02.887708,679,837,738,719,700,0
2026-08-14T15:31:02.887708,678,838,739,719,700,0
2026-08-14T15:31:02.887708,680,837,738,720,699,0
2026-08-14T15:31:02.887708,679,838,739,719,700,0
2026-08-14T15:31:02.887708,679,838,739,719,699,0
2026-08-14T15:31:02.896035,680,839,739,718,700,0
2026-08-14T15:31:02.896035,679,838,738,719,699,0
2026-08-14T15:31:02.896035,680,838,738,720,699,0
2026-08-14T15:31:02.898751,679,838,738,720,700,0
2026-08-14T15:31:02.898751,678,838,740,719,700,0
2026-08-14T15:31:02.898751,678,838,738,719,699,0
2026-08-14T15:31:02.904096,680,838,738,719,699,0
2026-08-14T15:31:02.904096,679,837,739,719,699,0
2026-08-14T15:31:02.904096,679,838,740,720,699,0
2026-08-14T15:31:02.904096,680,838,739,720,699,0
2026-08-14T15:31:02.904096,680,837,739,720,699,0
2026-08-14T15:31:02.904096,680,837,739,719,700,0
2026-08-14T15:31:02.904096,679,837,739,719,698,0
2026-08-14T15:31:02.911583,678,839,740,720,699,0
2026-08-14T15:31:02.911583,678,839,740,719,699,0
2026-08-14T15:31:02.911583,678,838,740,720,699,0
2026-08-14T15:31:02.911583,679,838,740,720,699,0
2026-08-14T15:31:02.911583,678,839,738,720,699,0
2026-08-14T15:31:02.911583,678,838,738,719,699,0
2026-08-14T15:31:02.911583,679,838,738,719,699,0
2026-08-14T15:31:02.920906,678,838,738,719,700,0
2026-08-14T15:31:02.920906,679,838,738,719,699,0
2026-08-14T15:31:02.920906,679,838,738,719,699,0
2026-08-14T15:31:02.920906,679,839,737,718,700,0
2026-08-14T15:31:02.924956,680,838,739,718,700,0
2026-08-14T15:31:02.924956,678,839,738,720,699,0
2026-08-14T15:31:02.924956,679,838,739,720,699,0
2026-08-14T15:31:02.928096,679,838,739,720,699,0
2026-08-14T15:31:02.928096,679,838,739,719,699,0
2026-08-14T15:31:02.928096,678,839,738,720,700,0
2026-08-14T15:31:02.930680,679,838,739,720,700,0
2026-08-14T15:31:02.930680,679,838,739,719,699,0
2026-08-14T15:31:02.930680,679,837,738,719,699,0
2026-08-14T15:31:02.930680,679,838,739,720,700,0
2026-08-14T15:31:02.936746,680,837,739,719,699,0
2026-08-14T15:31:02.936746,678,838,739,720,700,0
2026-08-14T15:31:02.936746,679,839,739,720,699,0
2026-08-14T15:31:02.936746,680,839,739,720,699,0
2026-08-14T15:31:02.936746,678,838,739,720,699,0
2026-08-14T15:31:02.936746,679,838,739,720,699,0
2026-08-14T15:31:02.936746,678,840,739,720,699,0
2026-08-14T15:31:02.944433,680,838,738,719,699,0
2026-08-14T15:31:02.944433,678,838,738,720,699,0
2026-08-14T15:31:02.944433,679,837,739,719,700,0
2026-08-14T15:31:02.947044,678,838,738,719,699,0
2026-08-14T15:31:02.947044,679,839,737,718,700,0
2026-08-14T15:31:02.947044,679,839,738,719,700,0
2026-08-14T15:31:02.947044,680,838,739,719,700,0
2026-08-14T15:31:02.953489,679,839,739,720,699,0
2026-08-14T15:31:02.953489,679,840,739,718,700,0
2026-08-14T15:31:02.953489,679,838,738,719,700,0
2026-08-14T15:31:02.957614,679,839,738,719,700,0
2026-08-14T15:31:02.957614,679,839,738,719,699,0
2026-08-14T15:31:02.957614,678,838,738,718,700,0
2026-08-14T15:31:02.957614,679,838,739,719,699,0
2026-08-14T15:31:02.961726,680,837,739,719,700,0
2026-08-14T15:31:02.961726,678,838,739,719,699,0
2026-08-14T15:31:02.961726,680,839,738,720,699,0
2026-08-14T15:31:02.965824,680,839,739,719,699,0
2026-08-14T15:31:02.965824,679,839,738,719,699,0
2026-08-14T15:31:02.965824,678,839,738,719,699,0
2026-08-14T15:31:02.967599,678,839,739,719,699,0
2026-08-14T15:31:02.969924,679,838,740,720,699,0
2026-08-14T15:31:02.970434,680,838,738,720,699,0
2026-08-14T15:31:02.970840,678,838,738,721,700,0
2026-08-14T15:31:02.973991,679,839,738,719,699,0
2026-08-14T15:31:02.973991,678,838,739,719,699,0
2026-08-14T15:31:02.973991,680,839,739,719,700,0
2026-08-14T15:31:02.978087,679,839,738,720,700,0
2026-08-14T15:31:02.978087,680,838,737,720,699,0
2026-08-14T15:31:02.978087,680,839,738,719,700,0
2026-08-14T15:31:02.979851,678,838,739,719,699,0
2026-08-14T15:31:02.982191,679,838,738,719,699,0
2026-08-14T15:31:02.982191,679,838,739,719,700,0
2026-08-14T15:31:02.982191,679,838,739,720,699,0
2026-08-14T15:31:02.986344,679,837,739,720,699,0
2026-08-14T15:31:02.987668,680,839,738,719,699,0
2026-08-14T15:31:02.987668,679,837,738,720,700,0
2026-08-14T15:31:02.987668,679,837,739,719,699,0
2026-08-14T15:31:02.987668,679,837,739,719,699,0
2026-08-14T15:31:02.987668,679,838,738,719,700,0
2026-08-14T15:31:02.987668,679,838,738,719,699,0
2026-08-14T15:31:02.994499,679,838,739,719,700,0
2026-08-14T15:31:02.994499,678,839,738,720,699,0
2026-08-14T15:31:02.994499,678,840,739,719,699,0
2026-08-14T15:31:02.994499,678,839,739,720,699,0
2026-08-14T15:31:02.994499,680,838,739,719,699,0
2026-08-14T15:31:02.994499,678,838,738,720,700,0
2026-08-14T15:31:02.994499,678,839,739,720,699,0
2026-08-14T15:31:03.002850,679,838,739,719,700,0
2026-08-14T15:31:03.004022,679,837,738,720,699,0
2026-08-14T15:31:03.004965,680,837,739,720,699,0
2026-08-14T15:31:03.004965,679,838,739,719,699,0
2026-08-14T15:31:03.004965,680,839,739,719,699,0
2026-08-14T15:31:03.004965,679,839,739,719,700,0
2026-08-14T15:31:03.004965,679,837,738,719,699,0
2026-08-14T15:31:03.010870,679,839,739,720,699,0
2026-08-14T15:31:03.010870,679,838,739,719,699,0
2026-08-14T15:31:03.010870,679,838,739,719,699,0
2026-08-14T15:31:03.014971,679,837,739,719,700,0
2026-08-14T15:31:03.014971,680,838,738,719,699,0
2026-08-14T15:31:03.014971,678,839,738,720,700,0
2026-08-14T15:31:03.014971,679,839,738,720,699,0
2026-08-14T15:31:03.019451,680,837,738,718,700,0
2026-08-14T15:31:03.020572,679,838,737,720,699,0
2026-08-14T15:31:03.020572,679,838,738,719,699,0
2026-08-14T15:31:03.023178,679,839,740,719,700,0
2026-08-14T15:31:03.023178,678,839,739,719,699,0
2026-08-14T15:31:03.023178,678,839,739,719,700,0
2026-08-14T15:31:03.023178,679,838,739,719,699,0
2026-08-14T15:31:03.027280,679,838,739,719,699,0
2026-08-14T15:31:03.027280,679,838,739,719,699,0
2026-08-14T15:31:03.027280,679,837,738,719,701,0
2026-08-14T15:31:03.027280,678,839,738,720,700,0
2026-08-14T15:31:03.027280,679,838,739,719,699,0
2026-08-14T15:31:03.027280,679,839,739,719,698,0
2026-08-14T15:31:03.027280,680,839,738,719,699,0
2026-08-14T15:31:03.035460,678,838,738,720,699,0
2026-08-14T15:31:03.036615,679,839,739,719,700,0
2026-08-14T15:31:03.037004,678,838,739,719,698,0
2026-08-14T15:31:03.038822,679,838,739,720,699,0
2026-08-14T15:31:03.038822,678,839,738,720,700,0
2026-08-14T15:31:03.038822,678,837,740,720,699,0
2026-08-14T15:31:03.043709,679,837,740,719,699,0
2026-08-14T15:31:03.043709,679,838,738,719,700,0
2026-08-14T15:31:03.043709,679,837,738,719,699,0
2026-08-14T15:31:03.043709,679,837,739,719,699,0
2026-08-14T15:31:03.047851,680,838,738,719,700,0
2026-08-14T15:31:03.047851,679,839,738,718,698,0
2026-08-14T15:31:03.047851,680,839,738,720,699,0
2026-08-14T15:31:03.051768,678,838,739,719,700,0
2026-08-14T15:31:03.052878,677,838,739,720,699,0
2026-08-14T15:31:03.053584,679,839,739,719,698,0
2026-08-14T15:31:03.053584,679,840,736,718,701,0
2026-08-14T15:31:03.053584,679,841,732,713,704,0
2026-08-14T15:31:03.053584,675,845,729,709,703,0
2026-08-14T15:31:03.053584,673,846,728,707,703,0
2026-08-14T15:31:03.057508,671,848,727,705,701,0
2026-08-14T15:31:03.060274,669,846,725,702,699,0
2026-08-14T15:31:03.060274,665,843,723,700,697,0
2026-08-14T15:31:03.060274,660,843,721,696,696,0
2026-08-14T15:31:03.060274,656,841,719,693,693,0
2026-08-14T15:31:03.060274,652,835,720,694,690,0
2026-08-14T15:31:03.060274,649,830,717,691,686,0
2026-08-14T15:31:03.066539,644,823,714,687,683,0
2026-08-14T15:31:03.068293,640,816,705,684,681,0
2026-08-14T15:31:03.070175,638,807,699,678,677,0
2026-08-14T15:31:03.071823,636,794,689,675,673,0
2026-08-14T15:31:03.071823,630,783,686,671,667,0
2026-08-14T15:31:03.071823,623,784,680,665,662,0
2026-08-14T15:31:03.071823,619,779,678,660,659,0
2026-08-14T15:31:03.076417,614,779,677,655,657,0
2026-08-14T15:31:03.076417,610,779,677,652,654,0
2026-08-14T15:31:03.076417,604,780,676,648,652,0
2026-08-14T15:31:03.078714,601,779,675,644,651,0
2026-08-14T15:31:03.078714,596,774,673,641,647,0
2026-08-14T15:31:03.078714,596,765,670,641,644,0
2026-08-14T15:31:03.078714,592,755,664,639,640,0
2026-08-14T15:31:03.084537,585,753,661,633,636,0
2026-08-14T15:31:03.084537,580,749,658,628,633,0
2026-08-14T15:31:03.086050,575,749,656,623,629,0
2026-08-14T15:31:03.088692,570,744,654,618,626,0
2026-08-14T15:31:03.088692,566,743,651,613,622,0
2026-08-14T15:31:03.088692,560,739,649,606,619,0
2026-08-14T15:31:03.088692,555,737,642,599,616,0
2026-08-14T15:31:03.092799,551,733,637,594,615,0
2026-08-14T15:31:03.092799,545,726,631,593,609,0
2026-08-14T15:31:03.092799,543,714,623,592,604,0
2026-08-14T15:31:03.096890,536,711,620,584,600,0
2026-08-14T15:31:03.096890,534,709,618,579,598,0
2026-08-14T15:31:03.096890,527,708,614,574,597,0
2026-08-14T15:31:03.096890,524,704,611,569,592,0
2026-08-14T15:31:03.101048,519,701,606,567,588,0
2026-08-14T15:31:03.101048,515,693,599,562,582,0
2026-08-14T15:31:03.102782,514,678,589,562,577,0
2026-08-14T15:31:03.103522,511,663,582,562,569,0
2026-08-14T15:31:03.103522,504,656,580,554,562,0
2026-08-14T15:31:03.103522,496,653,571,545,558,0
2026-08-14T15:31:03.109188,490,647,568,538,552,0
2026-08-14T15:31:03.109188,483,641,563,532,546,0
2026-08-14T15:31:03.109188,477,635,558,525,542,0
2026-08-14T15:31:03.109188,470,629,552,520,534,0
2026-08-14T15:31:03.109188,467,620,545,517,529,0
2026-08-14T15:31:03.109188,464,607,538,512,521,0
2026-08-14T15:31:03.109188,454,595,529,502,511,0
2026-08-14T15:31:03.117512,449,592,522,494,506,0
2026-08-14T15:31:03.117512,442,587,516,487,500,0
2026-08-14T15:31:03.117512,438,578,508,481,494,0
2026-08-14T15:31:03.119591,432,567,500,474,487,0
2026-08-14T15:31:03.120522,426,561,494,466,482,0
2026-08-14T15:31:03.120522,421,554,488,460,475,0
2026-08-14T15:31:03.120522,417,550,483,454,472,0
2026-08-14T15:31:03.125545,411,545,478,447,467,0
2026-08-14T15:31:03.125545,407,543,472,442,464,0
2026-08-14T15:31:03.125545,404,538,471,440,462,0
2026-08-14T15:31:03.125545,403,533,468,437,457,0
2026-08-14T15:31:03.129641,400,529,462,433,454,0
2026-08-14T15:31:03.129641,399,520,455,431,449,0
2026-08-14T15:31:03.129641,397,506,448,430,444,0
2026-08-14T15:31:03.133868,393,498,443,426,437,0
2026-08-14T15:31:03.133868,388,493,436,416,435,0
2026-08-14T15:31:03.133868,384,492,432,411,430,0
2026-08-14T15:31:03.137589,377,489,430,407,425,0
2026-08-14T15:31:03.137589,373,488,426,401,422,0
2026-08-14T15:31:03.137589,369,486,425,397,419,0
2026-08-14T15:31:03.137589,364,482,423,392,416,0
2026-08-14T15:31:03.141958,361,478,419,388,413,0
2026-08-14T15:31:03.141958,358,469,411,386,407,0
2026-08-14T15:31:03.141958,356,458,408,385,401,0
2026-08-14T15:31:03.143971,352,456,403,378,399,0
2026-08-14T15:31:03.143971,348,455,399,373,396,0
2026-08-14T15:31:03.143971,346,454,398,369,394,0
2026-08-14T15:31:03.143971,345,454,396,368,393,0
2026-08-14T15:31:03.150203,341,451,395,364,391,0
2026-08-14T15:31:03.150203,338,447,392,360,387,0
2026-08-14T15:31:03.150203,333,443,388,356,381,0
2026-08-14T15:31:03.153261,327,433,380,350,374,0
2026-08-14T15:31:03.153261,322,419,371,345,366,0
2026-08-14T15:31:03.153261,316,407,364,339,358,0
2026-08-14T15:31:03.153261,309,399,358,330,350,0
2026-08-14T15:31:03.158320,303,396,352,325,347,0
2026-08-14T15:31:03.158320,301,394,348,322,345,0
2026-08-14T15:31:03.158320,300,391,347,319,344,0
2026-08-14T15:31:03.162087,298,387,341,316,340,0
2026-08-14T15:31:03.162087,292,383,338,309,334,0
2026-08-14T15:31:03.162087,288,377,332,305,329,0
2026-08-14T15:31:03.164101,284,367,328,303,324,0
2026-08-14T15:31:03.166110,281,356,320,301,317,0
2026-08-14T15:31:03.166110,275,351,317,295,311,0
2026-08-14T15:31:03.166110,271,348,313,291,308,0
2026-08-14T15:31:03.170442,270,347,311,287,307,0
2026-08-14T15:31:03.170442,266,345,310,285,305,0
2026-08-14T15:31:03.170442,263,344,309,281,302,0
2026-08-14T15:31:03.173802,260,340,306,280,298,0
2026-08-14T15:31:03.173802,260,330,302,278,293,0
2026-08-14T15:31:03.175808,255,323,298,275,286,0
2026-08-14T15:31:03.175808,250,316,292,270,280,0
2026-08-14T15:31:03.178669,246,310,286,263,278,0
2026-08-14T15:31:03.179352,240,308,282,259,271,0
2026-08-14T15:31:03.179352,236,303,277,254,268,0
2026-08-14T15:31:03.182940,232,300,274,250,265,0
2026-08-14T15:31:03.182940,228,297,271,247,261,0
2026-08-14T15:31:03.182940,225,293,269,244,258,0
2026-08-14T15:31:03.182940,221,291,266,240,257,0
2026-08-14T15:31:03.186549,217,289,263,237,253,0
2026-08-14T15:31:03.187226,214,286,259,233,249,0
2026-08-14T15:31:03.187226,210,280,256,228,244,0
2026-08-14T15:31:03.189421,205,273,250,224,237,0
2026-08-14T15:31:03.189421,201,264,243,219,232,0
2026-08-14T15:31:03.189421,195,256,236,215,224,0
2026-08-14T15:31:03.189421,193,245,229,210,217,0
2026-08-14T15:31:03.189421,186,235,222,204,210,0
2026-08-14T15:31:03.189421,182,229,214,197,205,0
2026-08-14T15:31:03.189421,178,225,210,192,202,0
2026-08-14T15:31:03.197648,174,223,209,190,200,0
2026-08-14T15:31:03.197648,174,224,209,188,199,0
2026-08-14T15:31:03.197648,172,224,207,187,198,0
2026-08-14T15:31:03.203145,170,223,207,185,197,0
2026-08-14T15:31:03.203803,170,222,207,185,195,0
2026-08-14T15:31:03.203803,169,217,204,184,192,0
2026-08-14T15:31:03.203803,168,208,199,182,186,0
2026-08-14T15:31:03.207347,163,204,195,176,183,0
2026-08-14T15:31:03.207347,159,200,192,171,180,0
2026-08-14T15:31:03.207347,157,200,189,170,177,0
2026-08-14T15:31:03.209440,153,198,186,166,175,0
2026-08-14T15:31:03.209440,150,194,182,162,172,0
2026-08-14T15:31:03.209440,148,191,179,160,169,0
2026-08-14T15:31:03.209440,143,187,176,155,166,0
2026-08-14T15:31:03.214092,141,185,173,151,163,0
2026-08-14T15:31:03.214092,137,181,167,146,158,0
2026-08-14T15:31:03.214092,134,176,164,144,155,0
2026-08-14T15:31:03.214092,132,169,159,140,148,0
2026-08-14T15:31:03.220561,127,159,154,135,141,0
2026-08-14T15:31:03.220561,122,150,146,129,133,0
2026-08-14T15:31:03.222478,117,140,139,123,125,0
2026-08-14T15:31:03.222478,111,132,130,118,120,0
2026-08-14T15:31:03.222478,107,125,124,112,114,0
2026-08-14T15:31:03.222478,103,121,118,108,109,0
2026-08-14T15:31:03.222478,99,117,114,104,107,0
2026-08-14T15:31:03.222478,98,115,113,101,106,0
2026-08-14T15:31:03.222478,94,115,111,100,105,0
2026-08-14T15:31:03.222478,93,113,110,98,103,0
2026-08-14T15:31:03.231927,91,112,108,96,102,0
2026-08-14T15:31:03.231927,92,110,106,94,99,0
2026-08-14T15:31:03.231927,88,107,103,91,97,0
2026-08-14T15:31:03.234821,85,105,100,88,95,0
2026-08-14T15:31:03.236489,83,104,99,86,91,0
2026-08-14T15:31:03.237184,81,100,96,83,88,0
2026-08-14T15:31:03.239266,79,95,93,81,85,0
2026-08-14T15:31:03.239266,75,89,88,77,80,0
2026-08-14T15:31:03.239266,71,85,83,73,75,0
2026-08-14T15:31:03.239266,68,82,80,71,74,0
2026-08-14T15:31:03.239266,67,81,76,67,71,0
2026-08-14T15:31:03.239266,64,77,74,66,70,0
2026-08-14T15:31:03.239266,63,76,72,64,68,0
2026-08-14T15:31:03.247743,61,73,71,62,65,0
2026-08-14T15:31:03.247743,60,70,68,59,63,0
2026-08-14T15:31:03.247743,56,67,65,56,61,0
2026-08-14T15:31:03.247743,55,64,62,55,58,0
2026-08-14T15:31:03.252808,53,62,60,54,55,0
2026-08-14T15:31:03.253381,51,60,57,51,54,0
2026-08-14T15:31:03.253381,48,59,56,50,52,0
2026-08-14T15:31:03.256641,46,56,55,49,52,0
2026-08-14T15:31:03.256641,47,55,52,47,49,0
2026-08-14T15:31:03.256641,44,52,50,46,47,0
2026-08-14T15:31:03.256641,43,50,48,45,46,0
2026-08-14T15:31:03.260415,41,51,47,44,45,0
2026-08-14T15:31:03.260964,42,48,48,44,45,0
2026-08-14T15:31:03.261529,40,48,46,43,45,0
2026-08-14T15:31:03.264518,42,47,45,43,43,0
2026-08-14T15:31:03.264518,41,47,46,42,42,0
2026-08-14T15:31:03.266534,39,46,44,42,42,0
2026-08-14T15:31:03.266534,38,44,42,41,40,0
2026-08-14T15:31:03.268548,36,44,40,39,39,0
2026-08-14T15:31:03.269429,36,41,41,40,39,0
2026-08-14T15:31:03.270527,35,42,40,39,38,0
2026-08-14T15:31:03.272902,35,40,38,38,37,0
2026-08-14T15:31:03.272902,34,40,38,39,37,0
2026-08-14T15:31:03.272902,36,38,39,38,36,0
2026-08-14T15:31:03.272902,33,38,37,37,35,0
2026-08-14T15:31:03.272902,32,37,37,37,34,0
2026-08-14T15:31:03.272902,32,38,36,36,34,0
2026-08-14T15:31:03.272902,32,35,35,35,34,0
2026-08-14T15:31:03.279385,31,34,35,35,32,0
2026-08-14T15:31:03.281318,30,35,34,35,32,0
2026-08-14T15:31:03.281318,29,34,32,34,33,0
2026-08-14T15:31:03.283329,28,34,33,35,31,0
2026-08-14T15:31:03.286034,28,33,33,34,31,0
2026-08-14T15:31:03.286668,29,33,33,34,30,0
2026-08-14T15:31:03.286668,28,33,32,34,31,0
2026-08-14T15:31:03.287891,29,33,32,35,32,0
2026-08-14T15:31:03.289648,29,34,33,35,32,0
2026-08-14T15:31:03.289648,29,33,33,35,31,0
2026-08-14T15:31:03.289648,29,33,32,36,31,0
2026-08-14T15:31:03.289648,30,34,34,36,32,0
2026-08-14T15:31:03.294019,30,35,34,35,33,0
2026-08-14T15:31:03.294019,30,34,34,35,33,0
2026-08-14T15:31:03.294019,31,35,34,37,33,0
2026-08-14T15:31:03.297897,30,37,36,38,34,0
2026-08-14T15:31:03.297897,32,37,37,38,35,0
2026-08-14T15:31:03.299293,33,39,38,38,35,0
2026-08-14T15:31:03.299293,33,39,38,41,37,0
2026-08-14T15:31:03.303266,37,41,41,42,38,0
2026-08-14T15:31:03.304157,34,43,41,41,39,0
2026-08-14T15:31:03.306758,37,43,43,43,41,0
2026-08-14T15:31:03.306758,38,45,43,44,43,0
2026-08-14T15:31:03.308374,40,46,46,46,44,0
2026-08-14T15:31:03.309451,41,49,50,47,45,0
2026-08-14T15:31:03.309451,44,52,51,51,48,0
2026-08-14T15:31:03.310517,47,56,54,53,51,0
2026-08-14T15:31:03.313785,49,57,58,54,54,0
2026-08-14T15:31:03.313785,53,61,62,59,59,0
2026-08-14T15:31:03.314864,56,66,66,62,62,0
2026-08-14T15:31:03.314864,60,70,71,66,65,0
2026-08-14T15:31:03.317947,64,75,74,69,70,0
2026-08-14T15:31:03.317947,67,78,78,71,73,0
2026-08-14T15:31:03.317947,69,82,82,73,77,0
2026-08-14T15:31:03.320432,73,85,84,77,80,0
2026-08-14T15:31:03.320432,78,89,90,82,84,0
2026-08-14T15:31:03.322956,82,92,93,85,88,0
2026-08-14T15:31:03.322956,85,98,97,86,91,0
2026-08-14T15:31:03.324669,88,101,99,90,93,0
2026-08-14T15:31:03.324669,90,104,102,91,96,0
2026-08-14T15:31:03.324669,92,107,106,94,99,0
2026-08-14T15:31:03.324669,94,111,110,96,101,0
2026-08-14T15:31:03.324669,97,115,113,98,104,0
2026-08-14T15:31:03.324669,100,119,116,100,109,0
2026-08-14T15:31:03.331332,104,121,121,105,112,0
2026-08-14T15:31:03.331332,108,123,127,110,116,0
2026-08-14T15:31:03.331332,115,128,133,119,123,0
2026-08-14T15:31:03.331332,123,135,142,123,127,0
2026-08-14T15:31:03.338417,130,140,146,129,133,0
2026-08-14T15:31:03.339427,133,145,150,131,139,0
2026-08-14T15:31:03.339427,138,149,154,135,142,0
2026-08-14T15:31:03.342516,140,152,156,136,146,0
2026-08-14T15:31:03.342516,142,156,159,140,147,0
2026-08-14T15:31:03.342516,146,158,161,141,151,0
2026-08-14T15:31:03.342516,149,162,164,144,154,0
2026-08-14T15:31:03.346621,150,166,168,146,157,0
2026-08-14T15:31:03.347663,154,171,172,147,161,0
2026-08-14T15:31:03.347663,157,175,176,151,164,0
2026-08-14T15:31:03.350694,161,180,182,155,168,0
2026-08-14T15:31:03.350694,167,183,186,161,172,0
2026-08-14T15:31:03.350694,171,189,193,166,179,0
2026-08-14T15:31:03.352753,178,194,201,173,184,0
2026-08-14T15:31:03.354792,184,200,207,178,188,0
2026-08-14T15:31:03.354792,189,206,214,183,194,0
2026-08-14T15:31:03.355816,192,212,219,186,199,0
2026-08-14T15:31:03.358892,196,219,222,187,202,0
2026-08-14T15:31:03.358892,200,224,224,189,207,0
2026-08-14T15:31:03.358892,204,228,229,191,212,0
2026-08-14T15:31:03.358892,209,235,234,195,216,0
2026-08-14T15:31:03.362993,211,240,238,198,221,0
2026-08-14T15:31:03.362993,215,245,243,201,225,0
2026-08-14T15:31:03.364006,220,250,247,205,229,0
2026-08-14T15:31:03.364006,224,255,253,210,233,0
2026-08-14T15:31:03.364006,230,259,258,215,237,0
2026-08-14T15:31:03.364006,237,260,262,226,241,0
2026-08-14T15:31:03.370279,241,265,270,229,246,0
2026-08-14T15:31:03.371568,245,269,273,231,248,0
2026-08-14T15:31:03.373580,245,273,274,231,250,0
2026-08-14T15:31:03.373580,247,277,277,231,253,0
2026-08-14T15:31:03.373580,249,280,282,235,256,0
2026-08-14T15:31:03.373580,253,285,286,240,260,0
2026-08-14T15:31:03.373580,258,286,292,247,264,0
2026-08-14T15:31:03.373580,266,296,303,253,272,0
2026-08-14T15:31:03.379924,272,305,311,257,278,0
2026-08-14T15:31:03.381933,278,314,315,259,285,0
2026-08-14T15:31:03.381933,282,323,320,262,291,0
2026-08-14T15:31:03.383945,287,332,326,265,296,0
2026-08-14T15:31:03.383945,291,338,332,268,301,0
2026-08-14T15:31:03.383945,296,346,338,272,307,0
2026-08-14T15:31:03.386873,299,353,345,279,312,0
2026-08-14T15:31:03.388093,307,355,351,289,316,0
2026-08-14T15:31:03.388093,315,356,360,301,319,0
2026-08-14T15:31:03.388093,322,359,368,311,322,0
2026-08-14T15:31:03.391676,327,362,377,320,325,0
2026-08-14T15:31:03.391676,330,371,384,323,330,0
2026-08-14T15:31:03.391676,337,372,386,327,336,0
2026-08-14T15:31:03.394518,344,380,390,334,343,0
2026-08-14T15:31:03.396312,352,385,398,341,350,0
2026-08-14T15:31:03.396312,360,398,408,350,359,0
2026-08-14T15:31:03.396312,368,411,418,355,369,0
2026-08-14T15:31:03.396312,375,422,426,360,378,0
2026-08-14T15:31:03.396312,382,431,432,366,384,0
2026-08-14T15:31:03.396312,385,439,438,370,390,0
2026-08-14T15:31:03.403900,390,447,442,372,397,0
2026-08-14T15:31:03.403900,397,455,447,375,403,0
2026-08-14T15:31:03.403900,399,465,450,377,409,0
2026-08-14T15:31:03.403900,402,471,456,378,414,0
2026-08-14T15:31:03.403900,406,481,460,380,420,0
2026-08-14T15:31:03.403900,411,490,466,384,425,0
2026-08-14T15:31:03.403900,417,496,471,391,431,0
2026-08-14T15:31:03.412164,424,498,474,398,437,0
2026-08-14T15:31:03.412164,429,508,486,406,442,0
2026-08-14T15:31:03.412164,435,517,494,414,449,0
2026-08-14T15:31:03.416251,442,525,501,421,455,0
2026-08-14T15:31:03.416251,447,532,507,427,461,0
2026-08-14T15:31:03.416251,452,538,513,432,467,0
2026-08-14T15:31:03.418016,457,545,517,438,472,0
2026-08-14T15:31:03.420332,465,545,520,447,475,0
2026-08-14T15:31:03.420332,473,543,525,458,478,0
2026-08-14T15:31:03.420332,480,556,531,459,486,0
2026-08-14T15:31:03.423809,483,562,534,463,493,0
2026-08-14T15:31:03.423809,488,570,537,462,501,0
2026-08-14T15:31:03.423809,491,579,536,458,505,0
2026-08-14T15:31:03.426200,491,588,536,455,510,0
2026-08-14T15:31:03.428259,492,593,537,454,512,0
2026-08-14T15:31:03.428259,492,599,539,455,514,0
2026-08-14T15:31:03.428259,495,603,543,458,519,0
2026-08-14T15:31:03.430939,499,605,547,468,521,0
2026-08-14T15:31:03.430939,504,603,551,479,522,0
2026-08-14T15:31:03.430939,507,603,561,488,521,0
2026-08-14T15:31:03.436668,511,609,568,494,525,0
2026-08-14T15:31:03.436668,514,614,573,500,525,0
2026-08-14T15:31:03.436668,519,614,577,507,524,0
2026-08-14T15:31:03.436668,524,608,578,515,524,0
2026-08-14T15:31:03.436668,528,613,587,522,522,0
2026-08-14T15:31:03.436668,534,611,592,531,523,0
2026-08-14T15:31:03.436668,541,618,601,541,526,0
2026-08-14T15:31:03.444918,547,624,606,546,534,0
2026-08-14T15:31:03.444918,553,631,607,548,544,0
2026-08-14T15:31:03.444918,557,639,610,550,551,0
2026-08-14T15:31:03.446724,562,640,612,553,557,0
2026-08-14T15:31:03.449200,566,644,611,554,563,0
2026-08-14T15:31:03.449200,569,649,611,557,569,0
2026-08-14T15:31:03.449200,575,651,613,561,575,0
2026-08-14T15:31:03.452957,583,660,612,564,582,0
2026-08-14T15:31:03.454033,587,670,616,567,590,0
2026-08-14T15:31:03.454620,591,681,619,569,599,0
2026-08-14T15:31:03.454620,595,693,623,568,607,0
2026-08-14T15:31:03.457194,598,706,626,567,614,0
2026-08-14T15:31:03.457194,601,718,628,566,622,0
2026-08-14T15:31:03.457194,602,730,632,566,628,0
2026-08-14T15:31:03.461089,607,740,638,571,634,0
2026-08-14T15:31:03.461089,612,748,646,576,640,0
2026-08-14T15:31:03.461089,616,756,655,581,645,0
2026-08-14T15:31:03.461089,621,762,661,590,651,0
2026-08-14T15:31:03.461089,631,764,666,601,654,0
2026-08-14T15:31:03.461089,640,766,676,614,656,0
2026-08-14T15:31:03.467135,645,771,690,626,656,0
2026-08-14T15:31:03.469452,652,771,697,637,658,0
2026-08-14T15:31:03.470269,656,776,710,646,656,0
2026-08-14T15:31:03.471541,660,780,721,655,655,0
2026-08-14T15:31:03.471541,663,786,731,662,654,0
2026-08-14T15:31:03.471541,665,786,739,669,653,0
2026-08-14T15:31:03.471541,668,784,743,675,649,0
2026-08-14T15:31:03.471541,674,780,746,683,644,0
2026-08-14T15:31:03.477833,677,777,750,690,642,0
2026-08-14T15:31:03.477833,681,780,753,691,643,0
2026-08-14T15:31:03.477833,682,787,757,695,644,0
2026-08-14T15:31:03.481776,685,788,759,698,645,0
2026-08-14T15:31:03.481776,688,790,761,700,646,0
2026-08-14T15:31:03.481776,691,791,760,703,647,0
2026-08-14T15:31:03.481776,694,790,760,705,649,0
2026-08-14T15:31:03.485831,697,789,757,707,650,0
2026-08-14T15:31:03.487544,700,790,757,711,649,0
2026-08-14T15:31:03.488060,704,793,756,713,655,0
2026-08-14T15:31:03.489713,706,798,760,716,658,0
2026-08-14T15:31:03.489713,707,802,763,717,662,0
2026-08-14T15:31:03.489713,711,810,763,718,668,0
2026-08-14T15:31:03.489713,713,815,763,716,675,0
2026-08-14T15:31:03.494060,715,819,763,715,682,0
2026-08-14T15:31:03.494060,718,823,761,714,687,0
2026-08-14T15:31:03.494060,719,827,761,712,693,0
2026-08-14T15:31:03.495936,720,834,761,711,698,0
2026-08-14T15:31:03.495936,722,839,761,712,701,0
2026-08-14T15:31:03.495936,725,841,762,712,705,0
2026-08-14T15:31:03.495936,724,844,763,712,708,0
2026-08-14T15:31:03.495936,727,847,761,711,713,0
2026-08-14T15:31:03.502874,727,852,761,710,715,0
2026-08-14T15:31:03.503422,728,855,760,709,718,0
2026-08-14T15:31:03.503422,730,857,759,709,721,0
2026-08-14T15:31:03.503422,731,860,757,709,723,0
2026-08-14T15:31:03.503422,733,864,758,709,724,0
2026-08-14T15:31:03.503422,735,865,758,709,724,0
2026-08-14T15:31:03.510654,736,866,757,710,725,0
2026-08-14T15:31:03.510654,737,866,756,711,726,0
2026-08-14T15:31:03.510654,736,868,755,712,725,0
2026-08-14T15:31:03.514532,738,867,753,712,726,0
2026-08-14T15:31:03.514532,739,866,751,713,726,0
2026-08-14T15:31:03.514532,738,865,750,715,726,0
2026-08-14T15:31:03.516872,740,864,748,717,725,0
2026-08-14T15:31:03.519529,739,864,746,717,725,0
2026-08-14T15:31:03.519529,740,862,745,719,723,0
2026-08-14T15:31:03.520801,740,861,743,721,723,0
2026-08-14T15:31:03.520801,742,860,743,722,722,0
2026-08-14T15:31:03.520801,741,859,743,724,719,0
2026-08-14T15:31:03.520801,742,857,744,728,718,0
2026-08-14T15:31:03.520801,741,856,745,731,715,0
2026-08-14T15:31:03.527063,739,856,748,733,712,0
2026-08-14T15:31:03.527063,738,855,749,735,709,0
2026-08-14T15:31:03.527063,738,853,749,734,706,0
2026-08-14T15:31:03.527063,737,850,749,735,703,0
2026-08-14T15:31:03.527063,735,845,750,736,701,0
2026-08-14T15:31:03.527063,734,841,750,736,696,0
2026-08-14T15:31:03.527063,734,837,750,736,693,0
2026-08-14T15:31:03.535198,731,832,749,737,687,0
2026-08-14T15:31:03.537223,733,829,752,735,684,0
2026-08-14T15:31:03.539199,730,826,750,735,681,0
2026-08-14T15:31:03.539199,727,825,750,734,677,0
2026-08-14T15:31:03.539199,727,822,750,734,674,0
2026-08-14T15:31:03.541003,726,821,751,733,672,0
2026-08-14T15:31:03.543217,722,820,750,732,671,0
2026-08-14T15:31:03.543217,720,820,749,732,668,0
2026-08-14T15:31:03.543217,720,818,749,731,666,0
2026-08-14T15:31:03.547317,718,816,749,730,665,0
2026-08-14T15:31:03.547317,718,815,747,729,665,0
2026-08-14T15:31:03.547317,717,815,746,729,666,0
2026-08-14T15:31:03.547317,718,814,745,728,666,0
2026-08-14T15:31:03.551460,718,814,745,728,667,0
2026-08-14T15:31:03.551460,719,814,744,729,667,0
2026-08-14T15:31:03.554074,720,814,745,729,667,0
2026-08-14T15:31:03.555388,720,814,746,729,668,0
2026-08-14T15:31:03.555388,720,815,745,728,670,0
2026-08-14T15:31:03.555388,720,816,745,729,671,0
2026-08-14T15:31:03.555388,720,817,745,728,672,0
2026-08-14T15:31:03.555388,721,817,745,730,673,0
2026-08-14T15:31:03.559675,721,817,745,729,674,0
2026-08-14T15:31:03.559675,722,818,745,730,675,0
2026-08-14T15:31:03.559675,723,818,745,730,677,0
2026-08-14T15:31:03.559675,724,819,744,729,679,0
2026-08-14T15:31:03.565451,724,819,744,730,678,0
2026-08-14T15:31:03.566147,724,819,743,729,679,0
2026-08-14T15:31:03.567900,725,820,743,730,679,0
2026-08-14T15:31:03.567900,725,820,744,729,680,0
2026-08-14T15:31:03.569452,724,820,744,729,680,0
2026-08-14T15:31:03.571899,725,820,743,729,680,0
2026-08-14T15:31:03.571899,725,821,743,729,680,0
2026-08-14T15:31:03.571899,725,820,743,729,681,0
2026-08-14T15:31:03.575992,725,820,743,729,681,0
2026-08-14T15:31:03.575992,725,819,743,729,681,0
2026-08-14T15:31:03.575992,725,818,743,729,681,0
2026-08-14T15:31:03.577755,725,818,742,730,681,0
2026-08-14T15:31:03.579675,725,817,743,730,680,0
2026-08-14T15:31:03.579675,725,817,742,730,679,0
2026-08-14T15:31:03.579675,727,818,742,732,677,0
2026-08-14T15:31:03.584137,726,816,742,731,676,0
2026-08-14T15:31:03.584137,724,813,743,732,675,0
2026-08-14T15:31:03.586140,724,814,745,733,673,0
2026-08-14T15:31:03.587047,725,813,745,734,670,0
2026-08-14T15:31:03.587047,725,812,745,734,670,0
2026-08-14T15:31:03.588658,724,811,747,735,667,0
2026-08-14T15:31:03.588658,723,810,747,734,668,0
2026-08-14T15:31:03.592381,723,811,747,734,666,0
2026-08-14T15:31:03.592381,722,809,745,732,666,0
2026-08-14T15:31:03.592381,723,808,744,732,667,0
2026-08-14T15:31:03.592381,722,808,744,732,666,0
2026-08-14T15:31:03.592381,722,807,742,731,667,0
2026-08-14T15:31:03.592381,721,807,741,729,667,0
2026-08-14T15:31:03.598226,722,806,740,730,668,0
2026-08-14T15:31:03.600673,720,807,740,730,667,0
2026-08-14T15:31:03.600673,720,806,741,730,667,0
2026-08-14T15:31:03.600673,720,808,740,731,667,0
2026-08-14T15:31:03.603537,720,807,740,732,666,0
2026-08-14T15:31:03.603537,721,807,740,732,667,0
2026-08-14T15:31:03.603537,720,806,741,731,667,0
2026-08-14T15:31:03.606412,721,807,742,732,665,0
2026-08-14T15:31:03.608769,721,807,741,731,666,0
2026-08-14T15:31:03.608769,723,807,741,731,666,0
2026-08-14T15:31:03.608769,720,808,740,732,667,0
2026-08-14T15:31:03.612843,722,808,741,731,666,0
2026-08-14T15:31:03.613710,721,808,742,731,666,0
2026-08-14T15:31:03.613710,721,808,742,732,667,0
2026-08-14T15:31:03.613710,721,808,742,731,667,0
2026-08-14T15:31:03.616943,722,807,742,732,667,0
2026-08-14T15:31:03.616943,721,807,741,732,668,0
2026-08-14T15:31:03.616943,722,808,742,731,669,0
2026-08-14T15:31:03.621046,722,809,741,731,669,0
2026-08-14T15:31:03.621046,721,809,742,732,669,0
2026-08-14T15:31:03.621046,722,807,743,732,668,0
2026-08-14T15:31:03.622806,723,809,741,731,669,0
2026-08-14T15:31:03.625192,723,808,742,731,670,0
2026-08-14T15:31:03.625192,723,809,740,732,669,0
2026-08-14T15:31:03.625192,721,810,741,732,669,0
2026-08-14T15:31:03.629241,721,809,743,731,668,0
2026-08-14T15:31:03.629973,722,810,741,731,669,0
2026-08-14T15:31:03.629973,721,809,742,732,669,0
2026-08-14T15:31:03.629973,722,807,742,732,668,0
2026-08-14T15:31:03.633282,720,808,741,731,668,0
2026-08-14T15:31:03.633282,723,808,740,732,668,0
2026-08-14T15:31:03.633282,722,807,741,732,669,0
2026-08-14T15:31:03.637308,721,808,741,732,668,0
2026-08-14T15:31:03.637308,722,807,742,731,669,0
2026-08-14T15:31:03.637308,723,809,740,732,668,0
2026-08-14T15:31:03.641209,723,808,741,732,668,0
2026-08-14T15:31:03.641209,721,809,742,732,668,0
2026-08-14T15:31:03.641209,720,808,743,733,668,0
2026-08-14T15:31:03.643255,722,810,742,732,668,0
2026-08-14T15:31:03.643255,722,807,742,732,667,0
2026-08-14T15:31:03.643255,721,807,742,732,667,0
2026-08-14T15:31:03.643255,722,806,741,731,667,0
2026-08-14T15:31:03.649736,722,807,742,732,667,0
2026-08-14T15:31:03.649736,722,808,741,731,667,0
2026-08-14T15:31:03.649736,722,807,742,732,668,0
2026-08-14T15:31:03.651746,722,807,741,731,668,0
2026-08-14T15:31:03.653559,722,808,742,732,668,0
2026-08-14T15:31:03.653559,723,809,741,731,668,0
2026-08-14T15:31:03.653559,723,809,741,732,668,0
2026-08-14T15:31:03.657891,722,807,742,732,668,0
2026-08-14T15:31:03.657891,721,808,741,731,667,0
2026-08-14T15:31:03.657891,721,809,743,732,667,0
2026-08-14T15:31:03.659651,721,809,742,732,667,0
2026-08-14T15:31:03.662000,723,808,741,731,667,0
2026-08-14T15:31:03.662000,720,808,742,732,668,0
2026-08-14T15:31:03.662000,722,808,741,733,668,0
2026-08-14T15:31:03.666004,722,808,743,731,668,0
2026-08-14T15:31:03.666004,722,807,741,731,667,0
2026-08-14T15:31:03.666004,722,808,742,732,668,0
2026-08-14T15:31:03.670109,722,808,742,732,667,0
2026-08-14T15:31:03.670450,722,809,743,731,667,0
2026-08-14T15:31:03.670450,722,808,742,731,667,0
2026-08-14T15:31:03.670450,720,808,742,732,667,0
2026-08-14T15:31:03.674119,722,808,741,732,667,0
2026-08-14T15:31:03.674119,722,807,742,732,667,0
2026-08-14T15:31:03.674119,721,807,741,732,667,0
2026-08-14T15:31:03.674119,722,809,742,732,668,0
2026-08-14T15:31:03.674119,722,808,741,731,668,0
2026-08-14T15:31:03.674119,722,808,742,732,667,0
2026-08-14T15:31:03.674119,722,808,742,731,668,0
2026-08-14T15:31:03.682237,723,808,741,731,668,0
2026-08-14T15:31:03.682237,722,808,742,731,668,0
2026-08-14T15:31:03.684251,721,808,743,732,668,0
2026-08-14T15:31:03.686142,721,807,743,732,666,0
2026-08-14T15:31:03.686754,722,807,742,731,666,0
2026-08-14T15:31:03.686754,721,807,742,733,668,0
2026-08-14T15:31:03.686754,721,807,741,731,667,0
2026-08-14T15:31:03.690017,722,808,742,731,667,0
2026-08-14T15:31:03.690017,721,809,742,732,667,0
2026-08-14T15:31:03.690017,722,807,742,732,667,0
2026-08-14T15:31:03.690017,722,807,741,733,667,0
2026-08-14T15:31:03.690017,722,808,742,733,667,0
2026-08-14T15:31:03.690017,722,810,742,732,667,0
2026-08-14T15:31:03.690017,722,808,741,731,667,0
2026-08-14T15:31:03.698318,720,807,743,732,667,0
2026-08-14T15:31:03.699208,721,808,742,733,667,0
2026-08-14T15:31:03.701224,722,809,742,732,667,0
2026-08-14T15:31:03.702779,721,808,742,733,668,0
2026-08-14T15:31:03.703729,721,808,741,732,667,0
2026-08-14T15:31:03.703729,721,807,742,731,667,0
2026-08-14T15:31:03.707041,721,808,742,732,667,0
2026-08-14T15:31:03.707910,722,807,741,731,667,0
2026-08-14T15:31:03.707910,723,807,741,732,667,0
2026-08-14T15:31:03.707910,722,808,743,732,668,0
2026-08-14T15:31:03.711193,722,809,742,731,666,0
2026-08-14T15:31:03.711193,721,808,742,731,666,0
2026-08-14T15:31:03.711193,723,807,741,732,667,0
2026-08-14T15:31:03.714887,721,807,742,732,667,0
2026-08-14T15:31:03.714887,721,808,742,733,666,0
2026-08-14T15:31:03.716998,721,807,743,732,667,0
2026-08-14T15:31:03.716998,721,808,742,732,667,0
2026-08-14T15:31:03.716998,722,807,741,731,667,0
2026-08-14T15:31:03.720569,721,808,742,732,668,0
2026-08-14T15:31:03.720569,722,808,742,731,667,0
2026-08-14T15:31:03.723228,722,808,742,732,667,0
2026-08-14T15:31:03.723228,721,808,741,732,667,0
2026-08-14T15:31:03.723228,720,810,743,732,667,0
2026-08-14T15:31:03.725182,722,809,743,732,666,0
2026-08-14T15:31:03.725182,722,807,742,732,666,0
2026-08-14T15:31:03.725182,721,808,743,733,667,0
2026-08-14T15:31:03.725182,722,809,742,732,667,0
2026-08-14T15:31:03.731632,721,808,742,732,668,0
2026-08-14T15:31:03.731632,720,808,742,732,667,0
2026-08-14T15:31:03.731632,722,808,741,731,667,0
2026-08-14T15:31:03.733838,722,809,741,732,667,0
2026-08-14T15:31:03.735850,721,807,741,732,668,0
2026-08-14T15:31:03.736766,722,808,743,732,666,0
2026-08-14T15:31:03.736766,721,808,743,731,667,0
2026-08-14T15:31:03.739829,721,808,742,732,668,0
2026-08-14T15:31:03.739829,722,808,742,732,667,0
2026-08-14T15:31:03.739829,721,808,743,733,666,0
2026-08-14T15:31:03.741839,720,807,743,732,667,0
2026-08-14T15:31:03.741839,722,809,742,732,668,0
2026-08-14T15:31:03.741839,722,808,741,733,667,0
2026-08-14T15:31:03.746538,721,808,742,732,668,0
2026-08-14T15:31:03.747289,722,807,742,732,667,0
2026-08-14T15:31:03.748304,723,809,742,731,667,0
2026-08-14T15:31:03.749369,723,808,742,731,668,0
2026-08-14T15:31:03.752118,721,808,743,732,667,0
2026-08-14T15:31:03.753621,722,807,743,732,666,0
2026-08-14T15:31:03.754043,722,809,743,732,667,0
2026-08-14T15:31:03.755032,721,809,743,732,667,0
2026-08-14T15:31:03.755032,721,807,742,733,667,0
2026-08-14T15:31:03.756803,720,808,742,732,668,0
2026-08-14T15:31:03.756803,722,807,743,733,667,0
2026-08-14T15:31:03.760320,721,808,742,732,667,0
2026-08-14T15:31:03.761146,723,807,743,731,668,0
2026-08-14T15:31:03.762016,723,808,742,732,668,0
2026-08-14T15:31:03.762016,722,809,742,732,667,0
2026-08-14T15:31:03.764027,722,809,741,732,668,0
2026-08-14T15:31:03.765056,722,809,743,732,667,0
2026-08-14T15:31:03.765692,721,808,742,732,667,0
2026-08-14T15:31:03.768594,722,809,743,732,667,0
2026-08-14T15:31:03.769216,721,808,743,733,667,0
2026-08-14T15:31:03.770266,723,808,742,732,667,0
2026-08-14T15:31:03.772564,721,808,742,732,668,0
2026-08-14T15:31:03.773120,722,809,742,732,667,0
2026-08-14T15:31:03.773641,721,808,743,732,668,0
2026-08-14T15:31:03.773641,721,808,743,732,667,0
2026-08-14T15:31:03.776773,723,808,742,732,668,0
2026-08-14T15:31:03.776773,721,808,743,732,667,0
2026-08-14T15:31:03.776773,722,808,742,732,668,0
2026-08-14T15:31:03.780768,722,809,743,732,667,0
2026-08-14T15:31:03.780768,722,808,743,732,667,0
2026-08-14T15:31:03.780768,720,810,743,732,668,0
2026-08-14T15:31:03.780768,720,809,742,733,667,0
2026-08-14T15:31:03.784891,722,808,743,732,667,0
2026-08-14T15:31:03.784891,722,809,742,731,668,0
2026-08-14T15:31:03.786121,721,808,743,732,668,0
2026-08-14T15:31:03.787678,720,808,742,733,667,0
2026-08-14T15:31:03.789221,722,808,743,732,667,0
2026-08-14T15:31:03.789221,722,809,744,732,667,0
2026-08-14T15:31:03.791232,722,808,744,732,668,0
2026-08-14T15:31:03.791232,722,809,742,733,668,0
2026-08-14T15:31:03.791232,722,808,744,731,667,0
2026-08-14T15:31:03.791232,722,809,743,732,667,0
2026-08-14T15:31:03.791232,722,808,743,733,667,0
2026-08-14T15:31:03.797366,721,808,743,733,667,0
2026-08-14T15:31:03.797366,721,808,743,733,668,0
2026-08-14T15:31:03.797366,721,809,743,733,668,0
2026-08-14T15:31:03.797366,721,809,743,732,668,0
2026-08-14T15:31:03.797366,721,808,743,732,668,0
2026-08-14T15:31:03.797366,721,808,742,732,668,0
2026-08-14T15:31:03.797366,722,808,743,733,667,0
2026-08-14T15:31:03.805508,722,809,742,733,668,0
2026-08-14T15:31:03.805508,723,809,742,731,668,0
2026-08-14T15:31:03.807519,721,809,744,732,667,0
2026-08-14T15:31:03.807519,721,809,743,732,667,0
2026-08-14T15:31:03.807519,721,809,744,733,668,0
2026-08-14T15:31:03.807519,722,809,743,732,667,0
2026-08-14T15:31:03.807519,722,809,743,732,668,0
2026-08-14T15:31:03.813956,722,808,744,733,669,0
2026-08-14T15:31:03.813956,721,810,743,733,667,0
2026-08-14T15:31:03.813956,721,809,743,732,668,0
2026-08-14T15:31:03.813956,723,808,743,733,667,0
2026-08-14T15:31:03.813956,722,808,744,732,668,0
2026-08-14T15:31:03.819863,723,808,743,732,667,0
2026-08-14T15:31:03.821614,723,810,743,732,667,0
2026-08-14T15:31:03.821614,722,809,743,732,668,0
2026-08-14T15:31:03.821614,722,809,743,733,667,0
2026-08-14T15:31:03.825853,721,810,743,732,667,0
2026-08-14T15:31:03.825853,721,810,744,732,667,0
2026-08-14T15:31:03.825853,722,809,744,733,667,0
2026-08-14T15:31:03.827618,721,808,743,732,668,0
2026-08-14T15:31:03.829411,722,808,743,733,667,0
2026-08-14T15:31:03.829411,721,809,743,733,668,0
2026-08-14T15:31:03.829411,722,809,743,733,667,0
2026-08-14T15:31:03.831695,723,809,742,733,667,0
2026-08-14T15:31:03.831695,722,808,744,732,668,0
2026-08-14T15:31:03.831695,721,809,743,732,667,0
2026-08-14T15:31:03.837033,722,810,743,732,667,0
2026-08-14T15:31:03.837033,721,809,744,732,668,0
2026-08-14T15:31:03.837033,722,811,743,733,668,0
2026-08-14T15:31:03.839856,722,809,743,733,667,0
2026-08-14T15:31:03.839856,720,810,743,733,668,0
2026-08-14T15:31:03.839856,722,809,743,732,667,0
2026-08-14T15:31:03.839856,722,809,743,733,668,0
2026-08-14T15:31:03.845689,721,808,743,733,668,0
2026-08-14T15:31:03.845689,722,809,744,733,667,0
2026-08-14T15:31:03.845689,723,809,743,732,668,0
2026-08-14T15:31:03.845689,723,809,743,733,667,0
2026-08-14T15:31:03.849761,723,809,743,732,668,0
2026-08-14T15:31:03.849761,722,809,744,732,668,0
2026-08-14T15:31:03.849761,722,809,744,733,667,0
2026-08-14T15:31:03.853646,723,809,743,732,668,0
2026-08-14T15:31:03.853646,722,810,743,733,667,0
2026-08-14T15:31:03.853646,721,809,745,733,667,0
2026-08-14T15:31:03.853646,722,808,744,733,668,0
2026-08-14T15:31:03.853646,722,809,743,733,667,0
2026-08-14T15:31:03.853646,721,808,744,732,668,0
2026-08-14T15:31:03.853646,721,808,744,733,668,0
2026-08-14T15:31:03.861923,722,809,743,733,667,0
2026-08-14T15:31:03.861923,723,809,743,733,668,0
2026-08-14T15:31:03.861923,723,808,743,732,667,0
2026-08-14T15:31:03.861923,722,809,743,732,668,0
2026-08-14T15:31:03.861923,722,810,744,733,667,0
2026-08-14T15:31:03.861923,723,811,744,732,668,0
2026-08-14T15:31:03.861923,723,810,744,733,667,0
2026-08-14T15:31:03.870569,722,810,744,733,668,0
2026-08-14T15:31:03.870569,722,808,745,733,668,0
2026-08-14T15:31:03.870569,722,810,744,733,667,0
2026-08-14T15:31:03.874073,723,809,743,732,667,0
2026-08-14T15:31:03.874073,721,808,744,732,668,0
2026-08-14T15:31:03.876081,721,808,743,733,669,0
2026-08-14T15:31:03.876081,722,809,744,733,668,0
2026-08-14T15:31:03.877830,722,810,744,732,667,0
2026-08-14T15:31:03.877830,722,809,743,733,667,0
2026-08-14T15:31:03.877830,722,810,743,733,668,0
2026-08-14T15:31:03.883193,722,809,744,733,668,0
2026-08-14T15:31:03.883193,722,810,743,732,668,0
2026-08-14T15:31:03.883193,721,809,745,733,667,0
2026-08-14T15:31:03.884955,722,808,744,733,668,0
2026-08-14T15:31:03.886905,722,810,745,733,667,0
2026-08-14T15:31:03.886905,722,810,743,732,668,0
2026-08-14T15:31:03.886905,722,809,744,733,667,0
2026-08-14T15:31:03.891365,723,808,744,732,668,0
2026-08-14T15:31:03.891365,722,808,744,732,668,0
2026-08-14T15:31:03.891365,722,808,744,732,668,0
2026-08-14T15:31:03.891365,722,809,744,732,668,0
2026-08-14T15:31:03.895458,722,810,745,732,668,0
2026-08-14T15:31:03.895458,723,809,743,733,668,0
2026-08-14T15:31:03.895458,721,809,744,732,667,0
2026-08-14T15:31:03.898500,722,809,744,732,667,0
2026-08-14T15:31:03.898500,721,809,743,733,668,0
2026-08-14T15:31:03.898500,720,809,744,733,668,0
2026-08-14T15:31:03.903223,721,809,743,733,667,0
2026-08-14T15:31:03.904152,721,809,745,733,667,0
2026-08-14T15:31:03.904152,723,809,744,733,667,0
2026-08-14T15:31:03.904152,722,809,743,732,668,0
2026-08-14T15:31:03.904152,723,809,744,733,667,0
2026-08-14T15:31:03.904152,722,809,743,733,668,0
2026-08-14T15:31:03.904152,722,810,745,732,667,0
2026-08-14T15:31:03.910520,723,809,744,732,668,0
2026-08-14T15:31:03.910520,722,810,744,733,668,0
2026-08-14T15:31:03.910520,722,809,744,734,668,0
2026-08-14T15:31:03.910520,721,809,745,734,668,0
2026-08-14T15:31:03.910520,722,808,744,734,669,0
2026-08-14T15:31:03.910520,722,809,743,733,669,0
2026-08-14T15:31:03.910520,721,808,743,733,668,0
2026-08-14T15:31:03.920197,722,809,744,733,668,0
2026-08-14T15:31:03.921310,723,809,743,733,668,0
2026-08-14T15:31:03.921310,722,808,744,733,669,0
2026-08-14T15:31:03.921310,722,809,744,733,668,0
2026-08-14T15:31:03.924181,723,809,744,732,667,0
2026-08-14T15:31:03.924181,722,809,743,733,667,0
2026-08-14T15:31:03.924181,723,809,743,733,668,0
2026-08-14T15:31:03.928243,721,810,745,733,667,0
2026-08-14T15:31:03.928243,722,809,743,733,667,0
2026-08-14T15:31:03.928243,721,812,745,733,668,0
2026-08-14T15:31:03.930002,723,810,743,734,667,0
2026-08-14T15:31:03.932344,722,809,744,734,668,0
2026-08-14T15:31:03.932344,721,808,744,733,668,0
2026-08-14T15:31:03.932344,722,810,744,733,668,0
2026-08-14T15:31:03.936129,722,810,744,732,668,0
2026-08-14T15:31:03.936129,723,809,744,733,667,0
2026-08-14T15:31:03.936129,723,809,744,733,667,0
2026-08-14T15:31:03.936129,722,809,744,732,668,0
2026-08-14T15:31:03.936129,722,810,744,732,667,0
2026-08-14T15:31:03.942643,722,809,744,734,667,0
2026-08-14T15:31:03.943705,722,809,744,733,668,0
2026-08-14T15:31:03.945534,722,808,744,734,669,0
2026-08-14T15:31:03.945534,722,809,745,733,667,0
2026-08-14T15:31:03.946925,721,810,744,733,668,0
2026-08-14T15:31:03.946925,722,809,743,732,669,0
2026-08-14T15:31:03.946925,722,809,743,733,669,0
2026-08-14T15:31:03.949922,722,810,744,733,668,0
2026-08-14T15:31:03.949922,724,810,745,734,668,0
2026-08-14T15:31:03.952678,722,809,743,732,667,0
2026-08-14T15:31:03.953862,723,809,743,734,668,0
2026-08-14T15:31:03.953862,723,809,744,733,667,0
2026-08-14T15:31:03.956918,722,809,745,733,667,0
2026-08-14T15:31:03.956918,722,809,744,733,667,0
2026-08-14T15:31:03.956918,722,811,744,733,668,0
2026-08-14T15:31:03.958677,721,810,744,733,668,0
2026-08-14T15:31:03.961017,721,809,744,734,667,0
2026-08-14T15:31:03.961017,721,810,744,732,668,0
2026-08-14T15:31:03.961017,721,809,743,733,669,0
2026-08-14T15:31:03.965093,722,809,744,734,668,0
2026-08-14T15:31:03.965093,722,808,744,733,667,0
2026-08-14T15:31:03.965093,723,809,745,733,667,0
2026-08-14T15:31:03.969708,723,809,744,732,668,0
2026-08-14T15:31:03.970760,723,810,744,732,668,0
2026-08-14T15:31:03.970760,721,811,744,734,667,0
2026-08-14T15:31:03.971841,720,810,744,733,667,0
2026-08-14T15:31:03.971841,722,810,744,733,668,0
2026-08-14T15:31:03.971841,723,809,744,733,668,0
2026-08-14T15:31:03.971841,721,808,744,733,668,0
2026-08-14T15:31:03.976806,722,809,744,734,668,0
2026-08-14T15:31:03.977888,721,809,744,733,668,0
2026-08-14T15:31:03.977888,722,809,743,733,669,0
2026-08-14T15:31:03.977888,722,809,744,733,669,0
2026-08-14T15:31:03.981593,722,809,744,733,667,0
2026-08-14T15:31:03.981593,722,809,744,733,668,0
2026-08-14T15:31:03.981593,723,809,743,732,667,0
2026-08-14T15:31:03.984375,723,810,744,732,668,0
2026-08-14T15:31:03.986449,722,809,745,734,668,0
2026-08-14T15:31:03.987005,722,810,744,733,668,0
2026-08-14T15:31:03.987005,722,810,744,733,668,0
2026-08-14T15:31:03.989702,723,809,744,734,668,0
2026-08-14T15:31:03.989702,721,808,744,733,669,0
2026-08-14T15:31:03.989702,722,808,745,734,668,0
2026-08-14T15:31:03.992757,721,809,744,733,668,0
2026-08-14T15:31:03.992757,722,809,745,733,668,0
2026-08-14T15:31:03.992757,723,809,743,733,668,0
2026-08-14T15:31:03.992757,721,809,744,733,667,0
2026-08-14T15:31:03.992757,722,810,744,733,668,0
2026-08-14T15:31:03.992757,722,810,744,733,667,0
2026-08-14T15:31:03.992757,723,809,744,733,668,0
2026-08-14T15:31:04.000895,721,810,745,733,667,0
2026-08-14T15:31:04.003207,721,809,744,733,667,0
2026-08-14T15:31:04.003782,721,810,744,733,668,0
2026-08-14T15:31:04.003782,723,809,744,733,667,0
2026-08-14T15:31:04.003782,722,808,744,733,668,0
2026-08-14T15:31:04.003782,721,810,744,734,667,0
2026-08-14T15:31:04.003782,723,810,744,732,668,0
2026-08-14T15:31:04.009943,723,809,744,733,667,0
2026-08-14T15:31:04.009943,722,808,745,732,668,0
2026-08-14T15:31:04.009943,723,809,744,734,668,0
2026-08-14T15:31:04.012775,722,809,745,732,667,0
2026-08-14T15:31:04.012775,722,810,745,733,667,0
2026-08-14T15:31:04.012775,721,810,744,734,669,0
2026-08-14T15:31:04.016079,722,809,745,733,667,0
2026-08-14T15:31:04.017097,722,810,745,733,667,0
2026-08-14T15:31:04.017097,722,810,745,733,668,0
2026-08-14T15:31:04.019899,722,808,745,733,668,0
2026-08-14T15:31:04.021140,722,809,744,734,669,0
2026-08-14T15:31:04.021140,722,809,744,733,668,0
2026-08-14T15:31:04.021140,723,810,744,732,668,0
2026-08-14T15:31:04.024298,723,809,744,733,668,0
2026-08-14T15:31:04.025316,723,809,743,733,668,0
2026-08-14T15:31:04.025316,721,809,744,733,667,0
2026-08-14T15:31:04.025316,722,810,745,733,668,0
2026-08-14T15:31:04.028378,723,809,744,732,668,0
2026-08-14T15:31:04.028378,721,810,745,734,668,0
2026-08-14T15:31:04.028378,723,809,744,734,669,0
2026-08-14T15:31:04.028378,721,810,745,733,668,0
2026-08-14T15:31:04.033471,723,809,744,734,669,0
2026-08-14T15:31:04.033471,722,808,744,733,668,0
2026-08-14T15:31:04.036542,721,809,744,733,668,0
2026-08-14T15:31:04.038827,722,809,744,733,668,0
2026-08-14T15:31:04.038827,723,809,745,732,668,0
2026-08-14T15:31:04.038827,723,808,744,733,668,0
2026-08-14T15:31:04.042917,722,809,745,734,668,0
2026-08-14T15:31:04.042917,722,809,744,733,667,0
2026-08-14T15:31:04.042917,723,810,745,733,669,0
2026-08-14T15:31:04.044675,723,810,744,733,668,0
2026-08-14T15:31:04.044675,721,809,745,734,668,0
2026-08-14T15:31:04.044675,721,809,745,734,668,0
2026-08-14T15:31:04.044675,722,811,745,733,668,0
2026-08-14T15:31:04.049778,723,809,744,734,668,0
2026-08-14T15:31:04.049778,722,808,744,733,668,0
2026-08-14T15:31:04.053639,722,809,745,733,668,0
2026-08-14T15:31:04.054597,722,809,745,733,668,0
2026-08-14T15:31:04.054597,723,809,743,732,667,0
2026-08-14T15:31:04.054597,722,809,744,732,667,0
2026-08-14T15:31:04.054597,721,810,745,733,667,0
2026-08-14T15:31:04.057918,722,810,744,733,667,0
2026-08-14T15:31:04.059856,722,810,745,733,668,0
2026-08-14T15:31:04.059856,723,809,746,733,668,0
2026-08-14T15:31:04.059856,722,809,743,734,668,0
2026-08-14T15:31:04.061999,723,810,745,733,668,0
2026-08-14T15:31:04.061999,722,809,744,733,668,0
2026-08-14T15:31:04.061999,722,809,745,733,668,0
2026-08-14T15:31:04.067503,722,809,744,733,668,0
2026-08-14T15:31:04.067503,722,809,744,733,668,0
2026-08-14T15:31:04.067503,722,810,745,733,668,0
2026-08-14T15:31:04.071595,723,811,744,732,668,0
2026-08-14T15:31:04.071595,723,810,745,733,668,0
2026-08-14T15:31:04.071595,723,810,743,733,668,0
2026-08-14T15:31:04.073353,721,811,744,733,667,0
2026-08-14T15:31:04.075692,721,810,745,732,668,0
2026-08-14T15:31:04.075692,722,810,744,734,668,0
2026-08-14T15:31:04.075692,722,810,745,734,668,0
2026-08-14T15:31:04.078451,722,809,743,734,668,0
2026-08-14T15:31:04.078451,721,810,744,733,668,0
2026-08-14T15:31:04.078451,722,809,744,734,668,0
2026-08-14T15:31:04.081533,722,809,745,733,668,0
2026-08-14T15:31:04.082549,722,809,744,733,667,0
2026-08-14T15:31:04.082549,722,810,744,732,668,0
2026-08-14T15:31:04.082549,723,810,744,733,667,0
2026-08-14T15:31:04.087869,723,809,744,732,668,0
2026-08-14T15:31:04.087869,721,809,743,733,668,0
2026-08-14T15:31:04.087869,722,809,746,733,668,0
2026-08-14T15:31:04.087869,721,810,745,733,667,0
2026-08-14T15:31:04.090621,723,810,744,734,668,0
2026-08-14T15:31:04.090621,722,810,744,733,668,0
2026-08-14T15:31:04.090621,721,810,744,733,668,0
2026-08-14T15:31:04.090621,722,809,745,734,668,0
2026-08-14T15:31:04.090621,722,808,744,734,668,0
2026-08-14T15:31:04.090621,722,808,743,733,668,0
2026-08-14T15:31:04.090621,723,809,744,734,669,0
2026-08-14T15:31:04.100265,723,810,744,733,668,0
2026-08-14T15:31:04.100265,724,809,744,732,669,0
2026-08-14T15:31:04.102019,722,809,743,733,669,0
2026-08-14T15:31:04.104146,721,810,745,733,669,0
2026-08-14T15:31:04.104146,722,808,745,733,667,0
2026-08-14T15:31:04.104146,721,810,745,733,668,0
2026-08-14T15:31:04.107207,722,810,744,734,668,0
2026-08-14T15:31:04.107207,722,809,744,733,668,0
2026-08-14T15:31:04.107207,722,808,744,733,670,0
2026-08-14T15:31:04.110316,721,809,745,733,668,0
2026-08-14T15:31:04.110316,723,809,744,733,668,0
2026-08-14T15:31:04.110316,723,810,744,733,669,0
2026-08-14T15:31:04.110316,723,809,743,733,668,0
2026-08-14T15:31:04.115422,723,810,745,733,668,0
2026-08-14T15:31:04.115422,723,810,744,733,669,0
2026-08-14T15:31:04.118483,723,810,745,733,667,0
2026-08-14T15:31:04.119894,722,810,744,734,669,0
2026-08-14T15:31:04.120579,722,809,744,733,668,0
2026-08-14T15:31:04.121832,723,810,743,733,668,0
2026-08-14T15:31:04.121832,722,809,744,734,669,0
2026-08-14T15:31:04.123614,722,809,745,734,668,0
2026-08-14T15:31:04.123614,721,810,744,733,668,0
2026-08-14T15:31:04.123614,722,810,744,733,667,0
2026-08-14T15:31:04.123614,723,809,744,733,669,0
2026-08-14T15:31:04.129784,723,810,745,733,668,0
2026-08-14T15:31:04.129784,722,810,744,733,669,0
2026-08-14T15:31:04.130793,723,811,745,733,668,0
2026-08-14T15:31:04.131847,722,810,744,733,668,0
2026-08-14T15:31:04.133437,722,810,743,733,668,0
2026-08-14T15:31:04.133437,721,810,744,733,668,0
2026-08-14T15:31:04.137111,723,810,744,733,668,0
2026-08-14T15:31:04.138308,723,809,744,734,668,0
2026-08-14T15:31:04.138308,722,809,743,733,669,0
2026-08-14T15:31:04.138308,722,809,745,734,669,0
2026-08-14T15:31:04.140057,721,809,745,733,667,0
2026-08-14T15:31:04.142069,723,810,744,733,668,0
2026-08-14T15:31:04.142069,723,809,743,732,668,0
2026-08-14T15:31:04.144079,723,811,744,733,668,0
2026-08-14T15:31:04.146093,723,809,743,734,668,0
2026-08-14T15:31:04.146093,722,811,745,733,668,0
2026-08-14T15:31:04.148131,722,810,744,732,667,0
2026-08-14T15:31:04.148639,722,811,744,733,668,0
2026-08-14T15:31:04.149994,723,809,745,733,668,0
2026-08-14T15:31:04.149994,722,810,745,733,668,0
2026-08-14T15:31:04.153283,722,810,744,733,669,0
2026-08-14T15:31:04.153938,721,809,744,733,669,0
2026-08-14T15:31:04.153938,721,809,745,733,669,0
2026-08-14T15:31:04.153938,722,809,744,733,667,0
2026-08-14T15:31:04.156723,722,809,745,732,668,0
2026-08-14T15:31:04.156723,723,809,743,732,668,0
2026-08-14T15:31:04.158733,722,809,744,733,668,0
2026-08-14T15:31:04.161370,723,809,744,734,668,0
2026-08-14T15:31:04.163378,721,810,745,733,668,0
2026-08-14T15:31:04.163378,723,811,745,732,668,0
2026-08-14T15:31:04.165129,722,809,744,733,669,0
2026-08-14T15:31:04.165129,722,810,743,733,668,0
2026-08-14T15:31:04.165129,721,810,744,733,669,0
2026-08-14T15:31:04.167136,722,809,744,734,668,0
2026-08-14T15:31:04.169903,722,808,743,734,668,0
2026-08-14T15:31:04.170538,722,809,745,733,668,0
2026-08-14T15:31:04.170538,722,810,744,733,667,0
2026-08-14T15:31:04.172667,722,809,744,733,668,0
2026-08-14T15:31:04.174672,723,809,743,733,668,0
2026-08-14T15:31:04.174672,723,809,745,732,669,0
2026-08-14T15:31:04.174672,722,810,745,733,667,0
2026-08-14T15:31:04.176678,722,810,744,733,667,0
2026-08-14T15:31:04.178683,723,810,744,733,668,0
2026-08-14T15:31:04.178683,721,810,744,734,669,0
2026-08-14T15:31:04.180688,721,810,744,734,668,0
2026-08-14T15:31:04.182693,723,809,744,734,668,0
2026-08-14T15:31:04.183199,721,810,744,734,668,0
2026-08-14T15:31:04.183199,722,810,744,734,668,0
2026-08-14T15:31:04.185208,722,809,745,733,669,0
2026-08-14T15:31:04.186641,722,810,744,733,668,0
2026-08-14T15:31:04.187409,722,810,744,732,668,0
2026-08-14T15:31:04.189400,722,809,745,732,668,0
2026-08-14T15:31:04.189400,721,810,744,734,668,0
2026-08-14T15:31:04.191519,722,810,744,732,668,0
2026-08-14T15:31:04.191519,723,810,744,733,668,0
2026-08-14T15:31:04.194032,722,809,745,733,668,0
2026-08-14T15:31:04.194032,722,809,745,733,668,0
2026-08-14T15:31:04.194032,723,808,745,734,667,0
2026-08-14T15:31:04.197058,723,810,745,733,668,0
2026-08-14T15:31:04.199068,721,809,744,734,669,0
2026-08-14T15:31:04.199068,726,808,744,733,668,0
2026-08-14T15:31:04.202166,723,809,744,734,669,0
2026-08-14T15:31:04.203279,723,809,744,733,667,0
2026-08-14T15:31:04.203933,723,810,744,733,668,0
2026-08-14T15:31:04.204616,722,810,744,733,667,0
2026-08-14T15:31:04.204616,723,809,744,733,668,0
2026-08-14T15:31:04.207250,723,810,744,733,668,0
2026-08-14T15:31:04.207250,723,810,744,734,668,0
2026-08-14T15:31:04.209667,723,810,744,733,668,0
2026-08-14T15:31:04.209667,721,810,744,734,668,0
2026-08-14T15:31:04.211675,721,809,745,734,669,0
2026-08-14T15:31:04.212704,722,809,744,733,668,0
2026-08-14T15:31:04.214714,722,810,743,734,668,0
2026-08-14T15:31:04.214714,722,809,745,733,669,0
2026-08-14T15:31:04.214714,723,808,743,733,668,0
2026-08-14T15:31:04.218741,722,810,744,732,669,0
2026-08-14T15:31:04.219967,722,810,744,732,668,0
2026-08-14T15:31:04.219967,723,810,743,733,668,0
2026-08-14T15:31:04.221040,721,810,745,733,667,0
2026-08-14T15:31:04.223264,723,809,745,733,668,0
2026-08-14T15:31:04.223264,722,809,745,733,668,0
2026-08-14T15:31:04.223264,723,810,744,733,667,0
2026-08-14T15:31:04.227285,722,809,744,733,668,0
2026-08-14T15:31:04.227285,721,810,744,733,668,0
2026-08-14T15:31:04.227285,722,810,744,734,669,0
2026-08-14T15:31:04.227285,722,808,744,734,669,0
2026-08-14T15:31:04.230053,723,809,745,733,669,0
2026-08-14T15:31:04.230053,722,810,744,733,668,0
2026-08-14T15:31:04.232069,723,809,744,733,667,0
2026-08-14T15:31:04.232069,723,810,745,732,668,0
2026-08-14T15:31:04.232069,722,809,743,733,669,0
2026-08-14T15:31:04.236997,721,809,744,733,668,0
2026-08-14T15:31:04.237943,722,809,745,733,668,0
2026-08-14T15:31:04.239954,722,811,744,732,669,0
2026-08-14T15:31:04.239954,723,810,744,733,669,0
2026-08-14T15:31:04.239954,722,810,743,731,672,0
2026-08-14T15:31:04.239954,722,813,742,731,674,0
2026-08-14T15:31:04.239954,722,816,740,728,679,0
2026-08-14T15:31:04.239954,723,819,738,725,682,0
2026-08-14T15:31:04.247169,725,822,738,723,688,0
2026-08-14T15:31:04.247169,725,827,737,720,692,0
2026-08-14T15:31:04.247169,726,833,735,717,696,0
2026-08-14T15:31:04.249220,726,838,735,715,701,0
2026-08-14T15:31:04.249220,728,842,734,712,705,0
2026-08-14T15:31:04.249220,728,847,733,710,711,0
2026-08-14T15:31:04.253378,728,853,733,708,714,0
2026-08-14T15:31:04.254116,730,858,733,705,719,0
2026-08-14T15:31:04.256285,732,860,733,702,724,0
2026-08-14T15:31:04.256285,733,867,733,699,729,0
2026-08-14T15:31:04.256285,734,873,732,696,732,0
2026-08-14T15:31:04.258321,735,878,733,697,734,0
2026-08-14T15:31:04.260331,738,881,735,697,736,0
2026-08-14T15:31:04.260331,738,886,739,697,738,0
2026-08-14T15:31:04.263855,739,889,741,696,739,0
2026-08-14T15:31:04.263855,738,894,743,694,740,0
2026-08-14T15:31:04.263855,736,897,745,691,742,0
2026-08-14T15:31:04.265866,736,899,747,689,741,0
2026-08-14T15:31:04.267876,735,898,748,688,742,0
2026-08-14T15:31:04.267876,735,898,747,689,741,0
2026-08-14T15:31:04.269884,735,898,749,691,742,0
2026-08-14T15:31:04.271695,737,894,746,694,741,0
2026-08-14T15:31:04.271695,740,891,748,702,739,0
2026-08-14T15:31:04.273802,740,890,748,708,739,0
2026-08-14T15:31:04.275895,743,894,750,709,741,0
2026-08-14T15:31:04.275895,747,899,752,712,740,0
2026-08-14T15:31:04.275895,748,901,754,714,741,0
2026-08-14T15:31:04.277903,750,900,754,719,741,0
2026-08-14T15:31:04.279911,751,903,755,718,742,0
2026-08-14T15:31:04.279911,751,906,755,717,745,0
2026-08-14T15:31:04.281920,754,907,755,716,747,0
2026-08-14T15:31:04.283928,753,909,753,717,750,0
2026-08-14T15:31:04.283928,755,908,754,719,752,0
2026-08-14T15:31:04.285935,758,908,753,724,750,0
2026-08-14T15:31:04.286592,761,909,754,724,752,0
2026-08-14T15:31:04.288592,761,910,754,722,754,0
2026-08-14T15:31:04.289229,761,912,754,722,755,0
2026-08-14T15:31:04.289229,763,914,756,723,756,0
2026-08-14T15:31:04.292879,763,917,757,724,755,0
2026-08-14T15:31:04.292879,764,917,758,723,756,0
2026-08-14T15:31:04.292879,766,920,760,724,757,0
2026-08-14T15:31:04.294386,765,921,759,723,759,0
2026-08-14T15:31:04.295609,765,922,759,725,759,0
2026-08-14T15:31:04.295609,767,923,760,727,759,0
2026-08-14T15:31:04.295609,770,921,762,733,759,0
2026-08-14T15:31:04.300249,772,917,762,738,758,0
2026-08-14T15:31:04.300249,775,911,759,744,756,0
2026-08-14T15:31:04.302260,775,906,762,750,755,0
2026-08-14T15:31:04.304261,775,910,760,744,757,0
2026-08-14T15:31:04.304261,777,914,761,743,757,0
2026-08-14T15:31:04.306349,776,917,765,743,757,0
2026-08-14T15:31:04.306349,777,919,766,743,756,0
2026-08-14T15:31:04.308357,775,924,768,741,756,0
2026-08-14T15:31:04.308357,776,926,769,740,756,0
2026-08-14T15:31:04.310364,776,928,770,742,756,0
2026-08-14T15:31:04.312375,776,927,773,745,755,0
2026-08-14T15:31:04.314386,777,925,769,746,756,0
2026-08-14T15:31:04.314386,779,917,769,754,753,0
2026-08-14T15:31:04.314386,779,922,769,750,756,0
2026-08-14T15:31:04.316397,781,925,771,750,757,0
2026-08-14T15:31:04.317535,782,928,771,749,758,0
2026-08-14T15:31:04.318548,783,929,770,752,758,0
2026-08-14T15:31:04.320682,784,923,767,759,756,0
2026-08-14T15:31:04.320682,785,923,767,763,756,0
2026-08-14T15:31:04.322693,785,929,767,760,757,0
2026-08-14T15:31:04.322693,785,935,763,756,758,0
2026-08-14T15:31:04.325239,787,934,764,757,758,0
2026-08-14T15:31:04.325239,787,935,764,759,758,0
2026-08-14T15:31:04.325239,787,934,765,764,756,0
2026-08-14T15:31:04.326996,786,933,762,764,757,0
2026-08-14T15:31:04.330600,787,930,756,766,756,0
2026-08-14T15:31:04.331180,786,927,754,768,756,0
2026-08-14T15:31:04.332370,787,922,750,772,754,0
2026-08-14T15:31:04.333023,786,915,750,773,753,0
2026-08-14T15:31:04.333023,787,919,746,771,754,0
2026-08-14T15:31:04.333023,786,924,747,768,754,0
2026-08-14T15:31:04.337221,786,927,751,766,754,0
2026-08-14T15:31:04.337221,785,932,753,764,753,0
2026-08-14T15:31:04.337221,786,933,752,764,753,0
2026-08-14T15:31:04.339417,785,935,751,764,754,0
2026-08-14T15:31:04.339417,784,933,752,764,754,0
2026-08-14T15:31:04.343335,782,926,750,770,752,0
2026-08-14T15:31:04.343335,783,921,750,771,750,0
2026-08-14T15:31:04.345349,783,925,749,767,752,0
2026-08-14T15:31:04.345349,783,927,746,765,753,0
2026-08-14T15:31:04.345349,781,930,748,762,752,0
2026-08-14T15:31:04.345349,780,933,749,760,751,0
2026-08-14T15:31:04.345349,779,935,750,756,752,0
2026-08-14T15:31:04.345349,780,935,750,754,751,0
2026-08-14T15:31:04.351922,778,937,747,752,752,0
2026-08-14T15:31:04.353883,777,938,744,748,754,0
2026-08-14T15:31:04.353883,775,939,738,745,756,0
2026-08-14T15:31:04.353883,774,937,736,745,753,0
2026-08-14T15:31:04.353883,771,933,734,745,753,0
2026-08-14T15:31:04.358620,769,926,733,745,752,0
2026-08-14T15:31:04.358620,768,928,727,738,752,0
2026-08-14T15:31:04.359634,766,929,723,734,754,0
2026-08-14T15:31:04.359634,765,927,721,732,753,0
2026-08-14T15:31:04.359634,764,922,718,733,753,0
2026-08-14T15:31:04.359634,763,914,715,735,753,0
2026-08-14T15:31:04.366277,762,905,712,740,752,0
2026-08-14T15:31:04.366277,760,893,711,744,749,0
2026-08-14T15:31:04.366277,758,893,712,739,748,0
2026-08-14T15:31:04.370629,755,899,708,733,748,0
2026-08-14T15:31:04.370954,752,902,706,725,746,0
2026-08-14T15:31:04.370954,751,900,707,724,745,0
2026-08-14T15:31:04.370954,748,901,709,721,744,0
2026-08-14T15:31:04.370954,746,900,708,720,744,0
2026-08-14T15:31:04.370954,744,895,706,719,744,0
2026-08-14T15:31:04.370954,742,884,702,724,741,0
2026-08-14T15:31:04.376390,740,873,703,726,739,0
2026-08-14T15:31:04.376390,736,860,697,728,738,0
2026-08-14T15:31:04.376390,735,858,691,721,737,0
2026-08-14T15:31:04.376390,731,861,684,714,738,0
2026-08-14T15:31:04.376390,729,859,683,709,735,0
2026-08-14T15:31:04.376390,728,861,683,706,735,0
2026-08-14T15:31:04.376390,725,861,683,703,733,0
2026-08-14T15:31:04.386935,722,861,683,699,732,0
2026-08-14T15:31:04.386935,721,859,681,694,730,0
2026-08-14T15:31:04.386935,717,856,679,691,729,0
2026-08-14T15:31:04.386935,716,845,676,695,727,0
2026-08-14T15:31:04.386935,712,838,674,692,725,0
2026-08-14T15:31:04.386935,709,824,666,693,721,0
2026-08-14T15:31:04.386935,705,806,656,695,718,0
2026-08-14T15:31:04.395068,700,794,650,692,713,0
2026-08-14T15:31:04.395068,696,790,642,684,709,0
2026-08-14T15:31:04.395068,693,793,641,677,708,0
2026-08-14T15:31:04.395068,691,790,642,673,705,0
2026-08-14T15:31:04.395068,688,793,645,669,704,0
2026-08-14T15:31:04.395068,685,794,648,665,701,0
2026-08-14T15:31:04.395068,683,795,652,661,699,0
2026-08-14T15:31:04.403356,680,794,652,659,697,0
2026-08-14T15:31:04.403356,678,788,651,656,694,0
2026-08-14T15:31:04.403356,675,776,645,657,690,0
2026-08-14T15:31:04.403356,671,759,646,659,685,0
2026-08-14T15:31:04.403356,667,759,641,651,682,0
2026-08-14T15:31:04.403356,663,757,639,644,678,0
2026-08-14T15:31:04.409330,658,755,639,638,674,0
2026-08-14T15:31:04.409330,654,755,637,633,670,0
2026-08-14T15:31:04.409330,650,752,636,628,668,0
2026-08-14T15:31:04.409330,644,749,635,622,662,0
2026-08-14T15:31:04.415600,639,740,628,617,656,0
2026-08-14T15:31:04.416354,632,728,616,613,651,0
2026-08-14T15:31:04.416354,627,707,606,615,643,0
2026-08-14T15:31:04.417361,622,695,606,610,636,0
2026-08-14T15:31:04.419368,616,691,598,601,631,0
2026-08-14T15:31:04.420196,611,688,590,592,626,0
2026-08-14T15:31:04.420196,605,684,586,587,622,0
2026-08-14T15:31:04.423856,601,679,581,583,617,0
2026-08-14T15:31:04.423856,599,670,578,581,613,0
2026-08-14T15:31:04.423856,593,657,569,582,608,0
2026-08-14T15:31:04.423856,588,635,563,582,598,0
2026-08-14T15:31:04.427947,578,625,560,574,589,0
2026-08-14T15:31:04.427947,567,619,554,562,579,0
2026-08-14T15:31:04.427947,559,609,546,554,568,0
2026-08-14T15:31:04.432046,548,597,541,546,562,0
2026-08-14T15:31:04.432046,543,591,532,538,555,0
2026-08-14T15:31:04.432046,539,586,523,530,550,0
2026-08-14T15:31:04.433836,529,580,518,524,543,0
2026-08-14T15:31:04.436781,524,578,514,517,538,0
2026-08-14T15:31:04.437813,517,573,511,511,532,0
2026-08-14T15:31:04.437813,512,561,505,508,525,0
2026-08-14T15:31:04.439252,505,556,499,500,519,0
2026-08-14T15:31:04.439252,498,552,489,491,512,0
2026-08-14T15:31:04.439252,491,543,484,485,505,0
2026-08-14T15:31:04.441891,483,538,477,477,498,0
2026-08-14T15:31:04.441891,478,532,472,471,493,0
2026-08-14T15:31:04.441891,471,527,467,466,487,0
2026-08-14T15:31:04.441891,464,520,465,462,481,0
2026-08-14T15:31:04.441891,458,512,457,457,473,0
2026-08-14T15:31:04.441891,453,497,446,452,466,0
2026-08-14T15:31:04.441891,447,475,433,452,457,0
2026-08-14T15:31:04.450762,440,469,435,448,453,0
2026-08-14T15:31:04.453896,436,470,432,440,449,0
2026-08-14T15:31:04.454453,431,470,427,433,445,0
2026-08-14T15:31:04.454453,427,468,426,429,442,0
2026-08-14T15:31:04.454453,422,466,424,424,439,0
2026-08-14T15:31:04.454453,417,465,422,421,434,0
2026-08-14T15:31:04.457991,412,460,419,416,428,0
2026-08-14T15:31:04.459435,408,451,415,414,422,0
2026-08-14T15:31:04.459435,402,446,411,408,418,0
2026-08-14T15:31:04.462809,396,444,408,404,414,0
2026-08-14T15:31:04.462809,391,442,404,398,410,0
2026-08-14T15:31:04.462809,385,437,399,392,406,0
2026-08-14T15:31:04.462809,380,433,396,388,399,0
2026-08-14T15:31:04.466152,374,426,392,380,394,0
2026-08-14T15:31:04.469022,367,423,387,374,387,0
2026-08-14T15:31:04.469529,361,416,381,370,381,0
2026-08-14T15:31:04.469529,357,403,375,368,375,0
2026-08-14T15:31:04.469529,349,397,373,361,367,0
2026-08-14T15:31:04.469529,342,391,368,355,362,0
2026-08-14T15:31:04.474482,334,387,361,348,356,0
2026-08-14T15:31:04.475289,330,386,355,341,351,0
2026-08-14T15:31:04.477301,325,382,348,334,348,0
2026-08-14T15:31:04.477301,318,379,344,328,342,0
2026-08-14T15:31:04.477301,315,373,341,326,339,0
2026-08-14T15:31:04.479057,311,365,336,324,335,0
2026-08-14T15:31:04.479057,309,347,328,323,327,0
2026-08-14T15:31:04.483680,304,336,325,323,322,0
2026-08-14T15:31:04.483680,301,335,323,320,322,0
2026-08-14T15:31:04.483680,298,336,322,316,318,0
2026-08-14T15:31:04.486810,295,333,320,313,314,0
2026-08-14T15:31:04.486810,291,330,315,308,312,0
2026-08-14T15:31:04.486810,286,327,310,302,306,0
2026-08-14T15:31:04.486810,280,320,304,295,300,0
2026-08-14T15:31:04.491018,273,314,300,290,295,0
2026-08-14T15:31:04.491018,268,308,294,285,288,0
2026-08-14T15:31:04.491018,263,300,288,281,284,0
2026-08-14T15:31:04.491018,257,289,281,275,277,0
2026-08-14T15:31:04.491018,249,282,275,268,269,0
2026-08-14T15:31:04.491018,242,278,266,258,262,0
2026-08-14T15:31:04.491018,235,269,257,250,256,0
2026-08-14T15:31:04.499146,229,264,252,245,249,0
2026-08-14T15:31:04.499146,223,258,246,237,243,0
2026-08-14T15:31:04.501157,218,253,241,231,238,0
2026-08-14T15:31:04.502776,211,246,234,224,231,0
2026-08-14T15:31:04.503351,207,241,229,219,225,0
2026-08-14T15:31:04.505415,199,237,224,214,221,0
2026-08-14T15:31:04.505415,195,230,219,208,215,0
2026-08-14T15:31:04.507165,191,222,214,205,211,0
2026-08-14T15:31:04.509991,190,212,207,202,205,0
2026-08-14T15:31:04.509991,184,204,201,198,201,0
2026-08-14T15:31:04.509991,180,200,198,193,196,0
2026-08-14T15:31:04.509991,177,198,194,188,193,0
2026-08-14T15:31:04.514013,175,195,192,185,190,0
2026-08-14T15:31:04.514013,173,194,188,182,188,0
2026-08-14T15:31:04.514013,169,192,187,181,185,0
2026-08-14T15:31:04.518171,167,191,186,177,182,0
2026-08-14T15:31:04.519513,163,188,183,174,179,0
2026-08-14T15:31:04.520439,160,181,179,171,174,0
2026-08-14T15:31:04.520439,157,177,176,167,170,0
2026-08-14T15:31:04.521629,152,175,172,164,167,0
2026-08-14T15:31:04.521629,150,172,169,160,165,0
2026-08-14T15:31:04.521629,147,169,165,157,162,0
2026-08-14T15:31:04.523639,142,167,162,153,158,0
2026-08-14T15:31:04.523639,140,165,159,152,156,0
2026-08-14T15:31:04.523639,140,164,159,149,155,0
2026-08-14T15:31:04.523639,137,160,155,145,150,0
2026-08-14T15:31:04.530472,134,158,151,143,147,0
2026-08-14T15:31:04.531647,132,151,147,138,142,0
2026-08-14T15:31:04.531647,127,145,144,134,137,0
2026-08-14T15:31:04.534568,122,141,141,131,134,0
2026-08-14T15:31:04.534568,120,137,136,127,129,0
2026-08-14T15:31:04.536112,115,134,133,124,126,0
2026-08-14T15:31:04.536876,111,127,129,119,121,0
2026-08-14T15:31:04.536876,109,121,124,115,116,0
2026-08-14T15:31:04.539659,105,117,117,111,112,0
2026-08-14T15:31:04.539659,100,113,112,105,109,0
2026-08-14T15:31:04.539659,98,108,108,102,106,0
2026-08-14T15:31:04.539659,95,106,106,99,102,0
2026-08-14T15:31:04.539659,94,106,105,99,102,0
2026-08-14T15:31:04.539659,92,106,103,97,101,0
2026-08-14T15:31:04.539659,91,106,102,96,101,0
2026-08-14T15:31:04.547692,90,106,102,94,98,0
2026-08-14T15:31:04.547692,89,107,101,93,96,0
2026-08-14T15:31:04.547692,87,103,98,90,95,0
2026-08-14T15:31:04.547692,85,101,96,89,94,0
2026-08-14T15:31:04.547692,82,96,94,87,91,0
2026-08-14T15:31:04.555045,81,94,93,85,87,0
2026-08-14T15:31:04.555045,79,91,89,82,85,0
2026-08-14T15:31:04.556055,76,87,87,78,81,0
2026-08-14T15:31:04.556055,73,85,83,75,77,0
2026-08-14T15:31:04.557895,70,82,79,71,73,0
2026-08-14T15:31:04.557895,66,79,75,67,71,0
2026-08-14T15:31:04.557895,64,76,73,65,69,0
2026-08-14T15:31:04.563225,61,75,70,62,67,0
2026-08-14T15:31:04.563225,58,73,68,61,65,0
2026-08-14T15:31:04.564241,57,72,66,59,62,0
2026-08-14T15:31:04.564241,55,70,64,57,62,0
2026-08-14T15:31:04.566372,55,69,63,55,60,0
2026-08-14T15:31:04.566372,54,66,61,54,58,0
2026-08-14T15:31:04.566372,52,65,58,53,56,0
2026-08-14T15:31:04.570263,51,64,58,50,56,0
2026-08-14T15:31:04.570263,49,61,55,49,53,0
2026-08-14T15:31:04.572338,48,58,53,48,51,0
2026-08-14T15:31:04.575523,45,57,53,46,49,0
2026-08-14T15:31:04.575523,45,57,52,45,49,0
2026-08-14T15:31:04.575523,42,54,50,43,48,0
2026-08-14T15:31:04.575523,42,53,48,41,46,0
2026-08-14T15:31:04.578803,41,51,47,41,45,0
2026-08-14T15:31:04.578803,38,52,46,38,43,0
2026-08-14T15:31:04.580556,38,50,44,38,43,0
2026-08-14T15:31:04.580556,35,49,41,37,41,0
2026-08-14T15:31:04.580556,35,47,40,35,41,0
2026-08-14T15:31:04.580556,35,47,40,34,39,0
2026-08-14T15:31:04.580556,36,46,40,33,38,0
2026-08-14T15:31:04.586997,34,45,39,33,39,0
2026-08-14T15:31:04.586997,33,45,37,33,37,0
2026-08-14T15:31:04.588887,32,45,38,32,37,0
2026-08-14T15:31:04.588887,31,44,37,31,36,0
2026-08-14T15:31:04.588887,31,43,36,32,35,0
2026-08-14T15:31:04.588887,30,41,36,31,35,0
2026-08-14T15:31:04.588887,29,40,36,31,35,0
2026-08-14T15:31:04.588887,29,40,34,29,34,0
2026-08-14T15:31:04.588887,28,39,35,28,32,0
2026-08-14T15:31:04.596934,30,38,32,27,33,0
2026-08-14T15:31:04.600233,28,39,33,27,33,0
2026-08-14T15:31:04.600233,28,38,32,28,32,0
2026-08-14T15:31:04.600233,28,38,33,27,33,0
2026-08-14T15:31:04.604190,29,38,32,29,35,0
2026-08-14T15:31:04.604190,28,39,34,29,34,0
2026-08-14T15:31:04.605200,27,39,33,29,33,0
2026-08-14T15:31:04.605200,28,39,34,30,33,0
2026-08-14T15:31:04.605200,29,39,34,30,35,0
2026-08-14T15:31:04.605200,30,39,34,31,35,0
2026-08-14T15:31:04.605200,29,39,36,30,36,0
2026-08-14T15:31:04.605200,30,40,35,30,35,0
2026-08-14T15:31:04.605200,31,41,35,30,36,0
2026-08-14T15:31:04.613399,31,41,37,31,36,0
2026-08-14T15:31:04.614694,32,40,37,33,38,0
2026-08-14T15:31:04.614694,34,43,39,34,39,0
2026-08-14T15:31:04.614694,33,43,38,33,39,0
2026-08-14T15:31:04.614694,33,43,40,34,40,0
2026-08-14T15:31:04.620569,34,45,41,36,40,0
2026-08-14T15:31:04.620873,35,47,42,36,40,0
2026-08-14T15:31:04.620873,37,47,45,38,44,0
2026-08-14T15:31:04.621881,39,47,45,39,44,0
2026-08-14T15:31:04.624025,39,50,46,40,46,0
2026-08-14T15:31:04.624025,39,50,46,41,46,0
2026-08-14T15:31:04.626035,43,52,48,42,48,0
2026-08-14T15:31:04.626035,43,54,51,43,49,0
2026-08-14T15:31:04.626035,45,55,52,46,50,0
2026-08-14T15:31:04.626035,45,57,53,48,53,0
2026-08-14T15:31:04.630343,48,60,54,48,54,0
2026-08-14T15:31:04.631469,49,60,57,49,55,0
2026-08-14T15:31:04.631469,51,62,59,51,57,0
2026-08-14T15:31:04.631469,52,65,62,54,59,0
2026-08-14T15:31:04.637025,54,67,64,55,60,0
2026-08-14T15:31:04.637025,57,69,65,57,63,0
2026-08-14T15:31:04.637025,59,69,66,59,64,0
2026-08-14T15:31:04.641041,60,71,68,61,66,0
2026-08-14T15:31:04.641718,62,72,71,62,67,0
2026-08-14T15:31:04.641718,63,74,73,63,69,0
2026-08-14T15:31:04.641718,67,76,75,67,70,0
2026-08-14T15:31:04.645142,69,79,78,70,74,0
2026-08-14T15:31:04.645142,70,80,81,70,75,0
2026-08-14T15:31:04.645142,74,83,84,74,77,0
2026-08-14T15:31:04.649243,75,86,87,76,79,0
2026-08-14T15:31:04.649928,77,87,88,76,82,0
2026-08-14T15:31:04.649928,78,89,90,78,83,0
2026-08-14T15:31:04.649928,81,90,91,79,84,0
2026-08-14T15:31:04.652894,80,93,92,79,85,0
2026-08-14T15:31:04.653424,82,95,93,80,87,0
2026-08-14T15:31:04.653424,84,96,94,82,88,0
2026-08-14T15:31:04.657550,85,98,96,83,90,0
2026-08-14T15:31:04.657550,87,99,100,84,91,0
2026-08-14T15:31:04.657550,89,102,101,85,94,0
2026-08-14T15:31:04.657550,91,106,102,87,96,0
2026-08-14T15:31:04.657550,93,108,106,90,98,0
2026-08-14T15:31:04.657550,96,112,110,92,99,0
2026-08-14T15:31:04.657550,98,114,112,95,103,0
2026-08-14T15:31:04.663581,100,114,114,98,104,0
2026-08-14T15:31:04.663581,103,117,120,101,107,0
2026-08-14T15:31:04.663581,108,118,123,106,109,0
2026-08-14T15:31:04.669699,110,123,128,109,112,0
2026-08-14T15:31:04.670672,116,127,134,113,117,0
2026-08-14T15:31:04.671043,122,131,138,118,122,0
2026-08-14T15:31:04.672094,125,136,143,123,126,0
2026-08-14T15:31:04.672094,129,140,144,124,131,0
2026-08-14T15:31:04.672094,131,143,146,126,132,0
2026-08-14T15:31:04.672094,132,145,150,129,135,0
2026-08-14T15:31:04.677903,135,148,153,131,139,0
2026-08-14T15:31:04.677903,137,152,156,132,141,0
2026-08-14T15:31:04.677903,141,158,160,134,145,0
2026-08-14T15:31:04.677903,145,161,164,137,148,0
2026-08-14T15:31:04.681989,148,165,167,140,151,0
2026-08-14T15:31:04.681989,150,169,173,143,155,0
2026-08-14T15:31:04.681989,154,172,175,146,158,0
2026-08-14T15:31:04.684434,158,176,178,150,161,0
2026-08-14T15:31:04.686907,162,181,183,152,165,0
2026-08-14T15:31:04.688116,164,185,187,154,167,0
2026-08-14T15:31:04.688116,167,189,190,157,171,0
2026-08-14T15:31:04.688116,171,194,195,160,175,0
2026-08-14T15:31:04.688116,174,197,199,163,180,0
2026-08-14T15:31:04.691895,178,201,204,167,181,0
2026-08-14T15:31:04.691895,182,203,207,172,186,0
2026-08-14T15:31:04.691895,185,209,213,174,189,0
2026-08-14T15:31:04.691895,189,214,216,177,194,0
2026-08-14T15:31:04.696467,192,218,222,180,199,0
2026-08-14T15:31:04.696467,197,225,225,183,204,0
2026-08-14T15:31:04.696467,201,232,231,187,209,0
2026-08-14T15:31:04.696467,205,238,236,189,213,0
2026-08-14T15:31:04.696467,209,242,241,195,219,0
2026-08-14T15:31:04.704018,215,249,246,199,223,0
2026-08-14T15:31:04.704018,221,255,253,204,228,0
2026-08-14T15:31:04.705922,225,258,257,211,234,0
2026-08-14T15:31:04.705922,232,263,264,216,238,0
2026-08-14T15:31:04.705922,238,267,270,224,243,0
2026-08-14T15:31:04.705922,244,269,275,230,247,0
2026-08-14T15:31:04.710287,248,276,282,232,249,0
2026-08-14T15:31:04.710287,251,280,286,234,254,0
2026-08-14T15:31:04.712083,256,288,291,239,261,0
2026-08-14T15:31:04.712083,261,295,298,242,266,0
2026-08-14T15:31:04.712083,264,303,304,244,271,0
2026-08-14T15:31:04.712083,270,309,309,250,276,0
2026-08-14T15:31:04.712083,275,316,314,254,282,0
2026-08-14T15:31:04.712083,281,320,319,258,285,0
2026-08-14T15:31:04.719717,284,323,325,266,289,0
2026-08-14T15:31:04.720741,290,329,332,269,293,0
2026-08-14T15:31:04.721328,296,335,337,273,298,0
2026-08-14T15:31:04.721328,299,343,343,276,303,0
2026-08-14T15:31:04.721328,305,350,347,278,308,0
2026-08-14T15:31:04.721328,309,357,351,279,312,0
2026-08-14T15:31:04.721328,315,362,358,285,318,0
2026-08-14T15:31:04.727764,319,371,365,290,324,0
2026-08-14T15:31:04.727764,323,377,373,297,327,0
2026-08-14T15:31:04.731144,329,380,379,304,329,0
2026-08-14T15:31:04.731144,336,379,384,314,330,0
2026-08-14T15:31:04.731144,341,384,393,322,332,0
2026-08-14T15:31:04.732900,348,386,400,331,334,0
2026-08-14T15:31:04.732900,354,394,412,340,335,0
2026-08-14T15:31:04.736560,362,398,419,350,338,0
2026-08-14T15:31:04.737384,370,405,429,358,343,0
2026-08-14T15:31:04.738059,377,412,436,364,347,0
2026-08-14T15:31:04.738059,382,413,442,373,349,0
2026-08-14T15:31:04.738059,390,423,445,375,360,0
2026-08-14T15:31:04.741040,393,428,446,377,367,0
2026-08-14T15:31:04.744075,396,436,452,376,373,0
2026-08-14T15:31:04.744075,398,442,454,377,378,0
2026-08-14T15:31:04.744075,401,447,456,378,380,0
2026-08-14T15:31:04.746087,402,453,459,378,384,0
2026-08-14T15:31:04.746087,405,456,462,378,388,0
2026-08-14T15:31:04.746087,408,462,464,380,391,0
2026-08-14T15:31:04.746087,408,468,467,380,394,0
2026-08-14T15:31:04.752808,412,470,471,382,396,0
2026-08-14T15:31:04.753796,415,472,471,385,396,0
2026-08-14T15:31:04.753796,416,474,473,391,398,0
2026-08-14T15:31:04.753796,420,476,481,396,398,0
2026-08-14T15:31:04.753796,424,481,486,400,399,0
2026-08-14T15:31:04.753796,428,484,491,404,401,0
2026-08-14T15:31:04.759817,432,488,497,412,402,0
2026-08-14T15:31:04.759817,436,492,504,420,404,0
2026-08-14T15:31:04.760830,441,498,512,425,405,0
2026-08-14T15:31:04.760830,445,505,518,430,408,0
2026-08-14T15:31:04.763919,450,509,524,435,411,0
2026-08-14T15:31:04.763919,455,515,530,440,415,0
2026-08-14T15:31:04.763919,460,522,535,444,418,0
2026-08-14T15:31:04.763919,462,528,540,447,423,0
2026-08-14T15:31:04.763919,466,533,542,449,428,0
2026-08-14T15:31:04.769042,471,539,546,453,432,0
2026-08-14T15:31:04.772092,474,546,549,457,437,0
2026-08-14T15:31:04.772092,479,551,553,459,441,0
2026-08-14T15:31:04.772092,483,556,557,462,446,0
2026-08-14T15:31:04.772092,486,562,560,467,450,0
2026-08-14T15:31:04.776186,490,566,563,470,455,0
2026-08-14T15:31:04.776186,494,567,564,475,458,0
2026-08-14T15:31:04.777199,497,570,565,478,460,0
2026-08-14T15:31:04.780290,500,571,570,482,462,0
2026-08-14T15:31:04.780290,502,572,574,488,463,0
2026-08-14T15:31:04.780290,506,571,574,494,465,0
2026-08-14T15:31:04.780290,508,579,580,493,469,0
2026-08-14T15:31:04.784229,512,584,583,496,472,0
2026-08-14T15:31:04.785248,514,588,586,500,476,0
2026-08-14T15:31:04.786058,517,592,589,501,478,0
2026-08-14T15:31:04.788455,519,596,592,502,481,0
2026-08-14T15:31:04.788455,520,599,594,503,483,0
2026-08-14T15:31:04.788455,522,599,596,506,484,0
2026-08-14T15:31:04.788455,523,602,597,508,487,0
2026-08-14T15:31:04.792610,522,601,597,508,487,0
2026-08-14T15:31:04.793316,523,600,598,508,486,0
2026-08-14T15:31:04.793316,523,597,595,508,484,0
2026-08-14T15:31:04.795326,522,593,596,508,483,0
2026-08-14T15:31:04.795326,521,592,593,509,479,0
2026-08-14T15:31:04.795326,520,588,592,509,477,0
2026-08-14T15:31:04.798509,520,583,592,509,474,0
2026-08-14T15:31:04.800853,519,581,593,511,469,0
2026-08-14T15:31:04.801788,516,579,594,510,466,0
2026-08-14T15:31:04.802711,514,575,593,511,462,0
2026-08-14T15:31:04.804285,513,572,594,511,458,0
2026-08-14T15:31:04.804285,514,567,593,511,455,0
2026-08-14T15:31:04.804285,510,563,592,511,453,0
2026-08-14T15:31:04.808436,509,559,589,512,449,0
2026-08-14T15:31:04.809445,508,557,589,511,447,0
2026-08-14T15:31:04.809445,508,552,587,510,443,0
2026-08-14T15:31:04.809445,506,548,586,509,442,0
2026-08-14T15:31:04.812226,506,544,584,509,439,0
2026-08-14T15:31:04.813256,503,540,582,509,435,0
2026-08-14T15:31:04.813256,503,536,582,508,431,0
2026-08-14T15:31:04.816651,501,535,581,507,429,0
2026-08-14T15:31:04.817505,500,532,579,506,428,0
2026-08-14T15:31:04.818175,498,532,578,505,425,0
2026-08-14T15:31:04.818175,496,529,577,505,423,0
2026-08-14T15:31:04.821282,497,528,575,504,422,0
2026-08-14T15:31:04.821282,495,527,573,502,423,0
2026-08-14T15:31:04.821282,495,525,573,502,422,0
2026-08-14T15:31:04.823862,496,526,574,504,420,0
2026-08-14T15:31:04.823862,496,525,573,503,421,0
2026-08-14T15:31:04.823862,496,526,572,503,422,0
2026-08-14T15:31:04.823862,497,526,574,503,422,0
2026-08-14T15:31:04.823862,496,528,574,503,423,0
2026-08-14T15:31:04.823862,496,530,573,504,424,0
2026-08-14T15:31:04.823862,497,530,574,504,427,0
2026-08-14T15:31:04.832971,499,532,574,505,429,0
2026-08-14T15:31:04.833564,499,533,574,505,432,0
2026-08-14T15:31:04.833564,501,535,575,505,432,0
2026-08-14T15:31:04.836938,502,536,574,506,434,0
2026-08-14T15:31:04.836938,501,538,574,506,436,0
2026-08-14T15:31:04.836938,502,538,575,506,437,0
2026-08-14T15:31:04.836938,502,540,575,506,438,0
2026-08-14T15:31:04.841656,503,540,574,505,438,0
2026-08-14T15:31:04.841656,503,541,574,506,438,0
2026-08-14T15:31:04.841656,503,540,575,506,439,0
2026-08-14T15:31:04.844049,502,541,575,505,437,0
2026-08-14T15:31:04.844049,502,540,575,506,438,0
2026-08-14T15:31:04.844049,502,540,574,507,437,0
2026-08-14T15:31:04.844049,503,539,574,507,437,0
2026-08-14T15:31:04.849986,501,540,574,506,438,0
2026-08-14T15:31:04.850554,502,540,574,506,438,0
2026-08-14T15:31:04.850554,503,539,575,506,438,0
2026-08-14T15:31:04.853237,502,539,575,505,438,0
2026-08-14T15:31:04.853237,502,539,574,506,437,0
2026-08-14T15:31:04.853237,502,539,575,506,438,0
2026-08-14T15:31:04.853237,503,539,574,506,436,0
2026-08-14T15:31:04.857657,502,540,574,505,436,0
2026-08-14T15:31:04.857657,502,539,574,506,437,0
2026-08-14T15:31:04.857657,501,540,574,506,436,0
2026-08-14T15:31:04.861917,502,539,575,505,437,0
2026-08-14T15:31:04.861917,501,539,574,506,436,0
2026-08-14T15:31:04.861917,502,538,574,506,435,0
2026-08-14T15:31:04.861917,502,536,575,507,435,0
2026-08-14T15:31:04.865780,500,537,575,506,435,0
2026-08-14T15:31:04.865780,501,537,574,505,434,0
2026-08-14T15:31:04.867960,501,536,575,507,435,0
2026-08-14T15:31:04.869558,501,536,574,506,435,0
2026-08-14T15:31:04.870714,502,536,575,506,434,0
2026-08-14T15:31:04.870714,502,536,574,505,433,0
2026-08-14T15:31:04.873847,502,535,574,506,433,0
2026-08-14T15:31:04.873847,501,536,574,505,434,0
2026-08-14T15:31:04.873847,501,535,574,506,434,0
2026-08-14T15:31:04.876173,501,536,574,505,433,0
2026-08-14T15:31:04.876173,501,535,575,505,433,0
2026-08-14T15:31:04.876173,501,535,575,506,434,0
2026-08-14T15:31:04.876173,500,535,574,506,434,0
2026-08-14T15:31:04.882086,500,536,574,507,433,0
2026-08-14T15:31:04.882086,500,535,574,506,433,0
2026-08-14T15:31:04.884099,501,535,573,505,434,0
2026-08-14T15:31:04.884099,500,535,574,506,434,0
2026-08-14T15:31:04.886510,501,535,574,505,434,0
2026-08-14T15:31:04.887213,501,535,574,505,433,0
2026-08-14T15:31:04.887213,501,534,574,505,433,0
2026-08-14T15:31:04.890791,501,535,574,505,434,0
2026-08-14T15:31:04.891675,500,534,574,506,433,0
2026-08-14T15:31:04.891675,501,535,575,505,434,0
2026-08-14T15:31:04.893689,501,534,574,506,433,0
2026-08-14T15:31:04.893689,500,536,574,506,434,0
2026-08-14T15:31:04.895702,501,534,574,506,434,0
2026-08-14T15:31:04.895702,500,536,574,506,434,0
2026-08-14T15:31:04.897714,501,535,573,506,433,0
2026-08-14T15:31:04.899224,501,535,574,506,433,0
2026-08-14T15:31:04.899224,503,534,574,506,434,0
2026-08-14T15:31:04.902775,501,535,575,505,433,0
2026-08-14T15:31:04.903397,501,535,573,506,433,0
2026-08-14T15:31:04.903397,500,536,574,506,433,0
2026-08-14T15:31:04.903397,500,535,574,505,434,0
2026-08-14T15:31:04.907195,501,534,575,506,433,0
2026-08-14T15:31:04.907195,499,536,575,506,432,0
2026-08-14T15:31:04.907195,501,535,575,506,433,0
2026-08-14T15:31:04.911268,500,535,574,506,433,0
2026-08-14T15:31:04.912251,500,535,574,506,434,0
2026-08-14T15:31:04.912251,500,534,574,506,433,0
2026-08-14T15:31:04.912251,501,535,574,505,433,0
2026-08-14T15:31:04.915370,502,535,573,506,433,0
2026-08-14T15:31:04.915370,502,534,573,506,433,0
2026-08-14T15:31:04.915370,501,535,573,506,434,0
2026-08-14T15:31:04.919544,500,536,575,505,433,0
2026-08-14T15:31:04.920397,499,536,574,505,433,0
2026-08-14T15:31:04.920397,501,535,574,506,433,0
2026-08-14T15:31:04.920397,499,536,574,506,433,0
2026-08-14T15:31:04.923051,501,535,575,506,433,0
2026-08-14T15:31:04.923051,501,536,574,506,433,0
2026-08-14T15:31:04.923051,501,535,573,506,433,0
2026-08-14T15:31:04.923051,500,536,574,505,434,0
2026-08-14T15:31:04.923051,501,534,574,506,433,0
2026-08-14T15:31:04.923051,502,536,575,505,433,0
2026-08-14T15:31:04.923051,502,535,573,506,433,0
2026-08-14T15:31:04.931084,500,536,574,506,433,0
2026-08-14T15:31:04.931084,500,536,575,506,433,0
2026-08-14T15:31:04.931084,501,535,575,506,433,0
2026-08-14T15:31:04.931084,501,536,574,505,433,0
2026-08-14T15:31:04.937237,500,535,574,506,433,0
2026-08-14T15:31:04.937237,500,536,573,505,433,0
2026-08-14T15:31:04.939211,499,536,574,506,434,0
2026-08-14T15:31:04.939211,500,536,574,505,434,0
2026-08-14T15:31:04.939211,501,535,574,505,433,0
2026-08-14T15:31:04.939211,500,535,574,506,433,0
2026-08-14T15:31:04.944045,501,534,574,505,434,0
2026-08-14T15:31:04.944045,501,536,575,505,433,0
2026-08-14T15:31:04.944045,501,535,574,506,433,0
2026-08-14T15:31:04.948191,501,535,575,505,434,0
2026-08-14T15:31:04.948191,501,535,574,505,434,0
2026-08-14T15:31:04.948191,499,536,575,507,432,0
2026-08-14T15:31:04.948191,500,536,574,505,433,0
2026-08-14T15:31:04.948191,501,535,575,506,433,0
2026-08-14T15:31:04.948191,501,534,573,505,434,0
2026-08-14T15:31:04.953342,500,535,574,506,433,0
2026-08-14T15:31:04.956319,500,536,573,506,433,0
2026-08-14T15:31:04.956319,500,535,573,506,433,0
2026-08-14T15:31:04.958080,502,535,573,506,433,0
2026-08-14T15:31:04.958080,501,535,575,505,434,0
2026-08-14T15:31:04.960383,500,536,574,505,434,0
2026-08-14T15:31:04.960383,500,536,575,505,434,0
2026-08-14T15:31:04.960383,501,536,575,505,434,0
2026-08-14T15:31:04.964518,501,534,574,506,433,0
2026-08-14T15:31:04.964518,501,535,575,506,433,0
2026-08-14T15:31:04.966281,500,536,574,505,433,0
2026-08-14T15:31:04.966281,501,536,573,506,433,0
2026-08-14T15:31:04.966281,499,535,574,505,434,0
2026-08-14T15:31:04.969484,501,536,574,506,434,0
2026-08-14T15:31:04.970082,502,536,574,506,433,0
2026-08-14T15:31:04.972692,501,536,573,505,434,0
2026-08-14T15:31:04.972692,501,535,573,506,433,0
2026-08-14T15:31:04.972692,501,536,574,505,433,0
2026-08-14T15:31:04.975637,501,535,575,506,433,0
2026-08-14T15:31:04.975637,501,535,575,506,434,0
2026-08-14T15:31:04.975637,500,536,574,506,434,0
2026-08-14T15:31:04.978599,500,535,574,506,434,0
2026-08-14T15:31:04.980384,500,535,575,506,434,0
2026-08-14T15:31:04.980384,500,536,575,505,433,0
2026-08-14T15:31:04.980384,500,535,574,506,434,0
2026-08-14T15:31:04.982733,501,535,573,506,434,0
2026-08-14T15:31:04.982733,501,535,574,506,433,0
2026-08-14T15:31:04.986568,501,536,575,505,433,0
2026-08-14T15:31:04.987914,501,536,574,505,434,0
2026-08-14T15:31:04.987914,500,536,575,506,433,0
2026-08-14T15:31:04.987914,501,535,575,506,433,0
2026-08-14T15:31:04.987914,500,535,574,506,433,0
2026-08-14T15:31:04.987914,501,536,574,505,432,0
2026-08-14T15:31:04.987914,502,535,574,506,433,0
2026-08-14T15:31:04.987914,501,537,575,505,434,0
2026-08-14T15:31:04.987914,501,535,575,506,434,0
2026-08-14T15:31:04.997057,500,535,574,505,434,0
2026-08-14T15:31:04.997057,501,536,573,506,433,0
2026-08-14T15:31:04.997057,502,536,574,506,433,0
2026-08-14T15:31:05.001371,501,537,575,505,433,0
2026-08-14T15:31:05.001371,501,535,575,505,433,0
2026-08-14T15:31:05.003180,500,537,575,505,434,0
2026-08-14T15:31:05.005196,501,537,575,505,433,0
2026-08-14T15:31:05.005196,501,535,575,506,434,0
2026-08-14T15:31:05.005196,501,536,575,506,433,0
2026-08-14T15:31:05.005196,500,537,575,506,434,0
2026-08-14T15:31:05.009497,501,536,574,507,434,0
2026-08-14T15:31:05.009497,501,535,575,505,433,0
2026-08-14T15:31:05.009497,500,536,575,506,434,0
2026-08-14T15:31:05.012227,501,536,574,506,433,0
2026-08-14T15:31:05.012227,502,537,575,505,433,0
2026-08-14T15:31:05.012227,501,537,575,506,433,0
2026-08-14T15:31:05.015430,500,535,575,505,434,0
2026-08-14T15:31:05.015430,500,536,575,506,433,0
2026-08-14T15:31:05.015430,500,537,575,506,433,0
2026-08-14T15:31:05.019462,500,537,575,506,433,0
2026-08-14T15:31:05.021106,501,535,575,506,433,0
2026-08-14T15:31:05.021106,501,535,575,506,433,0
2026-08-14T15:31:05.021106,501,536,575,506,434,0
2026-08-14T15:31:05.021106,500,537,574,505,434,0
2026-08-14T15:31:05.021106,500,535,576,506,434,0
2026-08-14T15:31:05.021106,501,536,574,506,434,0
2026-08-14T15:31:05.021106,501,535,575,506,434,0
2026-08-14T15:31:05.030043,501,537,575,505,434,0
2026-08-14T15:31:05.030043,502,536,574,506,433,0
2026-08-14T15:31:05.030043,500,536,574,506,433,0
2026-08-14T15:31:05.030043,501,536,575,507,434,0
2026-08-14T15:31:05.034167,501,536,576,507,434,0
2026-08-14T15:31:05.034167,501,536,575,507,434,0
2026-08-14T15:31:05.034167,500,536,574,507,434,0
2026-08-14T15:31:05.038058,500,536,575,506,434,0
2026-08-14T15:31:05.038058,501,535,575,506,434,0
2026-08-14T15:31:05.038058,500,535,574,505,433,0
2026-08-14T15:31:05.039982,501,535,575,505,434,0
2026-08-14T15:31:05.039982,501,535,575,505,434,0
2026-08-14T15:31:05.039982,502,536,575,506,433,0
2026-08-14T15:31:05.044513,501,537,574,506,434,0
2026-08-14T15:31:05.044513,501,536,574,506,433,0
2026-08-14T15:31:05.044513,500,537,575,506,433,0
2026-08-14T15:31:05.044513,499,535,576,507,433,0
2026-08-14T15:31:05.044513,500,537,576,506,434,0
2026-08-14T15:31:05.044513,501,536,575,506,434,0
2026-08-14T15:31:05.044513,500,536,576,507,434,0
2026-08-14T15:31:05.053794,500,536,575,507,434,0
2026-08-14T15:31:05.054599,500,537,575,506,435,0
2026-08-14T15:31:05.054599,501,537,575,505,434,0
2026-08-14T15:31:05.056608,502,536,575,506,433,0
2026-08-14T15:31:05.058719,501,537,575,505,433,0
2026-08-14T15:31:05.058719,501,536,576,506,433,0
2026-08-14T15:31:05.058719,501,537,575,505,433,0
2026-08-14T15:31:05.060480,501,537,575,506,433,0
2026-08-14T15:31:05.061673,500,536,576,506,434,0
2026-08-14T15:31:05.061673,500,537,576,507,434,0
2026-08-14T15:31:05.061673,500,537,575,506,433,0
2026-08-14T15:31:05.066918,501,536,576,506,434,0
2026-08-14T15:31:05.066918,501,536,575,507,433,0
2026-08-14T15:31:05.066918,501,536,575,506,434,0
2026-08-14T15:31:05.070831,501,536,575,506,434,0
2026-08-14T15:31:05.070831,501,536,575,506,434,0
2026-08-14T15:31:05.070831,501,537,576,506,434,0
2026-08-14T15:31:05.072767,500,536,576,506,434,0
2026-08-14T15:31:05.075098,501,537,576,506,433,0
2026-08-14T15:31:05.075098,500,537,576,506,433,0
2026-08-14T15:31:05.075098,501,536,575,506,433,0
2026-08-14T15:31:05.077313,501,536,576,506,434,0
2026-08-14T15:31:05.077313,500,537,575,507,433,0
2026-08-14T15:31:05.077313,500,537,575,506,434,0
2026-08-14T15:31:05.081032,501,536,576,506,433,0
2026-08-14T15:31:05.081032,501,536,575,507,433,0
2026-08-14T15:31:05.081032,501,536,576,506,434,0
2026-08-14T15:31:05.081032,502,537,574,506,434,0
2026-08-14T15:31:05.087374,502,536,575,506,434,0
2026-08-14T15:31:05.087374,502,537,576,505,433,0
2026-08-14T15:31:05.087374,500,537,575,506,435,0
2026-08-14T15:31:05.087374,501,535,576,506,434,0
2026-08-14T15:31:05.087374,501,536,577,507,433,0
2026-08-14T15:31:05.087374,500,537,576,506,434,0
2026-08-14T15:31:05.087374,501,537,576,507,434,0
2026-08-14T15:31:05.095602,500,537,575,506,434,0
2026-08-14T15:31:05.095602,502,535,576,506,434,0
2026-08-14T15:31:05.095602,500,536,576,506,434,0
2026-08-14T15:31:05.095602,501,536,575,506,434,0
2026-08-14T15:31:05.099657,501,535,576,506,433,0
2026-08-14T15:31:05.099657,501,537,576,506,434,0
2026-08-14T15:31:05.101420,501,536,576,506,433,0
2026-08-14T15:31:05.103759,501,536,574,506,434,0
2026-08-14T15:31:05.103759,501,537,575,507,433,0
2026-08-14T15:31:05.103759,500,537,575,507,434,0
2026-08-14T15:31:05.105510,500,537,577,507,433,0
2026-08-14T15:31:05.105510,501,537,575,506,434,0
2026-08-14T15:31:05.105510,502,536,575,507,434,0
2026-08-14T15:31:05.109575,501,536,576,506,435,0
2026-08-14T15:31:05.109575,500,538,575,507,434,0
2026-08-14T15:31:05.109575,501,537,575,505,435,0
2026-08-14T15:31:05.113725,501,536,575,506,434,0
2026-08-14T15:31:05.114439,501,536,575,506,433,0
2026-08-14T15:31:05.116449,501,536,576,506,434,0
2026-08-14T15:31:05.117963,500,538,575,507,434,0
2026-08-14T15:31:05.117963,500,538,576,506,433,0
2026-08-14T15:31:05.119531,501,535,576,506,434,0
2026-08-14T15:31:05.120347,500,536,576,506,434,0
2026-08-14T15:31:05.120347,501,537,576,507,433,0
2026-08-14T15:31:05.124266,500,537,576,506,434,0
2026-08-14T15:31:05.124266,501,536,575,506,435,0
2026-08-14T15:31:05.124266,500,536,575,506,434,0
2026-08-14T15:31:05.126035,500,537,575,507,434,0
2026-08-14T15:31:05.128340,501,537,576,507,433,0
2026-08-14T15:31:05.128340,501,538,576,506,434,0
2026-08-14T15:31:05.128340,501,536,576,506,434,0
2026-08-14T15:31:05.128340,500,537,576,506,433,0
2026-08-14T15:31:05.128340,500,537,576,506,434,0
2026-08-14T15:31:05.128340,503,538,576,506,434,0
2026-08-14T15:31:05.136210,502,537,575,507,434,0
2026-08-14T15:31:05.136946,500,537,575,506,434,0
2026-08-14T15:31:05.136946,500,535,576,507,434,0
2026-08-14T15:31:05.136946,501,536,576,507,434,0
2026-08-14T15:31:05.136946,501,536,576,506,434,0
2026-08-14T15:31:05.136946,501,536,575,507,434,0
2026-08-14T15:31:05.142395,501,536,576,507,434,0
2026-08-14T15:31:05.142395,502,537,576,506,433,0
2026-08-14T15:31:05.142395,502,536,575,507,434,0
2026-08-14T15:31:05.142395,502,537,575,507,434,0
2026-08-14T15:31:05.146550,501,536,577,507,433,0
2026-08-14T15:31:05.148832,501,536,577,507,433,0
2026-08-14T15:31:05.148832,501,538,576,506,433,0
2026-08-14T15:31:05.148832,501,536,575,506,434,0
2026-08-14T15:31:05.151122,501,536,576,507,434,0
2026-08-14T15:31:05.153818,501,537,575,507,434,0
2026-08-14T15:31:05.153818,500,537,575,506,434,0
2026-08-14T15:31:05.153818,502,537,575,506,434,0
2026-08-14T15:31:05.153818,501,537,575,507,434,0
2026-08-14T15:31:05.153818,502,536,575,507,434,0
2026-08-14T15:31:05.153818,502,536,575,506,434,0
2026-08-14T15:31:05.160661,502,536,575,506,434,0
2026-08-14T15:31:05.160661,501,537,576,506,434,0
2026-08-14T15:31:05.162669,501,537,577,507,433,0
2026-08-14T15:31:05.162669,500,536,576,507,434,0
2026-08-14T15:31:05.164676,500,537,577,507,434,0
2026-08-14T15:31:05.164676,502,537,575,507,434,0
2026-08-14T15:31:05.164676,501,537,575,507,434,0
2026-08-14T15:31:05.166683,501,536,576,508,434,0
2026-08-14T15:31:05.169771,501,537,576,507,434,0
2026-08-14T15:31:05.170775,503,536,575,507,433,0
2026-08-14T15:31:05.173424,502,536,576,507,434,0
2026-08-14T15:31:05.173424,502,536,576,506,434,0
2026-08-14T15:31:05.173424,501,537,575,506,434,0
2026-08-14T15:31:05.175192,501,535,577,507,434,0
2026-08-14T15:31:05.176793,501,537,576,506,434,0
2026-08-14T15:31:05.176793,501,536,576,506,434,0
2026-08-14T15:31:05.176793,501,536,576,507,434,0
2026-08-14T15:31:05.181320,501,536,577,507,434,0
2026-08-14T15:31:05.181320,501,536,576,506,434,0
2026-08-14T15:31:05.183329,501,535,575,508,435,0
2026-08-14T15:31:05.184084,500,536,576,506,434,0
2026-08-14T15:31:05.184084,501,536,577,506,434,0
2026-08-14T15:31:05.186400,502,538,576,507,433,0
2026-08-14T15:31:05.186985,502,537,576,506,434,0
2026-08-14T15:31:05.189177,501,536,576,506,434,0
2026-08-14T15:31:05.189177,500,536,576,507,434,0
2026-08-14T15:31:05.189177,501,536,577,507,434,0
2026-08-14T15:31:05.191721,501,536,577,506,433,0
2026-08-14T15:31:05.192554,501,535,576,506,435,0
2026-08-14T15:31:05.192554,501,535,576,508,434,0
2026-08-14T15:31:05.192554,501,536,577,507,433,0
2026-08-14T15:31:05.197996,501,536,575,506,434,0
2026-08-14T15:31:05.197996,501,536,575,507,434,0
2026-08-14T15:31:05.197996,501,537,576,507,433,0
2026-08-14T15:31:05.202095,500,537,577,507,433,0
2026-08-14T15:31:05.203129,502,537,576,506,434,0
2026-08-14T15:31:05.203972,502,537,575,506,434,0
2026-08-14T15:31:05.203972,501,537,576,507,435,0
2026-08-14T15:31:05.206182,500,536,577,507,434,0
2026-08-14T15:31:05.206182,501,537,576,506,434,0
2026-08-14T15:31:05.206182,501,536,576,507,434,0
2026-08-14T15:31:05.208737,501,537,576,507,434,0
2026-08-14T15:31:05.208737,501,536,575,506,434,0
2026-08-14T15:31:05.208737,501,537,576,506,434,0
2026-08-14T15:31:05.208737,501,536,576,506,435,0
2026-08-14T15:31:05.208737,501,536,576,506,433,0
2026-08-14T15:31:05.208737,501,537,576,507,435,0
2026-08-14T15:31:05.208737,500,536,576,507,434,0
2026-08-14T15:31:05.217223,500,538,575,506,434,0
2026-08-14T15:31:05.217223,500,536,575,506,434,0
2026-08-14T15:31:05.220389,501,536,576,508,435,0
2026-08-14T15:31:05.220389,500,537,576,507,434,0
2026-08-14T15:31:05.220389,501,536,576,507,434,0
2026-08-14T15:31:05.220389,501,536,575,507,434,0
2026-08-14T15:31:05.220389,501,536,576,506,434,0
2026-08-14T15:31:05.226641,502,536,576,507,433,0
2026-08-14T15:31:05.226641,501,537,575,507,433,0
2026-08-14T15:31:05.226641,500,537,576,506,433,0
2026-08-14T15:31:05.228406,501,537,576,506,434,0
2026-08-14T15:31:05.229559,500,537,576,507,434,0
2026-08-14T15:31:05.229559,501,536,576,506,433,0
2026-08-14T15:31:05.229559,502,537,576,508,434,0
2026-08-14T15:31:05.232773,501,537,577,506,434,0
2026-08-14T15:31:05.232773,500,536,576,508,434,0
2026-08-14T15:31:05.236516,500,536,576,508,434,0
2026-08-14T15:31:05.237604,501,535,576,506,434,0
2026-08-14T15:31:05.237604,501,536,576,506,434,0
2026-08-14T15:31:05.237604,501,537,575,507,434,0
2026-08-14T15:31:05.240965,501,537,575,508,434,0
2026-08-14T15:31:05.240965,500,537,577,507,434,0
2026-08-14T15:31:05.240965,501,537,576,507,434,0
2026-08-14T15:31:05.240965,502,537,575,506,435,0
2026-08-14T15:31:05.240965,500,536,577,507,435,0
2026-08-14T15:31:05.240965,501,536,577,507,434,0
2026-08-14T15:31:05.240965,501,537,576,508,434,0
2026-08-14T15:31:05.249044,500,535,576,506,434,0
2026-08-14T15:31:05.251245,501,537,575,506,435,0
2026-08-14T15:31:05.251245,501,537,576,507,434,0
2026-08-14T15:31:05.253156,501,536,576,506,434,0
2026-08-14T15:31:05.255344,502,536,575,507,434,0
2026-08-14T15:31:05.255344,502,536,576,506,435,0
2026-08-14T15:31:05.255344,500,537,576,507,435,0
2026-08-14T15:31:05.257115,501,537,576,506,433,0
2026-08-14T15:31:05.258410,501,538,576,506,433,0
2026-08-14T15:31:05.258410,502,537,576,506,433,0
2026-08-14T15:31:05.258410,501,536,576,506,434,0
2026-08-14T15:31:05.258410,501,536,576,507,435,0
2026-08-14T15:31:05.258410,500,537,576,507,434,0
2026-08-14T15:31:05.258410,501,536,575,507,434,0
2026-08-14T15:31:05.265295,501,535,576,506,434,0
2026-08-14T15:31:05.265295,502,537,575,507,435,0
2026-08-14T15:31:05.265295,502,537,576,506,433,0
2026-08-14T15:31:05.265295,501,537,575,506,435,0
2026-08-14T15:31:05.270663,502,538,576,506,435,0
2026-08-14T15:31:05.270663,501,536,576,507,434,0
2026-08-14T15:31:05.270663,501,537,577,506,434,0
2026-08-14T15:31:05.273610,500,536,576,507,434,0
2026-08-14T15:31:05.273610,502,536,575,507,434,0
2026-08-14T15:31:05.273610,500,535,577,506,434,0
2026-08-14T15:31:05.277561,501,536,576,507,434,0
2026-08-14T15:31:05.279882,500,537,575,506,435,0
2026-08-14T15:31:05.279882,501,537,575,506,434,0
2026-08-14T15:31:05.279882,502,536,575,506,433,0
2026-08-14T15:31:05.283990,501,536,576,506,434,0
2026-08-14T15:31:05.283990,501,537,575,506,434,0
2026-08-14T15:31:05.283990,502,537,576,506,434,0
2026-08-14T15:31:05.286164,502,537,576,506,433,0
2026-08-14T15:31:05.288244,501,537,576,507,434,0
2026-08-14T15:31:05.288244,501,536,576,508,434,0
2026-08-14T15:31:05.288244,500,537,576,507,434,0
2026-08-14T15:31:05.292194,501,537,576,507,434,0
2026-08-14T15:31:05.292194,500,536,575,506,434,0
2026-08-14T15:31:05.292194,501,536,576,507,434,0
2026-08-14T15:31:05.293956,501,536,576,507,434,0
2026-08-14T15:31:05.295433,501,537,576,507,434,0
2026-08-14T15:31:05.295433,502,537,575,506,434,0
2026-08-14T15:31:05.295433,501,537,576,507,434,0
2026-08-14T15:31:05.298415,500,537,576,506,433,0
2026-08-14T15:31:05.298415,501,536,577,507,434,0
2026-08-14T15:31:05.298415,501,536,575,506,433,0
2026-08-14T15:31:05.304546,500,536,577,506,434,0
2026-08-14T15:31:05.304546,501,536,577,507,434,0
2026-08-14T15:31:05.306553,501,536,577,507,434,0
2026-08-14T15:31:05.306553,501,536,577,506,435,0
2026-08-14T15:31:05.308560,501,535,575,507,434,0
2026-08-14T15:31:05.309129,502,536,576,507,434,0
2026-08-14T15:31:05.309129,502,538,577,507,434,0
2026-08-14T15:31:05.311141,502,537,575,506,434,0
2026-08-14T15:31:05.313703,501,537,576,505,435,0
2026-08-14T15:31:05.314710,501,536,577,508,434,0
2026-08-14T15:31:05.316308,500,538,576,507,434,0
2026-08-14T15:31:05.317444,501,537,577,507,433,0
2026-08-14T15:31:05.317912,500,537,576,506,434,0
2026-08-14T15:31:05.318416,501,534,575,507,435,0
2026-08-14T15:31:05.320311,501,536,576,507,434,0
2026-08-14T15:31:05.321446,500,538,576,506,434,0
2026-08-14T15:31:05.321446,502,537,575,506,434,0
2026-08-14T15:31:05.322512,502,536,576,506,434,0
2026-08-14T15:31:05.324166,502,537,575,507,433,0
2026-08-14T15:31:05.324166,501,536,576,507,434,0
2026-08-14T15:31:05.324166,501,538,576,506,434,0
2026-08-14T15:31:05.329050,501,537,577,506,434,0
2026-08-14T15:31:05.329050,501,536,576,507,435,0
2026-08-14T15:31:05.329050,500,538,576,507,433,0
2026-08-14T15:31:05.330811,500,538,576,506,435,0
2026-08-14T15:31:05.330811,501,536,575,506,435,0
2026-08-14T15:31:05.330811,501,536,575,506,434,0
2026-08-14T15:31:05.330811,501,536,576,507,434,0
2026-08-14T15:31:05.337261,501,536,576,506,434,0
2026-08-14T15:31:05.337261,501,537,575,507,434,0
2026-08-14T15:31:05.337261,501,537,576,506,435,0
2026-08-14T15:31:05.339286,501,537,576,506,434,0
2026-08-14T15:31:05.339286,500,538,576,506,434,0
2026-08-14T15:31:05.339286,502,536,576,506,433,0
2026-08-14T15:31:05.339286,501,536,577,507,434,0
2026-08-14T15:31:05.339286,500,538,576,507,434,0
2026-08-14T15:31:05.339286,501,537,576,507,434,0
2026-08-14T15:31:05.339286,500,537,576,507,434,0
2026-08-14T15:31:05.349545,501,537,575,506,434,0
2026-08-14T15:31:05.349545,501,535,576,507,434,0
2026-08-14T15:31:05.349545,501,537,575,506,435,0
2026-08-14T15:31:05.349545,502,537,576,507,434,0
2026-08-14T15:31:05.353507,502,536,576,506,434,0
2026-08-14T15:31:05.353998,501,537,576,506,433,0
2026-08-14T15:31:05.353998,501,536,576,507,435,0
2026-08-14T15:31:05.355917,500,537,577,507,434,0
2026-08-14T15:31:05.355917,501,536,576,507,434,0
2026-08-14T15:31:05.355917,501,536,576,506,434,0
2026-08-14T15:31:05.360144,501,536,576,507,435,0
2026-08-14T15:31:05.360144,501,536,576,507,434,0
2026-08-14T15:31:05.360144,501,538,575,507,434,0
2026-08-14T15:31:05.360144,501,536,576,506,435,0
2026-08-14T15:31:05.363579,502,537,575,507,434,0
2026-08-14T15:31:05.363579,502,535,575,506,435,0
2026-08-14T15:31:05.363579,502,538,576,506,433,0
2026-08-14T15:31:05.369497,502,538,576,506,434,0
2026-08-14T15:31:05.370385,502,537,576,506,435,0
2026-08-14T15:31:05.370385,501,536,576,507,434,0
2026-08-14T15:31:05.372085,502,536,576,508,434,0
2026-08-14T15:31:05.374117,500,537,576,506,434,0
2026-08-14T15:31:05.374117,500,537,575,507,434,0
2026-08-14T15:31:05.374117,501,536,576,507,434,0
2026-08-14T15:31:05.376534,501,537,575,507,434,0
2026-08-14T15:31:05.376534,500,537,576,506,435,0
2026-08-14T15:31:05.376534,501,537,575,507,434,0
2026-08-14T15:31:05.380064,502,538,576,506,434,0
2026-08-14T15:31:05.382081,502,537,576,507,434,0
2026-08-14T15:31:05.382081,501,537,576,507,434,0
2026-08-14T15:31:05.382081,501,537,576,507,434,0
2026-08-14T15:31:05.384088,502,537,576,506,435,0
2026-08-14T15:31:05.387181,500,538,576,508,434,0
2026-08-14T15:31:05.388246,500,537,577,508,435,0
2026-08-14T15:31:05.388246,500,538,576,507,435,0
2026-08-14T15:31:05.388246,500,535,576,507,434,0
2026-08-14T15:31:05.388246,502,537,576,506,434,0
2026-08-14T15:31:05.388246,501,537,576,506,435,0
2026-08-14T15:31:05.388246,502,537,575,506,434,0
2026-08-14T15:31:05.388246,501,537,576,506,433,0
2026-08-14T15:31:05.388246,501,537,576,507,433,0
2026-08-14T15:31:05.396663,501,537,575,506,434,0
2026-08-14T15:31:05.398701,501,537,576,507,434,0
2026-08-14T15:31:05.398701,501,537,577,507,434,0
2026-08-14T15:31:05.398701,500,537,576,506,434,0
2026-08-14T15:31:05.402921,500,537,577,507,434,0
2026-08-14T15:31:05.403810,502,536,575,508,434,0
2026-08-14T15:31:05.404894,501,536,577,507,434,0
2026-08-14T15:31:05.404894,501,537,576,506,434,0
2026-08-14T15:31:05.404894,501,536,575,507,435,0
2026-08-14T15:31:05.404894,501,536,576,506,434,0
2026-08-14T15:31:05.404894,501,537,577,507,433,0
2026-08-14T15:31:05.404894,500,538,576,506,435,0
2026-08-14T15:31:05.404894,502,537,576,506,434,0
2026-08-14T15:31:05.404894,500,538,575,507,434,0
2026-08-14T15:31:05.414535,501,536,576,508,434,0
2026-08-14T15:31:05.414535,501,536,577,507,435,0
2026-08-14T15:31:05.414535,502,537,575,508,434,0
2026-08-14T15:31:05.416541,501,536,576,507,434,0
2026-08-14T15:31:05.416541,501,536,575,507,434,0
2026-08-14T15:31:05.419937,501,537,575,507,433,0
2026-08-14T15:31:05.420639,502,536,575,506,434,0
2026-08-14T15:31:05.420639,502,536,576,506,435,0
2026-08-14T15:31:05.420639,502,536,576,506,435,0
2026-08-14T15:31:05.420639,502,537,576,507,434,0
2026-08-14T15:31:05.420639,501,538,576,506,434,0
2026-08-14T15:31:05.427371,501,537,576,506,434,0
2026-08-14T15:31:05.427371,502,537,576,507,434,0
2026-08-14T15:31:05.427371,500,537,576,507,434,0
2026-08-14T15:31:05.431211,502,537,576,507,434,0
2026-08-14T15:31:05.431211,500,537,575,507,435,0
2026-08-14T15:31:05.431211,502,538,575,507,437,0
2026-08-14T15:31:05.431211,503,541,575,507,442,0
2026-08-14T15:31:05.436357,504,546,577,507,447,0
2026-08-14T15:31:05.436924,507,551,578,507,451,0
2026-08-14T15:31:05.436924,509,556,578,508,456,0
2026-08-14T15:31:05.436924,510,560,580,509,461,0
2026-08-14T15:31:05.436924,512,565,580,509,466,0
2026-08-14T15:31:05.436924,514,570,582,509,471,0
2026-08-14T15:31:05.436924,515,574,584,509,474,0
2026-08-14T15:31:05.436924,517,579,585,508,478,0
2026-08-14T15:31:05.436924,516,585,587,508,482,0
2026-08-14T15:31:05.445421,517,590,588,508,485,0
2026-08-14T15:31:05.445421,519,594,591,507,489,0
2026-08-14T15:31:05.445421,523,599,593,506,493,0
2026-08-14T15:31:05.445421,524,603,595,507,496,0
2026-08-14T15:31:05.445421,524,607,597,505,500,0
2026-08-14T15:31:05.445421,527,612,599,504,504,0
2026-08-14T15:31:05.453919,528,618,600,503,507,0
2026-08-14T15:31:05.453919,529,623,601,500,511,0
2026-08-14T15:31:05.453919,530,626,604,502,512,0
2026-08-14T15:31:05.453919,530,628,607,504,514,0
2026-08-14T15:31:05.453919,533,633,608,504,516,0
2026-08-14T15:31:05.460129,534,636,611,505,518,0
2026-08-14T15:31:05.460129,536,641,612,506,520,0
2026-08-14T15:31:05.460129,537,645,615,507,522,0
2026-08-14T15:31:05.461644,540,650,618,507,524,0
2026-08-14T15:31:05.464231,542,654,620,509,526,0
2026-08-14T15:31:05.464231,544,656,623,515,528,0
2026-08-14T15:31:05.464231,548,657,627,521,529,0
2026-08-14T15:31:05.468318,552,655,633,530,529,0
2026-08-14T15:31:05.468318,558,658,636,539,532,0
2026-08-14T15:31:05.471012,562,659,642,548,536,0
2026-08-14T15:31:05.472407,566,662,647,555,541,0
2026-08-14T15:31:05.472407,572,670,652,557,545,0
2026-08-14T15:31:05.472407,574,678,657,560,550,0
2026-08-14T15:31:05.474162,578,684,662,561,555,0
2026-08-14T15:31:05.475746,581,689,666,564,558,0
2026-08-14T15:31:05.475746,585,694,669,567,560,0
2026-08-14T15:31:05.477500,587,697,672,573,562,0
2026-08-14T15:31:05.477500,592,702,674,575,568,0
2026-08-14T15:31:05.477500,594,706,677,580,573,0
2026-08-14T15:31:05.477500,598,713,682,583,576,0
2026-08-14T15:31:05.482352,599,718,683,582,577,0
2026-08-14T15:31:05.482352,602,721,686,583,579,0
2026-08-14T15:31:05.485610,604,722,688,587,580,0
2026-08-14T15:31:05.486926,606,718,688,595,581,0
2026-08-14T15:31:05.488228,608,722,692,597,584,0
2026-08-14T15:31:05.488228,609,729,692,596,588,0
2026-08-14T15:31:05.488228,612,732,695,596,589,0
2026-08-14T15:31:05.488228,613,731,696,599,591,0
2026-08-14T15:31:05.488228,614,733,695,601,592,0
2026-08-14T15:31:05.493674,617,735,696,603,595,0
2026-08-14T15:31:05.493674,620,738,699,605,597,0
2026-08-14T15:31:05.497005,621,744,703,605,599,0
2026-08-14T15:31:05.497005,622,748,705,606,600,0
2026-08-14T15:31:05.497005,622,752,707,606,602,0
2026-08-14T15:31:05.497005,625,758,710,607,605,0
2026-08-14T15:31:05.501039,627,761,713,609,606,0
2026-08-14T15:31:05.501039,630,757,714,618,605,0
2026-08-14T15:31:05.502883,632,757,719,629,608,0
2026-08-14T15:31:05.504744,639,764,726,635,615,0
2026-08-14T15:31:05.504744,645,775,732,636,623,0
2026-08-14T15:31:05.504744,650,786,739,643,628,0
2026-08-14T15:31:05.504744,655,789,744,648,630,0
2026-08-14T15:31:05.510137,659,787,745,656,631,0
2026-08-14T15:31:05.510137,662,790,750,659,634,0
2026-08-14T15:31:05.510137,664,798,752,659,638,0
2026-08-14T15:31:05.510137,664,805,755,659,641,0
2026-08-14T15:31:05.510137,667,810,757,661,644,0
2026-08-14T15:31:05.515126,670,812,758,665,646,0
2026-08-14T15:31:05.515126,673,810,760,668,648,0
2026-08-14T15:31:05.518335,673,818,762,669,652,0
2026-08-14T15:31:05.518335,675,823,765,670,655,0
2026-08-14T15:31:05.520472,679,829,767,670,660,0
2026-08-14T15:31:05.520472,681,832,770,676,661,0
2026-08-14T15:31:05.520472,684,830,772,681,661,0
2026-08-14T15:31:05.520472,687,830,776,685,662,0
2026-08-14T15:31:05.525668,687,831,779,688,665,0
2026-08-14T15:31:05.525668,692,832,779,690,670,0
2026-08-14T15:31:05.526683,694,836,782,695,673,0
2026-08-14T15:31:05.526683,697,839,785,697,675,0
2026-08-14T15:31:05.530707,698,839,787,700,676,0
2026-08-14T15:31:05.539188,700,838,788,704,676,0
2026-08-14T15:31:05.539188,702,834,790,709,676,0
2026-08-14T15:31:05.542621,703,842,796,708,683,0
2026-08-14T15:31:05.543277,707,851,801,711,686,0
2026-08-14T15:31:05.543277,709,859,804,713,689,0
2026-08-14T15:31:05.543277,711,863,806,713,691,0
2026-08-14T15:31:05.545287,713,865,808,717,694,0
2026-08-14T15:31:05.545287,714,866,810,722,695,0
2026-08-14T15:31:05.545287,718,869,814,727,695,0
2026-08-14T15:31:05.547298,718,871,815,729,697,0
2026-08-14T15:31:05.547298,720,871,818,732,700,0
2026-08-14T15:31:05.547298,721,876,819,731,705,0
2026-08-14T15:31:05.547298,721,883,821,731,706,0
2026-08-14T15:31:05.549307,722,891,821,730,708,0
2026-08-14T15:31:05.549307,721,896,824,732,710,0
2026-08-14T15:31:05.549307,722,900,825,731,711,0
2026-08-14T15:31:05.551057,722,904,827,731,715,0
2026-08-14T15:31:05.551057,725,909,827,733,719,0
2026-08-14T15:31:05.552755,730,909,828,737,722,0
2026-08-14T15:31:05.553305,735,903,828,747,722,0
2026-08-14T15:31:05.553305,738,905,829,750,726,0
2026-08-14T15:31:05.553305,739,912,828,746,732,0
2026-08-14T15:31:05.553305,740,919,828,744,734,0
2026-08-14T15:31:05.553305,742,922,829,745,737,0
2026-08-14T15:31:05.559096,741,925,827,746,739,0
2026-08-14T15:31:05.559096,744,926,827,748,742,0
2026-08-14T15:31:05.560488,747,924,826,752,744,0
2026-08-14T15:31:05.560488,751,923,826,755,746,0
2026-08-14T15:31:05.560488,756,912,824,766,746,0
2026-08-14T15:31:05.560488,759,912,828,766,747,0
2026-08-14T15:31:05.566606,758,919,827,763,750,0
2026-08-14T15:31:05.566606,759,924,828,762,751,0
2026-08-14T15:31:05.566606,759,928,829,760,751,0
2026-08-14T15:31:05.570215,759,933,828,760,753,0
2026-08-14T15:31:05.570215,758,937,830,759,752,0
2026-08-14T15:31:05.570215,758,938,830,761,752,0
2026-08-14T15:31:05.574677,763,930,828,770,751,0
2026-08-14T15:31:05.574677,765,924,833,777,748,0
2026-08-14T15:31:05.574677,768,916,836,782,746,0
2026-08-14T15:31:05.574677,769,922,832,777,751,0
2026-08-14T15:31:05.574677,770,926,829,776,755,0
2026-08-14T15:31:05.574677,770,929,826,773,758,0
2026-08-14T15:31:05.574677,770,931,826,771,759,0
2026-08-14T15:31:05.574677,771,935,824,769,760,0
2026-08-14T15:31:05.583172,773,937,824,768,762,0
2026-08-14T15:31:05.583172,772,939,825,767,762,0
2026-08-14T15:31:05.583172,770,942,824,767,763,0
2026-08-14T15:31:05.586857,771,942,822,767,763,0
2026-08-14T15:31:05.586857,772,943,821,767,762,0
2026-08-14T15:31:05.586857,772,941,821,769,762,0
2026-08-14T15:31:05.591192,771,936,822,772,761,0
2026-08-14T15:31:05.591192,773,929,815,774,761,0
2026-08-14T15:31:05.591192,775,913,812,782,758,0
2026-08-14T15:31:05.593665,776,905,809,783,759,0
2026-08-14T15:31:05.595399,775,909,806,778,761,0
2026-08-14T15:31:05.595399,775,913,805,776,761,0
2026-08-14T15:31:05.595399,774,917,805,774,761,0
2026-08-14T15:31:05.599393,774,918,805,773,761,0
2026-08-14T15:31:05.599393,772,920,808,772,761,0
2026-08-14T15:31:05.599393,773,925,808,772,760,0
2026-08-14T15:31:05.602787,770,929,807,770,760,0
2026-08-14T15:31:05.603619,770,930,805,769,759,0
2026-08-14T15:31:05.603619,769,925,802,774,759,0
2026-08-14T15:31:05.603619,768,916,804,775,757,0
2026-08-14T15:31:05.607587,767,916,803,774,755,0
2026-08-14T15:31:05.607587,766,920,800,772,755,0
2026-08-14T15:31:05.607587,766,919,799,769,755,0
2026-08-14T15:31:05.611666,764,919,798,765,754,0
2026-08-14T15:31:05.612582,762,920,799,764,752,0
2026-08-14T15:31:05.612582,760,920,798,761,752,0
2026-08-14T15:31:05.612582,758,921,799,759,752,0
2026-08-14T15:31:05.615398,757,922,797,758,751,0
2026-08-14T15:31:05.615398,754,923,794,758,750,0
2026-08-14T15:31:05.615398,754,916,788,762,748,0
2026-08-14T15:31:05.619506,752,907,787,765,745,0
2026-08-14T15:31:05.620939,750,908,781,761,747,0
2026-08-14T15:31:05.621450,748,912,776,757,748,0
2026-08-14T15:31:05.621450,748,914,775,752,749,0
2026-08-14T15:31:05.623478,745,915,773,749,748,0
2026-08-14T15:31:05.623478,744,914,773,747,746,0
2026-08-14T15:31:05.623478,740,914,772,747,744,0
2026-08-14T15:31:05.626480,738,913,770,746,744,0
2026-08-14T15:31:05.626480,735,907,768,749,739,0
2026-08-14T15:31:05.626480,735,889,761,755,734,0
2026-08-14T15:31:05.626480,730,870,763,759,723,0
2026-08-14T15:31:05.631699,724,862,767,759,721,0
2026-08-14T15:31:05.631699,722,866,766,757,723,0
2026-08-14T15:31:05.631699,720,868,764,754,723,0
2026-08-14T15:31:05.631699,718,866,763,753,722,0
2026-08-14T15:31:05.637324,714,867,759,751,721,0
2026-08-14T15:31:05.637324,712,866,758,747,720,0
2026-08-14T15:31:05.639853,708,865,755,743,719,0
2026-08-14T15:31:05.641866,706,865,752,739,719,0
2026-08-14T15:31:05.641866,702,868,749,737,718,0
2026-08-14T15:31:05.643877,697,864,750,735,714,0
2026-08-14T15:31:05.643877,690,858,748,735,709,0
2026-08-14T15:31:05.645850,686,854,743,729,708,0
2026-08-14T15:31:05.645850,683,853,736,723,707,0
2026-08-14T15:31:05.648204,678,852,732,717,706,0
2026-08-14T15:31:05.648204,674,850,729,712,703,0
2026-08-14T15:31:05.648204,670,848,727,708,702,0
2026-08-14T15:31:05.648204,667,845,725,704,700,0
2026-08-14T15:31:05.648204,661,842,724,702,697,0
2026-08-14T15:31:05.653348,657,840,721,698,693,0
2026-08-14T15:31:05.654933,652,832,718,696,688,0
2026-08-14T15:31:05.656687,648,819,711,696,684,0
2026-08-14T15:31:05.656687,645,791,705,695,675,0
2026-08-14T15:31:05.656687,641,788,691,688,676,0
2026-08-14T15:31:05.658722,638,787,689,684,672,0
2026-08-14T15:31:05.658722,636,787,685,679,672,0
2026-08-14T15:31:05.658722,633,787,686,676,671,0
2026-08-14T15:31:05.658722,628,790,685,673,671,0
2026-08-14T15:31:05.664927,624,791,686,669,668,0
2026-08-14T15:31:05.664927,619,790,687,664,667,0
2026-08-14T15:31:05.664927,614,788,686,661,662,0
2026-08-14T15:31:05.669022,608,781,684,661,656,0
2026-08-14T15:31:05.669793,605,767,683,660,649,0
2026-08-14T15:31:05.670553,601,767,675,652,649,0
2026-08-14T15:31:05.670553,597,764,672,647,646,0
2026-08-14T15:31:05.673129,592,762,671,642,644,0
2026-08-14T15:31:05.673129,589,761,668,636,642,0
2026-08-14T15:31:05.673129,583,759,665,632,638,0
2026-08-14T15:31:05.677219,578,758,664,629,635,0
2026-08-14T15:31:05.677219,572,752,661,623,630,0
2026-08-14T15:31:05.677219,565,744,658,621,623,0
2026-08-14T15:31:05.678980,564,724,650,622,614,0
2026-08-14T15:31:05.680956,555,720,651,618,610,0
2026-08-14T15:31:05.680956,551,715,648,613,605,0
2026-08-14T15:31:05.680956,544,711,645,610,602,0
2026-08-14T15:31:05.683757,543,699,640,608,596,0
2026-08-14T15:31:05.683757,544,675,632,603,588,0
2026-08-14T15:31:05.686763,541,671,618,597,587,0
2026-08-14T15:31:05.687361,538,666,609,592,584,0
2026-08-14T15:31:05.689422,534,664,607,588,581,0
2026-08-14T15:31:05.689422,529,663,607,586,578,0
2026-08-14T15:31:05.689422,526,659,607,584,575,0
2026-08-14T15:31:05.691232,523,658,606,579,572,0
2026-08-14T15:31:05.691232,517,658,604,577,570,0
2026-08-14T15:31:05.691232,514,656,601,571,567,0
2026-08-14T15:31:05.691232,510,652,593,565,565,0
2026-08-14T15:31:05.697677,505,648,584,559,561,0
2026-08-14T15:31:05.697677,499,642,580,553,555,0
2026-08-14T15:31:05.697677,495,635,577,548,549,0
2026-08-14T15:31:05.701795,490,625,572,544,540,0
2026-08-14T15:31:05.701795,484,618,569,539,534,0
2026-08-14T15:31:05.704199,478,615,561,532,531,0
2026-08-14T15:31:05.705882,472,610,553,524,528,0
2026-08-14T15:31:05.705882,467,608,547,518,524,0
2026-08-14T15:31:05.705882,463,605,541,510,521,0
2026-08-14T15:31:05.705882,458,601,534,503,517,0
2026-08-14T15:31:05.709958,452,599,530,499,514,0
2026-08-14T15:31:05.709958,450,596,526,494,510,0
2026-08-14T15:31:05.709958,446,594,523,489,507,0
2026-08-14T15:31:05.714061,442,587,518,483,501,0
2026-08-14T15:31:05.714061,438,580,511,479,496,0
2026-08-14T15:31:05.714061,436,562,500,481,488,0
2026-08-14T15:31:05.714061,430,547,492,468,477,0
2026-08-14T15:31:05.714061,424,534,479,459,470,0
2026-08-14T15:31:05.719509,418,530,476,454,469,0
2026-08-14T15:31:05.721164,415,532,473,451,468,0
2026-08-14T15:31:05.721489,414,534,471,447,466,0
2026-08-14T15:31:05.722500,410,535,469,443,465,0
2026-08-14T15:31:05.722500,406,529,469,440,461,0
2026-08-14T15:31:05.722500,404,520,467,439,455,0
2026-08-14T15:31:05.722500,400,514,460,434,452,0
2026-08-14T15:31:05.722500,397,512,458,430,450,0
2026-08-14T15:31:05.722500,394,511,455,425,447,0
2026-08-14T15:31:05.730458,392,508,452,421,443,0
2026-08-14T15:31:05.730458,386,505,446,415,439,0
2026-08-14T15:31:05.730458,381,501,441,409,434,0
2026-08-14T15:31:05.730458,375,497,436,402,430,0
2026-08-14T15:31:05.733392,369,492,432,397,423,0
2026-08-14T15:31:05.733392,363,484,427,392,416,0
2026-08-14T15:31:05.736470,359,471,419,389,408,0
2026-08-14T15:31:05.738489,354,452,411,384,395,0
2026-08-14T15:31:05.738489,346,434,406,377,381,0
2026-08-14T15:31:05.738489,337,422,398,369,372,0
2026-08-14T15:31:05.740382,332,412,383,359,365,0
2026-08-14T15:31:05.740382,329,404,376,354,362,0
2026-08-14T15:31:05.740382,327,399,369,350,359,0
2026-08-14T15:31:05.744501,324,394,361,345,357,0
2026-08-14T15:31:05.746518,320,388,355,341,353,0
2026-08-14T15:31:05.746518,316,384,352,336,350,0
2026-08-14T15:31:05.746518,312,381,348,332,345,0
2026-08-14T15:31:05.750940,308,377,346,328,340,0
2026-08-14T15:31:05.750940,304,373,342,324,338,0
2026-08-14T15:31:05.750940,299,368,340,321,333,0
2026-08-14T15:31:05.753866,297,364,336,317,329,0
2026-08-14T15:31:05.755064,292,360,331,311,325,0
2026-08-14T15:31:05.756081,288,355,324,306,321,0
2026-08-14T15:31:05.756081,284,350,319,302,315,0
2026-08-14T15:31:05.759193,280,346,316,297,311,0
2026-08-14T15:31:05.759193,276,339,312,292,304,0
2026-08-14T15:31:05.759193,270,330,305,288,297,0
2026-08-14T15:31:05.760954,263,321,300,281,289,0
2026-08-14T15:31:05.762480,255,315,291,273,283,0
2026-08-14T15:31:05.763531,251,310,284,264,278,0
2026-08-14T15:31:05.763531,246,305,279,260,274,0
2026-08-14T15:31:05.763531,241,300,274,255,270,0
2026-08-14T15:31:05.763531,237,298,271,251,268,0
2026-08-14T15:31:05.763531,233,294,267,248,263,0
2026-08-14T15:31:05.770617,230,288,263,245,257,0
2026-08-14T15:31:05.771892,226,279,260,241,250,0
2026-08-14T15:31:05.771892,220,272,252,234,244,0
2026-08-14T15:31:05.771892,214,265,246,228,239,0
2026-08-14T15:31:05.771892,210,256,238,223,230,0
2026-08-14T15:31:05.771892,205,244,231,217,223,0
2026-08-14T15:31:05.771892,200,236,224,212,218,0
2026-08-14T15:31:05.777359,196,233,220,210,216,0
2026-08-14T15:31:05.780104,194,232,218,206,216,0
2026-08-14T15:31:05.780104,194,231,217,207,215,0
2026-08-14T15:31:05.780104,192,229,215,203,213,0
2026-08-14T15:31:05.783717,191,229,215,201,212,0
2026-08-14T15:31:05.783717,188,228,212,198,210,0
2026-08-14T15:31:05.783717,188,226,213,198,207,0
2026-08-14T15:31:05.787661,185,224,212,195,205,0
2026-08-14T15:31:05.787661,183,218,208,195,201,0
2026-08-14T15:31:05.787661,180,214,204,190,197,0
2026-08-14T15:31:05.787661,179,214,203,188,195,0
2026-08-14T15:31:05.791894,177,212,202,186,194,0
2026-08-14T15:31:05.791894,174,210,199,183,192,0
2026-08-14T15:31:05.791894,171,207,197,180,189,0
2026-08-14T15:31:05.795854,169,204,195,178,186,0
2026-08-14T15:31:05.795854,165,201,192,175,184,0
2026-08-14T15:31:05.795854,162,200,189,172,182,0
2026-08-14T15:31:05.797867,159,198,187,169,178,0
2026-08-14T15:31:05.797867,156,194,184,165,175,0
2026-08-14T15:31:05.797867,154,189,179,162,169,0
2026-08-14T15:31:05.797867,151,178,173,158,162,0
2026-08-14T15:31:05.803362,147,170,169,154,156,0
2026-08-14T15:31:05.803362,141,164,164,149,150,0
2026-08-14T15:31:05.803362,136,156,159,143,143,0
2026-08-14T15:31:05.805944,132,150,152,138,141,0
2026-08-14T15:31:05.805944,130,147,148,136,139,0
2026-08-14T15:31:05.809936,129,145,146,133,135,0
2026-08-14T15:31:05.809936,126,142,143,131,134,0
2026-08-14T15:31:05.811673,124,140,139,129,131,0
2026-08-14T15:31:05.811673,121,138,136,125,130,0
2026-08-14T15:31:05.813981,119,135,134,124,126,0
2026-08-14T15:31:05.815612,117,133,133,120,125,0
2026-08-14T15:31:05.817194,114,131,129,116,121,0
2026-08-14T15:31:05.818225,111,130,125,114,119,0
2026-08-14T15:31:05.819442,108,125,124,111,116,0
2026-08-14T15:31:05.820423,105,122,121,108,113,0
2026-08-14T15:31:05.821200,102,119,118,105,107,0
2026-08-14T15:31:05.821200,100,116,112,101,105,0
2026-08-14T15:31:05.823209,96,111,111,98,102,0
2026-08-14T15:31:05.825250,94,109,109,96,102,0
2026-08-14T15:31:05.825761,92,108,106,94,100,0
2026-08-14T15:31:05.826928,90,106,104,93,97,0
2026-08-14T15:31:05.828347,89,103,102,91,94,0
2026-08-14T15:31:05.828347,85,100,98,86,91,0
2026-08-14T15:31:05.828347,83,97,93,83,87,0
2026-08-14T15:31:05.830817,79,94,91,79,85,0
2026-08-14T15:31:05.830817,76,90,87,77,81,0
2026-08-14T15:31:05.830817,74,87,84,74,79,0
2026-08-14T15:31:05.836315,72,86,82,72,77,0
2026-08-14T15:31:05.837214,69,83,80,70,75,0
2026-08-14T15:31:05.837214,69,81,78,69,73,0
2026-08-14T15:31:05.837214,66,78,75,66,71,0
2026-08-14T15:31:05.837214,64,75,72,65,69,0
2026-08-14T15:31:05.837214,60,73,70,61,66,0
2026-08-14T15:31:05.837214,59,71,67,59,63,0
2026-08-14T15:31:05.843826,58,66,64,58,61,0
2026-08-14T15:31:05.843826,55,63,62,55,59,0
2026-08-14T15:31:05.843826,54,61,58,54,55,0
2026-08-14T15:31:05.843826,53,60,58,53,55,0
2026-08-14T15:31:05.843826,50,60,58,52,53,0
2026-08-14T15:31:05.843826,49,57,54,51,53,0
2026-08-14T15:31:05.843826,48,56,53,50,51,0
2026-08-14T15:31:05.853197,47,53,52,49,49,0
2026-08-14T15:31:05.853960,45,54,50,47,48,0
2026-08-14T15:31:05.853960,45,51,49,47,48,0
2026-08-14T15:31:05.853960,42,50,48,45,46,0
2026-08-14T15:31:05.857443,43,50,46,44,45,0
2026-08-14T15:31:05.857443,42,48,45,43,43,0
2026-08-14T15:31:05.857443,42,46,44,43,42,0
2026-08-14T15:31:05.861515,40,45,42,40,41,0
2026-08-14T15:31:05.861515,38,44,40,39,39,0
2026-08-14T15:31:05.863277,35,43,40,40,37,0
2026-08-14T15:31:05.865293,35,42,39,38,37,0
2026-08-14T15:31:05.865293,34,39,36,36,35,0
2026-08-14T15:31:05.867308,32,37,36,38,35,0
2026-08-14T15:31:05.868322,32,37,35,36,33,0
2026-08-14T15:31:05.869442,30,36,33,35,33,0
2026-08-14T15:31:05.870579,30,34,33,34,34,0
2026-08-14T15:31:05.870579,30,35,33,33,32,0
2026-08-14T15:31:05.873819,30,34,33,33,31,0
2026-08-14T15:31:05.873819,29,33,31,33,30,0
2026-08-14T15:31:05.873819,30,34,32,34,32,0
2026-08-14T15:31:05.875578,28,33,32,34,31,0
2026-08-14T15:31:05.877019,28,34,31,33,31,0
2026-08-14T15:31:05.877019,28,33,32,33,30,0
2026-08-14T15:31:05.877019,27,32,31,34,31,0
2026-08-14T15:31:05.877019,28,34,32,33,31,0
2026-08-14T15:31:05.877019,28,32,33,33,31,0
2026-08-14T15:31:05.877019,27,33,30,35,31,0
2026-08-14T15:31:05.877019,28,33,33,35,31,0
2026-08-14T15:31:05.886129,29,34,33,34,30,0
2026-08-14T15:31:05.886757,30,34,32,35,31,0
2026-08-14T15:31:05.886757,29,34,33,35,31,0
2026-08-14T15:31:05.886757,29,33,31,35,31,0
2026-08-14T15:31:05.886757,28,35,33,36,31,0
2026-08-14T15:31:05.886757,28,33,34,36,32,0
2026-08-14T15:31:05.886757,28,35,34,36,32,0
2026-08-14T15:31:05.892847,29,35,33,36,33,0
2026-08-14T15:31:05.892847,30,34,35,36,33,0
2026-08-14T15:31:05.892847,31,36,33,37,33,0
2026-08-14T15:31:05.892847,31,36,34,37,33,0
2026-08-14T15:31:05.892847,30,35,34,37,36,0
2026-08-14T15:31:05.892847,31,37,35,37,34,0
2026-08-14T15:31:05.901228,32,37,36,37,33,0
2026-08-14T15:31:05.903357,32,37,36,37,34,0
2026-08-14T15:31:05.904193,32,38,36,38,35,0
2026-08-14T15:31:05.904193,33,39,37,38,35,0
2026-08-14T15:31:05.906562,33,40,38,40,36,0
2026-08-14T15:31:05.906562,33,41,39,39,37,0
2026-08-14T15:31:05.906562,35,42,40,41,40,0
2026-08-14T15:31:05.910334,36,43,40,42,40,0
2026-08-14T15:31:05.910334,36,43,43,44,40,0
2026-08-14T15:31:05.912570,37,45,44,43,42,0
2026-08-14T15:31:05.912570,38,46,45,45,43,0
2026-08-14T15:31:05.914579,39,46,46,45,44,0
2026-08-14T15:31:05.914579,41,48,46,46,43,0
2026-08-14T15:31:05.914579,41,48,46,47,44,0
2026-08-14T15:31:05.916977,44,50,48,48,47,0
2026-08-14T15:31:05.919855,44,51,50,49,48,0
2026-08-14T15:31:05.919855,44,54,52,50,49,0
2026-08-14T15:31:05.919855,48,58,55,53,52,0
2026-08-14T15:31:05.922012,51,60,57,54,53,0
2026-08-14T15:31:05.922012,52,60,60,57,56,0
2026-08-14T15:31:05.922012,52,62,62,58,58,0
2026-08-14T15:31:05.927075,55,63,62,59,59,0
2026-08-14T15:31:05.927075,55,66,62,59,59,0
2026-08-14T15:31:05.927075,56,67,64,61,61,0
2026-08-14T15:31:05.928839,58,68,66,61,62,0
2026-08-14T15:31:05.931194,59,69,68,64,64,0
2026-08-14T15:31:05.931194,61,73,70,65,66,0
2026-08-14T15:31:05.931194,63,76,73,65,68,0
2026-08-14T15:31:05.933874,64,79,76,69,70,0
2026-08-14T15:31:05.933874,68,80,79,71,73,0
2026-08-14T15:31:05.937492,72,83,83,76,77,0
2026-08-14T15:31:05.939358,76,86,88,80,82,0
2026-08-14T15:31:05.939358,82,91,95,87,88,0
2026-08-14T15:31:05.939358,88,97,101,92,94,0
2026-08-14T15:31:05.941111,92,103,107,96,97,0
2026-08-14T15:31:05.942122,98,108,112,99,103,0
2026-08-14T15:31:05.942122,103,112,115,102,105,0
2026-08-14T15:31:05.942122,104,115,118,104,108,0
2026-08-14T15:31:05.945199,107,118,120,108,111,0
2026-08-14T15:31:05.945199,110,121,124,110,113,0
2026-08-14T15:31:05.945199,113,124,126,113,117,0
2026-08-14T15:31:05.945199,117,126,128,114,120,0
2026-08-14T15:31:05.950288,117,129,132,118,124,0
2026-08-14T15:31:05.952779,121,134,136,121,128,0
2026-08-14T15:31:05.954017,124,137,138,123,130,0
2026-08-14T15:31:05.954586,128,140,141,125,132,0
2026-08-14T15:31:05.954586,130,144,142,125,136,0
2026-08-14T15:31:05.954586,130,146,146,127,137,0
2026-08-14T15:31:05.954586,133,150,148,129,138,0
2026-08-14T15:31:05.959332,136,152,152,130,142,0
2026-08-14T15:31:05.959332,139,157,155,133,146,0
2026-08-14T15:31:05.959332,141,159,159,137,148,0
2026-08-14T15:31:05.959332,146,161,163,141,151,0
2026-08-14T15:31:05.959332,149,164,165,144,153,0
2026-08-14T15:31:05.959332,151,167,167,146,157,0
2026-08-14T15:31:05.967565,153,167,172,149,158,0
2026-08-14T15:31:05.967565,154,169,173,150,158,0
2026-08-14T15:31:05.969784,156,171,174,151,159,0
2026-08-14T15:31:05.970386,157,172,176,153,161,0
2026-08-14T15:31:05.970386,158,175,179,156,163,0
2026-08-14T15:31:05.970386,160,176,183,157,164,0
2026-08-14T15:31:05.970386,163,179,185,159,167,0
2026-08-14T15:31:05.974935,166,182,188,161,169,0
2026-08-14T15:31:05.974935,166,186,189,161,171,0
2026-08-14T15:31:05.974935,167,187,190,161,173,0
2026-08-14T15:31:05.978062,168,189,190,160,174,0
2026-08-14T15:31:05.980319,169,191,190,161,175,0
2026-08-14T15:31:05.980319,169,192,192,161,176,0
2026-08-14T15:31:05.980319,169,195,192,161,178,0
2026-08-14T15:31:05.983100,170,197,193,161,178,0
2026-08-14T15:31:05.983100,173,199,195,164,183,0
2026-08-14T15:31:05.986147,175,202,199,164,186,0
2026-08-14T15:31:05.986820,178,206,203,168,188,0
2026-08-14T15:31:05.987622,181,210,206,170,191,0
2026-08-14T15:31:05.987622,185,213,209,173,195,0
2026-08-14T15:31:05.987622,189,218,214,176,198,0
2026-08-14T15:31:05.992594,192,223,218,180,203,0
2026-08-14T15:31:05.992594,198,226,223,186,207,0
2026-08-14T15:31:05.992594,201,231,227,190,211,0
2026-08-14T15:31:05.994357,205,235,232,194,214,0
2026-08-14T15:31:05.996701,211,239,237,198,219,0
2026-08-14T15:31:05.996701,215,241,242,204,223,0
2026-08-14T15:31:05.996701,219,245,245,210,227,0
2026-08-14T15:31:05.999477,224,249,251,213,230,0
2026-08-14T15:31:05.999477,228,252,258,217,234,0
2026-08-14T15:31:05.999477,230,256,262,221,237,0
2026-08-14T15:31:06.004122,235,260,264,225,240,0
2026-08-14T15:31:06.004122,239,262,269,229,243,0
2026-08-14T15:31:06.004122,241,265,271,230,243,0
2026-08-14T15:31:06.004122,245,266,275,234,245,0
2026-08-14T15:31:06.007576,247,268,277,238,248,0
2026-08-14T15:31:06.007576,248,267,280,241,247,0
2026-08-14T15:31:06.007576,252,267,281,243,248,0
2026-08-14T15:31:06.007576,254,266,281,247,248,0
2026-08-14T15:31:06.007576,253,265,286,250,248,0
2026-08-14T15:31:06.007576,255,266,290,253,249,0
2026-08-14T15:31:06.007576,256,269,291,253,248,0
2026-08-14T15:31:06.017198,258,270,292,253,249,0
2026-08-14T15:31:06.017198,258,269,294,254,248,0
2026-08-14T15:31:06.017198,259,269,295,255,248,0
2026-08-14T15:31:06.021271,260,270,294,255,248,0
2026-08-14T15:31:06.021271,261,273,296,256,249,0
2026-08-14T15:31:06.023035,260,271,294,256,250,0
2026-08-14T15:31:06.023035,259,272,294,254,250,0
2026-08-14T15:31:06.025017,258,272,293,255,252,0
2026-08-14T15:31:06.025017,259,272,291,253,253,0
2026-08-14T15:31:06.026772,260,272,292,254,253,0
2026-08-14T15:31:06.029471,259,273,295,256,254,0
2026-08-14T15:31:06.029471,261,273,294,257,255,0
2026-08-14T15:31:06.031237,262,276,296,257,257,0
2026-08-14T15:31:06.031237,265,278,295,259,260,0
2026-08-14T15:31:06.033292,267,279,298,259,262,0
2026-08-14T15:31:06.033292,266,280,298,261,263,0
2026-08-14T15:31:06.035049,268,283,301,264,264,0
2026-08-14T15:31:06.036735,273,285,304,265,265,0
2026-08-14T15:31:06.036735,273,285,305,268,268,0
2026-08-14T15:31:06.036735,274,286,307,271,268,0
2026-08-14T15:31:06.040280,275,288,310,272,270,0
2026-08-14T15:31:06.042291,277,289,310,273,270,0
2026-08-14T15:31:06.042291,278,288,310,274,272,0
2026-08-14T15:31:06.042291,278,288,310,273,272,0
2026-08-14T15:31:06.044303,276,288,310,273,271,0
2026-08-14T15:31:06.044303,277,288,310,272,271,0
2026-08-14T15:31:06.044303,278,288,310,272,270,0
2026-08-14T15:31:06.048588,276,287,309,272,268,0
2026-08-14T15:31:06.048588,276,286,307,271,267,0
2026-08-14T15:31:06.048588,275,286,307,268,267,0
2026-08-14T15:31:06.048588,272,284,305,268,265,0
2026-08-14T15:31:06.053621,272,281,302,266,264,0
2026-08-14T15:31:06.054507,270,279,301,264,261,0
2026-08-14T15:31:06.054507,266,279,298,262,259,0
2026-08-14T15:31:06.058194,265,277,297,260,258,0
2026-08-14T15:31:06.058194,264,274,296,259,257,0
2026-08-14T15:31:06.058194,262,273,294,257,256,0
2026-08-14T15:31:06.059957,261,270,290,256,254,0
2026-08-14T15:31:06.061502,259,269,290,254,252,0
2026-08-14T15:31:06.061502,258,268,287,253,251,0
2026-08-14T15:31:06.061502,256,266,287,251,249,0
2026-08-14T15:31:06.066326,256,266,285,251,248,0
2026-08-14T15:31:06.066326,255,265,286,250,247,0
2026-08-14T15:31:06.066326,253,264,284,250,247,0
2026-08-14T15:31:06.070510,253,263,284,250,247,0
2026-08-14T15:31:06.070510,253,262,284,250,247,0
2026-08-14T15:31:06.070510,252,264,284,250,247,0
2026-08-14T15:31:06.070510,254,265,285,250,248,0
2026-08-14T15:31:06.074044,255,265,284,251,250,0
2026-08-14T15:31:06.074044,256,266,285,252,251,0
2026-08-14T15:31:06.074044,257,267,288,253,251,0
2026-08-14T15:31:06.074044,260,269,290,254,252,0
2026-08-14T15:31:06.074044,261,269,290,256,253,0
2026-08-14T15:31:06.074044,262,271,292,257,256,0
2026-08-14T15:31:06.074044,263,273,294,258,256,0
2026-08-14T15:31:06.082118,263,274,295,260,257,0
2026-08-14T15:31:06.082118,265,276,296,260,259,0
2026-08-14T15:31:06.082118,266,276,297,262,260,0
2026-08-14T15:31:06.086518,267,277,299,264,262,0
2026-08-14T15:31:06.087263,269,278,301,265,262,0
2026-08-14T15:31:06.087263,269,280,302,266,264,0
2026-08-14T15:31:06.087263,271,282,303,266,264,0
2026-08-14T15:31:06.090893,272,282,304,267,266,0
2026-08-14T15:31:06.091899,274,283,304,268,266,0
2026-08-14T15:31:06.091899,274,284,306,269,266,0
2026-08-14T15:31:06.091899,274,284,305,268,267,0
2026-08-14T15:31:06.095444,272,284,305,269,266,0
2026-08-14T15:31:06.095444,272,283,304,268,265,0
2026-08-14T15:31:06.095444,271,282,304,267,265,0
2026-08-14T15:31:06.099098,271,282,303,266,264,0
2026-08-14T15:31:06.099098,270,281,302,267,264,0
2026-08-14T15:31:06.099098,269,279,302,265,264,0
2026-08-14T15:31:06.102803,268,278,301,265,262,0
2026-08-14T15:31:06.103461,268,278,299,263,261,0
2026-08-14T15:31:06.103461,268,277,300,262,260,0
2026-08-14T15:31:06.105766,267,277,298,261,260,0
2026-08-14T15:31:06.107518,266,276,297,261,259,0
2026-08-14T15:31:06.107518,265,277,296,260,259,0
2026-08-14T15:31:06.109533,264,275,296,261,258,0
2026-08-14T15:31:06.109533,264,273,296,259,258,0
2026-08-14T15:31:06.109533,262,274,294,258,256,0
2026-08-14T15:31:06.109533,262,273,294,258,256,0
2026-08-14T15:31:06.113179,261,272,293,258,255,0
2026-08-14T15:31:06.115807,260,270,291,256,255,0
2026-08-14T15:31:06.115807,259,270,290,257,254,0
2026-08-14T15:31:06.115807,258,269,290,255,253,0
2026-08-14T15:31:06.115807,258,268,289,253,251,0
2026-08-14T15:31:06.120659,259,267,287,254,251,0
2026-08-14T15:31:06.120659,257,267,288,253,252,0
2026-08-14T15:31:06.123670,257,267,288,253,250,0
2026-08-14T15:31:06.123670,257,268,288,253,250,0
2026-08-14T15:31:06.123670,257,267,289,254,251,0
2026-08-14T15:31:06.123670,257,267,289,254,251,0
2026-08-14T15:31:06.127767,258,268,289,255,252,0
2026-08-14T15:31:06.127767,259,269,289,255,254,0
2026-08-14T15:31:06.129528,260,270,290,255,254,0
2026-08-14T15:31:06.131195,261,270,290,256,254,0
2026-08-14T15:31:06.131195,260,271,291,256,254,0
2026-08-14T15:31:06.131195,262,271,292,257,255,0
2026-08-14T15:31:06.133613,261,271,293,257,254,0
2026-08-14T15:31:06.137643,261,271,292,257,255,0
2026-08-14T15:31:06.137643,262,271,293,257,256,0
2026-08-14T15:31:06.137643,262,272,293,258,255,0
2026-08-14T15:31:06.139409,260,272,294,257,255,0
2026-08-14T15:31:06.139409,263,274,293,258,255,0
2026-08-14T15:31:06.139409,262,272,294,257,255,0
2026-08-14T15:31:06.139409,262,273,293,258,256,0
2026-08-14T15:31:06.139409,262,272,294,258,256,0
2026-08-14T15:31:06.139409,261,273,293,258,256,0
2026-08-14T15:31:06.145952,262,272,293,258,256,0
2026-08-14T15:31:06.148232,262,273,293,257,256,0
2026-08-14T15:31:06.148232,262,271,294,258,256,0
2026-08-14T15:31:06.148232,262,273,292,257,255,0
2026-08-14T15:31:06.151169,263,272,293,257,256,0
2026-08-14T15:31:06.153159,262,273,293,257,256,0
2026-08-14T15:31:06.153956,262,272,293,258,256,0
2026-08-14T15:31:06.153956,261,272,293,257,255,0
2026-08-14T15:31:06.155971,261,272,292,257,254,0
2026-08-14T15:31:06.155971,262,272,293,258,256,0
2026-08-14T15:31:06.155971,261,271,293,257,256,0
2026-08-14T15:31:06.155971,261,273,293,258,255,0
2026-08-14T15:31:06.155971,260,272,292,257,255,0
2026-08-14T15:31:06.155971,260,272,292,257,256,0
2026-08-14T15:31:06.162354,262,271,293,258,255,0
2026-08-14T15:31:06.164160,261,273,292,257,255,0
2026-08-14T15:31:06.164160,262,272,293,258,256,0
2026-08-14T15:31:06.164160,261,272,293,257,255,0
2026-08-14T15:31:06.164160,262,272,293,258,254,0
2026-08-14T15:31:06.169484,261,272,292,257,255,0
2026-08-14T15:31:06.170393,261,271,293,258,255,0
2026-08-14T15:31:06.172853,262,272,293,257,256,0
2026-08-14T15:31:06.172853,261,271,293,258,256,0
2026-08-14T15:31:06.174616,261,272,292,257,256,0
2026-08-14T15:31:06.174616,261,272,293,258,255,0
2026-08-14T15:31:06.176917,260,272,294,256,255,0
2026-08-14T15:31:06.176917,263,271,292,257,255,0
2026-08-14T15:31:06.176917,262,271,293,257,255,0
2026-08-14T15:31:06.178676,262,272,293,257,256,0
2026-08-14T15:31:06.181312,261,272,292,257,254,0
2026-08-14T15:31:06.181312,261,272,293,258,256,0
2026-08-14T15:31:06.181312,261,272,293,257,256,0
2026-08-14T15:31:06.181312,261,273,293,258,255,0
2026-08-14T15:31:06.186206,262,272,293,258,255,0
2026-08-14T15:31:06.187098,262,272,292,257,255,0
2026-08-14T15:31:06.188409,262,272,292,258,255,0
2026-08-14T15:31:06.189420,261,273,293,257,256,0
2026-08-14T15:31:06.189420,261,272,292,258,255,0
2026-08-14T15:31:06.191434,261,271,292,257,255,0
2026-08-14T15:31:06.191434,262,272,292,256,255,0
2026-08-14T15:31:06.191434,262,272,292,256,256,0
2026-08-14T15:31:06.191434,261,272,293,258,256,0
2026-08-14T15:31:06.197072,262,272,293,257,255,0
2026-08-14T15:31:06.197072,261,272,292,258,255,0
2026-08-14T15:31:06.197072,261,272,293,258,255,0
2026-08-14T15:31:06.199081,261,272,294,258,256,0
2026-08-14T15:31:06.199081,262,272,292,257,255,0
2026-08-14T15:31:06.202720,261,273,293,257,255,0
2026-08-14T15:31:06.203859,261,271,292,258,256,0
2026-08-14T15:31:06.205593,262,272,292,257,256,0
2026-08-14T15:31:06.205593,262,271,293,258,255,0
2026-08-14T15:31:06.205593,262,271,294,258,255,0
2026-08-14T15:31:06.209692,262,271,292,258,255,0
2026-08-14T15:31:06.209692,262,272,293,257,256,0
2026-08-14T15:31:06.209692,261,272,294,257,255,0
2026-08-14T15:31:06.211450,262,273,293,257,255,0
2026-08-14T15:31:06.212935,262,273,292,257,256,0
2026-08-14T15:31:06.212935,262,272,294,258,255,0
2026-08-14T15:31:06.212935,261,271,294,257,255,0
2026-08-14T15:31:06.212935,262,272,293,257,255,0
2026-08-14T15:31:06.212935,262,273,293,257,256,0
2026-08-14T15:31:06.219541,262,272,292,257,255,0
2026-08-14T15:31:06.220328,262,271,293,257,256,0
2026-08-14T15:31:06.221580,261,272,294,258,255,0
2026-08-14T15:31:06.221580,262,273,293,257,255,0
2026-08-14T15:31:06.223592,263,273,292,257,256,0
2026-08-14T15:31:06.223592,262,272,293,257,255,0
2026-08-14T15:31:06.223592,261,273,293,257,255,0
2026-08-14T15:31:06.227827,261,272,293,257,255,0
2026-08-14T15:31:06.227827,262,273,293,257,255,0
2026-08-14T15:31:06.229883,263,272,293,258,255,0
2026-08-14T15:31:06.230521,261,274,293,258,256,0
2026-08-14T15:31:06.230521,260,273,293,258,255,0
2026-08-14T15:31:06.234245,260,273,294,258,256,0
2026-08-14T15:31:06.234245,262,272,294,258,256,0
2026-08-14T15:31:06.234245,261,272,292,257,256,0
2026-08-14T15:31:06.238332,262,272,292,257,255,0
2026-08-14T15:31:06.238332,262,272,293,257,256,0
2026-08-14T15:31:06.238332,261,272,294,258,254,0
2026-08-14T15:31:06.238332,262,273,294,258,255,0
2026-08-14T15:31:06.241524,262,273,293,258,256,0
2026-08-14T15:31:06.241524,262,272,294,257,255,0
2026-08-14T15:31:06.244210,261,273,294,257,255,0
2026-08-14T15:31:06.246270,261,273,294,257,255,0
2026-08-14T15:31:06.246270,261,272,294,258,256,0
2026-08-14T15:31:06.246270,260,273,293,258,256,0
2026-08-14T15:31:06.246270,262,273,294,257,255,0
2026-08-14T15:31:06.246270,262,272,293,258,256,0
2026-08-14T15:31:06.246270,262,272,292,258,256,0
2026-08-14T15:31:06.246270,261,272,294,257,255,0
2026-08-14T15:31:06.253691,261,272,293,257,255,0
2026-08-14T15:31:06.254949,262,274,293,257,255,0
2026-08-14T15:31:06.254949,262,273,294,258,255,0
2026-08-14T15:31:06.256960,262,272,294,260,256,0
2026-08-14T15:31:06.256960,261,273,294,258,256,0
2026-08-14T15:31:06.256960,261,274,293,258,256,0
2026-08-14T15:31:06.256960,262,272,293,257,255,0
2026-08-14T15:31:06.262923,262,272,290,260,256,0
2026-08-14T15:31:06.262923,263,272,293,258,256,0
2026-08-14T15:31:06.262923,262,274,294,258,255,0
2026-08-14T15:31:06.262923,262,272,293,257,256,0
2026-08-14T15:31:06.267016,262,273,291,259,255,0
2026-08-14T15:31:06.267016,262,272,293,258,256,0
2026-08-14T15:31:06.267016,262,274,293,257,255,0
2026-08-14T15:31:06.270724,263,274,293,257,256,0
2026-08-14T15:31:06.270724,262,273,293,258,256,0
2026-08-14T15:31:06.270724,261,272,294,258,255,0
2026-08-14T15:31:06.270724,261,273,295,258,256,0
2026-08-14T15:31:06.270724,261,273,294,259,256,0
2026-08-14T15:31:06.270724,262,273,294,258,256,0
2026-08-14T15:31:06.270724,262,272,294,258,256,0
2026-08-14T15:31:06.278804,261,273,294,258,256,0
2026-08-14T15:31:06.278804,262,272,294,258,256,0
2026-08-14T15:31:06.278804,262,273,293,258,256,0
2026-08-14T15:31:06.278804,263,272,293,257,255,0
2026-08-14T15:31:06.278804,262,274,294,258,255,0
2026-08-14T15:31:06.285179,262,273,294,257,256,0
2026-08-14T15:31:06.286167,261,273,294,258,255,0
2026-08-14T15:31:06.287381,262,273,294,257,255,0
2026-08-14T15:31:06.287897,262,274,293,258,256,0
2026-08-14T15:31:06.287897,261,272,293,258,255,0
2026-08-14T15:31:06.291593,261,273,295,257,256,0
2026-08-14T15:31:06.291593,262,272,294,257,255,0
2026-08-14T15:31:06.293356,260,274,294,259,256,0
2026-08-14T15:31:06.293356,262,273,294,258,256,0
2026-08-14T15:31:06.295016,261,272,294,257,256,0
2026-08-14T15:31:06.295016,261,273,294,257,255,0
2026-08-14T15:31:06.295016,262,273,294,259,255,0
2026-08-14T15:31:06.298863,261,273,293,258,256,0
2026-08-14T15:31:06.298863,262,273,294,258,256,0
2026-08-14T15:31:06.298863,262,273,295,258,255,0
2026-08-14T15:31:06.303892,263,274,295,258,256,0
2026-08-14T15:31:06.305152,262,274,294,258,256,0
2026-08-14T15:31:06.305152,261,273,294,258,256,0
2026-08-14T15:31:06.307159,261,272,295,258,256,0
2026-08-14T15:31:06.307159,261,273,294,258,256,0
2026-08-14T15:31:06.309167,262,273,294,257,256,0
2026-08-14T15:31:06.309167,263,272,293,258,256,0
2026-08-14T15:31:06.311178,262,273,294,257,255,0
2026-08-14T15:31:06.311178,262,274,294,257,256,0
2026-08-14T15:31:06.311178,262,274,294,257,256,0
2026-08-14T15:31:06.314164,261,273,295,258,256,0
2026-08-14T15:31:06.315785,262,273,294,258,255,0
2026-08-14T15:31:06.316857,262,273,294,257,256,0
2026-08-14T15:31:06.316857,263,273,293,258,256,0
2026-08-14T15:31:06.319827,262,273,294,258,256,0
2026-08-14T15:31:06.320758,262,273,293,258,256,0
2026-08-14T15:31:06.321889,262,274,293,258,256,0
2026-08-14T15:31:06.323313,263,274,293,257,256,0
2026-08-14T15:31:06.323313,263,273,294,258,256,0
2026-08-14T15:31:06.323313,263,273,294,258,256,0
2026-08-14T15:31:06.323313,263,274,294,259,256,0
2026-08-14T15:31:06.328271,262,274,294,257,255,0
2026-08-14T15:31:06.328887,262,273,294,258,255,0
2026-08-14T15:31:06.328887,262,274,295,258,255,0
2026-08-14T15:31:06.328887,262,274,294,258,255,0
2026-08-14T15:31:06.330896,261,273,294,258,256,0
2026-08-14T15:31:06.330896,261,274,294,258,256,0
2026-08-14T15:31:06.333594,262,272,295,257,256,0
2026-08-14T15:31:06.336029,261,273,295,258,256,0
2026-08-14T15:31:06.337095,261,273,294,258,255,0
2026-08-14T15:31:06.337095,263,273,294,259,256,0
2026-08-14T15:31:06.340769,262,273,294,258,255,0
2026-08-14T15:31:06.340769,262,272,294,258,256,0
2026-08-14T15:31:06.340769,263,273,295,258,256,0
2026-08-14T15:31:06.340769,261,274,294,257,256,0
2026-08-14T15:31:06.344867,261,274,295,258,255,0
2026-08-14T15:31:06.344867,261,275,294,258,256,0
2026-08-14T15:31:06.344867,262,273,294,258,255,0
2026-08-14T15:31:06.347731,263,273,295,258,256,0
2026-08-14T15:31:06.347731,261,273,295,257,257,0
2026-08-14T15:31:06.347731,261,274,294,258,257,0
2026-08-14T15:31:06.347731,261,274,294,258,257,0
2026-08-14T15:31:06.352872,262,273,294,259,256,0
2026-08-14T15:31:06.353764,263,273,295,257,256,0
2026-08-14T15:31:06.353764,263,274,294,258,256,0
2026-08-14T15:31:06.353764,262,273,294,259,256,0
2026-08-14T15:31:06.353764,262,274,295,259,256,0
2026-08-14T15:31:06.353764,262,274,295,258,255,0
2026-08-14T15:31:06.358932,261,273,295,259,256,0
2026-08-14T15:31:06.359945,261,273,295,258,256,0
2026-08-14T15:31:06.359945,262,274,295,259,257,0
2026-08-14T15:31:06.359945,262,272,294,258,256,0
2026-08-14T15:31:06.363000,263,274,294,258,256,0
2026-08-14T15:31:06.363000,261,272,295,259,256,0
2026-08-14T15:31:06.363000,262,272,295,259,256,0
2026-08-14T15:31:06.369514,262,273,294,259,255,0
2026-08-14T15:31:06.370591,263,274,295,258,255,0
2026-08-14T15:31:06.370591,262,274,294,258,256,0
2026-08-14T15:31:06.370591,262,273,294,257,256,0
2026-08-14T15:31:06.370591,260,273,294,258,256,0
2026-08-14T15:31:06.370591,261,274,294,258,255,0
2026-08-14T15:31:06.370591,261,274,294,258,256,0
2026-08-14T15:31:06.377196,261,273,295,258,256,0
2026-08-14T15:31:06.377196,261,272,295,259,257,0
2026-08-14T15:31:06.377196,262,274,296,259,256,0
2026-08-14T15:31:06.379399,262,274,294,258,256,0
2026-08-14T15:31:06.381312,263,273,294,257,256,0
2026-08-14T15:31:06.381312,263,273,294,258,257,0
2026-08-14T15:31:06.381312,263,273,295,259,256,0
2026-08-14T15:31:06.384429,263,274,294,257,256,0
2026-08-14T15:31:06.386992,262,274,294,258,257,0
2026-08-14T15:31:06.386992,263,274,295,259,256,0
2026-08-14T15:31:06.386992,261,275,295,259,255,0
2026-08-14T15:31:06.386992,262,273,294,258,255,0
2026-08-14T15:31:06.386992,263,274,294,259,256,0
2026-08-14T15:31:06.386992,263,273,294,259,256,0
2026-08-14T15:31:06.392672,261,273,294,258,256,0
2026-08-14T15:31:06.392672,261,274,295,259,256,0
2026-08-14T15:31:06.392672,261,273,294,258,255,0
2026-08-14T15:31:06.395747,262,273,295,258,256,0
2026-08-14T15:31:06.398097,261,273,295,258,256,0
2026-08-14T15:31:06.398097,263,273,294,258,256,0
2026-08-14T15:31:06.398097,263,274,295,258,254,0
2026-08-14T15:31:06.400485,262,274,295,258,255,0
2026-08-14T15:31:06.403534,261,273,295,259,256,0
2026-08-14T15:31:06.403930,262,273,295,258,256,0
2026-08-14T15:31:06.403930,261,274,294,260,255,0
2026-08-14T15:31:06.403930,262,273,295,259,256,0
2026-08-14T15:31:06.403930,263,274,295,258,256,0
2026-08-14T15:31:06.408052,261,274,294,259,257,0
2026-08-14T15:31:06.408052,260,273,292,260,256,0
2026-08-14T15:31:06.408052,262,274,295,258,256,0
2026-08-14T15:31:06.408052,263,274,294,259,256,0
2026-08-14T15:31:06.412803,262,274,293,258,256,0
2026-08-14T15:31:06.412803,261,273,292,261,256,0
2026-08-14T15:31:06.412803,261,273,296,259,255,0
2026-08-14T15:31:06.416337,262,274,295,259,256,0
2026-08-14T15:31:06.418574,262,273,295,259,256,0
2026-08-14T15:31:06.419465,262,273,294,258,255,0
2026-08-14T15:31:06.420187,262,274,295,259,255,0
2026-08-14T15:31:06.422668,263,273,295,258,255,0
2026-08-14T15:31:06.422668,262,273,295,259,256,0
2026-08-14T15:31:06.422668,261,272,294,259,256,0
2026-08-14T15:31:06.424429,261,273,295,258,255,0
2026-08-14T15:31:06.426768,262,273,295,258,255,0
2026-08-14T15:31:06.426768,263,274,294,258,256,0
2026-08-14T15:31:06.426768,262,274,295,258,257,0
2026-08-14T15:31:06.430878,262,274,295,258,257,0
2026-08-14T15:31:06.430878,263,275,295,259,255,0
2026-08-14T15:31:06.430878,265,275,294,258,255,0
2026-08-14T15:31:06.433569,261,273,295,259,256,0
2026-08-14T15:31:06.433569,263,274,294,258,256,0
2026-08-14T15:31:06.436847,261,274,296,259,255,0
2026-08-14T15:31:06.437259,261,273,294,259,256,0
2026-08-14T15:31:06.437799,262,274,295,258,256,0
2026-08-14T15:31:06.437799,262,272,295,259,256,0
2026-08-14T15:31:06.437799,262,273,294,258,255,0
2026-08-14T15:31:06.440776,262,273,294,258,256,0
2026-08-14T15:31:06.440776,262,273,294,257,256,0
2026-08-14T15:31:06.440776,262,273,295,258,255,0
2026-08-14T15:31:06.444947,261,274,295,259,256,0
2026-08-14T15:31:06.444947,261,274,295,258,257,0
2026-08-14T15:31:06.444947,261,274,296,258,256,0
2026-08-14T15:31:06.444947,261,273,295,259,257,0
2026-08-14T15:31:06.449029,262,273,295,259,256,0
2026-08-14T15:31:06.449029,262,273,294,258,256,0
2026-08-14T15:31:06.453630,261,273,296,258,256,0
2026-08-14T15:31:06.454235,263,274,295,258,256,0
2026-08-14T15:31:06.455432,261,273,295,259,256,0
2026-08-14T15:31:06.455432,262,273,295,259,256,0
2026-08-14T15:31:06.455432,262,274,295,258,256,0
2026-08-14T15:31:06.457956,262,274,295,258,255,0
2026-08-14T15:31:06.457956,263,273,294,258,256,0
2026-08-14T15:31:06.457956,262,275,294,258,256,0
2026-08-14T15:31:06.457956,262,273,295,259,255,0
2026-08-14T15:31:06.457956,261,274,295,258,255,0
2026-08-14T15:31:06.457956,262,274,296,259,256,0
2026-08-14T15:31:06.457956,262,273,295,259,256,0
2026-08-14T15:31:06.466176,261,273,296,259,256,0
2026-08-14T15:31:06.466176,261,273,296,258,256,0
2026-08-14T15:31:06.466176,263,274,296,259,256,0
2026-08-14T15:31:06.470448,262,273,295,259,256,0
2026-08-14T15:31:06.470448,263,273,295,259,256,0
2026-08-14T15:31:06.470448,262,274,295,258,256,0
2026-08-14T15:31:06.473446,263,274,295,259,255,0
2026-08-14T15:31:06.473446,262,273,294,259,255,0
2026-08-14T15:31:06.473446,262,273,295,259,256,0
2026-08-14T15:31:06.473446,262,274,295,259,256,0
2026-08-14T15:31:06.473446,262,275,295,259,255,0
2026-08-14T15:31:06.473446,261,274,294,258,255,0
2026-08-14T15:31:06.481741,262,273,296,259,256,0
2026-08-14T15:31:06.482524,261,274,295,258,256,0
2026-08-14T15:31:06.484108,261,274,295,258,257,0
2026-08-14T15:31:06.484108,262,274,295,258,256,0
2026-08-14T15:31:06.484108,263,273,295,259,257,0
2026-08-14T15:31:06.487581,263,273,294,259,256,0
2026-08-14T15:31:06.487581,262,274,292,260,255,0
2026-08-14T15:31:06.487581,263,274,294,257,256,0
2026-08-14T15:31:06.490152,262,274,295,258,256,0
2026-08-14T15:31:06.490152,263,274,295,258,255,0
2026-08-14T15:31:06.490152,262,274,292,260,255,0
2026-08-14T15:31:06.490152,261,274,295,259,256,0
2026-08-14T15:31:06.495651,263,274,294,258,256,0
2026-08-14T15:31:06.495651,263,274,294,258,256,0
2026-08-14T15:31:06.495651,260,273,292,259,255,0
2026-08-14T15:31:06.498208,261,273,295,259,256,0
2026-08-14T15:31:06.498208,262,273,295,259,257,0
2026-08-14T15:31:06.498208,263,273,294,258,256,0
2026-08-14T15:31:06.498208,262,273,294,259,256,0
2026-08-14T15:31:06.504583,262,274,295,258,256,0
2026-08-14T15:31:06.504583,262,274,295,258,256,0
2026-08-14T15:31:06.504583,261,274,295,258,255,0
2026-08-14T15:31:06.507091,261,273,295,259,256,0
2026-08-14T15:31:06.507091,261,273,294,259,255,0
2026-08-14T15:31:06.507091,263,273,295,258,255,0
2026-08-14T15:31:06.507091,263,274,294,259,256,0
2026-08-14T15:31:06.507091,262,274,294,259,256,0
2026-08-14T15:31:06.507091,262,274,295,258,256,0
2026-08-14T15:31:06.507091,261,273,295,259,256,0
2026-08-14T15:31:06.514404,262,273,295,258,255,0
2026-08-14T15:31:06.514404,262,274,295,258,256,0
2026-08-14T15:31:06.514404,262,273,295,258,257,0
2026-08-14T15:31:06.519462,262,273,295,259,256,0
2026-08-14T15:31:06.520385,262,273,295,258,255,0
2026-08-14T15:31:06.520385,263,275,294,259,256,0
2026-08-14T15:31:06.520385,261,273,295,259,256,0
2026-08-14T15:31:06.522541,262,273,296,259,257,0
2026-08-14T15:31:06.522541,262,272,295,258,256,0
2026-08-14T15:31:06.526825,263,274,295,259,257,0
2026-08-14T15:31:06.526825,262,273,295,258,256,0
2026-08-14T15:31:06.528838,262,272,296,258,257,0
2026-08-14T15:31:06.528838,263,273,295,258,256,0
2026-08-14T15:31:06.530592,263,275,295,258,256,0
2026-08-14T15:31:06.533269,263,274,294,258,257,0
2026-08-14T15:31:06.533269,263,274,295,259,256,0
2026-08-14T15:31:06.533269,262,274,295,259,256,0
2026-08-14T15:31:06.537171,262,275,295,259,255,0
2026-08-14T15:31:06.537171,261,274,295,258,255,0
2026-08-14T15:31:06.539103,262,273,295,259,256,0
2026-08-14T15:31:06.539103,263,272,296,258,256,0
2026-08-14T15:31:06.541468,261,273,296,259,256,0
2026-08-14T15:31:06.541468,261,274,294,259,256,0
2026-08-14T15:31:06.541468,262,274,295,258,257,0
2026-08-14T15:31:06.545542,263,273,294,259,257,0
2026-08-14T15:31:06.545542,262,274,294,259,256,0
2026-08-14T15:31:06.547222,262,273,294,258,256,0
2026-08-14T15:31:06.547222,262,274,294,259,257,0
2026-08-14T15:31:06.547222,261,273,295,259,257,0
2026-08-14T15:31:06.547222,263,275,295,258,255,0
2026-08-14T15:31:06.547222,261,274,295,258,255,0
2026-08-14T15:31:06.553633,262,274,294,259,256,0
2026-08-14T15:31:06.553967,261,273,296,258,255,0
2026-08-14T15:31:06.553967,263,273,294,258,256,0
2026-08-14T15:31:06.555714,261,273,295,259,256,0
2026-08-14T15:31:06.556981,262,273,294,258,256,0
2026-08-14T15:31:06.556981,262,273,295,258,257,0
2026-08-14T15:31:06.556981,263,274,294,257,255,0
2026-08-14T15:31:06.559626,263,274,295,258,256,0
2026-08-14T15:31:06.559626,263,275,295,259,255,0
2026-08-14T15:31:06.559626,262,274,296,258,255,0
2026-08-14T15:31:06.563963,262,274,295,258,256,0
2026-08-14T15:31:06.563963,261,273,296,259,255,0
2026-08-14T15:31:06.563963,263,274,295,258,256,0
2026-08-14T15:31:06.563963,262,274,295,258,256,0
2026-08-14T15:31:06.569778,262,273,295,259,257,0
2026-08-14T15:31:06.570558,261,272,296,258,257,0
2026-08-14T15:31:06.570558,263,273,295,259,257,0
2026-08-14T15:31:06.572434,262,273,295,259,255,0
2026-08-14T15:31:06.572434,263,274,294,258,257,0
2026-08-14T15:31:06.572434,263,273,294,259,257,0
2026-08-14T15:31:06.576060,263,275,295,258,255,0
2026-08-14T15:31:06.578325,261,274,295,258,255,0
2026-08-14T15:31:06.578325,263,275,295,257,255,0
2026-08-14T15:31:06.580088,263,274,294,258,255,0
2026-08-14T15:31:06.581522,263,273,295,259,257,0
2026-08-14T15:31:06.581522,261,273,296,258,256,0
2026-08-14T15:31:06.584179,262,274,295,258,256,0
2026-08-14T15:31:06.584179,263,273,295,259,256,0
2026-08-14T15:31:06.586498,262,273,296,258,256,0
2026-08-14T15:31:06.587519,262,273,295,259,256,0
2026-08-14T15:31:06.587519,262,272,295,258,256,0
2026-08-14T15:31:06.588688,263,274,295,259,256,0
2026-08-14T15:31:06.588688,263,274,295,258,256,0
2026-08-14T15:31:06.588688,261,273,295,258,255,0
2026-08-14T15:31:06.592378,261,274,295,259,256,0
2026-08-14T15:31:06.592378,263,274,294,259,256,0
2026-08-14T15:31:06.592378,262,272,295,259,256,0
2026-08-14T15:31:06.592378,261,273,295,259,256,0
2026-08-14T15:31:06.596701,263,273,294,258,256,0
2026-08-14T15:31:06.596701,261,274,295,258,256,0
2026-08-14T15:31:06.596701,264,274,295,258,256,0
2026-08-14T15:31:06.602893,263,272,294,259,256,0
2026-08-14T15:31:06.603785,261,273,295,259,256,0
2026-08-14T15:31:06.603785,262,274,295,259,256,0
2026-08-14T15:31:06.605065,263,274,295,258,256,0
2026-08-14T15:31:06.606994,262,274,295,259,256,0
2026-08-14T15:31:06.606994,262,275,295,258,255,0
2026-08-14T15:31:06.606994,262,273,294,258,256,0
2026-08-14T15:31:06.609587,261,273,295,258,256,0
2026-08-14T15:31:06.609587,262,273,294,259,256,0
2026-08-14T15:31:06.609587,263,275,294,259,257,0
2026-08-14T15:31:06.613130,261,276,294,258,257,0
2026-08-14T15:31:06.614230,261,276,295,257,257,0
2026-08-14T15:31:06.614230,263,277,293,256,259,0
2026-08-14T15:31:06.614230,262,281,294,254,260,0
2026-08-14T15:31:06.614230,263,282,293,253,260,0
2026-08-14T15:31:06.620500,263,285,296,253,262,0
2026-08-14T15:31:06.621275,264,288,296,254,264,0
2026-08-14T15:31:06.621275,266,291,297,253,267,0
2026-08-14T15:31:06.621275,268,294,300,254,269,0
2026-08-14T15:31:06.621275,271,298,301,255,271,0
2026-08-14T15:31:06.621275,271,302,303,254,273,0
2026-08-14T15:31:06.621275,274,305,304,255,276,0
2026-08-14T15:31:06.621275,274,307,307,255,279,0
2026-08-14T15:31:06.621275,276,311,311,256,280,0
2026-08-14T15:31:06.621275,279,315,313,259,283,0
2026-08-14T15:31:06.631568,283,318,315,259,286,0
2026-08-14T15:31:06.631568,283,321,319,262,288,0
2026-08-14T15:31:06.631568,285,323,320,263,289,0
2026-08-14T15:31:06.633326,286,326,324,265,291,0
2026-08-14T15:31:06.637086,288,330,326,265,293,0
2026-08-14T15:31:06.637959,290,333,327,266,296,0
2026-08-14T15:31:06.637959,291,336,330,267,298,0
2026-08-14T15:31:06.637959,293,339,331,267,300,0
2026-08-14T15:31:06.637959,294,342,332,266,301,0
2026-08-14T15:31:06.637959,295,345,334,266,304,0
2026-08-14T15:31:06.637959,295,347,336,266,304,0
2026-08-14T15:31:06.637959,295,351,338,266,306,0
2026-08-14T15:31:06.637959,298,353,339,266,308,0
2026-08-14T15:31:06.645531,298,356,341,267,310,0
2026-08-14T15:31:06.645531,299,359,345,269,311,0
2026-08-14T15:31:06.649705,299,360,347,270,313,0
2026-08-14T15:31:06.649705,302,363,349,274,316,0
2026-08-14T15:31:06.652043,307,363,351,280,317,0
2026-08-14T15:31:06.652802,312,361,352,288,319,0
2026-08-14T15:31:06.653813,318,361,356,297,323,0
2026-08-14T15:31:06.656195,323,367,364,302,327,0
2026-08-14T15:31:06.656195,328,375,367,302,332,0
2026-08-14T15:31:06.656195,333,379,371,305,336,0
2026-08-14T15:31:06.656195,334,383,372,304,337,0
2026-08-14T15:31:06.659520,335,388,374,304,340,0
2026-08-14T15:31:06.659520,336,391,375,303,342,0
2026-08-14T15:31:06.661561,336,395,376,303,344,0
2026-08-14T15:31:06.661561,337,396,377,304,345,0
2026-08-14T15:31:06.661561,338,399,378,304,346,0
2026-08-14T15:31:06.661561,339,401,380,306,348,0
2026-08-14T15:31:06.661561,341,403,383,307,350,0
2026-08-14T15:31:06.669991,345,405,384,309,353,0
2026-08-14T15:31:06.671287,346,410,388,311,356,0
2026-08-14T15:31:06.671715,350,415,389,313,360,0
2026-08-14T15:31:06.673726,353,419,394,315,362,0
2026-08-14T15:31:06.673726,357,422,397,320,365,0
2026-08-14T15:31:06.673726,362,422,399,324,366,0
2026-08-14T15:31:06.675736,365,428,404,330,372,0
2026-08-14T15:31:06.675736,368,434,412,333,377,0
2026-08-14T15:31:06.675736,372,441,416,335,381,0
2026-08-14T15:31:06.678851,374,445,418,335,383,0
2026-08-14T15:31:06.678851,377,449,421,337,388,0
2026-08-14T15:31:06.678851,380,452,423,340,389,0
2026-08-14T15:31:06.678851,382,453,425,345,390,0
2026-08-14T15:31:06.678851,386,455,429,350,394,0
2026-08-14T15:31:06.678851,388,461,430,350,397,0
2026-08-14T15:31:06.686619,391,464,433,351,398,0
2026-08-14T15:31:06.687456,392,467,436,352,401,0
2026-08-14T15:31:06.688773,394,471,437,354,403,0
2026-08-14T15:31:06.688773,395,474,440,357,406,0
2026-08-14T15:31:06.690786,399,478,445,361,409,0
2026-08-14T15:31:06.692883,402,482,449,366,413,0
2026-08-14T15:31:06.694028,409,485,455,375,416,0
2026-08-14T15:31:06.695755,414,492,458,378,422,0
2026-08-14T15:31:06.696355,415,497,461,376,425,0
2026-08-14T15:31:06.698986,417,500,464,377,427,0
2026-08-14T15:31:06.699702,419,505,466,378,431,0
2026-08-14T15:31:06.699702,422,507,466,381,433,0
2026-08-14T15:31:06.700739,426,508,468,387,435,0
2026-08-14T15:31:06.701425,429,507,472,396,437,0
2026-08-14T15:31:06.702736,433,514,477,397,441,0
2026-08-14T15:31:06.704208,436,520,479,399,445,0
2026-08-14T15:31:06.704208,438,524,480,399,447,0
2026-08-14T15:31:06.704208,437,526,481,397,450,0
2026-08-14T15:31:06.704208,438,531,481,398,451,0
2026-08-14T15:31:06.707607,440,535,483,400,454,0
2026-08-14T15:31:06.707607,444,536,487,404,457,0
2026-08-14T15:31:06.707607,448,535,487,413,457,0
2026-08-14T15:31:06.711040,452,536,489,418,460,0
2026-08-14T15:31:06.711040,455,541,491,419,464,0
2026-08-14T15:31:06.711040,456,547,493,419,466,0
2026-08-14T15:31:06.711040,458,550,492,418,468,0
2026-08-14T15:31:06.711040,460,552,494,422,471,0
2026-08-14T15:31:06.718229,463,553,497,427,473,0
2026-08-14T15:31:06.718229,466,555,499,433,477,0
2026-08-14T15:31:06.721589,472,560,504,436,481,0
2026-08-14T15:31:06.721589,472,564,505,437,484,0
2026-08-14T15:31:06.721589,473,567,505,438,486,0
2026-08-14T15:31:06.723599,474,570,506,438,486,0
2026-08-14T15:31:06.725198,474,573,507,437,488,0
2026-08-14T15:31:06.725198,476,574,506,438,489,0
2026-08-14T15:31:06.727209,478,572,507,444,491,0
2026-08-14T15:31:06.729336,483,572,511,454,492,0
2026-08-14T15:31:06.729960,487,573,516,459,495,0
2026-08-14T15:31:06.729960,490,580,517,459,501,0
2026-08-14T15:31:06.733995,492,586,518,459,503,0
2026-08-14T15:31:06.736190,492,591,518,459,505,0
2026-08-14T15:31:06.736190,494,593,518,459,507,0
2026-08-14T15:31:06.737458,494,596,519,458,509,0
2026-08-14T15:31:06.737458,496,598,520,461,510,0
2026-08-14T15:31:06.737458,495,603,523,460,513,0
2026-08-14T15:31:06.739468,498,605,523,461,514,0
2026-08-14T15:31:06.741634,499,609,525,461,517,0
2026-08-14T15:31:06.741634,501,613,524,462,520,0
2026-08-14T15:31:06.741634,506,620,527,465,526,0
2026-08-14T15:31:06.743643,510,625,529,471,530,0
2026-08-14T15:31:06.745655,516,630,535,479,535,0
2026-08-14T15:31:06.745655,523,632,538,490,539,0
2026-08-14T15:31:06.745655,528,639,544,493,544,0
2026-08-14T15:31:06.749675,530,645,546,492,549,0
2026-08-14T15:31:06.750623,534,650,548,493,551,0
2026-08-14T15:31:06.750623,537,652,549,497,554,0
2026-08-14T15:31:06.752132,539,656,550,499,557,0
2026-08-14T15:31:06.753733,542,660,551,498,560,0
2026-08-14T15:31:06.753733,544,666,554,500,562,0
2026-08-14T15:31:06.753733,547,668,555,505,566,0
2026-08-14T15:31:06.756813,553,667,559,514,569,0
2026-08-14T15:31:06.756813,561,661,564,528,571,0
2026-08-14T15:31:06.756813,563,668,569,531,574,0
2026-08-14T15:31:06.760284,566,677,570,528,578,0
2026-08-14T15:31:06.762644,567,682,573,529,581,0
2026-08-14T15:31:06.762644,569,685,575,530,583,0
2026-08-14T15:31:06.762644,572,690,578,531,585,0
2026-08-14T15:31:06.766744,573,695,580,533,588,0
2026-08-14T15:31:06.766744,576,698,584,536,591,0
2026-08-14T15:31:06.766744,582,699,588,545,593,0
2026-08-14T15:31:06.770128,586,696,595,560,592,0
2026-08-14T15:31:06.770128,589,701,599,564,596,0
2026-08-14T15:31:06.770128,594,707,603,564,601,0
2026-08-14T15:31:06.770128,598,713,604,568,604,0
2026-08-14T15:31:06.774943,603,716,607,573,609,0
2026-08-14T15:31:06.774943,605,722,605,572,612,0
2026-08-14T15:31:06.774943,607,727,608,571,614,0
2026-08-14T15:31:06.779019,608,731,609,571,617,0
2026-08-14T15:31:06.779702,611,733,611,575,618,0
2026-08-14T15:31:06.779702,612,737,616,577,621,0
2026-08-14T15:31:06.779702,615,742,618,579,624,0
2026-08-14T15:31:06.783116,617,747,619,579,626,0
2026-08-14T15:31:06.783116,621,749,622,581,629,0
2026-08-14T15:31:06.783116,622,752,625,582,633,0
2026-08-14T15:31:06.786746,625,756,627,586,634,0
2026-08-14T15:31:06.786746,627,760,630,588,636,0
2026-08-14T15:31:06.786746,631,762,632,589,639,0
2026-08-14T15:31:06.786746,635,766,634,593,643,0
2026-08-14T15:31:06.789787,641,765,640,605,643,0
2026-08-14T15:31:06.789787,647,759,643,619,641,0
2026-08-14T15:31:06.789787,652,761,650,628,644,0
2026-08-14T15:31:06.795024,656,770,650,623,652,0
2026-08-14T15:31:06.795024,658,775,653,625,655,0
2026-08-14T15:31:06.795024,658,782,655,623,658,0
2026-08-14T15:31:06.795024,659,786,656,620,659,0
2026-08-14T15:31:06.798160,658,790,657,619,661,0
2026-08-14T15:31:06.798160,660,793,661,618,663,0
2026-08-14T15:31:06.801270,660,799,664,620,666,0
2026-08-14T15:31:06.803333,663,805,670,622,668,0
2026-08-14T15:31:06.803974,668,807,675,633,668,0
2026-08-14T15:31:06.803974,675,801,684,648,666,0
2026-08-14T15:31:06.805881,679,805,692,655,669,0
2026-08-14T15:31:06.816590,681,812,691,654,674,0
2026-08-14T15:31:06.816590,684,818,695,656,679,0
2026-08-14T15:31:06.816590,688,826,697,657,684,0
2026-08-14T15:31:06.819633,691,831,701,659,687,0
2026-08-14T15:31:06.820809,692,836,707,661,689,0
2026-08-14T15:31:06.821476,693,842,711,663,693,0
2026-08-14T15:31:06.822892,696,848,715,662,696,0
2026-08-14T15:31:06.823741,698,852,718,665,699,0
2026-08-14T15:31:06.823741,702,856,723,669,702,0
2026-08-14T15:31:06.823741,706,856,723,677,702,0
2026-08-14T15:31:06.825757,713,849,730,694,698,0
2026-08-14T15:31:06.825757,720,844,742,706,692,0
2026-08-14T15:31:06.826888,724,844,752,714,691,0
2026-08-14T15:31:06.826888,728,843,755,720,691,0
2026-08-14T15:31:06.828901,732,829,753,733,682,0
2026-08-14T15:31:06.828901,736,822,759,741,678,0
2026-08-14T15:31:06.830184,739,829,758,739,690,0
2026-08-14T15:31:06.830184,741,837,754,733,700,0
2026-08-14T15:31:06.830184,744,845,753,731,707,0
2026-08-14T15:31:06.832194,744,852,752,730,712,0
2026-08-14T15:31:06.832194,746,857,752,727,716,0
2026-08-14T15:31:06.832194,747,865,752,725,720,0
2026-08-14T15:31:06.834207,747,872,755,723,723,0
2026-08-14T15:31:06.837952,750,878,756,723,726,0
2026-08-14T15:31:06.838503,751,883,760,725,727,0
2026-08-14T15:31:06.838503,752,888,765,725,728,0
2026-08-14T15:31:06.839485,752,894,769,726,729,0
2026-08-14T15:31:06.839485,754,895,771,730,729,0
2026-08-14T15:31:06.839485,758,895,775,735,728,0
2026-08-14T15:31:06.841491,763,883,778,749,721,0
2026-08-14T15:31:06.843244,764,878,785,757,716,0
2026-08-14T15:31:06.845269,765,880,789,756,719,0
2026-08-14T15:31:06.845269,766,888,786,754,723,0
2026-08-14T15:31:06.846041,766,892,783,752,726,0
2026-08-14T15:31:06.848711,767,893,781,750,727,0
2026-08-14T15:31:06.848711,768,897,778,748,730,0
2026-08-14T15:31:06.848711,766,900,775,744,733,0
2026-08-14T15:31:06.852669,768,904,773,742,733,0
2026-08-14T15:31:06.853517,767,906,774,743,734,0
2026-08-14T15:31:06.853898,768,907,776,743,734,0
2026-08-14T15:31:06.854406,767,910,775,743,734,0
2026-08-14T15:31:06.856588,768,912,775,743,734,0
2026-08-14T15:31:06.857279,770,914,773,742,736,0
2026-08-14T15:31:06.857279,770,916,770,741,737,0
2026-08-14T15:31:06.860766,771,919,772,745,739,0
2026-08-14T15:31:06.860766,774,920,776,747,739,0
2026-08-14T15:31:06.860766,777,925,775,747,742,0
2026-08-14T15:31:06.860766,779,929,773,748,745,0
2026-08-14T15:31:06.864097,781,927,774,754,744,0
2026-08-14T15:31:06.864097,782,920,777,764,740,0
2026-08-14T15:31:06.866104,783,901,779,775,735,0
2026-08-14T15:31:06.868113,785,905,781,777,737,0
2026-08-14T15:31:06.869479,785,910,773,771,744,0
2026-08-14T15:31:06.870240,785,915,771,770,744,0
2026-08-14T15:31:06.872282,785,919,773,768,746,0
2026-08-14T15:31:06.872282,785,923,773,765,747,0
2026-08-14T15:31:06.872282,785,926,773,766,747,0
2026-08-14T15:31:06.872282,786,926,778,766,746,0
2026-08-14T15:31:06.876342,785,927,782,768,744,0
2026-08-14T15:31:06.876342,787,928,781,769,744,0
2026-08-14T15:31:06.876342,788,920,779,776,741,0
2026-08-14T15:31:06.881421,786,919,780,774,744,0
2026-08-14T15:31:06.881421,786,925,781,771,745,0
2026-08-14T15:31:06.881421,787,927,781,770,746,0
2026-08-14T15:31:06.881421,788,931,779,768,748,0
2026-08-14T15:31:06.884505,787,934,778,767,750,0
2026-08-14T15:31:06.887108,785,938,777,763,751,0
2026-08-14T15:31:06.887108,786,941,776,763,752,0
2026-08-14T15:31:06.887108,786,943,778,762,750,0
2026-08-14T15:31:06.887108,785,945,778,759,751,0
2026-08-14T15:31:06.887108,785,946,781,758,753,0
2026-08-14T15:31:06.887108,785,945,781,759,750,0
2026-08-14T15:31:06.892200,784,938,780,764,749,0
2026-08-14T15:31:06.892200,783,919,784,777,742,0
2026-08-14T15:31:06.892200,781,902,794,787,730,0
2026-08-14T15:31:06.892200,777,893,801,789,728,0
2026-08-14T15:31:06.892200,776,894,787,784,733,0
2026-08-14T15:31:06.892200,777,890,778,781,736,0
2026-08-14T15:31:06.901927,773,887,771,780,737,0
2026-08-14T15:31:06.901927,774,886,762,776,742,0
2026-08-14T15:31:06.903280,773,884,755,774,745,0
2026-08-14T15:31:06.903920,773,884,753,772,745,0
2026-08-14T15:31:06.905992,771,885,751,770,746,0
2026-08-14T15:31:06.905992,773,890,748,765,748,0
2026-08-14T15:31:06.905992,771,894,745,760,749,0
2026-08-14T15:31:06.908338,769,898,742,753,749,0
2026-08-14T15:31:06.908338,768,902,738,747,749,0
2026-08-14T15:31:06.908338,764,905,737,741,748,0
2026-08-14T15:31:06.911882,761,906,739,736,746,0
2026-08-14T15:31:06.912589,757,906,739,732,744,0
2026-08-14T15:31:06.912589,753,903,742,731,742,0
2026-08-14T15:31:06.912589,752,892,739,735,739,0
2026-08-14T15:31:06.916282,748,874,745,744,731,0
2026-08-14T15:31:06.916282,742,861,751,749,724,0
2026-08-14T15:31:06.919996,738,857,754,747,721,0
2026-08-14T15:31:06.919996,736,858,746,738,721,0
2026-08-14T15:31:06.919996,734,861,737,732,724,0
2026-08-14T15:31:06.919996,733,864,730,726,728,0
2026-08-14T15:31:06.919996,733,867,725,721,730,0
2026-08-14T15:31:06.926650,732,870,719,715,732,0
2026-08-14T15:31:06.926650,733,872,713,710,733,0
2026-08-14T15:31:06.926650,731,876,712,706,734,0
2026-08-14T15:31:06.926650,732,877,712,704,736,0
2026-08-14T15:31:06.930577,733,880,717,703,736,0
2026-08-14T15:31:06.930577,734,884,720,703,737,0
2026-08-14T15:31:06.930577,734,880,724,706,739,0
2026-08-14T15:31:06.932724,733,874,729,712,739,0
2026-08-14T15:31:06.932724,732,867,728,717,738,0
2026-08-14T15:31:06.936132,732,842,724,728,734,0
2026-08-14T15:31:06.936956,729,837,723,726,735,0
2026-08-14T15:31:06.936956,728,832,719,723,735,0
2026-08-14T15:31:06.936956,728,839,716,720,738,0
2026-08-14T15:31:06.941037,728,844,713,715,739,0
2026-08-14T15:31:06.941037,729,848,710,711,742,0
2026-08-14T15:31:06.941037,728,852,707,704,742,0
2026-08-14T15:31:06.941037,727,854,707,703,741,0
2026-08-14T15:31:06.944625,726,854,709,701,740,0
2026-08-14T15:31:06.944625,724,854,710,699,741,0
2026-08-14T15:31:06.944625,724,853,711,698,740,0
2026-08-14T15:31:06.949084,722,850,712,700,739,0
2026-08-14T15:31:06.951045,721,832,709,708,735,0
2026-08-14T15:31:06.951045,719,827,715,707,734,0
2026-08-14T15:31:06.951045,716,829,708,698,733,0
2026-08-14T15:31:06.954150,714,828,705,692,730,0
2026-08-14T15:31:06.954150,711,828,704,689,726,0
2026-08-14T15:31:06.954150,707,826,705,686,724,0
2026-08-14T15:31:06.957189,702,826,707,682,721,0
2026-08-14T15:31:06.957189,699,824,704,679,719,0
2026-08-14T15:31:06.957189,695,820,701,672,717,0
2026-08-14T15:31:06.957189,690,816,698,669,713,0
2026-08-14T15:31:06.957189,686,805,694,672,709,0
2026-08-14T15:31:06.957189,687,781,689,681,703,0
2026-08-14T15:31:06.957189,678,767,697,681,695,0
2026-08-14T15:31:06.967618,673,740,688,683,681,0
2026-08-14T15:31:06.967618,666,723,682,678,671,0
2026-08-14T15:31:06.967618,659,706,669,676,665,0
2026-08-14T15:31:06.970148,653,700,663,665,662,0
2026-08-14T15:31:06.971501,646,698,655,656,660,0
2026-08-14T15:31:06.971501,642,698,648,648,656,0
2026-08-14T15:31:06.971501,638,699,640,641,654,0
2026-08-14T15:31:06.973776,633,699,638,633,651,0
2026-08-14T15:31:06.973776,627,698,634,627,647,0
2026-08-14T15:31:06.973776,620,694,632,622,640,0
2026-08-14T15:31:06.973776,615,684,630,619,633,0
2026-08-14T15:31:06.979745,608,676,628,614,628,0
2026-08-14T15:31:06.979745,601,670,623,609,622,0
2026-08-14T15:31:06.979745,595,666,617,602,617,0
2026-08-14T15:31:06.982681,588,664,609,592,610,0
2026-08-14T15:31:06.982681,582,657,604,584,605,0
2026-08-14T15:31:06.982681,575,656,599,578,600,0
2026-08-14T15:31:06.986224,568,652,593,570,595,0
2026-08-14T15:31:06.986892,562,647,592,566,589,0
2026-08-14T15:31:06.986892,555,644,587,558,582,0
2026-08-14T15:31:06.986892,548,639,582,551,579,0
2026-08-14T15:31:06.989844,542,636,578,544,574,0
2026-08-14T15:31:06.989844,536,631,575,541,569,0
2026-08-14T15:31:06.989844,532,631,572,536,564,0
2026-08-14T15:31:06.989844,528,625,566,530,561,0
2026-08-14T15:31:06.989844,524,618,562,527,556,0
2026-08-14T15:31:06.989844,521,603,556,530,549,0
2026-08-14T15:31:06.989844,515,581,550,529,539,0
2026-08-14T15:31:06.998294,502,565,544,523,526,0
2026-08-14T15:31:06.998294,488,553,540,514,516,0
2026-08-14T15:31:06.998294,479,545,523,500,508,0
2026-08-14T15:31:07.004474,472,542,517,491,502,0
2026-08-14T15:31:07.004474,465,540,512,485,496,0
2026-08-14T15:31:07.004474,459,539,509,479,494,0
2026-08-14T15:31:07.006233,452,538,506,474,489,0
2026-08-14T15:31:07.008392,445,538,502,466,485,0
2026-08-14T15:31:07.008392,440,536,497,459,480,0
2026-08-14T15:31:07.008392,437,531,494,454,475,0
2026-08-14T15:31:07.012495,430,525,489,450,469,0
2026-08-14T15:31:07.012495,423,513,484,446,462,0
2026-08-14T15:31:07.014324,416,503,478,443,454,0
2026-08-14T15:31:07.014324,408,493,472,439,446,0
2026-08-14T15:31:07.014324,403,481,463,434,437,0
2026-08-14T15:31:07.014324,396,467,456,429,428,0
2026-08-14T15:31:07.014324,386,455,450,422,418,0
2026-08-14T15:31:07.020103,378,445,439,413,411,0
2026-08-14T15:31:07.020103,372,435,425,403,405,0
2026-08-14T15:31:07.022375,366,431,417,396,400,0
2026-08-14T15:31:07.022375,360,426,409,388,396,0
2026-08-14T15:31:07.022375,357,424,405,382,391,0
2026-08-14T15:31:07.022375,351,427,402,375,387,0
2026-08-14T15:31:07.022375,346,426,398,369,385,0
2026-08-14T15:31:07.029052,339,426,396,365,380,0
2026-08-14T15:31:07.029052,333,419,394,362,372,0
2026-08-14T15:31:07.029052,327,409,387,358,365,0
2026-08-14T15:31:07.030792,322,395,381,353,357,0
2026-08-14T15:31:07.033234,315,385,374,349,349,0
2026-08-14T15:31:07.033234,309,373,367,342,344,0
2026-08-14T15:31:07.033234,303,369,357,334,337,0
2026-08-14T15:31:07.036655,298,363,351,327,333,0
2026-08-14T15:31:07.037246,295,362,346,321,329,0
2026-08-14T15:31:07.037246,289,359,342,318,326,0
2026-08-14T15:31:07.041317,285,358,340,313,322,0
2026-08-14T15:31:07.041317,282,354,337,309,318,0
2026-08-14T15:31:07.041317,277,345,332,306,313,0
2026-08-14T15:31:07.043071,271,336,327,302,306,0
2026-08-14T15:31:07.045394,266,330,321,297,301,0
2026-08-14T15:31:07.045394,261,322,313,291,295,0
2026-08-14T15:31:07.045394,256,311,306,286,289,0
2026-08-14T15:31:07.049494,252,304,297,280,284,0
2026-08-14T15:31:07.049494,247,299,295,275,280,0
2026-08-14T15:31:07.049494,245,300,292,272,278,0
2026-08-14T15:31:07.049494,242,300,289,267,277,0
2026-08-14T15:31:07.053527,239,300,288,264,275,0
2026-08-14T15:31:07.053895,236,300,287,261,272,0
2026-08-14T15:31:07.053895,233,299,284,258,269,0
2026-08-14T15:31:07.055715,230,293,281,257,266,0
2026-08-14T15:31:07.055715,229,287,280,256,263,0
2026-08-14T15:31:07.055715,227,280,277,256,258,0
2026-08-14T15:31:07.055715,222,276,274,250,253,0
2026-08-14T15:31:07.060772,219,271,268,245,249,0
2026-08-14T15:31:07.060772,215,267,264,242,245,0
2026-08-14T15:31:07.060772,210,262,260,237,241,0
2026-08-14T15:31:07.063363,209,255,253,234,236,0
2026-08-14T15:31:07.063363,206,249,251,231,232,0
2026-08-14T15:31:07.063363,205,242,247,228,227,0
2026-08-14T15:31:07.069719,202,236,244,225,223,0
2026-08-14T15:31:07.070582,198,232,241,221,218,0
2026-08-14T15:31:07.070582,196,230,236,217,217,0
2026-08-14T15:31:07.071740,193,225,230,214,213,0
2026-08-14T15:31:07.072718,189,221,224,209,210,0
2026-08-14T15:31:07.072718,186,217,220,204,205,0
2026-08-14T15:31:07.072718,183,213,216,200,202,0
2026-08-14T15:31:07.078171,178,210,212,197,199,0
2026-08-14T15:31:07.078171,176,209,209,192,195,0
2026-08-14T15:31:07.078171,172,207,205,188,193,0
2026-08-14T15:31:07.080613,168,208,203,185,191,0
2026-08-14T15:31:07.080613,165,208,200,181,189,0
2026-08-14T15:31:07.080613,165,204,198,179,187,0
2026-08-14T15:31:07.080613,162,201,197,179,184,0
2026-08-14T15:31:07.085962,161,197,194,177,181,0
2026-08-14T15:31:07.086777,160,193,193,175,178,0
2026-08-14T15:31:07.088055,160,187,190,172,173,0
2026-08-14T15:31:07.088055,155,181,184,167,167,0
2026-08-14T15:31:07.088055,149,175,177,161,161,0
2026-08-14T15:31:07.088055,144,168,173,156,155,0
2026-08-14T15:31:07.088055,138,162,166,149,150,0
2026-08-14T15:31:07.094715,134,157,160,144,144,0
2026-08-14T15:31:07.094715,129,151,153,137,140,0
2026-08-14T15:31:07.095733,124,147,148,133,135,0
2026-08-14T15:31:07.095733,121,143,142,127,131,0
2026-08-14T15:31:07.098645,117,138,137,124,127,0
2026-08-14T15:31:07.098645,114,135,132,121,124,0
2026-08-14T15:31:07.098645,111,131,130,117,121,0
2026-08-14T15:31:07.098645,108,128,126,114,117,0
2026-08-14T15:31:07.103059,107,125,122,111,114,0
2026-08-14T15:31:07.104266,104,121,118,107,110,0
2026-08-14T15:31:07.104266,100,117,115,105,108,0
2026-08-14T15:31:07.104266,96,113,113,101,104,0
2026-08-14T15:31:07.104266,94,111,108,97,100,0
2026-08-14T15:31:07.108577,90,105,105,93,97,0
2026-08-14T15:31:07.108577,87,101,101,89,94,0
2026-08-14T15:31:07.108577,86,101,98,88,92,0
2026-08-14T15:31:07.112179,84,100,97,86,89,0
2026-08-14T15:31:07.112179,82,98,94,83,90,0
2026-08-14T15:31:07.112179,81,97,94,83,87,0
2026-08-14T15:31:07.112179,78,96,91,81,86,0
2026-08-14T15:31:07.116775,78,95,90,79,83,0
2026-08-14T15:31:07.116775,76,93,89,79,83,0
2026-08-14T15:31:07.119468,75,90,88,76,81,0
2026-08-14T15:31:07.120535,73,90,86,75,80,0
2026-08-14T15:31:07.123376,71,87,82,72,76,0
2026-08-14T15:31:07.123376,70,84,80,70,75,0
2026-08-14T15:31:07.123376,68,79,79,69,73,0
2026-08-14T15:31:07.125134,66,77,75,67,70,0
2026-08-14T15:31:07.125134,63,75,74,64,68,0
2026-08-14T15:31:07.125134,62,73,70,63,65,0
2026-08-14T15:31:07.128641,60,71,68,60,62,0
2026-08-14T15:31:07.128641,58,69,67,58,61,0
2026-08-14T15:31:07.128641,56,66,64,56,59,0
2026-08-14T15:31:07.128641,55,64,62,55,57,0
2026-08-14T15:31:07.128641,52,61,59,52,54,0
2026-08-14T15:31:07.136278,51,59,56,51,54,0
2026-08-14T15:31:07.136972,50,59,55,49,52,0
2026-08-14T15:31:07.136972,46,56,53,46,50,0
2026-08-14T15:31:07.136972,45,54,51,45,49,0
2026-08-14T15:31:07.136972,45,52,49,45,48,0
2026-08-14T15:31:07.136972,44,52,50,43,47,0
2026-08-14T15:31:07.136972,43,51,47,42,46,0
2026-08-14T15:31:07.144492,41,50,47,40,45,0
2026-08-14T15:31:07.144492,40,50,47,41,45,0
2026-08-14T15:31:07.144492,40,49,45,39,44,0
2026-08-14T15:31:07.147736,39,48,44,40,44,0
2026-08-14T15:31:07.148543,39,48,44,39,44,0
2026-08-14T15:31:07.148543,37,49,45,39,44,0
2026-08-14T15:31:07.151898,37,49,44,38,42,0
2026-08-14T15:31:07.152840,37,49,43,40,44,0
2026-08-14T15:31:07.153605,38,48,44,38,43,0
2026-08-14T15:31:07.153605,38,48,45,38,42,0
2026-08-14T15:31:07.153605,38,48,43,38,44,0
2026-08-14T15:31:07.153605,39,48,43,38,43,0
2026-08-14T15:31:07.153605,37,49,45,39,43,0
2026-08-14T15:31:07.160070,37,49,45,39,43,0
2026-08-14T15:31:07.160070,40,49,45,38,44,0
2026-08-14T15:31:07.161086,39,49,44,39,44,0
2026-08-14T15:31:07.161086,39,49,44,40,45,0
2026-08-14T15:31:07.163098,39,49,45,40,44,0
2026-08-14T15:31:07.163098,39,50,45,41,44,0
2026-08-14T15:31:07.163098,39,50,45,40,45,0
2026-08-14T15:31:07.163098,40,51,45,41,46,0
2026-08-14T15:31:07.169237,40,50,45,40,45,0
2026-08-14T15:31:07.170222,40,50,46,40,45,0
2026-08-14T15:31:07.172366,41,50,47,40,46,0
2026-08-14T15:31:07.172366,42,52,46,41,48,0
2026-08-14T15:31:07.172366,40,52,48,42,47,0
2026-08-14T15:31:07.175194,41,52,46,42,46,0
2026-08-14T15:31:07.175194,43,53,48,43,48,0
2026-08-14T15:31:07.175194,41,52,48,43,48,0
2026-08-14T15:31:07.177383,41,52,49,44,48,0
2026-08-14T15:31:07.177383,42,54,48,43,48,0
2026-08-14T15:31:07.177383,45,54,48,43,50,0
2026-08-14T15:31:07.177383,42,53,49,45,48,0
2026-08-14T15:31:07.177383,44,54,50,45,49,0
2026-08-14T15:31:07.177383,44,54,50,44,49,0
2026-08-14T15:31:07.185564,45,55,51,46,49,0
2026-08-14T15:31:07.186686,46,54,51,45,49,0
2026-08-14T15:31:07.186686,45,55,52,47,51,0
2026-08-14T15:31:07.189460,45,56,52,47,50,0
2026-08-14T15:31:07.189460,45,55,52,46,51,0
2026-08-14T15:31:07.189460,47,56,54,47,50,0
2026-08-14T15:31:07.192967,46,55,54,48,52,0
2026-08-14T15:31:07.192967,48,56,53,49,51,0
2026-08-14T15:31:07.193991,49,58,52,47,52,0
2026-08-14T15:31:07.196940,49,58,54,49,54,0
2026-08-14T15:31:07.196940,50,58,55,51,53,0
2026-08-14T15:31:07.198699,48,58,56,50,54,0
2026-08-14T15:31:07.200712,50,58,57,51,55,0
2026-08-14T15:31:07.201222,50,60,56,51,55,0
2026-08-14T15:31:07.202729,52,60,58,51,55,0
2026-08-14T15:31:07.203687,52,61,58,52,55,0
2026-08-14T15:31:07.205046,53,61,58,52,55,0
2026-08-14T15:31:07.205046,51,62,60,54,57,0
2026-08-14T15:31:07.205046,52,61,59,54,56,0
2026-08-14T15:31:07.209219,54,62,60,54,57,0
2026-08-14T15:31:07.209219,52,63,59,54,57,0
2026-08-14T15:31:07.210748,52,61,60,54,57,0
2026-08-14T15:31:07.210748,53,62,59,53,57,0
2026-08-14T15:31:07.213317,52,61,59,53,56,0
2026-08-14T15:31:07.214570,53,61,60,53,56,0
2026-08-14T15:31:07.214570,51,61,59,53,55,0
2026-08-14T15:31:07.217421,51,61,58,52,56,0
2026-08-14T15:31:07.217421,52,61,58,53,56,0
2026-08-14T15:31:07.217421,50,61,58,53,56,0
2026-08-14T15:31:07.219507,52,60,60,53,55,0
2026-08-14T15:31:07.220137,50,61,59,53,56,0
2026-08-14T15:31:07.220137,51,60,58,52,55,0
2026-08-14T15:31:07.220137,52,61,58,53,56,0
2026-08-14T15:31:07.220137,51,60,58,53,57,0
2026-08-14T15:31:07.220137,50,60,60,54,57,0
2026-08-14T15:31:07.220137,53,62,58,53,57,0
2026-08-14T15:31:07.227507,52,61,60,53,56,0
2026-08-14T15:31:07.227507,52,61,60,54,57,0
2026-08-14T15:31:07.227507,53,62,60,55,57,0
2026-08-14T15:31:07.227507,54,62,60,55,57,0
2026-08-14T15:31:07.227507,54,63,60,55,58,0
2026-08-14T15:31:07.227507,53,64,61,56,58,0
2026-08-14T15:31:07.227507,54,63,62,55,59,0
2026-08-14T15:31:07.238019,53,62,62,55,59,0
2026-08-14T15:31:07.238019,53,63,61,54,59,0
2026-08-14T15:31:07.238019,53,63,61,56,58,0
2026-08-14T15:31:07.238019,54,63,62,54,58,0
2026-08-14T15:31:07.242170,54,64,62,55,59,0
2026-08-14T15:31:07.242170,54,63,60,55,59,0
2026-08-14T15:31:07.242170,55,63,62,56,58,0
2026-08-14T15:31:07.243925,54,62,61,54,59,0
2026-08-14T15:31:07.243925,54,63,61,55,58,0
2026-08-14T15:31:07.243925,54,63,60,55,58,0
2026-08-14T15:31:07.248022,55,63,62,55,57,0
2026-08-14T15:31:07.248022,54,63,61,55,58,0
2026-08-14T15:31:07.248022,53,63,61,56,58,0
2026-08-14T15:31:07.248022,54,62,61,55,58,0
2026-08-14T15:31:07.253238,53,64,61,55,58,0
2026-08-14T15:31:07.254378,54,62,61,55,58,0
2026-08-14T15:31:07.254378,54,62,61,55,58,0
2026-08-14T15:31:07.254378,53,62,61,55,58,0
2026-08-14T15:31:07.254378,53,64,62,55,57,0
2026-08-14T15:31:07.254378,55,63,61,55,58,0
2026-08-14T15:31:07.254378,54,63,61,55,58,0
2026-08-14T15:31:07.262471,53,63,60,54,59,0
2026-08-14T15:31:07.262471,53,64,62,54,57,0
2026-08-14T15:31:07.262471,52,63,61,55,59,0
2026-08-14T15:31:07.262471,53,63,62,55,58,0
2026-08-14T15:31:07.266502,53,63,60,55,58,0
2026-08-14T15:31:07.266502,54,63,62,56,58,0
2026-08-14T15:31:07.266502,53,63,61,55,58,0
2026-08-14T15:31:07.270644,54,63,62,56,59,0
2026-08-14T15:31:07.270644,53,63,60,56,58,0
2026-08-14T15:31:07.270644,54,63,62,54,58,0
2026-08-14T15:31:07.274911,53,63,60,54,59,0
2026-08-14T15:31:07.274911,55,63,61,54,58,0
2026-08-14T15:31:07.274911,53,63,61,55,59,0
2026-08-14T15:31:07.277040,54,62,61,55,57,0
2026-08-14T15:31:07.277040,53,63,62,55,58,0
2026-08-14T15:31:07.277040,54,63,60,54,58,0
2026-08-14T15:31:07.277040,53,62,61,54,58,0
2026-08-14T15:31:07.277040,54,62,62,56,58,0
2026-08-14T15:31:07.277040,53,63,62,55,58,0
2026-08-14T15:31:07.277040,54,62,61,54,58,0
2026-08-14T15:31:07.285108,54,62,60,55,59,0
2026-08-14T15:31:07.286880,54,63,60,55,59,0
2026-08-14T15:31:07.286880,53,64,61,55,59,0
2026-08-14T15:31:07.286880,55,63,60,55,58,0
2026-08-14T15:31:07.286880,54,63,60,55,59,0
2026-08-14T15:31:07.286880,53,63,62,55,58,0
2026-08-14T15:31:07.286880,53,65,61,55,58,0
2026-08-14T15:31:07.293241,55,64,62,56,58,0
2026-08-14T15:31:07.293241,53,62,61,55,58,0
2026-08-14T15:31:07.293241,54,63,62,55,58,0
2026-08-14T15:31:07.296866,53,63,61,55,58,0
2026-08-14T15:31:07.299341,54,63,60,54,58,0
2026-08-14T15:31:07.299341,53,62,61,55,57,0
2026-08-14T15:31:07.299341,54,63,62,55,58,0
2026-08-14T15:31:07.302869,54,63,61,55,59,0
2026-08-14T15:31:07.303786,54,63,62,54,58,0
2026-08-14T15:31:07.304876,54,64,61,54,59,0
2026-08-14T15:31:07.304876,54,63,62,55,57,0
2026-08-14T15:31:07.304876,54,63,61,54,58,0
2026-08-14T15:31:07.304876,55,63,61,55,58,0
2026-08-14T15:31:07.304876,53,63,62,54,57,0
2026-08-14T15:31:07.311768,54,63,62,55,58,0
2026-08-14T15:31:07.311768,53,63,61,56,58,0
2026-08-14T15:31:07.311768,53,63,62,55,58,0
2026-08-14T15:31:07.313351,54,63,61,56,58,0
2026-08-14T15:31:07.315663,54,64,62,54,59,0
2026-08-14T15:31:07.315663,55,63,61,55,59,0
2026-08-14T15:31:07.315663,53,63,60,56,58,0
2026-08-14T15:31:07.319496,54,63,60,55,58,0
2026-08-14T15:31:07.320798,53,64,61,55,58,0
2026-08-14T15:31:07.320798,54,64,61,55,57,0
2026-08-14T15:31:07.320798,54,63,62,54,58,0
2026-08-14T15:31:07.324085,53,64,61,54,59,0
2026-08-14T15:31:07.324085,54,63,62,56,58,0
2026-08-14T15:31:07.324085,53,63,62,55,59,0
2026-08-14T15:31:07.325594,53,63,60,55,58,0
2026-08-14T15:31:07.325594,53,63,62,56,58,0
2026-08-14T15:31:07.325594,54,63,62,55,58,0
2026-08-14T15:31:07.325594,53,63,61,55,58,0
2026-08-14T15:31:07.331419,53,62,61,56,58,0
2026-08-14T15:31:07.331419,55,63,61,56,58,0
2026-08-14T15:31:07.331419,54,64,62,55,59,0
2026-08-14T15:31:07.333983,53,64,62,54,58,0
2026-08-14T15:31:07.337203,54,63,61,55,58,0
2026-08-14T15:31:07.337702,53,64,62,56,58,0
2026-08-14T15:31:07.338442,53,63,62,56,59,0
2026-08-14T15:31:07.338442,55,63,61,55,59,0
2026-08-14T15:31:07.342036,53,63,62,54,59,0
2026-08-14T15:31:07.342036,52,63,58,56,58,0
2026-08-14T15:31:07.342036,52,64,61,56,58,0
2026-08-14T15:31:07.342036,53,64,61,55,59,0
2026-08-14T15:31:07.342036,54,63,61,55,57,0
2026-08-14T15:31:07.342036,53,63,60,54,59,0
2026-08-14T15:31:07.342036,54,63,62,55,59,0
2026-08-14T15:31:07.342036,54,63,62,54,57,0
2026-08-14T15:31:07.350494,55,64,62,55,57,0
2026-08-14T15:31:07.350494,55,63,62,55,58,0
2026-08-14T15:31:07.353492,54,64,62,55,58,0
2026-08-14T15:31:07.354139,53,63,61,55,58,0
2026-08-14T15:31:07.354139,54,64,62,55,59,0
2026-08-14T15:31:07.357041,53,63,61,55,59,0
2026-08-14T15:31:07.357725,53,63,62,56,59,0
2026-08-14T15:31:07.358737,52,63,61,56,59,0
2026-08-14T15:31:07.358737,52,64,62,55,59,0
2026-08-14T15:31:07.358737,53,64,62,56,58,0
2026-08-14T15:31:07.358737,54,63,61,54,58,0
2026-08-14T15:31:07.364926,54,63,62,55,58,0
2026-08-14T15:31:07.365617,55,63,63,55,59,0
2026-08-14T15:31:07.366178,55,64,60,55,58,0
2026-08-14T15:31:07.368258,53,64,63,55,57,0
2026-08-14T15:31:07.370189,54,64,62,55,58,0
2026-08-14T15:31:07.370885,54,63,62,55,57,0
2026-08-14T15:31:07.370885,52,63,61,55,59,0
2026-08-14T15:31:07.370885,53,65,63,56,58,0
2026-08-14T15:31:07.370885,54,64,62,55,59,0
2026-08-14T15:31:07.370885,55,63,61,56,58,0
2026-08-14T15:31:07.377181,53,63,61,55,58,0
2026-08-14T15:31:07.377181,54,63,63,55,58,0
2026-08-14T15:31:07.377181,55,64,62,55,59,0
2026-08-14T15:31:07.378935,54,62,61,55,57,0
2026-08-14T15:31:07.381247,54,64,62,54,59,0
2026-08-14T15:31:07.381247,53,64,62,55,59,0
2026-08-14T15:31:07.381247,54,63,62,55,59,0
2026-08-14T15:31:07.383004,54,64,62,55,58,0
2026-08-14T15:31:07.386709,54,64,62,56,58,0
2026-08-14T15:31:07.386709,54,63,63,56,58,0
2026-08-14T15:31:07.386709,55,64,61,55,58,0
2026-08-14T15:31:07.386709,54,63,61,56,59,0
2026-08-14T15:31:07.386709,54,64,62,56,58,0
2026-08-14T15:31:07.386709,55,64,63,56,59,0
2026-08-14T15:31:07.393550,55,64,62,55,59,0
2026-08-14T15:31:07.393550,55,63,63,55,59,0
2026-08-14T15:31:07.393550,53,63,61,56,58,0
2026-08-14T15:31:07.395309,53,63,63,56,58,0
2026-08-14T15:31:07.397646,53,65,62,55,57,0
2026-08-14T15:31:07.397646,55,65,62,55,59,0
2026-08-14T15:31:07.399402,54,63,62,55,58,0
2026-08-14T15:31:07.399402,54,63,63,56,58,0
2026-08-14T15:31:07.399402,54,63,62,55,58,0
2026-08-14T15:31:07.403548,53,64,62,55,58,0
2026-08-14T15:31:07.403548,54,63,61,56,59,0
2026-08-14T15:31:07.403548,54,63,63,56,59,0
2026-08-14T15:31:07.403548,54,63,62,55,59,0
2026-08-14T15:31:07.407485,54,63,62,56,59,0
2026-08-14T15:31:07.407485,54,63,60,56,59,0
2026-08-14T15:31:07.407485,54,63,62,55,58,0
2026-08-14T15:31:07.407485,55,65,63,55,58,0
2026-08-14T15:31:07.407485,53,64,62,55,57,0
2026-08-14T15:31:07.407485,55,64,62,55,57,0
2026-08-14T15:31:07.415626,54,64,62,56,58,0
2026-08-14T15:31:07.415626,54,64,61,57,59,0
2026-08-14T15:31:07.415626,53,65,63,56,59,0
2026-08-14T15:31:07.415626,53,64,61,55,58,0
2026-08-14T15:31:07.419484,54,63,63,56,59,0
2026-08-14T15:31:07.422223,54,63,63,55,58,0
2026-08-14T15:31:07.422223,54,63,62,56,59,0
2026-08-14T15:31:07.422223,53,64,62,55,57,0
2026-08-14T15:31:07.424007,54,65,62,54,59,0
2026-08-14T15:31:07.426321,55,65,63,55,58,0
2026-08-14T15:31:07.426321,55,64,61,54,59,0
2026-08-14T15:31:07.426321,53,64,62,56,59,0
2026-08-14T15:31:07.430417,54,64,63,56,58,0
2026-08-14T15:31:07.430417,53,64,63,55,59,0
2026-08-14T15:31:07.430417,52,63,62,55,59,0
2026-08-14T15:31:07.432187,54,63,62,56,58,0
2026-08-14T15:31:07.432187,53,63,62,55,59,0
2026-08-14T15:31:07.436150,54,64,63,55,58,0
2026-08-14T15:31:07.436995,53,63,62,54,58,0
2026-08-14T15:31:07.436995,53,63,61,55,59,0
2026-08-14T15:31:07.439408,53,63,60,58,59,0
2026-08-14T15:31:07.439408,54,65,63,55,58,0
2026-08-14T15:31:07.440418,53,63,61,55,59,0
2026-08-14T15:31:07.440418,52,65,62,55,59,0
2026-08-14T15:31:07.440418,54,63,60,57,58,0
2026-08-14T15:31:07.440418,54,64,62,55,59,0
2026-08-14T15:31:07.440418,54,64,62,55,58,0
2026-08-14T15:31:07.440418,53,63,62,55,58,0
2026-08-14T15:31:07.440418,55,63,62,56,59,0
2026-08-14T15:31:07.450930,52,63,63,55,59,0
2026-08-14T15:31:07.450930,54,64,62,56,58,0
2026-08-14T15:31:07.452822,54,63,62,55,59,0
2026-08-14T15:31:07.453497,54,64,62,55,58,0
2026-08-14T15:31:07.453497,54,65,63,56,59,0
2026-08-14T15:31:07.453497,53,64,62,55,59,0
2026-08-14T15:31:07.453497,54,64,62,54,58,0
2026-08-14T15:31:07.459062,53,63,63,56,59,0
2026-08-14T15:31:07.459062,53,64,61,55,58,0
2026-08-14T15:31:07.460820,53,65,63,55,59,0
2026-08-14T15:31:07.460820,54,63,61,56,59,0
2026-08-14T15:31:07.463171,53,63,63,55,58,0
2026-08-14T15:31:07.463171,53,63,63,56,59,0
2026-08-14T15:31:07.464928,52,63,62,55,59,0
2026-08-14T15:31:07.467318,54,64,61,55,59,0
2026-08-14T15:31:07.467318,54,64,62,55,58,0
2026-08-14T15:31:07.467318,54,64,62,55,59,0
2026-08-14T15:31:07.470997,54,64,63,55,58,0
2026-08-14T15:31:07.470997,53,65,62,54,59,0
2026-08-14T15:31:07.470997,52,64,63,55,58,0
2026-08-14T15:31:07.473132,54,63,62,55,58,0
2026-08-14T15:31:07.475468,54,63,63,56,58,0
2026-08-14T15:31:07.475468,53,63,62,55,58,0
2026-08-14T15:31:07.475468,53,65,62,55,58,0
2026-08-14T15:31:07.475468,54,64,63,54,59,0
2026-08-14T15:31:07.475468,53,65,62,55,58,0
2026-08-14T15:31:07.475468,54,63,62,56,58,0
2026-08-14T15:31:07.482124,54,63,63,56,58,0
2026-08-14T15:31:07.482124,54,64,63,55,58,0
2026-08-14T15:31:07.482124,55,64,61,55,59,0
2026-08-14T15:31:07.482124,54,63,62,56,58,0
2026-08-14T15:31:07.486882,54,64,62,54,58,0
2026-08-14T15:31:07.486882,53,63,62,55,59,0
2026-08-14T15:31:07.486882,53,64,63,54,58,0
2026-08-14T15:31:07.489779,52,65,62,56,59,0
2026-08-14T15:31:07.489779,53,65,62,55,58,0
2026-08-14T15:31:07.489779,53,63,63,55,59,0
2026-08-14T15:31:07.489779,54,63,63,55,58,0
2026-08-14T15:31:07.489779,54,63,62,55,59,0
2026-08-14T15:31:07.489779,53,63,62,55,58,0
2026-08-14T15:31:07.489779,55,63,62,55,58,0
2026-08-14T15:31:07.498902,55,64,61,55,58,0
2026-08-14T15:31:07.498902,54,64,62,55,58,0
2026-08-14T15:31:07.498902,53,65,62,56,58,0
2026-08-14T15:31:07.498902,53,63,62,56,59,0
2026-08-14T15:31:07.504258,53,64,62,54,58,0
2026-08-14T15:31:07.504258,53,64,61,56,58,0
2026-08-14T15:31:07.504258,53,63,63,56,58,0
2026-08-14T15:31:07.508219,53,63,62,56,58,0
2026-08-14T15:31:07.508219,54,65,62,54,59,0
2026-08-14T15:31:07.508219,53,64,62,54,59,0
2026-08-14T15:31:07.508219,54,64,63,55,58,0
2026-08-14T15:31:07.508219,54,63,61,55,58,0
2026-08-14T15:31:07.508219,55,64,62,54,58,0
2026-08-14T15:31:07.508219,55,64,62,55,59,0
2026-08-14T15:31:07.514592,54,64,62,54,59,0
2026-08-14T15:31:07.514592,53,63,63,55,58,0
2026-08-14T15:31:07.514592,53,63,62,55,58,0
2026-08-14T15:31:07.514592,53,65,62,56,59,0
2026-08-14T15:31:07.520388,53,63,62,56,58,0
2026-08-14T15:31:07.520388,54,63,63,56,58,0
2026-08-14T15:31:07.520388,54,63,62,56,58,0
2026-08-14T15:31:07.523273,53,65,63,55,58,0
2026-08-14T15:31:07.523273,53,63,63,55,59,0
2026-08-14T15:31:07.523273,55,63,62,55,58,0
2026-08-14T15:31:07.523273,54,65,63,56,58,0
2026-08-14T15:31:07.523273,55,63,62,55,58,0
2026-08-14T15:31:07.523273,54,65,63,55,58,0
2026-08-14T15:31:07.523273,54,65,63,54,58,0
2026-08-14T15:31:07.532796,54,65,62,54,58,0
2026-08-14T15:31:07.532796,54,64,62,56,58,0
2026-08-14T15:31:07.532796,53,63,63,55,58,0
2026-08-14T15:31:07.536678,54,64,62,54,59,0
2026-08-14T15:31:07.537639,54,63,62,54,58,0
2026-08-14T15:31:07.537639,54,64,62,55,58,0
2026-08-14T15:31:07.537639,54,64,62,55,59,0
2026-08-14T15:31:07.540986,54,64,63,55,58,0
2026-08-14T15:31:07.540986,54,64,61,55,57,0
2026-08-14T15:31:07.540986,54,63,61,55,59,0
2026-08-14T15:31:07.545094,53,64,62,55,58,0
2026-08-14T15:31:07.545094,53,64,62,55,58,0
2026-08-14T15:31:07.545094,53,64,61,55,59,0
2026-08-14T15:31:07.545094,54,65,61,55,59,0
2026-08-14T15:31:07.549167,53,65,62,55,58,0
2026-08-14T15:31:07.549167,54,64,63,56,60,0
2026-08-14T15:31:07.549167,54,64,61,55,58,0
2026-08-14T15:31:07.553011,53,64,61,55,59,0
2026-08-14T15:31:07.553930,54,64,62,56,58,0
2026-08-14T15:31:07.553930,53,64,63,55,58,0
2026-08-14T15:31:07.553930,55,63,61,55,59,0
2026-08-14T15:31:07.556333,54,63,62,55,58,0
2026-08-14T15:31:07.556333,54,64,62,56,58,0
2026-08-14T15:31:07.556333,55,65,63,55,59,0
2026-08-14T15:31:07.556333,54,64,62,54,59,0
2026-08-14T15:31:07.556333,54,63,62,55,58,0
2026-08-14T15:31:07.556333,53,63,62,55,58,0
2026-08-14T15:31:07.556333,53,63,62,55,59,0
2026-08-14T15:31:07.565402,54,63,62,55,58,0
2026-08-14T15:31:07.565402,54,64,62,55,59,0
2026-08-14T15:31:07.565402,54,64,62,55,59,0
2026-08-14T15:31:07.565402,54,64,61,54,59,0
2026-08-14T15:31:07.569715,53,63,62,56,58,0
2026-08-14T15:31:07.570453,54,64,62,55,59,0
2026-08-14T15:31:07.573778,53,64,63,54,58,0
2026-08-14T15:31:07.574650,55,64,63,55,57,0
2026-08-14T15:31:07.574650,53,64,62,55,58,0
2026-08-14T15:31:07.574650,53,64,62,55,57,0
2026-08-14T15:31:07.577867,52,64,62,54,59,0
2026-08-14T15:31:07.577867,54,64,62,55,58,0
2026-08-14T15:31:07.577867,54,63,63,55,58,0
2026-08-14T15:31:07.581969,53,63,62,55,58,0
2026-08-14T15:31:07.581969,53,65,62,56,58,0
2026-08-14T15:31:07.581969,54,64,61,55,58,0
2026-08-14T15:31:07.581969,54,63,63,54,58,0
2026-08-14T15:31:07.581969,54,64,61,54,59,0
2026-08-14T15:31:07.586780,54,63,61,54,59,0
2026-08-14T15:31:07.587298,54,64,62,55,59,0
2026-08-14T15:31:07.590144,53,63,62,55,58,0
2026-08-14T15:31:07.590144,54,63,62,54,59,0
2026-08-14T15:31:07.590144,54,63,63,55,58,0
2026-08-14T15:31:07.590144,53,63,61,55,59,0
2026-08-14T15:31:07.594239,54,63,61,55,59,0
2026-08-14T15:31:07.594239,54,63,62,55,59,0
2026-08-14T15:31:07.594239,53,64,63,56,59,0
2026-08-14T15:31:07.598341,54,64,62,55,59,0
2026-08-14T15:31:07.598341,53,63,62,55,58,0
2026-08-14T15:31:07.598341,55,64,61,54,58,0
2026-08-14T15:31:07.598341,53,64,62,55,58,0
2026-08-14T15:31:07.602956,54,64,62,54,57,0
2026-08-14T15:31:07.604012,53,63,62,55,59,0
2026-08-14T15:31:07.604012,54,63,61,55,59,0
2026-08-14T15:31:07.604012,54,64,62,56,59,0
2026-08-14T15:31:07.606811,54,64,63,55,58,0
2026-08-14T15:31:07.606811,53,63,62,55,58,0
2026-08-14T15:31:07.606811,53,62,61,56,59,0
2026-08-14T15:31:07.606811,54,64,61,54,60,0
2026-08-14T15:31:07.606811,53,63,62,55,58,0
2026-08-14T15:31:07.606811,53,63,62,55,58,0
2026-08-14T15:31:07.606811,53,63,62,55,58,0
2026-08-14T15:31:07.615155,54,64,63,54,58,0
2026-08-14T15:31:07.615155,54,62,61,55,59,0
2026-08-14T15:31:07.618821,53,64,62,55,57,0
2026-08-14T15:31:07.619626,53,65,62,55,58,0
2026-08-14T15:31:07.620400,53,64,62,55,59,0
2026-08-14T15:31:07.620400,54,63,62,55,58,0
2026-08-14T15:31:07.622918,52,64,62,54,57,0
2026-08-14T15:31:07.622918,55,63,62,55,58,0
2026-08-14T15:31:07.622918,53,63,62,54,58,0
2026-08-14T15:31:07.627014,53,64,63,54,58,0
2026-08-14T15:31:07.627014,53,63,61,54,58,0
2026-08-14T15:31:07.627014,52,63,62,55,58,0
2026-08-14T15:31:07.627014,54,64,62,54,59,0
2026-08-14T15:31:07.631132,55,63,61,55,59,0
2026-08-14T15:31:07.631132,53,64,61,56,58,0
2026-08-14T15:31:07.632891,54,64,62,55,59,0
2026-08-14T15:31:07.635728,55,65,62,54,58,0
2026-08-14T15:31:07.637281,53,64,61,55,58,0
2026-08-14T15:31:07.637281,52,63,62,54,58,0
2026-08-14T15:31:07.637281,52,63,62,54,58,0
2026-08-14T15:31:07.639455,52,65,61,54,59,0
2026-08-14T15:31:07.639455,53,63,61,55,60,0
2026-08-14T15:31:07.639455,54,63,61,54,58,0
2026-08-14T15:31:07.643946,54,63,60,54,58,0
2026-08-14T15:31:07.643946,53,63,61,55,57,0
2026-08-14T15:31:07.643946,53,63,62,54,57,0
2026-08-14T15:31:07.643946,54,64,61,54,59,0
2026-08-14T15:31:07.647531,53,63,61,53,59,0
2026-08-14T15:31:07.647531,54,64,62,56,59,0
2026-08-14T15:31:07.647531,53,64,62,55,57,0
2026-08-14T15:31:07.647531,54,63,61,54,59,0
2026-08-14T15:31:07.653300,53,63,61,56,58,0
2026-08-14T15:31:07.654578,53,63,61,55,59,0
2026-08-14T15:31:07.654578,55,63,61,55,59,0
2026-08-14T15:31:07.655786,53,63,62,55,58,0
2026-08-14T15:31:07.655786,53,63,61,54,58,0
2026-08-14T15:31:07.655786,54,63,62,55,58,0
2026-08-14T15:31:07.660555,55,64,61,55,58,0
2026-08-14T15:31:07.660555,54,63,61,55,58,0
2026-08-14T15:31:07.662326,54,62,60,55,58,0
2026-08-14T15:31:07.662326,53,65,62,54,59,0
2026-08-14T15:31:07.664074,54,64,62,55,59,0
2026-08-14T15:31:07.664074,52,64,60,57,57,0
2026-08-14T15:31:07.664074,55,64,61,54,57,0
2026-08-14T15:31:07.669828,54,63,61,55,59,0
2026-08-14T15:31:07.671432,53,63,61,54,58,0
2026-08-14T15:31:07.672559,53,64,59,57,58,0
2026-08-14T15:31:07.672559,54,63,61,55,58,0
2026-08-14T15:31:07.672559,54,63,62,54,58,0
2026-08-14T15:31:07.672559,53,62,61,55,58,0
2026-08-14T15:31:07.675394,53,63,60,54,59,0
2026-08-14T15:31:07.675394,54,64,60,55,58,0
2026-08-14T15:31:07.675394,54,64,62,54,58,0
2026-08-14T15:31:07.675394,54,63,62,55,57,0
2026-08-14T15:31:07.680915,53,65,61,54,58,0
2026-08-14T15:31:07.680915,52,64,61,55,58,0
2026-08-14T15:31:07.680915,54,63,60,54,58,0
2026-08-14T15:31:07.680915,53,63,60,55,59,0
2026-08-14T15:31:07.680915,53,63,62,55,58,0
2026-08-14T15:31:07.680915,53,64,61,54,58,0
2026-08-14T15:31:07.680915,52,64,62,54,58,0
2026-08-14T15:31:07.688436,54,63,62,54,59,0
2026-08-14T15:31:07.688436,54,63,60,54,58,0
2026-08-14T15:31:07.688436,54,63,61,55,58,0
2026-08-14T15:31:07.691258,54,63,61,55,58,0
2026-08-14T15:31:07.691258,53,63,62,54,57,0
2026-08-14T15:31:07.691258,53,64,62,55,59,0
2026-08-14T15:31:07.691258,53,63,60,54,57,0
2026-08-14T15:31:07.696816,53,63,62,55,59,0
2026-08-14T15:31:07.696816,54,63,62,55,58,0
2026-08-14T15:31:07.696816,53,62,60,54,58,0
2026-08-14T15:31:07.699348,53,64,60,55,58,0
2026-08-14T15:31:07.699348,53,63,61,54,59,0
2026-08-14T15:31:07.699348,53,64,61,54,59,0
2026-08-14T15:31:07.704994,54,62,60,54,58,0
2026-08-14T15:31:07.704994,55,64,61,53,58,0
2026-08-14T15:31:07.704994,52,63,62,54,58,0
2026-08-14T15:31:07.704994,54,65,62,54,58,0
2026-08-14T15:31:07.704994,53,63,62,54,57,0
2026-08-14T15:31:07.704994,54,63,60,54,59,0
2026-08-14T15:31:07.704994,53,64,61,55,58,0
2026-08-14T15:31:07.713194,53,64,61,54,58,0
2026-08-14T15:31:07.715205,54,63,61,54,58,0
2026-08-14T15:31:07.715205,54,62,61,55,59,0
2026-08-14T15:31:07.715205,53,63,61,54,58,0
2026-08-14T15:31:07.715205,54,63,60,55,58,0
2026-08-14T15:31:07.715205,53,62,60,54,59,0
2026-08-14T15:31:07.715205,54,63,61,54,57,0
2026-08-14T15:31:07.721076,54,63,60,54,58,0
2026-08-14T15:31:07.721076,53,63,62,54,58,0
2026-08-14T15:31:07.721076,53,63,61,54,57,0
2026-08-14T15:31:07.723088,54,63,60,54,59,0
2026-08-14T15:31:07.723088,54,63,61,55,59,0
2026-08-14T15:31:07.723088,54,62,61,54,58,0
2026-08-14T15:31:07.723088,54,63,60,54,58,0
2026-08-14T15:31:07.728923,54,63,60,55,58,0
2026-08-14T15:31:07.728923,52,62,62,53,58,0
2026-08-14T15:31:07.728923,54,63,61,54,57,0
2026-08-14T15:31:07.728923,54,63,61,55,58,0
2026-08-14T15:31:07.728923,54,62,61,55,57,0
2026-08-14T15:31:07.728923,54,63,62,55,58,0
2026-08-14T15:31:07.728923,54,64,60,54,59,0
2026-08-14T15:31:07.736874,54,63,61,54,58,0
2026-08-14T15:31:07.736874,54,62,60,54,57,0
2026-08-14T15:31:07.736874,53,63,61,55,58,0
2026-08-14T15:31:07.741700,54,63,61,56,58,0
2026-08-14T15:31:07.741700,53,63,61,54,59,0
2026-08-14T15:31:07.741700,52,62,60,55,58,0
2026-08-14T15:31:07.741700,52,63,62,55,58,0
2026-08-14T15:31:07.745791,54,63,60,55,58,0
2026-08-14T15:31:07.745791,53,62,60,54,59,0
2026-08-14T15:31:07.745791,53,63,60,54,59,0
2026-08-14T15:31:07.749897,53,62,62,54,59,0
2026-08-14T15:31:07.750621,53,63,60,55,58,0
2026-08-14T15:31:07.750621,54,63,61,54,58,0
2026-08-14T15:31:07.750621,53,64,60,54,58,0
2026-08-14T15:31:07.754024,54,63,60,54,58,0
2026-08-14T15:31:07.754024,53,64,60,55,58,0
2026-08-14T15:31:07.754024,53,62,61,54,59,0
2026-08-14T15:31:07.754024,53,62,61,54,58,0
2026-08-14T15:31:07.754024,52,63,62,54,58,0
2026-08-14T15:31:07.754024,54,63,60,54,57,0
2026-08-14T15:31:07.754024,53,63,60,54,59,0
2026-08-14T15:31:07.760760,54,63,60,53,59,0
2026-08-14T15:31:07.760760,54,62,61,55,58,0
2026-08-14T15:31:07.763921,53,64,62,54,58,0
2026-08-14T15:31:07.763921,54,62,59,55,59,0
2026-08-14T15:31:07.763921,54,63,60,53,58,0
2026-08-14T15:31:07.763921,53,63,62,55,59,0
2026-08-14T15:31:07.769599,52,63,61,55,59,0
2026-08-14T15:31:07.770455,53,64,60,54,57,0
2026-08-14T15:31:07.770455,53,62,60,55,57,0
2026-08-14T15:31:07.770455,53,63,61,54,58,0
2026-08-14T15:31:07.774467,53,62,60,55,58,0
2026-08-14T15:31:07.774467,53,62,60,54,58,0
2026-08-14T15:31:07.774467,53,62,60,54,57,0
2026-08-14T15:31:07.778573,54,62,62,53,58,0
2026-08-14T15:31:07.779268,54,64,61,54,58,0
2026-08-14T15:31:07.779268,54,64,60,55,59,0
2026-08-14T15:31:07.779268,54,63,61,55,57,0
2026-08-14T15:31:07.782840,54,62,61,53,58,0
2026-08-14T15:31:07.782840,53,62,61,54,58,0
2026-08-14T15:31:07.782840,54,63,61,54,57,0
2026-08-14T15:31:07.786300,54,63,60,54,57,0
2026-08-14T15:31:07.787438,54,62,61,54,58,0
2026-08-14T15:31:07.787438,54,63,61,54,58,0
2026-08-14T15:31:07.789648,52,63,60,54,58,0
2026-08-14T15:31:07.789648,53,63,60,53,59,0
2026-08-14T15:31:07.789648,53,63,60,55,57,0
2026-08-14T15:31:07.791658,54,63,59,53,57,0
2026-08-14T15:31:07.794497,54,62,60,55,58,0
2026-08-14T15:31:07.794497,54,62,61,54,58,0
2026-08-14T15:31:07.794497,53,63,60,53,57,0
2026-08-14T15:31:07.794497,54,63,61,54,57,0
2026-08-14T15:31:07.794497,53,62,60,55,59,0
2026-08-14T15:31:07.794497,52,63,60,54,57,0
2026-08-14T15:31:07.794497,53,62,61,55,58,0
2026-08-14T15:31:07.802819,52,63,60,54,59,0
2026-08-14T15:31:07.803895,53,62,61,54,58,0
2026-08-14T15:31:07.803895,53,62,59,54,58,0
2026-08-14T15:31:07.807137,54,63,60,54,57,0
2026-08-14T15:31:07.807137,54,63,60,53,58,0
2026-08-14T15:31:07.807137,54,61,61,54,58,0
2026-08-14T15:31:07.807137,54,63,60,53,57,0
2026-08-14T15:31:07.811491,52,63,62,55,58,0
2026-08-14T15:31:07.811491,53,63,62,55,57,0
2026-08-14T15:31:07.811491,54,62,57,55,59,0
2026-08-14T15:31:07.813248,54,62,60,54,57,0
2026-08-14T15:31:07.813248,52,64,60,54,58,0
2026-08-14T15:31:07.813248,53,63,61,55,58,0
2026-08-14T15:31:07.818685,53,64,57,56,58,0
2026-08-14T15:31:07.819978,53,62,60,54,59,0
2026-08-14T15:31:07.819978,54,63,60,55,57,0
2026-08-14T15:31:07.821028,55,63,60,54,58,0
2026-08-14T15:31:07.823834,53,62,58,54,57,0
2026-08-14T15:31:07.823834,53,62,60,53,59,0
2026-08-14T15:31:07.823834,53,64,60,54,59,0
2026-08-14T15:31:07.825456,53,63,60,55,58,0
2026-08-14T15:31:07.827335,53,63,60,54,57,0
2026-08-14T15:31:07.827335,52,64,60,54,58,0
2026-08-14T15:31:07.827335,52,63,61,54,58,0
2026-08-14T15:31:07.831822,54,63,61,54,58,0
2026-08-14T15:31:07.831822,53,62,60,54,58,0
2026-08-14T15:31:07.831822,54,62,60,54,58,0
2026-08-14T15:31:07.835167,54,62,60,55,57,0
2026-08-14T15:31:07.836672,54,62,61,53,59,0
2026-08-14T15:31:07.836672,54,63,60,54,58,0
2026-08-14T15:31:07.836672,53,63,60,54,59,0
2026-08-14T15:31:07.839994,53,64,61,54,58,0
2026-08-14T15:31:07.839994,53,63,60,54,57,0
2026-08-14T15:31:07.839994,52,63,60,55,57,0
2026-08-14T15:31:07.844089,53,62,61,55,58,0
2026-08-14T15:31:07.844089,53,64,61,55,58,0
2026-08-14T15:31:07.844089,54,63,61,53,58,0
2026-08-14T15:31:07.845847,52,63,59,55,58,0
2026-08-14T15:31:07.848198,54,63,60,54,59,0
2026-08-14T15:31:07.848198,53,63,60,55,57,0
2026-08-14T15:31:07.848198,54,62,60,54,58,0
2026-08-14T15:31:07.852316,54,62,61,55,58,0
2026-08-14T15:31:07.853612,54,62,60,54,58,0
2026-08-14T15:31:07.853612,53,64,61,54,57,0
2026-08-14T15:31:07.853612,52,63,60,53,58,0
2026-08-14T15:31:07.856462,54,62,60,54,59,0
2026-08-14T15:31:07.856462,53,63,60,54,58,0
2026-08-14T15:31:07.856462,54,63,61,55,59,0
2026-08-14T15:31:07.856462,53,64,60,54,59,0
2026-08-14T15:31:07.860811,53,63,59,54,58,0
2026-08-14T15:31:07.860811,52,64,59,54,58,0
2026-08-14T15:31:07.860811,53,63,60,54,58,0
2026-08-14T15:31:07.860811,53,63,61,54,57,0
2026-08-14T15:31:07.860811,54,63,60,54,57,0
2026-08-14T15:31:07.860811,54,62,60,53,57,0
2026-08-14T15:31:07.868290,54,63,60,54,57,0
2026-08-14T15:31:07.869427,52,63,60,54,58,0
2026-08-14T15:31:07.870401,53,63,60,53,58,0
2026-08-14T15:31:07.872809,54,63,60,53,58,0
2026-08-14T15:31:07.872809,52,63,61,55,58,0
2026-08-14T15:31:07.872809,53,63,60,54,58,0
2026-08-14T15:31:07.875273,54,62,60,54,57,0
2026-08-14T15:31:07.876807,53,62,61,54,58,0
2026-08-14T15:31:07.877316,54,62,61,53,58,0
2026-08-14T15:31:07.878619,53,62,61,54,58,0
2026-08-14T15:31:07.880967,53,62,61,53,58,0
2026-08-14T15:31:07.880967,54,63,60,53,59,0
2026-08-14T15:31:07.880967,54,63,59,54,58,0
2026-08-14T15:31:07.880967,52,64,60,54,58,0
2026-08-14T15:31:07.884743,52,63,61,54,59,0
2026-08-14T15:31:07.884743,52,64,60,54,57,0
2026-08-14T15:31:07.886192,53,61,61,55,58,0
2026-08-14T15:31:07.889149,54,63,60,54,59,0
2026-08-14T15:31:07.889149,52,62,60,55,58,0
2026-08-14T15:31:07.889149,52,63,60,54,58,0
2026-08-14T15:31:07.889149,52,62,61,53,59,0
2026-08-14T15:31:07.893240,54,63,60,55,58,0
2026-08-14T15:31:07.893240,54,63,61,54,58,0
2026-08-14T15:31:07.893240,54,63,60,54,57,0
2026-08-14T15:31:07.897344,54,64,61,54,59,0
2026-08-14T15:31:07.897344,52,62,61,54,58,0
2026-08-14T15:31:07.897344,54,63,60,54,57,0
2026-08-14T15:31:07.901514,53,63,60,54,59,0
2026-08-14T15:31:07.901514,53,62,60,54,58,0
2026-08-14T15:31:07.902845,52,63,60,55,57,0
2026-08-14T15:31:07.903684,52,63,61,54,58,0
2026-08-14T15:31:07.905527,52,62,60,54,58,0
2026-08-14T15:31:07.905527,52,62,60,53,57,0
2026-08-14T15:31:07.905527,52,62,60,53,58,0
2026-08-14T15:31:07.908131,52,61,59,53,57,0
2026-08-14T15:31:07.910009,53,62,58,53,56,0
2026-08-14T15:31:07.910009,52,62,60,53,58,0
2026-08-14T15:31:07.910009,52,63,59,52,58,0
2026-08-14T15:31:07.910009,52,61,59,53,56,0
2026-08-14T15:31:07.910009,51,62,58,54,56,0
2026-08-14T15:31:07.910009,51,61,59,53,55,0
2026-08-14T15:31:07.910009,51,62,58,52,56,0
2026-08-14T15:31:07.918242,52,60,58,52,56,0
2026-08-14T15:31:07.920097,51,61,58,52,56,0
2026-08-14T15:31:07.921041,51,60,58,53,56,0
2026-08-14T15:31:07.921041,51,60,57,51,55,0
2026-08-14T15:31:07.922519,50,60,58,51,55,0
2026-08-14T15:31:07.922519,50,60,56,50,55,0
2026-08-14T15:31:07.924530,51,59,57,51,54,0
2026-08-14T15:31:07.926309,49,60,56,50,54,0
2026-08-14T15:31:07.926309,52,58,56,50,53,0
2026-08-14T15:31:07.926309,48,57,55,48,52,0
2026-08-14T15:31:07.930120,47,57,56,49,53,0
2026-08-14T15:31:07.930120,47,58,54,48,52,0
2026-08-14T15:31:07.930120,47,57,54,46,51,0
2026-08-14T15:31:07.934224,47,56,54,48,51,0
2026-08-14T15:31:07.934224,46,55,54,47,52,0
2026-08-14T15:31:07.934224,46,55,52,47,52,0
2026-08-14T15:31:07.938158,46,56,52,47,51,0
2026-08-14T15:31:07.938158,46,56,50,46,51,0
2026-08-14T15:31:07.938158,45,54,51,45,49,0
2026-08-14T15:31:07.938158,44,55,50,45,50,0
2026-08-14T15:31:07.938158,46,55,51,45,49,0
2026-08-14T15:31:07.942486,45,55,50,45,49,0
2026-08-14T15:31:07.942486,44,54,50,45,48,0
2026-08-14T15:31:07.944496,43,54,50,44,48,0
2026-08-14T15:31:07.944496,43,54,49,44,47,0
2026-08-14T15:31:07.944496,42,53,48,44,47,0
2026-08-14T15:31:07.944496,43,53,47,43,47,0
2026-08-14T15:31:07.950599,42,51,47,42,46,0
2026-08-14T15:31:07.950599,40,50,46,41,46,0
2026-08-14T15:31:07.950599,39,52,46,40,47,0
2026-08-14T15:31:07.954700,40,50,46,40,44,0
2026-08-14T15:31:07.954700,40,49,46,39,45,0
2026-08-14T15:31:07.954700,40,49,45,39,44,0
2026-08-14T15:31:07.954700,37,51,44,39,45,0
2026-08-14T15:31:07.958958,38,49,44,39,43,0
2026-08-14T15:31:07.958958,37,49,44,37,43,0
2026-08-14T15:31:07.958958,37,49,43,37,42,0
2026-08-14T15:31:07.958958,35,49,42,37,42,0
2026-08-14T15:31:07.958958,35,47,42,36,42,0
2026-08-14T15:31:07.958958,35,46,42,36,40,0
2026-08-14T15:31:07.967122,35,47,40,34,40,0
2026-08-14T15:31:07.967122,34,46,39,34,40,0
2026-08-14T15:31:07.969136,33,45,39,33,39,0
2026-08-14T15:31:07.970703,33,44,38,32,38,0
2026-08-14T15:31:07.970703,31,43,36,33,37,0
2026-08-14T15:31:07.970703,32,42,36,32,36,0
2026-08-14T15:31:07.970703,29,41,36,30,35,0
2026-08-14T15:31:07.970703,29,43,36,30,34,0
2026-08-14T15:31:07.975749,29,42,34,29,34,0
2026-08-14T15:31:07.977266,27,41,33,29,34,0
2026-08-14T15:31:07.977266,26,41,33,28,34,0
2026-08-14T15:31:07.979276,26,39,33,27,33,0
2026-08-14T15:31:07.979276,28,40,33,27,32,0
2026-08-14T15:31:07.980338,27,39,32,28,34,0
2026-08-14T15:31:07.980338,28,40,32,27,33,0
2026-08-14T15:31:07.983967,27,40,33,28,33,0
2026-08-14T15:31:07.983967,28,39,32,27,33,0
2026-08-14T15:31:07.983967,28,39,31,27,33,0
2026-08-14T15:31:07.987471,28,39,33,27,34,0
2026-08-14T15:31:07.987471,27,38,33,28,32,0
2026-08-14T15:31:07.987471,26,41,32,27,32,0
2026-08-14T15:31:07.991445,28,40,31,27,33,0
2026-08-14T15:31:07.991445,26,38,32,26,33,0
2026-08-14T15:31:07.993179,25,38,32,27,33,0
2026-08-14T15:31:07.993179,26,41,31,27,32,0
2026-08-14T15:31:07.995519,27,38,32,26,32,0
2026-08-14T15:31:07.995519,27,39,32,26,32,0
2026-08-14T15:31:07.995519,26,39,31,26,33,0
2026-08-14T15:31:07.995519,27,39,31,26,32,0
2026-08-14T15:31:07.995519,27,39,30,26,33,0
2026-08-14T15:31:08.000903,27,40,32,27,32,0
2026-08-14T15:31:08.002915,27,38,32,26,32,0
2026-08-14T15:31:08.004193,27,40,32,28,32,0
2026-08-14T15:31:08.004193,27,40,31,28,33,0
2026-08-14T15:31:08.004193,27,39,33,27,33,0
2026-08-14T15:31:08.006822,28,40,35,28,34,0
2026-08-14T15:31:08.006822,29,42,35,30,34,0
2026-08-14T15:31:08.006822,31,44,37,31,38,0
2026-08-14T15:31:08.009382,32,44,38,33,39,0
2026-08-14T15:31:08.009382,34,46,41,36,40,0
2026-08-14T15:31:08.009382,36,49,44,38,42,0
2026-08-14T15:31:08.009382,38,50,45,40,45,0
2026-08-14T15:31:08.015414,39,52,48,41,44,0
2026-08-14T15:31:08.015414,41,53,49,43,46,0
2026-08-14T15:31:08.017424,42,53,49,43,47,0
2026-08-14T15:31:08.019791,43,55,49,44,50,0
2026-08-14T15:31:08.020568,43,56,52,45,49,0
2026-08-14T15:31:08.020568,45,56,51,46,49,0
2026-08-14T15:31:08.020568,46,57,53,48,52,0
2026-08-14T15:31:08.024196,47,56,54,49,52,0
2026-08-14T15:31:08.024196,49,59,56,50,53,0
2026-08-14T15:31:08.024196,48,60,57,50,54,0
2026-08-14T15:31:08.028293,52,61,59,53,55,0
2026-08-14T15:31:08.028293,52,63,60,54,58,0
2026-08-14T15:31:08.028293,55,65,64,58,60,0
2026-08-14T15:31:08.028293,59,68,67,61,62,0
2026-08-14T15:31:08.031616,61,70,69,64,64,0
2026-08-14T15:31:08.031616,64,71,72,65,67,0
2026-08-14T15:31:08.031616,64,75,74,69,70,0
2026-08-14T15:31:08.034176,68,77,77,71,73,0
2026-08-14T15:31:08.036766,71,79,81,74,75,0
2026-08-14T15:31:08.036766,76,83,86,78,79,0
2026-08-14T15:31:08.036766,79,86,91,83,84,0
2026-08-14T15:31:08.036766,84,93,96,88,87,0
2026-08-14T15:31:08.036766,89,96,101,92,91,0
2026-08-14T15:31:08.042586,91,97,102,93,93,0
2026-08-14T15:31:08.043346,92,99,105,97,95,0
2026-08-14T15:31:08.043346,95,101,107,100,98,0
2026-08-14T15:31:08.043346,97,103,109,101,99,0
2026-08-14T15:31:08.043346,99,106,110,103,101,0
2026-08-14T15:31:08.043346,100,106,114,106,101,0
2026-08-14T15:31:08.043346,102,107,116,107,104,0
2026-08-14T15:31:08.050842,104,110,117,108,105,0
2026-08-14T15:31:08.050842,105,111,119,109,106,0
2026-08-14T15:31:08.054012,108,112,119,111,108,0
2026-08-14T15:31:08.054012,108,113,122,112,108,0
2026-08-14T15:31:08.056958,109,115,122,114,109,0
2026-08-14T15:31:08.056958,109,117,124,115,111,0
2026-08-14T15:31:08.056958,113,118,127,118,114,0
2026-08-14T15:31:08.058711,114,118,129,120,116,0
2026-08-14T15:31:08.061070,117,121,131,122,118,0
2026-08-14T15:31:08.061070,118,124,134,126,122,0
2026-08-14T15:31:08.061070,122,127,137,128,123,0
2026-08-14T15:31:08.063525,128,130,143,131,127,0
2026-08-14T15:31:08.063525,130,131,145,136,131,0
2026-08-14T15:31:08.066741,134,136,150,140,134,0
2026-08-14T15:31:08.066741,136,140,154,143,136,0
2026-08-14T15:31:08.070580,139,142,158,146,139,0
2026-08-14T15:31:08.070900,142,145,161,149,144,0
2026-08-14T15:31:08.070900,145,147,165,153,146,0
2026-08-14T15:31:08.070900,148,152,169,156,149,0
2026-08-14T15:31:08.070900,151,155,173,160,152,0
2026-08-14T15:31:08.070900,154,155,175,162,155,0
2026-08-14T15:31:08.075034,156,159,176,165,157,0
2026-08-14T15:31:08.075034,160,160,181,168,159,0
2026-08-14T15:31:08.075034,162,164,182,169,162,0
2026-08-14T15:31:08.075034,165,165,185,172,164,0
2026-08-14T15:31:08.075034,168,168,188,176,167,0
2026-08-14T15:31:08.075034,169,171,193,179,169,0
2026-08-14T15:31:08.075034,173,175,197,182,174,0
2026-08-14T15:31:08.085655,177,177,199,185,176,0
2026-08-14T15:31:08.086778,180,181,204,190,180,0
2026-08-14T15:31:08.087372,184,184,209,194,184,0
2026-08-14T15:31:08.087372,186,186,210,195,185,0
2026-08-14T15:31:08.089712,189,187,212,197,186,0
2026-08-14T15:31:08.089712,191,189,215,200,189,0
2026-08-14T15:31:08.089712,193,191,217,202,191,0
2026-08-14T15:31:08.093844,195,193,220,204,192,0
2026-08-14T15:31:08.093844,196,194,222,204,194,0
2026-08-14T15:31:08.095607,197,194,221,205,193,0
2026-08-14T15:31:08.095607,196,194,221,205,194,0
2026-08-14T15:31:08.098037,197,195,221,205,195,0
2026-08-14T15:31:08.098037,196,196,222,205,194,0
2026-08-14T15:31:08.098037,197,195,222,206,194,0
2026-08-14T15:31:08.099804,197,194,222,206,194,0
2026-08-14T15:31:08.102868,197,195,222,205,195,0
2026-08-14T15:31:08.103679,196,195,222,205,194,0
2026-08-14T15:31:08.103679,195,195,221,204,193,0
2026-08-14T15:31:08.103679,196,191,219,202,191,0
2026-08-14T15:31:08.107894,195,191,217,202,191,0
2026-08-14T15:31:08.107894,193,191,215,201,190,0
2026-08-14T15:31:08.107894,192,190,215,199,189,0
2026-08-14T15:31:08.107894,191,190,214,197,188,0
2026-08-14T15:31:08.107894,190,188,212,197,186,0
2026-08-14T15:31:08.107894,188,188,212,197,187,0
2026-08-14T15:31:08.107894,189,187,211,196,186,0
2026-08-14T15:31:08.115940,187,186,209,195,184,0
2026-08-14T15:31:08.117410,186,185,209,195,184,0
2026-08-14T15:31:08.117410,186,186,208,194,184,0
2026-08-14T15:31:08.117410,184,185,207,193,184,0
2026-08-14T15:31:08.120036,185,183,208,193,183,0
2026-08-14T15:31:08.122662,185,184,207,193,181,0
2026-08-14T15:31:08.122662,185,184,206,192,183,0
2026-08-14T15:31:08.122662,185,182,205,191,182,0
2026-08-14T15:31:08.124421,184,183,205,191,181,0
2026-08-14T15:31:08.125665,183,184,206,190,182,0
2026-08-14T15:31:08.125665,184,183,204,190,182,0
2026-08-14T15:31:08.125665,182,182,204,189,181,0
2026-08-14T15:31:08.125665,183,181,205,191,181,0
2026-08-14T15:31:08.125665,182,183,206,191,181,0
2026-08-14T15:31:08.125665,186,183,207,191,182,0
2026-08-14T15:31:08.134808,184,183,206,191,182,0
2026-08-14T15:31:08.134808,184,183,207,192,184,0
2026-08-14T15:31:08.134808,186,185,207,196,183,0
2026-08-14T15:31:08.137254,186,185,207,195,185,0
2026-08-14T15:31:08.138886,189,186,208,196,185,0
2026-08-14T15:31:08.138886,189,188,210,196,186,0
2026-08-14T15:31:08.138886,190,191,210,199,187,0
2026-08-14T15:31:08.142995,190,191,213,199,188,0
2026-08-14T15:31:08.143706,192,191,213,199,189,0
2026-08-14T15:31:08.143706,192,190,214,199,190,0
2026-08-14T15:31:08.143706,192,191,213,202,191,0
2026-08-14T15:31:08.147074,192,191,214,200,190,0
2026-08-14T15:31:08.147074,192,192,215,200,190,0
2026-08-14T15:31:08.147074,193,191,215,201,192,0
2026-08-14T15:31:08.148833,193,191,212,203,192,0
2026-08-14T15:31:08.148833,193,192,216,201,191,0
2026-08-14T15:31:08.152912,194,192,215,200,191,0
2026-08-14T15:31:08.154105,193,192,215,201,191,0
2026-08-14T15:31:08.154105,194,193,216,200,191,0
2026-08-14T15:31:08.154105,194,193,216,201,191,0
2026-08-14T15:31:08.154105,194,193,216,200,191,0
2026-08-14T15:31:08.157254,195,192,216,201,190,0
2026-08-14T15:31:08.157254,193,192,216,202,191,0
2026-08-14T15:31:08.157254,194,191,216,201,191,0
2026-08-14T15:31:08.157254,194,193,216,202,190,0
2026-08-14T15:31:08.157254,193,192,216,201,192,0
2026-08-14T15:31:08.157254,194,192,216,200,191,0
2026-08-14T15:31:08.157254,194,192,217,201,191,0
2026-08-14T15:31:08.167583,195,193,216,202,191,0
2026-08-14T15:31:08.167583,196,194,218,202,192,0
2026-08-14T15:31:08.167583,196,194,218,203,192,0
2026-08-14T15:31:08.171819,194,193,219,203,192,0
2026-08-14T15:31:08.171819,195,193,217,202,192,0
2026-08-14T15:31:08.171819,193,193,218,202,191,0
2026-08-14T15:31:08.173578,195,194,218,204,191,0
2026-08-14T15:31:08.175734,195,194,217,202,193,0
2026-08-14T15:31:08.175734,195,192,218,203,192,0
2026-08-14T15:31:08.175734,193,193,218,202,192,0
2026-08-14T15:31:08.175734,195,194,217,202,192,0
2026-08-14T15:31:08.175734,194,192,217,202,192,0
2026-08-14T15:31:08.175734,195,192,217,202,192,0
2026-08-14T15:31:08.181888,196,193,217,202,191,0
2026-08-14T15:31:08.181888,195,194,218,202,191,0
2026-08-14T15:31:08.181888,196,192,216,202,193,0
2026-08-14T15:31:08.181888,194,194,217,202,191,0
2026-08-14T15:31:08.187173,194,193,219,203,192,0
2026-08-14T15:31:08.187173,195,193,217,203,192,0
2026-08-14T15:31:08.187173,196,193,219,203,192,0
2026-08-14T15:31:08.189803,194,193,218,202,192,0
2026-08-14T15:31:08.189803,194,193,217,202,192,0
2026-08-14T15:31:08.189803,194,192,217,202,191,0
2026-08-14T15:31:08.189803,195,192,216,201,192,0
2026-08-14T15:31:08.189803,196,193,216,202,192,0
2026-08-14T15:31:08.189803,195,192,216,203,192,0
2026-08-14T15:31:08.198087,194,192,216,202,192,0
2026-08-14T15:31:08.200321,195,193,216,201,190,0
2026-08-14T15:31:08.200321,193,191,215,200,189,0
2026-08-14T15:31:08.200321,193,191,216,199,190,0
2026-08-14T15:31:08.202799,191,190,214,200,190,0
2026-08-14T15:31:08.204409,191,191,215,201,190,0
2026-08-14T15:31:08.204409,191,192,214,200,190,0
2026-08-14T15:31:08.204409,192,190,215,201,191,0
2026-08-14T15:31:08.208519,192,191,214,199,190,0
2026-08-14T15:31:08.208519,193,191,214,200,189,0
2026-08-14T15:31:08.210283,193,192,214,200,189,0
2026-08-14T15:31:08.210283,193,190,214,201,190,0
2026-08-14T15:31:08.212298,193,191,215,201,189,0
2026-08-14T15:31:08.212298,193,192,215,199,191,0
2026-08-14T15:31:08.214311,193,192,216,199,190,0
2026-08-14T15:31:08.214311,192,192,216,201,191,0
2026-08-14T15:31:08.214311,192,191,216,201,190,0
2026-08-14T15:31:08.214311,192,192,216,202,190,0
2026-08-14T15:31:08.214311,193,193,216,202,191,0
2026-08-14T15:31:08.220114,195,193,217,202,191,0
2026-08-14T15:31:08.220114,194,192,217,203,192,0
2026-08-14T15:31:08.220114,194,193,217,203,193,0
2026-08-14T15:31:08.223260,195,193,217,203,193,0
2026-08-14T15:31:08.223260,194,193,218,203,192,0
2026-08-14T15:31:08.223260,196,195,218,203,191,0
2026-08-14T15:31:08.223260,195,194,218,203,191,0
2026-08-14T15:31:08.223260,195,193,217,203,193,0
2026-08-14T15:31:08.223260,194,193,218,202,192,0
2026-08-14T15:31:08.223260,195,195,218,202,192,0
2026-08-14T15:31:08.230959,195,194,217,202,192,0
2026-08-14T15:31:08.230959,194,192,218,204,192,0
2026-08-14T15:31:08.230959,194,194,217,203,192,0
2026-08-14T15:31:08.236971,195,193,217,201,192,0
2026-08-14T15:31:08.236971,194,192,217,203,192,0
2026-08-14T15:31:08.236971,194,193,217,203,191,0
2026-08-14T15:31:08.236971,195,191,217,202,191,0
2026-08-14T15:31:08.241267,195,193,218,203,191,0
2026-08-14T15:31:08.241267,196,193,217,202,191,0
2026-08-14T15:31:08.241267,195,193,217,203,192,0
2026-08-14T15:31:08.243849,195,193,218,202,192,0
2026-08-14T15:31:08.243849,195,193,218,203,192,0
2026-08-14T15:31:08.243849,195,193,218,203,192,0
2026-08-14T15:31:08.243849,194,193,217,202,192,0
2026-08-14T15:31:08.247430,194,193,219,202,192,0
2026-08-14T15:31:08.247430,195,193,217,203,193,0
2026-08-14T15:31:08.247430,195,194,218,202,193,0
2026-08-14T15:31:08.254044,195,192,217,202,192,0
2026-08-14T15:31:08.265088,195,192,218,203,191,0
2026-08-14T15:31:08.265088,194,192,217,203,191,0
2026-08-14T15:31:08.265088,195,193,217,203,192,0
2026-08-14T15:31:08.265088,194,194,218,203,192,0
2026-08-14T15:31:08.265088,194,194,217,203,192,0
2026-08-14T15:31:08.270051,195,193,217,202,192,0
2026-08-14T15:31:08.270621,195,193,218,202,192,0
2026-08-14T15:31:08.270621,195,193,216,203,193,0
2026-08-14T15:31:08.272371,196,193,218,202,193,0
2026-08-14T15:31:08.272371,194,193,218,202,193,0
2026-08-14T15:31:08.272371,195,192,217,202,192,0
2026-08-14T15:31:08.272371,194,193,217,203,192,0
2026-08-14T15:31:08.272371,195,192,218,202,191,0
2026-08-14T15:31:08.272371,195,192,217,202,191,0
2026-08-14T15:31:08.272371,195,192,217,203,192,0
2026-08-14T15:31:08.272371,195,193,218,203,192,0
2026-08-14T15:31:08.272371,194,194,218,203,191,0
2026-08-14T15:31:08.272371,195,192,217,203,193,0
2026-08-14T15:31:08.272371,194,193,218,203,192,0
2026-08-14T15:31:08.272371,195,194,218,203,193,0
2026-08-14T15:31:08.272371,194,194,218,203,192,0
2026-08-14T15:31:08.272371,195,193,217,204,192,0
2026-08-14T15:31:08.272371,194,194,217,202,192,0
2026-08-14T15:31:08.280532,195,192,218,203,192,0
2026-08-14T15:31:08.280532,194,192,217,203,191,0
2026-08-14T15:31:08.280532,195,193,217,203,192,0
2026-08-14T15:31:08.280532,195,194,217,203,192,0
2026-08-14T15:31:08.286220,194,193,218,203,191,0
2026-08-14T15:31:08.287232,195,194,218,203,192,0
2026-08-14T15:31:08.287232,195,195,215,204,191,0
2026-08-14T15:31:08.289153,195,195,218,202,192,0
2026-08-14T15:31:08.289153,194,193,217,203,192,0
2026-08-14T15:31:08.289153,194,193,218,203,193,0
2026-08-14T15:31:08.289153,193,192,216,205,192,0
2026-08-14T15:31:08.289153,195,194,217,203,193,0
2026-08-14T15:31:08.289153,194,192,218,203,192,0
2026-08-14T15:31:08.289153,195,193,217,202,192,0
2026-08-14T15:31:08.298619,195,193,215,204,192,0
2026-08-14T15:31:08.298619,196,192,219,203,191,0
2026-08-14T15:31:08.298619,196,193,217,202,192,0
2026-08-14T15:31:08.302503,195,194,217,203,193,0
2026-08-14T15:31:08.303645,195,194,218,203,191,0
2026-08-14T15:31:08.303645,195,194,218,203,191,0
2026-08-14T15:31:08.303645,195,192,217,202,192,0
2026-08-14T15:31:08.306164,195,193,219,204,192,0
2026-08-14T15:31:08.306164,194,193,218,203,193,0
2026-08-14T15:31:08.306164,195,193,218,203,192,0
2026-08-14T15:31:08.308631,195,193,218,203,192,0
2026-08-14T15:31:08.308631,196,192,219,203,193,0
2026-08-14T15:31:08.308631,195,193,218,203,192,0
2026-08-14T15:31:08.308631,195,194,218,202,192,0
2026-08-14T15:31:08.313534,195,192,217,203,192,0
2026-08-14T15:31:08.313534,196,192,219,203,192,0
2026-08-14T15:31:08.313534,194,193,218,203,192,0
2026-08-14T15:31:08.313534,194,194,218,203,192,0
2026-08-14T15:31:08.320629,195,194,218,203,192,0
2026-08-14T15:31:08.320629,194,194,218,204,192,0
2026-08-14T15:31:08.321640,195,193,217,203,192,0
2026-08-14T15:31:08.321640,194,193,218,203,192,0
2026-08-14T15:31:08.321640,195,193,218,202,192,0
2026-08-14T15:31:08.321640,195,193,217,202,193,0
2026-08-14T15:31:08.321640,196,193,219,203,192,0
2026-08-14T15:31:08.321640,195,193,217,203,192,0
2026-08-14T15:31:08.321640,195,193,217,204,192,0
2026-08-14T15:31:08.321640,194,192,218,202,192,0
2026-08-14T15:31:08.331382,196,194,219,202,193,0
2026-08-14T15:31:08.331382,194,194,218,203,192,0
2026-08-14T15:31:08.331382,194,193,218,204,193,0
2026-08-14T15:31:08.333919,195,193,218,203,194,0
2026-08-14T15:31:08.336240,194,195,218,204,192,0
2026-08-14T15:31:08.337071,195,194,218,204,192,0
2026-08-14T15:31:08.338241,194,193,218,204,192,0
2026-08-14T15:31:08.338241,195,192,218,203,193,0
2026-08-14T15:31:08.338241,195,193,218,203,193,0
2026-08-14T15:31:08.338241,194,193,219,202,192,0
2026-08-14T15:31:08.338241,195,192,218,204,192,0
2026-08-14T15:31:08.338241,196,193,219,202,193,0
2026-08-14T15:31:08.338241,195,194,218,202,192,0
2026-08-14T15:31:08.346419,194,193,218,203,192,0
2026-08-14T15:31:08.346419,195,193,217,202,192,0
2026-08-14T15:31:08.346419,194,193,217,204,192,0
2026-08-14T15:31:08.346419,195,192,219,204,193,0
2026-08-14T15:31:08.346419,194,192,218,204,193,0
2026-08-14T15:31:08.352819,194,193,218,203,193,0
2026-08-14T15:31:08.353499,194,192,218,203,193,0
2026-08-14T15:31:08.355967,195,192,218,202,193,0
2026-08-14T15:31:08.355967,196,193,217,203,193,0
2026-08-14T15:31:08.355967,195,193,217,203,192,0
2026-08-14T15:31:08.355967,195,193,219,204,192,0
2026-08-14T15:31:08.360191,193,194,218,204,191,0
2026-08-14T15:31:08.360191,196,194,218,203,193,0
2026-08-14T15:31:08.360191,195,193,218,202,193,0
2026-08-14T15:31:08.362778,194,193,218,204,193,0
2026-08-14T15:31:08.362778,196,193,217,203,192,0
2026-08-14T15:31:08.362778,195,193,219,203,192,0
2026-08-14T15:31:08.362778,194,193,219,203,192,0
2026-08-14T15:31:08.369510,195,192,219,203,192,0
2026-08-14T15:31:08.371037,195,194,218,204,192,0
2026-08-14T15:31:08.371549,195,193,217,203,193,0
2026-08-14T15:31:08.371549,196,194,215,206,192,0
2026-08-14T15:31:08.371549,195,193,218,203,193,0
2026-08-14T15:31:08.371549,195,194,219,203,192,0
2026-08-14T15:31:08.371549,194,193,218,203,192,0
2026-08-14T15:31:08.371549,195,195,219,204,192,0
2026-08-14T15:31:08.371549,196,193,219,203,192,0
2026-08-14T15:31:08.378989,195,193,219,203,194,0
2026-08-14T15:31:08.378989,194,193,218,204,193,0
2026-08-14T15:31:08.378989,194,193,218,203,193,0
2026-08-14T15:31:08.378989,195,192,218,203,192,0
2026-08-14T15:31:08.384847,196,193,218,202,193,0
2026-08-14T15:31:08.385372,195,193,217,203,193,0
2026-08-14T15:31:08.386240,195,194,218,202,192,0
2026-08-14T15:31:08.386857,194,192,218,204,193,0
2026-08-14T15:31:08.388161,196,193,217,203,193,0
2026-08-14T15:31:08.389360,194,195,218,203,192,0
2026-08-14T15:31:08.390497,195,193,218,202,192,0
2026-08-14T15:31:08.392846,196,194,218,203,193,0
2026-08-14T15:31:08.392846,194,194,217,203,193,0
2026-08-14T15:31:08.392846,195,194,217,203,192,0
2026-08-14T15:31:08.394625,194,193,218,203,192,0
2026-08-14T15:31:08.395695,194,193,218,202,193,0
2026-08-14T15:31:08.395695,196,193,217,203,192,0
2026-08-14T15:31:08.395695,194,191,217,203,193,0
2026-08-14T15:31:08.395695,196,193,217,205,193,0
2026-08-14T15:31:08.395695,195,194,218,203,191,0
2026-08-14T15:31:08.395695,196,194,219,203,192,0
2026-08-14T15:31:08.404103,195,194,219,203,193,0
2026-08-14T15:31:08.404103,194,194,218,204,193,0
2026-08-14T15:31:08.404103,195,193,219,204,193,0
2026-08-14T15:31:08.404103,194,194,219,203,192,0
2026-08-14T15:31:08.409349,195,193,218,203,193,0
2026-08-14T15:31:08.409349,194,194,217,204,192,0
2026-08-14T15:31:08.409349,195,192,218,203,192,0
2026-08-14T15:31:08.413453,196,193,218,203,192,0
2026-08-14T15:31:08.413453,195,193,219,203,193,0
2026-08-14T15:31:08.413453,195,193,217,203,192,0
2026-08-14T15:31:08.413453,195,194,217,204,192,0
2026-08-14T15:31:08.417540,194,195,218,203,192,0
2026-08-14T15:31:08.417540,196,194,218,203,192,0
2026-08-14T15:31:08.417540,195,194,218,203,192,0
2026-08-14T15:31:08.421765,194,194,218,204,192,0
2026-08-14T15:31:08.421765,195,193,218,203,192,0
2026-08-14T15:31:08.421765,194,193,218,203,192,0
2026-08-14T15:31:08.421765,195,194,217,203,193,0
2026-08-14T15:31:08.425155,195,192,218,203,193,0
2026-08-14T15:31:08.425155,195,193,219,203,192,0
2026-08-14T15:31:08.425155,195,193,217,202,192,0
2026-08-14T15:31:08.427336,196,193,218,203,193,0
2026-08-14T15:31:08.427336,196,194,218,202,192,0
2026-08-14T15:31:08.427336,196,194,219,203,192,0
2026-08-14T15:31:08.427336,196,193,218,204,193,0
2026-08-14T15:31:08.427336,196,194,218,204,195,0
2026-08-14T15:31:08.427336,195,192,218,203,191,0
2026-08-14T15:31:08.436161,196,193,218,203,192,0
2026-08-14T15:31:08.437050,195,193,218,203,193,0
2026-08-14T15:31:08.437050,195,194,217,204,192,0
2026-08-14T15:31:08.437050,195,193,218,203,192,0
2026-08-14T15:31:08.437050,195,192,218,203,192,0
2026-08-14T15:31:08.437050,195,193,217,203,192,0
2026-08-14T15:31:08.443951,195,193,218,203,193,0
2026-08-14T15:31:08.443951,196,193,219,202,192,0
2026-08-14T15:31:08.445956,195,192,218,203,191,0
2026-08-14T15:31:08.445956,194,194,218,203,193,0
2026-08-14T15:31:08.445956,195,194,218,202,191,0
2026-08-14T15:31:08.450322,195,194,218,202,193,0
2026-08-14T15:31:08.450322,195,193,218,203,192,0
2026-08-14T15:31:08.450322,193,193,219,204,193,0
2026-08-14T15:31:08.452092,194,194,217,204,192,0
2026-08-14T15:31:08.453415,194,193,218,203,193,0
2026-08-14T15:31:08.453415,195,194,218,204,192,0
2026-08-14T15:31:08.453415,194,193,219,203,192,0
2026-08-14T15:31:08.458648,195,194,217,204,192,0
2026-08-14T15:31:08.458648,195,193,219,203,192,0
2026-08-14T15:31:08.458648,195,196,218,203,193,0
2026-08-14T15:31:08.460399,196,194,218,203,193,0
2026-08-14T15:31:08.460399,194,194,218,202,192,0
2026-08-14T15:31:08.460399,194,193,218,203,192,0
2026-08-14T15:31:08.460399,195,194,218,203,193,0
2026-08-14T15:31:08.460399,196,194,218,204,193,0
2026-08-14T15:31:08.460399,195,193,217,203,193,0
2026-08-14T15:31:08.460399,195,193,219,203,192,0
2026-08-14T15:31:08.470680,194,193,218,203,192,0
2026-08-14T15:31:08.470680,194,194,219,202,192,0
2026-08-14T15:31:08.470680,195,193,218,203,193,0
2026-08-14T15:31:08.472791,196,194,218,203,192,0
2026-08-14T15:31:08.472791,195,194,219,203,192,0
2026-08-14T15:31:08.472791,196,194,217,203,191,0
2026-08-14T15:31:08.472791,195,194,217,203,193,0
2026-08-14T15:31:08.478927,197,193,217,203,194,0
2026-08-14T15:31:08.478927,194,194,218,204,192,0
2026-08-14T15:31:08.478927,193,194,218,204,192,0
2026-08-14T15:31:08.480686,196,194,218,203,192,0
2026-08-14T15:31:08.483231,195,193,218,203,193,0
2026-08-14T15:31:08.483231,196,194,217,204,193,0
2026-08-14T15:31:08.483231,195,194,219,203,192,0
2026-08-14T15:31:08.486932,194,193,218,203,192,0
2026-08-14T15:31:08.486932,196,192,218,203,192,0
2026-08-14T15:31:08.486932,196,195,219,202,192,0
2026-08-14T15:31:08.486932,196,194,219,203,192,0
2026-08-14T15:31:08.489705,194,194,217,203,192,0
2026-08-14T15:31:08.489705,195,191,219,203,191,0
2026-08-14T15:31:08.489705,195,194,219,204,192,0
2026-08-14T15:31:08.493477,194,193,218,203,191,0
2026-08-14T15:31:08.493477,194,194,218,204,193,0
2026-08-14T15:31:08.493477,195,194,217,203,193,0
2026-08-14T15:31:08.493477,195,193,217,204,192,0
2026-08-14T15:31:08.493477,194,194,218,203,192,0
2026-08-14T15:31:08.493477,195,193,218,202,193,0
2026-08-14T15:31:08.493477,195,193,217,202,192,0
2026-08-14T15:31:08.503310,196,193,217,203,193,0
2026-08-14T15:31:08.503310,195,194,218,203,192,0
2026-08-14T15:31:08.503310,195,194,218,202,191,0
2026-08-14T15:31:08.507613,195,194,219,204,193,0
2026-08-14T15:31:08.507613,196,194,218,203,192,0
2026-08-14T15:31:08.507613,195,195,219,202,193,0
2026-08-14T15:31:08.507613,194,193,217,203,193,0
2026-08-14T15:31:08.511743,193,193,219,204,192,0
2026-08-14T15:31:08.511743,195,193,217,204,192,0
2026-08-14T15:31:08.511743,195,193,217,203,193,0
2026-08-14T15:31:08.511743,195,193,218,204,193,0
2026-08-14T15:31:08.511743,195,192,219,203,192,0
2026-08-14T15:31:08.511743,196,194,217,203,192,0
2026-08-14T15:31:08.517917,196,193,219,203,193,0
2026-08-14T15:31:08.519650,194,193,218,204,192,0
2026-08-14T15:31:08.520461,195,194,218,203,193,0
2026-08-14T15:31:08.520461,195,195,219,203,193,0
2026-08-14T15:31:08.524054,196,193,217,203,192,0
2026-08-14T15:31:08.524054,194,194,217,204,192,0
2026-08-14T15:31:08.524054,194,195,219,204,192,0
2026-08-14T15:31:08.526145,194,193,217,204,193,0
2026-08-14T15:31:08.528120,196,193,217,203,193,0
2026-08-14T15:31:08.528120,195,193,218,203,193,0
2026-08-14T15:31:08.528120,195,193,217,204,192,0
2026-08-14T15:31:08.528120,195,194,218,202,192,0
2026-08-14T15:31:08.528120,195,193,218,203,193,0
2026-08-14T15:31:08.528120,196,194,218,203,193,0
2026-08-14T15:31:08.534178,194,192,219,203,193,0
2026-08-14T15:31:08.537124,195,193,219,204,193,0
2026-08-14T15:31:08.537530,195,194,218,203,191,0
2026-08-14T15:31:08.537530,194,193,217,202,192,0
2026-08-14T15:31:08.537530,195,192,218,203,192,0
2026-08-14T15:31:08.537530,194,193,218,203,194,0
2026-08-14T15:31:08.537530,195,194,218,203,192,0
2026-08-14T15:31:08.542221,194,194,218,202,192,0
2026-08-14T15:31:08.542221,196,192,219,203,193,0
2026-08-14T15:31:08.542221,195,194,218,204,192,0
2026-08-14T15:31:08.542221,195,194,218,202,192,0
2026-08-14T15:31:08.542221,195,194,218,203,192,0
2026-08-14T15:31:08.542221,196,193,218,202,193,0
2026-08-14T15:31:08.542221,196,193,218,203,192,0
2026-08-14T15:31:08.553015,194,194,218,203,192,0
2026-08-14T15:31:08.553990,195,193,218,204,192,0
2026-08-14T15:31:08.554297,195,194,218,203,192,0
2026-08-14T15:31:08.554297,196,193,218,204,193,0
2026-08-14T15:31:08.556740,194,194,217,204,192,0
2026-08-14T15:31:08.556740,195,194,217,204,193,0
2026-08-14T15:31:08.556740,195,193,217,203,192,0
2026-08-14T15:31:08.560888,196,194,217,203,192,0
2026-08-14T15:31:08.561599,196,194,217,203,193,0
2026-08-14T15:31:08.561599,196,193,217,203,192,0
2026-08-14T15:31:08.563614,194,193,218,203,193,0
2026-08-14T15:31:08.563614,195,194,218,203,193,0
2026-08-14T15:31:08.565628,195,195,219,204,191,0
2026-08-14T15:31:08.565628,194,193,217,203,192,0
2026-08-14T15:31:08.567154,196,193,218,203,192,0
2026-08-14T15:31:08.569866,194,195,218,203,193,0
2026-08-14T15:31:08.570520,195,193,218,203,193,0
2026-08-14T15:31:08.573169,194,193,218,203,192,0
2026-08-14T15:31:08.573169,194,193,219,204,192,0
2026-08-14T15:31:08.573169,196,194,218,202,194,0
2026-08-14T15:31:08.574935,195,193,218,203,192,0
2026-08-14T15:31:08.577322,196,193,217,203,192,0
2026-08-14T15:31:08.577322,195,193,218,203,192,0
2026-08-14T15:31:08.577322,195,194,218,203,193,0
2026-08-14T15:31:08.581373,196,194,218,202,193,0
2026-08-14T15:31:08.581373,196,194,217,203,194,0
2026-08-14T15:31:08.581373,195,193,219,204,193,0
2026-08-14T15:31:08.583403,194,195,218,203,192,0
2026-08-14T15:31:08.583403,196,193,218,203,192,0
2026-08-14T15:31:08.586998,195,193,218,203,193,0
2026-08-14T15:31:08.586998,194,193,217,203,193,0
2026-08-14T15:31:08.589523,196,193,217,203,193,0
2026-08-14T15:31:08.589523,194,193,218,203,192,0
2026-08-14T15:31:08.589523,196,193,217,204,193,0
2026-08-14T15:31:08.591644,196,193,217,203,192,0
2026-08-14T15:31:08.593675,195,193,218,204,192,0
2026-08-14T15:31:08.593675,196,194,217,203,192,0
2026-08-14T15:31:08.593675,195,194,218,202,192,0
2026-08-14T15:31:08.593675,194,194,218,204,192,0
2026-08-14T15:31:08.593675,194,192,219,204,192,0
2026-08-14T15:31:08.593675,195,194,218,203,192,0
2026-08-14T15:31:08.600408,196,194,217,204,192,0
2026-08-14T15:31:08.602714,196,193,217,203,193,0
2026-08-14T15:31:08.603355,195,192,218,203,192,0
2026-08-14T15:31:08.603355,195,194,218,202,194,0
2026-08-14T15:31:08.603355,196,194,217,202,193,0
2026-08-14T15:31:08.603355,195,192,218,203,192,0
2026-08-14T15:31:08.603355,196,194,219,203,192,0
2026-08-14T15:31:08.607850,196,194,218,203,192,0
2026-08-14T15:31:08.607850,195,194,218,204,192,0
2026-08-14T15:31:08.607850,195,193,219,203,191,0
2026-08-14T15:31:08.607850,195,193,219,204,193,0
2026-08-14T15:31:08.607850,195,194,218,203,192,0
2026-08-14T15:31:08.607850,196,193,217,204,193,0
2026-08-14T15:31:08.607850,195,192,212,205,192,0
2026-08-14T15:31:08.618243,196,193,217,204,192,0
2026-08-14T15:31:08.618243,195,194,218,204,193,0
2026-08-14T15:31:08.620047,195,193,219,202,192,0
2026-08-14T15:31:08.620418,195,193,215,205,193,0
2026-08-14T15:31:08.622300,196,193,219,203,192,0
2026-08-14T15:31:08.622300,196,194,217,203,193,0
2026-08-14T15:31:08.622300,195,194,218,203,192,0
2026-08-14T15:31:08.626422,195,193,218,204,193,0
2026-08-14T15:31:08.627109,195,193,217,203,191,0
2026-08-14T15:31:08.627109,195,193,218,203,192,0
2026-08-14T15:31:08.627109,195,193,218,204,192,0
2026-08-14T15:31:08.629614,195,191,219,203,193,0
2026-08-14T15:31:08.629614,196,192,218,202,193,0
2026-08-14T15:31:08.629614,195,194,217,203,193,0
2026-08-14T15:31:08.632654,195,194,217,204,193,0
2026-08-14T15:31:08.632654,194,194,219,203,193,0
2026-08-14T15:31:08.636475,196,194,217,203,192,0
2026-08-14T15:31:08.637071,194,193,219,203,192,0
2026-08-14T15:31:08.637071,196,194,217,203,192,0
2026-08-14T15:31:08.637071,195,193,218,203,192,0
2026-08-14T15:31:08.640992,194,193,218,203,192,0
2026-08-14T15:31:08.640992,195,193,219,204,193,0
2026-08-14T15:31:08.640992,195,193,218,203,192,0
2026-08-14T15:31:08.640992,196,194,219,204,192,0
2026-08-14T15:31:08.640992,196,193,217,203,193,0
2026-08-14T15:31:08.640992,194,193,219,203,192,0
2026-08-14T15:31:08.640992,194,194,217,203,193,0
2026-08-14T15:31:08.640992,196,194,218,202,192,0
2026-08-14T15:31:08.650998,196,194,218,203,192,0
2026-08-14T15:31:08.650998,196,193,217,203,192,0
2026-08-14T15:31:08.652793,196,194,217,203,192,0
2026-08-14T15:31:08.655097,194,193,219,204,193,0
2026-08-14T15:31:08.655097,194,192,218,203,191,0
2026-08-14T15:31:08.655097,195,193,218,203,193,0
2026-08-14T15:31:08.656851,195,194,217,203,192,0
2026-08-14T15:31:08.659198,195,194,218,203,192,0
2026-08-14T15:31:08.659886,195,193,218,204,193,0
2026-08-14T15:31:08.659886,194,194,219,203,193,0
2026-08-14T15:31:08.663320,195,193,219,203,193,0
2026-08-14T15:31:08.663320,194,194,217,203,193,0
2026-08-14T15:31:08.663320,196,193,219,203,193,0
2026-08-14T15:31:08.667399,196,194,217,203,192,0
2026-08-14T15:31:08.667399,196,193,217,203,193,0
2026-08-14T15:31:08.667399,195,193,218,203,192,0
2026-08-14T15:31:08.670296,195,192,218,204,192,0
2026-08-14T15:31:08.670296,194,193,218,204,192,0
2026-08-14T15:31:08.670296,196,193,218,203,193,0
2026-08-14T15:31:08.670296,194,192,217,203,192,0
2026-08-14T15:31:08.675575,194,195,217,204,193,0
2026-08-14T15:31:08.675575,195,194,218,203,192,0
2026-08-14T15:31:08.675575,195,193,217,203,192,0
2026-08-14T15:31:08.675575,196,191,217,204,192,0
2026-08-14T15:31:08.675575,195,192,218,202,193,0
2026-08-14T15:31:08.675575,195,194,218,203,192,0
2026-08-14T15:31:08.675575,196,194,218,203,193,0
2026-08-14T15:31:08.675575,196,194,218,202,193,0
2026-08-14T15:31:08.683968,194,193,218,202,192,0
2026-08-14T15:31:08.686083,194,194,217,204,193,0
2026-08-14T15:31:08.686676,195,195,218,204,193,0
2026-08-14T15:31:08.686676,196,192,217,203,192,0
2026-08-14T15:31:08.687871,195,195,217,203,193,0
2026-08-14T15:31:08.687871,195,193,218,203,192,0
2026-08-14T15:31:08.691967,195,193,217,203,193,0
2026-08-14T15:31:08.691967,196,192,219,203,192,0
2026-08-14T15:31:08.691967,196,193,218,203,192,0
2026-08-14T15:31:08.691967,195,193,217,203,192,0
2026-08-14T15:31:08.696067,196,194,217,203,192,0
2026-08-14T15:31:08.696067,194,193,218,203,192,0
2026-08-14T15:31:08.696067,196,194,218,202,192,0
2026-08-14T15:31:08.700178,196,194,219,203,192,0
2026-08-14T15:31:08.700178,195,193,219,204,191,0
2026-08-14T15:31:08.700178,194,193,219,203,191,0
2026-08-14T15:31:08.704228,196,193,219,203,192,0
2026-08-14T15:31:08.704228,194,193,219,204,193,0
2026-08-14T15:31:08.704228,194,194,218,203,193,0
2026-08-14T15:31:08.704228,195,193,217,202,192,0
2026-08-14T15:31:08.708404,195,193,217,203,192,0
2026-08-14T15:31:08.708404,195,193,217,203,192,0
2026-08-14T15:31:08.708404,196,194,219,204,192,0
2026-08-14T15:31:08.708404,194,193,218,203,192,0
2026-08-14T15:31:08.708404,195,195,218,203,193,0
2026-08-14T15:31:08.708404,195,193,218,203,192,0
2026-08-14T15:31:08.708404,195,194,218,204,192,0
2026-08-14T15:31:08.708404,195,194,218,204,192,0
2026-08-14T15:31:08.716739,195,193,219,203,193,0
2026-08-14T15:31:08.716739,196,194,219,204,193,0
2026-08-14T15:31:08.720675,194,194,217,204,193,0
2026-08-14T15:31:08.720675,195,193,219,203,192,0
2026-08-14T15:31:08.720675,195,194,219,202,193,0
2026-08-14T15:31:08.720675,196,194,217,203,192,0
2026-08-14T15:31:08.724746,195,194,217,203,193,0
2026-08-14T15:31:08.724746,195,193,219,204,191,0
2026-08-14T15:31:08.724746,195,193,218,203,193,0
2026-08-14T15:31:08.728822,195,194,218,203,192,0
2026-08-14T15:31:08.728822,195,193,218,203,193,0
2026-08-14T15:31:08.728822,195,193,218,204,192,0
2026-08-14T15:31:08.732927,195,192,218,203,192,0
2026-08-14T15:31:08.732927,195,194,219,203,192,0
2026-08-14T15:31:08.732927,196,193,218,203,192,0
2026-08-14T15:31:08.732927,194,191,218,203,192,0
2026-08-14T15:31:08.736730,195,192,218,202,193,0
2026-08-14T15:31:08.737084,194,194,218,203,192,0
2026-08-14T15:31:08.737084,196,194,218,203,192,0
2026-08-14T15:31:08.741120,196,194,218,202,192,0
2026-08-14T15:31:08.741120,196,193,218,203,193,0
2026-08-14T15:31:08.741120,196,194,218,202,192,0
2026-08-14T15:31:08.742876,196,194,218,202,193,0
2026-08-14T15:31:08.745222,195,193,219,204,193,0
2026-08-14T15:31:08.745222,194,194,218,204,192,0
2026-08-14T15:31:08.746979,195,193,218,203,192,0
2026-08-14T15:31:08.746979,194,193,218,204,192,0
2026-08-14T15:31:08.749629,195,192,217,203,193,0
2026-08-14T15:31:08.749629,195,192,218,203,193,0
2026-08-14T15:31:08.749629,194,194,217,203,192,0
2026-08-14T15:31:08.752816,194,193,217,202,193,0
2026-08-14T15:31:08.753548,196,193,217,203,192,0
2026-08-14T15:31:08.753548,196,195,218,203,192,0
2026-08-14T15:31:08.757090,196,194,219,204,193,0
2026-08-14T15:31:08.758099,194,193,218,203,193,0
2026-08-14T15:31:08.758099,196,194,218,203,192,0
2026-08-14T15:31:08.758099,196,194,218,204,192,0
2026-08-14T15:31:08.758099,194,194,218,204,192,0
2026-08-14T15:31:08.758099,194,193,217,204,193,0
2026-08-14T15:31:08.758099,193,192,216,205,192,0
2026-08-14T15:31:08.758099,196,193,218,203,193,0
2026-08-14T15:31:08.766169,195,194,217,203,193,0
2026-08-14T15:31:08.766169,195,193,218,203,192,0
2026-08-14T15:31:08.769536,194,193,216,204,192,0
2026-08-14T15:31:08.770209,195,193,217,203,191,0
2026-08-14T15:31:08.771439,196,194,218,204,192,0
2026-08-14T15:31:08.771439,196,193,218,204,192,0
2026-08-14T15:31:08.773866,195,192,219,203,193,0
2026-08-14T15:31:08.773866,196,193,219,203,192,0
2026-08-14T15:31:08.773866,196,193,219,203,192,0
2026-08-14T15:31:08.778004,194,194,218,203,192,0
2026-08-14T15:31:08.778004,195,194,218,203,193,0
2026-08-14T15:31:08.778004,195,192,219,203,192,0
2026-08-14T15:31:08.778004,196,193,219,203,193,0
2026-08-14T15:31:08.782074,195,193,218,203,192,0
2026-08-14T15:31:08.782074,195,192,218,203,193,0
2026-08-14T15:31:08.782074,196,193,218,202,193,0
2026-08-14T15:31:08.785966,196,194,217,203,192,0
2026-08-14T15:31:08.786367,195,194,217,204,192,0
2026-08-14T15:31:08.787846,195,193,219,204,192,0
2026-08-14T15:31:08.787846,194,194,217,204,192,0
2026-08-14T15:31:08.790319,194,194,218,203,192,0
2026-08-14T15:31:08.790319,195,194,217,203,193,0
2026-08-14T15:31:08.790319,194,192,219,203,192,0
2026-08-14T15:31:08.790319,194,192,218,203,193,0
2026-08-14T15:31:08.790319,194,194,217,204,192,0
2026-08-14T15:31:08.790319,195,194,217,203,193,0
2026-08-14T15:31:08.790319,196,194,217,203,192,0
2026-08-14T15:31:08.798496,195,193,217,204,192,0
2026-08-14T15:31:08.798496,195,194,218,203,193,0
2026-08-14T15:31:08.799735,195,194,217,202,193,0
2026-08-14T15:31:08.799735,196,193,218,202,193,0
2026-08-14T15:31:08.803495,194,193,219,203,192,0
2026-08-14T15:31:08.804447,194,194,218,203,192,0
2026-08-14T15:31:08.804447,194,194,218,204,192,0
2026-08-14T15:31:08.806895,195,194,218,204,192,0
2026-08-14T15:31:08.806895,194,193,217,204,193,0
2026-08-14T15:31:08.806895,195,193,219,203,192,0
2026-08-14T15:31:08.808904,195,193,217,203,192,0
2026-08-14T15:31:08.808904,196,192,217,202,193,0
2026-08-14T15:31:08.808904,196,193,217,204,192,0
2026-08-14T15:31:08.815174,195,194,219,203,193,0
2026-08-14T15:31:08.815174,196,194,218,202,193,0
2026-08-14T15:31:08.815174,195,194,218,202,192,0
2026-08-14T15:31:08.816790,195,194,218,202,191,0
2026-08-14T15:31:08.819011,195,194,218,203,192,0
2026-08-14T15:31:08.819443,194,193,219,204,192,0
2026-08-14T15:31:08.820063,195,193,217,204,192,0
2026-08-14T15:31:08.822781,196,193,217,203,193,0
2026-08-14T15:31:08.823523,195,195,217,203,193,0
2026-08-14T15:31:08.823523,195,194,218,203,192,0
2026-08-14T15:31:08.824889,195,194,218,203,192,0
2026-08-14T15:31:08.827121,196,194,218,204,192,0
2026-08-14T15:31:08.827121,195,193,217,204,192,0
2026-08-14T15:31:08.827121,196,194,217,204,192,0
2026-08-14T15:31:08.831236,194,193,218,203,192,0
2026-08-14T15:31:08.831236,195,193,218,203,192,0
2026-08-14T15:31:08.831236,195,193,218,204,192,0
2026-08-14T15:31:08.831236,195,193,218,204,192,0
2026-08-14T15:31:08.836103,195,193,218,202,193,0
2026-08-14T15:31:08.836103,194,194,218,203,193,0
2026-08-14T15:31:08.837238,194,194,217,204,193,0
2026-08-14T15:31:08.839447,195,193,218,204,193,0
2026-08-14T15:31:08.839447,195,193,218,203,192,0
2026-08-14T15:31:08.839447,196,194,217,203,192,0
2026-08-14T15:31:08.839447,196,193,217,203,193,0
2026-08-14T15:31:08.839447,195,193,218,204,192,0
2026-08-14T15:31:08.839447,195,193,218,203,192,0
2026-08-14T15:31:08.839447,194,194,218,203,193,0
2026-08-14T15:31:08.847689,194,194,216,204,192,0
2026-08-14T15:31:08.847689,195,193,217,204,193,0
2026-08-14T15:31:08.847689,194,193,219,204,193,0
2026-08-14T15:31:08.851682,195,194,218,203,193,0
2026-08-14T15:31:08.851682,195,193,216,203,192,0
2026-08-14T15:31:08.853566,195,194,218,203,192,0
2026-08-14T15:31:08.853566,195,194,217,204,192,0
2026-08-14T15:31:08.855740,196,193,217,203,193,0
2026-08-14T15:31:08.855740,195,193,218,203,192,0
2026-08-14T15:31:08.855740,196,194,218,202,193,0
2026-08-14T15:31:08.859890,195,195,218,202,193,0
2026-08-14T15:31:08.859890,194,194,218,204,192,0
2026-08-14T15:31:08.859890,194,194,218,203,193,0
2026-08-14T15:31:08.859890,196,194,218,203,192,0
2026-08-14T15:31:08.863992,195,192,219,204,193,0
2026-08-14T15:31:08.863992,195,195,219,204,194,0
2026-08-14T15:31:08.863992,197,198,220,205,196,0
2026-08-14T15:31:08.863992,198,202,222,206,198,0
2026-08-14T15:31:08.863992,199,202,224,207,200,0
2026-08-14T15:31:08.869475,201,205,224,208,202,0
2026-08-14T15:31:08.872191,203,208,225,208,203,0
2026-08-14T15:31:08.872191,204,210,226,211,205,0
2026-08-14T15:31:08.872191,205,213,228,211,207,0
2026-08-14T15:31:08.872191,206,216,230,212,208,0
2026-08-14T15:31:08.875463,207,219,232,211,209,0
2026-08-14T15:31:08.875463,208,223,232,213,212,0
2026-08-14T15:31:08.875463,209,224,234,213,213,0
2026-08-14T15:31:08.880416,210,227,235,215,216,0
2026-08-14T15:31:08.880416,212,230,238,216,217,0
2026-08-14T15:31:08.882423,213,233,240,218,220,0
2026-08-14T15:31:08.883094,216,235,244,219,221,0
2026-08-14T15:31:08.883094,220,239,245,222,224,0
2026-08-14T15:31:08.883094,221,242,248,224,227,0
2026-08-14T15:31:08.883094,224,245,252,227,228,0
2026-08-14T15:31:08.887391,226,246,255,230,231,0
2026-08-14T15:31:08.889024,229,247,258,232,234,0
2026-08-14T15:31:08.889024,233,249,263,238,237,0
2026-08-14T15:31:08.889024,238,256,269,243,244,0
2026-08-14T15:31:08.891714,243,264,274,247,250,0
2026-08-14T15:31:08.891714,249,269,279,251,253,0
2026-08-14T15:31:08.891714,253,274,285,255,257,0
2026-08-14T15:31:08.896487,257,279,288,260,263,0
2026-08-14T15:31:08.897055,262,281,294,265,264,0
2026-08-14T15:31:08.897631,267,283,300,269,269,0
2026-08-14T15:31:08.900848,271,290,303,274,275,0
2026-08-14T15:31:08.900848,277,297,309,279,280,0
2026-08-14T15:31:08.900848,282,304,316,284,286,0
2026-08-14T15:31:08.900848,287,312,322,288,290,0
2026-08-14T15:31:08.904971,292,316,329,293,296,0
2026-08-14T15:31:08.904971,297,322,335,300,301,0
2026-08-14T15:31:08.904971,305,329,344,308,308,0
2026-08-14T15:31:08.908757,313,336,352,313,314,0
2026-08-14T15:31:08.908757,318,342,359,320,320,0
2026-08-14T15:31:08.908757,325,346,363,327,327,0
2026-08-14T15:31:08.908757,332,352,369,332,333,0
2026-08-14T15:31:08.913142,338,357,376,337,338,0
2026-08-14T15:31:08.913142,342,361,380,343,340,0
2026-08-14T15:31:08.913142,347,362,384,348,344,0
2026-08-14T15:31:08.917174,353,366,391,355,348,0
2026-08-14T15:31:08.917174,356,375,398,359,353,0
2026-08-14T15:31:08.917174,361,381,403,361,358,0
2026-08-14T15:31:08.917174,365,387,409,365,362,0
2026-08-14T15:31:08.921486,370,393,415,368,367,0
2026-08-14T15:31:08.921486,374,400,419,371,372,0
2026-08-14T15:31:08.921486,377,405,423,374,375,0
2026-08-14T15:31:08.921486,382,405,426,379,377,0
2026-08-14T15:31:08.921486,384,406,430,382,379,0
2026-08-14T15:31:08.921486,388,408,434,386,382,0
2026-08-14T15:31:08.921486,391,414,439,387,384,0
2026-08-14T15:31:08.929625,394,419,440,389,388,0
2026-08-14T15:31:08.929625,398,424,447,391,392,0
2026-08-14T15:31:08.929625,401,430,452,394,397,0
2026-08-14T15:31:08.929625,404,436,457,396,400,0
2026-08-14T15:31:08.929625,407,442,461,399,404,0
2026-08-14T15:31:08.929625,412,447,465,402,407,0
2026-08-14T15:31:08.936940,415,452,469,405,413,0
2026-08-14T15:31:08.938228,419,458,473,407,418,0
2026-08-14T15:31:08.938228,424,466,478,412,423,0
2026-08-14T15:31:08.938228,431,465,484,418,429,0
2026-08-14T15:31:08.941752,436,473,487,419,432,0
2026-08-14T15:31:08.941752,438,480,492,421,437,0
2026-08-14T15:31:08.941752,442,486,494,422,441,0
2026-08-14T15:31:08.945916,445,492,498,424,445,0
2026-08-14T15:31:08.945916,448,498,503,425,448,0
2026-08-14T15:31:08.945916,451,504,506,429,454,0
2026-08-14T15:31:08.945916,454,510,511,429,457,0
2026-08-14T15:31:08.945916,459,512,516,436,461,0
2026-08-14T15:31:08.945916,464,509,519,444,464,0
2026-08-14T15:31:08.945916,471,505,523,454,467,0
2026-08-14T15:31:08.953360,474,511,528,454,474,0
2026-08-14T15:31:08.954584,477,520,534,453,477,0
2026-08-14T15:31:08.954584,478,525,535,453,478,0
2026-08-14T15:31:08.954584,479,527,537,452,479,0
2026-08-14T15:31:08.954584,479,531,538,452,480,0
2026-08-14T15:31:08.954584,481,536,543,450,483,0
2026-08-14T15:31:08.954584,483,539,548,455,485,0
2026-08-14T15:31:08.962321,488,536,549,462,488,0
2026-08-14T15:31:08.962321,493,541,558,467,493,0
2026-08-14T15:31:08.962321,496,554,564,469,503,0
2026-08-14T15:31:08.965018,504,562,572,471,508,0
2026-08-14T15:31:08.965018,509,570,577,477,514,0
2026-08-14T15:31:08.965018,515,575,582,482,520,0
2026-08-14T15:31:08.965018,521,582,590,487,526,0
2026-08-14T15:31:08.969806,527,591,597,490,530,0
2026-08-14T15:31:08.970565,531,599,601,492,536,0
2026-08-14T15:31:08.970565,538,604,609,498,540,0
2026-08-14T15:31:08.970565,541,611,614,502,546,0
2026-08-14T15:31:08.970565,548,618,622,508,551,0
2026-08-14T15:31:08.970565,552,625,628,514,555,0
2026-08-14T15:31:08.970565,560,626,630,520,560,0
2026-08-14T15:31:08.978792,566,626,636,531,563,0
2026-08-14T15:31:08.978792,572,620,644,545,566,0
2026-08-14T15:31:08.980006,582,635,651,548,576,0
2026-08-14T15:31:08.981724,588,645,659,554,585,0
2026-08-14T15:31:08.981724,595,654,667,558,590,0
2026-08-14T15:31:08.981724,599,664,675,560,596,0
2026-08-14T15:31:08.981724,604,672,682,563,600,0
2026-08-14T15:31:08.986589,609,678,687,567,603,0
2026-08-14T15:31:08.987316,614,677,694,576,604,0
2026-08-14T15:31:08.989273,618,680,700,580,608,0
2026-08-14T15:31:08.990811,623,689,705,582,612,0
2026-08-14T15:31:08.990811,624,697,708,584,616,0
2026-08-14T15:31:08.990811,628,707,713,584,621,0
2026-08-14T15:31:08.990811,632,714,718,581,625,0
2026-08-14T15:31:08.995098,633,722,721,582,628,0
2026-08-14T15:31:08.995098,637,729,726,584,632,0
2026-08-14T15:31:08.995098,640,735,731,586,635,0
2026-08-14T15:31:08.999168,645,741,735,588,640,0
2026-08-14T15:31:08.999168,649,746,738,595,641,0
2026-08-14T15:31:08.999168,655,743,745,606,638,0
2026-08-14T15:31:09.002818,660,744,753,615,640,0
2026-08-14T15:31:09.003529,667,753,760,616,649,0
2026-08-14T15:31:09.003529,670,765,763,614,657,0
2026-08-14T15:31:09.004752,672,771,766,617,659,0
2026-08-14T15:31:09.007369,676,774,768,618,662,0
2026-08-14T15:31:09.007369,678,783,770,620,667,0
2026-08-14T15:31:09.007369,682,784,776,627,665,0
2026-08-14T15:31:09.011126,685,778,778,638,661,0
2026-08-14T15:31:09.011126,690,776,787,646,661,0
2026-08-14T15:31:09.011126,695,789,793,645,668,0
2026-08-14T15:31:09.011126,699,800,796,643,676,0
2026-08-14T15:31:09.011126,701,806,801,643,678,0
2026-08-14T15:31:09.011126,702,812,805,646,678,0
2026-08-14T15:31:09.011126,704,811,808,652,675,0
2026-08-14T15:31:09.019713,707,803,811,663,667,0
2026-08-14T15:31:09.020358,708,804,816,668,667,0
2026-08-14T15:31:09.020358,711,807,819,671,667,0
2026-08-14T15:31:09.020358,712,808,821,675,667,0
2026-08-14T15:31:09.020358,715,818,820,671,677,0
2026-08-14T15:31:09.020358,716,825,820,669,683,0
2026-08-14T15:31:09.020358,719,829,824,672,685,0
2026-08-14T15:31:09.027759,721,834,827,675,685,0
2026-08-14T15:31:09.028472,723,841,828,676,688,0
2026-08-14T15:31:09.028472,726,845,833,677,691,0
2026-08-14T15:31:09.028472,728,852,835,677,694,0
2026-08-14T15:31:09.031924,729,857,839,681,696,0
2026-08-14T15:31:09.031924,731,859,840,683,696,0
2026-08-14T15:31:09.031924,734,862,841,686,700,0
2026-08-14T15:31:09.036109,736,866,842,687,703,0
2026-08-14T15:31:09.036973,737,866,844,693,703,0
2026-08-14T15:31:09.038189,739,860,847,704,695,0
2026-08-14T15:31:09.040123,742,842,847,719,682,0
2026-08-14T15:31:09.040123,744,847,854,718,689,0
2026-08-14T15:31:09.040123,745,857,848,711,699,0
2026-08-14T15:31:09.040123,743,861,849,709,699,0
2026-08-14T15:31:09.044185,742,864,849,707,698,0
2026-08-14T15:31:09.044185,740,865,849,709,695,0
2026-08-14T15:31:09.044185,740,864,852,711,693,0
2026-08-14T15:31:09.044185,741,867,851,712,694,0
2026-08-14T15:31:09.044185,740,865,852,715,691,0
2026-08-14T15:31:09.044185,741,858,853,725,682,0
2026-08-14T15:31:09.044185,744,860,854,725,688,0
2026-08-14T15:31:09.052775,743,867,857,724,693,0
2026-08-14T15:31:09.053807,745,871,858,725,695,0
2026-08-14T15:31:09.053807,745,874,858,724,698,0
2026-08-14T15:31:09.053807,747,879,858,722,701,0
2026-08-14T15:31:09.053807,745,882,860,721,703,0
2026-08-14T15:31:09.053807,746,886,860,722,703,0
2026-08-14T15:31:09.053807,746,892,863,722,703,0
2026-08-14T15:31:09.053807,746,896,864,724,703,0
2026-08-14T15:31:09.060899,746,897,865,725,705,0
2026-08-14T15:31:09.060899,747,897,866,730,703,0
2026-08-14T15:31:09.062945,750,885,864,742,695,0
2026-08-14T15:31:09.062945,749,868,871,760,674,0
2026-08-14T15:31:09.062945,749,860,882,772,662,0
2026-08-14T15:31:09.068811,752,856,886,776,664,0
2026-08-14T15:31:09.069874,754,859,881,775,673,0
2026-08-14T15:31:09.070538,757,863,878,774,680,0
2026-08-14T15:31:09.070538,759,864,875,774,685,0
2026-08-14T15:31:09.072896,759,866,871,774,689,0
2026-08-14T15:31:09.072896,760,869,873,775,692,0
2026-08-14T15:31:09.072896,760,873,873,773,695,0
2026-08-14T15:31:09.076994,763,880,873,771,700,0
2026-08-14T15:31:09.076994,763,886,874,770,707,0
2026-08-14T15:31:09.076994,762,895,874,767,712,0
2026-08-14T15:31:09.076994,765,904,874,761,719,0
2026-08-14T15:31:09.081095,766,911,873,757,723,0
2026-08-14T15:31:09.081611,766,914,874,755,725,0
2026-08-14T15:31:09.081611,766,920,877,755,724,0
2026-08-14T15:31:09.083853,766,922,880,757,724,0
2026-08-14T15:31:09.085477,766,925,883,757,723,0
2026-08-14T15:31:09.087151,768,923,883,761,722,0
2026-08-14T15:31:09.087151,768,912,885,771,714,0
2026-08-14T15:31:09.088362,766,910,889,776,708,0
2026-08-14T15:31:09.088362,766,906,893,781,702,0
2026-08-14T15:31:09.088362,767,909,892,781,709,0
2026-08-14T15:31:09.088362,767,917,886,775,719,0
2026-08-14T15:31:09.093765,767,923,884,771,722,0
2026-08-14T15:31:09.093765,768,927,883,768,726,0
2026-08-14T15:31:09.093765,770,930,881,767,727,0
2026-08-14T15:31:09.093765,771,932,882,767,727,0
2026-08-14T15:31:09.093765,770,936,883,764,730,0
2026-08-14T15:31:09.093765,769,941,883,763,731,0
2026-08-14T15:31:09.093765,768,944,884,762,731,0
2026-08-14T15:31:09.101987,769,943,883,765,729,0
2026-08-14T15:31:09.104149,767,941,886,768,729,0
2026-08-14T15:31:09.104149,768,943,884,766,731,0
2026-08-14T15:31:09.104149,767,944,882,764,732,0
2026-08-14T15:31:09.104149,767,944,881,764,735,0
2026-08-14T15:31:09.104149,768,941,880,766,732,0
2026-08-14T15:31:09.109747,768,930,883,778,726,0
2026-08-14T15:31:09.109747,769,916,884,785,719,0
2026-08-14T15:31:09.109747,769,921,881,780,726,0
2026-08-14T15:31:09.113844,770,925,878,777,728,0
2026-08-14T15:31:09.113844,768,929,876,775,730,0
2026-08-14T15:31:09.113844,767,933,878,773,730,0
2026-08-14T15:31:09.113844,765,935,880,771,730,0
2026-08-14T15:31:09.113844,762,935,882,775,726,0
2026-08-14T15:31:09.118053,761,930,882,779,721,0
2026-08-14T15:31:09.119442,762,916,881,783,717,0
2026-08-14T15:31:09.120068,762,920,878,780,722,0
2026-08-14T15:31:09.120068,759,926,874,776,725,0
2026-08-14T15:31:09.120068,758,928,873,774,725,0
2026-08-14T15:31:09.120068,757,931,872,772,726,0
2026-08-14T15:31:09.126197,756,933,870,768,727,0
2026-08-14T15:31:09.126829,754,937,868,765,728,0
2026-08-14T15:31:09.126829,752,939,866,760,729,0
2026-08-14T15:31:09.130218,749,942,866,760,728,0
2026-08-14T15:31:09.130218,745,944,866,758,726,0
2026-08-14T15:31:09.130218,746,943,863,757,727,0
2026-08-14T15:31:09.134321,746,932,862,765,722,0
2026-08-14T15:31:09.134321,748,912,864,776,710,0
2026-08-14T15:31:09.136114,746,899,866,778,699,0
2026-08-14T15:31:09.136750,746,876,865,780,682,0
2026-08-14T15:31:09.136750,743,870,857,775,687,0
2026-08-14T15:31:09.136750,744,869,841,768,696,0
2026-08-14T15:31:09.136750,743,868,834,765,698,0
2026-08-14T15:31:09.142526,742,867,828,761,700,0
2026-08-14T15:31:09.142526,741,869,824,757,702,0
2026-08-14T15:31:09.142526,739,871,819,755,704,0
2026-08-14T15:31:09.142526,736,877,816,751,707,0
2026-08-14T15:31:09.142526,735,881,813,747,709,0
2026-08-14T15:31:09.142526,734,884,811,742,710,0
2026-08-14T15:31:09.142526,732,889,808,738,710,0
2026-08-14T15:31:09.142526,730,890,807,736,710,0
2026-08-14T15:31:09.150892,727,892,806,734,708,0
2026-08-14T15:31:09.150892,727,883,806,740,701,0
2026-08-14T15:31:09.153748,728,867,807,744,691,0
2026-08-14T15:31:09.153748,725,855,808,745,679,0
2026-08-14T15:31:09.153748,721,851,806,742,676,0
2026-08-14T15:31:09.153748,718,852,799,736,681,0
2026-08-14T15:31:09.158924,714,856,789,727,687,0
2026-08-14T15:31:09.158924,712,857,780,723,689,0
2026-08-14T15:31:09.158924,711,857,775,719,690,0
2026-08-14T15:31:09.158924,709,859,771,714,691,0
2026-08-14T15:31:09.162161,706,859,767,711,691,0
2026-08-14T15:31:09.162161,705,860,766,707,692,0
2026-08-14T15:31:09.162161,703,862,764,705,690,0
2026-08-14T15:31:09.165624,702,859,763,704,689,0
2026-08-14T15:31:09.167376,700,857,760,702,686,0
2026-08-14T15:31:09.167376,697,855,758,701,683,0
2026-08-14T15:31:09.170888,695,848,757,703,677,0
2026-08-14T15:31:09.171776,695,825,749,708,670,0
2026-08-14T15:31:09.171776,692,811,747,707,667,0
2026-08-14T15:31:09.171776,688,806,734,700,667,0
2026-08-14T15:31:09.173786,686,806,727,694,667,0
2026-08-14T15:31:09.175548,683,807,724,691,667,0
2026-08-14T15:31:09.175548,681,810,722,689,667,0
2026-08-14T15:31:09.175548,680,811,720,684,665,0
2026-08-14T15:31:09.175548,677,811,719,683,663,0
2026-08-14T15:31:09.175548,675,810,720,682,659,0
2026-08-14T15:31:09.175548,672,807,720,682,654,0
2026-08-14T15:31:09.175548,670,791,715,683,650,0
2026-08-14T15:31:09.183746,665,793,708,677,649,0
2026-08-14T15:31:09.183746,663,792,702,671,646,0
2026-08-14T15:31:09.187570,658,790,701,669,645,0
2026-08-14T15:31:09.187570,655,788,697,665,643,0
2026-08-14T15:31:09.187570,653,788,693,660,643,0
2026-08-14T15:31:09.187570,649,789,689,655,640,0
2026-08-14T15:31:09.191676,645,786,688,652,636,0
2026-08-14T15:31:09.191676,641,784,687,649,633,0
2026-08-14T15:31:09.191676,637,778,685,650,627,0
2026-08-14T15:31:09.195774,635,758,678,653,618,0
2026-08-14T15:31:09.195774,629,753,681,652,610,0
2026-08-14T15:31:09.195774,621,746,679,647,602,0
2026-08-14T15:31:09.199986,612,733,672,641,591,0
2026-08-14T15:31:09.199986,605,709,663,633,581,0
2026-08-14T15:31:09.199986,596,697,647,624,579,0
2026-08-14T15:31:09.199986,591,687,630,615,577,0
2026-08-14T15:31:09.203921,584,678,617,608,574,0
2026-08-14T15:31:09.203921,578,674,610,602,569,0
2026-08-14T15:31:09.203921,573,670,607,598,566,0
2026-08-14T15:31:09.205689,568,667,605,594,563,0
2026-08-14T15:31:09.208415,565,666,602,591,560,0
2026-08-14T15:31:09.208415,558,664,600,587,556,0
2026-08-14T15:31:09.208415,553,664,596,582,553,0
2026-08-14T15:31:09.208415,549,662,593,577,552,0
2026-08-14T15:31:09.208415,543,659,589,573,550,0
2026-08-14T15:31:09.208415,541,657,584,569,549,0
2026-08-14T15:31:09.208415,535,654,581,565,545,0
2026-08-14T15:31:09.216713,530,649,579,563,539,0
2026-08-14T15:31:09.216713,524,640,579,561,533,0
2026-08-14T15:31:09.218727,515,633,575,554,526,0
2026-08-14T15:31:09.219984,507,628,566,545,522,0
2026-08-14T15:31:09.220327,504,623,557,535,520,0
2026-08-14T15:31:09.220327,499,620,548,528,515,0
2026-08-14T15:31:09.224445,493,615,541,521,513,0
2026-08-14T15:31:09.224445,488,613,536,515,508,0
2026-08-14T15:31:09.224445,481,609,531,507,503,0
2026-08-14T15:31:09.224445,472,601,526,501,494,0
2026-08-14T15:31:09.228662,463,592,519,494,488,0
2026-08-14T15:31:09.228662,455,580,512,488,479,0
2026-08-14T15:31:09.228662,448,564,504,482,468,0
2026-08-14T15:31:09.232683,443,540,490,475,460,0
2026-08-14T15:31:09.232683,436,535,478,467,456,0
2026-08-14T15:31:09.232683,431,531,473,463,453,0
2026-08-14T15:31:09.236403,428,529,472,459,452,0
2026-08-14T15:31:09.236874,425,529,468,455,449,0
2026-08-14T15:31:09.236874,421,530,467,451,448,0
2026-08-14T15:31:09.236874,417,529,467,448,446,0
2026-08-14T15:31:09.240819,411,525,465,443,440,0
2026-08-14T15:31:09.240819,405,518,461,438,435,0
2026-08-14T15:31:09.240819,402,500,452,432,426,0
2026-08-14T15:31:09.244922,392,494,443,422,420,0
2026-08-14T15:31:09.244922,384,486,439,416,414,0
2026-08-14T15:31:09.244922,378,481,431,410,408,0
2026-08-14T15:31:09.246702,373,479,427,403,406,0
2026-08-14T15:31:09.249023,369,476,424,398,402,0
2026-08-14T15:31:09.249023,365,472,421,393,399,0
2026-08-14T15:31:09.249023,360,468,419,388,394,0
2026-08-14T15:31:09.252938,356,465,415,384,389,0
2026-08-14T15:31:09.253758,351,454,411,382,383,0
2026-08-14T15:31:09.254236,348,441,408,379,374,0
2026-08-14T15:31:09.254236,340,433,405,374,365,0
2026-08-14T15:31:09.257219,334,419,398,368,355,0
2026-08-14T15:31:09.257219,326,408,389,360,347,0
2026-08-14T15:31:09.257219,321,397,378,352,343,0
2026-08-14T15:31:09.261313,317,392,371,349,342,0
2026-08-14T15:31:09.261313,313,389,364,345,339,0
2026-08-14T15:31:09.261313,310,386,358,340,339,0
2026-08-14T15:31:09.261313,310,382,353,338,336,0
2026-08-14T15:31:09.265403,307,379,350,334,333,0
2026-08-14T15:31:09.265403,302,376,350,330,329,0
2026-08-14T15:31:09.265403,298,374,346,326,325,0
2026-08-14T15:31:09.265403,293,370,343,323,321,0
2026-08-14T15:31:09.270645,290,366,339,317,317,0
2026-08-14T15:31:09.271019,284,361,335,312,313,0
2026-08-14T15:31:09.271019,279,356,329,307,308,0
2026-08-14T15:31:09.273864,275,350,323,301,304,0
2026-08-14T15:31:09.273864,272,344,317,296,300,0
2026-08-14T15:31:09.273864,267,339,313,293,295,0
2026-08-14T15:31:09.273864,263,333,310,289,289,0
2026-08-14T15:31:09.273864,259,327,306,283,285,0
2026-08-14T15:31:09.273864,256,322,300,279,280,0
2026-08-14T15:31:09.273864,251,318,294,275,277,0
2026-08-14T15:31:09.282697,248,315,290,270,276,0
2026-08-14T15:31:09.282697,244,313,287,265,272,0
2026-08-14T15:31:09.282697,243,311,284,263,269,0
2026-08-14T15:31:09.286167,239,308,279,258,267,0
2026-08-14T15:31:09.286870,237,306,276,256,265,0
2026-08-14T15:31:09.286870,233,304,274,252,262,0
2026-08-14T15:31:09.289970,231,299,270,249,260,0
2026-08-14T15:31:09.289970,228,295,266,245,256,0
2026-08-14T15:31:09.289970,224,291,262,241,252,0
2026-08-14T15:31:09.289970,221,285,258,237,246,0
2026-08-14T15:31:09.294077,217,277,253,235,241,0
2026-08-14T15:31:09.294077,214,264,244,231,234,0
2026-08-14T15:31:09.294077,207,260,239,223,229,0
2026-08-14T15:31:09.298174,202,252,231,218,224,0
2026-08-14T15:31:09.298174,198,247,224,211,218,0
2026-08-14T15:31:09.298174,193,243,220,206,213,0
2026-08-14T15:31:09.302329,189,237,216,202,211,0
2026-08-14T15:31:09.303690,185,233,211,197,207,0
2026-08-14T15:31:09.303690,182,230,208,194,203,0
2026-08-14T15:31:09.304913,178,229,207,191,201,0
2026-08-14T15:31:09.305798,178,225,204,189,199,0
2026-08-14T15:31:09.305798,174,224,203,186,196,0
2026-08-14T15:31:09.305798,173,219,201,184,192,0
2026-08-14T15:31:09.308641,170,213,197,181,189,0
2026-08-14T15:31:09.308641,168,212,194,178,187,0
2026-08-14T15:31:09.311992,166,209,192,175,186,0
2026-08-14T15:31:09.312637,164,208,190,175,185,0
2026-08-14T15:31:09.314390,163,206,188,171,181,0
2026-08-14T15:31:09.323798,160,203,185,169,180,0
2026-08-14T15:31:09.323798,157,201,182,165,176,0
2026-08-14T15:31:09.323798,156,197,177,165,174,0
2026-08-14T15:31:09.327074,152,194,177,160,171,0
2026-08-14T15:31:09.327074,149,191,172,156,166,0
2026-08-14T15:31:09.329085,146,184,170,151,162,0
2026-08-14T15:31:09.329085,143,180,164,149,158,0
2026-08-14T15:31:09.329085,139,172,160,146,153,0
2026-08-14T15:31:09.331096,134,167,157,141,147,0
2026-08-14T15:31:09.331982,131,162,155,138,143,0
2026-08-14T15:31:09.331982,128,155,148,135,137,0
2026-08-14T15:31:09.331982,123,151,147,131,135,0
2026-08-14T15:31:09.331982,121,146,142,127,131,0
2026-08-14T15:31:09.333993,118,144,140,125,129,0
2026-08-14T15:31:09.333993,117,141,137,124,128,0
2026-08-14T15:31:09.333993,115,140,135,124,128,0
2026-08-14T15:31:09.333993,114,138,135,122,126,0
2026-08-14T15:31:09.336668,114,135,133,121,124,0
2026-08-14T15:31:09.336668,113,135,131,118,123,0
2026-08-14T15:31:09.338876,112,133,128,116,122,0
2026-08-14T15:31:09.338876,111,130,126,114,122,0
2026-08-14T15:31:09.338876,108,130,124,113,119,0
2026-08-14T15:31:09.338876,105,128,122,111,117,0
2026-08-14T15:31:09.340887,107,126,120,110,117,0
2026-08-14T15:31:09.340887,103,125,118,109,116,0
2026-08-14T15:31:09.340887,102,123,118,108,114,0
2026-08-14T15:31:09.345146,102,123,117,105,113,0
2026-08-14T15:31:09.345146,101,120,116,105,111,0
2026-08-14T15:31:09.345146,100,118,113,103,109,0
2026-08-14T15:31:09.345146,98,117,114,102,108,0
2026-08-14T15:31:09.345146,97,115,111,99,106,0
2026-08-14T15:31:09.345146,97,113,108,99,104,0
2026-08-14T15:31:09.352777,94,110,107,95,104,0
2026-08-14T15:31:09.353511,91,109,105,95,100,0
2026-08-14T15:31:09.355716,89,107,104,92,98,0
2026-08-14T15:31:09.355716,89,105,100,89,97,0
2026-08-14T15:31:09.355716,86,102,98,88,95,0
2026-08-14T15:31:09.359732,85,101,98,87,94,0
2026-08-14T15:31:09.359732,83,99,96,85,92,0
2026-08-14T15:31:09.359732,82,98,95,84,90,0
2026-08-14T15:31:09.363245,82,97,93,82,90,0
2026-08-14T15:31:09.363957,79,93,91,81,86,0
2026-08-14T15:31:09.363957,78,91,90,78,85,0
2026-08-14T15:31:09.363957,76,88,87,78,82,0
2026-08-14T15:31:09.363957,75,86,85,76,80,0
2026-08-14T15:31:09.363957,74,84,84,74,79,0
2026-08-14T15:31:09.369390,72,82,83,72,77,0
2026-08-14T15:31:09.370040,70,81,82,71,75,0
2026-08-14T15:31:09.370040,69,80,79,70,74,0
2026-08-14T15:31:09.370040,69,78,79,68,73,0
2026-08-14T15:31:09.374030,66,79,76,67,72,0
2026-08-14T15:31:09.374030,65,76,76,65,71,0
2026-08-14T15:31:09.374030,64,75,73,63,69,0
2026-08-14T15:31:09.374030,64,74,71,64,67,0
2026-08-14T15:31:09.377613,64,71,71,61,68,0
2026-08-14T15:31:09.377613,62,71,69,61,67,0
2026-08-14T15:31:09.377613,62,70,69,59,65,0
2026-08-14T15:31:09.384050,61,70,68,59,65,0
2026-08-14T15:31:09.384050,61,68,68,59,63,0
2026-08-14T15:31:09.384050,60,69,67,58,64,0
2026-08-14T15:31:09.384050,58,69,66,57,64,0
2026-08-14T15:31:09.388197,58,68,66,58,64,0
2026-08-14T15:31:09.388197,58,68,67,57,63,0
2026-08-14T15:31:09.388197,59,67,65,57,64,0
2026-08-14T15:31:09.388197,58,67,64,57,62,0
2026-08-14T15:31:09.388197,57,64,64,55,61,0
2026-08-14T15:31:09.388197,57,66,63,54,61,0
2026-08-14T15:31:09.388197,56,63,63,54,59,0
2026-08-14T15:31:09.394872,55,63,61,54,59,0
2026-08-14T15:31:09.394872,54,62,61,52,57,0
2026-08-14T15:31:09.394872,52,61,60,52,56,0
2026-08-14T15:31:09.400170,53,61,59,51,58,0
2026-08-14T15:31:09.400170,51,59,58,51,55,0
2026-08-14T15:31:09.400170,51,57,58,51,55,0
2026-08-14T15:31:09.403634,51,57,57,50,55,0
2026-08-14T15:31:09.403634,51,57,56,49,54,0
2026-08-14T15:31:09.403634,50,57,55,50,56,0
2026-08-14T15:31:09.406058,51,57,56,50,54,0
2026-08-14T15:31:09.408075,50,57,56,50,54,0
2026-08-14T15:31:09.408075,50,56,55,48,53,0
2026-08-14T15:31:09.408075,49,57,55,48,55,0
2026-08-14T15:31:09.412762,48,57,56,48,53,0
2026-08-14T15:31:09.413792,48,57,56,47,55,0
2026-08-14T15:31:09.414302,50,57,54,50,53,0
2026-08-14T15:31:09.414302,49,57,55,50,55,0
2026-08-14T15:31:09.414302,50,56,57,49,54,0
2026-08-14T15:31:09.414302,51,57,56,49,54,0
2026-08-14T15:31:09.414302,49,58,57,50,54,0
2026-08-14T15:31:09.420337,51,57,55,49,55,0
2026-08-14T15:31:09.420337,50,56,57,48,53,0
2026-08-14T15:31:09.420337,50,58,56,49,53,0
2026-08-14T15:31:09.420337,49,55,55,47,53,0
2026-08-14T15:31:09.420337,49,55,53,48,53,0
2026-08-14T15:31:09.420337,49,56,54,47,52,0
2026-08-14T15:31:09.420337,48,54,55,48,52,0
2026-08-14T15:31:09.426389,48,56,54,47,53,0
2026-08-14T15:31:09.426389,48,55,54,48,52,0
2026-08-14T15:31:09.426389,50,54,54,48,54,0
2026-08-14T15:31:09.426389,48,54,55,48,53,0
2026-08-14T15:31:09.426389,48,55,54,48,53,0
2026-08-14T15:31:09.426389,47,55,55,48,52,0
2026-08-14T15:31:09.434861,48,54,55,47,52,0
2026-08-14T15:31:09.436130,49,54,55,47,53,0
2026-08-14T15:31:09.437437,49,55,54,48,52,0
2026-08-14T15:31:09.437437,48,55,54,48,52,0
2026-08-14T15:31:09.439248,49,55,55,47,53,0
2026-08-14T15:31:09.439248,49,55,55,48,53,0
2026-08-14T15:31:09.439248,49,55,55,48,52,0
2026-08-14T15:31:09.443220,49,54,55,48,52,0
2026-08-14T15:31:09.445267,47,56,54,48,53,0
2026-08-14T15:31:09.446058,48,56,54,49,53,0
2026-08-14T15:31:09.446058,49,54,55,48,53,0
2026-08-14T15:31:09.448918,49,54,55,48,52,0
2026-08-14T15:31:09.448918,48,55,54,47,52,0
2026-08-14T15:31:09.451302,48,54,54,47,53,0
2026-08-14T15:31:09.451302,49,54,55,48,53,0
2026-08-14T15:31:09.453459,48,54,55,48,52,0
2026-08-14T15:31:09.453459,49,55,56,48,52,0
2026-08-14T15:31:09.453459,49,55,55,47,52,0
2026-08-14T15:31:09.455629,48,54,55,49,53,0
2026-08-14T15:31:09.455629,48,54,55,48,52,0
2026-08-14T15:31:09.455629,49,57,54,48,53,0
2026-08-14T15:31:09.455629,49,54,56,48,52,0
2026-08-14T15:31:09.459735,49,55,55,48,53,0
2026-08-14T15:31:09.459735,47,55,54,49,52,0
2026-08-14T15:31:09.459735,47,55,54,49,52,0
2026-08-14T15:31:09.464540,49,54,56,47,52,0
2026-08-14T15:31:09.466553,49,54,54,49,53,0
2026-08-14T15:31:09.466553,49,55,54,48,52,0
2026-08-14T15:31:09.469928,48,55,55,48,52,0
2026-08-14T15:31:09.469928,49,55,56,48,52,0
2026-08-14T15:31:09.471188,48,56,55,49,53,0
2026-08-14T15:31:09.471188,49,55,54,49,52,0
2026-08-14T15:31:09.473195,48,54,55,48,53,0
2026-08-14T15:31:09.473195,49,55,54,48,53,0
2026-08-14T15:31:09.475203,49,54,55,48,52,0
2026-08-14T15:31:09.477024,49,56,54,48,52,0
2026-08-14T15:31:09.479035,50,55,54,49,52,0
2026-08-14T15:31:09.479035,50,55,55,49,52,0
2026-08-14T15:31:09.479035,49,56,55,48,53,0
2026-08-14T15:31:09.481045,48,56,54,48,52,0
2026-08-14T15:31:09.483055,49,56,55,48,53,0
2026-08-14T15:31:09.483055,49,55,55,48,53,0
2026-08-14T15:31:09.486125,48,55,55,48,52,0
2026-08-14T15:31:09.486853,48,55,54,47,52,0
2026-08-14T15:31:09.488088,49,54,54,48,52,0
2026-08-14T15:31:09.488088,49,55,54,49,52,0
2026-08-14T15:31:09.490105,48,55,54,48,53,0
2026-08-14T15:31:09.490105,49,54,55,48,52,0
2026-08-14T15:31:09.490105,49,55,55,47,53,0
2026-08-14T15:31:09.494212,50,55,54,48,52,0
2026-08-14T15:31:09.494212,49,55,54,48,52,0
2026-08-14T15:31:09.494212,48,55,54,47,53,0
2026-08-14T15:31:09.496224,48,56,56,47,53,0
2026-08-14T15:31:09.496224,48,56,56,47,52,0
2026-08-14T15:31:09.496224,48,54,55,48,52,0
2026-08-14T15:31:09.496224,49,54,55,48,52,0
2026-08-14T15:31:09.502797,49,54,55,48,53,0
2026-08-14T15:31:09.503811,48,54,55,48,52,0
2026-08-14T15:31:09.503811,47,55,54,48,52,0
2026-08-14T15:31:09.503811,48,54,54,48,53,0
2026-08-14T15:31:09.503811,48,54,55,48,51,0
2026-08-14T15:31:09.503811,48,55,55,48,52,0
2026-08-14T15:31:09.503811,49,54,54,48,53,0
2026-08-14T15:31:09.511021,48,55,55,47,53,0
2026-08-14T15:31:09.511021,49,56,55,48,52,0
2026-08-14T15:31:09.511021,48,56,55,48,52,0
2026-08-14T15:31:09.511021,48,55,55,48,52,0
2026-08-14T15:31:09.511021,49,55,54,48,53,0
2026-08-14T15:31:09.511021,48,54,56,48,53,0
2026-08-14T15:31:09.511021,48,55,54,48,52,0
2026-08-14T15:31:09.517679,47,55,54,48,53,0
2026-08-14T15:31:09.519540,49,55,54,48,52,0
2026-08-14T15:31:09.520779,49,54,55,48,52,0
2026-08-14T15:31:09.521824,49,55,55,47,52,0
2026-08-14T15:31:09.521824,49,55,54,47,51,0
2026-08-14T15:31:09.521824,49,56,54,48,51,0
2026-08-14T15:31:09.521824,48,55,56,48,53,0
2026-08-14T15:31:09.525450,47,55,56,48,52,0
2026-08-14T15:31:09.525450,49,55,55,48,53,0
2026-08-14T15:31:09.525450,49,55,54,48,52,0
2026-08-14T15:31:09.525450,49,54,55,48,53,0
2026-08-14T15:31:09.525450,48,55,54,48,52,0
2026-08-14T15:31:09.525450,47,55,54,48,53,0
2026-08-14T15:31:09.533616,48,55,54,47,52,0
2026-08-14T15:31:09.536149,50,55,54,49,53,0
2026-08-14T15:31:09.536967,50,55,55,47,51,0
2026-08-14T15:31:09.536967,48,55,54,49,52,0
2026-08-14T15:31:09.536967,48,55,54,48,52,0
2026-08-14T15:31:09.536967,48,55,55,47,52,0
2026-08-14T15:31:09.536967,48,56,55,48,51,0
2026-08-14T15:31:09.541709,48,56,54,48,53,0
2026-08-14T15:31:09.541709,47,55,55,49,52,0
2026-08-14T15:31:09.541709,47,55,55,49,53,0
2026-08-14T15:31:09.541709,48,55,55,47,52,0
2026-08-14T15:31:09.541709,48,54,54,48,52,0
2026-08-14T15:31:09.541709,47,55,53,48,52,0
2026-08-14T15:31:09.541709,48,55,54,49,52,0
2026-08-14T15:31:09.549780,48,55,55,47,53,0
2026-08-14T15:31:09.552861,49,54,54,47,52,0
2026-08-14T15:31:09.553398,49,54,54,48,53,0
2026-08-14T15:31:09.553398,49,56,54,48,53,0
2026-08-14T15:31:09.553398,48,56,55,48,52,0
2026-08-14T15:31:09.553398,48,55,55,48,53,0
2026-08-14T15:31:09.553398,48,54,55,48,52,0
2026-08-14T15:31:09.559999,49,54,54,49,52,0
2026-08-14T15:31:09.559999,48,54,54,47,53,0
2026-08-14T15:31:09.559999,47,55,55,48,52,0
2026-08-14T15:31:09.559999,47,55,54,47,52,0
2026-08-14T15:31:09.563987,49,55,54,48,52,0
2026-08-14T15:31:09.563987,49,54,54,47,52,0
2026-08-14T15:31:09.563987,48,54,55,47,52,0
2026-08-14T15:31:09.566318,49,55,54,48,51,0
2026-08-14T15:31:09.566318,48,56,55,47,52,0
2026-08-14T15:31:09.569388,49,55,55,49,52,0
2026-08-14T15:31:09.570185,48,55,55,47,53,0
2026-08-14T15:31:09.570185,49,54,55,48,52,0
2026-08-14T15:31:09.570185,47,56,55,48,52,0
2026-08-14T15:31:09.570185,49,55,55,48,53,0
2026-08-14T15:31:09.574518,48,55,54,48,53,0
2026-08-14T15:31:09.574518,47,55,55,48,53,0
2026-08-14T15:31:09.574518,47,55,55,48,53,0
2026-08-14T15:31:09.574518,49,55,55,48,52,0
2026-08-14T15:31:09.574518,49,54,55,48,53,0
2026-08-14T15:31:09.574518,49,55,53,47,53,0
2026-08-14T15:31:09.574518,49,56,54,48,53,0
2026-08-14T15:31:09.584770,48,55,56,48,52,0
2026-08-14T15:31:09.584770,49,56,55,47,52,0
2026-08-14T15:31:09.586129,49,55,54,48,53,0
2026-08-14T15:31:09.588318,49,55,54,48,53,0
2026-08-14T15:31:09.588318,47,55,55,49,53,0
2026-08-14T15:31:09.588318,49,55,56,48,52,0
2026-08-14T15:31:09.588318,48,55,54,48,52,0
2026-08-14T15:31:09.590860,49,55,55,48,52,0
2026-08-14T15:31:09.590860,48,55,56,47,52,0
2026-08-14T15:31:09.590860,48,55,55,47,53,0
2026-08-14T15:31:09.590860,48,55,54,49,52,0
2026-08-14T15:31:09.590860,49,56,55,48,52,0
2026-08-14T15:31:09.590860,47,55,56,47,53,0
2026-08-14T15:31:09.598989,49,56,55,48,53,0
2026-08-14T15:31:09.598989,48,56,55,48,51,0
2026-08-14T15:31:09.602942,49,55,56,48,53,0
2026-08-14T15:31:09.603782,47,54,55,49,53,0
2026-08-14T15:31:09.604312,48,54,56,48,51,0
2026-08-14T15:31:09.604312,49,55,54,48,52,0
2026-08-14T15:31:09.604312,47,55,55,47,52,0
2026-08-14T15:31:09.609344,48,55,55,47,53,0
2026-08-14T15:31:09.609344,48,56,55,47,52,0
2026-08-14T15:31:09.609344,48,55,54,47,52,0
2026-08-14T15:31:09.609344,49,56,56,49,53,0
2026-08-14T15:31:09.612643,49,55,56,47,53,0
2026-08-14T15:31:09.616148,48,55,55,48,52,0
2026-08-14T15:31:09.616148,48,55,55,48,53,0
2026-08-14T15:31:09.618090,48,56,56,48,52,0
2026-08-14T15:31:09.618090,48,56,55,48,53,0
2026-08-14T15:31:09.619516,49,55,55,49,53,0
2026-08-14T15:31:09.620141,47,55,54,49,53,0
2026-08-14T15:31:09.621608,48,55,56,48,52,0
2026-08-14T15:31:09.621608,49,56,56,47,53,0
2026-08-14T15:31:09.621608,48,54,56,48,52,0
2026-08-14T15:31:09.623362,49,55,55,48,53,0
2026-08-14T15:31:09.623362,49,56,56,48,51,0
2026-08-14T15:31:09.623362,48,56,56,47,53,0
2026-08-14T15:31:09.627478,50,55,54,49,52,0
2026-08-14T15:31:09.627478,48,55,56,47,53,0
2026-08-14T15:31:09.627478,48,55,56,48,53,0
2026-08-14T15:31:09.627478,48,56,56,48,52,0
2026-08-14T15:31:09.631584,50,56,55,49,54,0
2026-08-14T15:31:09.631584,48,55,54,49,52,0
2026-08-14T15:31:09.631584,48,55,56,48,53,0
2026-08-14T15:31:09.636853,48,55,57,48,52,0
2026-08-14T15:31:09.636853,49,56,55,49,53,0
2026-08-14T15:31:09.636853,49,55,55,48,53,0
2026-08-14T15:31:09.639633,50,56,55,48,53,0
2026-08-14T15:31:09.642100,49,56,55,49,53,0
2026-08-14T15:31:09.642100,48,55,55,47,52,0
2026-08-14T15:31:09.642100,49,56,55,49,52,0
2026-08-14T15:31:09.646194,48,56,56,48,52,0
2026-08-14T15:31:09.646194,48,55,56,48,53,0
2026-08-14T15:31:09.646194,49,55,56,49,52,0
2026-08-14T15:31:09.647958,48,57,54,48,53,0
2026-08-14T15:31:09.649499,49,55,55,48,53,0
2026-08-14T15:31:09.649499,50,55,55,49,53,0
2026-08-14T15:31:09.649499,49,55,56,49,52,0
2026-08-14T15:31:09.654384,49,56,56,48,52,0
2026-08-14T15:31:09.654384,49,55,56,48,53,0
2026-08-14T15:31:09.654384,49,55,56,47,52,0
2026-08-14T15:31:09.656139,50,56,56,48,53,0
2026-08-14T15:31:09.656139,48,56,56,48,52,0
2026-08-14T15:31:09.656139,48,56,57,47,52,0
2026-08-14T15:31:09.656139,48,56,56,49,52,0
2026-08-14T15:31:09.660254,48,56,57,49,53,0
2026-08-14T15:31:09.660254,48,56,56,49,52,0
2026-08-14T15:31:09.660254,50,56,56,48,52,0
2026-08-14T15:31:09.664544,49,56,55,49,53,0
2026-08-14T15:31:09.664544,48,55,57,48,53,0
2026-08-14T15:31:09.664544,48,55,56,48,52,0
2026-08-14T15:31:09.668430,49,56,56,48,54,0
2026-08-14T15:31:09.670562,49,56,56,49,52,0
2026-08-14T15:31:09.670916,48,55,54,48,53,0
2026-08-14T15:31:09.670916,47,55,56,48,53,0
2026-08-14T15:31:09.674871,50,57,56,49,54,0
2026-08-14T15:31:09.674871,50,56,56,49,52,0
2026-08-14T15:31:09.674871,49,55,57,47,53,0
2026-08-14T15:31:09.674871,50,56,55,48,52,0
2026-08-14T15:31:09.678927,49,56,56,48,53,0
2026-08-14T15:31:09.678927,49,55,56,49,53,0
2026-08-14T15:31:09.678927,50,57,56,48,53,0
2026-08-14T15:31:09.681344,48,55,57,48,54,0
2026-08-14T15:31:09.681344,49,56,56,48,54,0
2026-08-14T15:31:09.681344,50,55,57,49,52,0
2026-08-14T15:31:09.681344,49,55,55,48,53,0
2026-08-14T15:31:09.687039,49,56,55,48,53,0
2026-08-14T15:31:09.687039,50,56,56,48,54,0
2026-08-14T15:31:09.687039,49,56,56,49,52,0
2026-08-14T15:31:09.688969,48,56,56,48,53,0
2026-08-14T15:31:09.688969,49,55,56,49,52,0
2026-08-14T15:31:09.688969,49,56,56,48,53,0
2026-08-14T15:31:09.688969,48,55,57,49,54,0
2026-08-14T15:31:09.688969,48,56,56,49,53,0
2026-08-14T15:31:09.688969,49,56,55,48,53,0
2026-08-14T15:31:09.688969,49,56,56,48,52,0
2026-08-14T15:31:09.699448,49,57,56,48,52,0
2026-08-14T15:31:09.699448,49,56,56,48,53,0
2026-08-14T15:31:09.699448,50,57,56,48,52,0
2026-08-14T15:31:09.703480,49,56,55,49,53,0
2026-08-14T15:31:09.703480,48,56,56,49,53,0
2026-08-14T15:31:09.703480,49,56,56,48,52,0
2026-08-14T15:31:09.705497,48,56,56,49,53,0
2026-08-14T15:31:09.705497,49,56,56,48,53,0
2026-08-14T15:31:09.705497,49,56,57,49,54,0
2026-08-14T15:31:09.705497,49,56,56,49,53,0
2026-08-14T15:31:09.709387,49,56,56,49,53,0
2026-08-14T15:31:09.709387,49,56,56,48,52,0
2026-08-14T15:31:09.709387,49,55,55,50,53,0
2026-08-14T15:31:09.713707,49,56,55,49,53,0
2026-08-14T15:31:09.713707,48,56,56,48,52,0
2026-08-14T15:31:09.713707,48,56,56,49,52,0
2026-08-14T15:31:09.713707,49,57,57,48,53,0
2026-08-14T15:31:09.719609,48,56,56,48,53,0
2026-08-14T15:31:09.721473,48,57,56,48,53,0
2026-08-14T15:31:09.721473,49,56,57,48,53,0
2026-08-14T15:31:09.721473,48,57,57,49,54,0
2026-08-14T15:31:09.724005,49,57,56,48,53,0
2026-08-14T15:31:09.724005,47,55,57,49,53,0
2026-08-14T15:31:09.724005,48,55,56,49,53,0
2026-08-14T15:31:09.728117,50,56,57,49,53,0
2026-08-14T15:31:09.728117,49,55,55,49,52,0
2026-08-14T15:31:09.728117,49,55,56,49,54,0
2026-08-14T15:31:09.732320,50,56,56,48,52,0
2026-08-14T15:31:09.732320,50,56,56,48,52,0
2026-08-14T15:31:09.734076,48,56,55,48,53,0
2026-08-14T15:31:09.734076,49,57,56,48,52,0
2026-08-14T15:31:09.736090,48,57,57,49,54,0
2026-08-14T15:31:09.736987,48,57,56,50,54,0
2026-08-14T15:31:09.736987,49,56,56,48,54,0
2026-08-14T15:31:09.738135,48,56,56,48,53,0
2026-08-14T15:31:09.738135,50,56,56,49,53,0
2026-08-14T15:31:09.738135,49,55,56,48,53,0
2026-08-14T15:31:09.742275,49,56,57,48,53,0
2026-08-14T15:31:09.744594,50,56,56,49,52,0
2026-08-14T15:31:09.744594,49,56,56,48,53,0
2026-08-14T15:31:09.744594,48,56,57,49,54,0
2026-08-14T15:31:09.746357,48,56,56,48,53,0
2026-08-14T15:31:09.746357,49,57,56,48,52,0
2026-08-14T15:31:09.746357,48,56,57,49,53,0
2026-08-14T15:31:09.746357,48,57,56,48,53,0
2026-08-14T15:31:09.746357,48,57,57,49,54,0
2026-08-14T15:31:09.752956,49,56,56,49,53,0
2026-08-14T15:31:09.753990,49,56,57,49,53,0
2026-08-14T15:31:09.753990,50,55,57,48,52,0
2026-08-14T15:31:09.753990,49,56,56,48,53,0
2026-08-14T15:31:09.753990,50,56,57,49,53,0
2026-08-14T15:31:09.758653,49,56,57,49,53,0
2026-08-14T15:31:09.758653,49,56,57,49,53,0
2026-08-14T15:31:09.762010,50,56,56,48,54,0
2026-08-14T15:31:09.762010,49,57,56,49,52,0
2026-08-14T15:31:09.765065,49,57,57,50,53,0
2026-08-14T15:31:09.765065,49,56,57,48,53,0
2026-08-14T15:31:09.765065,48,56,56,48,54,0
2026-08-14T15:31:09.769169,48,56,56,49,54,0
2026-08-14T15:31:09.770583,50,57,56,48,53,0
2026-08-14T15:31:09.770583,49,56,56,49,53,0
2026-08-14T15:31:09.770583,49,57,57,49,53,0
2026-08-14T15:31:09.770583,49,56,55,48,52,0
2026-08-14T15:31:09.770583,50,56,56,49,52,0
2026-08-14T15:31:09.770583,48,57,57,47,52,0
2026-08-14T15:31:09.777370,48,56,56,49,52,0
2026-08-14T15:31:09.777370,49,56,56,49,53,0
2026-08-14T15:31:09.777370,48,57,57,50,52,0
2026-08-14T15:31:09.777370,48,57,57,50,54,0
2026-08-14T15:31:09.780632,49,56,56,49,53,0
2026-08-14T15:31:09.781564,49,55,56,49,53,0
2026-08-14T15:31:09.781564,48,55,58,48,54,0
2026-08-14T15:31:09.783595,48,57,57,49,52,0
2026-08-14T15:31:09.786272,49,56,56,48,53,0
2026-08-14T15:31:09.787003,49,54,57,48,54,0
2026-08-14T15:31:09.787003,50,56,56,48,54,0
2026-08-14T15:31:09.787003,50,57,57,48,52,0
2026-08-14T15:31:09.787003,49,56,56,48,52,0
2026-08-14T15:31:09.787003,49,56,56,49,52,0
2026-08-14T15:31:09.787003,49,56,57,50,53,0
2026-08-14T15:31:09.793837,49,56,57,49,53,0
2026-08-14T15:31:09.793837,49,57,57,49,52,0
2026-08-14T15:31:09.793837,48,56,56,50,54,0
2026-08-14T15:31:09.793837,50,56,56,50,53,0
2026-08-14T15:31:09.793837,48,56,56,48,53,0
2026-08-14T15:31:09.793837,48,56,56,48,53,0
2026-08-14T15:31:09.801964,48,56,56,49,53,0
2026-08-14T15:31:09.801964,50,55,57,49,53,0
2026-08-14T15:31:09.803571,50,57,56,49,54,0
2026-08-14T15:31:09.803571,49,56,56,49,54,0
2026-08-14T15:31:09.803571,48,57,56,48,53,0
2026-08-14T15:31:09.803571,49,56,57,48,53,0
2026-08-14T15:31:09.803571,49,56,57,50,53,0
2026-08-14T15:31:09.810047,48,56,57,49,53,0
2026-08-14T15:31:09.810047,49,56,56,49,52,0
2026-08-14T15:31:09.810047,48,57,56,49,53,0
2026-08-14T15:31:09.812588,50,55,56,49,53,0
2026-08-14T15:31:09.812588,49,56,56,49,53,0
2026-08-14T15:31:09.812588,49,55,57,48,53,0
2026-08-14T15:31:09.812588,50,57,56,48,54,0
2026-08-14T15:31:09.818132,50,57,57,48,52,0
2026-08-14T15:31:09.818132,50,56,56,49,53,0
2026-08-14T15:31:09.819487,48,56,56,48,53,0
2026-08-14T15:31:09.821677,48,56,57,48,53,0
2026-08-14T15:31:09.821677,48,56,56,48,53,0
2026-08-14T15:31:09.823325,49,56,57,50,53,0
2026-08-14T15:31:09.823325,49,55,57,48,53,0
2026-08-14T15:31:09.826460,50,56,56,49,53,0
2026-08-14T15:31:09.826460,47,57,56,49,54,0
2026-08-14T15:31:09.827933,49,55,56,49,54,0
2026-08-14T15:31:09.827933,49,57,56,49,54,0
2026-08-14T15:31:09.827933,49,55,57,48,53,0
2026-08-14T15:31:09.827933,49,56,57,48,52,0
2026-08-14T15:31:09.834612,49,55,55,50,52,0
2026-08-14T15:31:09.834612,50,56,57,48,52,0
2026-08-14T15:31:09.836183,47,57,57,48,53,0
2026-08-14T15:31:09.837030,49,56,56,48,53,0
2026-08-14T15:31:09.837030,49,57,57,50,52,0
2026-08-14T15:31:09.837030,50,56,56,48,53,0
2026-08-14T15:31:09.837030,49,55,57,48,54,0
2026-08-14T15:31:09.842821,49,57,56,48,53,0
2026-08-14T15:31:09.842821,49,56,57,48,53,0
2026-08-14T15:31:09.842821,50,57,56,48,53,0
2026-08-14T15:31:09.844622,48,55,58,49,52,0
2026-08-14T15:31:09.846809,50,56,56,50,53,0
2026-08-14T15:31:09.846809,49,56,58,49,52,0
2026-08-14T15:31:09.846809,49,56,56,48,53,0
2026-08-14T15:31:09.846809,49,56,56,48,53,0
2026-08-14T15:31:09.851093,49,57,57,48,53,0
2026-08-14T15:31:09.851093,49,57,56,49,53,0
2026-08-14T15:31:09.852795,49,57,57,49,53,0
2026-08-14T15:31:09.855104,50,57,56,49,53,0
2026-08-14T15:31:09.855104,48,56,57,48,53,0
2026-08-14T15:31:09.855104,49,57,56,49,53,0
2026-08-14T15:31:09.859196,49,57,56,49,53,0
2026-08-14T15:31:09.859196,49,56,56,48,53,0
2026-08-14T15:31:09.859196,50,55,56,50,53,0
2026-08-14T15:31:09.859196,49,55,56,48,53,0
2026-08-14T15:31:09.862522,50,56,57,48,53,0
2026-08-14T15:31:09.862522,49,57,57,50,53,0
2026-08-14T15:31:09.862522,49,56,56,49,54,0
2026-08-14T15:31:09.865968,49,57,57,48,53,0
2026-08-14T15:31:09.867524,48,57,56,48,53,0
2026-08-14T15:31:09.867524,49,56,56,49,54,0
2026-08-14T15:31:09.870482,48,55,57,49,53,0
2026-08-14T15:31:09.870482,48,57,56,48,54,0
2026-08-14T15:31:09.870482,50,55,56,49,54,0
2026-08-14T15:31:09.870482,49,57,56,48,53,0
2026-08-14T15:31:09.875645,48,56,56,49,52,0
2026-08-14T15:31:09.875645,49,55,57,48,54,0
2026-08-14T15:31:09.875645,50,56,56,48,53,0
2026-08-14T15:31:09.875645,48,57,58,50,53,0
2026-08-14T15:31:09.875645,49,57,58,48,54,0
2026-08-14T15:31:09.875645,49,57,56,48,52,0
2026-08-14T15:31:09.875645,49,56,56,49,52,0
2026-08-14T15:31:09.883836,49,56,57,49,53,0
2026-08-14T15:31:09.883836,48,57,58,49,52,0
2026-08-14T15:31:09.883836,48,56,56,48,52,0
2026-08-14T15:31:09.887876,48,56,56,48,53,0
2026-08-14T15:31:09.887876,47,57,57,49,53,0
2026-08-14T15:31:09.887876,48,56,57,49,53,0
2026-08-14T15:31:09.887876,49,55,56,49,54,0
2026-08-14T15:31:09.891947,50,56,55,48,53,0
2026-08-14T15:31:09.891947,50,55,57,49,53,0
2026-08-14T15:31:09.891947,48,57,57,50,54,0
2026-08-14T15:31:09.891947,48,56,56,48,54,0
2026-08-14T15:31:09.891947,49,55,57,49,53,0
2026-08-14T15:31:09.891947,51,57,57,49,53,0
2026-08-14T15:31:09.900114,48,56,57,49,54,0
2026-08-14T15:31:09.900114,48,56,56,48,53,0
2026-08-14T15:31:09.900114,48,56,56,50,52,0
2026-08-14T15:31:09.902790,50,57,56,48,54,0
2026-08-14T15:31:09.903448,48,55,56,49,53,0
2026-08-14T15:31:09.903448,49,57,56,48,53,0
2026-08-14T15:31:09.903448,50,57,57,49,53,0
2026-08-14T15:31:09.908400,50,56,58,48,52,0
2026-08-14T15:31:09.908400,49,56,57,49,54,0
2026-08-14T15:31:09.908400,49,56,56,49,53,0
2026-08-14T15:31:09.908400,49,57,56,49,53,0
2026-08-14T15:31:09.908400,50,57,57,49,52,0
2026-08-14T15:31:09.908400,48,56,57,50,53,0
2026-08-14T15:31:09.914097,48,56,56,48,53,0
2026-08-14T15:31:09.915866,50,56,56,49,53,0
2026-08-14T15:31:09.916878,48,57,56,49,53,0
2026-08-14T15:31:09.916878,50,56,56,48,52,0
2026-08-14T15:31:09.916878,48,56,57,49,53,0
2026-08-14T15:31:09.920475,49,56,56,49,53,0
2026-08-14T15:31:09.920475,50,57,56,49,53,0
2026-08-14T15:31:09.922086,48,57,56,48,53,0
2026-08-14T15:31:09.924530,50,57,57,49,53,0
2026-08-14T15:31:09.925084,48,56,56,48,52,0
2026-08-14T15:31:09.925665,48,57,58,49,53,0
2026-08-14T15:31:09.925665,49,56,56,49,54,0
2026-08-14T15:31:09.928817,49,56,57,49,53,0
2026-08-14T15:31:09.928817,48,57,56,49,54,0
2026-08-14T15:31:09.928817,48,57,57,48,53,0
2026-08-14T15:31:09.932755,49,57,57,48,53,0
2026-08-14T15:31:09.932755,49,55,55,48,53,0
2026-08-14T15:31:09.932755,50,56,55,49,54,0
2026-08-14T15:31:09.936913,49,57,57,48,52,0
2026-08-14T15:31:09.936913,49,56,57,48,53,0
2026-08-14T15:31:09.936913,49,56,57,48,53,0
2026-08-14T15:31:09.936913,49,56,56,49,52,0
2026-08-14T15:31:09.941001,47,55,55,48,51,0
2026-08-14T15:31:09.941001,48,54,56,47,51,0
2026-08-14T15:31:09.941001,46,54,54,47,50,0
2026-08-14T15:31:09.941001,47,54,52,45,50,0
2026-08-14T15:31:09.941001,46,52,53,46,50,0
2026-08-14T15:31:09.941001,46,52,52,46,49,0
2026-08-14T15:31:09.941001,46,52,51,45,49,0
2026-08-14T15:31:09.949181,46,50,50,44,48,0
2026-08-14T15:31:09.949181,45,51,49,42,47,0
2026-08-14T15:31:09.949181,44,51,50,42,47,0
2026-08-14T15:31:09.952892,44,50,48,41,46,0
2026-08-14T15:31:09.953860,43,49,47,41,45,0
2026-08-14T15:31:09.953860,43,48,47,40,45,0
2026-08-14T15:31:09.953860,42,48,46,40,44,0
2026-08-14T15:31:09.957493,40,46,45,39,43,0
2026-08-14T15:31:09.957493,41,46,44,37,43,0
2026-08-14T15:31:09.957493,38,44,43,37,41,0
2026-08-14T15:31:09.960686,38,43,43,35,40,0
2026-08-14T15:31:09.960686,38,45,41,35,38,0
2026-08-14T15:31:09.960686,37,43,39,35,38,0
2026-08-14T15:31:09.965606,37,42,39,34,37,0
2026-08-14T15:31:09.965606,37,42,39,33,37,0
2026-08-14T15:31:09.965606,36,40,38,33,35,0
2026-08-14T15:31:09.965606,34,40,38,32,37,0
2026-08-14T15:31:09.969849,35,40,38,32,36,0
2026-08-14T15:31:09.970522,35,39,36,31,35,0
2026-08-14T15:31:09.970522,34,39,35,31,34,0
2026-08-14T15:31:09.973880,33,39,35,30,34,0
2026-08-14T15:31:09.973880,33,37,34,30,34,0
2026-08-14T15:31:09.973880,33,38,35,29,33,0
2026-08-14T15:31:09.973880,33,37,33,31,33,0
2026-08-14T15:31:09.973880,32,38,32,29,32,0
2026-08-14T15:31:09.973880,33,38,34,29,33,0
2026-08-14T15:31:09.973880,32,37,32,29,33,0
2026-08-14T15:31:09.982055,32,37,34,29,32,0
2026-08-14T15:31:09.982884,33,37,34,30,34,0
2026-08-14T15:31:09.983762,31,38,34,30,33,0
2026-08-14T15:31:09.983762,33,38,33,29,34,0
2026-08-14T15:31:09.985780,32,39,34,30,32,0
2026-08-14T15:31:09.986763,32,40,33,31,35,0
2026-08-14T15:31:09.987436,33,39,34,30,34,0
2026-08-14T15:31:09.990256,33,39,35,32,35,0
2026-08-14T15:31:09.990256,34,41,35,32,36,0
2026-08-14T15:31:09.990256,35,41,35,32,36,0
2026-08-14T15:31:09.990256,36,42,36,32,35,0
2026-08-14T15:31:09.994373,37,43,38,33,37,0
2026-08-14T15:31:09.994373,37,43,38,35,37,0
2026-08-14T15:31:09.994373,36,44,38,35,40,0
2026-08-14T15:31:09.998445,37,47,42,37,40,0
2026-08-14T15:31:09.998445,40,48,43,38,41,0
2026-08-14T15:31:09.998445,40,49,44,39,43,0
2026-08-14T15:31:10.002508,42,50,45,41,45,0
2026-08-14T15:31:10.003098,43,52,46,41,45,0
2026-08-14T15:31:10.004584,43,52,48,42,46,0
2026-08-14T15:31:10.004584,44,53,47,42,47,0
2026-08-14T15:31:10.006533,46,54,48,44,47,0
2026-08-14T15:31:10.006533,47,56,51,45,49,0
2026-08-14T15:31:10.006533,48,56,52,47,50,0
2026-08-14T15:31:10.010752,48,59,54,49,52,0
2026-08-14T15:31:10.010752,51,62,57,51,55,0
2026-08-14T15:31:10.010752,54,63,60,53,57,0
2026-08-14T15:31:10.010752,55,65,61,54,58,0
2026-08-14T15:31:10.014705,54,66,62,54,59,0
2026-08-14T15:31:10.014705,57,67,62,55,60,0
2026-08-14T15:31:10.014705,56,67,62,54,60,0
2026-08-14T15:31:10.017539,54,67,63,55,60,0
2026-08-14T15:31:10.020046,57,68,62,55,60,0
2026-08-14T15:31:10.020610,57,68,64,56,61,0
2026-08-14T15:31:10.020610,58,69,66,57,62,0
2026-08-14T15:31:10.022842,60,71,68,58,64,0
2026-08-14T15:31:10.022842,61,73,70,63,66,0
2026-08-14T15:31:10.022842,64,76,72,62,68,0
2026-08-14T15:31:10.022842,65,77,75,65,72,0
2026-08-14T15:31:10.022842,68,81,78,67,73,0
2026-08-14T15:31:10.022842,67,84,80,68,75,0
2026-08-14T15:31:10.022842,70,85,82,70,76,0
2026-08-14T15:31:10.031032,73,88,85,73,80,0
2026-08-14T15:31:10.031032,75,90,87,74,82,0
2026-08-14T15:31:10.031032,77,93,89,77,86,0
2026-08-14T15:31:10.031032,80,97,94,81,88,0
2026-08-14T15:31:10.031032,85,100,98,83,92,0
2026-08-14T15:31:10.037140,89,105,103,88,97,0
2026-08-14T15:31:10.039543,92,108,107,92,100,0
2026-08-14T15:31:10.039543,97,113,110,94,102,0
2026-08-14T15:31:10.039543,97,114,112,94,105,0
2026-08-14T15:31:10.039543,98,117,114,96,105,0
2026-08-14T15:31:10.043765,99,119,115,96,108,0
2026-08-14T15:31:10.043765,100,121,117,100,111,0
2026-08-14T15:31:10.043765,103,122,120,102,113,0
2026-08-14T15:31:10.047916,106,125,123,104,116,0
2026-08-14T15:31:10.047916,107,125,125,105,116,0
2026-08-14T15:31:10.047916,107,126,123,105,117,0
2026-08-14T15:31:10.049930,109,128,124,105,117,0
2026-08-14T15:31:10.049930,109,130,128,106,117,0
2026-08-14T15:31:10.049930,111,131,128,107,120,0
2026-08-14T15:31:10.053524,111,134,130,108,121,0
2026-08-14T15:31:10.055473,115,134,134,114,125,0
2026-08-14T15:31:10.055473,119,138,140,117,129,0
2026-08-14T15:31:10.055473,123,142,144,121,133,0
2026-08-14T15:31:10.055473,126,147,148,123,137,0
2026-08-14T15:31:10.055473,130,152,152,127,141,0
2026-08-14T15:31:10.055473,132,155,155,129,145,0
2026-08-14T15:31:10.055473,135,161,160,131,148,0
2026-08-14T15:31:10.063767,141,165,165,135,153,0
2026-08-14T15:31:10.063767,144,171,168,139,158,0
2026-08-14T15:31:10.065077,149,178,174,142,162,0
2026-08-14T15:31:10.066884,152,182,178,145,166,0
2026-08-14T15:31:10.066884,156,188,183,149,171,0
2026-08-14T15:31:10.070042,160,194,189,155,175,0
2026-08-14T15:31:10.070042,165,200,196,158,181,0
2026-08-14T15:31:10.072186,171,208,201,163,186,0
2026-08-14T15:31:10.072186,175,212,206,167,193,0
2026-08-14T15:31:10.072186,180,217,212,172,198,0
2026-08-14T15:31:10.076394,186,221,218,180,203,0
2026-08-14T15:31:10.076394,195,223,227,189,210,0
2026-08-14T15:31:10.076394,201,231,231,193,216,0
2026-08-14T15:31:10.078151,204,235,233,193,217,0
2026-08-14T15:31:10.080327,205,238,235,193,220,0
2026-08-14T15:31:10.080327,206,240,237,195,223,0
2026-08-14T15:31:10.080327,209,248,241,198,225,0
2026-08-14T15:31:10.080327,212,252,248,201,229,0
2026-08-14T15:31:10.080327,217,258,252,205,235,0
2026-08-14T15:31:10.087105,221,263,260,210,239,0
2026-08-14T15:31:10.087479,227,267,264,217,246,0
2026-08-14T15:31:10.088593,235,272,273,224,254,0
2026-08-14T15:31:10.088593,244,280,280,230,260,0
2026-08-14T15:31:10.088593,249,290,288,234,268,0
2026-08-14T15:31:10.088593,254,297,293,238,272,0
2026-08-14T15:31:10.088593,258,303,300,241,277,0
2026-08-14T15:31:10.088593,261,309,304,243,281,0
2026-08-14T15:31:10.088593,264,314,309,247,286,0
2026-08-14T15:31:10.096853,266,321,314,249,290,0
2026-08-14T15:31:10.096853,270,327,319,250,294,0
2026-08-14T15:31:10.096853,272,334,323,253,299,0
2026-08-14T15:31:10.100970,275,339,329,256,304,0
2026-08-14T15:31:10.100970,283,342,332,263,308,0
2026-08-14T15:31:10.100970,292,342,341,273,314,0
2026-08-14T15:31:10.105213,301,343,351,287,320,0
2026-08-14T15:31:10.105213,312,344,360,300,325,0
2026-08-14T15:31:10.105213,322,350,366,304,335,0
2026-08-14T15:31:10.105213,329,357,373,310,341,0
2026-08-14T15:31:10.105213,335,362,376,312,346,0
2026-08-14T15:31:10.105213,340,367,379,317,351,0
2026-08-14T15:31:10.105213,343,374,384,320,358,0
2026-08-14T15:31:10.113336,348,381,390,324,362,0
2026-08-14T15:31:10.114165,353,388,396,327,368,0
2026-08-14T15:31:10.114165,356,395,400,328,373,0
2026-08-14T15:31:10.114165,359,401,404,329,376,0
2026-08-14T15:31:10.114165,360,406,408,330,380,0
2026-08-14T15:31:10.114165,363,411,412,333,384,0
2026-08-14T15:31:10.114165,366,419,417,335,388,0
2026-08-14T15:31:10.121442,370,423,422,339,393,0
2026-08-14T15:31:10.122254,375,430,429,344,397,0
2026-08-14T15:31:10.122254,384,429,436,355,402,0
2026-08-14T15:31:10.122254,392,436,446,364,408,0
2026-08-14T15:31:10.125549,399,439,453,372,413,0
2026-08-14T15:31:10.125549,404,445,460,375,419,0
2026-08-14T15:31:10.125549,407,455,464,377,426,0
2026-08-14T15:31:10.129105,411,462,468,378,429,0
2026-08-14T15:31:10.129105,416,470,472,379,436,0
2026-08-14T15:31:10.129105,422,478,478,384,441,0
2026-08-14T15:31:10.129105,427,484,486,389,448,0
2026-08-14T15:31:10.129105,432,490,494,397,453,0
2026-08-14T15:31:10.129105,440,498,502,405,461,0
2026-08-14T15:31:10.129105,448,509,512,409,469,0
2026-08-14T15:31:10.136832,454,519,518,414,477,0
2026-08-14T15:31:10.136832,460,530,526,419,483,0
2026-08-14T15:31:10.136832,465,538,534,423,489,0
2026-08-14T15:31:10.136832,473,544,541,429,495,0
2026-08-14T15:31:10.136832,477,550,548,433,501,0
2026-08-14T15:31:10.136832,482,556,552,438,505,0
2026-08-14T15:31:10.136832,488,561,558,445,512,0
2026-08-14T15:31:10.145210,497,556,563,462,513,0
2026-08-14T15:31:10.145210,508,556,576,475,520,0
2026-08-14T15:31:10.145210,516,568,582,480,528,0
2026-08-14T15:31:10.150134,523,577,590,483,535,0
2026-08-14T15:31:10.150134,529,590,597,487,543,0
2026-08-14T15:31:10.150134,537,599,605,489,550,0
2026-08-14T15:31:10.150134,539,607,612,493,555,0
2026-08-14T15:31:10.154090,543,615,618,496,558,0
2026-08-14T15:31:10.154090,546,618,627,504,562,0
2026-08-14T15:31:10.154090,554,618,633,517,564,0
2026-08-14T15:31:10.155859,561,622,644,528,571,0
2026-08-14T15:31:10.155859,567,635,649,529,579,0
2026-08-14T15:31:10.155859,573,644,657,532,585,0
2026-08-14T15:31:10.160038,576,652,659,531,588,0
2026-08-14T15:31:10.162426,577,656,662,530,591,0
2026-08-14T15:31:10.162426,577,663,662,529,595,0
2026-08-14T15:31:10.162426,579,670,666,527,597,0
2026-08-14T15:31:10.165757,580,677,670,528,600,0
2026-08-14T15:31:10.165757,584,683,674,531,605,0
2026-08-14T15:31:10.167778,586,691,682,534,609,0
2026-08-14T15:31:10.170794,590,694,689,544,612,0
2026-08-14T15:31:10.170794,601,685,693,562,611,0
2026-08-14T15:31:10.170794,607,682,700,576,610,0
2026-08-14T15:31:10.170794,615,679,715,593,607,0
2026-08-14T15:31:10.170794,620,684,720,598,617,0
2026-08-14T15:31:10.170794,624,691,723,599,620,0
2026-08-14T15:31:10.170794,625,695,720,599,622,0
2026-08-14T15:31:10.177862,628,697,719,597,628,0
2026-08-14T15:31:10.177862,630,701,715,597,631,0
2026-08-14T15:31:10.177862,631,703,714,599,632,0
2026-08-14T15:31:10.177862,632,708,716,597,635,0
2026-08-14T15:31:10.177862,634,712,718,597,639,0
2026-08-14T15:31:10.177862,636,719,718,594,642,0
2026-08-14T15:31:10.177862,635,726,718,590,647,0
2026-08-14T15:31:10.186559,636,735,719,585,649,0
2026-08-14T15:31:10.187136,634,743,718,580,654,0
2026-08-14T15:31:10.187136,635,751,721,577,657,0
2026-08-14T15:31:10.187136,635,759,723,576,661,0
2026-08-14T15:31:10.191104,635,764,728,579,662,0
2026-08-14T15:31:10.191104,637,767,732,586,663,0
2026-08-14T15:31:10.191104,643,763,736,600,662,0
2026-08-14T15:31:10.195176,648,753,744,615,659,0
2026-08-14T15:31:10.195176,654,746,752,633,655,0
2026-08-14T15:31:10.195176,658,751,767,643,655,0
2026-08-14T15:31:10.199294,662,763,770,643,667,0
2026-08-14T15:31:10.199294,669,776,767,639,680,0
2026-08-14T15:31:10.199294,672,788,769,634,688,0
2026-08-14T15:31:10.199294,674,797,769,634,694,0
2026-08-14T15:31:10.202992,677,806,771,632,699,0
2026-08-14T15:31:10.204165,679,816,771,630,705,0
2026-08-14T15:31:10.204165,680,821,776,634,707,0
2026-08-14T15:31:10.206344,683,827,779,636,710,0
2026-08-14T15:31:10.206344,686,830,783,643,712,0
2026-08-14T15:31:10.206344,690,832,788,653,715,0
2026-08-14T15:31:10.206344,696,830,793,665,713,0
2026-08-14T15:31:10.211430,706,813,796,685,706,0
2026-08-14T15:31:10.211430,709,820,799,681,716,0
2026-08-14T15:31:10.211430,715,822,797,682,719,0
2026-08-14T15:31:10.211430,717,827,794,679,725,0
2026-08-14T15:31:10.211430,717,832,794,677,729,0
2026-08-14T15:31:10.211430,718,838,793,674,732,0
2026-08-14T15:31:10.211430,719,844,794,671,736,0
2026-08-14T15:31:10.219597,720,851,793,670,738,0
2026-08-14T15:31:10.220513,719,858,792,668,743,0
2026-08-14T15:31:10.220513,718,865,793,664,746,0
2026-08-14T15:31:10.220513,719,871,794,663,748,0
2026-08-14T15:31:10.220513,719,875,797,668,750,0
2026-08-14T15:31:10.220513,721,877,802,677,749,0
2026-08-14T15:31:10.220513,726,865,803,693,744,0
2026-08-14T15:31:10.228049,728,857,815,706,736,0
2026-08-14T15:31:10.228049,726,862,819,704,737,0
2026-08-14T15:31:10.228049,726,868,815,698,745,0
2026-08-14T15:31:10.232053,725,874,812,693,750,0
2026-08-14T15:31:10.232053,723,880,807,684,754,0
2026-08-14T15:31:10.233805,721,886,801,677,757,0
2026-08-14T15:31:10.236031,720,890,795,670,760,0
2026-08-14T15:31:10.236845,719,894,796,669,760,0
2026-08-14T15:31:10.237700,719,896,798,671,761,0
2026-08-14T15:31:10.237700,719,897,800,676,760,0
2026-08-14T15:31:10.239711,726,890,797,686,759,0
2026-08-14T15:31:10.239711,733,875,804,707,750,0
2026-08-14T15:31:10.239711,737,860,815,725,736,0
2026-08-14T15:31:10.244317,742,843,819,735,725,0
2026-08-14T15:31:10.244317,746,844,822,740,724,0
2026-08-14T15:31:10.244317,750,837,820,744,723,0
2026-08-14T15:31:10.244317,751,839,815,740,732,0
2026-08-14T15:31:10.248420,750,846,809,736,736,0
2026-08-14T15:31:10.248420,749,850,804,730,742,0
2026-08-14T15:31:10.248420,749,856,801,724,746,0
2026-08-14T15:31:10.252571,750,861,798,722,748,0
2026-08-14T15:31:10.253940,747,866,798,719,750,0
2026-08-14T15:31:10.253940,747,870,799,718,751,0
2026-08-14T15:31:10.253940,747,865,801,723,746,0
2026-08-14T15:31:10.256556,748,867,800,722,750,0
2026-08-14T15:31:10.256556,749,872,794,719,754,0
2026-08-14T15:31:10.256556,749,877,794,716,758,0
2026-08-14T15:31:10.260723,749,884,792,713,763,0
2026-08-14T15:31:10.260723,750,889,793,710,764,0
2026-08-14T15:31:10.260723,749,894,794,711,765,0
2026-08-14T15:31:10.260723,750,900,795,708,767,0
2026-08-14T15:31:10.260723,748,906,796,705,769,0
2026-08-14T15:31:10.260723,749,912,796,704,771,0
2026-08-14T15:31:10.260723,749,914,799,706,771,0
2026-08-14T15:31:10.269050,752,907,799,717,768,0
2026-08-14T15:31:10.270140,756,900,809,729,760,0
2026-08-14T15:31:10.270140,754,905,815,731,762,0
2026-08-14T15:31:10.270140,756,910,812,728,766,0
2026-08-14T15:31:10.273481,755,914,809,722,771,0
2026-08-14T15:31:10.273481,756,919,805,718,774,0
2026-08-14T15:31:10.273481,756,923,805,717,776,0
2026-08-14T15:31:10.273481,757,926,804,713,777,0
2026-08-14T15:31:10.277641,756,928,804,715,777,0
2026-08-14T15:31:10.278111,757,928,806,716,778,0
2026-08-14T15:31:10.281189,760,930,803,716,778,0
2026-08-14T15:31:10.281189,764,924,804,724,774,0
2026-08-14T15:31:10.281189,769,906,804,741,762,0
2026-08-14T15:31:10.281189,770,898,816,751,755,0
2026-08-14T15:31:10.285388,770,899,820,754,752,0
2026-08-14T15:31:10.286103,770,901,821,756,750,0
2026-08-14T15:31:10.287018,771,901,823,758,749,0
2026-08-14T15:31:10.289398,772,894,824,764,741,0
2026-08-14T15:31:10.289398,772,896,823,761,746,0
2026-08-14T15:31:10.289398,772,898,819,760,748,0
2026-08-14T15:31:10.289398,772,901,813,755,754,0
2026-08-14T15:31:10.293472,771,905,810,751,756,0
2026-08-14T15:31:10.293472,771,908,810,749,756,0
2026-08-14T15:31:10.293472,770,911,812,748,756,0
2026-08-14T15:31:10.297570,771,915,810,747,756,0
2026-08-14T15:31:10.297570,769,919,810,743,759,0
2026-08-14T15:31:10.297570,768,923,809,740,760,0
2026-08-14T15:31:10.301754,766,930,806,735,761,0
2026-08-14T15:31:10.302892,764,933,805,732,763,0
2026-08-14T15:31:10.304009,763,934,806,732,762,0
2026-08-14T15:31:10.304009,762,934,807,729,762,0
2026-08-14T15:31:10.304009,760,938,806,727,762,0
2026-08-14T15:31:10.304009,758,940,805,725,761,0
2026-08-14T15:31:10.304009,759,937,805,728,758,0
2026-08-14T15:31:10.310196,763,925,801,737,752,0
2026-08-14T15:31:10.310196,766,908,811,752,735,0
2026-08-14T15:31:10.310196,767,892,818,765,717,0
2026-08-14T15:31:10.310196,768,873,821,776,696,0
2026-08-14T15:31:10.310196,768,863,823,776,687,0
2026-08-14T15:31:10.310196,767,859,815,772,695,0
2026-08-14T15:31:10.310196,768,863,802,767,706,0
2026-08-14T15:31:10.317299,769,867,801,764,712,0
2026-08-14T15:31:10.318506,768,873,799,762,717,0
2026-08-14T15:31:10.319499,765,878,797,758,720,0
2026-08-14T15:31:10.320336,765,886,794,753,724,0
2026-08-14T15:31:10.321638,762,891,790,745,727,0
2026-08-14T15:31:10.321638,760,894,787,736,729,0
2026-08-14T15:31:10.323649,756,898,785,732,729,0
2026-08-14T15:31:10.325499,753,898,786,729,726,0
2026-08-14T15:31:10.326516,752,895,787,731,719,0
2026-08-14T15:31:10.326516,750,885,785,733,711,0
2026-08-14T15:31:10.326516,750,872,787,736,701,0
2026-08-14T15:31:10.330041,748,863,789,741,689,0
2026-08-14T15:31:10.330041,744,857,793,742,678,0
2026-08-14T15:31:10.331123,741,852,797,742,669,0
2026-08-14T15:31:10.334379,738,851,796,738,669,0
2026-08-14T15:31:10.334379,733,854,791,732,672,0
2026-08-14T15:31:10.334379,733,858,784,726,677,0
2026-08-14T15:31:10.337867,733,862,778,719,682,0
2026-08-14T15:31:10.337867,733,867,773,716,689,0
2026-08-14T15:31:10.337867,732,872,767,710,694,0
2026-08-14T15:31:10.337867,732,877,763,709,696,0
2026-08-14T15:31:10.342687,733,877,766,709,695,0
2026-08-14T15:31:10.342687,734,879,766,710,694,0
2026-08-14T15:31:10.342687,733,880,764,707,696,0
2026-08-14T15:31:10.342687,732,881,763,707,695,0
2026-08-14T15:31:10.342687,730,879,760,706,693,0
2026-08-14T15:31:10.342687,731,875,758,709,690,0
2026-08-14T15:31:10.342687,732,864,752,711,685,0
2026-08-14T15:31:10.342687,731,849,755,718,677,0
2026-08-14T15:31:10.350932,729,838,752,719,671,0
2026-08-14T15:31:10.350932,727,840,752,719,668,0
2026-08-14T15:31:10.354924,725,838,753,718,666,0
2026-08-14T15:31:10.354924,724,839,752,716,666,0
2026-08-14T15:31:10.354924,724,842,751,712,667,0
2026-08-14T15:31:10.354924,723,844,751,710,668,0
2026-08-14T15:31:10.359030,722,846,749,709,669,0
2026-08-14T15:31:10.359030,721,845,748,708,667,0
2026-08-14T15:31:10.359030,720,843,748,708,667,0
2026-08-14T15:31:10.363260,719,837,745,711,663,0
2026-08-14T15:31:10.363260,718,836,742,707,665,0
2026-08-14T15:31:10.363260,719,836,736,704,666,0
2026-08-14T15:31:10.367268,713,833,734,702,664,0
2026-08-14T15:31:10.367268,711,835,731,696,664,0
2026-08-14T15:31:10.367268,710,833,729,692,663,0
2026-08-14T15:31:10.369486,708,833,726,687,661,0
2026-08-14T15:31:10.370526,704,832,721,684,660,0
2026-08-14T15:31:10.370526,701,832,718,680,657,0
2026-08-14T15:31:10.370526,695,831,715,674,655,0
2026-08-14T15:31:10.370526,692,829,713,670,652,0
2026-08-14T15:31:10.375660,689,824,711,665,649,0
2026-08-14T15:31:10.375660,684,823,709,662,648,0
2026-08-14T15:31:10.377674,680,819,707,657,645,0
2026-08-14T15:31:10.377674,677,816,703,651,644,0
2026-08-14T15:31:10.377674,673,812,700,648,641,0
2026-08-14T15:31:10.377674,670,809,699,645,639,0
2026-08-14T15:31:10.383585,667,804,698,643,636,0
2026-08-14T15:31:10.383585,667,792,693,644,633,0
2026-08-14T15:31:10.383585,667,782,692,648,626,0
2026-08-14T15:31:10.386112,663,775,694,650,622,0
2026-08-14T15:31:10.387643,661,767,698,653,614,0
2026-08-14T15:31:10.387643,659,754,695,656,606,0
2026-08-14T15:31:10.387643,654,747,701,659,598,0
2026-08-14T15:31:10.391790,651,749,703,659,597,0
2026-08-14T15:31:10.391790,651,744,701,659,599,0
2026-08-14T15:31:10.391790,650,743,696,658,601,0
2026-08-14T15:31:10.391790,652,744,692,656,604,0
2026-08-14T15:31:10.395871,653,744,686,654,608,0
2026-08-14T15:31:10.397038,651,744,683,652,610,0
2026-08-14T15:31:10.397038,651,743,680,651,611,0
2026-08-14T15:31:10.399998,651,742,677,647,612,0
2026-08-14T15:31:10.399998,651,737,673,644,611,0
2026-08-14T15:31:10.399998,648,736,668,640,612,0
2026-08-14T15:31:10.404014,646,733,663,638,611,0
2026-08-14T15:31:10.404014,644,730,661,634,609,0
2026-08-14T15:31:10.404014,643,728,658,631,608,0
2026-08-14T15:31:10.404014,639,727,657,628,607,0
2026-08-14T15:31:10.408195,636,725,656,624,607,0
2026-08-14T15:31:10.408195,636,725,655,620,607,0
2026-08-14T15:31:10.408195,633,726,653,617,607,0
2026-08-14T15:31:10.408195,634,728,652,614,608,0
2026-08-14T15:31:10.408195,633,731,652,612,609,0
2026-08-14T15:31:10.408195,632,734,651,610,610,0
2026-08-14T15:31:10.408195,632,736,651,608,613,0
2026-08-14T15:31:10.408195,633,739,651,606,613,0
2026-08-14T15:31:10.416719,632,742,649,605,613,0
2026-08-14T15:31:10.416719,631,743,649,602,613,0
2026-08-14T15:31:10.420382,630,744,648,598,613,0
2026-08-14T15:31:10.420382,628,746,646,596,614,0
2026-08-14T15:31:10.420382,626,745,645,594,613,0
2026-08-14T15:31:10.422166,625,745,643,590,613,0
2026-08-14T15:31:10.424545,622,746,640,589,612,0
2026-08-14T15:31:10.424545,621,747,638,584,613,0
2026-08-14T15:31:10.425288,620,746,637,582,612,0
2026-08-14T15:31:10.427285,619,746,635,579,612,0
2026-08-14T15:31:10.427285,618,746,634,577,610,0
2026-08-14T15:31:10.427285,616,747,632,575,611,0
2026-08-14T15:31:10.432585,616,748,632,575,610,0
2026-08-14T15:31:10.433752,615,747,632,573,609,0
2026-08-14T15:31:10.434862,612,746,631,571,608,0
2026-08-14T15:31:10.435445,611,744,632,571,607,0
2026-08-14T15:31:10.436612,610,745,632,570,606,0
2026-08-14T15:31:10.436924,610,744,631,569,606,0
2026-08-14T15:31:10.436924,610,744,631,569,606,0
2026-08-14T15:31:10.440943,609,743,631,570,607,0
2026-08-14T15:31:10.440943,608,744,631,569,606,0
2026-08-14T15:31:10.440943,610,744,631,568,606,0
2026-08-14T15:31:10.440943,609,743,631,568,607,0
2026-08-14T15:31:10.445022,610,744,631,569,606,0
2026-08-14T15:31:10.445022,609,745,632,568,607,0
2026-08-14T15:31:10.445022,611,745,632,568,607,0
2026-08-14T15:31:10.449226,610,745,631,569,607,0
2026-08-14T15:31:10.449226,611,744,632,569,607,0
2026-08-14T15:31:10.449226,610,745,633,570,606,0
2026-08-14T15:31:10.449226,611,744,633,571,607,0
2026-08-14T15:31:10.452979,612,743,633,573,608,0
2026-08-14T15:31:10.454029,613,742,634,576,608,0
2026-08-14T15:31:10.454029,615,741,636,579,608,0
2026-08-14T15:31:10.454029,617,739,637,582,607,0
2026-08-14T15:31:10.457676,619,737,638,586,608,0
2026-08-14T15:31:10.457676,621,734,640,591,608,0
2026-08-14T15:31:10.457676,623,731,642,597,607,0
2026-08-14T15:31:10.457676,627,728,644,601,605,0
2026-08-14T15:31:10.457676,628,723,647,607,604,0
2026-08-14T15:31:10.457676,631,717,648,614,603,0
2026-08-14T15:31:10.457676,633,710,651,620,601,0
2026-08-14T15:31:10.466223,636,711,656,627,601,0
2026-08-14T15:31:10.466223,639,721,667,630,601,0
2026-08-14T15:31:10.466223,640,726,674,634,602,0
2026-08-14T15:31:10.470583,643,731,677,639,603,0
2026-08-14T15:31:10.470583,648,732,679,644,604,0
2026-08-14T15:31:10.470583,650,739,682,647,607,0
2026-08-14T15:31:10.473700,653,744,684,651,609,0
2026-08-14T15:31:10.473700,656,747,683,655,613,0
2026-08-14T15:31:10.474723,658,751,682,658,618,0
2026-08-14T15:31:10.477801,662,757,680,660,623,0
2026-08-14T15:31:10.477801,664,760,674,662,626,0
2026-08-14T15:31:10.477801,666,762,668,664,632,0
2026-08-14T15:31:10.477801,667,762,658,666,637,0
2026-08-14T15:31:10.481896,668,766,659,667,636,0
2026-08-14T15:31:10.481896,666,770,662,667,637,0
2026-08-14T15:31:10.482930,664,769,661,668,634,0
2026-08-14T15:31:10.486278,663,766,657,669,633,0
2026-08-14T15:31:10.487161,660,761,650,669,632,0
2026-08-14T15:31:10.488234,658,756,649,669,627,0
2026-08-14T15:31:10.488234,657,749,647,670,623,0
2026-08-14T15:31:10.488234,656,741,641,671,621,0
2026-08-14T15:31:10.488234,653,742,645,668,620,0
2026-08-14T15:31:10.491254,651,743,644,665,617,0
2026-08-14T15:31:10.491254,648,742,640,663,617,0
2026-08-14T15:31:10.491254,648,737,630,661,617,0
2026-08-14T15:31:10.491254,646,731,621,659,617,0
2026-08-14T15:31:10.491254,644,728,624,658,613,0
2026-08-14T15:31:10.491254,642,728,627,656,609,0
2026-08-14T15:31:10.499344,641,723,627,656,605,0
2026-08-14T15:31:10.499344,639,723,628,653,605,0
2026-08-14T15:31:10.501369,639,722,626,653,604,0
2026-08-14T15:31:10.503429,638,722,622,650,605,0
2026-08-14T15:31:10.503832,638,721,617,649,606,0
2026-08-14T15:31:10.506468,638,720,612,647,607,0
2026-08-14T15:31:10.506468,636,719,609,646,609,0
2026-08-14T15:31:10.507500,637,720,607,644,610,0
2026-08-14T15:31:10.507500,634,718,602,643,608,0
2026-08-14T15:31:10.509735,634,715,602,642,607,0
2026-08-14T15:31:10.509735,631,713,600,641,607,0
2026-08-14T15:31:10.509735,631,711,600,641,605,0
2026-08-14T15:31:10.514678,631,710,598,639,605,0
2026-08-14T15:31:10.514678,630,709,597,638,605,0
2026-08-14T15:31:10.515687,630,709,595,638,606,0
2026-08-14T15:31:10.515687,629,709,596,637,606,0
2026-08-14T15:31:10.518778,630,711,595,638,606,0
2026-08-14T15:31:10.519951,630,711,596,638,607,0
2026-08-14T15:31:10.520344,631,712,596,638,609,0
2026-08-14T15:31:10.520344,632,713,597,639,609,0
2026-08-14T15:31:10.520344,633,713,598,641,611,0
2026-08-14T15:31:10.523908,633,715,600,641,612,0
2026-08-14T15:31:10.523908,635,716,598,641,614,0
2026-08-14T15:31:10.523908,635,715,600,642,615,0
2026-08-14T15:31:10.523908,635,716,601,642,615,0
2026-08-14T15:31:10.523908,635,716,601,643,614,0
2026-08-14T15:31:10.523908,636,717,600,642,615,0
2026-08-14T15:31:10.523908,636,716,600,642,616,0
2026-08-14T15:31:10.532002,636,715,600,642,615,0
2026-08-14T15:31:10.532002,637,716,601,642,615,0
2026-08-14T15:31:10.536121,636,717,601,642,616,0
2026-08-14T15:31:10.537323,637,716,602,642,617,0
2026-08-14T15:31:10.537323,635,716,601,642,617,0
2026-08-14T15:31:10.539193,635,717,601,643,617,0
2026-08-14T15:31:10.539193,636,716,600,642,618,0
2026-08-14T15:31:10.540229,635,715,601,642,617,0
2026-08-14T15:31:10.543345,635,715,602,641,618,0
2026-08-14T15:31:10.543345,634,715,600,642,617,0
2026-08-14T15:31:10.543345,635,714,601,641,617,0
2026-08-14T15:31:10.543345,636,715,601,641,618,0
2026-08-14T15:31:10.547444,635,714,602,641,617,0
2026-08-14T15:31:10.547444,636,715,601,642,618,0
2026-08-14T15:31:10.548474,636,716,602,642,619,0
2026-08-14T15:31:10.551552,635,716,603,642,618,0
2026-08-14T15:31:10.551552,637,716,603,642,619,0
2026-08-14T15:31:10.553200,635,717,602,642,620,0
2026-08-14T15:31:10.553684,634,717,602,642,619,0
2026-08-14T15:31:10.553684,636,716,603,640,619,0
2026-08-14T15:31:10.553684,635,715,603,640,619,0
2026-08-14T15:31:10.556556,635,715,602,640,620,0
2026-08-14T15:31:10.559720,635,714,602,640,619,0
2026-08-14T15:31:10.559720,636,715,603,639,619,0
2026-08-14T15:31:10.559720,634,717,602,638,619,0
2026-08-14T15:31:10.559720,634,715,602,638,618,0
2026-08-14T15:31:10.563821,633,716,602,639,619,0
2026-08-14T15:31:10.564845,633,715,602,639,618,0
2026-08-14T15:31:10.564845,634,716,601,639,619,0
2026-08-14T15:31:10.564845,634,716,601,640,618,0
2026-08-14T15:31:10.564845,633,716,601,640,619,0
2026-08-14T15:31:10.564845,634,716,601,639,619,0
2026-08-14T15:31:10.571179,635,716,601,639,620,0
2026-08-14T15:31:10.571179,635,715,602,639,618,0
2026-08-14T15:31:10.572934,635,716,601,639,621,0
2026-08-14T15:31:10.572934,635,717,602,639,619,0
2026-08-14T15:31:10.572934,635,716,602,639,618,0
2026-08-14T15:31:10.572934,635,716,601,640,618,0
2026-08-14T15:31:10.572934,635,717,601,640,619,0
2026-08-14T15:31:10.572934,634,717,602,641,620,0
2026-08-14T15:31:10.581006,635,716,602,641,619,0
2026-08-14T15:31:10.581649,635,716,602,641,619,0
2026-08-14T15:31:10.581649,635,716,602,641,619,0
2026-08-14T15:31:10.581649,635,716,602,642,619,0
2026-08-14T15:31:10.581649,636,716,602,641,619,0
2026-08-14T15:31:10.586102,636,717,602,642,618,0
2026-08-14T15:31:10.588398,636,716,602,642,619,0
2026-08-14T15:31:10.588398,636,716,601,643,618,0
2026-08-14T15:31:10.589416,636,718,602,642,618,0
2026-08-14T15:31:10.589416,636,717,602,641,618,0
2026-08-14T15:31:10.589416,635,717,603,642,618,0
2026-08-14T15:31:10.589416,635,715,602,643,619,0
2026-08-14T15:31:10.589416,635,715,603,642,619,0
2026-08-14T15:31:10.596599,634,717,602,643,618,0
2026-08-14T15:31:10.597425,636,716,602,642,620,0
2026-08-14T15:31:10.597425,637,716,602,642,620,0
2026-08-14T15:31:10.600666,637,716,602,642,619,0
2026-08-14T15:31:10.600666,635,715,603,642,618,0
2026-08-14T15:31:10.600666,635,717,602,642,618,0
2026-08-14T15:31:10.602804,637,716,602,642,618,0
2026-08-14T15:31:10.604639,635,715,603,642,618,0
2026-08-14T15:31:10.604639,635,717,602,642,618,0
2026-08-14T15:31:10.605648,636,717,603,641,620,0
2026-08-14T15:31:10.605648,636,716,603,643,619,0
2026-08-14T15:31:10.605648,636,717,602,643,619,0
2026-08-14T15:31:10.605648,635,716,602,643,619,0
2026-08-14T15:31:10.605648,636,716,602,643,619,0
2026-08-14T15:31:10.605648,636,716,604,642,619,0
2026-08-14T15:31:10.613826,635,716,603,641,619,0
2026-08-14T15:31:10.613826,635,715,602,643,619,0
2026-08-14T15:31:10.613826,635,716,602,643,619,0
2026-08-14T15:31:10.613826,635,716,602,642,619,0
2026-08-14T15:31:10.613826,636,717,602,641,618,0
2026-08-14T15:31:10.613826,636,717,602,642,618,0
2026-08-14T15:31:10.620085,636,717,602,642,619,0
2026-08-14T15:31:10.620085,634,716,603,643,619,0
2026-08-14T15:31:10.622306,636,716,603,642,618,0
2026-08-14T15:31:10.625240,636,717,603,642,617,0
2026-08-14T15:31:10.625240,635,715,602,643,618,0
2026-08-14T15:31:10.625240,634,716,603,643,619,0
2026-08-14T15:31:10.627223,635,715,602,641,619,0
2026-08-14T15:31:10.629375,635,716,602,642,619,0
2026-08-14T15:31:10.629375,635,715,603,641,619,0
2026-08-14T15:31:10.630386,636,715,602,642,620,0
2026-08-14T15:31:10.633445,635,717,603,641,618,0
2026-08-14T15:31:10.633445,637,716,601,641,619,0
2026-08-14T15:31:10.633445,637,717,601,641,618,0
2026-08-14T15:31:10.637168,636,716,602,642,619,0
2026-08-14T15:31:10.637168,635,717,602,643,619,0
2026-08-14T15:31:10.638775,636,716,603,642,617,0
2026-08-14T15:31:10.638775,635,715,601,642,618,0
2026-08-14T15:31:10.638775,635,715,601,642,619,0
2026-08-14T15:31:10.638775,634,715,600,642,618,0
2026-08-14T15:31:10.638775,635,715,602,642,618,0
2026-08-14T15:31:10.638775,635,715,601,642,619,0
2026-08-14T15:31:10.638775,636,714,602,641,618,0
2026-08-14T15:31:10.647198,635,715,601,642,619,0
2026-08-14T15:31:10.647831,637,716,601,641,617,0
2026-08-14T15:31:10.647831,636,717,602,642,618,0
2026-08-14T15:31:10.647831,636,715,601,641,618,0
2026-08-14T15:31:10.647831,635,715,600,642,619,0
2026-08-14T15:31:10.653882,635,715,602,642,618,0
2026-08-14T15:31:10.653882,634,715,602,642,617,0
2026-08-14T15:31:10.653882,634,716,601,642,618,0
2026-08-14T15:31:10.655635,636,714,600,642,619,0
2026-08-14T15:31:10.658025,634,715,600,642,618,0
2026-08-14T15:31:10.658025,636,715,601,641,618,0
2026-08-14T15:31:10.658025,635,714,601,641,618,0
2026-08-14T15:31:10.662121,637,715,601,640,618,0
2026-08-14T15:31:10.662121,636,715,601,641,618,0
2026-08-14T15:31:10.662121,634,715,601,642,618,0
2026-08-14T15:31:10.666218,634,715,601,641,619,0
2026-08-14T15:31:10.666218,635,716,601,640,619,0
2026-08-14T15:31:10.666218,634,715,600,642,617,0
2026-08-14T15:31:10.666218,635,714,601,641,619,0
2026-08-14T15:31:10.670204,634,714,601,642,618,0
2026-08-14T15:31:10.670204,635,714,600,641,618,0
2026-08-14T15:31:10.670204,634,715,600,641,618,0
2026-08-14T15:31:10.672631,635,713,601,642,618,0
2026-08-14T15:31:10.672631,635,714,600,641,619,0
2026-08-14T15:31:10.672631,636,715,600,641,618,0
2026-08-14T15:31:10.672631,636,714,600,641,617,0
2026-08-14T15:31:10.672631,634,714,599,641,619,0
2026-08-14T15:31:10.672631,635,714,601,641,618,0
2026-08-14T15:31:10.672631,635,715,601,641,617,0
2026-08-14T15:31:10.680634,635,714,600,641,617,0
2026-08-14T15:31:10.680634,635,714,601,641,618,0
2026-08-14T15:31:10.680634,635,714,601,641,618,0
2026-08-14T15:31:10.680634,635,714,601,641,617,0
2026-08-14T15:31:10.686413,635,715,600,642,619,0
2026-08-14T15:31:10.687165,634,714,600,642,618,0
2026-08-14T15:31:10.687165,635,715,601,641,619,0
2026-08-14T15:31:10.690799,636,715,600,641,618,0
2026-08-14T15:31:10.690799,636,715,600,641,617,0
2026-08-14T15:31:10.690799,636,715,601,641,617,0
2026-08-14T15:31:10.690799,635,714,601,641,619,0
2026-08-14T15:31:10.694894,635,714,602,641,617,0
2026-08-14T15:31:10.694894,635,716,601,641,617,0
2026-08-14T15:31:10.694894,634,717,601,640,619,0
2026-08-14T15:31:10.698989,634,714,602,641,619,0
2026-08-14T15:31:10.698989,635,714,601,641,619,0
2026-08-14T15:31:10.698989,634,716,601,641,618,0
2026-08-14T15:31:10.698989,635,714,601,641,618,0
2026-08-14T15:31:10.703891,635,714,601,640,618,0
2026-08-14T15:31:10.705107,635,715,601,641,617,0
2026-08-14T15:31:10.705107,635,715,601,641,617,0
2026-08-14T15:31:10.705107,634,715,601,641,617,0
2026-08-14T15:31:10.707258,635,715,602,641,618,0
2026-08-14T15:31:10.708044,634,714,602,641,619,0
2026-08-14T15:31:10.709879,634,715,602,641,618,0
2026-08-14T15:31:10.712190,634,715,602,640,618,0
2026-08-14T15:31:10.712190,636,715,602,641,617,0
2026-08-14T15:31:10.713200,634,716,601,640,619,0
2026-08-14T15:31:10.714616,633,715,601,642,617,0
2026-08-14T15:31:10.714616,634,715,602,641,617,0
2026-08-14T15:31:10.714616,635,714,602,640,619,0
2026-08-14T15:31:10.714616,636,715,601,641,617,0
2026-08-14T15:31:10.719714,635,715,602,640,618,0
2026-08-14T15:31:10.719714,636,715,602,640,618,0
2026-08-14T15:31:10.720975,635,715,602,641,617,0
2026-08-14T15:31:10.723569,635,715,601,641,617,0
2026-08-14T15:31:10.723569,633,716,601,641,617,0
2026-08-14T15:31:10.723569,633,716,600,641,618,0
2026-08-14T15:31:10.727678,634,716,602,641,617,0
2026-08-14T15:31:10.727678,634,717,601,641,618,0
2026-08-14T15:31:10.727678,633,715,601,641,618,0
2026-08-14T15:31:10.729438,634,714,601,641,618,0
2026-08-14T15:31:10.731748,634,714,602,641,618,0
2026-08-14T15:31:10.731748,634,715,601,640,618,0
2026-08-14T15:31:10.731748,636,714,601,641,617,0
2026-08-14T15:31:10.736162,635,714,602,640,619,0
2026-08-14T15:31:10.736919,635,715,602,640,618,0
2026-08-14T15:31:10.737235,635,715,602,641,617,0
2026-08-14T15:31:10.739952,635,716,602,640,618,0
2026-08-14T15:31:10.739952,634,714,602,641,617,0
2026-08-14T15:31:10.739952,634,715,600,642,618,0
2026-08-14T15:31:10.739952,635,716,601,641,618,0
2026-08-14T15:31:10.739952,634,715,602,641,618,0
2026-08-14T15:31:10.739952,634,715,601,640,619,0
2026-08-14T15:31:10.739952,634,713,602,641,618,0
2026-08-14T15:31:10.745608,635,715,601,641,618,0
2026-08-14T15:31:10.745608,634,716,601,640,617,0
2026-08-14T15:31:10.745608,635,715,600,640,617,0
2026-08-14T15:31:10.745608,635,715,601,641,618,0
2026-08-14T15:31:10.745608,634,716,602,641,618,0
2026-08-14T15:31:10.752736,634,716,601,641,616,0
2026-08-14T15:31:10.753746,634,715,601,640,618,0
2026-08-14T15:31:10.753746,635,714,601,641,618,0
2026-08-14T15:31:10.753746,633,713,601,641,618,0
2026-08-14T15:31:10.753746,635,714,601,641,616,0
2026-08-14T15:31:10.753746,635,715,601,641,618,0
2026-08-14T15:31:10.753746,635,715,601,641,619,0
2026-08-14T15:31:10.753746,634,715,601,640,618,0
2026-08-14T15:31:10.753746,634,715,602,641,617,0
2026-08-14T15:31:10.764400,634,715,600,640,618,0
2026-08-14T15:31:10.764400,636,715,601,640,618,0
2026-08-14T15:31:10.764400,635,714,602,640,617,0
2026-08-14T15:31:10.768502,635,715,601,640,617,0
2026-08-14T15:31:10.768502,634,715,602,641,617,0
2026-08-14T15:31:10.770427,634,716,601,641,617,0
2026-08-14T15:31:10.770427,635,715,601,641,618,0
2026-08-14T15:31:10.772601,634,715,601,641,618,0
2026-08-14T15:31:10.772601,634,716,601,641,618,0
2026-08-14T15:31:10.772601,635,715,602,640,619,0
2026-08-14T15:31:10.776674,636,714,602,641,618,0
2026-08-14T15:31:10.776674,635,714,602,641,617,0
2026-08-14T15:31:10.778206,635,715,601,642,618,0
2026-08-14T15:31:10.778206,635,715,602,641,618,0
2026-08-14T15:31:10.780085,635,715,602,640,618,0
2026-08-14T15:31:10.780085,634,716,602,642,618,0
2026-08-14T15:31:10.781835,635,717,602,641,618,0
2026-08-14T15:31:10.781835,634,716,602,641,619,0
2026-08-14T15:31:10.781835,635,716,603,641,618,0
2026-08-14T15:31:10.786319,634,716,602,642,618,0
2026-08-14T15:31:10.787647,633,716,602,641,618,0
2026-08-14T15:31:10.788988,634,714,602,641,618,0
2026-08-14T15:31:10.788988,635,715,603,641,619,0
2026-08-14T15:31:10.788988,635,715,603,641,618,0
2026-08-14T15:31:10.788988,635,716,602,641,619,0
2026-08-14T15:31:10.788988,635,715,603,642,618,0
2026-08-14T15:31:10.788988,636,717,603,640,619,0
2026-08-14T15:31:10.794654,635,716,603,641,618,0
2026-08-14T15:31:10.794654,634,717,603,641,619,0
2026-08-14T15:31:10.794654,634,716,603,642,617,0
2026-08-14T15:31:10.794654,635,716,604,642,618,0
2026-08-14T15:31:10.794654,636,716,603,642,618,0
2026-08-14T15:31:10.794654,635,716,603,642,618,0
2026-08-14T15:31:10.794654,635,716,602,641,619,0
2026-08-14T15:31:10.803465,635,716,602,642,618,0
2026-08-14T15:31:10.803465,636,717,603,643,618,0
2026-08-14T15:31:10.803465,636,716,602,641,621,0
2026-08-14T15:31:10.803465,636,717,602,642,619,0
2026-08-14T15:31:10.803465,636,718,603,642,619,0
2026-08-14T15:31:10.803465,635,718,603,641,618,0
2026-08-14T15:31:10.810860,636,717,603,642,620,0
2026-08-14T15:31:10.813548,635,714,603,642,619,0
2026-08-14T15:31:10.814714,633,716,603,642,619,0
2026-08-14T15:31:10.814714,634,718,603,642,619,0
2026-08-14T15:31:10.814714,636,716,602,642,619,0
2026-08-14T15:31:10.816732,635,716,603,642,620,0
2026-08-14T15:31:10.816732,635,716,603,642,619,0
2026-08-14T15:31:10.819449,635,717,604,642,617,0
2026-08-14T15:31:10.821372,636,716,603,642,618,0
2026-08-14T15:31:10.822678,637,715,604,642,619,0
2026-08-14T15:31:10.822678,636,716,604,642,618,0
2026-08-14T15:31:10.822678,635,718,604,642,618,0
2026-08-14T15:31:10.825943,635,717,604,643,618,0
2026-08-14T15:31:10.826951,635,717,604,642,619,0
2026-08-14T15:31:10.826951,635,717,603,643,619,0
2026-08-14T15:31:10.829036,635,717,604,643,619,0
2026-08-14T15:31:10.830711,635,717,604,642,620,0
2026-08-14T15:31:10.830711,637,717,603,642,619,0
2026-08-14T15:31:10.832805,636,717,604,642,619,0
2026-08-14T15:31:10.834483,635,717,603,643,618,0
2026-08-14T15:31:10.835150,636,717,604,642,619,0
2026-08-14T15:31:10.836143,636,717,604,643,619,0
2026-08-14T15:31:10.836757,635,717,604,642,618,0
2026-08-14T15:31:10.836757,635,718,604,643,618,0
2026-08-14T15:31:10.836757,636,719,604,643,619,0
2026-08-14T15:31:10.842182,636,717,605,643,619,0
2026-08-14T15:31:10.842182,637,717,605,643,619,0
2026-08-14T15:31:10.842182,636,718,605,643,619,0
2026-08-14T15:31:10.842182,635,717,604,643,620,0
2026-08-14T15:31:10.846035,635,719,605,642,620,0
2026-08-14T15:31:10.846035,637,718,605,642,619,0
2026-08-14T15:31:10.846967,636,718,605,643,619,0
2026-08-14T15:31:10.850117,637,717,605,643,620,0
2026-08-14T15:31:10.850841,636,718,605,643,620,0
2026-08-14T15:31:10.851403,637,720,606,643,620,0
2026-08-14T15:31:10.851403,636,719,605,644,620,0
2026-08-14T15:31:10.854222,636,718,605,643,621,0
2026-08-14T15:31:10.854803,636,717,605,645,620,0
2026-08-14T15:31:10.855747,636,719,605,644,620,0
2026-08-14T15:31:10.858547,637,718,605,645,619,0
2026-08-14T15:31:10.859058,636,718,606,644,621,0
2026-08-14T15:31:10.859058,637,719,606,645,620,0
2026-08-14T15:31:10.859058,638,718,606,643,621,0
2026-08-14T15:31:10.862413,637,718,606,644,620,0
2026-08-14T15:31:10.863248,637,718,604,644,621,0
2026-08-14T15:31:10.863863,636,719,605,645,621,0
2026-08-14T15:31:10.866626,638,720,606,644,620,0
2026-08-14T15:31:10.866626,637,720,606,644,619,0
2026-08-14T15:31:10.866626,638,718,606,644,620,0
2026-08-14T15:31:10.870898,636,718,606,644,621,0
2026-08-14T15:31:10.870898,636,720,605,645,620,0
2026-08-14T15:31:10.870898,637,719,605,644,620,0
2026-08-14T15:31:10.870898,637,720,605,645,620,0
2026-08-14T15:31:10.874997,637,718,605,644,621,0
2026-08-14T15:31:10.874997,637,718,606,645,620,0
2026-08-14T15:31:10.874997,636,720,605,644,620,0
2026-08-14T15:31:10.874997,637,719,604,645,620,0
2026-08-14T15:31:10.874997,638,718,605,644,621,0
2026-08-14T15:31:10.874997,637,719,606,645,621,0
2026-08-14T15:31:10.874997,638,719,606,644,620,0
2026-08-14T15:31:10.882513,638,718,606,644,621,0
2026-08-14T15:31:10.882513,638,717,606,645,621,0
2026-08-14T15:31:10.882513,636,719,607,644,621,0
2026-08-14T15:31:10.886746,637,720,606,644,620,0
2026-08-14T15:31:10.886746,636,720,605,645,621,0
2026-08-14T15:31:10.886746,637,718,605,645,621,0
2026-08-14T15:31:10.886746,638,718,606,644,621,0
2026-08-14T15:31:10.891357,637,720,605,645,620,0
2026-08-14T15:31:10.891357,638,719,605,644,621,0
2026-08-14T15:31:10.892119,637,719,606,644,620,0
2026-08-14T15:31:10.894245,637,719,605,644,621,0
2026-08-14T15:31:10.896001,638,720,606,645,619,0
2026-08-14T15:31:10.896001,636,720,606,645,620,0
2026-08-14T15:31:10.899000,637,719,607,645,621,0
2026-08-14T15:31:10.899000,637,718,606,645,621,0
2026-08-14T15:31:10.899000,636,718,606,645,620,0
2026-08-14T15:31:10.899000,636,719,606,645,621,0
2026-08-14T15:31:10.903549,637,718,606,644,621,0
2026-08-14T15:31:10.903549,638,720,605,644,620,0
2026-08-14T15:31:10.904726,637,718,606,644,621,0
2026-08-14T15:31:10.907208,638,719,606,645,621,0
2026-08-14T15:31:10.907208,637,717,606,644,621,0
2026-08-14T15:31:10.908835,637,720,606,644,620,0
2026-08-14T15:31:10.908835,637,720,606,644,621,0
2026-08-14T15:31:10.908835,637,720,606,645,620,0
2026-08-14T15:31:10.908835,636,720,606,645,621,0
2026-08-14T15:31:10.908835,636,719,606,645,620,0
2026-08-14T15:31:10.916042,636,720,605,644,621,0
2026-08-14T15:31:10.916042,636,720,606,645,621,0
2026-08-14T15:31:10.916042,637,719,607,645,621,0
2026-08-14T15:31:10.916042,637,719,606,644,621,0
2026-08-14T15:31:10.919499,638,719,605,644,620,0
2026-08-14T15:31:10.920231,637,719,605,645,622,0
2026-08-14T15:31:10.920231,637,720,605,645,620,0
2026-08-14T15:31:10.924193,637,719,606,644,621,0
2026-08-14T15:31:10.924193,638,720,605,645,620,0
2026-08-14T15:31:10.925959,637,720,606,644,620,0
2026-08-14T15:31:10.925959,637,719,606,645,621,0
2026-08-14T15:31:10.927972,638,720,606,644,621,0
2026-08-14T15:31:10.929263,637,720,606,645,619,0
2026-08-14T15:31:10.929263,638,719,605,646,622,0
2026-08-14T15:31:10.932343,636,718,606,644,622,0
2026-08-14T15:31:10.932343,637,718,607,644,622,0
2026-08-14T15:31:10.932343,638,720,606,644,620,0
2026-08-14T15:31:10.936169,638,718,606,644,622,0
2026-08-14T15:31:10.936681,638,719,605,645,622,0
2026-08-14T15:31:10.936681,637,719,606,645,621,0
2026-08-14T15:31:10.936681,638,719,605,645,620,0
2026-08-14T15:31:10.940708,639,720,605,645,621,0
2026-08-14T15:31:10.940708,637,719,606,644,621,0
2026-08-14T15:31:10.940708,637,720,606,645,621,0
2026-08-14T15:31:10.944562,637,719,606,645,620,0
2026-08-14T15:31:10.945206,638,719,606,645,621,0
2026-08-14T15:31:10.945206,637,719,605,645,621,0
2026-08-14T15:31:10.945206,637,718,607,645,621,0
2026-08-14T15:31:10.948789,636,719,607,645,620,0
2026-08-14T15:31:10.948789,638,719,605,645,621,0
2026-08-14T15:31:10.948789,638,718,606,644,621,0
2026-08-14T15:31:10.952874,638,720,605,645,621,0
2026-08-14T15:31:10.953538,638,719,607,645,619,0
2026-08-14T15:31:10.953538,638,720,606,644,621,0
2026-08-14T15:31:10.953538,637,718,606,645,620,0
2026-08-14T15:31:10.956920,637,719,606,645,621,0
2026-08-14T15:31:10.956920,637,718,607,645,619,0
2026-08-14T15:31:10.956920,636,719,606,645,621,0
2026-08-14T15:31:10.960995,636,720,606,645,621,0
2026-08-14T15:31:10.961925,637,719,606,645,621,0
2026-08-14T15:31:10.961925,637,720,607,645,621,0
2026-08-14T15:31:10.965096,638,718,607,644,621,0
2026-08-14T15:31:10.965096,638,718,607,644,622,0
2026-08-14T15:31:10.965096,639,719,605,644,622,0
2026-08-14T15:31:10.965096,638,719,606,644,621,0
2026-08-14T15:31:10.965096,638,719,606,645,621,0
2026-08-14T15:31:10.970332,637,720,607,645,621,0
2026-08-14T15:31:10.970332,637,719,607,644,621,0
2026-08-14T15:31:10.973295,637,720,606,645,621,0
2026-08-14T15:31:10.973295,637,718,606,646,622,0
2026-08-14T15:31:10.973295,637,718,605,646,621,0
2026-08-14T15:31:10.973295,637,720,607,645,621,0
2026-08-14T15:31:10.977396,637,718,606,645,621,0
2026-08-14T15:31:10.977396,636,719,606,646,622,0
2026-08-14T15:31:10.977396,637,719,606,645,621,0
2026-08-14T15:31:10.979889,637,719,606,644,620,0
2026-08-14T15:31:10.981747,639,720,605,645,620,0
2026-08-14T15:31:10.981747,637,720,605,645,621,0
2026-08-14T15:31:10.984912,637,720,606,645,621,0
2026-08-14T15:31:10.984912,638,720,607,645,620,0
2026-08-14T15:31:10.986945,637,720,607,644,621,0
2026-08-14T15:31:10.987319,638,720,606,645,621,0
2026-08-14T15:31:10.988160,637,717,606,645,621,0
2026-08-14T15:31:10.990244,637,719,606,646,620,0
2026-08-14T15:31:10.990244,637,719,606,644,621,0
2026-08-14T15:31:10.991068,638,718,606,644,622,0
2026-08-14T15:31:10.993343,638,718,606,645,621,0
2026-08-14T15:31:10.993343,638,720,606,645,621,0
2026-08-14T15:31:10.993343,638,720,605,645,620,0
2026-08-14T15:31:10.993343,638,720,606,645,621,0
2026-08-14T15:31:10.993343,639,718,606,645,621,0
2026-08-14T15:31:10.998548,637,720,607,645,621,0
2026-08-14T15:31:10.999162,637,719,607,645,620,0
2026-08-14T15:31:11.002755,637,719,606,645,622,0
2026-08-14T15:31:11.003344,638,719,607,645,622,0
2026-08-14T15:31:11.003344,637,720,606,645,622,0
2026-08-14T15:31:11.003344,638,720,606,644,621,0
2026-08-14T15:31:11.003344,637,720,606,644,621,0
2026-08-14T15:31:11.006997,639,719,606,644,621,0
2026-08-14T15:31:11.006997,638,719,607,645,621,0
2026-08-14T15:31:11.006997,638,719,607,645,620,0
2026-08-14T15:31:11.006997,637,720,606,645,620,0
2026-08-14T15:31:11.006997,638,720,606,644,620,0
2026-08-14T15:31:11.006997,637,719,606,645,621,0
2026-08-14T15:31:11.006997,636,720,607,645,621,0
2026-08-14T15:31:11.015051,636,720,606,645,621,0
2026-08-14T15:31:11.018345,637,720,606,644,621,0
2026-08-14T15:31:11.018345,638,719,607,645,621,0
2026-08-14T15:31:11.020266,636,720,605,646,621,0
2026-08-14T15:31:11.020585,638,719,607,645,621,0
2026-08-14T15:31:11.022449,637,719,606,644,621,0
2026-08-14T15:31:11.022449,638,718,606,644,621,0
2026-08-14T15:31:11.023484,638,719,605,645,620,0
2026-08-14T15:31:11.026526,638,719,606,645,622,0
2026-08-14T15:31:11.026526,637,719,607,644,620,0
2026-08-14T15:31:11.026526,638,720,607,644,620,0
2026-08-14T15:31:11.026526,637,720,606,645,620,0
2026-08-14T15:31:11.030608,637,720,606,645,620,0
2026-08-14T15:31:11.030608,636,719,606,645,621,0
2026-08-14T15:31:11.031637,637,720,606,645,621,0
2026-08-14T15:31:11.031637,637,719,606,646,621,0
2026-08-14T15:31:11.031637,638,718,605,645,622,0
2026-08-14T15:31:11.036138,637,718,606,645,622,0
2026-08-14T15:31:11.037207,638,719,607,645,621,0
2026-08-14T15:31:11.039670,639,719,605,644,620,0
2026-08-14T15:31:11.039670,637,719,606,644,621,0
2026-08-14T15:31:11.039670,638,719,606,644,621,0
2026-08-14T15:31:11.039670,638,719,607,645,620,0
2026-08-14T15:31:11.039670,639,720,605,645,620,0
2026-08-14T15:31:11.039670,637,719,606,645,621,0
2026-08-14T15:31:11.039670,638,718,607,645,621,0
2026-08-14T15:31:11.047815,637,718,607,646,620,0
2026-08-14T15:31:11.047815,639,719,606,646,621,0
2026-08-14T15:31:11.047815,637,718,606,644,622,0
2026-08-14T15:31:11.051125,638,718,607,645,622,0
2026-08-14T15:31:11.051125,637,719,606,645,621,0
2026-08-14T15:31:11.052768,638,719,605,645,620,0
2026-08-14T15:31:11.055212,639,719,605,645,622,0
2026-08-14T15:31:11.055212,638,718,606,645,621,0
2026-08-14T15:31:11.056248,638,721,606,645,621,0
2026-08-14T15:31:11.056248,638,720,606,644,620,0
2026-08-14T15:31:11.059299,637,719,606,644,622,0
2026-08-14T15:31:11.059299,637,718,607,645,621,0
2026-08-14T15:31:11.059299,638,720,606,645,621,0
2026-08-14T15:31:11.063400,637,719,607,645,620,0
2026-08-14T15:31:11.063400,637,720,606,645,621,0
2026-08-14T15:31:11.064433,638,718,607,646,622,0
2026-08-14T15:31:11.067498,638,720,606,645,621,0
2026-08-14T15:31:11.067498,637,719,606,645,620,0
2026-08-14T15:31:11.067498,638,720,605,645,621,0
2026-08-14T15:31:11.070645,639,719,606,645,621,0
2026-08-14T15:31:11.071155,638,719,606,644,621,0
2026-08-14T15:31:11.071155,639,719,607,645,621,0
2026-08-14T15:31:11.073655,638,721,607,645,620,0
2026-08-14T15:31:11.073655,639,719,606,646,622,0
2026-08-14T15:31:11.073655,638,719,606,645,621,0
2026-08-14T15:31:11.073655,636,720,606,645,620,0
2026-08-14T15:31:11.073655,636,720,606,645,623,0
2026-08-14T15:31:11.073655,637,718,607,645,621,0
2026-08-14T15:31:11.073655,638,719,606,644,622,0
2026-08-14T15:31:11.073655,637,720,605,646,621,0
2026-08-14T15:31:11.081314,638,720,606,644,621,0
2026-08-14T15:31:11.081314,638,718,606,645,621,0
2026-08-14T15:31:11.081314,638,719,607,645,621,0
2026-08-14T15:31:11.086145,637,720,606,645,620,0
2026-08-14T15:31:11.086838,638,719,607,645,620,0
2026-08-14T15:31:11.086838,637,719,607,645,621,0
2026-08-14T15:31:11.089513,638,721,606,645,621,0
2026-08-14T15:31:11.092072,638,719,606,646,620,0
2026-08-14T15:31:11.092072,638,720,606,645,621,0
2026-08-14T15:31:11.092072,638,719,607,646,622,0
2026-08-14T15:31:11.092072,637,720,606,645,621,0
2026-08-14T15:31:11.092072,637,720,606,645,622,0
2026-08-14T15:31:11.092072,637,718,606,645,621,0
2026-08-14T15:31:11.097666,637,719,607,645,621,0
2026-08-14T15:31:11.097666,637,721,607,645,620,0
2026-08-14T15:31:11.097666,639,719,607,644,620,0
2026-08-14T15:31:11.097666,637,720,607,646,623,0
2026-08-14T15:31:11.103968,637,719,607,645,620,0
2026-08-14T15:31:11.103968,637,720,607,645,621,0
2026-08-14T15:31:11.103968,638,719,606,645,620,0
2026-08-14T15:31:11.105935,638,719,606,645,622,0
2026-08-14T15:31:11.105935,636,719,606,645,622,0
2026-08-14T15:31:11.105935,638,718,607,644,621,0
2026-08-14T15:31:11.105935,638,719,606,645,620,0
2026-08-14T15:31:11.105935,638,720,605,646,621,0
2026-08-14T15:31:11.105935,639,719,607,646,622,0
2026-08-14T15:31:11.105935,638,721,607,645,620,0
2026-08-14T15:31:11.114317,638,719,606,645,620,0
2026-08-14T15:31:11.116650,638,720,607,645,621,0
2026-08-14T15:31:11.116650,637,718,607,645,621,0
2026-08-14T15:31:11.116650,636,718,607,646,621,0
2026-08-14T15:31:11.120747,638,720,607,644,621,0
2026-08-14T15:31:11.120747,637,718,607,645,622,0
2026-08-14T15:31:11.120747,637,720,607,645,622,0
2026-08-14T15:31:11.122528,637,720,606,646,621,0
2026-08-14T15:31:11.124835,637,720,606,645,620,0
2026-08-14T15:31:11.124835,637,718,605,644,622,0
2026-08-14T15:31:11.124835,638,719,606,645,621,0
2026-08-14T15:31:11.124835,639,719,606,646,621,0
2026-08-14T15:31:11.124835,638,720,606,644,620,0
2026-08-14T15:31:11.124835,639,721,605,644,621,0
2026-08-14T15:31:11.130678,639,719,607,645,622,0
2026-08-14T15:31:11.130678,637,720,606,646,622,0
2026-08-14T15:31:11.130678,638,721,606,645,620,0
2026-08-14T15:31:11.130678,638,720,606,645,620,0
2026-08-14T15:31:11.137004,638,718,606,646,621,0
2026-08-14T15:31:11.137345,637,721,607,645,622,0
2026-08-14T15:31:11.137345,637,719,606,645,621,0
2026-08-14T15:31:11.139094,638,719,606,645,622,0
2026-08-14T15:31:11.139094,638,717,607,645,621,0
2026-08-14T15:31:11.139094,638,719,606,645,622,0
2026-08-14T15:31:11.139094,637,720,606,645,620,0
2026-08-14T15:31:11.139094,638,720,607,645,620,0
2026-08-14T15:31:11.139094,638,720,607,644,622,0
2026-08-14T15:31:11.139094,638,719,606,645,622,0
2026-08-14T15:31:11.149435,638,719,606,645,620,0
2026-08-14T15:31:11.149435,637,720,607,645,621,0
2026-08-14T15:31:11.149435,638,719,607,645,621,0
2026-08-14T15:31:11.149435,638,718,607,646,621,0
2026-08-14T15:31:11.153188,638,719,606,646,621,0
2026-08-14T15:31:11.153891,637,719,607,646,622,0
2026-08-14T15:31:11.153891,638,719,606,645,621,0
2026-08-14T15:31:11.155713,638,719,605,645,621,0
2026-08-14T15:31:11.155713,638,719,607,645,621,0
2026-08-14T15:31:11.155713,637,720,607,646,622,0
2026-08-14T15:31:11.155713,638,719,607,645,622,0
2026-08-14T15:31:11.161696,637,721,607,645,620,0
2026-08-14T15:31:11.161696,637,720,606,645,620,0
2026-08-14T15:31:11.161696,636,720,606,645,622,0
2026-08-14T15:31:11.164327,637,718,607,645,621,0
2026-08-14T15:31:11.164327,637,719,606,645,621,0
2026-08-14T15:31:11.164327,639,719,606,646,621,0
2026-08-14T15:31:11.169949,637,720,606,646,622,0
2026-08-14T15:31:11.170717,638,719,606,646,622,0
2026-08-14T15:31:11.170717,638,720,606,645,621,0
2026-08-14T15:31:11.170717,639,719,607,644,622,0
2026-08-14T15:31:11.172508,639,720,606,646,621,0
2026-08-14T15:31:11.172508,638,719,606,645,622,0
2026-08-14T15:31:11.172508,638,720,607,645,620,0
2026-08-14T15:31:11.172508,638,720,606,645,621,0
2026-08-14T15:31:11.172508,638,719,606,645,621,0
2026-08-14T15:31:11.172508,638,719,606,646,621,0
2026-08-14T15:31:11.172508,637,720,606,645,621,0
2026-08-14T15:31:11.182184,637,720,606,646,620,0
2026-08-14T15:31:11.182184,638,720,605,645,622,0
2026-08-14T15:31:11.182184,638,718,607,645,622,0
2026-08-14T15:31:11.185845,638,721,607,645,621,0
2026-08-14T15:31:11.186649,638,719,607,644,621,0
2026-08-14T15:31:11.187141,638,720,606,645,621,0
2026-08-14T15:31:11.187141,639,719,607,645,622,0
2026-08-14T15:31:11.190373,637,720,606,645,622,0
2026-08-14T15:31:11.190373,637,720,607,645,621,0
2026-08-14T15:31:11.190373,638,720,606,646,621,0
2026-08-14T15:31:11.193322,638,719,606,646,622,0
2026-08-14T15:31:11.195336,637,720,606,645,622,0
2026-08-14T15:31:11.195336,638,720,607,646,621,0
2026-08-14T15:31:11.197111,637,720,606,645,622,0
2026-08-14T15:31:11.197111,638,719,606,646,621,0
2026-08-14T15:31:11.197111,639,719,606,646,621,0
2026-08-14T15:31:11.197111,638,719,607,645,620,0
2026-08-14T15:31:11.197111,638,719,606,645,622,0
2026-08-14T15:31:11.204787,638,720,607,645,621,0
2026-08-14T15:31:11.204787,638,720,607,645,621,0
2026-08-14T15:31:11.204787,638,720,606,645,620,0
2026-08-14T15:31:11.204787,638,720,607,645,621,0
2026-08-14T15:31:11.204787,638,719,606,646,621,0
2026-08-14T15:31:11.204787,638,719,607,645,622,0
2026-08-14T15:31:11.204787,638,719,607,646,621,0
2026-08-14T15:31:11.204787,638,718,607,646,622,0
2026-08-14T15:31:11.204787,638,718,607,644,622,0
2026-08-14T15:31:11.214933,639,719,606,646,621,0
2026-08-14T15:31:11.214933,637,718,606,645,620,0
2026-08-14T15:31:11.214933,638,719,607,646,621,0
2026-08-14T15:31:11.216685,638,721,607,645,621,0
2026-08-14T15:31:11.219054,638,721,607,645,621,0
2026-08-14T15:31:11.219918,638,720,606,645,620,0
2026-08-14T15:31:11.219918,636,720,607,646,621,0
2026-08-14T15:31:11.223196,637,719,607,645,622,0
2026-08-14T15:31:11.223196,637,718,607,646,621,0
2026-08-14T15:31:11.223196,638,720,606,645,621,0
2026-08-14T15:31:11.223196,638,719,607,645,622,0
2026-08-14T15:31:11.223196,637,719,606,646,623,0
2026-08-14T15:31:11.223196,638,720,607,645,622,0
2026-08-14T15:31:11.223196,639,719,606,645,621,0
2026-08-14T15:31:11.229463,638,719,606,646,622,0
2026-08-14T15:31:11.229463,637,719,607,645,621,0
2026-08-14T15:31:11.229463,640,720,607,645,621,0
2026-08-14T15:31:11.229463,638,720,606,645,620,0
2026-08-14T15:31:11.236564,638,720,606,645,622,0
2026-08-14T15:31:11.237782,637,720,607,645,622,0
2026-08-14T15:31:11.237782,638,719,606,646,622,0
2026-08-14T15:31:11.237782,637,720,607,646,620,0
2026-08-14T15:31:11.237782,637,720,605,646,621,0
2026-08-14T15:31:11.237782,638,719,606,645,622,0
2026-08-14T15:31:11.237782,639,720,606,645,622,0
2026-08-14T15:31:11.237782,637,719,606,645,621,0
2026-08-14T15:31:11.237782,639,720,607,646,622,0
2026-08-14T15:31:11.245460,638,718,606,646,621,0
2026-08-14T15:31:11.247834,638,719,606,646,621,0
2026-08-14T15:31:11.247834,638,720,607,645,620,0
2026-08-14T15:31:11.247834,638,720,606,645,621,0
2026-08-14T15:31:11.249848,639,719,606,646,622,0
2026-08-14T15:31:11.252725,637,719,607,645,622,0
2026-08-14T15:31:11.253684,638,719,606,646,621,0
2026-08-14T15:31:11.254193,637,720,606,645,620,0
2026-08-14T15:31:11.255911,639,719,606,646,622,0
2026-08-14T15:31:11.255911,639,718,606,646,622,0
2026-08-14T15:31:11.255911,638,719,606,646,621,0
2026-08-14T15:31:11.260000,639,720,606,644,623,0
2026-08-14T15:31:11.260000,638,721,607,645,621,0
2026-08-14T15:31:11.260000,639,720,606,646,621,0
2026-08-14T15:31:11.261771,637,721,606,646,621,0
2026-08-14T15:31:11.264098,637,720,606,646,622,0
2026-08-14T15:31:11.264098,638,719,607,645,622,0
2026-08-14T15:31:11.264098,638,720,607,645,621,0
2026-08-14T15:31:11.268196,638,719,607,646,621,0
2026-08-14T15:31:11.268196,637,720,605,646,621,0
2026-08-14T15:31:11.270175,639,719,606,645,622,0
2026-08-14T15:31:11.272300,639,720,606,645,621,0
2026-08-14T15:31:11.272300,638,719,606,645,621,0
2026-08-14T15:31:11.272300,639,719,607,645,621,0
2026-08-14T15:31:11.272300,637,720,607,645,622,0
2026-08-14T15:31:11.272300,637,720,607,645,621,0
2026-08-14T15:31:11.272300,637,720,606,646,620,0
2026-08-14T15:31:11.277634,638,719,606,646,623,0
2026-08-14T15:31:11.277634,637,719,607,646,622,0
2026-08-14T15:31:11.277634,637,719,606,645,622,0
2026-08-14T15:31:11.277634,639,719,607,645,620,0
2026-08-14T15:31:11.277634,637,720,606,646,622,0
2026-08-14T15:31:11.277634,638,719,607,646,621,0
2026-08-14T15:31:11.277634,639,719,607,644,621,0
2026-08-14T15:31:11.286211,639,719,606,646,620,0
2026-08-14T15:31:11.287666,639,720,606,645,622,0
2026-08-14T15:31:11.287666,637,720,606,646,621,0
2026-08-14T15:31:11.287666,638,721,607,645,621,0
2026-08-14T15:31:11.290433,638,720,607,645,619,0
2026-08-14T15:31:11.292778,638,719,607,645,621,0
2026-08-14T15:31:11.292778,637,717,607,646,622,0
2026-08-14T15:31:11.292778,637,718,607,645,621,0
2026-08-14T15:31:11.296873,638,719,607,645,620,0
2026-08-14T15:31:11.296873,638,719,607,645,622,0
2026-08-14T15:31:11.296873,638,720,606,645,622,0
2026-08-14T15:31:11.300972,638,720,607,645,621,0
2026-08-14T15:31:11.300972,638,720,606,644,621,0
2026-08-14T15:31:11.302733,639,720,605,645,621,0
2026-08-14T15:31:11.303531,638,719,607,645,621,0
2026-08-14T15:31:11.303880,637,720,607,645,621,0
2026-08-14T15:31:11.303880,638,720,606,645,620,0
2026-08-14T15:31:11.303880,637,720,607,646,621,0
2026-08-14T15:31:11.309205,638,719,607,645,621,0
2026-08-14T15:31:11.309205,638,718,607,645,622,0
2026-08-14T15:31:11.309205,637,719,607,645,621,0
2026-08-14T15:31:11.310992,638,720,606,645,622,0
2026-08-14T15:31:11.311798,639,719,606,645,621,0
2026-08-14T15:31:11.311798,639,720,606,646,621,0
2026-08-14T15:31:11.311798,637,720,606,645,621,0
2026-08-14T15:31:11.311798,638,719,607,645,622,0
2026-08-14T15:31:11.311798,639,719,607,645,621,0
2026-08-14T15:31:11.311798,638,720,607,646,621,0
2026-08-14T15:31:11.319431,637,720,606,645,621,0
2026-08-14T15:31:11.320054,638,719,607,646,621,0
2026-08-14T15:31:11.320054,637,720,607,646,621,0
2026-08-14T15:31:11.320054,639,720,606,646,621,0
2026-08-14T15:31:11.320054,637,720,606,646,621,0
2026-08-14T15:31:11.327055,638,719,607,645,622,0
2026-08-14T15:31:11.327055,637,720,607,645,621,0
2026-08-14T15:31:11.328066,639,720,607,644,622,0
2026-08-14T15:31:11.329130,638,719,607,645,622,0
2026-08-14T15:31:11.330171,638,720,606,646,622,0
2026-08-14T15:31:11.330171,638,719,606,645,622,0
2026-08-14T15:31:11.332887,638,720,607,646,620,0
2026-08-14T15:31:11.333964,639,719,606,645,621,0
2026-08-14T15:31:11.335472,637,720,606,646,621,0
2026-08-14T15:31:11.337762,636,720,606,646,621,0
2026-08-14T15:31:11.337762,638,720,607,646,621,0
2026-08-14T15:31:11.337762,637,720,606,646,620,0
2026-08-14T15:31:11.337762,637,719,607,646,623,0
2026-08-14T15:31:11.341600,638,718,606,645,622,0
2026-08-14T15:31:11.341600,638,719,607,645,621,0
2026-08-14T15:31:11.341600,637,720,606,646,621,0
2026-08-14T15:31:11.346022,638,719,606,645,621,0
2026-08-14T15:31:11.346022,639,718,606,645,622,0
2026-08-14T15:31:11.346022,639,720,607,645,622,0
2026-08-14T15:31:11.346022,638,721,607,645,620,0
2026-08-14T15:31:11.350125,638,720,607,645,621,0
2026-08-14T15:31:11.350125,639,719,606,646,621,0
2026-08-14T15:31:11.350125,637,720,606,646,621,0
2026-08-14T15:31:11.353618,639,720,607,646,620,0
2026-08-14T15:31:11.353618,638,719,607,645,622,0
2026-08-14T15:31:11.353618,638,719,606,646,622,0
2026-08-14T15:31:11.353618,637,719,607,646,621,0
2026-08-14T15:31:11.353618,637,719,607,645,621,0
2026-08-14T15:31:11.353618,638,720,606,645,621,0
2026-08-14T15:31:11.353618,640,719,606,646,621,0
2026-08-14T15:31:11.361931,638,719,606,646,621,0
2026-08-14T15:31:11.362626,638,720,606,645,620,0
2026-08-14T15:31:11.362626,639,721,606,645,621,0
2026-08-14T15:31:11.364638,639,720,606,646,621,0
2026-08-14T15:31:11.364638,637,720,607,646,621,0
2026-08-14T15:31:11.364638,637,720,607,646,620,0
2026-08-14T15:31:11.364638,638,719,607,645,620,0
2026-08-14T15:31:11.370589,638,720,606,646,622,0
2026-08-14T15:31:11.370589,638,720,607,645,621,0
2026-08-14T15:31:11.370589,638,719,606,646,621,0
2026-08-14T15:31:11.374696,637,720,606,645,621,0
2026-08-14T15:31:11.374696,638,718,606,646,621,0
2026-08-14T15:31:11.374696,639,719,606,645,622,0
2026-08-14T15:31:11.374696,638,720,606,646,621,0
2026-08-14T15:31:11.378803,638,720,607,645,620,0
2026-08-14T15:31:11.378803,638,721,607,645,620,0
2026-08-14T15:31:11.378803,639,720,607,645,621,0
2026-08-14T15:31:11.382873,637,721,606,645,621,0
2026-08-14T15:31:11.382873,637,719,607,646,620,0
2026-08-14T15:31:11.382873,637,720,608,646,622,0
2026-08-14T15:31:11.382873,639,719,606,646,621,0
2026-08-14T15:31:11.386958,638,719,607,645,621,0
2026-08-14T15:31:11.386958,637,719,606,645,622,0
2026-08-14T15:31:11.386958,637,720,606,646,622,0
2026-08-14T15:31:11.391073,639,720,607,645,621,0
2026-08-14T15:31:11.391073,638,719,606,646,621,0
2026-08-14T15:31:11.391073,639,719,606,646,621,0
2026-08-14T15:31:11.391073,638,720,607,645,621,0
2026-08-14T15:31:11.395197,638,720,607,646,621,0
2026-08-14T15:31:11.395197,638,720,607,645,621,0
2026-08-14T15:31:11.395197,638,720,606,645,621,0
2026-08-14T15:31:11.395197,638,718,607,646,621,0
2026-08-14T15:31:11.395197,637,718,607,646,621,0
2026-08-14T15:31:11.395197,638,719,606,645,621,0
2026-08-14T15:31:11.402987,637,719,606,645,622,0
2026-08-14T15:31:11.403615,638,720,607,646,622,0
2026-08-14T15:31:11.403615,638,720,607,645,621,0
2026-08-14T15:31:11.403615,638,720,607,646,620,0
2026-08-14T15:31:11.403615,638,720,606,646,622,0
2026-08-14T15:31:11.403615,638,720,607,645,622,0
2026-08-14T15:31:11.403615,638,720,607,646,621,0
2026-08-14T15:31:11.411547,639,720,606,644,621,0
2026-08-14T15:31:11.411547,637,719,607,645,622,0
2026-08-14T15:31:11.413313,638,719,608,646,622,0
2026-08-14T15:31:11.413313,637,720,606,646,622,0
2026-08-14T15:31:11.415327,638,721,606,646,621,0
2026-08-14T15:31:11.415327,638,719,606,645,623,0
2026-08-14T15:31:11.417341,637,719,606,645,622,0
2026-08-14T15:31:11.419102,639,719,606,646,622,0
2026-08-14T15:31:11.420372,638,720,607,645,620,0
2026-08-14T15:31:11.420740,639,720,606,646,621,0
2026-08-14T15:31:11.420740,638,719,607,645,622,0
2026-08-14T15:31:11.423850,637,720,607,645,621,0
2026-08-14T15:31:11.423850,639,720,607,645,621,0
2026-08-14T15:31:11.423850,637,721,607,646,621,0
2026-08-14T15:31:11.427946,639,720,606,646,622,0
2026-08-14T15:31:11.427946,637,721,607,646,622,0
2026-08-14T15:31:11.427946,637,720,607,646,622,0
2026-08-14T15:31:11.427946,637,720,607,645,622,0
2026-08-14T15:31:11.427946,638,718,606,646,622,0
2026-08-14T15:31:11.427946,639,719,607,645,622,0
2026-08-14T15:31:11.427946,638,720,607,646,621,0
2026-08-14T15:31:11.436156,638,720,607,645,622,0
2026-08-14T15:31:11.437169,638,720,607,646,622,0
2026-08-14T15:31:11.437169,638,720,607,646,621,0
2026-08-14T15:31:11.437169,637,721,607,645,621,0
2026-08-14T15:31:11.437169,638,720,607,645,621,0
2026-08-14T15:31:11.437169,638,720,606,646,621,0
2026-08-14T15:31:11.437169,639,719,606,646,622,0
2026-08-14T15:31:11.443405,638,720,607,646,620,0
2026-08-14T15:31:11.443405,637,720,606,646,622,0
2026-08-14T15:31:11.445426,638,720,606,646,622,0
2026-08-14T15:31:11.448490,639,719,606,646,621,0
2026-08-14T15:31:11.449046,638,719,607,646,620,0
2026-08-14T15:31:11.449718,638,720,606,645,620,0
2026-08-14T15:31:11.450669,639,720,607,645,621,0
2026-08-14T15:31:11.452306,639,721,607,645,621,0
2026-08-14T15:31:11.453417,638,719,607,646,621,0
2026-08-14T15:31:11.454164,639,721,608,646,621,0
2026-08-14T15:31:11.456773,638,718,608,646,621,0
2026-08-14T15:31:11.456773,637,719,606,645,622,0
2026-08-14T15:31:11.456773,637,719,606,646,621,0
2026-08-14T15:31:11.456773,638,719,606,646,623,0
2026-08-14T15:31:11.460736,637,720,607,646,621,0
2026-08-14T15:31:11.460736,638,720,607,646,622,0
2026-08-14T15:31:11.460736,638,719,607,645,621,0
2026-08-14T15:31:11.464799,638,720,606,646,622,0
2026-08-14T15:31:11.464799,639,721,607,646,622,0
2026-08-14T15:31:11.464799,637,720,607,644,621,0
2026-08-14T15:31:11.468897,639,720,607,645,620,0
2026-08-14T15:31:11.470496,637,720,608,646,622,0
2026-08-14T15:31:11.470496,637,720,607,646,622,0
2026-08-14T15:31:11.472026,638,720,607,646,621,0
2026-08-14T15:31:11.472026,638,719,607,645,621,0
2026-08-14T15:31:11.474039,638,720,606,646,621,0
2026-08-14T15:31:11.474039,638,720,607,646,622,0
2026-08-14T15:31:11.475549,638,721,607,646,622,0
2026-08-14T15:31:11.475549,639,719,606,645,621,0
2026-08-14T15:31:11.475549,638,720,607,646,622,0
2026-08-14T15:31:11.475549,639,719,606,646,621,0
2026-08-14T15:31:11.475549,639,719,607,645,622,0
2026-08-14T15:31:11.475549,638,720,606,646,620,0
2026-08-14T15:31:11.475549,637,721,606,646,621,0
2026-08-14T15:31:11.483867,637,719,608,646,621,0
2026-08-14T15:31:11.486055,639,720,607,646,621,0
2026-08-14T15:31:11.486553,638,721,608,645,622,0
2026-08-14T15:31:11.486553,638,719,607,646,622,0
2026-08-14T15:31:11.489446,637,718,606,646,623,0
2026-08-14T15:31:11.489446,638,719,606,645,621,0
2026-08-14T15:31:11.489446,638,720,606,646,621,0
2026-08-14T15:31:11.492233,638,720,607,645,623,0
2026-08-14T15:31:11.492233,639,718,607,645,622,0
2026-08-14T15:31:11.492233,638,719,608,645,622,0
2026-08-14T15:31:11.496938,639,720,607,645,621,0
2026-08-14T15:31:11.496938,639,720,607,645,623,0
2026-08-14T15:31:11.496938,638,719,607,646,622,0
2026-08-14T15:31:11.496938,637,720,607,646,621,0
2026-08-14T15:31:11.500272,638,720,608,645,620,0
2026-08-14T15:31:11.502742,639,720,606,646,622,0
2026-08-14T15:31:11.503257,638,719,607,645,623,0
2026-08-14T15:31:11.503257,638,719,606,646,621,0
2026-08-14T15:31:11.503257,637,720,607,646,621,0
2026-08-14T15:31:11.503257,638,721,607,645,621,0
2026-08-14T15:31:11.503257,639,720,607,645,622,0
2026-08-14T15:31:11.509849,639,720,608,646,621,0
2026-08-14T15:31:11.509849,638,720,607,645,621,0
2026-08-14T15:31:11.509849,639,720,607,645,622,0
2026-08-14T15:31:11.514152,639,719,607,645,622,0
2026-08-14T15:31:11.514152,638,719,608,646,621,0
2026-08-14T15:31:11.514152,638,721,607,647,621,0
2026-08-14T15:31:11.515910,639,719,607,646,621,0
2026-08-14T15:31:11.515910,637,720,606,645,622,0
2026-08-14T15:31:11.515910,639,719,607,645,621,0
2026-08-14T15:31:11.519395,637,721,606,646,621,0
2026-08-14T15:31:11.520096,639,719,606,646,623,0
2026-08-14T15:31:11.520096,639,719,607,645,622,0
2026-08-14T15:31:11.520096,638,722,607,645,622,0
2026-08-14T15:31:11.520096,639,720,607,645,622,0
2026-08-14T15:31:11.524391,637,720,607,645,620,0
2026-08-14T15:31:11.524391,637,720,608,646,621,0
2026-08-14T15:31:11.524391,639,719,608,646,622,0
2026-08-14T15:31:11.524391,638,719,607,646,620,0
2026-08-14T15:31:11.524391,637,720,607,646,623,0
2026-08-14T15:31:11.524391,637,719,607,646,622,0
2026-08-14T15:31:11.534448,638,720,608,645,622,0
2026-08-14T15:31:11.534448,638,719,607,645,622,0
2026-08-14T15:31:11.534448,638,719,607,646,622,0
2026-08-14T15:31:11.536720,639,719,607,645,622,0
2026-08-14T15:31:11.538529,639,721,607,646,620,0
2026-08-14T15:31:11.538529,639,721,606,646,620,0
2026-08-14T15:31:11.538529,638,721,607,645,623,0
2026-08-14T15:31:11.542623,637,720,607,646,621,0
2026-08-14T15:31:11.542623,638,721,607,645,621,0
2026-08-14T15:31:11.542623,638,720,606,646,621,0
2026-08-14T15:31:11.542623,638,719,607,646,621,0
2026-08-14T15:31:11.546722,638,719,607,646,622,0
2026-08-14T15:31:11.546722,638,719,608,646,621,0
2026-08-14T15:31:11.546722,638,719,607,645,621,0
2026-08-14T15:31:11.550823,639,719,606,645,622,0
2026-08-14T15:31:11.550823,638,720,606,646,622,0
2026-08-14T15:31:11.552859,638,720,607,646,621,0
2026-08-14T15:31:11.553598,639,721,606,645,620,0
2026-08-14T15:31:11.553598,638,720,607,645,622,0
2026-08-14T15:31:11.553598,637,720,607,646,622,0
2026-08-14T15:31:11.553598,638,721,607,646,621,0
2026-08-14T15:31:11.557470,638,721,607,645,619,0
2026-08-14T15:31:11.557470,638,720,607,646,621,0
2026-08-14T15:31:11.557470,638,719,608,646,623,0
2026-08-14T15:31:11.557470,638,719,607,646,621,0
2026-08-14T15:31:11.557470,637,720,607,645,622,0
2026-08-14T15:31:11.557470,639,720,607,646,622,0
2026-08-14T15:31:11.557470,639,719,606,646,622,0
2026-08-14T15:31:11.565111,639,720,607,646,621,0
2026-08-14T15:31:11.565111,639,720,607,645,621,0
2026-08-14T15:31:11.565111,639,720,607,646,621,0
2026-08-14T15:31:11.570556,638,720,608,646,622,0
2026-08-14T15:31:11.570556,637,721,607,645,621,0
2026-08-14T15:31:11.570556,638,720,607,646,621,0
2026-08-14T15:31:11.573289,637,721,607,646,622,0
2026-08-14T15:31:11.573289,639,718,607,646,621,0
2026-08-14T15:31:11.573289,638,719,608,646,622,0
2026-08-14T15:31:11.573289,637,719,606,646,621,0
2026-08-14T15:31:11.579506,638,720,607,645,622,0
2026-08-14T15:31:11.579506,639,720,606,645,621,0
2026-08-14T15:31:11.579506,639,718,607,645,622,0
2026-08-14T15:31:11.579506,639,720,606,646,621,0
2026-08-14T15:31:11.583599,638,720,607,646,621,0
2026-08-14T15:31:11.583599,639,719,607,645,621,0
2026-08-14T15:31:11.583599,638,719,607,646,621,0
2026-08-14T15:31:11.587853,638,719,607,645,620,0
2026-08-14T15:31:11.587853,637,720,607,646,621,0
2026-08-14T15:31:11.587853,637,721,607,646,622,0
2026-08-14T15:31:11.589615,638,720,606,646,622,0
2026-08-14T15:31:11.590621,638,719,606,647,621,0
2026-08-14T15:31:11.590621,639,719,606,646,622,0
2026-08-14T15:31:11.590621,638,720,606,646,621,0
2026-08-14T15:31:11.590621,640,719,607,645,621,0
2026-08-14T15:31:11.590621,638,720,607,646,620,0
2026-08-14T15:31:11.590621,639,720,607,646,621,0
2026-08-14T15:31:11.598716,639,721,607,645,621,0
2026-08-14T15:31:11.598716,638,720,608,646,621,0
2026-08-14T15:31:11.598716,638,720,607,646,621,0
2026-08-14T15:31:11.598716,638,720,607,646,621,0
2026-08-14T15:31:11.603431,637,720,608,646,622,0
2026-08-14T15:31:11.603431,638,721,607,646,621,0
2026-08-14T15:31:11.603431,638,721,607,647,621,0
2026-08-14T15:31:11.606186,638,719,607,646,622,0
2026-08-14T15:31:11.606186,638,718,607,645,622,0
2026-08-14T15:31:11.606186,639,720,607,646,622,0
2026-08-14T15:31:11.606186,638,719,607,645,622,0
2026-08-14T15:31:11.606186,638,719,606,646,622,0
2026-08-14T15:31:11.606186,637,721,607,645,622,0
2026-08-14T15:31:11.606186,638,719,607,646,621,0
2026-08-14T15:31:11.616348,638,722,607,646,621,0
2026-08-14T15:31:11.616348,638,719,607,646,621,0
2026-08-14T15:31:11.616348,638,718,607,646,622,0
2026-08-14T15:31:11.616348,639,719,607,646,622,0
2026-08-14T15:31:11.620294,639,719,606,646,621,0
2026-08-14T15:31:11.620294,638,719,607,646,623,0
2026-08-14T15:31:11.620294,639,720,608,645,622,0
2026-08-14T15:31:11.622873,638,720,607,645,620,0
2026-08-14T15:31:11.622873,640,720,607,645,620,0
2026-08-14T15:31:11.622873,639,720,606,645,621,0
2026-08-14T15:31:11.622873,637,719,608,646,622,0
2026-08-14T15:31:11.628649,638,720,607,646,621,0
2026-08-14T15:31:11.628649,639,720,607,646,621,0
2026-08-14T15:31:11.628649,638,720,607,646,622,0
2026-08-14T15:31:11.632749,637,718,606,647,622,0
2026-08-14T15:31:11.632749,638,720,607,646,622,0
2026-08-14T15:31:11.632749,638,721,607,646,622,0
2026-08-14T15:31:11.636967,639,719,607,645,622,0
2026-08-14T15:31:11.636967,639,720,606,645,623,0
2026-08-14T15:31:11.636967,639,721,607,645,621,0
2026-08-14T15:31:11.638726,639,721,607,646,621,0
2026-08-14T15:31:11.639910,638,720,606,645,622,0
2026-08-14T15:31:11.639910,639,720,607,646,621,0
2026-08-14T15:31:11.639910,638,719,608,646,621,0
2026-08-14T15:31:11.639910,637,720,608,646,621,0
2026-08-14T15:31:11.639910,638,720,607,646,622,0
2026-08-14T15:31:11.639910,638,720,606,646,622,0
2026-08-14T15:31:11.647095,638,719,607,645,622,0
2026-08-14T15:31:11.649111,638,721,607,645,621,0
2026-08-14T15:31:11.649111,638,721,607,646,623,0
2026-08-14T15:31:11.649111,639,718,606,645,622,0
2026-08-14T15:31:11.653196,639,720,606,646,621,0
2026-08-14T15:31:11.653498,639,720,606,646,621,0
2026-08-14T15:31:11.653498,639,720,607,645,621,0
2026-08-14T15:31:11.655345,638,718,607,645,621,0
2026-08-14T15:31:11.655345,639,720,607,645,622,0
2026-08-14T15:31:11.655345,637,720,607,647,621,0
2026-08-14T15:31:11.655345,636,721,607,646,622,0
2026-08-14T15:31:11.655345,638,720,607,645,622,0
2026-08-14T15:31:11.655345,639,719,607,645,621,0
2026-08-14T15:31:11.655345,638,719,606,647,622,0
2026-08-14T15:31:11.665526,637,721,607,646,622,0
2026-08-14T15:31:11.665526,639,719,606,645,622,0
2026-08-14T15:31:11.665526,639,720,606,646,622,0
2026-08-14T15:31:11.665526,639,719,606,646,621,0
2026-08-14T15:31:11.669443,638,719,607,646,622,0
2026-08-14T15:31:11.670508,638,720,608,646,621,0
2026-08-14T15:31:11.670508,638,720,607,645,621,0
2026-08-14T15:31:11.673705,638,720,607,646,621,0
2026-08-14T15:31:11.673705,638,720,607,646,623,0
2026-08-14T15:31:11.673705,637,719,608,646,621,0
2026-08-14T15:31:11.673705,637,720,607,645,622,0
2026-08-14T15:31:11.677151,638,719,607,647,621,0
2026-08-14T15:31:11.677151,638,718,607,646,622,0
2026-08-14T15:31:11.677151,639,719,606,646,621,0
2026-08-14T15:31:11.679690,639,720,607,645,622,0
2026-08-14T15:31:11.679690,639,719,606,645,620,0
2026-08-14T15:31:11.679690,638,720,607,646,622,0
2026-08-14T15:31:11.679690,639,720,607,645,621,0
2026-08-14T15:31:11.679690,638,721,607,645,620,0
2026-08-14T15:31:11.686958,638,720,607,646,620,0
2026-08-14T15:31:11.688188,638,720,607,646,622,0
2026-08-14T15:31:11.688188,637,718,607,646,621,0
2026-08-14T15:31:11.688188,637,719,607,645,622,0
2026-08-14T15:31:11.688188,638,719,608,646,621,0
2026-08-14T15:31:11.688188,639,719,607,645,622,0
2026-08-14T15:31:11.688188,638,719,607,645,623,0
2026-08-14T15:31:11.688188,638,721,607,645,621,0
2026-08-14T15:31:11.688188,639,720,607,645,620,0
2026-08-14T15:31:11.698461,639,720,607,645,621,0
2026-08-14T15:31:11.698461,638,720,607,645,622,0
2026-08-14T15:31:11.698461,639,719,607,645,621,0
2026-08-14T15:31:11.700906,637,721,607,646,621,0
2026-08-14T15:31:11.703516,639,720,607,646,622,0
2026-08-14T15:31:11.704344,639,719,607,646,622,0
2026-08-14T15:31:11.704344,638,719,607,646,622,0
2026-08-14T15:31:11.704344,637,720,607,646,621,0
2026-08-14T15:31:11.704344,638,719,607,645,622,0
2026-08-14T15:31:11.704344,639,719,606,646,622,0
2026-08-14T15:31:11.704344,639,720,607,645,622,0
2026-08-14T15:31:11.704344,639,720,607,645,621,0
2026-08-14T15:31:11.704344,638,721,606,647,621,0
2026-08-14T15:31:11.712287,638,719,607,646,621,0
2026-08-14T15:31:11.712287,638,719,607,646,622,0
2026-08-14T15:31:11.712287,638,719,607,645,620,0
2026-08-14T15:31:11.712287,638,720,608,645,621,0
2026-08-14T15:31:11.712287,638,719,607,646,622,0
2026-08-14T15:31:11.719508,638,720,606,646,622,0
2026-08-14T15:31:11.720134,638,719,607,646,622,0
2026-08-14T15:31:11.720134,638,719,607,645,621,0
2026-08-14T15:31:11.722836,638,720,607,646,621,0
2026-08-14T15:31:11.722836,639,719,606,645,622,0
2026-08-14T15:31:11.724077,639,719,607,645,621,0
2026-08-14T15:31:11.726950,638,720,606,645,621,0
2026-08-14T15:31:11.726950,638,721,607,646,621,0
2026-08-14T15:31:11.726950,637,720,607,646,621,0
2026-08-14T15:31:11.731054,638,720,607,646,621,0
2026-08-14T15:31:11.731853,637,720,607,646,623,0
2026-08-14T15:31:11.731853,637,719,608,646,622,0
2026-08-14T15:31:11.731853,638,719,607,646,621,0
2026-08-14T15:31:11.731853,639,719,607,646,621,0
2026-08-14T15:31:11.736198,637,720,606,646,622,0
2026-08-14T15:31:11.736198,639,716,608,646,622,0
2026-08-14T15:31:11.739210,639,720,607,645,621,0
2026-08-14T15:31:11.739210,639,720,606,645,620,0
2026-08-14T15:31:11.739210,638,720,606,646,621,0
2026-08-14T15:31:11.739210,637,719,607,645,621,0
2026-08-14T15:31:11.742767,637,720,608,646,621,0
2026-08-14T15:31:11.742767,639,720,607,646,621,0
2026-08-14T15:31:11.744372,637,719,607,647,621,0
2026-08-14T15:31:11.747437,637,718,607,646,622,0
2026-08-14T15:31:11.747437,637,719,607,646,621,0
2026-08-14T15:31:11.747437,638,721,607,646,621,0
2026-08-14T15:31:11.747437,638,718,607,645,623,0
2026-08-14T15:31:11.747437,638,719,607,646,622,0
2026-08-14T15:31:11.747437,639,719,607,645,621,0
2026-08-14T15:31:11.753290,639,720,607,645,621,0
2026-08-14T15:31:11.754065,639,720,606,645,623,0
2026-08-14T15:31:11.754065,638,718,606,646,621,0
2026-08-14T15:31:11.757398,638,722,607,646,621,0
2026-08-14T15:31:11.757398,637,720,607,645,621,0
2026-08-14T15:31:11.759710,638,719,607,646,622,0
2026-08-14T15:31:11.759710,638,718,607,645,622,0
2026-08-14T15:31:11.760732,638,720,606,646,622,0
2026-08-14T15:31:11.760732,639,720,607,646,621,0
2026-08-14T15:31:11.760732,637,720,607,646,621,0
2026-08-14T15:31:11.760732,639,719,606,646,621,0
2026-08-14T15:31:11.760732,639,721,607,645,622,0
2026-08-14T15:31:11.760732,639,720,606,645,621,0
2026-08-14T15:31:11.769387,638,721,607,646,620,0
2026-08-14T15:31:11.770313,639,719,607,645,622,0
2026-08-14T15:31:11.770313,637,719,608,645,622,0
2026-08-14T15:31:11.770313,637,720,607,646,620,0
2026-08-14T15:31:11.770313,639,720,607,646,622,0
2026-08-14T15:31:11.770313,638,720,607,645,622,0
2026-08-14T15:31:11.770313,638,720,607,645,622,0
2026-08-14T15:31:11.777273,637,720,607,646,621,0
2026-08-14T15:31:11.777273,638,719,607,645,622,0
2026-08-14T15:31:11.779780,639,719,606,645,622,0
2026-08-14T15:31:11.779780,639,720,607,646,621,0
2026-08-14T15:31:11.779780,639,719,606,646,622,0
2026-08-14T15:31:11.784298,638,720,607,645,622,0
2026-08-14T15:31:11.784298,638,720,607,645,621,0
2026-08-14T15:31:11.785339,638,721,607,645,621,0
2026-08-14T15:31:11.786881,638,720,607,646,621,0
2026-08-14T15:31:11.788386,638,719,607,646,623,0
2026-08-14T15:31:11.788386,638,719,607,646,622,0
2026-08-14T15:31:11.788386,639,720,607,645,622,0
2026-08-14T15:31:11.791044,639,719,607,646,621,0
2026-08-14T15:31:11.791044,638,719,607,646,622,0
2026-08-14T15:31:11.793694,638,720,607,645,621,0
2026-08-14T15:31:11.793694,639,720,608,645,621,0
2026-08-14T15:31:11.793694,639,720,606,646,620,0
2026-08-14T15:31:11.793694,639,719,607,646,622,0
2026-08-14T15:31:11.793694,639,721,607,645,621,0
2026-08-14T15:31:11.793694,639,721,607,645,621,0
2026-08-14T15:31:11.793694,639,721,607,646,620,0
2026-08-14T15:31:11.801993,637,719,607,645,621,0
2026-08-14T15:31:11.803452,638,718,607,647,622,0
2026-08-14T15:31:11.803452,638,720,607,646,622,0
2026-08-14T15:31:11.803452,638,720,607,646,621,0
2026-08-14T15:31:11.803452,637,719,606,646,623,0
2026-08-14T15:31:11.803452,637,720,607,645,623,0
2026-08-14T15:31:11.803452,638,720,607,646,621,0
2026-08-14T15:31:11.810495,638,720,607,646,621,0
2026-08-14T15:31:11.812961,639,719,606,646,623,0
2026-08-14T15:31:11.812961,638,720,608,646,622,0
2026-08-14T15:31:11.812961,638,722,607,646,621,0
2026-08-14T15:31:11.812961,639,720,607,645,621,0
2026-08-14T15:31:11.817073,639,720,606,646,622,0
2026-08-14T15:31:11.817073,637,719,607,646,622,0
2026-08-14T15:31:11.817073,638,719,607,646,622,0
2026-08-14T15:31:11.820464,638,720,608,646,621,0
2026-08-14T15:31:11.821397,637,720,606,646,621,0
2026-08-14T15:31:11.821397,638,719,606,646,623,0
2026-08-14T15:31:11.823409,638,719,608,645,621,0
2026-08-14T15:31:11.825355,638,719,607,645,621,0
2026-08-14T15:31:11.825355,638,720,606,645,621,0
2026-08-14T15:31:11.825355,639,720,607,646,621,0
2026-08-14T15:31:11.828446,638,719,607,646,622,0
2026-08-14T15:31:11.830129,639,721,608,646,621,0
2026-08-14T15:31:11.830645,638,720,607,645,623,0
2026-08-14T15:31:11.833116,639,720,606,646,622,0
2026-08-14T15:31:11.833116,639,719,608,645,622,0
2026-08-14T15:31:11.834171,637,721,607,647,621,0
2026-08-14T15:31:11.835217,639,720,607,646,621,0
2026-08-14T15:31:11.836686,639,719,607,645,622,0
2026-08-14T15:31:11.836686,640,720,607,645,622,0
2026-08-14T15:31:11.836686,638,720,606,646,621,0
2026-08-14T15:31:11.841648,638,720,606,646,621,0
2026-08-14T15:31:11.841648,639,718,608,644,622,0
2026-08-14T15:31:11.841648,639,720,607,645,622,0
2026-08-14T15:31:11.841648,638,720,607,645,621,0
2026-08-14T15:31:11.845211,638,720,607,646,621,0
2026-08-14T15:31:11.845211,637,720,608,646,622,0
2026-08-14T15:31:11.845211,638,720,607,646,621,0
2026-08-14T15:31:11.845211,639,719,607,645,622,0
2026-08-14T15:31:11.845211,637,720,606,647,622,0
2026-08-14T15:31:11.845211,637,719,607,646,623,0
2026-08-14T15:31:11.845211,639,720,607,646,621,0
2026-08-14T15:31:11.853512,639,719,607,646,622,0
2026-08-14T15:31:11.853512,639,719,606,646,622,0
2026-08-14T15:31:11.853512,639,719,608,645,623,0
2026-08-14T15:31:11.853512,638,720,607,646,622,0
2026-08-14T15:31:11.853512,638,720,607,645,622,0
2026-08-14T15:31:11.853512,639,720,607,645,622,0
2026-08-14T15:31:11.853512,637,719,607,646,622,0
2026-08-14T15:31:11.860132,637,720,607,647,622,0
2026-08-14T15:31:11.860132,638,720,606,646,621,0
2026-08-14T15:31:11.860132,638,719,607,646,622,0
2026-08-14T15:31:11.860132,638,718,606,646,622,0
2026-08-14T15:31:11.860132,638,719,607,645,622,0
2026-08-14T15:31:11.860132,638,721,606,645,622,0
2026-08-14T15:31:11.870421,638,720,607,645,621,0
2026-08-14T15:31:11.870421,639,720,607,645,622,0
2026-08-14T15:31:11.870421,637,722,607,646,621,0
2026-08-14T15:31:11.870421,638,720,606,646,621,0
2026-08-14T15:31:11.870421,639,720,607,645,622,0
2026-08-14T15:31:11.870421,639,718,608,645,622,0
2026-08-14T15:31:11.870421,637,719,608,646,622,0
2026-08-14T15:31:11.876446,637,720,607,646,621,0
2026-08-14T15:31:11.876446,638,720,606,645,622,0
2026-08-14T15:31:11.876446,639,720,607,645,622,0
2026-08-14T15:31:11.876446,639,719,608,645,622,0
2026-08-14T15:31:11.876446,637,721,606,646,621,0
2026-08-14T15:31:11.876446,638,720,607,646,622,0
2026-08-14T15:31:11.876446,638,720,607,646,622,0
2026-08-14T15:31:11.886233,638,720,607,646,620,0
2026-08-14T15:31:11.887051,638,721,607,645,620,0
2026-08-14T15:31:11.887051,637,720,607,646,623,0
2026-08-14T15:31:11.888392,638,719,608,646,622,0
2026-08-14T15:31:11.888392,638,720,607,645,622,0
2026-08-14T15:31:11.888392,637,719,606,646,621,0
2026-08-14T15:31:11.888392,637,719,608,646,622,0
2026-08-14T15:31:11.894874,637,720,608,645,623,0
2026-08-14T15:31:11.894874,639,719,607,646,622,0
2026-08-14T15:31:11.894874,638,720,607,645,622,0
2026-08-14T15:31:11.898972,639,720,607,646,621,0
2026-08-14T15:31:11.898972,637,721,607,645,621,0
2026-08-14T15:31:11.898972,637,720,607,646,622,0
2026-08-14T15:31:11.898972,639,720,607,646,620,0
2026-08-14T15:31:11.902797,636,719,607,646,623,0
2026-08-14T15:31:11.903530,638,719,608,646,622,0
2026-08-14T15:31:11.903530,639,720,607,646,622,0
2026-08-14T15:31:11.907198,639,719,607,645,622,0
2026-08-14T15:31:11.907198,637,720,606,647,621,0
2026-08-14T15:31:11.907198,639,718,606,646,623,0
2026-08-14T15:31:11.909343,638,720,607,645,621,0
2026-08-14T15:31:11.911248,639,720,607,645,621,0
2026-08-14T15:31:11.912112,639,719,607,645,623,0
2026-08-14T15:31:11.913059,638,719,607,645,622,0
2026-08-14T15:31:11.915350,639,719,608,646,622,0
2026-08-14T15:31:11.915350,639,721,606,646,620,0
2026-08-14T15:31:11.915350,638,721,607,646,622,0
2026-08-14T15:31:11.917496,638,719,607,646,622,0
2026-08-14T15:31:11.917496,638,720,608,646,622,0
2026-08-14T15:31:11.920381,638,720,607,645,622,0
2026-08-14T15:31:11.920381,638,720,606,646,622,0
2026-08-14T15:31:11.923550,639,718,606,646,622,0
2026-08-14T15:31:11.923550,639,719,608,645,622,0
2026-08-14T15:31:11.923550,639,721,607,645,620,0
2026-08-14T15:31:11.925677,639,721,606,645,621,0
2026-08-14T15:31:11.927648,639,720,607,645,622,0
2026-08-14T15:31:11.927648,639,720,608,646,621,0
2026-08-14T15:31:11.927648,637,721,607,645,621,0
2026-08-14T15:31:11.929977,637,721,607,645,621,0
2026-08-14T15:31:11.929977,638,717,607,647,622,0
2026-08-14T15:31:11.929977,639,719,606,645,621,0
2026-08-14T15:31:11.934067,637,719,608,646,621,0
2026-08-14T15:31:11.936625,637,720,607,646,623,0
2026-08-14T15:31:11.937373,638,720,607,646,622,0
2026-08-14T15:31:11.937373,640,720,606,645,622,0
2026-08-14T15:31:11.937373,638,720,606,646,621,0
2026-08-14T15:31:11.937373,638,720,606,646,621,0
2026-08-14T15:31:11.937373,638,720,607,646,622,0
2026-08-14T15:31:11.942249,638,721,608,645,621,0
2026-08-14T15:31:11.942249,637,721,607,646,621,0
2026-08-14T15:31:11.942249,639,720,607,647,622,0
2026-08-14T15:31:11.942249,638,718,607,646,622,0
2026-08-14T15:31:11.942249,638,720,606,646,622,0
2026-08-14T15:31:11.942249,638,721,606,647,622,0
2026-08-14T15:31:11.942249,638,719,607,646,622,0
2026-08-14T15:31:11.950483,638,720,607,646,623,0
2026-08-14T15:31:11.953186,639,721,607,645,621,0
2026-08-14T15:31:11.953999,638,720,606,646,621,0
2026-08-14T15:31:11.953999,639,720,606,645,622,0
2026-08-14T15:31:11.953999,638,719,608,646,621,0
2026-08-14T15:31:11.956983,637,719,607,646,621,0
2026-08-14T15:31:11.957395,638,720,607,645,621,0
2026-08-14T15:31:11.959047,638,719,607,645,622,0
2026-08-14T15:31:11.959047,638,721,607,646,622,0
2026-08-14T15:31:11.959047,638,721,607,645,621,0
2026-08-14T15:31:11.964519,639,720,607,646,621,0
2026-08-14T15:31:11.965288,638,720,606,646,622,0
2026-08-14T15:31:11.965859,637,718,608,646,623,0
2026-08-14T15:31:11.966502,638,720,607,645,622,0
2026-08-14T15:31:11.968602,638,720,607,645,620,0
2026-08-14T15:31:11.968602,638,720,606,645,621,0
2026-08-14T15:31:11.970068,638,719,608,646,621,0
2026-08-14T15:31:11.972592,638,719,608,646,620,0
2026-08-14T15:31:11.972592,638,720,607,646,620,0
2026-08-14T15:31:11.972592,639,720,607,646,621,0
2026-08-14T15:31:11.972592,638,718,607,646,621,0
2026-08-14T15:31:11.976803,638,720,608,645,622,0
2026-08-14T15:31:11.976803,637,721,607,645,622,0
2026-08-14T15:31:11.976803,638,719,607,645,622,0
2026-08-14T15:31:11.980909,639,719,608,645,622,0
2026-08-14T15:31:11.980909,639,718,607,646,621,0
2026-08-14T15:31:11.980909,638,721,606,645,620,0
2026-08-14T15:31:11.980909,639,720,606,646,623,0
2026-08-14T15:31:11.984999,638,720,607,646,621,0
2026-08-14T15:31:11.984999,637,720,607,646,621,0
2026-08-14T15:31:11.986464,638,721,607,646,620,0
2026-08-14T15:31:11.986973,637,721,607,645,621,0
2026-08-14T15:31:11.986973,637,719,606,646,622,0
2026-08-14T15:31:11.986973,638,720,607,646,622,0
2026-08-14T15:31:11.990836,638,719,607,646,621,0
2026-08-14T15:31:11.993201,637,720,607,645,623,0
2026-08-14T15:31:11.993201,638,719,607,645,622,0
2026-08-14T15:31:11.993201,639,720,607,645,621,0
2026-08-14T15:31:11.995991,639,720,606,646,621,0
2026-08-14T15:31:11.995991,638,721,607,645,621,0
2026-08-14T15:31:11.995991,638,721,607,645,622,0
2026-08-14T15:31:11.999007,638,720,607,645,622,0
2026-08-14T15:31:12.001622,639,720,607,646,621,0
2026-08-14T15:31:12.001622,638,719,607,646,621,0
2026-08-14T15:31:12.003406,638,718,607,645,622,0
2026-08-14T15:31:12.003406,638,720,606,646,621,0
2026-08-14T15:31:12.003406,638,720,606,646,621,0
2026-08-14T15:31:12.003406,638,719,606,646,622,0
2026-08-14T15:31:12.009675,638,720,607,646,622,0
2026-08-14T15:31:12.009675,640,720,606,646,621,0
2026-08-14T15:31:12.009675,638,719,607,646,621,0
2026-08-14T15:31:12.009675,639,720,607,646,623,0
2026-08-14T15:31:12.009675,638,720,607,645,622,0
2026-08-14T15:31:12.009675,637,721,607,645,622,0
2026-08-14T15:31:12.009675,639,720,608,646,621,0
2026-08-14T15:31:12.009675,637,719,607,646,623,0
2026-08-14T15:31:12.018033,638,719,607,646,622,0
2026-08-14T15:31:12.019504,638,719,607,645,622,0
2026-08-14T15:31:12.020092,638,719,607,646,621,0
2026-08-14T15:31:12.020092,637,720,606,646,622,0
2026-08-14T15:31:12.020092,638,719,606,647,621,0
2026-08-14T15:31:12.020092,639,721,608,646,621,0
2026-08-14T15:31:12.025950,640,720,606,645,621,0
2026-08-14T15:31:12.025950,638,720,607,646,621,0
2026-08-14T15:31:12.025950,638,720,607,645,621,0
2026-08-14T15:31:12.025950,639,719,608,646,621,0
2026-08-14T15:31:12.029510,638,722,607,645,620,0
2026-08-14T15:31:12.029510,639,720,606,646,623,0
2026-08-14T15:31:12.029510,638,719,607,646,622,0
2026-08-14T15:31:12.034199,637,721,607,646,622,0
2026-08-14T15:31:12.034199,637,721,607,646,621,0
2026-08-14T15:31:12.034199,639,720,607,646,622,0
2026-08-14T15:31:12.038250,639,719,606,645,622,0
2026-08-14T15:31:12.038250,637,720,608,646,621,0
2026-08-14T15:31:12.038250,639,720,607,645,622,0
2026-08-14T15:31:12.038250,639,721,607,645,621,0
2026-08-14T15:31:12.042323,638,720,608,646,621,0
2026-08-14T15:31:12.042323,638,720,607,646,621,0
2026-08-14T15:31:12.042323,638,721,607,646,620,0
2026-08-14T15:31:12.046448,639,720,606,645,623,0
2026-08-14T15:31:12.047178,638,719,607,646,622,0
2026-08-14T15:31:12.047178,638,720,606,646,622,0
2026-08-14T15:31:12.047178,638,719,607,645,622,0
2026-08-14T15:31:12.050514,639,720,607,645,621,0
2026-08-14T15:31:12.050514,639,718,607,646,621,0
2026-08-14T15:31:12.050514,639,719,607,646,621,0
2026-08-14T15:31:12.054130,639,720,606,645,621,0
2026-08-14T15:31:12.054130,639,720,606,646,621,0
2026-08-14T15:31:12.054130,639,720,608,646,621,0
2026-08-14T15:31:12.054130,638,721,607,645,621,0
2026-08-14T15:31:12.058833,638,720,607,646,622,0
2026-08-14T15:31:12.058833,637,719,607,647,621,0
2026-08-14T15:31:12.058833,637,719,607,646,622,0
2026-08-14T15:31:12.058833,638,720,608,645,622,0
2026-08-14T15:31:12.058833,637,720,606,646,622,0
2026-08-14T15:31:12.058833,637,720,606,646,622,0
2026-08-14T15:31:12.058833,639,720,607,645,622,0
2026-08-14T15:31:12.067329,638,719,606,645,622,0
2026-08-14T15:31:12.067329,639,721,607,645,620,0
2026-08-14T15:31:12.069342,638,720,606,646,623,0
2026-08-14T15:31:12.070155,639,719,607,645,621,0
2026-08-14T15:31:12.070155,638,721,607,645,622,0
2026-08-14T15:31:12.070155,639,720,607,646,620,0
2026-08-14T15:31:12.075097,638,720,607,647,623,0
2026-08-14T15:31:12.075097,638,717,607,646,622,0
2026-08-14T15:31:12.075097,639,719,607,645,622,0
2026-08-14T15:31:12.075097,639,720,606,646,622,0
2026-08-14T15:31:12.077904,637,719,606,646,622,0
2026-08-14T15:31:12.077904,638,719,608,646,622,0
2026-08-14T15:31:12.080573,639,719,606,645,621,0
2026-08-14T15:31:12.083310,638,720,607,645,621,0
2026-08-14T15:31:12.083310,639,720,606,645,621,0
2026-08-14T15:31:12.083310,637,720,608,646,621,0
2026-08-14T15:31:12.085070,637,720,607,646,621,0
2026-08-14T15:31:12.087386,638,720,607,646,620,0
2026-08-14T15:31:12.087386,638,719,607,646,622,0
2026-08-14T15:31:12.087386,638,719,607,646,622,0
2026-08-14T15:31:12.087386,637,720,606,646,621,0
2026-08-14T15:31:12.091771,637,721,606,645,622,0
2026-08-14T15:31:12.091771,639,721,607,645,622,0
2026-08-14T15:31:12.091771,639,718,607,645,622,0
2026-08-14T15:31:12.091771,639,720,607,645,622,0
2026-08-14T15:31:12.091771,639,720,607,645,621,0
2026-08-14T15:31:12.091771,639,720,607,646,621,0
2026-08-14T15:31:12.091771,639,718,607,646,622,0
2026-08-14T15:31:12.100588,639,719,607,645,622,0
2026-08-14T15:31:12.101215,639,719,606,646,621,0
2026-08-14T15:31:12.103377,638,719,607,646,621,0
2026-08-14T15:31:12.104553,638,720,607,645,622,0
