timestamp,sensor_0,sensor_1,sensor_2,sensor_3,sensor_4,sensor_5
2026-08-14T15:30:04.122657,14,20,18,14,15,0
2026-08-14T15:30:04.124416,13,19,19,13,16,0
2026-08-14T15:30:04.124416,13,20,18,15,15,0
2026-08-14T15:30:04.126428,14,19,19,14,15,0
2026-08-14T15:30:04.126428,14,20,20,13,16,0
2026-08-14T15:30:04.128440,12,19,17,16,15,0
2026-08-14T15:30:04.130453,13,20,18,14,17,0
2026-08-14T15:30:04.130453,14,20,18,13,16,0
2026-08-14T15:30:04.132463,13,19,19,15,15,0
2026-08-14T15:30:04.134473,14,18,18,14,17,0
2026-08-14T15:30:04.136484,14,18,18,14,16,0
2026-08-14T15:30:04.137041,14,18,18,15,16,0
2026-08-14T15:30:04.137041,12,19,19,13,16,0
2026-08-14T15:30:04.139110,14,19,19,14,15,0
2026-08-14T15:30:04.139110,13,20,19,15,15,0
2026-08-14T15:30:04.139110,14,18,18,15,15,0
2026-08-14T15:30:04.142866,13,18,18,14,16,0
2026-08-14T15:30:04.142866,13,20,19,14,16,0
2026-08-14T15:30:04.144872,13,19,19,14,16,0
2026-08-14T15:30:04.144872,13,20,19,15,17,0
2026-08-14T15:30:04.146878,14,18,19,14,16,0
2026-08-14T15:30:04.146878,14,18,18,15,15,0
2026-08-14T15:30:04.148884,13,20,20,14,15,0
2026-08-14T15:30:04.150890,13,18,19,14,16,0
2026-08-14T15:30:04.152898,15,18,19,15,17,0
2026-08-14T15:30:04.153431,14,18,18,15,15,0
2026-08-14T15:30:04.153431,13,19,18,15,17,0
2026-08-14T15:30:04.155480,12,20,20,14,15,0
2026-08-14T15:30:04.155480,14,18,18,15,15,0
2026-08-14T15:30:04.157230,13,19,19,14,16,0
2026-08-14T15:30:04.159238,12,19,19,14,16,0
2026-08-14T15:30:04.159238,13,19,18,14,16,0
2026-08-14T15:30:04.161246,13,19,17,15,16,0
2026-08-14T15:30:04.161246,14,18,18,15,16,0
2026-08-14T15:30:04.163254,14,18,18,15,16,0
2026-08-14T15:30:04.163254,15,19,20,14,16,0
2026-08-14T15:30:04.165262,13,20,18,15,15,0
2026-08-14T15:30:04.167271,14,19,18,15,16,0
2026-08-14T15:30:04.167271,14,18,18,14,16,0
2026-08-14T15:30:04.169279,14,18,19,14,15,0
2026-08-14T15:30:04.172162,13,20,18,15,15,0
2026-08-14T15:30:04.172162,14,18,18,14,16,0
2026-08-14T15:30:04.173671,12,19,19,14,16,0
2026-08-14T15:30:04.173671,13,19,19,14,17,0
2026-08-14T15:30:04.175682,12,19,18,15,15,0
2026-08-14T15:30:04.175682,14,18,17,14,17,0
2026-08-14T15:30:04.177690,13,18,17,15,16,0
2026-08-14T15:30:04.179197,14,18,19,14,16,0
2026-08-14T15:30:04.181205,14,19,20,14,15,0
2026-08-14T15:30:04.181205,14,19,18,15,16,0
2026-08-14T15:30:04.183941,13,20,18,15,15,0
2026-08-14T15:30:04.183941,13,19,19,14,15,0
2026-08-14T15:30:04.189483,14,19,18,15,15,0
2026-08-14T15:30:04.191490,13,20,17,14,16,0
2026-08-14T15:30:04.192171,13,19,17,15,15,0
2026-08-14T15:30:04.192171,14,18,19,14,16,0
2026-08-14T15:30:04.192171,13,21,19,14,15,0
2026-08-14T15:30:04.194178,13,19,19,14,17,0
2026-08-14T15:30:04.194178,14,18,18,15,16,0
2026-08-14T15:30:04.194178,14,18,19,15,15,0
2026-08-14T15:30:04.196186,12,19,19,14,17,0
2026-08-14T15:30:04.196186,14,20,18,15,15,0
2026-08-14T15:30:04.196186,13,20,19,15,15,0
2026-08-14T15:30:04.197934,15,19,19,14,15,0
2026-08-14T15:30:04.200869,13,19,18,14,15,0
2026-08-14T15:30:04.201921,12,18,18,15,15,0
2026-08-14T15:30:04.201921,14,20,19,15,16,0
2026-08-14T15:30:04.201921,14,19,19,15,16,0
2026-08-14T15:30:04.205015,14,18,18,13,16,0
2026-08-14T15:30:04.205738,14,19,19,14,15,0
2026-08-14T15:30:04.205738,13,20,18,15,17,0
2026-08-14T15:30:04.207746,13,18,19,15,17,0
2026-08-14T15:30:04.209753,14,20,19,14,15,0
2026-08-14T15:30:04.210264,13,20,19,15,15,0
2026-08-14T15:30:04.210912,14,19,20,14,17,0
2026-08-14T15:30:04.213145,13,20,18,15,15,0
2026-08-14T15:30:04.213730,13,19,18,15,16,0
2026-08-14T15:30:04.214518,12,19,18,14,15,0
2026-08-14T15:30:04.217219,13,19,18,14,16,0
2026-08-14T15:30:04.217878,14,20,19,16,16,0
2026-08-14T15:30:04.218527,13,19,19,15,17,0
2026-08-14T15:30:04.218527,13,19,19,14,17,0
2026-08-14T15:30:04.220614,13,19,18,15,16,0
2026-08-14T15:30:04.220614,15,19,19,14,16,0
2026-08-14T15:30:04.222124,13,20,18,15,15,0
2026-08-14T15:30:04.224135,13,19,18,15,16,0
2026-08-14T15:30:04.224135,13,19,19,14,15,0
2026-08-14T15:30:04.224135,13,18,20,15,16,0
2026-08-14T15:30:04.224135,14,19,19,14,16,0
2026-08-14T15:30:04.224135,13,19,19,14,16,0
2026-08-14T15:30:04.224135,13,19,18,14,16,0
2026-08-14T15:30:04.230605,13,18,19,15,16,0
2026-08-14T15:30:04.232614,13,19,19,14,16,0
2026-08-14T15:30:04.232614,14,18,18,13,16,0
2026-08-14T15:30:04.234623,13,19,17,14,16,0
2026-08-14T15:30:04.236630,13,20,19,15,15,0
2026-08-14T15:30:04.236630,12,19,18,14,17,0
2026-08-14T15:30:04.238768,13,20,19,14,15,0
2026-08-14T15:30:04.238768,13,19,18,15,15,0
2026-08-14T15:30:04.238768,14,19,19,15,15,0
2026-08-14T15:30:04.238768,13,19,18,15,16,0
2026-08-14T15:30:04.238768,14,19,19,14,15,0
2026-08-14T15:30:04.238768,13,18,17,15,16,0
2026-08-14T15:30:04.238768,13,19,18,15,16,0
2026-08-14T15:30:04.246965,13,19,17,15,15,0
2026-08-14T15:30:04.246965,13,20,18,14,16,0
2026-08-14T15:30:04.248929,14,18,18,14,15,0
2026-08-14T15:30:04.248929,13,20,18,15,16,0
2026-08-14T15:30:04.250936,13,20,19,14,15,0
2026-08-14T15:30:04.254052,13,20,18,13,16,0
2026-08-14T15:30:04.254557,14,19,19,15,15,0
2026-08-14T15:30:04.254557,13,19,20,14,16,0
2026-08-14T15:30:04.254557,13,19,19,14,16,0
2026-08-14T15:30:04.254557,12,19,18,14,15,0
2026-08-14T15:30:04.254557,14,19,18,14,17,0
2026-08-14T15:30:04.254557,14,18,18,15,16,0
2026-08-14T15:30:04.254557,14,18,17,14,16,0
2026-08-14T15:30:04.262857,14,18,19,14,16,0
2026-08-14T15:30:04.262857,15,18,18,14,17,0
2026-08-14T15:30:04.262857,13,20,18,14,15,0
2026-08-14T15:30:04.262857,15,18,19,14,15,0
2026-08-14T15:30:04.262857,14,18,19,14,16,0
2026-08-14T15:30:04.262857,12,19,19,15,16,0
2026-08-14T15:30:04.270190,13,20,18,14,16,0
2026-08-14T15:30:04.271237,14,18,19,14,16,0
2026-08-14T15:30:04.271237,13,19,18,16,16,0
2026-08-14T15:30:04.274001,13,18,18,14,15,0
2026-08-14T15:30:04.274001,13,19,19,15,16,0
2026-08-14T15:30:04.274001,14,18,18,15,16,0
2026-08-14T15:30:04.274001,13,18,19,14,16,0
2026-08-14T15:30:04.274001,14,18,18,15,16,0
2026-08-14T15:30:04.274001,13,20,18,14,16,0
2026-08-14T15:30:04.279528,13,20,19,14,15,0
2026-08-14T15:30:04.279528,12,18,19,14,15,0
2026-08-14T15:30:04.279528,14,18,18,15,16,0
2026-08-14T15:30:04.279528,13,18,20,14,15,0
2026-08-14T15:30:04.279528,13,20,18,14,16,0
2026-08-14T15:30:04.284773,12,19,19,13,16,0
2026-08-14T15:30:04.287283,12,19,18,14,16,0
2026-08-14T15:30:04.287283,13,19,19,14,15,0
2026-08-14T15:30:04.290338,14,18,19,14,16,0
2026-08-14T15:30:04.290338,14,19,18,15,17,0
2026-08-14T15:30:04.290338,14,18,19,14,15,0
2026-08-14T15:30:04.292348,12,20,18,14,16,0
2026-08-14T15:30:04.294357,12,19,20,15,15,0
2026-08-14T15:30:04.295365,13,19,19,14,16,0
2026-08-14T15:30:04.295365,13,18,19,14,17,0
2026-08-14T15:30:04.295365,12,18,19,14,16,0
2026-08-14T15:30:04.300127,13,18,19,15,16,0
2026-08-14T15:30:04.300127,12,18,18,15,16,0
2026-08-14T15:30:04.302664,14,19,17,15,16,0
2026-08-14T15:30:04.303679,14,18,19,15,15,0
2026-08-14T15:30:04.303679,13,19,18,13,16,0
2026-08-14T15:30:04.303679,14,19,18,13,17,0
2026-08-14T15:30:04.306665,14,20,18,14,15,0
2026-08-14T15:30:04.306665,14,19,18,14,15,0
2026-08-14T15:30:04.309013,13,18,18,14,16,0
2026-08-14T15:30:04.309013,12,18,18,14,15,0
2026-08-14T15:30:04.311925,13,19,18,15,15,0
2026-08-14T15:30:04.311925,14,18,19,14,16,0
2026-08-14T15:30:04.311925,13,19,19,15,16,0
2026-08-14T15:30:04.311925,13,19,19,14,16,0
2026-08-14T15:30:04.311925,14,19,18,15,16,0
2026-08-14T15:30:04.311925,15,19,18,15,16,0
2026-08-14T15:30:04.311925,13,20,18,15,16,0
2026-08-14T15:30:04.319965,15,18,17,14,16,0
2026-08-14T15:30:04.319965,13,19,18,14,16,0
2026-08-14T15:30:04.321976,13,20,18,14,16,0
2026-08-14T15:30:04.323985,14,18,19,14,16,0
2026-08-14T15:30:04.323985,13,18,19,14,17,0
2026-08-14T15:30:04.323985,12,19,17,15,16,0
2026-08-14T15:30:04.323985,13,20,18,15,16,0
2026-08-14T15:30:04.328303,13,19,18,15,16,0
2026-08-14T15:30:04.328303,13,19,18,14,16,0
2026-08-14T15:30:04.330311,14,18,18,15,15,0
2026-08-14T15:30:04.332320,13,19,18,15,15,0
2026-08-14T15:30:04.332320,13,20,18,14,15,0
2026-08-14T15:30:04.332320,13,20,18,15,16,0
2026-08-14T15:30:04.336094,12,20,18,14,16,0
2026-08-14T15:30:04.336094,13,19,18,14,15,0
2026-08-14T15:30:04.336094,13,19,19,14,16,0
2026-08-14T15:30:04.336094,13,19,18,15,16,0
2026-08-14T15:30:04.340935,13,18,18,15,16,0
2026-08-14T15:30:04.340935,13,19,18,14,16,0
2026-08-14T15:30:04.340935,13,18,18,15,15,0
2026-08-14T15:30:04.344221,14,18,19,15,16,0
2026-08-14T15:30:04.344221,14,18,18,14,16,0
2026-08-14T15:30:04.344221,14,18,19,14,16,0
2026-08-14T15:30:04.346231,14,18,19,14,15,0
2026-08-14T15:30:04.348639,14,20,18,13,16,0
2026-08-14T15:30:04.348639,13,20,18,14,15,0
2026-08-14T15:30:04.348639,14,19,18,15,15,0
2026-08-14T15:30:04.352399,12,19,19,15,16,0
2026-08-14T15:30:04.352399,13,19,18,14,16,0
2026-08-14T15:30:04.352399,14,18,18,15,16,0
2026-08-14T15:30:04.354289,13,18,18,14,16,0
2026-08-14T15:30:04.357134,12,18,18,13,16,0
2026-08-14T15:30:04.357134,13,18,18,13,16,0
2026-08-14T15:30:04.357134,14,19,18,15,16,0
2026-08-14T15:30:04.359142,14,18,18,13,16,0
2026-08-14T15:30:04.360891,14,19,18,13,16,0
2026-08-14T15:30:04.360891,12,20,18,14,16,0
2026-08-14T15:30:04.363553,14,19,18,15,15,0
2026-08-14T15:30:04.365561,12,18,19,14,16,0
2026-08-14T15:30:04.365561,13,19,18,15,16,0
2026-08-14T15:30:04.367569,13,19,18,15,15,0
2026-08-14T15:30:04.369320,13,20,17,15,15,0
2026-08-14T15:30:04.369320,13,19,19,13,15,0
2026-08-14T15:30:04.369320,13,19,17,14,16,0
2026-08-14T15:30:04.371331,13,18,18,14,16,0
2026-08-14T15:30:04.373342,14,18,18,14,16,0
2026-08-14T15:30:04.373342,13,20,19,13,16,0
2026-08-14T15:30:04.375353,13,20,19,14,16,0
2026-08-14T15:30:04.377362,13,19,18,14,15,0
2026-08-14T15:30:04.377362,13,18,18,14,15,0
2026-08-14T15:30:04.377362,13,20,18,14,16,0
2026-08-14T15:30:04.379556,13,18,19,13,16,0
2026-08-14T15:30:04.379556,13,19,18,14,16,0
2026-08-14T15:30:04.379556,13,18,17,14,15,0
2026-08-14T15:30:04.379556,13,19,18,15,16,0
2026-08-14T15:30:04.385523,14,19,18,14,16,0
2026-08-14T15:30:04.386750,14,18,18,14,16,0
2026-08-14T15:30:04.386750,14,18,18,14,16,0
2026-08-14T15:30:04.388832,12,20,18,13,16,0
2026-08-14T15:30:04.388832,12,20,18,14,15,0
2026-08-14T15:30:04.388832,13,20,18,13,16,0
2026-08-14T15:30:04.393602,13,18,18,14,16,0
2026-08-14T15:30:04.393602,13,19,18,14,16,0
2026-08-14T15:30:04.393602,13,19,19,14,16,0
2026-08-14T15:30:04.395610,14,18,17,15,15,0
2026-08-14T15:30:04.397619,13,18,17,14,16,0
2026-08-14T15:30:04.397619,13,19,18,13,16,0
2026-08-14T15:30:04.397619,14,18,19,14,15,0
2026-08-14T15:30:04.401680,14,19,18,14,16,0
2026-08-14T15:30:04.401680,13,19,17,15,16,0
2026-08-14T15:30:04.401680,13,20,19,13,16,0
2026-08-14T15:30:04.404736,13,18,18,14,15,0
2026-08-14T15:30:04.404736,13,19,18,14,15,0
2026-08-14T15:30:04.407087,13,18,18,14,15,0
2026-08-14T15:30:04.407087,13,18,19,14,16,0
2026-08-14T15:30:04.409096,13,18,19,15,15,0
2026-08-14T15:30:04.410106,13,18,18,15,16,0
2026-08-14T15:30:04.410106,14,18,18,13,16,0
2026-08-14T15:30:04.412116,14,18,18,15,16,0
2026-08-14T15:30:04.414126,13,18,19,15,16,0
2026-08-14T15:30:04.414126,13,19,17,15,16,0
2026-08-14T15:30:04.414126,14,19,17,14,16,0
2026-08-14T15:30:04.418175,13,20,18,14,16,0
2026-08-14T15:30:04.418175,13,19,19,14,16,0
2026-08-14T15:30:04.418175,13,19,18,14,15,0
2026-08-14T15:30:04.421486,13,18,18,14,15,0
2026-08-14T15:30:04.421486,14,19,18,13,16,0
2026-08-14T15:30:04.421486,13,21,18,14,16,0
2026-08-14T15:30:04.421486,11,19,18,15,16,0
2026-08-14T15:30:04.426214,13,19,18,13,16,0
2026-08-14T15:30:04.426214,14,19,17,15,15,0
2026-08-14T15:30:04.426214,14,18,18,13,16,0
2026-08-14T15:30:04.428222,13,19,18,14,16,0
2026-08-14T15:30:04.428222,13,19,18,13,15,0
2026-08-14T15:30:04.428222,15,19,18,14,15,0
2026-08-14T15:30:04.428222,13,19,18,14,16,0
2026-08-14T15:30:04.434647,13,19,18,14,15,0
2026-08-14T15:30:04.434647,13,19,18,14,15,0
2026-08-14T15:30:04.434647,13,19,18,15,15,0
2026-08-14T15:30:04.436659,13,19,19,13,16,0
2026-08-14T15:30:04.439453,12,19,17,14,16,0
2026-08-14T15:30:04.439453,13,18,17,15,16,0
2026-08-14T15:30:04.441464,13,18,18,14,16,0
2026-08-14T15:30:04.442975,13,19,18,15,16,0
2026-08-14T15:30:04.442975,13,19,18,13,16,0
2026-08-14T15:30:04.442975,13,19,18,14,16,0
2026-08-14T15:30:04.444986,12,20,18,14,15,0
2026-08-14T15:30:04.446996,13,19,18,14,15,0
2026-08-14T15:30:04.446996,13,18,18,14,16,0
2026-08-14T15:30:04.449005,12,18,18,14,15,0
2026-08-14T15:30:04.451015,13,19,18,14,16,0
2026-08-14T15:30:04.451015,13,18,18,14,16,0
2026-08-14T15:30:04.451015,14,18,17,14,16,0
2026-08-14T15:30:04.453900,13,19,17,14,16,0
2026-08-14T15:30:04.453900,14,19,19,13,16,0
2026-08-14T15:30:04.455909,14,18,18,14,15,0
2026-08-14T15:30:04.457916,14,19,17,14,15,0
2026-08-14T15:30:04.459421,14,19,17,15,15,0
2026-08-14T15:30:04.459421,13,20,18,14,15,0
2026-08-14T15:30:04.459421,12,19,18,14,15,0
2026-08-14T15:30:04.461431,13,20,18,13,16,0
2026-08-14T15:30:04.463440,13,18,18,14,15,0
2026-08-14T15:30:04.463440,14,18,17,14,16,0
2026-08-14T15:30:04.465449,12,19,18,14,16,0
2026-08-14T15:30:04.467457,12,18,18,13,15,0
2026-08-14T15:30:04.467457,13,18,18,13,16,0
2026-08-14T15:30:04.467457,14,19,18,15,16,0
2026-08-14T15:30:04.467457,13,19,18,15,17,0
2026-08-14T15:30:04.467457,13,19,19,15,17,0
2026-08-14T15:30:04.467457,13,18,18,13,16,0
2026-08-14T15:30:04.474535,14,20,19,13,15,0
2026-08-14T15:30:04.475543,13,19,19,13,15,0
2026-08-14T15:30:04.475543,13,19,18,14,15,0
2026-08-14T15:30:04.479128,12,19,18,14,16,0
2026-08-14T15:30:04.479128,14,18,19,13,16,0
2026-08-14T15:30:04.479128,13,19,17,13,15,0
2026-08-14T15:30:04.481136,13,18,18,14,16,0
2026-08-14T15:30:04.483572,13,18,18,13,16,0
2026-08-14T15:30:04.483572,14,19,18,14,15,0
2026-08-14T15:30:04.483572,15,18,18,13,16,0
2026-08-14T15:30:04.487383,14,18,18,13,15,0
2026-08-14T15:30:04.487383,13,18,18,14,16,0
2026-08-14T15:30:04.487383,14,20,18,15,15,0
2026-08-14T15:30:04.489521,12,19,18,14,15,0
2026-08-14T15:30:04.491591,13,18,19,14,16,0
2026-08-14T15:30:04.491591,14,19,19,14,15,0
2026-08-14T15:30:04.491591,12,18,19,14,16,0
2026-08-14T15:30:04.491591,13,18,19,14,16,0
2026-08-14T15:30:04.491591,13,18,18,14,16,0
2026-08-14T15:30:04.491591,14,18,17,14,15,0
2026-08-14T15:30:04.499679,13,18,19,13,17,0
2026-08-14T15:30:04.499679,13,20,18,14,16,0
2026-08-14T15:30:04.499679,14,18,19,14,16,0
2026-08-14T15:30:04.499679,13,20,17,14,15,0
2026-08-14T15:30:04.502570,13,19,18,14,15,0
2026-08-14T15:30:04.502570,13,18,19,15,15,0
2026-08-14T15:30:04.502570,14,18,18,13,16,0
2026-08-14T15:30:04.507879,13,18,18,14,16,0
2026-08-14T15:30:04.507879,12,18,17,14,15,0
2026-08-14T15:30:04.507879,12,19,18,14,15,0
2026-08-14T15:30:04.509887,13,19,17,15,16,0
2026-08-14T15:30:04.509887,13,19,18,13,16,0
2026-08-14T15:30:04.509887,13,19,17,14,16,0
2026-08-14T15:30:04.509887,13,20,18,14,16,0
2026-08-14T15:30:04.516052,13,20,18,14,16,0
2026-08-14T15:30:04.516052,13,19,18,14,15,0
2026-08-14T15:30:04.516052,12,18,18,14,16,0
2026-08-14T15:30:04.518061,13,18,18,15,16,0
2026-08-14T15:30:04.520299,13,19,18,14,16,0
2026-08-14T15:30:04.520299,14,18,17,14,15,0
2026-08-14T15:30:04.520299,14,18,18,14,16,0
2026-08-14T15:30:04.524099,14,18,18,15,16,0
2026-08-14T15:30:04.524099,14,18,18,15,16,0
2026-08-14T15:30:04.524099,13,18,18,13,16,0
2026-08-14T15:30:04.524099,13,19,19,14,15,0
2026-08-14T15:30:04.528120,13,18,18,14,15,0
2026-08-14T15:30:04.528120,13,19,18,14,15,0
2026-08-14T15:30:04.528120,14,19,18,14,16,0
2026-08-14T15:30:04.532138,13,19,18,15,15,0
2026-08-14T15:30:04.532138,13,19,18,14,15,0
2026-08-14T15:30:04.532138,12,19,19,14,15,0
2026-08-14T15:30:04.536155,12,19,18,15,16,0
2026-08-14T15:30:04.536155,14,19,19,13,16,0
2026-08-14T15:30:04.538165,14,18,18,15,16,0
2026-08-14T15:30:04.538165,14,18,18,14,16,0
2026-08-14T15:30:04.540175,13,18,18,14,15,0
2026-08-14T15:30:04.540175,13,19,19,14,15,0
2026-08-14T15:30:04.540175,13,19,18,14,15,0
2026-08-14T15:30:04.544199,12,20,17,14,16,0
2026-08-14T15:30:04.544199,13,18,18,15,15,0
2026-08-14T15:30:04.544199,13,19,18,14,15,0
2026-08-14T15:30:04.546210,13,19,18,14,17,0
2026-08-14T15:30:04.548218,12,19,18,15,16,0
2026-08-14T15:30:04.548218,13,19,17,15,15,0
2026-08-14T15:30:04.548218,13,19,18,14,16,0
2026-08-14T15:30:04.552913,13,19,19,13,17,0
2026-08-14T15:30:04.553414,14,18,17,13,16,0
2026-08-14T15:30:04.553414,14,18,18,14,15,0
2026-08-14T15:30:04.553414,13,19,18,14,15,0
2026-08-14T15:30:04.556312,13,18,18,15,15,0
2026-08-14T15:30:04.556312,13,19,19,15,16,0
2026-08-14T15:30:04.558320,13,19,18,14,16,0
2026-08-14T15:30:04.561134,13,19,18,14,15,0
2026-08-14T15:30:04.561134,12,19,18,14,16,0
2026-08-14T15:30:04.561134,14,18,17,14,16,0
2026-08-14T15:30:04.564323,12,19,17,13,16,0
2026-08-14T15:30:04.564323,13,19,18,14,15,0
2026-08-14T15:30:04.564323,14,19,18,15,14,0
2026-08-14T15:30:04.564323,14,18,18,13,16,0
2026-08-14T15:30:04.564323,13,20,18,14,16,0
2026-08-14T15:30:04.564323,14,18,19,15,15,0
2026-08-14T15:30:04.564323,13,19,18,14,15,0
2026-08-14T15:30:04.572563,14,19,19,14,15,0
2026-08-14T15:30:04.572563,15,18,17,14,15,0
2026-08-14T15:30:04.572563,12,18,18,13,16,0
2026-08-14T15:30:04.572563,13,18,17,14,15,0
2026-08-14T15:30:04.572563,14,18,17,13,16,0
2026-08-14T15:30:04.572563,13,19,18,15,16,0
2026-08-14T15:30:04.572563,13,18,19,13,16,0
2026-08-14T15:30:04.580974,14,18,19,13,16,0
2026-08-14T15:30:04.580974,12,20,18,15,16,0
2026-08-14T15:30:04.582982,14,18,16,14,16,0
2026-08-14T15:30:04.582982,14,18,18,14,16,0
2026-08-14T15:30:04.584990,13,19,17,14,15,0
2026-08-14T15:30:04.584990,13,18,18,14,15,0
2026-08-14T15:30:04.587000,13,19,17,15,15,0
2026-08-14T15:30:04.589010,14,18,19,15,16,0
2026-08-14T15:30:04.589010,12,19,19,15,15,0
2026-08-14T15:30:04.591020,13,19,18,14,16,0
2026-08-14T15:30:04.591020,12,18,17,15,16,0
2026-08-14T15:30:04.593030,14,18,19,15,16,0
2026-08-14T15:30:04.602833,13,19,18,13,16,0
2026-08-14T15:30:04.605199,14,19,17,14,16,0
2026-08-14T15:30:04.605199,13,20,18,15,16,0
2026-08-14T15:30:04.607211,12,19,18,14,15,0
2026-08-14T15:30:04.607211,14,18,20,14,15,0
2026-08-14T15:30:04.607211,11,19,18,14,15,0
2026-08-14T15:30:04.609222,11,18,17,14,16,0
2026-08-14T15:30:04.609222,12,19,18,15,15,0
2026-08-14T15:30:04.609222,13,18,19,14,16,0
2026-08-14T15:30:04.611233,12,17,19,15,16,0
2026-08-14T15:30:04.611233,14,19,17,14,16,0
2026-08-14T15:30:04.631258,13,19,19,14,15,0
2026-08-14T15:30:04.634123,13,19,19,13,16,0
2026-08-14T15:30:04.637644,15,18,19,14,16,0
2026-08-14T15:30:04.637644,14,19,16,14,15,0
2026-08-14T15:30:04.639822,13,18,19,14,15,0
2026-08-14T15:30:04.639822,13,19,18,14,15,0
2026-08-14T15:30:04.639822,12,18,18,14,15,0
2026-08-14T15:30:04.641833,12,18,17,14,15,0
2026-08-14T15:30:04.641833,13,19,19,15,15,0
2026-08-14T15:30:04.641833,13,18,18,14,16,0
2026-08-14T15:30:04.643843,14,17,17,15,16,0
2026-08-14T15:30:04.643843,14,18,17,14,16,0
2026-08-14T15:30:04.645352,13,19,19,14,14,0
2026-08-14T15:30:04.645352,13,20,19,14,15,0
2026-08-14T15:30:04.645352,14,18,18,13,16,0
2026-08-14T15:30:04.647360,13,19,18,14,15,0
2026-08-14T15:30:04.648393,13,18,18,14,16,0
2026-08-14T15:30:04.648393,14,19,19,14,16,0
2026-08-14T15:30:04.648393,13,18,18,14,15,0
2026-08-14T15:30:04.648393,13,19,17,14,16,0
2026-08-14T15:30:04.650401,12,19,19,13,16,0
2026-08-14T15:30:04.650401,13,18,17,14,15,0
2026-08-14T15:30:04.652421,13,18,18,13,15,0
2026-08-14T15:30:04.653428,13,18,18,14,16,0
2026-08-14T15:30:04.655435,14,19,19,15,16,0
2026-08-14T15:30:04.655435,13,18,18,15,16,0
2026-08-14T15:30:04.655435,13,18,18,14,16,0
2026-08-14T15:30:04.657442,13,18,18,13,16,0
2026-08-14T15:30:04.657442,14,18,18,14,15,0
2026-08-14T15:30:04.657442,11,18,18,14,15,0
2026-08-14T15:30:04.659449,13,19,18,14,15,0
2026-08-14T15:30:04.659449,13,19,17,15,15,0
2026-08-14T15:30:04.659449,14,18,18,15,16,0
2026-08-14T15:30:04.661456,13,19,17,14,16,0
2026-08-14T15:30:04.661456,12,18,17,14,16,0
2026-08-14T15:30:04.661456,13,18,18,14,15,0
2026-08-14T15:30:04.661456,13,18,17,14,16,0
2026-08-14T15:30:04.663463,14,18,18,13,15,0
2026-08-14T15:30:04.663463,13,19,18,14,16,0
2026-08-14T15:30:04.663463,13,19,18,14,15,0
2026-08-14T15:30:04.665470,13,19,18,13,16,0
2026-08-14T15:30:04.665470,13,19,17,15,15,0
2026-08-14T15:30:04.666267,14,19,18,13,15,0
2026-08-14T15:30:04.666267,13,18,18,14,16,0
2026-08-14T15:30:04.666267,13,19,18,14,16,0
2026-08-14T15:30:04.666267,13,18,18,14,16,0
2026-08-14T15:30:04.669555,13,18,17,15,15,0
2026-08-14T15:30:04.669555,13,18,18,14,16,0
2026-08-14T15:30:04.669555,15,18,18,14,15,0
2026-08-14T15:30:04.669555,13,18,18,14,15,0
2026-08-14T15:30:04.669555,14,18,18,14,16,0
2026-08-14T15:30:04.673078,13,19,17,14,15,0
2026-08-14T15:30:04.673078,13,18,18,14,15,0
2026-08-14T15:30:04.673078,13,19,18,14,15,0
2026-08-14T15:30:04.673078,13,18,18,13,15,0
2026-08-14T15:30:04.675088,11,18,18,15,15,0
2026-08-14T15:30:04.675088,13,19,18,14,15,0
2026-08-14T15:30:04.675088,13,19,17,14,16,0
2026-08-14T15:30:04.677097,12,18,18,13,16,0
2026-08-14T15:30:04.677097,13,18,18,13,16,0
2026-08-14T15:30:04.679106,13,18,17,14,15,0
2026-08-14T15:30:04.679106,13,18,18,15,16,0
2026-08-14T15:30:04.681115,14,18,17,13,16,0
2026-08-14T15:30:04.681115,13,18,17,13,15,0
2026-08-14T15:30:04.684530,13,20,18,14,15,0
2026-08-14T15:30:04.685539,13,19,19,14,15,0
2026-08-14T15:30:04.686213,13,19,18,15,15,0
2026-08-14T15:30:04.686213,13,17,18,14,15,0
2026-08-14T15:30:04.686213,14,18,19,14,16,0
2026-08-14T15:30:04.686213,13,18,17,15,16,0
2026-08-14T15:30:04.686213,13,18,18,14,16,0
2026-08-14T15:30:04.686213,12,19,17,13,16,0
2026-08-14T15:30:04.686213,13,19,17,14,16,0
2026-08-14T15:30:04.693658,13,18,17,13,15,0
2026-08-14T15:30:04.693658,14,18,18,13,16,0
2026-08-14T15:30:04.693658,14,18,16,14,16,0
2026-08-14T15:30:04.693658,14,18,18,13,16,0
2026-08-14T15:30:04.700332,11,19,19,15,15,0
2026-08-14T15:30:04.700332,13,18,17,15,15,0
2026-08-14T15:30:04.702093,13,19,17,14,16,0
2026-08-14T15:30:04.704100,12,19,17,14,16,0
2026-08-14T15:30:04.704100,12,19,18,15,16,0
2026-08-14T15:30:04.706108,11,17,18,15,15,0
2026-08-14T15:30:04.706108,13,19,17,14,15,0
2026-08-14T15:30:04.708116,12,19,18,14,16,0
2026-08-14T15:30:04.708116,15,18,17,15,16,0
2026-08-14T15:30:04.710125,13,18,18,14,15,0
2026-08-14T15:30:04.710125,14,18,18,13,15,0
2026-08-14T15:30:04.710125,12,20,18,14,15,0
2026-08-14T15:30:04.710125,13,18,17,13,15,0
2026-08-14T15:30:04.710125,13,18,18,13,16,0
2026-08-14T15:30:04.710125,12,19,18,14,14,0
2026-08-14T15:30:04.710125,12,19,18,15,15,0
2026-08-14T15:30:04.710125,13,19,17,14,16,0
2026-08-14T15:30:04.720812,13,17,17,13,16,0
2026-08-14T15:30:04.720812,13,18,18,13,16,0
2026-08-14T15:30:04.720812,13,18,18,14,17,0
2026-08-14T15:30:04.720812,13,19,18,13,15,0
2026-08-14T15:30:04.725049,13,18,17,15,15,0
2026-08-14T15:30:04.725636,13,19,18,13,15,0
2026-08-14T15:30:04.726299,14,18,18,14,15,0
2026-08-14T15:30:04.727455,13,18,19,14,15,0
2026-08-14T15:30:04.727455,13,18,18,13,15,0
2026-08-14T15:30:04.727455,11,19,17,14,15,0
2026-08-14T15:30:04.727455,13,19,17,15,15,0
2026-08-14T15:30:04.727455,13,18,18,14,16,0
2026-08-14T15:30:04.734488,12,18,17,13,16,0
2026-08-14T15:30:04.734488,14,18,17,13,16,0
2026-08-14T15:30:04.736501,14,18,17,14,16,0
2026-08-14T15:30:04.737892,12,19,17,15,15,0
2026-08-14T15:30:04.738739,14,18,18,15,15,0
2026-08-14T15:30:04.738739,14,18,16,13,16,0
2026-08-14T15:30:04.738739,13,19,17,15,15,0
2026-08-14T15:30:04.738739,12,19,18,15,15,0
2026-08-14T15:30:04.742991,12,20,18,13,15,0
2026-08-14T15:30:04.742991,13,18,18,14,15,0
2026-08-14T15:30:04.742991,14,18,19,14,15,0
2026-08-14T15:30:04.742991,12,19,18,13,16,0
2026-08-14T15:30:04.742991,12,19,18,13,16,0
2026-08-14T15:30:04.742991,13,19,18,15,16,0
2026-08-14T15:30:04.742991,14,18,18,14,16,0
2026-08-14T15:30:04.751475,14,19,17,14,15,0
2026-08-14T15:30:04.751475,13,18,18,13,16,0
2026-08-14T15:30:04.754628,13,19,17,14,15,0
2026-08-14T15:30:04.754628,12,19,18,14,16,0
2026-08-14T15:30:04.758011,13,18,17,14,15,0
2026-08-14T15:30:04.758011,11,18,18,14,15,0
2026-08-14T15:30:04.758011,13,19,17,14,16,0
2026-08-14T15:30:04.758011,13,19,17,14,15,0
2026-08-14T15:30:04.761756,12,18,19,14,16,0
2026-08-14T15:30:04.761756,13,19,19,14,16,0
2026-08-14T15:30:04.761756,12,19,17,13,17,0
2026-08-14T15:30:04.765769,14,18,17,13,15,0
2026-08-14T15:30:04.765769,15,18,17,13,15,0
2026-08-14T15:30:04.765769,13,18,18,15,16,0
2026-08-14T15:30:04.770322,13,19,16,13,16,0
2026-08-14T15:30:04.770322,13,20,18,13,15,0
2026-08-14T15:30:04.770322,12,18,18,13,16,0
2026-08-14T15:30:04.772254,13,18,18,14,16,0
2026-08-14T15:30:04.774264,12,18,18,14,15,0
2026-08-14T15:30:04.774264,13,19,18,15,15,0
2026-08-14T15:30:04.774264,13,19,17,13,16,0
2026-08-14T15:30:04.778027,12,18,17,13,16,0
2026-08-14T15:30:04.778027,13,17,17,15,16,0
2026-08-14T15:30:04.779739,13,18,17,13,16,0
2026-08-14T15:30:04.779739,13,20,18,13,15,0
2026-08-14T15:30:04.782345,14,18,18,13,16,0
2026-08-14T15:30:04.782345,13,18,17,14,15,0
2026-08-14T15:30:04.782345,13,19,18,14,15,0
2026-08-14T15:30:04.785985,11,19,18,15,15,0
2026-08-14T15:30:04.787030,13,18,18,13,16,0
2026-08-14T15:30:04.787030,14,18,17,14,15,0
2026-08-14T15:30:04.787030,13,19,17,15,16,0
2026-08-14T15:30:04.790877,13,17,18,14,15,0
2026-08-14T15:30:04.790877,12,18,17,15,15,0
2026-08-14T15:30:04.790877,14,17,18,13,15,0
2026-08-14T15:30:04.793225,14,18,18,14,15,0
2026-08-14T15:30:04.793225,13,19,18,14,15,0
2026-08-14T15:30:04.793225,13,18,17,14,15,0
2026-08-14T15:30:04.796651,13,19,18,14,15,0
2026-08-14T15:30:04.796651,12,20,17,15,16,0
2026-08-14T15:30:04.796651,13,18,18,13,16,0
2026-08-14T15:30:04.800454,11,19,18,13,15,0
2026-08-14T15:30:04.802860,13,19,17,14,15,0
2026-08-14T15:30:04.803620,14,17,18,13,16,0
2026-08-14T15:30:04.803620,12,18,18,14,16,0
2026-08-14T15:30:04.803620,12,18,17,13,16,0
2026-08-14T15:30:04.803620,14,19,18,14,15,0
2026-08-14T15:30:04.803620,14,18,17,14,16,0
2026-08-14T15:30:04.808487,13,18,18,13,16,0
2026-08-14T15:30:04.808487,12,18,18,14,15,0
2026-08-14T15:30:04.808487,13,18,18,15,16,0
2026-08-14T15:30:04.808487,13,18,18,15,15,0
2026-08-14T15:30:04.808487,13,19,18,14,15,0
2026-08-14T15:30:04.808487,13,18,17,15,15,0
2026-08-14T15:30:04.808487,13,18,17,14,15,0
2026-08-14T15:30:04.816598,14,18,17,14,16,0
2026-08-14T15:30:04.816598,14,18,17,14,15,0
2026-08-14T15:30:04.819570,13,18,17,14,16,0
2026-08-14T15:30:04.820626,13,17,18,13,15,0
2026-08-14T15:30:04.823651,14,18,18,13,16,0
2026-08-14T15:30:04.823651,14,18,18,13,16,0
2026-08-14T15:30:04.824699,13,18,18,15,15,0
2026-08-14T15:30:04.824699,14,18,18,14,15,0
2026-08-14T15:30:04.827970,12,19,18,14,15,0
2026-08-14T15:30:04.827970,12,19,18,14,15,0
2026-08-14T15:30:04.827970,12,19,18,13,15,0
2026-08-14T15:30:04.827970,13,18,18,14,15,0
2026-08-14T15:30:04.827970,13,19,19,13,15,0
2026-08-14T15:30:04.833030,13,19,18,13,16,0
2026-08-14T15:30:04.835993,12,18,17,13,16,0
2026-08-14T15:30:04.836338,12,19,17,13,15,0
2026-08-14T15:30:04.836925,13,18,18,14,15,0
2026-08-14T15:30:04.836925,13,19,18,13,16,0
2026-08-14T15:30:04.839713,13,19,17,13,16,0
2026-08-14T15:30:04.839713,13,19,18,14,16,0
2026-08-14T15:30:04.839713,11,19,18,14,14,0
2026-08-14T15:30:04.843464,13,18,18,14,15,0
2026-08-14T15:30:04.843464,13,18,19,14,15,0
2026-08-14T15:30:04.843464,12,17,17,14,15,0
2026-08-14T15:30:04.843464,13,19,18,15,15,0
2026-08-14T15:30:04.846817,12,19,17,13,16,0
2026-08-14T15:30:04.846817,12,18,18,13,15,0
2026-08-14T15:30:04.846817,14,17,16,14,16,0
2026-08-14T15:30:04.849563,13,18,19,15,17,0
2026-08-14T15:30:04.852787,12,19,17,15,14,0
2026-08-14T15:30:04.852787,15,17,16,13,16,0
2026-08-14T15:30:04.853980,12,19,16,13,15,0
2026-08-14T15:30:04.856163,13,19,17,15,15,0
2026-08-14T15:30:04.856163,11,18,19,14,15,0
2026-08-14T15:30:04.856163,14,18,18,13,15,0
2026-08-14T15:30:04.859912,13,19,18,13,16,0
2026-08-14T15:30:04.859912,12,18,17,13,16,0
2026-08-14T15:30:04.859912,13,17,17,14,15,0
2026-08-14T15:30:04.859912,12,18,17,13,16,0
2026-08-14T15:30:04.864601,13,18,17,13,16,0
2026-08-14T15:30:04.864601,13,18,17,14,16,0
2026-08-14T15:30:04.864601,12,19,17,13,16,0
2026-08-14T15:30:04.866482,13,18,17,14,15,0
2026-08-14T15:30:04.866482,13,20,18,13,16,0
2026-08-14T15:30:04.869709,12,18,18,14,14,0
2026-08-14T15:30:04.872801,13,17,19,13,16,0
2026-08-14T15:30:04.872801,12,18,17,15,15,0
2026-08-14T15:30:04.872801,13,18,18,12,15,0
2026-08-14T15:30:04.874672,14,19,19,15,15,0
2026-08-14T15:30:04.876898,13,18,17,13,16,0
2026-08-14T15:30:04.876898,13,17,17,13,16,0
2026-08-14T15:30:04.876898,12,19,16,13,16,0
2026-08-14T15:30:04.879372,13,19,16,15,15,0
2026-08-14T15:30:04.879372,13,18,18,13,15,0
2026-08-14T15:30:04.879372,13,18,17,13,14,0
2026-08-14T15:30:04.883127,13,18,18,15,15,0
2026-08-14T15:30:04.883127,12,18,18,14,15,0
2026-08-14T15:30:04.883127,14,18,17,14,15,0
2026-08-14T15:30:04.886387,12,18,17,14,16,0
2026-08-14T15:30:04.887632,12,19,17,14,16,0
2026-08-14T15:30:04.887632,13,18,18,14,15,0
2026-08-14T15:30:04.887632,14,16,17,13,16,0
2026-08-14T15:30:04.890993,14,17,18,14,15,0
2026-08-14T15:30:04.890993,12,18,17,13,15,0
2026-08-14T15:30:04.890993,13,18,18,13,15,0
2026-08-14T15:30:04.890993,13,20,18,13,16,0
2026-08-14T15:30:04.890993,14,18,18,14,15,0
2026-08-14T15:30:04.890993,13,18,18,14,16,0
2026-08-14T15:30:04.890993,12,19,17,14,15,0
2026-08-14T15:30:04.899296,11,19,17,13,15,0
2026-08-14T15:30:04.902315,13,18,17,14,16,0
2026-08-14T15:30:04.902975,12,17,17,13,16,0
2026-08-14T15:30:04.904117,13,18,17,14,15,0
2026-08-14T15:30:04.904117,12,18,18,13,15,0
2026-08-14T15:30:04.904117,13,17,18,13,14,0
2026-08-14T15:30:04.906639,14,17,18,13,15,0
2026-08-14T15:30:04.909657,12,18,18,14,15,0
2026-08-14T15:30:04.909657,13,17,18,14,15,0
2026-08-14T15:30:04.911669,13,18,18,13,15,0
2026-08-14T15:30:04.911669,14,19,17,13,16,0
2026-08-14T15:30:04.913683,11,19,17,14,14,0
2026-08-14T15:30:04.913683,13,18,17,14,15,0
2026-08-14T15:30:04.915695,11,19,17,13,16,0
2026-08-14T15:30:04.917736,13,18,18,13,16,0
2026-08-14T15:30:04.917736,12,17,17,13,16,0
2026-08-14T15:30:04.917736,13,17,18,13,16,0
2026-08-14T15:30:04.917736,14,18,17,15,14,0
2026-08-14T15:30:04.921905,12,18,17,13,15,0
2026-08-14T15:30:04.921905,14,19,17,13,15,0
2026-08-14T15:30:04.921905,12,19,17,14,15,0
2026-08-14T15:30:04.923927,12,19,18,13,15,0
2026-08-14T15:30:04.923927,12,19,18,14,15,0
2026-08-14T15:30:04.923927,14,17,17,14,15,0
2026-08-14T15:30:04.923927,13,17,17,13,16,0
2026-08-14T15:30:04.923927,13,17,17,14,15,0
2026-08-14T15:30:04.923927,12,18,18,14,16,0
2026-08-14T15:30:04.923927,12,18,18,13,15,0
2026-08-14T15:30:04.932133,14,18,17,14,14,0
2026-08-14T15:30:04.932133,14,18,17,13,16,0
2026-08-14T15:30:04.936199,13,19,16,14,16,0
2026-08-14T15:30:04.936199,12,19,18,14,15,0
2026-08-14T15:30:04.936199,12,19,17,13,15,0
2026-08-14T15:30:04.940396,11,19,18,14,15,0
2026-08-14T15:30:04.940396,13,18,18,13,15,0
2026-08-14T15:30:04.940396,13,19,18,13,15,0
2026-08-14T15:30:04.940396,13,17,18,13,17,0
2026-08-14T15:30:04.940396,12,19,16,14,16,0
2026-08-14T15:30:04.940396,13,18,16,13,15,0
2026-08-14T15:30:04.940396,13,18,17,14,14,0
2026-08-14T15:30:04.940396,14,18,17,14,15,0
2026-08-14T15:30:04.948720,13,18,17,13,16,0
2026-08-14T15:30:04.949955,14,18,16,15,15,0
2026-08-14T15:30:04.949955,12,18,18,14,15,0
2026-08-14T15:30:04.952827,13,18,17,14,14,0
2026-08-14T15:30:04.953498,13,18,17,14,15,0
2026-08-14T15:30:04.953498,14,17,16,14,15,0
2026-08-14T15:30:04.953498,11,17,18,13,15,0
2026-08-14T15:30:04.956805,12,17,18,13,16,0
2026-08-14T15:30:04.956805,12,18,16,14,15,0
2026-08-14T15:30:04.956805,13,17,18,13,15,0
2026-08-14T15:30:04.956805,14,17,17,13,15,0
2026-08-14T15:30:04.956805,13,17,18,12,15,0
2026-08-14T15:30:04.956805,12,18,16,14,14,0
2026-08-14T15:30:04.956805,14,18,16,14,16,0
2026-08-14T15:30:04.965056,11,19,17,14,14,0
2026-08-14T15:30:04.965056,12,18,17,14,16,0
2026-08-14T15:30:04.965056,13,18,17,14,14,0
2026-08-14T15:30:04.965056,13,18,18,13,16,0
2026-08-14T15:30:04.970696,11,17,18,13,16,0
2026-08-14T15:30:04.970696,12,17,17,13,16,0
2026-08-14T15:30:04.970696,13,17,18,13,16,0
2026-08-14T15:30:04.975199,13,18,16,13,16,0
2026-08-14T15:30:04.975199,13,18,16,13,16,0
2026-08-14T15:30:04.975199,13,17,18,13,15,0
2026-08-14T15:30:04.975199,12,19,17,13,15,0
2026-08-14T15:30:04.979295,14,18,18,14,15,0
2026-08-14T15:30:04.979295,13,18,17,14,15,0
2026-08-14T15:30:04.979295,11,18,17,14,15,0
2026-08-14T15:30:04.983404,13,17,18,13,16,0
2026-08-14T15:30:04.983404,12,18,16,13,15,0
2026-08-14T15:30:04.983404,12,17,18,13,16,0
2026-08-14T15:30:04.983404,13,18,18,13,16,0
2026-08-14T15:30:04.983404,13,17,17,13,15,0
2026-08-14T15:30:04.987611,13,18,16,14,15,0
2026-08-14T15:30:04.987611,14,18,17,14,15,0
2026-08-14T15:30:04.990370,13,18,17,14,15,0
2026-08-14T15:30:04.990370,12,18,17,14,14,0
2026-08-14T15:30:04.990370,13,18,18,13,15,0
2026-08-14T15:30:04.990370,13,18,16,13,14,0
2026-08-14T15:30:04.990370,14,18,17,14,14,0
2026-08-14T15:30:04.990370,13,19,17,14,14,0
2026-08-14T15:30:04.990370,11,17,18,14,16,0
2026-08-14T15:30:04.998975,13,18,18,13,16,0
2026-08-14T15:30:04.998975,13,18,17,14,15,0
2026-08-14T15:30:04.998975,14,17,18,13,15,0
2026-08-14T15:30:05.003290,13,18,18,12,16,0
2026-08-14T15:30:05.004315,14,18,18,13,16,0
2026-08-14T15:30:05.004315,12,18,18,13,17,0
2026-08-14T15:30:05.004315,13,18,16,14,15,0
2026-08-14T15:30:05.007973,11,19,16,14,15,0
2026-08-14T15:30:05.007973,11,19,18,14,15,0
2026-08-14T15:30:05.007973,12,19,17,14,14,0
2026-08-14T15:30:05.012045,11,17,18,13,15,0
2026-08-14T15:30:05.012045,13,17,16,14,15,0
2026-08-14T15:30:05.012045,12,18,16,14,15,0
2026-08-14T15:30:05.012045,12,17,17,13,16,0
2026-08-14T15:30:05.016166,14,16,17,13,16,0
2026-08-14T15:30:05.016166,14,18,16,14,15,0
2026-08-14T15:30:05.016166,14,17,18,14,15,0
2026-08-14T15:30:05.019591,13,19,18,13,15,0
2026-08-14T15:30:05.020658,13,17,18,12,16,0
2026-08-14T15:30:05.020658,12,18,16,13,15,0
2026-08-14T15:30:05.020658,13,18,18,14,15,0
2026-08-14T15:30:05.023609,12,19,17,13,15,0
2026-08-14T15:30:05.023609,12,18,16,15,15,0
2026-08-14T15:30:05.023609,12,18,16,13,16,0
2026-08-14T15:30:05.028448,14,17,17,13,15,0
2026-08-14T15:30:05.028448,13,18,18,14,15,0
2026-08-14T15:30:05.028448,13,18,17,13,15,0
2026-08-14T15:30:05.031818,14,18,16,13,16,0
2026-08-14T15:30:05.031818,13,18,17,14,15,0
2026-08-14T15:30:05.031818,13,17,18,14,14,0
2026-08-14T15:30:05.031818,12,18,18,14,15,0
2026-08-14T15:30:05.036308,13,18,17,13,15,0
2026-08-14T15:30:05.037400,13,18,17,13,15,0
2026-08-14T15:30:05.037400,14,18,16,14,14,0
2026-08-14T15:30:05.040723,13,17,18,14,15,0
2026-08-14T15:30:05.040723,12,19,16,13,16,0
2026-08-14T15:30:05.040723,13,18,17,11,15,0
2026-08-14T15:30:05.040723,12,17,17,13,15,0
2026-08-14T15:30:05.044823,13,18,18,13,14,0
2026-08-14T15:30:05.044823,12,18,18,13,16,0
2026-08-14T15:30:05.044823,15,18,16,14,15,0
2026-08-14T15:30:05.049020,12,17,18,13,16,0
2026-08-14T15:30:05.049020,13,17,18,14,15,0
2026-08-14T15:30:05.049020,13,17,18,13,14,0
2026-08-14T15:30:05.049020,12,17,17,14,16,0
2026-08-14T15:30:05.053041,13,18,18,13,16,0
2026-08-14T15:30:05.054167,14,17,16,14,15,0
2026-08-14T15:30:05.054167,12,18,16,13,15,0
2026-08-14T15:30:05.054167,13,18,16,14,15,0
2026-08-14T15:30:05.057439,13,18,17,13,14,0
2026-08-14T15:30:05.057439,13,18,18,13,15,0
2026-08-14T15:30:05.057439,13,18,16,13,15,0
2026-08-14T15:30:05.057439,13,17,18,12,16,0
2026-08-14T15:30:05.057439,13,18,17,14,15,0
2026-08-14T15:30:05.057439,12,18,16,14,15,0
2026-08-14T15:30:05.057439,13,19,17,14,14,0
2026-08-14T15:30:05.065750,13,17,17,13,14,0
2026-08-14T15:30:05.065750,13,18,17,13,14,0
2026-08-14T15:30:05.065750,11,18,16,13,14,0
2026-08-14T15:30:05.071042,12,17,17,13,15,0
2026-08-14T15:30:05.071042,13,18,17,13,15,0
2026-08-14T15:30:05.071042,12,19,18,14,16,0
2026-08-14T15:30:05.071042,14,18,17,13,16,0
2026-08-14T15:30:05.071042,13,17,16,13,15,0
2026-08-14T15:30:05.074342,12,17,18,14,15,0
2026-08-14T15:30:05.077500,11,19,17,13,15,0
2026-08-14T15:30:05.077500,14,18,17,14,15,0
2026-08-14T15:30:05.077500,12,17,16,14,15,0
2026-08-14T15:30:05.077500,13,17,16,14,15,0
2026-08-14T15:30:05.081267,12,17,17,14,15,0
2026-08-14T15:30:05.081267,12,17,16,13,15,0
2026-08-14T15:30:05.082784,14,18,16,13,16,0
2026-08-14T15:30:05.082784,13,18,17,13,16,0
2026-08-14T15:30:05.082784,12,19,17,14,14,0
2026-08-14T15:30:05.087902,14,17,16,14,15,0
2026-08-14T15:30:05.087902,12,18,16,13,15,0
2026-08-14T15:30:05.087902,13,19,17,14,15,0
2026-08-14T15:30:05.087902,13,18,17,14,15,0
2026-08-14T15:30:05.091139,11,19,17,14,15,0
2026-08-14T15:30:05.091139,12,19,17,13,15,0
2026-08-14T15:30:05.091139,13,16,17,13,15,0
2026-08-14T15:30:05.095609,13,17,17,13,15,0
2026-08-14T15:30:05.095609,13,17,18,14,16,0
2026-08-14T15:30:05.095609,14,18,17,14,16,0
2026-08-14T15:30:05.095609,12,18,18,13,15,0
2026-08-14T15:30:05.099297,13,19,17,13,15,0
2026-08-14T15:30:05.102072,14,18,17,14,14,0
2026-08-14T15:30:05.102954,13,19,16,14,15,0
2026-08-14T15:30:05.104105,13,18,16,14,15,0
2026-08-14T15:30:05.106531,14,17,17,13,16,0
2026-08-14T15:30:05.106531,12,18,16,15,15,0
2026-08-14T15:30:05.107545,13,17,16,13,16,0
2026-08-14T15:30:05.107545,12,18,17,13,16,0
2026-08-14T15:30:05.110264,14,18,17,13,15,0
2026-08-14T15:30:05.110264,12,18,17,13,16,0
2026-08-14T15:30:05.110264,13,18,16,14,14,0
2026-08-14T15:30:05.114357,13,18,18,13,15,0
2026-08-14T15:30:05.114357,13,18,18,13,14,0
2026-08-14T15:30:05.115876,12,19,18,14,15,0
2026-08-14T15:30:05.115876,11,17,16,14,15,0
2026-08-14T15:30:05.117924,11,17,18,14,15,0
2026-08-14T15:30:05.117924,12,18,17,14,15,0
2026-08-14T15:30:05.120758,12,18,17,13,15,0
2026-08-14T15:30:05.121555,12,18,16,14,16,0
2026-08-14T15:30:05.121555,12,17,18,14,14,0
2026-08-14T15:30:05.124262,13,18,17,14,15,0
2026-08-14T15:30:05.124262,13,17,16,15,14,0
2026-08-14T15:30:05.126275,13,18,16,13,16,0
2026-08-14T15:30:05.126275,13,18,17,13,14,0
2026-08-14T15:30:05.126275,12,17,18,14,15,0
2026-08-14T15:30:05.128286,14,18,17,14,14,0
2026-08-14T15:30:05.128286,13,18,17,14,15,0
2026-08-14T15:30:05.128286,11,19,16,14,16,0
2026-08-14T15:30:05.134849,12,17,17,13,16,0
2026-08-14T15:30:05.134849,13,17,18,13,15,0
2026-08-14T15:30:05.136295,13,18,18,13,15,0
2026-08-14T15:30:05.136295,14,17,16,14,15,0
2026-08-14T15:30:05.136295,12,18,17,13,15,0
2026-08-14T15:30:05.139890,13,18,17,14,15,0
2026-08-14T15:30:05.140903,13,18,18,12,15,0
2026-08-14T15:30:05.140903,13,17,18,14,15,0
2026-08-14T15:30:05.140903,11,19,17,15,15,0
2026-08-14T15:30:05.140903,12,17,18,14,15,0
2026-08-14T15:30:05.144793,13,18,16,14,15,0
2026-08-14T15:30:05.144793,12,18,17,13,16,0
2026-08-14T15:30:05.144793,13,16,18,13,16,0
2026-08-14T15:30:05.144793,11,19,17,13,16,0
2026-08-14T15:30:05.151224,12,19,17,13,15,0
2026-08-14T15:30:05.151224,14,18,17,14,15,0
2026-08-14T15:30:05.153849,13,18,17,13,15,0
2026-08-14T15:30:05.153849,13,18,17,14,15,0
2026-08-14T15:30:05.153849,14,19,18,13,15,0
2026-08-14T15:30:05.156522,12,19,18,13,14,0
2026-08-14T15:30:05.156522,12,18,17,14,15,0
2026-08-14T15:30:05.157538,14,17,17,14,15,0
2026-08-14T15:30:05.157538,13,17,16,14,14,0
2026-08-14T15:30:05.157538,11,18,17,13,16,0
2026-08-14T15:30:05.161217,13,18,17,13,15,0
2026-08-14T15:30:05.161217,13,17,17,13,15,0
2026-08-14T15:30:05.161217,14,18,16,14,15,0
2026-08-14T15:30:05.161217,13,18,18,13,16,0
2026-08-14T15:30:05.165617,13,18,17,13,16,0
2026-08-14T15:30:05.165617,13,18,17,14,16,0
2026-08-14T15:30:05.165617,13,18,16,13,15,0
2026-08-14T15:30:05.170902,11,19,18,14,15,0
2026-08-14T15:30:05.170902,12,19,17,13,16,0
2026-08-14T15:30:05.170902,13,17,18,13,15,0
2026-08-14T15:30:05.170902,13,18,16,15,16,0
2026-08-14T15:30:05.175973,12,18,19,14,15,0
2026-08-14T15:30:05.175973,14,18,18,13,16,0
2026-08-14T15:30:05.175973,14,17,18,13,16,0
2026-08-14T15:30:05.177728,13,18,17,14,16,0
2026-08-14T15:30:05.177728,12,19,17,15,15,0
2026-08-14T15:30:05.177728,13,19,18,13,15,0
2026-08-14T15:30:05.177728,15,18,17,14,16,0
2026-08-14T15:30:05.181936,13,18,18,13,16,0
2026-08-14T15:30:05.181936,12,18,18,15,15,0
2026-08-14T15:30:05.181936,13,18,17,14,16,0
2026-08-14T15:30:05.181936,12,19,18,14,15,0
2026-08-14T15:30:05.181936,13,18,17,14,15,0
2026-08-14T15:30:05.181936,14,17,17,13,15,0
2026-08-14T15:30:05.190003,14,17,17,14,16,0
2026-08-14T15:30:05.190003,12,19,17,14,16,0
2026-08-14T15:30:05.190003,13,18,18,13,14,0
2026-08-14T15:30:05.190003,14,18,18,13,15,0
2026-08-14T15:30:05.190003,13,20,17,14,16,0
2026-08-14T15:30:05.190003,12,19,18,13,16,0
2026-08-14T15:30:05.190003,12,18,18,14,16,0
2026-08-14T15:30:05.198459,13,17,18,15,16,0
2026-08-14T15:30:05.198459,13,17,18,14,16,0
2026-08-14T15:30:05.198459,14,18,18,14,15,0
2026-08-14T15:30:05.198459,13,18,17,13,16,0
2026-08-14T15:30:05.198459,14,18,18,15,15,0
2026-08-14T15:30:05.198459,14,18,18,14,16,0
2026-08-14T15:30:05.198459,12,19,17,14,15,0
2026-08-14T15:30:05.206510,14,18,18,14,15,0
2026-08-14T15:30:05.206510,13,18,18,15,16,0
2026-08-14T15:30:05.206510,14,18,19,13,16,0
2026-08-14T15:30:05.210420,13,19,18,15,15,0
2026-08-14T15:30:05.210420,14,19,18,14,17,0
2026-08-14T15:30:05.210420,12,19,18,15,15,0
2026-08-14T15:30:05.210420,13,18,19,14,16,0
2026-08-14T15:30:05.215407,13,19,17,14,16,0
2026-08-14T15:30:05.226103,11,17,18,14,16,0
2026-08-14T15:30:05.228044,13,19,19,15,16,0
2026-08-14T15:30:05.228044,13,19,18,15,16,0
2026-08-14T15:30:05.228044,14,19,17,13,16,0
2026-08-14T15:30:05.228044,13,18,19,15,15,0
2026-08-14T15:30:05.231841,13,19,18,15,16,0
2026-08-14T15:30:05.232724,13,19,18,15,15,0
2026-08-14T15:30:05.233793,13,19,18,14,16,0
2026-08-14T15:30:05.234300,11,20,18,14,15,0
2026-08-14T15:30:05.235492,13,19,18,14,15,0
2026-08-14T15:30:05.236094,12,19,18,14,15,0
2026-08-14T15:30:05.236880,13,19,17,14,16,0
2026-08-14T15:30:05.237665,13,19,18,14,16,0
2026-08-14T15:30:05.237665,12,18,17,15,16,0
2026-08-14T15:30:05.237665,15,19,18,15,16,0
2026-08-14T15:30:05.239897,15,18,18,14,16,0
2026-08-14T15:30:05.239897,14,19,18,14,17,0
2026-08-14T15:30:05.239897,14,19,18,14,15,0
2026-08-14T15:30:05.239897,12,20,19,14,18,0
2026-08-14T15:30:05.239897,13,19,18,14,16,0
2026-08-14T15:30:05.239897,14,18,18,14,15,0
2026-08-14T15:30:05.239897,12,18,19,15,15,0
2026-08-14T15:30:05.239897,12,18,18,15,16,0
2026-08-14T15:30:05.245440,13,20,19,15,16,0
2026-08-14T15:30:05.245440,11,19,17,15,15,0
2026-08-14T15:30:05.247239,14,19,19,14,16,0
2026-08-14T15:30:05.247239,13,19,18,14,16,0
2026-08-14T15:30:05.249525,14,18,18,15,16,0
2026-08-14T15:30:05.249525,15,20,18,14,16,0
2026-08-14T15:30:05.249525,14,20,19,15,16,0
2026-08-14T15:30:05.253713,14,19,18,14,16,0
2026-08-14T15:30:05.254063,13,18,18,14,15,0
2026-08-14T15:30:05.254063,13,20,18,15,15,0
2026-08-14T15:30:05.254063,13,19,19,15,16,0
2026-08-14T15:30:05.257726,14,19,19,14,16,0
2026-08-14T15:30:05.257726,13,19,18,14,16,0
2026-08-14T15:30:05.257726,13,19,18,13,16,0
2026-08-14T15:30:05.260530,14,19,20,14,16,0
2026-08-14T15:30:05.260530,14,19,18,15,16,0
2026-08-14T15:30:05.260530,16,19,19,15,15,0
2026-08-14T15:30:05.264840,13,20,18,15,15,0
2026-08-14T15:30:05.264840,13,19,18,15,15,0
2026-08-14T15:30:05.264840,14,19,18,15,15,0
2026-08-14T15:30:05.264840,13,20,18,14,15,0
2026-08-14T15:30:05.270076,14,18,18,15,16,0
2026-08-14T15:30:05.270454,14,19,19,15,17,0
2026-08-14T15:30:05.271186,13,20,18,14,17,0
2026-08-14T15:30:05.273062,13,19,18,14,17,0
2026-08-14T15:30:05.273062,13,18,18,14,16,0
2026-08-14T15:30:05.273062,13,19,19,13,16,0
2026-08-14T15:30:05.273062,15,18,18,14,15,0
2026-08-14T15:30:05.273062,13,18,18,13,16,0
2026-08-14T15:30:05.273062,13,19,18,15,17,0
2026-08-14T15:30:05.273062,13,19,19,14,15,0
2026-08-14T15:30:05.281081,14,19,18,14,15,0
2026-08-14T15:30:05.281081,14,19,18,14,17,0
2026-08-14T15:30:05.281081,14,19,18,15,16,0
2026-08-14T15:30:05.281081,14,18,18,15,16,0
2026-08-14T15:30:05.286160,14,20,19,15,17,0
2026-08-14T15:30:05.287061,14,19,19,15,16,0
2026-08-14T15:30:05.287061,13,19,18,15,16,0
2026-08-14T15:30:05.290476,14,18,18,15,16,0
2026-08-14T15:30:05.290476,13,20,19,14,15,0
2026-08-14T15:30:05.290476,14,19,18,15,16,0
2026-08-14T15:30:05.290476,14,20,19,14,16,0
2026-08-14T15:30:05.294589,14,19,18,14,15,0
2026-08-14T15:30:05.294589,13,19,18,15,15,0
2026-08-14T15:30:05.294589,15,19,20,15,16,0
2026-08-14T15:30:05.298640,15,19,18,14,16,0
2026-08-14T15:30:05.298640,12,18,19,15,16,0
2026-08-14T15:30:05.298640,13,18,19,14,17,0
2026-08-14T15:30:05.302911,14,20,18,15,16,0
2026-08-14T15:30:05.303894,14,20,18,16,16,0
2026-08-14T15:30:05.303894,14,18,18,15,15,0
2026-08-14T15:30:05.303894,13,19,19,15,16,0
2026-08-14T15:30:05.306873,13,20,18,14,16,0
2026-08-14T15:30:05.306873,13,20,18,14,16,0
2026-08-14T15:30:05.308637,13,20,18,15,16,0
2026-08-14T15:30:05.308637,14,19,19,15,16,0
2026-08-14T15:30:05.308637,14,19,18,15,16,0
2026-08-14T15:30:05.312733,13,19,18,15,16,0
2026-08-14T15:30:05.312733,13,19,18,15,17,0
2026-08-14T15:30:05.313747,15,18,19,15,16,0
2026-08-14T15:30:05.313747,14,19,19,15,16,0
2026-08-14T15:30:05.313747,13,19,18,14,16,0
2026-08-14T15:30:05.316942,14,19,20,15,16,0
2026-08-14T15:30:05.320043,14,20,19,15,17,0
2026-08-14T15:30:05.320043,13,18,19,14,17,0
2026-08-14T15:30:05.320043,13,19,18,14,16,0
2026-08-14T15:30:05.322044,13,19,19,15,15,0
2026-08-14T15:30:05.322044,12,20,19,15,16,0
2026-08-14T15:30:05.322044,13,18,19,16,17,0
2026-08-14T15:30:05.322044,14,19,19,15,17,0
2026-08-14T15:30:05.322044,14,19,18,15,16,0
2026-08-14T15:30:05.322044,14,19,18,15,16,0
2026-08-14T15:30:05.331440,14,18,19,15,16,0
2026-08-14T15:30:05.331440,14,18,18,15,17,0
2026-08-14T15:30:05.331440,15,20,20,15,15,0
2026-08-14T15:30:05.331440,13,20,20,15,17,0
2026-08-14T15:30:05.331440,14,20,18,15,16,0
2026-08-14T15:30:05.331440,12,19,18,15,15,0
2026-08-14T15:30:05.337626,12,19,20,16,17,0
2026-08-14T15:30:05.339120,14,19,19,14,16,0
2026-08-14T15:30:05.339120,14,19,18,15,16,0
2026-08-14T15:30:05.339120,14,19,19,13,17,0
2026-08-14T15:30:05.339120,13,19,19,15,16,0
2026-08-14T15:30:05.339120,14,20,19,14,16,0
2026-08-14T15:30:05.339120,15,19,18,16,16,0
2026-08-14T15:30:05.345692,14,19,18,15,16,0
2026-08-14T15:30:05.345692,14,20,19,16,16,0
2026-08-14T15:30:05.345692,13,19,19,14,15,0
2026-08-14T15:30:05.345692,14,20,18,15,16,0
2026-08-14T15:30:05.349571,13,19,18,14,15,0
2026-08-14T15:30:05.349571,14,19,19,15,16,0
2026-08-14T15:30:05.349571,13,19,20,16,16,0
2026-08-14T15:30:05.353515,14,19,19,15,16,0
2026-08-14T15:30:05.356031,14,19,19,15,16,0
2026-08-14T15:30:05.356031,13,18,19,15,16,0
2026-08-14T15:30:05.357795,14,19,19,14,17,0
2026-08-14T15:30:05.357795,13,20,19,15,16,0
2026-08-14T15:30:05.360110,14,20,19,16,16,0
2026-08-14T15:30:05.360110,15,20,20,15,17,0
2026-08-14T15:30:05.360110,14,19,20,15,17,0
2026-08-14T15:30:05.361870,13,20,19,14,16,0
2026-08-14T15:30:05.361870,13,20,18,15,16,0
2026-08-14T15:30:05.361870,14,20,19,15,17,0
2026-08-14T15:30:05.366038,14,20,19,15,16,0
2026-08-14T15:30:05.366038,13,19,19,15,17,0
2026-08-14T15:30:05.370069,13,20,19,15,18,0
2026-08-14T15:30:05.371140,13,19,19,15,16,0
2026-08-14T15:30:05.371140,15,19,19,15,16,0
2026-08-14T15:30:05.373061,14,19,19,16,16,0
2026-08-14T15:30:05.373061,14,20,19,15,15,0
2026-08-14T15:30:05.373061,15,20,20,14,16,0
2026-08-14T15:30:05.373061,14,20,20,15,16,0
2026-08-14T15:30:05.378135,13,19,20,15,16,0
2026-08-14T15:30:05.378135,14,20,20,15,17,0
2026-08-14T15:30:05.378135,13,19,19,15,16,0
2026-08-14T15:30:05.378135,13,19,19,15,16,0
2026-08-14T15:30:05.378135,14,19,19,15,17,0
2026-08-14T15:30:05.384701,14,19,18,15,16,0
2026-08-14T15:30:05.384701,13,19,19,14,16,0
2026-08-14T15:30:05.386153,13,18,19,15,16,0
2026-08-14T15:30:05.387718,15,18,19,15,17,0
2026-08-14T15:30:05.387718,13,19,18,15,17,0
2026-08-14T15:30:05.387718,13,19,20,14,16,0
2026-08-14T15:30:05.387718,13,20,20,15,16,0
2026-08-14T15:30:05.392881,14,20,19,15,16,0
2026-08-14T15:30:05.392881,13,20,18,16,16,0
2026-08-14T15:30:05.392881,15,19,19,15,16,0
2026-08-14T15:30:05.394644,14,19,19,15,16,0
2026-08-14T15:30:05.396359,14,19,19,15,16,0
2026-08-14T15:30:05.396359,14,20,18,15,16,0
2026-08-14T15:30:05.396359,15,20,19,15,16,0
2026-08-14T15:30:05.400238,14,20,19,14,16,0
2026-08-14T15:30:05.400238,15,20,18,15,16,0
2026-08-14T15:30:05.402797,14,20,19,14,17,0
2026-08-14T15:30:05.403541,13,20,19,14,16,0
2026-08-14T15:30:05.403541,13,19,19,14,16,0
2026-08-14T15:30:05.403541,13,20,20,14,16,0
2026-08-14T15:30:05.403541,14,19,18,15,16,0
2026-08-14T15:30:05.403541,14,19,19,15,17,0
2026-08-14T15:30:05.403541,13,19,19,16,16,0
2026-08-14T15:30:05.403541,13,19,19,15,17,0
2026-08-14T15:30:05.411132,14,19,18,16,16,0
2026-08-14T15:30:05.411132,14,19,19,15,16,0
2026-08-14T15:30:05.411132,14,19,19,15,16,0
2026-08-14T15:30:05.411132,14,19,19,15,16,0
2026-08-14T15:30:05.411132,15,20,18,15,17,0
2026-08-14T15:30:05.411132,14,20,20,14,16,0
2026-08-14T15:30:05.411132,13,19,20,15,16,0
2026-08-14T15:30:05.421127,13,20,20,15,16,0
2026-08-14T15:30:05.421127,13,20,18,15,16,0
2026-08-14T15:30:05.421127,14,19,20,16,17,0
2026-08-14T15:30:05.421127,12,19,20,15,17,0
2026-08-14T15:30:05.421127,13,19,19,15,16,0
2026-08-14T15:30:05.421127,14,19,18,15,18,0
2026-08-14T15:30:05.421127,14,19,19,15,17,0
2026-08-14T15:30:05.429751,14,19,19,15,17,0
2026-08-14T15:30:05.429751,13,19,19,15,16,0
2026-08-14T15:30:05.429751,14,20,20,15,16,0
2026-08-14T15:30:05.433849,15,20,19,15,17,0
2026-08-14T15:30:05.433849,14,19,19,15,16,0
2026-08-14T15:30:05.436407,13,20,20,15,15,0
2026-08-14T15:30:05.437435,13,20,20,15,16,0
2026-08-14T15:30:05.437435,12,20,19,15,16,0
2026-08-14T15:30:05.437435,14,20,19,16,17,0
2026-08-14T15:30:05.437435,13,20,19,15,16,0
2026-08-14T15:30:05.441343,14,20,20,15,17,0
2026-08-14T15:30:05.441343,13,19,19,15,17,0
2026-08-14T15:30:05.441343,14,20,19,15,16,0
2026-08-14T15:30:05.443877,15,19,19,15,17,0
2026-08-14T15:30:05.443877,14,19,19,15,17,0
2026-08-14T15:30:05.443877,15,20,20,15,16,0
2026-08-14T15:30:05.443877,14,20,19,15,16,0
2026-08-14T15:30:05.443877,14,20,19,15,17,0
2026-08-14T15:30:05.443877,14,19,20,14,16,0
2026-08-14T15:30:05.443877,14,20,20,16,16,0
2026-08-14T15:30:05.452657,14,20,19,15,17,0
2026-08-14T15:30:05.453388,14,19,20,15,17,0
2026-08-14T15:30:05.453388,13,19,19,14,17,0
2026-08-14T15:30:05.453388,14,20,20,16,17,0
2026-08-14T15:30:05.456188,14,19,19,15,16,0
2026-08-14T15:30:05.456188,14,18,19,15,16,0
2026-08-14T15:30:05.456188,14,19,18,15,16,0
2026-08-14T15:30:05.460378,14,20,20,15,16,0
2026-08-14T15:30:05.462525,14,20,20,14,17,0
2026-08-14T15:30:05.462525,15,20,19,15,16,0
2026-08-14T15:30:05.462525,14,20,18,15,17,0
2026-08-14T15:30:05.466589,13,19,20,16,16,0
2026-08-14T15:30:05.466589,14,19,19,14,16,0
2026-08-14T15:30:05.466589,14,20,18,15,17,0
2026-08-14T15:30:05.469326,14,19,18,16,17,0
2026-08-14T15:30:05.480128,13,19,19,16,16,0
2026-08-14T15:30:05.480128,13,18,19,15,17,0
2026-08-14T15:30:05.485610,14,19,19,15,16,0
2026-08-14T15:30:05.486847,15,19,19,15,16,0
2026-08-14T15:30:05.487221,14,20,19,15,17,0
2026-08-14T15:30:05.487221,13,20,20,15,17,0
2026-08-14T15:30:05.487221,13,20,20,15,16,0
2026-08-14T15:30:05.490888,15,20,19,15,16,0
2026-08-14T15:30:05.490888,15,20,19,15,16,0
2026-08-14T15:30:05.490888,13,19,20,15,16,0
2026-08-14T15:30:05.492903,13,19,20,15,16,0
2026-08-14T15:30:05.492903,13,19,18,15,16,0
2026-08-14T15:30:05.492903,14,20,19,15,16,0
2026-08-14T15:30:05.492903,14,20,19,14,17,0
2026-08-14T15:30:05.494913,14,19,19,15,16,0
2026-08-14T15:30:05.494913,14,20,18,14,17,0
2026-08-14T15:30:05.494913,14,20,18,15,16,0
2026-08-14T15:30:05.494913,14,19,20,15,17,0
2026-08-14T15:30:05.494913,14,20,20,15,17,0
2026-08-14T15:30:05.494913,14,20,20,15,16,0
2026-08-14T15:30:05.494913,14,20,19,15,16,0
2026-08-14T15:30:05.494913,15,20,19,15,16,0
2026-08-14T15:30:05.494913,14,20,19,16,16,0
2026-08-14T15:30:05.494913,14,19,18,15,16,0
2026-08-14T15:30:05.494913,13,19,20,15,16,0
2026-08-14T15:30:05.494913,14,19,19,15,16,0
2026-08-14T15:30:05.501083,14,20,19,15,17,0
2026-08-14T15:30:05.503295,14,20,19,15,16,0
2026-08-14T15:30:05.503295,15,20,20,14,16,0
2026-08-14T15:30:05.503295,14,20,19,15,17,0
2026-08-14T15:30:05.507579,14,20,19,15,16,0
2026-08-14T15:30:05.507579,14,20,19,15,17,0
2026-08-14T15:30:05.507579,13,19,20,15,16,0
2026-08-14T15:30:05.507579,12,20,20,15,17,0
2026-08-14T15:30:05.511651,14,19,18,15,16,0
2026-08-14T15:30:05.511651,14,19,19,15,17,0
2026-08-14T15:30:05.511651,15,20,19,15,16,0
2026-08-14T15:30:05.511651,15,20,20,15,16,0
2026-08-14T15:30:05.511651,14,20,19,14,17,0
2026-08-14T15:30:05.511651,14,20,20,15,16,0
2026-08-14T15:30:05.517808,13,20,20,15,17,0
2026-08-14T15:30:05.517808,14,20,20,15,15,0
2026-08-14T15:30:05.520909,14,20,19,15,16,0
2026-08-14T15:30:05.520909,13,20,18,14,17,0
2026-08-14T15:30:05.520909,14,19,19,16,17,0
2026-08-14T15:30:05.520909,12,20,20,15,16,0
2026-08-14T15:30:05.520909,14,19,20,15,16,0
2026-08-14T15:30:05.525838,14,19,18,16,17,0
2026-08-14T15:30:05.525838,14,20,19,15,16,0
2026-08-14T15:30:05.525838,15,20,19,15,16,0
2026-08-14T15:30:05.525838,14,19,19,15,17,0
2026-08-14T15:30:05.525838,14,20,18,15,16,0
2026-08-14T15:30:05.525838,15,20,19,14,17,0
2026-08-14T15:30:05.525838,13,20,20,16,17,0
2026-08-14T15:30:05.536059,13,21,20,15,16,0
2026-08-14T15:30:05.537016,13,20,19,15,16,0
2026-08-14T15:30:05.537016,13,20,20,14,17,0
2026-08-14T15:30:05.537016,14,19,20,16,16,0
2026-08-14T15:30:05.539748,13,19,19,15,16,0
2026-08-14T15:30:05.539748,14,19,20,16,17,0
2026-08-14T15:30:05.541757,14,20,20,15,16,0
2026-08-14T15:30:05.544426,14,19,19,15,16,0
2026-08-14T15:30:05.544426,14,19,20,16,17,0
2026-08-14T15:30:05.544426,13,20,20,17,17,0
2026-08-14T15:30:05.544426,14,20,20,15,17,0
2026-08-14T15:30:05.548525,14,19,19,15,16,0
2026-08-14T15:30:05.548525,13,20,20,15,16,0
2026-08-14T15:30:05.548525,13,19,18,16,16,0
2026-08-14T15:30:05.552945,14,20,19,15,16,0
2026-08-14T15:30:05.554366,13,20,19,15,16,0
2026-08-14T15:30:05.554692,14,19,19,16,17,0
2026-08-14T15:30:05.554692,13,19,19,15,16,0
2026-08-14T15:30:05.554692,14,19,19,15,16,0
2026-08-14T15:30:05.554692,14,20,20,15,17,0
2026-08-14T15:30:05.558298,15,20,18,15,16,0
2026-08-14T15:30:05.559626,14,20,19,15,16,0
2026-08-14T15:30:05.559626,15,19,20,15,16,0
2026-08-14T15:30:05.559626,12,19,20,15,16,0
2026-08-14T15:30:05.559626,15,19,19,15,16,0
2026-08-14T15:30:05.559626,14,19,19,14,17,0
2026-08-14T15:30:05.559626,13,19,19,15,17,0
2026-08-14T15:30:05.566557,13,19,19,15,16,0
2026-08-14T15:30:05.566557,14,20,19,15,16,0
2026-08-14T15:30:05.566557,14,19,18,16,16,0
2026-08-14T15:30:05.570694,13,20,19,15,17,0
2026-08-14T15:30:05.570694,14,20,20,15,17,0
2026-08-14T15:30:05.570694,13,20,18,15,16,0
2026-08-14T15:30:05.570694,14,19,20,15,16,0
2026-08-14T15:30:05.574776,14,20,19,15,17,0
2026-08-14T15:30:05.574776,14,19,20,15,16,0
2026-08-14T15:30:05.574776,14,20,20,15,16,0
2026-08-14T15:30:05.574776,13,19,19,16,17,0
2026-08-14T15:30:05.574776,14,19,19,15,16,0
2026-08-14T15:30:05.574776,14,19,19,15,16,0
2026-08-14T15:30:05.574776,14,20,19,15,17,0
2026-08-14T15:30:05.583173,15,20,18,15,17,0
2026-08-14T15:30:05.585398,15,19,19,14,16,0
2026-08-14T15:30:05.586582,13,20,19,14,16,0
2026-08-14T15:30:05.586582,13,19,20,14,17,0
2026-08-14T15:30:05.588580,13,20,20,14,16,0
2026-08-14T15:30:05.588580,15,20,20,15,16,0
2026-08-14T15:30:05.591358,13,19,19,15,16,0
2026-08-14T15:30:05.591358,13,20,20,16,16,0
2026-08-14T15:30:05.591358,13,19,18,15,17,0
2026-08-14T15:30:05.591358,14,19,19,16,16,0
2026-08-14T15:30:05.595656,14,19,19,15,16,0
2026-08-14T15:30:05.595656,14,19,19,15,16,0
2026-08-14T15:30:05.597885,14,20,18,15,16,0
2026-08-14T15:30:05.597885,14,20,19,15,16,0
2026-08-14T15:30:05.599664,13,20,20,15,17,0
2026-08-14T15:30:05.599664,15,20,19,15,17,0
2026-08-14T15:30:05.603478,13,20,18,15,15,0
2026-08-14T15:30:05.604429,13,19,20,14,17,0
2026-08-14T15:30:05.604429,14,19,19,14,17,0
2026-08-14T15:30:05.604429,13,20,19,15,18,0
2026-08-14T15:30:05.604429,13,19,18,15,16,0
2026-08-14T15:30:05.610259,14,19,19,14,16,0
2026-08-14T15:30:05.610259,14,20,19,15,17,0
2026-08-14T15:30:05.610259,14,19,18,15,17,0
2026-08-14T15:30:05.612016,14,20,19,14,16,0
2026-08-14T15:30:05.614180,14,20,20,16,17,0
2026-08-14T15:30:05.614180,14,20,20,15,17,0
2026-08-14T15:30:05.614180,14,20,20,15,16,0
2026-08-14T15:30:05.618297,13,20,19,15,16,0
2026-08-14T15:30:05.619483,14,19,19,14,16,0
2026-08-14T15:30:05.620567,14,18,20,15,16,0
2026-08-14T15:30:05.620873,14,19,19,15,17,0
2026-08-14T15:30:05.620873,14,20,18,15,16,0
2026-08-14T15:30:05.620873,14,19,19,16,16,0
2026-08-14T15:30:05.620873,14,19,20,15,16,0
2026-08-14T15:30:05.626471,15,19,20,15,16,0
2026-08-14T15:30:05.626471,14,20,19,14,17,0
2026-08-14T15:30:05.626471,13,20,19,15,16,0
2026-08-14T15:30:05.626471,13,20,19,15,16,0
2026-08-14T15:30:05.630572,13,20,19,15,16,0
2026-08-14T15:30:05.630572,14,19,18,15,16,0
2026-08-14T15:30:05.632540,13,19,19,15,16,0
2026-08-14T15:30:05.632540,14,19,19,16,16,0
2026-08-14T15:30:05.632540,15,20,18,14,16,0
2026-08-14T15:30:05.637287,14,19,19,15,16,0
2026-08-14T15:30:05.637287,14,20,19,15,17,0
2026-08-14T15:30:05.637287,15,20,19,15,16,0
2026-08-14T15:30:05.637287,15,20,18,14,16,0
2026-08-14T15:30:05.640586,14,20,18,15,17,0
2026-08-14T15:30:05.640586,14,20,20,15,17,0
2026-08-14T15:30:05.640586,13,20,19,15,16,0
2026-08-14T15:30:05.640586,13,20,19,15,16,0
2026-08-14T15:30:05.640586,13,19,18,15,16,0
2026-08-14T15:30:05.640586,15,20,19,15,16,0
2026-08-14T15:30:05.648896,14,19,19,15,16,0
2026-08-14T15:30:05.648896,13,19,19,15,16,0
2026-08-14T15:30:05.648896,14,20,19,16,16,0
2026-08-14T15:30:05.651662,15,20,19,14,17,0
2026-08-14T15:30:05.652773,15,19,19,15,16,0
2026-08-14T15:30:05.653316,15,19,20,16,16,0
2026-08-14T15:30:05.653316,13,20,20,15,16,0
2026-08-14T15:30:05.653316,13,20,20,15,16,0
2026-08-14T15:30:05.657124,14,20,20,15,16,0
2026-08-14T15:30:05.659302,13,20,20,15,16,0
2026-08-14T15:30:05.659999,14,19,20,15,15,0
2026-08-14T15:30:05.659999,14,20,19,15,17,0
2026-08-14T15:30:05.663494,14,19,19,14,16,0
2026-08-14T15:30:05.663494,15,19,20,15,17,0
2026-08-14T15:30:05.663494,14,20,18,15,16,0
2026-08-14T15:30:05.667455,14,19,19,15,16,0
2026-08-14T15:30:05.667455,15,20,19,15,16,0
2026-08-14T15:30:05.669447,13,19,18,15,18,0
2026-08-14T15:30:05.670305,15,20,18,15,16,0
2026-08-14T15:30:05.670305,13,20,19,14,16,0
2026-08-14T15:30:05.670305,15,20,19,14,16,0
2026-08-14T15:30:05.670305,13,20,19,14,17,0
2026-08-14T15:30:05.675748,14,20,18,15,15,0
2026-08-14T15:30:05.675748,13,19,19,15,16,0
2026-08-14T15:30:05.675748,15,19,18,15,16,0
2026-08-14T15:30:05.675748,14,19,19,15,16,0
2026-08-14T15:30:05.675748,14,19,19,15,17,0
2026-08-14T15:30:05.675748,13,19,20,15,16,0
2026-08-14T15:30:05.675748,14,20,19,15,17,0
2026-08-14T15:30:05.681849,14,19,18,14,17,0
2026-08-14T15:30:05.681849,14,20,18,16,17,0
2026-08-14T15:30:05.681849,14,19,20,15,16,0
2026-08-14T15:30:05.686150,14,20,20,15,17,0
2026-08-14T15:30:05.686744,14,19,18,15,16,0
2026-08-14T15:30:05.686744,14,19,19,15,17,0
2026-08-14T15:30:05.686744,13,20,19,15,15,0
2026-08-14T15:30:05.690048,13,20,19,15,16,0
2026-08-14T15:30:05.690048,15,19,19,14,16,0
2026-08-14T15:30:05.690048,13,20,19,15,16,0
2026-08-14T15:30:05.690048,14,19,20,15,17,0
2026-08-14T15:30:05.690048,14,20,19,15,16,0
2026-08-14T15:30:05.690048,13,19,18,15,16,0
2026-08-14T15:30:05.690048,14,20,19,15,16,0
2026-08-14T15:30:05.698210,14,20,20,15,17,0
2026-08-14T15:30:05.698210,13,20,19,14,16,0
2026-08-14T15:30:05.698210,13,20,19,15,16,0
2026-08-14T15:30:05.703728,14,19,18,15,17,0
2026-08-14T15:30:05.703728,12,20,19,15,15,0
2026-08-14T15:30:05.703728,14,19,19,16,16,0
2026-08-14T15:30:05.703728,15,20,18,16,17,0
2026-08-14T15:30:05.706405,14,19,18,15,17,0
2026-08-14T15:30:05.706405,14,20,20,14,17,0
2026-08-14T15:30:05.706405,14,19,19,15,16,0
2026-08-14T15:30:05.710862,14,20,20,15,16,0
2026-08-14T15:30:05.710862,14,19,19,15,16,0
2026-08-14T15:30:05.710862,14,19,18,14,16,0
2026-08-14T15:30:05.714613,14,20,19,15,16,0
2026-08-14T15:30:05.716625,13,20,19,15,16,0
2026-08-14T15:30:05.716625,14,19,18,15,16,0
2026-08-14T15:30:05.716625,13,20,19,15,16,0
2026-08-14T15:30:05.720342,13,18,19,15,17,0
2026-08-14T15:30:05.720724,13,20,19,15,16,0
2026-08-14T15:30:05.720724,13,20,18,14,17,0
2026-08-14T15:30:05.722734,15,19,19,14,16,0
2026-08-14T15:30:05.722734,14,20,19,15,16,0
2026-08-14T15:30:05.722734,14,19,19,15,17,0
2026-08-14T15:30:05.722734,15,20,20,15,16,0
2026-08-14T15:30:05.728160,13,20,18,14,16,0
2026-08-14T15:30:05.728160,13,20,20,15,16,0
2026-08-14T15:30:05.729728,15,19,20,15,16,0
2026-08-14T15:30:05.733180,15,20,18,14,15,0
2026-08-14T15:30:05.733180,14,20,19,14,16,0
2026-08-14T15:30:05.733180,14,19,19,15,16,0
2026-08-14T15:30:05.734774,12,20,19,15,16,0
2026-08-14T15:30:05.736812,13,19,18,15,17,0
2026-08-14T15:30:05.736812,15,20,18,15,17,0
2026-08-14T15:30:05.737973,14,20,19,15,17,0
2026-08-14T15:30:05.740682,14,20,18,16,17,0
2026-08-14T15:30:05.740682,15,20,18,15,16,0
2026-08-14T15:30:05.740682,13,20,20,15,16,0
2026-08-14T15:30:05.740682,13,19,18,15,17,0
2026-08-14T15:30:05.745121,14,19,18,15,16,0
2026-08-14T15:30:05.745821,14,20,18,14,15,0
2026-08-14T15:30:05.746403,13,20,20,15,16,0
2026-08-14T15:30:05.747611,12,20,19,14,16,0
2026-08-14T15:30:05.747611,14,19,19,15,17,0
2026-08-14T15:30:05.747611,14,19,20,15,16,0
2026-08-14T15:30:05.747611,13,20,19,14,17,0
2026-08-14T15:30:05.752856,14,20,19,14,17,0
2026-08-14T15:30:05.753554,13,20,18,15,16,0
2026-08-14T15:30:05.753554,14,19,18,15,16,0
2026-08-14T15:30:05.757613,14,20,20,14,16,0
2026-08-14T15:30:05.757613,14,20,18,14,17,0
2026-08-14T15:30:05.757613,14,19,18,15,16,0
2026-08-14T15:30:05.759378,13,19,19,16,17,0
2026-08-14T15:30:05.761708,14,19,19,15,16,0
2026-08-14T15:30:05.761708,14,19,20,15,16,0
2026-08-14T15:30:05.762723,15,19,18,16,17,0
2026-08-14T15:30:05.762723,14,19,18,15,17,0
2026-08-14T15:30:05.762723,14,20,20,16,16,0
2026-08-14T15:30:05.762723,14,19,19,15,16,0
2026-08-14T15:30:05.767562,15,19,18,14,17,0
2026-08-14T15:30:05.770250,14,20,19,15,16,0
2026-08-14T15:30:05.771024,13,20,20,14,15,0
2026-08-14T15:30:05.771024,14,20,19,15,16,0
2026-08-14T15:30:05.771024,13,20,19,15,16,0
2026-08-14T15:30:05.771024,15,20,19,15,15,0
2026-08-14T15:30:05.771024,14,20,19,15,16,0
2026-08-14T15:30:05.771024,14,19,19,15,16,0
2026-08-14T15:30:05.778323,14,19,18,15,16,0
2026-08-14T15:30:05.778323,14,19,18,16,16,0
2026-08-14T15:30:05.778323,14,20,19,14,17,0
2026-08-14T15:30:05.782131,14,19,19,15,17,0
2026-08-14T15:30:05.782131,14,20,18,14,17,0
2026-08-14T15:30:05.782131,14,20,18,15,16,0
2026-08-14T15:30:05.786069,13,19,18,15,16,0
2026-08-14T15:30:05.786789,13,20,20,15,15,0
2026-08-14T15:30:05.786789,13,20,20,15,16,0
2026-08-14T15:30:05.786789,14,20,19,15,17,0
2026-08-14T15:30:05.789849,14,20,19,15,16,0
2026-08-14T15:30:05.789849,14,19,19,15,16,0
2026-08-14T15:30:05.789849,13,19,20,14,16,0
2026-08-14T15:30:05.794266,14,19,18,15,16,0
2026-08-14T15:30:05.794266,15,19,19,16,16,0
2026-08-14T15:30:05.794266,15,20,19,14,17,0
2026-08-14T15:30:05.796215,14,19,18,14,16,0
2026-08-14T15:30:05.796215,13,20,18,14,16,0
2026-08-14T15:30:05.796215,14,20,19,15,16,0
2026-08-14T15:30:05.796215,14,19,20,15,16,0
2026-08-14T15:30:05.802647,14,20,18,15,16,0
2026-08-14T15:30:05.802996,13,20,18,15,17,0
2026-08-14T15:30:05.804015,15,19,18,15,17,0
2026-08-14T15:30:05.804015,15,19,19,14,16,0
2026-08-14T15:30:05.804015,12,19,19,15,16,0
2026-08-14T15:30:05.804015,13,19,20,15,16,0
2026-08-14T15:30:05.808644,14,19,20,15,16,0
2026-08-14T15:30:05.810787,14,20,19,15,16,0
2026-08-14T15:30:05.810787,14,19,19,15,16,0
2026-08-14T15:30:05.812544,15,20,18,14,16,0
2026-08-14T15:30:05.815024,14,20,19,14,15,0
2026-08-14T15:30:05.815024,14,20,19,15,15,0
2026-08-14T15:30:05.815024,13,19,20,14,16,0
2026-08-14T15:30:05.815024,14,19,18,16,16,0
2026-08-14T15:30:05.818447,13,20,18,16,16,0
2026-08-14T15:30:05.818447,12,19,19,15,16,0
2026-08-14T15:30:05.820547,13,19,19,15,17,0
2026-08-14T15:30:05.820547,12,18,19,15,16,0
2026-08-14T15:30:05.820547,14,19,19,15,17,0
2026-08-14T15:30:05.820547,13,20,20,14,16,0
2026-08-14T15:30:05.820547,14,18,19,15,16,0
2026-08-14T15:30:05.826646,14,19,19,15,17,0
2026-08-14T15:30:05.826646,14,19,19,15,16,0
2026-08-14T15:30:05.826646,14,19,20,14,15,0
2026-08-14T15:30:05.826646,14,20,18,14,16,0
2026-08-14T15:30:05.826646,13,19,18,14,18,0
2026-08-14T15:30:05.826646,13,19,18,14,16,0
2026-08-14T15:30:05.835140,14,19,19,15,16,0
2026-08-14T15:30:05.836677,14,19,19,15,16,0
2026-08-14T15:30:05.836677,13,20,18,14,17,0
2026-08-14T15:30:05.836677,15,19,20,15,16,0
2026-08-14T15:30:05.839583,15,20,19,15,16,0
2026-08-14T15:30:05.839583,14,19,19,14,16,0
2026-08-14T15:30:05.839583,14,20,18,14,17,0
2026-08-14T15:30:05.843344,14,20,20,15,17,0
2026-08-14T15:30:05.843344,13,19,19,15,15,0
2026-08-14T15:30:05.843344,14,20,18,15,16,0
2026-08-14T15:30:05.843344,14,20,19,15,16,0
2026-08-14T15:30:05.843344,13,19,19,15,16,0
2026-08-14T15:30:05.843344,13,18,20,15,16,0
2026-08-14T15:30:05.843344,14,20,18,14,16,0
2026-08-14T15:30:05.851863,14,19,18,15,16,0
2026-08-14T15:30:05.851863,14,20,19,15,16,0
2026-08-14T15:30:05.853797,14,18,18,15,17,0
2026-08-14T15:30:05.854481,14,20,19,14,16,0
2026-08-14T15:30:05.854481,15,19,19,15,15,0
2026-08-14T15:30:05.854481,14,20,19,15,16,0
2026-08-14T15:30:05.854481,13,19,20,14,16,0
2026-08-14T15:30:05.860166,14,19,18,14,16,0
2026-08-14T15:30:05.860166,14,20,20,15,16,0
2026-08-14T15:30:05.860166,13,19,20,15,17,0
2026-08-14T15:30:05.860166,13,19,18,15,16,0
2026-08-14T15:30:05.863975,14,19,19,15,17,0
2026-08-14T15:30:05.863975,13,19,18,14,17,0
2026-08-14T15:30:05.863975,14,19,19,15,17,0
2026-08-14T15:30:05.863975,14,19,19,15,16,0
2026-08-14T15:30:05.868730,14,18,19,15,16,0
2026-08-14T15:30:05.870108,14,19,19,15,16,0
2026-08-14T15:30:05.872223,13,20,19,15,16,0
2026-08-14T15:30:05.872223,14,18,19,14,16,0
2026-08-14T15:30:05.872223,13,20,20,14,15,0
2026-08-14T15:30:05.872223,14,20,18,15,16,0
2026-08-14T15:30:05.876323,15,20,18,15,16,0
2026-08-14T15:30:05.876323,14,19,18,16,16,0
2026-08-14T15:30:05.878084,13,19,19,15,16,0
2026-08-14T15:30:05.878084,14,19,18,15,16,0
2026-08-14T15:30:05.878084,13,20,19,15,16,0
2026-08-14T15:30:05.878084,13,19,19,15,16,0
2026-08-14T15:30:05.878084,14,19,18,15,16,0
2026-08-14T15:30:05.884564,15,20,19,15,15,0
2026-08-14T15:30:05.884564,14,20,20,14,16,0
2026-08-14T15:30:05.886247,13,19,19,15,16,0
2026-08-14T15:30:05.888049,13,19,19,14,16,0
2026-08-14T15:30:05.888049,14,19,20,14,15,0
2026-08-14T15:30:05.889815,14,21,20,15,16,0
2026-08-14T15:30:05.889815,14,20,19,15,16,0
2026-08-14T15:30:05.891412,14,18,19,15,16,0
2026-08-14T15:30:05.893772,13,18,18,14,17,0
2026-08-14T15:30:05.894299,14,18,18,14,16,0
2026-08-14T15:30:05.897006,13,19,18,14,17,0
2026-08-14T15:30:05.897006,15,20,19,15,16,0
2026-08-14T15:30:05.897006,15,18,19,15,17,0
2026-08-14T15:30:05.901054,13,20,20,15,16,0
2026-08-14T15:30:05.901054,13,19,20,14,16,0
2026-08-14T15:30:05.902849,15,19,19,14,16,0
2026-08-14T15:30:05.904131,12,19,18,15,16,0
2026-08-14T15:30:05.904131,15,19,19,15,16,0
2026-08-14T15:30:05.904131,13,19,18,15,17,0
2026-08-14T15:30:05.904131,14,20,19,15,17,0
2026-08-14T15:30:05.909309,14,18,18,16,17,0
2026-08-14T15:30:05.910108,13,18,19,15,16,0
2026-08-14T15:30:05.910108,15,19,18,14,17,0
2026-08-14T15:30:05.910108,14,20,19,15,16,0
2026-08-14T15:30:05.910108,14,19,18,15,16,0
2026-08-14T15:30:05.910108,13,19,19,15,16,0
2026-08-14T15:30:05.914930,14,19,19,15,15,0
2026-08-14T15:30:05.917448,13,20,18,15,15,0
2026-08-14T15:30:05.917448,14,19,19,14,16,0
2026-08-14T15:30:05.917448,14,18,19,15,16,0
2026-08-14T15:30:05.920052,12,19,18,14,16,0
2026-08-14T15:30:05.920052,13,19,18,14,16,0
2026-08-14T15:30:05.920052,13,19,18,15,16,0
2026-08-14T15:30:05.920052,14,19,18,15,16,0
2026-08-14T15:30:05.925642,14,20,18,14,16,0
2026-08-14T15:30:05.925642,14,19,18,14,16,0
2026-08-14T15:30:05.925642,13,19,18,14,16,0
2026-08-14T15:30:05.927397,13,20,19,14,16,0
2026-08-14T15:30:05.927397,13,19,19,14,16,0
2026-08-14T15:30:05.927397,14,20,18,14,16,0
2026-08-14T15:30:05.927397,14,19,18,14,15,0
2026-08-14T15:30:05.933820,14,20,19,15,16,0
2026-08-14T15:30:05.933820,14,18,19,14,16,0
2026-08-14T15:30:05.936063,13,19,18,15,16,0
2026-08-14T15:30:05.937196,13,18,19,15,16,0
2026-08-14T15:30:05.937196,13,19,18,15,17,0
2026-08-14T15:30:05.937196,14,19,18,14,16,0
2026-08-14T15:30:05.937196,13,20,19,14,16,0
2026-08-14T15:30:05.942039,14,20,18,15,16,0
2026-08-14T15:30:05.942039,13,20,18,14,15,0
2026-08-14T15:30:05.942039,14,18,20,14,16,0
2026-08-14T15:30:05.942039,14,19,19,15,16,0
2026-08-14T15:30:05.942039,13,19,18,14,16,0
2026-08-14T15:30:05.942039,14,19,18,14,16,0
2026-08-14T15:30:05.942039,13,19,19,14,16,0
2026-08-14T15:30:05.942039,14,18,19,14,16,0
2026-08-14T15:30:05.950233,14,19,18,13,17,0
2026-08-14T15:30:05.951409,15,19,18,15,16,0
2026-08-14T15:30:05.954276,13,20,19,14,15,0
2026-08-14T15:30:05.954276,13,20,18,15,15,0
2026-08-14T15:30:05.954276,14,20,18,15,16,0
2026-08-14T15:30:05.954276,13,19,19,14,16,0
2026-08-14T15:30:05.958408,12,19,20,15,15,0
2026-08-14T15:30:05.958408,13,19,19,14,17,0
2026-08-14T15:30:05.958408,14,19,18,15,17,0
2026-08-14T15:30:05.958408,13,19,19,15,16,0
2026-08-14T15:30:05.958408,14,19,18,15,16,0
2026-08-14T15:30:05.958408,14,18,19,14,16,0
2026-08-14T15:30:05.966471,14,20,19,14,16,0
2026-08-14T15:30:05.966471,14,20,19,15,17,0
2026-08-14T15:30:05.966471,14,19,19,14,16,0
2026-08-14T15:30:05.966471,14,20,18,15,17,0
2026-08-14T15:30:05.970376,14,20,18,14,16,0
2026-08-14T15:30:05.970376,13,19,20,15,15,0
2026-08-14T15:30:05.970376,13,18,19,15,16,0
2026-08-14T15:30:05.974770,13,19,20,15,16,0
2026-08-14T15:30:05.974770,13,19,18,14,16,0
2026-08-14T15:30:05.974770,14,19,18,15,16,0
2026-08-14T15:30:05.974770,14,18,19,14,16,0
2026-08-14T15:30:05.974770,13,18,18,14,16,0
2026-08-14T15:30:05.974770,14,19,19,14,16,0
2026-08-14T15:30:05.974770,14,20,19,14,16,0
2026-08-14T15:30:05.982952,14,19,19,14,16,0
2026-08-14T15:30:05.982952,15,19,17,14,16,0
2026-08-14T15:30:05.982952,13,20,18,15,15,0
2026-08-14T15:30:05.986078,14,20,18,15,15,0
2026-08-14T15:30:05.986633,14,19,18,14,16,0
2026-08-14T15:30:05.986633,13,19,18,14,16,0
2026-08-14T15:30:05.986633,13,18,19,15,17,0
2026-08-14T15:30:05.986633,13,18,18,15,16,0
2026-08-14T15:30:05.991123,13,20,19,14,16,0
2026-08-14T15:30:05.991123,14,19,19,14,16,0
2026-08-14T15:30:05.991123,14,19,19,14,16,0
2026-08-14T15:30:05.994328,13,20,19,14,16,0
2026-08-14T15:30:05.994328,14,19,20,14,16,0
2026-08-14T15:30:05.994328,14,19,18,14,16,0
2026-08-14T15:30:05.999340,13,20,18,15,16,0
2026-08-14T15:30:05.999340,14,19,18,14,15,0
2026-08-14T15:30:05.999340,13,19,19,14,16,0
2026-08-14T15:30:06.002970,13,19,19,15,16,0
2026-08-14T15:30:06.003489,13,18,18,15,17,0
2026-08-14T15:30:06.004259,14,19,18,14,16,0
2026-08-14T15:30:06.004259,14,19,18,15,15,0
2026-08-14T15:30:06.007427,13,19,17,14,16,0
2026-08-14T15:30:06.007427,15,19,18,15,15,0
2026-08-14T15:30:06.007427,13,19,18,15,15,0
2026-08-14T15:30:06.007427,13,19,18,14,16,0
2026-08-14T15:30:06.007427,12,20,20,14,15,0
2026-08-14T15:30:06.007427,15,19,18,15,15,0
2026-08-14T15:30:06.007427,14,19,19,15,17,0
2026-08-14T15:30:06.015585,13,18,19,14,16,0
2026-08-14T15:30:06.015585,14,19,18,15,16,0
2026-08-14T15:30:06.015585,14,19,19,14,16,0
2026-08-14T15:30:06.019474,14,19,18,15,16,0
2026-08-14T15:30:06.020163,15,18,18,15,15,0
2026-08-14T15:30:06.020163,13,19,18,15,16,0
2026-08-14T15:30:06.020163,14,18,18,14,16,0
2026-08-14T15:30:06.023947,13,19,18,14,15,0
2026-08-14T15:30:06.023947,14,19,19,14,16,0
2026-08-14T15:30:06.023947,12,19,19,15,16,0
2026-08-14T15:30:06.027900,14,18,18,15,16,0
2026-08-14T15:30:06.027900,13,19,18,14,16,0
2026-08-14T15:30:06.027900,14,20,18,14,16,0
2026-08-14T15:30:06.031976,13,19,18,14,16,0
2026-08-14T15:30:06.031976,13,18,18,15,15,0
2026-08-14T15:30:06.031976,13,18,18,15,16,0
2026-08-14T15:30:06.031976,13,20,19,14,15,0
2026-08-14T15:30:06.031976,13,20,18,14,16,0
2026-08-14T15:30:06.037332,14,20,18,15,15,0
2026-08-14T15:30:06.037332,13,19,20,14,15,0
2026-08-14T15:30:06.040174,13,19,19,15,16,0
2026-08-14T15:30:06.040174,14,19,19,16,16,0
2026-08-14T15:30:06.040174,14,18,19,14,16,0
2026-08-14T15:30:06.040174,14,18,18,15,16,0
2026-08-14T15:30:06.040174,14,19,19,15,16,0
2026-08-14T15:30:06.040174,13,19,18,14,16,0
2026-08-14T15:30:06.040174,15,19,18,13,16,0
2026-08-14T15:30:06.048397,14,20,19,15,17,0
2026-08-14T15:30:06.048397,13,19,18,14,15,0
2026-08-14T15:30:06.048397,14,20,18,14,15,0
2026-08-14T15:30:06.048397,13,19,18,15,16,0
2026-08-14T15:30:06.048397,13,19,18,15,16,0
2026-08-14T15:30:06.053210,14,19,18,15,16,0
2026-08-14T15:30:06.053210,13,19,18,13,17,0
2026-08-14T15:30:06.056711,13,18,17,13,16,0
2026-08-14T15:30:06.056711,13,19,18,14,16,0
2026-08-14T15:30:06.056711,14,20,19,15,16,0
2026-08-14T15:30:06.056711,13,18,18,14,15,0
2026-08-14T15:30:06.060626,13,19,18,14,15,0
2026-08-14T15:30:06.060626,14,18,18,14,16,0
2026-08-14T15:30:06.060626,13,19,18,14,16,0
2026-08-14T15:30:06.064872,13,18,18,14,15,0
2026-08-14T15:30:06.064872,13,19,18,14,16,0
2026-08-14T15:30:06.064872,13,19,18,15,15,0
2026-08-14T15:30:06.064872,13,18,19,14,16,0
2026-08-14T15:30:06.070107,13,19,17,14,16,0
2026-08-14T15:30:06.070978,13,18,18,14,15,0
2026-08-14T15:30:06.070978,14,20,18,14,16,0
2026-08-14T15:30:06.073231,13,18,18,14,17,0
2026-08-14T15:30:06.073231,13,19,19,14,16,0
2026-08-14T15:30:06.073231,13,20,18,14,15,0
2026-08-14T15:30:06.073231,12,19,18,14,16,0
2026-08-14T15:30:06.073231,13,18,17,15,15,0
2026-08-14T15:30:06.073231,15,18,19,15,16,0
2026-08-14T15:30:06.073231,13,19,18,14,16,0
2026-08-14T15:30:06.081304,13,18,18,14,16,0
2026-08-14T15:30:06.081304,14,18,18,13,16,0
2026-08-14T15:30:06.081304,14,17,19,14,16,0
2026-08-14T15:30:06.085222,14,18,18,15,16,0
2026-08-14T15:30:06.086124,13,19,18,14,16,0
2026-08-14T15:30:06.086787,12,20,19,15,15,0
2026-08-14T15:30:06.086787,15,19,18,15,16,0
2026-08-14T15:30:06.086787,13,19,18,14,16,0
2026-08-14T15:30:06.089816,12,19,18,15,15,0
2026-08-14T15:30:06.089816,14,19,19,14,16,0
2026-08-14T15:30:06.093569,13,18,18,15,16,0
2026-08-14T15:30:06.093569,12,18,17,14,17,0
2026-08-14T15:30:06.093569,12,19,17,15,16,0
2026-08-14T15:30:06.093569,14,18,17,15,16,0
2026-08-14T15:30:06.097661,14,20,18,14,17,0
2026-08-14T15:30:06.097661,15,18,17,13,16,0
2026-08-14T15:30:06.097661,14,18,18,14,16,0
2026-08-14T15:30:06.100177,13,20,18,14,15,0
2026-08-14T15:30:06.102657,13,19,18,15,15,0
2026-08-14T15:30:06.103392,13,19,18,15,16,0
2026-08-14T15:30:06.105632,14,19,18,15,16,0
2026-08-14T15:30:06.105632,14,18,19,15,16,0
2026-08-14T15:30:06.105632,13,19,18,14,16,0
2026-08-14T15:30:06.105632,13,19,18,13,17,0
2026-08-14T15:30:06.105632,15,18,18,14,16,0
2026-08-14T15:30:06.105632,14,18,19,14,16,0
2026-08-14T15:30:06.105632,14,18,17,14,16,0
2026-08-14T15:30:06.114009,13,19,18,13,16,0
2026-08-14T15:30:06.114009,13,20,19,14,16,0
2026-08-14T15:30:06.114009,13,18,18,14,16,0
2026-08-14T15:30:06.114009,11,19,18,14,15,0
2026-08-14T15:30:06.114009,13,20,18,15,15,0
2026-08-14T15:30:06.114009,13,18,18,15,16,0
2026-08-14T15:30:06.120037,13,19,18,13,16,0
2026-08-14T15:30:06.122264,13,19,17,14,16,0
2026-08-14T15:30:06.122264,14,19,17,13,16,0
2026-08-14T15:30:06.122264,12,20,18,13,16,0
2026-08-14T15:30:06.122264,13,19,18,15,15,0
2026-08-14T15:30:06.125242,14,18,17,14,16,0
2026-08-14T15:30:06.125242,13,19,18,14,16,0
2026-08-14T15:30:06.125242,13,18,18,14,15,0
2026-08-14T15:30:06.125242,13,18,18,14,15,0
2026-08-14T15:30:06.130582,13,18,18,14,15,0
2026-08-14T15:30:06.130582,13,18,17,14,15,0
2026-08-14T15:30:06.130582,14,19,18,14,15,0
2026-08-14T15:30:06.130582,13,18,18,14,15,0
2026-08-14T15:30:06.130582,13,18,18,15,15,0
2026-08-14T15:30:06.136566,14,18,18,13,16,0
2026-08-14T15:30:06.138476,13,19,18,14,16,0
2026-08-14T15:30:06.138476,13,18,19,14,16,0
2026-08-14T15:30:06.138476,13,19,18,14,15,0
2026-08-14T15:30:06.138476,13,19,18,14,15,0
2026-08-14T15:30:06.138476,13,18,18,15,15,0
2026-08-14T15:30:06.138476,13,18,19,15,15,0
2026-08-14T15:30:06.138476,14,19,18,14,15,0
2026-08-14T15:30:06.146655,15,19,17,14,16,0
2026-08-14T15:30:06.146655,13,17,18,13,16,0
2026-08-14T15:30:06.146655,15,19,19,15,16,0
2026-08-14T15:30:06.146655,13,19,18,14,15,0
2026-08-14T15:30:06.146655,14,18,18,14,16,0
2026-08-14T15:30:06.146655,15,18,18,15,16,0
2026-08-14T15:30:06.152678,14,18,18,14,16,0
2026-08-14T15:30:06.153280,14,20,18,15,16,0
2026-08-14T15:30:06.155220,12,20,17,14,17,0
2026-08-14T15:30:06.155220,13,18,18,14,15,0
2026-08-14T15:30:06.159123,13,19,18,14,15,0
2026-08-14T15:30:06.159123,13,20,18,14,15,0
2026-08-14T15:30:06.159123,12,19,18,14,15,0
2026-08-14T15:30:06.160874,14,19,18,14,16,0
2026-08-14T15:30:06.163062,14,18,17,15,15,0
2026-08-14T15:30:06.163062,13,19,18,14,16,0
2026-08-14T15:30:06.163062,13,18,18,14,16,0
2026-08-14T15:30:06.167147,13,18,18,14,16,0
2026-08-14T15:30:06.167147,12,18,18,15,15,0
2026-08-14T15:30:06.167147,13,19,18,14,16,0
2026-08-14T15:30:06.170032,14,19,18,14,15,0
2026-08-14T15:30:06.171765,12,19,18,14,15,0
2026-08-14T15:30:06.171765,13,18,18,15,17,0
2026-08-14T15:30:06.171765,13,19,19,13,16,0
2026-08-14T15:30:06.171765,14,18,17,15,16,0
2026-08-14T15:30:06.171765,13,18,19,13,15,0
2026-08-14T15:30:06.171765,13,20,18,15,16,0
2026-08-14T15:30:06.171765,14,18,17,15,15,0
2026-08-14T15:30:06.180280,13,18,17,15,16,0
2026-08-14T15:30:06.180280,12,18,18,15,15,0
2026-08-14T15:30:06.180280,12,20,19,14,15,0
2026-08-14T15:30:06.180280,14,18,18,14,15,0
2026-08-14T15:30:06.180280,13,19,18,14,15,0
2026-08-14T15:30:06.180280,14,19,18,14,16,0
2026-08-14T15:30:06.187713,14,19,17,14,16,0
2026-08-14T15:30:06.187713,14,19,19,15,15,0
2026-08-14T15:30:06.188722,14,19,17,13,16,0
2026-08-14T15:30:06.188722,14,19,17,13,16,0
2026-08-14T15:30:06.191730,14,18,18,14,15,0
2026-08-14T15:30:06.191730,14,19,19,13,16,0
2026-08-14T15:30:06.191730,13,18,18,15,16,0
2026-08-14T15:30:06.195828,13,18,18,13,16,0
2026-08-14T15:30:06.196862,13,19,18,14,16,0
2026-08-14T15:30:06.196862,14,20,18,14,15,0
2026-08-14T15:30:06.200054,13,19,18,14,15,0
2026-08-14T15:30:06.200054,13,18,18,14,16,0
2026-08-14T15:30:06.200054,13,19,17,15,16,0
2026-08-14T15:30:06.202904,13,19,18,14,16,0
2026-08-14T15:30:06.203952,13,18,17,13,16,0
2026-08-14T15:30:06.203952,12,19,18,15,15,0
2026-08-14T15:30:06.205101,14,18,17,13,16,0
2026-08-14T15:30:06.205101,13,18,17,14,15,0
2026-08-14T15:30:06.205101,13,20,18,14,16,0
2026-08-14T15:30:06.205101,13,20,18,14,15,0
2026-08-14T15:30:06.205101,13,18,18,14,15,0
2026-08-14T15:30:06.205101,13,19,18,14,15,0
2026-08-14T15:30:06.205101,13,19,17,14,15,0
2026-08-14T15:30:06.213279,13,18,19,13,16,0
2026-08-14T15:30:06.215292,13,19,18,13,16,0
2026-08-14T15:30:06.215292,13,18,16,15,16,0
2026-08-14T15:30:06.215292,12,19,17,14,16,0
2026-08-14T15:30:06.218652,14,18,18,14,15,0
2026-08-14T15:30:06.219862,13,20,18,14,15,0
2026-08-14T15:30:06.219862,13,18,17,13,15,0
2026-08-14T15:30:06.221780,13,18,18,14,15,0
2026-08-14T15:30:06.223831,14,19,18,14,15,0
2026-08-14T15:30:06.223831,12,19,19,14,15,0
2026-08-14T15:30:06.225448,13,19,18,13,15,0
2026-08-14T15:30:06.225448,13,17,18,14,16,0
2026-08-14T15:30:06.228882,12,19,17,14,15,0
2026-08-14T15:30:06.228882,12,18,19,15,16,0
2026-08-14T15:30:06.230515,13,19,18,14,15,0
2026-08-14T15:30:06.230515,14,18,17,15,16,0
2026-08-14T15:30:06.230515,13,18,17,13,16,0
2026-08-14T15:30:06.230515,13,18,18,14,15,0
2026-08-14T15:30:06.236287,13,20,18,14,16,0
2026-08-14T15:30:06.237154,15,18,17,14,15,0
2026-08-14T15:30:06.237154,13,19,17,13,17,0
2026-08-14T15:30:06.238986,12,19,18,15,15,0
2026-08-14T15:30:06.238986,14,19,17,14,16,0
2026-08-14T15:30:06.238986,12,18,18,14,15,0
2026-08-14T15:30:06.238986,14,18,17,13,16,0
2026-08-14T15:30:06.244215,14,18,18,13,16,0
2026-08-14T15:30:06.244215,13,17,18,14,16,0
2026-08-14T15:30:06.244215,14,18,16,13,15,0
2026-08-14T15:30:06.246743,14,18,18,14,16,0
2026-08-14T15:30:06.248855,13,18,18,14,16,0
2026-08-14T15:30:06.248855,13,18,17,13,16,0
2026-08-14T15:30:06.248855,13,18,18,14,15,0
2026-08-14T15:30:06.252871,12,18,18,14,15,0
2026-08-14T15:30:06.253585,12,17,19,14,15,0
2026-08-14T15:30:06.253585,11,17,19,14,15,0
2026-08-14T15:30:06.254945,11,18,17,14,15,0
2026-08-14T15:30:06.257257,11,18,18,14,15,0
2026-08-14T15:30:06.257257,13,18,17,13,16,0
2026-08-14T15:30:06.257811,13,19,17,15,16,0
2026-08-14T15:30:06.257811,13,18,16,14,16,0
2026-08-14T15:30:06.257811,14,18,18,14,14,0
2026-08-14T15:30:06.257811,13,20,18,13,15,0
2026-08-14T15:30:06.265654,13,18,17,14,16,0
2026-08-14T15:30:06.265654,13,19,16,14,15,0
2026-08-14T15:30:06.265654,12,18,18,14,15,0
2026-08-14T15:30:06.265654,14,18,17,13,16,0
2026-08-14T15:30:06.265654,14,17,18,13,15,0
2026-08-14T15:30:06.270238,13,18,16,14,15,0
2026-08-14T15:30:06.270238,12,19,17,14,15,0
2026-08-14T15:30:06.270238,13,19,17,14,16,0
2026-08-14T15:30:06.270238,14,18,18,13,16,0
2026-08-14T15:30:06.270238,14,18,17,13,17,0
2026-08-14T15:30:06.270238,13,18,18,14,15,0
2026-08-14T15:30:06.270238,13,19,18,14,15,0
2026-08-14T15:30:06.278470,13,19,17,14,15,0
2026-08-14T15:30:06.278470,12,19,17,14,15,0
2026-08-14T15:30:06.278470,11,17,17,14,16,0
2026-08-14T15:30:06.278470,12,19,18,15,16,0
2026-08-14T15:30:06.278470,13,18,16,14,16,0
2026-08-14T15:30:06.278470,12,17,17,15,16,0
2026-08-14T15:30:06.278470,12,18,17,13,16,0
2026-08-14T15:30:06.286749,13,18,18,14,15,0
2026-08-14T15:30:06.287589,14,18,17,14,16,0
2026-08-14T15:30:06.290188,12,18,16,13,15,0
2026-08-14T15:30:06.290188,13,18,17,15,15,0
2026-08-14T15:30:06.290188,12,19,18,14,16,0
2026-08-14T15:30:06.291946,13,19,18,14,15,0
2026-08-14T15:30:06.293819,13,18,17,14,16,0
2026-08-14T15:30:06.293819,14,18,17,13,16,0
2026-08-14T15:30:06.293819,14,19,17,13,16,0
2026-08-14T15:30:06.293819,12,18,17,14,15,0
2026-08-14T15:30:06.293819,13,18,18,13,16,0
2026-08-14T15:30:06.293819,13,18,18,13,15,0
2026-08-14T15:30:06.302087,14,18,18,14,15,0
2026-08-14T15:30:06.303117,12,18,16,14,15,0
2026-08-14T15:30:06.303117,13,18,18,14,15,0
2026-08-14T15:30:06.303117,12,18,18,14,15,0
2026-08-14T15:30:06.303117,13,18,17,13,15,0
2026-08-14T15:30:06.303117,13,17,17,14,15,0
2026-08-14T15:30:06.303117,12,17,17,14,16,0
2026-08-14T15:30:06.310473,12,19,18,14,14,0
2026-08-14T15:30:06.310861,13,18,18,15,15,0
2026-08-14T15:30:06.311531,14,18,18,14,16,0
2026-08-14T15:30:06.311531,14,18,16,13,15,0
2026-08-14T15:30:06.314766,13,18,18,14,15,0
2026-08-14T15:30:06.314766,13,18,18,14,15,0
2026-08-14T15:30:06.314766,13,19,17,13,16,0
2026-08-14T15:30:06.318831,13,18,18,14,15,0
2026-08-14T15:30:06.319940,12,19,18,14,16,0
2026-08-14T15:30:06.320564,12,19,17,13,15,0
2026-08-14T15:30:06.321148,14,19,17,14,15,0
2026-08-14T15:30:06.321148,12,19,16,13,16,0
2026-08-14T15:30:06.321148,13,18,17,13,15,0
2026-08-14T15:30:06.321148,13,18,17,14,15,0
2026-08-14T15:30:06.321148,13,18,17,13,15,0
2026-08-14T15:30:06.327267,14,17,17,15,15,0
2026-08-14T15:30:06.327267,13,18,17,13,16,0
2026-08-14T15:30:06.327267,12,18,18,14,15,0
2026-08-14T15:30:06.327267,12,18,18,13,15,0
2026-08-14T15:30:06.327267,12,18,16,14,14,0
2026-08-14T15:30:06.327267,12,18,18,14,16,0
2026-08-14T15:30:06.327267,14,17,18,15,16,0
2026-08-14T15:30:06.336922,13,19,17,13,15,0
2026-08-14T15:30:06.336922,13,19,17,13,15,0
2026-08-14T15:30:06.339125,14,18,17,13,16,0
2026-08-14T15:30:06.339125,14,18,17,14,16,0
2026-08-14T15:30:06.339125,14,18,16,14,15,0
2026-08-14T15:30:06.339125,13,18,18,13,16,0
2026-08-14T15:30:06.343295,14,19,17,13,15,0
2026-08-14T15:30:06.343295,13,18,18,14,15,0
2026-08-14T15:30:06.343295,13,18,17,14,15,0
2026-08-14T15:30:06.347373,12,19,16,13,15,0
2026-08-14T15:30:06.347373,12,19,18,14,15,0
2026-08-14T15:30:06.347373,12,17,17,13,15,0
2026-08-14T15:30:06.347373,14,18,17,14,16,0
2026-08-14T15:30:06.351327,13,17,17,14,15,0
2026-08-14T15:30:06.351327,13,18,17,13,16,0
2026-08-14T15:30:06.352680,13,18,17,13,16,0
2026-08-14T15:30:06.355692,14,18,16,13,16,0
2026-08-14T15:30:06.355692,14,18,17,13,15,0
2026-08-14T15:30:06.355692,13,20,18,14,16,0
2026-08-14T15:30:06.355692,13,18,18,14,15,0
2026-08-14T15:30:06.359631,12,19,18,14,15,0
2026-08-14T15:30:06.359631,12,18,17,14,15,0
2026-08-14T15:30:06.359631,12,19,18,13,15,0
2026-08-14T15:30:06.359631,14,19,17,14,15,0
2026-08-14T15:30:06.359631,12,18,16,13,16,0
2026-08-14T15:30:06.359631,13,19,16,13,15,0
2026-08-14T15:30:06.367872,13,18,17,13,16,0
2026-08-14T15:30:06.368810,13,18,18,14,15,0
2026-08-14T15:30:06.370331,13,18,17,13,15,0
2026-08-14T15:30:06.370331,12,18,16,13,15,0
2026-08-14T15:30:06.370331,13,19,18,14,15,0
2026-08-14T15:30:06.370331,12,18,17,14,15,0
2026-08-14T15:30:06.370331,13,18,18,14,15,0
2026-08-14T15:30:06.376297,13,18,17,14,15,0
2026-08-14T15:30:06.376297,14,17,18,14,16,0
2026-08-14T15:30:06.376297,12,19,17,16,16,0
2026-08-14T15:30:06.376297,11,18,18,14,16,0
2026-08-14T15:30:06.379410,13,18,17,14,16,0
2026-08-14T15:30:06.380220,13,18,17,13,15,0
2026-08-14T15:30:06.380220,13,18,17,13,15,0
2026-08-14T15:30:06.384449,13,18,17,14,16,0
2026-08-14T15:30:06.384449,13,19,18,14,15,0
2026-08-14T15:30:06.386018,12,18,19,13,15,0
2026-08-14T15:30:06.387026,13,19,18,14,16,0
2026-08-14T15:30:06.387026,13,18,17,14,16,0
2026-08-14T15:30:06.387026,13,19,17,14,15,0
2026-08-14T15:30:06.387026,12,18,18,14,15,0
2026-08-14T15:30:06.392562,13,17,17,13,15,0
2026-08-14T15:30:06.392562,13,19,17,15,16,0
2026-08-14T15:30:06.392562,12,17,17,14,16,0
2026-08-14T15:30:06.392562,14,19,18,14,16,0
2026-08-14T15:30:06.396520,15,18,17,14,16,0
2026-08-14T15:30:06.396520,13,18,17,14,16,0
2026-08-14T15:30:06.398275,12,19,17,14,15,0
2026-08-14T15:30:06.400290,14,20,18,14,15,0
2026-08-14T15:30:06.400290,13,19,18,14,14,0
2026-08-14T15:30:06.400290,13,19,16,14,14,0
2026-08-14T15:30:06.403283,13,19,17,14,16,0
2026-08-14T15:30:06.403283,11,17,17,14,15,0
2026-08-14T15:30:06.403283,12,17,18,12,16,0
2026-08-14T15:30:06.406425,13,18,17,14,16,0
2026-08-14T15:30:06.408463,13,18,17,15,16,0
2026-08-14T15:30:06.408463,14,18,17,14,16,0
2026-08-14T15:30:06.408463,13,18,18,14,16,0
2026-08-14T15:30:06.411139,14,18,18,13,15,0
2026-08-14T15:30:06.411139,13,18,17,14,16,0
2026-08-14T15:30:06.414523,13,20,17,14,15,0
2026-08-14T15:30:06.414523,11,18,19,14,15,0
2026-08-14T15:30:06.416537,12,18,18,14,15,0
2026-08-14T15:30:06.417467,13,19,16,15,16,0
2026-08-14T15:30:06.417467,13,19,18,13,16,0
2026-08-14T15:30:06.420016,14,18,17,14,16,0
2026-08-14T15:30:06.420016,13,18,17,14,16,0
2026-08-14T15:30:06.422184,13,17,18,13,16,0
2026-08-14T15:30:06.422184,14,18,18,13,16,0
2026-08-14T15:30:06.424194,14,18,17,13,16,0
2026-08-14T15:30:06.424194,14,18,17,13,15,0
2026-08-14T15:30:06.424194,13,19,18,14,15,0
2026-08-14T15:30:06.429205,13,19,18,14,15,0
2026-08-14T15:30:06.429854,13,17,18,14,15,0
2026-08-14T15:30:06.429854,14,18,18,14,16,0
2026-08-14T15:30:06.431865,12,18,18,14,15,0
2026-08-14T15:30:06.433876,15,18,17,15,16,0
2026-08-14T15:30:06.433876,13,18,17,14,14,0
2026-08-14T15:30:06.433876,13,17,18,14,16,0
2026-08-14T15:30:06.436879,12,18,18,13,16,0
2026-08-14T15:30:06.436879,14,18,18,13,16,0
2026-08-14T15:30:06.436879,13,18,19,13,15,0
2026-08-14T15:30:06.440007,14,18,17,14,15,0
2026-08-14T15:30:06.440007,13,18,18,13,15,0
2026-08-14T15:30:06.440007,13,17,18,15,15,0
2026-08-14T15:30:06.443197,13,18,17,13,15,0
2026-08-14T15:30:06.444393,11,19,18,14,15,0
2026-08-14T15:30:06.445830,11,19,17,14,15,0
2026-08-14T15:30:06.446734,12,18,18,15,16,0
2026-08-14T15:30:06.447926,13,18,18,14,15,0
2026-08-14T15:30:06.447926,13,19,17,13,16,0
2026-08-14T15:30:06.447926,13,19,18,14,15,0
2026-08-14T15:30:06.447926,14,18,17,15,15,0
2026-08-14T15:30:06.453519,13,18,18,13,16,0
2026-08-14T15:30:06.453519,14,18,18,13,16,0
2026-08-14T15:30:06.453519,13,18,17,13,16,0
2026-08-14T15:30:06.456391,13,18,19,14,16,0
2026-08-14T15:30:06.458401,13,19,18,14,15,0
2026-08-14T15:30:06.458401,13,18,18,14,15,0
2026-08-14T15:30:06.458401,12,19,16,14,15,0
2026-08-14T15:30:06.458401,13,18,18,14,16,0
2026-08-14T15:30:06.458401,13,19,18,14,15,0
2026-08-14T15:30:06.458401,13,17,18,13,16,0
2026-08-14T15:30:06.464998,13,18,17,14,16,0
2026-08-14T15:30:06.464998,13,19,17,15,15,0
2026-08-14T15:30:06.464998,13,19,17,13,15,0
2026-08-14T15:30:06.469668,14,18,17,15,15,0
2026-08-14T15:30:06.470426,14,18,17,15,15,0
2026-08-14T15:30:06.470426,13,18,18,14,16,0
2026-08-14T15:30:06.470426,13,18,18,14,16,0
2026-08-14T15:30:06.474411,13,19,18,13,16,0
2026-08-14T15:30:06.475137,13,17,17,14,16,0
2026-08-14T15:30:06.475137,12,19,18,13,16,0
2026-08-14T15:30:06.478626,14,18,18,14,15,0
2026-08-14T15:30:06.478626,13,19,17,14,17,0
2026-08-14T15:30:06.478626,13,19,17,13,16,0
2026-08-14T15:30:06.478626,14,18,19,13,16,0
2026-08-14T15:30:06.482522,13,19,17,14,16,0
2026-08-14T15:30:06.483252,14,18,18,14,16,0
2026-08-14T15:30:06.483252,13,20,18,13,16,0
2026-08-14T15:30:06.486098,13,19,18,15,16,0
2026-08-14T15:30:06.486971,12,19,18,14,16,0
2026-08-14T15:30:06.486971,11,17,18,14,16,0
2026-08-14T15:30:06.486971,13,19,18,14,15,0
2026-08-14T15:30:06.490715,13,19,19,14,15,0
2026-08-14T15:30:06.490715,13,18,19,14,16,0
2026-08-14T15:30:06.490715,12,19,17,15,16,0
2026-08-14T15:30:06.494829,14,19,18,14,16,0
2026-08-14T15:30:06.494829,13,19,18,13,16,0
2026-08-14T15:30:06.494829,14,18,18,15,16,0
2026-08-14T15:30:06.498038,14,19,19,14,16,0
2026-08-14T15:30:06.499048,13,19,18,14,16,0
2026-08-14T15:30:06.499048,14,18,19,14,15,0
2026-08-14T15:30:06.499048,14,19,19,14,15,0
2026-08-14T15:30:06.502771,12,20,18,15,15,0
2026-08-14T15:30:06.503576,12,20,18,14,15,0
2026-08-14T15:30:06.503576,13,20,19,14,15,0
2026-08-14T15:30:06.507134,13,20,18,14,16,0
2026-08-14T15:30:06.507134,12,18,19,14,17,0
2026-08-14T15:30:06.507134,13,19,18,13,16,0
2026-08-14T15:30:06.507134,13,18,19,15,15,0
2026-08-14T15:30:06.511075,14,20,18,14,16,0
2026-08-14T15:30:06.511075,14,18,18,15,16,0
2026-08-14T15:30:06.511075,14,19,18,15,16,0
2026-08-14T15:30:06.515351,13,19,19,15,15,0
2026-08-14T15:30:06.515351,14,19,19,14,15,0
2026-08-14T15:30:06.515351,13,19,18,14,16,0
2026-08-14T15:30:06.517107,13,19,18,15,16,0
2026-08-14T15:30:06.519434,12,19,19,15,15,0
2026-08-14T15:30:06.520397,13,18,19,15,16,0
2026-08-14T15:30:06.520397,14,19,19,14,16,0
2026-08-14T15:30:06.522531,14,18,18,15,16,0
2026-08-14T15:30:06.523544,13,19,17,15,16,0
2026-08-14T15:30:06.523544,13,19,18,14,16,0
2026-08-14T15:30:06.523544,13,19,18,14,16,0
2026-08-14T15:30:06.525563,15,19,17,14,16,0
2026-08-14T15:30:06.525563,15,19,19,14,16,0
2026-08-14T15:30:06.525563,13,19,19,14,16,0
2026-08-14T15:30:06.531786,13,18,18,15,15,0
2026-08-14T15:30:06.531786,13,20,18,15,16,0
2026-08-14T15:30:06.533799,14,19,18,14,16,0
2026-08-14T15:30:06.533799,13,18,18,15,16,0
2026-08-14T15:30:06.536760,13,19,18,14,16,0
2026-08-14T15:30:06.536760,13,19,19,14,16,0
2026-08-14T15:30:06.536760,13,19,18,14,16,0
2026-08-14T15:30:06.536760,15,18,18,15,16,0
2026-08-14T15:30:06.540274,12,18,18,15,17,0
2026-08-14T15:30:06.540274,14,19,18,14,16,0
2026-08-14T15:30:06.543851,14,20,18,14,16,0
2026-08-14T15:30:06.543851,13,19,18,15,16,0
2026-08-14T15:30:06.543851,12,19,18,14,16,0
2026-08-14T15:30:06.543851,12,19,19,15,15,0
2026-08-14T15:30:06.543851,13,19,18,15,16,0
2026-08-14T15:30:06.548371,14,19,19,15,16,0
2026-08-14T15:30:06.548371,14,19,19,15,16,0
2026-08-14T15:30:06.548371,13,18,19,15,16,0
2026-08-14T15:30:06.553437,14,19,18,16,17,0
2026-08-14T15:30:06.553437,14,18,19,14,16,0
2026-08-14T15:30:06.553437,14,18,19,15,16,0
2026-08-14T15:30:06.553437,14,19,19,15,16,0
2026-08-14T15:30:06.556413,14,20,19,15,16,0
2026-08-14T15:30:06.556413,14,20,20,14,15,0
2026-08-14T15:30:06.560371,14,20,19,15,17,0
2026-08-14T15:30:06.560371,13,19,18,14,16,0
2026-08-14T15:30:06.560371,12,20,20,15,16,0
2026-08-14T15:30:06.560371,12,19,19,15,16,0
2026-08-14T15:30:06.560371,13,19,18,15,17,0
2026-08-14T15:30:06.564683,15,18,18,14,17,0
2026-08-14T15:30:06.564683,14,19,19,15,16,0
2026-08-14T15:30:06.564683,14,19,19,15,16,0
2026-08-14T15:30:06.564683,14,19,19,14,16,0
2026-08-14T15:30:06.570256,14,20,19,14,15,0
2026-08-14T15:30:06.570256,13,19,18,15,17,0
2026-08-14T15:30:06.572730,13,20,20,15,16,0
2026-08-14T15:30:06.572730,14,20,19,14,17,0
2026-08-14T15:30:06.572730,14,19,19,15,17,0
2026-08-14T15:30:06.572730,13,19,18,15,15,0
2026-08-14T15:30:06.572730,14,20,19,16,16,0
2026-08-14T15:30:06.572730,14,20,18,15,16,0
2026-08-14T15:30:06.572730,13,20,18,15,16,0
2026-08-14T15:30:06.581663,14,20,19,16,16,0
2026-08-14T15:30:06.581663,14,18,19,15,16,0
2026-08-14T15:30:06.581663,14,19,18,15,16,0
2026-08-14T15:30:06.581663,15,19,18,14,16,0
2026-08-14T15:30:06.581663,14,20,19,14,16,0
2026-08-14T15:30:06.586073,14,19,20,14,17,0
2026-08-14T15:30:06.588904,14,20,19,15,16,0
2026-08-14T15:30:06.588904,14,20,18,14,15,0
2026-08-14T15:30:06.588904,13,22,20,15,16,0
2026-08-14T15:30:06.590670,12,20,19,15,16,0
2026-08-14T15:30:06.590670,14,19,18,15,16,0
2026-08-14T15:30:06.590670,14,20,19,16,16,0
2026-08-14T15:30:06.590670,13,19,19,14,16,0
2026-08-14T15:30:06.597103,14,20,19,15,16,0
2026-08-14T15:30:06.597103,14,19,19,15,16,0
2026-08-14T15:30:06.597103,14,19,19,15,16,0
2026-08-14T15:30:06.601199,13,20,20,15,16,0
2026-08-14T15:30:06.602725,14,20,20,15,16,0
2026-08-14T15:30:06.603872,15,20,20,15,17,0
2026-08-14T15:30:06.603872,13,19,18,14,16,0
2026-08-14T15:30:06.605381,14,19,19,15,16,0
2026-08-14T15:30:06.605381,15,19,19,15,17,0
2026-08-14T15:30:06.605381,13,19,19,15,16,0
2026-08-14T15:30:06.609376,13,19,19,15,16,0
2026-08-14T15:30:06.609376,15,19,19,16,17,0
2026-08-14T15:30:06.609376,14,20,18,15,16,0
2026-08-14T15:30:06.609376,15,19,19,16,17,0
2026-08-14T15:30:06.613474,14,19,18,15,17,0
2026-08-14T15:30:06.613474,13,20,19,15,17,0
2026-08-14T15:30:06.613474,14,20,20,15,15,0
2026-08-14T15:30:06.617576,14,20,20,15,16,0
2026-08-14T15:30:06.617576,14,20,20,14,16,0
2026-08-14T15:30:06.617576,14,19,19,15,17,0
2026-08-14T15:30:06.620388,14,19,19,15,16,0
2026-08-14T15:30:06.620716,13,20,19,15,15,0
2026-08-14T15:30:06.621902,15,20,19,14,17,0
2026-08-14T15:30:06.621902,14,19,18,15,17,0
2026-08-14T15:30:06.624347,14,20,19,15,17,0
2026-08-14T15:30:06.624347,14,20,20,15,17,0
2026-08-14T15:30:06.624347,14,20,19,15,16,0
2026-08-14T15:30:06.624347,15,20,20,15,17,0
2026-08-14T15:30:06.624347,14,20,20,15,17,0
2026-08-14T15:30:06.630415,13,20,19,15,16,0
2026-08-14T15:30:06.630415,14,20,20,15,16,0
2026-08-14T15:30:06.632427,15,20,20,15,15,0
2026-08-14T15:30:06.632427,14,19,20,16,16,0
2026-08-14T15:30:06.636066,14,20,19,16,17,0
2026-08-14T15:30:06.636982,14,19,18,15,16,0
2026-08-14T15:30:06.638819,12,19,20,15,16,0
2026-08-14T15:30:06.638819,14,20,19,14,18,0
2026-08-14T15:30:06.638819,13,19,19,15,16,0
2026-08-14T15:30:06.638819,15,19,18,16,16,0
2026-08-14T15:30:06.638819,14,20,19,15,15,0
2026-08-14T15:30:06.638819,14,20,20,14,17,0
2026-08-14T15:30:06.638819,15,19,19,15,16,0
2026-08-14T15:30:06.647304,14,20,19,16,17,0
2026-08-14T15:30:06.647982,13,19,20,15,17,0
2026-08-14T15:30:06.647982,14,20,19,15,16,0
2026-08-14T15:30:06.649855,14,19,20,16,17,0
2026-08-14T15:30:06.649855,14,19,19,15,16,0
2026-08-14T15:30:06.651865,13,19,19,16,16,0
2026-08-14T15:30:06.654589,14,20,19,15,16,0
2026-08-14T15:30:06.654589,15,19,19,15,17,0
2026-08-14T15:30:06.655598,14,19,19,15,17,0
2026-08-14T15:30:06.655598,14,19,19,15,17,0
2026-08-14T15:30:06.655598,14,20,20,15,16,0
2026-08-14T15:30:06.655598,15,20,20,15,16,0
2026-08-14T15:30:06.655598,14,20,20,15,17,0
2026-08-14T15:30:06.661566,15,19,20,16,17,0
2026-08-14T15:30:06.661566,13,20,19,15,16,0
2026-08-14T15:30:06.663828,15,20,19,15,17,0
2026-08-14T15:30:06.663828,14,20,18,15,17,0
2026-08-14T15:30:06.663828,14,19,20,15,16,0
2026-08-14T15:30:06.663828,14,20,20,15,15,0
2026-08-14T15:30:06.668609,14,20,19,15,17,0
2026-08-14T15:30:06.670146,15,20,20,15,16,0
2026-08-14T15:30:06.670922,14,20,20,15,17,0
2026-08-14T15:30:06.672252,13,20,20,15,16,0
2026-08-14T15:30:06.675054,13,20,20,15,16,0
2026-08-14T15:30:06.675054,13,20,20,16,17,0
2026-08-14T15:30:06.675054,14,19,19,16,17,0
2026-08-14T15:30:06.675054,13,20,19,15,17,0
2026-08-14T15:30:06.679148,13,20,20,15,16,0
2026-08-14T15:30:06.679148,14,21,20,15,16,0
2026-08-14T15:30:06.680672,14,20,20,15,16,0
2026-08-14T15:30:06.682466,15,19,19,15,17,0
2026-08-14T15:30:06.684174,14,19,18,16,17,0
2026-08-14T15:30:06.684174,15,20,20,15,16,0
2026-08-14T15:30:06.686017,13,21,20,15,16,0
2026-08-14T15:30:06.686319,14,20,19,15,16,0
2026-08-14T15:30:06.687349,13,21,20,15,17,0
2026-08-14T15:30:06.688965,15,19,20,15,16,0
2026-08-14T15:30:06.690252,13,20,20,15,16,0
2026-08-14T15:30:06.691660,14,20,19,15,16,0
2026-08-14T15:30:06.691660,13,19,20,16,18,0
2026-08-14T15:30:06.693670,13,19,20,16,17,0
2026-08-14T15:30:06.693670,14,20,20,15,17,0
2026-08-14T15:30:06.695560,14,20,20,15,16,0
2026-08-14T15:30:06.696569,15,19,19,16,17,0
2026-08-14T15:30:06.699802,14,20,19,15,17,0
2026-08-14T15:30:06.699802,14,21,20,15,16,0
2026-08-14T15:30:06.699802,14,21,20,15,17,0
2026-08-14T15:30:06.702994,14,20,20,15,17,0
2026-08-14T15:30:06.703965,15,20,20,16,16,0
2026-08-14T15:30:06.703965,13,19,20,16,16,0
2026-08-14T15:30:06.705062,14,21,20,15,16,0
2026-08-14T15:30:06.707971,15,20,20,15,17,0
2026-08-14T15:30:06.707971,12,19,19,15,16,0
2026-08-14T15:30:06.707971,14,21,19,15,16,0
2026-08-14T15:30:06.707971,14,20,20,15,17,0
2026-08-14T15:30:06.707971,14,19,18,16,16,0
2026-08-14T15:30:06.713455,15,20,20,15,16,0
2026-08-14T15:30:06.713455,14,20,20,15,17,0
2026-08-14T15:30:06.713455,13,21,20,16,16,0
2026-08-14T15:30:06.713455,14,20,20,16,17,0
2026-08-14T15:30:06.713455,15,20,18,16,16,0
2026-08-14T15:30:06.713455,13,19,21,16,17,0
2026-08-14T15:30:06.720122,14,19,21,15,16,0
2026-08-14T15:30:06.721420,13,20,20,15,17,0
2026-08-14T15:30:06.721420,15,19,20,16,17,0
2026-08-14T15:30:06.721420,15,20,20,15,16,0
2026-08-14T15:30:06.721420,15,20,20,15,16,0
2026-08-14T15:30:06.721420,14,20,19,15,17,0
2026-08-14T15:30:06.728704,14,20,19,15,16,0
2026-08-14T15:30:06.728704,14,20,20,15,16,0
2026-08-14T15:30:06.729712,14,20,20,15,16,0
2026-08-14T15:30:06.732244,15,20,20,15,16,0
2026-08-14T15:30:06.732244,15,20,20,16,17,0
2026-08-14T15:30:06.732244,15,20,19,15,16,0
2026-08-14T15:30:06.733949,14,21,19,15,17,0
2026-08-14T15:30:06.736070,13,21,19,16,16,0
2026-08-14T15:30:06.737148,14,20,19,15,16,0
2026-08-14T15:30:06.739142,15,20,21,15,17,0
2026-08-14T15:30:06.739142,14,20,19,15,16,0
2026-08-14T15:30:06.739142,15,19,20,15,16,0
2026-08-14T15:30:06.739142,13,20,20,15,17,0
2026-08-14T15:30:06.739142,13,20,20,15,17,0
2026-08-14T15:30:06.739142,15,20,19,15,17,0
2026-08-14T15:30:06.744925,13,20,21,14,18,0
2026-08-14T15:30:06.744925,14,19,20,15,16,0
2026-08-14T15:30:06.744925,14,21,20,15,16,0
2026-08-14T15:30:06.744925,15,21,20,15,16,0
2026-08-14T15:30:06.744925,14,19,19,16,18,0
2026-08-14T15:30:06.744925,14,21,19,15,17,0
2026-08-14T15:30:06.752829,14,20,20,15,16,0
2026-08-14T15:30:06.752829,15,20,20,15,17,0
2026-08-14T15:30:06.754097,15,20,19,16,17,0
2026-08-14T15:30:06.754411,14,20,20,15,17,0
2026-08-14T15:30:06.757559,14,20,20,16,17,0
2026-08-14T15:30:06.757559,14,21,20,15,16,0
2026-08-14T15:30:06.758446,13,21,19,16,17,0
2026-08-14T15:30:06.760296,13,21,19,16,17,0
2026-08-14T15:30:06.761304,13,19,19,16,16,0
2026-08-14T15:30:06.761304,14,21,19,15,17,0
2026-08-14T15:30:06.764721,15,20,19,15,17,0
2026-08-14T15:30:06.765266,14,19,20,15,17,0
2026-08-14T15:30:06.765864,15,20,19,15,17,0
2026-08-14T15:30:06.769340,15,20,20,15,16,0
2026-08-14T15:30:06.770297,14,20,19,15,16,0
2026-08-14T15:30:06.771230,14,20,18,15,17,0
2026-08-14T15:30:06.771230,14,21,20,15,16,0
2026-08-14T15:30:06.772453,14,20,20,16,17,0
2026-08-14T15:30:06.772453,13,21,20,15,17,0
2026-08-14T15:30:06.772453,14,21,20,16,17,0
2026-08-14T15:30:06.776479,15,19,20,16,17,0
2026-08-14T15:30:06.777488,14,19,19,16,16,0
2026-08-14T15:30:06.777488,13,19,20,15,17,0
2026-08-14T15:30:06.777488,13,21,19,15,17,0
2026-08-14T15:30:06.779499,14,19,20,15,16,0
2026-08-14T15:30:06.779499,16,21,19,16,16,0
2026-08-14T15:30:06.779499,15,20,20,16,16,0
2026-08-14T15:30:06.785169,14,21,20,15,16,0
2026-08-14T15:30:06.786063,14,20,20,15,16,0
2026-08-14T15:30:06.786063,14,19,20,15,16,0
2026-08-14T15:30:06.786817,14,20,20,16,16,0
2026-08-14T15:30:06.786817,14,20,20,15,16,0
2026-08-14T15:30:06.786817,13,20,19,16,16,0
2026-08-14T15:30:06.786817,14,20,19,15,17,0
2026-08-14T15:30:06.793295,15,19,20,15,17,0
2026-08-14T15:30:06.793295,14,21,20,15,16,0
2026-08-14T15:30:06.793295,16,21,20,14,17,0
2026-08-14T15:30:06.796245,15,20,19,16,16,0
2026-08-14T15:30:06.796245,15,20,19,16,16,0
2026-08-14T15:30:06.796245,14,21,19,16,16,0
2026-08-14T15:30:06.796245,13,21,20,14,17,0
2026-08-14T15:30:06.801388,12,20,19,15,17,0
2026-08-14T15:30:06.801388,14,20,19,15,16,0
2026-08-14T15:30:06.803173,15,21,19,16,16,0
2026-08-14T15:30:06.805670,15,19,20,16,17,0
2026-08-14T15:30:06.805670,14,21,19,15,16,0
2026-08-14T15:30:06.805670,14,20,19,14,18,0
2026-08-14T15:30:06.807429,14,19,19,15,17,0
2026-08-14T15:30:06.809445,13,19,20,15,16,0
2026-08-14T15:30:06.809445,14,20,20,15,16,0
2026-08-14T15:30:06.809445,16,20,20,15,16,0
2026-08-14T15:30:06.814207,14,20,20,15,16,0
2026-08-14T15:30:06.814207,13,21,21,15,15,0
2026-08-14T15:30:06.814207,15,21,20,15,17,0
2026-08-14T15:30:06.814207,13,20,20,15,16,0
2026-08-14T15:30:06.817735,14,20,19,15,16,0
2026-08-14T15:30:06.817735,15,20,20,16,18,0
2026-08-14T15:30:06.817735,14,19,19,16,17,0
2026-08-14T15:30:06.819812,13,20,19,15,17,0
2026-08-14T15:30:06.819812,15,19,18,15,17,0
2026-08-14T15:30:06.819812,14,21,19,15,16,0
2026-08-14T15:30:06.819812,15,20,20,15,16,0
2026-08-14T15:30:06.826039,14,20,20,15,16,0
2026-08-14T15:30:06.826039,14,20,20,16,16,0
2026-08-14T15:30:06.826039,14,20,20,14,17,0
2026-08-14T15:30:06.826039,14,20,20,15,16,0
2026-08-14T15:30:06.826039,13,20,20,15,16,0
2026-08-14T15:30:06.826039,13,20,20,16,17,0
2026-08-14T15:30:06.834916,14,20,19,16,17,0
2026-08-14T15:30:06.838124,14,19,20,15,17,0
2026-08-14T15:30:06.838124,15,21,20,15,17,0
2026-08-14T15:30:06.838124,14,20,19,15,16,0
2026-08-14T15:30:06.838124,14,20,21,15,17,0
2026-08-14T15:30:06.838124,14,20,21,15,16,0
2026-08-14T15:30:06.838124,14,20,19,15,16,0
2026-08-14T15:30:06.842839,14,21,20,15,17,0
2026-08-14T15:30:06.842839,13,20,20,15,16,0
2026-08-14T15:30:06.842839,14,20,19,16,16,0
2026-08-14T15:30:06.842839,15,20,19,15,17,0
2026-08-14T15:30:06.846949,13,21,19,15,16,0
2026-08-14T15:30:06.846949,13,20,21,15,17,0
2026-08-14T15:30:06.846949,14,19,19,15,17,0
2026-08-14T15:30:06.850975,13,19,19,16,18,0
2026-08-14T15:30:06.850975,14,19,19,16,17,0
2026-08-14T15:30:06.850975,15,20,20,15,17,0
2026-08-14T15:30:06.853525,15,21,20,15,17,0
2026-08-14T15:30:06.854668,15,20,20,15,17,0
2026-08-14T15:30:06.854668,15,20,19,15,16,0
2026-08-14T15:30:06.854668,13,20,20,15,15,0
2026-08-14T15:30:06.859363,13,21,20,16,17,0
2026-08-14T15:30:06.859363,14,19,20,14,17,0
2026-08-14T15:30:06.859363,14,19,19,16,18,0
2026-08-14T15:30:06.859363,13,20,20,16,17,0
2026-08-14T15:30:06.859363,14,20,20,15,17,0
2026-08-14T15:30:06.859363,14,19,19,16,17,0
2026-08-14T15:30:06.859363,14,19,20,16,17,0
2026-08-14T15:30:06.859363,15,20,20,15,17,0
2026-08-14T15:30:06.867700,15,20,20,14,17,0
2026-08-14T15:30:06.869403,16,20,20,15,17,0
2026-08-14T15:30:06.871796,14,20,18,15,16,0
2026-08-14T15:30:06.871796,13,21,20,16,16,0
2026-08-14T15:30:06.871796,15,19,20,16,18,0
2026-08-14T15:30:06.871796,15,21,20,15,17,0
2026-08-14T15:30:06.871796,14,20,20,16,17,0
2026-08-14T15:30:06.875817,13,20,20,16,18,0
2026-08-14T15:30:06.875817,14,21,20,15,16,0
2026-08-14T15:30:06.879966,13,20,20,16,17,0
2026-08-14T15:30:06.879966,15,20,20,15,17,0
2026-08-14T15:30:06.879966,14,21,19,16,17,0
2026-08-14T15:30:06.879966,13,21,20,16,17,0
2026-08-14T15:30:06.883916,14,21,20,15,16,0
2026-08-14T15:30:06.883916,15,21,20,15,16,0
2026-08-14T15:30:06.883916,14,20,20,15,17,0
2026-08-14T15:30:06.886990,15,21,20,16,17,0
2026-08-14T15:30:06.886990,15,21,20,16,16,0
2026-08-14T15:30:06.886990,13,21,19,16,17,0
2026-08-14T15:30:06.886990,14,19,20,16,17,0
2026-08-14T15:30:06.892127,14,20,20,16,17,0
2026-08-14T15:30:06.892127,14,20,20,14,17,0
2026-08-14T15:30:06.892127,14,20,19,14,16,0
2026-08-14T15:30:06.892127,15,20,20,17,16,0
2026-08-14T15:30:06.892127,14,20,20,15,17,0
2026-08-14T15:30:06.892127,13,21,20,15,16,0
2026-08-14T15:30:06.900349,15,21,20,15,16,0
2026-08-14T15:30:06.900349,15,21,20,15,17,0
2026-08-14T15:30:06.903116,14,21,19,15,16,0
2026-08-14T15:30:06.904201,13,21,20,16,16,0
2026-08-14T15:30:06.904201,14,20,20,16,17,0
2026-08-14T15:30:06.904201,14,20,21,15,17,0
2026-08-14T15:30:06.904201,14,21,20,15,17,0
2026-08-14T15:30:06.908687,14,20,20,16,17,0
2026-08-14T15:30:06.908687,14,19,20,15,17,0
2026-08-14T15:30:06.908687,13,20,21,15,17,0
2026-08-14T15:30:06.908687,14,20,20,15,16,0
2026-08-14T15:30:06.908687,15,21,20,15,16,0
2026-08-14T15:30:06.908687,15,21,20,16,17,0
2026-08-14T15:30:06.908687,12,21,20,16,17,0
2026-08-14T15:30:06.916737,13,20,20,15,17,0
2026-08-14T15:30:06.916737,14,19,19,16,17,0
2026-08-14T15:30:06.918749,12,20,19,16,18,0
2026-08-14T15:30:06.919389,14,21,20,16,17,0
2026-08-14T15:30:06.920088,14,20,20,15,16,0
2026-08-14T15:30:06.920088,15,21,19,16,16,0
2026-08-14T15:30:06.920088,15,19,19,16,16,0
2026-08-14T15:30:06.924932,14,20,20,16,17,0
2026-08-14T15:30:06.925745,14,20,19,15,16,0
2026-08-14T15:30:06.925745,13,21,19,15,17,0
2026-08-14T15:30:06.925745,15,20,20,15,16,0
2026-08-14T15:30:06.925745,13,20,20,15,16,0
2026-08-14T15:30:06.925745,14,19,20,16,17,0
2026-08-14T15:30:06.925745,13,21,20,16,16,0
2026-08-14T15:30:06.933069,15,20,19,16,17,0
2026-08-14T15:30:06.933069,14,19,19,16,17,0
2026-08-14T15:30:06.933069,14,20,19,15,16,0
2026-08-14T15:30:06.936572,14,20,20,15,17,0
2026-08-14T15:30:06.936572,14,20,19,15,16,0
2026-08-14T15:30:06.938906,14,20,20,15,16,0
2026-08-14T15:30:06.938906,13,20,20,15,16,0
2026-08-14T15:30:06.940781,13,20,20,15,17,0
2026-08-14T15:30:06.940781,13,21,20,15,17,0
2026-08-14T15:30:06.940781,14,19,21,16,17,0
2026-08-14T15:30:06.940781,14,19,19,15,17,0
2026-08-14T15:30:06.940781,13,21,20,16,16,0
2026-08-14T15:30:06.940781,15,21,20,15,17,0
2026-08-14T15:30:06.940781,14,20,19,15,17,0
2026-08-14T15:30:06.949306,14,19,19,15,17,0
2026-08-14T15:30:06.949306,14,19,19,16,17,0
2026-08-14T15:30:06.949306,14,20,19,15,17,0
2026-08-14T15:30:06.952641,15,21,20,15,17,0
2026-08-14T15:30:06.953536,14,20,20,15,16,0
2026-08-14T15:30:06.953536,13,20,20,16,17,0
2026-08-14T15:30:06.953536,14,21,20,16,18,0
2026-08-14T15:30:06.957649,15,20,20,16,17,0
2026-08-14T15:30:06.957649,13,19,19,16,16,0
2026-08-14T15:30:06.957649,14,21,19,16,17,0
2026-08-14T15:30:06.960188,15,20,20,16,17,0
2026-08-14T15:30:06.961939,12,20,20,15,16,0
2026-08-14T15:30:06.961939,14,20,19,15,17,0
2026-08-14T15:30:06.965827,16,20,20,15,17,0
2026-08-14T15:30:06.965827,14,19,19,16,16,0
2026-08-14T15:30:06.965827,15,20,19,16,16,0
2026-08-14T15:30:06.965827,14,21,20,15,16,0
2026-08-14T15:30:06.969401,15,20,19,16,17,0
2026-08-14T15:30:06.970419,14,20,20,15,18,0
2026-08-14T15:30:06.970419,14,20,20,16,17,0
2026-08-14T15:30:06.974020,13,20,20,15,17,0
2026-08-14T15:30:06.974020,15,21,19,16,18,0
2026-08-14T15:30:06.974020,14,19,20,15,16,0
2026-08-14T15:30:06.974020,14,20,20,16,16,0
2026-08-14T15:30:06.978124,14,19,20,15,17,0
2026-08-14T15:30:06.978124,14,19,19,16,17,0
2026-08-14T15:30:06.978124,15,20,20,15,17,0
2026-08-14T15:30:06.982045,14,20,20,16,17,0
2026-08-14T15:30:06.982045,14,20,20,15,17,0
2026-08-14T15:30:06.982045,14,20,18,15,17,0
2026-08-14T15:30:06.982045,13,20,20,15,16,0
2026-08-14T15:30:06.986150,14,20,19,15,16,0
2026-08-14T15:30:06.987220,14,19,20,15,17,0
2026-08-14T15:30:06.987220,14,20,20,15,17,0
2026-08-14T15:30:06.990477,14,19,19,16,18,0
2026-08-14T15:30:06.990477,14,20,19,14,16,0
2026-08-14T15:30:06.990477,14,19,20,15,16,0
2026-08-14T15:30:06.990477,14,20,20,16,17,0
2026-08-14T15:30:06.990477,15,20,19,15,16,0
2026-08-14T15:30:06.990477,15,20,20,15,17,0
2026-08-14T15:30:06.990477,15,21,20,15,16,0
2026-08-14T15:30:06.990477,14,21,20,15,17,0
2026-08-14T15:30:06.999009,14,20,20,15,16,0
2026-08-14T15:30:06.999009,14,20,20,16,17,0
2026-08-14T15:30:06.999009,14,19,21,15,17,0
2026-08-14T15:30:07.003758,14,21,19,16,17,0
2026-08-14T15:30:07.003758,13,19,18,16,16,0
2026-08-14T15:30:07.003758,14,21,20,15,17,0
2026-08-14T15:30:07.003758,14,20,20,15,17,0
2026-08-14T15:30:07.007059,14,19,19,16,16,0
2026-08-14T15:30:07.007059,14,21,20,15,17,0
2026-08-14T15:30:07.010898,14,21,20,15,16,0
2026-08-14T15:30:07.010898,13,21,20,15,17,0
2026-08-14T15:30:07.010898,15,21,18,17,17,0
2026-08-14T15:30:07.010898,15,21,20,16,17,0
2026-08-14T15:30:07.014969,13,20,20,15,16,0
2026-08-14T15:30:07.014969,14,20,20,15,17,0
2026-08-14T15:30:07.014969,14,19,19,15,17,0
2026-08-14T15:30:07.017868,15,19,20,16,17,0
2026-08-14T15:30:07.020043,14,19,20,16,16,0
2026-08-14T15:30:07.020043,15,19,20,15,17,0
2026-08-14T15:30:07.020043,14,19,19,16,17,0
2026-08-14T15:30:07.023125,14,19,18,16,17,0
2026-08-14T15:30:07.023125,14,20,20,15,17,0
2026-08-14T15:30:07.023125,13,20,20,14,16,0
2026-08-14T15:30:07.027274,15,20,20,16,16,0
2026-08-14T15:30:07.027274,15,20,20,16,17,0
2026-08-14T15:30:07.027274,15,21,20,15,17,0
2026-08-14T15:30:07.030521,12,19,20,16,16,0
2026-08-14T15:30:07.031531,13,20,19,16,17,0
2026-08-14T15:30:07.031531,14,20,19,15,16,0
2026-08-14T15:30:07.031531,14,20,19,16,17,0
2026-08-14T15:30:07.031531,13,19,19,16,17,0
2026-08-14T15:30:07.036885,14,20,21,16,17,0
2026-08-14T15:30:07.036885,15,20,20,15,16,0
2026-08-14T15:30:07.036885,14,20,19,14,17,0
2026-08-14T15:30:07.039995,13,20,20,15,16,0
2026-08-14T15:30:07.039995,15,20,19,14,17,0
2026-08-14T15:30:07.042079,14,20,20,16,17,0
2026-08-14T15:30:07.042079,13,20,20,16,18,0
2026-08-14T15:30:07.042079,15,19,20,16,17,0
2026-08-14T15:30:07.042079,15,19,19,15,17,0
2026-08-14T15:30:07.042079,13,19,20,16,17,0
2026-08-14T15:30:07.048077,14,19,19,16,17,0
2026-08-14T15:30:07.048077,16,20,20,15,16,0
2026-08-14T15:30:07.048077,14,20,20,16,17,0
2026-08-14T15:30:07.048077,14,20,19,15,16,0
2026-08-14T15:30:07.048077,13,19,20,15,16,0
2026-08-14T15:30:07.053415,13,20,20,15,16,0
2026-08-14T15:30:07.055947,14,20,20,15,17,0
2026-08-14T15:30:07.055947,13,20,20,15,16,0
2026-08-14T15:30:07.055947,15,21,20,16,16,0
2026-08-14T15:30:07.055947,14,20,20,15,16,0
2026-08-14T15:30:07.059408,14,20,20,15,16,0
2026-08-14T15:30:07.059408,14,21,19,15,18,0
2026-08-14T15:30:07.059408,14,19,20,15,16,0
2026-08-14T15:30:07.064123,14,19,20,15,17,0
2026-08-14T15:30:07.064123,14,19,19,15,17,0
2026-08-14T15:30:07.064123,15,20,20,16,16,0
2026-08-14T15:30:07.068268,15,21,20,15,16,0
2026-08-14T15:30:07.069476,14,21,20,15,16,0
2026-08-14T15:30:07.070460,14,21,20,15,16,0
2026-08-14T15:30:07.070460,14,20,20,15,16,0
2026-08-14T15:30:07.072385,14,21,20,15,17,0
2026-08-14T15:30:07.072385,14,19,20,16,17,0
2026-08-14T15:30:07.072385,14,20,20,15,17,0
2026-08-14T15:30:07.076453,15,19,19,16,17,0
2026-08-14T15:30:07.076453,14,21,19,15,17,0
2026-08-14T15:30:07.076453,14,20,19,15,17,0
2026-08-14T15:30:07.076453,14,20,19,15,16,0
2026-08-14T15:30:07.080437,14,20,20,15,16,0
2026-08-14T15:30:07.080437,14,20,19,15,16,0
2026-08-14T15:30:07.080437,15,21,20,15,17,0
2026-08-14T15:30:07.080437,13,20,20,15,17,0
2026-08-14T15:30:07.080437,14,20,19,14,17,0
2026-08-14T15:30:07.086836,15,20,19,16,17,0
2026-08-14T15:30:07.086836,13,19,20,16,16,0
2026-08-14T15:30:07.088621,14,19,19,16,17,0
2026-08-14T15:30:07.088621,14,20,19,15,17,0
2026-08-14T15:30:07.088621,14,20,19,15,16,0
2026-08-14T15:30:07.091730,14,20,20,15,17,0
2026-08-14T15:30:07.091730,13,20,20,16,16,0
2026-08-14T15:30:07.091730,13,21,20,15,17,0
2026-08-14T15:30:07.091730,15,20,20,15,16,0
2026-08-14T15:30:07.096659,15,20,20,15,16,0
2026-08-14T15:30:07.096659,13,20,20,15,16,0
2026-08-14T15:30:07.096659,13,20,20,16,17,0
2026-08-14T15:30:07.096659,14,20,20,15,17,0
2026-08-14T15:30:07.096659,13,20,20,16,16,0
2026-08-14T15:30:07.102781,14,20,19,16,18,0
2026-08-14T15:30:07.104931,14,19,19,16,17,0
2026-08-14T15:30:07.104931,14,21,20,16,17,0
2026-08-14T15:30:07.104931,15,20,20,14,16,0
2026-08-14T15:30:07.106945,14,19,19,15,17,0
2026-08-14T15:30:07.106945,14,20,19,15,16,0
2026-08-14T15:30:07.106945,15,21,20,15,15,0
2026-08-14T15:30:07.106945,13,20,20,15,16,0
2026-08-14T15:30:07.113250,16,20,20,14,17,0
2026-08-14T15:30:07.113250,13,21,19,15,16,0
2026-08-14T15:30:07.113250,13,21,20,16,16,0
2026-08-14T15:30:07.115265,12,19,20,15,17,0
2026-08-14T15:30:07.117579,14,20,20,15,17,0
2026-08-14T15:30:07.117579,14,20,19,15,17,0
2026-08-14T15:30:07.119334,14,19,19,15,17,0
2026-08-14T15:30:07.120833,15,20,20,15,17,0
2026-08-14T15:30:07.120833,15,20,19,14,17,0
2026-08-14T15:30:07.120833,15,21,19,15,17,0
2026-08-14T15:30:07.120833,13,20,20,15,17,0
2026-08-14T15:30:07.120833,13,19,20,15,16,0
2026-08-14T15:30:07.120833,15,21,20,15,17,0
2026-08-14T15:30:07.120833,14,19,20,15,17,0
2026-08-14T15:30:07.129503,14,20,19,15,17,0
2026-08-14T15:30:07.130344,14,20,19,15,17,0
2026-08-14T15:30:07.130344,13,21,19,16,17,0
2026-08-14T15:30:07.130344,14,20,20,16,17,0
2026-08-14T15:30:07.130344,15,20,20,15,16,0
2026-08-14T15:30:07.130344,14,20,20,15,17,0
2026-08-14T15:30:07.136681,14,21,18,15,16,0
2026-08-14T15:30:07.137541,13,20,20,15,16,0
2026-08-14T15:30:07.137541,14,20,20,15,16,0
2026-08-14T15:30:07.137541,14,19,19,15,16,0
2026-08-14T15:30:07.141980,15,20,19,15,16,0
2026-08-14T15:30:07.141980,14,20,20,15,16,0
2026-08-14T15:30:07.141980,14,20,20,15,16,0
2026-08-14T15:30:07.141980,14,19,19,15,17,0
2026-08-14T15:30:07.145858,13,20,20,16,16,0
2026-08-14T15:30:07.145858,15,20,18,15,16,0
2026-08-14T15:30:07.147805,14,20,20,16,17,0
2026-08-14T15:30:07.149814,14,20,19,15,16,0
2026-08-14T15:30:07.149814,14,19,19,16,17,0
2026-08-14T15:30:07.151825,13,20,20,15,16,0
2026-08-14T15:30:07.152799,15,20,20,15,16,0
2026-08-14T15:30:07.153858,15,21,20,15,16,0
2026-08-14T15:30:07.153858,13,19,20,15,16,0
2026-08-14T15:30:07.153858,15,19,20,16,18,0
2026-08-14T15:30:07.153858,14,20,19,15,16,0
2026-08-14T15:30:07.153858,14,20,20,15,17,0
2026-08-14T15:30:07.153858,14,19,20,15,17,0
2026-08-14T15:30:07.153858,13,19,20,16,16,0
2026-08-14T15:30:07.162481,14,20,20,16,17,0
2026-08-14T15:30:07.162481,13,20,20,15,16,0
2026-08-14T15:30:07.162481,14,20,18,15,16,0
2026-08-14T15:30:07.166662,13,20,19,15,17,0
2026-08-14T15:30:07.166662,12,21,20,15,16,0
2026-08-14T15:30:07.166662,14,20,19,16,17,0
2026-08-14T15:30:07.170491,14,20,19,15,16,0
2026-08-14T15:30:07.170941,15,20,19,15,17,0
2026-08-14T15:30:07.170941,13,21,19,16,17,0
2026-08-14T15:30:07.170941,14,19,20,15,17,0
2026-08-14T15:30:07.170941,14,19,19,16,16,0
2026-08-14T15:30:07.170941,14,19,19,15,17,0
2026-08-14T15:30:07.170941,14,20,20,16,16,0
2026-08-14T15:30:07.177488,15,20,20,15,17,0
2026-08-14T15:30:07.177488,15,20,19,15,17,0
2026-08-14T15:30:07.177488,13,20,19,15,17,0
2026-08-14T15:30:07.177488,14,19,20,15,16,0
2026-08-14T15:30:07.177488,13,20,19,15,17,0
2026-08-14T15:30:07.177488,13,21,20,15,16,0
2026-08-14T15:30:07.177488,13,20,20,15,17,0
2026-08-14T15:30:07.186230,14,20,19,15,16,0
2026-08-14T15:30:07.187183,14,20,19,15,16,0
2026-08-14T15:30:07.187183,13,19,20,15,16,0
2026-08-14T15:30:07.187183,14,20,18,15,16,0
2026-08-14T15:30:07.191305,15,20,19,15,16,0
2026-08-14T15:30:07.191305,13,19,20,15,16,0
2026-08-14T15:30:07.191305,13,21,19,15,16,0
2026-08-14T15:30:07.194124,14,19,20,15,17,0
2026-08-14T15:30:07.194124,14,21,20,15,16,0
2026-08-14T15:30:07.194124,16,19,19,16,17,0
2026-08-14T15:30:07.197149,13,19,20,16,16,0
2026-08-14T15:30:07.197149,14,20,19,15,17,0
2026-08-14T15:30:07.197149,13,20,19,15,16,0
2026-08-14T15:30:07.197149,14,20,19,15,17,0
2026-08-14T15:30:07.203140,14,20,19,15,16,0
2026-08-14T15:30:07.203967,15,19,20,15,15,0
2026-08-14T15:30:07.203967,14,20,20,14,17,0
2026-08-14T15:30:07.203967,15,21,20,15,17,0
2026-08-14T15:30:07.203967,14,20,19,15,16,0
2026-08-14T15:30:07.203967,13,19,20,15,16,0
2026-08-14T15:30:07.209450,13,19,19,16,17,0
2026-08-14T15:30:07.211625,14,20,20,15,16,0
2026-08-14T15:30:07.211625,14,19,20,16,17,0
2026-08-14T15:30:07.211625,13,19,18,15,17,0
2026-08-14T15:30:07.214248,14,19,19,15,16,0
2026-08-14T15:30:07.214248,13,20,19,14,17,0
2026-08-14T15:30:07.214248,16,20,19,16,17,0
2026-08-14T15:30:07.214248,15,20,19,14,17,0
2026-08-14T15:30:07.219456,13,20,20,15,16,0
2026-08-14T15:30:07.220118,13,19,20,15,15,0
2026-08-14T15:30:07.220118,13,20,20,15,15,0
2026-08-14T15:30:07.222357,14,20,19,16,16,0
2026-08-14T15:30:07.222357,14,20,19,15,16,0
2026-08-14T15:30:07.225054,13,19,19,15,17,0
2026-08-14T15:30:07.225054,13,20,19,15,17,0
2026-08-14T15:30:07.228865,14,20,18,15,17,0
2026-08-14T15:30:07.229878,14,20,19,15,17,0
2026-08-14T15:30:07.229878,14,20,19,15,16,0
2026-08-14T15:30:07.231460,15,19,20,15,16,0
2026-08-14T15:30:07.232561,15,20,18,15,17,0
2026-08-14T15:30:07.232561,14,20,20,15,16,0
2026-08-14T15:30:07.236073,14,20,20,15,16,0
2026-08-14T15:30:07.236706,13,21,20,15,17,0
2026-08-14T15:30:07.236706,14,21,19,15,16,0
2026-08-14T15:30:07.236706,15,19,20,16,17,0
2026-08-14T15:30:07.236706,14,19,19,16,17,0
2026-08-14T15:30:07.236706,13,20,19,16,16,0
2026-08-14T15:30:07.236706,14,20,19,15,16,0
2026-08-14T15:30:07.243704,14,20,19,15,17,0
2026-08-14T15:30:07.244569,15,20,19,15,17,0
2026-08-14T15:30:07.244569,15,20,18,16,17,0
2026-08-14T15:30:07.244569,15,20,20,15,17,0
2026-08-14T15:30:07.248663,14,20,20,15,16,0
2026-08-14T15:30:07.248663,14,19,20,15,17,0
2026-08-14T15:30:07.248663,14,20,19,15,16,0
2026-08-14T15:30:07.252536,13,19,20,16,16,0
2026-08-14T15:30:07.252925,12,20,19,16,16,0
2026-08-14T15:30:07.254349,14,20,19,15,16,0
2026-08-14T15:30:07.254349,13,19,19,15,16,0
2026-08-14T15:30:07.254349,13,19,20,16,16,0
2026-08-14T15:30:07.254349,14,20,20,15,16,0
2026-08-14T15:30:07.254349,14,20,19,15,16,0
2026-08-14T15:30:07.260922,15,20,19,14,17,0
2026-08-14T15:30:07.260922,14,20,19,14,16,0
2026-08-14T15:30:07.260922,14,21,20,15,16,0
2026-08-14T15:30:07.260922,14,19,20,15,16,0
2026-08-14T15:30:07.260922,13,19,19,15,17,0
2026-08-14T15:30:07.260922,12,19,19,15,16,0
2026-08-14T15:30:07.267219,14,20,20,16,17,0
2026-08-14T15:30:07.268503,14,20,19,15,16,0
2026-08-14T15:30:07.269890,14,19,18,15,17,0
2026-08-14T15:30:07.269890,14,20,18,15,17,0
2026-08-14T15:30:07.271905,14,19,19,15,17,0
2026-08-14T15:30:07.271905,14,20,19,15,16,0
2026-08-14T15:30:07.273925,15,20,19,14,16,0
2026-08-14T15:30:07.275089,14,21,19,15,16,0
2026-08-14T15:30:07.276851,13,19,20,15,16,0
2026-08-14T15:30:07.277366,14,20,19,15,16,0
2026-08-14T15:30:07.278055,14,21,20,15,16,0
2026-08-14T15:30:07.281491,13,19,19,16,17,0
2026-08-14T15:30:07.281491,13,18,20,15,16,0
2026-08-14T15:30:07.281491,14,19,19,15,17,0
2026-08-14T15:30:07.281491,14,20,18,15,17,0
2026-08-14T15:30:07.285350,15,20,20,15,16,0
2026-08-14T15:30:07.286607,14,19,19,15,16,0
2026-08-14T15:30:07.286607,14,20,19,14,16,0
2026-08-14T15:30:07.289563,13,20,19,15,16,0
2026-08-14T15:30:07.289563,14,20,20,15,16,0
2026-08-14T15:30:07.289563,14,20,18,15,15,0
2026-08-14T15:30:07.289563,15,19,19,15,16,0
2026-08-14T15:30:07.293559,14,19,19,15,15,0
2026-08-14T15:30:07.293559,15,19,20,15,16,0
2026-08-14T15:30:07.293559,15,20,19,16,17,0
2026-08-14T15:30:07.293559,14,19,20,15,17,0
2026-08-14T15:30:07.293559,13,19,19,15,17,0
2026-08-14T15:30:07.293559,14,19,20,15,16,0
2026-08-14T15:30:07.301736,12,20,20,15,16,0
2026-08-14T15:30:07.302655,13,20,20,15,16,0
2026-08-14T15:30:07.303615,14,21,18,15,15,0
2026-08-14T15:30:07.303615,14,20,20,15,15,0
2026-08-14T15:30:07.303615,13,19,20,15,16,0
2026-08-14T15:30:07.303615,14,21,19,14,17,0
2026-08-14T15:30:07.303615,14,19,20,16,16,0
2026-08-14T15:30:07.309978,13,19,19,15,17,0
2026-08-14T15:30:07.309978,14,19,19,15,17,0
2026-08-14T15:30:07.309978,13,20,20,15,16,0
2026-08-14T15:30:07.309978,15,20,19,15,17,0
2026-08-14T15:30:07.314029,14,19,18,15,16,0
2026-08-14T15:30:07.314029,14,21,20,15,16,0
2026-08-14T15:30:07.314029,13,19,20,14,17,0
2026-08-14T15:30:07.314029,13,20,20,15,16,0
2026-08-14T15:30:07.318367,14,19,20,15,17,0
2026-08-14T15:30:07.320100,14,20,19,16,16,0
2026-08-14T15:30:07.320487,12,20,19,15,16,0
2026-08-14T15:30:07.322177,14,20,19,15,16,0
2026-08-14T15:30:07.322177,14,20,20,14,17,0
2026-08-14T15:30:07.322177,14,20,19,15,16,0
2026-08-14T15:30:07.326444,14,20,19,15,16,0
2026-08-14T15:30:07.326444,14,20,20,15,16,0
2026-08-14T15:30:07.326444,15,20,20,15,17,0
2026-08-14T15:30:07.326444,14,20,20,15,16,0
2026-08-14T15:30:07.326444,13,19,20,15,16,0
2026-08-14T15:30:07.326444,13,19,20,15,16,0
2026-08-14T15:30:07.326444,14,21,18,15,16,0
2026-08-14T15:30:07.334710,14,19,20,15,16,0
2026-08-14T15:30:07.336173,14,19,19,15,17,0
2026-08-14T15:30:07.337351,14,20,19,15,16,0
2026-08-14T15:30:07.337351,14,20,18,15,17,0
2026-08-14T15:30:07.337351,13,20,19,15,16,0
2026-08-14T15:30:07.337351,16,20,19,14,16,0
2026-08-14T15:30:07.337351,14,19,20,15,16,0
2026-08-14T15:30:07.337351,13,20,19,14,16,0
2026-08-14T15:30:07.342841,13,21,20,14,16,0
2026-08-14T15:30:07.342841,15,19,20,15,16,0
2026-08-14T15:30:07.345671,12,20,19,16,17,0
2026-08-14T15:30:07.347423,12,19,20,15,16,0
2026-08-14T15:30:07.347423,13,20,19,15,16,0
2026-08-14T15:30:07.347423,14,19,19,15,17,0
2026-08-14T15:30:07.350796,14,21,19,15,16,0
2026-08-14T15:30:07.350796,13,19,19,16,16,0
2026-08-14T15:30:07.350796,14,20,19,14,16,0
2026-08-14T15:30:07.353389,13,20,20,15,16,0
2026-08-14T15:30:07.353389,15,20,18,15,17,0
2026-08-14T15:30:07.353389,12,21,20,15,15,0
2026-08-14T15:30:07.353389,13,19,19,15,15,0
2026-08-14T15:30:07.359055,14,21,20,15,16,0
2026-08-14T15:30:07.359055,15,19,20,15,17,0
2026-08-14T15:30:07.359055,13,19,20,16,17,0
2026-08-14T15:30:07.359055,13,19,20,15,17,0
2026-08-14T15:30:07.359055,14,19,19,14,17,0
2026-08-14T15:30:07.359055,13,20,20,15,16,0
2026-08-14T15:30:07.367275,15,20,18,14,16,0
2026-08-14T15:30:07.367275,14,19,19,15,17,0
2026-08-14T15:30:07.367275,12,19,20,15,15,0
2026-08-14T15:30:07.369411,14,20,19,15,16,0
2026-08-14T15:30:07.370346,13,19,19,15,16,0
2026-08-14T15:30:07.370346,14,19,20,15,17,0
2026-08-14T15:30:07.370346,14,19,20,15,16,0
2026-08-14T15:30:07.375650,14,20,19,15,16,0
2026-08-14T15:30:07.375650,14,19,18,15,16,0
2026-08-14T15:30:07.375650,14,19,20,15,16,0
2026-08-14T15:30:07.377405,14,20,19,15,16,0
2026-08-14T15:30:07.377405,14,20,20,15,16,0
2026-08-14T15:30:07.377405,14,21,20,15,16,0
2026-08-14T15:30:07.377405,15,20,20,15,16,0
2026-08-14T15:30:07.383861,13,19,19,16,16,0
2026-08-14T15:30:07.383861,13,20,20,14,17,0
2026-08-14T15:30:07.385873,15,20,19,15,17,0
2026-08-14T15:30:07.386810,14,19,20,15,17,0
2026-08-14T15:30:07.387607,14,19,19,16,17,0
2026-08-14T15:30:07.387607,14,19,19,15,16,0
2026-08-14T15:30:07.387607,14,19,18,15,16,0
2026-08-14T15:30:07.387607,14,19,19,15,16,0
2026-08-14T15:30:07.392366,14,20,20,15,16,0
2026-08-14T15:30:07.392366,14,19,19,16,16,0
2026-08-14T15:30:07.392366,13,20,18,14,16,0
2026-08-14T15:30:07.392366,13,20,19,15,17,0
2026-08-14T15:30:07.392366,14,20,20,15,17,0
2026-08-14T15:30:07.392366,14,20,20,15,16,0
2026-08-14T15:30:07.392366,13,19,20,15,17,0
2026-08-14T15:30:07.400448,14,19,20,15,16,0
2026-08-14T15:30:07.400448,14,18,18,15,16,0
2026-08-14T15:30:07.404250,14,19,19,15,17,0
2026-08-14T15:30:07.404250,14,19,18,15,16,0
2026-08-14T15:30:07.404250,12,20,19,15,17,0
2026-08-14T15:30:07.404250,13,21,20,15,16,0
2026-08-14T15:30:07.408342,14,20,18,14,16,0
2026-08-14T15:30:07.408342,14,21,19,15,16,0
2026-08-14T15:30:07.408342,14,19,19,15,15,0
2026-08-14T15:30:07.408342,14,19,20,15,16,0
2026-08-14T15:30:07.408342,14,19,19,16,17,0
2026-08-14T15:30:07.408342,13,18,18,15,17,0
2026-08-14T15:30:07.408342,14,19,19,14,16,0
2026-08-14T15:30:07.414995,15,20,19,15,16,0
2026-08-14T15:30:07.416506,15,20,19,15,16,0
2026-08-14T15:30:07.416506,15,19,19,15,17,0
2026-08-14T15:30:07.420160,13,20,20,15,17,0
2026-08-14T15:30:07.430456,14,20,19,15,16,0
2026-08-14T15:30:07.430456,13,20,20,15,16,0
2026-08-14T15:30:07.434192,15,20,18,14,15,0
2026-08-14T15:30:07.434192,13,19,19,15,16,0
2026-08-14T15:30:07.434192,13,19,19,15,16,0
2026-08-14T15:30:07.437385,13,20,18,14,16,0
2026-08-14T15:30:07.437385,14,20,19,15,16,0
2026-08-14T15:30:07.437385,14,19,19,15,17,0
2026-08-14T15:30:07.437385,15,20,19,15,17,0
2026-08-14T15:30:07.437385,14,19,18,14,16,0
2026-08-14T15:30:07.437385,13,20,18,15,16,0
2026-08-14T15:30:07.437385,15,20,19,14,15,0
2026-08-14T15:30:07.441737,15,19,20,15,15,0
2026-08-14T15:30:07.441737,14,20,20,14,16,0
2026-08-14T15:30:07.441737,13,20,18,14,16,0
2026-08-14T15:30:07.441737,14,20,19,14,17,0
2026-08-14T15:30:07.441737,13,19,19,14,17,0
2026-08-14T15:30:07.441737,14,19,19,15,17,0
2026-08-14T15:30:07.441737,14,19,18,15,16,0
2026-08-14T15:30:07.441737,15,20,19,15,17,0
2026-08-14T15:30:07.441737,14,19,19,15,16,0
2026-08-14T15:30:07.441737,14,19,19,15,16,0
2026-08-14T15:30:07.441737,14,20,19,15,16,0
2026-08-14T15:30:07.441737,15,19,20,14,16,0
2026-08-14T15:30:07.449769,13,19,19,15,16,0
2026-08-14T15:30:07.449769,12,20,19,15,16,0
2026-08-14T15:30:07.451779,13,19,19,15,17,0
2026-08-14T15:30:07.453363,14,20,18,15,17,0
2026-08-14T15:30:07.453363,14,20,19,14,16,0
2026-08-14T15:30:07.453363,14,19,18,14,17,0
2026-08-14T15:30:07.457391,14,19,19,16,17,0
2026-08-14T15:30:07.457391,14,19,20,15,16,0
2026-08-14T15:30:07.457391,12,20,20,15,17,0
2026-08-14T15:30:07.459145,13,20,18,14,16,0
2026-08-14T15:30:07.461477,15,20,19,15,16,0
2026-08-14T15:30:07.461477,14,20,18,15,16,0
2026-08-14T15:30:07.461477,14,19,20,15,16,0
2026-08-14T15:30:07.465586,13,20,18,14,17,0
2026-08-14T15:30:07.465586,13,19,18,15,17,0
2026-08-14T15:30:07.465586,13,19,18,15,16,0
2026-08-14T15:30:07.469760,14,19,20,15,15,0
2026-08-14T15:30:07.470589,14,20,19,15,17,0
2026-08-14T15:30:07.470928,14,19,19,15,16,0
2026-08-14T15:30:07.470928,14,19,19,14,17,0
2026-08-14T15:30:07.473761,12,20,19,15,16,0
2026-08-14T15:30:07.473761,15,20,18,14,17,0
2026-08-14T15:30:07.473761,13,20,19,14,16,0
2026-08-14T15:30:07.473761,13,18,19,15,16,0
2026-08-14T15:30:07.473761,13,18,19,15,18,0
2026-08-14T15:30:07.473761,14,20,18,15,16,0
2026-08-14T15:30:07.473761,13,20,19,15,16,0
2026-08-14T15:30:07.481577,14,18,18,14,16,0
2026-08-14T15:30:07.482968,14,19,18,15,16,0
2026-08-14T15:30:07.482968,14,19,19,14,16,0
2026-08-14T15:30:07.482968,13,20,19,15,16,0
2026-08-14T15:30:07.486797,15,20,18,15,16,0
2026-08-14T15:30:07.486797,13,20,19,15,15,0
2026-08-14T15:30:07.486797,14,20,19,14,15,0
2026-08-14T15:30:07.489967,14,20,20,15,15,0
2026-08-14T15:30:07.489967,14,19,20,15,16,0
2026-08-14T15:30:07.489967,14,19,19,15,16,0
2026-08-14T15:30:07.492517,14,19,19,16,16,0
2026-08-14T15:30:07.492517,14,19,18,15,17,0
2026-08-14T15:30:07.492517,12,19,18,14,16,0
2026-08-14T15:30:07.498336,14,20,20,15,15,0
2026-08-14T15:30:07.498336,15,19,19,14,16,0
2026-08-14T15:30:07.498336,14,20,18,14,16,0
2026-08-14T15:30:07.498336,13,20,20,15,15,0
2026-08-14T15:30:07.502772,13,20,20,14,16,0
2026-08-14T15:30:07.503462,13,20,19,15,16,0
2026-08-14T15:30:07.503850,13,19,18,15,17,0
2026-08-14T15:30:07.506639,13,20,19,14,15,0
2026-08-14T15:30:07.506639,13,20,19,14,16,0
2026-08-14T15:30:07.506639,14,18,19,14,17,0
2026-08-14T15:30:07.506639,13,19,18,16,17,0
2026-08-14T15:30:07.508647,13,18,20,15,16,0
2026-08-14T15:30:07.510720,13,20,19,15,16,0
2026-08-14T15:30:07.510720,14,18,18,15,16,0
2026-08-14T15:30:07.510720,15,19,19,14,16,0
2026-08-14T15:30:07.515092,13,20,18,14,16,0
2026-08-14T15:30:07.515092,14,19,19,15,16,0
2026-08-14T15:30:07.515092,13,20,18,14,16,0
2026-08-14T15:30:07.517102,15,19,18,14,16,0
2026-08-14T15:30:07.519408,14,18,19,14,16,0
2026-08-14T15:30:07.519915,13,19,19,15,16,0
2026-08-14T15:30:07.522895,13,20,19,14,16,0
2026-08-14T15:30:07.522895,14,19,18,14,17,0
2026-08-14T15:30:07.522895,14,19,20,14,16,0
2026-08-14T15:30:07.522895,15,20,18,15,16,0
2026-08-14T15:30:07.527001,14,19,18,15,17,0
2026-08-14T15:30:07.527001,13,20,20,15,15,0
2026-08-14T15:30:07.527001,13,20,20,15,15,0
2026-08-14T15:30:07.531265,12,19,19,14,16,0
2026-08-14T15:30:07.531265,15,19,20,15,17,0
2026-08-14T15:30:07.531265,13,20,18,15,16,0
2026-08-14T15:30:07.531265,13,19,19,15,16,0
2026-08-14T15:30:07.536148,13,18,18,15,16,0
2026-08-14T15:30:07.537326,14,18,19,15,16,0
2026-08-14T15:30:07.537876,14,19,19,15,16,0
2026-08-14T15:30:07.537876,14,19,18,15,16,0
2026-08-14T15:30:07.539510,15,19,20,14,17,0
2026-08-14T15:30:07.539510,14,20,18,16,16,0
2026-08-14T15:30:07.539510,13,20,19,15,17,0
2026-08-14T15:30:07.539510,13,19,19,15,16,0
2026-08-14T15:30:07.539510,13,20,20,15,16,0
2026-08-14T15:30:07.539510,13,20,18,14,16,0
2026-08-14T15:30:07.539510,14,19,18,15,15,0
2026-08-14T15:30:07.547872,13,19,20,15,16,0
2026-08-14T15:30:07.547872,14,20,19,15,16,0
2026-08-14T15:30:07.551576,14,19,19,15,16,0
2026-08-14T15:30:07.551576,14,19,18,16,16,0
2026-08-14T15:30:07.553601,14,19,18,15,17,0
2026-08-14T15:30:07.554601,14,20,19,15,16,0
2026-08-14T15:30:07.554601,14,20,18,14,16,0
2026-08-14T15:30:07.554601,14,20,18,14,16,0
2026-08-14T15:30:07.556595,13,19,20,15,16,0
2026-08-14T15:30:07.559773,13,19,20,15,15,0
2026-08-14T15:30:07.559773,13,19,19,14,17,0
2026-08-14T15:30:07.559773,13,19,19,14,16,0
2026-08-14T15:30:07.561533,14,19,18,15,16,0
2026-08-14T15:30:07.564041,12,19,19,15,17,0
2026-08-14T15:30:07.564041,13,19,18,14,16,0
2026-08-14T15:30:07.565052,14,19,17,15,16,0
2026-08-14T15:30:07.567974,14,19,18,15,16,0
2026-08-14T15:30:07.569381,13,18,18,15,17,0
2026-08-14T15:30:07.570151,15,20,18,14,16,0
2026-08-14T15:30:07.570151,13,19,18,15,16,0
2026-08-14T15:30:07.570151,14,20,19,15,17,0
2026-08-14T15:30:07.573797,14,19,20,14,16,0
2026-08-14T15:30:07.574508,13,19,18,15,16,0
2026-08-14T15:30:07.574508,14,20,18,15,16,0
2026-08-14T15:30:07.574508,13,18,19,14,16,0
2026-08-14T15:30:07.574508,14,19,19,15,16,0
2026-08-14T15:30:07.580302,13,20,18,15,16,0
2026-08-14T15:30:07.581335,13,19,18,15,16,0
2026-08-14T15:30:07.581335,15,20,18,14,16,0
2026-08-14T15:30:07.581335,14,19,19,14,16,0
2026-08-14T15:30:07.584349,13,19,18,15,16,0
2026-08-14T15:30:07.584349,14,20,18,15,15,0
2026-08-14T15:30:07.584349,13,20,18,14,16,0
2026-08-14T15:30:07.587309,13,19,19,15,16,0
2026-08-14T15:30:07.589492,13,20,18,15,17,0
2026-08-14T15:30:07.589492,15,18,19,14,16,0
2026-08-14T15:30:07.589492,13,19,18,14,16,0
2026-08-14T15:30:07.589492,13,19,18,14,16,0
2026-08-14T15:30:07.589492,13,19,18,14,16,0
2026-08-14T15:30:07.594641,14,18,19,15,16,0
2026-08-14T15:30:07.596405,13,19,19,14,16,0
2026-08-14T15:30:07.596405,13,20,20,14,16,0
2026-08-14T15:30:07.597926,13,20,18,15,16,0
2026-08-14T15:30:07.597926,14,20,19,14,16,0
2026-08-14T15:30:07.597926,14,20,20,15,16,0
2026-08-14T15:30:07.597926,14,19,19,15,15,0
2026-08-14T15:30:07.603584,13,19,19,15,16,0
2026-08-14T15:30:07.604722,12,19,18,15,16,0
2026-08-14T15:30:07.604722,14,19,18,15,16,0
2026-08-14T15:30:07.606234,12,19,19,15,16,0
2026-08-14T15:30:07.608923,14,18,18,15,16,0
2026-08-14T15:30:07.608923,14,18,18,14,17,0
2026-08-14T15:30:07.608923,14,18,19,15,16,0
2026-08-14T15:30:07.608923,13,19,20,14,16,0
2026-08-14T15:30:07.613030,14,20,19,14,16,0
2026-08-14T15:30:07.613896,13,19,18,14,16,0
2026-08-14T15:30:07.613896,13,19,18,15,16,0
2026-08-14T15:30:07.617287,13,18,20,15,16,0
2026-08-14T15:30:07.617287,14,19,18,14,16,0
2026-08-14T15:30:07.617287,13,20,18,14,16,0
2026-08-14T15:30:07.619044,13,20,18,14,16,0
2026-08-14T15:30:07.620199,13,19,18,14,16,0
2026-08-14T15:30:07.620199,13,19,19,15,16,0
2026-08-14T15:30:07.622302,14,20,18,14,17,0
2026-08-14T15:30:07.623903,13,19,18,14,16,0
2026-08-14T15:30:07.623903,13,20,18,14,16,0
2026-08-14T15:30:07.623903,15,20,19,13,16,0
2026-08-14T15:30:07.623903,14,20,18,14,15,0
2026-08-14T15:30:07.623903,14,19,18,15,16,0
2026-08-14T15:30:07.623903,14,19,18,14,16,0
2026-08-14T15:30:07.630609,12,19,18,15,15,0
2026-08-14T15:30:07.630609,13,19,18,14,16,0
2026-08-14T15:30:07.630609,14,18,18,15,16,0
2026-08-14T15:30:07.630609,14,19,19,14,16,0
2026-08-14T15:30:07.637308,14,20,19,15,16,0
2026-08-14T15:30:07.637308,14,19,18,15,16,0
2026-08-14T15:30:07.639069,15,20,18,14,16,0
2026-08-14T15:30:07.639069,14,18,19,14,16,0
2026-08-14T15:30:07.639069,13,19,18,14,15,0
2026-08-14T15:30:07.639069,13,19,20,15,17,0
2026-08-14T15:30:07.639069,13,20,18,14,16,0
2026-08-14T15:30:07.639069,13,19,18,14,16,0
2026-08-14T15:30:07.639069,12,19,19,14,16,0
2026-08-14T15:30:07.647583,13,19,17,14,16,0
2026-08-14T15:30:07.648281,14,19,18,14,16,0
2026-08-14T15:30:07.648281,14,19,18,15,16,0
2026-08-14T15:30:07.648281,14,19,19,14,16,0
2026-08-14T15:30:07.648281,14,19,18,15,17,0
2026-08-14T15:30:07.653979,14,19,18,14,15,0
2026-08-14T15:30:07.653979,14,20,18,14,17,0
2026-08-14T15:30:07.653979,14,19,19,14,16,0
2026-08-14T15:30:07.655738,13,20,19,15,15,0
2026-08-14T15:30:07.658246,13,19,18,15,16,0
2026-08-14T15:30:07.658246,13,19,18,14,16,0
2026-08-14T15:30:07.658246,14,18,19,14,16,0
2026-08-14T15:30:07.660001,13,18,18,15,17,0
2026-08-14T15:30:07.660001,14,20,18,14,16,0
2026-08-14T15:30:07.663811,15,19,20,13,16,0
2026-08-14T15:30:07.663811,14,19,18,14,16,0
2026-08-14T15:30:07.663811,14,19,18,15,16,0
2026-08-14T15:30:07.663811,13,19,19,14,15,0
2026-08-14T15:30:07.663811,13,19,18,15,16,0
2026-08-14T15:30:07.669376,14,20,19,14,16,0
2026-08-14T15:30:07.670447,15,19,17,14,16,0
2026-08-14T15:30:07.670447,13,19,18,14,17,0
2026-08-14T15:30:07.672451,13,18,19,15,16,0
2026-08-14T15:30:07.672451,12,18,19,15,16,0
2026-08-14T15:30:07.672451,14,19,18,13,16,0
2026-08-14T15:30:07.672451,14,18,19,14,16,0
2026-08-14T15:30:07.672451,14,20,19,15,16,0
2026-08-14T15:30:07.672451,13,20,18,14,16,0
2026-08-14T15:30:07.672451,14,19,18,15,16,0
2026-08-14T15:30:07.682659,14,19,18,14,15,0
2026-08-14T15:30:07.682659,13,19,19,15,15,0
2026-08-14T15:30:07.682659,13,19,18,14,16,0
2026-08-14T15:30:07.682659,12,19,18,15,16,0
2026-08-14T15:30:07.682659,13,18,18,15,16,0
2026-08-14T15:30:07.686933,13,19,18,15,16,0
2026-08-14T15:30:07.687631,13,18,18,15,16,0
2026-08-14T15:30:07.690855,13,18,18,14,16,0
2026-08-14T15:30:07.690855,14,19,18,13,17,0
2026-08-14T15:30:07.690855,12,19,19,14,15,0
2026-08-14T15:30:07.690855,14,20,18,15,16,0
2026-08-14T15:30:07.694940,15,19,18,14,17,0
2026-08-14T15:30:07.694940,13,20,19,15,16,0
2026-08-14T15:30:07.694940,13,19,19,15,16,0
2026-08-14T15:30:07.697222,14,19,18,15,16,0
2026-08-14T15:30:07.697222,13,19,18,15,16,0
2026-08-14T15:30:07.697222,14,19,18,14,16,0
2026-08-14T15:30:07.702808,14,19,19,15,16,0
2026-08-14T15:30:07.704527,14,18,18,14,16,0
2026-08-14T15:30:07.705540,14,18,18,15,15,0
2026-08-14T15:30:07.705540,13,20,18,15,16,0
2026-08-14T15:30:07.705540,13,20,19,14,16,0
2026-08-14T15:30:07.707552,15,20,18,15,17,0
2026-08-14T15:30:07.707552,12,18,18,14,16,0
2026-08-14T15:30:07.709563,13,19,18,15,15,0
2026-08-14T15:30:07.709563,13,18,19,15,17,0
2026-08-14T15:30:07.709563,13,19,18,14,16,0
2026-08-14T15:30:07.709563,12,18,18,14,16,0
2026-08-14T15:30:07.715565,14,19,17,14,16,0
2026-08-14T15:30:07.715565,13,19,18,14,16,0
2026-08-14T15:30:07.715565,15,19,18,14,16,0
2026-08-14T15:30:07.715565,15,19,17,15,16,0
2026-08-14T15:30:07.720276,13,19,18,14,16,0
2026-08-14T15:30:07.720276,13,19,19,15,15,0
2026-08-14T15:30:07.720276,13,20,18,14,17,0
2026-08-14T15:30:07.722133,14,19,18,14,16,0
2026-08-14T15:30:07.724144,13,18,18,14,16,0
2026-08-14T15:30:07.724144,13,19,18,14,16,0
2026-08-14T15:30:07.724144,13,19,18,14,16,0
2026-08-14T15:30:07.724144,13,18,18,13,17,0
2026-08-14T15:30:07.729336,13,18,18,15,16,0
2026-08-14T15:30:07.731970,14,18,19,15,16,0
2026-08-14T15:30:07.731970,14,19,19,14,16,0
2026-08-14T15:30:07.731970,14,19,18,14,16,0
2026-08-14T15:30:07.733606,13,18,18,14,16,0
2026-08-14T15:30:07.735264,13,19,18,14,16,0
2026-08-14T15:30:07.737967,14,20,18,15,16,0
2026-08-14T15:30:07.737967,14,20,18,15,16,0
2026-08-14T15:30:07.740022,15,19,18,14,16,0
2026-08-14T15:30:07.740022,14,19,19,15,16,0
2026-08-14T15:30:07.740022,12,19,17,14,17,0
2026-08-14T15:30:07.742035,13,19,18,14,16,0
2026-08-14T15:30:07.744107,13,19,18,14,16,0
2026-08-14T15:30:07.744107,13,19,18,14,16,0
2026-08-14T15:30:07.744107,13,19,17,14,16,0
2026-08-14T15:30:07.748167,14,19,18,14,15,0
2026-08-14T15:30:07.748167,13,20,18,14,15,0
2026-08-14T15:30:07.748167,14,19,18,15,15,0
2026-08-14T15:30:07.748167,14,19,17,14,15,0
2026-08-14T15:30:07.751337,15,18,17,14,15,0
2026-08-14T15:30:07.753252,13,18,18,15,16,0
2026-08-14T15:30:07.753966,13,19,19,14,16,0
2026-08-14T15:30:07.756378,12,17,19,13,16,0
2026-08-14T15:30:07.756378,13,18,16,13,16,0
2026-08-14T15:30:07.758139,12,18,18,14,17,0
2026-08-14T15:30:07.758139,15,20,19,13,16,0
2026-08-14T15:30:07.758139,14,18,18,14,16,0
2026-08-14T15:30:07.758139,13,19,17,14,16,0
2026-08-14T15:30:07.758139,13,19,20,14,15,0
2026-08-14T15:30:07.762064,13,19,18,14,16,0
2026-08-14T15:30:07.762064,13,18,18,14,17,0
2026-08-14T15:30:07.762064,13,19,18,14,16,0
2026-08-14T15:30:07.766303,12,19,18,15,16,0
2026-08-14T15:30:07.769403,13,19,18,14,16,0
2026-08-14T15:30:07.771352,13,18,18,13,16,0
2026-08-14T15:30:07.771352,14,17,18,13,16,0
2026-08-14T15:30:07.771352,15,18,18,14,16,0
2026-08-14T15:30:07.773366,13,19,18,15,15,0
2026-08-14T15:30:07.773366,14,20,18,14,16,0
2026-08-14T15:30:07.775421,14,19,18,14,15,0
2026-08-14T15:30:07.775421,12,18,19,15,16,0
2026-08-14T15:30:07.775421,15,18,18,16,15,0
2026-08-14T15:30:07.778713,13,19,18,14,15,0
2026-08-14T15:30:07.779747,13,18,17,15,16,0
2026-08-14T15:30:07.779747,13,19,18,14,16,0
2026-08-14T15:30:07.781735,14,19,18,14,16,0
2026-08-14T15:30:07.784947,13,18,19,14,16,0
2026-08-14T15:30:07.785966,14,18,17,13,17,0
2026-08-14T15:30:07.786767,14,18,18,14,16,0
2026-08-14T15:30:07.786767,13,19,19,15,15,0
2026-08-14T15:30:07.789210,13,19,18,14,16,0
2026-08-14T15:30:07.789210,13,19,18,14,16,0
2026-08-14T15:30:07.789210,14,19,19,15,16,0
2026-08-14T15:30:07.791086,12,19,18,14,16,0
2026-08-14T15:30:07.791086,12,19,19,14,16,0
2026-08-14T15:30:07.791086,14,18,18,15,15,0
2026-08-14T15:30:07.795319,13,18,19,13,16,0
2026-08-14T15:30:07.795319,14,19,18,14,16,0
2026-08-14T15:30:07.795319,14,18,19,14,15,0
2026-08-14T15:30:07.798982,13,20,18,15,16,0
2026-08-14T15:30:07.798982,13,20,18,14,16,0
2026-08-14T15:30:07.798982,13,19,18,14,16,0
2026-08-14T15:30:07.802659,14,19,18,14,15,0
2026-08-14T15:30:07.803698,13,19,18,14,15,0
2026-08-14T15:30:07.803698,13,18,18,14,17,0
2026-08-14T15:30:07.803698,13,18,19,12,16,0
2026-08-14T15:30:07.803698,13,19,17,14,16,0
2026-08-14T15:30:07.803698,14,18,17,14,16,0
2026-08-14T15:30:07.803698,13,18,18,15,15,0
2026-08-14T15:30:07.811063,14,20,18,15,15,0
2026-08-14T15:30:07.813600,13,18,18,14,16,0
2026-08-14T15:30:07.813600,13,19,18,14,16,0
2026-08-14T15:30:07.813600,13,19,20,14,15,0
2026-08-14T15:30:07.813600,13,19,18,14,16,0
2026-08-14T15:30:07.817351,12,19,19,14,16,0
2026-08-14T15:30:07.817351,13,18,18,14,16,0
2026-08-14T15:30:07.819447,13,18,19,14,16,0
2026-08-14T15:30:07.820505,14,19,18,14,15,0
2026-08-14T15:30:07.820505,14,19,18,13,16,0
2026-08-14T15:30:07.820505,14,20,17,13,16,0
2026-08-14T15:30:07.820505,13,19,18,14,16,0
2026-08-14T15:30:07.825635,13,20,19,14,15,0
2026-08-14T15:30:07.825635,13,19,18,14,16,0
2026-08-14T15:30:07.827434,13,19,18,14,15,0
2026-08-14T15:30:07.827434,14,17,19,14,16,0
2026-08-14T15:30:07.827434,13,18,18,14,15,0
2026-08-14T15:30:07.827434,14,18,17,14,16,0
2026-08-14T15:30:07.827434,14,19,17,14,16,0
2026-08-14T15:30:07.827434,12,17,19,14,16,0
2026-08-14T15:30:07.835608,13,19,17,15,15,0
2026-08-14T15:30:07.836815,14,19,18,14,16,0
2026-08-14T15:30:07.836815,14,19,18,14,16,0
2026-08-14T15:30:07.836815,14,19,17,15,15,0
2026-08-14T15:30:07.836815,13,18,18,14,15,0
2026-08-14T15:30:07.836815,14,19,18,14,15,0
2026-08-14T15:30:07.836815,14,18,18,14,15,0
2026-08-14T15:30:07.836815,14,18,17,14,16,0
2026-08-14T15:30:07.843997,14,18,19,15,16,0
2026-08-14T15:30:07.845638,14,19,18,13,16,0
2026-08-14T15:30:07.845638,13,18,17,13,16,0
2026-08-14T15:30:07.845638,14,18,19,14,16,0
2026-08-14T15:30:07.850473,14,18,17,14,16,0
2026-08-14T15:30:07.850473,13,19,18,14,15,0
2026-08-14T15:30:07.850473,14,18,18,14,15,0
2026-08-14T15:30:07.852230,13,18,18,14,16,0
2026-08-14T15:30:07.853884,13,19,18,14,15,0
2026-08-14T15:30:07.853884,12,20,19,14,16,0
2026-08-14T15:30:07.853884,12,18,18,14,16,0
2026-08-14T15:30:07.853884,13,18,17,14,16,0
2026-08-14T15:30:07.853884,14,18,17,15,16,0
2026-08-14T15:30:07.853884,13,18,18,15,16,0
2026-08-14T15:30:07.860677,13,18,18,14,16,0
2026-08-14T15:30:07.860677,14,18,18,13,16,0
2026-08-14T15:30:07.860677,14,18,19,13,15,0
2026-08-14T15:30:07.860677,13,19,17,15,16,0
2026-08-14T15:30:07.860677,13,20,18,14,15,0
2026-08-14T15:30:07.860677,13,20,18,14,16,0
2026-08-14T15:30:07.860677,14,19,19,15,16,0
2026-08-14T15:30:07.871099,13,19,17,15,15,0
2026-08-14T15:30:07.871576,13,19,17,14,16,0
2026-08-14T15:30:07.871576,12,19,18,14,15,0
2026-08-14T15:30:07.871576,13,18,18,14,16,0
2026-08-14T15:30:07.875139,13,18,18,15,16,0
2026-08-14T15:30:07.875139,14,18,18,14,16,0
2026-08-14T15:30:07.875139,13,19,18,14,15,0
2026-08-14T15:30:07.877333,13,19,18,14,15,0
2026-08-14T15:30:07.877333,13,19,18,14,16,0
2026-08-14T15:30:07.877333,13,19,16,14,16,0
2026-08-14T15:30:07.877333,13,18,18,14,15,0
2026-08-14T15:30:07.877333,14,19,18,14,15,0
2026-08-14T15:30:07.877333,13,19,18,14,15,0
2026-08-14T15:30:07.877333,14,19,17,15,16,0
2026-08-14T15:30:07.887180,13,18,17,14,16,0
2026-08-14T15:30:07.887180,14,18,18,14,16,0
2026-08-14T15:30:07.887180,14,18,17,13,16,0
2026-08-14T15:30:07.887180,14,18,17,13,16,0
2026-08-14T15:30:07.887180,14,18,18,14,15,0
2026-08-14T15:30:07.887180,13,20,20,14,15,0
2026-08-14T15:30:07.887180,13,18,18,14,16,0
2026-08-14T15:30:07.895537,13,18,18,14,15,0
2026-08-14T15:30:07.895537,14,19,17,14,16,0
2026-08-14T15:30:07.895537,14,18,19,14,15,0
2026-08-14T15:30:07.899604,12,18,18,15,16,0
2026-08-14T15:30:07.899604,13,18,18,14,16,0
2026-08-14T15:30:07.899604,14,19,17,15,16,0
2026-08-14T15:30:07.902711,13,18,17,14,16,0
2026-08-14T15:30:07.903781,13,19,18,13,16,0
2026-08-14T15:30:07.903781,15,18,17,13,16,0
2026-08-14T15:30:07.903781,13,18,18,14,15,0
2026-08-14T15:30:07.907802,12,18,18,14,15,0
2026-08-14T15:30:07.907802,12,19,18,14,16,0
2026-08-14T15:30:07.907802,13,18,18,15,16,0
2026-08-14T15:30:07.907802,13,18,18,14,15,0
2026-08-14T15:30:07.911902,14,18,18,14,16,0
2026-08-14T15:30:07.911902,13,19,18,14,16,0
2026-08-14T15:30:07.911902,12,18,17,13,16,0
2026-08-14T15:30:07.916194,13,18,18,13,16,0
2026-08-14T15:30:07.916194,15,19,17,14,17,0
2026-08-14T15:30:07.917951,15,19,17,14,15,0
2026-08-14T15:30:07.917951,14,19,18,14,16,0
2026-08-14T15:30:07.919365,13,18,18,14,16,0
2026-08-14T15:30:07.920745,12,20,18,13,15,0
2026-08-14T15:30:07.920745,12,20,18,14,16,0
2026-08-14T15:30:07.920745,14,18,17,14,15,0
2026-08-14T15:30:07.920745,13,18,18,13,15,0
2026-08-14T15:30:07.920745,12,18,18,15,16,0
2026-08-14T15:30:07.920745,13,19,17,14,16,0
2026-08-14T15:30:07.926469,13,19,18,14,15,0
2026-08-14T15:30:07.926469,13,18,18,15,15,0
2026-08-14T15:30:07.926469,13,18,17,13,16,0
2026-08-14T15:30:07.926469,13,18,17,14,15,0
2026-08-14T15:30:07.926469,14,18,18,15,16,0
2026-08-14T15:30:07.926469,13,19,18,14,16,0
2026-08-14T15:30:07.936014,13,18,17,14,15,0
2026-08-14T15:30:07.936851,12,18,18,14,15,0
2026-08-14T15:30:07.936851,12,19,18,14,15,0
2026-08-14T15:30:07.936851,13,18,19,14,16,0
2026-08-14T15:30:07.936851,13,19,18,15,16,0
2026-08-14T15:30:07.936851,13,18,18,14,16,0
2026-08-14T15:30:07.936851,13,18,17,14,16,0
2026-08-14T15:30:07.944676,13,18,17,14,16,0
2026-08-14T15:30:07.944676,15,19,17,13,15,0
2026-08-14T15:30:07.944676,13,18,17,13,16,0
2026-08-14T15:30:07.946434,14,19,18,14,15,0
2026-08-14T15:30:07.948877,13,18,18,14,15,0
2026-08-14T15:30:07.948877,13,18,18,14,16,0
2026-08-14T15:30:07.948877,14,19,18,14,16,0
2026-08-14T15:30:07.952882,13,19,18,15,16,0
2026-08-14T15:30:07.953968,12,19,18,14,16,0
2026-08-14T15:30:07.953968,13,18,18,14,16,0
2026-08-14T15:30:07.953968,14,19,17,13,16,0
2026-08-14T15:30:07.953968,13,18,17,14,16,0
2026-08-14T15:30:07.953968,14,18,17,14,17,0
2026-08-14T15:30:07.953968,13,20,18,14,15,0
2026-08-14T15:30:07.959671,14,19,18,13,16,0
2026-08-14T15:30:07.959671,14,19,17,14,15,0
2026-08-14T15:30:07.962813,13,17,18,15,16,0
2026-08-14T15:30:07.963516,14,17,18,14,15,0
2026-08-14T15:30:07.963516,14,19,17,14,16,0
2026-08-14T15:30:07.963516,13,17,18,15,14,0
2026-08-14T15:30:07.963516,13,17,18,14,16,0
2026-08-14T15:30:07.969396,13,18,17,14,15,0
2026-08-14T15:30:07.970503,14,18,18,15,15,0
2026-08-14T15:30:07.970811,14,18,18,14,16,0
2026-08-14T15:30:07.973353,13,19,18,14,16,0
2026-08-14T15:30:07.973353,13,19,18,14,15,0
2026-08-14T15:30:07.973353,13,18,17,12,16,0
2026-08-14T15:30:07.973353,13,18,18,13,15,0
2026-08-14T15:30:07.977426,13,18,18,15,15,0
2026-08-14T15:30:07.977426,13,18,18,14,16,0
2026-08-14T15:30:07.979191,13,18,18,15,16,0
2026-08-14T15:30:07.979191,12,18,17,14,15,0
2026-08-14T15:30:07.979191,14,19,18,13,16,0
2026-08-14T15:30:07.983270,13,18,19,14,16,0
2026-08-14T15:30:07.983270,14,18,18,15,16,0
2026-08-14T15:30:07.984286,14,20,18,14,15,0
2026-08-14T15:30:07.986754,13,20,18,14,15,0
2026-08-14T15:30:07.987886,13,18,18,14,15,0
2026-08-14T15:30:07.987886,13,18,18,14,15,0
2026-08-14T15:30:07.987886,13,18,18,14,16,0
2026-08-14T15:30:07.987886,13,19,18,15,16,0
2026-08-14T15:30:07.991473,13,18,17,14,16,0
2026-08-14T15:30:07.993918,14,19,18,13,16,0
2026-08-14T15:30:07.993918,13,19,18,14,16,0
2026-08-14T15:30:07.993918,14,19,18,14,16,0
2026-08-14T15:30:07.993918,13,18,18,13,16,0
2026-08-14T15:30:07.993918,14,18,17,15,16,0
2026-08-14T15:30:07.993918,14,19,18,14,15,0
2026-08-14T15:30:08.000573,13,19,18,14,15,0
2026-08-14T15:30:08.002782,13,18,17,14,15,0
2026-08-14T15:30:08.003722,11,19,18,14,15,0
2026-08-14T15:30:08.003722,12,19,17,14,15,0
2026-08-14T15:30:08.003722,14,19,18,14,16,0
2026-08-14T15:30:08.003722,12,19,19,13,16,0
2026-08-14T15:30:08.003722,14,19,17,13,16,0
2026-08-14T15:30:08.009056,14,18,17,15,16,0
2026-08-14T15:30:08.009056,14,19,19,14,15,0
2026-08-14T15:30:08.009056,14,20,18,14,15,0
2026-08-14T15:30:08.009056,14,19,18,15,16,0
2026-08-14T15:30:08.009056,13,19,18,14,16,0
2026-08-14T15:30:08.009056,13,19,19,14,15,0
2026-08-14T15:30:08.009056,13,18,18,14,15,0
2026-08-14T15:30:08.017342,14,18,18,14,16,0
2026-08-14T15:30:08.017342,13,19,17,15,16,0
2026-08-14T15:30:08.020075,13,18,18,14,16,0
2026-08-14T15:30:08.020815,14,18,18,14,16,0
2026-08-14T15:30:08.022489,14,18,17,13,16,0
2026-08-14T15:30:08.022489,14,18,18,15,16,0
2026-08-14T15:30:08.022489,13,18,18,15,16,0
2026-08-14T15:30:08.026601,13,19,19,14,15,0
2026-08-14T15:30:08.027341,13,18,18,13,15,0
2026-08-14T15:30:08.027341,13,18,18,15,15,0
2026-08-14T15:30:08.030675,14,19,17,14,16,0
2026-08-14T15:30:08.030675,11,17,18,15,16,0
2026-08-14T15:30:08.030675,14,19,18,14,16,0
2026-08-14T15:30:08.032440,14,18,18,14,16,0
2026-08-14T15:30:08.034181,14,18,18,14,16,0
2026-08-14T15:30:08.034181,14,18,18,13,16,0
2026-08-14T15:30:08.037089,13,18,18,15,16,0
2026-08-14T15:30:08.037089,13,20,18,15,15,0
2026-08-14T15:30:08.037089,13,18,18,14,15,0
2026-08-14T15:30:08.039942,15,19,18,13,15,0
2026-08-14T15:30:08.039942,12,18,18,14,15,0
2026-08-14T15:30:08.042655,13,18,18,14,15,0
2026-08-14T15:30:08.042655,13,19,18,14,16,0
2026-08-14T15:30:08.042655,14,18,19,15,16,0
2026-08-14T15:30:08.042655,14,19,18,14,16,0
2026-08-14T15:30:08.042655,13,19,18,14,16,0
2026-08-14T15:30:08.042655,13,18,19,14,16,0
2026-08-14T15:30:08.042655,13,18,17,13,16,0
2026-08-14T15:30:08.050729,13,18,18,14,16,0
2026-08-14T15:30:08.050729,13,19,18,14,15,0
2026-08-14T15:30:08.052807,13,20,20,14,16,0
2026-08-14T15:30:08.055426,13,19,19,14,15,0
2026-08-14T15:30:08.055426,13,18,19,14,15,0
2026-08-14T15:30:08.055426,12,21,18,15,16,0
2026-08-14T15:30:08.057186,12,18,18,14,16,0
2026-08-14T15:30:08.059048,13,19,18,14,16,0
2026-08-14T15:30:08.059048,13,19,18,15,16,0
2026-08-14T15:30:08.059048,14,19,18,14,16,0
2026-08-14T15:30:08.061301,15,19,18,14,16,0
2026-08-14T15:30:08.061301,13,19,18,14,16,0
2026-08-14T15:30:08.061301,15,20,18,15,16,0
2026-08-14T15:30:08.067670,14,19,18,14,16,0
2026-08-14T15:30:08.067670,12,19,18,15,16,0
2026-08-14T15:30:08.067670,12,19,18,15,15,0
2026-08-14T15:30:08.070234,14,18,18,15,16,0
2026-08-14T15:30:08.070234,14,19,18,14,16,0
2026-08-14T15:30:08.070234,14,19,18,15,16,0
2026-08-14T15:30:08.070234,13,19,18,14,16,0
2026-08-14T15:30:08.070234,13,19,18,14,16,0
2026-08-14T15:30:08.075936,14,18,18,14,16,0
2026-08-14T15:30:08.075936,15,20,19,14,16,0
2026-08-14T15:30:08.075936,13,19,18,14,16,0
2026-08-14T15:30:08.079827,13,20,18,14,16,0
2026-08-14T15:30:08.079827,12,20,18,14,15,0
2026-08-14T15:30:08.079827,14,19,18,15,15,0
2026-08-14T15:30:08.079827,14,19,18,14,16,0
2026-08-14T15:30:08.084126,13,19,19,15,17,0
2026-08-14T15:30:08.084126,13,20,18,15,16,0
2026-08-14T15:30:08.086058,14,19,19,15,17,0
2026-08-14T15:30:08.087085,14,19,18,14,16,0
2026-08-14T15:30:08.087085,14,18,19,14,16,0
2026-08-14T15:30:08.087085,14,19,18,15,16,0
2026-08-14T15:30:08.092353,13,20,18,14,16,0
2026-08-14T15:30:08.092353,14,20,19,15,16,0
2026-08-14T15:30:08.092353,12,19,20,14,15,0
2026-08-14T15:30:08.094104,12,19,18,14,15,0
2026-08-14T15:30:08.096225,13,20,19,15,16,0
2026-08-14T15:30:08.096927,14,19,19,14,16,0
2026-08-14T15:30:08.096927,12,19,19,15,16,0
2026-08-14T15:30:08.096927,14,18,18,14,16,0
2026-08-14T15:30:08.100586,15,19,18,14,16,0
2026-08-14T15:30:08.100586,14,20,18,15,16,0
2026-08-14T15:30:08.104092,15,20,18,15,16,0
2026-08-14T15:30:08.104092,14,19,18,15,16,0
2026-08-14T15:30:08.104092,13,19,18,14,16,0
2026-08-14T15:30:08.104092,13,19,18,14,16,0
2026-08-14T15:30:08.104092,14,20,19,15,16,0
2026-08-14T15:30:08.108717,13,18,19,16,17,0
2026-08-14T15:30:08.108717,13,19,19,14,17,0
2026-08-14T15:30:08.108717,13,19,19,14,16,0
2026-08-14T15:30:08.108717,14,19,18,14,17,0
2026-08-14T15:30:08.108717,14,19,17,16,16,0
2026-08-14T15:30:08.108717,14,19,19,15,16,0
2026-08-14T15:30:08.116439,13,19,18,15,16,0
2026-08-14T15:30:08.116439,14,19,19,15,16,0
2026-08-14T15:30:08.116439,13,19,18,15,16,0
2026-08-14T15:30:08.120985,13,20,20,14,16,0
2026-08-14T15:30:08.120985,14,20,18,14,16,0
2026-08-14T15:30:08.120985,13,20,18,14,16,0
2026-08-14T15:30:08.122745,14,18,19,15,16,0
2026-08-14T15:30:08.124341,13,18,19,14,16,0
2026-08-14T15:30:08.124341,13,18,19,15,16,0
2026-08-14T15:30:08.124341,15,20,19,15,16,0
2026-08-14T15:30:08.124341,15,20,19,15,16,0
2026-08-14T15:30:08.124341,14,19,19,15,16,0
2026-08-14T15:30:08.124341,15,20,20,14,16,0
2026-08-14T15:30:08.132673,14,21,19,14,16,0
2026-08-14T15:30:08.133367,14,20,18,15,16,0
2026-08-14T15:30:08.136085,14,19,19,15,15,0
2026-08-14T15:30:08.136787,13,18,19,16,16,0
2026-08-14T15:30:08.136787,14,20,19,15,16,0
2026-08-14T15:30:08.136787,13,19,19,15,16,0
2026-08-14T15:30:08.136787,14,19,19,14,16,0
2026-08-14T15:30:08.140819,14,19,19,14,16,0
2026-08-14T15:30:08.140819,14,19,18,15,16,0
2026-08-14T15:30:08.140819,15,19,18,16,16,0
2026-08-14T15:30:08.140819,15,20,20,14,16,0
2026-08-14T15:30:08.140819,15,20,20,15,16,0
2026-08-14T15:30:08.140819,14,20,19,16,17,0
2026-08-14T15:30:08.140819,13,19,18,15,16,0
2026-08-14T15:30:08.148952,13,20,20,15,16,0
2026-08-14T15:30:08.148952,14,20,19,15,16,0
2026-08-14T15:30:08.148952,13,20,19,14,16,0
2026-08-14T15:30:08.148952,13,19,19,16,16,0
2026-08-14T15:30:08.152858,14,20,19,15,16,0
2026-08-14T15:30:08.153675,14,20,18,15,17,0
2026-08-14T15:30:08.153675,14,19,19,16,17,0
2026-08-14T15:30:08.157652,14,20,19,15,17,0
2026-08-14T15:30:08.157652,15,19,20,15,16,0
2026-08-14T15:30:08.157652,12,20,20,15,16,0
2026-08-14T15:30:08.157652,14,20,19,16,17,0
2026-08-14T15:30:08.157652,14,19,19,15,16,0
2026-08-14T15:30:08.157652,14,19,19,15,15,0
2026-08-14T15:30:08.157652,13,20,20,15,17,0
2026-08-14T15:30:08.165860,14,20,18,16,16,0
2026-08-14T15:30:08.165860,13,19,19,14,17,0
2026-08-14T15:30:08.165860,14,19,19,15,16,0
2026-08-14T15:30:08.169379,14,21,20,15,17,0
2026-08-14T15:30:08.170236,14,20,19,15,17,0
2026-08-14T15:30:08.170236,14,20,18,14,17,0
2026-08-14T15:30:08.172604,13,20,20,15,16,0
2026-08-14T15:30:08.174179,13,19,20,15,15,0
2026-08-14T15:30:08.174179,15,21,20,14,17,0
2026-08-14T15:30:08.174179,14,20,18,15,16,0
2026-08-14T15:30:08.174179,13,19,19,15,17,0
2026-08-14T15:30:08.174179,14,20,20,15,16,0
2026-08-14T15:30:08.174179,14,20,18,15,16,0
2026-08-14T15:30:08.174179,14,19,20,15,16,0
2026-08-14T15:30:08.182024,15,20,19,15,16,0
2026-08-14T15:30:08.182024,13,20,20,15,17,0
2026-08-14T15:30:08.182024,13,20,19,15,15,0
2026-08-14T15:30:08.186075,14,20,20,15,17,0
2026-08-14T15:30:08.186837,14,19,19,15,16,0
2026-08-14T15:30:08.186837,14,18,20,16,16,0
2026-08-14T15:30:08.186837,14,21,20,16,17,0
2026-08-14T15:30:08.190569,14,20,19,15,16,0
2026-08-14T15:30:08.190569,15,19,19,14,17,0
2026-08-14T15:30:08.190569,15,19,19,16,16,0
2026-08-14T15:30:08.204433,13,20,19,15,16,0
2026-08-14T15:30:08.204433,14,20,18,14,17,0
2026-08-14T15:30:08.204433,17,20,19,14,17,0
2026-08-14T15:30:08.207228,14,20,20,15,16,0
2026-08-14T15:30:08.207228,13,20,20,15,16,0
2026-08-14T15:30:08.207228,13,21,20,15,16,0
2026-08-14T15:30:08.207228,13,20,20,16,16,0
2026-08-14T15:30:08.207228,15,19,19,15,16,0
2026-08-14T15:30:08.207228,14,20,19,16,17,0
2026-08-14T15:30:08.207228,13,20,20,15,16,0
2026-08-14T15:30:08.207228,14,20,19,15,16,0
2026-08-14T15:30:08.207228,14,20,20,15,17,0
2026-08-14T15:30:08.207228,15,19,19,15,16,0
2026-08-14T15:30:08.207228,14,19,18,15,16,0
2026-08-14T15:30:08.207228,15,20,20,15,16,0
2026-08-14T15:30:08.207228,15,20,20,15,17,0
2026-08-14T15:30:08.215713,13,21,18,15,16,0
2026-08-14T15:30:08.215713,13,19,19,15,17,0
2026-08-14T15:30:08.215713,13,20,20,15,17,0
2026-08-14T15:30:08.215713,13,20,18,15,16,0
2026-08-14T15:30:08.215713,14,20,19,15,17,0
2026-08-14T15:30:08.215713,15,20,19,15,17,0
2026-08-14T15:30:08.219431,14,19,20,15,16,0
2026-08-14T15:30:08.220368,15,20,19,15,17,0
2026-08-14T15:30:08.220368,14,19,20,16,17,0
2026-08-14T15:30:08.223752,14,19,19,15,16,0
2026-08-14T15:30:08.223752,14,20,20,15,16,0
2026-08-14T15:30:08.223752,14,21,20,15,17,0
2026-08-14T15:30:08.227481,14,20,20,15,16,0
2026-08-14T15:30:08.227481,14,20,19,15,17,0
2026-08-14T15:30:08.227481,15,19,20,16,16,0
2026-08-14T15:30:08.230049,14,19,20,15,17,0
2026-08-14T15:30:08.231799,16,20,20,16,17,0
2026-08-14T15:30:08.231799,14,19,19,16,16,0
2026-08-14T15:30:08.231799,14,20,19,15,17,0
2026-08-14T15:30:08.236088,15,20,20,16,17,0
2026-08-14T15:30:08.236826,15,20,19,15,16,0
2026-08-14T15:30:08.236826,15,20,20,15,17,0
2026-08-14T15:30:08.236826,13,21,20,15,16,0
2026-08-14T15:30:08.240064,13,21,20,15,16,0
2026-08-14T15:30:08.240064,13,21,20,15,17,0
2026-08-14T15:30:08.240064,14,20,19,15,17,0
2026-08-14T15:30:08.240064,14,19,21,15,16,0
2026-08-14T15:30:08.240064,12,21,19,16,18,0
2026-08-14T15:30:08.240064,15,19,20,16,17,0
2026-08-14T15:30:08.240064,14,19,19,16,17,0
2026-08-14T15:30:08.248320,15,20,20,16,16,0
2026-08-14T15:30:08.248320,15,20,20,15,17,0
2026-08-14T15:30:08.251094,15,21,20,15,17,0
2026-08-14T15:30:08.252729,13,22,20,15,17,0
2026-08-14T15:30:08.253372,13,19,21,15,16,0
2026-08-14T15:30:08.253372,13,20,21,15,17,0
2026-08-14T15:30:08.255939,13,20,20,15,16,0
2026-08-14T15:30:08.255939,15,21,20,15,16,0
2026-08-14T15:30:08.255939,14,19,20,16,17,0
2026-08-14T15:30:08.259822,14,19,19,15,17,0
2026-08-14T15:30:08.259822,15,21,19,16,17,0
2026-08-14T15:30:08.259822,14,20,20,15,17,0
2026-08-14T15:30:08.259822,15,20,19,15,16,0
2026-08-14T15:30:08.264345,14,20,20,15,16,0
2026-08-14T15:30:08.264345,15,20,19,16,17,0
2026-08-14T15:30:08.264345,15,21,20,16,17,0
2026-08-14T15:30:08.264345,13,21,20,15,17,0
2026-08-14T15:30:08.264345,15,20,20,15,16,0
2026-08-14T15:30:08.269347,14,20,20,15,17,0
2026-08-14T15:30:08.270347,13,20,20,16,17,0
2026-08-14T15:30:08.272502,13,19,20,16,17,0
2026-08-14T15:30:08.272502,14,21,21,15,16,0
2026-08-14T15:30:08.272502,15,19,20,16,17,0
2026-08-14T15:30:08.274433,14,21,19,16,17,0
2026-08-14T15:30:08.274433,14,19,20,16,17,0
2026-08-14T15:30:08.274433,14,21,21,15,17,0
2026-08-14T15:30:08.280698,15,19,20,15,17,0
2026-08-14T15:30:08.280698,15,20,20,16,16,0
2026-08-14T15:30:08.280698,13,21,20,16,17,0
2026-08-14T15:30:08.280698,13,21,20,15,16,0
2026-08-14T15:30:08.280698,15,20,20,15,16,0
2026-08-14T15:30:08.280698,14,21,19,17,18,0
2026-08-14T15:30:08.286054,14,21,19,16,17,0
2026-08-14T15:30:08.286744,14,21,20,16,17,0
2026-08-14T15:30:08.289051,15,20,19,16,17,0
2026-08-14T15:30:08.289732,14,19,20,16,16,0
2026-08-14T15:30:08.289732,15,20,20,16,17,0
2026-08-14T15:30:08.289732,15,20,21,16,17,0
2026-08-14T15:30:08.289732,15,21,20,15,17,0
2026-08-14T15:30:08.289732,15,21,20,15,17,0
2026-08-14T15:30:08.296036,14,21,20,15,16,0
2026-08-14T15:30:08.297556,14,21,21,16,16,0
2026-08-14T15:30:08.298140,13,21,20,15,16,0
2026-08-14T15:30:08.301007,15,20,20,16,17,0
2026-08-14T15:30:08.301007,14,20,20,16,17,0
2026-08-14T15:30:08.302697,14,21,19,17,16,0
2026-08-14T15:30:08.303625,14,20,20,16,17,0
2026-08-14T15:30:08.304896,14,20,20,16,17,0
2026-08-14T15:30:08.304896,15,20,19,16,17,0
2026-08-14T15:30:08.304896,14,20,20,15,17,0
2026-08-14T15:30:08.309380,15,21,21,16,17,0
2026-08-14T15:30:08.309380,15,20,20,16,17,0
2026-08-14T15:30:08.309380,15,21,20,15,17,0
2026-08-14T15:30:08.311136,14,20,20,15,17,0
2026-08-14T15:30:08.312439,15,20,20,16,16,0
2026-08-14T15:30:08.312439,13,20,20,16,17,0
2026-08-14T15:30:08.312439,14,20,20,16,17,0
2026-08-14T15:30:08.312439,14,19,21,16,17,0
2026-08-14T15:30:08.312439,14,20,21,16,17,0
2026-08-14T15:30:08.312439,13,19,20,16,17,0
2026-08-14T15:30:08.320098,15,20,20,15,16,0
2026-08-14T15:30:08.321511,14,20,21,17,17,0
2026-08-14T15:30:08.321511,15,21,20,17,17,0
2026-08-14T15:30:08.321511,15,21,20,15,17,0
2026-08-14T15:30:08.321511,15,21,20,16,16,0
2026-08-14T15:30:08.321511,13,21,20,15,16,0
2026-08-14T15:30:08.321511,13,21,21,16,17,0
2026-08-14T15:30:08.321511,14,21,20,16,18,0
2026-08-14T15:30:08.329848,14,19,21,16,18,0
2026-08-14T15:30:08.329848,15,21,20,15,16,0
2026-08-14T15:30:08.329848,14,19,19,16,17,0
2026-08-14T15:30:08.332697,14,21,19,16,17,0
2026-08-14T15:30:08.332697,14,21,21,17,17,0
2026-08-14T15:30:08.332697,15,22,21,15,17,0
2026-08-14T15:30:08.336524,16,20,19,15,17,0
2026-08-14T15:30:08.336524,14,21,20,16,18,0
2026-08-14T15:30:08.339632,15,21,21,16,17,0
2026-08-14T15:30:08.339632,14,21,20,16,17,0
2026-08-14T15:30:08.339632,13,20,20,15,17,0
2026-08-14T15:30:08.339632,14,20,20,17,18,0
2026-08-14T15:30:08.339632,15,20,20,16,17,0
2026-08-14T15:30:08.344091,14,20,21,16,17,0
2026-08-14T15:30:08.344091,14,20,19,15,17,0
2026-08-14T15:30:08.344091,15,20,19,16,16,0
2026-08-14T15:30:08.344091,15,21,21,16,17,0
2026-08-14T15:30:08.344091,14,21,20,15,18,0
2026-08-14T15:30:08.344091,15,22,20,15,17,0
2026-08-14T15:30:08.344091,14,21,20,15,17,0
2026-08-14T15:30:08.354209,14,19,20,16,16,0
2026-08-14T15:30:08.354209,14,21,21,16,16,0
2026-08-14T15:30:08.354209,13,19,20,16,17,0
2026-08-14T15:30:08.354209,14,20,20,16,17,0
2026-08-14T15:30:08.358349,14,20,20,16,17,0
2026-08-14T15:30:08.358349,14,20,21,16,17,0
2026-08-14T15:30:08.358349,14,21,20,15,17,0
2026-08-14T15:30:08.361234,15,21,19,16,17,0
2026-08-14T15:30:08.361234,14,20,20,16,16,0
2026-08-14T15:30:08.361234,15,20,20,15,16,0
2026-08-14T15:30:08.361234,14,20,20,16,18,0
2026-08-14T15:30:08.361234,15,20,20,15,16,0
2026-08-14T15:30:08.361234,14,20,20,16,18,0
2026-08-14T15:30:08.369467,14,20,20,16,16,0
2026-08-14T15:30:08.369467,13,21,20,16,17,0
2026-08-14T15:30:08.369467,14,20,20,16,17,0
2026-08-14T15:30:08.369467,14,20,20,16,17,0
2026-08-14T15:30:08.369467,16,20,21,16,17,0
2026-08-14T15:30:08.369467,14,21,20,16,18,0
2026-08-14T15:30:08.369467,15,21,20,15,17,0
2026-08-14T15:30:08.377308,14,21,20,16,17,0
2026-08-14T15:30:08.378676,14,20,21,16,17,0
2026-08-14T15:30:08.378676,14,20,20,15,17,0
2026-08-14T15:30:08.380513,13,21,20,16,17,0
2026-08-14T15:30:08.382954,14,21,20,16,16,0
2026-08-14T15:30:08.382954,14,20,21,15,16,0
2026-08-14T15:30:08.382954,15,21,19,16,17,0
2026-08-14T15:30:08.385436,13,20,19,16,17,0
2026-08-14T15:30:08.386524,14,21,20,16,17,0
2026-08-14T15:30:08.386524,14,20,20,15,17,0
2026-08-14T15:30:08.386524,15,20,19,17,17,0
2026-08-14T15:30:08.391176,14,20,19,16,17,0
2026-08-14T15:30:08.391176,14,21,20,17,18,0
2026-08-14T15:30:08.391176,12,21,20,16,16,0
2026-08-14T15:30:08.392936,15,21,21,16,17,0
2026-08-14T15:30:08.395345,14,20,20,16,16,0
2026-08-14T15:30:08.395345,15,21,21,17,17,0
2026-08-14T15:30:08.395345,14,20,21,16,18,0
2026-08-14T15:30:08.395345,15,21,20,16,17,0
2026-08-14T15:30:08.395345,15,21,21,16,17,0
2026-08-14T15:30:08.401062,14,19,21,15,18,0
2026-08-14T15:30:08.403623,14,20,20,15,16,0
2026-08-14T15:30:08.403623,15,20,20,16,17,0
2026-08-14T15:30:08.403623,15,21,22,15,17,0
2026-08-14T15:30:08.403623,14,21,20,16,17,0
2026-08-14T15:30:08.403623,13,20,20,15,16,0
2026-08-14T15:30:08.403623,13,20,21,15,17,0
2026-08-14T15:30:08.403623,13,21,20,15,17,0
2026-08-14T15:30:08.409213,15,20,21,16,17,0
2026-08-14T15:30:08.409213,14,21,20,16,17,0
2026-08-14T15:30:08.409213,15,21,20,16,17,0
2026-08-14T15:30:08.409213,14,20,20,16,17,0
2026-08-14T15:30:08.409213,15,20,21,15,17,0
2026-08-14T15:30:08.409213,15,20,21,15,17,0
2026-08-14T15:30:08.409213,14,21,20,16,17,0
2026-08-14T15:30:08.417632,14,21,20,15,16,0
2026-08-14T15:30:08.420935,13,20,20,15,17,0
2026-08-14T15:30:08.420935,14,21,20,17,16,0
2026-08-14T15:30:08.420935,15,21,21,16,17,0
2026-08-14T15:30:08.420935,13,21,20,16,17,0
2026-08-14T15:30:08.420935,14,21,21,17,17,0
2026-08-14T15:30:08.420935,14,20,20,16,17,0
2026-08-14T15:30:08.428000,15,21,20,16,18,0
2026-08-14T15:30:08.428000,15,19,20,16,17,0
2026-08-14T15:30:08.428000,16,22,21,16,17,0
2026-08-14T15:30:08.432077,14,20,20,16,17,0
2026-08-14T15:30:08.432077,15,20,20,16,17,0
2026-08-14T15:30:08.433840,13,20,20,16,16,0
2026-08-14T15:30:08.433840,13,20,21,15,16,0
2026-08-14T15:30:08.433840,14,21,20,16,17,0
2026-08-14T15:30:08.437382,14,19,20,16,17,0
2026-08-14T15:30:08.437382,13,19,20,16,18,0
2026-08-14T15:30:08.440451,14,19,20,16,17,0
2026-08-14T15:30:08.440451,14,21,21,15,16,0
2026-08-14T15:30:08.440451,14,20,21,15,17,0
2026-08-14T15:30:08.442207,14,21,20,16,17,0
2026-08-14T15:30:08.442207,15,20,20,16,17,0
2026-08-14T15:30:08.442207,15,21,21,15,16,0
2026-08-14T15:30:08.442207,14,20,20,16,17,0
2026-08-14T15:30:08.446312,14,20,21,16,17,0
2026-08-14T15:30:08.446312,13,19,21,16,17,0
2026-08-14T15:30:08.446312,15,19,21,16,17,0
2026-08-14T15:30:08.450348,15,20,20,16,17,0
2026-08-14T15:30:08.450348,15,21,21,16,18,0
2026-08-14T15:30:08.453620,14,21,19,16,18,0
2026-08-14T15:30:08.454008,14,20,21,16,17,0
2026-08-14T15:30:08.454008,15,20,20,16,17,0
2026-08-14T15:30:08.454008,15,20,19,15,17,0
2026-08-14T15:30:08.454008,14,20,21,15,18,0
2026-08-14T15:30:08.458799,15,21,21,16,17,0
2026-08-14T15:30:08.460878,15,21,20,15,17,0
2026-08-14T15:30:08.460878,14,21,20,17,16,0
2026-08-14T15:30:08.460878,14,20,21,16,17,0
2026-08-14T15:30:08.463514,15,20,21,17,17,0
2026-08-14T15:30:08.463514,14,20,20,15,16,0
2026-08-14T15:30:08.463514,14,21,20,16,17,0
2026-08-14T15:30:08.466976,14,20,20,15,17,0
2026-08-14T15:30:08.470123,14,20,20,16,17,0
2026-08-14T15:30:08.471307,15,20,21,16,17,0
2026-08-14T15:30:08.471307,15,20,20,15,17,0
2026-08-14T15:30:08.471307,15,22,20,15,17,0
2026-08-14T15:30:08.471307,14,21,21,16,16,0
2026-08-14T15:30:08.471307,15,20,20,16,16,0
2026-08-14T15:30:08.475287,13,21,20,16,18,0
2026-08-14T15:30:08.475287,14,20,21,16,17,0
2026-08-14T15:30:08.475287,14,21,20,16,17,0
2026-08-14T15:30:08.475287,13,20,20,16,17,0
2026-08-14T15:30:08.475287,14,20,20,16,17,0
2026-08-14T15:30:08.475287,14,20,20,15,17,0
2026-08-14T15:30:08.475287,14,20,20,15,16,0
2026-08-14T15:30:08.483550,15,20,20,16,17,0
2026-08-14T15:30:08.486658,15,21,20,16,16,0
2026-08-14T15:30:08.486979,14,20,20,15,17,0
2026-08-14T15:30:08.486979,14,21,21,17,17,0
2026-08-14T15:30:08.489573,15,21,21,15,16,0
2026-08-14T15:30:08.489573,14,21,21,17,18,0
2026-08-14T15:30:08.489573,13,21,20,15,16,0
2026-08-14T15:30:08.491328,14,21,20,15,17,0
2026-08-14T15:30:08.491328,13,20,21,16,17,0
2026-08-14T15:30:08.491328,14,19,20,16,17,0
2026-08-14T15:30:08.495445,14,21,20,15,17,0
2026-08-14T15:30:08.495445,14,21,21,17,16,0
2026-08-14T15:30:08.495445,15,20,19,17,16,0
2026-08-14T15:30:08.499749,14,21,19,16,18,0
2026-08-14T15:30:08.499749,15,21,21,15,16,0
2026-08-14T15:30:08.499749,13,20,20,16,17,0
2026-08-14T15:30:08.503464,15,21,21,15,17,0
2026-08-14T15:30:08.504408,15,21,21,16,18,0
2026-08-14T15:30:08.506583,14,19,20,16,17,0
2026-08-14T15:30:08.506583,13,21,21,15,17,0
2026-08-14T15:30:08.506583,14,20,19,16,17,0
2026-08-14T15:30:08.508093,15,21,19,16,18,0
2026-08-14T15:30:08.508093,14,21,21,16,17,0
2026-08-14T15:30:08.508093,14,21,20,15,17,0
2026-08-14T15:30:08.511809,15,20,20,16,16,0
2026-08-14T15:30:08.511809,14,20,19,15,17,0
2026-08-14T15:30:08.511809,14,21,22,15,17,0
2026-08-14T15:30:08.511809,13,21,21,16,16,0
2026-08-14T15:30:08.516161,15,21,21,16,17,0
2026-08-14T15:30:08.516161,14,20,20,16,17,0
2026-08-14T15:30:08.516161,15,19,21,16,18,0
2026-08-14T15:30:08.520372,13,21,19,15,17,0
2026-08-14T15:30:08.522503,15,20,20,16,17,0
2026-08-14T15:30:08.522503,14,21,19,16,17,0
2026-08-14T15:30:08.522503,15,20,21,16,17,0
2026-08-14T15:30:08.524251,16,20,21,16,17,0
2026-08-14T15:30:08.524251,14,20,20,15,17,0
2026-08-14T15:30:08.524251,13,21,20,16,17,0
2026-08-14T15:30:08.530408,15,21,21,15,17,0
2026-08-14T15:30:08.531188,14,21,20,16,16,0
2026-08-14T15:30:08.531188,15,21,20,16,17,0
2026-08-14T15:30:08.534622,13,21,20,16,17,0
2026-08-14T15:30:08.534622,13,20,20,16,17,0
2026-08-14T15:30:08.534622,14,19,20,16,16,0
2026-08-14T15:30:08.535957,15,20,19,16,17,0
2026-08-14T15:30:08.537733,14,20,20,15,16,0
2026-08-14T15:30:08.537733,14,20,20,15,17,0
2026-08-14T15:30:08.537733,15,21,20,15,16,0
2026-08-14T15:30:08.540799,14,20,21,16,17,0
2026-08-14T15:30:08.540799,14,20,20,16,16,0
2026-08-14T15:30:08.540799,12,21,21,16,17,0
2026-08-14T15:30:08.540799,14,20,20,15,16,0
2026-08-14T15:30:08.540799,14,20,21,16,18,0
2026-08-14T15:30:08.540799,13,21,19,16,16,0
2026-08-14T15:30:08.540799,13,20,20,15,17,0
2026-08-14T15:30:08.548961,14,21,21,15,17,0
2026-08-14T15:30:08.548961,14,20,20,16,16,0
2026-08-14T15:30:08.552742,14,19,20,16,16,0
2026-08-14T15:30:08.553651,15,21,20,15,17,0
2026-08-14T15:30:08.553651,13,21,20,15,16,0
2026-08-14T15:30:08.553651,15,20,20,15,16,0
2026-08-14T15:30:08.553651,14,21,20,15,17,0
2026-08-14T15:30:08.557204,13,20,20,16,17,0
2026-08-14T15:30:08.557204,14,21,21,15,16,0
2026-08-14T15:30:08.557204,14,20,20,16,18,0
2026-08-14T15:30:08.557204,14,19,19,16,17,0
2026-08-14T15:30:08.563358,14,19,20,16,17,0
2026-08-14T15:30:08.563358,15,20,21,16,17,0
2026-08-14T15:30:08.563358,14,21,19,16,17,0
2026-08-14T15:30:08.565912,15,20,20,15,17,0
2026-08-14T15:30:08.565912,14,20,20,15,16,0
2026-08-14T15:30:08.565912,14,20,21,15,16,0
2026-08-14T15:30:08.569921,15,21,20,16,18,0
2026-08-14T15:30:08.569921,13,20,20,15,16,0
2026-08-14T15:30:08.569921,15,21,19,16,17,0
2026-08-14T15:30:08.573225,14,21,21,16,17,0
2026-08-14T15:30:08.573225,15,21,20,16,17,0
2026-08-14T15:30:08.573225,15,21,20,15,17,0
2026-08-14T15:30:08.573225,14,19,20,16,17,0
2026-08-14T15:30:08.573225,14,21,21,16,17,0
2026-08-14T15:30:08.573225,15,20,20,16,17,0
2026-08-14T15:30:08.573225,14,21,20,15,17,0
2026-08-14T15:30:08.581568,15,21,21,15,17,0
2026-08-14T15:30:08.583651,15,20,21,15,17,0
2026-08-14T15:30:08.583651,13,22,20,16,17,0
2026-08-14T15:30:08.583651,13,21,20,16,16,0
2026-08-14T15:30:08.587894,15,20,20,16,17,0
2026-08-14T15:30:08.587894,15,20,21,15,17,0
2026-08-14T15:30:08.587894,14,19,20,16,17,0
2026-08-14T15:30:08.589646,14,20,20,15,16,0
2026-08-14T15:30:08.589646,14,20,19,15,16,0
2026-08-14T15:30:08.589646,15,20,21,15,17,0
2026-08-14T15:30:08.589646,15,19,19,16,17,0
2026-08-14T15:30:08.589646,14,20,20,15,17,0
2026-08-14T15:30:08.589646,15,21,20,15,16,0
2026-08-14T15:30:08.589646,14,21,20,15,17,0
2026-08-14T15:30:08.598663,13,20,20,16,17,0
2026-08-14T15:30:08.598663,13,20,20,16,17,0
2026-08-14T15:30:08.598663,14,20,20,15,17,0
2026-08-14T15:30:08.601794,14,20,20,15,17,0
2026-08-14T15:30:08.603195,14,21,19,16,16,0
2026-08-14T15:30:08.603195,14,21,18,16,16,0
2026-08-14T15:30:08.603195,14,20,20,16,16,0
2026-08-14T15:30:08.606551,14,21,21,15,17,0
2026-08-14T15:30:08.606551,14,20,20,15,17,0
2026-08-14T15:30:08.606551,13,21,20,15,17,0
2026-08-14T15:30:08.606551,15,21,20,16,17,0
2026-08-14T15:30:08.612301,14,20,20,15,16,0
2026-08-14T15:30:08.612301,14,19,20,16,17,0
2026-08-14T15:30:08.612301,14,21,20,16,17,0
2026-08-14T15:30:08.616400,14,21,19,16,17,0
2026-08-14T15:30:08.616400,13,20,22,15,17,0
2026-08-14T15:30:08.618163,14,21,19,16,17,0
2026-08-14T15:30:08.618163,15,20,20,16,17,0
2026-08-14T15:30:08.620430,14,20,20,15,17,0
2026-08-14T15:30:08.620430,14,21,20,15,17,0
2026-08-14T15:30:08.620430,14,20,20,15,17,0
2026-08-14T15:30:08.624601,14,20,20,16,17,0
2026-08-14T15:30:08.624601,14,19,21,15,16,0
2026-08-14T15:30:08.624601,15,19,20,15,17,0
2026-08-14T15:30:08.626364,14,21,20,15,16,0
2026-08-14T15:30:08.628707,15,19,20,16,17,0
2026-08-14T15:30:08.628707,14,21,19,16,17,0
2026-08-14T15:30:08.628707,14,20,20,15,16,0
2026-08-14T15:30:08.630859,14,20,20,15,17,0
2026-08-14T15:30:08.630859,15,20,20,15,16,0
2026-08-14T15:30:08.630859,15,20,20,15,17,0
2026-08-14T15:30:08.636479,14,21,21,15,16,0
2026-08-14T15:30:08.637286,15,21,20,15,17,0
2026-08-14T15:30:08.637286,14,20,20,16,16,0
2026-08-14T15:30:08.639310,14,21,20,15,16,0
2026-08-14T15:30:08.639310,14,20,19,16,17,0
2026-08-14T15:30:08.639310,14,20,20,15,17,0
2026-08-14T15:30:08.639310,15,21,20,16,18,0
2026-08-14T15:30:08.639310,14,20,20,15,17,0
2026-08-14T15:30:08.639310,14,20,19,17,16,0
2026-08-14T15:30:08.639310,14,20,20,15,17,0
2026-08-14T15:30:08.639310,15,21,20,15,16,0
2026-08-14T15:30:08.649353,14,22,20,15,17,0
2026-08-14T15:30:08.649353,14,20,20,15,16,0
2026-08-14T15:30:08.649353,14,21,21,16,16,0
2026-08-14T15:30:08.652859,13,20,20,15,17,0
2026-08-14T15:30:08.653500,13,20,21,17,16,0
2026-08-14T15:30:08.653500,14,20,21,15,17,0
2026-08-14T15:30:08.653500,13,19,20,16,17,0
2026-08-14T15:30:08.657359,14,20,20,15,17,0
2026-08-14T15:30:08.657359,14,20,20,15,16,0
2026-08-14T15:30:08.657359,14,21,20,15,16,0
2026-08-14T15:30:08.657359,15,20,21,16,17,0
2026-08-14T15:30:08.657359,15,21,19,15,16,0
2026-08-14T15:30:08.657359,14,22,20,15,16,0
2026-08-14T15:30:08.664430,14,21,20,15,17,0
2026-08-14T15:30:08.664430,14,20,20,16,17,0
2026-08-14T15:30:08.664430,14,20,19,16,16,0
2026-08-14T15:30:08.664430,13,19,20,16,17,0
2026-08-14T15:30:08.664430,14,20,21,16,17,0
2026-08-14T15:30:08.670724,14,20,20,16,16,0
2026-08-14T15:30:08.670724,14,20,19,16,17,0
2026-08-14T15:30:08.672703,14,20,21,16,17,0
2026-08-14T15:30:08.672703,15,21,21,15,17,0
2026-08-14T15:30:08.672703,16,20,20,15,17,0
2026-08-14T15:30:08.672703,14,21,20,15,17,0
2026-08-14T15:30:08.672703,14,21,20,16,17,0
2026-08-14T15:30:08.672703,13,21,20,15,16,0
2026-08-14T15:30:08.672703,15,21,20,16,17,0
2026-08-14T15:30:08.681013,14,20,20,16,17,0
2026-08-14T15:30:08.681013,15,19,20,16,17,0
2026-08-14T15:30:08.681013,14,20,21,15,16,0
2026-08-14T15:30:08.681013,14,20,19,15,17,0
2026-08-14T15:30:08.686215,14,20,19,15,16,0
2026-08-14T15:30:08.686783,14,20,19,17,17,0
2026-08-14T15:30:08.686783,14,20,20,15,17,0
2026-08-14T15:30:08.690172,15,20,20,15,16,0
2026-08-14T15:30:08.690172,15,20,19,15,16,0
2026-08-14T15:30:08.690172,13,20,20,15,16,0
2026-08-14T15:30:08.690172,13,19,20,15,18,0
2026-08-14T15:30:08.694393,13,20,20,15,17,0
2026-08-14T15:30:08.694393,15,20,18,15,16,0
2026-08-14T15:30:08.694393,14,20,19,16,16,0
2026-08-14T15:30:08.698281,14,20,20,16,17,0
2026-08-14T15:30:08.698281,14,20,20,16,18,0
2026-08-14T15:30:08.698281,14,21,20,15,17,0
2026-08-14T15:30:08.702914,15,20,19,15,17,0
2026-08-14T15:30:08.703983,14,21,20,15,17,0
2026-08-14T15:30:08.704315,13,21,20,15,17,0
2026-08-14T15:30:08.705025,15,20,20,15,17,0
2026-08-14T15:30:08.705025,15,21,21,16,17,0
2026-08-14T15:30:08.706782,14,20,20,15,16,0
2026-08-14T15:30:08.706782,15,21,20,16,17,0
2026-08-14T15:30:08.706782,13,20,20,15,16,0
2026-08-14T15:30:08.706782,14,21,20,17,17,0
2026-08-14T15:30:08.706782,14,20,20,15,16,0
2026-08-14T15:30:08.706782,14,21,20,16,17,0
2026-08-14T15:30:08.714873,14,20,19,15,16,0
2026-08-14T15:30:08.714873,15,21,20,15,16,0
2026-08-14T15:30:08.714873,14,20,20,15,16,0
2026-08-14T15:30:08.718799,14,21,20,15,17,0
2026-08-14T15:30:08.719907,14,21,20,16,17,0
2026-08-14T15:30:08.719907,13,21,20,16,16,0
2026-08-14T15:30:08.719907,14,21,21,16,17,0
2026-08-14T15:30:08.719907,13,19,20,15,18,0
2026-08-14T15:30:08.723274,14,19,19,16,17,0
2026-08-14T15:30:08.723274,14,20,20,15,17,0
2026-08-14T15:30:08.723274,16,20,20,15,17,0
2026-08-14T15:30:08.723274,15,20,19,16,17,0
2026-08-14T15:30:08.723274,14,21,19,15,17,0
2026-08-14T15:30:08.730358,13,21,20,15,17,0
2026-08-14T15:30:08.731371,14,20,20,15,17,0
2026-08-14T15:30:08.732403,14,21,20,15,16,0
2026-08-14T15:30:08.732403,14,20,20,16,17,0
2026-08-14T15:30:08.734486,13,20,20,16,18,0
2026-08-14T15:30:08.736029,14,19,20,15,16,0
2026-08-14T15:30:08.736602,13,19,19,16,18,0
2026-08-14T15:30:08.738829,14,19,19,16,17,0
2026-08-14T15:30:08.739864,14,20,20,15,16,0
2026-08-14T15:30:08.739864,13,21,19,14,16,0
2026-08-14T15:30:08.739864,14,20,21,15,17,0
2026-08-14T15:30:08.742576,14,20,19,15,17,0
2026-08-14T15:30:08.742576,14,21,21,16,17,0
2026-08-14T15:30:08.742576,14,20,20,14,17,0
2026-08-14T15:30:08.742576,13,20,20,15,16,0
2026-08-14T15:30:08.748314,15,20,20,16,16,0
2026-08-14T15:30:08.748314,15,20,21,15,17,0
2026-08-14T15:30:08.749379,14,19,20,15,16,0
2026-08-14T15:30:08.749379,13,20,20,15,16,0
2026-08-14T15:30:08.752688,14,20,20,15,16,0
2026-08-14T15:30:08.752688,15,20,20,15,16,0
2026-08-14T15:30:08.753541,14,20,21,15,17,0
2026-08-14T15:30:08.756499,14,19,19,16,18,0
2026-08-14T15:30:08.756499,13,23,20,15,17,0
2026-08-14T15:30:08.756499,15,21,20,16,16,0
2026-08-14T15:30:08.756499,14,19,19,15,16,0
2026-08-14T15:30:08.756499,13,19,20,15,16,0
2026-08-14T15:30:08.756499,13,20,20,16,17,0
2026-08-14T15:30:08.756499,14,20,20,15,17,0
2026-08-14T15:30:08.764848,14,20,19,15,17,0
2026-08-14T15:30:08.764848,14,21,19,15,17,0
2026-08-14T15:30:08.767950,14,19,19,15,16,0
2026-08-14T15:30:08.767950,14,20,20,15,16,0
2026-08-14T15:30:08.767950,14,20,20,15,16,0
2026-08-14T15:30:08.770109,14,21,20,15,16,0
2026-08-14T15:30:08.772130,13,20,20,15,16,0
2026-08-14T15:30:08.772130,15,19,20,15,16,0
2026-08-14T15:30:08.773137,14,21,21,15,17,0
2026-08-14T15:30:08.775308,14,20,19,15,17,0
2026-08-14T15:30:08.775308,15,19,20,16,17,0
2026-08-14T15:30:08.775308,12,21,19,16,16,0
2026-08-14T15:30:08.775308,14,21,20,15,17,0
2026-08-14T15:30:08.775308,15,19,20,15,17,0
2026-08-14T15:30:08.781236,14,19,20,16,17,0
2026-08-14T15:30:08.781236,15,20,21,15,16,0
2026-08-14T15:30:08.781236,15,20,20,15,16,0
2026-08-14T15:30:08.781236,14,21,20,14,17,0
2026-08-14T15:30:08.786066,14,21,19,15,17,0
2026-08-14T15:30:08.787042,14,21,21,16,16,0
2026-08-14T15:30:08.788512,13,20,20,16,17,0
2026-08-14T15:30:08.789526,14,20,20,15,17,0
2026-08-14T15:30:08.789526,14,21,19,16,16,0
2026-08-14T15:30:08.791546,13,20,19,15,17,0
2026-08-14T15:30:08.791546,14,20,19,16,17,0
2026-08-14T15:30:08.791546,14,20,20,15,16,0
2026-08-14T15:30:08.794305,14,20,19,15,17,0
2026-08-14T15:30:08.794305,15,20,19,15,17,0
2026-08-14T15:30:08.794305,13,20,20,15,17,0
2026-08-14T15:30:08.797615,14,21,20,15,17,0
2026-08-14T15:30:08.799881,14,20,20,15,17,0
2026-08-14T15:30:08.799881,14,20,20,16,16,0
2026-08-14T15:30:08.799881,15,19,20,16,18,0
2026-08-14T15:30:08.803884,13,21,20,16,17,0
2026-08-14T15:30:08.803884,13,20,20,16,17,0
2026-08-14T15:30:08.805918,15,20,19,14,17,0
2026-08-14T15:30:08.805918,15,19,19,16,17,0
2026-08-14T15:30:08.807929,14,19,19,16,17,0
2026-08-14T15:30:08.807929,14,20,20,15,16,0
2026-08-14T15:30:08.809937,13,20,20,16,16,0
2026-08-14T15:30:08.811542,14,20,20,15,16,0
2026-08-14T15:30:08.811542,14,21,20,15,16,0
2026-08-14T15:30:08.814101,14,20,20,15,16,0
2026-08-14T15:30:08.814101,13,20,20,15,16,0
2026-08-14T15:30:08.817255,14,20,20,15,16,0
2026-08-14T15:30:08.817255,14,19,19,15,17,0
2026-08-14T15:30:08.817255,13,19,21,16,17,0
2026-08-14T15:30:08.820620,14,20,20,14,16,0
2026-08-14T15:30:08.820620,14,20,20,15,16,0
2026-08-14T15:30:08.820620,14,21,19,15,16,0
2026-08-14T15:30:08.822434,14,20,18,16,16,0
2026-08-14T15:30:08.822434,13,21,20,15,17,0
2026-08-14T15:30:08.822434,14,20,19,15,17,0
2026-08-14T15:30:08.822434,15,21,20,15,17,0
2026-08-14T15:30:08.822434,14,19,20,16,16,0
2026-08-14T15:30:08.822434,13,20,20,15,16,0
2026-08-14T15:30:08.830449,12,21,19,15,16,0
2026-08-14T15:30:08.831049,15,19,19,16,18,0
2026-08-14T15:30:08.831049,14,20,19,14,16,0
2026-08-14T15:30:08.831049,14,21,19,15,17,0
2026-08-14T15:30:08.831049,14,20,20,15,17,0
2026-08-14T15:30:08.837567,15,20,19,15,17,0
2026-08-14T15:30:08.837567,15,20,20,15,17,0
2026-08-14T15:30:08.838578,15,20,20,16,17,0
2026-08-14T15:30:08.841677,14,20,20,15,17,0
2026-08-14T15:30:08.841677,13,20,18,15,17,0
2026-08-14T15:30:08.841677,13,19,20,16,17,0
2026-08-14T15:30:08.843444,13,20,19,16,17,0
2026-08-14T15:30:08.845291,14,21,19,15,16,0
2026-08-14T15:30:08.845291,15,20,20,15,17,0
2026-08-14T15:30:08.847059,14,19,19,14,17,0
2026-08-14T15:30:08.847059,14,20,20,15,16,0
2026-08-14T15:30:08.847059,14,19,19,15,16,0
2026-08-14T15:30:08.847059,13,20,20,15,17,0
2026-08-14T15:30:08.851794,15,21,19,15,17,0
2026-08-14T15:30:08.853378,14,20,20,15,17,0
2026-08-14T15:30:08.854222,14,19,20,16,18,0
2026-08-14T15:30:08.855388,13,20,20,15,16,0
2026-08-14T15:30:08.855388,13,20,19,15,16,0
2026-08-14T15:30:08.855388,14,20,21,15,17,0
2026-08-14T15:30:08.855388,13,21,19,16,17,0
2026-08-14T15:30:08.860047,14,21,19,16,16,0
2026-08-14T15:30:08.860047,13,20,19,15,17,0
2026-08-14T15:30:08.860047,15,20,20,15,16,0
2026-08-14T15:30:08.863429,14,20,20,15,17,0
2026-08-14T15:30:08.866250,15,21,20,15,17,0
2026-08-14T15:30:08.866250,13,20,20,15,17,0
2026-08-14T15:30:08.866250,14,20,20,15,17,0
2026-08-14T15:30:08.869793,13,19,19,15,16,0
2026-08-14T15:30:08.870617,13,19,20,16,17,0
2026-08-14T15:30:08.871782,14,21,20,15,16,0
2026-08-14T15:30:08.871782,13,20,19,15,17,0
2026-08-14T15:30:08.874449,14,19,19,15,16,0
2026-08-14T15:30:08.874449,14,20,18,15,18,0
2026-08-14T15:30:08.874449,15,19,20,15,17,0
2026-08-14T15:30:08.874449,13,20,20,15,17,0
2026-08-14T15:30:08.874449,14,21,20,15,16,0
2026-08-14T15:30:08.880307,14,20,19,15,16,0
2026-08-14T15:30:08.881153,13,20,18,15,17,0
2026-08-14T15:30:08.881153,15,19,18,15,16,0
2026-08-14T15:30:08.881153,13,20,20,15,16,0
2026-08-14T15:30:08.881153,14,20,20,15,16,0
2026-08-14T15:30:08.886410,13,19,19,15,17,0
2026-08-14T15:30:08.887218,14,19,19,16,17,0
2026-08-14T15:30:08.887218,14,19,19,15,16,0
2026-08-14T15:30:08.888864,14,20,20,16,17,0
2026-08-14T15:30:08.889520,14,20,19,15,17,0
2026-08-14T15:30:08.889520,15,19,20,15,16,0
2026-08-14T15:30:08.892610,14,21,21,15,17,0
2026-08-14T15:30:08.894924,15,20,19,15,17,0
2026-08-14T15:30:08.894924,12,20,20,15,16,0
2026-08-14T15:30:08.894924,13,21,20,15,16,0
2026-08-14T15:30:08.897824,13,19,20,15,16,0
2026-08-14T15:30:08.897824,14,19,19,15,16,0
2026-08-14T15:30:08.897824,14,20,19,15,16,0
2026-08-14T15:30:08.897824,14,20,19,16,17,0
2026-08-14T15:30:08.903316,14,20,19,15,17,0
2026-08-14T15:30:08.903316,14,20,19,16,16,0
2026-08-14T15:30:08.903316,15,19,19,14,16,0
2026-08-14T15:30:08.905812,15,20,20,15,16,0
2026-08-14T15:30:08.905812,14,20,20,15,16,0
2026-08-14T15:30:08.905812,15,21,19,15,17,0
2026-08-14T15:30:08.905812,14,20,19,15,16,0
2026-08-14T15:30:08.905812,14,20,19,15,16,0
2026-08-14T15:30:08.905812,14,20,19,15,16,0
2026-08-14T15:30:08.905812,13,19,20,15,16,0
2026-08-14T15:30:08.913537,13,20,19,15,17,0
2026-08-14T15:30:08.913537,14,19,18,16,16,0
2026-08-14T15:30:08.913537,14,20,19,15,17,0
2026-08-14T15:30:08.913537,14,19,19,15,17,0
2026-08-14T15:30:08.919482,14,20,18,14,17,0
2026-08-14T15:30:08.920392,14,20,20,16,16,0
2026-08-14T15:30:08.920392,13,19,20,14,17,0
2026-08-14T15:30:08.923603,14,20,19,15,16,0
2026-08-14T15:30:08.923603,13,21,20,14,16,0
2026-08-14T15:30:08.923603,13,20,20,15,17,0
2026-08-14T15:30:08.923603,13,19,19,15,16,0
2026-08-14T15:30:08.927786,13,20,20,16,16,0
2026-08-14T15:30:08.927786,13,21,19,15,17,0
2026-08-14T15:30:08.927786,14,21,20,15,17,0
2026-08-14T15:30:08.930229,14,19,19,16,16,0
2026-08-14T15:30:08.930229,14,19,19,16,16,0
2026-08-14T15:30:08.930229,14,20,20,15,17,0
2026-08-14T15:30:08.936044,14,21,20,15,17,0
2026-08-14T15:30:08.937317,14,20,20,15,16,0
2026-08-14T15:30:08.937317,13,20,20,15,17,0
2026-08-14T15:30:08.938358,13,21,19,15,17,0
2026-08-14T15:30:08.938358,13,19,19,15,17,0
2026-08-14T15:30:08.938358,15,20,19,15,16,0
2026-08-14T15:30:08.938358,13,19,19,15,17,0
2026-08-14T15:30:08.938358,12,20,19,15,17,0
2026-08-14T15:30:08.938358,14,19,19,16,17,0
2026-08-14T15:30:08.938358,15,20,20,15,17,0
2026-08-14T15:30:08.938358,16,20,19,15,16,0
2026-08-14T15:30:08.948354,14,20,19,15,17,0
2026-08-14T15:30:08.948354,13,19,20,15,16,0
2026-08-14T15:30:08.948354,13,19,20,15,17,0
2026-08-14T15:30:08.950692,14,20,19,15,16,0
2026-08-14T15:30:08.953575,14,19,20,16,18,0
2026-08-14T15:30:08.954060,13,19,19,15,16,0
2026-08-14T15:30:08.954932,13,19,19,15,16,0
2026-08-14T15:30:08.955575,14,20,19,15,16,0
2026-08-14T15:30:08.955575,14,19,19,15,16,0
2026-08-14T15:30:08.955575,14,20,19,15,16,0
2026-08-14T15:30:08.960157,15,20,20,15,17,0
2026-08-14T15:30:08.960157,13,20,19,15,16,0
2026-08-14T15:30:08.960157,16,20,19,14,16,0
2026-08-14T15:30:08.962176,13,19,20,15,16,0
2026-08-14T15:30:08.962176,14,21,19,15,16,0
2026-08-14T15:30:08.962176,13,20,20,14,16,0
2026-08-14T15:30:08.962176,14,20,18,15,16,0
2026-08-14T15:30:08.966865,14,20,19,15,16,0
2026-08-14T15:30:08.968875,14,20,19,15,16,0
2026-08-14T15:30:08.969858,14,19,19,15,16,0
2026-08-14T15:30:08.970425,14,20,19,15,16,0
2026-08-14T15:30:08.970425,15,19,19,14,16,0
2026-08-14T15:30:08.970425,13,20,19,15,16,0
2026-08-14T15:30:08.970425,15,20,20,15,16,0
2026-08-14T15:30:08.970425,13,19,19,14,17,0
2026-08-14T15:30:08.970425,14,20,20,15,16,0
2026-08-14T15:30:08.970425,14,20,20,15,16,0
2026-08-14T15:30:08.978300,13,19,20,16,16,0
2026-08-14T15:30:08.978300,14,20,18,16,16,0
2026-08-14T15:30:08.978300,13,20,19,15,16,0
2026-08-14T15:30:08.978300,15,19,19,15,16,0
2026-08-14T15:30:08.978300,12,19,19,14,16,0
2026-08-14T15:30:08.986366,14,19,20,14,17,0
2026-08-14T15:30:08.986366,14,20,19,14,16,0
2026-08-14T15:30:08.988989,15,19,19,15,16,0
2026-08-14T15:30:08.988989,14,19,18,15,17,0
2026-08-14T15:30:08.990314,14,22,20,15,16,0
2026-08-14T15:30:08.990314,14,20,20,15,17,0
2026-08-14T15:30:08.992327,15,20,20,15,16,0
2026-08-14T15:30:08.992327,14,19,19,15,16,0
2026-08-14T15:30:08.994337,14,19,18,16,17,0
2026-08-14T15:30:08.996348,14,20,19,15,16,0
2026-08-14T15:30:08.996348,12,19,20,15,16,0
2026-08-14T15:30:08.998359,15,19,19,15,16,0
2026-08-14T15:30:09.002385,13,19,18,14,17,0
2026-08-14T15:30:09.009604,14,19,19,15,17,0
2026-08-14T15:30:09.010612,13,20,19,15,17,0
2026-08-14T15:30:09.010612,14,19,18,14,17,0
2026-08-14T15:30:09.010612,13,20,18,15,16,0
2026-08-14T15:30:09.010612,13,20,20,15,16,0
2026-08-14T15:30:09.012621,14,20,19,15,15,0
2026-08-14T15:30:09.012621,13,20,19,14,16,0
2026-08-14T15:30:09.012621,14,19,19,14,16,0
2026-08-14T15:30:09.014631,14,19,19,16,16,0
2026-08-14T15:30:09.014631,14,19,19,15,17,0
2026-08-14T15:30:09.014631,13,19,19,15,16,0
2026-08-14T15:30:09.014631,15,19,19,15,17,0
2026-08-14T15:30:09.014631,14,20,18,15,17,0
2026-08-14T15:30:09.016640,14,19,18,15,16,0
2026-08-14T15:30:09.016640,14,19,20,16,17,0
2026-08-14T15:30:09.018651,14,19,18,15,16,0
2026-08-14T15:30:09.018651,14,20,20,15,16,0
2026-08-14T15:30:09.020809,13,21,19,15,16,0
2026-08-14T15:30:09.020809,13,20,20,15,16,0
2026-08-14T15:30:09.022979,13,21,18,14,16,0
2026-08-14T15:30:09.024987,14,19,19,15,16,0
2026-08-14T15:30:09.024987,14,19,19,15,16,0
2026-08-14T15:30:09.026738,12,19,19,14,16,0
2026-08-14T15:30:09.028747,13,19,19,15,16,0
2026-08-14T15:30:09.028747,14,19,19,15,16,0
2026-08-14T15:30:09.030754,14,20,18,15,16,0
2026-08-14T15:30:09.030754,14,19,19,15,16,0
2026-08-14T15:30:09.032765,14,20,19,15,17,0
2026-08-14T15:30:09.034775,14,20,18,14,16,0
2026-08-14T15:30:09.034775,15,20,20,15,16,0
2026-08-14T15:30:09.037961,12,21,18,15,16,0
2026-08-14T15:30:09.037961,13,19,18,15,15,0
2026-08-14T15:30:09.037961,13,20,19,14,16,0
2026-08-14T15:30:09.037961,15,20,19,15,16,0
2026-08-14T15:30:09.039970,13,20,19,15,16,0
2026-08-14T15:30:09.039970,14,20,18,15,16,0
2026-08-14T15:30:09.043258,13,19,19,14,16,0
2026-08-14T15:30:09.045269,14,20,20,15,16,0
2026-08-14T15:30:09.045269,14,20,18,15,16,0
2026-08-14T15:30:09.045269,14,19,17,15,16,0
2026-08-14T15:30:09.045269,14,20,19,15,15,0
2026-08-14T15:30:09.048746,14,20,20,15,16,0
2026-08-14T15:30:09.050756,15,20,19,15,17,0
2026-08-14T15:30:09.051764,12,19,20,14,16,0
2026-08-14T15:30:09.053371,13,20,19,15,15,0
2026-08-14T15:30:09.053371,12,20,20,15,16,0
2026-08-14T15:30:09.055613,15,19,18,14,16,0
2026-08-14T15:30:09.055613,14,19,19,16,16,0
2026-08-14T15:30:09.057621,14,20,18,15,17,0
2026-08-14T15:30:09.059628,13,19,19,14,16,0
2026-08-14T15:30:09.059628,14,19,18,15,16,0
2026-08-14T15:30:09.059628,15,20,18,16,16,0
2026-08-14T15:30:09.059628,13,20,19,15,17,0
2026-08-14T15:30:09.059628,13,19,19,15,16,0
2026-08-14T15:30:09.066398,13,20,20,15,16,0
2026-08-14T15:30:09.066398,14,20,18,14,16,0
2026-08-14T15:30:09.067909,13,19,19,15,15,0
2026-08-14T15:30:09.067909,15,19,20,15,16,0
2026-08-14T15:30:09.071039,15,19,19,15,16,0
2026-08-14T15:30:09.071039,14,19,18,14,16,0
2026-08-14T15:30:09.071039,13,18,19,14,16,0
2026-08-14T15:30:09.071039,14,19,18,15,17,0
2026-08-14T15:30:09.071039,13,18,19,15,17,0
2026-08-14T15:30:09.076237,15,19,19,15,16,0
2026-08-14T15:30:09.076237,15,20,19,13,16,0
2026-08-14T15:30:09.078438,13,19,19,15,16,0
2026-08-14T15:30:09.078438,13,19,19,14,16,0
2026-08-14T15:30:09.078438,13,21,18,14,16,0
2026-08-14T15:30:09.078438,14,20,19,15,16,0
2026-08-14T15:30:09.078438,13,19,18,15,16,0
2026-08-14T15:30:09.084272,15,19,18,15,16,0
2026-08-14T15:30:09.084272,12,20,18,15,16,0
2026-08-14T15:30:09.086590,13,20,19,14,16,0
2026-08-14T15:30:09.086590,14,18,19,15,16,0
2026-08-14T15:30:09.086590,14,19,19,15,16,0
2026-08-14T15:30:09.086590,15,20,18,14,16,0
2026-08-14T15:30:09.086590,13,19,18,15,16,0
2026-08-14T15:30:09.086590,13,20,18,15,16,0
2026-08-14T15:30:09.092673,14,20,18,14,16,0
2026-08-14T15:30:09.092673,12,20,18,15,16,0
2026-08-14T15:30:09.092673,13,19,19,14,17,0
2026-08-14T15:30:09.092673,14,20,19,14,16,0
2026-08-14T15:30:09.092673,14,19,18,15,17,0
2026-08-14T15:30:09.092673,13,19,18,15,16,0
2026-08-14T15:30:09.092673,14,18,20,15,17,0
2026-08-14T15:30:09.103548,14,20,18,14,16,0
2026-08-14T15:30:09.103548,14,18,19,14,16,0
2026-08-14T15:30:09.103548,14,19,18,14,16,0
2026-08-14T15:30:09.103548,15,19,18,14,15,0
2026-08-14T15:30:09.103548,13,19,20,14,15,0
2026-08-14T15:30:09.103548,14,18,18,15,16,0
2026-08-14T15:30:09.103548,13,19,18,15,16,0
2026-08-14T15:30:09.109214,13,19,18,15,16,0
2026-08-14T15:30:09.109214,13,18,19,14,15,0
2026-08-14T15:30:09.109214,15,20,19,15,17,0
2026-08-14T15:30:09.109214,14,19,18,15,17,0
2026-08-14T15:30:09.109214,13,18,18,15,16,0
2026-08-14T15:30:09.109214,14,19,18,15,16,0
2026-08-14T15:30:09.109214,13,19,19,15,16,0
2026-08-14T15:30:09.119947,15,20,19,14,17,0
2026-08-14T15:30:09.119947,13,20,18,14,17,0
2026-08-14T15:30:09.119947,13,20,19,15,15,0
2026-08-14T15:30:09.119947,13,20,18,15,15,0
2026-08-14T15:30:09.124249,14,19,18,14,16,0
2026-08-14T15:30:09.124249,14,19,18,15,16,0
2026-08-14T15:30:09.124249,14,18,19,15,16,0
2026-08-14T15:30:09.128401,14,18,19,14,15,0
2026-08-14T15:30:09.128401,13,19,18,14,16,0
2026-08-14T15:30:09.128401,13,18,18,14,16,0
2026-08-14T15:30:09.130166,14,19,18,14,16,0
2026-08-14T15:30:09.130166,13,18,18,15,16,0
2026-08-14T15:30:09.130166,14,19,18,15,15,0
2026-08-14T15:30:09.134018,14,20,18,14,16,0
2026-08-14T15:30:09.136015,12,19,18,14,16,0
2026-08-14T15:30:09.136770,13,19,19,14,15,0
2026-08-14T15:30:09.136770,14,20,19,15,15,0
2026-08-14T15:30:09.140700,14,19,18,15,16,0
2026-08-14T15:30:09.140700,13,19,17,15,15,0
2026-08-14T15:30:09.140700,13,19,19,15,16,0
2026-08-14T15:30:09.140700,14,19,18,15,16,0
2026-08-14T15:30:09.142459,14,19,19,14,16,0
2026-08-14T15:30:09.142459,14,19,18,15,16,0
2026-08-14T15:30:09.142459,15,19,17,15,16,0
2026-08-14T15:30:09.148876,14,19,18,15,15,0
2026-08-14T15:30:09.148876,14,19,18,14,17,0
2026-08-14T15:30:09.148876,14,20,18,14,16,0
2026-08-14T15:30:09.148876,13,19,19,14,16,0
2026-08-14T15:30:09.152693,13,19,18,14,15,0
2026-08-14T15:30:09.153439,13,18,18,15,15,0
2026-08-14T15:30:09.153439,13,18,19,14,16,0
2026-08-14T15:30:09.157075,14,18,19,14,16,0
2026-08-14T15:30:09.157075,13,19,17,15,16,0
2026-08-14T15:30:09.157075,13,19,18,14,15,0
2026-08-14T15:30:09.158838,14,19,18,14,16,0
2026-08-14T15:30:09.161176,14,19,19,15,16,0
2026-08-14T15:30:09.161176,14,19,18,14,16,0
2026-08-14T15:30:09.161176,14,19,19,15,16,0
2026-08-14T15:30:09.165253,13,19,19,14,15,0
2026-08-14T15:30:09.165253,13,19,18,14,16,0
2026-08-14T15:30:09.167029,12,19,18,14,16,0
2026-08-14T15:30:09.167029,13,19,18,14,16,0
2026-08-14T15:30:09.170131,13,19,18,14,16,0
2026-08-14T15:30:09.171267,14,19,18,15,16,0
2026-08-14T15:30:09.171992,13,19,18,15,16,0
2026-08-14T15:30:09.171992,13,19,18,14,16,0
2026-08-14T15:30:09.171992,13,19,18,15,15,0
2026-08-14T15:30:09.171992,13,20,19,15,16,0
2026-08-14T15:30:09.175144,14,18,17,15,16,0
2026-08-14T15:30:09.175144,13,20,19,14,16,0
2026-08-14T15:30:09.175144,12,19,18,15,15,0
2026-08-14T15:30:09.179308,13,20,19,14,15,0
2026-08-14T15:30:09.181652,14,19,18,15,16,0
2026-08-14T15:30:09.181652,14,18,18,14,15,0
2026-08-14T15:30:09.181652,14,19,18,14,16,0
2026-08-14T15:30:09.183829,13,19,18,14,16,0
2026-08-14T15:30:09.187208,12,18,18,14,15,0
2026-08-14T15:30:09.187524,12,19,18,15,16,0
2026-08-14T15:30:09.187524,14,18,18,14,16,0
2026-08-14T15:30:09.187524,13,18,18,14,15,0
2026-08-14T15:30:09.187524,12,19,18,15,15,0
2026-08-14T15:30:09.191521,13,20,18,14,16,0
2026-08-14T15:30:09.191521,14,19,18,14,15,0
2026-08-14T15:30:09.191521,14,19,18,14,15,0
2026-08-14T15:30:09.191521,14,19,18,14,17,0
2026-08-14T15:30:09.191521,12,19,18,14,15,0
2026-08-14T15:30:09.191521,13,19,19,15,16,0
2026-08-14T15:30:09.199966,14,19,19,15,16,0
2026-08-14T15:30:09.199966,12,18,18,14,16,0
2026-08-14T15:30:09.201975,13,19,18,14,15,0
2026-08-14T15:30:09.201975,13,19,18,14,16,0
2026-08-14T15:30:09.203986,14,19,18,15,16,0
2026-08-14T15:30:09.203986,14,18,18,14,16,0
2026-08-14T15:30:09.203986,13,19,18,15,15,0
2026-08-14T15:30:09.203986,13,20,18,14,15,0
2026-08-14T15:30:09.208361,14,18,18,14,16,0
2026-08-14T15:30:09.210334,13,19,18,14,16,0
2026-08-14T15:30:09.210334,13,19,18,14,16,0
2026-08-14T15:30:09.210334,13,19,18,14,16,0
2026-08-14T15:30:09.214425,14,18,17,14,16,0
2026-08-14T15:30:09.214425,14,19,18,14,16,0
2026-08-14T15:30:09.214425,14,19,19,14,16,0
2026-08-14T15:30:09.216189,14,18,18,15,15,0
2026-08-14T15:30:09.216189,13,18,18,13,16,0
2026-08-14T15:30:09.219876,15,18,18,13,16,0
2026-08-14T15:30:09.220264,13,19,18,14,16,0
2026-08-14T15:30:09.221562,12,19,18,15,16,0
2026-08-14T15:30:09.221562,12,19,18,13,16,0
2026-08-14T15:30:09.221562,14,21,19,14,16,0
2026-08-14T15:30:09.224684,13,19,19,14,16,0
2026-08-14T15:30:09.224684,13,19,17,14,16,0
2026-08-14T15:30:09.224684,13,19,18,14,16,0
2026-08-14T15:30:09.224684,13,18,17,14,16,0
2026-08-14T15:30:09.230333,14,19,18,13,16,0
2026-08-14T15:30:09.230333,14,19,18,14,16,0
2026-08-14T15:30:09.232905,12,18,17,14,16,0
2026-08-14T15:30:09.232905,12,19,18,14,15,0
2026-08-14T15:30:09.232905,12,19,18,15,15,0
2026-08-14T15:30:09.236827,13,18,18,14,17,0
2026-08-14T15:30:09.237388,12,19,18,14,15,0
2026-08-14T15:30:09.237388,11,19,18,14,15,0
2026-08-14T15:30:09.237388,14,18,18,14,16,0
2026-08-14T15:30:09.237388,14,18,18,14,16,0
2026-08-14T15:30:09.241285,13,19,18,15,15,0
2026-08-14T15:30:09.243293,14,19,18,14,16,0
2026-08-14T15:30:09.243293,13,19,18,14,16,0
2026-08-14T15:30:09.243293,13,19,18,13,16,0
2026-08-14T15:30:09.245499,13,18,18,15,16,0
2026-08-14T15:30:09.245499,13,19,18,14,15,0
2026-08-14T15:30:09.245499,13,19,20,14,15,0
2026-08-14T15:30:09.251276,13,20,19,14,15,0
2026-08-14T15:30:09.251276,13,19,18,15,16,0
2026-08-14T15:30:09.253314,13,19,18,14,15,0
2026-08-14T15:30:09.253722,13,19,18,14,15,0
2026-08-14T15:30:09.255364,13,20,19,15,16,0
2026-08-14T15:30:09.255364,13,18,17,15,16,0
2026-08-14T15:30:09.255364,12,19,17,15,16,0
2026-08-14T15:30:09.257809,13,19,18,15,16,0
2026-08-14T15:30:09.257809,13,18,18,14,17,0
2026-08-14T15:30:09.257809,14,19,18,13,16,0
2026-08-14T15:30:09.257809,14,19,18,14,15,0
2026-08-14T15:30:09.257809,13,20,18,15,16,0
2026-08-14T15:30:09.257809,12,18,18,14,15,0
2026-08-14T15:30:09.265668,13,20,18,14,15,0
2026-08-14T15:30:09.265668,13,19,18,14,16,0
2026-08-14T15:30:09.265668,13,18,18,14,15,0
2026-08-14T15:30:09.265668,13,19,18,15,15,0
2026-08-14T15:30:09.270266,12,18,18,13,16,0
2026-08-14T15:30:09.270266,14,18,18,14,17,0
2026-08-14T15:30:09.270266,13,18,18,13,16,0
2026-08-14T15:30:09.273510,13,19,18,14,16,0
2026-08-14T15:30:09.276012,13,19,18,14,15,0
2026-08-14T15:30:09.276012,14,18,17,14,16,0
2026-08-14T15:30:09.276012,14,19,17,14,16,0
2026-08-14T15:30:09.278755,13,20,18,14,15,0
2026-08-14T15:30:09.278755,12,20,18,13,15,0
2026-08-14T15:30:09.278755,12,18,17,15,15,0
2026-08-14T15:30:09.281966,13,18,18,15,15,0
2026-08-14T15:30:09.281966,12,17,18,14,16,0
2026-08-14T15:30:09.281966,14,19,17,15,17,0
2026-08-14T15:30:09.281966,13,18,18,14,15,0
2026-08-14T15:30:09.287294,14,18,18,13,16,0
2026-08-14T15:30:09.287294,14,18,18,13,16,0
2026-08-14T15:30:09.287294,12,18,19,13,16,0
2026-08-14T15:30:09.290221,15,18,18,13,15,0
2026-08-14T15:30:09.290221,13,19,18,14,15,0
2026-08-14T15:30:09.290221,13,18,18,14,15,0
2026-08-14T15:30:09.290221,13,19,18,14,15,0
2026-08-14T15:30:09.290221,13,19,17,14,16,0
2026-08-14T15:30:09.290221,12,18,18,14,15,0
2026-08-14T15:30:09.290221,13,19,17,13,16,0
2026-08-14T15:30:09.300605,14,19,18,14,16,0
2026-08-14T15:30:09.300605,14,19,17,13,16,0
2026-08-14T15:30:09.300605,11,17,17,15,15,0
2026-08-14T15:30:09.303339,13,18,18,15,15,0
2026-08-14T15:30:09.303867,14,18,18,14,16,0
2026-08-14T15:30:09.303867,14,19,18,14,15,0
2026-08-14T15:30:09.303867,13,18,18,14,15,0
2026-08-14T15:30:09.306955,13,19,17,14,16,0
2026-08-14T15:30:09.306955,13,19,18,14,16,0
2026-08-14T15:30:09.306955,13,18,17,15,15,0
2026-08-14T15:30:09.306955,14,19,18,14,16,0
2026-08-14T15:30:09.312669,11,18,18,14,16,0
2026-08-14T15:30:09.313178,13,18,16,14,16,0
2026-08-14T15:30:09.313178,14,19,16,14,16,0
2026-08-14T15:30:09.316938,14,18,18,14,16,0
2026-08-14T15:30:09.316938,12,18,17,14,16,0
2026-08-14T15:30:09.316938,14,18,18,13,16,0
2026-08-14T15:30:09.316938,14,19,17,14,16,0
2026-08-14T15:30:09.321379,13,19,18,14,15,0
2026-08-14T15:30:09.321943,13,19,17,14,15,0
2026-08-14T15:30:09.321943,13,18,18,14,15,0
2026-08-14T15:30:09.325001,14,18,18,14,16,0
2026-08-14T15:30:09.325001,14,18,18,15,16,0
2026-08-14T15:30:09.325001,11,17,18,14,15,0
2026-08-14T15:30:09.325001,11,18,18,13,15,0
2026-08-14T15:30:09.329099,12,18,18,13,16,0
2026-08-14T15:30:09.329099,13,18,18,13,15,0
2026-08-14T15:30:09.329099,13,19,18,14,15,0
2026-08-14T15:30:09.330860,13,18,18,14,15,0
2026-08-14T15:30:09.330860,13,20,18,14,15,0
2026-08-14T15:30:09.330860,13,19,18,14,15,0
2026-08-14T15:30:09.337455,13,19,17,14,15,0
2026-08-14T15:30:09.337904,13,18,18,14,15,0
2026-08-14T15:30:09.337904,13,19,18,14,15,0
2026-08-14T15:30:09.339058,13,18,18,14,15,0
2026-08-14T15:30:09.339058,14,18,17,13,16,0
2026-08-14T15:30:09.339058,12,18,17,14,16,0
2026-08-14T15:30:09.339058,12,19,17,14,15,0
2026-08-14T15:30:09.343164,14,18,18,13,16,0
2026-08-14T15:30:09.343164,13,18,18,14,15,0
2026-08-14T15:30:09.347248,13,18,17,14,16,0
2026-08-14T15:30:09.347248,13,19,18,14,16,0
2026-08-14T15:30:09.348567,11,19,18,14,15,0
2026-08-14T15:30:09.348567,12,19,18,15,15,0
2026-08-14T15:30:09.350580,11,19,17,13,15,0
2026-08-14T15:30:09.353571,12,18,17,14,15,0
2026-08-14T15:30:09.353571,13,19,17,13,15,0
2026-08-14T15:30:09.353571,14,18,18,13,16,0
2026-08-14T15:30:09.355377,14,18,18,13,15,0
2026-08-14T15:30:09.357764,13,18,17,13,16,0
2026-08-14T15:30:09.357764,14,18,18,14,15,0
2026-08-14T15:30:09.357764,13,18,18,14,15,0
2026-08-14T15:30:09.361876,14,18,18,14,15,0
2026-08-14T15:30:09.361876,12,18,16,13,15,0
2026-08-14T15:30:09.361876,13,19,18,14,15,0
2026-08-14T15:30:09.365975,12,18,18,14,15,0
2026-08-14T15:30:09.365975,13,18,18,14,15,0
2026-08-14T15:30:09.365975,14,18,18,15,15,0
2026-08-14T15:30:09.367740,13,18,17,14,17,0
2026-08-14T15:30:09.369860,12,17,18,13,16,0
2026-08-14T15:30:09.370209,13,18,17,14,17,0
2026-08-14T15:30:09.370209,13,18,18,13,16,0
2026-08-14T15:30:09.372614,14,18,18,13,15,0
2026-08-14T15:30:09.372614,12,20,18,13,15,0
2026-08-14T15:30:09.372614,13,20,18,13,15,0
2026-08-14T15:30:09.372614,12,19,18,14,15,0
2026-08-14T15:30:09.372614,13,18,18,13,15,0
2026-08-14T15:30:09.372614,13,18,18,15,16,0
2026-08-14T15:30:09.372614,13,19,19,14,15,0
2026-08-14T15:30:09.381093,13,19,18,14,16,0
2026-08-14T15:30:09.381093,12,18,18,14,15,0
2026-08-14T15:30:09.381093,13,17,18,15,16,0
2026-08-14T15:30:09.381093,13,18,18,14,15,0
2026-08-14T15:30:09.386085,14,18,16,13,15,0
2026-08-14T15:30:09.386627,13,19,18,13,15,0
2026-08-14T15:30:09.386627,12,18,18,14,15,0
2026-08-14T15:30:09.390557,13,18,17,14,15,0
2026-08-14T15:30:09.390557,13,18,17,14,15,0
2026-08-14T15:30:09.392324,12,19,18,14,15,0
2026-08-14T15:30:09.392324,13,18,17,13,15,0
2026-08-14T15:30:09.394620,11,17,17,14,15,0
2026-08-14T15:30:09.394620,13,18,17,14,15,0
2026-08-14T15:30:09.396373,13,17,18,14,15,0
2026-08-14T15:30:09.398726,13,19,17,13,16,0
2026-08-14T15:30:09.398726,12,17,18,13,15,0
2026-08-14T15:30:09.400490,13,18,16,15,16,0
2026-08-14T15:30:09.400490,13,19,18,14,15,0
2026-08-14T15:30:09.403892,13,19,18,14,16,0
2026-08-14T15:30:09.403892,12,19,17,14,16,0
2026-08-14T15:30:09.403892,13,19,18,13,15,0
2026-08-14T15:30:09.406914,11,18,18,14,15,0
2026-08-14T15:30:09.406914,12,18,17,13,15,0
2026-08-14T15:30:09.406914,13,18,17,14,16,0
2026-08-14T15:30:09.411026,14,19,18,14,16,0
2026-08-14T15:30:09.411026,13,17,17,13,16,0
2026-08-14T15:30:09.412041,14,18,17,14,15,0
2026-08-14T15:30:09.412041,14,18,17,13,16,0
2026-08-14T15:30:09.415174,14,18,17,14,16,0
2026-08-14T15:30:09.415174,13,18,18,13,15,0
2026-08-14T15:30:09.415174,13,18,18,14,15,0
2026-08-14T15:30:09.415174,13,18,17,13,15,0
2026-08-14T15:30:09.420285,13,18,18,13,14,0
2026-08-14T15:30:09.421332,12,18,18,15,15,0
2026-08-14T15:30:09.422085,12,17,18,14,16,0
2026-08-14T15:30:09.422085,13,19,17,14,15,0
2026-08-14T15:30:09.424493,13,19,17,15,15,0
2026-08-14T15:30:09.424493,12,18,18,13,16,0
2026-08-14T15:30:09.424493,14,18,17,14,16,0
2026-08-14T15:30:09.428357,12,18,17,14,16,0
2026-08-14T15:30:09.428357,14,19,18,14,15,0
2026-08-14T15:30:09.428357,13,20,18,13,15,0
2026-08-14T15:30:09.428357,13,19,18,14,15,0
2026-08-14T15:30:09.428357,12,18,18,14,14,0
2026-08-14T15:30:09.428357,11,19,17,14,15,0
2026-08-14T15:30:09.428357,13,18,18,13,16,0
2026-08-14T15:30:09.437253,13,18,18,13,15,0
2026-08-14T15:30:09.437253,14,17,19,13,16,0
2026-08-14T15:30:09.439882,11,17,17,14,16,0
2026-08-14T15:30:09.439882,13,18,18,14,16,0
2026-08-14T15:30:09.439882,13,18,18,13,16,0
2026-08-14T15:30:09.441643,14,18,18,13,16,0
2026-08-14T15:30:09.441643,13,19,16,14,15,0
2026-08-14T15:30:09.444599,11,18,18,14,15,0
2026-08-14T15:30:09.444599,12,19,18,14,15,0
2026-08-14T15:30:09.444599,12,17,18,14,16,0
2026-08-14T15:30:09.444599,13,17,17,14,16,0
2026-08-14T15:30:09.444599,12,17,17,14,15,0
2026-08-14T15:30:09.449797,12,19,18,14,15,0
2026-08-14T15:30:09.449797,13,19,17,13,16,0
2026-08-14T15:30:09.452798,13,17,17,14,16,0
2026-08-14T15:30:09.453748,13,19,18,14,15,0
2026-08-14T15:30:09.453748,14,18,18,13,15,0
2026-08-14T15:30:09.453748,13,19,17,14,16,0
2026-08-14T15:30:09.453748,11,18,17,14,16,0
2026-08-14T15:30:09.458007,13,19,18,14,16,0
2026-08-14T15:30:09.460341,14,19,18,15,15,0
2026-08-14T15:30:09.460341,13,18,17,14,16,0
2026-08-14T15:30:09.460341,14,18,17,14,15,0
2026-08-14T15:30:09.464115,12,17,18,13,16,0
2026-08-14T15:30:09.464115,13,18,17,14,16,0
2026-08-14T15:30:09.464115,12,19,18,14,16,0
2026-08-14T15:30:09.468377,13,18,18,14,15,0
2026-08-14T15:30:09.469353,14,18,18,13,15,0
2026-08-14T15:30:09.469353,14,20,18,14,17,0
2026-08-14T15:30:09.470230,13,19,18,13,15,0
2026-08-14T15:30:09.471397,13,19,18,14,15,0
2026-08-14T15:30:09.471397,14,18,18,14,15,0
2026-08-14T15:30:09.471397,12,18,18,14,16,0
2026-08-14T15:30:09.476578,14,18,17,14,15,0
2026-08-14T15:30:09.476578,13,18,17,13,16,0
2026-08-14T15:30:09.476578,14,19,17,14,16,0
2026-08-14T15:30:09.476578,14,18,17,13,15,0
2026-08-14T15:30:09.476578,14,18,18,14,16,0
2026-08-14T15:30:09.476578,13,18,17,14,15,0
2026-08-14T15:30:09.476578,13,18,18,14,16,0
2026-08-14T15:30:09.484900,14,19,18,13,16,0
2026-08-14T15:30:09.486683,13,18,18,14,16,0
2026-08-14T15:30:09.487882,12,17,17,14,15,0
2026-08-14T15:30:09.487882,11,18,18,14,15,0
2026-08-14T15:30:09.487882,12,18,17,14,16,0
2026-08-14T15:30:09.487882,14,18,18,13,15,0
2026-08-14T15:30:09.487882,12,18,18,13,16,0
2026-08-14T15:30:09.492951,13,18,17,14,16,0
2026-08-14T15:30:09.492951,14,19,18,14,15,0
2026-08-14T15:30:09.492951,13,18,17,14,16,0
2026-08-14T15:30:09.497057,14,18,17,15,15,0
2026-08-14T15:30:09.497057,13,18,18,15,15,0
2026-08-14T15:30:09.498820,13,20,18,14,15,0
2026-08-14T15:30:09.498820,14,18,18,13,16,0
2026-08-14T15:30:09.501176,13,19,18,14,15,0
2026-08-14T15:30:09.501176,11,19,17,14,15,0
2026-08-14T15:30:09.503640,12,18,18,14,16,0
2026-08-14T15:30:09.503640,12,18,17,14,16,0
2026-08-14T15:30:09.503640,13,18,18,14,17,0
2026-08-14T15:30:09.503640,12,18,19,13,15,0
2026-08-14T15:30:09.503640,14,18,19,14,15,0
2026-08-14T15:30:09.508686,14,18,18,13,16,0
2026-08-14T15:30:09.508686,14,19,18,13,15,0
2026-08-14T15:30:09.508686,13,19,18,14,16,0
2026-08-14T15:30:09.508686,11,18,18,15,15,0
2026-08-14T15:30:09.508686,13,19,18,13,15,0
2026-08-14T15:30:09.508686,13,19,18,14,16,0
2026-08-14T15:30:09.508686,13,19,18,14,16,0
2026-08-14T15:30:09.517498,13,18,17,14,16,0
2026-08-14T15:30:09.517498,13,17,18,14,16,0
2026-08-14T15:30:09.517498,14,18,18,14,16,0
2026-08-14T15:30:09.519887,14,18,18,13,16,0
2026-08-14T15:30:09.519887,13,18,18,13,16,0
2026-08-14T15:30:09.519887,14,18,18,14,15,0
2026-08-14T15:30:09.519887,14,20,18,13,16,0
2026-08-14T15:30:09.525700,14,18,18,14,15,0
2026-08-14T15:30:09.525700,13,19,18,14,15,0
2026-08-14T15:30:09.525700,13,19,18,14,16,0
2026-08-14T15:30:09.527465,13,19,18,14,15,0
2026-08-14T15:30:09.527465,12,18,18,14,16,0
2026-08-14T15:30:09.527465,13,18,17,14,16,0
2026-08-14T15:30:09.533141,13,18,18,14,16,0
2026-08-14T15:30:09.533141,14,18,17,14,16,0
2026-08-14T15:30:09.533141,13,18,18,15,15,0
2026-08-14T15:30:09.536082,14,19,18,14,16,0
2026-08-14T15:30:09.537988,14,18,17,14,16,0
2026-08-14T15:30:09.537988,13,18,18,14,16,0
2026-08-14T15:30:09.537988,13,20,19,14,15,0
2026-08-14T15:30:09.542269,13,19,19,15,16,0
2026-08-14T15:30:09.542269,13,19,18,14,15,0
2026-08-14T15:30:09.542269,11,18,17,15,15,0
2026-08-14T15:30:09.542269,13,19,18,14,15,0
2026-08-14T15:30:09.544875,11,18,18,14,16,0
2026-08-14T15:30:09.544875,12,18,18,14,17,0
2026-08-14T15:30:09.544875,13,18,17,13,16,0
2026-08-14T15:30:09.550502,14,18,18,15,15,0
2026-08-14T15:30:09.550502,13,20,19,15,16,0
2026-08-14T15:30:09.550502,13,17,19,14,16,0
2026-08-14T15:30:09.552513,13,18,18,15,16,0
2026-08-14T15:30:09.554095,13,20,19,14,15,0
2026-08-14T15:30:09.565980,12,19,18,14,15,0
2026-08-14T15:30:09.567733,12,19,18,14,15,0
2026-08-14T15:30:09.569350,14,19,17,15,16,0
2026-08-14T15:30:09.569947,13,18,19,14,16,0
2026-08-14T15:30:09.569947,12,19,18,14,16,0
2026-08-14T15:30:09.569947,12,19,18,13,16,0
2026-08-14T15:30:09.569947,14,18,17,15,16,0
2026-08-14T15:30:09.569947,14,18,18,15,16,0
2026-08-14T15:30:09.569947,13,19,19,15,16,0
2026-08-14T15:30:09.569947,15,20,18,15,16,0
2026-08-14T15:30:09.574464,14,19,18,14,15,0
2026-08-14T15:30:09.574464,13,19,18,15,15,0
2026-08-14T15:30:09.574464,14,19,18,14,16,0
2026-08-14T15:30:09.574464,13,19,18,15,17,0
2026-08-14T15:30:09.574464,13,19,18,13,17,0
2026-08-14T15:30:09.574464,13,19,17,14,16,0
2026-08-14T15:30:09.574464,14,18,18,15,16,0
2026-08-14T15:30:09.574464,13,19,18,14,16,0
2026-08-14T15:30:09.574464,13,19,18,15,17,0
2026-08-14T15:30:09.574464,14,20,19,14,16,0
2026-08-14T15:30:09.574464,14,18,18,14,16,0
2026-08-14T15:30:09.574464,13,19,18,13,16,0
2026-08-14T15:30:09.574464,14,19,18,15,16,0
2026-08-14T15:30:09.582552,14,20,19,15,16,0
2026-08-14T15:30:09.582552,13,19,18,14,16,0
2026-08-14T15:30:09.582552,12,19,18,14,15,0
2026-08-14T15:30:09.587165,13,19,18,15,16,0
2026-08-14T15:30:09.587165,13,19,19,14,16,0
2026-08-14T15:30:09.587165,13,20,19,15,16,0
2026-08-14T15:30:09.587165,13,18,19,14,16,0
2026-08-14T15:30:09.591087,14,19,17,14,16,0
2026-08-14T15:30:09.591087,13,18,18,15,15,0
2026-08-14T15:30:09.591087,14,20,19,14,16,0
2026-08-14T15:30:09.591087,15,18,18,15,16,0
2026-08-14T15:30:09.591087,13,19,18,15,16,0
2026-08-14T15:30:09.591087,14,19,20,14,15,0
2026-08-14T15:30:09.599122,14,19,18,14,15,0
2026-08-14T15:30:09.599122,13,19,18,14,16,0
2026-08-14T15:30:09.599122,14,19,19,15,15,0
2026-08-14T15:30:09.601271,14,19,19,15,16,0
2026-08-14T15:30:09.603146,11,19,20,14,16,0
2026-08-14T15:30:09.603734,14,19,19,14,17,0
2026-08-14T15:30:09.603734,13,18,19,14,16,0
2026-08-14T15:30:09.607624,14,19,19,15,16,0
2026-08-14T15:30:09.607624,13,20,19,14,16,0
2026-08-14T15:30:09.607624,14,20,18,14,17,0
2026-08-14T15:30:09.607624,15,20,18,15,17,0
2026-08-14T15:30:09.611483,13,19,19,14,16,0
2026-08-14T15:30:09.611483,14,19,19,15,16,0
2026-08-14T15:30:09.611483,12,20,20,14,16,0
2026-08-14T15:30:09.615835,14,19,18,14,15,0
2026-08-14T15:30:09.615835,13,19,19,15,16,0
2026-08-14T15:30:09.615835,14,18,19,14,16,0
2026-08-14T15:30:09.615835,14,19,19,15,17,0
2026-08-14T15:30:09.619736,14,19,18,14,16,0
2026-08-14T15:30:09.620372,14,20,19,14,16,0
2026-08-14T15:30:09.620372,14,20,19,15,16,0
2026-08-14T15:30:09.624000,15,19,19,15,16,0
2026-08-14T15:30:09.624000,14,20,20,15,17,0
2026-08-14T15:30:09.624000,13,20,20,15,16,0
2026-08-14T15:30:09.625765,14,20,20,15,16,0
2026-08-14T15:30:09.628103,13,19,19,15,15,0
2026-08-14T15:30:09.628103,13,19,18,15,16,0
2026-08-14T15:30:09.628103,13,19,19,15,16,0
2026-08-14T15:30:09.631424,14,18,19,15,17,0
2026-08-14T15:30:09.632431,13,19,19,14,16,0
2026-08-14T15:30:09.632431,14,19,20,14,16,0
2026-08-14T15:30:09.634443,15,20,18,14,16,0
2026-08-14T15:30:09.637413,14,20,19,15,16,0
2026-08-14T15:30:09.637413,13,18,19,16,17,0
2026-08-14T15:30:09.637413,13,20,18,15,16,0
2026-08-14T15:30:09.637413,13,20,20,15,16,0
2026-08-14T15:30:09.640670,13,20,20,15,16,0
2026-08-14T15:30:09.640670,14,20,19,15,16,0
2026-08-14T15:30:09.640670,14,20,19,15,17,0
2026-08-14T15:30:09.640670,13,19,20,14,16,0
2026-08-14T15:30:09.640670,14,20,19,15,16,0
2026-08-14T15:30:09.640670,14,19,18,16,17,0
2026-08-14T15:30:09.640670,14,19,19,15,16,0
2026-08-14T15:30:09.648717,14,20,19,15,16,0
2026-08-14T15:30:09.648717,13,20,20,15,16,0
2026-08-14T15:30:09.648717,15,20,19,15,16,0
2026-08-14T15:30:09.653226,13,20,18,15,17,0
2026-08-14T15:30:09.653983,15,19,19,15,17,0
2026-08-14T15:30:09.653983,14,19,20,15,16,0
2026-08-14T15:30:09.656775,14,20,20,16,16,0
2026-08-14T15:30:09.656775,14,19,19,16,16,0
2026-08-14T15:30:09.656775,14,20,19,15,17,0
2026-08-14T15:30:09.660876,13,19,19,15,16,0
2026-08-14T15:30:09.660876,14,20,20,15,16,0
2026-08-14T15:30:09.660876,15,18,18,16,16,0
2026-08-14T15:30:09.664242,14,19,19,15,17,0
2026-08-14T15:30:09.665252,13,20,20,15,17,0
2026-08-14T15:30:09.665252,14,21,20,15,15,0
2026-08-14T15:30:09.667267,14,20,19,15,16,0
2026-08-14T15:30:09.667267,14,19,19,15,16,0
2026-08-14T15:30:09.669810,15,20,19,16,16,0
2026-08-14T15:30:09.671126,13,20,19,15,16,0
2026-08-14T15:30:09.671688,14,19,18,16,17,0
2026-08-14T15:30:09.673683,14,20,19,15,16,0
2026-08-14T15:30:09.673683,14,19,19,15,16,0
2026-08-14T15:30:09.673683,15,19,20,15,16,0
2026-08-14T15:30:09.675695,15,20,20,15,17,0
2026-08-14T15:30:09.675695,15,20,19,15,16,0
2026-08-14T15:30:09.675695,13,20,20,15,16,0
2026-08-14T15:30:09.679007,13,20,20,15,17,0
2026-08-14T15:30:09.681943,13,20,20,15,16,0
2026-08-14T15:30:09.681943,15,21,21,16,16,0
2026-08-14T15:30:09.681943,14,20,20,16,17,0
2026-08-14T15:30:09.685087,14,20,19,16,16,0
2026-08-14T15:30:09.686131,13,21,19,16,16,0
2026-08-14T15:30:09.687851,13,20,19,15,16,0
2026-08-14T15:30:09.689550,15,20,19,15,16,0
2026-08-14T15:30:09.689550,14,19,19,16,16,0
2026-08-14T15:30:09.689550,15,20,20,14,17,0
2026-08-14T15:30:09.691316,14,21,20,15,17,0
2026-08-14T15:30:09.691316,14,20,20,15,16,0
2026-08-14T15:30:09.691316,14,20,20,15,17,0
2026-08-14T15:30:09.691316,14,20,20,15,16,0
2026-08-14T15:30:09.697777,14,20,20,15,16,0
2026-08-14T15:30:09.697777,14,20,20,15,17,0
2026-08-14T15:30:09.697777,13,19,19,15,18,0
2026-08-14T15:30:09.697777,13,19,20,15,16,0
2026-08-14T15:30:09.703206,14,19,19,16,17,0
2026-08-14T15:30:09.703881,15,20,21,15,18,0
2026-08-14T15:30:09.703881,15,20,20,15,16,0
2026-08-14T15:30:09.705905,14,20,19,16,17,0
2026-08-14T15:30:09.705905,14,20,20,16,15,0
2026-08-14T15:30:09.705905,13,21,20,15,17,0
2026-08-14T15:30:09.710013,14,20,20,15,16,0
2026-08-14T15:30:09.710013,14,19,20,16,17,0
2026-08-14T15:30:09.710013,14,19,19,16,17,0
2026-08-14T15:30:09.711765,14,20,20,15,17,0
2026-08-14T15:30:09.713724,14,20,19,16,16,0
2026-08-14T15:30:09.713724,14,19,19,16,16,0
2026-08-14T15:30:09.713724,14,19,19,15,17,0
2026-08-14T15:30:09.715934,14,20,20,15,16,0
2026-08-14T15:30:09.719369,14,20,20,15,16,0
2026-08-14T15:30:09.720525,15,20,20,15,16,0
2026-08-14T15:30:09.720525,14,20,20,15,16,0
2026-08-14T15:30:09.722210,13,19,20,16,16,0
2026-08-14T15:30:09.722210,15,21,21,15,17,0
2026-08-14T15:30:09.724222,14,20,19,16,16,0
2026-08-14T15:30:09.725603,14,19,20,16,16,0
2026-08-14T15:30:09.726830,14,19,19,16,16,0
2026-08-14T15:30:09.726830,14,21,19,16,16,0
2026-08-14T15:30:09.730419,14,20,19,15,16,0
2026-08-14T15:30:09.730419,15,20,19,15,17,0
2026-08-14T15:30:09.731468,14,21,20,15,16,0
2026-08-14T15:30:09.731468,15,21,20,15,16,0
2026-08-14T15:30:09.734642,13,20,20,15,16,0
2026-08-14T15:30:09.734642,14,20,20,16,16,0
2026-08-14T15:30:09.736758,14,20,21,16,17,0
2026-08-14T15:30:09.738607,13,20,20,16,17,0
2026-08-14T15:30:09.738607,13,20,20,15,16,0
2026-08-14T15:30:09.738607,14,21,21,15,17,0
2026-08-14T15:30:09.740622,15,20,20,15,16,0
2026-08-14T15:30:09.742652,14,20,20,16,17,0
2026-08-14T15:30:09.742652,15,20,20,16,17,0
2026-08-14T15:30:09.742652,14,20,20,15,16,0
2026-08-14T15:30:09.746820,14,20,20,15,16,0
2026-08-14T15:30:09.746820,14,21,20,16,17,0
2026-08-14T15:30:09.746820,13,20,20,15,16,0
2026-08-14T15:30:09.746820,13,20,20,15,16,0
2026-08-14T15:30:09.746820,15,21,20,15,16,0
2026-08-14T15:30:09.746820,14,20,19,16,17,0
2026-08-14T15:30:09.746820,14,21,20,16,17,0
2026-08-14T15:30:09.754499,15,21,20,15,16,0
2026-08-14T15:30:09.754499,14,21,19,16,17,0
2026-08-14T15:30:09.754499,14,22,20,15,16,0
2026-08-14T15:30:09.756844,14,19,19,16,16,0
2026-08-14T15:30:09.756844,15,21,21,15,16,0
2026-08-14T15:30:09.756844,14,21,21,15,16,0
2026-08-14T15:30:09.756844,15,20,19,15,16,0
2026-08-14T15:30:09.763275,13,21,20,16,16,0
2026-08-14T15:30:09.763275,14,20,20,16,15,0
2026-08-14T15:30:09.763275,14,21,21,15,17,0
2026-08-14T15:30:09.763275,14,19,20,16,17,0
2026-08-14T15:30:09.763275,15,19,20,16,17,0
2026-08-14T15:30:09.769572,12,21,19,15,17,0
2026-08-14T15:30:09.770503,14,21,21,16,17,0
2026-08-14T15:30:09.770503,14,20,20,15,17,0
2026-08-14T15:30:09.770503,16,20,19,16,17,0
2026-08-14T15:30:09.770503,15,20,19,15,17,0
2026-08-14T15:30:09.770503,13,20,20,15,16,0
2026-08-14T15:30:09.770503,15,21,20,15,17,0
2026-08-14T15:30:09.770503,14,20,20,16,17,0
2026-08-14T15:30:09.770503,14,21,21,16,17,0
2026-08-14T15:30:09.778342,14,21,20,15,16,0
2026-08-14T15:30:09.778342,14,20,20,16,16,0
2026-08-14T15:30:09.781410,14,20,20,16,17,0
2026-08-14T15:30:09.783749,14,19,19,16,17,0
2026-08-14T15:30:09.783749,14,19,19,16,17,0
2026-08-14T15:30:09.783749,15,19,20,15,17,0
2026-08-14T15:30:09.786150,14,20,20,16,18,0
2026-08-14T15:30:09.787645,16,20,20,16,17,0
2026-08-14T15:30:09.787645,14,21,21,15,16,0
2026-08-14T15:30:09.787645,14,20,20,15,16,0
2026-08-14T15:30:09.789658,15,21,20,15,16,0
2026-08-14T15:30:09.789658,14,20,20,16,16,0
2026-08-14T15:30:09.789658,13,20,19,15,17,0
2026-08-14T15:30:09.789658,14,21,19,16,17,0
2026-08-14T15:30:09.794162,15,21,20,16,17,0
2026-08-14T15:30:09.794162,14,20,20,16,17,0
2026-08-14T15:30:09.794162,16,20,19,15,17,0
2026-08-14T15:30:09.797811,14,21,20,16,17,0
2026-08-14T15:30:09.797811,15,20,20,16,16,0
2026-08-14T15:30:09.797811,14,22,20,16,17,0
2026-08-14T15:30:09.804215,14,20,20,15,16,0
2026-08-14T15:30:09.804215,14,20,20,15,16,0
2026-08-14T15:30:09.804215,14,21,20,14,17,0
2026-08-14T15:30:09.804215,13,20,20,16,17,0
2026-08-14T15:30:09.807698,14,20,20,16,18,0
2026-08-14T15:30:09.807698,14,21,19,16,17,0
2026-08-14T15:30:09.807698,14,21,20,16,18,0
2026-08-14T15:30:09.810665,14,21,22,15,17,0
2026-08-14T15:30:09.810665,15,20,20,15,17,0
2026-08-14T15:30:09.810665,14,20,20,16,17,0
2026-08-14T15:30:09.810665,14,20,20,16,16,0
2026-08-14T15:30:09.810665,14,20,21,15,18,0
2026-08-14T15:30:09.810665,14,21,20,15,17,0
2026-08-14T15:30:09.810665,13,20,20,15,17,0
2026-08-14T15:30:09.820648,14,21,20,16,17,0
2026-08-14T15:30:09.820968,15,21,20,16,17,0
2026-08-14T15:30:09.822188,15,21,20,16,17,0
2026-08-14T15:30:09.822188,14,20,21,16,17,0
2026-08-14T15:30:09.824540,14,20,19,16,17,0
2026-08-14T15:30:09.825047,14,21,19,16,18,0
2026-08-14T15:30:09.825047,14,20,21,15,16,0
2026-08-14T15:30:09.827056,15,21,20,16,17,0
2026-08-14T15:30:09.829066,15,20,19,16,17,0
2026-08-14T15:30:09.829066,13,20,20,16,17,0
2026-08-14T15:30:09.832674,13,21,20,16,17,0
2026-08-14T15:30:09.833187,13,20,20,15,17,0
2026-08-14T15:30:09.833187,15,20,20,15,17,0
2026-08-14T15:30:09.835696,15,21,20,16,16,0
2026-08-14T15:30:09.836862,14,19,20,16,18,0
2026-08-14T15:30:09.837716,15,21,20,15,17,0
2026-08-14T15:30:09.837716,14,20,19,15,17,0
2026-08-14T15:30:09.839906,14,20,19,16,17,0
2026-08-14T15:30:09.841916,15,20,20,15,17,0
2026-08-14T15:30:09.841916,14,20,20,15,16,0
2026-08-14T15:30:09.841916,14,20,20,16,17,0
2026-08-14T15:30:09.844387,15,21,21,15,17,0
2026-08-14T15:30:09.844387,14,21,20,16,17,0
2026-08-14T15:30:09.844387,14,21,20,15,16,0
2026-08-14T15:30:09.849291,15,20,20,16,16,0
2026-08-14T15:30:09.849291,14,21,21,16,16,0
2026-08-14T15:30:09.849291,15,20,20,15,16,0
2026-08-14T15:30:09.849291,14,21,19,16,17,0
2026-08-14T15:30:09.853140,13,19,20,15,17,0
2026-08-14T15:30:09.853868,14,20,20,15,16,0
2026-08-14T15:30:09.853868,14,20,20,15,16,0
2026-08-14T15:30:09.857476,15,20,21,16,17,0
2026-08-14T15:30:09.857476,14,20,20,15,16,0
2026-08-14T15:30:09.857476,13,22,21,15,16,0
2026-08-14T15:30:09.859240,14,21,20,15,17,0
2026-08-14T15:30:09.861575,14,20,20,16,17,0
2026-08-14T15:30:09.861575,13,19,20,16,16,0
2026-08-14T15:30:09.861575,13,20,20,16,18,0
2026-08-14T15:30:09.865665,14,20,20,15,17,0
2026-08-14T15:30:09.865665,14,19,19,15,16,0
2026-08-14T15:30:09.865665,14,21,19,16,16,0
2026-08-14T15:30:09.869859,14,20,20,15,17,0
2026-08-14T15:30:09.870821,14,20,20,15,16,0
2026-08-14T15:30:09.870821,15,20,19,17,17,0
2026-08-14T15:30:09.870821,15,20,20,15,16,0
2026-08-14T15:30:09.870821,13,20,20,15,17,0
2026-08-14T15:30:09.870821,14,21,20,16,16,0
2026-08-14T15:30:09.870821,14,20,21,15,17,0
2026-08-14T15:30:09.876655,14,20,20,17,18,0
2026-08-14T15:30:09.876655,13,19,20,16,16,0
2026-08-14T15:30:09.876655,14,20,20,15,17,0
2026-08-14T15:30:09.880493,14,20,20,16,17,0
2026-08-14T15:30:09.880493,14,19,19,16,17,0
2026-08-14T15:30:09.880493,15,19,20,15,17,0
2026-08-14T15:30:09.880493,15,20,20,15,17,0
2026-08-14T15:30:09.884671,15,21,19,15,17,0
2026-08-14T15:30:09.886507,14,20,18,16,17,0
2026-08-14T15:30:09.887358,13,19,21,16,16,0
2026-08-14T15:30:09.888665,13,19,20,16,17,0
2026-08-14T15:30:09.888665,14,21,20,16,17,0
2026-08-14T15:30:09.888665,15,20,19,16,16,0
2026-08-14T15:30:09.888665,14,19,20,16,17,0
2026-08-14T15:30:09.894045,13,21,20,15,16,0
2026-08-14T15:30:09.894045,15,20,20,15,16,0
2026-08-14T15:30:09.894045,14,20,20,16,17,0
2026-08-14T15:30:09.894045,15,20,20,15,17,0
2026-08-14T15:30:09.894045,14,21,21,15,17,0
2026-08-14T15:30:09.894045,13,22,20,15,16,0
2026-08-14T15:30:09.901127,13,20,20,16,16,0
2026-08-14T15:30:09.902634,14,20,20,16,17,0
2026-08-14T15:30:09.903452,15,21,20,15,18,0
2026-08-14T15:30:09.904149,13,20,21,16,17,0
2026-08-14T15:30:09.904149,14,21,20,16,17,0
2026-08-14T15:30:09.904149,14,20,20,16,16,0
2026-08-14T15:30:09.904149,15,21,19,15,16,0
2026-08-14T15:30:09.904149,14,20,20,15,17,0
2026-08-14T15:30:09.909493,14,20,20,15,17,0
2026-08-14T15:30:09.909493,14,20,20,16,16,0
2026-08-14T15:30:09.909493,14,21,20,15,16,0
2026-08-14T15:30:09.909493,14,21,20,16,17,0
2026-08-14T15:30:09.909493,13,20,20,15,17,0
2026-08-14T15:30:09.909493,12,21,21,16,16,0
2026-08-14T15:30:09.909493,14,20,20,16,17,0
2026-08-14T15:30:09.917566,13,19,20,16,18,0
2026-08-14T15:30:09.919928,14,20,20,15,16,0
2026-08-14T15:30:09.921842,14,20,20,15,16,0
2026-08-14T15:30:09.921842,15,20,19,15,16,0
2026-08-14T15:30:09.923433,15,21,19,15,16,0
2026-08-14T15:30:09.923433,13,20,20,15,16,0
2026-08-14T15:30:09.924513,14,21,20,15,16,0
2026-08-14T15:30:09.926706,14,20,21,15,16,0
2026-08-14T15:30:09.927802,14,21,20,15,17,0
2026-08-14T15:30:09.927802,13,20,20,15,16,0
2026-08-14T15:30:09.931190,12,21,20,16,17,0
2026-08-14T15:30:09.931190,13,20,20,15,17,0
2026-08-14T15:30:09.931190,14,20,20,16,17,0
2026-08-14T15:30:09.933721,14,19,20,16,17,0
2026-08-14T15:30:09.936030,14,19,20,15,16,0
2026-08-14T15:30:09.936855,16,20,20,15,17,0
2026-08-14T15:30:09.936855,15,20,20,16,17,0
2026-08-14T15:30:09.936855,15,20,20,16,17,0
2026-08-14T15:30:09.936855,14,20,20,16,16,0
2026-08-14T15:30:09.936855,14,20,20,15,17,0
2026-08-14T15:30:09.942041,14,20,20,15,16,0
2026-08-14T15:30:09.942041,14,21,20,16,16,0
2026-08-14T15:30:09.942041,13,19,19,16,18,0
2026-08-14T15:30:09.942041,14,20,20,15,17,0
2026-08-14T15:30:09.942041,14,21,20,16,17,0
2026-08-14T15:30:09.942041,14,19,20,15,16,0
2026-08-14T15:30:09.942041,14,19,19,16,17,0
2026-08-14T15:30:09.950310,15,20,21,16,17,0
2026-08-14T15:30:09.952690,14,20,20,15,16,0
2026-08-14T15:30:09.953213,15,19,19,15,17,0
2026-08-14T15:30:09.953213,12,20,20,15,16,0
2026-08-14T15:30:09.953213,15,21,20,16,16,0
2026-08-14T15:30:09.953213,15,21,20,15,16,0
2026-08-14T15:30:09.953213,15,20,20,16,17,0
2026-08-14T15:30:09.959876,14,19,19,15,17,0
2026-08-14T15:30:09.960767,14,19,20,16,17,0
2026-08-14T15:30:09.960767,14,21,20,16,17,0
2026-08-14T15:30:09.963975,14,20,19,15,17,0
2026-08-14T15:30:09.963975,15,19,20,16,16,0
2026-08-14T15:30:09.963975,14,20,20,15,16,0
2026-08-14T15:30:09.963975,15,20,20,15,16,0
2026-08-14T15:30:09.963975,14,20,20,15,16,0
2026-08-14T15:30:09.968320,14,20,20,16,17,0
2026-08-14T15:30:09.969931,14,20,21,16,16,0
2026-08-14T15:30:09.972174,13,20,20,16,16,0
2026-08-14T15:30:09.972174,14,21,20,14,17,0
2026-08-14T15:30:09.972174,15,20,19,15,17,0
2026-08-14T15:30:09.972174,14,19,20,15,16,0
2026-08-14T15:30:09.972174,13,19,19,16,16,0
2026-08-14T15:30:09.976437,14,20,20,15,16,0
2026-08-14T15:30:09.976437,14,20,19,15,17,0
2026-08-14T15:30:09.979076,14,21,20,15,16,0
2026-08-14T15:30:09.979076,15,20,20,16,17,0
2026-08-14T15:30:09.979076,13,21,20,15,16,0
2026-08-14T15:30:09.979076,15,20,20,16,17,0
2026-08-14T15:30:09.979076,14,20,20,16,16,0
2026-08-14T15:30:09.984640,13,20,19,16,17,0
2026-08-14T15:30:09.986615,14,21,19,16,17,0
2026-08-14T15:30:09.986615,13,20,20,15,17,0
2026-08-14T15:30:09.988856,14,21,21,15,17,0
2026-08-14T15:30:09.988856,14,19,20,16,17,0
2026-08-14T15:30:09.990870,15,19,19,15,17,0
2026-08-14T15:30:09.990870,15,21,20,16,17,0
2026-08-14T15:30:09.992879,14,21,20,14,17,0
2026-08-14T15:30:09.992879,15,20,19,15,17,0
2026-08-14T15:30:09.992879,13,20,19,15,17,0
2026-08-14T15:30:09.992879,15,20,20,15,16,0
2026-08-14T15:30:09.992879,14,21,20,15,16,0
2026-08-14T15:30:10.000831,14,20,20,15,16,0
2026-08-14T15:30:10.000831,14,19,20,16,17,0
2026-08-14T15:30:10.002965,13,20,20,16,16,0
2026-08-14T15:30:10.003768,13,20,20,15,16,0
2026-08-14T15:30:10.003768,14,20,19,16,17,0
2026-08-14T15:30:10.003768,15,20,19,15,17,0
2026-08-14T15:30:10.003768,14,20,19,16,16,0
2026-08-14T15:30:10.009115,13,20,20,15,17,0
2026-08-14T15:30:10.009115,14,20,20,16,17,0
2026-08-14T15:30:10.009115,14,20,20,15,16,0
2026-08-14T15:30:10.009115,14,20,20,15,17,0
2026-08-14T15:30:10.009115,13,19,20,15,16,0
2026-08-14T15:30:10.009115,13,19,20,15,17,0
2026-08-14T15:30:10.009115,14,20,20,16,17,0
2026-08-14T15:30:10.014939,14,20,19,15,16,0
2026-08-14T15:30:10.017400,14,21,19,15,17,0
2026-08-14T15:30:10.017400,15,19,19,15,17,0
2026-08-14T15:30:10.019452,15,19,19,16,17,0
2026-08-14T15:30:10.020202,16,20,20,15,16,0
2026-08-14T15:30:10.020202,14,20,19,15,16,0
2026-08-14T15:30:10.020202,14,20,20,16,16,0
2026-08-14T15:30:10.025469,14,21,20,15,16,0
2026-08-14T15:30:10.025469,14,20,20,15,17,0
2026-08-14T15:30:10.025469,13,19,20,15,16,0
2026-08-14T15:30:10.028619,14,20,20,15,16,0
2026-08-14T15:30:10.028619,14,21,20,16,17,0
2026-08-14T15:30:10.028619,14,20,20,16,17,0
2026-08-14T15:30:10.028619,14,19,19,15,17,0
2026-08-14T15:30:10.033644,13,21,19,15,17,0
2026-08-14T15:30:10.033644,14,19,20,15,17,0
2026-08-14T15:30:10.035660,14,21,20,16,17,0
2026-08-14T15:30:10.037453,15,20,20,15,17,0
2026-08-14T15:30:10.037961,15,21,19,15,17,0
2026-08-14T15:30:10.037961,13,21,18,15,16,0
2026-08-14T15:30:10.037961,15,20,20,14,16,0
2026-08-14T15:30:10.041773,15,20,20,16,16,0
2026-08-14T15:30:10.041773,14,21,20,16,17,0
2026-08-14T15:30:10.041773,13,20,20,16,16,0
2026-08-14T15:30:10.043545,13,20,21,15,17,0
2026-08-14T15:30:10.043545,14,19,19,15,17,0
2026-08-14T15:30:10.043545,15,20,19,15,16,0
2026-08-14T15:30:10.047663,14,20,19,15,16,0
2026-08-14T15:30:10.049993,14,20,20,15,16,0
2026-08-14T15:30:10.049993,12,21,20,15,16,0
2026-08-14T15:30:10.049993,15,20,20,15,16,0
2026-08-14T15:30:10.053962,14,21,20,16,17,0
2026-08-14T15:30:10.053962,13,20,20,16,15,0
2026-08-14T15:30:10.053962,13,21,20,15,16,0
2026-08-14T15:30:10.053962,15,20,19,16,17,0
2026-08-14T15:30:10.058163,14,20,19,15,16,0
2026-08-14T15:30:10.058163,14,20,20,16,16,0
2026-08-14T15:30:10.058163,14,20,21,15,16,0
2026-08-14T15:30:10.058163,14,19,19,16,17,0
2026-08-14T15:30:10.058163,14,19,19,16,17,0
2026-08-14T15:30:10.058163,15,20,20,15,17,0
2026-08-14T15:30:10.065840,14,20,20,15,17,0
2026-08-14T15:30:10.066583,15,21,19,15,16,0
2026-08-14T15:30:10.066583,14,20,20,15,17,0
2026-08-14T15:30:10.068596,13,20,20,15,16,0
2026-08-14T15:30:10.069818,13,19,20,15,16,0
2026-08-14T15:30:10.069818,15,20,19,15,16,0
2026-08-14T15:30:10.069818,14,19,19,16,16,0
2026-08-14T15:30:10.074567,14,19,19,16,17,0
2026-08-14T15:30:10.074567,14,20,19,15,16,0
2026-08-14T15:30:10.074567,14,20,20,16,17,0
2026-08-14T15:30:10.076329,15,20,19,15,17,0
2026-08-14T15:30:10.078677,15,20,20,15,16,0
2026-08-14T15:30:10.078677,13,20,20,15,17,0
2026-08-14T15:30:10.078677,14,20,20,15,17,0
2026-08-14T15:30:10.081674,14,20,19,15,17,0
2026-08-14T15:30:10.081674,14,19,19,15,16,0
2026-08-14T15:30:10.081674,14,19,20,15,16,0
2026-08-14T15:30:10.081674,14,21,19,16,17,0
2026-08-14T15:30:10.086897,14,20,19,15,16,0
2026-08-14T15:30:10.086897,14,20,20,15,16,0
2026-08-14T15:30:10.086897,15,19,19,15,16,0
2026-08-14T15:30:10.089698,14,20,20,16,17,0
2026-08-14T15:30:10.089698,15,20,19,15,17,0
2026-08-14T15:30:10.089698,14,21,20,15,16,0
2026-08-14T15:30:10.089698,14,20,20,15,16,0
2026-08-14T15:30:10.089698,14,21,20,15,17,0
2026-08-14T15:30:10.089698,13,19,20,15,17,0
2026-08-14T15:30:10.089698,13,20,20,16,17,0
2026-08-14T15:30:10.097716,14,19,20,15,17,0
2026-08-14T15:30:10.097716,13,19,19,16,18,0
2026-08-14T15:30:10.097716,14,20,19,16,17,0
2026-08-14T15:30:10.103040,14,20,19,15,16,0
2026-08-14T15:30:10.103711,14,20,20,15,17,0
2026-08-14T15:30:10.103711,14,19,19,15,18,0
2026-08-14T15:30:10.103711,15,20,18,15,17,0
2026-08-14T15:30:10.107325,13,20,20,16,17,0
2026-08-14T15:30:10.107325,14,20,20,15,16,0
2026-08-14T15:30:10.107325,14,20,20,15,16,0
2026-08-14T15:30:10.111424,13,19,20,16,16,0
2026-08-14T15:30:10.111424,13,19,19,15,17,0
2026-08-14T15:30:10.111424,13,19,20,15,16,0
2026-08-14T15:30:10.111424,15,20,19,15,16,0
2026-08-14T15:30:10.115448,14,20,19,15,16,0
2026-08-14T15:30:10.115448,14,20,20,14,16,0
2026-08-14T15:30:10.115448,14,20,20,15,16,0
2026-08-14T15:30:10.119394,15,20,19,15,17,0
2026-08-14T15:30:10.120069,14,20,20,15,16,0
2026-08-14T15:30:10.120069,15,19,20,15,16,0
2026-08-14T15:30:10.122194,14,21,20,16,17,0
2026-08-14T15:30:10.123462,14,21,20,15,16,0
2026-08-14T15:30:10.123462,14,20,20,15,16,0
2026-08-14T15:30:10.123462,15,19,20,16,17,0
2026-08-14T15:30:10.123462,14,20,20,16,16,0
2026-08-14T15:30:10.123462,14,20,19,15,17,0
2026-08-14T15:30:10.123462,14,19,19,15,17,0
2026-08-14T15:30:10.130705,14,20,20,15,16,0
2026-08-14T15:30:10.130705,13,20,20,15,17,0
2026-08-14T15:30:10.130705,14,21,20,15,16,0
2026-08-14T15:30:10.130705,13,20,20,16,16,0
2026-08-14T15:30:10.135967,14,20,20,15,16,0
2026-08-14T15:30:10.136892,14,20,21,15,16,0
2026-08-14T15:30:10.136892,13,21,20,15,17,0
2026-08-14T15:30:10.139719,14,20,19,15,17,0
2026-08-14T15:30:10.139719,14,19,19,15,17,0
2026-08-14T15:30:10.141735,14,20,20,15,16,0
2026-08-14T15:30:10.141735,13,19,19,15,17,0
2026-08-14T15:30:10.141735,14,20,18,15,16,0
2026-08-14T15:30:10.141735,14,20,20,15,16,0
2026-08-14T15:30:10.141735,15,20,19,14,16,0
2026-08-14T15:30:10.148303,15,20,19,16,17,0
2026-08-14T15:30:10.148303,13,20,20,15,17,0
2026-08-14T15:30:10.148303,14,20,21,14,16,0
2026-08-14T15:30:10.148303,14,20,19,15,16,0
2026-08-14T15:30:10.148303,14,21,19,16,17,0
2026-08-14T15:30:10.153076,13,19,20,15,16,0
2026-08-14T15:30:10.153891,14,21,20,16,17,0
2026-08-14T15:30:10.156475,14,19,19,15,16,0
2026-08-14T15:30:10.156475,14,19,20,14,18,0
2026-08-14T15:30:10.156475,12,20,20,16,17,0
2026-08-14T15:30:10.158242,14,20,19,15,17,0
2026-08-14T15:30:10.160565,13,20,19,15,16,0
2026-08-14T15:30:10.160565,15,20,20,14,18,0
2026-08-14T15:30:10.160565,14,21,20,15,15,0
2026-08-14T15:30:10.164600,12,19,20,15,16,0
2026-08-14T15:30:10.164600,13,20,19,16,17,0
2026-08-14T15:30:10.164600,14,20,19,16,17,0
2026-08-14T15:30:10.164600,14,20,19,15,17,0
2026-08-14T15:30:10.170308,13,19,20,15,16,0
2026-08-14T15:30:10.171134,14,19,20,15,18,0
2026-08-14T15:30:10.171758,14,20,19,16,17,0
2026-08-14T15:30:10.172804,15,19,19,16,17,0
2026-08-14T15:30:10.172804,13,19,20,15,17,0
2026-08-14T15:30:10.172804,13,20,20,15,16,0
2026-08-14T15:30:10.172804,14,20,20,15,17,0
2026-08-14T15:30:10.172804,13,21,20,14,17,0
2026-08-14T15:30:10.172804,13,21,20,16,16,0
2026-08-14T15:30:10.172804,14,20,19,16,17,0
2026-08-14T15:30:10.172804,14,20,19,15,17,0
2026-08-14T15:30:10.181262,14,20,19,15,16,0
2026-08-14T15:30:10.181262,14,19,20,15,17,0
2026-08-14T15:30:10.184451,14,20,19,15,17,0
2026-08-14T15:30:10.184451,13,20,20,15,16,0
2026-08-14T15:30:10.187432,15,20,19,15,17,0
2026-08-14T15:30:10.187432,13,20,19,15,16,0
2026-08-14T15:30:10.187432,13,20,19,15,17,0
2026-08-14T15:30:10.189544,14,20,20,15,16,0
2026-08-14T15:30:10.189544,14,20,20,15,17,0
2026-08-14T15:30:10.193354,13,20,20,16,16,0
2026-08-14T15:30:10.193354,15,19,19,15,17,0
2026-08-14T15:30:10.195117,13,20,19,15,17,0
2026-08-14T15:30:10.195117,14,20,19,15,17,0
2026-08-14T15:30:10.197644,13,19,19,16,17,0
2026-08-14T15:30:10.197644,14,20,20,15,16,0
2026-08-14T15:30:10.197644,14,20,19,15,17,0
2026-08-14T15:30:10.201551,15,20,18,15,16,0
2026-08-14T15:30:10.202699,15,21,20,15,16,0
2026-08-14T15:30:10.203819,14,20,20,14,17,0
2026-08-14T15:30:10.204475,13,20,19,15,16,0
2026-08-14T15:30:10.206154,14,21,20,15,16,0
2026-08-14T15:30:10.206154,14,19,20,15,16,0
2026-08-14T15:30:10.208165,14,20,19,16,16,0
2026-08-14T15:30:10.208165,14,20,19,15,17,0
2026-08-14T15:30:10.208165,13,19,20,16,17,0
2026-08-14T15:30:10.211487,14,20,20,15,16,0
2026-08-14T15:30:10.211487,14,20,19,15,16,0
2026-08-14T15:30:10.214347,14,20,19,16,16,0
2026-08-14T15:30:10.214347,14,19,18,15,16,0
2026-08-14T15:30:10.214347,14,20,20,15,16,0
2026-08-14T15:30:10.214347,14,20,20,15,16,0
2026-08-14T15:30:10.214347,13,20,19,15,17,0
2026-08-14T15:30:10.219330,13,19,20,15,16,0
2026-08-14T15:30:10.221580,13,20,20,15,16,0
2026-08-14T15:30:10.222788,14,21,20,15,17,0
2026-08-14T15:30:10.222788,14,19,20,16,17,0
2026-08-14T15:30:10.224799,14,20,18,15,17,0
2026-08-14T15:30:10.224799,14,19,19,15,16,0
2026-08-14T15:30:10.227005,14,20,19,14,16,0
2026-08-14T15:30:10.227005,14,19,19,15,16,0
2026-08-14T15:30:10.229363,14,19,19,16,17,0
2026-08-14T15:30:10.230986,15,20,20,15,16,0
2026-08-14T15:30:10.232027,13,20,20,14,16,0
2026-08-14T15:30:10.234090,14,20,19,15,16,0
2026-08-14T15:30:10.235123,14,19,20,16,17,0
2026-08-14T15:30:10.236820,13,19,20,16,16,0
2026-08-14T15:30:10.237609,14,20,19,15,17,0
2026-08-14T15:30:10.239451,14,19,18,15,16,0
2026-08-14T15:30:10.239451,14,21,19,15,16,0
2026-08-14T15:30:10.242132,14,19,19,16,17,0
2026-08-14T15:30:10.242132,14,19,19,15,16,0
2026-08-14T15:30:10.243374,13,19,19,15,17,0
2026-08-14T15:30:10.243374,15,20,19,15,17,0
2026-08-14T15:30:10.243374,13,19,19,15,16,0
2026-08-14T15:30:10.245388,14,21,20,15,16,0
2026-08-14T15:30:10.245388,14,21,20,15,16,0
2026-08-14T15:30:10.247484,13,20,18,14,16,0
2026-08-14T15:30:10.249529,14,20,19,15,16,0
2026-08-14T15:30:10.249529,14,19,19,15,16,0
2026-08-14T15:30:10.249529,14,19,20,15,16,0
2026-08-14T15:30:10.249529,13,20,19,15,16,0
2026-08-14T15:30:10.253340,15,19,19,16,16,0
2026-08-14T15:30:10.253340,14,19,19,15,16,0
2026-08-14T15:30:10.253340,13,19,20,15,16,0
2026-08-14T15:30:10.255876,14,20,19,15,16,0
2026-08-14T15:30:10.255876,15,20,19,15,17,0
2026-08-14T15:30:10.255876,13,21,19,14,16,0
2026-08-14T15:30:10.255876,13,21,20,15,16,0
2026-08-14T15:30:10.255876,14,20,20,14,16,0
2026-08-14T15:30:10.263904,15,20,20,15,16,0
2026-08-14T15:30:10.263904,14,19,19,16,16,0
2026-08-14T15:30:10.265912,13,20,19,15,15,0
2026-08-14T15:30:10.265912,14,19,19,15,16,0
2026-08-14T15:30:10.265912,14,20,19,16,16,0
2026-08-14T15:30:10.271174,15,19,20,15,16,0
2026-08-14T15:30:10.271174,14,19,19,15,16,0
2026-08-14T15:30:10.272189,14,20,18,14,16,0
2026-08-14T15:30:10.272189,15,20,18,15,16,0
2026-08-14T15:30:10.274916,15,20,20,15,16,0
2026-08-14T15:30:10.274916,15,20,19,15,16,0
2026-08-14T15:30:10.274916,14,19,20,15,17,0
2026-08-14T15:30:10.278750,14,19,20,15,17,0
2026-08-14T15:30:10.278750,13,20,20,15,16,0
2026-08-14T15:30:10.278750,14,21,18,16,17,0
2026-08-14T15:30:10.280517,14,19,19,16,17,0
2026-08-14T15:30:10.281872,13,19,20,15,16,0
2026-08-14T15:30:10.281872,14,20,18,16,16,0
2026-08-14T15:30:10.281872,13,19,19,15,16,0
2026-08-14T15:30:10.286704,15,20,18,15,16,0
2026-08-14T15:30:10.286704,14,20,20,15,16,0
2026-08-14T15:30:10.286704,14,20,20,15,16,0
2026-08-14T15:30:10.288862,15,20,20,14,16,0
2026-08-14T15:30:10.288862,14,20,18,15,16,0
2026-08-14T15:30:10.288862,13,19,20,15,16,0
2026-08-14T15:30:10.288862,12,21,19,15,16,0
2026-08-14T15:30:10.288862,14,20,18,16,17,0
2026-08-14T15:30:10.288862,14,19,19,15,18,0
2026-08-14T15:30:10.296928,13,19,20,16,17,0
2026-08-14T15:30:10.296928,14,19,19,15,16,0
2026-08-14T15:30:10.296928,14,20,20,14,17,0
2026-08-14T15:30:10.296928,15,19,19,14,16,0
2026-08-14T15:30:10.296928,14,20,20,15,17,0
2026-08-14T15:30:10.303940,14,20,20,15,16,0
2026-08-14T15:30:10.303940,13,21,19,14,17,0
2026-08-14T15:30:10.304991,15,20,19,14,16,0
2026-08-14T15:30:10.307045,14,20,19,15,16,0
2026-08-14T15:30:10.307045,13,19,20,15,16,0
2026-08-14T15:30:10.307045,13,21,19,17,16,0
2026-08-14T15:30:10.309789,14,20,19,15,16,0
2026-08-14T15:30:10.309789,14,19,19,15,16,0
2026-08-14T15:30:10.313043,13,19,19,15,16,0
2026-08-14T15:30:10.313043,14,20,18,14,16,0
2026-08-14T15:30:10.313043,14,20,18,15,16,0
2026-08-14T15:30:10.313043,14,20,20,15,17,0
2026-08-14T15:30:10.317984,14,20,19,15,16,0
2026-08-14T15:30:10.319397,13,20,20,14,16,0
2026-08-14T15:30:10.319397,14,20,19,15,16,0
2026-08-14T15:30:10.320558,13,19,18,16,17,0
2026-08-14T15:30:10.320558,13,20,20,15,16,0
2026-08-14T15:30:10.324415,14,20,20,16,16,0
2026-08-14T15:30:10.324415,14,20,18,15,16,0
2026-08-14T15:30:10.324415,13,19,19,14,16,0
2026-08-14T15:30:10.326167,15,19,19,15,16,0
2026-08-14T15:30:10.327873,14,20,20,16,17,0
2026-08-14T15:30:10.328900,13,20,20,15,16,0
2026-08-14T15:30:10.328900,13,21,20,15,15,0
2026-08-14T15:30:10.328900,14,20,20,15,16,0
2026-08-14T15:30:10.328900,13,20,19,15,16,0
2026-08-14T15:30:10.328900,14,20,20,15,16,0
2026-08-14T15:30:10.336691,13,19,20,15,16,0
2026-08-14T15:30:10.337640,13,19,19,15,16,0
2026-08-14T15:30:10.338719,12,20,19,15,17,0
2026-08-14T15:30:10.339698,14,19,18,15,17,0
2026-08-14T15:30:10.340206,14,20,20,15,16,0
2026-08-14T15:30:10.340905,13,20,19,14,16,0
2026-08-14T15:30:10.341917,14,19,19,16,16,0
2026-08-14T15:30:10.344730,14,19,18,15,16,0
2026-08-14T15:30:10.345276,15,20,19,15,16,0
2026-08-14T15:30:10.346351,12,20,20,14,16,0
2026-08-14T15:30:10.347173,14,20,19,15,17,0
2026-08-14T15:30:10.349005,14,21,19,15,17,0
2026-08-14T15:30:10.349005,13,19,20,16,16,0
2026-08-14T15:30:10.349005,13,20,20,15,16,0
2026-08-14T15:30:10.352778,14,19,19,16,16,0
2026-08-14T15:30:10.354055,13,19,18,16,16,0
2026-08-14T15:30:10.354055,14,19,19,15,16,0
2026-08-14T15:30:10.354055,14,20,20,15,17,0
2026-08-14T15:30:10.357174,15,20,19,15,17,0
2026-08-14T15:30:10.357174,14,20,18,15,16,0
2026-08-14T15:30:10.357174,14,20,19,15,16,0
2026-08-14T15:30:10.361101,13,19,20,15,16,0
2026-08-14T15:30:10.361101,14,21,20,14,17,0
2026-08-14T15:30:10.361101,15,19,19,15,16,0
2026-08-14T15:30:10.361101,13,19,19,14,17,0
2026-08-14T15:30:10.361101,13,20,20,16,17,0
2026-08-14T15:30:10.361101,13,19,18,15,17,0
2026-08-14T15:30:10.361101,14,19,19,15,16,0
2026-08-14T15:30:10.361101,14,19,19,15,16,0
2026-08-14T15:30:10.369877,13,19,19,14,16,0
2026-08-14T15:30:10.370819,13,19,19,15,16,0
2026-08-14T15:30:10.370819,15,20,18,15,16,0
2026-08-14T15:30:10.370819,15,20,19,15,16,0
2026-08-14T15:30:10.370819,14,20,19,15,16,0
2026-08-14T15:30:10.375357,13,21,20,15,16,0
2026-08-14T15:30:10.377719,13,20,20,14,16,0
2026-08-14T15:30:10.377719,13,19,19,15,16,0
2026-08-14T15:30:10.377719,13,20,19,14,16,0
2026-08-14T15:30:10.380527,14,19,19,15,16,0
2026-08-14T15:30:10.380527,13,20,18,15,17,0
2026-08-14T15:30:10.380527,14,20,20,16,16,0
2026-08-14T15:30:10.383528,15,20,20,15,16,0
2026-08-14T15:30:10.385886,15,19,19,16,16,0
2026-08-14T15:30:10.386205,14,19,18,15,16,0
2026-08-14T15:30:10.387125,14,20,20,15,17,0
2026-08-14T15:30:10.389952,14,20,20,14,16,0
2026-08-14T15:30:10.389952,14,20,18,14,16,0
2026-08-14T15:30:10.389952,11,20,20,15,16,0
2026-08-14T15:30:10.391715,13,19,19,15,16,0
2026-08-14T15:30:10.394204,13,19,19,15,16,0
2026-08-14T15:30:10.394204,14,19,18,15,16,0
2026-08-14T15:30:10.394204,13,19,18,16,16,0
2026-08-14T15:30:10.394204,14,19,18,15,16,0
2026-08-14T15:30:10.394204,13,20,18,15,16,0
2026-08-14T15:30:10.394204,14,19,19,16,16,0
2026-08-14T15:30:10.402366,14,19,19,15,16,0
2026-08-14T15:30:10.402767,14,20,19,14,16,0
2026-08-14T15:30:10.403695,13,20,20,15,17,0
2026-08-14T15:30:10.404956,14,20,18,15,17,0
2026-08-14T15:30:10.404956,14,20,18,14,15,0
2026-08-14T15:30:10.404956,13,19,19,15,15,0
2026-08-14T15:30:10.404956,14,20,20,15,16,0
2026-08-14T15:30:10.410471,14,20,19,15,16,0
2026-08-14T15:30:10.410471,14,19,18,15,18,0
2026-08-14T15:30:10.410471,14,19,18,15,16,0
2026-08-14T15:30:10.410471,14,19,18,15,16,0
2026-08-14T15:30:10.414521,14,20,18,15,17,0
2026-08-14T15:30:10.414521,14,20,19,14,16,0
2026-08-14T15:30:10.414521,13,19,18,15,16,0
2026-08-14T15:30:10.418630,13,20,19,15,16,0
2026-08-14T15:30:10.419656,14,20,19,14,17,0
2026-08-14T15:30:10.420751,14,20,20,15,16,0
2026-08-14T15:30:10.420751,13,19,19,15,16,0
2026-08-14T15:30:10.420751,14,20,19,14,16,0
2026-08-14T15:30:10.420751,14,20,18,15,16,0
2026-08-14T15:30:10.420751,13,20,18,15,16,0
2026-08-14T15:30:10.426811,14,19,19,14,16,0
2026-08-14T15:30:10.426811,13,19,18,16,17,0
2026-08-14T15:30:10.426811,13,20,19,15,17,0
2026-08-14T15:30:10.429854,14,19,18,15,16,0
2026-08-14T15:30:10.429854,14,19,18,14,16,0
2026-08-14T15:30:10.429854,13,20,20,15,16,0
2026-08-14T15:30:10.432701,14,20,20,15,17,0
2026-08-14T15:30:10.435055,14,20,18,15,16,0
2026-08-14T15:30:10.435055,14,19,19,15,17,0
2026-08-14T15:30:10.436142,13,19,19,14,16,0
2026-08-14T15:30:10.438588,13,19,18,15,15,0
2026-08-14T15:30:10.438588,14,20,18,14,16,0
2026-08-14T15:30:10.438588,14,19,19,14,17,0
2026-08-14T15:30:10.438588,14,19,19,15,17,0
2026-08-14T15:30:10.441377,14,20,19,14,16,0
2026-08-14T15:30:10.443358,14,20,18,15,16,0
2026-08-14T15:30:10.443358,14,19,18,15,16,0
2026-08-14T15:30:10.447301,13,20,19,14,16,0
2026-08-14T15:30:10.447301,14,20,18,15,16,0
2026-08-14T15:30:10.447301,14,21,20,15,16,0
2026-08-14T15:30:10.447301,13,20,20,15,17,0
2026-08-14T15:30:10.451427,13,19,19,15,16,0
2026-08-14T15:30:10.452765,13,19,19,15,17,0
2026-08-14T15:30:10.452765,13,19,18,15,16,0
2026-08-14T15:30:10.453849,12,19,19,14,16,0
2026-08-14T15:30:10.453849,14,19,19,15,16,0
2026-08-14T15:30:10.453849,14,18,18,15,16,0
2026-08-14T15:30:10.457268,13,20,18,15,16,0
2026-08-14T15:30:10.459604,13,20,19,14,16,0
2026-08-14T15:30:10.459604,13,19,18,14,15,0
2026-08-14T15:30:10.459604,13,19,18,15,16,0
2026-08-14T15:30:10.463675,14,20,19,15,16,0
2026-08-14T15:30:10.463675,14,19,20,15,16,0
2026-08-14T15:30:10.463675,13,20,19,15,16,0
2026-08-14T15:30:10.466186,13,19,19,14,17,0
2026-08-14T15:30:10.467952,14,19,18,15,16,0
2026-08-14T15:30:10.467952,14,19,18,15,17,0
2026-08-14T15:30:10.470253,14,20,19,14,16,0
2026-08-14T15:30:10.470253,13,18,19,15,17,0
2026-08-14T15:30:10.470253,14,19,18,15,16,0
2026-08-14T15:30:10.470253,15,18,20,15,16,0
2026-08-14T15:30:10.470253,13,20,20,15,16,0
2026-08-14T15:30:10.476208,14,20,19,15,16,0
2026-08-14T15:30:10.476208,14,19,18,14,16,0
2026-08-14T15:30:10.476208,13,19,19,15,15,0
2026-08-14T15:30:10.476208,12,20,19,14,16,0
2026-08-14T15:30:10.476208,14,20,19,15,16,0
2026-08-14T15:30:10.476208,13,18,19,15,16,0
2026-08-14T15:30:10.476208,14,20,19,14,16,0
2026-08-14T15:30:10.484352,13,18,20,15,17,0
2026-08-14T15:30:10.486177,14,19,18,15,16,0
2026-08-14T15:30:10.487295,14,19,18,14,17,0
2026-08-14T15:30:10.487295,13,19,19,15,16,0
2026-08-14T15:30:10.487295,13,19,20,15,15,0
2026-08-14T15:30:10.487295,14,19,19,15,15,0
2026-08-14T15:30:10.492352,14,20,18,14,15,0
2026-08-14T15:30:10.492352,13,19,18,15,15,0
2026-08-14T15:30:10.492352,14,19,19,15,16,0
2026-08-14T15:30:10.496455,13,20,18,14,16,0
2026-08-14T15:30:10.496455,14,19,19,15,17,0
2026-08-14T15:30:10.496455,14,19,18,14,16,0
2026-08-14T15:30:10.496455,13,19,19,14,16,0
2026-08-14T15:30:10.499921,14,20,19,14,16,0
2026-08-14T15:30:10.499921,15,20,19,15,16,0
2026-08-14T15:30:10.499921,14,20,18,15,16,0
2026-08-14T15:30:10.504084,13,19,19,14,17,0
2026-08-14T15:30:10.504084,13,19,20,14,16,0
2026-08-14T15:30:10.504084,14,21,20,15,16,0
2026-08-14T15:30:10.504084,13,19,18,14,17,0
2026-08-14T15:30:10.508346,14,19,19,15,16,0
2026-08-14T15:30:10.508346,13,19,19,14,16,0
2026-08-14T15:30:10.508346,12,19,19,14,16,0
2026-08-14T15:30:10.508346,14,19,18,15,16,0
2026-08-14T15:30:10.508346,14,20,19,14,16,0
2026-08-14T15:30:10.508346,14,19,19,15,15,0
2026-08-14T15:30:10.508346,14,20,18,14,15,0
2026-08-14T15:30:10.516499,13,20,18,14,15,0
2026-08-14T15:30:10.517453,13,20,19,14,15,0
2026-08-14T15:30:10.517453,13,19,20,15,16,0
2026-08-14T15:30:10.521024,13,19,18,15,15,0
2026-08-14T15:30:10.521024,14,20,20,14,16,0
2026-08-14T15:30:10.522783,13,18,19,15,16,0
2026-08-14T15:30:10.522783,14,19,18,15,16,0
2026-08-14T15:30:10.524156,14,19,18,14,17,0
2026-08-14T15:30:10.524156,13,19,19,14,16,0
2026-08-14T15:30:10.524156,13,20,19,14,16,0
2026-08-14T15:30:10.524156,14,19,18,15,17,0
2026-08-14T15:30:10.524156,13,18,18,15,16,0
2026-08-14T15:30:10.524156,13,19,18,15,16,0
2026-08-14T15:30:10.532396,13,20,20,14,15,0
2026-08-14T15:30:10.532396,13,20,19,14,16,0
2026-08-14T15:30:10.534406,14,20,18,14,16,0
2026-08-14T15:30:10.534406,13,19,18,15,15,0
2026-08-14T15:30:10.537227,12,19,19,15,16,0
2026-08-14T15:30:10.537227,14,18,18,13,16,0
2026-08-14T15:30:10.537227,13,19,18,15,16,0
2026-08-14T15:30:10.540417,14,19,19,15,16,0
2026-08-14T15:30:10.542429,14,19,18,14,17,0
2026-08-14T15:30:10.542429,15,18,18,16,16,0
2026-08-14T15:30:10.542429,14,19,19,14,16,0
2026-08-14T15:30:10.544444,14,20,20,14,16,0
2026-08-14T15:30:10.544444,13,19,18,14,15,0
2026-08-14T15:30:10.544444,14,20,20,14,16,0
2026-08-14T15:30:10.548497,13,18,18,14,16,0
2026-08-14T15:30:10.548497,13,18,19,15,16,0
2026-08-14T15:30:10.548497,14,17,18,14,16,0
2026-08-14T15:30:10.548497,12,19,18,14,16,0
2026-08-14T15:30:10.553280,13,19,17,14,16,0
2026-08-14T15:30:10.554196,14,19,18,15,16,0
2026-08-14T15:30:10.554196,14,19,18,14,16,0
2026-08-14T15:30:10.556498,13,19,19,14,15,0
2026-08-14T15:30:10.556498,13,20,18,14,16,0
2026-08-14T15:30:10.556498,13,20,18,14,16,0
2026-08-14T15:30:10.556498,14,20,19,15,16,0
2026-08-14T15:30:10.556498,13,19,20,14,15,0
2026-08-14T15:30:10.556498,13,20,18,15,15,0
2026-08-14T15:30:10.556498,13,20,18,14,16,0
2026-08-14T15:30:10.566083,14,18,18,14,16,0
2026-08-14T15:30:10.566083,14,19,18,15,16,0
2026-08-14T15:30:10.566083,13,20,18,15,16,0
2026-08-14T15:30:10.569840,14,19,18,14,16,0
2026-08-14T15:30:10.570488,14,20,18,14,15,0
2026-08-14T15:30:10.570488,13,18,19,13,16,0
2026-08-14T15:30:10.570488,13,19,18,15,15,0
2026-08-14T15:30:10.574275,13,20,20,14,15,0
2026-08-14T15:30:10.574275,13,20,20,14,15,0
2026-08-14T15:30:10.574275,12,19,18,14,16,0
2026-08-14T15:30:10.576613,14,19,18,14,15,0
2026-08-14T15:30:10.576613,13,20,19,15,16,0
2026-08-14T15:30:10.576613,12,19,18,14,16,0
2026-08-14T15:30:10.576613,13,20,18,14,16,0
2026-08-14T15:30:10.581551,14,19,18,14,16,0
2026-08-14T15:30:10.581551,13,19,19,14,16,0
2026-08-14T15:30:10.581551,13,20,19,14,16,0
2026-08-14T15:30:10.586631,14,19,18,14,16,0
2026-08-14T15:30:10.586631,13,19,18,15,15,0
2026-08-14T15:30:10.586631,13,19,20,14,15,0
2026-08-14T15:30:10.586631,13,19,18,14,15,0
2026-08-14T15:30:10.589718,13,19,18,15,16,0
2026-08-14T15:30:10.589718,11,19,18,14,16,0
2026-08-14T15:30:10.589718,12,18,18,14,16,0
2026-08-14T15:30:10.589718,12,19,18,15,16,0
2026-08-14T15:30:10.589718,14,18,19,13,17,0
2026-08-14T15:30:10.589718,14,19,19,15,16,0
2026-08-14T15:30:10.597785,14,18,19,14,16,0
2026-08-14T15:30:10.597785,13,20,19,14,15,0
2026-08-14T15:30:10.597785,13,20,19,14,15,0
2026-08-14T15:30:10.597785,13,20,18,13,16,0
2026-08-14T15:30:10.602658,13,19,18,15,16,0
2026-08-14T15:30:10.603368,11,19,18,15,15,0
2026-08-14T15:30:10.603368,13,18,18,15,17,0
2026-08-14T15:30:10.607053,13,19,18,15,16,0
2026-08-14T15:30:10.607053,13,19,18,14,16,0
2026-08-14T15:30:10.607053,12,19,18,14,16,0
2026-08-14T15:30:10.607053,13,19,18,15,16,0
2026-08-14T15:30:10.611164,13,19,19,15,16,0
2026-08-14T15:30:10.611164,14,18,18,14,16,0
2026-08-14T15:30:10.612921,13,18,19,15,16,0
2026-08-14T15:30:10.613940,13,18,18,14,15,0
2026-08-14T15:30:10.613940,14,20,17,15,15,0
2026-08-14T15:30:10.613940,13,19,18,14,16,0
2026-08-14T15:30:10.617767,14,19,18,15,15,0
2026-08-14T15:30:10.617767,13,20,19,14,16,0
2026-08-14T15:30:10.620349,13,19,18,14,16,0
2026-08-14T15:30:10.620349,13,18,18,14,16,0
2026-08-14T15:30:10.622352,13,18,19,14,16,0
2026-08-14T15:30:10.622352,13,19,17,15,15,0
2026-08-14T15:30:10.622352,12,19,19,13,17,0
2026-08-14T15:30:10.622352,15,18,18,14,16,0
2026-08-14T15:30:10.622352,13,19,18,14,15,0
2026-08-14T15:30:10.622352,14,19,18,15,16,0
2026-08-14T15:30:10.622352,13,19,18,14,15,0
2026-08-14T15:30:10.631625,14,20,18,14,15,0
2026-08-14T15:30:10.631625,13,18,19,14,16,0
2026-08-14T15:30:10.633388,13,18,18,15,15,0
2026-08-14T15:30:10.633388,13,19,18,15,15,0
2026-08-14T15:30:10.636959,13,19,18,15,16,0
2026-08-14T15:30:10.636959,14,19,18,15,16,0
2026-08-14T15:30:10.638714,14,18,17,13,16,0
2026-08-14T15:30:10.638714,13,18,17,13,17,0
2026-08-14T15:30:10.638714,13,19,18,14,16,0
2026-08-14T15:30:10.638714,13,20,18,15,15,0
2026-08-14T15:30:10.643561,14,18,19,14,16,0
2026-08-14T15:30:10.643561,13,19,18,15,15,0
2026-08-14T15:30:10.643561,14,20,18,14,15,0
2026-08-14T15:30:10.645651,14,20,19,13,16,0
2026-08-14T15:30:10.647159,13,20,18,13,16,0
2026-08-14T15:30:10.647159,13,18,17,14,16,0
2026-08-14T15:30:10.647159,13,19,18,15,16,0
2026-08-14T15:30:10.647159,11,18,18,13,16,0
2026-08-14T15:30:10.652684,13,18,18,15,16,0
2026-08-14T15:30:10.653918,13,19,17,15,16,0
2026-08-14T15:30:10.654729,13,18,18,14,15,0
2026-08-14T15:30:10.655286,13,18,18,14,15,0
2026-08-14T15:30:10.655286,14,19,18,14,16,0
2026-08-14T15:30:10.655286,14,19,18,14,16,0
2026-08-14T15:30:10.657942,13,19,18,14,16,0
2026-08-14T15:30:10.657942,13,19,19,14,15,0
2026-08-14T15:30:10.657942,14,20,18,14,15,0
2026-08-14T15:30:10.663032,14,18,17,14,15,0
2026-08-14T15:30:10.663032,13,19,18,14,16,0
2026-08-14T15:30:10.663032,11,19,18,15,16,0
2026-08-14T15:30:10.666136,13,18,19,14,16,0
2026-08-14T15:30:10.666136,13,18,18,13,16,0
2026-08-14T15:30:10.669524,14,19,18,15,16,0
2026-08-14T15:30:10.669524,13,18,18,15,16,0
2026-08-14T15:30:10.671636,13,18,19,15,16,0
2026-08-14T15:30:10.671636,13,18,18,14,15,0
2026-08-14T15:30:10.673795,13,19,18,14,16,0
2026-08-14T15:30:10.673795,13,18,18,14,15,0
2026-08-14T15:30:10.675805,14,19,18,14,16,0
2026-08-14T15:30:10.675805,12,19,18,14,15,0
2026-08-14T15:30:10.675805,13,19,18,14,15,0
2026-08-14T15:30:10.680227,13,19,17,13,16,0
2026-08-14T15:30:10.681255,11,19,18,14,16,0
2026-08-14T15:30:10.681255,13,19,18,13,17,0
2026-08-14T15:30:10.681255,13,18,18,14,16,0
2026-08-14T15:30:10.684339,14,18,18,15,16,0
2026-08-14T15:30:10.685964,13,18,17,14,16,0
2026-08-14T15:30:10.686522,13,19,18,15,15,0
2026-08-14T15:30:10.688683,13,19,18,14,15,0
2026-08-14T15:30:10.689200,14,18,18,14,15,0
2026-08-14T15:30:10.689905,12,19,19,14,15,0
2026-08-14T15:30:10.689905,13,18,18,14,15,0
2026-08-14T15:30:10.689905,11,18,18,14,15,0
2026-08-14T15:30:10.689905,14,18,18,14,16,0
2026-08-14T15:30:10.689905,12,19,17,15,16,0
2026-08-14T15:30:10.696879,13,19,17,14,15,0
2026-08-14T15:30:10.696879,13,19,18,13,16,0
2026-08-14T15:30:10.696879,14,19,18,13,16,0
2026-08-14T15:30:10.700837,14,18,19,14,16,0
2026-08-14T15:30:10.700837,14,19,16,14,16,0
2026-08-14T15:30:10.702675,13,18,19,14,16,0
2026-08-14T15:30:10.703249,13,19,18,13,16,0
2026-08-14T15:30:10.703883,14,19,18,13,16,0
2026-08-14T15:30:10.703883,11,20,18,14,15,0
2026-08-14T15:30:10.703883,13,19,18,14,15,0
2026-08-14T15:30:10.709427,13,19,18,14,16,0
2026-08-14T15:30:10.709427,14,18,19,13,16,0
2026-08-14T15:30:10.709427,14,19,17,14,16,0
2026-08-14T15:30:10.709427,14,19,17,15,16,0
2026-08-14T15:30:10.712719,13,18,18,13,16,0
2026-08-14T15:30:10.712719,14,18,17,14,16,0
2026-08-14T15:30:10.712719,14,18,17,15,16,0
2026-08-14T15:30:10.712719,14,19,19,14,15,0
2026-08-14T15:30:10.712719,14,18,18,14,16,0
2026-08-14T15:30:10.712719,12,19,18,13,16,0
2026-08-14T15:30:10.719353,13,18,17,14,15,0
2026-08-14T15:30:10.720435,11,17,18,14,16,0
2026-08-14T15:30:10.720435,13,19,17,14,15,0
2026-08-14T15:30:10.720435,14,18,17,14,15,0
2026-08-14T15:30:10.720435,12,17,18,14,16,0
2026-08-14T15:30:10.720435,13,19,17,14,16,0
2026-08-14T15:30:10.720435,14,19,18,14,16,0
2026-08-14T15:30:10.727613,14,19,18,13,16,0
2026-08-14T15:30:10.727613,14,18,17,15,15,0
2026-08-14T15:30:10.727613,14,19,18,14,16,0
2026-08-14T15:30:10.731688,13,18,19,14,15,0
2026-08-14T15:30:10.733705,13,20,18,14,15,0
2026-08-14T15:30:10.733705,13,19,18,14,15,0
2026-08-14T15:30:10.735720,13,17,18,14,15,0
2026-08-14T15:30:10.737714,13,17,18,14,16,0
2026-08-14T15:30:10.737714,12,19,18,13,14,0
2026-08-14T15:30:10.739722,13,18,16,13,16,0
2026-08-14T15:30:10.739722,13,18,18,13,16,0
2026-08-14T15:30:10.741466,13,19,17,13,16,0
2026-08-14T15:30:10.741466,12,18,17,14,16,0
2026-08-14T15:30:10.741466,13,19,18,14,15,0
2026-08-14T15:30:10.745564,13,19,18,14,16,0
2026-08-14T15:30:10.745564,13,18,19,14,15,0
2026-08-14T15:30:10.745564,13,18,18,14,15,0
2026-08-14T15:30:10.745564,12,20,18,14,15,0
2026-08-14T15:30:10.748992,13,18,17,14,15,0
2026-08-14T15:30:10.748992,14,17,17,15,16,0
2026-08-14T15:30:10.748992,12,19,17,14,15,0
2026-08-14T15:30:10.753994,13,18,17,13,16,0
2026-08-14T15:30:10.753994,13,18,17,14,16,0
2026-08-14T15:30:10.753994,14,20,18,14,15,0
2026-08-14T15:30:10.753994,13,18,17,14,16,0
2026-08-14T15:30:10.757425,12,18,16,13,15,0
2026-08-14T15:30:10.757425,14,20,18,14,15,0
2026-08-14T15:30:10.757425,13,19,18,14,15,0
2026-08-14T15:30:10.760462,12,18,17,13,15,0
2026-08-14T15:30:10.760462,13,19,18,14,15,0
2026-08-14T15:30:10.760462,13,19,18,14,15,0
2026-08-14T15:30:10.760462,13,19,18,13,15,0
2026-08-14T15:30:10.760462,13,19,17,14,15,0
2026-08-14T15:30:10.760462,11,18,16,14,15,0
2026-08-14T15:30:10.768965,12,18,18,13,15,0
2026-08-14T15:30:10.770097,13,19,18,13,16,0
2026-08-14T15:30:10.770097,14,19,18,13,16,0
2026-08-14T15:30:10.770097,12,18,17,14,14,0
2026-08-14T15:30:10.774975,14,19,18,14,15,0
2026-08-14T15:30:10.774975,13,18,17,14,16,0
2026-08-14T15:30:10.774975,14,18,17,15,16,0
2026-08-14T15:30:10.776736,13,19,18,14,16,0
2026-08-14T15:30:10.778353,13,18,17,14,15,0
2026-08-14T15:30:10.778353,13,18,18,14,15,0
2026-08-14T15:30:10.778353,14,19,17,14,15,0
2026-08-14T15:30:10.778353,12,18,17,13,15,0
2026-08-14T15:30:10.778353,13,19,18,15,16,0
2026-08-14T15:30:10.778353,12,16,18,15,15,0
2026-08-14T15:30:10.786037,12,18,17,13,15,0
2026-08-14T15:30:10.787242,13,17,18,14,15,0
2026-08-14T15:30:10.787943,13,19,18,13,15,0
2026-08-14T15:30:10.787943,13,18,18,14,15,0
2026-08-14T15:30:10.787943,14,18,18,14,15,0
2026-08-14T15:30:10.787943,14,18,17,13,16,0
2026-08-14T15:30:10.787943,11,18,18,14,15,0
2026-08-14T15:30:10.793176,11,18,17,14,15,0
2026-08-14T15:30:10.793176,13,18,17,14,16,0
2026-08-14T15:30:10.793176,14,18,17,14,15,0
2026-08-14T15:30:10.793176,13,18,18,13,16,0
2026-08-14T15:30:10.793176,13,17,18,14,16,0
2026-08-14T15:30:10.793176,13,18,18,15,15,0
2026-08-14T15:30:10.793176,14,18,16,13,15,0
2026-08-14T15:30:10.803587,14,18,18,14,16,0
2026-08-14T15:30:10.804098,13,19,18,14,15,0
2026-08-14T15:30:10.804098,14,20,18,12,16,0
2026-08-14T15:30:10.804098,13,19,16,14,15,0
2026-08-14T15:30:10.807739,13,18,17,14,15,0
2026-08-14T15:30:10.807739,13,17,17,14,16,0
2026-08-14T15:30:10.807739,13,19,18,14,15,0
2026-08-14T15:30:10.811826,13,18,17,14,15,0
2026-08-14T15:30:10.811826,14,19,18,13,15,0
2026-08-14T15:30:10.811826,12,18,17,14,16,0
2026-08-14T15:30:10.811826,13,18,17,14,15,0
2026-08-14T15:30:10.815816,13,18,18,13,15,0
2026-08-14T15:30:10.815816,13,18,17,13,15,0
2026-08-14T15:30:10.815816,12,18,18,13,15,0
2026-08-14T15:30:10.819474,13,19,18,14,15,0
2026-08-14T15:30:10.820354,13,20,18,14,15,0
2026-08-14T15:30:10.820354,13,20,18,14,15,0
2026-08-14T15:30:10.820354,12,18,18,14,16,0
2026-08-14T15:30:10.820354,12,18,17,14,15,0
2026-08-14T15:30:10.820354,11,19,17,13,16,0
2026-08-14T15:30:10.820354,12,18,16,14,15,0
2026-08-14T15:30:10.825874,13,18,17,13,15,0
2026-08-14T15:30:10.825874,14,18,18,14,15,0
2026-08-14T15:30:10.825874,13,18,17,14,15,0
2026-08-14T15:30:10.825874,13,19,18,13,16,0
2026-08-14T15:30:10.825874,13,18,17,13,15,0
2026-08-14T15:30:10.833915,13,18,18,14,15,0
2026-08-14T15:30:10.834635,13,19,17,14,15,0
2026-08-14T15:30:10.836145,14,19,18,14,16,0
2026-08-14T15:30:10.836906,12,19,17,13,16,0
2026-08-14T15:30:10.836906,13,19,18,15,16,0
2026-08-14T15:30:10.840526,11,17,18,13,15,0
2026-08-14T15:30:10.840526,12,18,17,13,15,0
2026-08-14T15:30:10.840526,12,18,17,14,16,0
2026-08-14T15:30:10.842293,13,17,17,13,16,0
2026-08-14T15:30:10.843869,13,19,17,13,16,0
2026-08-14T15:30:10.845627,13,19,18,14,15,0
2026-08-14T15:30:10.845627,13,20,18,14,16,0
2026-08-14T15:30:10.849059,13,18,18,14,16,0
2026-08-14T15:30:10.849059,12,19,17,14,15,0
2026-08-14T15:30:10.850571,13,17,18,14,15,0
2026-08-14T15:30:10.850571,11,18,18,14,15,0
2026-08-14T15:30:10.856748,13,18,17,14,15,0
2026-08-14T15:30:10.857326,13,17,18,14,16,0
2026-08-14T15:30:10.857839,13,17,17,13,15,0
2026-08-14T15:30:10.858847,13,18,17,13,15,0
2026-08-14T15:30:10.859711,13,18,17,14,15,0
2026-08-14T15:30:10.859711,13,18,17,13,15,0
2026-08-14T15:30:10.862180,14,19,18,14,15,0
2026-08-14T15:30:10.862180,13,19,17,14,15,0
2026-08-14T15:30:10.862688,14,19,17,14,16,0
2026-08-14T15:30:10.862688,13,17,17,13,15,0
2026-08-14T15:30:10.864704,12,19,18,14,15,0
2026-08-14T15:30:10.864704,11,19,17,15,16,0
2026-08-14T15:30:10.864704,12,18,16,14,15,0
2026-08-14T15:30:10.868649,13,18,17,14,16,0
2026-08-14T15:30:10.870021,14,18,17,13,16,0
2026-08-14T15:30:10.870021,13,18,18,13,15,0
2026-08-14T15:30:10.870021,12,19,16,14,16,0
2026-08-14T15:30:10.872879,15,18,17,13,16,0
2026-08-14T15:30:10.872879,13,19,18,13,16,0
2026-08-14T15:30:10.872879,13,18,17,14,15,0
2026-08-14T15:30:10.877874,13,18,18,13,15,0
2026-08-14T15:30:10.877874,13,19,17,14,15,0
2026-08-14T15:30:10.878888,13,18,17,14,15,0
2026-08-14T15:30:10.878888,13,18,17,15,16,0
2026-08-14T15:30:10.880966,12,19,18,15,15,0
2026-08-14T15:30:10.882005,13,18,17,14,16,0
2026-08-14T15:30:10.882005,14,17,18,13,16,0
2026-08-14T15:30:10.885143,14,18,17,13,15,0
2026-08-14T15:30:10.886628,13,19,17,14,15,0
2026-08-14T15:30:10.887286,14,18,17,14,15,0
2026-08-14T15:30:10.887608,13,20,17,14,15,0
2026-08-14T15:30:10.888655,12,18,18,14,15,0
2026-08-14T15:30:10.888655,14,19,17,14,15,0
2026-08-14T15:30:10.888655,13,19,18,13,15,0
2026-08-14T15:30:10.893752,13,18,17,14,16,0
2026-08-14T15:30:10.894495,12,17,18,13,16,0
2026-08-14T15:30:10.894495,13,17,19,14,16,0
2026-08-14T15:30:10.897839,12,19,18,13,16,0
2026-08-14T15:30:10.897839,12,18,17,14,16,0
2026-08-14T15:30:10.897839,14,18,18,13,15,0
2026-08-14T15:30:10.897839,13,17,17,14,15,0
2026-08-14T15:30:10.901949,13,19,18,14,15,0
2026-08-14T15:30:10.902652,13,18,18,13,15,0
2026-08-14T15:30:10.903410,13,19,18,14,15,0
2026-08-14T15:30:10.905693,12,19,18,14,15,0
2026-08-14T15:30:10.906800,12,19,17,13,15,0
2026-08-14T15:30:10.907810,12,18,19,14,16,0
2026-08-14T15:30:10.908461,13,18,17,14,16,0
2026-08-14T15:30:10.910175,13,18,17,14,15,0
2026-08-14T15:30:10.910175,13,18,18,13,14,0
2026-08-14T15:30:10.910175,13,19,19,14,15,0
2026-08-14T15:30:10.910175,14,18,18,14,15,0
2026-08-14T15:30:10.910175,13,19,17,13,16,0
2026-08-14T15:30:10.910175,14,19,18,14,16,0
2026-08-14T15:30:10.910175,13,20,18,14,16,0
2026-08-14T15:30:10.916251,12,18,18,15,15,0
2026-08-14T15:30:10.916251,13,19,18,14,16,0
2026-08-14T15:30:10.919352,12,19,17,14,15,0
2026-08-14T15:30:10.920146,12,18,18,14,15,0
2026-08-14T15:30:10.924538,12,18,18,15,15,0
2026-08-14T15:30:10.924538,13,18,18,13,16,0
2026-08-14T15:30:10.924538,13,17,18,15,15,0
2026-08-14T15:30:10.924538,14,19,18,14,16,0
2026-08-14T15:30:10.924538,15,20,18,14,17,0
2026-08-14T15:30:10.924538,13,18,18,14,15,0
2026-08-14T15:30:10.924538,13,18,17,15,16,0
2026-08-14T15:30:10.924538,12,19,18,14,15,0
2026-08-14T15:30:10.924538,14,19,18,14,15,0
2026-08-14T15:30:10.934728,14,19,18,13,16,0
2026-08-14T15:30:10.934728,13,19,16,15,15,0
2026-08-14T15:30:10.937052,14,19,17,14,16,0
2026-08-14T15:30:10.937052,12,18,19,15,16,0
2026-08-14T15:30:10.937052,13,18,18,14,16,0
2026-08-14T15:30:10.937052,12,19,17,16,16,0
2026-08-14T15:30:10.937052,14,18,18,14,16,0
2026-08-14T15:30:10.941407,13,18,18,13,16,0
2026-08-14T15:30:10.941407,15,18,17,13,17,0
2026-08-14T15:30:10.941407,13,19,18,14,16,0
2026-08-14T15:30:10.941407,14,20,19,15,16,0
2026-08-14T15:30:10.941407,12,18,19,14,15,0
2026-08-14T15:30:10.941407,13,20,18,14,15,0
2026-08-14T15:30:10.941407,14,19,18,15,16,0
2026-08-14T15:30:10.949001,14,18,18,14,15,0
2026-08-14T15:30:10.949001,13,19,19,15,16,0
2026-08-14T15:30:10.952732,13,18,18,15,16,0
2026-08-14T15:30:10.953997,13,18,17,14,17,0
2026-08-14T15:30:10.953997,13,19,17,15,16,0
2026-08-14T15:30:10.953997,14,18,18,14,16,0
2026-08-14T15:30:10.953997,14,20,19,15,16,0
2026-08-14T15:30:10.958203,13,18,18,14,16,0
2026-08-14T15:30:10.958203,14,20,19,13,16,0
2026-08-14T15:30:10.958203,14,20,19,15,16,0
2026-08-14T15:30:10.958203,13,19,18,14,15,0
2026-08-14T15:30:10.958203,14,19,18,14,15,0
2026-08-14T15:30:10.965167,14,19,18,14,16,0
2026-08-14T15:30:10.965167,12,18,19,15,16,0
2026-08-14T15:30:10.965167,13,19,18,14,16,0
2026-08-14T15:30:10.965167,13,19,18,14,16,0
2026-08-14T15:30:10.969217,15,18,19,15,17,0
2026-08-14T15:30:10.970368,14,18,19,15,16,0
2026-08-14T15:30:10.970368,13,18,18,14,16,0
2026-08-14T15:30:10.970368,14,20,19,13,16,0
2026-08-14T15:30:10.973187,13,19,18,15,16,0
2026-08-14T15:30:10.973187,14,19,19,14,16,0
2026-08-14T15:30:10.973187,14,18,19,15,16,0
2026-08-14T15:30:10.973187,13,19,18,14,16,0
2026-08-14T15:30:10.973187,14,19,19,16,16,0
2026-08-14T15:30:10.973187,13,18,18,15,16,0
2026-08-14T15:30:10.981264,13,19,18,14,16,0
2026-08-14T15:30:10.981264,13,19,18,15,16,0
2026-08-14T15:30:10.983865,13,19,18,14,16,0
2026-08-14T15:30:10.983865,15,19,19,14,16,0
2026-08-14T15:30:10.983865,14,19,18,15,16,0
2026-08-14T15:30:10.987976,14,20,19,14,15,0
2026-08-14T15:30:10.987976,13,20,19,15,15,0
2026-08-14T15:30:10.987976,13,20,18,15,15,0
2026-08-14T15:30:10.990463,13,19,18,14,16,0
2026-08-14T15:30:10.990463,13,19,18,15,15,0
2026-08-14T15:30:10.990463,13,19,19,14,16,0
2026-08-14T15:30:10.990463,14,19,19,14,17,0
2026-08-14T15:30:10.996177,13,18,18,14,16,0
2026-08-14T15:30:10.996177,13,19,18,14,16,0
2026-08-14T15:30:10.996177,14,19,19,14,17,0
2026-08-14T15:30:11.000251,13,20,20,15,16,0
2026-08-14T15:30:11.000251,14,19,19,15,17,0
2026-08-14T15:30:11.000251,13,20,18,15,15,0
2026-08-14T15:30:11.002730,13,20,18,15,15,0
2026-08-14T15:30:11.003341,14,20,20,15,16,0
2026-08-14T15:30:11.003341,12,19,19,15,17,0
2026-08-14T15:30:11.003341,13,19,18,15,15,0
2026-08-14T15:30:11.006185,13,19,18,15,16,0
2026-08-14T15:30:11.006185,15,20,19,15,17,0
2026-08-14T15:30:11.010212,14,19,18,16,17,0
2026-08-14T15:30:11.010212,13,20,18,15,16,0
2026-08-14T15:30:11.010212,13,19,19,15,16,0
2026-08-14T15:30:11.010212,15,20,20,15,16,0
2026-08-14T15:30:11.010212,15,19,20,15,17,0
2026-08-14T15:30:11.014415,14,19,18,14,16,0
2026-08-14T15:30:11.014415,13,20,18,15,17,0
2026-08-14T15:30:11.014415,13,18,20,14,17,0
2026-08-14T15:30:11.014415,14,20,19,15,16,0
2026-08-14T15:30:11.020555,13,19,20,15,16,0
2026-08-14T15:30:11.021170,13,19,20,16,16,0
2026-08-14T15:30:11.022055,14,20,19,15,16,0
2026-08-14T15:30:11.024347,15,19,19,15,16,0
2026-08-14T15:30:11.024347,14,20,19,15,16,0
2026-08-14T15:30:11.024347,14,19,20,15,16,0
2026-08-14T15:30:11.028928,14,20,19,14,16,0
2026-08-14T15:30:11.028928,14,20,18,14,16,0
2026-08-14T15:30:11.030439,15,20,19,15,16,0
2026-08-14T15:30:11.030439,13,20,19,14,16,0
2026-08-14T15:30:11.033018,14,20,20,15,16,0
2026-08-14T15:30:11.033018,14,20,20,14,16,0
2026-08-14T15:30:11.033018,14,20,19,15,17,0
2026-08-14T15:30:11.037169,13,19,19,15,16,0
2026-08-14T15:30:11.037169,14,21,19,15,16,0
2026-08-14T15:30:11.037169,13,20,20,14,17,0
2026-08-14T15:30:11.039222,14,20,19,15,16,0
2026-08-14T15:30:11.041199,14,20,19,15,16,0
2026-08-14T15:30:11.041199,14,19,19,15,17,0
2026-08-14T15:30:11.041199,14,20,20,15,16,0
2026-08-14T15:30:11.041199,15,20,19,15,16,0
2026-08-14T15:30:11.041199,14,20,20,15,16,0
2026-08-14T15:30:11.041199,13,19,19,15,16,0
2026-08-14T15:30:11.047392,15,20,20,15,16,0
2026-08-14T15:30:11.048093,13,20,19,15,17,0
2026-08-14T15:30:11.048093,14,20,19,16,16,0
2026-08-14T15:30:11.048093,14,20,19,15,17,0
2026-08-14T15:30:11.053116,14,19,19,16,16,0
2026-08-14T15:30:11.053819,13,20,20,15,16,0
2026-08-14T15:30:11.053819,15,22,20,15,16,0
2026-08-14T15:30:11.055748,15,20,19,15,16,0
2026-08-14T15:30:11.055748,14,20,20,15,16,0
2026-08-14T15:30:11.055748,14,20,20,14,16,0
2026-08-14T15:30:11.055748,14,20,20,15,16,0
2026-08-14T15:30:11.061702,14,20,19,15,17,0
2026-08-14T15:30:11.061702,15,21,20,16,17,0
2026-08-14T15:30:11.063467,13,20,20,15,16,0
2026-08-14T15:30:11.065779,14,20,20,15,16,0
2026-08-14T15:30:11.065779,14,20,19,15,17,0
2026-08-14T15:30:11.065779,14,21,19,16,16,0
2026-08-14T15:30:11.065779,15,19,19,15,16,0
2026-08-14T15:30:11.070098,15,20,20,15,17,0
2026-08-14T15:30:11.070098,13,20,20,15,16,0
2026-08-14T15:30:11.070098,14,20,19,16,17,0
2026-08-14T15:30:11.072820,14,20,20,15,16,0
2026-08-14T15:30:11.072820,14,21,20,15,16,0
2026-08-14T15:30:11.072820,13,20,19,16,15,0
2026-08-14T15:30:11.075734,13,21,20,15,16,0
2026-08-14T15:30:11.075734,14,21,20,16,17,0
2026-08-14T15:30:11.075734,13,21,20,16,17,0
2026-08-14T15:30:11.075734,13,19,20,15,16,0
2026-08-14T15:30:11.080144,14,19,20,16,16,0
2026-08-14T15:30:11.080144,15,20,20,16,17,0
2026-08-14T15:30:11.080144,14,20,20,16,16,0
2026-08-14T15:30:11.083933,15,21,20,15,17,0
2026-08-14T15:30:11.083933,15,20,19,15,17,0
2026-08-14T15:30:11.087007,14,20,19,16,17,0
2026-08-14T15:30:11.087517,13,20,20,16,17,0
2026-08-14T15:30:11.090356,15,21,20,15,16,0
2026-08-14T15:30:11.090356,14,20,20,15,16,0
2026-08-14T15:30:11.090356,13,20,20,16,16,0
2026-08-14T15:30:11.090356,13,19,20,16,16,0
2026-08-14T15:30:11.094167,13,19,21,15,17,0
2026-08-14T15:30:11.094167,14,20,20,15,17,0
2026-08-14T15:30:11.094167,14,19,19,15,17,0
2026-08-14T15:30:11.097226,14,19,19,16,17,0
2026-08-14T15:30:11.097226,14,20,21,15,17,0
2026-08-14T15:30:11.097226,15,20,19,15,17,0
2026-08-14T15:30:11.102755,14,20,19,15,17,0
2026-08-14T15:30:11.103815,15,21,21,15,16,0
2026-08-14T15:30:11.103815,13,19,20,16,17,0
2026-08-14T15:30:11.105775,15,20,20,16,17,0
2026-08-14T15:30:11.105775,15,20,19,16,16,0
2026-08-14T15:30:11.105775,14,19,20,16,16,0
2026-08-14T15:30:11.105775,14,20,19,15,16,0
2026-08-14T15:30:11.105775,14,21,20,15,16,0
2026-08-14T15:30:11.105775,15,20,19,15,16,0
2026-08-14T15:30:11.105775,14,20,19,16,17,0
2026-08-14T15:30:11.105775,14,20,19,16,17,0
2026-08-14T15:30:11.114953,15,20,20,15,16,0
2026-08-14T15:30:11.114953,13,22,19,15,17,0
2026-08-14T15:30:11.116716,15,21,20,15,16,0
2026-08-14T15:30:11.118164,13,20,20,15,16,0
2026-08-14T15:30:11.119757,15,21,20,15,17,0
2026-08-14T15:30:11.120472,13,20,20,15,16,0
2026-08-14T15:30:11.120472,14,20,20,17,17,0
2026-08-14T15:30:11.122757,14,19,20,16,17,0
2026-08-14T15:30:11.123558,13,21,20,16,16,0
2026-08-14T15:30:11.123558,14,21,19,15,17,0
2026-08-14T15:30:11.127227,15,20,20,15,17,0
2026-08-14T15:30:11.127227,15,20,19,15,17,0
2026-08-14T15:30:11.127227,15,21,20,16,17,0
2026-08-14T15:30:11.131282,15,21,20,16,17,0
2026-08-14T15:30:11.131282,14,22,20,15,15,0
2026-08-14T15:30:11.131282,14,20,20,16,16,0
2026-08-14T15:30:11.133783,14,20,20,15,16,0
2026-08-14T15:30:11.133783,14,21,20,16,17,0
2026-08-14T15:30:11.136430,13,21,21,16,17,0
2026-08-14T15:30:11.137153,13,21,20,15,17,0
2026-08-14T15:30:11.139585,15,21,19,16,17,0
2026-08-14T15:30:11.139585,14,19,21,16,17,0
2026-08-14T15:30:11.139585,14,20,20,15,17,0
2026-08-14T15:30:11.139585,14,20,20,15,16,0
2026-08-14T15:30:11.139585,15,20,19,16,17,0
2026-08-14T15:30:11.139585,14,19,19,15,16,0
2026-08-14T15:30:11.139585,13,20,20,15,16,0
2026-08-14T15:30:11.147802,13,21,21,15,17,0
2026-08-14T15:30:11.147802,14,20,20,15,16,0
2026-08-14T15:30:11.147802,15,21,22,17,16,0
2026-08-14T15:30:11.147802,13,21,20,16,16,0
2026-08-14T15:30:11.149810,14,21,21,16,17,0
2026-08-14T15:30:11.152660,15,20,21,16,17,0
2026-08-14T15:30:11.153264,14,19,19,16,17,0
2026-08-14T15:30:11.155882,14,19,20,16,17,0
2026-08-14T15:30:11.156603,14,20,20,15,16,0
2026-08-14T15:30:11.156603,14,19,19,15,16,0
2026-08-14T15:30:11.156603,15,20,20,16,17,0
2026-08-14T15:30:11.156603,14,21,21,15,17,0
2026-08-14T15:30:11.156603,14,20,20,16,17,0
2026-08-14T15:30:11.156603,15,21,20,16,17,0
2026-08-14T15:30:11.164019,15,20,20,16,17,0
2026-08-14T15:30:11.164019,14,21,21,16,18,0
2026-08-14T15:30:11.164019,15,19,21,16,17,0
2026-08-14T15:30:11.164019,15,21,20,16,16,0
2026-08-14T15:30:11.164019,14,20,19,16,17,0
2026-08-14T15:30:11.169248,14,21,21,16,18,0
2026-08-14T15:30:11.170123,14,19,20,16,16,0
2026-08-14T15:30:11.172378,14,20,20,15,16,0
2026-08-14T15:30:11.172378,14,20,20,15,17,0
2026-08-14T15:30:11.172378,15,21,20,15,16,0
2026-08-14T15:30:11.172378,15,20,21,16,17,0
2026-08-14T15:30:11.172378,14,21,20,15,17,0
2026-08-14T15:30:11.172378,14,20,20,15,17,0
2026-08-14T15:30:11.172378,15,20,20,16,16,0
2026-08-14T15:30:11.180480,14,20,19,16,16,0
2026-08-14T15:30:11.180480,15,20,20,16,16,0
2026-08-14T15:30:11.180480,15,21,20,16,17,0
2026-08-14T15:30:11.184575,15,20,21,15,17,0
2026-08-14T15:30:11.184575,14,20,21,16,16,0
2026-08-14T15:30:11.184575,15,19,20,16,17,0
2026-08-14T15:30:11.185995,15,20,20,15,16,0
2026-08-14T15:30:11.188675,14,21,21,15,16,0
2026-08-14T15:30:11.188675,14,20,20,15,17,0
2026-08-14T15:30:11.188675,15,21,20,15,17,0
2026-08-14T15:30:11.192751,14,21,20,16,16,0
2026-08-14T15:30:11.192751,13,20,21,16,16,0
2026-08-14T15:30:11.192751,15,20,20,16,17,0
2026-08-14T15:30:11.196891,13,21,19,16,18,0
2026-08-14T15:30:11.196891,14,21,20,16,17,0
2026-08-14T15:30:11.196891,15,21,20,15,16,0
2026-08-14T15:30:11.196891,15,21,21,15,17,0
2026-08-14T15:30:11.196891,14,20,19,16,16,0
2026-08-14T15:30:11.196891,14,21,19,15,17,0
2026-08-14T15:30:11.196891,15,20,20,16,16,0
2026-08-14T15:30:11.204555,14,20,20,15,17,0
2026-08-14T15:30:11.204555,14,21,20,16,16,0
2026-08-14T15:30:11.204555,15,21,20,15,17,0
2026-08-14T15:30:11.204555,14,21,20,16,16,0
2026-08-14T15:30:11.204555,13,21,20,16,17,0
2026-08-14T15:30:11.204555,14,20,21,16,17,0
2026-08-14T15:30:11.204555,13,21,20,16,17,0
2026-08-14T15:30:11.213241,14,21,19,16,17,0
2026-08-14T15:30:11.213241,15,20,20,16,17,0
2026-08-14T15:30:11.213241,14,21,19,17,17,0
2026-08-14T15:30:11.213241,14,20,20,16,17,0
2026-08-14T15:30:11.217327,14,20,21,16,18,0
2026-08-14T15:30:11.217327,13,21,21,16,17,0
2026-08-14T15:30:11.217327,14,21,20,15,16,0
2026-08-14T15:30:11.220342,14,20,20,16,17,0
2026-08-14T15:30:11.220342,13,19,20,17,17,0
2026-08-14T15:30:11.220342,13,21,21,16,17,0
2026-08-14T15:30:11.223205,15,21,20,16,17,0
2026-08-14T15:30:11.223205,14,21,20,16,17,0
2026-08-14T15:30:11.223205,15,20,21,17,16,0
2026-08-14T15:30:11.223205,14,20,19,15,17,0
2026-08-14T15:30:11.228662,14,21,21,16,17,0
2026-08-14T15:30:11.228662,14,20,19,15,17,0
2026-08-14T15:30:11.228662,15,20,20,15,16,0
2026-08-14T15:30:11.228662,14,21,21,16,17,0
2026-08-14T15:30:11.228662,13,21,21,15,16,0
2026-08-14T15:30:11.228662,15,20,20,15,16,0
2026-08-14T15:30:11.236385,15,20,21,16,17,0
2026-08-14T15:30:11.237230,14,21,19,15,17,0
2026-08-14T15:30:11.237230,13,20,20,16,16,0
2026-08-14T15:30:11.239368,14,20,20,15,17,0
2026-08-14T15:30:11.239368,15,21,21,16,17,0
2026-08-14T15:30:11.239368,15,20,21,16,17,0
2026-08-14T15:30:11.239368,14,19,19,17,16,0
2026-08-14T15:30:11.244420,15,20,20,16,16,0
2026-08-14T15:30:11.244420,14,20,21,15,17,0
2026-08-14T15:30:11.244420,16,20,21,15,17,0
2026-08-14T15:30:11.244420,15,20,20,15,17,0
2026-08-14T15:30:11.249369,13,20,20,16,17,0
2026-08-14T15:30:11.250393,14,21,20,16,17,0
2026-08-14T15:30:11.250393,13,20,20,16,16,0
2026-08-14T15:30:11.251440,14,20,21,16,17,0
2026-08-14T15:30:11.253619,13,19,21,16,18,0
2026-08-14T15:30:11.253619,14,20,20,16,17,0
2026-08-14T15:30:11.255251,14,21,21,15,17,0
2026-08-14T15:30:11.258290,15,20,19,17,17,0
2026-08-14T15:30:11.258290,14,19,20,16,17,0
2026-08-14T15:30:11.258290,14,21,20,16,16,0
2026-08-14T15:30:11.258290,14,20,20,15,16,0
2026-08-14T15:30:11.262012,15,20,20,15,16,0
2026-08-14T15:30:11.262012,13,21,19,16,17,0
2026-08-14T15:30:11.262012,15,21,21,15,17,0
2026-08-14T15:30:11.262012,14,21,20,15,16,0
2026-08-14T15:30:11.262012,15,20,19,16,18,0
2026-08-14T15:30:11.262012,14,20,20,16,17,0
2026-08-14T15:30:11.269942,14,21,20,16,18,0
2026-08-14T15:30:11.269942,14,21,20,15,16,0
2026-08-14T15:30:11.269942,14,21,20,16,17,0
2026-08-14T15:30:11.272317,14,19,20,16,17,0
2026-08-14T15:30:11.272317,14,20,19,16,17,0
2026-08-14T15:30:11.272317,15,20,20,15,17,0
2026-08-14T15:30:11.272317,14,20,20,15,17,0
2026-08-14T15:30:11.276561,14,20,20,16,16,0
2026-08-14T15:30:11.276561,14,21,21,16,17,0
2026-08-14T15:30:11.280539,14,20,20,16,18,0
2026-08-14T15:30:11.280539,14,21,20,15,17,0
2026-08-14T15:30:11.280539,14,21,20,16,16,0
2026-08-14T15:30:11.280539,14,19,21,15,16,0
2026-08-14T15:30:11.284861,14,19,19,16,17,0
2026-08-14T15:30:11.286966,13,21,20,16,17,0
2026-08-14T15:30:11.286966,15,21,19,16,16,0
2026-08-14T15:30:11.286966,14,20,20,16,16,0
2026-08-14T15:30:11.288717,14,21,20,16,16,0
2026-08-14T15:30:11.291076,14,21,20,15,16,0
2026-08-14T15:30:11.291076,14,22,20,15,17,0
2026-08-14T15:30:11.291076,15,21,20,15,16,0
2026-08-14T15:30:11.293937,14,20,20,17,17,0
2026-08-14T15:30:11.293937,15,20,20,15,16,0
2026-08-14T15:30:11.293937,14,21,20,16,17,0
2026-08-14T15:30:11.296933,14,21,20,16,17,0
2026-08-14T15:30:11.296933,14,20,20,16,17,0
2026-08-14T15:30:11.296933,14,21,20,16,17,0
2026-08-14T15:30:11.301053,14,20,20,15,17,0
2026-08-14T15:30:11.302735,14,20,20,15,17,0
2026-08-14T15:30:11.303579,14,21,20,16,17,0
2026-08-14T15:30:11.303579,15,20,19,16,17,0
2026-08-14T15:30:11.303579,14,21,20,15,16,0
2026-08-14T15:30:11.303579,13,20,20,15,17,0
2026-08-14T15:30:11.303579,15,20,22,15,17,0
2026-08-14T15:30:11.309524,13,21,20,16,17,0
2026-08-14T15:30:11.309524,13,21,21,16,17,0
2026-08-14T15:30:11.309524,14,21,20,15,17,0
2026-08-14T15:30:11.309524,14,21,21,16,17,0
2026-08-14T15:30:11.315643,13,21,19,16,17,0
2026-08-14T15:30:11.315643,14,19,20,17,17,0
2026-08-14T15:30:11.315643,15,20,21,16,16,0
2026-08-14T15:30:11.317402,14,20,21,17,16,0
2026-08-14T15:30:11.319555,14,21,19,16,17,0
2026-08-14T15:30:11.320207,15,21,20,15,16,0
2026-08-14T15:30:11.320207,15,19,20,16,16,0
2026-08-14T15:30:11.323829,14,21,20,16,17,0
2026-08-14T15:30:11.323829,14,20,21,16,17,0
2026-08-14T15:30:11.323829,13,21,20,16,18,0
2026-08-14T15:30:11.325594,13,20,20,16,16,0
2026-08-14T15:30:11.327926,13,20,20,15,16,0
2026-08-14T15:30:11.327926,15,21,20,16,17,0
2026-08-14T15:30:11.327926,14,19,20,16,17,0
2026-08-14T15:30:11.331190,14,20,21,16,17,0
2026-08-14T15:30:11.331190,15,20,19,15,16,0
2026-08-14T15:30:11.333800,14,20,19,15,16,0
2026-08-14T15:30:11.336381,15,20,20,15,17,0
2026-08-14T15:30:11.337586,15,21,20,15,17,0
2026-08-14T15:30:11.337586,13,20,21,16,17,0
2026-08-14T15:30:11.337586,14,21,20,16,17,0
2026-08-14T15:30:11.337586,15,20,20,16,16,0
2026-08-14T15:30:11.337586,14,20,19,16,17,0
2026-08-14T15:30:11.337586,15,21,20,16,18,0
2026-08-14T15:30:11.341963,13,20,20,16,17,0
2026-08-14T15:30:11.341963,14,20,20,16,17,0
2026-08-14T15:30:11.341963,14,20,20,16,17,0
2026-08-14T15:30:11.346087,14,20,20,15,16,0
2026-08-14T15:30:11.346087,15,20,20,15,17,0
2026-08-14T15:30:11.346087,15,22,19,15,17,0
2026-08-14T15:30:11.346087,14,21,20,15,16,0
2026-08-14T15:30:11.351284,14,20,20,15,16,0
2026-08-14T15:30:11.354198,15,20,21,15,16,0
2026-08-14T15:30:11.354198,13,20,20,16,17,0
2026-08-14T15:30:11.354198,15,20,20,16,17,0
2026-08-14T15:30:11.354198,14,19,19,16,17,0
2026-08-14T15:30:11.358525,14,20,21,16,16,0
2026-08-14T15:30:11.358525,14,21,20,15,17,0
2026-08-14T15:30:11.360690,15,20,19,15,17,0
2026-08-14T15:30:11.360690,16,20,21,15,16,0
2026-08-14T15:30:11.360690,16,20,20,17,17,0
2026-08-14T15:30:11.364952,14,20,20,15,16,0
2026-08-14T15:30:11.364952,14,20,20,16,16,0
2026-08-14T15:30:11.364952,14,21,21,15,17,0
2026-08-14T15:30:11.366702,13,21,20,15,16,0
2026-08-14T15:30:11.368718,14,21,20,16,17,0
2026-08-14T15:30:11.369413,14,20,21,16,17,0
2026-08-14T15:30:11.370707,15,20,19,15,17,0
2026-08-14T15:30:11.372875,13,19,20,16,17,0
2026-08-14T15:30:11.372875,15,19,20,16,17,0
2026-08-14T15:30:11.374885,14,21,20,15,17,0
2026-08-14T15:30:11.375868,15,20,19,16,17,0
2026-08-14T15:30:11.375868,15,20,21,16,17,0
2026-08-14T15:30:11.377883,14,20,20,16,16,0
2026-08-14T15:30:11.378828,14,21,20,15,17,0
2026-08-14T15:30:11.380902,14,20,20,15,17,0
2026-08-14T15:30:11.380902,14,21,21,15,17,0
2026-08-14T15:30:11.380902,14,20,20,16,17,0
2026-08-14T15:30:11.383662,13,20,20,16,17,0
2026-08-14T15:30:11.383662,13,20,20,15,17,0
2026-08-14T15:30:11.386098,14,20,20,16,17,0
2026-08-14T15:30:11.386736,14,21,19,16,17,0
2026-08-14T15:30:11.389545,14,21,21,16,17,0
2026-08-14T15:30:11.389545,14,20,20,15,16,0
2026-08-14T15:30:11.389545,14,20,19,16,17,0
2026-08-14T15:30:11.391301,15,20,20,16,17,0
2026-08-14T15:30:11.391301,13,20,21,15,16,0
2026-08-14T15:30:11.391301,14,21,20,15,16,0
2026-08-14T15:30:11.391301,14,21,20,15,16,0
2026-08-14T15:30:11.391301,13,20,20,16,17,0
2026-08-14T15:30:11.391301,12,21,20,16,17,0
2026-08-14T15:30:11.391301,13,21,21,16,17,0
2026-08-14T15:30:11.399511,14,20,20,16,16,0
2026-08-14T15:30:11.399511,14,19,19,16,17,0
2026-08-14T15:30:11.403341,13,19,20,16,18,0
2026-08-14T15:30:11.404025,15,20,21,16,17,0
2026-08-14T15:30:11.404025,16,20,20,16,17,0
2026-08-14T15:30:11.404025,15,20,19,15,16,0
2026-08-14T15:30:11.404025,15,21,20,15,18,0
2026-08-14T15:30:11.410018,13,20,20,15,16,0
2026-08-14T15:30:11.410018,14,21,20,15,17,0
2026-08-14T15:30:11.410018,14,21,20,16,17,0
2026-08-14T15:30:11.410018,14,21,20,16,16,0
2026-08-14T15:30:11.413941,12,21,20,16,17,0
2026-08-14T15:30:11.413941,14,21,20,15,16,0
2026-08-14T15:30:11.413941,15,21,19,15,17,0
2026-08-14T15:30:11.416655,15,20,19,16,17,0
2026-08-14T15:30:11.416655,14,20,21,16,16,0
2026-08-14T15:30:11.420562,14,20,21,15,17,0
2026-08-14T15:30:11.420562,15,20,19,16,17,0
2026-08-14T15:30:11.420562,14,20,20,15,16,0
2026-08-14T15:30:11.420562,13,20,21,15,17,0
2026-08-14T15:30:11.420562,15,21,20,15,18,0
2026-08-14T15:30:11.423857,14,20,20,15,17,0
2026-08-14T15:30:11.423857,15,19,20,15,18,0
2026-08-14T15:30:11.423857,16,21,20,16,17,0
2026-08-14T15:30:11.428160,13,21,20,16,17,0
2026-08-14T15:30:11.428160,14,21,20,15,17,0
2026-08-14T15:30:11.432145,14,19,19,15,17,0
2026-08-14T15:30:11.432145,14,19,19,16,17,0
2026-08-14T15:30:11.432145,15,20,20,16,17,0
2026-08-14T15:30:11.432145,15,21,20,15,17,0
2026-08-14T15:30:11.436098,16,20,19,15,17,0
2026-08-14T15:30:11.438700,14,20,20,15,17,0
2026-08-14T15:30:11.438700,14,21,21,16,16,0
2026-08-14T15:30:11.438700,13,21,20,15,16,0
2026-08-14T15:30:11.440456,14,20,20,16,17,0
2026-08-14T15:30:11.442607,14,19,19,15,16,0
2026-08-14T15:30:11.443486,13,20,19,16,16,0
2026-08-14T15:30:11.443486,14,20,20,15,18,0
2026-08-14T15:30:11.443486,14,20,20,15,17,0
2026-08-14T15:30:11.443486,15,20,19,15,17,0
2026-08-14T15:30:11.443486,14,21,19,16,17,0
2026-08-14T15:30:11.448495,15,20,20,16,17,0
2026-08-14T15:30:11.448495,15,22,20,15,17,0
2026-08-14T15:30:11.448495,16,20,21,16,16,0
2026-08-14T15:30:11.452741,14,21,21,15,17,0
2026-08-14T15:30:11.454427,13,19,20,16,17,0
2026-08-14T15:30:11.455478,14,21,20,16,16,0
2026-08-14T15:30:11.455478,13,21,21,15,17,0
2026-08-14T15:30:11.456502,15,21,20,16,17,0
2026-08-14T15:30:11.458755,15,19,19,16,16,0
2026-08-14T15:30:11.459823,14,20,20,16,17,0
2026-08-14T15:30:11.459823,14,20,20,16,17,0
2026-08-14T15:30:11.462749,14,20,20,15,17,0
2026-08-14T15:30:11.462749,15,20,20,16,17,0
2026-08-14T15:30:11.464651,15,21,20,15,16,0
2026-08-14T15:30:11.465807,14,21,20,16,18,0
2026-08-14T15:30:11.465807,14,21,20,15,16,0
2026-08-14T15:30:11.465807,14,20,20,15,17,0
2026-08-14T15:30:11.469261,13,20,21,16,17,0
2026-08-14T15:30:11.471279,14,20,20,15,16,0
2026-08-14T15:30:11.471279,14,20,21,16,16,0
2026-08-14T15:30:11.471279,13,19,19,16,17,0
2026-08-14T15:30:11.473056,14,19,21,16,17,0
2026-08-14T15:30:11.473056,16,20,20,15,17,0
2026-08-14T15:30:11.473056,15,20,20,16,17,0
2026-08-14T15:30:11.477158,15,20,19,15,17,0
2026-08-14T15:30:11.477158,13,21,20,16,17,0
2026-08-14T15:30:11.477158,13,20,21,17,17,0
2026-08-14T15:30:11.477158,15,21,20,15,17,0
2026-08-14T15:30:11.481230,14,20,20,16,17,0
2026-08-14T15:30:11.481230,15,21,19,16,17,0
2026-08-14T15:30:11.481230,14,20,20,16,16,0
2026-08-14T15:30:11.486029,14,21,20,16,16,0
2026-08-14T15:30:11.486941,14,19,19,16,17,0
2026-08-14T15:30:11.486941,14,20,19,15,17,0
2026-08-14T15:30:11.489690,14,20,20,15,16,0
2026-08-14T15:30:11.491855,16,20,20,16,17,0
2026-08-14T15:30:11.491855,14,20,19,16,16,0
2026-08-14T15:30:11.491855,15,21,20,15,17,0
2026-08-14T15:30:11.494328,13,20,20,15,17,0
2026-08-14T15:30:11.494328,13,20,20,16,17,0
2026-08-14T15:30:11.494328,15,20,20,16,17,0
2026-08-14T15:30:11.497925,15,20,19,16,17,0
2026-08-14T15:30:11.497925,14,19,20,16,17,0
2026-08-14T15:30:11.497925,13,20,19,16,17,0
2026-08-14T15:30:11.497925,15,20,19,15,17,0
2026-08-14T15:30:11.504192,14,19,19,16,17,0
2026-08-14T15:30:11.504192,14,21,20,15,17,0
2026-08-14T15:30:11.504192,14,20,20,15,16,0
2026-08-14T15:30:11.506158,13,20,19,15,16,0
2026-08-14T15:30:11.506158,15,20,20,15,17,0
2026-08-14T15:30:11.506158,14,21,20,16,17,0
2026-08-14T15:30:11.506158,13,20,20,16,17,0
2026-08-14T15:30:11.506158,14,21,20,16,17,0
2026-08-14T15:30:11.506158,14,19,20,16,17,0
2026-08-14T15:30:11.506158,14,20,20,15,16,0
2026-08-14T15:30:11.514297,14,20,20,15,17,0
2026-08-14T15:30:11.516519,14,20,20,15,17,0
2026-08-14T15:30:11.516519,16,21,21,15,17,0
2026-08-14T15:30:11.516519,14,21,20,15,17,0
2026-08-14T15:30:11.519716,13,21,20,16,17,0
2026-08-14T15:30:11.520608,13,20,20,15,17,0
2026-08-14T15:30:11.520608,13,22,20,16,16,0
2026-08-14T15:30:11.520608,14,20,20,15,17,0
2026-08-14T15:30:11.524242,14,21,20,16,17,0
2026-08-14T15:30:11.524242,13,20,20,15,16,0
2026-08-14T15:30:11.524242,14,21,20,16,16,0
2026-08-14T15:30:11.524242,15,20,19,15,16,0
2026-08-14T15:30:11.524242,14,21,20,15,17,0
2026-08-14T15:30:11.524242,14,20,20,15,17,0
2026-08-14T15:30:11.530807,14,21,20,15,17,0
2026-08-14T15:30:11.530807,14,20,20,15,17,0
2026-08-14T15:30:11.530807,15,20,21,15,18,0
2026-08-14T15:30:11.534471,14,20,20,16,17,0
2026-08-14T15:30:11.536580,14,21,21,16,16,0
2026-08-14T15:30:11.537022,13,20,19,15,18,0
2026-08-14T15:30:11.537022,13,19,21,16,18,0
2026-08-14T15:30:11.539030,13,19,19,16,18,0
2026-08-14T15:30:11.539030,14,21,20,16,17,0
2026-08-14T15:30:11.539030,14,20,20,17,17,0
2026-08-14T15:30:11.542678,14,20,19,15,17,0
2026-08-14T15:30:11.545026,14,20,20,16,17,0
2026-08-14T15:30:11.545026,15,21,21,15,16,0
2026-08-14T15:30:11.547040,14,21,20,16,16,0
2026-08-14T15:30:11.549055,14,20,21,16,16,0
2026-08-14T15:30:11.549055,14,19,19,16,18,0
2026-08-14T15:30:11.549055,14,19,21,16,16,0
2026-08-14T15:30:11.549055,14,20,20,15,17,0
2026-08-14T15:30:11.553097,14,20,20,16,17,0
2026-08-14T15:30:11.553097,15,20,20,16,16,0
2026-08-14T15:30:11.553097,14,20,20,15,16,0
2026-08-14T15:30:11.555388,14,20,20,15,16,0
2026-08-14T15:30:11.555388,14,20,19,15,16,0
2026-08-14T15:30:11.555388,14,22,20,16,17,0
2026-08-14T15:30:11.555388,13,20,20,16,17,0
2026-08-14T15:30:11.559521,14,21,20,16,17,0
2026-08-14T15:30:11.559521,15,20,20,16,17,0
2026-08-14T15:30:11.559521,15,21,19,16,16,0
2026-08-14T15:30:11.563405,14,19,20,16,17,0
2026-08-14T15:30:11.563405,14,20,21,16,16,0
2026-08-14T15:30:11.563405,14,20,19,15,17,0
2026-08-14T15:30:11.563405,15,20,20,16,17,0
2026-08-14T15:30:11.569691,15,20,20,15,17,0
2026-08-14T15:30:11.569691,14,20,20,16,16,0
2026-08-14T15:30:11.571148,13,20,20,15,17,0
2026-08-14T15:30:11.572387,13,21,20,15,17,0
2026-08-14T15:30:11.573846,14,20,21,15,17,0
2026-08-14T15:30:11.573846,13,21,19,15,18,0
2026-08-14T15:30:11.577956,14,21,20,16,17,0
2026-08-14T15:30:11.577956,15,20,20,16,16,0
2026-08-14T15:30:11.577956,14,20,19,16,17,0
2026-08-14T15:30:11.577956,15,21,20,15,16,0
2026-08-14T15:30:11.581876,15,20,20,15,17,0
2026-08-14T15:30:11.581876,15,21,20,15,17,0
2026-08-14T15:30:11.581876,14,21,20,15,16,0
2026-08-14T15:30:11.585747,15,21,20,15,16,0
2026-08-14T15:30:11.586476,14,21,19,15,16,0
2026-08-14T15:30:11.587685,13,24,20,16,16,0
2026-08-14T15:30:11.587685,15,20,20,15,16,0
2026-08-14T15:30:11.589277,14,19,20,15,16,0
2026-08-14T15:30:11.589277,15,20,20,16,16,0
2026-08-14T15:30:11.589277,14,20,20,16,17,0
2026-08-14T15:30:11.589277,14,20,19,15,16,0
2026-08-14T15:30:11.589277,14,20,20,15,16,0
2026-08-14T15:30:11.589277,15,21,20,15,17,0
2026-08-14T15:30:11.595615,15,21,20,15,16,0
2026-08-14T15:30:11.595615,14,20,20,15,16,0
2026-08-14T15:30:11.595615,14,20,21,16,17,0
2026-08-14T15:30:11.595615,13,21,20,15,16,0
2026-08-14T15:30:11.595615,14,21,20,16,17,0
2026-08-14T15:30:11.603753,12,21,21,15,16,0
2026-08-14T15:30:11.603753,15,20,21,16,17,0
2026-08-14T15:30:11.603753,13,19,20,16,18,0
2026-08-14T15:30:11.603753,15,19,20,16,16,0
2026-08-14T15:30:11.603753,13,21,20,16,16,0
2026-08-14T15:30:11.603753,15,20,20,15,16,0
2026-08-14T15:30:11.603753,15,21,21,15,17,0
2026-08-14T15:30:11.603753,14,21,20,15,16,0
2026-08-14T15:30:11.603753,13,20,21,16,17,0
2026-08-14T15:30:11.614651,15,21,20,16,17,0
2026-08-14T15:30:11.614651,15,20,19,16,16,0
2026-08-14T15:30:11.614651,14,20,20,16,18,0
2026-08-14T15:30:11.616410,13,19,20,15,17,0
2026-08-14T15:30:11.616410,15,20,20,15,16,0
2026-08-14T15:30:11.620022,15,20,20,16,17,0
2026-08-14T15:30:11.620983,14,20,19,15,17,0
2026-08-14T15:30:11.620983,14,20,20,15,16,0
2026-08-14T15:30:11.620983,15,20,21,15,16,0
2026-08-14T15:30:11.624568,13,21,20,15,17,0
2026-08-14T15:30:11.624568,14,21,20,16,17,0
2026-08-14T15:30:11.626229,14,21,20,16,18,0
2026-08-14T15:30:11.626229,14,19,20,16,16,0
2026-08-14T15:30:11.628041,15,21,20,15,16,0
2026-08-14T15:30:11.628041,15,20,20,16,17,0
2026-08-14T15:30:11.628041,14,19,20,16,17,0
2026-08-14T15:30:11.628041,15,19,20,15,16,0
2026-08-14T15:30:11.632948,14,20,19,15,16,0
2026-08-14T15:30:11.636061,15,21,20,16,17,0
2026-08-14T15:30:11.637412,14,20,20,15,17,0
2026-08-14T15:30:11.637412,15,20,20,16,16,0
2026-08-14T15:30:11.637412,14,21,20,15,17,0
2026-08-14T15:30:11.637412,15,20,19,16,16,0
2026-08-14T15:30:11.637412,14,19,20,16,17,0
2026-08-14T15:30:11.637412,14,20,19,15,17,0
2026-08-14T15:30:11.637412,15,21,20,16,17,0
2026-08-14T15:30:11.644460,14,20,20,16,17,0
2026-08-14T15:30:11.644460,15,20,21,16,17,0
2026-08-14T15:30:11.647417,14,20,21,16,17,0
2026-08-14T15:30:11.647417,14,20,20,15,17,0
2026-08-14T15:30:11.647417,14,20,20,15,17,0
2026-08-14T15:30:11.651679,15,20,20,15,16,0
2026-08-14T15:30:11.652697,13,20,20,15,16,0
2026-08-14T15:30:11.653831,15,19,20,16,16,0
2026-08-14T15:30:11.654206,13,20,20,15,16,0
2026-08-14T15:30:11.654206,14,19,19,15,17,0
2026-08-14T15:30:11.654206,14,20,19,14,17,0
2026-08-14T15:30:11.654206,15,20,19,16,17,0
2026-08-14T15:30:11.658004,14,20,19,15,17,0
2026-08-14T15:30:11.658004,14,20,20,15,17,0
2026-08-14T15:30:11.660746,15,21,20,15,16,0
2026-08-14T15:30:11.660746,15,21,20,15,17,0
2026-08-14T15:30:11.660746,13,20,20,16,17,0
2026-08-14T15:30:11.660746,14,21,20,15,16,0
2026-08-14T15:30:11.660746,15,19,20,16,17,0
2026-08-14T15:30:11.660746,15,21,20,16,18,0
2026-08-14T15:30:11.660746,13,19,19,15,16,0
2026-08-14T15:30:11.668917,15,21,21,15,16,0
2026-08-14T15:30:11.670430,15,21,19,15,16,0
2026-08-14T15:30:11.670430,14,19,19,15,16,0
2026-08-14T15:30:11.670430,14,20,20,14,16,0
2026-08-14T15:30:11.670430,14,20,20,15,16,0
2026-08-14T15:30:11.670430,13,20,20,15,16,0
2026-08-14T15:30:11.677111,14,21,20,14,18,0
2026-08-14T15:30:11.677111,14,19,20,15,17,0
2026-08-14T15:30:11.680178,14,20,21,16,16,0
2026-08-14T15:30:11.680178,14,21,20,15,17,0
2026-08-14T15:30:11.681944,14,21,19,16,17,0
2026-08-14T15:30:11.681944,14,20,19,16,17,0
2026-08-14T15:30:11.681944,14,19,21,15,16,0
2026-08-14T15:30:11.684671,14,21,20,15,17,0
2026-08-14T15:30:11.684671,15,20,20,15,16,0
2026-08-14T15:30:11.688375,14,20,19,15,17,0
2026-08-14T15:30:11.688375,15,21,22,16,16,0
2026-08-14T15:30:11.688375,13,20,20,15,17,0
2026-08-14T15:30:11.688375,14,21,20,16,16,0
2026-08-14T15:30:11.692477,14,20,19,16,17,0
2026-08-14T15:30:11.692477,13,20,19,15,17,0
2026-08-14T15:30:11.692477,14,20,20,16,17,0
2026-08-14T15:30:11.696575,14,21,20,15,17,0
2026-08-14T15:30:11.696575,14,20,19,15,17,0
2026-08-14T15:30:11.698338,14,20,20,16,17,0
2026-08-14T15:30:11.698338,14,20,20,15,16,0
2026-08-14T15:30:11.700965,15,20,19,15,17,0
2026-08-14T15:30:11.700965,13,20,18,15,17,0
2026-08-14T15:30:11.703366,14,20,21,16,17,0
2026-08-14T15:30:11.704682,14,20,21,15,16,0
2026-08-14T15:30:11.704682,14,21,21,16,17,0
2026-08-14T15:30:11.704682,14,19,20,16,17,0
2026-08-14T15:30:11.706693,14,20,19,15,17,0
2026-08-14T15:30:11.709322,14,20,19,15,16,0
2026-08-14T15:30:11.709322,14,21,20,15,17,0
2026-08-14T15:30:11.709322,15,20,20,15,16,0
2026-08-14T15:30:11.713128,14,20,19,15,16,0
2026-08-14T15:30:11.713128,14,20,20,15,17,0
2026-08-14T15:30:11.713128,15,21,20,15,17,0
2026-08-14T15:30:11.714884,14,21,20,15,16,0
2026-08-14T15:30:11.717841,14,20,20,15,17,0
2026-08-14T15:30:11.717841,14,21,20,15,16,0
2026-08-14T15:30:11.717841,14,21,20,16,17,0
2026-08-14T15:30:11.720626,13,20,20,15,17,0
2026-08-14T15:30:11.720626,13,21,20,16,17,0
2026-08-14T15:30:11.720626,14,19,19,15,17,0
2026-08-14T15:30:11.722970,15,20,19,15,17,0
2026-08-14T15:30:11.726018,14,21,20,15,17,0
2026-08-14T15:30:11.726018,14,20,19,15,16,0
2026-08-14T15:30:11.726018,15,20,20,15,17,0
2026-08-14T15:30:11.726018,15,21,20,15,16,0
2026-08-14T15:30:11.726018,15,21,20,15,17,0
2026-08-14T15:30:11.726018,14,21,20,15,16,0
2026-08-14T15:30:11.726018,14,20,21,15,16,0
2026-08-14T15:30:11.734108,13,19,20,16,16,0
2026-08-14T15:30:11.734108,14,20,20,15,17,0
2026-08-14T15:30:11.737265,12,21,20,15,17,0
2026-08-14T15:30:11.737265,13,20,20,15,17,0
2026-08-14T15:30:11.737265,14,20,20,16,17,0
2026-08-14T15:30:11.739685,14,19,20,15,16,0
2026-08-14T15:30:11.739685,15,22,20,15,17,0
2026-08-14T15:30:11.741862,14,20,20,15,15,0
2026-08-14T15:30:11.742885,15,20,20,16,17,0
2026-08-14T15:30:11.745695,14,20,20,15,17,0
2026-08-14T15:30:11.745695,13,21,20,15,16,0
2026-08-14T15:30:11.745695,13,20,20,16,17,0
2026-08-14T15:30:11.747307,14,19,19,16,16,0
2026-08-14T15:30:11.749438,12,21,18,16,18,0
2026-08-14T15:30:11.750899,14,20,20,15,16,0
2026-08-14T15:30:11.750899,15,20,20,15,17,0
2026-08-14T15:30:11.753337,15,20,19,15,17,0
2026-08-14T15:30:11.753337,15,20,19,15,16,0
2026-08-14T15:30:11.753337,15,21,21,15,17,0
2026-08-14T15:30:11.753337,14,21,20,15,16,0
2026-08-14T15:30:11.758088,15,20,20,15,17,0
2026-08-14T15:30:11.758088,13,19,19,16,16,0
2026-08-14T15:30:11.758088,13,20,20,16,18,0
2026-08-14T15:30:11.758088,14,21,19,15,16,0
2026-08-14T15:30:11.758088,14,20,19,15,16,0
2026-08-14T15:30:11.758088,14,19,19,16,17,0
2026-08-14T15:30:11.765636,15,20,19,16,17,0
2026-08-14T15:30:11.765636,15,20,20,16,16,0
2026-08-14T15:30:11.765636,14,20,20,15,16,0
2026-08-14T15:30:11.767959,14,20,19,15,16,0
2026-08-14T15:30:11.770443,14,21,20,15,16,0
2026-08-14T15:30:11.770443,15,19,21,15,17,0
2026-08-14T15:30:11.770443,14,20,20,15,16,0
2026-08-14T15:30:11.774365,13,20,20,15,16,0
2026-08-14T15:30:11.774365,15,21,19,16,16,0
2026-08-14T15:30:11.774365,13,19,20,17,17,0
2026-08-14T15:30:11.774365,14,20,21,15,16,0
2026-08-14T15:30:11.777753,14,20,20,16,17,0
2026-08-14T15:30:11.777753,15,19,19,15,17,0
2026-08-14T15:30:11.779505,15,20,20,15,16,0
2026-08-14T15:30:11.782184,14,20,20,15,17,0
2026-08-14T15:30:11.782184,14,21,20,15,17,0
2026-08-14T15:30:11.782184,13,20,20,15,16,0
2026-08-14T15:30:11.782184,15,19,20,15,17,0
2026-08-14T15:30:11.786909,13,20,20,16,16,0
2026-08-14T15:30:11.786909,14,20,20,16,17,0
2026-08-14T15:30:11.786909,14,21,20,15,17,0
2026-08-14T15:30:11.790778,14,20,21,15,16,0
2026-08-14T15:30:11.790778,14,21,20,17,16,0
2026-08-14T15:30:11.790778,14,19,19,16,17,0
2026-08-14T15:30:11.792545,14,20,20,15,16,0
2026-08-14T15:30:11.794070,15,20,19,15,17,0
2026-08-14T15:30:11.794070,14,19,19,15,17,0
2026-08-14T15:30:11.794070,14,21,20,15,16,0
2026-08-14T15:30:11.798847,14,21,22,14,16,0
2026-08-14T15:30:11.798847,15,20,20,15,17,0
2026-08-14T15:30:11.798847,14,20,20,16,17,0
2026-08-14T15:30:11.802754,14,20,19,16,17,0
2026-08-14T15:30:11.803511,14,20,20,15,16,0
2026-08-14T15:30:11.803511,13,20,19,15,17,0
2026-08-14T15:30:11.805625,14,19,19,16,17,0
2026-08-14T15:30:11.807142,14,19,19,16,16,0
2026-08-14T15:30:11.807142,14,20,19,15,16,0
2026-08-14T15:30:11.807142,14,21,20,15,16,0
2026-08-14T15:30:11.807142,15,20,20,15,16,0
2026-08-14T15:30:11.807142,14,20,20,15,17,0
2026-08-14T15:30:11.807142,13,20,20,16,16,0
2026-08-14T15:30:11.807142,13,19,20,15,17,0
2026-08-14T15:30:11.807142,15,20,20,16,17,0
2026-08-14T15:30:11.815626,15,20,19,16,17,0
2026-08-14T15:30:11.816391,14,19,19,15,18,0
2026-08-14T15:30:11.819446,14,19,20,15,17,0
2026-08-14T15:30:11.820238,14,20,20,16,16,0
2026-08-14T15:30:11.820238,14,20,19,15,17,0
2026-08-14T15:30:11.820238,15,20,19,15,17,0
2026-08-14T15:30:11.823540,13,20,20,15,16,0
2026-08-14T15:30:11.823540,13,21,20,15,17,0
2026-08-14T15:30:11.823540,15,20,20,15,16,0
2026-08-14T15:30:11.826276,15,21,20,16,17,0
2026-08-14T15:30:11.826276,13,19,20,15,16,0
2026-08-14T15:30:11.826276,14,20,20,15,16,0
2026-08-14T15:30:11.831826,13,20,20,15,16,0
2026-08-14T15:30:11.831826,14,21,19,16,17,0
2026-08-14T15:30:11.831826,13,19,19,15,15,0
2026-08-14T15:30:11.831826,14,20,20,15,16,0
2026-08-14T15:30:11.831826,14,20,19,15,16,0
2026-08-14T15:30:11.836284,14,20,19,15,16,0
2026-08-14T15:30:11.837688,13,21,20,15,16,0
2026-08-14T15:30:11.837688,15,20,20,16,17,0
2026-08-14T15:30:11.840014,14,20,20,14,16,0
2026-08-14T15:30:11.840014,15,20,20,15,16,0
2026-08-14T15:30:11.840014,14,20,20,16,17,0
2026-08-14T15:30:11.840014,14,20,20,16,16,0
2026-08-14T15:30:11.840014,13,20,19,16,17,0
2026-08-14T15:30:11.840014,14,20,20,15,16,0
2026-08-14T15:30:11.848239,14,20,19,15,16,0
2026-08-14T15:30:11.848239,13,19,20,16,17,0
2026-08-14T15:30:11.850253,14,20,20,15,17,0
2026-08-14T15:30:11.850253,15,20,19,15,16,0
2026-08-14T15:30:11.850253,14,20,20,15,17,0
2026-08-14T15:30:11.853355,14,20,19,15,16,0
2026-08-14T15:30:11.853355,14,20,20,15,16,0
2026-08-14T15:30:11.856306,13,20,20,16,17,0
2026-08-14T15:30:11.856306,14,19,19,16,17,0
2026-08-14T15:30:11.856306,13,20,20,16,16,0
2026-08-14T15:30:11.856306,13,20,20,16,16,0
2026-08-14T15:30:11.859593,14,19,19,14,17,0
2026-08-14T15:30:11.859593,14,20,20,15,16,0
2026-08-14T15:30:11.859593,13,19,20,16,17,0
2026-08-14T15:30:11.864062,14,19,20,15,16,0
2026-08-14T15:30:11.864062,13,20,20,15,15,0
2026-08-14T15:30:11.864062,14,21,20,15,16,0
2026-08-14T15:30:11.864062,14,20,19,15,17,0
2026-08-14T15:30:11.864062,14,21,20,15,16,0
2026-08-14T15:30:11.870899,13,19,20,15,15,0
2026-08-14T15:30:11.872011,13,20,20,15,17,0
2026-08-14T15:30:11.872011,14,20,19,15,17,0
2026-08-14T15:30:11.874138,15,20,20,15,17,0
2026-08-14T15:30:11.874138,14,20,20,16,17,0
2026-08-14T15:30:11.876213,14,20,20,15,16,0
2026-08-14T15:30:11.876213,14,19,20,15,17,0
2026-08-14T15:30:11.876213,14,20,18,15,16,0
2026-08-14T15:30:11.876213,14,20,19,15,16,0
2026-08-14T15:30:11.880906,14,21,20,15,16,0
2026-08-14T15:30:11.880906,15,21,19,15,16,0
2026-08-14T15:30:11.881677,14,20,19,15,16,0
2026-08-14T15:30:11.884513,15,19,19,16,17,0
2026-08-14T15:30:11.886117,13,19,20,16,16,0
2026-08-14T15:30:11.886117,14,19,19,15,16,0
2026-08-14T15:30:11.887089,14,19,19,15,16,0
2026-08-14T15:30:11.889404,13,19,20,16,17,0
2026-08-14T15:30:11.889946,13,18,20,15,17,0
2026-08-14T15:30:11.890491,14,19,18,15,16,0
2026-08-14T15:30:11.893174,15,20,19,16,17,0
2026-08-14T15:30:11.893174,14,20,19,15,17,0
2026-08-14T15:30:11.893174,13,20,20,15,16,0
2026-08-14T15:30:11.896327,13,20,19,14,16,0
2026-08-14T15:30:11.896327,14,20,19,14,16,0
2026-08-14T15:30:11.898345,14,19,20,15,15,0
2026-08-14T15:30:11.898345,15,19,20,16,17,0
2026-08-14T15:30:11.900354,14,20,19,16,17,0
2026-08-14T15:30:11.900354,14,20,19,15,16,0
2026-08-14T15:30:11.902741,14,19,19,15,17,0
2026-08-14T15:30:11.904193,14,19,20,16,17,0
2026-08-14T15:30:11.904193,15,21,20,15,16,0
2026-08-14T15:30:11.906235,14,20,19,14,17,0
2026-08-14T15:30:11.906235,15,20,20,15,17,0
2026-08-14T15:30:11.909296,13,20,20,15,16,0
2026-08-14T15:30:11.909810,13,21,20,15,17,0
2026-08-14T15:30:11.909810,14,20,20,14,16,0
2026-08-14T15:30:11.912420,14,20,20,16,17,0
2026-08-14T15:30:11.912420,14,18,20,15,16,0
2026-08-14T15:30:11.912420,13,21,19,15,16,0
2026-08-14T15:30:11.912420,13,20,20,16,16,0
2026-08-14T15:30:11.912420,14,20,20,15,16,0
2026-08-14T15:30:11.912420,14,20,20,15,16,0
2026-08-14T15:30:11.912420,14,19,20,15,16,0
2026-08-14T15:30:11.921850,15,20,20,15,17,0
2026-08-14T15:30:11.921850,13,21,20,14,17,0
2026-08-14T15:30:11.921850,13,21,20,15,16,0
2026-08-14T15:30:11.921850,13,19,20,15,17,0
2026-08-14T15:30:11.925924,14,21,19,15,15,0
2026-08-14T15:30:11.925924,13,19,20,14,16,0
2026-08-14T15:30:11.925924,15,20,19,15,16,0
2026-08-14T15:30:11.928402,14,20,19,16,17,0
2026-08-14T15:30:11.928402,14,20,20,16,17,0
2026-08-14T15:30:11.928402,14,20,20,15,17,0
2026-08-14T15:30:11.931810,14,20,20,15,17,0
2026-08-14T15:30:11.931810,14,19,19,15,17,0
2026-08-14T15:30:11.931810,14,19,18,16,16,0
2026-08-14T15:30:11.937352,14,20,20,15,16,0
2026-08-14T15:30:11.937352,13,20,20,14,16,0
2026-08-14T15:30:11.937352,13,21,19,14,17,0
2026-08-14T15:30:11.937352,13,19,19,16,16,0
2026-08-14T15:30:11.937352,14,19,20,15,16,0
2026-08-14T15:30:11.937352,13,19,20,15,16,0
2026-08-14T15:30:11.937352,14,19,19,14,17,0
2026-08-14T15:30:11.944201,14,19,19,15,16,0
2026-08-14T15:30:11.946429,13,19,19,15,16,0
2026-08-14T15:30:11.946429,14,19,19,15,16,0
2026-08-14T15:30:11.946429,15,19,19,16,16,0
2026-08-14T15:30:11.950502,14,20,18,15,17,0
2026-08-14T15:30:11.950502,14,21,20,15,16,0
2026-08-14T15:30:11.950502,15,19,20,15,15,0
2026-08-14T15:30:11.953449,15,20,19,14,16,0
2026-08-14T15:30:11.953829,14,19,20,15,17,0
2026-08-14T15:30:11.953829,13,20,20,16,16,0
2026-08-14T15:30:11.953829,13,20,19,15,16,0
2026-08-14T15:30:11.957897,13,19,19,15,17,0
2026-08-14T15:30:11.957897,14,20,18,15,17,0
2026-08-14T15:30:11.957897,14,20,19,15,16,0
2026-08-14T15:30:11.960457,14,19,19,16,17,0
2026-08-14T15:30:11.960457,14,20,19,15,16,0
2026-08-14T15:30:11.964561,15,20,18,15,16,0
2026-08-14T15:30:11.964561,15,20,20,15,17,0
2026-08-14T15:30:11.964561,13,20,20,15,17,0
2026-08-14T15:30:11.964561,13,20,20,14,16,0
2026-08-14T15:30:11.964561,14,20,20,15,16,0
2026-08-14T15:30:11.970417,13,19,20,15,17,0
2026-08-14T15:30:11.970417,14,19,19,14,17,0
2026-08-14T15:30:11.970417,12,21,20,13,17,0
2026-08-14T15:30:11.970417,14,20,18,15,16,0
2026-08-14T15:30:11.970417,15,19,19,16,17,0
2026-08-14T15:30:11.970417,14,19,19,15,16,0
2026-08-14T15:30:11.970417,14,20,19,15,16,0
2026-08-14T15:30:11.979175,14,20,20,15,17,0
2026-08-14T15:30:11.979175,14,20,19,15,17,0
2026-08-14T15:30:11.979175,14,19,20,15,16,0
2026-08-14T15:30:11.979175,15,20,19,15,17,0
2026-08-14T15:30:11.983265,13,20,18,15,17,0
2026-08-14T15:30:11.983265,15,20,20,15,16,0
2026-08-14T15:30:11.983265,15,19,19,15,17,0
2026-08-14T15:30:11.986977,13,19,19,15,16,0
2026-08-14T15:30:11.986977,12,19,19,14,16,0
2026-08-14T15:30:11.986977,13,20,19,16,16,0
2026-08-14T15:30:11.989120,14,20,19,15,16,0
2026-08-14T15:30:11.989120,13,20,19,15,16,0
2026-08-14T15:30:11.989120,14,20,18,15,15,0
2026-08-14T15:30:11.989120,13,20,20,15,16,0
2026-08-14T15:30:11.993458,13,20,20,14,16,0
2026-08-14T15:30:11.993458,13,20,19,16,17,0
2026-08-14T15:30:11.993458,13,21,19,15,15,0
2026-08-14T15:30:11.993458,13,19,20,15,16,0
2026-08-14T15:30:11.993458,13,19,19,15,16,0
2026-08-14T15:30:11.993458,13,19,19,16,15,0
2026-08-14T15:30:12.002199,14,19,18,15,16,0
2026-08-14T15:30:12.003294,14,20,20,15,16,0
2026-08-14T15:30:12.003950,14,20,19,15,16,0
2026-08-14T15:30:12.003950,14,20,19,15,17,0
2026-08-14T15:30:12.003950,14,19,19,16,16,0
2026-08-14T15:30:12.003950,13,20,20,14,16,0
2026-08-14T15:30:12.003950,14,21,20,15,17,0
2026-08-14T15:30:12.009888,14,19,19,15,16,0
2026-08-14T15:30:12.011940,14,19,18,15,17,0
2026-08-14T15:30:12.011940,13,19,20,15,16,0
2026-08-14T15:30:12.011940,12,19,19,15,16,0
2026-08-14T15:30:12.011940,14,20,19,15,17,0
2026-08-14T15:30:12.011940,14,19,18,15,17,0
2026-08-14T15:30:12.011940,14,19,19,15,17,0
2026-08-14T15:30:12.018823,14,19,19,14,16,0
2026-08-14T15:30:12.020013,15,20,20,14,16,0
2026-08-14T15:30:12.020403,14,20,19,14,17,0
2026-08-14T15:30:12.020403,14,20,19,14,16,0
2026-08-14T15:30:12.020403,13,20,20,15,15,0
2026-08-14T15:30:12.020403,13,20,20,15,16,0
2026-08-14T15:30:12.020403,13,20,18,14,15,0
2026-08-14T15:30:12.026332,14,19,18,15,16,0
2026-08-14T15:30:12.026332,13,19,20,15,17,0
2026-08-14T15:30:12.026332,12,19,20,15,15,0
2026-08-14T15:30:12.026332,13,20,19,15,16,0
2026-08-14T15:30:12.026332,13,20,19,14,16,0
2026-08-14T15:30:12.026332,15,19,18,16,16,0
2026-08-14T15:30:12.026332,14,19,19,14,16,0
2026-08-14T15:30:12.036484,14,20,18,14,17,0
2026-08-14T15:30:12.037378,14,20,18,15,17,0
2026-08-14T15:30:12.037378,14,19,19,15,16,0
2026-08-14T15:30:12.037378,14,20,19,15,16,0
2026-08-14T15:30:12.040615,12,20,18,15,16,0
2026-08-14T15:30:12.040615,13,21,20,15,16,0
2026-08-14T15:30:12.040615,14,20,19,14,16,0
2026-08-14T15:30:12.044725,13,19,20,16,16,0
2026-08-14T15:30:12.044725,14,20,19,14,16,0
2026-08-14T15:30:12.044725,15,20,20,15,16,0
2026-08-14T15:30:12.046490,14,20,20,15,16,0
2026-08-14T15:30:12.048826,14,20,19,15,16,0
2026-08-14T15:30:12.048826,14,20,19,15,17,0
2026-08-14T15:30:12.048826,14,20,20,15,16,0
2026-08-14T15:30:12.050586,13,20,20,15,16,0
2026-08-14T15:30:12.054022,14,20,18,15,17,0
2026-08-14T15:30:12.054432,13,18,20,14,15,0
2026-08-14T15:30:12.054432,12,19,20,15,16,0
2026-08-14T15:30:12.054432,14,19,20,15,17,0
2026-08-14T15:30:12.054432,13,19,20,15,18,0
2026-08-14T15:30:12.058821,13,19,18,16,16,0
2026-08-14T15:30:12.058821,13,19,19,14,16,0
2026-08-14T15:30:12.058821,14,20,19,16,16,0
2026-08-14T15:30:12.058821,15,20,18,14,17,0
2026-08-14T15:30:12.062856,14,20,18,15,16,0
2026-08-14T15:30:12.062856,14,20,19,15,17,0
2026-08-14T15:30:12.062856,13,20,20,15,15,0
2026-08-14T15:30:12.066859,15,20,18,15,16,0
2026-08-14T15:30:12.066859,13,19,19,14,16,0
2026-08-14T15:30:12.069942,13,19,20,15,16,0
2026-08-14T15:30:12.070737,14,20,19,15,15,0
2026-08-14T15:30:12.073401,15,19,19,14,16,0
2026-08-14T15:30:12.073401,14,19,18,15,17,0
2026-08-14T15:30:12.073401,12,21,18,16,16,0
2026-08-14T15:30:12.075175,13,19,19,15,17,0
2026-08-14T15:30:12.077501,14,19,19,15,16,0
2026-08-14T15:30:12.077501,14,19,19,14,17,0
2026-08-14T15:30:12.077501,13,20,19,15,17,0
2026-08-14T15:30:12.077501,14,20,20,14,16,0
2026-08-14T15:30:12.077501,13,20,19,14,16,0
2026-08-14T15:30:12.077501,13,19,20,14,16,0
2026-08-14T15:30:12.083484,13,20,20,15,16,0
2026-08-14T15:30:12.083484,14,20,19,15,16,0
2026-08-14T15:30:12.086984,13,19,20,15,16,0
2026-08-14T15:30:12.086984,14,20,19,15,17,0
2026-08-14T15:30:12.086984,14,20,19,15,17,0
2026-08-14T15:30:12.086984,14,18,19,15,16,0
2026-08-14T15:30:12.086984,12,19,19,14,16,0
2026-08-14T15:30:12.091652,15,19,18,15,16,0
2026-08-14T15:30:12.091652,14,18,18,14,16,0
2026-08-14T15:30:12.091652,13,20,19,15,16,0
2026-08-14T15:30:12.091652,13,20,18,14,16,0
2026-08-14T15:30:12.091652,13,20,20,15,16,0
2026-08-14T15:30:12.091652,13,20,20,15,16,0
2026-08-14T15:30:12.091652,14,19,19,14,16,0
2026-08-14T15:30:12.101291,14,21,18,15,16,0
2026-08-14T15:30:12.103732,13,20,18,15,16,0
2026-08-14T15:30:12.103732,13,19,19,14,16,0
2026-08-14T15:30:12.103732,14,19,19,15,16,0
2026-08-14T15:30:12.103732,13,19,18,14,16,0
2026-08-14T15:30:12.103732,14,20,20,15,15,0
2026-08-14T15:30:12.107738,13,20,20,14,16,0
2026-08-14T15:30:12.110254,14,19,19,15,16,0
2026-08-14T15:30:12.110254,13,19,18,14,16,0
2026-08-14T15:30:12.110254,13,19,18,15,15,0
2026-08-14T15:30:12.112016,13,19,19,14,16,0
2026-08-14T15:30:12.112016,14,19,19,15,16,0
2026-08-14T15:30:12.112016,13,19,19,15,16,0
2026-08-14T15:30:12.115807,13,19,18,15,16,0
2026-08-14T15:30:12.115807,13,19,19,14,16,0
2026-08-14T15:30:12.119482,14,20,19,14,16,0
2026-08-14T15:30:12.120854,13,18,19,15,16,0
2026-08-14T15:30:12.120854,14,18,18,15,16,0
2026-08-14T15:30:12.120854,13,19,19,15,17,0
2026-08-14T15:30:12.120854,13,20,20,14,15,0
2026-08-14T15:30:12.124086,13,19,18,14,16,0
2026-08-14T15:30:12.124086,13,19,18,15,16,0
2026-08-14T15:30:12.124086,13,19,19,14,15,0
2026-08-14T15:30:12.124086,13,20,20,14,16,0
2026-08-14T15:30:12.124086,13,19,18,15,17,0
2026-08-14T15:30:12.124086,13,20,19,16,16,0
2026-08-14T15:30:12.132328,13,19,18,15,16,0
2026-08-14T15:30:12.133664,14,20,20,15,16,0
2026-08-14T15:30:12.133664,14,19,18,14,16,0
2026-08-14T15:30:12.133664,14,20,18,14,16,0
2026-08-14T15:30:12.136679,14,20,19,15,16,0
2026-08-14T15:30:12.136679,14,20,20,15,15,0
2026-08-14T15:30:12.136679,13,19,19,15,16,0
2026-08-14T15:30:12.136679,13,19,18,15,16,0
2026-08-14T15:30:12.140533,12,19,19,15,16,0
2026-08-14T15:30:12.140533,13,19,19,15,16,0
2026-08-14T15:30:12.140533,14,20,19,15,16,0
2026-08-14T15:30:12.140533,13,19,18,14,16,0
2026-08-14T15:30:12.140533,13,20,19,15,16,0
2026-08-14T15:30:12.140533,14,19,19,15,16,0
2026-08-14T15:30:12.140533,14,20,18,14,15,0
2026-08-14T15:30:12.148769,14,20,19,15,16,0
2026-08-14T15:30:12.151200,13,20,19,14,16,0
2026-08-14T15:30:12.151200,12,19,19,14,16,0
2026-08-14T15:30:12.152667,13,20,18,14,16,0
2026-08-14T15:30:12.155303,14,19,18,15,16,0
2026-08-14T15:30:12.155303,13,19,20,15,16,0
2026-08-14T15:30:12.155303,13,18,19,15,16,0
2026-08-14T15:30:12.157070,13,20,19,14,16,0
2026-08-14T15:30:12.159401,13,19,19,15,16,0
2026-08-14T15:30:12.159401,13,20,19,15,16,0
2026-08-14T15:30:12.159401,14,20,19,14,16,0
2026-08-14T15:30:12.161162,14,20,19,15,16,0
2026-08-14T15:30:12.161162,15,19,18,14,16,0
2026-08-14T15:30:12.161162,14,20,18,14,17,0
2026-08-14T15:30:12.165263,14,20,19,15,16,0
2026-08-14T15:30:12.165263,14,20,19,14,16,0
2026-08-14T15:30:12.165263,13,20,18,14,16,0
2026-08-14T15:30:12.170623,13,20,20,15,16,0
2026-08-14T15:30:12.170623,13,18,19,15,16,0
2026-08-14T15:30:12.170623,12,20,18,14,15,0
2026-08-14T15:30:12.170623,13,19,18,15,16,0
2026-08-14T15:30:12.173479,13,19,18,14,16,0
2026-08-14T15:30:12.173479,13,19,20,16,15,0
2026-08-14T15:30:12.173479,13,19,16,15,16,0
2026-08-14T15:30:12.173479,14,19,18,14,16,0
2026-08-14T15:30:12.173479,13,19,19,14,16,0
2026-08-14T15:30:12.173479,13,19,19,14,16,0
2026-08-14T15:30:12.173479,13,19,18,14,16,0
2026-08-14T15:30:12.183977,14,20,18,15,15,0
2026-08-14T15:30:12.183977,13,19,19,14,16,0
2026-08-14T15:30:12.186074,13,18,19,15,16,0
2026-08-14T15:30:12.187261,12,20,19,15,16,0
2026-08-14T15:30:12.187261,14,19,18,16,16,0
2026-08-14T15:30:12.187261,13,20,18,14,16,0
2026-08-14T15:30:12.189742,13,19,19,15,16,0
2026-08-14T15:30:12.189742,14,19,18,15,17,0
2026-08-14T15:30:12.189742,14,19,18,14,15,0
2026-08-14T15:30:12.189742,15,19,20,14,16,0
2026-08-14T15:30:12.189742,13,20,20,14,16,0
2026-08-14T15:30:12.189742,13,19,18,15,16,0
2026-08-14T15:30:12.189742,14,20,19,14,15,0
2026-08-14T15:30:12.198736,14,19,18,15,17,0
2026-08-14T15:30:12.198736,12,19,18,14,16,0
2026-08-14T15:30:12.198736,14,19,18,14,16,0
2026-08-14T15:30:12.198736,15,18,18,15,17,0
2026-08-14T15:30:12.204441,13,18,19,15,16,0
2026-08-14T15:30:12.204441,13,19,19,14,16,0
2026-08-14T15:30:12.204441,14,19,18,14,16,0
2026-08-14T15:30:12.206201,14,19,19,16,16,0
2026-08-14T15:30:12.206201,13,18,18,14,16,0
2026-08-14T15:30:12.206201,14,20,20,14,16,0
2026-08-14T15:30:12.206201,13,20,19,14,16,0
2026-08-14T15:30:12.206201,14,19,18,14,16,0
2026-08-14T15:30:12.206201,13,20,18,15,15,0
2026-08-14T15:30:12.214315,13,19,17,14,15,0
2026-08-14T15:30:12.215014,13,19,18,14,16,0
2026-08-14T15:30:12.216633,14,18,18,15,16,0
2026-08-14T15:30:12.217625,13,18,19,14,17,0
2026-08-14T15:30:12.217625,14,19,17,14,16,0
2026-08-14T15:30:12.220851,13,19,19,14,16,0
2026-08-14T15:30:12.220851,14,19,18,15,17,0
2026-08-14T15:30:12.220851,14,19,18,14,16,0
2026-08-14T15:30:12.222609,14,20,18,15,15,0
2026-08-14T15:30:12.224324,13,19,19,14,16,0
2026-08-14T15:30:12.224324,13,20,18,15,16,0
2026-08-14T15:30:12.226075,13,19,18,15,16,0
2026-08-14T15:30:12.228085,13,18,19,15,16,0
2026-08-14T15:30:12.228085,13,19,18,15,15,0
2026-08-14T15:30:12.228085,13,20,18,15,16,0
2026-08-14T15:30:12.231880,14,19,18,15,16,0
2026-08-14T15:30:12.231880,12,18,19,15,16,0
2026-08-14T15:30:12.231880,12,18,18,14,15,0
2026-08-14T15:30:12.231880,14,18,18,14,16,0
2026-08-14T15:30:12.236827,15,18,18,15,15,0
2026-08-14T15:30:12.237617,14,20,18,14,16,0
2026-08-14T15:30:12.237617,14,20,18,15,15,0
2026-08-14T15:30:12.239375,13,20,18,15,15,0
2026-08-14T15:30:12.239375,12,19,19,14,16,0
2026-08-14T15:30:12.243298,15,19,17,14,16,0
2026-08-14T15:30:12.243298,13,19,18,15,16,0
2026-08-14T15:30:12.244602,13,19,19,14,16,0
2026-08-14T15:30:12.245625,13,19,18,13,16,0
2026-08-14T15:30:12.245625,14,18,19,14,16,0
2026-08-14T15:30:12.249340,14,20,18,14,16,0
2026-08-14T15:30:12.249340,14,19,18,15,16,0
2026-08-14T15:30:12.249340,15,19,19,15,16,0
2026-08-14T15:30:12.250937,13,20,19,14,16,0
2026-08-14T15:30:12.253516,13,20,18,15,16,0
2026-08-14T15:30:12.253870,12,19,18,14,16,0
2026-08-14T15:30:12.253870,13,18,20,15,15,0
2026-08-14T15:30:12.257407,13,19,18,14,15,0
2026-08-14T15:30:12.257407,14,19,18,14,15,0
2026-08-14T15:30:12.257407,13,19,18,14,16,0
2026-08-14T15:30:12.257407,14,19,18,15,16,0
2026-08-14T15:30:12.260955,13,19,19,14,16,0
2026-08-14T15:30:12.260955,14,19,18,14,16,0
2026-08-14T15:30:12.260955,13,18,17,15,16,0
2026-08-14T15:30:12.263791,13,19,18,14,16,0
2026-08-14T15:30:12.263791,15,20,20,15,15,0
2026-08-14T15:30:12.263791,13,19,18,14,16,0
2026-08-14T15:30:12.269755,14,20,18,15,16,0
2026-08-14T15:30:12.270490,12,19,18,14,16,0
2026-08-14T15:30:12.270490,13,20,19,14,15,0
2026-08-14T15:30:12.272387,13,19,18,14,15,0
2026-08-14T15:30:12.272387,13,19,18,14,16,0
2026-08-14T15:30:12.272387,13,19,17,14,17,0
2026-08-14T15:30:12.272387,14,19,18,14,16,0
2026-08-14T15:30:12.275860,13,20,19,14,16,0
2026-08-14T15:30:12.275860,14,19,17,14,17,0
2026-08-14T15:30:12.275860,14,19,18,15,16,0
2026-08-14T15:30:12.279960,14,19,19,14,15,0
2026-08-14T15:30:12.282299,14,20,18,14,15,0
2026-08-14T15:30:12.282299,12,19,18,14,16,0
2026-08-14T15:30:12.282299,14,19,18,15,15,0
2026-08-14T15:30:12.285748,13,18,19,14,16,0
2026-08-14T15:30:12.288735,12,19,18,14,15,0
2026-08-14T15:30:12.288735,12,16,19,13,17,0
2026-08-14T15:30:12.288735,13,18,19,15,17,0
2026-08-14T15:30:12.288735,13,19,18,14,16,0
2026-08-14T15:30:12.288735,12,19,19,14,17,0
2026-08-14T15:30:12.288735,14,19,18,13,16,0
2026-08-14T15:30:12.288735,13,19,18,14,16,0
2026-08-14T15:30:12.288735,13,20,19,14,17,0
2026-08-14T15:30:12.288735,12,19,18,14,16,0
2026-08-14T15:30:12.298678,14,20,18,15,15,0
2026-08-14T15:30:12.298678,13,20,19,15,15,0
2026-08-14T15:30:12.298678,14,18,19,14,15,0
2026-08-14T15:30:12.298678,12,19,19,16,15,0
2026-08-14T15:30:12.298678,13,19,18,14,16,0
2026-08-14T15:30:12.303306,14,19,18,14,16,0
2026-08-14T15:30:12.303306,13,19,18,14,16,0
2026-08-14T15:30:12.306855,12,18,17,14,16,0
2026-08-14T15:30:12.306855,13,18,18,14,15,0
2026-08-14T15:30:12.306855,13,18,18,15,16,0
2026-08-14T15:30:12.306855,13,20,19,14,15,0
2026-08-14T15:30:12.306855,13,19,18,14,16,0
2026-08-14T15:30:12.306855,14,19,18,15,15,0
2026-08-14T15:30:12.306855,12,19,18,14,15,0
2026-08-14T15:30:12.312692,13,19,18,14,16,0
2026-08-14T15:30:12.312692,13,19,19,14,15,0
2026-08-14T15:30:12.312692,13,18,18,15,16,0
2026-08-14T15:30:12.312692,12,19,19,15,16,0
2026-08-14T15:30:12.312692,14,19,19,14,16,0
2026-08-14T15:30:12.319809,14,18,18,14,16,0
2026-08-14T15:30:12.320640,14,18,18,14,16,0
2026-08-14T15:30:12.321234,13,19,18,13,16,0
2026-08-14T15:30:12.321234,14,19,18,14,16,0
2026-08-14T15:30:12.321234,13,20,18,14,15,0
2026-08-14T15:30:12.325010,14,19,18,14,15,0
2026-08-14T15:30:12.327351,14,19,18,14,16,0
2026-08-14T15:30:12.327351,12,19,18,15,15,0
2026-08-14T15:30:12.328364,14,19,18,14,16,0
2026-08-14T15:30:12.328364,14,19,18,14,16,0
2026-08-14T15:30:12.328364,13,20,18,15,16,0
2026-08-14T15:30:12.328364,14,19,18,14,16,0
2026-08-14T15:30:12.333187,13,20,18,13,16,0
2026-08-14T15:30:12.337026,14,19,18,14,16,0
2026-08-14T15:30:12.337026,15,18,19,15,16,0
2026-08-14T15:30:12.337026,13,19,19,14,16,0
2026-08-14T15:30:12.337026,13,20,18,14,15,0
2026-08-14T15:30:12.337026,14,20,18,14,16,0
2026-08-14T15:30:12.337026,14,19,18,15,15,0
2026-08-14T15:30:12.337026,13,19,19,15,16,0
2026-08-14T15:30:12.344349,13,19,18,14,16,0
2026-08-14T15:30:12.344349,13,19,16,14,16,0
2026-08-14T15:30:12.344349,13,19,18,14,16,0
2026-08-14T15:30:12.347828,14,18,18,14,17,0
2026-08-14T15:30:12.347828,13,18,18,14,16,0
2026-08-14T15:30:12.347828,14,19,18,15,16,0
2026-08-14T15:30:12.351924,13,19,18,15,16,0
2026-08-14T15:30:12.352714,14,19,18,14,16,0
2026-08-14T15:30:12.353611,15,19,18,14,16,0
2026-08-14T15:30:12.353611,13,19,18,14,15,0
2026-08-14T15:30:12.356026,13,20,18,14,15,0
2026-08-14T15:30:12.356026,14,18,19,13,16,0
2026-08-14T15:30:12.356026,13,19,18,14,15,0
2026-08-14T15:30:12.360150,14,19,18,14,16,0
2026-08-14T15:30:12.360150,14,19,18,14,16,0
2026-08-14T15:30:12.360150,15,19,18,15,16,0
2026-08-14T15:30:12.362161,13,19,18,14,16,0
2026-08-14T15:30:12.362161,14,18,18,14,15,0
2026-08-14T15:30:12.365962,14,20,18,15,16,0
2026-08-14T15:30:12.365962,13,20,19,14,15,0
2026-08-14T15:30:12.368361,13,19,18,14,16,0
2026-08-14T15:30:12.368361,13,19,18,15,15,0
2026-08-14T15:30:12.370211,13,18,20,14,15,0
2026-08-14T15:30:12.370211,14,19,19,15,16,0
2026-08-14T15:30:12.370211,14,19,17,14,16,0
2026-08-14T15:30:12.370211,14,18,19,14,16,0
2026-08-14T15:30:12.370211,13,19,18,14,16,0
2026-08-14T15:30:12.370211,13,19,18,14,15,0
2026-08-14T15:30:12.377670,14,18,18,14,17,0
2026-08-14T15:30:12.377670,14,18,17,14,15,0
2026-08-14T15:30:12.380596,13,19,18,14,15,0
2026-08-14T15:30:12.380596,13,19,18,14,15,0
2026-08-14T15:30:12.380596,12,18,18,13,16,0
2026-08-14T15:30:12.380596,13,19,18,14,16,0
2026-08-14T15:30:12.380596,13,18,20,14,15,0
2026-08-14T15:30:12.384870,12,18,19,15,15,0
2026-08-14T15:30:12.386860,14,19,18,14,16,0
2026-08-14T15:30:12.386860,14,18,17,15,16,0
2026-08-14T15:30:12.386860,12,17,19,15,16,0
2026-08-14T15:30:12.390299,12,19,18,14,16,0
2026-08-14T15:30:12.391644,14,19,17,13,16,0
2026-08-14T15:30:12.391644,14,19,18,14,16,0
2026-08-14T15:30:12.393153,14,20,18,14,15,0
2026-08-14T15:30:12.395161,14,19,18,14,15,0
2026-08-14T15:30:12.395161,13,18,18,14,16,0
2026-08-14T15:30:12.397755,13,18,18,14,15,0
2026-08-14T15:30:12.398290,13,18,18,14,14,0
2026-08-14T15:30:12.400704,12,18,19,14,16,0
2026-08-14T15:30:12.400704,14,19,18,14,15,0
2026-08-14T15:30:12.400704,14,19,18,15,16,0
2026-08-14T15:30:12.403565,13,18,18,14,16,0
2026-08-14T15:30:12.405176,14,18,18,14,16,0
2026-08-14T15:30:12.405176,14,19,18,14,16,0
2026-08-14T15:30:12.405176,15,18,18,13,16,0
2026-08-14T15:30:12.408867,13,19,18,14,16,0
2026-08-14T15:30:12.408867,12,19,20,14,15,0
2026-08-14T15:30:12.408867,14,20,18,14,16,0
2026-08-14T15:30:12.408867,14,19,18,14,15,0
2026-08-14T15:30:12.408867,14,19,18,14,15,0
2026-08-14T15:30:12.408867,13,19,18,14,16,0
2026-08-14T15:30:12.408867,14,19,18,14,16,0
2026-08-14T15:30:12.417300,13,19,18,14,16,0
2026-08-14T15:30:12.417300,14,18,19,14,16,0
2026-08-14T15:30:12.417300,14,19,18,14,16,0
2026-08-14T15:30:12.420460,13,18,18,14,16,0
2026-08-14T15:30:12.420460,15,19,18,13,15,0
2026-08-14T15:30:12.420460,13,20,18,15,15,0
2026-08-14T15:30:12.420460,12,18,19,14,15,0
2026-08-14T15:30:12.425775,13,19,18,14,15,0
2026-08-14T15:30:12.425775,13,20,18,14,15,0
2026-08-14T15:30:12.425775,14,19,19,14,16,0
2026-08-14T15:30:12.429724,14,18,19,14,16,0
2026-08-14T15:30:12.429724,12,19,18,14,15,0
2026-08-14T15:30:12.429724,12,18,17,14,16,0
2026-08-14T15:30:12.429724,14,19,19,14,16,0
2026-08-14T15:30:12.429724,14,18,18,14,15,0
2026-08-14T15:30:12.434114,13,18,18,14,15,0
2026-08-14T15:30:12.434114,13,19,18,14,15,0
2026-08-14T15:30:12.437158,14,20,18,14,15,0
2026-08-14T15:30:12.437158,14,18,18,14,15,0
2026-08-14T15:30:12.437158,12,19,18,13,15,0
2026-08-14T15:30:12.439688,14,19,18,14,15,0
2026-08-14T15:30:12.439688,13,19,19,13,16,0
2026-08-14T15:30:12.442658,13,19,19,14,16,0
2026-08-14T15:30:12.442658,13,18,17,14,16,0
2026-08-14T15:30:12.442658,13,19,17,14,16,0
2026-08-14T15:30:12.442658,13,19,18,14,16,0
2026-08-14T15:30:12.442658,13,18,17,14,16,0
2026-08-14T15:30:12.442658,14,19,18,14,15,0
2026-08-14T15:30:12.442658,13,18,17,14,15,0
2026-08-14T15:30:12.450746,12,18,18,14,15,0
2026-08-14T15:30:12.450746,13,20,18,14,16,0
2026-08-14T15:30:12.454316,14,19,18,14,16,0
2026-08-14T15:30:12.454316,11,18,17,15,16,0
2026-08-14T15:30:12.454316,12,19,18,14,15,0
2026-08-14T15:30:12.454316,13,19,18,14,15,0
2026-08-14T15:30:12.454316,14,18,17,14,16,0
2026-08-14T15:30:12.458919,12,18,17,14,16,0
2026-08-14T15:30:12.458919,14,19,18,14,15,0
2026-08-14T15:30:12.458919,13,20,18,14,15,0
2026-08-14T15:30:12.458919,14,18,17,14,16,0
2026-08-14T15:30:12.458919,13,19,18,13,16,0
2026-08-14T15:30:12.464279,14,19,18,14,15,0
2026-08-14T15:30:12.466957,11,19,18,15,15,0
2026-08-14T15:30:12.466957,14,20,17,14,15,0
2026-08-14T15:30:12.468971,13,19,18,14,16,0
2026-08-14T15:30:12.470284,12,18,18,14,16,0
2026-08-14T15:30:12.470284,13,18,18,14,16,0
2026-08-14T15:30:12.470284,15,18,18,15,16,0
2026-08-14T15:30:12.474802,13,18,18,14,16,0
2026-08-14T15:30:12.474802,13,18,18,14,16,0
2026-08-14T15:30:12.474802,12,18,18,15,16,0
2026-08-14T15:30:12.474802,14,20,17,14,15,0
2026-08-14T15:30:12.478908,13,19,18,14,15,0
2026-08-14T15:30:12.478908,12,18,18,14,15,0
2026-08-14T15:30:12.478908,11,17,19,14,16,0
2026-08-14T15:30:12.483007,14,19,18,14,16,0
2026-08-14T15:30:12.483007,13,18,17,14,16,0
2026-08-14T15:30:12.483007,14,19,18,14,16,0
2026-08-14T15:30:12.485020,13,18,17,14,16,0
2026-08-14T15:30:12.487173,13,19,18,15,17,0
2026-08-14T15:30:12.487173,14,19,18,13,16,0
2026-08-14T15:30:12.487173,15,18,18,13,16,0
2026-08-14T15:30:12.487173,13,19,19,14,15,0
2026-08-14T15:30:12.491449,14,18,18,15,15,0
2026-08-14T15:30:12.491449,13,20,18,14,15,0
2026-08-14T15:30:12.491449,13,20,18,14,16,0
2026-08-14T15:30:12.491449,13,18,18,14,16,0
2026-08-14T15:30:12.491449,14,19,18,15,16,0
2026-08-14T15:30:12.491449,14,19,17,14,15,0
2026-08-14T15:30:12.491449,13,19,18,13,16,0
2026-08-14T15:30:12.499661,14,18,18,13,16,0
2026-08-14T15:30:12.499661,12,18,17,14,16,0
2026-08-14T15:30:12.503383,14,19,18,14,16,0
2026-08-14T15:30:12.503383,14,20,18,14,16,0
2026-08-14T15:30:12.503383,13,19,19,13,15,0
2026-08-14T15:30:12.503383,13,19,18,14,15,0
2026-08-14T15:30:12.507235,12,18,18,14,15,0
2026-08-14T15:30:12.507235,13,19,18,14,16,0
2026-08-14T15:30:12.507235,14,19,19,15,16,0
2026-08-14T15:30:12.507235,13,19,17,14,16,0
2026-08-14T15:30:12.507235,14,18,17,14,15,0
2026-08-14T15:30:12.507235,14,19,18,14,16,0
2026-08-14T15:30:12.507235,14,19,18,15,16,0
2026-08-14T15:30:12.515452,12,18,18,14,16,0
2026-08-14T15:30:12.516195,13,19,18,14,16,0
2026-08-14T15:30:12.516195,12,20,18,15,15,0
2026-08-14T15:30:12.519380,12,18,18,14,15,0
2026-08-14T15:30:12.519957,13,19,18,15,15,0
2026-08-14T15:30:12.519957,12,20,18,14,15,0
2026-08-14T15:30:12.519957,13,18,17,15,15,0
2026-08-14T15:30:12.523579,13,19,18,14,16,0
2026-08-14T15:30:12.523579,13,18,18,14,16,0
2026-08-14T15:30:12.523579,14,19,18,14,17,0
2026-08-14T15:30:12.528053,12,19,18,15,16,0
2026-08-14T15:30:12.528053,14,19,19,15,15,0
2026-08-14T15:30:12.528053,14,18,17,14,16,0
2026-08-14T15:30:12.532176,13,18,18,14,16,0
2026-08-14T15:30:12.532176,13,20,18,14,15,0
2026-08-14T15:30:12.532176,14,19,19,14,15,0
2026-08-14T15:30:12.532176,14,19,18,14,15,0
2026-08-14T15:30:12.532176,13,19,18,14,15,0
2026-08-14T15:30:12.537026,13,19,17,14,16,0
2026-08-14T15:30:12.537026,13,18,18,15,16,0
2026-08-14T15:30:12.540018,14,18,18,13,16,0
2026-08-14T15:30:12.540018,13,19,18,15,16,0
2026-08-14T15:30:12.540018,13,18,17,14,16,0
2026-08-14T15:30:12.540018,13,18,18,14,15,0
2026-08-14T15:30:12.540018,14,18,18,14,16,0
2026-08-14T15:30:12.540018,13,19,18,14,16,0
2026-08-14T15:30:12.540018,13,19,18,15,15,0
2026-08-14T15:30:12.548163,11,19,18,14,15,0
2026-08-14T15:30:12.550182,13,20,18,14,17,0
2026-08-14T15:30:12.550182,13,19,17,14,15,0
2026-08-14T15:30:12.552199,14,19,18,15,16,0
2026-08-14T15:30:12.552835,13,19,18,14,16,0
2026-08-14T15:30:12.552835,13,19,18,15,16,0
2026-08-14T15:30:12.552835,14,19,18,14,16,0
2026-08-14T15:30:12.556671,14,18,19,14,16,0
2026-08-14T15:30:12.557557,15,18,17,15,15,0
2026-08-14T15:30:12.557557,13,18,17,15,15,0
2026-08-14T15:30:12.557557,13,18,17,13,16,0
2026-08-14T15:30:12.560801,13,19,19,14,16,0
2026-08-14T15:30:12.560801,13,19,19,15,16,0
2026-08-14T15:30:12.560801,13,19,18,14,15,0
2026-08-14T15:30:12.564901,13,19,18,14,16,0
2026-08-14T15:30:12.564901,14,19,18,14,16,0
2026-08-14T15:30:12.564901,13,19,18,14,16,0
2026-08-14T15:30:12.567422,13,19,18,14,16,0
2026-08-14T15:30:12.570175,13,19,18,14,16,0
2026-08-14T15:30:12.570927,14,18,18,14,15,0
2026-08-14T15:30:12.570927,14,19,18,14,16,0
2026-08-14T15:30:12.573109,14,18,18,14,16,0
2026-08-14T15:30:12.573109,14,18,17,14,17,0
2026-08-14T15:30:12.573109,14,20,18,15,15,0
2026-08-14T15:30:12.575392,13,19,18,14,16,0
2026-08-14T15:30:12.575392,11,19,18,14,16,0
2026-08-14T15:30:12.575392,12,19,18,14,15,0
2026-08-14T15:30:12.575392,13,19,19,14,16,0
2026-08-14T15:30:12.581420,14,19,17,14,17,0
2026-08-14T15:30:12.581420,14,19,17,14,16,0
2026-08-14T15:30:12.581420,14,19,18,14,16,0
2026-08-14T15:30:12.581420,13,18,18,15,16,0
2026-08-14T15:30:12.581420,14,18,18,14,15,0
2026-08-14T15:30:12.586666,14,18,18,15,16,0
2026-08-14T15:30:12.587940,13,19,18,15,15,0
2026-08-14T15:30:12.587940,13,19,18,15,15,0
2026-08-14T15:30:12.589706,13,19,17,15,16,0
2026-08-14T15:30:12.589706,12,18,17,14,16,0
2026-08-14T15:30:12.589706,12,18,18,15,15,0
2026-08-14T15:30:12.589706,13,19,19,14,17,0
2026-08-14T15:30:12.589706,13,19,18,14,16,0
2026-08-14T15:30:12.589706,13,18,18,15,16,0
2026-08-14T15:30:12.597838,14,19,18,14,15,0
2026-08-14T15:30:12.599388,13,18,18,14,15,0
2026-08-14T15:30:12.599388,13,19,18,13,15,0
2026-08-14T15:30:12.601779,14,19,18,14,16,0
2026-08-14T15:30:12.602765,13,20,18,14,15,0
2026-08-14T15:30:12.603371,13,19,18,14,16,0
2026-08-14T15:30:12.605878,13,19,18,14,16,0
2026-08-14T15:30:12.605878,13,18,18,15,15,0
2026-08-14T15:30:12.605878,13,19,17,14,16,0
2026-08-14T15:30:12.605878,12,18,19,15,15,0
2026-08-14T15:30:12.609508,13,18,18,14,16,0
2026-08-14T15:30:12.609508,14,19,18,14,16,0
2026-08-14T15:30:12.609508,12,17,18,15,16,0
2026-08-14T15:30:12.614085,14,19,18,14,15,0
2026-08-14T15:30:12.614085,13,18,18,14,16,0
2026-08-14T15:30:12.614085,15,20,18,14,16,0
2026-08-14T15:30:12.614085,13,18,18,14,16,0
2026-08-14T15:30:12.614085,13,19,18,14,16,0
2026-08-14T15:30:12.614085,12,19,19,15,15,0
2026-08-14T15:30:12.620028,14,19,19,14,16,0
2026-08-14T15:30:12.620347,13,18,18,14,15,0
2026-08-14T15:30:12.622441,12,18,18,13,16,0
2026-08-14T15:30:12.622441,11,19,18,14,16,0
2026-08-14T15:30:12.622441,13,19,18,14,16,0
2026-08-14T15:30:12.622441,14,18,18,14,16,0
2026-08-14T15:30:12.622441,14,18,18,13,16,0
2026-08-14T15:30:12.622441,13,18,18,14,16,0
2026-08-14T15:30:12.622441,13,19,18,14,15,0
2026-08-14T15:30:12.630730,13,19,18,15,15,0
2026-08-14T15:30:12.630730,14,20,19,14,16,0
2026-08-14T15:30:12.632747,13,18,19,15,15,0
2026-08-14T15:30:12.634756,13,19,18,14,15,0
2026-08-14T15:30:12.634756,14,20,18,14,15,0
2026-08-14T15:30:12.637077,14,19,19,14,16,0
2026-08-14T15:30:12.638641,14,19,18,14,16,0
2026-08-14T15:30:12.639408,12,19,18,15,17,0
2026-08-14T15:30:12.640281,13,19,18,15,16,0
2026-08-14T15:30:12.642727,14,18,18,14,16,0
2026-08-14T15:30:12.642727,14,18,18,14,16,0
2026-08-14T15:30:12.642727,14,18,17,14,16,0
2026-08-14T15:30:12.644491,12,20,18,14,15,0
2026-08-14T15:30:12.646669,14,20,18,14,16,0
2026-08-14T15:30:12.646669,13,19,19,14,15,0
2026-08-14T15:30:12.646669,13,18,18,14,15,0
2026-08-14T15:30:12.646669,12,18,18,14,15,0
2026-08-14T15:30:12.646669,14,19,18,14,16,0
2026-08-14T15:30:12.653502,12,18,18,14,16,0
2026-08-14T15:30:12.654014,11,18,17,14,16,0
2026-08-14T15:30:12.654014,12,19,18,14,16,0
2026-08-14T15:30:12.654014,14,18,19,14,16,0
2026-08-14T15:30:12.654014,13,20,18,14,15,0
2026-08-14T15:30:12.654014,14,19,18,14,16,0
2026-08-14T15:30:12.654014,13,19,18,14,15,0
2026-08-14T15:30:12.654014,13,19,19,14,16,0
2026-08-14T15:30:12.662193,13,20,18,15,16,0
2026-08-14T15:30:12.662193,13,20,18,14,16,0
2026-08-14T15:30:12.662193,13,19,17,14,16,0
2026-08-14T15:30:12.662193,13,20,19,14,16,0
2026-08-14T15:30:12.662193,13,19,17,14,16,0
2026-08-14T15:30:12.662193,13,18,18,15,16,0
2026-08-14T15:30:12.662193,13,19,19,13,16,0
2026-08-14T15:30:12.671391,14,18,18,15,15,0
2026-08-14T15:30:12.671391,14,20,18,14,15,0
2026-08-14T15:30:12.671391,13,19,19,14,16,0
2026-08-14T15:30:12.673146,14,20,19,15,16,0
2026-08-14T15:30:12.674593,14,19,19,15,15,0
2026-08-14T15:30:12.674593,13,19,19,15,15,0
2026-08-14T15:30:12.674593,14,19,19,13,16,0
2026-08-14T15:30:12.678132,14,19,18,14,15,0
2026-08-14T15:30:12.678132,11,19,18,15,16,0
2026-08-14T15:30:12.678132,12,19,19,14,16,0
2026-08-14T15:30:12.678132,13,18,18,14,16,0
2026-08-14T15:30:12.678132,14,18,18,15,16,0
2026-08-14T15:30:12.678132,13,19,18,15,17,0
2026-08-14T15:30:12.678132,13,18,18,14,16,0
2026-08-14T15:30:12.687322,14,20,19,14,16,0
2026-08-14T15:30:12.687322,14,19,18,14,16,0
2026-08-14T15:30:12.687322,13,20,20,15,16,0
2026-08-14T15:30:12.689568,13,19,18,15,15,0
2026-08-14T15:30:12.689568,15,19,18,14,16,0
2026-08-14T15:30:12.689568,14,18,17,14,16,0
2026-08-14T15:30:12.689568,13,18,18,14,16,0
2026-08-14T15:30:12.695977,12,18,17,15,16,0
2026-08-14T15:30:12.697173,12,19,18,15,16,0
2026-08-14T15:30:12.697173,14,19,18,14,16,0
2026-08-14T15:30:12.700066,14,19,19,14,16,0
2026-08-14T15:30:12.700066,13,18,18,14,16,0
2026-08-14T15:30:12.700066,14,20,18,14,16,0
2026-08-14T15:30:12.700066,14,18,18,14,16,0
2026-08-14T15:30:12.703539,13,19,18,14,17,0
2026-08-14T15:30:12.703539,12,19,18,14,15,0
2026-08-14T15:30:12.703539,13,20,18,14,16,0
2026-08-14T15:30:12.706386,13,18,18,15,16,0
2026-08-14T15:30:12.706386,14,19,18,16,16,0
2026-08-14T15:30:12.706386,14,18,18,15,16,0
2026-08-14T15:30:12.710037,14,19,18,14,16,0
2026-08-14T15:30:12.711054,13,19,18,14,16,0
2026-08-14T15:30:12.711054,13,19,19,14,16,0
2026-08-14T15:30:12.711054,14,18,19,14,16,0
2026-08-14T15:30:12.714145,14,19,19,14,15,0
2026-08-14T15:30:12.714145,14,20,18,14,15,0
2026-08-14T15:30:12.714145,13,17,20,14,15,0
2026-08-14T15:30:12.718217,14,19,19,14,15,0
2026-08-14T15:30:12.720287,13,20,19,15,16,0
2026-08-14T15:30:12.720287,13,19,18,14,15,0
2026-08-14T15:30:12.720287,13,20,18,14,16,0
2026-08-14T15:30:12.724651,13,19,18,15,16,0
2026-08-14T15:30:12.724651,12,18,17,14,16,0
2026-08-14T15:30:12.724651,12,19,18,14,16,0
2026-08-14T15:30:12.728752,13,19,18,14,16,0
2026-08-14T15:30:12.728752,13,20,18,14,15,0
2026-08-14T15:30:12.728752,13,18,18,14,17,0
2026-08-14T15:30:12.728752,14,19,18,15,16,0
2026-08-14T15:30:12.733245,13,20,20,14,15,0
2026-08-14T15:30:12.733245,13,18,18,14,16,0
2026-08-14T15:30:12.734982,14,19,18,14,17,0
2026-08-14T15:30:12.737031,14,20,18,15,16,0
2026-08-14T15:30:12.737031,14,19,18,16,16,0
2026-08-14T15:30:12.737031,12,18,19,15,16,0
2026-08-14T15:30:12.737031,13,19,18,14,16,0
2026-08-14T15:30:12.740445,13,19,18,15,16,0
2026-08-14T15:30:12.741479,13,19,18,14,16,0
2026-08-14T15:30:12.741479,14,19,18,15,15,0
2026-08-14T15:30:12.745215,15,18,18,15,16,0
2026-08-14T15:30:12.745215,14,19,18,14,16,0
2026-08-14T15:30:12.745215,13,19,18,14,16,0
2026-08-14T15:30:12.746792,13,20,20,15,15,0
2026-08-14T15:30:12.749215,14,20,19,14,16,0
2026-08-14T15:30:12.749215,14,19,18,14,16,0
2026-08-14T15:30:12.749215,13,18,19,15,16,0
2026-08-14T15:30:12.753185,14,19,18,14,16,0
2026-08-14T15:30:12.754399,14,19,18,14,16,0
2026-08-14T15:30:12.755105,14,19,18,15,16,0
2026-08-14T15:30:12.755105,14,19,18,14,16,0
2026-08-14T15:30:12.756501,13,18,18,14,15,0
2026-08-14T15:30:12.757733,13,19,18,14,16,0
2026-08-14T15:30:12.757733,14,19,18,14,16,0
2026-08-14T15:30:12.761526,13,20,19,14,16,0
2026-08-14T15:30:12.761526,13,19,18,15,15,0
2026-08-14T15:30:12.761526,13,20,18,14,15,0
2026-08-14T15:30:12.764257,13,19,18,14,16,0
2026-08-14T15:30:12.764257,13,19,18,14,16,0
2026-08-14T15:30:12.764257,13,18,19,14,15,0
2026-08-14T15:30:12.767755,12,19,18,14,16,0
2026-08-14T15:30:12.769775,13,19,17,14,16,0
2026-08-14T15:30:12.770288,14,18,19,15,16,0
2026-08-14T15:30:12.770777,14,18,18,14,16,0
2026-08-14T15:30:12.772013,14,18,18,14,16,0
2026-08-14T15:30:12.772013,13,19,18,15,16,0
2026-08-14T15:30:12.772013,14,20,18,15,15,0
2026-08-14T15:30:12.775988,14,18,18,15,16,0
2026-08-14T15:30:12.775988,13,19,18,14,15,0
2026-08-14T15:30:12.775988,13,19,18,14,16,0
2026-08-14T15:30:12.775988,14,19,19,15,16,0
2026-08-14T15:30:12.775988,13,18,19,14,16,0
2026-08-14T15:30:12.775988,14,19,17,14,16,0
2026-08-14T15:30:12.775988,13,18,18,14,16,0
2026-08-14T15:30:12.784030,14,18,18,14,16,0
2026-08-14T15:30:12.785331,14,19,18,13,16,0
2026-08-14T15:30:12.786535,13,19,18,14,16,0
2026-08-14T15:30:12.787256,13,19,18,15,15,0
2026-08-14T15:30:12.790176,12,19,18,14,15,0
2026-08-14T15:30:12.790176,13,20,18,14,15,0
2026-08-14T15:30:12.790176,13,20,18,15,16,0
2026-08-14T15:30:12.792299,13,19,18,14,15,0
2026-08-14T15:30:12.794266,11,19,18,15,16,0
2026-08-14T15:30:12.794266,13,19,18,14,16,0
2026-08-14T15:30:12.794266,14,19,17,15,17,0
2026-08-14T15:30:12.794266,12,18,18,14,16,0
2026-08-14T15:30:12.794266,13,18,18,14,16,0
2026-08-14T15:30:12.794266,13,19,18,15,16,0
2026-08-14T15:30:12.800326,14,18,19,14,16,0
2026-08-14T15:30:12.803242,14,18,18,14,16,0
2026-08-14T15:30:12.804409,13,19,19,14,16,0
2026-08-14T15:30:12.804409,12,20,19,14,15,0
2026-08-14T15:30:12.804409,13,18,18,15,15,0
2026-08-14T15:30:12.804409,14,18,18,14,15,0
2026-08-14T15:30:12.804409,12,19,19,14,16,0
2026-08-14T15:30:12.808680,13,19,19,14,15,0
2026-08-14T15:30:12.808680,13,18,18,15,16,0
2026-08-14T15:30:12.808680,14,18,17,15,16,0
2026-08-14T15:30:12.808680,13,19,18,14,16,0
2026-08-14T15:30:12.808680,14,18,18,14,15,0
2026-08-14T15:30:12.808680,13,18,18,14,15,0
2026-08-14T15:30:12.808680,14,18,18,13,16,0
2026-08-14T15:30:12.816837,13,19,18,14,15,0
2026-08-14T15:30:12.819948,13,18,18,15,15,0
2026-08-14T15:30:12.819948,13,19,18,14,16,0
2026-08-14T15:30:12.819948,14,19,17,14,15,0
2026-08-14T15:30:12.822940,12,19,19,14,16,0
2026-08-14T15:30:12.822940,13,17,19,14,16,0
2026-08-14T15:30:12.822940,13,19,18,15,16,0
2026-08-14T15:30:12.826615,12,18,18,14,16,0
2026-08-14T15:30:12.826615,14,18,18,15,16,0
2026-08-14T15:30:12.826615,14,18,18,15,16,0
2026-08-14T15:30:12.826615,14,19,17,14,16,0
2026-08-14T15:30:12.826615,14,19,17,14,15,0
2026-08-14T15:30:12.832936,13,20,18,14,15,0
2026-08-14T15:30:12.832936,14,19,18,14,15,0
2026-08-14T15:30:12.832936,13,19,18,14,16,0
2026-08-14T15:30:12.836077,13,19,18,15,15,0
2026-08-14T15:30:12.837483,13,18,18,15,15,0
2026-08-14T15:30:12.838096,13,17,18,14,15,0
2026-08-14T15:30:12.838096,13,18,17,14,15,0
2026-08-14T15:30:12.838096,13,18,17,14,16,0
2026-08-14T15:30:12.841250,13,18,18,14,16,0
2026-08-14T15:30:12.841250,15,18,18,14,15,0
2026-08-14T15:30:12.841250,14,19,17,14,16,0
2026-08-14T15:30:12.841250,13,19,17,15,15,0
2026-08-14T15:30:12.841250,13,20,18,14,15,0
2026-08-14T15:30:12.841250,13,18,18,14,15,0
2026-08-14T15:30:12.841250,13,18,17,14,16,0
2026-08-14T15:30:12.849499,13,18,17,14,15,0
2026-08-14T15:30:12.849499,12,18,18,14,15,0
2026-08-14T15:30:12.852730,13,19,19,13,16,0
2026-08-14T15:30:12.852730,14,18,17,13,16,0
2026-08-14T15:30:12.855725,13,19,17,15,16,0
2026-08-14T15:30:12.855725,13,19,18,15,16,0
2026-08-14T15:30:12.855725,13,18,18,14,16,0
2026-08-14T15:30:12.857581,14,18,18,14,16,0
2026-08-14T15:30:12.859591,13,18,17,14,16,0
2026-08-14T15:30:12.859591,13,19,18,14,15,0
2026-08-14T15:30:12.859591,11,19,20,14,15,0
2026-08-14T15:30:12.863902,13,19,18,14,15,0
2026-08-14T15:30:12.863902,13,18,18,14,15,0
2026-08-14T15:30:12.863902,14,18,18,14,16,0
2026-08-14T15:30:12.865669,12,18,18,14,15,0
2026-08-14T15:30:12.865669,12,19,18,15,16,0
2026-08-14T15:30:12.869377,13,19,17,14,17,0
2026-08-14T15:30:12.870232,13,19,18,13,16,0
2026-08-14T15:30:12.872090,13,18,17,14,15,0
2026-08-14T15:30:12.872090,15,19,17,14,16,0
2026-08-14T15:30:12.872090,15,18,17,14,15,0
2026-08-14T15:30:12.874647,13,19,19,14,15,0
2026-08-14T15:30:12.874647,13,19,19,14,15,0
2026-08-14T15:30:12.874647,13,19,18,14,15,0
2026-08-14T15:30:12.874647,14,19,17,14,15,0
2026-08-14T15:30:12.874647,13,19,17,15,16,0
2026-08-14T15:30:12.874647,13,18,18,14,16,0
2026-08-14T15:30:12.874647,13,19,17,14,16,0
2026-08-14T15:30:12.882024,13,18,18,13,16,0
2026-08-14T15:30:12.882024,14,18,19,13,16,0
2026-08-14T15:30:12.886076,12,18,18,14,16,0
2026-08-14T15:30:12.887007,14,18,18,14,15,0
2026-08-14T15:30:12.887914,14,20,18,14,16,0
2026-08-14T15:30:12.887914,13,19,18,14,15,0
2026-08-14T15:30:12.887914,14,19,18,13,16,0
2026-08-14T15:30:12.890133,13,18,18,14,16,0
2026-08-14T15:30:12.890133,13,18,19,14,15,0
2026-08-14T15:30:12.890133,14,18,17,14,16,0
2026-08-14T15:30:12.890133,14,18,18,14,16,0
2026-08-14T15:30:12.890133,13,18,18,14,15,0
2026-08-14T15:30:12.890133,12,19,18,14,16,0
2026-08-14T15:30:12.899230,13,19,18,15,16,0
2026-08-14T15:30:12.900791,14,18,18,14,15,0
2026-08-14T15:30:12.901499,14,19,19,14,15,0
2026-08-14T15:30:12.902725,13,20,18,14,15,0
2026-08-14T15:30:12.903877,13,20,19,14,15,0
2026-08-14T15:30:12.903877,14,18,18,15,15,0
2026-08-14T15:30:12.903877,14,18,18,14,16,0
2026-08-14T15:30:12.906619,14,19,18,15,15,0
2026-08-14T15:30:12.908979,13,18,18,15,16,0
2026-08-14T15:30:12.910173,13,19,18,14,16,0
2026-08-14T15:30:12.910687,13,19,17,14,16,0
2026-08-14T15:30:12.913079,14,19,17,14,16,0
2026-08-14T15:30:12.913079,13,19,18,14,15,0
2026-08-14T15:30:12.913079,12,19,19,14,15,0
2026-08-14T15:30:12.914840,13,18,18,14,16,0
2026-08-14T15:30:12.916168,13,19,18,14,15,0
2026-08-14T15:30:12.916168,13,19,18,14,15,0
2026-08-14T15:30:12.916168,14,19,18,14,15,0
2026-08-14T15:30:12.920390,14,19,18,14,17,0
2026-08-14T15:30:12.920390,14,19,17,14,16,0
2026-08-14T15:30:12.922406,12,19,19,15,16,0
2026-08-14T15:30:12.922406,13,18,18,14,16,0
2026-08-14T15:30:12.922406,14,18,19,14,16,0
2026-08-14T15:30:12.925921,14,19,17,14,16,0
2026-08-14T15:30:12.925921,13,19,19,14,15,0
2026-08-14T15:30:12.927935,14,19,18,14,16,0
2026-08-14T15:30:12.927935,14,19,19,15,16,0
2026-08-14T15:30:12.930885,13,20,18,14,15,0
2026-08-14T15:30:12.930885,13,19,18,15,15,0
2026-08-14T15:30:12.930885,13,19,19,15,16,0
2026-08-14T15:30:12.930885,14,19,17,15,16,0
2026-08-14T15:30:12.935354,12,19,18,14,16,0
2026-08-14T15:30:12.936942,13,17,19,15,16,0
2026-08-14T15:30:12.936942,14,18,18,15,15,0
2026-08-14T15:30:12.936942,13,19,18,14,16,0
2026-08-14T15:30:12.939174,15,18,18,14,16,0
2026-08-14T15:30:12.939174,13,18,18,14,16,0
2026-08-14T15:30:12.939174,13,20,18,15,15,0
2026-08-14T15:30:12.939174,14,20,19,15,16,0
2026-08-14T15:30:12.945331,15,20,18,14,16,0
2026-08-14T15:30:12.945331,13,19,19,15,16,0
2026-08-14T15:30:12.945331,13,19,18,15,16,0
2026-08-14T15:30:12.947389,13,19,20,14,15,0
2026-08-14T15:30:12.947389,14,19,19,14,16,0
2026-08-14T15:30:12.947389,13,18,19,15,16,0
2026-08-14T15:30:12.947389,14,18,19,14,16,0
2026-08-14T15:30:12.953229,13,19,18,15,16,0
2026-08-14T15:30:12.953229,13,20,18,14,16,0
2026-08-14T15:30:12.953229,14,19,18,14,16,0
2026-08-14T15:30:12.955530,13,19,18,14,16,0
2026-08-14T15:30:12.955530,15,20,18,14,17,0
2026-08-14T15:30:12.955530,12,20,18,14,16,0
2026-08-14T15:30:12.959933,14,19,19,15,15,0
2026-08-14T15:30:12.959933,13,18,19,15,16,0
2026-08-14T15:30:12.959933,13,19,20,14,16,0
2026-08-14T15:30:12.963938,14,19,18,15,17,0
2026-08-14T15:30:12.965949,14,20,19,14,16,0
2026-08-14T15:30:12.965949,14,19,18,14,17,0
2026-08-14T15:30:12.967957,14,19,19,15,15,0
2026-08-14T15:30:12.969980,14,20,18,14,16,0
2026-08-14T15:30:12.969980,15,19,20,15,15,0
2026-08-14T15:30:12.969980,13,18,20,14,16,0
2026-08-14T15:30:12.972219,13,19,18,15,16,0
2026-08-14T15:30:12.973720,13,19,18,15,16,0
2026-08-14T15:30:12.973720,13,20,19,14,16,0
2026-08-14T15:30:12.975690,14,19,18,14,16,0
2026-08-14T15:30:12.975690,13,19,19,15,16,0
2026-08-14T15:30:12.975690,14,19,18,14,16,0
2026-08-14T15:30:12.975690,13,19,18,15,16,0
2026-08-14T15:30:12.975690,14,20,19,14,16,0
2026-08-14T15:30:12.982703,15,19,19,15,17,0
2026-08-14T15:30:12.982703,13,19,18,14,15,0
2026-08-14T15:30:12.982703,14,20,20,15,15,0
2026-08-14T15:30:12.986922,13,20,19,14,16,0
2026-08-14T15:30:12.986922,13,20,18,15,16,0
2026-08-14T15:30:12.986922,13,20,18,15,16,0
2026-08-14T15:30:12.986922,13,19,20,15,15,0
2026-08-14T15:30:12.989488,12,19,19,15,16,0
2026-08-14T15:30:12.991499,15,19,18,16,17,0
2026-08-14T15:30:12.991499,13,19,18,14,17,0
2026-08-14T15:30:12.994978,13,19,18,15,17,0
2026-08-14T15:30:12.994978,13,20,18,15,16,0
2026-08-14T15:30:12.994978,14,20,18,15,16,0
2026-08-14T15:30:12.999076,14,19,18,15,16,0
2026-08-14T15:30:12.999076,13,20,19,15,15,0
2026-08-14T15:30:12.999076,13,20,20,14,15,0
2026-08-14T15:30:12.999076,14,20,19,14,17,0
2026-08-14T15:30:13.003070,14,19,18,15,16,0
2026-08-14T15:30:13.004050,13,19,19,16,16,0
2026-08-14T15:30:13.004050,14,19,19,15,16,0
2026-08-14T15:30:13.007282,15,19,19,15,17,0
2026-08-14T15:30:13.007282,13,19,18,15,16,0
2026-08-14T15:30:13.007282,13,20,18,16,16,0
2026-08-14T15:30:13.007282,14,20,19,14,16,0
2026-08-14T15:30:13.010287,15,19,18,15,16,0
2026-08-14T15:30:13.010287,14,18,19,14,16,0
2026-08-14T15:30:13.010287,14,20,19,15,16,0
2026-08-14T15:30:13.014052,14,20,20,15,16,0
2026-08-14T15:30:13.014052,13,20,20,15,17,0
2026-08-14T15:30:13.014052,13,18,19,15,16,0
2026-08-14T15:30:13.014052,14,19,19,14,16,0
2026-08-14T15:30:13.014052,13,20,19,15,17,0
2026-08-14T15:30:13.020554,13,20,18,16,17,0
2026-08-14T15:30:13.020554,14,19,18,16,16,0
2026-08-14T15:30:13.022497,14,20,19,15,17,0
2026-08-14T15:30:13.022497,14,19,18,16,17,0
2026-08-14T15:30:13.022497,14,20,20,15,17,0
2026-08-14T15:30:13.022497,16,18,18,15,17,0
2026-08-14T15:30:13.022497,14,20,20,14,16,0
2026-08-14T15:30:13.022497,13,19,19,15,16,0
2026-08-14T15:30:13.022497,13,20,20,14,16,0
2026-08-14T15:30:13.031854,13,20,18,15,16,0
2026-08-14T15:30:13.031854,15,19,19,14,16,0
2026-08-14T15:30:13.031854,13,19,19,16,17,0
2026-08-14T15:30:13.035746,13,20,20,15,16,0
2026-08-14T15:30:13.036705,14,20,19,15,16,0
2026-08-14T15:30:13.037498,15,19,19,14,17,0
2026-08-14T15:30:13.037498,14,20,20,15,16,0
2026-08-14T15:30:13.039248,15,20,20,15,16,0
2026-08-14T15:30:13.039248,14,21,20,15,16,0
2026-08-14T15:30:13.039248,13,20,20,15,16,0
2026-08-14T15:30:13.044176,15,20,20,15,16,0
2026-08-14T15:30:13.044176,13,20,18,15,18,0
2026-08-14T15:30:13.044176,12,20,18,15,17,0
2026-08-14T15:30:13.045939,13,20,20,15,16,0
2026-08-14T15:30:13.047373,14,19,19,16,17,0
2026-08-14T15:30:13.047373,15,19,19,15,17,0
2026-08-14T15:30:13.047373,14,20,19,15,16,0
2026-08-14T15:30:13.047373,13,20,19,15,16,0
2026-08-14T15:30:13.053290,14,20,19,14,17,0
2026-08-14T15:30:13.054235,14,19,19,16,16,0
2026-08-14T15:30:13.054235,13,20,19,15,16,0
2026-08-14T15:30:13.056041,13,20,20,15,16,0
2026-08-14T15:30:13.056041,15,20,20,15,16,0
2026-08-14T15:30:13.056041,14,20,19,15,16,0
2026-08-14T15:30:13.056041,13,19,19,16,16,0
2026-08-14T15:30:13.056041,14,20,19,15,16,0
2026-08-14T15:30:13.056041,13,19,19,14,17,0
2026-08-14T15:30:13.064075,14,19,19,15,17,0
2026-08-14T15:30:13.064075,13,20,19,15,16,0
2026-08-14T15:30:13.064075,14,19,19,15,15,0
2026-08-14T15:30:13.064075,15,19,20,15,16,0
2026-08-14T15:30:13.064075,14,20,20,15,16,0
2026-08-14T15:30:13.064075,14,20,19,16,16,0
2026-08-14T15:30:13.070600,15,20,20,14,16,0
2026-08-14T15:30:13.072804,13,20,20,15,15,0
2026-08-14T15:30:13.072804,14,20,19,15,17,0
2026-08-14T15:30:13.072804,14,19,19,15,16,0
2026-08-14T15:30:13.072804,13,19,19,15,16,0
2026-08-14T15:30:13.076761,14,20,19,15,16,0
2026-08-14T15:30:13.076761,14,20,19,15,17,0
2026-08-14T15:30:13.076761,14,20,19,15,17,0
2026-08-14T15:30:13.081059,15,20,19,15,17,0
2026-08-14T15:30:13.081059,15,20,19,15,16,0
2026-08-14T15:30:13.081059,14,18,19,15,17,0
2026-08-14T15:30:13.081059,15,20,20,15,17,0
2026-08-14T15:30:13.081059,13,20,19,15,16,0
2026-08-14T15:30:13.086062,13,19,20,15,16,0
2026-08-14T15:30:13.087151,14,20,20,15,17,0
2026-08-14T15:30:13.089161,14,19,18,15,17,0
2026-08-14T15:30:13.089161,13,19,19,16,17,0
2026-08-14T15:30:13.089161,13,21,19,15,17,0
2026-08-14T15:30:13.089161,13,20,19,15,16,0
2026-08-14T15:30:13.092066,14,20,19,15,16,0
2026-08-14T15:30:13.092066,15,19,19,16,17,0
2026-08-14T15:30:13.092066,14,19,19,16,16,0
2026-08-14T15:30:13.097461,15,20,19,14,17,0
2026-08-14T15:30:13.097461,13,20,20,15,16,0
2026-08-14T15:30:13.097461,14,21,20,15,16,0
2026-08-14T15:30:13.101453,13,20,20,15,16,0
2026-08-14T15:30:13.101453,13,20,20,15,16,0
2026-08-14T15:30:13.102836,14,19,20,16,17,0
2026-08-14T15:30:13.104081,14,19,20,15,16,0
2026-08-14T15:30:13.104081,14,20,19,15,17,0
2026-08-14T15:30:13.105931,13,21,19,14,18,0
2026-08-14T15:30:13.105931,14,20,19,15,16,0
2026-08-14T15:30:13.109679,14,19,20,15,16,0
2026-08-14T15:30:13.109679,15,20,19,15,17,0
2026-08-14T15:30:13.111445,14,20,18,16,17,0
2026-08-14T15:30:13.111445,14,21,20,15,16,0
2026-08-14T15:30:13.113777,15,20,20,15,16,0
2026-08-14T15:30:13.113777,15,20,19,15,16,0
2026-08-14T15:30:13.113777,13,20,19,15,16,0
2026-08-14T15:30:13.113777,14,20,20,15,16,0
2026-08-14T15:30:13.113777,15,20,19,15,17,0
2026-08-14T15:30:13.119446,14,19,19,15,16,0
2026-08-14T15:30:13.120637,14,20,19,15,16,0
2026-08-14T15:30:13.120637,14,19,20,15,16,0
2026-08-14T15:30:13.122157,14,20,20,15,17,0
2026-08-14T15:30:13.122157,13,20,20,15,17,0
2026-08-14T15:30:13.122157,14,20,19,15,17,0
2026-08-14T15:30:13.122157,14,21,20,15,16,0
2026-08-14T15:30:13.122157,16,20,20,15,16,0
2026-08-14T15:30:13.122157,14,21,20,15,16,0
2026-08-14T15:30:13.130325,13,21,19,16,17,0
2026-08-14T15:30:13.130325,13,19,19,16,16,0
2026-08-14T15:30:13.130325,13,21,19,15,17,0
2026-08-14T15:30:13.134240,14,20,20,15,16,0
2026-08-14T15:30:13.134240,14,19,19,16,16,0
2026-08-14T15:30:13.134240,13,19,19,15,17,0
2026-08-14T15:30:13.137531,14,19,20,15,16,0
2026-08-14T15:30:13.138553,14,20,20,15,16,0
2026-08-14T15:30:13.139484,15,20,19,15,17,0
2026-08-14T15:30:13.139484,14,20,20,15,17,0
2026-08-14T15:30:13.139484,15,21,20,15,17,0
2026-08-14T15:30:13.139484,14,21,20,15,16,0
2026-08-14T15:30:13.139484,13,20,19,15,16,0
2026-08-14T15:30:13.146649,14,19,18,16,16,0
2026-08-14T15:30:13.146649,12,20,20,16,17,0
2026-08-14T15:30:13.146649,13,21,21,15,16,0
2026-08-14T15:30:13.146649,14,19,19,15,17,0
2026-08-14T15:30:13.146649,14,20,19,16,16,0
2026-08-14T15:30:13.146649,14,20,20,15,17,0
2026-08-14T15:30:13.146649,14,19,19,15,16,0
2026-08-14T15:30:13.154726,15,20,19,15,16,0
2026-08-14T15:30:13.154726,15,20,19,14,17,0
2026-08-14T15:30:13.154726,13,21,20,16,16,0
2026-08-14T15:30:13.154726,14,21,20,15,15,0
2026-08-14T15:30:13.158824,14,20,19,15,16,0
2026-08-14T15:30:13.158824,14,19,18,15,16,0
2026-08-14T15:30:13.158824,13,19,20,16,18,0
2026-08-14T15:30:13.162617,14,19,19,15,16,0
2026-08-14T15:30:13.163289,15,20,20,16,17,0
2026-08-14T15:30:13.163289,14,20,19,15,16,0
2026-08-14T15:30:13.163289,15,19,19,15,16,0
2026-08-14T15:30:13.163289,14,20,19,15,16,0
2026-08-14T15:30:13.168787,14,20,19,15,16,0
2026-08-14T15:30:13.170210,14,20,20,15,17,0
2026-08-14T15:30:13.171171,14,20,20,16,17,0
2026-08-14T15:30:13.171171,15,20,20,14,16,0
2026-08-14T15:30:13.171171,15,20,20,15,16,0
2026-08-14T15:30:13.171171,15,20,18,15,17,0
2026-08-14T15:30:13.171171,14,20,20,16,17,0
2026-08-14T15:30:13.171171,12,19,19,16,16,0
2026-08-14T15:30:13.176958,14,19,19,16,16,0
2026-08-14T15:30:13.178745,14,20,19,15,17,0
2026-08-14T15:30:13.178745,15,19,19,15,16,0
2026-08-14T15:30:13.180760,14,20,20,15,16,0
2026-08-14T15:30:13.180760,15,20,20,15,17,0
2026-08-14T15:30:13.180760,15,21,19,15,16,0
2026-08-14T15:30:13.180760,13,20,20,15,16,0
2026-08-14T15:30:13.185156,14,20,20,15,16,0
2026-08-14T15:30:13.187505,13,20,19,15,17,0
2026-08-14T15:30:13.187505,14,20,19,16,16,0
2026-08-14T15:30:13.187505,15,20,20,15,17,0
2026-08-14T15:30:13.190763,14,20,19,15,16,0
2026-08-14T15:30:13.190763,14,20,19,16,16,0
2026-08-14T15:30:13.190763,13,20,19,15,17,0
2026-08-14T15:30:13.194751,15,20,20,15,16,0
2026-08-14T15:30:13.194751,15,20,20,15,16,0
2026-08-14T15:30:13.194751,14,20,20,15,16,0
2026-08-14T15:30:13.194751,13,20,20,15,16,0
2026-08-14T15:30:13.194751,15,21,20,15,16,0
2026-08-14T15:30:13.194751,14,19,19,16,16,0
2026-08-14T15:30:13.194751,13,19,20,15,17,0
2026-08-14T15:30:13.204081,14,21,20,15,16,0
2026-08-14T15:30:13.204594,14,21,20,15,16,0
2026-08-14T15:30:13.204594,14,20,19,13,16,0
2026-08-14T15:30:13.204594,13,19,19,15,17,0
2026-08-14T15:30:13.207976,14,20,19,15,17,0
2026-08-14T15:30:13.207976,14,20,20,15,16,0
2026-08-14T15:30:13.207976,14,22,19,15,16,0
2026-08-14T15:30:13.210468,15,20,19,15,17,0
2026-08-14T15:30:13.210468,14,19,19,15,17,0
2026-08-14T15:30:13.210468,13,21,20,15,16,0
2026-08-14T15:30:13.213837,13,20,19,15,17,0
2026-08-14T15:30:13.213837,14,20,20,16,16,0
2026-08-14T15:30:13.213837,13,19,19,16,17,0
2026-08-14T15:30:13.213837,14,19,19,15,16,0
2026-08-14T15:30:13.220367,14,20,19,15,16,0
2026-08-14T15:30:13.220367,14,20,19,16,17,0
2026-08-14T15:30:13.220367,15,22,20,16,16,0
2026-08-14T15:30:13.220367,15,20,20,15,17,0
2026-08-14T15:30:13.220367,14,20,20,14,16,0
2026-08-14T15:30:13.220367,15,20,19,15,16,0
2026-08-14T15:30:13.220367,14,19,19,15,16,0
2026-08-14T15:30:13.228450,13,19,20,16,15,0
2026-08-14T15:30:13.228450,14,20,20,15,17,0
2026-08-14T15:30:13.230211,13,20,20,16,16,0
2026-08-14T15:30:13.230211,14,19,19,16,17,0
2026-08-14T15:30:13.230211,14,19,20,16,16,0
2026-08-14T15:30:13.230211,14,20,19,15,17,0
2026-08-14T15:30:13.230211,14,19,19,15,17,0
2026-08-14T15:30:13.236003,14,20,20,15,17,0
2026-08-14T15:30:13.236840,15,20,18,16,16,0
2026-08-14T15:30:13.236840,13,20,20,15,16,0
2026-08-14T15:30:13.236840,14,21,20,15,16,0
2026-08-14T15:30:13.236840,14,20,19,15,16,0
2026-08-14T15:30:13.236840,14,19,19,16,16,0
2026-08-14T15:30:13.236840,15,20,20,16,17,0
2026-08-14T15:30:13.243576,14,20,19,15,17,0
2026-08-14T15:30:13.245200,14,19,19,16,17,0
2026-08-14T15:30:13.245200,14,19,19,15,17,0
2026-08-14T15:30:13.248965,14,20,20,16,17,0
2026-08-14T15:30:13.248965,14,20,19,15,17,0
2026-08-14T15:30:13.250537,14,19,18,15,17,0
2026-08-14T15:30:13.250537,14,20,20,15,16,0
2026-08-14T15:30:13.253140,14,21,20,15,16,0
2026-08-14T15:30:13.254262,13,20,20,15,16,0
2026-08-14T15:30:13.254262,13,20,19,15,16,0
2026-08-14T15:30:13.257166,14,19,19,15,17,0
2026-08-14T15:30:13.257166,13,19,19,15,16,0
2026-08-14T15:30:13.257166,13,20,20,15,16,0
2026-08-14T15:30:13.257166,15,20,19,16,16,0
2026-08-14T15:30:13.260925,14,19,19,16,17,0
2026-08-14T15:30:13.260925,15,19,20,15,16,0
2026-08-14T15:30:13.260925,13,19,19,15,16,0
2026-08-14T15:30:13.260925,14,20,18,15,16,0
2026-08-14T15:30:13.260925,14,20,20,15,16,0
2026-08-14T15:30:13.260925,14,20,20,15,16,0
2026-08-14T15:30:13.269415,15,21,19,15,17,0
2026-08-14T15:30:13.269415,13,20,20,14,16,0
2026-08-14T15:30:13.271721,13,19,19,16,17,0
2026-08-14T15:30:13.271721,14,20,20,15,16,0
2026-08-14T15:30:13.273756,13,19,20,16,18,0
2026-08-14T15:30:13.273756,13,19,18,15,16,0
2026-08-14T15:30:13.273756,14,20,19,15,16,0
2026-08-14T15:30:13.275770,15,20,20,15,16,0
2026-08-14T15:30:13.275770,13,19,19,14,17,0
2026-08-14T15:30:13.275770,14,19,19,15,17,0
2026-08-14T15:30:13.275770,15,20,20,15,16,0
2026-08-14T15:30:13.275770,13,20,20,15,16,0
2026-08-14T15:30:13.275770,14,20,19,15,17,0
2026-08-14T15:30:13.275770,13,19,20,16,17,0
2026-08-14T15:30:13.286253,13,20,20,16,17,0
2026-08-14T15:30:13.287145,14,21,20,15,16,0
2026-08-14T15:30:13.287145,14,19,19,16,18,0
2026-08-14T15:30:13.287145,14,19,18,16,17,0
2026-08-14T15:30:13.287145,14,19,19,15,17,0
2026-08-14T15:30:13.287145,14,20,20,15,17,0
2026-08-14T15:30:13.287145,14,20,19,15,17,0
2026-08-14T15:30:13.294004,14,19,18,14,16,0
2026-08-14T15:30:13.294004,13,19,19,15,16,0
2026-08-14T15:30:13.294004,13,20,20,15,16,0
2026-08-14T15:30:13.294004,14,20,19,15,16,0
2026-08-14T15:30:13.294004,13,19,18,14,16,0
2026-08-14T15:30:13.294004,13,20,19,16,16,0
2026-08-14T15:30:13.299886,13,20,19,15,17,0
2026-08-14T15:30:13.302176,13,20,19,15,17,0
2026-08-14T15:30:13.303394,13,19,19,16,17,0
2026-08-14T15:30:13.303394,13,20,20,15,16,0
2026-08-14T15:30:13.306279,13,19,19,15,16,0
2026-08-14T15:30:13.306279,15,20,19,15,16,0
2026-08-14T15:30:13.306279,15,19,19,16,17,0
2026-08-14T15:30:13.306279,15,19,19,15,17,0
2026-08-14T15:30:13.310375,13,20,19,15,17,0
2026-08-14T15:30:13.310375,15,21,20,15,16,0
2026-08-14T15:30:13.310375,13,21,19,15,16,0
2026-08-14T15:30:13.312978,14,20,20,15,17,0
2026-08-14T15:30:13.312978,13,19,19,15,16,0
2026-08-14T15:30:13.312978,13,20,20,15,16,0
2026-08-14T15:30:13.316423,13,20,18,15,16,0
2026-08-14T15:30:13.316423,13,19,19,15,16,0
2026-08-14T15:30:13.320206,14,19,19,14,17,0
2026-08-14T15:30:13.320982,14,19,19,15,16,0
2026-08-14T15:30:13.321652,13,20,19,15,16,0
2026-08-14T15:30:13.321652,15,20,19,15,16,0
2026-08-14T15:30:13.321652,13,20,19,15,17,0
2026-08-14T15:30:13.321652,14,20,19,15,17,0
2026-08-14T15:30:13.324781,13,20,18,15,17,0
2026-08-14T15:30:13.324781,13,20,19,15,16,0
2026-08-14T15:30:13.324781,14,19,19,15,16,0
2026-08-14T15:30:13.324781,13,19,20,15,16,0
2026-08-14T15:30:13.324781,13,20,19,15,16,0
2026-08-14T15:30:13.324781,13,20,19,15,16,0
2026-08-14T15:30:13.334075,14,19,19,15,17,0
2026-08-14T15:30:13.336116,13,19,19,16,17,0
2026-08-14T15:30:13.336116,15,20,18,14,17,0
2026-08-14T15:30:13.337209,14,20,19,15,16,0
2026-08-14T15:30:13.339041,14,20,19,15,16,0
2026-08-14T15:30:13.339041,15,19,18,15,16,0
2026-08-14T15:30:13.339041,13,20,18,15,16,0
2026-08-14T15:30:13.341499,13,20,20,15,15,0
2026-08-14T15:30:13.341499,14,20,19,15,16,0
2026-08-14T15:30:13.341499,14,19,18,15,16,0
2026-08-14T15:30:13.341499,13,19,18,15,16,0
2026-08-14T15:30:13.341499,13,20,19,15,16,0
2026-08-14T15:30:13.341499,14,19,19,14,17,0
2026-08-14T15:30:13.341499,14,19,19,16,17,0
2026-08-14T15:30:13.349184,14,19,19,15,16,0
2026-08-14T15:30:13.349184,15,19,19,15,16,0
2026-08-14T15:30:13.352715,13,20,20,15,17,0
2026-08-14T15:30:13.353336,14,20,19,15,16,0
2026-08-14T15:30:13.353336,14,20,18,15,17,0
2026-08-14T15:30:13.353336,13,20,19,15,17,0
2026-08-14T15:30:13.353336,13,19,20,15,15,0
2026-08-14T15:30:13.359527,13,20,19,15,17,0
2026-08-14T15:30:13.359527,14,19,18,15,16,0
2026-08-14T15:30:13.359527,14,19,19,14,16,0
2026-08-14T15:30:13.362718,12,19,19,15,16,0
2026-08-14T15:30:13.362718,14,19,19,14,16,0
2026-08-14T15:30:13.362718,14,20,19,15,16,0
2026-08-14T15:30:13.365733,15,20,20,15,16,0
2026-08-14T15:30:13.365733,14,20,20,15,16,0
2026-08-14T15:30:13.365733,13,20,18,14,17,0
2026-08-14T15:30:13.369408,13,20,19,16,16,0
2026-08-14T15:30:13.370693,13,19,19,14,16,0
2026-08-14T15:30:13.370693,14,19,19,15,16,0
2026-08-14T15:30:13.370693,13,20,18,15,15,0
2026-08-14T15:30:13.373779,14,19,19,15,16,0
2026-08-14T15:30:13.373779,15,19,19,15,17,0
2026-08-14T15:30:13.373779,14,19,19,15,16,0
2026-08-14T15:30:13.373779,14,19,19,16,16,0
2026-08-14T15:30:13.377660,14,20,18,15,16,0
2026-08-14T15:30:13.377660,14,20,19,15,16,0
2026-08-14T15:30:13.377660,14,19,19,15,16,0
2026-08-14T15:30:13.382059,13,20,19,15,16,0
2026-08-14T15:30:13.382059,13,20,20,14,17,0
2026-08-14T15:30:13.382059,13,20,20,15,15,0
2026-08-14T15:30:13.382059,14,19,19,15,17,0
2026-08-14T15:30:13.388208,13,19,19,15,16,0
2026-08-14T15:30:13.388208,13,19,18,15,16,0
2026-08-14T15:30:13.388208,14,20,20,15,16,0
2026-08-14T15:30:13.390335,14,20,19,15,16,0
2026-08-14T15:30:13.391670,14,19,18,15,16,0
2026-08-14T15:30:13.393425,14,19,18,15,16,0
2026-08-14T15:30:13.393425,15,20,19,14,16,0
2026-08-14T15:30:13.395440,15,20,20,15,16,0
2026-08-14T15:30:13.395440,14,20,18,15,16,0
2026-08-14T15:30:13.395440,13,20,20,14,15,0
2026-08-14T15:30:13.400478,12,20,20,15,16,0
2026-08-14T15:30:13.400478,14,20,19,15,16,0
2026-08-14T15:30:13.400478,14,19,19,15,16,0
2026-08-14T15:30:13.403225,14,19,18,15,16,0
2026-08-14T15:30:13.404566,13,19,18,15,16,0
2026-08-14T15:30:13.404566,14,20,19,15,17,0
2026-08-14T15:30:13.404566,14,19,18,15,16,0
2026-08-14T15:30:13.406644,14,19,18,14,16,0
2026-08-14T15:30:13.406644,14,19,18,15,16,0
2026-08-14T15:30:13.406644,13,21,20,15,16,0
2026-08-14T15:30:13.406644,14,19,19,15,16,0
2026-08-14T15:30:13.412714,13,19,20,15,17,0
2026-08-14T15:30:13.412714,13,19,19,15,15,0
2026-08-14T15:30:13.412714,13,19,18,15,15,0
2026-08-14T15:30:13.416739,13,20,18,14,17,0
2026-08-14T15:30:13.416739,13,19,19,14,16,0
2026-08-14T15:30:13.416739,12,20,19,15,17,0
2026-08-14T15:30:13.416739,14,19,19,15,16,0
2026-08-14T15:30:13.420114,14,19,18,14,16,0
2026-08-14T15:30:13.421134,15,18,17,15,16,0
2026-08-14T15:30:13.421134,13,19,19,15,17,0
2026-08-14T15:30:13.424672,14,20,20,15,15,0
2026-08-14T15:30:13.425810,13,20,18,14,16,0
2026-08-14T15:30:13.425810,14,20,18,14,16,0
2026-08-14T15:30:13.429175,13,19,19,15,16,0
2026-08-14T15:30:13.429175,13,19,20,15,16,0
2026-08-14T15:30:13.429175,13,20,20,15,15,0
2026-08-14T15:30:13.430935,14,20,18,14,16,0
2026-08-14T15:30:13.431662,14,19,18,14,16,0
2026-08-14T15:30:13.431662,13,19,18,13,16,0
2026-08-14T15:30:13.431662,14,20,19,14,16,0
2026-08-14T15:30:13.437341,14,20,18,15,16,0
2026-08-14T15:30:13.437341,13,18,18,15,15,0
2026-08-14T15:30:13.437341,13,19,18,13,16,0
2026-08-14T15:30:13.439099,13,20,18,14,16,0
2026-08-14T15:30:13.440184,14,20,18,15,16,0
2026-08-14T15:30:13.440184,14,20,19,14,15,0
2026-08-14T15:30:13.440184,14,19,19,15,16,0
2026-08-14T15:30:13.443210,12,19,19,15,16,0
2026-08-14T15:30:13.443210,13,19,19,15,16,0
2026-08-14T15:30:13.443210,13,19,18,15,16,0
2026-08-14T15:30:13.447535,14,20,19,15,16,0
2026-08-14T15:30:13.447535,13,18,19,15,16,0
2026-08-14T15:30:13.447535,14,19,18,14,16,0
2026-08-14T15:30:13.447535,15,20,18,14,15,0
2026-08-14T15:30:13.453737,13,20,20,15,15,0
2026-08-14T15:30:13.453737,13,20,18,15,17,0
2026-08-14T15:30:13.453737,14,19,18,15,16,0
2026-08-14T15:30:13.456033,14,19,20,15,15,0
2026-08-14T15:30:13.457375,13,19,20,14,16,0
2026-08-14T15:30:13.457375,15,19,18,15,17,0
2026-08-14T15:30:13.457375,13,19,18,14,16,0
2026-08-14T15:30:13.457375,13,19,19,15,16,0
2026-08-14T15:30:13.457375,13,18,19,15,15,0
2026-08-14T15:30:13.457375,14,20,19,15,16,0
2026-08-14T15:30:13.464146,14,18,18,14,16,0
2026-08-14T15:30:13.464146,13,20,19,15,17,0
2026-08-14T15:30:13.464146,13,20,19,14,17,0
2026-08-14T15:30:13.464146,13,20,18,15,16,0
2026-08-14T15:30:13.470012,13,19,18,14,16,0
2026-08-14T15:30:13.470012,13,19,19,14,15,0
2026-08-14T15:30:13.470012,13,19,18,15,16,0
2026-08-14T15:30:13.472312,13,19,18,14,17,0
2026-08-14T15:30:13.472312,13,20,18,15,16,0
2026-08-14T15:30:13.472312,14,20,19,14,15,0
2026-08-14T15:30:13.472312,14,19,18,14,16,0
2026-08-14T15:30:13.472312,13,19,19,16,16,0
2026-08-14T15:30:13.472312,14,19,18,15,16,0
2026-08-14T15:30:13.472312,13,20,19,14,15,0
2026-08-14T15:30:13.482401,14,19,18,14,15,0
2026-08-14T15:30:13.482401,13,19,18,14,15,0
2026-08-14T15:30:13.484165,12,19,18,15,15,0
2026-08-14T15:30:13.484165,13,20,20,15,16,0
2026-08-14T15:30:13.486040,14,19,19,15,16,0
2026-08-14T15:30:13.486823,13,19,18,14,16,0
2026-08-14T15:30:13.486823,14,19,18,15,16,0
2026-08-14T15:30:13.490273,13,19,19,14,16,0
2026-08-14T15:30:13.490273,14,19,18,14,16,0
2026-08-14T15:30:13.490273,13,19,17,16,16,0
2026-08-14T15:30:13.494392,14,18,17,15,16,0
2026-08-14T15:30:13.494392,12,19,18,14,16,0
2026-08-14T15:30:13.494392,12,20,19,14,15,0
2026-08-14T15:30:13.496410,13,20,18,14,16,0
2026-08-14T15:30:13.497423,12,19,18,14,16,0
2026-08-14T15:30:13.499433,11,18,20,15,16,0
2026-08-14T15:30:13.499433,13,18,19,14,15,0
2026-08-14T15:30:13.502903,14,19,18,15,16,0
2026-08-14T15:30:13.503774,13,19,18,14,16,0
2026-08-14T15:30:13.503774,13,19,19,13,16,0
2026-08-14T15:30:13.503774,14,18,18,14,16,0
2026-08-14T15:30:13.505642,14,19,19,13,16,0
2026-08-14T15:30:13.505642,14,18,18,15,16,0
2026-08-14T15:30:13.507651,13,19,18,15,16,0
2026-08-14T15:30:13.509428,14,20,19,15,15,0
2026-08-14T15:30:13.509428,15,20,18,14,16,0
2026-08-14T15:30:13.509428,14,20,18,14,16,0
2026-08-14T15:30:13.512882,13,18,19,15,16,0
2026-08-14T15:30:13.513895,14,19,18,15,16,0
2026-08-14T15:30:13.515913,13,20,19,15,16,0
2026-08-14T15:30:13.515913,13,19,18,14,16,0
2026-08-14T15:30:13.519495,14,19,18,15,16,0
2026-08-14T15:30:13.519495,13,19,18,15,15,0
2026-08-14T15:30:13.520778,13,19,17,15,16,0
2026-08-14T15:30:13.520778,14,18,18,15,15,0
2026-08-14T15:30:13.521782,13,18,18,13,16,0
2026-08-14T15:30:13.521782,14,19,18,14,16,0
2026-08-14T15:30:13.521782,14,20,19,15,16,0
2026-08-14T15:30:13.527170,14,20,18,14,16,0
2026-08-14T15:30:13.527170,14,19,19,15,16,0
2026-08-14T15:30:13.527170,13,18,18,15,16,0
2026-08-14T15:30:13.531571,13,19,18,14,15,0
2026-08-14T15:30:13.531571,13,20,18,14,16,0
2026-08-14T15:30:13.531571,13,18,19,14,15,0
2026-08-14T15:30:13.531571,14,19,18,15,16,0
2026-08-14T15:30:13.534793,14,18,19,15,16,0
2026-08-14T15:30:13.535969,14,18,18,15,16,0
2026-08-14T15:30:13.536578,14,20,19,15,15,0
2026-08-14T15:30:13.538565,13,20,18,14,15,0
2026-08-14T15:30:13.538565,12,20,18,15,16,0
2026-08-14T15:30:13.538565,12,20,18,14,15,0
2026-08-14T15:30:13.538565,12,20,20,15,15,0
2026-08-14T15:30:13.538565,13,19,19,14,16,0
2026-08-14T15:30:13.538565,12,19,17,14,15,0
2026-08-14T15:30:13.538565,11,19,17,15,16,0
2026-08-14T15:30:13.546802,13,18,19,15,16,0
2026-08-14T15:30:13.546802,14,20,18,15,16,0
2026-08-14T15:30:13.546802,12,18,18,14,16,0
2026-08-14T15:30:13.546802,14,18,17,15,17,0
2026-08-14T15:30:13.546802,13,18,18,14,15,0
2026-08-14T15:30:13.546802,13,20,19,15,15,0
2026-08-14T15:30:13.553721,14,19,18,14,16,0
2026-08-14T15:30:13.556176,13,19,18,14,16,0
2026-08-14T15:30:13.556176,12,19,18,14,15,0
2026-08-14T15:30:13.557937,13,19,18,15,15,0
2026-08-14T15:30:13.557937,14,18,18,15,16,0
2026-08-14T15:30:13.559951,13,19,17,14,16,0
2026-08-14T15:30:13.559951,13,19,19,14,15,0
2026-08-14T15:30:13.559951,13,19,19,15,16,0
2026-08-14T15:30:13.561961,13,18,17,13,16,0
2026-08-14T15:30:13.564620,14,18,17,15,15,0
2026-08-14T15:30:13.564620,13,19,19,15,16,0
2026-08-14T15:30:13.568427,13,18,18,13,16,0
2026-08-14T15:30:13.569324,13,19,18,14,16,0
2026-08-14T15:30:13.570144,13,19,18,14,16,0
2026-08-14T15:30:13.570144,13,19,19,14,16,0
2026-08-14T15:30:13.572526,13,19,18,14,16,0
2026-08-14T15:30:13.572526,14,19,18,14,16,0
2026-08-14T15:30:13.572526,13,19,17,14,16,0
2026-08-14T15:30:13.576601,13,18,18,14,16,0
2026-08-14T15:30:13.576601,12,18,19,13,16,0
2026-08-14T15:30:13.576601,12,19,18,14,16,0
2026-08-14T15:30:13.578365,14,19,18,14,15,0
2026-08-14T15:30:13.580281,14,18,18,14,16,0
2026-08-14T15:30:13.580281,14,19,19,14,16,0
2026-08-14T15:30:13.580281,12,18,18,14,15,0
2026-08-14T15:30:13.580281,13,20,18,14,15,0
2026-08-14T15:30:13.580281,15,19,18,14,15,0
2026-08-14T15:30:13.587269,12,20,18,14,16,0
2026-08-14T15:30:13.588430,12,19,18,14,15,0
2026-08-14T15:30:13.588430,13,19,18,14,15,0
2026-08-14T15:30:13.590445,13,19,18,14,16,0
2026-08-14T15:30:13.590445,14,18,18,14,16,0
2026-08-14T15:30:13.592458,13,17,18,15,16,0
2026-08-14T15:30:13.592458,13,19,18,14,16,0
2026-08-14T15:30:13.592458,14,19,19,14,17,0
2026-08-14T15:30:13.596689,13,18,18,13,16,0
2026-08-14T15:30:13.597521,14,19,18,14,15,0
2026-08-14T15:30:13.597521,13,18,18,14,16,0
2026-08-14T15:30:13.599589,13,20,18,14,15,0
2026-08-14T15:30:13.601203,13,18,18,14,15,0
2026-08-14T15:30:13.601203,12,18,18,15,15,0
2026-08-14T15:30:13.602795,11,18,17,14,15,0
2026-08-14T15:30:13.605276,13,19,19,14,15,0
2026-08-14T15:30:13.605276,13,19,18,14,16,0
2026-08-14T15:30:13.607034,14,19,17,14,16,0
2026-08-14T15:30:13.607034,13,17,17,14,16,0
2026-08-14T15:30:13.608752,14,19,18,14,14,0
2026-08-14T15:30:13.608752,12,20,18,14,15,0
2026-08-14T15:30:13.608752,14,18,17,14,16,0
2026-08-14T15:30:13.611929,13,19,18,14,16,0
2026-08-14T15:30:13.613689,13,19,18,15,15,0
2026-08-14T15:30:13.613689,13,18,18,13,15,0
2026-08-14T15:30:13.613689,13,17,18,14,15,0
2026-08-14T15:30:13.613689,12,19,17,14,15,0
2026-08-14T15:30:13.613689,14,19,18,14,15,0
2026-08-14T15:30:13.619333,13,19,19,14,15,0
2026-08-14T15:30:13.620585,14,18,18,14,16,0
2026-08-14T15:30:13.622222,13,18,18,13,15,0
2026-08-14T15:30:13.622222,12,19,18,16,16,0
2026-08-14T15:30:13.622222,13,19,19,13,15,0
2026-08-14T15:30:13.622222,14,18,18,14,16,0
2026-08-14T15:30:13.622222,13,18,18,14,16,0
2026-08-14T15:30:13.627494,13,18,18,14,16,0
2026-08-14T15:30:13.629510,12,19,18,14,15,0
2026-08-14T15:30:13.630018,13,19,18,15,15,0
2026-08-14T15:30:13.630018,14,17,18,14,16,0
2026-08-14T15:30:13.632028,12,18,18,13,16,0
2026-08-14T15:30:13.634590,13,18,19,14,16,0
2026-08-14T15:30:13.636079,13,19,18,15,15,0
2026-08-14T15:30:13.636892,14,18,17,14,15,0
2026-08-14T15:30:13.637219,14,18,17,14,16,0
2026-08-14T15:30:13.638343,13,18,18,14,15,0
2026-08-14T15:30:13.638343,13,19,18,15,15,0
2026-08-14T15:30:13.642174,13,19,18,14,15,0
2026-08-14T15:30:13.642174,14,19,18,14,16,0
2026-08-14T15:30:13.642174,13,18,17,14,16,0
2026-08-14T15:30:13.643934,11,17,18,14,16,0
2026-08-14T15:30:13.643934,13,19,18,13,15,0
2026-08-14T15:30:13.659991,14,19,18,14,16,0
2026-08-14T15:30:13.659991,13,19,17,13,16,0
2026-08-14T15:30:13.662003,13,19,18,14,15,0
2026-08-14T15:30:13.662003,13,19,18,13,15,0
2026-08-14T15:30:13.664017,14,18,18,14,16,0
2026-08-14T15:30:13.664017,14,18,18,14,16,0
2026-08-14T15:30:13.664017,14,19,18,15,15,0
2026-08-14T15:30:13.664017,14,20,18,14,15,0
2026-08-14T15:30:13.664017,13,18,18,14,15,0
2026-08-14T15:30:13.664017,13,18,17,15,15,0
2026-08-14T15:30:13.664017,12,19,18,14,15,0
2026-08-14T15:30:13.664017,13,19,17,14,15,0
2026-08-14T15:30:13.664017,13,19,18,15,16,0
2026-08-14T15:30:13.670387,13,19,19,14,16,0
2026-08-14T15:30:13.670896,13,19,18,15,16,0
2026-08-14T15:30:13.670896,13,18,16,15,16,0
2026-08-14T15:30:13.670896,13,19,18,14,15,0
2026-08-14T15:30:13.670896,13,18,18,14,15,0
2026-08-14T15:30:13.670896,13,18,18,14,15,0
2026-08-14T15:30:13.670896,13,19,18,14,16,0
2026-08-14T15:30:13.670896,12,18,18,14,15,0
2026-08-14T15:30:13.670896,12,19,19,14,15,0
2026-08-14T15:30:13.670896,13,18,17,14,16,0
2026-08-14T15:30:13.670896,13,18,17,14,15,0
2026-08-14T15:30:13.670896,12,19,18,14,16,0
2026-08-14T15:30:13.670896,13,19,18,14,15,0
2026-08-14T15:30:13.678782,12,19,17,14,16,0
2026-08-14T15:30:13.678782,13,17,18,13,15,0
2026-08-14T15:30:13.678782,14,19,18,14,15,0
2026-08-14T15:30:13.678782,13,18,18,14,15,0
2026-08-14T15:30:13.681752,14,18,17,13,16,0
2026-08-14T15:30:13.681752,13,19,18,15,16,0
2026-08-14T15:30:13.681752,12,19,18,14,15,0
2026-08-14T15:30:13.686702,13,18,18,14,16,0
2026-08-14T15:30:13.686702,13,19,18,14,15,0
2026-08-14T15:30:13.686702,12,17,18,15,16,0
2026-08-14T15:30:13.686702,12,17,19,14,16,0
2026-08-14T15:30:13.686702,12,17,18,14,15,0
2026-08-14T15:30:13.686702,14,19,18,14,16,0
2026-08-14T15:30:13.686702,13,18,17,13,16,0
2026-08-14T15:30:13.694248,14,18,18,14,16,0
2026-08-14T15:30:13.694248,14,19,19,14,16,0
2026-08-14T15:30:13.694248,13,19,18,14,16,0
2026-08-14T15:30:13.694248,13,18,17,13,15,0
2026-08-14T15:30:13.694248,14,19,18,14,16,0
2026-08-14T15:30:13.694248,13,18,19,14,15,0
2026-08-14T15:30:13.694248,13,19,18,14,15,0
2026-08-14T15:30:13.702835,14,19,18,15,15,0
2026-08-14T15:30:13.703839,14,18,18,14,15,0
2026-08-14T15:30:13.703839,13,17,18,14,16,0
2026-08-14T15:30:13.707679,11,17,18,13,16,0
2026-08-14T15:30:13.707679,13,19,18,15,15,0
2026-08-14T15:30:13.707679,13,18,17,14,16,0
2026-08-14T15:30:13.707679,14,18,18,14,16,0
2026-08-14T15:30:13.711724,13,18,18,14,15,0
2026-08-14T15:30:13.711724,13,18,18,14,16,0
2026-08-14T15:30:13.711724,12,18,18,14,15,0
2026-08-14T15:30:13.715879,13,19,18,15,15,0
2026-08-14T15:30:13.715879,13,18,18,14,15,0
2026-08-14T15:30:13.715879,12,19,17,14,15,0
2026-08-14T15:30:13.717644,13,19,18,14,15,0
2026-08-14T15:30:13.719460,13,18,17,13,16,0
2026-08-14T15:30:13.720239,14,19,17,14,15,0
2026-08-14T15:30:13.720239,13,19,18,14,16,0
2026-08-14T15:30:13.720239,14,18,18,13,16,0
2026-08-14T15:30:13.720239,14,18,18,14,15,0
2026-08-14T15:30:13.720239,13,19,18,14,16,0
2026-08-14T15:30:13.727620,13,18,17,14,15,0
2026-08-14T15:30:13.727620,13,19,20,14,15,0
2026-08-14T15:30:13.727620,12,18,18,14,15,0
2026-08-14T15:30:13.729921,13,19,18,14,16,0
2026-08-14T15:30:13.729921,13,18,18,15,15,0
2026-08-14T15:30:13.729921,14,19,19,14,15,0
2026-08-14T15:30:13.729921,13,18,18,14,14,0
2026-08-14T15:30:13.735809,12,19,17,13,16,0
2026-08-14T15:30:13.737271,13,18,17,14,15,0
2026-08-14T15:30:13.737586,14,18,18,14,16,0
2026-08-14T15:30:13.737586,14,19,19,14,15,0
2026-08-14T15:30:13.739595,14,18,18,14,16,0
2026-08-14T15:30:13.739595,13,19,18,14,15,0
2026-08-14T15:30:13.741606,13,18,18,14,15,0
2026-08-14T15:30:13.744048,14,18,17,14,15,0
2026-08-14T15:30:13.744048,14,18,18,14,15,0
2026-08-14T15:30:13.744048,12,18,17,14,15,0
2026-08-14T15:30:13.746292,13,17,19,15,17,0
2026-08-14T15:30:13.748219,13,19,18,14,15,0
2026-08-14T15:30:13.748219,13,18,17,13,16,0
2026-08-14T15:30:13.748219,14,18,17,15,16,0
2026-08-14T15:30:13.752785,14,18,18,14,15,0
2026-08-14T15:30:13.752785,13,18,18,14,15,0
2026-08-14T15:30:13.754227,14,19,18,14,16,0
2026-08-14T15:30:13.754227,14,20,17,14,15,0
2026-08-14T15:30:13.754227,14,19,18,14,16,0
2026-08-14T15:30:13.754227,14,19,17,14,16,0
2026-08-14T15:30:13.754227,13,19,18,14,15,0
2026-08-14T15:30:13.759732,13,18,17,13,16,0
2026-08-14T15:30:13.759732,14,19,17,13,15,0
2026-08-14T15:30:13.759732,13,19,18,13,15,0
2026-08-14T15:30:13.759732,12,17,18,14,16,0
2026-08-14T15:30:13.759732,14,18,18,13,16,0
2026-08-14T15:30:13.759732,14,19,18,15,15,0
2026-08-14T15:30:13.759732,14,19,19,14,16,0
2026-08-14T15:30:13.767768,14,19,18,15,15,0
2026-08-14T15:30:13.770310,13,20,18,14,15,0
2026-08-14T15:30:13.770624,13,20,18,14,16,0
2026-08-14T15:30:13.773228,13,18,17,14,16,0
2026-08-14T15:30:13.773228,13,18,18,15,15,0
2026-08-14T15:30:13.773228,13,18,17,15,15,0
2026-08-14T15:30:13.773228,12,18,18,14,15,0
2026-08-14T15:30:13.776384,14,18,19,14,16,0
2026-08-14T15:30:13.776384,12,17,18,14,16,0
2026-08-14T15:30:13.776384,13,17,18,14,16,0
2026-08-14T15:30:13.776384,13,19,18,14,16,0
2026-08-14T15:30:13.776384,13,19,18,14,15,0
2026-08-14T15:30:13.776384,12,18,18,14,16,0
2026-08-14T15:30:13.776384,13,19,18,15,15,0
2026-08-14T15:30:13.784916,13,18,18,14,16,0
2026-08-14T15:30:13.786697,13,19,19,15,15,0
2026-08-14T15:30:13.787359,13,17,19,14,16,0
2026-08-14T15:30:13.787359,14,19,18,14,16,0
2026-08-14T15:30:13.787359,13,18,18,13,16,0
2026-08-14T15:30:13.787359,14,18,18,14,15,0
2026-08-14T15:30:13.787359,14,18,18,15,16,0
2026-08-14T15:30:13.793708,14,18,17,14,16,0
2026-08-14T15:30:13.793708,13,19,18,14,16,0
2026-08-14T15:30:13.793708,13,20,20,14,15,0
2026-08-14T15:30:13.797802,14,19,18,13,16,0
2026-08-14T15:30:13.797802,13,18,18,14,16,0
2026-08-14T15:30:13.799566,12,18,17,14,15,0
2026-08-14T15:30:13.800673,13,19,18,14,16,0
2026-08-14T15:30:13.800673,13,18,17,14,15,0
2026-08-14T15:30:13.804429,14,19,17,14,16,0
2026-08-14T15:30:13.804429,14,19,18,14,16,0
2026-08-14T15:30:13.804429,13,19,19,14,16,0
2026-08-14T15:30:13.804429,14,18,17,15,15,0
2026-08-14T15:30:13.804429,14,18,18,14,15,0
2026-08-14T15:30:13.808911,13,20,19,14,15,0
2026-08-14T15:30:13.808911,13,19,18,15,15,0
2026-08-14T15:30:13.808911,12,20,18,14,17,0
2026-08-14T15:30:13.808911,13,18,18,14,15,0
2026-08-14T15:30:13.808911,13,19,19,14,16,0
2026-08-14T15:30:13.808911,14,19,18,15,17,0
2026-08-14T15:30:13.808911,13,19,18,14,16,0
2026-08-14T15:30:13.817108,14,18,18,14,16,0
2026-08-14T15:30:13.819486,14,18,19,14,15,0
2026-08-14T15:30:13.820086,13,20,18,14,16,0
2026-08-14T15:30:13.820086,14,19,18,14,16,0
2026-08-14T15:30:13.820086,13,19,18,14,15,0
2026-08-14T15:30:13.820086,13,19,18,14,16,0
2026-08-14T15:30:13.820086,13,19,19,15,16,0
2026-08-14T15:30:13.826452,12,18,20,14,15,0
2026-08-14T15:30:13.826452,13,18,18,14,15,0
2026-08-14T15:30:13.826452,15,18,19,15,17,0
2026-08-14T15:30:13.829231,13,18,18,14,16,0
2026-08-14T15:30:13.829231,14,19,19,14,15,0
2026-08-14T15:30:13.829231,14,19,18,14,16,0
2026-08-14T15:30:13.833333,14,19,18,14,15,0
2026-08-14T15:30:13.833333,14,18,18,14,15,0
2026-08-14T15:30:13.833333,13,19,17,14,15,0
2026-08-14T15:30:13.833333,15,20,18,14,16,0
2026-08-14T15:30:13.837559,13,20,19,14,16,0
2026-08-14T15:30:13.837559,13,19,18,14,17,0
2026-08-14T15:30:13.837559,13,19,19,13,15,0
2026-08-14T15:30:13.837559,14,19,18,15,16,0
2026-08-14T15:30:13.841473,12,19,18,13,16,0
2026-08-14T15:30:13.841473,13,19,19,15,17,0
2026-08-14T15:30:13.841473,14,19,19,14,16,0
2026-08-14T15:30:13.841473,13,18,18,14,16,0
2026-08-14T15:30:13.841473,14,19,19,15,16,0
2026-08-14T15:30:13.841473,15,20,18,14,16,0
2026-08-14T15:30:13.841473,14,20,19,15,16,0
2026-08-14T15:30:13.849774,13,19,18,15,16,0
2026-08-14T15:30:13.849774,14,20,18,14,15,0
2026-08-14T15:30:13.852770,13,19,18,15,16,0
2026-08-14T15:30:13.855179,13,19,17,14,16,0
2026-08-14T15:30:13.855179,12,19,18,14,15,0
2026-08-14T15:30:13.855179,13,19,18,15,15,0
2026-08-14T15:30:13.855179,14,20,18,14,17,0
2026-08-14T15:30:13.858432,14,18,18,15,16,0
2026-08-14T15:30:13.858432,14,19,18,15,16,0
2026-08-14T15:30:13.858432,14,18,19,15,16,0
2026-08-14T15:30:13.862817,14,19,18,14,16,0
2026-08-14T15:30:13.862817,14,18,18,14,16,0
2026-08-14T15:30:13.862817,13,19,18,14,16,0
2026-08-14T15:30:13.866104,12,19,19,15,16,0
2026-08-14T15:30:13.866104,13,19,20,15,15,0
2026-08-14T15:30:13.869526,14,19,19,14,16,0
2026-08-14T15:30:13.870536,13,19,18,15,16,0
2026-08-14T15:30:13.870536,12,18,19,14,16,0
2026-08-14T15:30:13.870536,13,19,19,15,17,0
2026-08-14T15:30:13.870536,13,19,19,13,17,0
2026-08-14T15:30:13.874130,14,18,18,15,16,0
2026-08-14T15:30:13.874130,15,19,18,14,16,0
2026-08-14T15:30:13.874130,14,19,19,15,16,0
2026-08-14T15:30:13.877356,15,20,18,14,16,0
2026-08-14T15:30:13.877356,13,19,18,15,16,0
2026-08-14T15:30:13.877356,13,19,20,15,16,0
2026-08-14T15:30:13.877356,12,19,20,15,17,0
2026-08-14T15:30:13.882472,13,20,18,15,16,0
2026-08-14T15:30:13.882472,13,20,18,14,17,0
2026-08-14T15:30:13.882472,14,19,19,16,16,0
2026-08-14T15:30:13.886041,14,19,19,15,16,0
2026-08-14T15:30:13.887656,14,18,19,15,16,0
2026-08-14T15:30:13.887656,14,19,18,14,17,0
2026-08-14T15:30:13.887656,13,20,18,14,16,0
2026-08-14T15:30:13.892001,13,20,20,14,16,0
2026-08-14T15:30:13.892001,13,20,19,15,16,0
2026-08-14T15:30:13.892001,15,20,18,15,16,0
2026-08-14T15:30:13.894747,14,20,19,15,16,0
2026-08-14T15:30:13.894747,15,19,19,15,16,0
2026-08-14T15:30:13.894747,13,19,19,15,16,0
2026-08-14T15:30:13.897864,13,19,18,15,16,0
2026-08-14T15:30:13.900377,13,20,20,15,16,0
2026-08-14T15:30:13.900377,15,19,19,15,16,0
2026-08-14T15:30:13.900377,13,19,19,15,16,0
2026-08-14T15:30:13.904279,14,20,18,15,16,0
2026-08-14T15:30:13.904279,13,20,19,15,16,0
2026-08-14T15:30:13.904279,15,20,19,14,16,0
2026-08-14T15:30:13.904279,14,20,19,14,16,0
2026-08-14T15:30:13.908421,13,20,20,15,16,0
2026-08-14T15:30:13.908421,15,20,20,15,16,0
2026-08-14T15:30:13.908421,15,20,19,15,16,0
2026-08-14T15:30:13.908421,14,19,19,15,16,0
2026-08-14T15:30:13.908421,15,19,18,15,17,0
2026-08-14T15:30:13.908421,14,20,20,15,17,0
2026-08-14T15:30:13.908421,14,20,19,15,16,0
2026-08-14T15:30:13.916648,13,19,19,15,16,0
2026-08-14T15:30:13.916648,14,19,19,16,17,0
2026-08-14T15:30:13.916648,13,19,19,15,16,0
2026-08-14T15:30:13.919878,14,20,20,15,16,0
2026-08-14T15:30:13.919878,15,20,19,14,17,0
2026-08-14T15:30:13.919878,13,20,19,15,16,0
2026-08-14T15:30:13.922434,13,19,19,16,16,0
2026-08-14T15:30:13.924727,14,20,20,15,16,0
2026-08-14T15:30:13.924727,15,19,20,14,16,0
2026-08-14T15:30:13.925736,14,19,18,15,16,0
2026-08-14T15:30:13.928868,13,19,19,15,16,0
2026-08-14T15:30:13.928868,14,20,20,15,16,0
2026-08-14T15:30:13.930581,14,20,19,16,17,0
2026-08-14T15:30:13.931606,14,20,19,15,17,0
2026-08-14T15:30:13.933769,14,20,19,15,16,0
2026-08-14T15:30:13.934296,13,20,19,15,16,0
2026-08-14T15:30:13.934876,15,20,19,15,16,0
2026-08-14T15:30:13.937013,14,20,18,15,16,0
2026-08-14T15:30:13.937013,15,20,19,15,17,0
2026-08-14T15:30:13.937013,13,19,20,15,16,0
2026-08-14T15:30:13.941175,13,20,20,15,16,0
2026-08-14T15:30:13.942026,14,19,19,16,16,0
2026-08-14T15:30:13.942026,13,19,19,16,17,0
2026-08-14T15:30:13.942026,14,20,19,15,16,0
2026-08-14T15:30:13.942026,15,20,20,16,17,0
2026-08-14T15:30:13.942026,15,20,18,15,17,0
2026-08-14T15:30:13.942026,15,20,19,15,16,0
2026-08-14T15:30:13.949375,13,20,20,15,17,0
2026-08-14T15:30:13.949375,14,20,19,15,16,0
2026-08-14T15:30:13.949375,13,20,19,15,17,0
2026-08-14T15:30:13.949375,13,21,20,15,17,0
2026-08-14T15:30:13.953364,13,19,20,15,16,0
2026-08-14T15:30:13.954418,13,20,20,15,16,0
2026-08-14T15:30:13.954418,14,20,20,16,17,0
2026-08-14T15:30:13.954418,15,19,20,15,16,0
2026-08-14T15:30:13.957849,14,20,19,16,16,0
2026-08-14T15:30:13.957849,13,20,19,15,16,0
2026-08-14T15:30:13.957849,13,19,18,15,16,0
2026-08-14T15:30:13.957849,14,19,20,15,16,0
2026-08-14T15:30:13.957849,14,20,20,15,16,0
2026-08-14T15:30:13.957849,14,20,19,15,16,0
2026-08-14T15:30:13.957849,14,20,19,15,16,0
2026-08-14T15:30:13.965903,15,22,20,15,15,0
2026-08-14T15:30:13.966915,14,19,20,15,16,0
2026-08-14T15:30:13.969426,14,20,20,15,16,0
2026-08-14T15:30:13.969426,13,20,20,15,17,0
2026-08-14T15:30:13.969426,13,21,20,15,17,0
2026-08-14T15:30:13.969426,14,20,19,15,17,0
2026-08-14T15:30:13.973927,14,19,19,16,17,0
2026-08-14T15:30:13.973927,14,20,19,15,16,0
2026-08-14T15:30:13.973927,14,20,20,15,16,0
2026-08-14T15:30:13.978002,15,20,20,15,17,0
2026-08-14T15:30:13.978002,14,20,19,17,17,0
2026-08-14T15:30:13.978002,15,20,18,16,17,0
2026-08-14T15:30:13.979779,13,21,20,15,17,0
2026-08-14T15:30:13.981417,14,21,20,15,17,0
2026-08-14T15:30:13.982433,13,20,20,15,16,0
2026-08-14T15:30:13.982433,13,19,20,16,17,0
2026-08-14T15:30:13.986257,15,21,21,16,17,0
2026-08-14T15:30:13.987307,13,20,19,15,17,0
2026-08-14T15:30:13.987307,14,20,19,15,16,0
2026-08-14T15:30:13.987307,14,20,19,15,16,0
2026-08-14T15:30:13.987307,14,20,20,16,17,0
2026-08-14T15:30:13.990609,14,20,21,15,17,0
2026-08-14T15:30:13.990609,16,20,20,15,16,0
2026-08-14T15:30:13.990609,15,20,19,15,16,0
2026-08-14T15:30:13.990609,14,20,20,14,16,0
2026-08-14T15:30:13.990609,14,20,21,15,16,0
2026-08-14T15:30:13.998628,15,21,20,16,17,0
2026-08-14T15:30:13.998628,14,21,20,16,17,0
2026-08-14T15:30:14.000764,13,20,20,16,17,0
2026-08-14T15:30:14.000764,13,19,20,15,17,0
2026-08-14T15:30:14.003533,15,21,20,16,16,0
2026-08-14T15:30:14.004093,14,21,19,15,17,0
2026-08-14T15:30:14.004093,14,20,19,16,16,0
2026-08-14T15:30:14.006701,14,19,19,15,16,0
2026-08-14T15:30:14.006701,15,20,21,15,17,0
2026-08-14T15:30:14.006701,15,21,20,15,16,0
2026-08-14T15:30:14.006701,14,20,20,15,17,0
2026-08-14T15:30:14.009778,13,20,20,15,16,0
2026-08-14T15:30:14.009778,14,21,20,15,16,0
2026-08-14T15:30:14.009778,15,20,20,15,16,0
2026-08-14T15:30:14.014856,14,19,21,16,16,0
2026-08-14T15:30:14.014856,14,20,19,16,16,0
2026-08-14T15:30:14.014856,13,21,20,16,17,0
2026-08-14T15:30:14.014856,15,21,20,16,18,0
2026-08-14T15:30:14.017363,14,20,20,16,17,0
2026-08-14T15:30:14.020423,14,20,21,15,16,0
2026-08-14T15:30:14.020423,13,19,20,16,16,0
2026-08-14T15:30:14.023080,14,20,20,16,17,0
2026-08-14T15:30:14.023080,14,21,21,15,17,0
2026-08-14T15:30:14.023080,15,21,20,16,17,0
2026-08-14T15:30:14.024845,13,20,20,16,16,0
2026-08-14T15:30:14.024845,15,21,20,15,16,0
2026-08-14T15:30:14.024845,15,21,20,15,16,0
2026-08-14T15:30:14.024845,14,20,21,16,17,0
2026-08-14T15:30:14.028935,15,21,19,16,17,0
2026-08-14T15:30:14.031498,14,21,20,16,16,0
2026-08-14T15:30:14.031498,14,21,21,15,17,0
2026-08-14T15:30:14.033511,14,20,21,15,17,0
2026-08-14T15:30:14.036881,14,21,19,15,17,0
2026-08-14T15:30:14.037236,15,20,20,14,17,0
2026-08-14T15:30:14.037236,13,21,21,15,16,0
2026-08-14T15:30:14.039602,13,21,20,15,16,0
2026-08-14T15:30:14.039602,14,20,19,15,16,0
2026-08-14T15:30:14.039602,13,21,20,16,16,0
2026-08-14T15:30:14.042856,14,21,20,15,16,0
2026-08-14T15:30:14.042856,14,20,21,15,17,0
2026-08-14T15:30:14.042856,14,19,19,16,16,0
2026-08-14T15:30:14.042856,14,19,19,16,17,0
2026-08-14T15:30:14.042856,14,20,21,16,16,0
2026-08-14T15:30:14.047919,15,20,20,15,17,0
2026-08-14T15:30:14.047919,14,20,20,15,17,0
2026-08-14T15:30:14.049930,14,20,19,15,17,0
2026-08-14T15:30:14.052706,14,21,20,16,16,0
2026-08-14T15:30:14.052706,13,21,20,15,16,0
2026-08-14T15:30:14.053994,16,21,20,16,17,0
2026-08-14T15:30:14.056021,14,21,20,16,16,0
2026-08-14T15:30:14.056021,13,20,19,16,18,0
2026-08-14T15:30:14.056021,13,20,21,16,17,0
2026-08-14T15:30:14.057446,15,21,20,16,17,0
2026-08-14T15:30:14.070389,14,19,19,16,17,0
2026-08-14T15:30:14.071396,15,21,19,16,17,0
2026-08-14T15:30:14.073087,15,20,20,15,16,0
2026-08-14T15:30:14.073087,15,21,21,15,17,0
2026-08-14T15:30:14.075099,14,20,20,16,17,0
2026-08-14T15:30:14.075099,13,20,20,15,17,0
2026-08-14T15:30:14.075099,13,21,20,15,16,0
2026-08-14T15:30:14.077110,13,21,20,15,16,0
2026-08-14T15:30:14.077110,13,20,20,16,17,0
2026-08-14T15:30:14.077110,14,20,21,16,17,0
2026-08-14T15:30:14.079122,14,20,21,16,17,0
2026-08-14T15:30:14.079122,13,20,21,16,17,0
2026-08-14T15:30:14.079122,15,20,20,17,16,0
2026-08-14T15:30:14.081133,14,20,20,17,16,0
2026-08-14T15:30:14.081133,14,20,21,15,17,0
2026-08-14T15:30:14.082639,14,20,20,16,17,0
2026-08-14T15:30:14.082639,15,22,20,15,16,0
2026-08-14T15:30:14.084650,15,20,21,15,16,0
2026-08-14T15:30:14.084650,15,21,21,15,17,0
2026-08-14T15:30:14.086064,15,21,21,16,17,0
2026-08-14T15:30:14.087162,15,21,20,15,16,0
2026-08-14T15:30:14.087162,14,20,21,16,17,0
2026-08-14T15:30:14.087162,15,20,19,15,17,0
2026-08-14T15:30:14.087162,15,19,20,16,17,0
2026-08-14T15:30:14.089176,13,20,20,16,17,0
2026-08-14T15:30:14.089176,14,21,21,16,17,0
2026-08-14T15:30:14.089176,16,20,20,16,17,0
2026-08-14T15:30:14.091184,14,20,19,16,16,0
2026-08-14T15:30:14.093211,14,21,20,15,16,0
2026-08-14T15:30:14.093211,14,20,20,16,17,0
2026-08-14T15:30:14.093211,14,20,20,16,16,0
2026-08-14T15:30:14.093211,13,20,21,16,17,0
2026-08-14T15:30:14.097566,13,21,20,16,17,0
2026-08-14T15:30:14.100977,14,21,20,16,16,0
2026-08-14T15:30:14.100977,14,20,21,15,17,0
2026-08-14T15:30:14.100977,14,21,20,16,18,0
2026-08-14T15:30:14.100977,14,21,20,16,16,0
2026-08-14T15:30:14.103877,14,20,20,15,17,0
2026-08-14T15:30:14.105799,15,20,20,15,17,0
2026-08-14T15:30:14.105799,15,20,19,16,17,0
2026-08-14T15:30:14.107808,15,21,20,15,17,0
2026-08-14T15:30:14.107808,13,21,20,16,17,0
2026-08-14T15:30:14.107808,14,20,21,15,16,0
2026-08-14T15:30:14.107808,13,20,20,15,16,0
2026-08-14T15:30:14.111615,14,20,20,16,16,0
2026-08-14T15:30:14.113624,15,20,20,17,17,0
2026-08-14T15:30:14.113624,14,21,20,16,17,0
2026-08-14T15:30:14.113624,15,21,19,16,16,0
2026-08-14T15:30:14.113624,14,21,19,16,17,0
2026-08-14T15:30:14.113624,15,21,21,16,16,0
2026-08-14T15:30:14.113624,14,21,21,15,16,0
2026-08-14T15:30:14.120672,15,20,19,16,16,0
2026-08-14T15:30:14.121845,15,21,19,15,18,0
2026-08-14T15:30:14.121845,13,20,20,15,17,0
2026-08-14T15:30:14.125477,13,21,20,16,16,0
2026-08-14T15:30:14.125477,14,20,20,15,16,0
2026-08-14T15:30:14.125477,14,20,20,16,17,0
2026-08-14T15:30:14.129094,15,20,20,16,17,0
2026-08-14T15:30:14.130099,14,19,19,15,17,0
2026-08-14T15:30:14.130099,13,21,21,15,16,0
2026-08-14T15:30:14.130099,14,19,20,16,17,0
2026-08-14T15:30:14.130099,14,21,21,16,16,0
2026-08-14T15:30:14.130099,15,20,20,15,17,0
2026-08-14T15:30:14.130099,14,20,21,15,17,0
2026-08-14T15:30:14.137029,14,20,19,15,17,0
2026-08-14T15:30:14.137029,15,21,21,15,17,0
2026-08-14T15:30:14.138622,13,21,20,15,17,0
2026-08-14T15:30:14.138622,15,21,20,15,16,0
2026-08-14T15:30:14.138622,14,20,20,15,16,0
2026-08-14T15:30:14.138622,15,20,19,16,18,0
2026-08-14T15:30:14.138622,14,20,20,16,16,0
2026-08-14T15:30:14.138622,13,19,21,16,17,0
2026-08-14T15:30:14.138622,15,21,20,15,17,0
2026-08-14T15:30:14.146713,14,20,21,15,16,0
2026-08-14T15:30:14.146713,14,20,20,16,16,0
2026-08-14T15:30:14.150052,14,20,20,16,17,0
2026-08-14T15:30:14.150052,13,20,20,15,16,0
2026-08-14T15:30:14.150052,14,21,22,16,17,0
2026-08-14T15:30:14.154166,15,20,20,15,17,0
2026-08-14T15:30:14.154166,14,21,20,16,17,0
2026-08-14T15:30:14.155193,14,21,19,16,17,0
2026-08-14T15:30:14.155193,13,20,21,16,17,0
2026-08-14T15:30:14.158155,13,20,19,15,16,0
2026-08-14T15:30:14.158155,15,19,21,15,17,0
2026-08-14T15:30:14.158155,14,21,19,16,16,0
2026-08-14T15:30:14.158155,15,21,20,16,17,0
2026-08-14T15:30:14.163243,14,20,19,15,17,0
2026-08-14T15:30:14.163243,15,19,19,16,17,0
2026-08-14T15:30:14.163243,14,20,20,16,17,0
2026-08-14T15:30:14.163243,14,20,21,16,17,0
2026-08-14T15:30:14.163243,13,20,20,15,18,0
2026-08-14T15:30:14.169525,14,21,20,15,16,0
2026-08-14T15:30:14.170616,14,21,19,16,17,0
2026-08-14T15:30:14.171798,13,19,20,16,17,0
2026-08-14T15:30:14.171798,15,21,20,16,17,0
2026-08-14T15:30:14.171798,14,19,20,16,17,0
2026-08-14T15:30:14.171798,14,19,20,16,17,0
2026-08-14T15:30:14.171798,15,21,19,16,16,0
2026-08-14T15:30:14.176361,15,20,20,15,16,0
2026-08-14T15:30:14.177704,15,20,20,15,16,0
2026-08-14T15:30:14.179456,15,20,20,15,17,0
2026-08-14T15:30:14.179456,14,21,21,15,16,0
2026-08-14T15:30:14.182802,15,21,20,16,16,0
2026-08-14T15:30:14.182802,14,21,20,16,17,0
2026-08-14T15:30:14.182802,14,19,19,16,16,0
2026-08-14T15:30:14.184566,14,20,20,15,17,0
2026-08-14T15:30:14.186056,14,20,21,16,17,0
2026-08-14T15:30:14.187260,13,21,21,16,17,0
2026-08-14T15:30:14.187260,14,20,20,16,17,0
2026-08-14T15:30:14.191003,15,19,20,15,16,0
2026-08-14T15:30:14.191003,15,22,20,15,17,0
2026-08-14T15:30:14.191003,16,20,20,15,17,0
2026-08-14T15:30:14.195283,14,21,20,15,16,0
2026-08-14T15:30:14.195283,14,20,21,15,16,0
2026-08-14T15:30:14.197297,14,20,20,15,16,0
2026-08-14T15:30:14.197297,13,20,20,15,17,0
2026-08-14T15:30:14.197297,13,20,20,15,16,0
2026-08-14T15:30:14.197297,15,21,19,16,16,0
2026-08-14T15:30:14.197297,15,20,19,15,17,0
2026-08-14T15:30:14.203091,14,19,20,16,17,0
2026-08-14T15:30:14.203775,15,20,20,15,17,0
2026-08-14T15:30:14.203775,14,20,20,17,16,0
2026-08-14T15:30:14.203775,15,21,20,15,17,0
2026-08-14T15:30:14.203775,14,19,20,16,17,0
2026-08-14T15:30:14.203775,13,20,20,16,18,0
2026-08-14T15:30:14.203775,14,21,22,15,16,0
2026-08-14T15:30:14.211466,15,20,21,16,16,0
2026-08-14T15:30:14.211466,13,20,20,16,16,0
2026-08-14T15:30:14.211466,13,20,20,15,16,0
2026-08-14T15:30:14.213221,14,20,20,16,18,0
2026-08-14T15:30:14.215578,14,20,20,15,17,0
2026-08-14T15:30:14.215578,15,21,20,16,18,0
2026-08-14T15:30:14.215578,14,19,20,15,16,0
2026-08-14T15:30:14.219513,14,20,20,16,17,0
2026-08-14T15:30:14.220671,15,20,20,15,16,0
2026-08-14T15:30:14.220671,14,20,19,16,17,0
2026-08-14T15:30:14.220671,13,20,20,15,17,0
2026-08-14T15:30:14.223548,14,20,20,16,17,0
2026-08-14T15:30:14.223548,14,20,20,15,17,0
2026-08-14T15:30:14.223548,14,20,20,15,16,0
2026-08-14T15:30:14.227647,14,20,19,16,16,0
2026-08-14T15:30:14.227647,14,21,20,15,17,0
2026-08-14T15:30:14.227647,14,21,19,15,16,0
2026-08-14T15:30:14.227647,13,19,19,16,16,0
2026-08-14T15:30:14.227647,14,21,20,16,17,0
2026-08-14T15:30:14.227647,14,19,20,16,17,0
2026-08-14T15:30:14.227647,14,20,20,15,16,0
2026-08-14T15:30:14.236577,15,20,20,15,16,0
2026-08-14T15:30:14.237945,14,20,20,15,17,0
2026-08-14T15:30:14.237945,14,20,20,16,16,0
2026-08-14T15:30:14.237945,13,20,20,15,16,0
2026-08-14T15:30:14.237945,15,20,20,15,16,0
2026-08-14T15:30:14.241624,14,19,20,16,18,0
2026-08-14T15:30:14.241624,14,19,21,16,16,0
2026-08-14T15:30:14.243635,13,20,21,15,17,0
2026-08-14T15:30:14.243635,14,20,20,17,16,0
2026-08-14T15:30:14.245597,15,19,19,16,17,0
2026-08-14T15:30:14.247671,15,21,20,15,17,0
2026-08-14T15:30:14.247671,15,21,21,15,16,0
2026-08-14T15:30:14.249318,16,20,20,15,17,0
2026-08-14T15:30:14.249318,14,20,20,16,17,0
2026-08-14T15:30:14.252528,13,20,20,15,16,0
2026-08-14T15:30:14.252835,14,21,20,16,17,0
2026-08-14T15:30:14.253920,14,20,20,15,16,0
2026-08-14T15:30:14.253920,14,19,20,16,17,0
2026-08-14T15:30:14.253920,14,19,20,16,17,0
2026-08-14T15:30:14.253920,14,19,20,15,16,0
2026-08-14T15:30:14.253920,14,21,20,15,17,0
2026-08-14T15:30:14.260767,15,19,19,16,17,0
2026-08-14T15:30:14.261912,14,20,20,16,17,0
2026-08-14T15:30:14.261912,15,21,20,15,16,0
2026-08-14T15:30:14.264728,15,20,20,15,17,0
2026-08-14T15:30:14.264728,15,21,20,15,17,0
2026-08-14T15:30:14.264728,14,21,20,16,17,0
2026-08-14T15:30:14.268825,14,21,21,16,16,0
2026-08-14T15:30:14.270564,13,20,20,15,17,0
2026-08-14T15:30:14.270564,14,20,19,14,17,0
2026-08-14T15:30:14.270564,15,20,19,16,17,0
2026-08-14T15:30:14.270564,14,19,21,16,17,0
2026-08-14T15:30:14.270564,13,20,20,15,17,0
2026-08-14T15:30:14.270564,15,20,20,15,16,0
2026-08-14T15:30:14.277030,15,19,19,15,17,0
2026-08-14T15:30:14.277030,15,20,20,15,16,0
2026-08-14T15:30:14.277030,15,20,20,15,16,0
2026-08-14T15:30:14.279044,15,22,19,15,16,0
2026-08-14T15:30:14.279807,14,20,20,16,17,0
2026-08-14T15:30:14.279807,13,19,20,16,17,0
2026-08-14T15:30:14.279807,13,20,21,16,18,0
2026-08-14T15:30:14.285197,15,20,19,15,16,0
2026-08-14T15:30:14.286098,14,20,20,15,16,0
2026-08-14T15:30:14.287046,14,18,21,16,17,0
2026-08-14T15:30:14.287046,14,19,21,16,17,0
2026-08-14T15:30:14.289315,15,20,19,15,17,0
2026-08-14T15:30:14.289315,15,20,19,15,17,0
2026-08-14T15:30:14.289315,15,20,19,15,17,0
2026-08-14T15:30:14.293399,14,20,20,17,17,0
2026-08-14T15:30:14.293399,13,21,20,15,16,0
2026-08-14T15:30:14.293399,14,20,20,15,16,0
2026-08-14T15:30:14.297294,14,20,20,15,16,0
2026-08-14T15:30:14.297294,14,21,20,16,17,0
2026-08-14T15:30:14.297294,14,21,19,16,17,0
2026-08-14T15:30:14.297294,13,19,20,16,17,0
2026-08-14T15:30:14.301406,13,20,20,15,17,0
2026-08-14T15:30:14.302725,14,21,19,16,16,0
2026-08-14T15:30:14.303413,14,19,20,16,16,0
2026-08-14T15:30:14.303413,15,20,20,16,16,0
2026-08-14T15:30:14.303413,14,21,20,15,17,0
2026-08-14T15:30:14.303413,15,20,21,14,17,0
2026-08-14T15:30:14.303413,14,20,19,15,17,0
2026-08-14T15:30:14.309662,13,20,20,16,16,0
2026-08-14T15:30:14.309662,14,21,21,15,16,0
2026-08-14T15:30:14.310984,14,21,20,15,17,0
2026-08-14T15:30:14.310984,14,20,20,16,17,0
2026-08-14T15:30:14.310984,13,19,20,16,17,0
2026-08-14T15:30:14.310984,14,20,20,16,17,0
2026-08-14T15:30:14.310984,15,21,21,16,18,0
2026-08-14T15:30:14.318040,15,20,20,15,16,0
2026-08-14T15:30:14.318040,14,20,19,15,17,0
2026-08-14T15:30:14.319372,15,20,20,15,16,0
2026-08-14T15:30:14.322076,15,20,20,15,16,0
2026-08-14T15:30:14.322076,15,20,20,15,17,0
2026-08-14T15:30:14.322076,14,21,20,16,17,0
2026-08-14T15:30:14.322076,13,20,20,15,16,0
2026-08-14T15:30:14.326308,14,21,20,15,16,0
2026-08-14T15:30:14.326308,14,20,20,16,18,0
2026-08-14T15:30:14.326308,14,19,20,16,18,0
2026-08-14T15:30:14.326308,14,21,19,15,16,0
2026-08-14T15:30:14.326308,14,21,20,15,18,0
2026-08-14T15:30:14.326308,15,21,18,15,16,0
2026-08-14T15:30:14.326308,14,20,20,15,16,0
2026-08-14T15:30:14.334567,15,20,20,16,17,0
2026-08-14T15:30:14.334567,14,20,20,15,17,0
2026-08-14T15:30:14.337242,14,21,20,16,16,0
2026-08-14T15:30:14.337242,13,20,20,15,16,0
2026-08-14T15:30:14.337242,14,19,20,15,16,0
2026-08-14T15:30:14.337242,14,20,20,15,15,0
2026-08-14T15:30:14.342701,13,20,20,15,17,0
2026-08-14T15:30:14.342701,14,20,19,16,17,0
2026-08-14T15:30:14.342701,14,21,19,16,16,0
2026-08-14T15:30:14.342701,15,20,19,16,16,0
2026-08-14T15:30:14.346643,13,19,20,15,16,0
2026-08-14T15:30:14.346643,14,20,19,15,17,0
2026-08-14T15:30:14.346643,16,20,20,15,17,0
2026-08-14T15:30:14.350751,14,20,20,16,17,0
2026-08-14T15:30:14.350751,14,20,20,15,16,0
2026-08-14T15:30:14.352781,13,21,20,15,16,0
2026-08-14T15:30:14.353848,13,20,20,15,16,0
2026-08-14T15:30:14.353848,14,21,20,15,17,0
2026-08-14T15:30:14.356037,13,21,20,16,16,0
2026-08-14T15:30:14.356037,13,20,21,15,17,0
2026-08-14T15:30:14.359000,14,21,21,15,17,0
2026-08-14T15:30:14.359000,13,19,19,16,16,0
2026-08-14T15:30:14.359000,14,21,19,15,18,0
2026-08-14T15:30:14.361011,14,20,20,15,16,0
2026-08-14T15:30:14.361011,15,21,20,15,17,0
2026-08-14T15:30:14.361011,16,20,19,16,16,0
2026-08-14T15:30:14.364787,14,20,19,15,16,0
2026-08-14T15:30:14.367218,14,20,20,16,17,0
2026-08-14T15:30:14.367218,13,20,20,15,17,0
2026-08-14T15:30:14.367218,14,21,20,15,16,0
2026-08-14T15:30:14.370427,13,20,20,15,17,0
2026-08-14T15:30:14.370427,14,21,19,16,17,0
2026-08-14T15:30:14.370427,13,21,19,15,18,0
2026-08-14T15:30:14.370427,14,20,20,16,17,0
2026-08-14T15:30:14.375328,14,20,19,15,17,0
2026-08-14T15:30:14.375328,15,20,20,16,17,0
2026-08-14T15:30:14.375328,16,20,21,15,16,0
2026-08-14T15:30:14.379433,15,20,19,16,17,0
2026-08-14T15:30:14.379433,14,19,19,15,17,0
2026-08-14T15:30:14.379433,14,21,20,16,17,0
2026-08-14T15:30:14.379433,14,21,20,16,17,0
2026-08-14T15:30:14.383501,15,21,20,15,16,0
2026-08-14T15:30:14.383501,14,21,19,15,16,0
2026-08-14T15:30:14.383501,14,20,19,16,17,0
2026-08-14T15:30:14.387372,14,21,19,16,16,0
2026-08-14T15:30:14.387372,13,20,19,15,16,0
2026-08-14T15:30:14.387372,15,20,20,16,17,0
2026-08-14T15:30:14.389506,14,20,19,15,16,0
2026-08-14T15:30:14.391571,14,20,20,15,16,0
2026-08-14T15:30:14.391571,14,20,20,15,17,0
2026-08-14T15:30:14.391571,15,20,19,15,16,0
2026-08-14T15:30:14.391571,14,21,19,15,16,0
2026-08-14T15:30:14.391571,14,21,20,16,16,0
2026-08-14T15:30:14.391571,13,20,20,15,16,0
2026-08-14T15:30:14.399647,15,20,19,15,17,0
2026-08-14T15:30:14.399647,14,19,19,15,16,0
2026-08-14T15:30:14.401657,14,20,19,15,18,0
2026-08-14T15:30:14.403241,13,21,20,16,17,0
2026-08-14T15:30:14.403241,13,20,18,15,17,0
2026-08-14T15:30:14.403241,14,20,19,15,17,0
2026-08-14T15:30:14.403241,15,20,19,14,17,0
2026-08-14T15:30:14.408065,14,19,19,15,17,0
2026-08-14T15:30:14.408065,13,20,20,15,17,0
2026-08-14T15:30:14.408065,14,20,20,15,16,0
2026-08-14T15:30:14.408065,13,19,20,16,16,0
2026-08-14T15:30:14.408065,13,20,20,15,16,0
2026-08-14T15:30:14.408065,14,19,20,15,17,0
2026-08-14T15:30:14.413941,13,20,20,15,16,0
2026-08-14T15:30:14.415686,14,20,19,16,17,0
2026-08-14T15:30:14.415686,13,21,20,16,18,0
2026-08-14T15:30:14.415686,13,19,20,16,17,0
2026-08-14T15:30:14.418031,14,20,20,15,17,0
2026-08-14T15:30:14.420021,14,20,20,15,16,0
2026-08-14T15:30:14.420021,14,19,19,16,17,0
2026-08-14T15:30:14.420021,14,20,20,15,17,0
2026-08-14T15:30:14.424465,14,21,20,15,16,0
2026-08-14T15:30:14.424465,13,21,20,15,16,0
2026-08-14T15:30:14.424465,16,20,19,15,16,0
2026-08-14T15:30:14.428575,14,20,20,16,17,0
2026-08-14T15:30:14.428575,13,19,20,16,17,0
2026-08-14T15:30:14.428575,12,21,20,15,16,0
2026-08-14T15:30:14.428575,13,20,20,16,17,0
2026-08-14T15:30:14.432139,14,20,19,15,17,0
2026-08-14T15:30:14.432139,15,20,19,16,17,0
2026-08-14T15:30:14.432139,15,20,20,15,16,0
2026-08-14T15:30:14.436453,14,20,20,15,17,0
2026-08-14T15:30:14.438096,14,20,19,15,16,0
2026-08-14T15:30:14.439035,13,20,20,15,16,0
2026-08-14T15:30:14.439035,14,20,21,15,17,0
2026-08-14T15:30:14.440289,13,21,20,15,16,0
2026-08-14T15:30:14.440289,15,19,19,16,16,0
2026-08-14T15:30:14.442132,13,21,20,16,17,0
2026-08-14T15:30:14.444645,13,19,20,15,16,0
2026-08-14T15:30:14.445229,14,21,20,15,16,0
2026-08-14T15:30:14.446348,14,19,19,15,16,0
2026-08-14T15:30:14.446902,14,20,20,15,16,0
2026-08-14T15:30:14.449053,14,19,20,15,17,0
2026-08-14T15:30:14.449053,15,20,19,15,17,0
2026-08-14T15:30:14.449053,14,20,19,15,16,0
2026-08-14T15:30:14.453044,14,20,19,15,16,0
2026-08-14T15:30:14.453730,13,19,20,15,17,0
2026-08-14T15:30:14.453730,14,21,20,15,17,0
2026-08-14T15:30:14.453730,16,20,20,16,17,0
2026-08-14T15:30:14.457241,15,19,19,16,17,0
2026-08-14T15:30:14.457241,14,19,19,15,16,0
2026-08-14T15:30:14.457241,14,20,20,16,17,0
2026-08-14T15:30:14.461329,13,20,19,15,17,0
2026-08-14T15:30:14.461329,15,20,19,15,17,0
2026-08-14T15:30:14.461329,14,19,19,15,16,0
2026-08-14T15:30:14.464932,14,20,19,15,16,0
2026-08-14T15:30:14.464932,15,20,19,15,17,0
2026-08-14T15:30:14.464932,14,20,20,15,16,0
2026-08-14T15:30:14.464932,14,21,20,15,17,0
2026-08-14T15:30:14.469451,13,21,20,15,17,0
2026-08-14T15:30:14.470401,13,20,19,14,16,0
2026-08-14T15:30:14.470401,14,19,19,15,17,0
2026-08-14T15:30:14.473102,14,19,19,16,16,0
2026-08-14T15:30:14.473102,13,19,20,16,17,0
2026-08-14T15:30:14.473102,13,20,18,16,16,0
2026-08-14T15:30:14.475441,14,20,20,15,17,0
2026-08-14T15:30:14.475441,15,20,19,15,17,0
2026-08-14T15:30:14.475441,14,19,19,15,16,0
2026-08-14T15:30:14.475441,14,20,20,15,17,0
2026-08-14T15:30:14.481149,13,20,20,14,17,0
2026-08-14T15:30:14.481149,13,20,20,15,17,0
2026-08-14T15:30:14.481149,13,20,20,15,16,0
2026-08-14T15:30:14.481149,13,20,20,15,16,0
2026-08-14T15:30:14.486070,13,20,20,16,17,0
2026-08-14T15:30:14.486801,14,20,20,15,16,0
2026-08-14T15:30:14.486801,14,20,20,15,16,0
2026-08-14T15:30:14.490003,14,20,20,16,18,0
2026-08-14T15:30:14.490003,14,19,21,16,16,0
2026-08-14T15:30:14.491767,15,21,20,15,16,0
2026-08-14T15:30:14.492488,14,20,20,15,17,0
2026-08-14T15:30:14.493551,15,19,19,15,17,0
2026-08-14T15:30:14.493551,14,21,20,14,17,0
2026-08-14T15:30:14.493551,13,20,20,15,17,0
2026-08-14T15:30:14.498202,14,20,19,16,17,0
2026-08-14T15:30:14.498202,14,21,20,15,16,0
2026-08-14T15:30:14.498202,14,21,20,16,17,0
2026-08-14T15:30:14.502740,13,20,19,15,16,0
2026-08-14T15:30:14.503419,14,20,19,16,16,0
2026-08-14T15:30:14.503419,15,20,20,15,16,0
2026-08-14T15:30:14.503419,14,19,19,16,16,0
2026-08-14T15:30:14.506431,14,20,19,15,16,0
2026-08-14T15:30:14.506431,15,19,21,14,17,0
2026-08-14T15:30:14.506431,15,20,20,15,17,0
2026-08-14T15:30:14.508682,14,20,20,15,16,0
2026-08-14T15:30:14.508682,13,20,20,14,16,0
2026-08-14T15:30:14.508682,14,21,19,15,16,0
2026-08-14T15:30:14.508682,14,20,19,15,16,0
2026-08-14T15:30:14.508682,14,19,19,15,17,0
2026-08-14T15:30:14.514882,12,19,19,15,16,0
2026-08-14T15:30:14.514882,13,20,19,15,16,0
2026-08-14T15:30:14.514882,15,19,19,16,16,0
2026-08-14T15:30:14.514882,14,20,19,15,17,0
2026-08-14T15:30:14.520822,15,20,21,15,16,0
2026-08-14T15:30:14.520822,14,19,19,15,16,0
2026-08-14T15:30:14.520822,14,19,18,15,16,0
2026-08-14T15:30:14.523309,14,20,20,15,16,0
2026-08-14T15:30:14.523309,13,20,20,16,16,0
2026-08-14T15:30:14.523309,14,21,20,15,17,0
2026-08-14T15:30:14.523309,14,20,20,14,17,0
2026-08-14T15:30:14.523309,14,20,20,16,16,0
2026-08-14T15:30:14.523309,13,21,19,15,17,0
2026-08-14T15:30:14.532372,13,20,20,15,17,0
2026-08-14T15:30:14.532372,13,20,19,15,16,0
2026-08-14T15:30:14.532372,14,20,19,15,17,0
2026-08-14T15:30:14.532372,14,19,19,15,16,0
2026-08-14T15:30:14.536057,14,20,20,15,16,0
2026-08-14T15:30:14.536963,14,20,20,15,16,0
2026-08-14T15:30:14.539180,13,20,20,15,16,0
2026-08-14T15:30:14.539180,14,20,20,15,16,0
2026-08-14T15:30:14.539180,15,21,19,14,17,0
2026-08-14T15:30:14.540945,13,20,19,15,15,0
2026-08-14T15:30:14.543254,14,20,20,15,16,0
2026-08-14T15:30:14.543254,13,20,19,15,16,0
2026-08-14T15:30:14.543254,15,19,20,16,17,0
2026-08-14T15:30:14.546085,13,19,19,15,16,0
2026-08-14T15:30:14.547644,13,20,20,15,16,0
2026-08-14T15:30:14.547644,16,20,19,15,17,0
2026-08-14T15:30:14.547644,14,20,19,16,16,0
2026-08-14T15:30:14.547644,14,20,18,15,16,0
2026-08-14T15:30:14.547644,14,20,20,15,16,0
2026-08-14T15:30:14.553406,13,20,20,15,17,0
2026-08-14T15:30:14.555041,14,21,19,15,16,0
2026-08-14T15:30:14.556055,13,19,19,16,17,0
2026-08-14T15:30:14.556055,13,21,20,15,17,0
2026-08-14T15:30:14.556055,13,20,20,15,16,0
2026-08-14T15:30:14.558067,13,19,19,15,16,0
2026-08-14T15:30:14.558067,14,19,18,15,16,0
2026-08-14T15:30:14.558067,14,19,19,15,16,0
2026-08-14T15:30:14.558067,14,20,19,15,17,0
2026-08-14T15:30:14.564197,14,19,19,15,17,0
2026-08-14T15:30:14.566207,14,20,18,15,16,0
2026-08-14T15:30:14.566207,14,20,19,15,16,0
2026-08-14T15:30:14.568215,13,20,20,14,16,0
2026-08-14T15:30:14.568215,14,20,18,13,17,0
2026-08-14T15:30:14.569892,13,19,19,15,16,0
2026-08-14T15:30:14.572001,13,19,20,16,16,0
2026-08-14T15:30:14.572626,13,19,19,15,17,0
2026-08-14T15:30:14.572626,14,20,19,15,17,0
2026-08-14T15:30:14.576028,14,19,19,15,17,0
2026-08-14T15:30:14.576028,14,20,19,16,17,0
2026-08-14T15:30:14.576028,14,19,19,15,16,0
2026-08-14T15:30:14.577792,14,20,20,15,16,0
2026-08-14T15:30:14.580177,15,19,18,16,17,0
2026-08-14T15:30:14.580177,14,20,19,15,16,0
2026-08-14T15:30:14.580177,14,20,20,15,16,0
2026-08-14T15:30:14.584229,14,21,20,15,17,0
2026-08-14T15:30:14.584229,13,20,18,15,16,0
2026-08-14T15:30:14.586046,14,20,20,16,16,0
2026-08-14T15:30:14.586621,14,20,20,16,16,0
2026-08-14T15:30:14.586621,13,19,20,15,16,0
2026-08-14T15:30:14.588627,13,21,19,15,16,0
2026-08-14T15:30:14.588627,14,19,19,14,17,0
2026-08-14T15:30:14.588627,14,19,19,15,16,0
2026-08-14T15:30:14.588627,14,20,20,14,17,0
2026-08-14T15:30:14.588627,16,20,18,15,16,0
2026-08-14T15:30:14.596174,14,20,19,14,16,0
2026-08-14T15:30:14.596174,14,21,19,15,16,0
2026-08-14T15:30:14.596174,14,20,20,14,15,0
2026-08-14T15:30:14.598248,15,20,20,14,16,0
2026-08-14T15:30:14.598248,13,19,20,15,17,0
2026-08-14T15:30:14.598248,14,19,19,16,17,0
2026-08-14T15:30:14.598248,13,20,20,15,15,0
2026-08-14T15:30:14.603662,13,19,19,15,17,0
2026-08-14T15:30:14.604967,13,20,20,15,17,0
2026-08-14T15:30:14.604967,14,20,20,15,17,0
2026-08-14T15:30:14.604967,14,20,19,15,16,0
2026-08-14T15:30:14.604967,14,20,19,15,17,0
2026-08-14T15:30:14.604967,15,20,19,14,16,0
2026-08-14T15:30:14.604967,14,20,20,14,16,0
2026-08-14T15:30:14.612875,14,20,19,14,16,0
2026-08-14T15:30:14.612875,13,20,20,15,15,0
2026-08-14T15:30:14.612875,14,20,21,14,16,0
2026-08-14T15:30:14.614638,14,20,19,15,17,0
2026-08-14T15:30:14.615806,14,20,19,16,16,0
2026-08-14T15:30:14.615806,14,20,19,15,17,0
2026-08-14T15:30:14.618763,14,19,19,15,17,0
2026-08-14T15:30:14.620343,14,20,19,15,16,0
2026-08-14T15:30:14.621637,14,20,19,15,16,0
2026-08-14T15:30:14.621637,15,19,19,15,16,0
2026-08-14T15:30:14.621637,14,20,18,15,16,0
2026-08-14T15:30:14.621637,13,20,19,15,16,0
2026-08-14T15:30:14.621637,14,19,18,15,16,0
2026-08-14T15:30:14.621637,13,19,19,15,17,0
2026-08-14T15:30:14.621637,13,19,19,15,16,0
2026-08-14T15:30:14.629701,13,19,19,15,16,0
2026-08-14T15:30:14.629701,14,19,19,15,16,0
2026-08-14T15:30:14.629701,13,19,19,15,16,0
2026-08-14T15:30:14.629701,13,19,19,15,17,0
2026-08-14T15:30:14.629701,15,20,20,15,18,0
2026-08-14T15:30:14.629701,15,20,19,15,17,0
2026-08-14T15:30:14.637466,14,19,18,15,16,0
2026-08-14T15:30:14.637466,13,21,19,16,16,0
2026-08-14T15:30:14.637466,13,19,20,15,16,0
2026-08-14T15:30:14.640551,14,20,20,14,16,0
2026-08-14T15:30:14.640551,14,20,19,15,16,0
2026-08-14T15:30:14.640551,13,20,18,16,16,0
2026-08-14T15:30:14.640551,14,19,19,15,16,0
2026-08-14T15:30:14.645651,14,20,20,15,17,0
2026-08-14T15:30:14.645651,14,19,18,15,16,0
2026-08-14T15:30:14.645651,14,20,20,15,17,0
2026-08-14T15:30:14.648714,14,19,19,14,16,0
2026-08-14T15:30:14.648714,12,19,18,14,16,0
2026-08-14T15:30:14.648714,14,20,20,14,16,0
2026-08-14T15:30:14.648714,14,20,19,15,16,0
2026-08-14T15:30:14.653753,14,19,19,15,17,0
2026-08-14T15:30:14.653753,14,20,20,15,15,0
2026-08-14T15:30:14.653753,13,20,18,15,17,0
2026-08-14T15:30:14.653753,14,19,19,15,16,0
2026-08-14T15:30:14.653753,13,19,19,15,17,0
2026-08-14T15:30:14.653753,15,19,19,14,16,0
2026-08-14T15:30:14.653753,14,20,20,15,16,0
2026-08-14T15:30:14.662255,13,20,19,15,16,0
2026-08-14T15:30:14.662255,14,19,19,15,16,0
2026-08-14T15:30:14.662255,15,19,19,14,16,0
2026-08-14T15:30:14.665451,14,20,19,14,16,0
2026-08-14T15:30:14.665451,15,20,19,15,16,0
2026-08-14T15:30:14.667467,14,19,20,14,16,0
2026-08-14T15:30:14.670217,13,19,18,15,15,0
2026-08-14T15:30:14.670217,14,21,18,14,16,0
2026-08-14T15:30:14.670217,14,21,20,15,16,0
2026-08-14T15:30:14.670217,13,19,20,15,16,0
2026-08-14T15:30:14.674322,14,20,20,16,16,0
2026-08-14T15:30:14.674322,14,20,18,15,17,0
2026-08-14T15:30:14.674322,13,19,19,15,16,0
2026-08-14T15:30:14.678093,14,19,19,15,16,0
2026-08-14T15:30:14.678093,14,19,19,15,17,0
2026-08-14T15:30:14.678093,14,19,19,15,16,0
2026-08-14T15:30:14.680183,13,20,20,15,15,0
2026-08-14T15:30:14.680183,15,20,19,15,16,0
2026-08-14T15:30:14.680183,13,19,19,14,16,0
2026-08-14T15:30:14.680183,13,20,20,14,15,0
2026-08-14T15:30:14.686003,13,19,19,15,16,0
2026-08-14T15:30:14.686909,13,20,18,15,16,0
2026-08-14T15:30:14.689097,13,18,18,16,16,0
2026-08-14T15:30:14.690669,14,20,19,16,17,0
2026-08-14T15:30:14.691845,14,19,19,15,16,0
2026-08-14T15:30:14.692739,14,20,19,14,17,0
2026-08-14T15:30:14.693265,14,19,18,15,16,0
2026-08-14T15:30:14.694449,14,19,18,14,16,0
2026-08-14T15:30:14.695650,13,20,20,15,16,0
2026-08-14T15:30:14.696840,14,20,20,14,16,0
2026-08-14T15:30:14.698906,14,20,18,14,16,0
2026-08-14T15:30:14.698906,13,19,18,15,16,0
2026-08-14T15:30:14.698906,13,19,19,15,16,0
2026-08-14T15:30:14.700666,14,20,19,15,16,0
2026-08-14T15:30:14.702675,14,20,19,15,17,0
2026-08-14T15:30:14.703210,13,18,19,15,16,0
2026-08-14T15:30:14.704456,13,19,19,16,16,0
2026-08-14T15:30:14.707177,14,19,18,15,16,0
2026-08-14T15:30:14.707177,14,19,19,15,16,0
2026-08-14T15:30:14.707177,15,19,18,16,16,0
2026-08-14T15:30:14.708938,14,20,20,15,16,0
2026-08-14T15:30:14.711202,13,19,19,15,16,0
2026-08-14T15:30:14.711202,13,20,20,15,16,0
2026-08-14T15:30:14.711202,14,19,19,15,16,0
2026-08-14T15:30:14.712966,14,20,19,15,16,0
2026-08-14T15:30:14.712966,12,19,19,16,17,0
2026-08-14T15:30:14.712966,14,21,18,15,16,0
2026-08-14T15:30:14.712966,13,19,18,14,16,0
2026-08-14T15:30:14.718552,14,19,19,16,16,0
2026-08-14T15:30:14.720108,14,18,18,14,16,0
2026-08-14T15:30:14.721203,14,20,18,15,17,0
2026-08-14T15:30:14.721203,15,19,18,15,16,0
2026-08-14T15:30:14.721203,14,20,18,15,16,0
2026-08-14T15:30:14.721203,11,20,19,15,16,0
2026-08-14T15:30:14.726697,13,20,19,14,17,0
2026-08-14T15:30:14.726697,13,20,18,14,15,0
2026-08-14T15:30:14.726697,13,20,18,15,16,0
2026-08-14T15:30:14.726697,13,19,19,15,16,0
2026-08-14T15:30:14.726697,14,19,18,15,16,0
2026-08-14T15:30:14.726697,14,20,18,15,16,0
2026-08-14T15:30:14.726697,14,20,20,15,16,0
2026-08-14T15:30:14.734730,14,19,19,14,16,0
2026-08-14T15:30:14.737329,14,19,18,15,17,0
2026-08-14T15:30:14.737329,13,20,19,13,16,0
2026-08-14T15:30:14.737329,13,20,18,14,16,0
2026-08-14T15:30:14.737329,14,19,20,14,16,0
2026-08-14T15:30:14.737329,15,19,19,15,16,0
2026-08-14T15:30:14.737329,13,19,20,14,16,0
2026-08-14T15:30:14.742646,14,20,19,15,17,0
2026-08-14T15:30:14.742646,14,18,19,15,16,0
2026-08-14T15:30:14.742646,12,19,18,15,15,0
2026-08-14T15:30:14.742646,12,19,18,14,16,0
2026-08-14T15:30:14.742646,14,19,19,14,16,0
2026-08-14T15:30:14.742646,14,19,19,15,16,0
2026-08-14T15:30:14.742646,14,19,18,14,16,0
2026-08-14T15:30:14.750465,14,19,18,14,16,0
2026-08-14T15:30:14.753224,13,20,20,15,16,0
2026-08-14T15:30:14.754286,14,20,19,15,16,0
2026-08-14T15:30:14.754286,14,20,18,14,16,0
2026-08-14T15:30:14.756294,14,20,20,15,15,0
2026-08-14T15:30:14.756294,13,20,18,14,17,0
2026-08-14T15:30:14.756294,13,19,18,15,16,0
2026-08-14T15:30:14.760177,14,19,18,15,16,0
2026-08-14T15:30:14.760177,13,19,18,14,16,0
2026-08-14T15:30:14.761240,14,20,19,14,16,0
2026-08-14T15:30:14.763977,13,19,18,14,16,0
2026-08-14T15:30:14.765088,14,19,18,14,16,0
2026-08-14T15:30:14.765088,14,19,18,14,17,0
2026-08-14T15:30:14.766126,14,20,19,15,16,0
2026-08-14T15:30:14.767196,13,20,19,14,16,0
2026-08-14T15:30:14.769363,14,19,18,14,16,0
2026-08-14T15:30:14.770368,13,19,18,15,16,0
2026-08-14T15:30:14.772628,15,19,18,14,16,0
2026-08-14T15:30:14.772628,13,19,18,15,16,0
2026-08-14T15:30:14.772628,14,20,18,16,15,0
2026-08-14T15:30:14.774389,12,19,18,15,16,0
2026-08-14T15:30:14.775400,12,19,19,15,15,0
2026-08-14T15:30:14.775400,12,19,18,14,16,0
2026-08-14T15:30:14.775400,13,18,18,14,16,0
2026-08-14T15:30:14.780827,14,18,18,14,16,0
2026-08-14T15:30:14.780827,14,20,18,14,16,0
2026-08-14T15:30:14.780827,13,20,19,14,16,0
2026-08-14T15:30:14.780827,14,20,18,14,17,0
2026-08-14T15:30:14.784935,14,20,18,14,16,0
2026-08-14T15:30:14.786018,13,20,18,15,16,0
2026-08-14T15:30:14.786982,13,19,18,15,15,0
2026-08-14T15:30:14.789003,13,19,18,14,15,0
2026-08-14T15:30:14.789003,13,19,17,14,17,0
2026-08-14T15:30:14.789003,13,18,19,15,16,0
2026-08-14T15:30:14.790768,13,18,18,14,16,0
2026-08-14T15:30:14.791781,13,19,19,15,16,0
2026-08-14T15:30:14.791781,14,18,19,14,17,0
2026-08-14T15:30:14.791781,15,18,18,15,16,0
2026-08-14T15:30:14.796196,13,19,19,14,16,0
2026-08-14T15:30:14.796196,14,20,19,14,15,0
2026-08-14T15:30:14.798971,13,20,18,15,16,0
2026-08-14T15:30:14.799982,14,20,20,15,16,0
2026-08-14T15:30:14.799982,13,19,19,14,16,0
2026-08-14T15:30:14.803502,13,20,18,14,15,0
2026-08-14T15:30:14.803872,14,19,18,14,16,0
2026-08-14T15:30:14.803872,14,19,18,14,16,0
2026-08-14T15:30:14.805996,14,19,19,15,17,0
2026-08-14T15:30:14.806995,13,19,18,15,17,0
2026-08-14T15:30:14.809505,14,18,18,14,17,0
2026-08-14T15:30:14.809505,13,20,18,14,16,0
2026-08-14T15:30:14.809505,13,18,18,14,17,0
2026-08-14T15:30:14.809505,14,20,18,14,15,0
2026-08-14T15:30:14.813606,12,20,18,14,15,0
2026-08-14T15:30:14.813606,13,19,18,14,15,0
2026-08-14T15:30:14.813606,13,18,18,14,16,0
2026-08-14T15:30:14.817675,13,19,19,15,16,0
2026-08-14T15:30:14.817675,13,20,18,14,16,0
2026-08-14T15:30:14.819492,13,19,18,14,16,0
2026-08-14T15:30:14.820502,14,19,19,14,16,0
2026-08-14T15:30:14.820502,13,19,17,15,16,0
2026-08-14T15:30:14.820502,12,19,18,14,16,0
2026-08-14T15:30:14.820502,13,20,18,15,16,0
2026-08-14T15:30:14.824588,13,20,19,14,16,0
2026-08-14T15:30:14.826144,13,20,18,14,17,0
2026-08-14T15:30:14.826144,12,19,18,14,16,0
2026-08-14T15:30:14.826144,13,19,18,14,15,0
2026-08-14T15:30:14.826144,13,19,18,15,16,0
2026-08-14T15:30:14.826144,13,19,19,15,15,0
2026-08-14T15:30:14.826144,14,19,18,15,16,0
2026-08-14T15:30:14.826144,14,19,19,14,16,0
2026-08-14T15:30:14.834497,13,20,19,14,16,0
2026-08-14T15:30:14.836914,14,18,18,15,16,0
2026-08-14T15:30:14.836914,14,19,18,15,16,0
2026-08-14T15:30:14.836914,13,20,20,15,15,0
2026-08-14T15:30:14.836914,13,20,18,14,15,0
2026-08-14T15:30:14.836914,14,20,19,13,17,0
2026-08-14T15:30:14.836914,12,19,17,15,15,0
2026-08-14T15:30:14.842973,13,18,18,14,15,0
2026-08-14T15:30:14.842973,12,19,19,13,16,0
2026-08-14T15:30:14.846341,13,19,19,15,16,0
2026-08-14T15:30:14.846341,13,19,18,13,16,0
2026-08-14T15:30:14.846341,13,19,18,14,16,0
2026-08-14T15:30:14.848094,14,18,18,14,16,0
2026-08-14T15:30:14.848094,14,19,18,14,16,0
2026-08-14T15:30:14.850992,15,19,18,14,16,0
2026-08-14T15:30:14.850992,14,20,19,14,15,0
2026-08-14T15:30:14.854227,13,20,20,14,15,0
2026-08-14T15:30:14.854227,13,20,18,15,16,0
2026-08-14T15:30:14.856298,12,20,19,14,17,0
2026-08-14T15:30:14.856298,11,18,18,14,16,0
2026-08-14T15:30:14.856298,14,19,18,14,16,0
2026-08-14T15:30:14.859357,14,19,17,14,16,0
2026-08-14T15:30:14.859357,13,19,18,15,16,0
2026-08-14T15:30:14.859357,13,19,18,15,16,0
2026-08-14T15:30:14.859357,15,19,19,15,15,0
2026-08-14T15:30:14.859357,14,20,18,14,15,0
2026-08-14T15:30:14.859357,15,18,18,14,16,0
2026-08-14T15:30:14.867809,13,19,18,14,16,0
2026-08-14T15:30:14.868650,13,19,18,14,18,0
2026-08-14T15:30:14.870361,14,20,19,14,15,0
2026-08-14T15:30:14.870361,13,19,17,14,15,0
2026-08-14T15:30:14.870361,14,19,18,14,16,0
2026-08-14T15:30:14.870361,14,19,18,13,17,0
2026-08-14T15:30:14.875027,12,19,18,14,15,0
2026-08-14T15:30:14.875027,13,19,18,15,16,0
2026-08-14T15:30:14.876041,14,18,18,14,15,0
2026-08-14T15:30:14.876041,14,19,18,15,16,0
2026-08-14T15:30:14.878219,14,19,18,14,15,0
2026-08-14T15:30:14.878219,13,19,18,14,15,0
2026-08-14T15:30:14.878219,13,20,19,14,16,0
2026-08-14T15:30:14.883229,12,18,18,14,16,0
2026-08-14T15:30:14.883229,13,19,18,14,15,0
2026-08-14T15:30:14.884245,13,19,18,14,16,0
2026-08-14T15:30:14.884245,13,18,18,14,16,0
2026-08-14T15:30:14.887326,14,18,18,14,16,0
2026-08-14T15:30:14.887326,13,18,18,14,16,0
2026-08-14T15:30:14.887326,14,19,18,13,17,0
2026-08-14T15:30:14.887326,13,19,18,14,16,0
2026-08-14T15:30:14.887326,13,18,18,15,15,0
2026-08-14T15:30:14.892359,14,20,18,14,15,0
2026-08-14T15:30:14.892359,13,18,18,14,15,0
2026-08-14T15:30:14.892359,13,19,18,15,15,0
2026-08-14T15:30:14.892359,13,18,17,14,14,0
2026-08-14T15:30:14.892359,12,19,18,15,16,0
2026-08-14T15:30:14.892359,13,17,18,15,15,0
2026-08-14T15:30:14.900562,13,19,19,14,16,0
2026-08-14T15:30:14.900562,13,18,18,15,16,0
2026-08-14T15:30:14.903331,14,19,18,14,16,0
2026-08-14T15:30:14.903331,13,17,17,13,16,0
2026-08-14T15:30:14.903331,14,18,18,15,15,0
2026-08-14T15:30:14.905449,13,20,18,14,15,0
2026-08-14T15:30:14.907800,14,18,18,13,15,0
2026-08-14T15:30:14.907800,13,20,18,14,16,0
2026-08-14T15:30:14.908818,11,18,18,14,15,0
2026-08-14T15:30:14.910190,12,18,18,14,15,0
2026-08-14T15:30:14.910190,13,19,19,14,15,0
2026-08-14T15:30:14.910190,13,19,19,14,15,0
2026-08-14T15:30:14.910190,14,19,17,14,16,0
2026-08-14T15:30:14.910190,13,17,19,15,15,0
2026-08-14T15:30:14.910190,12,19,18,14,15,0
2026-08-14T15:30:14.916858,14,18,18,14,16,0
2026-08-14T15:30:14.919418,13,19,18,14,16,0
2026-08-14T15:30:14.920264,13,19,17,14,15,0
2026-08-14T15:30:14.920264,13,18,18,14,15,0
2026-08-14T15:30:14.920264,13,19,18,14,15,0
2026-08-14T15:30:14.920264,12,18,18,14,15,0
2026-08-14T15:30:14.925071,13,18,19,14,14,0
2026-08-14T15:30:14.925071,13,19,18,14,15,0
2026-08-14T15:30:14.925071,13,18,18,13,16,0
2026-08-14T15:30:14.925071,13,19,18,14,16,0
2026-08-14T15:30:14.925071,13,17,17,14,16,0
2026-08-14T15:30:14.925071,13,18,18,14,15,0
2026-08-14T15:30:14.933221,13,18,18,14,15,0
2026-08-14T15:30:14.933221,14,19,18,15,16,0
2026-08-14T15:30:14.935240,12,18,18,14,16,0
2026-08-14T15:30:14.936816,13,20,18,14,15,0
2026-08-14T15:30:14.937474,11,18,18,14,15,0
2026-08-14T15:30:14.937474,13,18,18,14,16,0
2026-08-14T15:30:14.940580,13,17,18,14,16,0
2026-08-14T15:30:14.940580,13,19,18,15,15,0
2026-08-14T15:30:14.941603,13,18,17,15,15,0
2026-08-14T15:30:14.941603,13,19,18,13,16,0
2026-08-14T15:30:14.943688,15,18,17,13,16,0
2026-08-14T15:30:14.945440,12,18,17,14,15,0
2026-08-14T15:30:14.946471,13,18,17,13,15,0
2026-08-14T15:30:14.948237,12,19,18,14,15,0
2026-08-14T15:30:14.948237,13,18,18,14,15,0
2026-08-14T15:30:14.949989,13,18,18,14,15,0
2026-08-14T15:30:14.949989,11,18,17,14,15,0
2026-08-14T15:30:14.951999,13,18,18,14,15,0
2026-08-14T15:30:14.953236,12,19,17,13,16,0
2026-08-14T15:30:14.953236,12,17,17,14,16,0
2026-08-14T15:30:14.956915,13,18,18,15,15,0
2026-08-14T15:30:14.957462,14,19,18,14,16,0
2026-08-14T15:30:14.958023,13,19,18,14,15,0
2026-08-14T15:30:14.961054,14,18,17,13,16,0
2026-08-14T15:30:14.961054,13,18,17,14,15,0
2026-08-14T15:30:14.961054,13,18,18,14,15,0
2026-08-14T15:30:14.962819,12,18,18,13,15,0
2026-08-14T15:30:14.964929,12,19,18,13,16,0
2026-08-14T15:30:14.964929,12,19,18,15,15,0
2026-08-14T15:30:14.967146,11,17,19,14,16,0
2026-08-14T15:30:14.967146,12,18,17,13,16,0
2026-08-14T15:30:14.969828,13,17,17,13,16,0
2026-08-14T15:30:14.970448,14,19,17,13,16,0
2026-08-14T15:30:14.970448,13,18,18,13,16,0
2026-08-14T15:30:14.970448,13,18,18,14,15,0
2026-08-14T15:30:14.970448,15,18,17,15,15,0
2026-08-14T15:30:14.974755,13,18,16,14,15,0
2026-08-14T15:30:14.974755,13,19,18,14,16,0
2026-08-14T15:30:14.974755,14,19,18,14,14,0
2026-08-14T15:30:14.974755,12,18,16,14,15,0
2026-08-14T15:30:14.979183,13,18,17,14,16,0
2026-08-14T15:30:14.979183,14,17,17,13,16,0
2026-08-14T15:30:14.979183,12,19,18,14,16,0
2026-08-14T15:30:14.979183,12,19,17,14,16,0
2026-08-14T15:30:14.983181,13,18,17,14,16,0
2026-08-14T15:30:14.986035,14,17,17,14,15,0
2026-08-14T15:30:14.986035,12,18,17,13,15,0
2026-08-14T15:30:14.987462,14,18,17,13,16,0
2026-08-14T15:30:14.987462,14,19,17,13,15,0
2026-08-14T15:30:14.989915,12,19,17,13,16,0
2026-08-14T15:30:14.989915,14,19,17,14,16,0
2026-08-14T15:30:14.993805,13,19,18,14,15,0
2026-08-14T15:30:14.993805,14,19,17,14,16,0
2026-08-14T15:30:14.993805,13,18,18,14,16,0
2026-08-14T15:30:14.996328,14,18,17,13,16,0
2026-08-14T15:30:14.996328,13,19,17,14,16,0
2026-08-14T15:30:14.996328,13,18,16,13,15,0
2026-08-14T15:30:14.999771,14,18,17,13,15,0
2026-08-14T15:30:14.999771,14,18,18,14,15,0
2026-08-14T15:30:14.999771,13,19,18,13,15,0
2026-08-14T15:30:15.003304,12,19,18,14,15,0
2026-08-14T15:30:15.004218,13,18,17,14,16,0
2026-08-14T15:30:15.004218,13,18,17,14,16,0
2026-08-14T15:30:15.004218,11,18,17,14,15,0
2026-08-14T15:30:15.008125,11,19,17,14,15,0
2026-08-14T15:30:15.008125,13,19,18,15,16,0
2026-08-14T15:30:15.008125,14,18,17,12,16,0
2026-08-14T15:30:15.008125,12,18,16,13,15,0
2026-08-14T15:30:15.008125,13,18,18,14,15,0
2026-08-14T15:30:15.008125,13,20,18,14,15,0
2026-08-14T15:30:15.008125,14,18,17,14,15,0
2026-08-14T15:30:15.016162,13,18,17,13,15,0
2026-08-14T15:30:15.026662,13,17,17,13,16,0
2026-08-14T15:30:15.026662,13,19,17,13,15,0
2026-08-14T15:30:15.031261,13,18,17,14,16,0
2026-08-14T15:30:15.031261,12,18,17,14,15,0
2026-08-14T15:30:15.033732,11,17,17,13,15,0
2026-08-14T15:30:15.033732,13,18,18,14,15,0
2026-08-14T15:30:15.033732,14,18,18,14,16,0
2026-08-14T15:30:15.036652,13,17,16,14,16,0
2026-08-14T15:30:15.036652,14,18,16,14,15,0
2026-08-14T15:30:15.036652,13,18,18,13,15,0
2026-08-14T15:30:15.039000,12,20,17,14,15,0
2026-08-14T15:30:15.039000,14,19,17,13,16,0
2026-08-14T15:30:15.039000,12,19,16,15,15,0
2026-08-14T15:30:15.039000,12,17,16,13,15,0
2026-08-14T15:30:15.041011,13,17,18,14,15,0
2026-08-14T15:30:15.041011,12,19,17,12,16,0
2026-08-14T15:30:15.041011,12,17,16,14,15,0
2026-08-14T15:30:15.043021,14,17,17,13,16,0
2026-08-14T15:30:15.043021,12,18,17,13,15,0
2026-08-14T15:30:15.043021,13,18,17,13,16,0
2026-08-14T15:30:15.043021,14,18,17,13,16,0
2026-08-14T15:30:15.045032,13,18,17,14,15,0
2026-08-14T15:30:15.045032,11,18,17,14,15,0
2026-08-14T15:30:15.045032,13,18,17,13,15,0
2026-08-14T15:30:15.047041,14,18,17,14,15,0
2026-08-14T15:30:15.047041,12,17,18,13,16,0
2026-08-14T15:30:15.047041,14,17,17,14,17,0
2026-08-14T15:30:15.048794,13,18,17,13,15,0
2026-08-14T15:30:15.048794,13,18,17,13,16,0
2026-08-14T15:30:15.053646,13,17,17,13,16,0
2026-08-14T15:30:15.054011,13,18,17,14,16,0
2026-08-14T15:30:15.054011,13,18,17,13,15,0
2026-08-14T15:30:15.054011,13,19,16,13,16,0
2026-08-14T15:30:15.054011,13,18,18,14,15,0
2026-08-14T15:30:15.058153,12,18,16,14,16,0
2026-08-14T15:30:15.058153,13,19,17,14,15,0
2026-08-14T15:30:15.058153,14,19,17,14,16,0
2026-08-14T15:30:15.058153,13,19,17,14,16,0
2026-08-14T15:30:15.058153,14,18,16,13,16,0
2026-08-14T15:30:15.058153,13,17,16,14,15,0
2026-08-14T15:30:15.065287,14,18,16,13,15,0
2026-08-14T15:30:15.065287,13,19,17,13,16,0
2026-08-14T15:30:15.065287,13,18,16,14,15,0
2026-08-14T15:30:15.065287,12,18,16,13,15,0
2026-08-14T15:30:15.070958,13,19,16,14,15,0
2026-08-14T15:30:15.070958,13,18,17,14,15,0
2026-08-14T15:30:15.070958,13,19,16,13,16,0
2026-08-14T15:30:15.073735,13,19,17,13,15,0
2026-08-14T15:30:15.075736,14,18,16,14,16,0
2026-08-14T15:30:15.075736,13,19,18,13,16,0
2026-08-14T15:30:15.075736,13,18,17,13,16,0
2026-08-14T15:30:15.079835,13,18,17,13,16,0
2026-08-14T15:30:15.079835,13,18,16,13,15,0
2026-08-14T15:30:15.081599,13,19,17,14,16,0
2026-08-14T15:30:15.081599,13,19,18,13,15,0
2026-08-14T15:30:15.083731,12,18,16,13,16,0
2026-08-14T15:30:15.083731,11,18,17,14,15,0
2026-08-14T15:30:15.083731,12,19,18,14,15,0
2026-08-14T15:30:15.087330,11,18,17,13,16,0
2026-08-14T15:30:15.087330,14,18,17,13,16,0
2026-08-14T15:30:15.087330,12,19,16,13,17,0
2026-08-14T15:30:15.089632,11,17,18,14,16,0
2026-08-14T15:30:15.089632,13,18,18,14,16,0
2026-08-14T15:30:15.089632,14,18,16,13,16,0
2026-08-14T15:30:15.089632,13,19,17,14,16,0
2026-08-14T15:30:15.089632,13,19,18,14,16,0
2026-08-14T15:30:15.089632,13,18,17,14,15,0
2026-08-14T15:30:15.089632,13,19,18,13,15,0
2026-08-14T15:30:15.098056,14,18,17,14,15,0
2026-08-14T15:30:15.098056,13,19,17,14,16,0
2026-08-14T15:30:15.098056,11,17,17,15,15,0
2026-08-14T15:30:15.098056,13,20,16,13,15,0
2026-08-14T15:30:15.104391,14,17,16,13,16,0
2026-08-14T15:30:15.104391,13,19,17,13,16,0
2026-08-14T15:30:15.104391,13,18,17,13,16,0
2026-08-14T15:30:15.108501,13,18,18,14,16,0
2026-08-14T15:30:15.108501,13,18,17,13,16,0
2026-08-14T15:30:15.108501,13,19,16,13,16,0
2026-08-14T15:30:15.108501,13,19,17,14,15,0
2026-08-14T15:30:15.111559,13,19,17,13,15,0
2026-08-14T15:30:15.111559,13,19,17,14,15,0
2026-08-14T15:30:15.111559,13,18,17,14,16,0
2026-08-14T15:30:15.114224,12,18,17,13,16,0
2026-08-14T15:30:15.114224,11,18,17,13,16,0
2026-08-14T15:30:15.114224,13,18,16,13,16,0
2026-08-14T15:30:15.119369,14,18,17,13,17,0
2026-08-14T15:30:15.120238,14,18,17,13,15,0
2026-08-14T15:30:15.120238,13,19,17,13,15,0
2026-08-14T15:30:15.122332,12,18,17,14,15,0
2026-08-14T15:30:15.122332,13,19,18,14,16,0
2026-08-14T15:30:15.122332,13,18,19,14,15,0
2026-08-14T15:30:15.122332,11,18,16,14,16,0
2026-08-14T15:30:15.126619,13,19,16,14,15,0
2026-08-14T15:30:15.126619,13,18,17,13,16,0
2026-08-14T15:30:15.130557,13,18,17,13,16,0
2026-08-14T15:30:15.132569,13,18,17,14,16,0
2026-08-14T15:30:15.132569,14,19,17,14,16,0
2026-08-14T15:30:15.132569,14,18,17,14,16,0
2026-08-14T15:30:15.132569,15,18,17,14,15,0
2026-08-14T15:30:15.137085,14,18,16,13,16,0
2026-08-14T15:30:15.137085,13,18,16,14,15,0
2026-08-14T15:30:15.137085,13,20,18,13,16,0
2026-08-14T15:30:15.138923,14,19,17,13,16,0
2026-08-14T15:30:15.140932,13,19,17,14,16,0
2026-08-14T15:30:15.140932,11,19,17,14,16,0
2026-08-14T15:30:15.140932,12,18,17,14,15,0
2026-08-14T15:30:15.145357,12,18,17,13,16,0
2026-08-14T15:30:15.145357,13,19,17,13,16,0
2026-08-14T15:30:15.145357,14,19,17,13,16,0
2026-08-14T15:30:15.147118,13,18,16,14,16,0
2026-08-14T15:30:15.149456,13,19,18,14,15,0
2026-08-14T15:30:15.149456,14,19,18,13,16,0
2026-08-14T15:30:15.149456,13,19,16,14,16,0
2026-08-14T15:30:15.153273,13,19,17,14,16,0
2026-08-14T15:30:15.153999,13,18,18,13,16,0
2026-08-14T15:30:15.155624,12,19,17,14,16,0
2026-08-14T15:30:15.155624,13,18,16,13,16,0
2026-08-14T15:30:15.155624,14,18,17,14,16,0
2026-08-14T15:30:15.155624,13,17,17,14,16,0
2026-08-14T15:30:15.155624,12,19,17,14,16,0
2026-08-14T15:30:15.155624,14,18,16,13,16,0
2026-08-14T15:30:15.155624,13,18,18,14,16,0
2026-08-14T15:30:15.155624,13,19,18,14,15,0
2026-08-14T15:30:15.164857,13,19,17,13,15,0
2026-08-14T15:30:15.164857,13,19,17,14,15,0
2026-08-14T15:30:15.164857,14,18,17,13,14,0
2026-08-14T15:30:15.164857,13,17,17,14,15,0
2026-08-14T15:30:15.170065,13,19,17,13,16,0
2026-08-14T15:30:15.170065,13,18,16,13,16,0
2026-08-14T15:30:15.170065,13,19,17,13,17,0
2026-08-14T15:30:15.174052,13,18,18,13,16,0
2026-08-14T15:30:15.174052,13,18,16,14,16,0
2026-08-14T15:30:15.174052,14,19,17,14,16,0
2026-08-14T15:30:15.174052,13,18,18,14,15,0
2026-08-14T15:30:15.174052,13,20,18,14,16,0
2026-08-14T15:30:15.174052,13,18,18,14,17,0
2026-08-14T15:30:15.174052,13,19,17,14,16,0
2026-08-14T15:30:15.181619,13,19,18,14,16,0
2026-08-14T15:30:15.181619,13,19,17,13,16,0
2026-08-14T15:30:15.181619,13,17,18,14,15,0
2026-08-14T15:30:15.184084,11,19,18,14,15,0
2026-08-14T15:30:15.185993,13,19,18,14,16,0
2026-08-14T15:30:15.186645,14,17,17,14,16,0
2026-08-14T15:30:15.186645,13,18,16,14,16,0
2026-08-14T15:30:15.188529,13,19,18,13,16,0
2026-08-14T15:30:15.188529,14,19,17,13,16,0
2026-08-14T15:30:15.188529,13,20,17,13,16,0
2026-08-14T15:30:15.188529,13,18,17,14,16,0
2026-08-14T15:30:15.188529,13,19,16,14,15,0
2026-08-14T15:30:15.188529,12,19,18,14,15,0
2026-08-14T15:30:15.196678,13,20,18,14,15,0
2026-08-14T15:30:15.196678,13,19,16,14,16,0
2026-08-14T15:30:15.196678,14,19,17,13,16,0
2026-08-14T15:30:15.196678,12,18,17,14,16,0
2026-08-14T15:30:15.202769,13,18,17,13,16,0
2026-08-14T15:30:15.204358,13,19,17,13,16,0
2026-08-14T15:30:15.204358,13,19,16,13,16,0
2026-08-14T15:30:15.204358,13,19,18,14,15,0
2026-08-14T15:30:15.204358,14,18,18,14,16,0
2026-08-14T15:30:15.204358,13,19,17,13,16,0
2026-08-14T15:30:15.204358,14,18,16,14,15,0
2026-08-14T15:30:15.210904,13,19,19,13,16,0
2026-08-14T15:30:15.210904,13,18,17,14,16,0
2026-08-14T15:30:15.212390,13,19,18,14,16,0
2026-08-14T15:30:15.212390,13,19,17,14,16,0
2026-08-14T15:30:15.215005,14,18,18,14,18,0
2026-08-14T15:30:15.215005,12,18,17,13,16,0
2026-08-14T15:30:15.216770,13,19,16,13,16,0
2026-08-14T15:30:15.216770,13,19,16,14,16,0
2026-08-14T15:30:15.219783,14,19,18,14,17,0
2026-08-14T15:30:15.220849,12,20,17,13,16,0
2026-08-14T15:30:15.221359,14,18,18,14,16,0
2026-08-14T15:30:15.223165,13,20,17,14,15,0
2026-08-14T15:30:15.223165,13,20,18,13,15,0
2026-08-14T15:30:15.223165,13,18,17,14,15,0
2026-08-14T15:30:15.225507,13,19,17,14,16,0
2026-08-14T15:30:15.225507,12,19,16,14,16,0
2026-08-14T15:30:15.228501,13,19,17,13,16,0
2026-08-14T15:30:15.228501,13,19,17,13,16,0
2026-08-14T15:30:15.228501,11,18,17,14,16,0
2026-08-14T15:30:15.233135,13,19,18,14,15,0
2026-08-14T15:30:15.233135,13,20,18,14,16,0
2026-08-14T15:30:15.233135,13,19,18,14,16,0
2026-08-14T15:30:15.236593,14,19,17,15,16,0
2026-08-14T15:30:15.237005,13,20,16,14,15,0
2026-08-14T15:30:15.237005,13,19,18,13,15,0
2026-08-14T15:30:15.237005,13,20,18,14,15,0
2026-08-14T15:30:15.237005,12,18,18,15,16,0
2026-08-14T15:30:15.241337,13,19,16,14,15,0
2026-08-14T15:30:15.243666,12,18,18,14,16,0
2026-08-14T15:30:15.243666,13,19,18,14,16,0
2026-08-14T15:30:15.243666,14,18,17,14,17,0
2026-08-14T15:30:15.247434,12,19,18,14,16,0
2026-08-14T15:30:15.247434,14,18,17,14,16,0
2026-08-14T15:30:15.249444,12,20,18,14,16,0
2026-08-14T15:30:15.249444,14,18,17,13,16,0
2026-08-14T15:30:15.249444,13,18,16,13,17,0
2026-08-14T15:30:15.252722,13,19,17,14,15,0
2026-08-14T15:30:15.252722,13,19,18,14,15,0
2026-08-14T15:30:15.255256,14,18,18,13,16,0
2026-08-14T15:30:15.255256,13,17,18,14,16,0
2026-08-14T15:30:15.256926,12,19,18,14,16,0
2026-08-14T15:30:15.257973,14,19,17,13,16,0
2026-08-14T15:30:15.260087,13,18,17,13,17,0
2026-08-14T15:30:15.260087,14,19,17,13,16,0
2026-08-14T15:30:15.261659,13,18,18,14,16,0
2026-08-14T15:30:15.264165,13,18,17,14,16,0
2026-08-14T15:30:15.264165,13,18,17,13,16,0
2026-08-14T15:30:15.264165,13,19,18,13,15,0
2026-08-14T15:30:15.268296,13,19,18,14,16,0
2026-08-14T15:30:15.269422,14,18,17,14,16,0
2026-08-14T15:30:15.269422,13,19,16,14,16,0
2026-08-14T15:30:15.270776,14,19,17,14,16,0
2026-08-14T15:30:15.270776,13,18,18,14,16,0
2026-08-14T15:30:15.272977,13,19,18,13,16,0
2026-08-14T15:30:15.272977,14,19,18,13,16,0
2026-08-14T15:30:15.272977,14,19,17,14,16,0
2026-08-14T15:30:15.276628,14,18,17,13,16,0
2026-08-14T15:30:15.276628,12,19,17,13,15,0
2026-08-14T15:30:15.276628,13,19,18,14,17,0
2026-08-14T15:30:15.278640,14,19,17,14,15,0
2026-08-14T15:30:15.278640,13,18,18,14,15,0
2026-08-14T15:30:15.278640,13,19,18,14,16,0
2026-08-14T15:30:15.284687,13,18,18,14,17,0
2026-08-14T15:30:15.284687,12,19,16,13,16,0
2026-08-14T15:30:15.286738,12,20,17,13,16,0
2026-08-14T15:30:15.287557,14,19,17,13,17,0
2026-08-14T15:30:15.287557,13,19,17,14,15,0
2026-08-14T15:30:15.287557,14,20,17,14,16,0
2026-08-14T15:30:15.287557,14,20,18,13,16,0
2026-08-14T15:30:15.292827,14,19,18,14,15,0
2026-08-14T15:30:15.292827,13,19,18,14,16,0
2026-08-14T15:30:15.294592,13,19,18,14,16,0
2026-08-14T15:30:15.296902,13,19,18,14,16,0
2026-08-14T15:30:15.296902,13,19,17,13,16,0
2026-08-14T15:30:15.298664,14,19,17,13,16,0
2026-08-14T15:30:15.298664,13,19,17,13,16,0
2026-08-14T15:30:15.301079,13,19,18,13,16,0
2026-08-14T15:30:15.301079,13,20,18,13,17,0
2026-08-14T15:30:15.301079,14,19,17,13,16,0
2026-08-14T15:30:15.303402,13,19,17,14,16,0
2026-08-14T15:30:15.303402,13,19,18,14,16,0
2026-08-14T15:30:15.303402,13,20,18,14,17,0
2026-08-14T15:30:15.303402,12,19,17,14,16,0
2026-08-14T15:30:15.303402,13,19,17,14,15,0
2026-08-14T15:30:15.309516,13,19,17,14,15,0
2026-08-14T15:30:15.309516,13,20,18,14,16,0
2026-08-14T15:30:15.311534,14,19,18,13,16,0
2026-08-14T15:30:15.311534,13,19,17,13,16,0
2026-08-14T15:30:15.311534,14,18,18,14,16,0
2026-08-14T15:30:15.315063,14,20,18,14,16,0
2026-08-14T15:30:15.317340,14,19,19,14,16,0
2026-08-14T15:30:15.317340,14,18,17,13,16,0
2026-08-14T15:30:15.317340,13,19,18,14,16,0
2026-08-14T15:30:15.320518,12,20,18,14,15,0
2026-08-14T15:30:15.320518,14,19,17,13,16,0
2026-08-14T15:30:15.320518,11,19,18,13,16,0
2026-08-14T15:30:15.320518,11,18,18,14,16,0
2026-08-14T15:30:15.325413,13,19,18,14,16,0
2026-08-14T15:30:15.325413,13,18,16,13,16,0
2026-08-14T15:30:15.325413,13,19,17,14,16,0
2026-08-14T15:30:15.325413,14,18,17,14,16,0
2026-08-14T15:30:15.325413,14,19,19,14,16,0
2026-08-14T15:30:15.325413,13,20,17,15,16,0
2026-08-14T15:30:15.333471,15,19,18,13,17,0
2026-08-14T15:30:15.333471,13,19,18,13,16,0
2026-08-14T15:30:15.333471,12,20,17,14,16,0
2026-08-14T15:30:15.336766,12,20,18,14,16,0
2026-08-14T15:30:15.337443,13,19,18,14,16,0
2026-08-14T15:30:15.337443,13,20,18,14,17,0
2026-08-14T15:30:15.337443,13,19,17,14,16,0
2026-08-14T15:30:15.341977,12,19,18,14,17,0
2026-08-14T15:30:15.343038,13,18,17,13,16,0
2026-08-14T15:30:15.343038,14,18,17,13,16,0
2026-08-14T15:30:15.343038,13,19,18,13,17,0
2026-08-14T15:30:15.343038,15,18,17,14,16,0
2026-08-14T15:30:15.343038,13,19,18,14,15,0
2026-08-14T15:30:15.343038,13,20,18,14,15,0
2026-08-14T15:30:15.350157,13,18,18,14,16,0
2026-08-14T15:30:15.350157,11,19,18,14,17,0
2026-08-14T15:30:15.350157,13,19,17,13,16,0
2026-08-14T15:30:15.352169,13,19,17,14,17,0
2026-08-14T15:30:15.353200,13,19,18,14,16,0
2026-08-14T15:30:15.353200,13,19,18,14,17,0
2026-08-14T15:30:15.353200,13,19,18,14,16,0
2026-08-14T15:30:15.358341,14,19,18,14,16,0
2026-08-14T15:30:15.358341,13,19,18,14,16,0
2026-08-14T15:30:15.358341,13,19,17,14,16,0
2026-08-14T15:30:15.362626,13,20,18,14,17,0
2026-08-14T15:30:15.362626,13,20,18,14,16,0
2026-08-14T15:30:15.364384,13,19,17,14,16,0
2026-08-14T15:30:15.364384,13,19,18,14,15,0
2026-08-14T15:30:15.366542,13,19,17,14,16,0
2026-08-14T15:30:15.366542,12,19,18,13,16,0
2026-08-14T15:30:15.366542,13,20,18,14,16,0
2026-08-14T15:30:15.369722,14,19,17,13,16,0
2026-08-14T15:30:15.371633,13,19,17,13,16,0
2026-08-14T15:30:15.371633,15,20,18,14,16,0
2026-08-14T15:30:15.371633,13,20,18,14,16,0
2026-08-14T15:30:15.374604,14,19,18,14,16,0
2026-08-14T15:30:15.374604,14,20,17,14,16,0
2026-08-14T15:30:15.374604,13,20,18,14,15,0
2026-08-14T15:30:15.374604,13,19,18,14,16,0
2026-08-14T15:30:15.374604,13,19,18,14,16,0
2026-08-14T15:30:15.374604,14,19,17,14,16,0
2026-08-14T15:30:15.374604,11,19,19,15,16,0
2026-08-14T15:30:15.382697,13,19,18,14,16,0
2026-08-14T15:30:15.383602,13,18,18,13,16,0
2026-08-14T15:30:15.384273,14,19,17,15,16,0
2026-08-14T15:30:15.386590,14,19,18,14,16,0
2026-08-14T15:30:15.387924,14,20,18,14,16,0
2026-08-14T15:30:15.387924,13,19,17,14,17,0
2026-08-14T15:30:15.387924,14,20,18,13,16,0
2026-08-14T15:30:15.391166,13,20,18,14,16,0
2026-08-14T15:30:15.391166,12,19,19,15,15,0
2026-08-14T15:30:15.391166,14,20,18,14,16,0
2026-08-14T15:30:15.395395,14,19,18,14,16,0
2026-08-14T15:30:15.395395,13,19,18,13,17,0
2026-08-14T15:30:15.395395,13,19,19,14,17,0
2026-08-14T15:30:15.398866,13,19,17,15,16,0
2026-08-14T15:30:15.398866,14,19,17,13,16,0
2026-08-14T15:30:15.398866,14,19,17,14,16,0
2026-08-14T15:30:15.398866,14,20,19,14,16,0
2026-08-14T15:30:15.403045,14,20,17,13,16,0
2026-08-14T15:30:15.403868,13,20,18,13,17,0
2026-08-14T15:30:15.403868,14,19,18,14,16,0
2026-08-14T15:30:15.407229,14,20,19,14,16,0
2026-08-14T15:30:15.407229,14,19,18,14,16,0
2026-08-14T15:30:15.407229,13,20,18,14,16,0
2026-08-14T15:30:15.407229,13,19,19,14,16,0
2026-08-14T15:30:15.407229,14,19,18,14,16,0
2026-08-14T15:30:15.407229,14,19,18,14,16,0
2026-08-14T15:30:15.407229,14,20,18,14,16,0
2026-08-14T15:30:15.415692,14,19,18,14,16,0
2026-08-14T15:30:15.415692,13,18,19,13,16,0
2026-08-14T15:30:15.415692,14,19,18,14,16,0
2026-08-14T15:30:15.415692,13,20,18,13,16,0
2026-08-14T15:30:15.419886,13,20,18,14,16,0
2026-08-14T15:30:15.420476,13,19,18,14,16,0
2026-08-14T15:30:15.420842,13,19,19,14,16,0
2026-08-14T15:30:15.423900,13,19,17,14,16,0
2026-08-14T15:30:15.423900,13,19,18,15,16,0
2026-08-14T15:30:15.423900,13,19,19,14,16,0
2026-08-14T15:30:15.425663,14,19,17,13,17,0
2026-08-14T15:30:15.425663,13,19,18,14,16,0
2026-08-14T15:30:15.425663,14,20,19,14,16,0
2026-08-14T15:30:15.429785,14,20,18,13,17,0
2026-08-14T15:30:15.432149,14,20,18,14,17,0
2026-08-14T15:30:15.432149,13,20,17,15,15,0
2026-08-14T15:30:15.432149,13,19,18,14,17,0
2026-08-14T15:30:15.434161,13,19,18,14,16,0
2026-08-14T15:30:15.436906,14,20,18,14,16,0
2026-08-14T15:30:15.437402,13,20,17,15,16,0
2026-08-14T15:30:15.437402,11,19,18,14,16,0
2026-08-14T15:30:15.437402,13,19,18,14,16,0
2026-08-14T15:30:15.440647,14,19,18,14,16,0
2026-08-14T15:30:15.440647,13,19,18,15,17,0
2026-08-14T15:30:15.444378,14,20,18,14,16,0
2026-08-14T15:30:15.444378,15,20,19,13,17,0
2026-08-14T15:30:15.444378,14,19,18,14,17,0
2026-08-14T15:30:15.446141,13,20,18,14,16,0
2026-08-14T15:30:15.448453,13,19,18,14,16,0
2026-08-14T15:30:15.448453,14,20,18,14,15,0
2026-08-14T15:30:15.448453,14,20,18,14,16,0
2026-08-14T15:30:15.448453,13,19,18,15,17,0
2026-08-14T15:30:15.453209,13,19,18,14,17,0
2026-08-14T15:30:15.453841,14,21,19,14,16,0
2026-08-14T15:30:15.453841,13,19,18,15,17,0
2026-08-14T15:30:15.456775,14,19,18,14,17,0
2026-08-14T15:30:15.456775,15,20,19,15,17,0
2026-08-14T15:30:15.456775,15,20,19,14,15,0
2026-08-14T15:30:15.458978,14,20,18,14,16,0
2026-08-14T15:30:15.458978,13,20,19,13,16,0
2026-08-14T15:30:15.458978,14,20,18,14,15,0
2026-08-14T15:30:15.464542,14,19,18,14,16,0
2026-08-14T15:30:15.465362,12,19,18,14,16,0
2026-08-14T15:30:15.465872,13,20,18,15,17,0
2026-08-14T15:30:15.466507,13,20,18,13,16,0
2026-08-14T15:30:15.468927,14,20,19,15,17,0
2026-08-14T15:30:15.469974,13,19,19,13,16,0
2026-08-14T15:30:15.469974,14,20,18,14,17,0
2026-08-14T15:30:15.472600,14,20,18,13,16,0
2026-08-14T15:30:15.472600,13,20,18,14,17,0
2026-08-14T15:30:15.472600,15,20,18,15,16,0
2026-08-14T15:30:15.474794,13,20,18,14,16,0
2026-08-14T15:30:15.477177,13,19,18,14,16,0
2026-08-14T15:30:15.477177,13,19,18,15,17,0
2026-08-14T15:30:15.477177,12,19,20,15,16,0
2026-08-14T15:30:15.480680,13,20,18,15,17,0
2026-08-14T15:30:15.480680,14,20,18,14,17,0
2026-08-14T15:30:15.480680,13,18,18,14,16,0
2026-08-14T15:30:15.480680,14,19,18,13,17,0
2026-08-14T15:30:15.480680,14,20,18,14,16,0
2026-08-14T15:30:15.486096,14,20,18,14,16,0
2026-08-14T15:30:15.487031,13,20,19,14,17,0
2026-08-14T15:30:15.489064,13,20,19,14,17,0
2026-08-14T15:30:15.489064,12,20,19,14,17,0
2026-08-14T15:30:15.489064,12,21,19,15,16,0
2026-08-14T15:30:15.489064,14,19,18,15,17,0
2026-08-14T15:30:15.489064,12,19,18,14,16,0
2026-08-14T15:30:15.489064,13,19,17,15,17,0
2026-08-14T15:30:15.489064,14,20,18,15,16,0
2026-08-14T15:30:15.497158,14,18,18,14,16,0
2026-08-14T15:30:15.497158,13,19,18,14,16,0
2026-08-14T15:30:15.499381,14,19,17,14,16,0
2026-08-14T15:30:15.501701,14,20,18,14,16,0
2026-08-14T15:30:15.502742,13,20,18,14,16,0
2026-08-14T15:30:15.503399,13,20,19,14,15,0
2026-08-14T15:30:15.503399,13,19,18,14,15,0
2026-08-14T15:30:15.505619,14,19,18,15,15,0
2026-08-14T15:30:15.506288,12,21,18,14,16,0
2026-08-14T15:30:15.506952,13,18,18,15,16,0
2026-08-14T15:30:15.508960,12,19,18,13,17,0
2026-08-14T15:30:15.510119,13,19,18,14,16,0
2026-08-14T15:30:15.510119,14,20,18,14,16,0
2026-08-14T15:30:15.510119,14,20,18,14,16,0
2026-08-14T15:30:15.514003,13,19,18,14,16,0
2026-08-14T15:30:15.514003,13,20,18,14,17,0
2026-08-14T15:30:15.514003,13,20,19,14,16,0
2026-08-14T15:30:15.518103,14,20,18,14,16,0
2026-08-14T15:30:15.520050,13,19,18,14,16,0
2026-08-14T15:30:15.520050,14,20,18,15,16,0
2026-08-14T15:30:15.522072,13,19,18,14,16,0
2026-08-14T15:30:15.522072,13,19,18,14,16,0
2026-08-14T15:30:15.522072,14,19,18,15,16,0
2026-08-14T15:30:15.522072,13,19,19,15,17,0
2026-08-14T15:30:15.525299,14,20,18,14,16,0
2026-08-14T15:30:15.525299,15,20,18,15,16,0
2026-08-14T15:30:15.528035,16,19,18,13,17,0
2026-08-14T15:30:15.530341,14,19,18,13,16,0
2026-08-14T15:30:15.530341,13,20,19,15,16,0
2026-08-14T15:30:15.530341,13,20,18,14,15,0
2026-08-14T15:30:15.532117,15,20,18,14,16,0
2026-08-14T15:30:15.532117,14,19,19,15,17,0
2026-08-14T15:30:15.532117,13,19,18,13,17,0
2026-08-14T15:30:15.536072,13,19,18,14,17,0
2026-08-14T15:30:15.537798,14,19,17,14,16,0
2026-08-14T15:30:15.538806,14,19,19,14,16,0
2026-08-14T15:30:15.538806,13,19,19,15,16,0
2026-08-14T15:30:15.538806,13,20,18,14,17,0
2026-08-14T15:30:15.538806,15,20,18,13,17,0
2026-08-14T15:30:15.538806,13,20,18,14,16,0
2026-08-14T15:30:15.538806,13,20,18,15,16,0
2026-08-14T15:30:15.538806,14,21,18,15,15,0
2026-08-14T15:30:15.546976,12,19,20,15,17,0
2026-08-14T15:30:15.546976,13,19,20,14,16,0
2026-08-14T15:30:15.546976,14,19,18,14,16,0
2026-08-14T15:30:15.550843,14,19,18,14,17,0
2026-08-14T15:30:15.550843,14,20,18,15,17,0
2026-08-14T15:30:15.550843,14,20,18,14,16,0
2026-08-14T15:30:15.554959,14,20,18,15,16,0
2026-08-14T15:30:15.554959,14,19,19,14,16,0
2026-08-14T15:30:15.556720,12,20,18,14,16,0
2026-08-14T15:30:15.556720,13,20,20,14,16,0
2026-08-14T15:30:15.556720,13,19,19,14,15,0
2026-08-14T15:30:15.556720,13,19,18,15,16,0
2026-08-14T15:30:15.556720,13,19,17,14,16,0
2026-08-14T15:30:15.563321,14,20,18,14,16,0
2026-08-14T15:30:15.563321,14,20,19,14,16,0
2026-08-14T15:30:15.563321,12,19,19,15,17,0
2026-08-14T15:30:15.565332,13,19,19,15,17,0
2026-08-14T15:30:15.565332,14,20,19,14,16,0
2026-08-14T15:30:15.565332,13,20,18,14,17,0
2026-08-14T15:30:15.565332,14,19,18,14,16,0
2026-08-14T15:30:15.570892,13,20,18,14,16,0
2026-08-14T15:30:15.570892,12,19,18,14,17,0
2026-08-14T15:30:15.570892,15,21,19,14,17,0
2026-08-14T15:30:15.575152,14,20,19,14,17,0
2026-08-14T15:30:15.575152,13,19,18,15,15,0
2026-08-14T15:30:15.575152,13,19,17,15,16,0
2026-08-14T15:30:15.577160,13,19,18,14,16,0
2026-08-14T15:30:15.578910,14,19,19,14,17,0
2026-08-14T15:30:15.578910,13,19,18,15,17,0
2026-08-14T15:30:15.578910,15,19,19,15,17,0
2026-08-14T15:30:15.580918,14,21,19,14,16,0
2026-08-14T15:30:15.580918,14,20,18,15,16,0
2026-08-14T15:30:15.580918,14,20,18,15,17,0
2026-08-14T15:30:15.580918,13,19,18,15,17,0
2026-08-14T15:30:15.587737,14,19,18,14,16,0
2026-08-14T15:30:15.587737,15,20,18,15,16,0
2026-08-14T15:30:15.587737,14,18,18,14,16,0
2026-08-14T15:30:15.591825,15,19,17,13,16,0
2026-08-14T15:30:15.591825,13,19,18,15,17,0
2026-08-14T15:30:15.591825,14,19,18,13,16,0
2026-08-14T15:30:15.595145,14,19,18,13,16,0
2026-08-14T15:30:15.595145,14,20,19,14,16,0
2026-08-14T15:30:15.595145,13,19,18,14,17,0
2026-08-14T15:30:15.597681,13,20,18,14,16,0
2026-08-14T15:30:15.599695,14,20,18,15,16,0
2026-08-14T15:30:15.599695,14,18,20,14,15,0
2026-08-14T15:30:15.599695,13,19,18,15,16,0
2026-08-14T15:30:15.603301,14,20,18,15,16,0
2026-08-14T15:30:15.603301,14,19,17,14,18,0
2026-08-14T15:30:15.603301,13,19,19,13,17,0
2026-08-14T15:30:15.603301,14,20,18,14,16,0
2026-08-14T15:30:15.603301,13,19,19,14,17,0
2026-08-14T15:30:15.603301,14,20,18,15,17,0
2026-08-14T15:30:15.603301,14,20,18,14,16,0
2026-08-14T15:30:15.612301,14,20,19,13,16,0
2026-08-14T15:30:15.612301,13,19,18,14,16,0
2026-08-14T15:30:15.612301,13,19,20,14,16,0
2026-08-14T15:30:15.612301,13,20,19,15,16,0
2026-08-14T15:30:15.616391,13,19,18,14,16,0
2026-08-14T15:30:15.616391,12,19,18,14,17,0
2026-08-14T15:30:15.616391,12,20,18,14,16,0
2026-08-14T15:30:15.620627,14,20,18,14,16,0
2026-08-14T15:30:15.620627,14,19,19,14,16,0
2026-08-14T15:30:15.620627,13,19,19,14,17,0
2026-08-14T15:30:15.622836,14,20,18,15,16,0
2026-08-14T15:30:15.622836,14,20,19,15,17,0
2026-08-14T15:30:15.622836,13,20,19,14,16,0
2026-08-14T15:30:15.622836,14,21,18,14,16,0
2026-08-14T15:30:15.628704,12,20,20,15,16,0
2026-08-14T15:30:15.628704,13,19,19,14,17,0
2026-08-14T15:30:15.628704,13,20,18,15,16,0
2026-08-14T15:30:15.632168,14,20,19,15,16,0
2026-08-14T15:30:15.632168,14,19,18,14,17,0
2026-08-14T15:30:15.632168,13,19,19,14,17,0
2026-08-14T15:30:15.632168,13,20,19,14,16,0
2026-08-14T15:30:15.637050,15,19,19,14,16,0
2026-08-14T15:30:15.637558,14,19,18,15,16,0
2026-08-14T15:30:15.637558,15,20,18,15,17,0
2026-08-14T15:30:15.637558,14,20,20,14,16,0
2026-08-14T15:30:15.637558,14,20,19,14,16,0
2026-08-14T15:30:15.637558,14,19,18,15,16,0
2026-08-14T15:30:15.643578,14,19,18,14,16,0
2026-08-14T15:30:15.645103,14,20,19,15,16,0
2026-08-14T15:30:15.645103,13,19,18,14,16,0
2026-08-14T15:30:15.645103,14,20,18,14,17,0
2026-08-14T15:30:15.647115,13,20,19,15,16,0
2026-08-14T15:30:15.647115,14,19,18,14,16,0
2026-08-14T15:30:15.647115,14,20,18,14,16,0
2026-08-14T15:30:15.647115,15,20,18,14,17,0
2026-08-14T15:30:15.653439,13,19,19,14,16,0
2026-08-14T15:30:15.653439,13,19,19,14,15,0
2026-08-14T15:30:15.653439,13,20,18,14,16,0
2026-08-14T15:30:15.657381,14,19,18,14,16,0
2026-08-14T15:30:15.657381,13,19,19,14,16,0
2026-08-14T15:30:15.657381,14,19,19,15,16,0
2026-08-14T15:30:15.660854,14,19,18,15,17,0
2026-08-14T15:30:15.660854,14,19,18,15,16,0
2026-08-14T15:30:15.660854,14,19,18,15,16,0
2026-08-14T15:30:15.660854,14,19,18,13,17,0
2026-08-14T15:30:15.660854,14,19,18,14,16,0
2026-08-14T15:30:15.660854,14,20,19,14,17,0
2026-08-14T15:30:15.660854,15,20,19,14,16,0
2026-08-14T15:30:15.669470,14,19,19,14,16,0
2026-08-14T15:30:15.670161,13,20,18,15,15,0
2026-08-14T15:30:15.670161,13,20,20,14,17,0
2026-08-14T15:30:15.670161,14,20,19,14,16,0
2026-08-14T15:30:15.672962,14,19,19,14,17,0
2026-08-14T15:30:15.672962,14,19,19,14,18,0
2026-08-14T15:30:15.672962,14,20,18,15,17,0
2026-08-14T15:30:15.677826,14,19,18,13,17,0
2026-08-14T15:30:15.677826,15,20,18,14,16,0
2026-08-14T15:30:15.677826,13,19,18,14,17,0
2026-08-14T15:30:15.677826,14,19,18,14,16,0
2026-08-14T15:30:15.681198,13,21,20,14,16,0
2026-08-14T15:30:15.681198,13,20,19,15,17,0
2026-08-14T15:30:15.681198,13,20,20,15,17,0
2026-08-14T15:30:15.686039,13,19,18,15,15,0
2026-08-14T15:30:15.686736,12,20,19,15,16,0
2026-08-14T15:30:15.686736,13,20,20,14,17,0
2026-08-14T15:30:15.686736,14,19,18,15,16,0
2026-08-14T15:30:15.686736,12,20,18,14,17,0
2026-08-14T15:30:15.686736,14,19,18,14,17,0
2026-08-14T15:30:15.686736,14,19,18,14,16,0
2026-08-14T15:30:15.693541,14,19,19,13,16,0
2026-08-14T15:30:15.693541,15,20,18,14,16,0
2026-08-14T15:30:15.693541,15,19,20,15,17,0
2026-08-14T15:30:15.693541,13,19,19,14,16,0
2026-08-14T15:30:15.693541,13,20,18,14,16,0
2026-08-14T15:30:15.693541,13,19,19,15,16,0
2026-08-14T15:30:15.693541,13,20,19,15,17,0
2026-08-14T15:30:15.701748,13,19,19,15,16,0
2026-08-14T15:30:15.703272,14,20,18,15,16,0
2026-08-14T15:30:15.703861,14,19,19,15,16,0
2026-08-14T15:30:15.706505,14,19,18,14,16,0
2026-08-14T15:30:15.706505,14,20,19,14,16,0
2026-08-14T15:30:15.706505,15,20,19,15,16,0
2026-08-14T15:30:15.708270,14,20,18,14,16,0
2026-08-14T15:30:15.710601,13,20,20,14,16,0
2026-08-14T15:30:15.710601,14,19,18,15,15,0
2026-08-14T15:30:15.712364,14,20,20,14,17,0
2026-08-14T15:30:15.712364,13,18,19,15,16,0
2026-08-14T15:30:15.712364,14,19,19,14,17,0
2026-08-14T15:30:15.712364,13,18,19,15,17,0
2026-08-14T15:30:15.716458,14,20,20,14,17,0
2026-08-14T15:30:15.718803,14,20,19,15,17,0
2026-08-14T15:30:15.719478,14,19,18,15,16,0
2026-08-14T15:30:15.720133,14,19,19,15,16,0
2026-08-14T15:30:15.722903,13,20,19,14,16,0
2026-08-14T15:30:15.722903,13,20,18,15,16,0
2026-08-14T15:30:15.722903,14,20,19,14,16,0
2026-08-14T15:30:15.722903,14,19,19,15,16,0
2026-08-14T15:30:15.726933,13,20,19,15,16,0
2026-08-14T15:30:15.726933,15,20,18,14,17,0
2026-08-14T15:30:15.726933,13,19,18,15,16,0
2026-08-14T15:30:15.726933,14,19,18,15,16,0
2026-08-14T15:30:15.726933,13,19,20,14,16,0
2026-08-14T15:30:15.726933,13,20,19,14,16,0
2026-08-14T15:30:15.734566,14,19,18,14,16,0
2026-08-14T15:30:15.736708,15,18,19,14,16,0
2026-08-14T15:30:15.737022,14,20,18,14,17,0
2026-08-14T15:30:15.737022,14,20,18,15,16,0
2026-08-14T15:30:15.737022,14,20,20,15,16,0
2026-08-14T15:30:15.737022,14,19,20,15,15,0
2026-08-14T15:30:15.737022,14,19,19,15,16,0
2026-08-14T15:30:15.742720,12,20,20,14,15,0
2026-08-14T15:30:15.742720,13,20,19,15,16,0
2026-08-14T15:30:15.744730,14,20,19,14,16,0
2026-08-14T15:30:15.744730,14,19,18,16,17,0
2026-08-14T15:30:15.746741,13,19,18,14,17,0
2026-08-14T15:30:15.746741,14,20,19,14,16,0
2026-08-14T15:30:15.748751,15,20,18,15,16,0
2026-08-14T15:30:15.750768,14,19,19,14,16,0
2026-08-14T15:30:15.752634,15,20,20,14,17,0
2026-08-14T15:30:15.753576,13,22,20,14,16,0
2026-08-14T15:30:15.754596,14,20,20,15,16,0
2026-08-14T15:30:15.755625,13,19,19,15,16,0
2026-08-14T15:30:15.755625,14,19,18,15,17,0
2026-08-14T15:30:15.756681,13,20,19,15,17,0
2026-08-14T15:30:15.758844,13,19,19,14,16,0
2026-08-14T15:30:15.761361,14,19,19,15,16,0
2026-08-14T15:30:15.761361,14,19,19,15,18,0
2026-08-14T15:30:15.761361,14,19,19,16,17,0
2026-08-14T15:30:15.761361,14,19,19,15,16,0
2026-08-14T15:30:15.761361,14,19,18,14,16,0
2026-08-14T15:30:15.761361,14,20,18,14,16,0
2026-08-14T15:30:15.766921,13,19,19,15,16,0
2026-08-14T15:30:15.766921,15,19,20,15,16,0
2026-08-14T15:30:15.769371,13,20,18,14,16,0
2026-08-14T15:30:15.772053,14,20,19,15,16,0
2026-08-14T15:30:15.772053,13,19,19,16,16,0
2026-08-14T15:30:15.772053,14,19,19,16,16,0
2026-08-14T15:30:15.773817,14,19,19,14,16,0
2026-08-14T15:30:15.775063,14,19,18,15,17,0
2026-08-14T15:30:15.775063,14,20,19,16,17,0
2026-08-14T15:30:15.775063,14,19,19,14,16,0
2026-08-14T15:30:15.777933,14,20,18,14,16,0
2026-08-14T15:30:15.777933,15,20,18,15,16,0
2026-08-14T15:30:15.777933,15,20,19,14,17,0
2026-08-14T15:30:15.777933,14,21,19,15,16,0
2026-08-14T15:30:15.783188,14,20,20,14,16,0
2026-08-14T15:30:15.783188,13,21,20,15,15,0
2026-08-14T15:30:15.786009,14,19,18,15,16,0
2026-08-14T15:30:15.787706,13,19,19,15,17,0
2026-08-14T15:30:15.787706,13,19,19,14,16,0
2026-08-14T15:30:15.787706,12,20,18,15,16,0
2026-08-14T15:30:15.790169,14,19,19,15,16,0
2026-08-14T15:30:15.792527,14,20,19,15,17,0
2026-08-14T15:30:15.792527,13,19,19,15,16,0
2026-08-14T15:30:15.792527,14,20,18,15,16,0
2026-08-14T15:30:15.796632,15,20,20,15,16,0
2026-08-14T15:30:15.796632,14,21,20,15,16,0
2026-08-14T15:30:15.798398,14,20,19,15,16,0
2026-08-14T15:30:15.800181,13,20,20,15,16,0
2026-08-14T15:30:15.800181,13,20,19,15,16,0
2026-08-14T15:30:15.802825,14,19,18,14,17,0
2026-08-14T15:30:15.803734,12,20,20,16,16,0
2026-08-14T15:30:15.803734,13,19,19,14,16,0
2026-08-14T15:30:15.803734,14,20,20,14,17,0
2026-08-14T15:30:15.803734,15,20,19,16,16,0
2026-08-14T15:30:15.808551,13,19,19,16,16,0
2026-08-14T15:30:15.808551,15,20,18,14,16,0
2026-08-14T15:30:15.808551,15,20,18,15,16,0
2026-08-14T15:30:15.810657,14,20,19,15,16,0
2026-08-14T15:30:15.810657,15,20,20,15,16,0
2026-08-14T15:30:15.810657,13,20,20,15,16,0
2026-08-14T15:30:15.810657,14,20,20,15,16,0
2026-08-14T15:30:15.817102,14,19,19,15,17,0
2026-08-14T15:30:15.817102,14,19,20,16,17,0
2026-08-14T15:30:15.817102,13,19,19,15,17,0
2026-08-14T15:30:15.820056,13,20,19,15,17,0
2026-08-14T15:30:15.820056,14,20,19,15,16,0
2026-08-14T15:30:15.820056,14,20,19,15,16,0
2026-08-14T15:30:15.822298,15,20,20,16,17,0
2026-08-14T15:30:15.824638,15,20,19,15,17,0
2026-08-14T15:30:15.824638,13,20,20,15,17,0
2026-08-14T15:30:15.824638,15,20,19,15,16,0
2026-08-14T15:30:15.827351,14,21,19,15,17,0
2026-08-14T15:30:15.827351,14,19,19,15,17,0
2026-08-14T15:30:15.827351,14,20,20,15,16,0
2026-08-14T15:30:15.827351,14,19,19,15,16,0
2026-08-14T15:30:15.832714,15,19,19,15,17,0
2026-08-14T15:30:15.832714,14,19,19,16,17,0
2026-08-14T15:30:15.835267,14,20,19,15,17,0
2026-08-14T15:30:15.836801,14,20,18,15,17,0
2026-08-14T15:30:15.836801,15,20,18,15,17,0
2026-08-14T15:30:15.836801,13,20,20,15,17,0
2026-08-14T15:30:15.839444,15,20,20,15,16,0
2026-08-14T15:30:15.841217,14,21,20,15,16,0
2026-08-14T15:30:15.841217,14,19,19,15,16,0
2026-08-14T15:30:15.841217,14,20,20,16,16,0
2026-08-14T15:30:15.841217,14,20,20,16,16,0
2026-08-14T15:30:15.841217,14,20,19,15,16,0
2026-08-14T15:30:15.841217,14,21,18,15,17,0
2026-08-14T15:30:15.841217,14,20,19,16,17,0
2026-08-14T15:30:15.849869,14,19,19,15,16,0
2026-08-14T15:30:15.849869,13,20,18,15,16,0
2026-08-14T15:30:15.849869,14,20,20,15,17,0
2026-08-14T15:30:15.853942,15,20,19,14,17,0
2026-08-14T15:30:15.853942,14,21,20,15,16,0
2026-08-14T15:30:15.853942,14,19,19,15,17,0
2026-08-14T15:30:15.855696,14,20,20,15,17,0
2026-08-14T15:30:15.857461,14,19,19,15,16,0
2026-08-14T15:30:15.857461,13,19,20,15,17,0
2026-08-14T15:30:15.857461,13,19,20,15,18,0
2026-08-14T15:30:15.857461,14,20,19,15,17,0
2026-08-14T15:30:15.857461,14,20,19,15,16,0
2026-08-14T15:30:15.857461,15,20,19,15,16,0
2026-08-14T15:30:15.865222,14,19,19,15,16,0
2026-08-14T15:30:15.865222,14,19,20,15,16,0
2026-08-14T15:30:15.865222,13,21,19,15,17,0
2026-08-14T15:30:15.865222,13,21,20,15,16,0
2026-08-14T15:30:15.869911,15,21,20,15,17,0
2026-08-14T15:30:15.869911,13,19,18,15,16,0
2026-08-14T15:30:15.869911,13,20,19,15,17,0
2026-08-14T15:30:15.874543,14,19,19,15,16,0
2026-08-14T15:30:15.874543,14,19,19,15,16,0
2026-08-14T15:30:15.874543,14,19,18,16,17,0
2026-08-14T15:30:15.874543,14,19,20,15,16,0
2026-08-14T15:30:15.878516,14,21,20,15,17,0
2026-08-14T15:30:15.878516,14,19,19,15,17,0
2026-08-14T15:30:15.878516,15,20,19,14,16,0
2026-08-14T15:30:15.881287,13,20,20,15,16,0
2026-08-14T15:30:15.881287,14,20,20,15,17,0
2026-08-14T15:30:15.881287,14,20,20,15,17,0
2026-08-14T15:30:15.881287,14,20,19,16,17,0
2026-08-14T15:30:15.886128,13,19,20,15,16,0
2026-08-14T15:30:15.887303,14,20,20,15,16,0
2026-08-14T15:30:15.887303,14,19,19,15,16,0
2026-08-14T15:30:15.889453,14,19,19,15,16,0
2026-08-14T15:30:15.889453,13,19,19,15,16,0
2026-08-14T15:30:15.889453,14,20,19,15,16,0
2026-08-14T15:30:15.889453,15,20,18,16,17,0
2026-08-14T15:30:15.889453,14,20,19,15,16,0
2026-08-14T15:30:15.889453,13,20,19,16,15,0
2026-08-14T15:30:15.889453,15,20,20,15,16,0
2026-08-14T15:30:15.898878,15,20,20,15,16,0
2026-08-14T15:30:15.898878,14,20,20,15,16,0
2026-08-14T15:30:15.898878,14,19,20,16,17,0
2026-08-14T15:30:15.902732,15,20,19,16,17,0
2026-08-14T15:30:15.903367,14,21,19,15,16,0
2026-08-14T15:30:15.903367,14,19,19,14,17,0
2026-08-14T15:30:15.903367,14,19,20,16,17,0
2026-08-14T15:30:15.907204,14,21,20,15,16,0
2026-08-14T15:30:15.907204,14,20,20,15,16,0
2026-08-14T15:30:15.907204,14,20,20,14,16,0
2026-08-14T15:30:15.910707,14,20,20,15,16,0
2026-08-14T15:30:15.910707,14,20,19,16,16,0
2026-08-14T15:30:15.910707,14,21,18,15,17,0
2026-08-14T15:30:15.913045,14,20,20,16,16,0
2026-08-14T15:30:15.915366,14,19,19,16,17,0
2026-08-14T15:30:15.915366,14,20,19,15,16,0
2026-08-14T15:30:15.915366,14,19,20,16,16,0
2026-08-14T15:30:15.917146,14,20,19,15,16,0
2026-08-14T15:30:15.919889,14,20,20,15,16,0
2026-08-14T15:30:15.920849,14,20,20,14,17,0
2026-08-14T15:30:15.920849,15,20,19,15,16,0
2026-08-14T15:30:15.923764,14,20,20,14,16,0
2026-08-14T15:30:15.923764,15,20,20,15,17,0
2026-08-14T15:30:15.923764,13,19,19,15,16,0
2026-08-14T15:30:15.925779,14,20,20,16,17,0
2026-08-14T15:30:15.925779,14,20,18,14,16,0
2026-08-14T15:30:15.929466,13,20,19,15,16,0
2026-08-14T15:30:15.931777,14,19,19,15,17,0
2026-08-14T15:30:15.931777,13,19,20,16,17,0
2026-08-14T15:30:15.933544,14,19,20,16,16,0
2026-08-14T15:30:15.933544,14,20,19,15,16,0
2026-08-14T15:30:15.936124,15,20,19,15,16,0
2026-08-14T15:30:15.936124,14,19,18,15,17,0
2026-08-14T15:30:15.937282,13,21,19,14,17,0
2026-08-14T15:30:15.939978,13,21,20,15,16,0
2026-08-14T15:30:15.939978,15,19,20,15,16,0
2026-08-14T15:30:15.939978,13,19,18,16,16,0
2026-08-14T15:30:15.941740,14,19,19,15,16,0
2026-08-14T15:30:15.944078,13,19,19,15,16,0
2026-08-14T15:30:15.944078,14,20,19,15,16,0
2026-08-14T15:30:15.944078,14,20,19,15,16,0
2026-08-14T15:30:15.948225,14,19,18,15,16,0
2026-08-14T15:30:15.948225,15,19,19,15,16,0
2026-08-14T15:30:15.948225,15,20,19,15,17,0
2026-08-14T15:30:15.950238,14,20,19,15,17,0
2026-08-14T15:30:15.950238,13,20,18,15,16,0
2026-08-14T15:30:15.953274,13,19,20,15,17,0
2026-08-14T15:30:15.953274,13,20,20,15,15,0
2026-08-14T15:30:15.956408,13,19,20,14,16,0
2026-08-14T15:30:15.956408,13,19,18,15,17,0
2026-08-14T15:30:15.956408,12,20,19,16,17,0
2026-08-14T15:30:15.958458,13,19,19,15,16,0
2026-08-14T15:30:15.958458,13,19,19,15,17,0
2026-08-14T15:30:15.958458,15,20,19,15,16,0
2026-08-14T15:30:15.958458,15,20,19,15,16,0
2026-08-14T15:30:15.964413,15,20,20,15,16,0
2026-08-14T15:30:15.964413,13,20,20,14,16,0
2026-08-14T15:30:15.964413,14,20,19,15,16,0
2026-08-14T15:30:15.968374,13,20,20,14,16,0
2026-08-14T15:30:15.968374,13,20,20,15,16,0
2026-08-14T15:30:15.970735,13,20,20,14,16,0
2026-08-14T15:30:15.970735,14,20,18,15,17,0
2026-08-14T15:30:15.972694,13,19,20,15,16,0
2026-08-14T15:30:15.972694,14,19,19,15,16,0
2026-08-14T15:30:15.972694,14,19,19,15,17,0
2026-08-14T15:30:15.977014,14,20,18,15,16,0
2026-08-14T15:30:15.977564,15,20,20,16,17,0
2026-08-14T15:30:15.978227,13,20,19,15,16,0
2026-08-14T15:30:15.978227,13,20,19,14,17,0
2026-08-14T15:30:15.980828,13,20,19,15,16,0
2026-08-14T15:30:15.980828,14,20,19,15,16,0
2026-08-14T15:30:15.980828,14,19,19,15,16,0
2026-08-14T15:30:15.985029,14,19,18,15,15,0
2026-08-14T15:30:15.986143,13,19,19,15,17,0
2026-08-14T15:30:15.987198,14,21,19,15,16,0
2026-08-14T15:30:15.987198,14,20,18,15,16,0
2026-08-14T15:30:15.989256,14,20,20,15,17,0
2026-08-14T15:30:15.989256,13,19,18,14,16,0
2026-08-14T15:30:15.989256,15,20,19,14,16,0
2026-08-14T15:30:15.992360,14,20,20,15,17,0
2026-08-14T15:30:15.992360,14,19,18,14,16,0
2026-08-14T15:30:15.995008,14,20,18,15,16,0
2026-08-14T15:30:15.995008,13,20,20,15,16,0
2026-08-14T15:30:15.997574,14,20,19,15,16,0
2026-08-14T15:30:15.997574,14,20,20,15,16,0
2026-08-14T15:30:15.997574,13,19,19,15,17,0
2026-08-14T15:30:16.001429,13,20,19,15,16,0
2026-08-14T15:30:16.002788,14,20,19,14,17,0
2026-08-14T15:30:16.004646,14,19,18,16,17,0
2026-08-14T15:30:16.005656,14,18,18,15,16,0
2026-08-14T15:30:16.005656,14,19,19,14,16,0
2026-08-14T15:30:16.007667,13,20,20,15,16,0
2026-08-14T15:30:16.007667,15,20,19,16,17,0
2026-08-14T15:30:16.009691,13,20,19,14,16,0
2026-08-14T15:30:16.009691,12,21,18,14,15,0
2026-08-14T15:30:16.011022,13,19,20,15,16,0
2026-08-14T15:30:16.013853,14,19,18,15,16,0
2026-08-14T15:30:16.013853,14,19,18,15,16,0
2026-08-14T15:30:16.013853,13,17,19,16,17,0
2026-08-14T15:30:16.013853,14,20,20,15,16,0
2026-08-14T15:30:16.013853,13,20,19,15,17,0
2026-08-14T15:30:16.013853,14,19,18,15,17,0
2026-08-14T15:30:16.019548,14,19,19,15,16,0
2026-08-14T15:30:16.021179,14,21,20,15,16,0
2026-08-14T15:30:16.022420,15,20,20,15,16,0
2026-08-14T15:30:16.022420,13,20,19,15,16,0
2026-08-14T15:30:16.022420,14,20,19,15,16,0
2026-08-14T15:30:16.022420,15,19,19,15,16,0
2026-08-14T15:30:16.022420,15,21,18,15,16,0
2026-08-14T15:30:16.022420,14,19,18,15,17,0
2026-08-14T15:30:16.022420,14,20,19,14,17,0
2026-08-14T15:30:16.030814,14,19,19,15,16,0
2026-08-14T15:30:16.030814,13,20,18,15,16,0
2026-08-14T15:30:16.031579,13,19,18,14,16,0
2026-08-14T15:30:16.031579,15,20,20,15,16,0
2026-08-14T15:30:16.031579,13,20,19,14,18,0
2026-08-14T15:30:16.036421,14,20,19,15,16,0
2026-08-14T15:30:16.038278,13,20,18,14,16,0
2026-08-14T15:30:16.038278,13,20,19,14,16,0
2026-08-14T15:30:16.039290,14,19,19,14,16,0
2026-08-14T15:30:16.041204,13,20,20,15,17,0
2026-08-14T15:30:16.041204,13,19,20,14,16,0
2026-08-14T15:30:16.041204,14,19,19,15,17,0
2026-08-14T15:30:16.041204,14,20,19,15,16,0
2026-08-14T15:30:16.041204,14,19,19,15,16,0
2026-08-14T15:30:16.041204,14,20,19,15,16,0
2026-08-14T15:30:16.047755,14,20,18,14,17,0
2026-08-14T15:30:16.047755,15,20,18,14,16,0
2026-08-14T15:30:16.047755,14,20,19,15,16,0
2026-08-14T15:30:16.052797,13,19,19,15,16,0
2026-08-14T15:30:16.053816,14,20,20,15,17,0
2026-08-14T15:30:16.053816,13,19,19,15,16,0
2026-08-14T15:30:16.056016,14,19,19,15,17,0
2026-08-14T15:30:16.056016,13,19,18,14,16,0
2026-08-14T15:30:16.056016,13,19,18,15,17,0
2026-08-14T15:30:16.056016,14,19,18,15,16,0
2026-08-14T15:30:16.056016,12,20,19,16,17,0
2026-08-14T15:30:16.056016,13,20,19,15,16,0
2026-08-14T15:30:16.056016,14,19,19,14,16,0
2026-08-14T15:30:16.064308,13,19,20,15,16,0
2026-08-14T15:30:16.066324,14,20,19,14,16,0
2026-08-14T15:30:16.066324,15,20,18,14,16,0
2026-08-14T15:30:16.066324,14,20,20,15,15,0
2026-08-14T15:30:16.068336,13,20,20,15,16,0
2026-08-14T15:30:16.071055,14,19,19,15,16,0
2026-08-14T15:30:16.071055,14,19,18,15,16,0
2026-08-14T15:30:16.071055,13,18,19,14,16,0
2026-08-14T15:30:16.072818,12,19,20,14,17,0
2026-08-14T15:30:16.075280,14,19,19,15,17,0
2026-08-14T15:30:16.075280,14,19,18,14,16,0
2026-08-14T15:30:16.075280,14,19,18,15,17,0
2026-08-14T15:30:16.077839,13,19,19,15,16,0
2026-08-14T15:30:16.077839,14,20,19,15,16,0
2026-08-14T15:30:16.077839,14,19,20,15,17,0
2026-08-14T15:30:16.080898,13,20,19,15,16,0
2026-08-14T15:30:16.080898,13,19,19,14,16,0
2026-08-14T15:30:16.080898,14,20,20,15,15,0
2026-08-14T15:30:16.080898,14,20,18,14,17,0
2026-08-14T15:30:16.086424,14,19,19,15,17,0
2026-08-14T15:30:16.086424,12,19,19,14,16,0
2026-08-14T15:30:16.086424,13,19,19,14,17,0
2026-08-14T15:30:16.088940,14,19,18,14,16,0
2026-08-14T15:30:16.088940,14,18,19,14,16,0
2026-08-14T15:30:16.088940,14,19,19,15,17,0
2026-08-14T15:30:16.088940,13,20,18,14,16,0
2026-08-14T15:30:16.088940,14,20,18,14,16,0
2026-08-14T15:30:16.088940,14,20,19,14,16,0
2026-08-14T15:30:16.088940,13,19,18,15,16,0
2026-08-14T15:30:16.099716,13,19,18,15,16,0
2026-08-14T15:30:16.099716,13,19,18,14,15,0
2026-08-14T15:30:16.099716,13,19,20,14,16,0
2026-08-14T15:30:16.101471,14,19,18,15,16,0
2026-08-14T15:30:16.101471,14,19,18,15,16,0
2026-08-14T15:30:16.101471,13,19,19,14,16,0
2026-08-14T15:30:16.105320,14,20,18,15,16,0
2026-08-14T15:30:16.107902,14,20,19,14,15,0
2026-08-14T15:30:16.107902,14,19,19,14,16,0
2026-08-14T15:30:16.107902,13,20,18,15,17,0
2026-08-14T15:30:16.109666,14,20,20,15,16,0
2026-08-14T15:30:16.112001,14,19,19,14,15,0
2026-08-14T15:30:16.112001,13,20,18,15,16,0
2026-08-14T15:30:16.112001,13,19,18,15,15,0
2026-08-14T15:30:16.114579,13,20,19,14,16,0
2026-08-14T15:30:16.114579,14,19,19,14,16,0
2026-08-14T15:30:16.114579,14,18,18,16,16,0
2026-08-14T15:30:16.117874,13,19,19,15,17,0
2026-08-14T15:30:16.120092,14,20,19,14,16,0
2026-08-14T15:30:16.120092,14,20,20,14,16,0
2026-08-14T15:30:16.120092,14,20,19,16,16,0
2026-08-14T15:30:16.122116,15,20,18,14,16,0
2026-08-14T15:30:16.122116,14,20,20,14,16,0
2026-08-14T15:30:16.122116,14,20,19,14,16,0
2026-08-14T15:30:16.122116,13,19,19,14,16,0
2026-08-14T15:30:16.122116,12,19,18,15,15,0
2026-08-14T15:30:16.122116,13,19,18,14,16,0
2026-08-14T15:30:16.130368,12,19,20,15,17,0
2026-08-14T15:30:16.132492,14,19,19,15,16,0
2026-08-14T15:30:16.132492,14,18,19,14,17,0
2026-08-14T15:30:16.132492,14,19,19,15,17,0
2026-08-14T15:30:16.136114,14,20,19,15,16,0
2026-08-14T15:30:16.137088,15,18,18,15,16,0
2026-08-14T15:30:16.137088,12,19,18,15,16,0
2026-08-14T15:30:16.138939,13,19,18,14,15,0
2026-08-14T15:30:16.138939,13,20,20,14,15,0
2026-08-14T15:30:16.140948,14,20,18,14,15,0
2026-08-14T15:30:16.140948,13,19,19,14,16,0
2026-08-14T15:30:16.142955,14,19,19,14,16,0
2026-08-14T15:30:16.144962,13,19,19,14,16,0
2026-08-14T15:30:16.144962,13,20,19,15,16,0
2026-08-14T15:30:16.144962,14,18,17,14,17,0
2026-08-14T15:30:16.147501,13,19,18,15,16,0
2026-08-14T15:30:16.147501,13,19,18,15,16,0
2026-08-14T15:30:16.147501,14,20,18,15,16,0
2026-08-14T15:30:16.153881,14,19,18,14,15,0
2026-08-14T15:30:16.155071,13,19,18,14,17,0
2026-08-14T15:30:16.155071,13,19,19,15,16,0
2026-08-14T15:30:16.155071,13,19,18,14,16,0
2026-08-14T15:30:16.155071,12,19,18,15,16,0
2026-08-14T15:30:16.155071,14,19,18,14,17,0
2026-08-14T15:30:16.155071,13,18,19,15,16,0
2026-08-14T15:30:16.155071,13,19,18,15,16,0
2026-08-14T15:30:16.155071,13,19,18,14,16,0
2026-08-14T15:30:16.155071,14,18,18,14,16,0
2026-08-14T15:30:16.165254,14,20,19,15,16,0
2026-08-14T15:30:16.165254,13,19,18,15,16,0
2026-08-14T15:30:16.165254,13,20,18,14,15,0
2026-08-14T15:30:16.165254,14,19,19,15,16,0
2026-08-14T15:30:16.165254,13,19,19,14,16,0
2026-08-14T15:30:16.169797,13,20,18,14,15,0
2026-08-14T15:30:16.170538,13,19,17,14,15,0
2026-08-14T15:30:16.173454,13,19,18,15,16,0
2026-08-14T15:30:16.173454,14,18,18,15,16,0
2026-08-14T15:30:16.173454,12,18,18,15,16,0
2026-08-14T15:30:16.175215,13,19,18,14,15,0
2026-08-14T15:30:16.176946,13,19,18,14,16,0
2026-08-14T15:30:16.176946,15,18,18,14,15,0
2026-08-14T15:30:16.176946,14,19,19,15,16,0
2026-08-14T15:30:16.179950,13,19,18,14,15,0
2026-08-14T15:30:16.179950,12,19,18,14,15,0
2026-08-14T15:30:16.179950,13,18,18,14,16,0
2026-08-14T15:30:16.179950,13,18,18,14,15,0
2026-08-14T15:30:16.179950,14,19,18,14,16,0
2026-08-14T15:30:16.187415,12,19,20,15,16,0
2026-08-14T15:30:16.188567,13,19,18,14,17,0
2026-08-14T15:30:16.188567,14,19,18,14,16,0
2026-08-14T15:30:16.188567,13,19,17,14,16,0
2026-08-14T15:30:16.188567,14,19,18,15,16,0
2026-08-14T15:30:16.188567,14,20,18,13,16,0
2026-08-14T15:30:16.188567,14,18,18,14,16,0
2026-08-14T15:30:16.188567,14,20,18,15,16,0
2026-08-14T15:30:16.188567,13,20,20,14,15,0
2026-08-14T15:30:16.198037,13,19,18,14,15,0
2026-08-14T15:30:16.198037,12,19,18,14,16,0
2026-08-14T15:30:16.198037,12,19,18,15,16,0
2026-08-14T15:30:16.201371,13,18,18,14,16,0
2026-08-14T15:30:16.203402,13,18,19,14,16,0
2026-08-14T15:30:16.203706,14,20,18,13,16,0
2026-08-14T15:30:16.203706,14,19,17,14,16,0
2026-08-14T15:30:16.205493,13,19,18,15,16,0
2026-08-14T15:30:16.206483,14,19,18,14,16,0
2026-08-14T15:30:16.208497,13,19,18,15,16,0
2026-08-14T15:30:16.210918,13,20,18,14,16,0
2026-08-14T15:30:16.210918,13,20,19,14,15,0
2026-08-14T15:30:16.211982,13,19,17,14,16,0
2026-08-14T15:30:16.213030,13,20,20,14,15,0
2026-08-14T15:30:16.214070,14,19,18,14,16,0
2026-08-14T15:30:16.215109,14,18,18,14,16,0
2026-08-14T15:30:16.215109,13,18,19,14,16,0
2026-08-14T15:30:16.218231,13,19,18,14,16,0
2026-08-14T15:30:16.218231,14,18,17,13,16,0
2026-08-14T15:30:16.219903,14,20,18,14,16,0
2026-08-14T15:30:16.219903,13,18,18,13,16,0
2026-08-14T15:30:16.222370,13,19,18,15,16,0
2026-08-14T15:30:16.222370,13,20,18,13,16,0
2026-08-14T15:30:16.222370,14,20,19,14,15,0
2026-08-14T15:30:16.225428,13,19,19,15,16,0
2026-08-14T15:30:16.225428,13,19,18,14,15,0
2026-08-14T15:30:16.225428,13,18,18,14,15,0
2026-08-14T15:30:16.230804,12,19,18,15,16,0
2026-08-14T15:30:16.230804,14,19,17,15,16,0
2026-08-14T15:30:16.230804,13,17,19,15,15,0
2026-08-14T15:30:16.232566,13,19,18,14,16,0
2026-08-14T15:30:16.234879,13,20,18,13,16,0
2026-08-14T15:30:16.234879,13,18,18,14,16,0
2026-08-14T15:30:16.236731,14,19,18,14,16,0
2026-08-14T15:30:16.238978,13,19,18,14,15,0
2026-08-14T15:30:16.238978,14,19,19,15,15,0
2026-08-14T15:30:16.238978,13,18,18,15,15,0
2026-08-14T15:30:16.240742,13,18,18,14,16,0
2026-08-14T15:30:16.243040,12,19,17,14,16,0
2026-08-14T15:30:16.243040,12,18,20,15,16,0
2026-08-14T15:30:16.243040,13,19,17,14,17,0
2026-08-14T15:30:16.247225,13,19,17,14,16,0
2026-08-14T15:30:16.247225,12,18,17,14,16,0
2026-08-14T15:30:16.247225,13,17,19,15,15,0
2026-08-14T15:30:16.249237,12,19,18,14,16,0
2026-08-14T15:30:16.250320,14,18,17,13,16,0
2026-08-14T15:30:16.250320,13,19,18,15,16,0
2026-08-14T15:30:16.252648,12,19,17,15,16,0
2026-08-14T15:30:16.254070,13,19,18,14,15,0
2026-08-14T15:30:16.255713,13,19,17,14,16,0
2026-08-14T15:30:16.255713,13,18,18,13,16,0
2026-08-14T15:30:16.255713,14,19,18,14,16,0
2026-08-14T15:30:16.255713,14,19,18,14,16,0
2026-08-14T15:30:16.255713,14,19,17,15,16,0
2026-08-14T15:30:16.255713,14,19,17,14,16,0
2026-08-14T15:30:16.255713,14,19,18,14,16,0
2026-08-14T15:30:16.263795,13,19,18,14,16,0
2026-08-14T15:30:16.264752,13,18,18,13,16,0
2026-08-14T15:30:16.264752,13,19,18,14,15,0
2026-08-14T15:30:16.264752,14,19,19,15,16,0
2026-08-14T15:30:16.269373,13,18,18,13,15,0
2026-08-14T15:30:16.269373,13,18,18,14,15,0
2026-08-14T15:30:16.270965,13,18,17,14,15,0
2026-08-14T15:30:16.272178,14,18,17,13,16,0
2026-08-14T15:30:16.272178,14,17,19,13,16,0
2026-08-14T15:30:16.275852,11,18,18,14,16,0
2026-08-14T15:30:16.275852,14,18,17,14,16,0
2026-08-14T15:30:16.275852,14,18,19,14,15,0
2026-08-14T15:30:16.275852,13,18,19,14,16,0
2026-08-14T15:30:16.279952,13,19,18,14,15,0
2026-08-14T15:30:16.279952,13,20,18,14,16,0
2026-08-14T15:30:16.279952,13,20,18,14,15,0
2026-08-14T15:30:16.284029,14,19,18,14,16,0
2026-08-14T15:30:16.284029,13,18,19,15,16,0
2026-08-14T15:30:16.286834,12,19,18,15,15,0
2026-08-14T15:30:16.288112,12,18,18,13,16,0
2026-08-14T15:30:16.288112,13,18,19,15,16,0
2026-08-14T15:30:16.289402,14,18,19,14,16,0
2026-08-14T15:30:16.289402,14,19,17,14,15,0
2026-08-14T15:30:16.292228,13,18,18,15,16,0
2026-08-14T15:30:16.292228,13,18,19,14,17,0
2026-08-14T15:30:16.292228,13,19,18,14,16,0
2026-08-14T15:30:16.296353,13,19,18,14,15,0
2026-08-14T15:30:16.297153,14,20,20,14,15,0
2026-08-14T15:30:16.297153,13,19,18,14,15,0
2026-08-14T15:30:16.299165,13,19,18,15,16,0
2026-08-14T15:30:16.301176,12,19,18,15,16,0
2026-08-14T15:30:16.301176,14,19,18,14,16,0
2026-08-14T15:30:16.302764,13,18,19,14,15,0
2026-08-14T15:30:16.303398,13,19,18,14,16,0
2026-08-14T15:30:16.304668,12,19,18,13,16,0
2026-08-14T15:30:16.304668,13,18,19,13,16,0
2026-08-14T15:30:16.306680,13,19,18,14,15,0
2026-08-14T15:30:16.306680,14,20,18,13,16,0
2026-08-14T15:30:16.306680,13,18,17,14,16,0
2026-08-14T15:30:16.306680,14,19,18,14,16,0
2026-08-14T15:30:16.312704,13,18,18,15,15,0
2026-08-14T15:30:16.312704,13,18,18,14,15,0
2026-08-14T15:30:16.312704,14,19,20,15,15,0
2026-08-14T15:30:16.314472,14,19,18,14,16,0
2026-08-14T15:30:16.315892,14,18,18,15,16,0
2026-08-14T15:30:16.315892,13,20,17,14,16,0
2026-08-14T15:30:16.318548,13,19,17,14,16,0
2026-08-14T15:30:16.320596,14,18,17,15,17,0
2026-08-14T15:30:16.320596,13,18,18,15,16,0
2026-08-14T15:30:16.320596,13,20,18,14,16,0
2026-08-14T15:30:16.320596,14,20,18,14,16,0
2026-08-14T15:30:16.324991,12,19,18,14,16,0
2026-08-14T15:30:16.324991,13,18,18,14,15,0
2026-08-14T15:30:16.324991,13,20,18,14,16,0
2026-08-14T15:30:16.327992,14,19,18,15,16,0
2026-08-14T15:30:16.327992,13,19,19,14,16,0
2026-08-14T15:30:16.327992,14,19,18,13,16,0
2026-08-14T15:30:16.327992,12,19,18,14,16,0
2026-08-14T15:30:16.327992,13,19,18,14,16,0
2026-08-14T15:30:16.327992,14,18,18,14,16,0
2026-08-14T15:30:16.327992,13,19,18,13,16,0
2026-08-14T15:30:16.337186,14,19,18,14,16,0
2026-08-14T15:30:16.337186,13,20,18,14,16,0
2026-08-14T15:30:16.337186,14,18,18,14,15,0
2026-08-14T15:30:16.339377,13,18,18,14,15,0
2026-08-14T15:30:16.339377,13,20,18,15,15,0
2026-08-14T15:30:16.339377,13,18,16,15,15,0
2026-08-14T15:30:16.339377,13,19,18,14,16,0
2026-08-14T15:30:16.345478,13,18,18,15,16,0
2026-08-14T15:30:16.345478,14,18,18,15,16,0
2026-08-14T15:30:16.345478,13,18,18,14,15,0
2026-08-14T15:30:16.349580,13,20,19,14,15,0
2026-08-14T15:30:16.349580,14,18,18,15,15,0
2026-08-14T15:30:16.349580,15,18,17,14,16,0
2026-08-14T15:30:16.349580,13,20,18,14,15,0
2026-08-14T15:30:16.353672,13,19,18,14,15,0
2026-08-14T15:30:16.353672,13,19,19,15,14,0
2026-08-14T15:30:16.353672,13,18,19,15,15,0
2026-08-14T15:30:16.353672,14,19,18,14,16,0
2026-08-14T15:30:16.353672,13,19,18,15,16,0
2026-08-14T15:30:16.353672,13,19,18,15,16,0
2026-08-14T15:30:16.361096,13,18,19,14,16,0
2026-08-14T15:30:16.361096,14,19,18,15,15,0
2026-08-14T15:30:16.363606,13,19,19,14,15,0
2026-08-14T15:30:16.363606,15,20,18,14,16,0
2026-08-14T15:30:16.363606,14,19,18,15,16,0
2026-08-14T15:30:16.363606,13,20,18,14,15,0
2026-08-14T15:30:16.363606,13,20,19,15,16,0
2026-08-14T15:30:16.370941,13,19,18,15,16,0
2026-08-14T15:30:16.372867,14,18,17,14,16,0
2026-08-14T15:30:16.372867,13,18,17,15,16,0
2026-08-14T15:30:16.374880,13,19,18,14,16,0
2026-08-14T15:30:16.374880,13,19,18,14,16,0
2026-08-14T15:30:16.374880,14,19,17,15,16,0
2026-08-14T15:30:16.374880,13,19,18,14,16,0
2026-08-14T15:30:16.378229,14,19,18,14,16,0
2026-08-14T15:30:16.378229,13,19,19,14,16,0
2026-08-14T15:30:16.378229,14,18,17,14,16,0
2026-08-14T15:30:16.378229,13,19,18,14,15,0
2026-08-14T15:30:16.381677,13,19,18,14,15,0
2026-08-14T15:30:16.381677,13,18,18,14,15,0
2026-08-14T15:30:16.381677,13,19,18,14,15,0
2026-08-14T15:30:16.386052,14,19,19,14,16,0
2026-08-14T15:30:16.387874,13,18,19,14,16,0
2026-08-14T15:30:16.387874,13,19,19,15,17,0
2026-08-14T15:30:16.389889,13,19,18,14,16,0
2026-08-14T15:30:16.389889,14,19,18,14,17,0
2026-08-14T15:30:16.389889,14,18,18,15,16,0
2026-08-14T15:30:16.391902,13,19,18,14,16,0
2026-08-14T15:30:16.393964,14,20,19,15,15,0
2026-08-14T15:30:16.393964,13,19,18,14,15,0
2026-08-14T15:30:16.393964,13,18,18,14,15,0
2026-08-14T15:30:16.393964,14,19,18,15,15,0
2026-08-14T15:30:16.393964,13,18,18,14,15,0
2026-08-14T15:30:16.393964,14,19,18,14,17,0
2026-08-14T15:30:16.393964,14,19,19,15,16,0
2026-08-14T15:30:16.402821,14,19,18,14,16,0
2026-08-14T15:30:16.403582,13,19,17,14,16,0
2026-08-14T15:30:16.403957,14,19,18,15,15,0
2026-08-14T15:30:16.406624,13,20,18,14,16,0
2026-08-14T15:30:16.407216,13,20,19,14,16,0
2026-08-14T15:30:16.407822,12,19,18,16,16,0
2026-08-14T15:30:16.407822,13,20,19,15,15,0
2026-08-14T15:30:16.411004,13,19,19,15,16,0
2026-08-14T15:30:16.411855,15,19,19,14,16,0
2026-08-14T15:30:16.411855,13,19,18,15,16,0
2026-08-14T15:30:16.415102,13,19,18,15,16,0
2026-08-14T15:30:16.415102,11,19,19,15,16,0
2026-08-14T15:30:16.415102,14,20,19,14,16,0
2026-08-14T15:30:16.416869,14,18,19,15,16,0
2026-08-14T15:30:16.418684,14,19,18,14,16,0
2026-08-14T15:30:16.420517,13,20,18,14,17,0
2026-08-14T15:30:16.420877,14,20,20,15,15,0
2026-08-14T15:30:16.423305,14,19,20,15,16,0
2026-08-14T15:30:16.423305,13,19,18,15,17,0
2026-08-14T15:30:16.423305,15,19,19,15,15,0
2026-08-14T15:30:16.426940,13,19,20,15,15,0
2026-08-14T15:30:16.426940,14,19,19,16,17,0
2026-08-14T15:30:16.426940,13,19,19,14,16,0
2026-08-14T15:30:16.429158,13,19,19,15,17,0
2026-08-14T15:30:16.429158,13,19,19,15,16,0
2026-08-14T15:30:16.429158,14,20,19,14,16,0
2026-08-14T15:30:16.429158,15,19,19,14,17,0
2026-08-14T15:30:16.435029,14,20,19,14,16,0
2026-08-14T15:30:16.435994,14,19,19,15,15,0
2026-08-14T15:30:16.437173,14,20,20,14,16,0
2026-08-14T15:30:16.438013,14,20,19,15,16,0
2026-08-14T15:30:16.438013,14,20,19,15,16,0
2026-08-14T15:30:16.438013,14,18,19,15,17,0
2026-08-14T15:30:16.438013,13,19,20,15,16,0
2026-08-14T15:30:16.443232,13,20,18,15,16,0
2026-08-14T15:30:16.443232,14,20,19,15,16,0
2026-08-14T15:30:16.443232,14,20,20,15,17,0
2026-08-14T15:30:16.443232,13,19,19,15,16,0
2026-08-14T15:30:16.443232,14,20,20,15,16,0
2026-08-14T15:30:16.443232,15,20,20,15,16,0
2026-08-14T15:30:16.443232,14,20,20,15,16,0
2026-08-14T15:30:16.451563,13,20,20,16,17,0
2026-08-14T15:30:16.452774,13,19,20,14,17,0
2026-08-14T15:30:16.453466,14,21,19,15,17,0
2026-08-14T15:30:16.453790,14,19,19,14,16,0
2026-08-14T15:30:16.455089,12,20,19,15,16,0
2026-08-14T15:30:16.455089,13,21,18,15,16,0
2026-08-14T15:30:16.455089,14,20,19,14,17,0
2026-08-14T15:30:16.460178,14,19,19,15,17,0
2026-08-14T15:30:16.460178,14,19,19,15,16,0
2026-08-14T15:30:16.460178,14,20,18,15,16,0
2026-08-14T15:30:16.464277,13,20,20,15,16,0
2026-08-14T15:30:16.464277,14,20,20,16,16,0
2026-08-14T15:30:16.464277,14,20,18,15,16,0
2026-08-14T15:30:16.466042,13,19,18,15,15,0
2026-08-14T15:30:16.468353,13,20,19,15,16,0
2026-08-14T15:30:16.469430,13,20,20,15,16,0
2026-08-14T15:30:16.470233,13,20,19,14,18,0
2026-08-14T15:30:16.470233,13,20,19,15,17,0
2026-08-14T15:30:16.470233,14,19,19,14,16,0
2026-08-14T15:30:16.470233,15,20,19,15,16,0
2026-08-14T15:30:16.470233,14,20,19,15,16,0
2026-08-14T15:30:16.476427,14,20,20,15,16,0
2026-08-14T15:30:16.476427,14,20,20,16,17,0
2026-08-14T15:30:16.477939,13,19,20,15,16,0
2026-08-14T15:30:16.478954,14,20,19,15,16,0
2026-08-14T15:30:16.478954,13,19,19,15,16,0
2026-08-14T15:30:16.478954,15,19,20,15,17,0
2026-08-14T15:30:16.482409,13,20,20,15,16,0
2026-08-14T15:30:16.485104,14,20,19,15,17,0
2026-08-14T15:30:16.486048,14,20,19,15,17,0
2026-08-14T15:30:16.487024,15,20,20,15,16,0
2026-08-14T15:30:16.488827,14,20,20,15,16,0
2026-08-14T15:30:16.488827,14,20,20,16,17,0
2026-08-14T15:30:16.488827,14,20,19,16,17,0
2026-08-14T15:30:16.488827,14,21,20,16,17,0
2026-08-14T15:30:16.492928,14,21,20,16,16,0
2026-08-14T15:30:16.492928,15,20,20,15,16,0
2026-08-14T15:30:16.492928,14,19,19,15,16,0
2026-08-14T15:30:16.497028,14,19,19,16,16,0
2026-08-14T15:30:16.497028,14,20,19,15,16,0
2026-08-14T15:30:16.497028,13,20,19,15,16,0
2026-08-14T15:30:16.501282,14,19,20,15,16,0
2026-08-14T15:30:16.501282,14,19,20,16,17,0
2026-08-14T15:30:16.503338,13,20,21,15,16,0
2026-08-14T15:30:16.505002,14,20,19,15,16,0
2026-08-14T15:30:16.506191,14,21,19,15,16,0
2026-08-14T15:30:16.507222,14,21,20,15,17,0
2026-08-14T15:30:16.507222,14,21,20,15,16,0
2026-08-14T15:30:16.508794,13,20,20,16,17,0
2026-08-14T15:30:16.509850,13,20,20,16,17,0
2026-08-14T15:30:16.509850,15,20,19,15,17,0
2026-08-14T15:30:16.511443,14,19,19,14,17,0
2026-08-14T15:30:16.512504,14,21,20,15,16,0
2026-08-14T15:30:16.512504,14,21,19,15,17,0
2026-08-14T15:30:16.512504,14,20,20,15,17,0
2026-08-14T15:30:16.516968,16,20,19,15,16,0
2026-08-14T15:30:16.517669,15,20,19,15,16,0
2026-08-14T15:30:16.519489,15,21,20,15,16,0
2026-08-14T15:30:16.520415,15,21,20,15,16,0
2026-08-14T15:30:16.521472,14,19,20,15,16,0
2026-08-14T15:30:16.521472,14,19,20,16,17,0
2026-08-14T15:30:16.521472,13,20,19,15,16,0
2026-08-14T15:30:16.525702,13,20,19,16,17,0
2026-08-14T15:30:16.525702,14,19,19,15,16,0
2026-08-14T15:30:16.525702,14,20,19,15,16,0
2026-08-14T15:30:16.525702,14,19,19,15,16,0
2026-08-14T15:30:16.525702,15,20,20,15,16,0
2026-08-14T15:30:16.525702,13,20,19,15,17,0
2026-08-14T15:30:16.531545,15,20,20,16,17,0
2026-08-14T15:30:16.533902,14,21,20,16,16,0
2026-08-14T15:30:16.533902,13,21,20,15,16,0
2026-08-14T15:30:16.533902,15,20,20,15,16,0
2026-08-14T15:30:16.538002,13,21,20,16,17,0
2026-08-14T15:30:16.538002,15,20,20,16,17,0
2026-08-14T15:30:16.538002,13,20,20,15,17,0
2026-08-14T15:30:16.539782,14,21,20,15,17,0
2026-08-14T15:30:16.542078,14,21,19,16,17,0
2026-08-14T15:30:16.542078,15,19,18,15,17,0
2026-08-14T15:30:16.542078,14,20,20,15,16,0
2026-08-14T15:30:16.545046,14,21,20,15,16,0
2026-08-14T15:30:16.545046,15,20,20,15,17,0
2026-08-14T15:30:16.545046,14,21,20,16,16,0
2026-08-14T15:30:16.548032,13,19,20,16,16,0
2026-08-14T15:30:16.550409,13,20,20,15,17,0
2026-08-14T15:30:16.550409,14,20,19,16,16,0
2026-08-14T15:30:16.550409,14,19,19,16,17,0
2026-08-14T15:30:16.554028,14,19,20,16,17,0
2026-08-14T15:30:16.554028,14,21,21,15,17,0
2026-08-14T15:30:16.554028,14,20,19,15,17,0
2026-08-14T15:30:16.554028,15,20,19,15,16,0
2026-08-14T15:30:16.558634,14,21,20,15,16,0
2026-08-14T15:30:16.558634,14,20,20,15,15,0
2026-08-14T15:30:16.558634,15,22,20,15,17,0
2026-08-14T15:30:16.558634,15,20,20,15,16,0
2026-08-14T15:30:16.558634,14,19,20,16,17,0
2026-08-14T15:30:16.558634,14,19,20,15,18,0
2026-08-14T15:30:16.558634,14,20,20,16,17,0
2026-08-14T15:30:16.566942,14,19,19,16,17,0
2026-08-14T15:30:16.566942,14,20,21,15,18,0
2026-08-14T15:30:16.569357,14,20,21,16,17,0
2026-08-14T15:30:16.570284,14,20,20,16,17,0
2026-08-14T15:30:16.570284,15,20,20,15,16,0
2026-08-14T15:30:16.570284,15,20,21,15,17,0
2026-08-14T15:30:16.574852,14,20,20,16,16,0
2026-08-14T15:30:16.574852,13,20,20,15,17,0
2026-08-14T15:30:16.574852,13,21,20,15,17,0
2026-08-14T15:30:16.577470,14,19,20,15,16,0
2026-08-14T15:30:16.577470,14,19,19,15,16,0
2026-08-14T15:30:16.577470,13,20,20,15,17,0
2026-08-14T15:30:16.577470,14,20,18,15,16,0
2026-08-14T15:30:16.582678,14,20,21,16,17,0
2026-08-14T15:30:16.582678,14,20,19,15,16,0
2026-08-14T15:30:16.582678,15,21,20,15,17,0
2026-08-14T15:30:16.582678,15,21,20,15,16,0
2026-08-14T15:30:16.586587,15,21,20,15,16,0
2026-08-14T15:30:16.586587,13,20,20,15,16,0
2026-08-14T15:30:16.586587,13,20,20,16,16,0
2026-08-14T15:30:16.590971,14,19,19,16,17,0
2026-08-14T15:30:16.590971,14,20,21,15,17,0
2026-08-14T15:30:16.590971,15,19,20,15,17,0
2026-08-14T15:30:16.590971,14,19,20,16,17,0
2026-08-14T15:30:16.590971,14,20,20,16,17,0
2026-08-14T15:30:16.590971,14,20,20,15,17,0
2026-08-14T15:30:16.590971,14,21,20,15,16,0
2026-08-14T15:30:16.599205,15,21,19,15,17,0
2026-08-14T15:30:16.599205,14,21,20,15,16,0
2026-08-14T15:30:16.599205,14,20,20,15,16,0
2026-08-14T15:30:16.603704,14,20,20,15,16,0
2026-08-14T15:30:16.603704,14,20,19,16,18,0
2026-08-14T15:30:16.603704,13,19,20,15,17,0
2026-08-14T15:30:16.603704,14,21,20,16,17,0
2026-08-14T15:30:16.607643,14,20,21,15,16,0
2026-08-14T15:30:16.607643,14,19,19,15,18,0
2026-08-14T15:30:16.607643,14,20,19,16,16,0
2026-08-14T15:30:16.611730,15,20,20,16,17,0
2026-08-14T15:30:16.611730,14,21,20,15,16,0
2026-08-14T15:30:16.611730,16,20,19,15,17,0
2026-08-14T15:30:16.611730,14,21,20,16,18,0
2026-08-14T15:30:16.615792,13,19,20,16,16,0
2026-08-14T15:30:16.615792,13,20,20,15,17,0
2026-08-14T15:30:16.615792,15,20,20,15,16,0
2026-08-14T15:30:16.620408,14,20,20,16,18,0
2026-08-14T15:30:16.621429,14,19,21,16,16,0
2026-08-14T15:30:16.621429,15,20,21,16,16,0
2026-08-14T15:30:16.621429,14,20,20,15,17,0
2026-08-14T15:30:16.624124,15,20,20,15,16,0
2026-08-14T15:30:16.624124,14,20,20,15,16,0
2026-08-14T15:30:16.624124,14,21,20,16,17,0
2026-08-14T15:30:16.628102,15,21,20,15,17,0
2026-08-14T15:30:16.628102,14,21,19,15,16,0
2026-08-14T15:30:16.628102,14,21,19,16,16,0
2026-08-14T15:30:16.632201,14,19,20,16,17,0
2026-08-14T15:30:16.632201,15,21,20,15,17,0
2026-08-14T15:30:16.632201,15,20,19,16,17,0
2026-08-14T15:30:16.633963,14,19,20,16,17,0
2026-08-14T15:30:16.636546,15,20,20,15,17,0
2026-08-14T15:30:16.637027,15,20,19,15,16,0
2026-08-14T15:30:16.637027,15,21,20,15,17,0
2026-08-14T15:30:16.640366,15,21,20,15,17,0
2026-08-14T15:30:16.640366,14,21,21,16,18,0
2026-08-14T15:30:16.640366,14,21,20,16,17,0
2026-08-14T15:30:16.642377,14,20,20,16,16,0
2026-08-14T15:30:16.644478,15,19,20,16,17,0
2026-08-14T15:30:16.644478,14,20,20,16,17,0
2026-08-14T15:30:16.644478,14,21,20,16,17,0
2026-08-14T15:30:16.647086,14,20,20,16,17,0
2026-08-14T15:30:16.648838,14,20,19,15,17,0
2026-08-14T15:30:16.648838,14,20,19,15,17,0
2026-08-14T15:30:16.648838,15,21,20,16,17,0
2026-08-14T15:30:16.650852,13,20,20,16,16,0
2026-08-14T15:30:16.653324,15,20,20,15,16,0
2026-08-14T15:30:16.654338,14,20,20,15,17,0
2026-08-14T15:30:16.656070,13,20,21,16,16,0
2026-08-14T15:30:16.657129,14,21,20,16,17,0
2026-08-14T15:30:16.657129,15,21,21,16,17,0
2026-08-14T15:30:16.657129,14,20,20,16,17,0
2026-08-14T15:30:16.657129,14,19,20,16,17,0
2026-08-14T15:30:16.657129,15,21,18,15,16,0
2026-08-14T15:30:16.657129,14,20,20,15,17,0
2026-08-14T15:30:16.657129,15,21,20,15,17,0
2026-08-14T15:30:16.665490,14,20,20,16,17,0
2026-08-14T15:30:16.665490,13,20,19,15,17,0
2026-08-14T15:30:16.665490,15,21,21,15,16,0
2026-08-14T15:30:16.670367,14,21,21,15,16,0
2026-08-14T15:30:16.670778,15,21,19,13,17,0
2026-08-14T15:30:16.670778,14,20,19,16,18,0
2026-08-14T15:30:16.670778,13,19,20,16,18,0
2026-08-14T15:30:16.670778,13,20,20,15,16,0
2026-08-14T15:30:16.673980,14,20,20,16,17,0
2026-08-14T15:30:16.677138,14,19,19,15,16,0
2026-08-14T15:30:16.677138,14,20,20,14,17,0
2026-08-14T15:30:16.677138,16,21,19,16,16,0
2026-08-14T15:30:16.678996,15,20,19,15,17,0
2026-08-14T15:30:16.678996,14,20,19,15,16,0
2026-08-14T15:30:16.678996,14,20,20,16,16,0
2026-08-14T15:30:16.682248,12,21,21,16,17,0
2026-08-14T15:30:16.682248,14,20,19,16,17,0
2026-08-14T15:30:16.686096,14,20,19,16,18,0
2026-08-14T15:30:16.687153,14,22,20,16,17,0
2026-08-14T15:30:16.687153,13,19,21,16,16,0
2026-08-14T15:30:16.689292,14,21,20,15,16,0
2026-08-14T15:30:16.690304,14,20,19,16,17,0
2026-08-14T15:30:16.690304,14,19,20,16,16,0
2026-08-14T15:30:16.690304,14,20,20,15,16,0
2026-08-14T15:30:16.690304,14,20,20,15,16,0
2026-08-14T15:30:16.695388,14,21,20,15,17,0
2026-08-14T15:30:16.697729,15,21,20,16,17,0
2026-08-14T15:30:16.697729,14,19,19,15,17,0
2026-08-14T15:30:16.698739,14,21,21,15,15,0
2026-08-14T15:30:16.698739,14,20,20,16,17,0
2026-08-14T15:30:16.698739,14,19,20,15,17,0
2026-08-14T15:30:16.702745,14,21,19,16,17,0
2026-08-14T15:30:16.704229,15,21,19,16,16,0
2026-08-14T15:30:16.705343,14,21,20,16,17,0
2026-08-14T15:30:16.705343,14,20,20,16,16,0
2026-08-14T15:30:16.707102,14,20,19,15,17,0
2026-08-14T15:30:16.707102,15,21,20,15,16,0
2026-08-14T15:30:16.709238,13,20,20,15,16,0
2026-08-14T15:30:16.709238,13,20,20,15,16,0
2026-08-14T15:30:16.709238,15,20,21,15,17,0
2026-08-14T15:30:16.711774,13,20,20,15,17,0
2026-08-14T15:30:16.711774,13,21,20,15,16,0
2026-08-14T15:30:16.715447,14,20,20,15,17,0
2026-08-14T15:30:16.715447,14,20,20,16,17,0
2026-08-14T15:30:16.715447,14,21,19,15,17,0
2026-08-14T15:30:16.715447,15,19,19,15,17,0
2026-08-14T15:30:16.720031,14,20,20,15,17,0
2026-08-14T15:30:16.722308,14,21,20,15,17,0
2026-08-14T15:30:16.722308,14,20,20,15,16,0
2026-08-14T15:30:16.722308,15,20,20,16,17,0
2026-08-14T15:30:16.723822,13,20,20,16,17,0
2026-08-14T15:30:16.726403,15,20,20,15,16,0
2026-08-14T15:30:16.726403,13,20,20,16,17,0
2026-08-14T15:30:16.726403,14,19,19,16,16,0
2026-08-14T15:30:16.729807,14,21,20,15,16,0
2026-08-14T15:30:16.729807,14,20,21,15,16,0
2026-08-14T15:30:16.731870,15,20,20,16,17,0
2026-08-14T15:30:16.731870,14,20,19,15,17,0
2026-08-14T15:30:16.731870,15,20,20,15,17,0
2026-08-14T15:30:16.737244,15,20,20,14,17,0
2026-08-14T15:30:16.737244,15,20,19,15,17,0
2026-08-14T15:30:16.737244,13,20,20,15,18,0
2026-08-14T15:30:16.737244,14,19,20,15,16,0
2026-08-14T15:30:16.739936,13,20,20,16,16,0
2026-08-14T15:30:16.739936,14,19,19,16,16,0
2026-08-14T15:30:16.739936,14,19,20,16,16,0
2026-08-14T15:30:16.744537,13,19,19,15,17,0
2026-08-14T15:30:16.744537,14,20,20,15,17,0
2026-08-14T15:30:16.744537,14,20,19,15,16,0
2026-08-14T15:30:16.744537,14,20,20,16,17,0
2026-08-14T15:30:16.748924,14,20,19,15,17,0
2026-08-14T15:30:16.750936,14,20,20,15,17,0
2026-08-14T15:30:16.750936,13,21,20,15,17,0
2026-08-14T15:30:16.752709,14,22,20,15,17,0
2026-08-14T15:30:16.752709,12,19,20,16,16,0
2026-08-14T15:30:16.754377,13,19,20,16,16,0
2026-08-14T15:30:16.755555,15,20,20,15,17,0
2026-08-14T15:30:16.755555,14,20,19,15,17,0
2026-08-14T15:30:16.757498,14,21,19,15,16,0
2026-08-14T15:30:16.757498,14,19,19,16,17,0
2026-08-14T15:30:16.757498,14,21,20,15,17,0
2026-08-14T15:30:16.762909,14,20,19,15,16,0
2026-08-14T15:30:16.763977,15,20,19,15,17,0
2026-08-14T15:30:16.763977,14,21,20,15,16,0
2026-08-14T15:30:16.765042,14,21,20,15,16,0
2026-08-14T15:30:16.767152,15,19,20,15,15,0
2026-08-14T15:30:16.767152,13,20,20,15,16,0
2026-08-14T15:30:16.768218,15,19,19,15,16,0
2026-08-14T15:30:16.771265,14,20,19,16,18,0
2026-08-14T15:30:16.771265,14,20,19,15,17,0
2026-08-14T15:30:16.771265,14,20,20,15,17,0
2026-08-14T15:30:16.773099,15,20,19,15,17,0
2026-08-14T15:30:16.775333,14,20,19,15,16,0
2026-08-14T15:30:16.775333,14,20,20,14,16,0
2026-08-14T15:30:16.775333,14,21,20,15,16,0
2026-08-14T15:30:16.778232,14,20,20,15,16,0
2026-08-14T15:30:16.778232,13,20,20,15,17,0
2026-08-14T15:30:16.778232,13,20,20,16,16,0
2026-08-14T15:30:16.781420,14,21,20,15,17,0
2026-08-14T15:30:16.781420,14,20,19,15,17,0
2026-08-14T15:30:16.781420,14,21,19,15,17,0
2026-08-14T15:30:16.781420,14,21,19,15,17,0
2026-08-14T15:30:16.786789,14,20,21,16,17,0
2026-08-14T15:30:16.786789,14,20,20,15,16,0
2026-08-14T15:30:16.786789,15,20,19,15,17,0
2026-08-14T15:30:16.789523,13,20,20,15,16,0
2026-08-14T15:30:16.789523,13,20,20,15,17,0
2026-08-14T15:30:16.789523,13,20,20,15,16,0
2026-08-14T15:30:16.789523,14,20,20,15,17,0
2026-08-14T15:30:16.789523,14,20,20,15,17,0
2026-08-14T15:30:16.789523,14,21,20,16,16,0
2026-08-14T15:30:16.789523,13,20,19,16,16,0
2026-08-14T15:30:16.800179,13,20,19,16,17,0
2026-08-14T15:30:16.800179,14,19,19,16,17,0
2026-08-14T15:30:16.800179,14,20,21,13,17,0
2026-08-14T15:30:16.802742,15,20,20,15,16,0
2026-08-14T15:30:16.803359,14,20,20,15,16,0
2026-08-14T15:30:16.803359,14,20,20,15,17,0
2026-08-14T15:30:16.803359,14,21,20,15,17,0
2026-08-14T15:30:16.808328,13,21,20,15,17,0
2026-08-14T15:30:16.808328,13,20,20,15,16,0
2026-08-14T15:30:16.808328,15,21,19,16,17,0
2026-08-14T15:30:16.808328,14,20,19,15,16,0
2026-08-14T15:30:16.812426,14,20,19,15,17,0
2026-08-14T15:30:16.812426,15,21,19,15,17,0
2026-08-14T15:30:16.812426,14,20,20,15,16,0
2026-08-14T15:30:16.814190,15,19,19,16,17,0
2026-08-14T15:30:16.814190,15,20,19,15,16,0
2026-08-14T15:30:16.814190,13,19,20,15,17,0
2026-08-14T15:30:16.814190,15,20,19,15,17,0
2026-08-14T15:30:16.820262,15,21,20,15,17,0
2026-08-14T15:30:16.820262,14,20,20,15,16,0
2026-08-14T15:30:16.820262,13,20,20,15,15,0
2026-08-14T15:30:16.822549,14,21,20,15,16,0
2026-08-14T15:30:16.822549,14,20,20,15,17,0
2026-08-14T15:30:16.822549,14,20,19,15,16,0
2026-08-14T15:30:16.822549,13,19,20,15,17,0
2026-08-14T15:30:16.822549,13,21,20,16,17,0
2026-08-14T15:30:16.822549,14,20,19,14,16,0
2026-08-14T15:30:16.831009,16,19,19,15,17,0
2026-08-14T15:30:16.832902,14,20,19,15,17,0
2026-08-14T15:30:16.832902,14,20,18,15,16,0
2026-08-14T15:30:16.832902,13,21,20,15,17,0
2026-08-14T15:30:16.837177,15,20,20,15,16,0
2026-08-14T15:30:16.837177,13,20,20,16,17,0
2026-08-14T15:30:16.837177,13,20,19,15,16,0
2026-08-14T15:30:16.839089,14,20,19,15,16,0
2026-08-14T15:30:16.841079,13,20,19,15,17,0
2026-08-14T15:30:16.841079,14,20,19,15,17,0
2026-08-14T15:30:16.841079,14,19,19,15,16,0
2026-08-14T15:30:16.842838,14,19,19,15,17,0
2026-08-14T15:30:16.842838,15,20,19,14,17,0
2026-08-14T15:30:16.842838,16,19,18,14,17,0
2026-08-14T15:30:16.842838,14,20,19,15,17,0
2026-08-14T15:30:16.847339,14,21,20,15,17,0
2026-08-14T15:30:16.847339,13,20,20,15,15,0
2026-08-14T15:30:16.847339,15,20,19,15,17,0
2026-08-14T15:30:16.853082,14,20,19,16,16,0
2026-08-14T15:30:16.853819,13,19,20,15,16,0
2026-08-14T15:30:16.853819,12,19,19,16,16,0
2026-08-14T15:30:16.855840,14,20,19,15,16,0
2026-08-14T15:30:16.855840,14,20,18,15,16,0
2026-08-14T15:30:16.855840,15,20,20,15,16,0
2026-08-14T15:30:16.855840,14,20,19,15,16,0
2026-08-14T15:30:16.855840,14,20,20,16,17,0
2026-08-14T15:30:16.855840,14,20,18,15,16,0
2026-08-14T15:30:16.855840,13,20,20,15,17,0
2026-08-14T15:30:16.865668,13,20,19,16,17,0
2026-08-14T15:30:16.865668,14,20,20,14,16,0
2026-08-14T15:30:16.865668,13,21,20,15,17,0
2026-08-14T15:30:16.865668,15,20,20,15,17,0
2026-08-14T15:30:16.869390,12,19,19,15,16,0
2026-08-14T15:30:16.870543,13,20,19,15,18,0
2026-08-14T15:30:16.870543,14,20,19,15,16,0
2026-08-14T15:30:16.873852,14,20,20,15,16,0
2026-08-14T15:30:16.873852,14,20,19,15,16,0
2026-08-14T15:30:16.873852,14,20,18,15,16,0
2026-08-14T15:30:16.873852,13,20,20,15,16,0
2026-08-14T15:30:16.877952,14,21,20,15,16,0
2026-08-14T15:30:16.877952,14,20,20,15,16,0
2026-08-14T15:30:16.877952,13,19,20,15,16,0
2026-08-14T15:30:16.882141,14,19,19,15,16,0
2026-08-14T15:30:16.882141,13,20,20,16,16,0
2026-08-14T15:30:16.882141,14,19,19,14,17,0
2026-08-14T15:30:16.882141,12,20,19,15,17,0
2026-08-14T15:30:16.886019,14,19,19,15,16,0
2026-08-14T15:30:16.886748,14,20,19,14,16,0
2026-08-14T15:30:16.886748,15,20,20,15,16,0
2026-08-14T15:30:16.890231,14,20,19,16,17,0
2026-08-14T15:30:16.890231,14,20,19,15,16,0
2026-08-14T15:30:16.890231,12,20,20,15,16,0
2026-08-14T15:30:16.892001,13,20,20,15,16,0
2026-08-14T15:30:16.892001,13,19,19,15,16,0
2026-08-14T15:30:16.892001,13,19,19,16,17,0
2026-08-14T15:30:16.892001,14,19,20,14,16,0
2026-08-14T15:30:16.898418,14,20,20,15,17,0
2026-08-14T15:30:16.898418,14,19,18,15,17,0
2026-08-14T15:30:16.900172,15,19,19,15,16,0
2026-08-14T15:30:16.900172,14,20,20,15,16,0
2026-08-14T15:30:16.903571,13,20,20,15,16,0
2026-08-14T15:30:16.904055,14,20,19,13,17,0
2026-08-14T15:30:16.904055,14,20,20,15,16,0
2026-08-14T15:30:16.906617,13,19,20,14,16,0
2026-08-14T15:30:16.906617,14,19,19,15,16,0
2026-08-14T15:30:16.906617,15,20,20,14,16,0
2026-08-14T15:30:16.910726,14,19,19,15,17,0
2026-08-14T15:30:16.910726,13,19,19,15,16,0
2026-08-14T15:30:16.910726,14,21,19,15,16,0
2026-08-14T15:30:16.910726,14,20,19,15,17,0
2026-08-14T15:30:16.914155,15,20,20,15,16,0
2026-08-14T15:30:16.914155,14,19,19,15,16,0
2026-08-14T15:30:16.916576,14,20,20,15,16,0
2026-08-14T15:30:16.916576,15,21,19,15,16,0
2026-08-14T15:30:16.919972,13,21,20,15,16,0
2026-08-14T15:30:16.919972,13,20,20,15,16,0
2026-08-14T15:30:16.919972,14,19,19,15,17,0
2026-08-14T15:30:16.922281,13,20,19,15,16,0
2026-08-14T15:30:16.922281,14,20,19,15,16,0
2026-08-14T15:30:16.922281,14,20,19,15,16,0
2026-08-14T15:30:16.922281,14,20,19,15,17,0
2026-08-14T15:30:16.922281,14,20,19,15,17,0
2026-08-14T15:30:16.922281,15,20,20,15,16,0
2026-08-14T15:30:16.931202,14,20,19,15,16,0
2026-08-14T15:30:16.931202,13,20,19,14,16,0
2026-08-14T15:30:16.931202,14,20,20,15,16,0
2026-08-14T15:30:16.933912,13,20,18,15,16,0
2026-08-14T15:30:16.933912,14,20,20,15,16,0
2026-08-14T15:30:16.935968,15,19,19,16,17,0
2026-08-14T15:30:16.935968,14,19,19,15,16,0
2026-08-14T15:30:16.939403,14,20,20,15,16,0
2026-08-14T15:30:16.939403,14,19,19,15,16,0
2026-08-14T15:30:16.939403,14,19,19,17,16,0
2026-08-14T15:30:16.941176,14,19,19,15,16,0
2026-08-14T15:30:16.943468,13,20,19,15,16,0
2026-08-14T15:30:16.943468,13,20,20,15,16,0
2026-08-14T15:30:16.943468,13,20,20,15,16,0
2026-08-14T15:30:16.947644,14,21,19,15,16,0
2026-08-14T15:30:16.947644,13,19,18,15,16,0
2026-08-14T15:30:16.947644,13,19,20,15,16,0
2026-08-14T15:30:16.949658,12,19,19,14,16,0
2026-08-14T15:30:16.949658,14,19,18,15,17,0
2026-08-14T15:30:16.952708,13,19,18,16,16,0
2026-08-14T15:30:16.952708,14,19,20,15,16,0
2026-08-14T15:30:16.955928,14,20,19,14,16,0
2026-08-14T15:30:16.955928,14,20,19,15,17,0
2026-08-14T15:30:16.955928,14,19,19,16,16,0
2026-08-14T15:30:16.957976,13,19,19,15,16,0
2026-08-14T15:30:16.957976,13,20,20,14,15,0
2026-08-14T15:30:16.957976,15,20,19,15,16,0
2026-08-14T15:30:16.957976,15,19,18,15,16,0
2026-08-14T15:30:16.963989,12,20,20,16,16,0
2026-08-14T15:30:16.963989,12,19,20,15,16,0
2026-08-14T15:30:16.963989,14,20,19,14,17,0
2026-08-14T15:30:16.968051,14,19,19,15,16,0
2026-08-14T15:30:16.968051,14,20,19,15,17,0
2026-08-14T15:30:16.970740,14,19,18,14,17,0
2026-08-14T15:30:16.970740,14,19,19,15,16,0
2026-08-14T15:30:16.970740,15,19,18,16,17,0
2026-08-14T15:30:16.972455,14,20,20,15,16,0
2026-08-14T15:30:16.972455,14,20,19,15,16,0
2026-08-14T15:30:16.976253,14,21,20,14,16,0
2026-08-14T15:30:16.976253,13,19,20,14,16,0
2026-08-14T15:30:16.976253,13,18,20,15,16,0
2026-08-14T15:30:16.978015,13,19,19,14,16,0
2026-08-14T15:30:16.980355,13,19,19,15,17,0
2026-08-14T15:30:16.980355,14,20,19,14,16,0
2026-08-14T15:30:16.980355,14,20,19,14,16,0
2026-08-14T15:30:16.982735,14,19,19,15,16,0
2026-08-14T15:30:16.982735,13,19,18,15,17,0
2026-08-14T15:30:16.982735,14,20,18,15,16,0
2026-08-14T15:30:16.986750,15,21,20,15,15,0
2026-08-14T15:30:16.987602,15,20,19,14,16,0
2026-08-14T15:30:16.988863,13,19,18,15,17,0
2026-08-14T15:30:16.989494,13,19,18,14,16,0
2026-08-14T15:30:16.989494,13,19,19,15,17,0
2026-08-14T15:30:16.989494,14,19,19,14,17,0
2026-08-14T15:30:16.989494,14,19,19,15,16,0
2026-08-14T15:30:16.996562,13,19,18,14,16,0
2026-08-14T15:30:16.997604,14,20,20,15,16,0
2026-08-14T15:30:16.998159,15,20,19,14,15,0
2026-08-14T15:30:16.998712,14,19,18,15,16,0
2026-08-14T15:30:17.000828,13,19,18,15,16,0
2026-08-14T15:30:17.000828,13,20,18,15,15,0
2026-08-14T15:30:17.000828,14,20,20,14,16,0
2026-08-14T15:30:17.004928,13,19,18,14,16,0
2026-08-14T15:30:17.005753,14,20,19,14,16,0
2026-08-14T15:30:17.005753,14,20,19,16,17,0
2026-08-14T15:30:17.007764,13,20,19,15,17,0
2026-08-14T15:30:17.007764,14,19,18,15,17,0
2026-08-14T15:30:17.007764,14,19,19,16,17,0
2026-08-14T15:30:17.007764,14,19,20,14,16,0
2026-08-14T15:30:17.013223,13,20,20,15,16,0
2026-08-14T15:30:17.013223,14,19,18,14,16,0
2026-08-14T15:30:17.013223,13,18,18,15,16,0
2026-08-14T15:30:17.013223,14,20,20,15,16,0
2026-08-14T15:30:17.013223,13,19,19,15,17,0
2026-08-14T15:30:17.013223,14,20,19,15,16,0
2026-08-14T15:30:17.013223,13,19,18,15,16,0
2026-08-14T15:30:17.019978,13,19,19,15,17,0
2026-08-14T15:30:17.022043,14,19,20,15,16,0
2026-08-14T15:30:17.022043,13,19,18,15,16,0
2026-08-14T15:30:17.022043,14,19,18,15,16,0
2026-08-14T15:30:17.022043,14,19,19,16,17,0
2026-08-14T15:30:17.022043,14,19,19,15,16,0
2026-08-14T15:30:17.022043,14,20,18,14,16,0
2026-08-14T15:30:17.022043,13,20,18,15,16,0
2026-08-14T15:30:17.022043,14,20,19,15,17,0
2026-08-14T15:30:17.031259,13,19,19,15,15,0
2026-08-14T15:30:17.031259,14,20,20,15,17,0
2026-08-14T15:30:17.031259,13,19,18,15,17,0
2026-08-14T15:30:17.031259,14,19,19,14,16,0
2026-08-14T15:30:17.036225,13,18,19,14,16,0
2026-08-14T15:30:17.037491,12,19,19,14,16,0
2026-08-14T15:30:17.037491,13,19,18,14,16,0
2026-08-14T15:30:17.038769,15,19,19,15,17,0
2026-08-14T15:30:17.038769,16,20,18,14,16,0
2026-08-14T15:30:17.038769,13,19,19,14,15,0
2026-08-14T15:30:17.038769,13,21,18,15,16,0
2026-08-14T15:30:17.038769,13,20,19,14,16,0
2026-08-14T15:30:17.038769,14,19,20,15,16,0
2026-08-14T15:30:17.038769,13,19,20,15,16,0
2026-08-14T15:30:17.046842,13,19,18,15,16,0
2026-08-14T15:30:17.048864,13,19,18,14,16,0
2026-08-14T15:30:17.048864,14,19,18,14,17,0
2026-08-14T15:30:17.048864,12,19,19,14,16,0
2026-08-14T15:30:17.051748,14,19,19,15,16,0
2026-08-14T15:30:17.053308,15,20,19,14,16,0
2026-08-14T15:30:17.053308,14,20,19,14,15,0
2026-08-14T15:30:17.054855,14,19,18,14,16,0
2026-08-14T15:30:17.058167,13,19,18,14,15,0
2026-08-14T15:30:17.058167,13,20,20,15,16,0
2026-08-14T15:30:17.058167,15,19,18,14,15,0
2026-08-14T15:30:17.062278,12,19,20,15,16,0
2026-08-14T15:30:17.062278,15,19,18,15,16,0
2026-08-14T15:30:17.063288,13,19,19,14,15,0
2026-08-14T15:30:17.063288,14,19,19,15,17,0
2026-08-14T15:30:17.063288,14,19,19,14,17,0
2026-08-14T15:30:17.063288,14,19,19,14,16,0
2026-08-14T15:30:17.063288,14,20,19,14,16,0
2026-08-14T15:30:17.069958,13,20,19,15,16,0
2026-08-14T15:30:17.069958,14,20,18,14,17,0
2026-08-14T15:30:17.072690,14,20,18,14,16,0
2026-08-14T15:30:17.073545,14,19,20,15,15,0
2026-08-14T15:30:17.073545,13,20,20,15,16,0
2026-08-14T15:30:17.073545,13,19,17,14,16,0
2026-08-14T15:30:17.076087,14,19,18,14,16,0
2026-08-14T15:30:17.076087,14,19,19,14,16,0
2026-08-14T15:30:17.076087,14,19,18,14,15,0
2026-08-14T15:30:17.079873,14,19,19,14,16,0
2026-08-14T15:30:17.080565,14,20,18,14,16,0
2026-08-14T15:30:17.081232,14,20,18,15,16,0
2026-08-14T15:30:17.081232,13,19,18,14,15,0
2026-08-14T15:30:17.081232,14,20,18,14,16,0
2026-08-14T15:30:17.086672,13,19,19,15,16,0
2026-08-14T15:30:17.086672,14,19,19,15,16,0
2026-08-14T15:30:17.086672,11,20,18,14,15,0
2026-08-14T15:30:17.086672,13,19,18,14,16,0
2026-08-14T15:30:17.090954,14,19,18,14,16,0
2026-08-14T15:30:17.090954,14,19,18,15,16,0
2026-08-14T15:30:17.090954,13,18,19,15,16,0
2026-08-14T15:30:17.093692,13,19,19,14,17,0
2026-08-14T15:30:17.093692,13,20,18,14,16,0
2026-08-14T15:30:17.093692,14,19,19,15,16,0
2026-08-14T15:30:17.096695,13,19,18,14,16,0
2026-08-14T15:30:17.096695,13,20,18,15,16,0
2026-08-14T15:30:17.096695,14,20,19,15,14,0
2026-08-14T15:30:17.096695,14,18,19,15,16,0
2026-08-14T15:30:17.102718,14,19,19,14,16,0
2026-08-14T15:30:17.103662,13,20,18,14,15,0
2026-08-14T15:30:17.103662,14,20,19,15,16,0
2026-08-14T15:30:17.105400,14,19,19,15,16,0
2026-08-14T15:30:17.105400,14,18,18,14,17,0
2026-08-14T15:30:17.105400,13,18,19,15,16,0
2026-08-14T15:30:17.105400,14,19,18,14,16,0
2026-08-14T15:30:17.105400,13,20,18,14,16,0
2026-08-14T15:30:17.105400,14,19,18,14,15,0
2026-08-14T15:30:17.105400,14,20,18,15,16,0
2026-08-14T15:30:17.115224,13,19,18,14,16,0
2026-08-14T15:30:17.115224,13,19,19,15,16,0
2026-08-14T15:30:17.115224,13,19,18,14,16,0
2026-08-14T15:30:17.115224,11,19,18,14,16,0
2026-08-14T15:30:17.119382,13,19,18,15,16,0
2026-08-14T15:30:17.120057,12,19,19,14,17,0
2026-08-14T15:30:17.120057,13,20,19,15,16,0
2026-08-14T15:30:17.121938,13,18,18,15,17,0
2026-08-14T15:30:17.123948,14,18,17,14,16,0
2026-08-14T15:30:17.123948,12,20,18,14,16,0
2026-08-14T15:30:17.123948,12,20,18,14,15,0
2026-08-14T15:30:17.123948,14,19,18,14,16,0
2026-08-14T15:30:17.123948,13,19,18,15,15,0
2026-08-14T15:30:17.123948,13,19,18,15,15,0
2026-08-14T15:30:17.130339,13,19,18,14,16,0
2026-08-14T15:30:17.130339,14,19,18,14,16,0
2026-08-14T15:30:17.130339,14,20,18,15,16,0
2026-08-14T15:30:17.136079,14,19,18,14,16,0
2026-08-14T15:30:17.137733,14,19,19,15,16,0
2026-08-14T15:30:17.137733,15,18,17,15,16,0
2026-08-14T15:30:17.138834,14,18,18,15,16,0
2026-08-14T15:30:17.138834,13,19,19,15,16,0
2026-08-14T15:30:17.138834,12,20,18,14,15,0
2026-08-14T15:30:17.138834,13,20,18,14,16,0
2026-08-14T15:30:17.138834,14,20,19,14,16,0
2026-08-14T15:30:17.138834,13,18,20,14,16,0
2026-08-14T15:30:17.138834,13,18,17,14,15,0
2026-08-14T15:30:17.138834,13,20,18,14,16,0
2026-08-14T15:30:17.147830,13,18,18,14,16,0
2026-08-14T15:30:17.147830,14,18,19,15,16,0
2026-08-14T15:30:17.147830,14,19,19,15,16,0
2026-08-14T15:30:17.152380,14,19,19,15,16,0
2026-08-14T15:30:17.153484,14,18,17,14,16,0
2026-08-14T15:30:17.153484,13,20,18,14,16,0
2026-08-14T15:30:17.155271,13,18,18,14,16,0
2026-08-14T15:30:17.155271,13,20,18,14,15,0
2026-08-14T15:30:17.155271,14,20,18,15,16,0
2026-08-14T15:30:17.155271,13,19,18,14,16,0
2026-08-14T15:30:17.160582,13,18,18,15,16,0
2026-08-14T15:30:17.160582,14,19,17,15,17,0
2026-08-14T15:30:17.160582,12,19,18,15,17,0
2026-08-14T15:30:17.164678,13,18,19,14,16,0
2026-08-14T15:30:17.164678,13,18,18,14,16,0
2026-08-14T15:30:17.164678,13,18,18,15,15,0
2026-08-14T15:30:17.164678,14,19,18,15,16,0
2026-08-14T15:30:17.164678,14,20,18,14,16,0
2026-08-14T15:30:17.170031,14,19,19,15,16,0
2026-08-14T15:30:17.171125,13,19,18,15,15,0
2026-08-14T15:30:17.171125,14,19,20,14,15,0
2026-08-14T15:30:17.171125,13,19,18,14,16,0
2026-08-14T15:30:17.171125,13,18,18,16,15,0
2026-08-14T15:30:17.171125,13,19,18,14,16,0
2026-08-14T15:30:17.171125,13,19,18,14,15,0
2026-08-14T15:30:17.171125,14,19,19,15,16,0
2026-08-14T15:30:17.171125,14,19,19,13,16,0
2026-08-14T15:30:17.179470,12,18,17,14,15,0
2026-08-14T15:30:17.179470,13,19,18,14,16,0
2026-08-14T15:30:17.179470,13,19,18,13,15,0
2026-08-14T15:30:17.179470,13,19,18,15,16,0
2026-08-14T15:30:17.179470,14,19,18,14,16,0
2026-08-14T15:30:17.179470,13,18,18,13,15,0
2026-08-14T15:30:17.187172,13,19,18,14,16,0
2026-08-14T15:30:17.189391,13,19,19,15,16,0
2026-08-14T15:30:17.189391,14,19,18,16,16,0
2026-08-14T15:30:17.189391,13,19,18,15,16,0
2026-08-14T15:30:17.191160,14,18,18,14,16,0
2026-08-14T15:30:17.191160,13,20,19,14,16,0
2026-08-14T15:30:17.191160,14,18,18,14,16,0
2026-08-14T15:30:17.195469,13,19,18,14,16,0
2026-08-14T15:30:17.195469,12,19,18,14,15,0
2026-08-14T15:30:17.195469,13,19,18,14,15,0
2026-08-14T15:30:17.195469,14,20,18,14,15,0
2026-08-14T15:30:17.199358,14,18,17,14,15,0
2026-08-14T15:30:17.199358,12,18,19,14,16,0
2026-08-14T15:30:17.203560,14,19,19,13,15,0
2026-08-14T15:30:17.203904,12,19,17,14,16,0
2026-08-14T15:30:17.203904,14,18,18,14,16,0
2026-08-14T15:30:17.203904,14,19,18,15,16,0
2026-08-14T15:30:17.203904,13,19,18,15,16,0
2026-08-14T15:30:17.203904,14,19,18,14,16,0
2026-08-14T15:30:17.203904,14,18,18,14,15,0
2026-08-14T15:30:17.203904,13,19,18,14,15,0
2026-08-14T15:30:17.203904,14,19,18,14,15,0
2026-08-14T15:30:17.212073,11,20,19,14,16,0
2026-08-14T15:30:17.212073,14,19,17,14,16,0
2026-08-14T15:30:17.212073,14,18,18,14,17,0
2026-08-14T15:30:17.218095,13,19,18,14,16,0
2026-08-14T15:30:17.218095,13,18,17,13,16,0
2026-08-14T15:30:17.219433,14,20,18,15,16,0
2026-08-14T15:30:17.220322,14,18,18,14,16,0
2026-08-14T15:30:17.222128,12,18,18,13,16,0
2026-08-14T15:30:17.222128,12,19,18,14,16,0
2026-08-14T15:30:17.222128,13,20,18,15,15,0
2026-08-14T15:30:17.223894,12,20,18,14,15,0
2026-08-14T15:30:17.223894,14,19,19,13,16,0
2026-08-14T15:30:17.223894,14,19,17,14,16,0
2026-08-14T15:30:17.228101,13,19,17,14,16,0
2026-08-14T15:30:17.228101,13,19,18,15,15,0
2026-08-14T15:30:17.228101,14,17,19,15,16,0
2026-08-14T15:30:17.228101,13,18,17,15,16,0
2026-08-14T15:30:17.233024,13,19,18,14,16,0
2026-08-14T15:30:17.233024,14,20,18,14,17,0
2026-08-14T15:30:17.233024,14,18,18,14,16,0
2026-08-14T15:30:17.236686,14,20,18,14,15,0
2026-08-14T15:30:17.236686,13,19,18,14,15,0
2026-08-14T15:30:17.236686,14,18,20,15,15,0
2026-08-14T15:30:17.236686,13,18,19,15,16,0
2026-08-14T15:30:17.236686,13,18,18,15,16,0
2026-08-14T15:30:17.236686,14,18,18,15,16,0
2026-08-14T15:30:17.244244,12,19,19,14,16,0
2026-08-14T15:30:17.245536,14,19,18,14,16,0
2026-08-14T15:30:17.245536,13,19,17,14,16,0
2026-08-14T15:30:17.245536,13,18,17,15,15,0
2026-08-14T15:30:17.245536,13,20,19,14,15,0
2026-08-14T15:30:17.249470,13,19,18,14,16,0
2026-08-14T15:30:17.249470,13,20,18,14,16,0
2026-08-14T15:30:17.249470,11,18,17,14,16,0
2026-08-14T15:30:17.254039,12,19,18,15,16,0
2026-08-14T15:30:17.255678,13,19,18,15,16,0
2026-08-14T15:30:17.255678,14,19,18,14,16,0
2026-08-14T15:30:17.257390,12,19,17,14,16,0
2026-08-14T15:30:17.259126,13,18,18,14,15,0
2026-08-14T15:30:17.259126,13,18,19,15,15,0
2026-08-14T15:30:17.259126,14,18,18,15,16,0
2026-08-14T15:30:17.262637,13,18,17,14,16,0
2026-08-14T15:30:17.262637,13,19,18,14,15,0
2026-08-14T15:30:17.262637,13,19,18,14,15,0
2026-08-14T15:30:17.266617,12,20,18,14,16,0
2026-08-14T15:30:17.266617,12,19,18,14,16,0
2026-08-14T15:30:17.266617,13,18,18,15,16,0
2026-08-14T15:30:17.269414,12,18,18,14,16,0
2026-08-14T15:30:17.269414,14,19,18,14,15,0
2026-08-14T15:30:17.269414,14,19,17,13,16,0
2026-08-14T15:30:17.269414,14,18,18,13,16,0
2026-08-14T15:30:17.269414,13,18,18,14,16,0
2026-08-14T15:30:17.269414,13,18,18,14,16,0
2026-08-14T15:30:17.269414,12,19,18,13,16,0
2026-08-14T15:30:17.277422,14,19,18,14,16,0
2026-08-14T15:30:17.278273,13,18,19,15,15,0
2026-08-14T15:30:17.278273,13,20,18,14,15,0
2026-08-14T15:30:17.278273,13,18,19,14,15,0
2026-08-14T15:30:17.278273,13,19,18,14,15,0
2026-08-14T15:30:17.278273,13,19,18,15,15,0
2026-08-14T15:30:17.278273,11,19,18,14,15,0
2026-08-14T15:30:17.285643,13,18,18,13,16,0
2026-08-14T15:30:17.287216,14,18,18,13,16,0
2026-08-14T15:30:17.287216,13,19,18,14,17,0
2026-08-14T15:30:17.287216,14,18,18,14,17,0
2026-08-14T15:30:17.289346,13,19,18,14,15,0
2026-08-14T15:30:17.289346,13,20,18,14,16,0
2026-08-14T15:30:17.289346,14,19,19,15,16,0
2026-08-14T15:30:17.295882,14,19,18,14,16,0
2026-08-14T15:30:17.295882,13,19,18,14,15,0
2026-08-14T15:30:17.295882,14,19,19,15,16,0
2026-08-14T15:30:17.295882,14,19,18,14,16,0
2026-08-14T15:30:17.299952,14,19,18,14,16,0
2026-08-14T15:30:17.299952,14,19,17,15,15,0
2026-08-14T15:30:17.299952,14,18,18,14,16,0
2026-08-14T15:30:17.303567,14,19,19,15,15,0
2026-08-14T15:30:17.303567,13,19,18,14,16,0
2026-08-14T15:30:17.303567,12,20,18,15,15,0
2026-08-14T15:30:17.303567,12,20,18,14,15,0
2026-08-14T15:30:17.308099,14,20,19,14,15,0
2026-08-14T15:30:17.308099,13,19,19,15,16,0
2026-08-14T15:30:17.308099,13,18,17,15,16,0
2026-08-14T15:30:17.310209,12,19,19,15,15,0
2026-08-14T15:30:17.310209,13,19,18,14,16,0
2026-08-14T15:30:17.310209,14,19,17,14,16,0
2026-08-14T15:30:17.310209,13,18,18,14,15,0
2026-08-14T15:30:17.310209,13,19,18,14,16,0
2026-08-14T15:30:17.310209,14,20,20,14,16,0
2026-08-14T15:30:17.310209,14,18,18,14,16,0
2026-08-14T15:30:17.319917,13,19,18,14,16,0
2026-08-14T15:30:17.319917,13,19,18,14,15,0
2026-08-14T15:30:17.319917,12,19,20,15,16,0
2026-08-14T15:30:17.322126,13,19,18,15,16,0
2026-08-14T15:30:17.322126,13,18,18,15,16,0
2026-08-14T15:30:17.322126,13,18,19,14,16,0
2026-08-14T15:30:17.322126,13,19,18,15,15,0
2026-08-14T15:30:17.328636,14,19,18,15,16,0
2026-08-14T15:30:17.329403,14,18,18,14,16,0
2026-08-14T15:30:17.329403,14,18,18,14,16,0
2026-08-14T15:30:17.332879,14,19,18,14,15,0
2026-08-14T15:30:17.332879,13,18,20,14,16,0
2026-08-14T15:30:17.332879,13,19,18,15,15,0
2026-08-14T15:30:17.334985,13,18,18,15,16,0
2026-08-14T15:30:17.336149,12,19,18,15,16,0
2026-08-14T15:30:17.336996,13,19,18,16,15,0
2026-08-14T15:30:17.336996,13,18,19,14,16,0
2026-08-14T15:30:17.341171,14,18,18,15,17,0
2026-08-14T15:30:17.341171,13,18,19,14,15,0
2026-08-14T15:30:17.341171,14,19,18,15,16,0
2026-08-14T15:30:17.342932,14,18,17,14,16,0
2026-08-14T15:30:17.345026,14,19,18,14,16,0
2026-08-14T15:30:17.345026,13,19,19,14,15,0
2026-08-14T15:30:17.345026,14,19,19,14,16,0
2026-08-14T15:30:17.345026,14,19,18,15,16,0
2026-08-14T15:30:17.345026,13,18,20,15,16,0
2026-08-14T15:30:17.345026,13,18,18,14,17,0
2026-08-14T15:30:17.345026,13,19,18,14,15,0
2026-08-14T15:30:17.353038,13,20,19,15,16,0
2026-08-14T15:30:17.353824,13,19,18,14,15,0
2026-08-14T15:30:17.353824,14,20,19,14,16,0
2026-08-14T15:30:17.353824,14,19,18,14,16,0
2026-08-14T15:30:17.353824,15,20,18,14,17,0
2026-08-14T15:30:17.353824,13,20,18,14,16,0
2026-08-14T15:30:17.359065,14,20,19,15,16,0
2026-08-14T15:30:17.359065,13,19,18,14,16,0
2026-08-14T15:30:17.359065,14,19,18,14,15,0
2026-08-14T15:30:17.359065,13,19,18,14,16,0
2026-08-14T15:30:17.359065,13,19,18,14,16,0
2026-08-14T15:30:17.359065,13,19,18,16,17,0
2026-08-14T15:30:17.359065,14,19,19,14,16,0
2026-08-14T15:30:17.367088,14,20,18,14,16,0
2026-08-14T15:30:17.369911,13,20,19,14,16,0
2026-08-14T15:30:17.370797,14,19,18,15,16,0
2026-08-14T15:30:17.370797,14,19,18,15,16,0
2026-08-14T15:30:17.373677,13,20,18,14,17,0
2026-08-14T15:30:17.373677,13,20,18,15,16,0
2026-08-14T15:30:17.373677,14,19,19,14,16,0
2026-08-14T15:30:17.377811,14,19,18,14,16,0
2026-08-14T15:30:17.378697,14,19,18,14,16,0
2026-08-14T15:30:17.378697,13,19,18,14,16,0
2026-08-14T15:30:17.378697,13,19,19,15,16,0
2026-08-14T15:30:17.378697,13,18,19,15,16,0
2026-08-14T15:30:17.378697,14,18,19,16,16,0
2026-08-14T15:30:17.378697,15,19,19,15,16,0
2026-08-14T15:30:17.385884,14,19,19,14,16,0
2026-08-14T15:30:17.387432,14,18,18,15,15,0
2026-08-14T15:30:17.387432,14,21,19,14,16,0
2026-08-14T15:30:17.387432,14,20,18,14,15,0
2026-08-14T15:30:17.387432,14,20,18,15,16,0
2026-08-14T15:30:17.387432,13,18,18,15,16,0
2026-08-14T15:30:17.387432,14,19,19,14,18,0
2026-08-14T15:30:17.392088,13,18,19,15,17,0
2026-08-14T15:30:17.392088,14,20,18,15,17,0
2026-08-14T15:30:17.392088,13,19,18,16,16,0
2026-08-14T15:30:17.392088,14,18,20,15,16,0
2026-08-14T15:30:17.392088,14,19,19,15,16,0
2026-08-14T15:30:17.392088,13,19,18,14,16,0
2026-08-14T15:30:17.400463,13,20,19,15,16,0
2026-08-14T15:30:17.400463,14,20,19,15,16,0
2026-08-14T15:30:17.403206,14,19,18,15,17,0
2026-08-14T15:30:17.403861,14,19,20,14,17,0
2026-08-14T15:30:17.406455,15,21,19,15,17,0
2026-08-14T15:30:17.406455,14,20,19,15,17,0
2026-08-14T15:30:17.406455,13,19,18,14,16,0
2026-08-14T15:30:17.408214,14,20,18,15,16,0
2026-08-14T15:30:17.410558,13,19,19,14,18,0
2026-08-14T15:30:17.410558,13,19,19,14,17,0
2026-08-14T15:30:17.410558,15,19,19,15,17,0
2026-08-14T15:30:17.414829,13,19,19,15,16,0
2026-08-14T15:30:17.414829,14,20,18,15,16,0
2026-08-14T15:30:17.416655,15,20,18,15,17,0
2026-08-14T15:30:17.416655,15,20,19,15,16,0
2026-08-14T15:30:17.416655,14,21,20,15,17,0
2026-08-14T15:30:17.419503,13,19,20,15,16,0
2026-08-14T15:30:17.420320,13,19,19,15,16,0
2026-08-14T15:30:17.420320,14,20,19,15,16,0
2026-08-14T15:30:17.420320,14,19,19,15,18,0
2026-08-14T15:30:17.420320,13,19,18,16,16,0
2026-08-14T15:30:17.424978,14,20,20,15,16,0
2026-08-14T15:30:17.424978,15,20,19,15,16,0
2026-08-14T15:30:17.424978,14,20,19,15,16,0
2026-08-14T15:30:17.428694,14,19,18,15,16,0
2026-08-14T15:30:17.428694,13,20,20,14,16,0
2026-08-14T15:30:17.428694,12,20,20,14,16,0
2026-08-14T15:30:17.428694,14,20,19,15,16,0
2026-08-14T15:30:17.435133,14,21,19,15,16,0
2026-08-14T15:30:17.436233,14,19,20,16,17,0
2026-08-14T15:30:17.437110,13,21,20,14,17,0
2026-08-14T15:30:17.437954,14,19,19,16,17,0
2026-08-14T15:30:17.437954,14,19,19,15,16,0
2026-08-14T15:30:17.437954,14,19,19,15,16,0
2026-08-14T15:30:17.437954,14,19,19,15,16,0
2026-08-14T15:30:17.443326,15,19,19,15,16,0
2026-08-14T15:30:17.443326,14,20,19,15,16,0
2026-08-14T15:30:17.443326,15,21,19,15,16,0
2026-08-14T15:30:17.443326,13,21,20,15,16,0
2026-08-14T15:30:17.447431,15,20,20,15,16,0
2026-08-14T15:30:17.447431,14,19,19,15,16,0
2026-08-14T15:30:17.447431,15,20,20,16,16,0
2026-08-14T15:30:17.451529,14,19,19,15,16,0
2026-08-14T15:30:17.452723,14,21,20,15,17,0
2026-08-14T15:30:17.453669,14,22,19,15,17,0
2026-08-14T15:30:17.453669,14,19,19,15,17,0
2026-08-14T15:30:17.453669,14,20,20,15,17,0
2026-08-14T15:30:17.453669,14,21,18,14,17,0
2026-08-14T15:30:17.453669,14,20,18,15,16,0
2026-08-14T15:30:17.459822,15,20,20,15,17,0
2026-08-14T15:30:17.459822,15,19,21,15,17,0
2026-08-14T15:30:17.459822,15,20,20,15,16,0
2026-08-14T15:30:17.462680,14,20,20,15,17,0
2026-08-14T15:30:17.462680,13,20,20,16,16,0
2026-08-14T15:30:17.465241,14,20,19,15,17,0
2026-08-14T15:30:17.465241,15,21,20,16,17,0
2026-08-14T15:30:17.465241,14,21,19,15,17,0
2026-08-14T15:30:17.465241,14,19,20,15,16,0
2026-08-14T15:30:17.469402,14,20,21,16,16,0
2026-08-14T15:30:17.470219,14,20,20,16,17,0
2026-08-14T15:30:17.470219,13,20,20,15,16,0
2026-08-14T15:30:17.473383,15,21,21,16,17,0
2026-08-14T15:30:17.473383,14,21,19,15,16,0
2026-08-14T15:30:17.473383,13,21,20,15,16,0
2026-08-14T15:30:17.473383,12,21,20,15,16,0
2026-08-14T15:30:17.473383,14,21,20,16,16,0
2026-08-14T15:30:17.478005,14,20,20,16,17,0
2026-08-14T15:30:17.478005,13,19,20,16,18,0
2026-08-14T15:30:17.482318,14,20,19,15,17,0
2026-08-14T15:30:17.482318,14,20,19,14,17,0
2026-08-14T15:30:17.484245,15,20,20,15,16,0
2026-08-14T15:30:17.484245,15,19,19,15,16,0
2026-08-14T15:30:17.484245,15,20,20,15,17,0
2026-08-14T15:30:17.488380,14,21,20,15,17,0
2026-08-14T15:30:17.488380,15,20,20,15,17,0
2026-08-14T15:30:17.489891,13,21,20,15,17,0
2026-08-14T15:30:17.489891,14,20,20,16,17,0
2026-08-14T15:30:17.489891,14,20,20,15,17,0
2026-08-14T15:30:17.489891,14,20,20,15,17,0
2026-08-14T15:30:17.494233,14,21,20,15,17,0
2026-08-14T15:30:17.495335,14,20,19,16,18,0
2026-08-14T15:30:17.495335,14,19,20,16,16,0
2026-08-14T15:30:17.497995,14,20,20,15,17,0
2026-08-14T15:30:17.500176,14,19,19,15,17,0
2026-08-14T15:30:17.501418,14,20,19,16,16,0
2026-08-14T15:30:17.502024,13,22,20,15,17,0
2026-08-14T15:30:17.502532,14,20,20,15,17,0
2026-08-14T15:30:17.504730,14,20,20,14,17,0
2026-08-14T15:30:17.505346,15,20,21,16,17,0
2026-08-14T15:30:17.505922,14,20,20,16,16,0
2026-08-14T15:30:17.508675,12,21,20,15,17,0
2026-08-14T15:30:17.508675,13,21,20,15,17,0
2026-08-14T15:30:17.508675,14,19,20,16,18,0
2026-08-14T15:30:17.508675,13,21,19,15,17,0
2026-08-14T15:30:17.512830,14,20,21,15,17,0
2026-08-14T15:30:17.512830,14,20,20,16,16,0
2026-08-14T15:30:17.512830,14,19,19,16,17,0
2026-08-14T15:30:17.517107,13,20,20,15,17,0
2026-08-14T15:30:17.517107,15,19,20,16,17,0
2026-08-14T15:30:17.517107,14,19,20,15,17,0
2026-08-14T15:30:17.519507,14,20,20,15,17,0
2026-08-14T15:30:17.520362,14,21,20,16,17,0
2026-08-14T15:30:17.520362,13,19,21,15,17,0
2026-08-14T15:30:17.522500,15,20,20,16,17,0
2026-08-14T15:30:17.522500,13,20,20,16,17,0
2026-08-14T15:30:17.522500,14,19,21,16,16,0
2026-08-14T15:30:17.522500,15,19,20,15,17,0
2026-08-14T15:30:17.522500,14,20,19,15,17,0
2026-08-14T15:30:17.522500,15,20,20,15,17,0
2026-08-14T15:30:17.530954,15,20,20,15,16,0
2026-08-14T15:30:17.530954,13,21,21,15,17,0
2026-08-14T15:30:17.532967,15,20,20,16,17,0
2026-08-14T15:30:17.532967,15,20,19,15,17,0
2026-08-14T15:30:17.532967,14,20,20,15,17,0
2026-08-14T15:30:17.537593,14,21,20,16,17,0
2026-08-14T15:30:17.537593,13,21,20,16,18,0
2026-08-14T15:30:17.537593,13,20,20,17,16,0
2026-08-14T15:30:17.539360,14,20,20,16,17,0
2026-08-14T15:30:17.539360,15,20,19,15,16,0
2026-08-14T15:30:17.539360,14,19,20,15,17,0
2026-08-14T15:30:17.539360,15,20,20,15,17,0
2026-08-14T15:30:17.543432,15,20,19,15,16,0
2026-08-14T15:30:17.543432,14,20,19,15,16,0
2026-08-14T15:30:17.543432,14,20,19,16,16,0
2026-08-14T15:30:17.547728,14,21,20,15,16,0
2026-08-14T15:30:17.547728,14,20,20,15,16,0
2026-08-14T15:30:17.547728,15,19,19,15,16,0
2026-08-14T15:30:17.547728,14,21,19,16,17,0
2026-08-14T15:30:17.553668,14,20,21,16,16,0
2026-08-14T15:30:17.553668,14,20,20,15,16,0
2026-08-14T15:30:17.553668,13,19,20,16,17,0
2026-08-14T15:30:17.555836,15,21,20,16,17,0
2026-08-14T15:30:17.558046,15,21,20,16,17,0
2026-08-14T15:30:17.558046,14,20,20,15,18,0
2026-08-14T15:30:17.558046,15,20,20,15,17,0
2026-08-14T15:30:17.561977,14,20,20,15,16,0
2026-08-14T15:30:17.561977,13,20,20,16,17,0
2026-08-14T15:30:17.561977,13,21,20,16,17,0
2026-08-14T15:30:17.566081,14,20,20,15,16,0
2026-08-14T15:30:17.566081,14,19,21,16,18,0
2026-08-14T15:30:17.567843,14,21,19,17,18,0
2026-08-14T15:30:17.567843,14,20,20,16,16,0
2026-08-14T15:30:17.569438,14,20,20,15,17,0
2026-08-14T15:30:17.570355,15,20,20,15,17,0
2026-08-14T15:30:17.570355,14,20,19,16,17,0
2026-08-14T15:30:17.572542,15,20,20,15,16,0
2026-08-14T15:30:17.572542,14,20,20,15,17,0
2026-08-14T15:30:17.572542,15,21,20,15,17,0
2026-08-14T15:30:17.576211,14,20,20,15,17,0
2026-08-14T15:30:17.576211,15,21,20,16,18,0
2026-08-14T15:30:17.576211,14,19,20,15,17,0
2026-08-14T15:30:17.576211,15,20,20,16,17,0
2026-08-14T15:30:17.580575,13,19,19,16,17,0
2026-08-14T15:30:17.580575,14,19,21,15,16,0
2026-08-14T15:30:17.584232,14,19,21,16,17,0
2026-08-14T15:30:17.584232,14,20,19,15,17,0
2026-08-14T15:30:17.586118,15,20,19,15,17,0
2026-08-14T15:30:17.586774,15,20,21,16,17,0
2026-08-14T15:30:17.586774,14,21,20,16,17,0
2026-08-14T15:30:17.590656,14,21,20,15,17,0
2026-08-14T15:30:17.591409,15,20,20,16,17,0
2026-08-14T15:30:17.591409,16,19,20,16,17,0
2026-08-14T15:30:17.594756,14,20,19,15,17,0
2026-08-14T15:30:17.594756,14,21,21,15,17,0
2026-08-14T15:30:17.594756,15,20,19,16,16,0
2026-08-14T15:30:17.596518,14,20,20,16,17,0
2026-08-14T15:30:17.598852,15,20,21,15,17,0
2026-08-14T15:30:17.598852,15,21,21,16,16,0
2026-08-14T15:30:17.598852,15,21,20,15,17,0
2026-08-14T15:30:17.600613,15,21,20,16,17,0
2026-08-14T15:30:17.604079,14,21,20,15,17,0
2026-08-14T15:30:17.604525,14,20,21,15,17,0
2026-08-14T15:30:17.604525,14,21,20,16,17,0
2026-08-14T15:30:17.606537,15,20,20,16,17,0
2026-08-14T15:30:17.606537,14,19,20,15,17,0
2026-08-14T15:30:17.606537,14,20,19,16,17,0
2026-08-14T15:30:17.608550,14,20,20,15,17,0
2026-08-14T15:30:17.608550,15,21,20,15,16,0
2026-08-14T15:30:17.612316,14,20,20,16,16,0
2026-08-14T15:30:17.612316,15,20,20,16,17,0
2026-08-14T15:30:17.615228,15,21,20,15,17,0
2026-08-14T15:30:17.615228,13,21,20,15,17,0
2026-08-14T15:30:17.615228,14,20,20,15,17,0
2026-08-14T15:30:17.615228,13,21,20,16,17,0
2026-08-14T15:30:17.619874,14,21,19,16,17,0
2026-08-14T15:30:17.620680,13,20,21,16,18,0
2026-08-14T15:30:17.620680,15,20,20,16,17,0
2026-08-14T15:30:17.622967,14,21,19,15,17,0
2026-08-14T15:30:17.622967,14,20,19,16,17,0
2026-08-14T15:30:17.622967,15,20,20,15,16,0
2026-08-14T15:30:17.625362,14,20,20,15,16,0
2026-08-14T15:30:17.627949,15,20,19,15,18,0
2026-08-14T15:30:17.627949,14,21,20,15,17,0
2026-08-14T15:30:17.627949,13,20,20,15,16,0
2026-08-14T15:30:17.627949,14,21,20,15,16,0
2026-08-14T15:30:17.627949,13,20,19,15,17,0
2026-08-14T15:30:17.633571,14,19,19,16,17,0
2026-08-14T15:30:17.633571,15,21,20,15,17,0
2026-08-14T15:30:17.636072,14,20,20,16,17,0
2026-08-14T15:30:17.637155,15,20,21,16,17,0
2026-08-14T15:30:17.637155,14,19,20,16,17,0
2026-08-14T15:30:17.637155,14,21,19,16,16,0
2026-08-14T15:30:17.637155,13,20,20,16,16,0
2026-08-14T15:30:17.641703,14,20,20,15,16,0
2026-08-14T15:30:17.644068,15,20,19,15,17,0
2026-08-14T15:30:17.644068,13,21,20,15,17,0
2026-08-14T15:30:17.644068,14,21,20,16,17,0
2026-08-14T15:30:17.646307,14,21,20,15,17,0
2026-08-14T15:30:17.646307,14,20,19,16,16,0
2026-08-14T15:30:17.646307,12,19,20,15,17,0
2026-08-14T15:30:17.646307,14,20,21,16,17,0
2026-08-14T15:30:17.652045,15,21,20,16,17,0
2026-08-14T15:30:17.653266,14,20,18,15,17,0
2026-08-14T15:30:17.654123,14,19,19,16,17,0
2026-08-14T15:30:17.654777,14,20,20,16,17,0
2026-08-14T15:30:17.654777,14,21,20,15,16,0
2026-08-14T15:30:17.654777,15,21,20,15,16,0
2026-08-14T15:30:17.660218,15,20,20,16,17,0
2026-08-14T15:30:17.660218,15,20,20,16,18,0
2026-08-14T15:30:17.660218,15,21,20,15,16,0
2026-08-14T15:30:17.660218,14,20,20,16,17,0
2026-08-14T15:30:17.660218,14,20,20,15,17,0
2026-08-14T15:30:17.660218,14,20,19,15,16,0
2026-08-14T15:30:17.660218,13,19,20,16,17,0
2026-08-14T15:30:17.660218,15,20,20,16,16,0
2026-08-14T15:30:17.670392,13,20,20,16,17,0
2026-08-14T15:30:17.671667,14,21,21,15,16,0
2026-08-14T15:30:17.671667,14,20,20,15,17,0
2026-08-14T15:30:17.671667,15,21,20,15,16,0
2026-08-14T15:30:17.671667,14,21,20,16,16,0
2026-08-14T15:30:17.671667,14,20,19,16,16,0
2026-08-14T15:30:17.676824,15,19,21,16,16,0
2026-08-14T15:30:17.676824,14,21,18,16,17,0
2026-08-14T15:30:17.676824,14,21,21,15,17,0
2026-08-14T15:30:17.678580,16,20,20,16,17,0
2026-08-14T15:30:17.680591,14,20,19,16,17,0
2026-08-14T15:30:17.680591,15,20,20,16,17,0
2026-08-14T15:30:17.680591,15,21,20,15,16,0
2026-08-14T15:30:17.682602,14,21,21,15,16,0
2026-08-14T15:30:17.685102,14,20,20,16,16,0
2026-08-14T15:30:17.686526,12,21,20,16,16,0
2026-08-14T15:30:17.686526,14,21,20,16,16,0
2026-08-14T15:30:17.688943,13,21,20,16,17,0
2026-08-14T15:30:17.688943,14,20,19,15,17,0
2026-08-14T15:30:17.688943,14,19,19,16,17,0
2026-08-14T15:30:17.690696,14,20,20,15,16,0
2026-08-14T15:30:17.693557,14,20,20,15,16,0
2026-08-14T15:30:17.693557,14,20,20,15,16,0
2026-08-14T15:30:17.693557,14,20,19,15,17,0
2026-08-14T15:30:17.693557,13,20,20,15,16,0
2026-08-14T15:30:17.698935,13,20,20,15,17,0
2026-08-14T15:30:17.698935,13,21,20,15,16,0
2026-08-14T15:30:17.698935,14,21,20,16,17,0
2026-08-14T15:30:17.701839,13,19,21,15,17,0
2026-08-14T15:30:17.702968,14,20,20,15,17,0
2026-08-14T15:30:17.703903,14,20,19,16,16,0
2026-08-14T15:30:17.703903,15,20,20,15,17,0
2026-08-14T15:30:17.703903,15,20,19,15,16,0
2026-08-14T15:30:17.707086,14,20,19,15,16,0
2026-08-14T15:30:17.709429,15,20,19,15,16,0
2026-08-14T15:30:17.709429,14,21,18,16,17,0
2026-08-14T15:30:17.709429,14,20,20,15,17,0
2026-08-14T15:30:17.713529,13,20,20,15,16,0
2026-08-14T15:30:17.713529,13,20,20,15,17,0
2026-08-14T15:30:17.713529,15,20,19,16,16,0
2026-08-14T15:30:17.715293,14,19,19,16,17,0
2026-08-14T15:30:17.717629,14,19,20,16,17,0
2026-08-14T15:30:17.717629,13,21,19,15,18,0
2026-08-14T15:30:17.719435,14,20,20,15,17,0
2026-08-14T15:30:17.721728,14,20,20,16,16,0
2026-08-14T15:30:17.721728,15,20,21,17,16,0
2026-08-14T15:30:17.721728,15,20,20,16,17,0
2026-08-14T15:30:17.723493,15,21,20,15,17,0
2026-08-14T15:30:17.725042,15,21,20,16,17,0
2026-08-14T15:30:17.726171,15,21,21,15,16,0
2026-08-14T15:30:17.726171,15,21,20,16,17,0
2026-08-14T15:30:17.726171,13,20,20,15,16,0
2026-08-14T15:30:17.726171,13,20,20,15,17,0
2026-08-14T15:30:17.726171,14,20,19,15,16,0
2026-08-14T15:30:17.726171,14,20,19,16,17,0
2026-08-14T15:30:17.736311,14,20,20,16,16,0
2026-08-14T15:30:17.747174,14,21,20,14,17,0
2026-08-14T15:30:17.750717,15,20,20,15,17,0
2026-08-14T15:30:17.750717,15,20,20,15,17,0
2026-08-14T15:30:17.753771,15,20,20,15,16,0
2026-08-14T15:30:17.754719,14,21,20,15,17,0
2026-08-14T15:30:17.756731,13,21,20,16,17,0
2026-08-14T15:30:17.756731,14,20,19,16,17,0
2026-08-14T15:30:17.756731,15,19,21,16,18,0
2026-08-14T15:30:17.758740,13,19,20,15,17,0
2026-08-14T15:30:17.758740,14,20,20,15,17,0
2026-08-14T15:30:17.760753,14,20,19,16,17,0
2026-08-14T15:30:17.760753,14,20,19,15,18,0
2026-08-14T15:30:17.762762,15,20,20,15,16,0
2026-08-14T15:30:17.762762,14,20,20,15,16,0
2026-08-14T15:30:17.764101,15,20,20,15,16,0
2026-08-14T15:30:17.764966,13,20,20,14,17,0
2026-08-14T15:30:17.764966,13,20,20,15,17,0
2026-08-14T15:30:17.766984,14,20,20,15,16,0
2026-08-14T15:30:17.766984,14,19,20,14,17,0
2026-08-14T15:30:17.766984,15,19,19,16,17,0
2026-08-14T15:30:17.766984,13,19,20,16,17,0
2026-08-14T15:30:17.769390,14,19,19,16,16,0
2026-08-14T15:30:17.770298,14,20,20,15,17,0
2026-08-14T15:30:17.771214,15,19,19,15,17,0
2026-08-14T15:30:17.771214,15,20,20,16,17,0
2026-08-14T15:30:17.771214,14,20,20,15,17,0
2026-08-14T15:30:17.771214,14,21,20,16,17,0
2026-08-14T15:30:17.771214,14,20,20,15,16,0
2026-08-14T15:30:17.771214,14,21,20,15,16,0
2026-08-14T15:30:17.771214,14,21,20,15,16,0
2026-08-14T15:30:17.775050,13,20,20,15,16,0
2026-08-14T15:30:17.775050,14,20,19,16,16,0
2026-08-14T15:30:17.775050,14,19,20,16,17,0
2026-08-14T15:30:17.775050,14,19,19,16,17,0
2026-08-14T15:30:17.775050,14,20,19,15,17,0
2026-08-14T15:30:17.775050,15,20,19,15,17,0
2026-08-14T15:30:17.779082,15,20,19,15,17,0
2026-08-14T15:30:17.779932,14,20,19,15,16,0
2026-08-14T15:30:17.779932,15,20,20,15,16,0
2026-08-14T15:30:17.779932,15,21,20,15,16,0
2026-08-14T15:30:17.781689,14,20,20,15,16,0
2026-08-14T15:30:17.783440,15,21,20,16,17,0
2026-08-14T15:30:17.783440,13,21,20,16,17,0
2026-08-14T15:30:17.787302,13,20,20,15,17,0
2026-08-14T15:30:17.787302,15,20,20,15,16,0
2026-08-14T15:30:17.787302,13,20,19,15,17,0
2026-08-14T15:30:17.787302,15,20,19,16,17,0
2026-08-14T15:30:17.791522,14,21,19,15,16,0
2026-08-14T15:30:17.791522,14,20,20,15,16,0
2026-08-14T15:30:17.791522,15,20,20,15,17,0
2026-08-14T15:30:17.791522,14,20,20,16,16,0
2026-08-14T15:30:17.791522,13,21,20,15,16,0
2026-08-14T15:30:17.791522,13,21,20,16,16,0
2026-08-14T15:30:17.799642,15,20,21,15,17,0
2026-08-14T15:30:17.799642,15,20,20,16,17,0
2026-08-14T15:30:17.799642,15,19,20,16,18,0
2026-08-14T15:30:17.801653,13,20,20,15,17,0
2026-08-14T15:30:17.803391,14,20,20,15,17,0
2026-08-14T15:30:17.803852,13,19,19,15,17,0
2026-08-14T15:30:17.803852,13,19,19,15,17,0
2026-08-14T15:30:17.807111,14,20,20,15,16,0
2026-08-14T15:30:17.808120,16,21,20,15,17,0
2026-08-14T15:30:17.808120,14,20,19,15,17,0
2026-08-14T15:30:17.808120,15,20,20,16,17,0
2026-08-14T15:30:17.810134,13,20,20,15,17,0
2026-08-14T15:30:17.810134,14,21,20,15,16,0
2026-08-14T15:30:17.810134,14,20,20,15,16,0
2026-08-14T15:30:17.810134,13,20,20,16,16,0
2026-08-14T15:30:17.816426,14,19,20,16,17,0
2026-08-14T15:30:17.816426,14,21,20,16,16,0
2026-08-14T15:30:17.816426,14,20,19,15,16,0
2026-08-14T15:30:17.819421,14,21,19,15,16,0
2026-08-14T15:30:17.820388,14,20,20,15,17,0
2026-08-14T15:30:17.820388,14,20,20,15,17,0
2026-08-14T15:30:17.820388,16,20,19,16,17,0
2026-08-14T15:30:17.824642,14,21,19,15,18,0
2026-08-14T15:30:17.824642,15,21,20,15,16,0
2026-08-14T15:30:17.827766,13,19,20,15,17,0
2026-08-14T15:30:17.827766,13,20,20,15,16,0
2026-08-14T15:30:17.827766,14,20,20,15,16,0
2026-08-14T15:30:17.827766,14,20,20,16,17,0
2026-08-14T15:30:17.827766,14,19,20,16,17,0
2026-08-14T15:30:17.832822,14,20,20,15,17,0
2026-08-14T15:30:17.832822,14,20,19,15,17,0
2026-08-14T15:30:17.832822,14,20,19,15,16,0
2026-08-14T15:30:17.837513,14,21,20,15,17,0
2026-08-14T15:30:17.837513,16,20,19,15,17,0
2026-08-14T15:30:17.837513,14,20,19,15,16,0
2026-08-14T15:30:17.837513,14,21,20,15,16,0
2026-08-14T15:30:17.841103,15,20,20,15,16,0
2026-08-14T15:30:17.841103,14,21,20,15,17,0
2026-08-14T15:30:17.841103,15,20,19,16,17,0
2026-08-14T15:30:17.841103,14,19,20,16,17,0
2026-08-14T15:30:17.841103,13,19,19,16,17,0
2026-08-14T15:30:17.841103,14,21,20,15,17,0
2026-08-14T15:30:17.841103,15,19,19,15,17,0
2026-08-14T15:30:17.849233,14,20,20,15,17,0
2026-08-14T15:30:17.849233,14,20,20,15,16,0
2026-08-14T15:30:17.851244,13,20,20,15,16,0
2026-08-14T15:30:17.853712,13,21,20,15,16,0
2026-08-14T15:30:17.853712,13,20,19,15,17,0
2026-08-14T15:30:17.853712,14,19,19,15,17,0
2026-08-14T15:30:17.856998,13,20,20,15,17,0
2026-08-14T15:30:17.856998,14,21,19,16,17,0
2026-08-14T15:30:17.856998,13,19,20,15,16,0
2026-08-14T15:30:17.856998,14,20,19,15,16,0
2026-08-14T15:30:17.856998,14,19,20,15,17,0
2026-08-14T15:30:17.856998,14,20,19,14,17,0
2026-08-14T15:30:17.865007,15,20,20,16,17,0
2026-08-14T15:30:17.865007,14,20,20,15,17,0
2026-08-14T15:30:17.865007,14,20,19,16,18,0
2026-08-14T15:30:17.865007,13,20,20,16,17,0
2026-08-14T15:30:17.865007,15,21,20,15,17,0
2026-08-14T15:30:17.869745,14,19,20,16,16,0
2026-08-14T15:30:17.870448,13,19,20,16,16,0
2026-08-14T15:30:17.873126,13,21,19,15,16,0
2026-08-14T15:30:17.873126,14,20,19,15,17,0
2026-08-14T15:30:17.873126,14,20,19,16,17,0
2026-08-14T15:30:17.873126,14,19,19,15,16,0
2026-08-14T15:30:17.877439,14,20,20,16,16,0
2026-08-14T15:30:17.877439,13,20,20,15,16,0
2026-08-14T15:30:17.877439,13,20,20,15,16,0
2026-08-14T15:30:17.881545,14,20,20,15,17,0
2026-08-14T15:30:17.881545,14,20,20,15,16,0
2026-08-14T15:30:17.881545,14,21,20,15,16,0
2026-08-14T15:30:17.881545,13,20,19,15,17,0
2026-08-14T15:30:17.881545,14,19,20,16,17,0
2026-08-14T15:30:17.886063,14,19,19,15,16,0
2026-08-14T15:30:17.887626,14,21,19,15,16,0
2026-08-14T15:30:17.888421,15,20,19,15,16,0
2026-08-14T15:30:17.889931,15,20,19,15,17,0
2026-08-14T15:30:17.889931,14,20,20,15,17,0
2026-08-14T15:30:17.889931,15,20,20,14,16,0
2026-08-14T15:30:17.889931,13,20,20,15,16,0
2026-08-14T15:30:17.889931,14,20,20,15,16,0
2026-08-14T15:30:17.895515,13,20,20,15,17,0
2026-08-14T15:30:17.898022,13,19,20,16,16,0
2026-08-14T15:30:17.898022,13,19,20,15,16,0
2026-08-14T15:30:17.898022,15,19,19,16,16,0
2026-08-14T15:30:17.900376,14,20,19,15,16,0
2026-08-14T15:30:17.902772,15,20,20,16,16,0
2026-08-14T15:30:17.903672,14,20,19,15,16,0
2026-08-14T15:30:17.903672,14,20,20,15,17,0
2026-08-14T15:30:17.905865,15,19,18,15,16,0
2026-08-14T15:30:17.905865,14,20,20,15,17,0
2026-08-14T15:30:17.905865,14,21,20,15,16,0
2026-08-14T15:30:17.905865,13,20,19,15,16,0
2026-08-14T15:30:17.905865,14,20,20,15,17,0
2026-08-14T15:30:17.905865,14,19,19,16,17,0
2026-08-14T15:30:17.905865,15,19,19,15,16,0
2026-08-14T15:30:17.914108,13,20,19,15,16,0
2026-08-14T15:30:17.914108,14,19,19,15,17,0
2026-08-14T15:30:17.914108,14,19,19,15,17,0
2026-08-14T15:30:17.914108,14,20,19,15,16,0
2026-08-14T15:30:17.914108,13,21,21,15,16,0
2026-08-14T15:30:17.920009,15,20,20,16,17,0
2026-08-14T15:30:17.920852,14,20,19,15,16,0
2026-08-14T15:30:17.920852,13,20,20,15,17,0
2026-08-14T15:30:17.922803,13,20,20,15,17,0
2026-08-14T15:30:17.922803,13,20,20,16,16,0
2026-08-14T15:30:17.926705,14,19,19,15,16,0
2026-08-14T15:30:17.926705,14,19,19,15,16,0
2026-08-14T15:30:17.926705,13,19,19,15,17,0
2026-08-14T15:30:17.929474,15,20,19,16,17,0
2026-08-14T15:30:17.931242,14,19,19,15,17,0
2026-08-14T15:30:17.931242,14,19,19,15,16,0
2026-08-14T15:30:17.931242,13,19,19,15,16,0
2026-08-14T15:30:17.931242,14,20,19,15,16,0
2026-08-14T15:30:17.936096,15,20,20,15,17,0
2026-08-14T15:30:17.937462,14,19,19,15,16,0
2026-08-14T15:30:17.937971,13,20,20,15,17,0
2026-08-14T15:30:17.939721,15,21,20,15,16,0
2026-08-14T15:30:17.939721,13,21,20,15,16,0
2026-08-14T15:30:17.939721,14,20,19,15,17,0
2026-08-14T15:30:17.939721,13,19,19,16,16,0
2026-08-14T15:30:17.939721,13,19,19,14,16,0
2026-08-14T15:30:17.939721,14,19,19,16,16,0
2026-08-14T15:30:17.944671,14,20,19,15,16,0
2026-08-14T15:30:17.944671,14,19,19,15,16,0
2026-08-14T15:30:17.948023,15,20,18,15,16,0
2026-08-14T15:30:17.948023,15,21,20,15,17,0
2026-08-14T15:30:17.951264,13,20,20,15,16,0
2026-08-14T15:30:17.951264,13,20,19,15,17,0
2026-08-14T15:30:17.953358,15,19,20,15,15,0
2026-08-14T15:30:17.955205,13,19,20,15,17,0
2026-08-14T15:30:17.955205,14,20,19,14,17,0
2026-08-14T15:30:17.956219,14,19,19,15,16,0
2026-08-14T15:30:17.957313,14,20,20,16,16,0
2026-08-14T15:30:17.957313,14,20,20,15,17,0
2026-08-14T15:30:17.957313,14,20,19,15,16,0
2026-08-14T15:30:17.957313,14,19,20,15,17,0
2026-08-14T15:30:17.957313,14,20,19,15,16,0
2026-08-14T15:30:17.957313,14,21,20,15,16,0
2026-08-14T15:30:17.964689,14,22,20,15,16,0
2026-08-14T15:30:17.964689,14,20,20,15,17,0
2026-08-14T15:30:17.964689,13,20,20,14,16,0
2026-08-14T15:30:17.969495,14,19,19,16,17,0
2026-08-14T15:30:17.970670,14,20,20,15,16,0
2026-08-14T15:30:17.971246,14,19,19,15,17,0
2026-08-14T15:30:17.971246,13,19,19,15,16,0
2026-08-14T15:30:17.973006,14,19,19,16,16,0
2026-08-14T15:30:17.975677,14,20,20,15,16,0
2026-08-14T15:30:17.975677,15,19,18,14,17,0
2026-08-14T15:30:17.975677,14,19,18,15,17,0
2026-08-14T15:30:17.975677,13,20,20,15,16,0
2026-08-14T15:30:17.975677,13,20,20,15,16,0
2026-08-14T15:30:17.975677,15,20,19,15,17,0
2026-08-14T15:30:17.981077,13,20,19,16,16,0
2026-08-14T15:30:17.981077,13,20,19,15,17,0
2026-08-14T15:30:17.981077,14,20,19,15,16,0
2026-08-14T15:30:17.986036,13,19,19,15,16,0
2026-08-14T15:30:17.986666,15,20,19,15,16,0
2026-08-14T15:30:17.986666,14,19,19,16,17,0
2026-08-14T15:30:17.986666,15,20,18,16,17,0
2026-08-14T15:30:17.989208,14,20,19,15,16,0
2026-08-14T15:30:17.989208,15,20,18,15,16,0
2026-08-14T15:30:17.989208,13,20,19,15,16,0
2026-08-14T15:30:17.989208,15,20,20,15,16,0
2026-08-14T15:30:17.989208,14,20,20,15,16,0
2026-08-14T15:30:17.989208,13,19,19,15,16,0
2026-08-14T15:30:17.997586,14,19,19,15,16,0
2026-08-14T15:30:17.998968,14,19,19,15,16,0
2026-08-14T15:30:18.000244,13,20,18,14,17,0
2026-08-14T15:30:18.000244,13,19,18,16,17,0
2026-08-14T15:30:18.000244,14,19,19,15,16,0
2026-08-14T15:30:18.004342,14,19,18,15,17,0
2026-08-14T15:30:18.004342,14,20,20,15,17,0
2026-08-14T15:30:18.004342,13,20,19,14,17,0
2026-08-14T15:30:18.006760,14,20,20,14,17,0
2026-08-14T15:30:18.006760,13,19,20,15,16,0
2026-08-14T15:30:18.008770,14,20,19,15,17,0
2026-08-14T15:30:18.008770,14,20,19,15,16,0
2026-08-14T15:30:18.011662,14,20,20,15,16,0
2026-08-14T15:30:18.011662,14,20,19,15,17,0
2026-08-14T15:30:18.011662,14,19,18,15,17,0
2026-08-14T15:30:18.014208,13,19,18,15,17,0
2026-08-14T15:30:18.016581,14,20,20,15,16,0
2026-08-14T15:30:18.017090,14,20,20,15,16,0
2026-08-14T15:30:18.017090,13,19,19,15,16,0
2026-08-14T15:30:18.020058,13,20,19,15,16,0
2026-08-14T15:30:18.020857,15,20,20,15,17,0
2026-08-14T15:30:18.020857,12,20,20,15,16,0
2026-08-14T15:30:18.022613,14,21,20,15,17,0
2026-08-14T15:30:18.024830,14,20,20,15,16,0
2026-08-14T15:30:18.024830,14,20,20,15,16,0
2026-08-14T15:30:18.024830,14,20,19,15,16,0
2026-08-14T15:30:18.028932,14,19,18,16,16,0
2026-08-14T15:30:18.028932,12,19,19,15,17,0
2026-08-14T15:30:18.028932,14,20,18,15,16,0
2026-08-14T15:30:18.033139,14,19,19,14,16,0
2026-08-14T15:30:18.033139,14,18,19,15,16,0
2026-08-14T15:30:18.033139,15,20,19,15,15,0
2026-08-14T15:30:18.033139,14,21,20,15,17,0
2026-08-14T15:30:18.037244,14,20,19,14,15,0
2026-08-14T15:30:18.037244,13,20,18,14,16,0
2026-08-14T15:30:18.037244,13,19,20,15,16,0
2026-08-14T15:30:18.038994,12,20,20,14,16,0
2026-08-14T15:30:18.038994,14,20,19,15,16,0
2026-08-14T15:30:18.038994,14,19,19,16,17,0
2026-08-14T15:30:18.042961,14,19,18,15,16,0
2026-08-14T15:30:18.042961,14,19,19,15,16,0
2026-08-14T15:30:18.042961,15,20,19,15,16,0
2026-08-14T15:30:18.042961,14,19,19,15,16,0
2026-08-14T15:30:18.047055,14,20,18,15,16,0
2026-08-14T15:30:18.047055,13,20,19,15,16,0
2026-08-14T15:30:18.047055,13,19,20,15,16,0
2026-08-14T15:30:18.047055,14,20,20,15,16,0
2026-08-14T15:30:18.053310,14,20,19,15,16,0
2026-08-14T15:30:18.053740,14,19,19,15,16,0
2026-08-14T15:30:18.053740,13,19,19,15,16,0
2026-08-14T15:30:18.056236,14,18,19,15,17,0
2026-08-14T15:30:18.056236,14,19,19,15,16,0
2026-08-14T15:30:18.056236,14,18,19,15,16,0
2026-08-14T15:30:18.056236,14,19,18,14,16,0
2026-08-14T15:30:18.056236,15,20,20,15,16,0
2026-08-14T15:30:18.056236,14,20,19,15,16,0
2026-08-14T15:30:18.063515,12,20,19,15,16,0
2026-08-14T15:30:18.063515,13,19,20,15,15,0
2026-08-14T15:30:18.063515,14,20,20,14,15,0
2026-08-14T15:30:18.063515,14,19,19,16,16,0
2026-08-14T15:30:18.069985,13,19,18,15,16,0
2026-08-14T15:30:18.069985,13,19,19,15,16,0
2026-08-14T15:30:18.069985,14,19,19,15,17,0
2026-08-14T15:30:18.071738,14,20,18,15,17,0
2026-08-14T15:30:18.073815,14,19,19,15,16,0
2026-08-14T15:30:18.073815,14,20,20,14,16,0
2026-08-14T15:30:18.073815,14,20,18,14,17,0
2026-08-14T15:30:18.077719,14,20,19,15,16,0
2026-08-14T15:30:18.077719,15,20,19,15,16,0
2026-08-14T15:30:18.077719,13,19,19,15,16,0
2026-08-14T15:30:18.079800,13,20,20,14,16,0
2026-08-14T15:30:18.082179,13,19,18,15,16,0
2026-08-14T15:30:18.082179,14,19,19,15,16,0
2026-08-14T15:30:18.082179,13,18,19,14,16,0
2026-08-14T15:30:18.085756,13,19,18,15,16,0
2026-08-14T15:30:18.086467,13,20,18,14,16,0
2026-08-14T15:30:18.087449,14,19,18,15,16,0
2026-08-14T15:30:18.087449,14,20,19,15,17,0
2026-08-14T15:30:18.090354,14,20,19,15,17,0
2026-08-14T15:30:18.090354,14,20,18,14,17,0
2026-08-14T15:30:18.090354,13,20,20,14,16,0
2026-08-14T15:30:18.090354,14,19,19,15,16,0
2026-08-14T15:30:18.090354,13,19,19,14,15,0
2026-08-14T15:30:18.095778,14,19,18,15,17,0
2026-08-14T15:30:18.095778,13,20,19,15,16,0
2026-08-14T15:30:18.100143,14,20,19,14,16,0
2026-08-14T15:30:18.101152,14,18,19,15,17,0
2026-08-14T15:30:18.102757,14,19,18,14,16,0
2026-08-14T15:30:18.103650,14,19,20,15,16,0
2026-08-14T15:30:18.103650,13,19,19,14,17,0
2026-08-14T15:30:18.104831,13,20,18,14,16,0
2026-08-14T15:30:18.105859,13,20,20,14,15,0
2026-08-14T15:30:18.107488,14,20,20,15,15,0
2026-08-14T15:30:18.107488,13,20,20,15,16,0
2026-08-14T15:30:18.107488,13,19,18,15,16,0
2026-08-14T15:30:18.110853,14,19,18,15,16,0
2026-08-14T15:30:18.110853,14,20,20,14,17,0
2026-08-14T15:30:18.110853,14,19,18,14,16,0
2026-08-14T15:30:18.115101,13,18,18,15,16,0
2026-08-14T15:30:18.115101,15,19,19,15,17,0
2026-08-14T15:30:18.115101,14,19,20,14,16,0
2026-08-14T15:30:18.116857,14,20,20,15,16,0
2026-08-14T15:30:18.118997,14,20,19,15,16,0
2026-08-14T15:30:18.119523,13,20,20,15,16,0
2026-08-14T15:30:18.120669,13,19,19,14,15,0
2026-08-14T15:30:18.123179,14,19,19,15,16,0
2026-08-14T15:30:18.123179,13,19,19,16,16,0
2026-08-14T15:30:18.123179,13,19,18,15,16,0
2026-08-14T15:30:18.125859,14,19,19,15,16,0
2026-08-14T15:30:18.127368,14,19,19,14,16,0
2026-08-14T15:30:18.127368,15,19,19,14,16,0
2026-08-14T15:30:18.127368,14,19,18,15,16,0
2026-08-14T15:30:18.127368,13,19,19,15,16,0
2026-08-14T15:30:18.127368,14,20,20,15,15,0
2026-08-14T15:30:18.127368,14,18,19,14,16,0
2026-08-14T15:30:18.133087,14,20,19,14,16,0
2026-08-14T15:30:18.136209,14,19,18,16,16,0
2026-08-14T15:30:18.136971,14,19,18,15,16,0
2026-08-14T15:30:18.136971,15,19,18,15,16,0
2026-08-14T15:30:18.136971,14,18,18,15,16,0
2026-08-14T15:30:18.136971,13,19,19,15,16,0
2026-08-14T15:30:18.136971,12,19,20,14,16,0
2026-08-14T15:30:18.136971,14,19,18,14,16,0
2026-08-14T15:30:18.144232,15,18,18,14,17,0
2026-08-14T15:30:18.144232,14,20,19,15,17,0
2026-08-14T15:30:18.146243,13,20,20,14,16,0
2026-08-14T15:30:18.146243,14,21,19,14,16,0
2026-08-14T15:30:18.148252,13,19,18,14,16,0
2026-08-14T15:30:18.148252,13,20,19,15,16,0
2026-08-14T15:30:18.151809,14,19,19,15,17,0
2026-08-14T15:30:18.153391,15,19,19,15,17,0
2026-08-14T15:30:18.153391,12,21,19,15,16,0
2026-08-14T15:30:18.153391,14,19,18,15,16,0
2026-08-14T15:30:18.153391,14,18,18,14,16,0
2026-08-14T15:30:18.153391,14,20,18,14,16,0
2026-08-14T15:30:18.153391,14,20,18,14,16,0
2026-08-14T15:30:18.160005,14,19,18,14,16,0
2026-08-14T15:30:18.160005,13,19,19,14,17,0
2026-08-14T15:30:18.160005,14,20,20,14,17,0
2026-08-14T15:30:18.164248,13,19,19,15,15,0
2026-08-14T15:30:18.164248,13,20,18,15,16,0
2026-08-14T15:30:18.164248,13,20,19,14,16,0
2026-08-14T15:30:18.164248,12,19,19,15,16,0
2026-08-14T15:30:18.168065,14,20,19,15,17,0
2026-08-14T15:30:18.169363,15,19,18,14,16,0
2026-08-14T15:30:18.170156,15,19,19,15,16,0
2026-08-14T15:30:18.170156,13,19,18,14,16,0
2026-08-14T15:30:18.170156,15,20,18,15,16,0
2026-08-14T15:30:18.170156,14,20,18,15,16,0
2026-08-14T15:30:18.174036,15,19,19,15,16,0
2026-08-14T15:30:18.176169,13,19,19,15,17,0
2026-08-14T15:30:18.176169,13,20,18,15,15,0
2026-08-14T15:30:18.176169,13,20,20,14,17,0
2026-08-14T15:30:18.176169,14,20,19,14,16,0
2026-08-14T15:30:18.176169,14,19,18,15,16,0
2026-08-14T15:30:18.176169,15,19,19,15,16,0
2026-08-14T15:30:18.176169,15,19,18,14,16,0
2026-08-14T15:30:18.184489,14,20,18,14,16,0
2026-08-14T15:30:18.184489,14,19,18,16,16,0
2026-08-14T15:30:18.186824,14,19,18,15,16,0
2026-08-14T15:30:18.188731,14,20,18,14,15,0
2026-08-14T15:30:18.188731,12,20,20,14,16,0
2026-08-14T15:30:18.188731,12,19,18,15,16,0
2026-08-14T15:30:18.192922,13,19,18,15,16,0
2026-08-14T15:30:18.192922,12,19,18,14,15,0
2026-08-14T15:30:18.194936,13,18,19,14,15,0
2026-08-14T15:30:18.194936,13,18,19,15,16,0
2026-08-14T15:30:18.196267,14,19,18,14,16,0
2026-08-14T15:30:18.196267,13,19,18,14,15,0
2026-08-14T15:30:18.196267,15,20,19,14,16,0
2026-08-14T15:30:18.201161,14,19,19,15,16,0
2026-08-14T15:30:18.201161,13,20,18,14,16,0
2026-08-14T15:30:18.202789,13,20,18,14,15,0
2026-08-14T15:30:18.202789,13,19,18,14,17,0
2026-08-14T15:30:18.204980,14,18,18,15,16,0
2026-08-14T15:30:18.204980,13,19,18,14,16,0
2026-08-14T15:30:18.204980,14,19,18,15,16,0
2026-08-14T15:30:18.209296,13,18,18,14,16,0
2026-08-14T15:30:18.209296,14,19,18,15,16,0
2026-08-14T15:30:18.209296,14,19,18,14,16,0
2026-08-14T15:30:18.209296,13,19,18,15,16,0
2026-08-14T15:30:18.213231,13,19,19,14,16,0
2026-08-14T15:30:18.213231,13,19,18,15,16,0
2026-08-14T15:30:18.214993,13,20,18,15,16,0
2026-08-14T15:30:18.216956,13,19,18,14,15,0
2026-08-14T15:30:18.216956,12,19,19,14,15,0
2026-08-14T15:30:18.218971,14,19,17,14,16,0
2026-08-14T15:30:18.220197,14,19,18,15,16,0
2026-08-14T15:30:18.220197,13,20,19,15,17,0
2026-08-14T15:30:18.220197,13,19,20,14,16,0
2026-08-14T15:30:18.220197,14,18,18,14,16,0
2026-08-14T15:30:18.225696,14,18,18,15,16,0
2026-08-14T15:30:18.225696,13,19,19,14,16,0
2026-08-14T15:30:18.225696,13,20,20,14,15,0
2026-08-14T15:30:18.227968,14,20,19,15,15,0
2026-08-14T15:30:18.227968,13,19,18,14,15,0
2026-08-14T15:30:18.227968,13,18,18,14,15,0
2026-08-14T15:30:18.227968,14,19,18,14,15,0
2026-08-14T15:30:18.233723,14,19,18,14,16,0
2026-08-14T15:30:18.233723,14,18,18,15,15,0
2026-08-14T15:30:18.233723,13,18,19,15,16,0
2026-08-14T15:30:18.236959,14,19,18,14,16,0
2026-08-14T15:30:18.236959,14,19,18,14,16,0
2026-08-14T15:30:18.236959,13,18,17,15,16,0
2026-08-14T15:30:18.236959,15,20,18,14,17,0
2026-08-14T15:30:18.241981,13,19,18,14,16,0
2026-08-14T15:30:18.241981,13,18,19,15,16,0
2026-08-14T15:30:18.241981,13,19,18,14,16,0
2026-08-14T15:30:18.241981,14,18,18,14,15,0
2026-08-14T15:30:18.241981,13,19,18,15,16,0
2026-08-14T15:30:18.241981,12,19,17,15,15,0
2026-08-14T15:30:18.247793,12,19,18,14,15,0
2026-08-14T15:30:18.250093,14,18,19,15,16,0
2026-08-14T15:30:18.250093,14,19,19,14,16,0
2026-08-14T15:30:18.250093,13,18,18,14,16,0
2026-08-14T15:30:18.254082,13,18,17,14,16,0
2026-08-14T15:30:18.254592,13,20,19,13,16,0
2026-08-14T15:30:18.254592,13,20,19,14,16,0
2026-08-14T15:30:18.256603,13,19,18,14,16,0
2026-08-14T15:30:18.257615,13,19,18,14,15,0
2026-08-14T15:30:18.257615,12,19,18,15,15,0
2026-08-14T15:30:18.259626,13,19,19,15,16,0
2026-08-14T15:30:18.263311,13,19,19,15,17,0
2026-08-14T15:30:18.263311,13,19,18,15,16,0
2026-08-14T15:30:18.263311,13,20,19,15,17,0
2026-08-14T15:30:18.266139,13,19,18,14,16,0
2026-08-14T15:30:18.267214,14,18,18,15,16,0
2026-08-14T15:30:18.267214,14,19,18,15,16,0
2026-08-14T15:30:18.268262,14,19,18,14,15,0
2026-08-14T15:30:18.270079,14,20,19,14,16,0
2026-08-14T15:30:18.270871,13,19,18,14,16,0
2026-08-14T15:30:18.272388,13,19,17,15,16,0
2026-08-14T15:30:18.274212,13,18,18,15,16,0
2026-08-14T15:30:18.274212,13,19,18,13,17,0
2026-08-14T15:30:18.274212,12,19,18,15,17,0
2026-08-14T15:30:18.274212,14,19,17,14,16,0
2026-08-14T15:30:18.274212,14,19,18,14,16,0
2026-08-14T15:30:18.274212,14,19,18,14,15,0
2026-08-14T15:30:18.274212,14,18,18,15,16,0
2026-08-14T15:30:18.282608,15,19,18,15,16,0
2026-08-14T15:30:18.282608,13,19,18,14,15,0
2026-08-14T15:30:18.282608,15,18,20,15,16,0
2026-08-14T15:30:18.282608,13,20,18,15,15,0
2026-08-14T15:30:18.286627,14,19,18,15,16,0
2026-08-14T15:30:18.287536,13,18,18,14,16,0
2026-08-14T15:30:18.287536,11,18,19,14,16,0
2026-08-14T15:30:18.290640,13,20,17,14,16,0
2026-08-14T15:30:18.290640,12,18,18,13,16,0
2026-08-14T15:30:18.290640,14,19,18,14,15,0
2026-08-14T15:30:18.290640,13,19,18,14,16,0
2026-08-14T15:30:18.290640,13,19,18,14,15,0
2026-08-14T15:30:18.290640,13,20,18,15,15,0
2026-08-14T15:30:18.290640,14,18,18,14,15,0
2026-08-14T15:30:18.298763,13,19,19,15,15,0
2026-08-14T15:30:18.298763,13,19,18,14,15,0
2026-08-14T15:30:18.298763,13,19,18,15,15,0
2026-08-14T15:30:18.302868,13,18,18,14,16,0
2026-08-14T15:30:18.303548,14,18,19,14,17,0
2026-08-14T15:30:18.303548,13,19,18,13,15,0
2026-08-14T15:30:18.303548,13,20,18,14,15,0
2026-08-14T15:30:18.307455,14,20,18,15,15,0
2026-08-14T15:30:18.307455,14,18,18,14,16,0
2026-08-14T15:30:18.307455,13,19,18,14,16,0
2026-08-14T15:30:18.307455,12,19,18,14,16,0
2026-08-14T15:30:18.307455,13,18,19,14,17,0
2026-08-14T15:30:18.307455,13,19,19,14,15,0
2026-08-14T15:30:18.307455,14,19,18,14,16,0
2026-08-14T15:30:18.315629,13,19,18,15,15,0
2026-08-14T15:30:18.315629,13,19,18,14,17,0
2026-08-14T15:30:18.315629,14,18,18,15,16,0
2026-08-14T15:30:18.315629,13,18,17,15,16,0
2026-08-14T15:30:18.320745,13,19,18,15,16,0
2026-08-14T15:30:18.321162,12,19,19,14,16,0
2026-08-14T15:30:18.321957,13,19,18,14,16,0
2026-08-14T15:30:18.324004,13,19,18,15,15,0
2026-08-14T15:30:18.324004,13,19,17,13,15,0
2026-08-14T15:30:18.324004,13,18,20,14,15,0
2026-08-14T15:30:18.325759,13,19,18,14,15,0
2026-08-14T15:30:18.325759,13,19,19,14,15,0
2026-08-14T15:30:18.325759,12,19,18,14,16,0
2026-08-14T15:30:18.331587,13,19,18,14,16,0
2026-08-14T15:30:18.331587,13,18,18,14,15,0
2026-08-14T15:30:18.331587,14,18,19,14,16,0
2026-08-14T15:30:18.331587,14,19,17,13,17,0
2026-08-14T15:30:18.331587,13,19,18,14,16,0
2026-08-14T15:30:18.337160,13,19,18,15,16,0
2026-08-14T15:30:18.337160,13,19,18,15,16,0
2026-08-14T15:30:18.340333,14,19,18,14,16,0
2026-08-14T15:30:18.340333,13,19,19,15,16,0
2026-08-14T15:30:18.340333,13,18,19,14,16,0
2026-08-14T15:30:18.340333,13,18,18,15,16,0
2026-08-14T15:30:18.344302,14,19,17,13,17,0
2026-08-14T15:30:18.344302,14,18,18,16,16,0
2026-08-14T15:30:18.344302,14,18,18,15,16,0
2026-08-14T15:30:18.348528,13,18,18,14,16,0
2026-08-14T15:30:18.348528,14,20,18,14,15,0
2026-08-14T15:30:18.348528,13,19,18,13,16,0
2026-08-14T15:30:18.348528,13,19,18,14,16,0
2026-08-14T15:30:18.348528,12,20,19,14,15,0
2026-08-14T15:30:18.353138,12,20,18,14,15,0
2026-08-14T15:30:18.354114,13,19,18,14,16,0
2026-08-14T15:30:18.356614,13,18,18,15,16,0
2026-08-14T15:30:18.356614,13,18,19,15,15,0
2026-08-14T15:30:18.356614,13,18,18,14,16,0
2026-08-14T15:30:18.356614,14,18,18,15,16,0
2026-08-14T15:30:18.356614,14,18,18,14,16,0
2026-08-14T15:30:18.356614,14,18,18,14,15,0
2026-08-14T15:30:18.356614,13,19,18,14,15,0
2026-08-14T15:30:18.364821,13,20,19,14,16,0
2026-08-14T15:30:18.364821,14,19,17,14,15,0
2026-08-14T15:30:18.364821,13,18,18,14,15,0
2026-08-14T15:30:18.366832,13,19,18,14,15,0
2026-08-14T15:30:18.369411,13,18,19,15,16,0
2026-08-14T15:30:18.370433,14,19,17,14,16,0
2026-08-14T15:30:18.370433,14,19,17,14,16,0
2026-08-14T15:30:18.372979,13,19,17,15,15,0
2026-08-14T15:30:18.373906,12,18,19,15,16,0
2026-08-14T15:30:18.373906,14,18,18,13,16,0
2026-08-14T15:30:18.377249,14,18,18,14,16,0
2026-08-14T15:30:18.377249,13,19,18,14,15,0
2026-08-14T15:30:18.377249,12,20,18,14,15,0
2026-08-14T15:30:18.379002,13,18,18,14,15,0
2026-08-14T15:30:18.381083,13,19,19,14,16,0
2026-08-14T15:30:18.381083,13,18,17,14,17,0
2026-08-14T15:30:18.381083,12,18,19,14,16,0
2026-08-14T15:30:18.381083,13,18,19,14,16,0
2026-08-14T15:30:18.386113,13,18,19,13,15,0
2026-08-14T15:30:18.386113,14,21,17,15,16,0
2026-08-14T15:30:18.386909,14,18,18,14,15,0
2026-08-14T15:30:18.389287,13,20,19,14,15,0
2026-08-14T15:30:18.389287,14,18,18,14,16,0
2026-08-14T15:30:18.389287,13,18,18,14,16,0
2026-08-14T15:30:18.389287,14,19,18,14,16,0
2026-08-14T15:30:18.389287,13,18,18,14,15,0
2026-08-14T15:30:18.389287,14,19,18,14,16,0
2026-08-14T15:30:18.397501,11,17,18,14,15,0
2026-08-14T15:30:18.398224,14,19,18,14,15,0
2026-08-14T15:30:18.398224,12,19,18,13,15,0
2026-08-14T15:30:18.398224,13,18,18,13,16,0
2026-08-14T15:30:18.398224,14,18,18,15,15,0
2026-08-14T15:30:18.402774,14,18,17,15,16,0
2026-08-14T15:30:18.403420,13,19,18,15,15,0
2026-08-14T15:30:18.405753,13,18,18,13,15,0
2026-08-14T15:30:18.405753,15,18,18,15,16,0
2026-08-14T15:30:18.405753,12,18,18,15,15,0
2026-08-14T15:30:18.407543,13,18,19,15,16,0
2026-08-14T15:30:18.410021,13,20,18,13,15,0
2026-08-14T15:30:18.410021,13,18,17,14,15,0
2026-08-14T15:30:18.410021,13,18,18,13,16,0
2026-08-14T15:30:18.414125,13,18,18,15,16,0
2026-08-14T15:30:18.414125,11,19,18,14,16,0
2026-08-14T15:30:18.414125,14,18,17,14,15,0
2026-08-14T15:30:18.416137,15,18,17,14,16,0
2026-08-14T15:30:18.416137,13,18,18,14,15,0
2026-08-14T15:30:18.416137,14,19,18,15,15,0
2026-08-14T15:30:18.419403,13,19,18,13,16,0
2026-08-14T15:30:18.420299,14,18,18,14,16,0
2026-08-14T15:30:18.422669,14,19,18,14,15,0
2026-08-14T15:30:18.422669,13,19,18,14,15,0
2026-08-14T15:30:18.422669,13,19,18,14,16,0
2026-08-14T15:30:18.422669,14,19,18,15,16,0
2026-08-14T15:30:18.422669,13,18,19,15,15,0
2026-08-14T15:30:18.422669,12,17,18,15,16,0
2026-08-14T15:30:18.422669,14,19,18,14,17,0
2026-08-14T15:30:18.430820,13,18,18,14,16,0
2026-08-14T15:30:18.430820,14,18,19,14,15,0
2026-08-14T15:30:18.434443,13,18,17,14,15,0
2026-08-14T15:30:18.434443,13,19,18,14,15,0
2026-08-14T15:30:18.436160,12,18,18,14,16,0
2026-08-14T15:30:18.436813,13,18,18,15,16,0
2026-08-14T15:30:18.436813,13,18,17,15,15,0
2026-08-14T15:30:18.438893,13,18,17,14,15,0
2026-08-14T15:30:18.438893,13,19,18,14,16,0
2026-08-14T15:30:18.442591,12,18,18,14,16,0
2026-08-14T15:30:18.442591,13,18,17,15,16,0
2026-08-14T15:30:18.442591,13,19,17,15,16,0
2026-08-14T15:30:18.442591,14,18,18,14,15,0
2026-08-14T15:30:18.442591,13,19,18,14,15,0
2026-08-14T15:30:18.446986,14,18,17,14,16,0
2026-08-14T15:30:18.446986,12,19,18,13,15,0
2026-08-14T15:30:18.446986,13,19,18,14,15,0
2026-08-14T15:30:18.446986,12,20,18,14,15,0
2026-08-14T15:30:18.452781,13,20,18,14,15,0
2026-08-14T15:30:18.454141,13,19,17,14,15,0
2026-08-14T15:30:18.454654,14,18,18,14,15,0
2026-08-14T15:30:18.454654,13,18,18,15,16,0
2026-08-14T15:30:18.454654,12,18,17,15,16,0
2026-08-14T15:30:18.454654,14,17,18,15,16,0
2026-08-14T15:30:18.454654,14,18,17,13,16,0
2026-08-14T15:30:18.454654,13,18,18,15,15,0
2026-08-14T15:30:18.462954,14,18,18,14,15,0
2026-08-14T15:30:18.462954,13,18,17,14,16,0
2026-08-14T15:30:18.462954,12,18,18,14,15,0
2026-08-14T15:30:18.462954,14,19,19,14,15,0
2026-08-14T15:30:18.467303,13,18,18,13,15,0
2026-08-14T15:30:18.467303,13,19,18,15,15,0
2026-08-14T15:30:18.467303,12,18,18,15,16,0
2026-08-14T15:30:18.471199,14,18,17,14,16,0
2026-08-14T15:30:18.471199,13,18,18,15,15,0
2026-08-14T15:30:18.471199,13,18,18,15,15,0
2026-08-14T15:30:18.471199,13,18,18,15,16,0
2026-08-14T15:30:18.471199,13,19,18,14,15,0
2026-08-14T15:30:18.471199,14,19,18,14,16,0
2026-08-14T15:30:18.471199,14,18,17,13,17,0
2026-08-14T15:30:18.479458,13,18,18,14,16,0
2026-08-14T15:30:18.479458,12,18,18,14,15,0
2026-08-14T15:30:18.481474,13,20,19,14,16,0
2026-08-14T15:30:18.481474,13,19,18,15,15,0
2026-08-14T15:30:18.483488,13,18,18,15,16,0
2026-08-14T15:30:18.483488,14,18,19,13,16,0
2026-08-14T15:30:18.483488,13,19,18,14,15,0
2026-08-14T15:30:18.486906,13,18,17,13,15,0
2026-08-14T15:30:18.487914,13,18,19,14,16,0
2026-08-14T15:30:18.487914,13,19,17,15,16,0
2026-08-14T15:30:18.487914,14,18,18,14,15,0
2026-08-14T15:30:18.487914,12,19,18,14,15,0
2026-08-14T15:30:18.487914,12,18,17,14,15,0
2026-08-14T15:30:18.487914,14,19,17,14,16,0
2026-08-14T15:30:18.487914,13,18,18,15,16,0
2026-08-14T15:30:18.495965,12,18,18,14,16,0
2026-08-14T15:30:18.495965,13,19,18,14,16,0
2026-08-14T15:30:18.495965,13,18,19,13,16,0
2026-08-14T15:30:18.495965,13,18,17,15,16,0
2026-08-14T15:30:18.501171,13,18,18,14,15,0
2026-08-14T15:30:18.501171,14,18,18,14,16,0
2026-08-14T15:30:18.503104,13,18,18,13,15,0
2026-08-14T15:30:18.504359,14,18,18,14,16,0
2026-08-14T15:30:18.504359,13,18,18,14,15,0
2026-08-14T15:30:18.507615,13,18,20,14,15,0
2026-08-14T15:30:18.507615,12,19,18,15,16,0
2026-08-14T15:30:18.509626,13,18,17,14,15,0
2026-08-14T15:30:18.509626,12,19,17,14,16,0
2026-08-14T15:30:18.512646,14,19,19,15,16,0
2026-08-14T15:30:18.512646,14,18,19,14,16,0
2026-08-14T15:30:18.514657,14,18,18,13,16,0
2026-08-14T15:30:18.514657,14,18,18,14,16,0
2026-08-14T15:30:18.516668,14,19,18,14,16,0
2026-08-14T15:30:18.516668,13,19,19,14,15,0
2026-08-14T15:30:18.516668,13,18,18,14,15,0
2026-08-14T15:30:18.520254,14,20,18,14,15,0
2026-08-14T15:30:18.521262,13,19,19,15,16,0
2026-08-14T15:30:18.521262,12,19,18,14,16,0
2026-08-14T15:30:18.525277,13,18,18,14,16,0
2026-08-14T15:30:18.525277,13,18,17,15,16,0
2026-08-14T15:30:18.525277,12,17,18,13,16,0
2026-08-14T15:30:18.528299,14,18,18,14,16,0
2026-08-14T15:30:18.528900,14,19,18,13,17,0
2026-08-14T15:30:18.528900,15,19,17,14,16,0
2026-08-14T15:30:18.528900,14,19,18,13,16,0
2026-08-14T15:30:18.532391,13,19,18,14,15,0
2026-08-14T15:30:18.532391,14,19,18,14,15,0
2026-08-14T15:30:18.532391,13,20,18,14,16,0
2026-08-14T15:30:18.536962,15,19,18,14,16,0
2026-08-14T15:30:18.537623,12,18,19,15,16,0
2026-08-14T15:30:18.538130,14,18,18,15,16,0
2026-08-14T15:30:18.538684,12,18,18,14,16,0
2026-08-14T15:30:18.540902,13,18,18,15,16,0
2026-08-14T15:30:18.540902,14,17,19,14,16,0
2026-08-14T15:30:18.540902,14,19,18,14,15,0
2026-08-14T15:30:18.544459,13,19,18,14,16,0
2026-08-14T15:30:18.544459,13,19,18,15,15,0
2026-08-14T15:30:18.544459,14,20,18,13,16,0
2026-08-14T15:30:18.544459,13,19,19,14,16,0
2026-08-14T15:30:18.544459,11,20,18,14,15,0
2026-08-14T15:30:18.544459,13,20,18,15,15,0
2026-08-14T15:30:18.544459,13,18,19,15,16,0
2026-08-14T15:30:18.553171,14,19,17,14,16,0
2026-08-14T15:30:18.553987,12,19,17,14,16,0
2026-08-14T15:30:18.553987,13,19,18,14,16,0
2026-08-14T15:30:18.553987,14,19,18,14,16,0
2026-08-14T15:30:18.553987,13,18,18,14,16,0
2026-08-14T15:30:18.553987,14,18,18,15,17,0
2026-08-14T15:30:18.553987,14,19,19,15,16,0
2026-08-14T15:30:18.560957,13,20,18,13,16,0
2026-08-14T15:30:18.560957,13,18,18,14,16,0
2026-08-14T15:30:18.560957,14,18,18,15,16,0
2026-08-14T15:30:18.565502,12,18,18,14,15,0
2026-08-14T15:30:18.565502,13,18,18,14,16,0
2026-08-14T15:30:18.565502,13,19,18,15,16,0
2026-08-14T15:30:18.567260,14,19,17,14,16,0
2026-08-14T15:30:18.569047,13,19,20,15,16,0
2026-08-14T15:30:18.569775,13,19,19,14,17,0
2026-08-14T15:30:18.570726,14,18,17,14,17,0
2026-08-14T15:30:18.572227,14,19,19,15,16,0
2026-08-14T15:30:18.572227,13,19,19,14,16,0
2026-08-14T15:30:18.572227,12,20,20,14,16,0
2026-08-14T15:30:18.572227,14,20,18,14,16,0
2026-08-14T15:30:18.577085,13,19,18,14,15,0
2026-08-14T15:30:18.577085,13,19,19,14,16,0
2026-08-14T15:30:18.577085,13,19,19,15,16,0
2026-08-14T15:30:18.577085,13,19,18,15,16,0
2026-08-14T15:30:18.577085,13,19,18,14,16,0
2026-08-14T15:30:18.577085,13,19,19,14,17,0
2026-08-14T15:30:18.577085,14,19,18,15,16,0
2026-08-14T15:30:18.586499,14,19,18,13,17,0
2026-08-14T15:30:18.587465,15,18,18,15,16,0
2026-08-14T15:30:18.587465,14,20,18,14,16,0
2026-08-14T15:30:18.588669,13,19,18,14,15,0
2026-08-14T15:30:18.588669,13,20,18,14,17,0
2026-08-14T15:30:18.588669,14,20,18,14,15,0
2026-08-14T15:30:18.594179,13,19,19,15,16,0
2026-08-14T15:30:18.595118,13,19,18,15,16,0
2026-08-14T15:30:18.595118,13,19,18,14,15,0
2026-08-14T15:30:18.595118,14,19,18,14,16,0
2026-08-14T15:30:18.598426,13,18,18,15,16,0
2026-08-14T15:30:18.598426,14,19,19,15,16,0
2026-08-14T15:30:18.598426,13,19,18,15,16,0
2026-08-14T15:30:18.602318,15,20,18,16,15,0
2026-08-14T15:30:18.603648,14,19,18,14,17,0
2026-08-14T15:30:18.603648,14,19,18,13,16,0
2026-08-14T15:30:18.604854,13,20,18,15,15,0
2026-08-14T15:30:18.604854,13,20,18,15,16,0
2026-08-14T15:30:18.606865,13,19,19,15,16,0
2026-08-14T15:30:18.607814,13,19,19,14,17,0
2026-08-14T15:30:18.609829,14,19,18,14,16,0
2026-08-14T15:30:18.609829,14,19,18,15,16,0
2026-08-14T15:30:18.611838,14,19,19,14,17,0
2026-08-14T15:30:18.611838,14,18,19,15,16,0
2026-08-14T15:30:18.613291,14,19,19,14,16,0
2026-08-14T15:30:18.615302,14,19,18,14,16,0
2026-08-14T15:30:18.615302,13,20,20,15,16,0
2026-08-14T15:30:18.618317,15,20,19,15,16,0
2026-08-14T15:30:18.619373,14,20,18,14,17,0
2026-08-14T15:30:18.619373,13,20,18,14,15,0
2026-08-14T15:30:18.619373,13,19,18,14,16,0
2026-08-14T15:30:18.621488,14,19,19,15,16,0
2026-08-14T15:30:18.621488,13,19,19,16,16,0
2026-08-14T15:30:18.623637,13,19,19,15,16,0
2026-08-14T15:30:18.626789,13,19,19,15,16,0
2026-08-14T15:30:18.626789,14,19,18,15,16,0
2026-08-14T15:30:18.626789,14,18,19,15,17,0
2026-08-14T15:30:18.629438,14,19,19,15,17,0
2026-08-14T15:30:18.631444,13,20,19,15,16,0
2026-08-14T15:30:18.631444,13,20,20,15,19,0
2026-08-14T15:30:18.631444,13,19,19,14,17,0
2026-08-14T15:30:18.634950,14,19,18,15,16,0
2026-08-14T15:30:18.636058,13,19,20,15,16,0
2026-08-14T15:30:18.636058,13,19,19,15,16,0
2026-08-14T15:30:18.636812,12,20,18,15,16,0
2026-08-14T15:30:18.636812,14,19,18,16,17,0
2026-08-14T15:30:18.636812,15,19,16,16,17,0
2026-08-14T15:30:18.636812,14,20,19,15,17,0
2026-08-14T15:30:18.643305,14,19,19,16,16,0
2026-08-14T15:30:18.643305,14,19,19,14,17,0
2026-08-14T15:30:18.643305,13,19,19,16,17,0
2026-08-14T15:30:18.646354,14,21,20,14,17,0
2026-08-14T15:30:18.646354,14,20,19,15,16,0
2026-08-14T15:30:18.646354,13,20,19,15,16,0
2026-08-14T15:30:18.646354,13,20,20,15,16,0
2026-08-14T15:30:18.651428,13,20,20,15,16,0
2026-08-14T15:30:18.651428,14,21,19,15,16,0
2026-08-14T15:30:18.651428,13,19,18,16,18,0
2026-08-14T15:30:18.653273,14,19,20,15,17,0
2026-08-14T15:30:18.653273,14,18,20,15,16,0
2026-08-14T15:30:18.653273,15,19,19,15,16,0
2026-08-14T15:30:18.653273,14,19,18,15,16,0
2026-08-14T15:30:18.659890,15,20,20,16,16,0
2026-08-14T15:30:18.659890,14,20,19,14,16,0
2026-08-14T15:30:18.659890,15,20,18,15,16,0
2026-08-14T15:30:18.661902,14,19,20,15,17,0
2026-08-14T15:30:18.661902,13,21,19,15,15,0
2026-08-14T15:30:18.661902,12,21,20,15,16,0
2026-08-14T15:30:18.667878,14,20,19,15,16,0
2026-08-14T15:30:18.667878,14,19,19,16,16,0
2026-08-14T15:30:18.669449,14,20,19,14,16,0
2026-08-14T15:30:18.670203,15,20,20,16,16,0
2026-08-14T15:30:18.670203,14,20,19,16,17,0
2026-08-14T15:30:18.672381,14,19,18,15,17,0
2026-08-14T15:30:18.672381,15,19,19,15,17,0
2026-08-14T15:30:18.676080,15,20,20,15,16,0
2026-08-14T15:30:18.676080,14,20,20,16,16,0
2026-08-14T15:30:18.676080,14,20,18,15,17,0
2026-08-14T15:30:18.677842,14,20,20,16,17,0
2026-08-14T15:30:18.680169,13,19,20,15,17,0
2026-08-14T15:30:18.680169,14,20,19,15,16,0
2026-08-14T15:30:18.680169,13,19,19,15,16,0
2026-08-14T15:30:18.684331,14,20,19,15,16,0
2026-08-14T15:30:18.684331,14,20,19,15,16,0
2026-08-14T15:30:18.686056,14,20,20,14,17,0
2026-08-14T15:30:18.687229,14,20,18,15,16,0
2026-08-14T15:30:18.687229,14,20,20,15,17,0
2026-08-14T15:30:18.687229,14,20,20,16,17,0
2026-08-14T15:30:18.689630,14,20,19,15,16,0
2026-08-14T15:30:18.692395,14,20,19,15,16,0
2026-08-14T15:30:18.692395,14,20,19,16,16,0
2026-08-14T15:30:18.692395,13,19,19,16,16,0
2026-08-14T15:30:18.694196,14,19,20,16,16,0
2026-08-14T15:30:18.694196,13,20,20,15,17,0
2026-08-14T15:30:18.694196,14,20,20,16,17,0
2026-08-14T15:30:18.698298,14,20,19,15,16,0
2026-08-14T15:30:18.700873,13,19,20,16,16,0
2026-08-14T15:30:18.701617,15,21,20,15,16,0
2026-08-14T15:30:18.702790,13,20,19,15,16,0
2026-08-14T15:30:18.704748,14,20,20,14,16,0
2026-08-14T15:30:18.705412,14,21,20,15,17,0
2026-08-14T15:30:18.707952,13,20,20,15,17,0
2026-08-14T15:30:18.708962,14,20,20,16,17,0
2026-08-14T15:30:18.708962,15,20,19,15,16,0
2026-08-14T15:30:18.710242,15,19,20,16,16,0
2026-08-14T15:30:18.711545,13,19,20,15,16,0
2026-08-14T15:30:18.712963,14,20,20,15,17,0
2026-08-14T15:30:18.712963,14,19,19,15,16,0
2026-08-14T15:30:18.712963,14,19,19,16,17,0
2026-08-14T15:30:18.712963,14,20,19,15,16,0
2026-08-14T15:30:18.717054,14,20,20,15,16,0
2026-08-14T15:30:18.717054,14,20,20,15,17,0
2026-08-14T15:30:18.717054,13,20,19,15,16,0
2026-08-14T15:30:18.721179,15,20,20,16,17,0
2026-08-14T15:30:18.721179,13,20,20,16,16,0
2026-08-14T15:30:18.721179,15,21,20,15,17,0
2026-08-14T15:30:18.722929,14,20,20,16,18,0
2026-08-14T15:30:18.722929,15,19,19,15,17,0
2026-08-14T15:30:18.725560,14,20,21,15,16,0
2026-08-14T15:30:18.725560,14,20,19,15,17,0
2026-08-14T15:30:18.725560,15,20,19,15,16,0
2026-08-14T15:30:18.725560,15,20,19,15,16,0
2026-08-14T15:30:18.725560,14,20,20,15,17,0
2026-08-14T15:30:18.725560,13,21,20,15,17,0
2026-08-14T15:30:18.733727,14,20,19,15,16,0
2026-08-14T15:30:18.733727,14,21,20,14,16,0
2026-08-14T15:30:18.736318,14,21,19,16,17,0
2026-08-14T15:30:18.737317,14,20,21,15,17,0
2026-08-14T15:30:18.738170,15,20,19,16,16,0
2026-08-14T15:30:18.738170,14,21,19,15,17,0
2026-08-14T15:30:18.741626,14,20,19,15,16,0
2026-08-14T15:30:18.741626,15,20,20,15,16,0
2026-08-14T15:30:18.741626,14,20,19,15,16,0
2026-08-14T15:30:18.743387,15,20,19,15,17,0
2026-08-14T15:30:18.745703,15,20,20,15,17,0
2026-08-14T15:30:18.745703,15,21,20,16,17,0
2026-08-14T15:30:18.747466,14,20,20,15,16,0
2026-08-14T15:30:18.749951,15,20,20,15,16,0
2026-08-14T15:30:18.749951,13,19,20,16,16,0
2026-08-14T15:30:18.749951,15,19,19,15,17,0
2026-08-14T15:30:18.751963,13,20,20,16,17,0
2026-08-14T15:30:18.754030,15,20,19,16,17,0
2026-08-14T15:30:18.754030,14,20,19,16,18,0
2026-08-14T15:30:18.754030,14,21,19,15,17,0
2026-08-14T15:30:18.758052,14,20,20,16,17,0
2026-08-14T15:30:18.758052,15,20,19,15,16,0
2026-08-14T15:30:18.758052,14,20,21,15,17,0
2026-08-14T15:30:18.761897,13,20,20,15,16,0
2026-08-14T15:30:18.761897,13,20,20,15,17,0
2026-08-14T15:30:18.763583,14,21,20,15,16,0
2026-08-14T15:30:18.764614,15,20,20,15,17,0
2026-08-14T15:30:18.766214,13,19,20,15,16,0
2026-08-14T15:30:18.766214,13,20,20,16,17,0
2026-08-14T15:30:18.767259,15,20,19,15,17,0
2026-08-14T15:30:18.770089,14,19,19,16,17,0
2026-08-14T15:30:18.770539,15,19,19,16,17,0
2026-08-14T15:30:18.770539,14,20,20,16,17,0
2026-08-14T15:30:18.770539,15,21,20,16,17,0
2026-08-14T15:30:18.774367,14,21,20,16,17,0
2026-08-14T15:30:18.775216,15,21,20,16,17,0
2026-08-14T15:30:18.775216,14,20,20,16,17,0
2026-08-14T15:30:18.778480,13,20,20,15,17,0
2026-08-14T15:30:18.778480,13,21,20,15,16,0
2026-08-14T15:30:18.778480,14,20,21,15,17,0
2026-08-14T15:30:18.780244,15,21,20,16,17,0
2026-08-14T15:30:18.782579,13,20,20,15,17,0
2026-08-14T15:30:18.782579,14,20,20,15,17,0
2026-08-14T15:30:18.782579,16,20,21,15,17,0
2026-08-14T15:30:18.786541,14,20,20,16,17,0
2026-08-14T15:30:18.787541,15,20,19,16,16,0
2026-08-14T15:30:18.787541,15,21,20,16,17,0
2026-08-14T15:30:18.787541,14,21,20,15,16,0
2026-08-14T15:30:18.790301,15,21,20,15,17,0
2026-08-14T15:30:18.790301,14,21,21,15,16,0
2026-08-14T15:30:18.790301,14,21,21,16,17,0
2026-08-14T15:30:18.792505,13,20,21,16,17,0
2026-08-14T15:30:18.792505,14,19,20,16,17,0
2026-08-14T15:30:18.792505,14,19,20,16,18,0
2026-08-14T15:30:18.798952,14,20,20,16,17,0
2026-08-14T15:30:18.798952,14,20,20,15,17,0
2026-08-14T15:30:18.798952,14,20,19,16,17,0
2026-08-14T15:30:18.798952,15,21,20,16,17,0
2026-08-14T15:30:18.802839,14,21,20,16,17,0
2026-08-14T15:30:18.804115,15,20,20,15,16,0
2026-08-14T15:30:18.804115,16,20,20,15,17,0
2026-08-14T15:30:18.807179,14,21,20,16,17,0
2026-08-14T15:30:18.807179,13,19,19,16,17,0
2026-08-14T15:30:18.807179,14,21,19,16,18,0
2026-08-14T15:30:18.807179,15,21,19,16,18,0
2026-08-14T15:30:18.810422,14,21,19,16,17,0
2026-08-14T15:30:18.810422,14,20,21,16,17,0
2026-08-14T15:30:18.810422,15,20,20,15,16,0
2026-08-14T15:30:18.815448,15,21,20,15,17,0
2026-08-14T15:30:18.815448,15,20,20,16,17,0
2026-08-14T15:30:18.815448,13,19,20,16,17,0
2026-08-14T15:30:18.815448,14,21,20,16,17,0
2026-08-14T15:30:18.819310,13,21,20,15,18,0
2026-08-14T15:30:18.819983,15,20,19,16,17,0
2026-08-14T15:30:18.819983,14,21,21,16,17,0
2026-08-14T15:30:18.823660,14,20,21,16,18,0
2026-08-14T15:30:18.823660,14,20,21,16,17,0
2026-08-14T15:30:18.823660,15,20,19,16,17,0
2026-08-14T15:30:18.823660,15,20,21,15,17,0
2026-08-14T15:30:18.823660,14,21,21,16,17,0
2026-08-14T15:30:18.823660,15,21,20,15,16,0
2026-08-14T15:30:18.823660,15,21,20,16,16,0
2026-08-14T15:30:18.831800,14,21,20,16,17,0
2026-08-14T15:30:18.832669,14,20,20,16,16,0
2026-08-14T15:30:18.832669,14,20,21,16,18,0
2026-08-14T15:30:18.832669,14,21,20,15,17,0
2026-08-14T15:30:18.837036,13,20,19,16,18,0
2026-08-14T15:30:18.837425,14,21,20,15,17,0
2026-08-14T15:30:18.837425,15,19,19,16,17,0
2026-08-14T15:30:18.839919,14,20,20,15,17,0
2026-08-14T15:30:18.839919,16,20,20,15,17,0
2026-08-14T15:30:18.839919,15,22,20,15,17,0
2026-08-14T15:30:18.844006,14,20,20,16,18,0
2026-08-14T15:30:18.844006,15,21,20,15,16,0
2026-08-14T15:30:18.844006,14,21,20,15,17,0
2026-08-14T15:30:18.845769,14,20,21,16,17,0
2026-08-14T15:30:18.848101,13,20,20,16,17,0
2026-08-14T15:30:18.848101,14,21,20,16,16,0
2026-08-14T15:30:18.848101,15,21,20,15,17,0
2026-08-14T15:30:18.848101,14,20,20,15,17,0
2026-08-14T15:30:18.852795,14,21,20,16,18,0
2026-08-14T15:30:18.853773,14,21,21,16,18,0
2026-08-14T15:30:18.853773,14,20,21,16,17,0
2026-08-14T15:30:18.856040,15,21,21,15,18,0
2026-08-14T15:30:18.856040,16,20,20,16,17,0
2026-08-14T15:30:18.856040,15,20,20,16,17,0
2026-08-14T15:30:18.856040,14,21,21,15,16,0
2026-08-14T15:30:18.856040,13,21,21,15,17,0
2026-08-14T15:30:18.856040,15,21,21,16,16,0
2026-08-14T15:30:18.864066,14,21,20,16,17,0
2026-08-14T15:30:18.864066,15,20,21,17,17,0
2026-08-14T15:30:18.866081,14,20,20,15,18,0
2026-08-14T15:30:18.866081,15,20,20,16,17,0
2026-08-14T15:30:18.868096,15,19,20,16,17,0
2026-08-14T15:30:18.869398,14,20,21,15,17,0
2026-08-14T15:30:18.869398,15,21,20,15,17,0
2026-08-14T15:30:18.872354,16,20,20,15,17,0
2026-08-14T15:30:18.872354,15,20,21,15,17,0
2026-08-14T15:30:18.872354,14,21,21,16,17,0
2026-08-14T15:30:18.874422,15,21,21,16,17,0
2026-08-14T15:30:18.874422,15,21,20,15,16,0
2026-08-14T15:30:18.874422,15,20,20,16,17,0
2026-08-14T15:30:18.874422,14,19,21,16,17,0
2026-08-14T15:30:18.880867,14,21,20,16,17,0
2026-08-14T15:30:18.880867,14,21,20,16,17,0
2026-08-14T15:30:18.880867,15,21,20,17,17,0
2026-08-14T15:30:18.880867,15,20,21,17,16,0
2026-08-14T15:30:18.884572,14,20,20,15,17,0
2026-08-14T15:30:18.886032,15,21,20,15,17,0
2026-08-14T15:30:18.887008,14,22,20,15,17,0
2026-08-14T15:30:18.889008,14,20,21,16,16,0
2026-08-14T15:30:18.889008,14,20,20,16,17,0
2026-08-14T15:30:18.889008,15,20,21,16,17,0
2026-08-14T15:30:18.889008,13,20,20,15,17,0
2026-08-14T15:30:18.889008,15,21,21,16,17,0
2026-08-14T15:30:18.889008,14,21,20,16,16,0
2026-08-14T15:30:18.889008,15,19,20,16,17,0
2026-08-14T15:30:18.897260,15,20,20,16,17,0
2026-08-14T15:30:18.897260,15,21,20,15,17,0
2026-08-14T15:30:18.897260,14,20,21,16,17,0
2026-08-14T15:30:18.897260,13,21,20,16,17,0
2026-08-14T15:30:18.897260,15,21,20,16,17,0
2026-08-14T15:30:18.902757,15,20,20,14,17,0
2026-08-14T15:30:18.903669,14,20,20,16,18,0
2026-08-14T15:30:18.905450,14,21,19,16,17,0
2026-08-14T15:30:18.905450,13,20,20,16,18,0
2026-08-14T15:30:18.905450,14,20,22,15,17,0
2026-08-14T15:30:18.909551,15,20,20,15,17,0
2026-08-14T15:30:18.909551,15,19,20,15,18,0
2026-08-14T15:30:18.909551,14,20,20,16,17,0
2026-08-14T15:30:18.909551,15,21,20,15,17,0
2026-08-14T15:30:18.913801,15,21,21,15,17,0
2026-08-14T15:30:18.913801,15,21,20,16,17,0
2026-08-14T15:30:18.913801,14,21,20,16,17,0
2026-08-14T15:30:18.916945,15,21,21,15,16,0
2026-08-14T15:30:18.918107,13,20,21,16,16,0
2026-08-14T15:30:18.918107,14,21,21,16,17,0
2026-08-14T15:30:18.919811,14,21,21,16,18,0
2026-08-14T15:30:18.921170,14,20,21,15,17,0
2026-08-14T15:30:18.922350,14,20,21,15,17,0
2026-08-14T15:30:18.922350,15,20,20,16,17,0
2026-08-14T15:30:18.925399,15,19,19,16,17,0
2026-08-14T15:30:18.925399,14,20,20,15,16,0
2026-08-14T15:30:18.925399,12,21,21,15,17,0
2026-08-14T15:30:18.930069,15,20,21,15,17,0
2026-08-14T15:30:18.930069,15,21,20,16,17,0
2026-08-14T15:30:18.930069,15,21,20,16,17,0
2026-08-14T15:30:18.930069,15,21,20,17,17,0
2026-08-14T15:30:18.932551,14,19,20,16,16,0
2026-08-14T15:30:18.932551,14,20,19,16,17,0
2026-08-14T15:30:18.932551,14,19,21,16,17,0
2026-08-14T15:30:18.936772,14,20,20,15,17,0
2026-08-14T15:30:18.938594,15,20,20,15,17,0
2026-08-14T15:30:18.938594,15,20,19,16,17,0
2026-08-14T15:30:18.938594,14,20,20,15,17,0
2026-08-14T15:30:18.940625,15,21,20,15,16,0
2026-08-14T15:30:18.940625,15,20,21,15,17,0
2026-08-14T15:30:18.940625,14,20,20,16,17,0
2026-08-14T15:30:18.946519,13,19,21,16,17,0
2026-08-14T15:30:18.946519,13,21,21,16,17,0
2026-08-14T15:30:18.946519,15,20,20,16,17,0
2026-08-14T15:30:18.946519,14,20,21,15,17,0
2026-08-14T15:30:18.950452,14,20,20,16,17,0
2026-08-14T15:30:18.950452,15,20,21,16,16,0
2026-08-14T15:30:18.950452,14,20,20,16,17,0
2026-08-14T15:30:18.954606,15,21,20,16,17,0
2026-08-14T15:30:18.954606,15,20,20,16,16,0
2026-08-14T15:30:18.954606,14,21,20,16,17,0
2026-08-14T15:30:18.954606,14,21,20,16,17,0
2026-08-14T15:30:18.958703,13,21,20,16,17,0
2026-08-14T15:30:18.958703,15,21,21,15,17,0
2026-08-14T15:30:18.958703,13,21,19,16,17,0
2026-08-14T15:30:18.962650,15,21,20,16,18,0
2026-08-14T15:30:18.962650,13,20,19,16,18,0
2026-08-14T15:30:18.962650,14,20,19,16,17,0
2026-08-14T15:30:18.962650,15,20,19,15,16,0
2026-08-14T15:30:18.962650,16,20,20,15,17,0
2026-08-14T15:30:18.962650,14,20,20,13,17,0
2026-08-14T15:30:18.962650,15,21,21,16,17,0
2026-08-14T15:30:18.970539,15,21,20,16,17,0
2026-08-14T15:30:18.970539,13,21,21,16,17,0
2026-08-14T15:30:18.970539,13,20,20,15,17,0
2026-08-14T15:30:18.970539,15,20,20,15,17,0
2026-08-14T15:30:18.970539,14,19,20,17,17,0
2026-08-14T15:30:18.970539,15,20,20,16,17,0
2026-08-14T15:30:18.970539,14,19,20,15,16,0
2026-08-14T15:30:18.978629,14,20,21,15,17,0
2026-08-14T15:30:18.978629,15,21,20,15,17,0
2026-08-14T15:30:18.978629,15,21,21,16,17,0
2026-08-14T15:30:18.978629,15,21,20,16,17,0
2026-08-14T15:30:18.978629,14,21,21,15,17,0
2026-08-14T15:30:18.978629,14,20,20,16,16,0
2026-08-14T15:30:18.978629,14,20,19,16,18,0
2026-08-14T15:30:18.986523,15,21,20,16,17,0
2026-08-14T15:30:18.986523,14,21,20,15,17,0
2026-08-14T15:30:18.986523,14,20,20,16,17,0
2026-08-14T15:30:18.991479,15,19,19,16,17,0
2026-08-14T15:30:18.992321,14,21,19,16,17,0
2026-08-14T15:30:18.992321,14,21,20,16,17,0
2026-08-14T15:30:18.995552,13,21,21,15,17,0
2026-08-14T15:30:18.995552,15,21,20,15,17,0
2026-08-14T15:30:18.995552,15,21,20,16,17,0
2026-08-14T15:30:18.997313,13,20,21,16,17,0
2026-08-14T15:30:18.997313,14,20,20,16,17,0
2026-08-14T15:30:18.997313,14,19,21,16,17,0
2026-08-14T15:30:18.997313,14,21,19,16,17,0
2026-08-14T15:30:19.003946,14,19,20,16,16,0
2026-08-14T15:30:19.003946,15,20,21,16,17,0
2026-08-14T15:30:19.003946,14,21,19,16,17,0
2026-08-14T15:30:19.005956,15,20,20,16,17,0
2026-08-14T15:30:19.005956,13,20,20,15,16,0
2026-08-14T15:30:19.005956,15,21,20,15,17,0
2026-08-14T15:30:19.005956,14,21,20,15,16,0
2026-08-14T15:30:19.010816,15,21,20,15,16,0
2026-08-14T15:30:19.010816,14,21,20,16,18,0
2026-08-14T15:30:19.010816,14,19,20,16,18,0
2026-08-14T15:30:19.010816,14,20,20,16,17,0
2026-08-14T15:30:19.010816,14,21,19,16,17,0
2026-08-14T15:30:19.010816,14,20,21,15,17,0
2026-08-14T15:30:19.010816,15,21,20,16,17,0
2026-08-14T15:30:19.019715,15,21,19,15,17,0
2026-08-14T15:30:19.020903,14,20,20,15,17,0
2026-08-14T15:30:19.020903,14,20,20,15,16,0
2026-08-14T15:30:19.020903,13,21,20,16,17,0
2026-08-14T15:30:19.024217,15,21,21,15,16,0
2026-08-14T15:30:19.024217,13,20,19,16,17,0
2026-08-14T15:30:19.024217,15,21,20,15,17,0
2026-08-14T15:30:19.026780,14,21,19,15,17,0
2026-08-14T15:30:19.026780,14,21,20,15,17,0
2026-08-14T15:30:19.026780,14,21,19,15,17,0
2026-08-14T15:30:19.026780,15,20,20,15,17,0
2026-08-14T15:30:19.026780,14,20,20,15,17,0
2026-08-14T15:30:19.026780,14,20,21,15,17,0
2026-08-14T15:30:19.034859,14,22,20,15,17,0
2026-08-14T15:30:19.036153,15,20,20,15,16,0
2026-08-14T15:30:19.036972,14,19,19,16,18,0
2026-08-14T15:30:19.036972,13,20,20,17,16,0
2026-08-14T15:30:19.040200,13,20,20,16,18,0
2026-08-14T15:30:19.040907,14,20,20,15,17,0
2026-08-14T15:30:19.040907,15,20,19,15,17,0
2026-08-14T15:30:19.042917,14,19,20,16,17,0
2026-08-14T15:30:19.042917,15,20,20,15,16,0
2026-08-14T15:30:19.045239,15,21,20,15,17,0
2026-08-14T15:30:19.045239,14,21,20,15,16,0
2026-08-14T15:30:19.048705,15,21,20,15,17,0
2026-08-14T15:30:19.049301,14,21,20,15,17,0
2026-08-14T15:30:19.049859,15,21,21,17,17,0
2026-08-14T15:30:19.050433,14,20,21,16,17,0
2026-08-14T15:30:19.052723,13,21,20,16,18,0
2026-08-14T15:30:19.053452,14,19,20,16,17,0
2026-08-14T15:30:19.053452,14,20,20,15,16,0
2026-08-14T15:30:19.057006,14,20,20,16,16,0
2026-08-14T15:30:19.057006,15,20,20,16,18,0
2026-08-14T15:30:19.057006,16,20,20,16,16,0
2026-08-14T15:30:19.061104,14,21,20,16,18,0
2026-08-14T15:30:19.061104,13,20,20,15,16,0
2026-08-14T15:30:19.062866,13,21,20,16,16,0
2026-08-14T15:30:19.062866,13,19,20,16,16,0
2026-08-14T15:30:19.062866,14,21,20,16,17,0
2026-08-14T15:30:19.062866,15,21,20,15,16,0
2026-08-14T15:30:19.062866,14,20,20,16,16,0
2026-08-14T15:30:19.067274,14,19,19,16,18,0
2026-08-14T15:30:19.070717,14,20,21,16,16,0
2026-08-14T15:30:19.071063,15,20,21,15,17,0
2026-08-14T15:30:19.071063,16,20,20,15,17,0
2026-08-14T15:30:19.071063,14,20,20,15,16,0
2026-08-14T15:30:19.071063,13,20,20,16,17,0
2026-08-14T15:30:19.071063,14,21,21,15,17,0
2026-08-14T15:30:19.075474,14,20,20,16,17,0
2026-08-14T15:30:19.075474,13,19,19,16,18,0
2026-08-14T15:30:19.079232,15,21,20,16,17,0
2026-08-14T15:30:19.079232,12,21,21,15,17,0
2026-08-14T15:30:19.081568,15,19,19,16,18,0
2026-08-14T15:30:19.081568,14,19,19,16,17,0
2026-08-14T15:30:19.081568,14,20,20,16,17,0
2026-08-14T15:30:19.085687,13,20,20,15,16,0
2026-08-14T15:30:19.086923,14,21,21,16,16,0
2026-08-14T15:30:19.088289,14,20,20,15,17,0
2026-08-14T15:30:19.088289,13,20,20,15,17,0
2026-08-14T15:30:19.090811,15,21,21,15,16,0
2026-08-14T15:30:19.091817,14,20,19,15,17,0
2026-08-14T15:30:19.092540,15,19,19,16,17,0
2026-08-14T15:30:19.092540,14,21,20,16,18,0
2026-08-14T15:30:19.092540,13,19,20,16,17,0
2026-08-14T15:30:19.092540,14,21,20,16,17,0
2026-08-14T15:30:19.092540,14,19,19,15,17,0
2026-08-14T15:30:19.092540,15,20,19,15,17,0
2026-08-14T15:30:19.092540,14,20,20,16,18,0
2026-08-14T15:30:19.099738,15,22,20,16,16,0
2026-08-14T15:30:19.109764,15,20,20,15,16,0
2026-08-14T15:30:19.109764,15,20,20,15,16,0
2026-08-14T15:30:19.109764,15,19,20,16,16,0
2026-08-14T15:30:19.115380,15,21,20,15,16,0
2026-08-14T15:30:19.115380,13,19,19,16,17,0
2026-08-14T15:30:19.116390,14,20,21,16,17,0
2026-08-14T15:30:19.116390,14,20,19,16,17,0
2026-08-14T15:30:19.116390,14,20,20,16,17,0
2026-08-14T15:30:19.116390,15,20,20,15,16,0
2026-08-14T15:30:19.116390,14,20,20,15,16,0
2026-08-14T15:30:19.116390,14,21,21,15,17,0
2026-08-14T15:30:19.119382,14,21,20,15,16,0
2026-08-14T15:30:19.120090,14,20,20,15,17,0
2026-08-14T15:30:19.120090,14,20,20,15,17,0
2026-08-14T15:30:19.120090,14,20,19,15,17,0
2026-08-14T15:30:19.120090,14,21,20,16,17,0
2026-08-14T15:30:19.120090,14,20,19,15,17,0
2026-08-14T15:30:19.122343,14,21,20,15,16,0
2026-08-14T15:30:19.122343,15,20,20,15,17,0
2026-08-14T15:30:19.122343,14,19,20,16,17,0
2026-08-14T15:30:19.126629,15,20,20,15,16,0
2026-08-14T15:30:19.126629,15,21,20,16,16,0
2026-08-14T15:30:19.126629,14,21,20,15,16,0
2026-08-14T15:30:19.126629,15,21,20,15,17,0
2026-08-14T15:30:19.130728,14,19,20,15,16,0
2026-08-14T15:30:19.130728,13,20,21,16,16,0
2026-08-14T15:30:19.130728,14,19,20,15,16,0
2026-08-14T15:30:19.134874,14,19,19,16,17,0
2026-08-14T15:30:19.134874,15,20,19,16,17,0
2026-08-14T15:30:19.136863,15,20,20,14,17,0
2026-08-14T15:30:19.137640,14,20,20,15,16,0
2026-08-14T15:30:19.137640,15,20,20,15,16,0
2026-08-14T15:30:19.137640,14,20,20,15,17,0
2026-08-14T15:30:19.137640,15,21,20,16,17,0
2026-08-14T15:30:19.143136,14,20,20,15,17,0
2026-08-14T15:30:19.143136,14,20,20,15,16,0
2026-08-14T15:30:19.143136,13,20,20,16,17,0
2026-08-14T15:30:19.145144,13,20,20,16,17,0
2026-08-14T15:30:19.147151,14,20,20,16,17,0
2026-08-14T15:30:19.147151,15,19,19,16,17,0
2026-08-14T15:30:19.147151,14,20,20,16,17,0
2026-08-14T15:30:19.151207,14,20,21,16,17,0
2026-08-14T15:30:19.151207,15,20,19,15,16,0
2026-08-14T15:30:19.152735,16,20,19,15,17,0
2026-08-14T15:30:19.153671,14,21,20,15,17,0
2026-08-14T15:30:19.153671,14,21,20,15,16,0
2026-08-14T15:30:19.153671,13,19,20,16,16,0
2026-08-14T15:30:19.153671,13,20,20,15,16,0
2026-08-14T15:30:19.159319,14,19,20,16,17,0
2026-08-14T15:30:19.159319,14,20,19,15,17,0
2026-08-14T15:30:19.159319,13,19,19,16,16,0
2026-08-14T15:30:19.159319,14,20,20,15,16,0
2026-08-14T15:30:19.159319,15,20,19,15,16,0
2026-08-14T15:30:19.159319,15,20,19,15,16,0
2026-08-14T15:30:19.159319,14,21,20,15,17,0
2026-08-14T15:30:19.167590,13,20,20,15,16,0
2026-08-14T15:30:19.167590,13,20,19,15,16,0
2026-08-14T15:30:19.170168,14,20,20,15,17,0
2026-08-14T15:30:19.170877,13,19,20,15,16,0
2026-08-14T15:30:19.170877,15,21,20,15,17,0
2026-08-14T15:30:19.170877,13,20,20,17,16,0
2026-08-14T15:30:19.170877,15,20,20,16,18,0
2026-08-14T15:30:19.170877,14,20,19,16,17,0
2026-08-14T15:30:19.176092,14,19,20,16,17,0
2026-08-14T15:30:19.176092,14,20,19,15,16,0
2026-08-14T15:30:19.179879,14,20,20,15,17,0
2026-08-14T15:30:19.179879,14,20,20,15,17,0
2026-08-14T15:30:19.181639,14,19,20,16,17,0
2026-08-14T15:30:19.181639,14,20,20,15,16,0
2026-08-14T15:30:19.183979,15,21,20,15,16,0
2026-08-14T15:30:19.183979,14,20,21,15,16,0
2026-08-14T15:30:19.183979,13,21,20,15,16,0
2026-08-14T15:30:19.188081,14,21,20,16,16,0
2026-08-14T15:30:19.188081,12,20,20,15,17,0
2026-08-14T15:30:19.188081,14,20,20,15,17,0
2026-08-14T15:30:19.188081,14,19,19,15,17,0
2026-08-14T15:30:19.192323,14,20,20,16,17,0
2026-08-14T15:30:19.192323,14,20,20,15,17,0
2026-08-14T15:30:19.192323,14,21,20,15,16,0
2026-08-14T15:30:19.194334,14,20,19,15,17,0
2026-08-14T15:30:19.194334,15,20,20,15,17,0
2026-08-14T15:30:19.194334,14,21,20,15,16,0
2026-08-14T15:30:19.200390,13,20,20,15,16,0
2026-08-14T15:30:19.200390,15,19,20,16,17,0
2026-08-14T15:30:19.200390,13,19,19,16,18,0
2026-08-14T15:30:19.202710,14,19,20,16,17,0
2026-08-14T15:30:19.203670,14,20,20,15,16,0
2026-08-14T15:30:19.203670,15,19,21,15,17,0
2026-08-14T15:30:19.203670,15,20,20,15,17,0
2026-08-14T15:30:19.203670,15,20,20,15,17,0
2026-08-14T15:30:19.208773,14,20,20,15,16,0
2026-08-14T15:30:19.208773,14,20,19,15,17,0
2026-08-14T15:30:19.210786,14,20,20,15,16,0
2026-08-14T15:30:19.210786,14,20,20,16,18,0
2026-08-14T15:30:19.210786,14,21,20,15,17,0
2026-08-14T15:30:19.210786,15,21,19,15,17,0
2026-08-14T15:30:19.215336,14,19,19,16,16,0
2026-08-14T15:30:19.217134,14,20,19,16,17,0
2026-08-14T15:30:19.217134,14,21,19,16,16,0
2026-08-14T15:30:19.219397,14,20,19,15,17,0
2026-08-14T15:30:19.220716,15,20,20,15,17,0
2026-08-14T15:30:19.220716,14,20,20,15,17,0
2026-08-14T15:30:19.220716,14,21,20,15,17,0
2026-08-14T15:30:19.224599,13,21,20,15,16,0
2026-08-14T15:30:19.225619,15,20,19,16,16,0
2026-08-14T15:30:19.225619,14,20,20,15,17,0
2026-08-14T15:30:19.225619,14,19,20,16,17,0
2026-08-14T15:30:19.225619,13,20,19,15,16,0
2026-08-14T15:30:19.225619,14,20,20,15,17,0
2026-08-14T15:30:19.225619,14,19,19,15,17,0
2026-08-14T15:30:19.225619,14,19,19,15,17,0
2026-08-14T15:30:19.233913,15,20,20,15,17,0
2026-08-14T15:30:19.234947,14,21,20,15,17,0
2026-08-14T15:30:19.237218,14,21,20,15,16,0
2026-08-14T15:30:19.237218,13,19,20,16,17,0
2026-08-14T15:30:19.237218,13,21,20,17,17,0
2026-08-14T15:30:19.237218,13,20,20,15,16,0
2026-08-14T15:30:19.241327,14,20,19,15,17,0
2026-08-14T15:30:19.241327,14,19,19,15,16,0
2026-08-14T15:30:19.242345,14,19,19,15,18,0
2026-08-14T15:30:19.244744,14,19,19,16,16,0
2026-08-14T15:30:19.244744,14,20,20,15,16,0
2026-08-14T15:30:19.244744,13,20,20,15,17,0
2026-08-14T15:30:19.244744,13,20,19,15,17,0
2026-08-14T15:30:19.244744,15,21,20,15,17,0
2026-08-14T15:30:19.244744,13,19,21,16,18,0
2026-08-14T15:30:19.250601,14,20,20,15,17,0
2026-08-14T15:30:19.253705,14,20,19,16,17,0
2026-08-14T15:30:19.254690,15,19,19,15,16,0
2026-08-14T15:30:19.254690,12,21,19,16,16,0
2026-08-14T15:30:19.254690,14,20,20,15,16,0
2026-08-14T15:30:19.254690,14,20,19,15,16,0
2026-08-14T15:30:19.258627,14,19,18,15,16,0
2026-08-14T15:30:19.258627,14,20,20,15,16,0
2026-08-14T15:30:19.258627,14,21,20,14,16,0
2026-08-14T15:30:19.262161,14,20,20,15,17,0
2026-08-14T15:30:19.263173,14,21,19,15,17,0
2026-08-14T15:30:19.265366,13,20,20,16,16,0
2026-08-14T15:30:19.266418,13,20,20,15,16,0
2026-08-14T15:30:19.266418,14,20,19,15,18,0
2026-08-14T15:30:19.268018,14,19,19,15,17,0
2026-08-14T15:30:19.269530,14,20,20,16,17,0
2026-08-14T15:30:19.271059,14,19,20,15,16,0
2026-08-14T15:30:19.271059,14,20,19,15,17,0
2026-08-14T15:30:19.273719,15,19,19,15,17,0
2026-08-14T15:30:19.274728,13,20,19,15,17,0
2026-08-14T15:30:19.275659,14,20,20,15,16,0
2026-08-14T15:30:19.275659,13,20,19,15,16,0
2026-08-14T15:30:19.275659,14,20,20,15,16,0
2026-08-14T15:30:19.275659,14,19,20,16,17,0
2026-08-14T15:30:19.275659,13,19,20,15,16,0
2026-08-14T15:30:19.279948,13,20,20,15,17,0
2026-08-14T15:30:19.283058,14,20,19,15,17,0
2026-08-14T15:30:19.283058,14,19,20,15,17,0
2026-08-14T15:30:19.283058,14,20,19,15,16,0
2026-08-14T15:30:19.286472,14,19,19,15,16,0
2026-08-14T15:30:19.287428,15,20,18,15,17,0
2026-08-14T15:30:19.287428,14,20,19,15,16,0
2026-08-14T15:30:19.287428,14,20,20,15,16,0
2026-08-14T15:30:19.291217,14,20,20,14,17,0
2026-08-14T15:30:19.291217,15,20,18,15,16,0
2026-08-14T15:30:19.294568,15,20,20,16,17,0
2026-08-14T15:30:19.294568,14,20,19,15,17,0
2026-08-14T15:30:19.296323,14,19,20,16,16,0
2026-08-14T15:30:19.296323,15,19,19,15,16,0
2026-08-14T15:30:19.298353,13,20,20,15,17,0
2026-08-14T15:30:19.299366,16,20,19,15,17,0
2026-08-14T15:30:19.299366,14,19,19,16,17,0
2026-08-14T15:30:19.299366,14,20,19,15,16,0
2026-08-14T15:30:19.303245,14,20,20,15,16,0
2026-08-14T15:30:19.304432,15,19,19,15,16,0
2026-08-14T15:30:19.304432,14,20,19,15,17,0
2026-08-14T15:30:19.304432,14,21,20,16,16,0
2026-08-14T15:30:19.307430,13,21,20,15,16,0
2026-08-14T15:30:19.307430,13,20,19,15,17,0
2026-08-14T15:30:19.307430,14,19,19,16,18,0
2026-08-14T15:30:19.307430,14,19,19,15,17,0
2026-08-14T15:30:19.307430,14,20,20,15,16,0
2026-08-14T15:30:19.307430,14,20,20,15,16,0
2026-08-14T15:30:19.307430,15,20,20,15,16,0
2026-08-14T15:30:19.315586,13,20,20,16,17,0
2026-08-14T15:30:19.315586,13,20,20,15,16,0
2026-08-14T15:30:19.319092,13,19,20,15,16,0
2026-08-14T15:30:19.319795,14,20,20,16,17,0
2026-08-14T15:30:19.320430,12,20,19,16,18,0
2026-08-14T15:30:19.320430,13,19,20,15,18,0
2026-08-14T15:30:19.323228,14,19,19,15,17,0
2026-08-14T15:30:19.323228,14,20,19,15,17,0
2026-08-14T15:30:19.323228,14,20,20,15,17,0
2026-08-14T15:30:19.325714,14,20,19,15,17,0
2026-08-14T15:30:19.325714,14,19,19,15,17,0
2026-08-14T15:30:19.329111,13,20,19,15,17,0
2026-08-14T15:30:19.329111,14,20,20,15,16,0
2026-08-14T15:30:19.331587,14,20,19,15,17,0
2026-08-14T15:30:19.331587,13,20,20,14,18,0
2026-08-14T15:30:19.331587,15,20,19,16,16,0
2026-08-14T15:30:19.331587,15,20,19,15,16,0
2026-08-14T15:30:19.336970,14,19,19,16,16,0
2026-08-14T15:30:19.336970,15,20,19,15,17,0
2026-08-14T15:30:19.339629,13,19,19,15,16,0
2026-08-14T15:30:19.339629,14,20,20,15,16,0
2026-08-14T15:30:19.339629,14,20,20,15,16,0
2026-08-14T15:30:19.341390,13,20,20,15,16,0
2026-08-14T15:30:19.342877,13,20,20,15,17,0
2026-08-14T15:30:19.342877,13,21,20,15,16,0
2026-08-14T15:30:19.342877,14,19,20,15,16,0
2026-08-14T15:30:19.342877,14,20,20,15,17,0
2026-08-14T15:30:19.348033,13,20,20,16,17,0
2026-08-14T15:30:19.348033,13,21,19,17,16,0
2026-08-14T15:30:19.350048,14,19,19,15,16,0
2026-08-14T15:30:19.350048,15,20,20,15,16,0
2026-08-14T15:30:19.352768,14,19,19,15,16,0
2026-08-14T15:30:19.353894,14,20,18,15,17,0
2026-08-14T15:30:19.353894,15,20,20,15,16,0
2026-08-14T15:30:19.356137,14,20,19,14,17,0
2026-08-14T15:30:19.356137,13,21,19,15,17,0
2026-08-14T15:30:19.356137,14,20,20,15,17,0
2026-08-14T15:30:19.356137,15,20,20,15,17,0
2026-08-14T15:30:19.356137,14,19,19,15,16,0
2026-08-14T15:30:19.356137,15,19,19,16,17,0
2026-08-14T15:30:19.364253,14,19,18,15,16,0
2026-08-14T15:30:19.364253,14,20,20,15,16,0
2026-08-14T15:30:19.364253,15,20,19,15,16,0
2026-08-14T15:30:19.364253,14,19,19,15,17,0
2026-08-14T15:30:19.369537,13,20,19,15,16,0
2026-08-14T15:30:19.370158,14,21,20,15,16,0
2026-08-14T15:30:19.370158,13,21,20,15,16,0
2026-08-14T15:30:19.372334,13,20,20,15,16,0
2026-08-14T15:30:19.372334,13,21,20,16,16,0
2026-08-14T15:30:19.372334,14,20,19,16,17,0
2026-08-14T15:30:19.376481,14,19,19,15,16,0
2026-08-14T15:30:19.376481,14,20,19,16,16,0
2026-08-14T15:30:19.378243,14,18,19,15,16,0
2026-08-14T15:30:19.378243,14,19,19,15,16,0
2026-08-14T15:30:19.380581,14,20,19,15,17,0
2026-08-14T15:30:19.380581,15,20,19,15,17,0
2026-08-14T15:30:19.380581,14,20,20,16,17,0
2026-08-14T15:30:19.384680,13,19,20,15,16,0
2026-08-14T15:30:19.384680,15,19,19,15,16,0
2026-08-14T15:30:19.386821,13,19,19,15,16,0
2026-08-14T15:30:19.387274,13,20,19,15,16,0
2026-08-14T15:30:19.387274,13,19,19,15,16,0
2026-08-14T15:30:19.389274,14,20,19,15,16,0
2026-08-14T15:30:19.389274,14,20,20,15,16,0
2026-08-14T15:30:19.391933,14,20,19,15,16,0
2026-08-14T15:30:19.391933,15,20,20,14,16,0
2026-08-14T15:30:19.391933,13,20,19,15,16,0
2026-08-14T15:30:19.391933,15,20,19,15,16,0
2026-08-14T15:30:19.397508,14,20,19,14,16,0
2026-08-14T15:30:19.397508,14,19,19,15,17,0
2026-08-14T15:30:19.397508,14,19,19,14,16,0
2026-08-14T15:30:19.397508,14,20,20,15,16,0
2026-08-14T15:30:19.397508,13,20,20,15,16,0
2026-08-14T15:30:19.402729,15,19,19,14,17,0
2026-08-14T15:30:19.403651,15,19,19,15,16,0
2026-08-14T15:30:19.405704,14,19,19,15,17,0
2026-08-14T15:30:19.405704,14,19,18,15,16,0
2026-08-14T15:30:19.405704,15,20,20,15,17,0
2026-08-14T15:30:19.405704,14,20,20,15,16,0
2026-08-14T15:30:19.405704,13,19,19,15,17,0
2026-08-14T15:30:19.405704,14,20,18,14,16,0
2026-08-14T15:30:19.405704,13,20,19,16,16,0
2026-08-14T15:30:19.413811,14,19,19,15,17,0
2026-08-14T15:30:19.413811,13,18,20,16,17,0
2026-08-14T15:30:19.415823,13,20,20,15,16,0
2026-08-14T15:30:19.417455,14,20,19,15,16,0
2026-08-14T15:30:19.417455,13,20,18,15,16,0
2026-08-14T15:30:19.417455,14,20,19,14,17,0
2026-08-14T15:30:19.421564,15,20,20,15,16,0
2026-08-14T15:30:19.421564,12,20,20,15,16,0
2026-08-14T15:30:19.421564,13,20,19,15,16,0
2026-08-14T15:30:19.421564,14,20,19,15,16,0
2026-08-14T15:30:19.421564,13,19,20,16,16,0
2026-08-14T15:30:19.421564,13,19,19,15,16,0
2026-08-14T15:30:19.427371,13,19,20,15,17,0
2026-08-14T15:30:19.427371,13,19,19,15,17,0
2026-08-14T15:30:19.430009,14,20,18,15,16,0
2026-08-14T15:30:19.430009,14,19,19,15,16,0
2026-08-14T15:30:19.430009,13,20,19,15,16,0
2026-08-14T15:30:19.430009,15,20,18,14,16,0
2026-08-14T15:30:19.430009,13,20,19,15,17,0
2026-08-14T15:30:19.437098,13,19,19,15,16,0
2026-08-14T15:30:19.437098,13,20,20,15,15,0
2026-08-14T15:30:19.438358,13,20,19,14,16,0
2026-08-14T15:30:19.438358,14,20,19,15,17,0
2026-08-14T15:30:19.442028,15,19,19,15,18,0
2026-08-14T15:30:19.442028,13,19,19,14,17,0
2026-08-14T15:30:19.442028,14,20,18,14,16,0
2026-08-14T15:30:19.443791,14,19,18,15,17,0
2026-08-14T15:30:19.446179,15,19,18,15,16,0
2026-08-14T15:30:19.446179,13,20,20,15,16,0
2026-08-14T15:30:19.446179,14,20,20,15,16,0
2026-08-14T15:30:19.450229,14,20,18,14,16,0
2026-08-14T15:30:19.450229,13,19,20,15,17,0
2026-08-14T15:30:19.451987,12,21,19,15,17,0
2026-08-14T15:30:19.452709,14,20,20,15,16,0
2026-08-14T15:30:19.453311,13,19,18,15,17,0
2026-08-14T15:30:19.454546,13,19,20,15,16,0
2026-08-14T15:30:19.454546,14,20,19,15,16,0
2026-08-14T15:30:19.454546,13,19,19,15,16,0
2026-08-14T15:30:19.454546,13,20,20,15,16,0
2026-08-14T15:30:19.454546,14,20,18,15,16,0
2026-08-14T15:30:19.454546,14,20,19,15,16,0
2026-08-14T15:30:19.462671,14,20,19,16,17,0
2026-08-14T15:30:19.462671,14,20,19,15,17,0
2026-08-14T15:30:19.462671,14,21,20,15,16,0
2026-08-14T15:30:19.462671,15,19,19,15,16,0
2026-08-14T15:30:19.462671,14,19,19,15,16,0
2026-08-14T15:30:19.462671,13,19,18,15,16,0
2026-08-14T15:30:19.470692,13,20,20,15,16,0
2026-08-14T15:30:19.470692,14,19,18,14,17,0
2026-08-14T15:30:19.470692,14,19,19,16,16,0
2026-08-14T15:30:19.470692,13,18,18,14,17,0
2026-08-14T15:30:19.474784,14,20,19,14,16,0
2026-08-14T15:30:19.474784,14,20,19,14,16,0
2026-08-14T15:30:19.474784,14,20,19,15,16,0
2026-08-14T15:30:19.478878,14,20,19,15,16,0
2026-08-14T15:30:19.478878,12,20,19,15,16,0
2026-08-14T15:30:19.480648,12,19,19,14,16,0
2026-08-14T15:30:19.480648,13,19,18,15,16,0
2026-08-14T15:30:19.482799,14,19,19,15,16,0
2026-08-14T15:30:19.482799,14,20,18,16,17,0
2026-08-14T15:30:19.482799,13,19,19,15,16,0
2026-08-14T15:30:19.487005,13,19,18,15,16,0
2026-08-14T15:30:19.487005,14,20,18,16,16,0
2026-08-14T15:30:19.487005,14,20,19,15,16,0
2026-08-14T15:30:19.487005,13,20,19,15,16,0
2026-08-14T15:30:19.487005,13,20,19,14,16,0
2026-08-14T15:30:19.487005,13,20,18,15,15,0
2026-08-14T15:30:19.487005,13,19,18,15,16,0
2026-08-14T15:30:19.495225,14,19,19,15,16,0
2026-08-14T15:30:19.495225,13,19,19,14,16,0
2026-08-14T15:30:19.497236,14,19,18,15,16,0
2026-08-14T15:30:19.497236,14,19,18,15,17,0
2026-08-14T15:30:19.497236,13,20,19,14,16,0
2026-08-14T15:30:19.497236,13,19,18,14,17,0
2026-08-14T15:30:19.501329,15,19,18,14,16,0
2026-08-14T15:30:19.503240,13,20,20,15,17,0
2026-08-14T15:30:19.503979,13,20,20,15,17,0
2026-08-14T15:30:19.503979,15,20,18,15,16,0
2026-08-14T15:30:19.503979,13,21,20,15,16,0
2026-08-14T15:30:19.503979,13,20,19,14,16,0
2026-08-14T15:30:19.503979,14,19,19,15,16,0
2026-08-14T15:30:19.503979,12,19,20,15,16,0
2026-08-14T15:30:19.511724,13,19,18,15,16,0
2026-08-14T15:30:19.511724,13,20,19,15,16,0
2026-08-14T15:30:19.513746,15,20,19,15,16,0
2026-08-14T15:30:19.515757,14,19,18,14,16,0
2026-08-14T15:30:19.515757,15,20,18,14,16,0
2026-08-14T15:30:19.515757,15,20,19,15,16,0
2026-08-14T15:30:19.517768,13,20,19,14,15,0
2026-08-14T15:30:19.519446,13,19,18,14,16,0
2026-08-14T15:30:19.520065,13,19,18,14,15,0
2026-08-14T15:30:19.520065,13,20,20,15,15,0
2026-08-14T15:30:19.523955,13,19,19,15,16,0
2026-08-14T15:30:19.523955,14,18,19,15,16,0
2026-08-14T15:30:19.523955,13,20,18,14,16,0
2026-08-14T15:30:19.528027,14,19,19,14,16,0
2026-08-14T15:30:19.528027,14,19,19,14,15,0
2026-08-14T15:30:19.529789,14,18,18,15,16,0
2026-08-14T15:30:19.529789,14,20,19,15,16,0
2026-08-14T15:30:19.532167,14,20,19,14,15,0
2026-08-14T15:30:19.532167,14,20,19,14,16,0
2026-08-14T15:30:19.532167,13,20,18,15,16,0
2026-08-14T15:30:19.535484,13,19,18,14,16,0
2026-08-14T15:30:19.537408,13,19,19,14,16,0
2026-08-14T15:30:19.537714,12,19,18,16,17,0
2026-08-14T15:30:19.537714,13,19,18,14,16,0
2026-08-14T15:30:19.537714,14,19,18,15,16,0
2026-08-14T15:30:19.537714,14,19,19,14,17,0
2026-08-14T15:30:19.537714,14,19,19,15,16,0
2026-08-14T15:30:19.543855,14,19,18,15,16,0
2026-08-14T15:30:19.543855,15,20,19,14,16,0
2026-08-14T15:30:19.543855,14,19,19,14,16,0
2026-08-14T15:30:19.547321,13,20,19,15,16,0
2026-08-14T15:30:19.547321,13,19,19,15,16,0
2026-08-14T15:30:19.547321,13,19,18,14,16,0
2026-08-14T15:30:19.547321,13,19,18,14,16,0
2026-08-14T15:30:19.551390,13,18,18,14,16,0
2026-08-14T15:30:19.553125,13,19,20,15,16,0
2026-08-14T15:30:19.553793,13,20,19,14,16,0
2026-08-14T15:30:19.553793,14,18,19,14,16,0
2026-08-14T15:30:19.553793,14,19,19,14,16,0
2026-08-14T15:30:19.557120,14,19,18,15,16,0
2026-08-14T15:30:19.557633,13,20,18,15,15,0
2026-08-14T15:30:19.560431,15,20,19,14,16,0
2026-08-14T15:30:19.561026,13,20,19,15,15,0
2026-08-14T15:30:19.561026,14,20,19,15,16,0
2026-08-14T15:30:19.563557,12,19,20,15,15,0
2026-08-14T15:30:19.563557,13,19,19,14,16,0
2026-08-14T15:30:19.563557,14,20,19,15,19,0
2026-08-14T15:30:19.566658,14,19,19,16,17,0
2026-08-14T15:30:19.566658,12,18,19,15,16,0
2026-08-14T15:30:19.570631,14,20,18,15,16,0
2026-08-14T15:30:19.570631,14,19,19,14,16,0
2026-08-14T15:30:19.570631,14,19,19,14,16,0
2026-08-14T15:30:19.570631,13,19,18,15,15,0
2026-08-14T15:30:19.574733,14,20,18,14,15,0
2026-08-14T15:30:19.574733,15,20,20,14,16,0
2026-08-14T15:30:19.574733,13,20,19,15,16,0
2026-08-14T15:30:19.574733,11,19,18,14,17,0
2026-08-14T15:30:19.574733,14,19,18,15,16,0
2026-08-14T15:30:19.578921,13,19,19,15,16,0
2026-08-14T15:30:19.578921,14,18,19,15,16,0
2026-08-14T15:30:19.578921,13,19,18,14,17,0
2026-08-14T15:30:19.583030,13,18,18,14,16,0
2026-08-14T15:30:19.584971,13,19,18,15,16,0
2026-08-14T15:30:19.586092,14,19,19,14,16,0
2026-08-14T15:30:19.586684,14,18,17,15,16,0
2026-08-14T15:30:19.589479,13,20,18,14,16,0
2026-08-14T15:30:19.589479,14,19,18,14,15,0
2026-08-14T15:30:19.589479,14,20,18,14,16,0
2026-08-14T15:30:19.592963,14,19,18,14,16,0
2026-08-14T15:30:19.592963,13,19,19,15,16,0
2026-08-14T15:30:19.595338,14,19,19,14,16,0
2026-08-14T15:30:19.597690,13,19,18,14,16,0
2026-08-14T15:30:19.598510,13,19,18,14,16,0
2026-08-14T15:30:19.599527,14,19,19,14,16,0
2026-08-14T15:30:19.599527,14,19,18,14,16,0
2026-08-14T15:30:19.599527,13,19,19,14,16,0
2026-08-14T15:30:19.602769,14,20,18,14,16,0
2026-08-14T15:30:19.603359,14,20,18,14,16,0
2026-08-14T15:30:19.603359,13,19,19,14,16,0
2026-08-14T15:30:19.605615,13,19,18,15,16,0
2026-08-14T15:30:19.605615,14,20,18,15,16,0
2026-08-14T15:30:19.605615,13,19,18,14,16,0
2026-08-14T15:30:19.607626,14,20,18,14,16,0
2026-08-14T15:30:19.607626,14,20,18,14,16,0
2026-08-14T15:30:19.607626,13,20,18,15,15,0
2026-08-14T15:30:19.607626,15,20,18,14,16,0
2026-08-14T15:30:19.607626,15,18,18,14,16,0
2026-08-14T15:30:19.607626,13,18,18,14,16,0
2026-08-14T15:30:19.607626,15,19,18,14,16,0
2026-08-14T15:30:19.618182,13,20,19,14,15,0
2026-08-14T15:30:19.618182,13,20,18,15,15,0
2026-08-14T15:30:19.619856,14,19,18,14,15,0
2026-08-14T15:30:19.619856,13,19,18,15,15,0
2026-08-14T15:30:19.622244,13,19,18,14,16,0
2026-08-14T15:30:19.622244,14,19,18,14,16,0
2026-08-14T15:30:19.622244,12,20,18,14,16,0
2026-08-14T15:30:19.626010,14,19,18,15,16,0
2026-08-14T15:30:19.626010,14,20,19,15,16,0
2026-08-14T15:30:19.626010,14,19,18,14,15,0
2026-08-14T15:30:19.630032,14,19,19,15,16,0
2026-08-14T15:30:19.630032,13,19,18,15,16,0
2026-08-14T15:30:19.630032,13,19,18,14,15,0
2026-08-14T15:30:19.632045,13,19,18,14,15,0
2026-08-14T15:30:19.634533,13,19,18,14,16,0
2026-08-14T15:30:19.634533,12,19,18,15,16,0
2026-08-14T15:30:19.636400,13,19,18,15,15,0
2026-08-14T15:30:19.637882,13,19,19,15,16,0
2026-08-14T15:30:19.637882,13,18,18,14,16,0
2026-08-14T15:30:19.637882,13,19,17,14,16,0
2026-08-14T15:30:19.640457,13,19,18,14,16,0
2026-08-14T15:30:19.640457,14,20,19,14,15,0
2026-08-14T15:30:19.640457,15,19,18,15,15,0
2026-08-14T15:30:19.640457,14,19,18,14,16,0
2026-08-14T15:30:19.640457,14,19,18,14,16,0
2026-08-14T15:30:19.640457,13,19,20,14,15,0
2026-08-14T15:30:19.640457,13,18,18,15,15,0
2026-08-14T15:30:19.648702,14,19,18,15,16,0
2026-08-14T15:30:19.649569,14,19,19,15,16,0
2026-08-14T15:30:19.651589,14,19,17,14,16,0
2026-08-14T15:30:19.653260,13,19,17,15,16,0
2026-08-14T15:30:19.654021,14,18,18,14,16,0
2026-08-14T15:30:19.654021,15,18,18,15,15,0
2026-08-14T15:30:19.656031,13,19,18,14,16,0
2026-08-14T15:30:19.656540,14,19,18,14,16,0
2026-08-14T15:30:19.659106,13,20,18,15,15,0
2026-08-14T15:30:19.659106,13,18,19,15,16,0
2026-08-14T15:30:19.660968,14,19,18,14,16,0
2026-08-14T15:30:19.663205,13,19,18,15,16,0
2026-08-14T15:30:19.663205,14,20,18,15,15,0
2026-08-14T15:30:19.663205,13,19,18,14,16,0
2026-08-14T15:30:19.666091,14,19,18,14,16,0
2026-08-14T15:30:19.666091,14,19,18,14,17,0
2026-08-14T15:30:19.666091,12,19,18,13,16,0
2026-08-14T15:30:19.670676,13,20,19,14,16,0
2026-08-14T15:30:19.671704,15,20,18,15,16,0
2026-08-14T15:30:19.671704,14,18,18,14,16,0
2026-08-14T15:30:19.671704,14,18,18,14,15,0
2026-08-14T15:30:19.673465,14,19,19,15,15,0
2026-08-14T15:30:19.673465,13,19,18,14,16,0
2026-08-14T15:30:19.673465,12,20,18,14,16,0
2026-08-14T15:30:19.673465,11,19,17,14,16,0
2026-08-14T15:30:19.673465,12,19,19,14,15,0
2026-08-14T15:30:19.679949,13,20,19,14,16,0
2026-08-14T15:30:19.681684,12,19,18,14,16,0
2026-08-14T15:30:19.681684,13,18,18,14,16,0
2026-08-14T15:30:19.681684,14,19,18,14,16,0
2026-08-14T15:30:19.681684,13,19,18,14,16,0
2026-08-14T15:30:19.686049,15,18,17,14,16,0
2026-08-14T15:30:19.687216,14,19,18,14,16,0
2026-08-14T15:30:19.687216,13,20,19,15,16,0
2026-08-14T15:30:19.687216,14,19,18,14,16,0
2026-08-14T15:30:19.691891,13,19,18,14,15,0
2026-08-14T15:30:19.691891,13,19,18,15,16,0
2026-08-14T15:30:19.691891,13,19,18,14,16,0
2026-08-14T15:30:19.695976,13,19,18,14,16,0
2026-08-14T15:30:19.695976,13,18,19,15,16,0
2026-08-14T15:30:19.695976,13,18,17,14,16,0
2026-08-14T15:30:19.697738,13,19,18,14,16,0
2026-08-14T15:30:19.697738,14,19,18,14,16,0
2026-08-14T15:30:19.697738,14,20,18,15,16,0
2026-08-14T15:30:19.697738,14,20,18,14,16,0
2026-08-14T15:30:19.704168,14,19,19,14,15,0
2026-08-14T15:30:19.704168,13,19,19,15,16,0
2026-08-14T15:30:19.704168,12,19,20,16,15,0
2026-08-14T15:30:19.705919,14,20,18,15,15,0
2026-08-14T15:30:19.706900,15,19,19,15,16,0
2026-08-14T15:30:19.706900,14,18,18,14,16,0
2026-08-14T15:30:19.706900,14,19,17,14,16,0
2026-08-14T15:30:19.706900,13,19,18,15,16,0
2026-08-14T15:30:19.706900,13,19,18,14,15,0
2026-08-14T15:30:19.706900,13,18,18,14,16,0
2026-08-14T15:30:19.714322,14,19,18,14,16,0
2026-08-14T15:30:19.714322,13,19,18,15,16,0
2026-08-14T15:30:19.714322,13,20,18,14,16,0
2026-08-14T15:30:19.714322,13,19,18,14,16,0
2026-08-14T15:30:19.719933,13,19,19,14,15,0
2026-08-14T15:30:19.719933,13,18,19,14,15,0
2026-08-14T15:30:19.719933,13,19,18,15,16,0
2026-08-14T15:30:19.722641,13,19,18,14,16,0
2026-08-14T15:30:19.724323,13,18,19,14,16,0
2026-08-14T15:30:19.724323,13,19,18,14,15,0
2026-08-14T15:30:19.724323,14,19,19,14,16,0
2026-08-14T15:30:19.727812,13,20,18,14,15,0
2026-08-14T15:30:19.727812,14,18,18,15,16,0
2026-08-14T15:30:19.727812,13,19,18,14,15,0
2026-08-14T15:30:19.730928,13,19,18,15,16,0
2026-08-14T15:30:19.730928,12,18,18,14,15,0
2026-08-14T15:30:19.730928,13,18,18,14,15,0
2026-08-14T15:30:19.730928,13,18,17,14,16,0
2026-08-14T15:30:19.737048,13,18,17,14,15,0
2026-08-14T15:30:19.737048,13,19,18,14,16,0
2026-08-14T15:30:19.737048,12,19,18,13,16,0
2026-08-14T15:30:19.739229,12,18,18,14,16,0
2026-08-14T15:30:19.739229,14,18,19,14,15,0
2026-08-14T15:30:19.739229,14,19,17,14,15,0
2026-08-14T15:30:19.742784,14,19,18,15,17,0
2026-08-14T15:30:19.742784,14,20,18,13,17,0
2026-08-14T15:30:19.742784,13,19,18,14,15,0
2026-08-14T15:30:19.742784,14,19,17,14,15,0
2026-08-14T15:30:19.749230,14,19,18,13,15,0
2026-08-14T15:30:19.749230,14,19,18,15,15,0
2026-08-14T15:30:19.750993,13,18,18,14,16,0
2026-08-14T15:30:19.750993,13,18,17,14,16,0
2026-08-14T15:30:19.753479,13,19,18,14,16,0
2026-08-14T15:30:19.753479,14,19,17,15,16,0
2026-08-14T15:30:19.753479,14,18,18,14,16,0
2026-08-14T15:30:19.757032,13,19,19,14,15,0
2026-08-14T15:30:19.757032,14,20,18,14,16,0
2026-08-14T15:30:19.757032,13,18,18,14,15,0
2026-08-14T15:30:19.759147,13,19,19,14,15,0
2026-08-14T15:30:19.759147,12,19,19,14,16,0
2026-08-14T15:30:19.759147,13,19,18,14,16,0
2026-08-14T15:30:19.763427,14,19,17,14,15,0
2026-08-14T15:30:19.765054,14,17,18,15,16,0
2026-08-14T15:30:19.765054,13,19,18,15,16,0
2026-08-14T15:30:19.766715,12,19,18,14,16,0
2026-08-14T15:30:19.768843,14,18,17,13,16,0
2026-08-14T15:30:19.770589,15,19,18,14,15,0
2026-08-14T15:30:19.771326,13,18,18,14,16,0
2026-08-14T15:30:19.771326,13,19,18,14,15,0
2026-08-14T15:30:19.771326,12,18,18,13,16,0
2026-08-14T15:30:19.771326,13,18,18,13,15,0
2026-08-14T15:30:19.771326,14,19,18,14,15,0
2026-08-14T15:30:19.771326,13,19,18,15,15,0
2026-08-14T15:30:19.771326,13,19,18,14,15,0
2026-08-14T15:30:19.771326,13,19,19,14,16,0
2026-08-14T15:30:19.779835,13,18,17,14,16,0
2026-08-14T15:30:19.781968,13,19,18,13,16,0
2026-08-14T15:30:19.781968,12,18,17,14,15,0
2026-08-14T15:30:19.781968,13,18,18,15,15,0
2026-08-14T15:30:19.785760,14,18,17,13,16,0
2026-08-14T15:30:19.787071,13,19,17,14,16,0
2026-08-14T15:30:19.787376,13,19,17,14,15,0
2026-08-14T15:30:19.787376,13,18,20,14,15,0
2026-08-14T15:30:19.789694,13,18,18,14,15,0
2026-08-14T15:30:19.789694,14,19,18,14,15,0
2026-08-14T15:30:19.789694,13,18,18,14,16,0
2026-08-14T15:30:19.792768,14,19,18,15,15,0
2026-08-14T15:30:19.792768,13,18,17,14,17,0
2026-08-14T15:30:19.795774,12,18,17,15,16,0
2026-08-14T15:30:19.795774,14,19,17,14,16,0
2026-08-14T15:30:19.795774,13,18,18,14,15,0
2026-08-14T15:30:19.795774,14,20,18,14,16,0
2026-08-14T15:30:19.800137,15,19,18,14,16,0
2026-08-14T15:30:19.800137,13,18,18,13,15,0
2026-08-14T15:30:19.803207,12,19,19,14,15,0
2026-08-14T15:30:19.804225,12,17,17,14,16,0
2026-08-14T15:30:19.804225,13,18,18,14,16,0
2026-08-14T15:30:19.804225,14,19,17,13,16,0
2026-08-14T15:30:19.804225,13,18,19,14,16,0
2026-08-14T15:30:19.808312,13,18,18,14,15,0
2026-08-14T15:30:19.808312,14,19,18,14,16,0
2026-08-14T15:30:19.808312,14,18,18,13,16,0
2026-08-14T15:30:19.808312,14,19,18,13,16,0
2026-08-14T15:30:19.814757,12,18,18,14,15,0
2026-08-14T15:30:19.814757,13,19,18,13,17,0
2026-08-14T15:30:19.814757,12,19,18,14,16,0
2026-08-14T15:30:19.816520,13,18,18,14,15,0
2026-08-14T15:30:19.816520,13,17,19,14,16,0
2026-08-14T15:30:19.820326,11,19,18,14,15,0
2026-08-14T15:30:19.820733,13,18,18,15,15,0
2026-08-14T15:30:19.822953,13,18,18,14,16,0
2026-08-14T15:30:19.822953,14,18,18,13,16,0
2026-08-14T15:30:19.824715,15,19,18,15,15,0
2026-08-14T15:30:19.824715,14,18,17,13,15,0
2026-08-14T15:30:19.824715,13,19,18,14,14,0
2026-08-14T15:30:19.828476,13,19,18,15,15,0
2026-08-14T15:30:19.828476,12,19,18,14,15,0
2026-08-14T15:30:19.828476,12,20,18,14,15,0
2026-08-14T15:30:19.828476,11,19,18,14,15,0
2026-08-14T15:30:19.828476,13,18,19,14,15,0
2026-08-14T15:30:19.832918,14,19,18,15,15,0
2026-08-14T15:30:19.836511,14,18,17,14,15,0
2026-08-14T15:30:19.837419,12,19,18,14,16,0
2026-08-14T15:30:19.837419,14,19,18,14,16,0
2026-08-14T15:30:19.837419,14,18,18,13,16,0
2026-08-14T15:30:19.837419,14,18,17,14,15,0
2026-08-14T15:30:19.837419,14,20,18,14,15,0
2026-08-14T15:30:19.837419,13,18,18,13,16,0
2026-08-14T15:30:19.844410,14,18,17,13,15,0
2026-08-14T15:30:19.844410,12,18,18,15,15,0
2026-08-14T15:30:19.844410,12,19,20,14,15,0
2026-08-14T15:30:19.847520,12,19,19,14,15,0
2026-08-14T15:30:19.847520,13,18,17,14,15,0
2026-08-14T15:30:19.847520,13,19,18,15,17,0
2026-08-14T15:30:19.851054,13,19,18,14,16,0
2026-08-14T15:30:19.852659,14,19,18,15,15,0
2026-08-14T15:30:19.853132,14,18,18,14,16,0
2026-08-14T15:30:19.853132,14,18,18,15,15,0
2026-08-14T15:30:19.853132,14,18,18,14,15,0
2026-08-14T15:30:19.853132,14,19,18,14,15,0
2026-08-14T15:30:19.853132,13,18,17,14,16,0
2026-08-14T15:30:19.853132,13,19,18,14,15,0
2026-08-14T15:30:19.853132,12,18,17,15,16,0
2026-08-14T15:30:19.860689,14,18,19,14,16,0
2026-08-14T15:30:19.860689,14,18,17,14,16,0
2026-08-14T15:30:19.860689,13,19,18,14,16,0
2026-08-14T15:30:19.860689,13,19,18,15,17,0
2026-08-14T15:30:19.860689,12,18,19,14,16,0
2026-08-14T15:30:19.860689,13,18,18,13,15,0
2026-08-14T15:30:19.868757,14,18,17,14,17,0
2026-08-14T15:30:19.869368,13,19,18,14,15,0
2026-08-14T15:30:19.872104,12,18,18,14,16,0
2026-08-14T15:30:19.872104,12,18,18,14,15,0
2026-08-14T15:30:19.872104,15,18,16,14,15,0
2026-08-14T15:30:19.872104,13,18,18,14,15,0
2026-08-14T15:30:19.876205,13,18,18,14,16,0
2026-08-14T15:30:19.876205,12,18,18,14,16,0
2026-08-14T15:30:19.877234,13,19,16,14,15,0
2026-08-14T15:30:19.879123,14,19,17,13,16,0
2026-08-14T15:30:19.880878,14,19,18,14,16,0
2026-08-14T15:30:19.880878,12,17,18,15,15,0
2026-08-14T15:30:19.880878,13,18,18,14,16,0
2026-08-14T15:30:19.880878,14,20,18,13,15,0
2026-08-14T15:30:19.885291,13,19,18,13,15,0
2026-08-14T15:30:19.886105,13,19,18,14,15,0
2026-08-14T15:30:19.887324,13,20,18,14,15,0
2026-08-14T15:30:19.887324,12,18,18,15,15,0
2026-08-14T15:30:19.887324,14,18,17,13,16,0
2026-08-14T15:30:19.887324,11,17,18,14,15,0
2026-08-14T15:30:19.893384,12,18,18,13,15,0
2026-08-14T15:30:19.893384,14,18,19,13,16,0
2026-08-14T15:30:19.895401,14,18,19,14,15,0
2026-08-14T15:30:19.895401,14,19,17,14,16,0
2026-08-14T15:30:19.897416,13,19,18,14,16,0
2026-08-14T15:30:19.897416,13,18,18,14,15,0
2026-08-14T15:30:19.900952,13,20,18,14,15,0
2026-08-14T15:30:19.900952,13,19,18,14,16,0
2026-08-14T15:30:19.902718,12,19,17,13,15,0
2026-08-14T15:30:19.903671,13,18,18,14,14,0
2026-08-14T15:30:19.904148,13,19,18,14,16,0
2026-08-14T15:30:19.904148,13,19,19,14,15,0
2026-08-14T15:30:19.904148,14,18,17,14,15,0
2026-08-14T15:30:19.908955,13,19,19,14,15,0
2026-08-14T15:30:19.908955,14,18,18,14,16,0
2026-08-14T15:30:19.908955,15,19,18,15,16,0
2026-08-14T15:30:19.910720,14,19,17,14,16,0
2026-08-14T15:30:19.913054,13,19,18,15,16,0
2026-08-14T15:30:19.913054,12,19,19,14,15,0
2026-08-14T15:30:19.913054,15,18,18,14,15,0
2026-08-14T15:30:19.917147,13,19,18,14,16,0
2026-08-14T15:30:19.917147,13,18,17,14,15,0
2026-08-14T15:30:19.917147,12,20,18,15,15,0
2026-08-14T15:30:19.920244,13,18,17,14,16,0
2026-08-14T15:30:19.921411,13,18,17,13,15,0
2026-08-14T15:30:19.921411,12,18,19,13,16,0
2026-08-14T15:30:19.921411,13,18,18,15,15,0
2026-08-14T15:30:19.925489,14,18,18,13,16,0
2026-08-14T15:30:19.925489,15,18,16,15,15,0
2026-08-14T15:30:19.925489,15,19,19,14,17,0
2026-08-14T15:30:19.925489,13,18,19,14,15,0
2026-08-14T15:30:19.925489,12,19,18,14,15,0
2026-08-14T15:30:19.925489,13,18,17,14,15,0
2026-08-14T15:30:19.925489,12,17,19,14,16,0
2026-08-14T15:30:19.933654,13,17,17,15,16,0
2026-08-14T15:30:19.933654,15,18,17,13,15,0
2026-08-14T15:30:19.933654,13,18,18,13,16,0
2026-08-14T15:30:19.937618,14,18,18,14,16,0
2026-08-14T15:30:19.937618,14,18,19,13,16,0
2026-08-14T15:30:19.937618,14,17,18,16,15,0
2026-08-14T15:30:19.939371,13,18,18,14,16,0
2026-08-14T15:30:19.941730,15,20,18,13,16,0
2026-08-14T15:30:19.941730,13,19,18,14,16,0
2026-08-14T15:30:19.941730,13,19,18,14,15,0
2026-08-14T15:30:19.945831,12,18,18,14,15,0
2026-08-14T15:30:19.945831,14,19,18,14,16,0
2026-08-14T15:30:19.945831,13,19,19,13,16,0
2026-08-14T15:30:19.947594,14,19,18,14,16,0
2026-08-14T15:30:19.950056,13,19,18,13,15,0
2026-08-14T15:30:19.950056,14,18,18,15,15,0
2026-08-14T15:30:19.950056,14,19,19,15,15,0
2026-08-14T15:30:19.953947,14,18,17,14,16,0
2026-08-14T15:30:19.953947,14,19,17,14,15,0
2026-08-14T15:30:19.953947,12,20,20,14,16,0
2026-08-14T15:30:19.953947,13,18,18,14,15,0
2026-08-14T15:30:19.958249,13,19,18,14,16,0
2026-08-14T15:30:19.958249,14,19,18,14,15,0
2026-08-14T15:30:19.958249,13,19,18,15,16,0
2026-08-14T15:30:19.958249,14,19,19,15,16,0
2026-08-14T15:30:19.958249,14,18,18,15,16,0
2026-08-14T15:30:19.958249,14,18,17,14,16,0
2026-08-14T15:30:19.966379,14,18,18,14,15,0
2026-08-14T15:30:19.966379,13,20,18,14,16,0
2026-08-14T15:30:19.966379,15,19,19,13,16,0
2026-08-14T15:30:19.968394,13,19,18,14,16,0
2026-08-14T15:30:19.970278,12,19,18,15,16,0
2026-08-14T15:30:19.970278,13,20,18,15,15,0
2026-08-14T15:30:19.970278,13,19,18,15,15,0
2026-08-14T15:30:19.974617,12,19,18,14,15,0
2026-08-14T15:30:19.974617,13,19,19,14,15,0
2026-08-14T15:30:19.974617,13,18,19,14,16,0
2026-08-14T15:30:19.974617,14,18,18,14,16,0
2026-08-14T15:30:19.974617,14,19,17,14,16,0
2026-08-14T15:30:19.974617,14,19,19,14,16,0
2026-08-14T15:30:19.974617,13,19,18,14,16,0
2026-08-14T15:30:19.982608,15,19,19,14,16,0
2026-08-14T15:30:19.982608,14,18,18,14,16,0
2026-08-14T15:30:19.982608,13,18,19,14,15,0
2026-08-14T15:30:19.984620,13,20,20,14,15,0
2026-08-14T15:30:19.987088,14,18,18,14,16,0
2026-08-14T15:30:19.987088,13,18,17,14,16,0
2026-08-14T15:30:19.987088,12,18,19,14,16,0
2026-08-14T15:30:19.990909,13,19,18,14,16,0
2026-08-14T15:30:19.990909,14,20,17,15,16,0
2026-08-14T15:30:19.990909,14,19,19,15,16,0
2026-08-14T15:30:19.994979,14,20,18,15,16,0
2026-08-14T15:30:19.994979,13,20,19,15,16,0
2026-08-14T15:30:19.994979,14,20,18,15,15,0
2026-08-14T15:30:19.994979,13,18,18,15,16,0
2026-08-14T15:30:19.999079,14,19,19,14,15,0
2026-08-14T15:30:19.999079,13,19,18,15,16,0
2026-08-14T15:30:19.999079,13,20,20,14,16,0
2026-08-14T15:30:20.003352,15,19,18,15,16,0
2026-08-14T15:30:20.004314,14,19,19,14,16,0
2026-08-14T15:30:20.004314,13,19,18,13,16,0
2026-08-14T15:30:20.004314,15,18,18,14,16,0
2026-08-14T15:30:20.007406,13,19,18,15,16,0
2026-08-14T15:30:20.007406,14,18,18,15,16,0
2026-08-14T15:30:20.007406,14,19,18,15,16,0
2026-08-14T15:30:20.007406,14,19,19,15,16,0
2026-08-14T15:30:20.007406,14,20,18,14,17,0
2026-08-14T15:30:20.007406,14,19,20,14,15,0
2026-08-14T15:30:20.007406,14,19,20,15,16,0
2026-08-14T15:30:20.007406,13,19,20,14,15,0
2026-08-14T15:30:20.015838,12,19,20,15,17,0
2026-08-14T15:30:20.015838,13,19,20,14,17,0
2026-08-14T15:30:20.019397,13,19,19,14,16,0
2026-08-14T15:30:20.020193,14,19,18,16,16,0
2026-08-14T15:30:20.020193,13,19,18,15,16,0
2026-08-14T15:30:20.020193,14,20,20,15,16,0
2026-08-14T15:30:20.023652,14,20,20,15,16,0
2026-08-14T15:30:20.023652,15,19,18,15,16,0
2026-08-14T15:30:20.023652,13,20,20,15,16,0
2026-08-14T15:30:20.023652,13,20,20,14,16,0
2026-08-14T15:30:20.023652,14,20,20,15,15,0
2026-08-14T15:30:20.023652,14,20,19,15,16,0
2026-08-14T15:30:20.032057,14,19,18,15,16,0
2026-08-14T15:30:20.032057,14,19,18,15,16,0
2026-08-14T15:30:20.032057,14,19,20,14,18,0
2026-08-14T15:30:20.032057,14,19,19,14,16,0
2026-08-14T15:30:20.032057,14,19,18,15,17,0
2026-08-14T15:30:20.036576,14,19,19,15,15,0
2026-08-14T15:30:20.037629,13,20,20,15,17,0
2026-08-14T15:30:20.040245,15,19,19,14,16,0
2026-08-14T15:30:20.040245,14,19,20,14,17,0
2026-08-14T15:30:20.040245,13,20,20,15,16,0
2026-08-14T15:30:20.040245,14,19,20,15,16,0
2026-08-14T15:30:20.044168,14,20,20,15,16,0
2026-08-14T15:30:20.044168,14,19,18,16,17,0
2026-08-14T15:30:20.044168,14,20,19,15,17,0
2026-08-14T15:30:20.046931,14,19,19,15,16,0
2026-08-14T15:30:20.048687,14,19,18,15,17,0
2026-08-14T15:30:20.048687,14,20,19,15,16,0
2026-08-14T15:30:20.048687,13,20,19,15,16,0
2026-08-14T15:30:20.050699,13,20,18,15,16,0
2026-08-14T15:30:20.053780,13,20,18,15,16,0
2026-08-14T15:30:20.054156,14,20,18,15,16,0
2026-08-14T15:30:20.054156,14,20,19,15,17,0
2026-08-14T15:30:20.056996,13,19,19,15,17,0
2026-08-14T15:30:20.056996,13,20,20,14,16,0
2026-08-14T15:30:20.056996,15,19,19,15,16,0
2026-08-14T15:30:20.061439,13,19,19,15,16,0
2026-08-14T15:30:20.061439,14,19,19,15,16,0
2026-08-14T15:30:20.063454,13,19,19,14,17,0
2026-08-14T15:30:20.064693,13,20,19,16,16,0
2026-08-14T15:30:20.064693,14,20,20,14,16,0
2026-08-14T15:30:20.066702,14,20,18,14,17,0
2026-08-14T15:30:20.068824,13,20,19,15,16,0
2026-08-14T15:30:20.069334,13,20,18,15,16,0
2026-08-14T15:30:20.069334,14,19,18,14,16,0
2026-08-14T15:30:20.071089,14,19,19,15,16,0
2026-08-14T15:30:20.072830,14,20,20,16,15,0
2026-08-14T15:30:20.072830,13,19,18,15,16,0
2026-08-14T15:30:20.072830,13,19,19,15,16,0
2026-08-14T15:30:20.077088,14,20,21,14,16,0
2026-08-14T15:30:20.077088,13,20,19,15,17,0
2026-08-14T15:30:20.077088,14,20,20,15,16,0
2026-08-14T15:30:20.078843,15,20,19,15,16,0
2026-08-14T15:30:20.080982,15,20,20,15,16,0
2026-08-14T15:30:20.080982,15,20,19,15,16,0
2026-08-14T15:30:20.080982,15,19,19,15,17,0
2026-08-14T15:30:20.082821,14,20,20,15,15,0
2026-08-14T15:30:20.082821,14,20,20,15,16,0
2026-08-14T15:30:20.087568,12,20,19,15,17,0
2026-08-14T15:30:20.087568,14,20,20,16,16,0
2026-08-14T15:30:20.089406,13,20,20,15,17,0
2026-08-14T15:30:20.089406,14,19,19,15,17,0
2026-08-14T15:30:20.089406,14,20,19,15,17,0
2026-08-14T15:30:20.089406,14,19,19,15,16,0
2026-08-14T15:30:20.089406,14,21,20,14,16,0
2026-08-14T15:30:20.089406,14,20,19,15,15,0
2026-08-14T15:30:20.089406,15,20,19,15,17,0
2026-08-14T15:30:20.097736,14,21,20,15,16,0
2026-08-14T15:30:20.099749,13,21,20,16,18,0
2026-08-14T15:30:20.099749,13,19,20,15,16,0
2026-08-14T15:30:20.101761,14,20,20,15,17,0
2026-08-14T15:30:20.101761,13,19,18,16,18,0
2026-08-14T15:30:20.103265,13,19,19,16,16,0
2026-08-14T15:30:20.105756,14,20,19,15,17,0
2026-08-14T15:30:20.105756,14,19,19,15,16,0
2026-08-14T15:30:20.105756,15,20,19,15,16,0
2026-08-14T15:30:20.107512,15,20,20,15,16,0
2026-08-14T15:30:20.109058,13,20,20,15,17,0
2026-08-14T15:30:20.109058,14,21,19,15,16,0
2026-08-14T15:30:20.109058,15,20,20,15,16,0
2026-08-14T15:30:20.113846,13,20,19,16,17,0
2026-08-14T15:30:20.113846,14,21,19,16,17,0
2026-08-14T15:30:20.113846,15,20,19,16,16,0
2026-08-14T15:30:20.113846,14,19,19,15,16,0
2026-08-14T15:30:20.113846,14,21,19,16,17,0
2026-08-14T15:30:20.113846,15,19,19,15,17,0
2026-08-14T15:30:20.120440,14,20,19,15,17,0
2026-08-14T15:30:20.120440,15,20,20,15,16,0
2026-08-14T15:30:20.122438,15,20,19,16,17,0
2026-08-14T15:30:20.122438,13,20,20,15,16,0
2026-08-14T15:30:20.122438,13,20,19,15,16,0
2026-08-14T15:30:20.122438,13,21,20,15,16,0
2026-08-14T15:30:20.122438,15,20,20,16,17,0
2026-08-14T15:30:20.127811,14,19,20,15,16,0
2026-08-14T15:30:20.127811,14,19,20,15,17,0
2026-08-14T15:30:20.130587,13,19,20,15,17,0
2026-08-14T15:30:20.130587,14,19,19,16,17,0
2026-08-14T15:30:20.133118,14,20,19,15,17,0
2026-08-14T15:30:20.133118,13,19,20,15,16,0
2026-08-14T15:30:20.136003,15,20,19,15,17,0
2026-08-14T15:30:20.136003,15,20,20,16,17,0
2026-08-14T15:30:20.137682,14,20,20,15,16,0
2026-08-14T15:30:20.138900,13,20,20,15,17,0
2026-08-14T15:30:20.138900,14,20,20,15,16,0
2026-08-14T15:30:20.140911,14,20,20,15,16,0
2026-08-14T15:30:20.142919,14,19,20,15,17,0
2026-08-14T15:30:20.142919,15,19,20,16,16,0
2026-08-14T15:30:20.144927,14,20,19,16,16,0
2026-08-14T15:30:20.146407,14,21,20,16,17,0
2026-08-14T15:30:20.146407,15,19,20,15,16,0
2026-08-14T15:30:20.146407,14,20,20,16,17,0
2026-08-14T15:30:20.150631,14,19,19,16,16,0
2026-08-14T15:30:20.150631,14,20,20,15,15,0
2026-08-14T15:30:20.150631,14,22,20,15,17,0
2026-08-14T15:30:20.152804,15,21,20,15,17,0
2026-08-14T15:30:20.154729,14,21,20,16,16,0
2026-08-14T15:30:20.154729,14,19,20,15,17,0
2026-08-14T15:30:20.154729,14,20,19,15,17,0
2026-08-14T15:30:20.157484,14,21,20,15,17,0
2026-08-14T15:30:20.157484,13,21,19,16,18,0
2026-08-14T15:30:20.157484,13,20,20,15,17,0
2026-08-14T15:30:20.162983,14,19,21,15,16,0
2026-08-14T15:30:20.162983,14,20,19,16,17,0
2026-08-14T15:30:20.162983,15,19,19,16,15,0
2026-08-14T15:30:20.164996,13,20,20,15,16,0
2026-08-14T15:30:20.164996,14,20,20,15,17,0
2026-08-14T15:30:20.164996,15,20,20,16,16,0
2026-08-14T15:30:20.164996,14,20,20,15,17,0
2026-08-14T15:30:20.170555,13,20,21,15,17,0
2026-08-14T15:30:20.170555,15,21,20,16,17,0
2026-08-14T15:30:20.170555,14,20,20,16,17,0
2026-08-14T15:30:20.170555,14,20,19,16,17,0
2026-08-14T15:30:20.170555,14,19,20,16,18,0
2026-08-14T15:30:20.170555,15,20,20,15,18,0
2026-08-14T15:30:20.170555,15,20,21,14,17,0
2026-08-14T15:30:20.179294,14,21,19,15,17,0
2026-08-14T15:30:20.179294,15,20,20,16,17,0
2026-08-14T15:30:20.179294,14,19,20,15,16,0
2026-08-14T15:30:20.181049,15,21,20,15,17,0
2026-08-14T15:30:20.181049,14,20,19,15,17,0
2026-08-14T15:30:20.181049,15,21,20,15,17,0
2026-08-14T15:30:20.181049,15,20,21,16,16,0
2026-08-14T15:30:20.186881,13,20,20,16,17,0
2026-08-14T15:30:20.186881,14,20,20,15,16,0
2026-08-14T15:30:20.186881,14,20,21,16,16,0
2026-08-14T15:30:20.189148,14,19,19,15,17,0
2026-08-14T15:30:20.189148,14,20,20,16,16,0
2026-08-14T15:30:20.189148,14,20,21,17,16,0
2026-08-14T15:30:20.189148,14,20,19,15,17,0
2026-08-14T15:30:20.194246,15,20,20,15,16,0
2026-08-14T15:30:20.194246,15,20,19,16,16,0
2026-08-14T15:30:20.194246,14,21,20,15,17,0
2026-08-14T15:30:20.194246,14,21,20,16,16,0
2026-08-14T15:30:20.194246,15,20,21,16,17,0
2026-08-14T15:30:20.201543,14,20,20,16,18,0
2026-08-14T15:30:20.203570,14,21,20,16,17,0
2026-08-14T15:30:20.204685,14,20,20,16,17,0
2026-08-14T15:30:20.204685,14,20,19,16,17,0
2026-08-14T15:30:20.204685,14,21,19,15,17,0
2026-08-14T15:30:20.207967,15,20,20,16,17,0
2026-08-14T15:30:20.207967,15,20,20,15,17,0
2026-08-14T15:30:20.207967,12,21,21,15,17,0
2026-08-14T15:30:20.207967,15,20,20,15,16,0
2026-08-14T15:30:20.212077,14,20,20,15,16,0
2026-08-14T15:30:20.212077,13,20,20,16,16,0
2026-08-14T15:30:20.212077,14,21,20,15,16,0
2026-08-14T15:30:20.212077,14,21,20,16,17,0
2026-08-14T15:30:20.212077,13,19,20,16,17,0
2026-08-14T15:30:20.212077,13,20,20,16,17,0
2026-08-14T15:30:20.212077,15,21,20,15,16,0
2026-08-14T15:30:20.220371,15,19,19,16,17,0
2026-08-14T15:30:20.220371,15,21,18,16,17,0
2026-08-14T15:30:20.220371,14,20,20,15,16,0
2026-08-14T15:30:20.224354,13,20,20,15,16,0
2026-08-14T15:30:20.224354,15,20,19,15,16,0
2026-08-14T15:30:20.224354,15,20,20,15,17,0
2026-08-14T15:30:20.228009,13,21,21,16,17,0
2026-08-14T15:30:20.228009,14,21,20,15,17,0
2026-08-14T15:30:20.228009,14,20,20,16,17,0
2026-08-14T15:30:20.228009,15,19,20,16,17,0
2026-08-14T15:30:20.228009,14,19,20,16,17,0
2026-08-14T15:30:20.228009,13,20,21,15,16,0
2026-08-14T15:30:20.228009,15,21,20,16,17,0
2026-08-14T15:30:20.236364,15,20,20,15,16,0
2026-08-14T15:30:20.237155,14,20,19,15,17,0
2026-08-14T15:30:20.237155,14,20,20,15,17,0
2026-08-14T15:30:20.237155,14,21,20,16,17,0
2026-08-14T15:30:20.237155,14,21,20,15,16,0
2026-08-14T15:30:20.237155,13,20,20,15,17,0
2026-08-14T15:30:20.237155,15,21,20,16,17,0
2026-08-14T15:30:20.244855,14,21,20,15,17,0
2026-08-14T15:30:20.244855,15,20,21,16,17,0
2026-08-14T15:30:20.244855,14,20,20,15,17,0
2026-08-14T15:30:20.244855,14,21,20,15,18,0
2026-08-14T15:30:20.248313,14,20,20,15,17,0
2026-08-14T15:30:20.250066,14,20,20,15,17,0
2026-08-14T15:30:20.250066,14,20,19,15,17,0
2026-08-14T15:30:20.252638,15,20,20,16,16,0
2026-08-14T15:30:20.254044,14,21,20,15,16,0
2026-08-14T15:30:20.254044,14,20,20,15,17,0
2026-08-14T15:30:20.254044,14,21,21,15,16,0
2026-08-14T15:30:20.254044,14,20,21,16,16,0
2026-08-14T15:30:20.254044,13,20,20,16,16,0
2026-08-14T15:30:20.258153,14,20,20,16,17,0
2026-08-14T15:30:20.260292,14,21,20,16,17,0
2026-08-14T15:30:20.261368,14,20,20,15,17,0
2026-08-14T15:30:20.262417,13,19,20,16,17,0
2026-08-14T15:30:20.264558,14,20,20,15,16,0
2026-08-14T15:30:20.265601,15,20,19,15,17,0
2026-08-14T15:30:20.267047,15,20,20,15,17,0
2026-08-14T15:30:20.267047,15,21,20,16,17,0
2026-08-14T15:30:20.270358,15,21,20,15,16,0
2026-08-14T15:30:20.270358,12,21,20,16,16,0
2026-08-14T15:30:20.271711,15,20,21,16,17,0
2026-08-14T15:30:20.273496,13,19,20,16,17,0
2026-08-14T15:30:20.273496,14,21,20,15,16,0
2026-08-14T15:30:20.273496,14,19,19,15,17,0
2026-08-14T15:30:20.275248,14,21,21,15,16,0
2026-08-14T15:30:20.277606,14,19,20,16,17,0
2026-08-14T15:30:20.277606,14,20,20,16,17,0
2026-08-14T15:30:20.277606,14,21,20,16,17,0
2026-08-14T15:30:20.280024,15,21,20,15,16,0
2026-08-14T15:30:20.280024,14,20,20,15,17,0
2026-08-14T15:30:20.280024,13,20,20,15,17,0
2026-08-14T15:30:20.280024,14,21,20,16,17,0
2026-08-14T15:30:20.285808,13,20,21,16,17,0
2026-08-14T15:30:20.287113,14,20,20,16,17,0
2026-08-14T15:30:20.287442,13,19,20,16,18,0
2026-08-14T15:30:20.287442,15,20,20,15,17,0
2026-08-14T15:30:20.287442,13,19,21,16,17,0
2026-08-14T15:30:20.287442,16,19,19,16,17,0
2026-08-14T15:30:20.294004,15,20,19,15,17,0
2026-08-14T15:30:20.294004,14,21,21,15,16,0
2026-08-14T15:30:20.294004,14,21,20,15,17,0
2026-08-14T15:30:20.294004,14,22,20,15,17,0
2026-08-14T15:30:20.294004,14,20,20,15,17,0
2026-08-14T15:30:20.294004,14,21,20,16,17,0
2026-08-14T15:30:20.294004,13,19,19,17,16,0
2026-08-14T15:30:20.302216,15,21,20,16,17,0
2026-08-14T15:30:20.303551,14,20,19,15,17,0
2026-08-14T15:30:20.304983,14,21,20,16,18,0
2026-08-14T15:30:20.304983,14,20,20,16,17,0
2026-08-14T15:30:20.304983,14,20,20,16,17,0
2026-08-14T15:30:20.304983,14,20,19,15,17,0
2026-08-14T15:30:20.304983,14,21,20,15,17,0
2026-08-14T15:30:20.310353,13,20,20,15,16,0
2026-08-14T15:30:20.310353,14,22,21,15,17,0
2026-08-14T15:30:20.310353,14,20,20,15,16,0
2026-08-14T15:30:20.310353,15,20,20,16,16,0
2026-08-14T15:30:20.313468,14,21,19,16,16,0
2026-08-14T15:30:20.313468,13,20,20,16,17,0
2026-08-14T15:30:20.313468,13,20,20,16,17,0
2026-08-14T15:30:20.318610,14,20,19,15,17,0
2026-08-14T15:30:20.318610,14,20,20,15,16,0
2026-08-14T15:30:20.319963,13,20,21,16,17,0
2026-08-14T15:30:20.319963,14,20,20,15,17,0
2026-08-14T15:30:20.322030,14,20,20,15,17,0
2026-08-14T15:30:20.322030,15,20,20,16,17,0
2026-08-14T15:30:20.322030,13,20,20,15,16,0
2026-08-14T15:30:20.326754,13,20,20,16,17,0
2026-08-14T15:30:20.326754,14,21,20,16,16,0
2026-08-14T15:30:20.326754,14,20,19,15,17,0
2026-08-14T15:30:20.330854,14,21,20,16,16,0
2026-08-14T15:30:20.330854,14,21,20,16,17,0
2026-08-14T15:30:20.332618,14,21,20,15,16,0
2026-08-14T15:30:20.332618,15,19,20,16,16,0
2026-08-14T15:30:20.334853,13,21,19,16,16,0
2026-08-14T15:30:20.334853,14,20,20,15,16,0
2026-08-14T15:30:20.337203,16,20,20,15,17,0
2026-08-14T15:30:20.339035,14,21,20,15,16,0
2026-08-14T15:30:20.339035,13,20,19,16,18,0
2026-08-14T15:30:20.339035,13,19,20,16,16,0
2026-08-14T15:30:20.340798,14,20,20,15,16,0
2026-08-14T15:30:20.343159,14,21,20,15,17,0
2026-08-14T15:30:20.343159,14,21,20,16,17,0
2026-08-14T15:30:20.345248,14,19,19,16,17,0
2026-08-14T15:30:20.345761,14,20,20,15,16,0
2026-08-14T15:30:20.345761,15,20,20,15,16,0
2026-08-14T15:30:20.345761,14,19,20,16,16,0
2026-08-14T15:30:20.345761,15,20,20,16,17,0
2026-08-14T15:30:20.351260,13,21,21,15,16,0
2026-08-14T15:30:20.352998,15,21,20,15,16,0
2026-08-14T15:30:20.353651,14,20,19,15,17,0
2026-08-14T15:30:20.353651,13,20,20,15,17,0
2026-08-14T15:30:20.353651,13,20,20,15,16,0
2026-08-14T15:30:20.353651,14,21,20,15,17,0
2026-08-14T15:30:20.359571,14,21,20,16,17,0
2026-08-14T15:30:20.359571,14,20,20,16,16,0
2026-08-14T15:30:20.359571,14,20,21,16,16,0
2026-08-14T15:30:20.361586,14,20,20,15,16,0
2026-08-14T15:30:20.363594,14,19,20,15,17,0
2026-08-14T15:30:20.363594,14,20,20,15,16,0
2026-08-14T15:30:20.363594,14,20,20,15,16,0
2026-08-14T15:30:20.367703,13,20,20,15,17,0
2026-08-14T15:30:20.367703,14,21,20,15,17,0
2026-08-14T15:30:20.369542,15,21,19,15,17,0
2026-08-14T15:30:20.370539,13,19,21,16,16,0
2026-08-14T15:30:20.370539,14,19,20,16,17,0
2026-08-14T15:30:20.370539,13,21,20,16,17,0
2026-08-14T15:30:20.370539,14,20,19,16,17,0
2026-08-14T15:30:20.375930,14,20,19,16,16,0
2026-08-14T15:30:20.375930,14,20,20,15,16,0
2026-08-14T15:30:20.375930,15,21,19,16,17,0
2026-08-14T15:30:20.377944,14,20,20,15,16,0
2026-08-14T15:30:20.377944,15,20,20,16,17,0
2026-08-14T15:30:20.377944,14,20,20,15,16,0
2026-08-14T15:30:20.377944,14,21,20,15,16,0
2026-08-14T15:30:20.384099,15,20,20,15,16,0
2026-08-14T15:30:20.384099,14,19,20,16,17,0
2026-08-14T15:30:20.384099,14,22,20,16,17,0
2026-08-14T15:30:20.387124,15,20,20,16,17,0
2026-08-14T15:30:20.387124,15,21,19,15,16,0
2026-08-14T15:30:20.387124,14,20,21,15,16,0
2026-08-14T15:30:20.387124,14,19,20,16,17,0
2026-08-14T15:30:20.392278,14,19,20,16,17,0
2026-08-14T15:30:20.392278,14,21,20,15,16,0
2026-08-14T15:30:20.392278,14,20,19,16,16,0
2026-08-14T15:30:20.396380,14,20,20,15,17,0
2026-08-14T15:30:20.396380,14,21,20,15,16,0
2026-08-14T15:30:20.396380,15,21,20,15,15,0
2026-08-14T15:30:20.398171,13,20,20,16,16,0
2026-08-14T15:30:20.400492,14,20,20,16,16,0
2026-08-14T15:30:20.400492,14,21,20,16,17,0
2026-08-14T15:30:20.400492,13,20,21,15,17,0
2026-08-14T15:30:20.403813,14,21,20,15,17,0
2026-08-14T15:30:20.403813,15,19,20,16,17,0
2026-08-14T15:30:20.403813,13,21,19,17,17,0
2026-08-14T15:30:20.406321,14,20,19,15,16,0
2026-08-14T15:30:20.408592,14,20,20,15,16,0
2026-08-14T15:30:20.408592,14,21,20,15,17,0
2026-08-14T15:30:20.408592,15,20,19,16,17,0
2026-08-14T15:30:20.408592,14,21,20,15,16,0
2026-08-14T15:30:20.408592,15,21,20,15,16,0
2026-08-14T15:30:20.408592,14,20,20,15,17,0
2026-08-14T15:30:20.408592,13,21,20,16,17,0
2026-08-14T15:30:20.416818,14,19,19,16,17,0
2026-08-14T15:30:20.417690,14,21,19,16,17,0
2026-08-14T15:30:20.419417,14,20,20,15,17,0
2026-08-14T15:30:20.420953,15,19,19,16,17,0
2026-08-14T15:30:20.420953,15,19,19,16,16,0
2026-08-14T15:30:20.420953,14,20,20,16,17,0
2026-08-14T15:30:20.422708,13,20,20,15,16,0
2026-08-14T15:30:20.424447,15,20,20,15,16,0
2026-08-14T15:30:20.424447,14,20,20,15,16,0
2026-08-14T15:30:20.424447,13,20,21,16,17,0
2026-08-14T15:30:20.426811,14,21,20,16,16,0
2026-08-14T15:30:20.426811,15,20,20,16,16,0
2026-08-14T15:30:20.426811,15,19,19,16,17,0
2026-08-14T15:30:20.432857,14,20,19,15,16,0
2026-08-14T15:30:20.432857,14,19,19,15,17,0
2026-08-14T15:30:20.432857,14,20,20,16,16,0
2026-08-14T15:30:20.432857,14,19,19,15,16,0
2026-08-14T15:30:20.436650,14,19,19,16,17,0
2026-08-14T15:30:20.436650,15,20,20,15,17,0
2026-08-14T15:30:20.436650,13,20,20,16,16,0
2026-08-14T15:30:20.441443,14,20,20,15,16,0
2026-08-14T15:30:20.441443,15,19,21,16,17,0
2026-08-14T15:30:20.441443,14,20,19,16,17,0
2026-08-14T15:30:20.441443,14,20,20,15,17,0
2026-08-14T15:30:20.445421,14,20,19,16,17,0
2026-08-14T15:30:20.445421,14,20,20,16,17,0
2026-08-14T15:30:20.445421,14,20,19,15,17,0
2026-08-14T15:30:20.449554,13,20,20,15,17,0
2026-08-14T15:30:20.449554,15,20,19,16,17,0
2026-08-14T15:30:20.449554,15,20,19,15,16,0
2026-08-14T15:30:20.451371,14,20,20,15,16,0
2026-08-14T15:30:20.453413,13,20,20,15,17,0
2026-08-14T15:30:20.453413,14,20,20,15,17,0
2026-08-14T15:30:20.453413,15,20,20,16,16,0
2026-08-14T15:30:20.457719,14,19,21,16,17,0
2026-08-14T15:30:20.457719,15,21,20,16,16,0
2026-08-14T15:30:20.457719,14,20,19,15,18,0
2026-08-14T15:30:20.457719,14,19,20,15,17,0
2026-08-14T15:30:20.457719,16,20,20,16,17,0
2026-08-14T15:30:20.457719,15,20,20,16,17,0
2026-08-14T15:30:20.457719,14,20,20,15,16,0
2026-08-14T15:30:20.465909,14,20,20,15,17,0
2026-08-14T15:30:20.465909,14,20,20,15,16,0
2026-08-14T15:30:20.472136,14,21,20,16,16,0
2026-08-14T15:30:20.472136,14,21,20,15,17,0
2026-08-14T15:30:20.474071,14,20,20,15,16,0
2026-08-14T15:30:20.474071,13,20,21,14,17,0
2026-08-14T15:30:20.474071,14,19,19,16,18,0
2026-08-14T15:30:20.474071,13,19,20,16,16,0
2026-08-14T15:30:20.474071,14,20,20,15,16,0
2026-08-14T15:30:20.474071,14,20,20,15,16,0
2026-08-14T15:30:20.474071,14,20,19,15,16,0
2026-08-14T15:30:20.474071,15,20,20,15,16,0
2026-08-14T15:30:20.474071,14,20,20,15,17,0
2026-08-14T15:30:20.474071,13,20,20,15,16,0
2026-08-14T15:30:20.481949,14,21,20,16,17,0
2026-08-14T15:30:20.481949,13,19,19,16,17,0
2026-08-14T15:30:20.481949,15,19,20,16,17,0
2026-08-14T15:30:20.486477,14,21,20,15,17,0
2026-08-14T15:30:20.487436,14,19,19,16,17,0
2026-08-14T15:30:20.487436,14,21,19,15,17,0
2026-08-14T15:30:20.487436,14,19,20,15,17,0
2026-08-14T15:30:20.490141,14,21,20,15,16,0
2026-08-14T15:30:20.490141,15,20,19,15,16,0
2026-08-14T15:30:20.490141,14,20,19,15,16,0
2026-08-14T15:30:20.492320,14,21,20,16,16,0
2026-08-14T15:30:20.492320,14,20,20,15,16,0
2026-08-14T15:30:20.492320,15,21,20,16,16,0
2026-08-14T15:30:20.498782,14,19,19,15,16,0
2026-08-14T15:30:20.498782,13,20,19,15,16,0
2026-08-14T15:30:20.498782,14,19,19,15,16,0
2026-08-14T15:30:20.498782,14,20,20,15,17,0
2026-08-14T15:30:20.503094,15,20,19,15,17,0
2026-08-14T15:30:20.503938,15,20,19,15,17,0
2026-08-14T15:30:20.504790,15,21,20,15,16,0
2026-08-14T15:30:20.506979,14,20,20,15,16,0
2026-08-14T15:30:20.506979,14,20,20,15,17,0
2026-08-14T15:30:20.506979,15,20,20,16,16,0
2026-08-14T15:30:20.506979,15,19,20,15,17,0
2026-08-14T15:30:20.509831,15,20,20,15,16,0
2026-08-14T15:30:20.509831,15,20,20,16,17,0
2026-08-14T15:30:20.509831,14,20,19,15,17,0
2026-08-14T15:30:20.515294,14,20,19,15,17,0
2026-08-14T15:30:20.515294,14,19,19,16,17,0
2026-08-14T15:30:20.516457,15,20,18,15,17,0
2026-08-14T15:30:20.516457,15,20,19,15,17,0
2026-08-14T15:30:20.516457,14,20,20,15,16,0
2026-08-14T15:30:20.520039,14,21,20,15,16,0
2026-08-14T15:30:20.520039,13,20,20,16,16,0
2026-08-14T15:30:20.523392,15,20,19,16,16,0
2026-08-14T15:30:20.523392,14,20,20,16,17,0
2026-08-14T15:30:20.523392,14,21,19,15,17,0
2026-08-14T15:30:20.523392,14,20,19,15,17,0
2026-08-14T15:30:20.523392,13,20,20,15,17,0
2026-08-14T15:30:20.523392,15,20,20,16,17,0
2026-08-14T15:30:20.523392,15,20,20,15,17,0
2026-08-14T15:30:20.531459,15,20,20,16,17,0
2026-08-14T15:30:20.531459,14,21,20,14,17,0
2026-08-14T15:30:20.531459,13,20,20,15,16,0
2026-08-14T15:30:20.536058,14,20,19,15,17,0
2026-08-14T15:30:20.536058,13,19,20,16,16,0
2026-08-14T15:30:20.537243,14,19,21,15,16,0
2026-08-14T15:30:20.537243,13,20,20,15,17,0
2026-08-14T15:30:20.539511,15,20,19,15,17,0
2026-08-14T15:30:20.539511,14,20,19,16,17,0
2026-08-14T15:30:20.539511,14,19,20,16,17,0
2026-08-14T15:30:20.542485,14,20,20,15,16,0
2026-08-14T15:30:20.542485,16,20,20,15,16,0
2026-08-14T15:30:20.542485,14,20,20,15,17,0
2026-08-14T15:30:20.542485,14,21,20,15,16,0
2026-08-14T15:30:20.547563,13,20,20,15,16,0
2026-08-14T15:30:20.547563,14,20,20,15,16,0
2026-08-14T15:30:20.549573,14,21,19,15,16,0
2026-08-14T15:30:20.549573,14,19,19,16,16,0
2026-08-14T15:30:20.552745,14,19,19,15,16,0
2026-08-14T15:30:20.553726,12,21,19,15,17,0
2026-08-14T15:30:20.553726,14,20,19,16,16,0
2026-08-14T15:30:20.555851,14,20,20,15,17,0
2026-08-14T15:30:20.555851,15,20,19,16,17,0
2026-08-14T15:30:20.555851,14,21,20,15,17,0
2026-08-14T15:30:20.555851,15,20,19,15,17,0
2026-08-14T15:30:20.555851,15,20,20,14,17,0
2026-08-14T15:30:20.555851,13,20,20,15,17,0
2026-08-14T15:30:20.564329,14,20,20,15,17,0
2026-08-14T15:30:20.564329,14,21,20,15,16,0
2026-08-14T15:30:20.564329,14,19,19,15,16,0
2026-08-14T15:30:20.564329,14,20,19,15,17,0
2026-08-14T15:30:20.567723,14,20,19,15,17,0
2026-08-14T15:30:20.569355,14,20,18,15,16,0
2026-08-14T15:30:20.570241,14,20,20,15,16,0
2026-08-14T15:30:20.572297,14,20,20,15,16,0
2026-08-14T15:30:20.572807,15,20,20,15,16,0
2026-08-14T15:30:20.573526,14,21,18,15,16,0
2026-08-14T15:30:20.573526,13,20,20,15,16,0
2026-08-14T15:30:20.575538,14,20,20,15,16,0
2026-08-14T15:30:20.575538,13,19,20,15,17,0
2026-08-14T15:30:20.575538,14,20,18,16,16,0
2026-08-14T15:30:20.580814,13,20,19,15,16,0
2026-08-14T15:30:20.581496,14,19,19,15,16,0
2026-08-14T15:30:20.582554,13,19,19,16,16,0
2026-08-14T15:30:20.583120,14,19,19,15,17,0
2026-08-14T15:30:20.584804,15,20,19,15,16,0
2026-08-14T15:30:20.584804,15,20,20,15,17,0
2026-08-14T15:30:20.586587,14,19,19,15,16,0
2026-08-14T15:30:20.588903,13,20,20,15,16,0
2026-08-14T15:30:20.588903,13,21,20,15,17,0
2026-08-14T15:30:20.588903,16,20,19,15,16,0
2026-08-14T15:30:20.593004,13,20,20,16,17,0
2026-08-14T15:30:20.593004,13,19,19,15,17,0
2026-08-14T15:30:20.593004,14,21,20,15,16,0
2026-08-14T15:30:20.593004,14,21,20,15,16,0
2026-08-14T15:30:20.596741,14,19,19,15,17,0
2026-08-14T15:30:20.596741,14,19,20,14,16,0
2026-08-14T15:30:20.596741,14,20,20,15,16,0
2026-08-14T15:30:20.596741,13,20,20,14,16,0
2026-08-14T15:30:20.596741,14,19,19,15,18,0
2026-08-14T15:30:20.602752,14,19,20,16,17,0
2026-08-14T15:30:20.604099,13,19,20,15,16,0
2026-08-14T15:30:20.605361,14,20,20,16,16,0
2026-08-14T15:30:20.606055,14,19,19,15,17,0
2026-08-14T15:30:20.606965,14,19,19,16,17,0
2026-08-14T15:30:20.607788,14,19,19,15,16,0
2026-08-14T15:30:20.607788,14,19,19,16,16,0
2026-08-14T15:30:20.607788,14,21,18,15,16,0
2026-08-14T15:30:20.611137,14,20,19,15,16,0
2026-08-14T15:30:20.613469,14,20,20,16,17,0
2026-08-14T15:30:20.613469,15,20,20,14,17,0
2026-08-14T15:30:20.613469,14,20,20,15,16,0
2026-08-14T15:30:20.617553,13,20,19,15,16,0
2026-08-14T15:30:20.617553,13,19,20,15,17,0
2026-08-14T15:30:20.619465,15,21,20,15,16,0
2026-08-14T15:30:20.620209,15,21,20,15,17,0
2026-08-14T15:30:20.621415,13,20,18,16,16,0
2026-08-14T15:30:20.621415,13,19,20,16,16,0
2026-08-14T15:30:20.621415,14,19,19,15,17,0
2026-08-14T15:30:20.625781,13,20,19,15,17,0
2026-08-14T15:30:20.625781,14,20,19,14,16,0
2026-08-14T15:30:20.625781,14,20,19,15,16,0
2026-08-14T15:30:20.629854,13,20,20,14,17,0
2026-08-14T15:30:20.629854,14,20,20,15,16,0
2026-08-14T15:30:20.629854,15,21,20,15,16,0
2026-08-14T15:30:20.629854,13,20,19,15,16,0
2026-08-14T15:30:20.633442,14,19,19,14,17,0
2026-08-14T15:30:20.635195,13,20,20,15,15,0
2026-08-14T15:30:20.636044,15,20,19,15,17,0
2026-08-14T15:30:20.638070,13,19,19,15,17,0
2026-08-14T15:30:20.638070,14,19,21,14,16,0
2026-08-14T15:30:20.638070,14,19,19,16,16,0
2026-08-14T15:30:20.640081,14,20,20,15,17,0
2026-08-14T15:30:20.642092,14,20,20,15,16,0
2026-08-14T15:30:20.651359,15,20,20,15,16,0
2026-08-14T15:30:20.652789,13,20,19,15,16,0
2026-08-14T15:30:20.653794,13,21,20,15,16,0
2026-08-14T15:30:20.653794,14,20,19,15,16,0
2026-08-14T15:30:20.656022,14,19,19,15,16,0
2026-08-14T15:30:20.656022,15,20,19,15,17,0
2026-08-14T15:30:20.656022,14,19,19,15,16,0
2026-08-14T15:30:20.658033,14,20,20,15,16,0
2026-08-14T15:30:20.658033,14,20,19,15,16,0
2026-08-14T15:30:20.658033,14,19,19,15,16,0
2026-08-14T15:30:20.660044,15,19,19,15,17,0
2026-08-14T15:30:20.660044,14,20,20,15,16,0
2026-08-14T15:30:20.660044,13,21,20,15,16,0
2026-08-14T15:30:20.660044,14,20,19,15,17,0
2026-08-14T15:30:20.662055,13,20,19,15,17,0
2026-08-14T15:30:20.662055,13,19,19,16,17,0
2026-08-14T15:30:20.662055,14,19,19,15,17,0
2026-08-14T15:30:20.664066,14,20,19,15,17,0
2026-08-14T15:30:20.664066,13,19,19,15,17,0
2026-08-14T15:30:20.666711,14,19,19,15,16,0
2026-08-14T15:30:20.666711,14,20,19,15,16,0
2026-08-14T15:30:20.666711,14,20,19,13,17,0
2026-08-14T15:30:20.666711,14,20,20,15,16,0
2026-08-14T15:30:20.670818,14,21,19,15,16,0
2026-08-14T15:30:20.670818,13,20,20,15,16,0
2026-08-14T15:30:20.670818,14,21,20,15,17,0
2026-08-14T15:30:20.673330,15,20,20,15,16,0
2026-08-14T15:30:20.673330,14,20,20,16,17,0
2026-08-14T15:30:20.673330,13,19,19,15,17,0
2026-08-14T15:30:20.673330,13,20,19,15,16,0
2026-08-14T15:30:20.678050,14,19,19,16,17,0
2026-08-14T15:30:20.678050,14,20,19,16,16,0
2026-08-14T15:30:20.678050,14,19,19,15,16,0
2026-08-14T15:30:20.678050,13,19,19,15,17,0
2026-08-14T15:30:20.678050,13,20,19,14,17,0
2026-08-14T15:30:20.678050,14,21,20,15,16,0
2026-08-14T15:30:20.678050,13,19,20,15,16,0
2026-08-14T15:30:20.686517,13,19,19,15,17,0
2026-08-14T15:30:20.687817,14,19,20,14,17,0
2026-08-14T15:30:20.687817,13,20,19,15,16,0
2026-08-14T15:30:20.687817,14,19,19,16,17,0
2026-08-14T15:30:20.687817,14,20,20,15,16,0
2026-08-14T15:30:20.687817,13,20,19,15,16,0
2026-08-14T15:30:20.695381,14,20,19,14,16,0
2026-08-14T15:30:20.695381,14,20,19,15,17,0
2026-08-14T15:30:20.695381,14,20,19,15,15,0
2026-08-14T15:30:20.695381,13,20,20,14,16,0
2026-08-14T15:30:20.698709,13,20,20,15,16,0
2026-08-14T15:30:20.698709,13,20,20,16,16,0
2026-08-14T15:30:20.698709,13,21,19,15,17,0
2026-08-14T15:30:20.703558,13,19,18,15,16,0
2026-08-14T15:30:20.703558,13,19,19,15,16,0
2026-08-14T15:30:20.703558,14,19,19,16,17,0
2026-08-14T15:30:20.703558,14,19,19,15,17,0
2026-08-14T15:30:20.703558,13,19,18,15,16,0
2026-08-14T15:30:20.703558,15,20,18,15,16,0
2026-08-14T15:30:20.703558,13,20,20,14,16,0
2026-08-14T15:30:20.711082,13,20,19,15,16,0
2026-08-14T15:30:20.711082,13,19,18,15,16,0
2026-08-14T15:30:20.711082,13,20,20,16,15,0
2026-08-14T15:30:20.711082,13,20,20,15,15,0
2026-08-14T15:30:20.711082,14,20,19,15,17,0
2026-08-14T15:30:20.711082,14,19,18,15,16,0
2026-08-14T15:30:20.711082,13,19,19,16,16,0
2026-08-14T15:30:20.719791,14,20,20,15,17,0
2026-08-14T15:30:20.720790,14,20,19,16,16,0
2026-08-14T15:30:20.720790,14,20,18,15,17,0
2026-08-14T15:30:20.720790,14,19,19,14,16,0
2026-08-14T15:30:20.724043,14,21,20,14,16,0
2026-08-14T15:30:20.724043,15,20,20,15,16,0
2026-08-14T15:30:20.724043,14,20,18,14,16,0
2026-08-14T15:30:20.728179,13,20,19,16,17,0
2026-08-14T15:30:20.728179,13,20,20,15,15,0
2026-08-14T15:30:20.728179,13,20,19,15,16,0
2026-08-14T15:30:20.729957,14,20,19,15,16,0
2026-08-14T15:30:20.729957,13,19,20,15,17,0
2026-08-14T15:30:20.729957,13,19,19,14,16,0
2026-08-14T15:30:20.729957,14,20,20,15,16,0
2026-08-14T15:30:20.736098,15,19,18,15,16,0
2026-08-14T15:30:20.736929,14,20,20,14,16,0
2026-08-14T15:30:20.736929,14,20,20,14,17,0
2026-08-14T15:30:20.740557,14,20,20,15,16,0
2026-08-14T15:30:20.740557,14,21,20,15,16,0
2026-08-14T15:30:20.740557,15,19,20,14,16,0
2026-08-14T15:30:20.740557,14,19,19,15,17,0
2026-08-14T15:30:20.744628,14,19,20,16,16,0
2026-08-14T15:30:20.744628,14,20,19,15,17,0
2026-08-14T15:30:20.744628,14,20,19,15,16,0
2026-08-14T15:30:20.748725,14,19,19,15,16,0
2026-08-14T15:30:20.750487,13,21,18,15,17,0
2026-08-14T15:30:20.750487,13,19,19,14,16,0
2026-08-14T15:30:20.752664,15,20,19,15,16,0
2026-08-14T15:30:20.753820,14,20,20,15,16,0
2026-08-14T15:30:20.754982,14,20,18,15,17,0
2026-08-14T15:30:20.754982,14,19,19,15,17,0
2026-08-14T15:30:20.756993,13,19,19,15,16,0
2026-08-14T15:30:20.756993,13,19,20,15,16,0
2026-08-14T15:30:20.756993,15,19,19,16,16,0
2026-08-14T15:30:20.760979,14,19,18,15,17,0
2026-08-14T15:30:20.760979,14,20,20,15,16,0
2026-08-14T15:30:20.762736,14,19,19,14,16,0
2026-08-14T15:30:20.762736,14,19,18,16,17,0
2026-08-14T15:30:20.762736,14,19,18,15,16,0
2026-08-14T15:30:20.762736,13,19,20,14,16,0
2026-08-14T15:30:20.762736,14,19,20,14,15,0
2026-08-14T15:30:20.769230,14,20,20,15,17,0
2026-08-14T15:30:20.770457,13,19,19,15,17,0
2026-08-14T15:30:20.770871,13,19,20,15,16,0
2026-08-14T15:30:20.770871,13,19,20,15,16,0
2026-08-14T15:30:20.770871,14,19,19,15,16,0
2026-08-14T15:30:20.770871,13,19,19,15,16,0
2026-08-14T15:30:20.770871,13,19,19,15,17,0
2026-08-14T15:30:20.777393,14,20,20,15,16,0
2026-08-14T15:30:20.778313,15,20,18,16,15,0
2026-08-14T15:30:20.778825,13,20,18,15,17,0
2026-08-14T15:30:20.778825,14,21,19,15,16,0
2026-08-14T15:30:20.781474,13,19,20,15,15,0
2026-08-14T15:30:20.781474,14,20,19,15,16,0
2026-08-14T15:30:20.781474,14,19,18,15,16,0
2026-08-14T15:30:20.785605,13,19,20,15,17,0
2026-08-14T15:30:20.787021,13,19,19,15,16,0
2026-08-14T15:30:20.787340,13,19,18,15,16,0
2026-08-14T15:30:20.787340,14,19,19,15,16,0
2026-08-14T15:30:20.787340,14,19,18,15,16,0
2026-08-14T15:30:20.787340,13,19,18,14,16,0
2026-08-14T15:30:20.787340,14,20,20,15,16,0
2026-08-14T15:30:20.793802,15,20,18,14,17,0
2026-08-14T15:30:20.793802,15,20,19,14,17,0
2026-08-14T15:30:20.793802,13,19,19,15,17,0
2026-08-14T15:30:20.793802,13,20,19,15,16,0
2026-08-14T15:30:20.793802,13,20,19,15,17,0
2026-08-14T15:30:20.793802,14,19,19,15,18,0
2026-08-14T15:30:20.793802,13,19,19,15,16,0
2026-08-14T15:30:20.793802,14,20,19,15,16,0
2026-08-14T15:30:20.803781,13,20,18,15,16,0
2026-08-14T15:30:20.803781,14,19,19,15,16,0
2026-08-14T15:30:20.803781,14,20,19,15,16,0
2026-08-14T15:30:20.803781,14,20,18,15,17,0
2026-08-14T15:30:20.803781,14,20,18,14,16,0
2026-08-14T15:30:20.803781,13,20,20,15,16,0
2026-08-14T15:30:20.803781,14,20,19,15,16,0
2026-08-14T15:30:20.810353,14,20,19,15,16,0
2026-08-14T15:30:20.810353,13,19,18,15,16,0
2026-08-14T15:30:20.814277,14,19,19,15,17,0
2026-08-14T15:30:20.814277,14,19,19,14,16,0
2026-08-14T15:30:20.814277,13,19,19,15,16,0
2026-08-14T15:30:20.816031,13,19,18,14,16,0
2026-08-14T15:30:20.817598,15,20,20,15,16,0
2026-08-14T15:30:20.818625,13,20,19,14,16,0
2026-08-14T15:30:20.820074,15,19,18,15,17,0
2026-08-14T15:30:20.820954,14,20,18,15,16,0
2026-08-14T15:30:20.820954,13,20,20,14,17,0
2026-08-14T15:30:20.820954,17,19,18,15,16,0
2026-08-14T15:30:20.820954,13,19,18,15,16,0
2026-08-14T15:30:20.826702,14,19,19,15,16,0
2026-08-14T15:30:20.826702,13,19,20,14,16,0
2026-08-14T15:30:20.826702,12,19,18,14,16,0
2026-08-14T15:30:20.826702,13,19,19,15,16,0
2026-08-14T15:30:20.826702,14,20,18,14,16,0
2026-08-14T15:30:20.826702,14,19,19,14,16,0
2026-08-14T15:30:20.826702,13,20,19,14,15,0
2026-08-14T15:30:20.836106,15,20,18,15,16,0
2026-08-14T15:30:20.836729,13,19,18,14,17,0
2026-08-14T15:30:20.836729,14,19,19,15,16,0
2026-08-14T15:30:20.836729,13,19,20,15,15,0
2026-08-14T15:30:20.836729,13,19,18,15,17,0
2026-08-14T15:30:20.836729,14,19,18,15,17,0
2026-08-14T15:30:20.841544,13,20,19,15,16,0
2026-08-14T15:30:20.843314,13,19,18,14,16,0
2026-08-14T15:30:20.843314,13,19,18,14,16,0
2026-08-14T15:30:20.843314,14,19,18,14,16,0
2026-08-14T15:30:20.843314,14,19,18,14,16,0
2026-08-14T15:30:20.843314,14,20,19,14,16,0
2026-08-14T15:30:20.843314,13,20,18,14,16,0
2026-08-14T15:30:20.843314,14,20,19,14,16,0
2026-08-14T15:30:20.851638,13,19,19,14,16,0
2026-08-14T15:30:20.851638,13,19,19,15,15,0
2026-08-14T15:30:20.853137,14,20,19,15,16,0
2026-08-14T15:30:20.854742,14,19,18,14,16,0
2026-08-14T15:30:20.854742,14,19,19,15,16,0
2026-08-14T15:30:20.854742,14,18,18,14,16,0
2026-08-14T15:30:20.854742,13,19,19,15,16,0
2026-08-14T15:30:20.859882,15,19,18,14,17,0
2026-08-14T15:30:20.859882,13,20,18,15,17,0
2026-08-14T15:30:20.863334,13,19,19,14,16,0
2026-08-14T15:30:20.863334,13,20,18,14,15,0
2026-08-14T15:30:20.863334,14,20,18,15,16,0
2026-08-14T15:30:20.863334,13,19,19,14,15,0
2026-08-14T15:30:20.866940,14,19,19,15,16,0
2026-08-14T15:30:20.867991,14,19,20,15,16,0
2026-08-14T15:30:20.869459,13,20,18,15,17,0
2026-08-14T15:30:20.870442,13,20,19,15,16,0
2026-08-14T15:30:20.870442,15,19,19,14,16,0
2026-08-14T15:30:20.870442,14,19,18,16,16,0
2026-08-14T15:30:20.870442,14,19,18,15,16,0
2026-08-14T15:30:20.874602,13,20,19,15,16,0
2026-08-14T15:30:20.876353,13,20,19,14,17,0
2026-08-14T15:30:20.876353,13,20,19,14,16,0
2026-08-14T15:30:20.876353,13,19,18,15,15,0
2026-08-14T15:30:20.876353,13,20,20,15,16,0
2026-08-14T15:30:20.876353,13,18,19,15,16,0
2026-08-14T15:30:20.876353,14,19,18,16,16,0
2026-08-14T15:30:20.876353,13,18,18,15,17,0
2026-08-14T15:30:20.884421,13,19,19,15,16,0
2026-08-14T15:30:20.886130,14,20,19,14,16,0
2026-08-14T15:30:20.888009,14,19,19,15,16,0
2026-08-14T15:30:20.888009,12,19,19,14,16,0
2026-08-14T15:30:20.888009,13,20,20,14,16,0
2026-08-14T15:30:20.888009,12,20,19,14,16,0
2026-08-14T15:30:20.890950,14,19,18,15,17,0
2026-08-14T15:30:20.892725,14,20,19,14,16,0
2026-08-14T15:30:20.893536,13,19,19,15,16,0
2026-08-14T15:30:20.893536,12,19,20,15,16,0
2026-08-14T15:30:20.893536,14,19,18,14,16,0
2026-08-14T15:30:20.893536,14,20,18,15,16,0
2026-08-14T15:30:20.897838,13,18,19,16,17,0
2026-08-14T15:30:20.897838,14,18,19,15,16,0
2026-08-14T15:30:20.901049,14,19,18,14,16,0
2026-08-14T15:30:20.902758,14,19,18,14,16,0
2026-08-14T15:30:20.903507,13,19,18,14,16,0
2026-08-14T15:30:20.903507,15,19,18,15,16,0
2026-08-14T15:30:20.903507,13,20,18,15,16,0
2026-08-14T15:30:20.903507,13,19,18,14,17,0
2026-08-14T15:30:20.909278,14,19,19,15,16,0
2026-08-14T15:30:20.909278,15,18,19,15,16,0
2026-08-14T15:30:20.909278,13,19,18,14,17,0
2026-08-14T15:30:20.912478,13,19,18,15,16,0
2026-08-14T15:30:20.912478,13,18,18,15,16,0
2026-08-14T15:30:20.912478,15,18,18,14,16,0
2026-08-14T15:30:20.916580,13,19,18,14,16,0
2026-08-14T15:30:20.917603,13,20,18,14,16,0
2026-08-14T15:30:20.917603,13,22,18,14,16,0
2026-08-14T15:30:20.917603,13,19,19,15,16,0
2026-08-14T15:30:20.920503,13,19,18,15,16,0
2026-08-14T15:30:20.920503,14,20,18,14,16,0
2026-08-14T15:30:20.920503,13,20,18,14,16,0
2026-08-14T15:30:20.920503,13,19,19,14,16,0
2026-08-14T15:30:20.920503,13,19,17,15,16,0
2026-08-14T15:30:20.925937,13,19,18,14,16,0
2026-08-14T15:30:20.925937,13,18,19,14,16,0
2026-08-14T15:30:20.925937,14,20,19,15,16,0
2026-08-14T15:30:20.925937,14,19,18,14,16,0
2026-08-14T15:30:20.925937,14,19,18,15,16,0
2026-08-14T15:30:20.925937,13,20,20,14,15,0
2026-08-14T15:30:20.925937,13,20,19,15,16,0
2026-08-14T15:30:20.934345,13,19,18,15,16,0
2026-08-14T15:30:20.937210,13,19,18,15,15,0
2026-08-14T15:30:20.937210,13,19,19,15,16,0
2026-08-14T15:30:20.937210,13,18,19,16,16,0
2026-08-14T15:30:20.937210,13,19,18,14,16,0
2026-08-14T15:30:20.941300,13,19,18,14,16,0
2026-08-14T15:30:20.941300,14,18,18,14,16,0
2026-08-14T15:30:20.942828,13,19,19,14,15,0
2026-08-14T15:30:20.945359,14,18,19,14,16,0
2026-08-14T15:30:20.945359,14,19,18,14,16,0
2026-08-14T15:30:20.945359,13,19,18,14,15,0
2026-08-14T15:30:20.947117,13,19,20,14,15,0
2026-08-14T15:30:20.949479,13,19,18,14,15,0
2026-08-14T15:30:20.949479,13,18,18,15,17,0
2026-08-14T15:30:20.949479,13,19,19,14,16,0
2026-08-14T15:30:20.953624,14,19,18,14,16,0
2026-08-14T15:30:20.953624,13,19,18,14,16,0
2026-08-14T15:30:20.953624,15,20,18,14,15,0
2026-08-14T15:30:20.953624,14,18,18,14,16,0
2026-08-14T15:30:20.953624,13,19,18,14,16,0
2026-08-14T15:30:20.953624,15,19,18,14,17,0
2026-08-14T15:30:20.959337,13,20,18,15,16,0
2026-08-14T15:30:20.959337,13,19,19,14,16,0
2026-08-14T15:30:20.959337,14,19,19,15,16,0
2026-08-14T15:30:20.959337,13,19,18,14,16,0
2026-08-14T15:30:20.959337,13,19,18,15,16,0
2026-08-14T15:30:20.959337,14,18,18,14,16,0
2026-08-14T15:30:20.967434,14,19,18,13,17,0
2026-08-14T15:30:20.967434,13,19,18,15,16,0
2026-08-14T15:30:20.969544,14,19,18,14,15,0
2026-08-14T15:30:20.970239,14,19,19,14,16,0
2026-08-14T15:30:20.970239,13,20,19,14,16,0
2026-08-14T15:30:20.974025,13,19,19,15,15,0
2026-08-14T15:30:20.974025,12,21,18,14,16,0
2026-08-14T15:30:20.974025,13,20,17,14,16,0
2026-08-14T15:30:20.975804,14,19,19,14,16,0
2026-08-14T15:30:20.977982,14,19,18,15,16,0
2026-08-14T15:30:20.977982,13,19,17,14,17,0
2026-08-14T15:30:20.977982,12,19,19,15,16,0
2026-08-14T15:30:20.977982,14,18,18,15,16,0
2026-08-14T15:30:20.977982,13,18,19,15,17,0
2026-08-14T15:30:20.977982,13,18,18,15,16,0
2026-08-14T15:30:20.977982,13,20,19,15,16,0
2026-08-14T15:30:20.986162,13,20,19,14,16,0
2026-08-14T15:30:20.986918,12,19,18,15,17,0
2026-08-14T15:30:20.986918,13,19,18,15,16,0
2026-08-14T15:30:20.990407,14,19,18,15,15,0
2026-08-14T15:30:20.990407,12,19,19,15,16,0
2026-08-14T15:30:20.991920,14,18,18,14,16,0
2026-08-14T15:30:20.993126,12,19,18,13,16,0
2026-08-14T15:30:20.993126,13,19,19,15,16,0
2026-08-14T15:30:20.993126,13,20,18,15,15,0
2026-08-14T15:30:20.996259,14,19,18,14,16,0
2026-08-14T15:30:20.996259,14,19,18,14,16,0
2026-08-14T15:30:20.996259,13,19,18,14,15,0
2026-08-14T15:30:21.000008,13,19,20,14,15,0
2026-08-14T15:30:21.000008,13,19,19,14,16,0
2026-08-14T15:30:21.002972,14,19,18,14,15,0
2026-08-14T15:30:21.003943,14,18,19,15,16,0
2026-08-14T15:30:21.003943,14,18,19,15,16,0
2026-08-14T15:30:21.003943,13,19,18,15,16,0
2026-08-14T15:30:21.003943,14,19,18,15,16,0
2026-08-14T15:30:21.008359,14,18,19,14,16,0
2026-08-14T15:30:21.008359,15,18,18,15,16,0
2026-08-14T15:30:21.008359,13,20,18,15,15,0
2026-08-14T15:30:21.008359,15,20,18,14,16,0
2026-08-14T15:30:21.008359,13,20,19,15,16,0
2026-08-14T15:30:21.008359,13,19,19,15,15,0
2026-08-14T15:30:21.008359,13,19,18,14,16,0
2026-08-14T15:30:21.008359,14,19,18,14,16,0
2026-08-14T15:30:21.019056,14,17,18,15,16,0
2026-08-14T15:30:21.019990,12,18,19,14,16,0
2026-08-14T15:30:21.019990,11,19,19,15,16,0
2026-08-14T15:30:21.019990,13,18,18,14,16,0
2026-08-14T15:30:21.023147,14,18,18,14,16,0
2026-08-14T15:30:21.023147,13,19,18,15,16,0
2026-08-14T15:30:21.023147,15,18,18,14,16,0
2026-08-14T15:30:21.027276,14,20,18,14,16,0
2026-08-14T15:30:21.027276,14,19,20,15,17,0
2026-08-14T15:30:21.027276,14,19,19,14,15,0
2026-08-14T15:30:21.031363,12,19,20,15,15,0
2026-08-14T15:30:21.031363,13,19,18,15,16,0
2026-08-14T15:30:21.031363,12,19,18,14,17,0
2026-08-14T15:30:21.033135,14,18,18,15,16,0
2026-08-14T15:30:21.033135,13,19,18,14,16,0
2026-08-14T15:30:21.036063,14,19,17,14,16,0
2026-08-14T15:30:21.037142,13,19,18,15,16,0
2026-08-14T15:30:21.039554,13,20,18,15,16,0
2026-08-14T15:30:21.039554,13,19,19,15,16,0
2026-08-14T15:30:21.039554,13,20,16,14,17,0
2026-08-14T15:30:21.041337,13,20,19,15,16,0
2026-08-14T15:30:21.043653,14,19,19,15,16,0
2026-08-14T15:30:21.043653,13,19,18,14,16,0
2026-08-14T15:30:21.043653,13,18,18,16,16,0
2026-08-14T15:30:21.043653,14,19,18,14,16,0
2026-08-14T15:30:21.043653,14,18,18,14,16,0
2026-08-14T15:30:21.043653,14,18,18,15,16,0
2026-08-14T15:30:21.049618,13,19,18,15,16,0
2026-08-14T15:30:21.050454,13,20,18,14,15,0
2026-08-14T15:30:21.050454,14,19,18,14,15,0
2026-08-14T15:30:21.053602,14,19,18,14,16,0
2026-08-14T15:30:21.053602,13,19,18,14,16,0
2026-08-14T15:30:21.053602,14,18,19,14,16,0
2026-08-14T15:30:21.053602,13,19,19,14,17,0
2026-08-14T15:30:21.057749,13,19,18,14,16,0
2026-08-14T15:30:21.057749,14,19,17,14,16,0
2026-08-14T15:30:21.057749,13,19,19,14,16,0
2026-08-14T15:30:21.057749,14,18,18,14,17,0
2026-08-14T15:30:21.057749,14,19,19,15,16,0
2026-08-14T15:30:21.057749,15,19,18,13,16,0
2026-08-14T15:30:21.057749,13,20,18,15,15,0
2026-08-14T15:30:21.068275,13,19,18,15,15,0
2026-08-14T15:30:21.068275,13,20,18,14,16,0
2026-08-14T15:30:21.069898,13,18,18,15,16,0
2026-08-14T15:30:21.070659,13,18,18,15,16,0
2026-08-14T15:30:21.070659,12,19,18,14,16,0
2026-08-14T15:30:21.070659,13,19,19,15,17,0
2026-08-14T15:30:21.070659,14,20,18,14,16,0
2026-08-14T15:30:21.074386,14,18,18,15,16,0
2026-08-14T15:30:21.074386,13,19,18,15,17,0
2026-08-14T15:30:21.074386,14,19,17,14,16,0
2026-08-14T15:30:21.074386,13,19,18,15,15,0
2026-08-14T15:30:21.074386,14,19,19,15,16,0
2026-08-14T15:30:21.074386,13,19,19,15,16,0
2026-08-14T15:30:21.074386,13,19,18,15,15,0
2026-08-14T15:30:21.083940,13,20,18,15,16,0
2026-08-14T15:30:21.083940,14,19,18,14,15,0
2026-08-14T15:30:21.083940,14,20,18,14,16,0
2026-08-14T15:30:21.087056,14,19,18,14,16,0
2026-08-14T15:30:21.087056,13,19,18,14,15,0
2026-08-14T15:30:21.089401,13,19,18,13,16,0
2026-08-14T15:30:21.089927,15,18,19,14,16,0
2026-08-14T15:30:21.092382,12,19,18,14,15,0
2026-08-14T15:30:21.092975,13,20,18,14,15,0
2026-08-14T15:30:21.092975,13,19,18,14,15,0
2026-08-14T15:30:21.096902,13,18,19,14,15,0
2026-08-14T15:30:21.096902,14,19,17,14,16,0
2026-08-14T15:30:21.096902,13,18,17,14,16,0
2026-08-14T15:30:21.098680,13,19,18,14,16,0
2026-08-14T15:30:21.100983,13,18,18,13,16,0
2026-08-14T15:30:21.100983,13,19,17,15,16,0
2026-08-14T15:30:21.100983,14,19,18,14,16,0
2026-08-14T15:30:21.105076,13,20,18,14,16,0
2026-08-14T15:30:21.105076,13,18,18,15,16,0
2026-08-14T15:30:21.105076,14,20,19,15,16,0
2026-08-14T15:30:21.106854,13,20,18,15,15,0
2026-08-14T15:30:21.109177,13,19,18,14,15,0
2026-08-14T15:30:21.109177,13,19,19,15,16,0
2026-08-14T15:30:21.109177,13,19,17,15,16,0
2026-08-14T15:30:21.113279,11,18,17,14,15,0
2026-08-14T15:30:21.113279,13,18,19,14,16,0
2026-08-14T15:30:21.113279,13,18,19,14,15,0
2026-08-14T15:30:21.115058,14,18,17,13,16,0
2026-08-14T15:30:21.117335,13,18,17,14,16,0
2026-08-14T15:30:21.117335,14,19,19,14,16,0
2026-08-14T15:30:21.117335,13,19,18,14,15,0
2026-08-14T15:30:21.121478,13,19,18,14,16,0
2026-08-14T15:30:21.121478,11,19,18,15,16,0
2026-08-14T15:30:21.121478,11,19,17,15,16,0
2026-08-14T15:30:21.123249,13,19,18,15,16,0
2026-08-14T15:30:21.123249,13,19,18,15,16,0
2026-08-14T15:30:21.123249,14,19,17,14,16,0
2026-08-14T15:30:21.123249,13,19,17,14,16,0
2026-08-14T15:30:21.123249,13,18,18,15,16,0
2026-08-14T15:30:21.123249,14,19,19,13,16,0
2026-08-14T15:30:21.123249,14,18,18,14,15,0
2026-08-14T15:30:21.132327,13,19,18,14,16,0
2026-08-14T15:30:21.132327,12,20,19,15,15,0
2026-08-14T15:30:21.132327,14,20,18,13,16,0
2026-08-14T15:30:21.136798,13,19,17,15,16,0
2026-08-14T15:30:21.136798,12,18,18,14,16,0
2026-08-14T15:30:21.136798,13,19,18,14,16,0
2026-08-14T15:30:21.136798,12,18,19,13,16,0
2026-08-14T15:30:21.141521,14,19,17,14,16,0
2026-08-14T15:30:21.141521,14,19,18,15,16,0
2026-08-14T15:30:21.141521,14,19,17,14,16,0
2026-08-14T15:30:21.143529,14,19,19,14,16,0
2026-08-14T15:30:21.146048,13,19,18,13,16,0
2026-08-14T15:30:21.146048,14,19,18,14,16,0
2026-08-14T15:30:21.146048,13,19,18,14,16,0
2026-08-14T15:30:21.148902,14,19,18,14,15,0
2026-08-14T15:30:21.148902,13,19,18,14,16,0
2026-08-14T15:30:21.148902,13,19,18,14,16,0
2026-08-14T15:30:21.151908,14,18,18,15,16,0
2026-08-14T15:30:21.153354,13,19,17,14,15,0
2026-08-14T15:30:21.153354,13,18,18,13,16,0
2026-08-14T15:30:21.153354,14,18,18,14,16,0
2026-08-14T15:30:21.156031,13,18,18,14,16,0
2026-08-14T15:30:21.156031,14,19,17,14,15,0
2026-08-14T15:30:21.156031,13,20,18,13,15,0
2026-08-14T15:30:21.161421,13,19,19,15,16,0
2026-08-14T15:30:21.161421,13,18,17,14,15,0
2026-08-14T15:30:21.163434,13,18,18,14,16,0
2026-08-14T15:30:21.163434,13,18,17,14,15,0
2026-08-14T15:30:21.164445,13,19,18,13,15,0
2026-08-14T15:30:21.164445,14,18,19,15,16,0
2026-08-14T15:30:21.164445,14,18,18,14,16,0
2026-08-14T15:30:21.169550,13,19,18,14,15,0
2026-08-14T15:30:21.171253,14,19,18,14,16,0
2026-08-14T15:30:21.171253,14,20,18,15,15,0
2026-08-14T15:30:21.172765,14,19,18,15,16,0
2026-08-14T15:30:21.174729,13,18,18,14,15,0
2026-08-14T15:30:21.174729,13,20,18,14,16,0
2026-08-14T15:30:21.174729,13,18,18,15,15,0
2026-08-14T15:30:21.178804,13,19,17,14,16,0
2026-08-14T15:30:21.178804,11,19,17,14,16,0
2026-08-14T15:30:21.178804,14,19,18,15,16,0
2026-08-14T15:30:21.180877,13,19,18,14,16,0
2026-08-14T15:30:21.182903,14,19,17,14,16,0
2026-08-14T15:30:21.182903,13,18,18,15,16,0
2026-08-14T15:30:21.182903,14,18,18,14,16,0
2026-08-14T15:30:21.186569,13,19,19,14,15,0
2026-08-14T15:30:21.187399,13,18,17,14,16,0
2026-08-14T15:30:21.187399,14,18,17,14,16,0
2026-08-14T15:30:21.187399,13,20,18,14,15,0
2026-08-14T15:30:21.191110,13,20,18,15,15,0
2026-08-14T15:30:21.191110,13,19,18,14,16,0
2026-08-14T15:30:21.191110,13,18,18,15,15,0
2026-08-14T15:30:21.193890,12,18,18,14,16,0
2026-08-14T15:30:21.193890,14,18,19,15,16,0
2026-08-14T15:30:21.193890,14,18,17,14,15,0
2026-08-14T15:30:21.197457,14,18,17,13,16,0
2026-08-14T15:30:21.197457,14,18,18,14,16,0
2026-08-14T15:30:21.197457,12,19,19,14,14,0
2026-08-14T15:30:21.197457,14,18,18,13,16,0
2026-08-14T15:30:21.202909,12,18,18,14,16,0
2026-08-14T15:30:21.203591,11,19,18,14,16,0
2026-08-14T15:30:21.203591,12,19,18,14,15,0
2026-08-14T15:30:21.205813,13,18,18,14,15,0
2026-08-14T15:30:21.205813,14,18,17,14,15,0
2026-08-14T15:30:21.205813,13,18,17,15,16,0
2026-08-14T15:30:21.205813,14,18,18,14,16,0
2026-08-14T15:30:21.205813,13,19,18,14,16,0
2026-08-14T15:30:21.205813,13,18,18,14,15,0
2026-08-14T15:30:21.205813,14,18,19,13,16,0
2026-08-14T15:30:21.215680,14,19,18,14,15,0
2026-08-14T15:30:21.215680,14,18,18,14,16,0
2026-08-14T15:30:21.215680,15,20,17,14,15,0
2026-08-14T15:30:21.217440,13,18,18,13,16,0
2026-08-14T15:30:21.217440,14,18,17,14,16,0
2026-08-14T15:30:21.220754,11,19,17,13,15,0
2026-08-14T15:30:21.220754,13,18,18,14,16,0
2026-08-14T15:30:21.222664,13,18,17,13,15,0
2026-08-14T15:30:21.222664,13,19,17,13,15,0
2026-08-14T15:30:21.222664,14,19,17,14,16,0
2026-08-14T15:30:21.225569,13,19,18,13,16,0
2026-08-14T15:30:21.225569,13,18,18,14,16,0
2026-08-14T15:30:21.225569,13,18,18,13,15,0
2026-08-14T15:30:21.225569,12,19,18,14,15,0
2026-08-14T15:30:21.230797,13,20,18,14,15,0
2026-08-14T15:30:21.230797,13,18,17,14,15,0
2026-08-14T15:30:21.233810,13,18,19,13,16,0
2026-08-14T15:30:21.236410,14,18,17,14,16,0
2026-08-14T15:30:21.237320,14,19,17,14,15,0
2026-08-14T15:30:21.237320,12,19,18,15,15,0
2026-08-14T15:30:21.239295,13,17,18,13,15,0
2026-08-14T15:30:21.239295,13,18,17,14,16,0
2026-08-14T15:30:21.239295,14,18,16,14,15,0
2026-08-14T15:30:21.239295,15,18,18,13,14,0
2026-08-14T15:30:21.243021,14,18,17,14,16,0
2026-08-14T15:30:21.243021,13,19,18,14,15,0
2026-08-14T15:30:21.243021,12,18,19,14,15,0
2026-08-14T15:30:21.243021,12,18,18,14,15,0
2026-08-14T15:30:21.247479,12,19,17,14,15,0
2026-08-14T15:30:21.247479,14,18,17,14,16,0
2026-08-14T15:30:21.247479,11,18,16,13,16,0
2026-08-14T15:30:21.247479,13,17,17,14,15,0
2026-08-14T15:30:21.252996,13,18,17,13,16,0
2026-08-14T15:30:21.255208,12,17,17,15,15,0
2026-08-14T15:30:21.255208,14,18,17,13,15,0
2026-08-14T15:30:21.255208,11,18,18,13,15,0
2026-08-14T15:30:21.255208,11,17,18,14,16,0
2026-08-14T15:30:21.259076,14,18,17,13,16,0
2026-08-14T15:30:21.259076,12,18,16,14,15,0
2026-08-14T15:30:21.259076,13,17,18,13,15,0
2026-08-14T15:30:21.259076,14,18,18,14,15,0
2026-08-14T15:30:21.264266,12,18,17,14,14,0
2026-08-14T15:30:21.265332,13,17,17,14,15,0
2026-08-14T15:30:21.265332,13,18,17,13,16,0
2026-08-14T15:30:21.266428,13,18,17,14,16,0
2026-08-14T15:30:21.268618,13,18,17,13,15,0
2026-08-14T15:30:21.270114,14,17,16,14,15,0
2026-08-14T15:30:21.270894,13,18,17,13,14,0
2026-08-14T15:30:21.271732,13,18,17,14,15,0
2026-08-14T15:30:21.271732,13,20,18,14,15,0
2026-08-14T15:30:21.271732,13,19,16,14,14,0
2026-08-14T15:30:21.271732,13,18,17,14,15,0
2026-08-14T15:30:21.277049,13,17,18,14,16,0
2026-08-14T15:30:21.277049,11,18,16,14,16,0
2026-08-14T15:30:21.277049,13,18,16,13,16,0
2026-08-14T15:30:21.281203,14,17,17,14,16,0
2026-08-14T15:30:21.281203,13,18,17,13,15,0
2026-08-14T15:30:21.281203,13,18,17,14,15,0
2026-08-14T15:30:21.281203,14,18,17,13,15,0
2026-08-14T15:30:21.281203,13,18,17,13,15,0
2026-08-14T15:30:21.281203,13,18,18,14,15,0
2026-08-14T15:30:21.287214,13,19,17,14,15,0
2026-08-14T15:30:21.287214,11,17,16,14,15,0
2026-08-14T15:30:21.287214,14,18,17,14,15,0
2026-08-14T15:30:21.287214,14,17,17,13,15,0
2026-08-14T15:30:21.293404,13,17,17,13,15,0
2026-08-14T15:30:21.293404,11,17,16,13,16,0
2026-08-14T15:30:21.293404,13,17,17,13,14,0
2026-08-14T15:30:21.295162,14,18,17,13,16,0
2026-08-14T15:30:21.296364,13,18,17,13,14,0
2026-08-14T15:30:21.296364,14,17,16,14,16,0
2026-08-14T15:30:21.296364,13,20,18,13,15,0
2026-08-14T15:30:21.296364,12,18,17,14,15,0
2026-08-14T15:30:21.296364,12,19,17,14,16,0
2026-08-14T15:30:21.303506,14,17,16,14,15,0
2026-08-14T15:30:21.304361,12,18,17,14,16,0
2026-08-14T15:30:21.304361,13,19,18,13,15,0
2026-08-14T15:30:21.304361,13,18,16,13,17,0
2026-08-14T15:30:21.304361,12,17,17,13,16,0
2026-08-14T15:30:21.304361,13,17,18,14,15,0
2026-08-14T15:30:21.304361,13,18,17,14,15,0
2026-08-14T15:30:21.310766,13,17,17,13,16,0
2026-08-14T15:30:21.310766,13,18,16,13,15,0
2026-08-14T15:30:21.310766,12,17,18,14,15,0
2026-08-14T15:30:21.310766,12,17,17,13,15,0
2026-08-14T15:30:21.310766,13,18,17,14,15,0
2026-08-14T15:30:21.310766,13,18,17,14,15,0
2026-08-14T15:30:21.310766,13,18,18,13,15,0
2026-08-14T15:30:21.320594,12,17,17,13,16,0
2026-08-14T15:30:21.320594,12,18,17,14,16,0
2026-08-14T15:30:21.320594,13,17,16,14,16,0
2026-08-14T15:30:21.320594,12,18,16,13,15,0
2026-08-14T15:30:21.320594,13,18,17,14,15,0
2026-08-14T15:30:21.326180,13,18,17,13,16,0
2026-08-14T15:30:21.326180,13,18,16,13,16,0
2026-08-14T15:30:21.327197,12,17,16,14,14,0
2026-08-14T15:30:21.330265,11,17,17,13,15,0
2026-08-14T15:30:21.330265,13,18,17,13,15,0
2026-08-14T15:30:21.332028,12,17,16,14,15,0
2026-08-14T15:30:21.332028,13,18,17,13,16,0
2026-08-14T15:30:21.332028,13,16,16,13,15,0
2026-08-14T15:30:21.332028,12,17,18,13,14,0
2026-08-14T15:30:21.336019,14,17,17,14,16,0
2026-08-14T15:30:21.337125,13,18,17,13,15,0
2026-08-14T15:30:21.337125,12,17,17,13,15,0
2026-08-14T15:30:21.337125,12,18,16,14,15,0
2026-08-14T15:30:21.340192,11,17,16,14,15,0
2026-08-14T15:30:21.340192,13,18,17,13,15,0
2026-08-14T15:30:21.340192,13,17,16,13,15,0
2026-08-14T15:30:21.343609,11,17,17,13,16,0
2026-08-14T15:30:21.343609,13,18,16,14,15,0
2026-08-14T15:30:21.343609,13,18,16,13,15,0
2026-08-14T15:30:21.343609,14,18,16,13,16,0
2026-08-14T15:30:21.348417,13,17,17,14,15,0
2026-08-14T15:30:21.348417,13,17,16,14,15,0
2026-08-14T15:30:21.348417,13,18,17,13,14,0
2026-08-14T15:30:21.351721,13,18,17,14,15,0
2026-08-14T15:30:21.354856,13,18,16,13,15,0
2026-08-14T15:30:21.354856,12,18,16,12,14,0
2026-08-14T15:30:21.354856,11,18,16,14,15,0
2026-08-14T15:30:21.357424,12,17,18,13,15,0
2026-08-14T15:30:21.357424,12,17,17,14,15,0
2026-08-14T15:30:21.359974,13,17,17,13,14,0
2026-08-14T15:30:21.359974,12,18,17,14,15,0
2026-08-14T15:30:21.359974,12,16,17,13,14,0
2026-08-14T15:30:21.359974,14,16,16,13,16,0
2026-08-14T15:30:21.359974,13,18,15,13,15,0
2026-08-14T15:30:21.359974,12,18,17,14,15,0
2026-08-14T15:30:21.359974,13,18,16,14,15,0
2026-08-14T15:30:21.368373,12,17,17,13,15,0
2026-08-14T15:30:21.370100,13,17,16,14,15,0
2026-08-14T15:30:21.370100,12,18,17,14,15,0
2026-08-14T15:30:21.370100,13,17,16,13,15,0
2026-08-14T15:30:21.372269,13,18,16,13,16,0
2026-08-14T15:30:21.374279,14,17,16,13,16,0
2026-08-14T15:30:21.376400,12,17,17,13,16,0
2026-08-14T15:30:21.376400,12,17,17,13,16,0
2026-08-14T15:30:21.376400,14,17,16,13,15,0
2026-08-14T15:30:21.378412,13,18,15,13,15,0
2026-08-14T15:30:21.378412,14,18,17,12,15,0
2026-08-14T15:30:21.378412,12,17,16,13,15,0
2026-08-14T15:30:21.383508,13,17,16,14,15,0
2026-08-14T15:30:21.383508,12,17,16,13,15,0
2026-08-14T15:30:21.384525,14,17,16,13,15,0
2026-08-14T15:30:21.386128,12,17,16,13,16,0
2026-08-14T15:30:21.387541,11,17,16,14,16,0
2026-08-14T15:30:21.388506,12,17,16,13,15,0
2026-08-14T15:30:21.389418,14,17,16,13,15,0
2026-08-14T15:30:21.391713,13,18,17,12,16,0
2026-08-14T15:30:21.391713,12,17,16,14,16,0
2026-08-14T15:30:21.392724,12,17,16,14,15,0
2026-08-14T15:30:21.394644,12,17,16,13,15,0
2026-08-14T15:30:21.394644,13,17,16,13,15,0
2026-08-14T15:30:21.397572,12,17,16,13,14,0
2026-08-14T15:30:21.397572,13,17,16,14,15,0
2026-08-14T15:30:21.397572,11,17,16,13,15,0
2026-08-14T15:30:21.397572,13,17,16,14,16,0
2026-08-14T15:30:21.400895,11,17,17,14,15,0
2026-08-14T15:30:21.403582,12,17,16,14,15,0
2026-08-14T15:30:21.403582,14,17,16,13,15,0
2026-08-14T15:30:21.403582,13,18,15,14,15,0
2026-08-14T15:30:21.405728,14,17,15,13,15,0
2026-08-14T15:30:21.407828,12,17,16,13,16,0
2026-08-14T15:30:21.407828,13,17,16,12,15,0
2026-08-14T15:30:21.409348,12,18,16,13,15,0
2026-08-14T15:30:21.409348,13,18,16,13,16,0
2026-08-14T15:30:21.409348,12,18,16,12,15,0
2026-08-14T15:30:21.409348,11,17,16,13,15,0
2026-08-14T15:30:21.409348,13,18,17,13,15,0
2026-08-14T15:30:21.409348,12,17,16,13,16,0
2026-08-14T15:30:21.409348,12,17,15,12,16,0
2026-08-14T15:30:21.417376,13,18,15,13,15,0
2026-08-14T15:30:21.420302,12,17,16,13,15,0
2026-08-14T15:30:21.420302,13,18,15,13,15,0
2026-08-14T15:30:21.420302,13,17,16,13,16,0
2026-08-14T15:30:21.420302,11,17,17,13,15,0
2026-08-14T15:30:21.420302,11,18,16,14,15,0
2026-08-14T15:30:21.425418,13,17,16,13,15,0
2026-08-14T15:30:21.425418,12,18,16,13,16,0
2026-08-14T15:30:21.428554,12,16,17,13,16,0
2026-08-14T15:30:21.428554,13,16,16,13,16,0
2026-08-14T15:30:21.430322,14,16,16,13,15,0
2026-08-14T15:30:21.432655,14,17,15,13,16,0
2026-08-14T15:30:21.433668,12,18,16,13,16,0
2026-08-14T15:30:21.433668,12,18,17,13,15,0
2026-08-14T15:30:21.433668,14,17,16,13,15,0
2026-08-14T15:30:21.437023,12,17,16,13,14,0
2026-08-14T15:30:21.437698,11,17,16,13,15,0
2026-08-14T15:30:21.437698,12,17,17,12,15,0
2026-08-14T15:30:21.437698,12,17,16,12,15,0
2026-08-14T15:30:21.441746,12,17,14,13,15,0
2026-08-14T15:30:21.441746,12,16,16,13,15,0
2026-08-14T15:30:21.441746,12,17,15,13,15,0
2026-08-14T15:30:21.441746,13,18,16,13,15,0
2026-08-14T15:30:21.441746,14,18,15,12,15,0
2026-08-14T15:30:21.441746,13,18,16,13,15,0
2026-08-14T15:30:21.446697,12,18,16,13,15,0
2026-08-14T15:30:21.449817,12,17,16,13,14,0
2026-08-14T15:30:21.449817,13,17,16,12,15,0
2026-08-14T15:30:21.449817,12,17,15,12,16,0
2026-08-14T15:30:21.453114,12,18,15,13,16,0
2026-08-14T15:30:21.453973,11,16,16,14,15,0
2026-08-14T15:30:21.453973,13,17,16,13,16,0
2026-08-14T15:30:21.457229,12,18,16,13,16,0
2026-08-14T15:30:21.457229,13,18,16,13,15,0
2026-08-14T15:30:21.458244,13,18,16,13,15,0
2026-08-14T15:30:21.461331,12,17,15,12,15,0
2026-08-14T15:30:21.461331,13,18,16,12,15,0
2026-08-14T15:30:21.461331,13,17,16,13,15,0
2026-08-14T15:30:21.461331,12,18,16,13,15,0
2026-08-14T15:30:21.465429,11,17,16,14,15,0
2026-08-14T15:30:21.465429,13,18,16,13,15,0
2026-08-14T15:30:21.466443,12,17,17,12,16,0
2026-08-14T15:30:21.466443,14,18,15,13,16,0
2026-08-14T15:30:21.470476,13,16,16,14,14,0
2026-08-14T15:30:21.471490,13,17,16,14,15,0
2026-08-14T15:30:21.471490,14,18,16,13,15,0
2026-08-14T15:30:21.471490,14,17,15,13,16,0
2026-08-14T15:30:21.471490,12,18,15,13,15,0
2026-08-14T15:30:21.474687,12,18,16,14,15,0
2026-08-14T15:30:21.474687,12,17,16,12,15,0
2026-08-14T15:30:21.474687,13,18,16,13,15,0
2026-08-14T15:30:21.474687,11,17,16,14,15,0
2026-08-14T15:30:21.474687,11,18,16,13,15,0
2026-08-14T15:30:21.474687,12,17,16,13,15,0
2026-08-14T15:30:21.474687,13,16,17,13,15,0
2026-08-14T15:30:21.482940,13,17,16,13,16,0
2026-08-14T15:30:21.482940,12,17,16,13,15,0
2026-08-14T15:30:21.486480,13,17,15,13,16,0
2026-08-14T15:30:21.487116,13,18,15,13,15,0
2026-08-14T15:30:21.487116,13,18,15,13,15,0
2026-08-14T15:30:21.489992,13,18,16,13,15,0
2026-08-14T15:30:21.489992,11,17,16,14,15,0
2026-08-14T15:30:21.491004,13,18,15,13,15,0
2026-08-14T15:30:21.491004,12,18,15,13,15,0
2026-08-14T15:30:21.491004,13,18,16,13,16,0
2026-08-14T15:30:21.491004,13,17,16,13,16,0
2026-08-14T15:30:21.496922,12,18,16,13,16,0
2026-08-14T15:30:21.496922,14,17,15,13,16,0
2026-08-14T15:30:21.499195,14,17,16,12,16,0
2026-08-14T15:30:21.499195,13,17,16,13,15,0
2026-08-14T15:30:21.499195,13,18,16,12,15,0
2026-08-14T15:30:21.503545,12,17,14,13,15,0
2026-08-14T15:30:21.504217,13,18,16,13,15,0
2026-08-14T15:30:21.504941,11,17,16,14,16,0
2026-08-14T15:30:21.504941,11,18,16,13,15,0
2026-08-14T15:30:21.507613,12,18,14,12,15,0
2026-08-14T15:30:21.507613,12,17,16,12,16,0
2026-08-14T15:30:21.510480,13,18,15,13,16,0
2026-08-14T15:30:21.510480,11,17,15,13,16,0
2026-08-14T15:30:21.510480,13,17,16,12,15,0
2026-08-14T15:30:21.514258,13,18,16,12,16,0
2026-08-14T15:30:21.514258,14,18,16,13,16,0
2026-08-14T15:30:21.516058,13,18,15,13,15,0
2026-08-14T15:30:21.516058,12,18,15,12,14,0
2026-08-14T15:30:21.516058,13,18,16,12,15,0
2026-08-14T15:30:21.520139,13,17,15,12,15,0
2026-08-14T15:30:21.520491,13,17,16,14,15,0
2026-08-14T15:30:21.522784,11,17,16,13,15,0
2026-08-14T15:30:21.522784,13,18,16,13,16,0
2026-08-14T15:30:21.524546,14,17,16,13,16,0
2026-08-14T15:30:21.526140,12,17,16,13,16,0
2026-08-14T15:30:21.526140,13,16,16,13,16,0
2026-08-14T15:30:21.526140,12,18,15,12,14,0
2026-08-14T15:30:21.526140,12,17,15,13,15,0
2026-08-14T15:30:21.526140,14,18,16,13,16,0
2026-08-14T15:30:21.526140,12,17,15,13,16,0
2026-08-14T15:30:21.526140,11,17,16,12,15,0
2026-08-14T15:30:21.532642,11,17,16,13,15,0
2026-08-14T15:30:21.532642,13,17,16,13,15,0
2026-08-14T15:30:21.536808,13,18,15,14,16,0
2026-08-14T15:30:21.537502,11,17,16,13,15,0
2026-08-14T15:30:21.537502,12,17,16,13,15,0
2026-08-14T15:30:21.537502,14,17,15,12,15,0
2026-08-14T15:30:21.537502,13,17,16,13,15,0
2026-08-14T15:30:21.541019,12,18,15,13,15,0
2026-08-14T15:30:21.541019,13,18,16,12,15,0
2026-08-14T15:30:21.541019,12,19,15,13,15,0
2026-08-14T15:30:21.541019,13,17,15,12,15,0
2026-08-14T15:30:21.541019,12,18,16,14,15,0
2026-08-14T15:30:21.541019,11,17,16,13,15,0
2026-08-14T15:30:21.541019,13,18,16,12,15,0
2026-08-14T15:30:21.551457,13,18,15,13,16,0
2026-08-14T15:30:21.551457,11,18,15,13,15,0
2026-08-14T15:30:21.553692,12,17,15,13,15,0
2026-08-14T15:30:21.553692,12,18,16,12,16,0
2026-08-14T15:30:21.555526,14,17,15,13,15,0
2026-08-14T15:30:21.555526,13,17,16,12,15,0
2026-08-14T15:30:21.555526,12,19,16,12,16,0
2026-08-14T15:30:21.557279,13,18,16,12,15,0
2026-08-14T15:30:21.557279,12,18,16,13,15,0
2026-08-14T15:30:21.557279,14,17,16,13,15,0
2026-08-14T15:30:21.561389,13,18,17,14,16,0
2026-08-14T15:30:21.561389,13,17,16,13,15,0
2026-08-14T15:30:21.565510,13,18,16,13,15,0
2026-08-14T15:30:21.565510,13,17,16,13,16,0
2026-08-14T15:30:21.565510,14,17,16,14,16,0
2026-08-14T15:30:21.565510,13,18,15,14,16,0
2026-08-14T15:30:21.569415,12,17,17,12,16,0
2026-08-14T15:30:21.570384,14,18,16,14,16,0
2026-08-14T15:30:21.570384,14,18,16,13,15,0
2026-08-14T15:30:21.570384,12,18,16,13,16,0
2026-08-14T15:30:21.573685,12,19,16,13,15,0
2026-08-14T15:30:21.576028,11,17,16,12,15,0
2026-08-14T15:30:21.576028,12,18,16,13,15,0
2026-08-14T15:30:21.576028,12,18,16,13,15,0
2026-08-14T15:30:21.580106,13,17,16,14,16,0
2026-08-14T15:30:21.580106,12,18,16,13,16,0
2026-08-14T15:30:21.581869,12,19,16,12,15,0
2026-08-14T15:30:21.581869,14,17,16,13,16,0
2026-08-14T15:30:21.584205,13,18,16,13,16,0
2026-08-14T15:30:21.584205,13,17,17,13,15,0
2026-08-14T15:30:21.584205,13,18,16,13,15,0
2026-08-14T15:30:21.587162,14,18,16,13,16,0
2026-08-14T15:30:21.587162,12,19,16,13,16,0
2026-08-14T15:30:21.587162,13,19,17,13,15,0
2026-08-14T15:30:21.590361,12,19,16,13,16,0
2026-08-14T15:30:21.593174,13,18,17,13,16,0
2026-08-14T15:30:21.593619,13,18,17,13,16,0
2026-08-14T15:30:21.594132,12,19,16,13,16,0
2026-08-14T15:30:21.594132,13,18,16,14,16,0
2026-08-14T15:30:21.594132,14,18,15,13,16,0
2026-08-14T15:30:21.594132,12,17,16,13,16,0
2026-08-14T15:30:21.600620,13,18,16,13,16,0
2026-08-14T15:30:21.601241,13,18,16,14,15,0
2026-08-14T15:30:21.601830,13,18,16,13,15,0
2026-08-14T15:30:21.603123,13,19,16,13,15,0
2026-08-14T15:30:21.604712,13,19,16,13,15,0
2026-08-14T15:30:21.604712,12,18,17,14,15,0
2026-08-14T15:30:21.604712,13,19,16,14,15,0
2026-08-14T15:30:21.608759,13,18,16,13,16,0
2026-08-14T15:30:21.608759,12,18,16,13,16,0
2026-08-14T15:30:21.608759,13,18,16,13,16,0
2026-08-14T15:30:21.608759,13,18,16,13,16,0
2026-08-14T15:30:21.612878,13,18,16,13,16,0
2026-08-14T15:30:21.612878,14,18,16,13,16,0
2026-08-14T15:30:21.612878,13,19,16,13,16,0
2026-08-14T15:30:21.614639,13,18,16,14,16,0
2026-08-14T15:30:21.614639,12,18,16,14,15,0
2026-08-14T15:30:21.614639,13,18,16,14,16,0
2026-08-14T15:30:21.619943,13,18,17,13,15,0
2026-08-14T15:30:21.620802,11,18,16,14,16,0
2026-08-14T15:30:21.620802,13,19,16,14,15,0
2026-08-14T15:30:21.622811,12,18,17,12,16,0
2026-08-14T15:30:21.622811,14,18,17,13,16,0
2026-08-14T15:30:21.622811,13,17,17,13,16,0
2026-08-14T15:30:21.622811,13,19,16,13,16,0
2026-08-14T15:30:21.622811,14,18,17,13,16,0
2026-08-14T15:30:21.622811,13,19,17,15,15,0
2026-08-14T15:30:21.622811,13,18,16,13,15,0
2026-08-14T15:30:21.631047,13,18,17,14,16,0
2026-08-14T15:30:21.633353,13,19,17,14,16,0
2026-08-14T15:30:21.633353,13,18,16,14,16,0
2026-08-14T15:30:21.633353,13,19,18,14,16,0
2026-08-14T15:30:21.637444,14,19,16,13,16,0
2026-08-14T15:30:21.637444,13,19,17,13,16,0
2026-08-14T15:30:21.637444,14,19,16,13,16,0
2026-08-14T15:30:21.639197,13,18,17,14,17,0
2026-08-14T15:30:21.641055,13,17,16,13,16,0
2026-08-14T15:30:21.641055,13,18,18,13,16,0
2026-08-14T15:30:21.641055,13,19,18,13,15,0
2026-08-14T15:30:21.641055,14,18,16,13,16,0
2026-08-14T15:30:21.641055,14,19,17,14,16,0
2026-08-14T15:30:21.641055,13,19,18,14,15,0
2026-08-14T15:30:21.647576,13,18,17,13,16,0
2026-08-14T15:30:21.647576,14,18,17,13,16,0
2026-08-14T15:30:21.647576,12,18,17,14,16,0
2026-08-14T15:30:21.647576,14,19,17,14,16,0
2026-08-14T15:30:21.653832,13,19,17,14,16,0
2026-08-14T15:30:21.653832,14,18,17,13,16,0
2026-08-14T15:30:21.653832,14,18,17,13,16,0
2026-08-14T15:30:21.655887,14,19,18,14,16,0
2026-08-14T15:30:21.656947,13,19,18,13,16,0
2026-08-14T15:30:21.656947,13,19,17,14,16,0
2026-08-14T15:30:21.659057,13,20,18,13,16,0
2026-08-14T15:30:21.661066,12,19,18,14,16,0
2026-08-14T15:30:21.661066,14,19,17,13,16,0
2026-08-14T15:30:21.663075,13,20,17,14,16,0
2026-08-14T15:30:21.666090,13,18,16,14,16,0
2026-08-14T15:30:21.666090,12,18,18,13,16,0
2026-08-14T15:30:21.666090,13,19,17,13,16,0
2026-08-14T15:30:21.668100,13,19,17,13,16,0
2026-08-14T15:30:21.670059,13,19,16,13,16,0
2026-08-14T15:30:21.670059,14,19,17,13,16,0
2026-08-14T15:30:21.670059,12,19,18,13,16,0
2026-08-14T15:30:21.674331,14,20,18,13,16,0
2026-08-14T15:30:21.674331,13,18,18,14,15,0
2026-08-14T15:30:21.674331,13,20,16,14,16,0
2026-08-14T15:30:21.676095,13,19,17,13,16,0
2026-08-14T15:30:21.678431,13,19,17,14,15,0
2026-08-14T15:30:21.678431,14,19,16,13,17,0
2026-08-14T15:30:21.678431,13,18,16,13,17,0
2026-08-14T15:30:21.682533,14,18,18,14,16,0
2026-08-14T15:30:21.682533,13,19,16,13,16,0
2026-08-14T15:30:21.684295,13,16,17,15,16,0
2026-08-14T15:30:21.684295,14,20,18,14,16,0
2026-08-14T15:30:21.686144,14,19,18,14,16,0
2026-08-14T15:30:21.687531,12,19,17,13,16,0
2026-08-14T15:30:21.688240,13,19,17,14,16,0
2026-08-14T15:30:21.690813,12,19,17,14,16,0
2026-08-14T15:30:21.690813,13,19,17,14,16,0
2026-08-14T15:30:21.690813,14,19,17,14,16,0
2026-08-14T15:30:21.692862,13,19,17,13,16,0
2026-08-14T15:30:21.692862,14,18,18,14,16,0
2026-08-14T15:30:21.692862,14,20,18,14,15,0
2026-08-14T15:30:21.696599,13,19,17,14,17,0
2026-08-14T15:30:21.696599,14,19,17,14,16,0
2026-08-14T15:30:21.699285,14,20,18,13,16,0
2026-08-14T15:30:21.699285,13,20,18,13,15,0
2026-08-14T15:30:21.702679,14,20,18,13,16,0
2026-08-14T15:30:21.703467,12,18,18,13,16,0
2026-08-14T15:30:21.703467,12,20,17,14,17,0
2026-08-14T15:30:21.705747,12,19,18,14,16,0
2026-08-14T15:30:21.705747,13,19,17,13,16,0
2026-08-14T15:30:21.707492,12,19,17,13,16,0
2026-08-14T15:30:21.707492,14,18,17,14,16,0
2026-08-14T15:30:21.707492,14,20,19,14,16,0
2026-08-14T15:30:21.707492,15,18,17,13,16,0
2026-08-14T15:30:21.707492,15,19,19,14,16,0
2026-08-14T15:30:21.707492,14,20,18,14,16,0
2026-08-14T15:30:21.707492,13,20,19,14,15,0
2026-08-14T15:30:21.716009,14,20,18,14,16,0
2026-08-14T15:30:21.716009,14,19,18,14,16,0
2026-08-14T15:30:21.718021,13,19,18,13,16,0
2026-08-14T15:30:21.720056,13,19,17,14,15,0
2026-08-14T15:30:21.720056,11,19,18,15,16,0
2026-08-14T15:30:21.721133,14,19,17,14,17,0
2026-08-14T15:30:21.721977,14,18,18,14,17,0
2026-08-14T15:30:21.721977,15,20,18,15,16,0
2026-08-14T15:30:21.724464,14,20,18,13,16,0
2026-08-14T15:30:21.727580,14,19,18,14,15,0
2026-08-14T15:30:21.727580,14,20,18,14,16,0
2026-08-14T15:30:21.727580,13,20,18,14,16,0
2026-08-14T15:30:21.731140,12,20,18,14,16,0
2026-08-14T15:30:21.731140,13,19,17,14,16,0
2026-08-14T15:30:21.732918,14,19,18,14,17,0
2026-08-14T15:30:21.732918,13,19,18,14,16,0
2026-08-14T15:30:21.732918,13,20,18,14,17,0
2026-08-14T15:30:21.737058,14,19,17,14,17,0
2026-08-14T15:30:21.737699,15,18,19,13,16,0
2026-08-14T15:30:21.737699,13,20,19,15,16,0
2026-08-14T15:30:21.737699,13,19,19,14,17,0
2026-08-14T15:30:21.740981,14,20,18,14,16,0
2026-08-14T15:30:21.740981,13,20,19,14,16,0
2026-08-14T15:30:21.740981,15,19,18,14,17,0
2026-08-14T15:30:21.740981,13,20,19,14,16,0
2026-08-14T15:30:21.740981,13,20,18,14,15,0
2026-08-14T15:30:21.740981,14,20,20,14,16,0
2026-08-14T15:30:21.740981,14,19,18,14,16,0
2026-08-14T15:30:21.749463,13,19,19,13,17,0
2026-08-14T15:30:21.749463,13,19,18,14,16,0
2026-08-14T15:30:21.751482,13,20,19,14,16,0
2026-08-14T15:30:21.753428,14,20,18,14,17,0
2026-08-14T15:30:21.753953,14,20,18,14,17,0
2026-08-14T15:30:21.756110,13,20,18,15,16,0
2026-08-14T15:30:21.756110,13,20,18,14,15,0
2026-08-14T15:30:21.756110,13,20,19,14,16,0
2026-08-14T15:30:21.759872,14,19,18,14,16,0
2026-08-14T15:30:21.759872,13,19,18,15,16,0
2026-08-14T15:30:21.759872,13,19,18,15,16,0
2026-08-14T15:30:21.761882,13,20,18,13,16,0
2026-08-14T15:30:21.763893,13,18,18,14,16,0
2026-08-14T15:30:21.763893,14,19,18,15,17,0
2026-08-14T15:30:21.763893,14,19,18,14,16,0
2026-08-14T15:30:21.767917,15,20,18,14,16,0
2026-08-14T15:30:21.769374,13,20,17,15,16,0
2026-08-14T15:30:21.769374,14,20,18,13,17,0
2026-08-14T15:30:21.769374,13,19,18,14,16,0
2026-08-14T15:30:21.770326,13,19,19,14,15,0
2026-08-14T15:30:21.770326,14,20,18,14,16,0
2026-08-14T15:30:21.770326,14,19,17,14,16,0
2026-08-14T15:30:21.776742,14,19,19,14,16,0
2026-08-14T15:30:21.776742,13,19,19,14,16,0
2026-08-14T15:30:21.776742,14,20,20,14,16,0
2026-08-14T15:30:21.778389,14,20,18,13,17,0
2026-08-14T15:30:21.780525,14,19,19,14,16,0
2026-08-14T15:30:21.780525,13,20,19,14,16,0
2026-08-14T15:30:21.781539,14,20,19,14,17,0
2026-08-14T15:30:21.784898,14,20,18,14,17,0
2026-08-14T15:30:21.784898,13,20,20,14,16,0
2026-08-14T15:30:21.786178,11,19,18,15,16,0
2026-08-14T15:30:21.786890,13,19,18,14,16,0
2026-08-14T15:30:21.788864,14,20,18,15,16,0
2026-08-14T15:30:21.788864,14,20,18,15,17,0
2026-08-14T15:30:21.789889,13,20,19,14,17,0
2026-08-14T15:30:21.791439,14,20,18,14,17,0
2026-08-14T15:30:21.791439,14,19,18,15,16,0
2026-08-14T15:30:21.791439,14,19,19,13,16,0
2026-08-14T15:30:21.791439,15,20,18,14,17,0
2026-08-14T15:30:21.791439,15,20,19,14,16,0
2026-08-14T15:30:21.798191,15,21,18,15,16,0
2026-08-14T15:30:21.798191,13,20,19,15,16,0
2026-08-14T15:30:21.798191,14,20,19,14,16,0
2026-08-14T15:30:21.798191,12,20,18,15,16,0
2026-08-14T15:30:21.802720,13,19,18,14,16,0
2026-08-14T15:30:21.804203,14,20,18,14,16,0
2026-08-14T15:30:21.804203,14,19,19,15,17,0
2026-08-14T15:30:21.806235,14,19,18,15,17,0
2026-08-14T15:30:21.806235,14,19,18,14,16,0
2026-08-14T15:30:21.806235,14,20,19,15,16,0
2026-08-14T15:30:21.806235,14,20,19,14,16,0
2026-08-14T15:30:21.806235,14,20,19,14,17,0
2026-08-14T15:30:21.806235,14,20,18,14,15,0
2026-08-14T15:30:21.814316,14,20,20,14,17,0
2026-08-14T15:30:21.814316,13,19,20,14,16,0
2026-08-14T15:30:21.814316,13,20,19,14,16,0
2026-08-14T15:30:21.817682,13,19,18,15,16,0
2026-08-14T15:30:21.817682,13,20,19,14,17,0
2026-08-14T15:30:21.819390,14,20,19,14,17,0
2026-08-14T15:30:21.821782,13,19,19,15,17,0
2026-08-14T15:30:21.821782,15,19,19,15,16,0
2026-08-14T15:30:21.822799,16,20,18,14,16,0
2026-08-14T15:30:21.822799,14,20,19,14,16,0
2026-08-14T15:30:21.822799,15,19,18,15,16,0
2026-08-14T15:30:21.822799,13,20,19,14,16,0
2026-08-14T15:30:21.831287,15,19,20,14,17,0
2026-08-14T15:30:21.831287,13,20,19,14,16,0
2026-08-14T15:30:21.831287,14,20,19,14,16,0
2026-08-14T15:30:21.831287,14,19,18,14,18,0
2026-08-14T15:30:21.831287,14,20,20,15,17,0
2026-08-14T15:30:21.831287,14,20,19,15,17,0
2026-08-14T15:30:21.831287,13,20,19,13,17,0
2026-08-14T15:30:21.836195,14,19,18,15,17,0
2026-08-14T15:30:21.837082,14,20,19,14,16,0
2026-08-14T15:30:21.837082,13,20,19,15,16,0
2026-08-14T15:30:21.839429,15,20,19,14,16,0
2026-08-14T15:30:21.842259,15,20,18,15,17,0
2026-08-14T15:30:21.842259,13,20,19,15,16,0
2026-08-14T15:30:21.842259,14,19,18,16,16,0
2026-08-14T15:30:21.844021,13,20,18,15,16,0
2026-08-14T15:30:21.845654,14,19,19,15,17,0
2026-08-14T15:30:21.845654,13,19,19,15,17,0
2026-08-14T15:30:21.847885,13,19,19,15,17,0
2026-08-14T15:30:21.847885,13,21,19,14,17,0
2026-08-14T15:30:21.847885,14,19,18,16,16,0
2026-08-14T15:30:21.847885,15,22,19,14,17,0
2026-08-14T15:30:21.853566,13,20,19,15,17,0
2026-08-14T15:30:21.854887,14,20,19,13,16,0
2026-08-14T15:30:21.855897,14,20,20,15,17,0
2026-08-14T15:30:21.855897,13,21,19,15,17,0
2026-08-14T15:30:21.855897,13,19,20,15,16,0
2026-08-14T15:30:21.855897,13,20,20,14,16,0
2026-08-14T15:30:21.855897,14,20,19,16,17,0
2026-08-14T15:30:21.860413,14,19,19,15,16,0
2026-08-14T15:30:21.860413,14,20,19,15,16,0
2026-08-14T15:30:21.860413,15,20,18,15,17,0
2026-08-14T15:30:21.864360,14,20,19,15,17,0
2026-08-14T15:30:21.864360,15,20,20,14,16,0
2026-08-14T15:30:21.864360,14,20,19,14,16,0
2026-08-14T15:30:21.864360,13,20,19,15,16,0
2026-08-14T15:30:21.870862,13,20,20,14,16,0
2026-08-14T15:30:21.870862,13,20,19,15,17,0
2026-08-14T15:30:21.870862,15,20,19,15,16,0
2026-08-14T15:30:21.872627,13,20,19,15,16,0
2026-08-14T15:30:21.872627,14,19,19,15,17,0
2026-08-14T15:30:21.872627,14,21,20,14,16,0
2026-08-14T15:30:21.872627,13,20,19,15,17,0
2026-08-14T15:30:21.872627,13,19,19,14,17,0
2026-08-14T15:30:21.872627,14,20,18,14,16,0
2026-08-14T15:30:21.872627,13,20,20,15,16,0
2026-08-14T15:30:21.881126,13,20,20,14,17,0
2026-08-14T15:30:21.881126,14,21,20,15,17,0
2026-08-14T15:30:21.881126,13,20,20,15,16,0
2026-08-14T15:30:21.881126,14,20,20,15,16,0
2026-08-14T15:30:21.887293,14,21,20,15,16,0
2026-08-14T15:30:21.887293,13,20,19,15,17,0
2026-08-14T15:30:21.889365,14,19,18,15,16,0
2026-08-14T15:30:21.891395,14,20,19,15,16,0
2026-08-14T15:30:21.891395,14,19,19,14,16,0
2026-08-14T15:30:21.891395,14,19,20,14,16,0
2026-08-14T15:30:21.891395,14,19,19,15,17,0
2026-08-14T15:30:21.891395,14,20,20,14,16,0
2026-08-14T15:30:21.891395,13,20,20,14,17,0
2026-08-14T15:30:21.891395,15,20,19,14,17,0
2026-08-14T15:30:21.897395,14,20,19,15,17,0
2026-08-14T15:30:21.897395,13,20,19,14,16,0
2026-08-14T15:30:21.897395,14,20,19,15,16,0
2026-08-14T15:30:21.897395,14,20,19,15,16,0
2026-08-14T15:30:21.903896,14,20,19,16,17,0
2026-08-14T15:30:21.905127,14,19,20,15,17,0
2026-08-14T15:30:21.905127,14,19,20,15,17,0
2026-08-14T15:30:21.905127,14,20,20,15,16,0
2026-08-14T15:30:21.905127,15,19,18,15,16,0
2026-08-14T15:30:21.905127,15,20,20,14,16,0
2026-08-14T15:30:21.905127,13,20,20,14,17,0
2026-08-14T15:30:21.905127,13,21,18,15,16,0
2026-08-14T15:30:21.905127,14,20,20,14,16,0
2026-08-14T15:30:21.913411,13,20,20,15,16,0
2026-08-14T15:30:21.913411,14,19,19,15,17,0
2026-08-14T15:30:21.913411,13,20,19,15,17,0
2026-08-14T15:30:21.913411,13,22,19,15,16,0
2026-08-14T15:30:21.917750,14,20,19,14,16,0
2026-08-14T15:30:21.919459,14,19,19,14,16,0
2026-08-14T15:30:21.919459,14,20,20,14,16,0
2026-08-14T15:30:21.919459,15,20,18,15,17,0
2026-08-14T15:30:21.924179,15,20,19,14,17,0
2026-08-14T15:30:21.924179,14,20,19,14,17,0
2026-08-14T15:30:21.924179,13,20,20,15,16,0
2026-08-14T15:30:21.928278,13,20,20,14,16,0
2026-08-14T15:30:21.928278,13,20,20,15,16,0
2026-08-14T15:30:21.930038,14,19,19,15,17,0
2026-08-14T15:30:21.930038,14,19,20,15,16,0
2026-08-14T15:30:21.931738,13,20,18,15,16,0
2026-08-14T15:30:21.931738,12,20,19,14,17,0
2026-08-14T15:30:21.931738,14,20,20,14,16,0
2026-08-14T15:30:21.936532,14,19,19,14,17,0
2026-08-14T15:30:21.937576,13,21,18,14,16,0
2026-08-14T15:30:21.937576,15,21,19,15,16,0
2026-08-14T15:30:21.937576,14,20,19,14,17,0
2026-08-14T15:30:21.937576,13,20,19,15,16,0
2026-08-14T15:30:21.937576,13,19,18,14,17,0
2026-08-14T15:30:21.937576,14,19,18,14,16,0
2026-08-14T15:30:21.942296,13,20,19,15,16,0
2026-08-14T15:30:21.942296,14,20,19,14,17,0
2026-08-14T15:30:21.945992,14,18,19,14,16,0
2026-08-14T15:30:21.945992,14,20,20,15,16,0
2026-08-14T15:30:21.945992,14,20,18,14,17,0
2026-08-14T15:30:21.945992,14,19,18,14,16,0
2026-08-14T15:30:21.945992,14,20,18,15,16,0
2026-08-14T15:30:21.945992,14,20,20,14,16,0
2026-08-14T15:30:21.953979,15,20,19,14,16,0
2026-08-14T15:30:21.953979,13,20,19,15,16,0
2026-08-14T15:30:21.953979,13,20,18,14,17,0
2026-08-14T15:30:21.956930,13,19,19,15,16,0
2026-08-14T15:30:21.956930,14,21,19,14,16,0
2026-08-14T15:30:21.956930,14,20,18,15,17,0
2026-08-14T15:30:21.959136,14,19,18,14,16,0
2026-08-14T15:30:21.959136,13,19,18,15,17,0
2026-08-14T15:30:21.962149,13,20,19,14,16,0
2026-08-14T15:30:21.962149,15,20,19,14,16,0
2026-08-14T15:30:21.962149,13,20,18,14,16,0
2026-08-14T15:30:21.962149,13,20,19,14,17,0
2026-08-14T15:30:21.962149,12,19,20,15,15,0
2026-08-14T15:30:21.962149,13,20,19,14,16,0
2026-08-14T15:30:21.970453,14,19,18,15,16,0
2026-08-14T15:30:21.970453,13,19,18,16,16,0
2026-08-14T15:30:21.970453,13,19,19,14,16,0
2026-08-14T15:30:21.970453,13,20,19,15,16,0
2026-08-14T15:30:21.970453,14,18,18,15,16,0
2026-08-14T15:30:21.970453,15,19,19,14,16,0
2026-08-14T15:30:21.970453,13,20,18,14,16,0
2026-08-14T15:30:21.970453,13,20,19,14,16,0
2026-08-14T15:30:21.978627,13,20,18,13,16,0
2026-08-14T15:30:21.981529,13,20,18,14,16,0
2026-08-14T15:30:21.981529,14,19,18,14,16,0
2026-08-14T15:30:21.981529,12,21,18,15,15,0
2026-08-14T15:30:21.983287,12,19,18,14,17,0
2026-08-14T15:30:21.984534,13,20,18,15,17,0
2026-08-14T15:30:21.986766,15,18,18,14,16,0
2026-08-14T15:30:21.987101,13,19,18,14,17,0
2026-08-14T15:30:21.987101,13,20,18,14,16,0
2026-08-14T15:30:21.987101,14,20,18,14,16,0
2026-08-14T15:30:21.991465,16,20,19,15,16,0
2026-08-14T15:30:21.991465,14,20,18,14,16,0
2026-08-14T15:30:21.991465,14,20,18,14,16,0
2026-08-14T15:30:21.995128,14,19,18,14,15,0
2026-08-14T15:30:21.995128,13,20,19,15,17,0
2026-08-14T15:30:21.995128,14,19,18,15,16,0
2026-08-14T15:30:21.995128,13,19,18,15,16,0
2026-08-14T15:30:21.995128,13,19,19,14,16,0
2026-08-14T15:30:21.995128,14,20,19,14,17,0
2026-08-14T15:30:22.003392,13,20,18,14,17,0
2026-08-14T15:30:22.004134,14,18,17,14,17,0
2026-08-14T15:30:22.004134,13,20,19,14,17,0
2026-08-14T15:30:22.004134,13,20,19,14,15,0
2026-08-14T15:30:22.004134,14,20,18,14,16,0
2026-08-14T15:30:22.004134,13,19,18,14,16,0
2026-08-14T15:30:22.010179,14,19,18,14,16,0
2026-08-14T15:30:22.010179,13,20,17,14,17,0
2026-08-14T15:30:22.011217,13,20,18,15,16,0
2026-08-14T15:30:22.011217,13,19,17,14,16,0
2026-08-14T15:30:22.014269,14,19,18,14,17,0
2026-08-14T15:30:22.014269,14,19,19,14,16,0
2026-08-14T15:30:22.014269,14,19,17,13,16,0
2026-08-14T15:30:22.018379,14,19,17,13,16,0
2026-08-14T15:30:22.019391,13,21,19,15,17,0
2026-08-14T15:30:22.020222,13,19,17,14,15,0
2026-08-14T15:30:22.020222,13,20,18,13,16,0
2026-08-14T15:30:22.020222,14,19,18,15,16,0
2026-08-14T15:30:22.020222,14,19,17,14,16,0
2026-08-14T15:30:22.020222,13,19,18,14,17,0
2026-08-14T15:30:22.026580,13,19,18,14,16,0
2026-08-14T15:30:22.026580,13,19,18,13,17,0
2026-08-14T15:30:22.027608,14,18,17,14,16,0
2026-08-14T15:30:22.029248,13,19,18,15,16,0
2026-08-14T15:30:22.029248,13,19,17,13,16,0
2026-08-14T15:30:22.032442,13,20,17,13,16,0
2026-08-14T15:30:22.032442,13,19,18,14,16,0
2026-08-14T15:30:22.032442,14,20,19,14,16,0
2026-08-14T15:30:22.032442,13,19,19,15,17,0
2026-08-14T15:30:22.036053,13,19,17,14,15,0
2026-08-14T15:30:22.037205,14,19,19,14,16,0
2026-08-14T15:30:22.037205,13,18,17,15,16,0
2026-08-14T15:30:22.037205,14,19,16,14,17,0
2026-08-14T15:30:22.040612,14,18,18,14,16,0
2026-08-14T15:30:22.040612,14,20,18,14,17,0
2026-08-14T15:30:22.040612,14,19,18,13,16,0
2026-08-14T15:30:22.044229,14,19,18,14,16,0
2026-08-14T15:30:22.044229,13,19,18,14,16,0
2026-08-14T15:30:22.044229,13,20,18,14,16,0
2026-08-14T15:30:22.044229,13,19,18,14,16,0
2026-08-14T15:30:22.048813,13,19,17,14,17,0
2026-08-14T15:30:22.051178,15,19,17,14,16,0
2026-08-14T15:30:22.051178,13,19,18,14,16,0
2026-08-14T15:30:22.053282,13,19,17,13,16,0
2026-08-14T15:30:22.055259,12,18,18,14,16,0
2026-08-14T15:30:22.055259,14,19,18,15,16,0
2026-08-14T15:30:22.055259,14,19,18,14,16,0
2026-08-14T15:30:22.057592,14,20,18,14,15,0
2026-08-14T15:30:22.057592,13,19,17,14,16,0
2026-08-14T15:30:22.060726,13,19,17,14,16,0
2026-08-14T15:30:22.060726,13,20,17,14,15,0
2026-08-14T15:30:22.060726,12,19,18,14,16,0
2026-08-14T15:30:22.060726,14,19,18,14,16,0
2026-08-14T15:30:22.060726,11,18,17,13,16,0
2026-08-14T15:30:22.065211,14,19,17,14,15,0
2026-08-14T15:30:22.065211,14,18,17,13,16,0
2026-08-14T15:30:22.068748,14,18,16,13,16,0
2026-08-14T15:30:22.070143,13,18,18,13,16,0
2026-08-14T15:30:22.070466,14,19,17,14,16,0
2026-08-14T15:30:22.070466,11,18,18,14,15,0
2026-08-14T15:30:22.070466,14,19,18,13,16,0
2026-08-14T15:30:22.075730,13,18,17,14,16,0
2026-08-14T15:30:22.075730,12,19,17,14,17,0
2026-08-14T15:30:22.077246,12,18,17,15,16,0
2026-08-14T15:30:22.077246,13,19,17,13,16,0
2026-08-14T15:30:22.077246,13,19,16,14,16,0
2026-08-14T15:30:22.077246,13,18,17,13,16,0
2026-08-14T15:30:22.077246,14,18,17,14,16,0
2026-08-14T15:30:22.082309,13,18,17,13,16,0
2026-08-14T15:30:22.082309,15,18,16,14,16,0
2026-08-14T15:30:22.085330,12,20,17,13,16,0
2026-08-14T15:30:22.087093,13,19,17,14,16,0
2026-08-14T15:30:22.087093,13,19,18,14,15,0
2026-08-14T15:30:22.087093,13,19,18,14,15,0
2026-08-14T15:30:22.087093,14,18,17,13,16,0
2026-08-14T15:30:22.087093,13,17,18,13,16,0
2026-08-14T15:30:22.087093,12,19,17,14,16,0
2026-08-14T15:30:22.093623,12,18,16,13,15,0
2026-08-14T15:30:22.096205,14,18,17,13,16,0
2026-08-14T15:30:22.096205,14,18,17,13,16,0
2026-08-14T15:30:22.097969,14,19,17,13,15,0
2026-08-14T15:30:22.097969,13,19,18,13,16,0
2026-08-14T15:30:22.100304,13,19,18,14,15,0
2026-08-14T15:30:22.100304,13,19,16,14,15,0
2026-08-14T15:30:22.100304,14,18,17,14,15,0
2026-08-14T15:30:22.103332,12,18,17,14,15,0
2026-08-14T15:30:22.104621,13,19,18,13,17,0
2026-08-14T15:30:22.105419,13,18,17,14,16,0
2026-08-14T15:30:22.105419,13,18,17,14,16,0
2026-08-14T15:30:22.105419,12,19,16,14,16,0
2026-08-14T15:30:22.105419,14,18,17,13,16,0
2026-08-14T15:30:22.105419,14,18,18,13,16,0
2026-08-14T15:30:22.113198,14,19,18,13,16,0
2026-08-14T15:30:22.113799,13,19,16,14,16,0
2026-08-14T15:30:22.114322,12,18,18,12,16,0
2026-08-14T15:30:22.114991,13,19,18,14,16,0
2026-08-14T15:30:22.116547,13,19,18,14,16,0
2026-08-14T15:30:22.117612,11,18,17,13,16,0
2026-08-14T15:30:22.117612,13,18,17,13,16,0
2026-08-14T15:30:22.120161,13,20,18,13,16,0
2026-08-14T15:30:22.121759,13,17,16,13,16,0
2026-08-14T15:30:22.121759,12,19,16,13,16,0
2026-08-14T15:30:22.124885,13,19,18,14,16,0
2026-08-14T15:30:22.124885,13,20,18,14,15,0
2026-08-14T15:30:22.124885,14,18,17,13,16,0
2026-08-14T15:30:22.124885,13,18,18,13,16,0
2026-08-14T15:30:22.128657,12,18,18,14,15,0
2026-08-14T15:30:22.129293,11,19,17,14,16,0
2026-08-14T15:30:22.129293,14,19,17,14,15,0
2026-08-14T15:30:22.131306,14,19,17,13,16,0
2026-08-14T15:30:22.131306,13,19,17,13,16,0
2026-08-14T15:30:22.131306,13,18,19,13,15,0
2026-08-14T15:30:22.134850,14,18,17,13,16,0
2026-08-14T15:30:22.136400,14,18,16,13,16,0
2026-08-14T15:30:22.137375,13,18,18,14,16,0
2026-08-14T15:30:22.137375,13,18,17,13,15,0
2026-08-14T15:30:22.139816,13,20,17,14,16,0
2026-08-14T15:30:22.139816,13,19,17,14,16,0
2026-08-14T15:30:22.139816,13,19,17,14,16,0
2026-08-14T15:30:22.139816,13,17,17,14,16,0
2026-08-14T15:30:22.143918,13,19,17,14,17,0
2026-08-14T15:30:22.145926,13,19,16,13,16,0
2026-08-14T15:30:22.145926,12,17,18,13,16,0
2026-08-14T15:30:22.147933,13,19,17,13,16,0
2026-08-14T15:30:22.149939,11,20,17,13,15,0
2026-08-14T15:30:22.149939,14,20,17,13,16,0
2026-08-14T15:30:22.149939,14,18,18,13,16,0
2026-08-14T15:30:22.153383,13,19,18,14,16,0
2026-08-14T15:30:22.153383,13,18,18,14,15,0
2026-08-14T15:30:22.153383,13,20,18,13,17,0
2026-08-14T15:30:22.153383,13,19,18,13,15,0
2026-08-14T15:30:22.153383,13,19,18,13,16,0
2026-08-14T15:30:22.153383,12,20,17,14,15,0
2026-08-14T15:30:22.161727,13,19,16,14,16,0
2026-08-14T15:30:22.161727,13,19,18,13,16,0
2026-08-14T15:30:22.161727,14,19,17,13,17,0
2026-08-14T15:30:22.161727,12,18,17,14,16,0
2026-08-14T15:30:22.165833,14,19,17,13,16,0
2026-08-14T15:30:22.165833,13,18,17,14,15,0
2026-08-14T15:30:22.165833,14,19,17,13,15,0
2026-08-14T15:30:22.169799,14,18,17,13,16,0
2026-08-14T15:30:22.170944,13,18,18,14,15,0
2026-08-14T15:30:22.170944,13,18,18,15,15,0
2026-08-14T15:30:22.170944,13,19,17,13,17,0
2026-08-14T15:30:22.173852,13,19,16,14,16,0
2026-08-14T15:30:22.173852,12,18,18,14,16,0
2026-08-14T15:30:22.173852,13,19,17,13,16,0
2026-08-14T15:30:22.176788,13,20,18,13,16,0
2026-08-14T15:30:22.176788,14,18,17,13,16,0
2026-08-14T15:30:22.176788,14,18,16,13,16,0
2026-08-14T15:30:22.179935,12,19,18,14,15,0
2026-08-14T15:30:22.179935,13,20,18,14,16,0
2026-08-14T15:30:22.179935,14,19,18,14,16,0
2026-08-14T15:30:22.179935,13,19,17,14,17,0
2026-08-14T15:30:22.184990,11,19,18,14,16,0
2026-08-14T15:30:22.186550,12,19,19,14,16,0
2026-08-14T15:30:22.187611,13,17,18,14,16,0
2026-08-14T15:30:22.187611,13,18,17,14,16,0
2026-08-14T15:30:22.187611,12,18,18,14,16,0
2026-08-14T15:30:22.187611,13,19,18,14,16,0
2026-08-14T15:30:22.187611,13,19,18,14,16,0
2026-08-14T15:30:22.193180,14,19,16,13,16,0
2026-08-14T15:30:22.193180,13,19,18,14,16,0
2026-08-14T15:30:22.193180,13,19,17,13,15,0
2026-08-14T15:30:22.196939,14,20,18,13,17,0
2026-08-14T15:30:22.196939,14,20,18,14,16,0
2026-08-14T15:30:22.196939,14,19,18,13,16,0
2026-08-14T15:30:22.200357,12,19,17,13,15,0
2026-08-14T15:30:22.201367,14,20,17,14,17,0
2026-08-14T15:30:22.203505,14,19,18,13,16,0
2026-08-14T15:30:22.204339,13,18,18,13,16,0
2026-08-14T15:30:22.206818,13,18,17,13,16,0
2026-08-14T15:30:22.206818,14,19,18,13,16,0
2026-08-14T15:30:22.206818,14,18,17,13,16,0
2026-08-14T15:30:22.208581,13,20,17,14,16,0
2026-08-14T15:30:22.211078,13,19,18,13,16,0
2026-08-14T15:30:22.211078,12,19,18,14,16,0
2026-08-14T15:30:22.211078,14,20,18,14,15,0
2026-08-14T15:30:22.212838,13,19,18,14,16,0
2026-08-14T15:30:22.212838,14,19,17,13,17,0
2026-08-14T15:30:22.212838,14,19,17,14,16,0
2026-08-14T15:30:22.216908,13,19,18,14,16,0
2026-08-14T15:30:22.217930,14,19,17,13,16,0
2026-08-14T15:30:22.219569,14,18,18,15,16,0
2026-08-14T15:30:22.220611,13,20,18,13,16,0
2026-08-14T15:30:22.220611,13,19,17,14,16,0
2026-08-14T15:30:22.220611,13,20,18,14,16,0
2026-08-14T15:30:22.220611,13,20,18,14,16,0
2026-08-14T15:30:22.226263,13,19,18,14,16,0
2026-08-14T15:30:22.226263,13,20,18,14,15,0
2026-08-14T15:30:22.226263,13,20,17,13,17,0
2026-08-14T15:30:22.226263,14,19,18,14,17,0
2026-08-14T15:30:22.226263,12,19,17,13,16,0
2026-08-14T15:30:22.226263,13,19,19,14,17,0
2026-08-14T15:30:22.226263,13,19,19,13,16,0
2026-08-14T15:30:22.235204,14,20,17,13,16,0
2026-08-14T15:30:22.236144,14,18,18,13,17,0
2026-08-14T15:30:22.236144,12,18,18,13,17,0
2026-08-14T15:30:22.236144,13,19,18,14,16,0
2026-08-14T15:30:22.239593,13,20,18,15,16,0
2026-08-14T15:30:22.239593,13,19,18,13,16,0
2026-08-14T15:30:22.239593,13,19,16,15,16,0
2026-08-14T15:30:22.243655,12,20,19,14,17,0
2026-08-14T15:30:22.243655,14,20,18,14,16,0
2026-08-14T15:30:22.243655,13,20,17,13,16,0
2026-08-14T15:30:22.245419,13,20,17,13,16,0
2026-08-14T15:30:22.247933,14,19,18,14,16,0
2026-08-14T15:30:22.247933,14,20,19,14,16,0
2026-08-14T15:30:22.247933,14,19,17,15,16,0
2026-08-14T15:30:22.251854,13,20,18,13,16,0
2026-08-14T15:30:22.252826,13,20,18,14,15,0
2026-08-14T15:30:22.253978,13,19,19,14,16,0
2026-08-14T15:30:22.255192,13,20,18,14,16,0
2026-08-14T15:30:22.255192,13,19,17,13,16,0
2026-08-14T15:30:22.255192,15,18,19,13,16,0
2026-08-14T15:30:22.257206,13,19,18,14,16,0
2026-08-14T15:30:22.260022,13,19,18,14,16,0
2026-08-14T15:30:22.260022,14,19,18,15,16,0
2026-08-14T15:30:22.260022,14,19,19,15,17,0
2026-08-14T15:30:22.263962,14,20,19,14,16,0
2026-08-14T15:30:22.263962,13,20,18,14,16,0
2026-08-14T15:30:22.265070,14,20,18,14,16,0
2026-08-14T15:30:22.266135,13,19,18,14,16,0
2026-08-14T15:30:22.267353,14,19,18,14,16,0
2026-08-14T15:30:22.268503,13,20,19,14,16,0
2026-08-14T15:30:22.270815,14,19,18,14,16,0
2026-08-14T15:30:22.272319,14,20,17,13,17,0
2026-08-14T15:30:22.272319,12,19,19,15,17,0
2026-08-14T15:30:22.272319,14,20,19,15,17,0
2026-08-14T15:30:22.272319,14,20,17,14,16,0
2026-08-14T15:30:22.276389,15,20,18,15,16,0
2026-08-14T15:30:22.276389,13,20,19,14,15,0
2026-08-14T15:30:22.276389,13,20,18,13,17,0
2026-08-14T15:30:22.279030,12,20,18,14,16,0
2026-08-14T15:30:22.279030,13,19,18,14,16,0
2026-08-14T15:30:22.279030,13,19,18,14,16,0
2026-08-14T15:30:22.279030,13,19,19,14,15,0
2026-08-14T15:30:22.279030,14,20,18,14,16,0
2026-08-14T15:30:22.284838,14,18,18,14,17,0
2026-08-14T15:30:22.284838,14,19,18,13,16,0
2026-08-14T15:30:22.287408,14,19,18,14,16,0
2026-08-14T15:30:22.287408,14,19,18,15,17,0
2026-08-14T15:30:22.287408,15,20,18,13,16,0
2026-08-14T15:30:22.287408,14,20,19,14,16,0
2026-08-14T15:30:22.293139,13,20,18,14,16,0
2026-08-14T15:30:22.293139,15,20,18,14,16,0
2026-08-14T15:30:22.293139,13,20,19,14,15,0
2026-08-14T15:30:22.293139,14,19,18,14,17,0
2026-08-14T15:30:22.293139,13,19,18,15,16,0
2026-08-14T15:30:22.293139,15,19,17,14,16,0
2026-08-14T15:30:22.293139,14,20,19,14,17,0
2026-08-14T15:30:22.301639,14,20,18,14,17,0
2026-08-14T15:30:22.302780,14,19,19,14,17,0
2026-08-14T15:30:22.304007,13,19,18,14,16,0
2026-08-14T15:30:22.304007,13,20,18,15,16,0
2026-08-14T15:30:22.304007,13,20,20,14,16,0
2026-08-14T15:30:22.304007,14,20,18,14,16,0
2026-08-14T15:30:22.309204,12,19,18,15,16,0
2026-08-14T15:30:22.309204,13,19,19,14,17,0
2026-08-14T15:30:22.309204,12,20,20,14,17,0
2026-08-14T15:30:22.311004,13,19,18,15,16,0
2026-08-14T15:30:22.312995,14,20,18,15,16,0
2026-08-14T15:30:22.312995,14,19,19,14,17,0
2026-08-14T15:30:22.312995,14,20,19,14,16,0
2026-08-14T15:30:22.312995,14,19,18,14,16,0
2026-08-14T15:30:22.317751,15,20,18,13,16,0
2026-08-14T15:30:22.317751,12,21,19,14,16,0
2026-08-14T15:30:22.319934,13,20,20,15,15,0
2026-08-14T15:30:22.320711,13,19,18,14,15,0
2026-08-14T15:30:22.320711,13,19,18,15,16,0
2026-08-14T15:30:22.320711,13,19,18,14,16,0
2026-08-14T15:30:22.320711,14,20,18,14,16,0
2026-08-14T15:30:22.326001,13,19,19,15,16,0
2026-08-14T15:30:22.326001,14,19,18,13,17,0
2026-08-14T15:30:22.326001,15,19,18,14,16,0
2026-08-14T15:30:22.326001,14,20,18,14,16,0
2026-08-14T15:30:22.326001,15,20,18,15,16,0
2026-08-14T15:30:22.326001,13,20,19,15,17,0
2026-08-14T15:30:22.326001,14,20,20,15,17,0
2026-08-14T15:30:22.334051,13,19,19,14,16,0
2026-08-14T15:30:22.336067,14,20,19,14,16,0
2026-08-14T15:30:22.337844,14,20,19,15,17,0
2026-08-14T15:30:22.337844,14,19,19,14,16,0
2026-08-14T15:30:22.337844,14,19,19,14,16,0
2026-08-14T15:30:22.339598,13,19,18,14,16,0
2026-08-14T15:30:22.341978,14,19,18,14,16,0
2026-08-14T15:30:22.341978,14,20,20,15,16,0
2026-08-14T15:30:22.341978,14,20,19,15,16,0
2026-08-14T15:30:22.344774,14,21,20,14,16,0
2026-08-14T15:30:22.346785,13,20,18,14,16,0
2026-08-14T15:30:22.346785,13,19,20,14,16,0
2026-08-14T15:30:22.346785,12,19,19,15,16,0
2026-08-14T15:30:22.350243,13,20,20,16,16,0
2026-08-14T15:30:22.350243,13,21,18,14,17,0
2026-08-14T15:30:22.350243,13,20,19,15,16,0
2026-08-14T15:30:22.353735,14,20,18,14,16,0
2026-08-14T15:30:22.353735,15,20,18,14,16,0
2026-08-14T15:30:22.353735,13,20,19,14,17,0
2026-08-14T15:30:22.358400,13,20,20,15,16,0
2026-08-14T15:30:22.358400,14,20,20,15,17,0
2026-08-14T15:30:22.358400,13,20,19,15,16,0
2026-08-14T15:30:22.360415,12,20,18,15,17,0
2026-08-14T15:30:22.362430,14,20,20,14,16,0
2026-08-14T15:30:22.362430,14,20,19,15,16,0
2026-08-14T15:30:22.364193,13,19,19,15,17,0
2026-08-14T15:30:22.366333,14,20,19,15,16,0
2026-08-14T15:30:22.367598,14,20,19,14,16,0
2026-08-14T15:30:22.367598,13,20,19,15,16,0
2026-08-14T15:30:22.369517,15,19,19,15,16,0
2026-08-14T15:30:22.370522,13,20,18,15,17,0
2026-08-14T15:30:22.371332,13,21,20,14,16,0
2026-08-14T15:30:22.371332,13,20,20,15,16,0
2026-08-14T15:30:22.374288,14,20,19,15,17,0
2026-08-14T15:30:22.375442,13,19,20,15,16,0
2026-08-14T15:30:22.375442,15,20,20,15,16,0
2026-08-14T15:30:22.375442,12,19,19,15,16,0
2026-08-14T15:30:22.377455,14,19,19,15,17,0
2026-08-14T15:30:22.377455,14,19,18,15,17,0
2026-08-14T15:30:22.377455,14,20,20,16,17,0
2026-08-14T15:30:22.382374,14,20,20,14,16,0
2026-08-14T15:30:22.382374,14,20,18,15,16,0
2026-08-14T15:30:22.382374,14,22,18,15,17,0
2026-08-14T15:30:22.382374,15,19,20,15,16,0
2026-08-14T15:30:22.386980,13,19,20,15,16,0
2026-08-14T15:30:22.388223,13,19,19,15,16,0
2026-08-14T15:30:22.388223,14,19,20,15,16,0
2026-08-14T15:30:22.390564,14,19,19,15,17,0
2026-08-14T15:30:22.390564,14,20,19,15,17,0
2026-08-14T15:30:22.390564,14,19,18,15,17,0
2026-08-14T15:30:22.395204,14,20,19,16,16,0
2026-08-14T15:30:22.395204,14,19,19,15,16,0
2026-08-14T15:30:22.395204,13,20,19,15,15,0
2026-08-14T15:30:22.395204,15,20,19,15,17,0
2026-08-14T15:30:22.399305,15,21,20,15,17,0
2026-08-14T15:30:22.399305,13,19,19,15,16,0
2026-08-14T15:30:22.399305,14,20,19,15,16,0
2026-08-14T15:30:22.403179,15,20,20,16,17,0
2026-08-14T15:30:22.404407,14,19,18,16,17,0
2026-08-14T15:30:22.404407,14,20,19,16,18,0
2026-08-14T15:30:22.404407,14,19,19,15,16,0
2026-08-14T15:30:22.407504,14,20,19,15,17,0
2026-08-14T15:30:22.407504,15,19,18,15,17,0
2026-08-14T15:30:22.407504,15,19,19,15,17,0
2026-08-14T15:30:22.409268,13,19,20,15,16,0
2026-08-14T15:30:22.409268,13,20,20,15,16,0
2026-08-14T15:30:22.409268,13,20,20,15,16,0
2026-08-14T15:30:22.413366,15,20,19,15,16,0
2026-08-14T15:30:22.415117,14,20,19,15,17,0
2026-08-14T15:30:22.415117,13,21,20,15,16,0
2026-08-14T15:30:22.415117,13,21,18,15,17,0
2026-08-14T15:30:22.415117,14,20,19,14,17,0
2026-08-14T15:30:22.420771,15,20,19,15,16,0
2026-08-14T15:30:22.420771,14,20,20,14,17,0
2026-08-14T15:30:22.420771,15,20,19,15,17,0
2026-08-14T15:30:22.423868,13,20,19,15,16,0
2026-08-14T15:30:22.423868,14,20,21,15,16,0
2026-08-14T15:30:22.423868,14,21,20,16,17,0
2026-08-14T15:30:22.427980,13,20,20,15,17,0
2026-08-14T15:30:22.427980,14,20,19,15,17,0
2026-08-14T15:30:22.427980,14,19,19,16,17,0
2026-08-14T15:30:22.431341,14,21,20,16,17,0
2026-08-14T15:30:22.431341,15,20,20,15,17,0
2026-08-14T15:30:22.431341,15,20,19,14,17,0
2026-08-14T15:30:22.431341,15,20,20,15,17,0
2026-08-14T15:30:22.431341,14,20,19,15,17,0
2026-08-14T15:30:22.436849,14,21,20,15,16,0
2026-08-14T15:30:22.437683,13,21,20,15,16,0
2026-08-14T15:30:22.439667,14,20,20,16,16,0
2026-08-14T15:30:22.439667,14,21,20,15,17,0
2026-08-14T15:30:22.439667,13,19,20,16,16,0
2026-08-14T15:30:22.442035,13,20,20,15,17,0
2026-08-14T15:30:22.442035,14,21,20,15,16,0
2026-08-14T15:30:22.442035,13,21,19,15,18,0
2026-08-14T15:30:22.442035,14,19,19,16,17,0
2026-08-14T15:30:22.448150,14,20,20,15,17,0
2026-08-14T15:30:22.449282,14,21,20,15,17,0
2026-08-14T15:30:22.449282,15,21,19,14,17,0
2026-08-14T15:30:22.451297,14,21,20,15,17,0
2026-08-14T15:30:22.452919,13,20,20,15,17,0
2026-08-14T15:30:22.453499,14,21,20,15,17,0
2026-08-14T15:30:22.453499,15,20,20,16,16,0
2026-08-14T15:30:22.456785,13,19,19,16,17,0
2026-08-14T15:30:22.456785,14,19,21,15,16,0
2026-08-14T15:30:22.456785,14,20,20,15,16,0
2026-08-14T15:30:22.456785,15,20,19,16,17,0
2026-08-14T15:30:22.456785,14,19,19,16,17,0
2026-08-14T15:30:22.456785,14,20,20,15,16,0
2026-08-14T15:30:22.456785,14,20,20,15,16,0
2026-08-14T15:30:22.464906,14,20,20,15,16,0
2026-08-14T15:30:22.464906,15,20,20,15,16,0
2026-08-14T15:30:22.464906,15,21,20,15,17,0
2026-08-14T15:30:22.469501,12,21,20,16,16,0
2026-08-14T15:30:22.470392,14,21,20,15,17,0
2026-08-14T15:30:22.470787,14,20,18,15,17,0
2026-08-14T15:30:22.470787,14,19,19,16,17,0
2026-08-14T15:30:22.473062,14,20,19,15,16,0
2026-08-14T15:30:22.473062,14,20,19,15,16,0
2026-08-14T15:30:22.473062,15,20,19,15,17,0
2026-08-14T15:30:22.473062,14,20,20,15,16,0
2026-08-14T15:30:22.473062,14,20,20,15,16,0
2026-08-14T15:30:22.473062,15,22,19,15,16,0
2026-08-14T15:30:22.473062,15,21,20,15,17,0
2026-08-14T15:30:22.481239,14,20,20,16,16,0
2026-08-14T15:30:22.481239,14,19,19,15,17,0
2026-08-14T15:30:22.481239,15,20,20,15,17,0
2026-08-14T15:30:22.481239,14,21,19,15,16,0
2026-08-14T15:30:22.486948,14,19,20,16,17,0
2026-08-14T15:30:22.486948,14,20,19,15,16,0
2026-08-14T15:30:22.486948,14,20,20,15,17,0
2026-08-14T15:30:22.489328,15,20,19,15,16,0
2026-08-14T15:30:22.490034,14,21,20,15,16,0
2026-08-14T15:30:22.490034,15,20,20,15,17,0
2026-08-14T15:30:22.493531,16,20,19,16,17,0
2026-08-14T15:30:22.493531,15,21,20,15,16,0
2026-08-14T15:30:22.493531,13,20,20,16,17,0
2026-08-14T15:30:22.497606,14,21,19,15,17,0
2026-08-14T15:30:22.497606,13,19,20,16,16,0
2026-08-14T15:30:22.497606,14,21,20,16,17,0
2026-08-14T15:30:22.497606,14,19,19,15,17,0
2026-08-14T15:30:22.500631,16,20,20,15,16,0
2026-08-14T15:30:22.502738,15,21,19,15,16,0
2026-08-14T15:30:22.503844,14,20,20,15,16,0
2026-08-14T15:30:22.505795,15,20,20,15,16,0
2026-08-14T15:30:22.505795,15,20,20,15,17,0
2026-08-14T15:30:22.505795,14,21,19,16,17,0
2026-08-14T15:30:22.505795,13,20,20,16,17,0
2026-08-14T15:30:22.509018,14,21,19,16,16,0
2026-08-14T15:30:22.509018,14,20,19,15,16,0
2026-08-14T15:30:22.509018,15,19,20,16,17,0
2026-08-14T15:30:22.513650,15,20,20,15,17,0
2026-08-14T15:30:22.514797,14,20,20,15,16,0
2026-08-14T15:30:22.514797,15,21,20,16,17,0
2026-08-14T15:30:22.516816,15,20,20,16,17,0
2026-08-14T15:30:22.516816,14,21,20,15,16,0
2026-08-14T15:30:22.516816,13,20,21,15,17,0
2026-08-14T15:30:22.520055,14,21,20,16,17,0
2026-08-14T15:30:22.522038,14,21,20,16,17,0
2026-08-14T15:30:22.522038,13,19,20,16,17,0
2026-08-14T15:30:22.522038,15,20,20,15,17,0
2026-08-14T15:30:22.522038,14,21,21,15,17,0
2026-08-14T15:30:22.522038,14,19,19,16,17,0
2026-08-14T15:30:22.522038,14,19,19,16,16,0
2026-08-14T15:30:22.522038,15,20,20,15,16,0
2026-08-14T15:30:22.530335,14,20,20,15,16,0
2026-08-14T15:30:22.530335,16,20,20,15,17,0
2026-08-14T15:30:22.530335,15,21,20,15,17,0
2026-08-14T15:30:22.534479,15,20,20,16,17,0
2026-08-14T15:30:22.534479,14,21,20,15,17,0
2026-08-14T15:30:22.536076,15,20,19,15,17,0
2026-08-14T15:30:22.536711,14,21,19,16,17,0
2026-08-14T15:30:22.538678,15,21,19,16,17,0
2026-08-14T15:30:22.538678,14,19,20,15,17,0
2026-08-14T15:30:22.538678,15,21,20,16,17,0
2026-08-14T15:30:22.540689,14,19,20,15,17,0
2026-08-14T15:30:22.540689,14,20,20,17,17,0
2026-08-14T15:30:22.540689,15,20,20,15,17,0
2026-08-14T15:30:22.540689,14,21,20,15,17,0
2026-08-14T15:30:22.546748,15,20,20,15,17,0
2026-08-14T15:30:22.546748,14,19,21,16,17,0
2026-08-14T15:30:22.546748,13,19,20,16,17,0
2026-08-14T15:30:22.546748,13,20,20,16,17,0
2026-08-14T15:30:22.546748,15,20,19,15,16,0
2026-08-14T15:30:22.552754,14,19,19,16,17,0
2026-08-14T15:30:22.553603,15,21,20,15,17,0
2026-08-14T15:30:22.554448,14,21,20,15,17,0
2026-08-14T15:30:22.554448,15,20,20,15,17,0
2026-08-14T15:30:22.554448,15,21,20,15,17,0
2026-08-14T15:30:22.558110,14,21,21,15,16,0
2026-08-14T15:30:22.558110,13,20,20,16,18,0
2026-08-14T15:30:22.558110,14,20,20,15,16,0
2026-08-14T15:30:22.562806,14,19,20,15,17,0
2026-08-14T15:30:22.563690,14,19,21,17,17,0
2026-08-14T15:30:22.564592,14,19,19,15,18,0
2026-08-14T15:30:22.564592,13,21,20,15,17,0
2026-08-14T15:30:22.564592,15,20,19,15,17,0
2026-08-14T15:30:22.564592,14,20,19,15,17,0
2026-08-14T15:30:22.564592,15,21,20,16,16,0
2026-08-14T15:30:22.571111,14,21,20,15,17,0
2026-08-14T15:30:22.571111,15,22,20,15,17,0
2026-08-14T15:30:22.573122,14,20,21,17,17,0
2026-08-14T15:30:22.573122,14,20,20,16,17,0
2026-08-14T15:30:22.575133,15,20,20,16,17,0
2026-08-14T15:30:22.575133,14,21,21,15,17,0
2026-08-14T15:30:22.575133,15,20,19,16,17,0
2026-08-14T15:30:22.579531,13,19,20,16,16,0
2026-08-14T15:30:22.579531,14,20,19,16,17,0
2026-08-14T15:30:22.579531,15,21,20,15,17,0
2026-08-14T15:30:22.579531,15,20,21,16,17,0
2026-08-14T15:30:22.583629,14,20,19,16,17,0
2026-08-14T15:30:22.583629,15,20,20,15,17,0
2026-08-14T15:30:22.583629,15,21,20,16,18,0
2026-08-14T15:30:22.587728,14,20,20,15,16,0
2026-08-14T15:30:22.587728,14,20,20,16,17,0
2026-08-14T15:30:22.589491,15,19,20,16,17,0
2026-08-14T15:30:22.589491,14,21,20,16,18,0
2026-08-14T15:30:22.589491,14,20,19,15,17,0
2026-08-14T15:30:22.589491,14,19,20,16,18,0
2026-08-14T15:30:22.589491,15,19,19,16,17,0
2026-08-14T15:30:22.595926,15,19,20,16,17,0
2026-08-14T15:30:22.597007,14,20,20,15,17,0
2026-08-14T15:30:22.597747,15,20,19,16,17,0
2026-08-14T15:30:22.597747,14,21,20,15,17,0
2026-08-14T15:30:22.597747,14,21,21,16,16,0
2026-08-14T15:30:22.597747,12,21,20,14,17,0
2026-08-14T15:30:22.602719,15,20,20,15,17,0
2026-08-14T15:30:22.603788,14,19,20,15,17,0
2026-08-14T15:30:22.603788,15,20,20,16,17,0
2026-08-14T15:30:22.603788,14,20,20,15,16,0
2026-08-14T15:30:22.608205,14,20,20,16,17,0
2026-08-14T15:30:22.608205,15,20,19,16,17,0
2026-08-14T15:30:22.608205,14,20,21,16,17,0
2026-08-14T15:30:22.608205,14,21,20,15,17,0
2026-08-14T15:30:22.612293,15,21,20,15,17,0
2026-08-14T15:30:22.612293,14,21,20,16,17,0
2026-08-14T15:30:22.612293,14,21,21,16,17,0
2026-08-14T15:30:22.615226,13,21,19,16,17,0
2026-08-14T15:30:22.615226,15,20,21,16,18,0
2026-08-14T15:30:22.615226,14,21,20,16,17,0
2026-08-14T15:30:22.615226,14,19,20,16,17,0
2026-08-14T15:30:22.620434,14,21,21,16,17,0
2026-08-14T15:30:22.621738,15,21,20,15,17,0
2026-08-14T15:30:22.622738,15,20,20,15,17,0
2026-08-14T15:30:22.624536,15,21,20,15,17,0
2026-08-14T15:30:22.624536,14,20,20,15,17,0
2026-08-14T15:30:22.624536,14,21,20,16,17,0
2026-08-14T15:30:22.627877,15,21,20,16,18,0
2026-08-14T15:30:22.627877,14,20,20,15,17,0
2026-08-14T15:30:22.627877,15,19,20,16,17,0
2026-08-14T15:30:22.627877,15,20,20,16,17,0
2026-08-14T15:30:22.627877,14,20,19,16,17,0
2026-08-14T15:30:22.627877,15,20,20,16,17,0
2026-08-14T15:30:22.627877,15,20,19,15,17,0
2026-08-14T15:30:22.636607,14,20,19,16,17,0
2026-08-14T15:30:22.637211,15,21,19,16,17,0
2026-08-14T15:30:22.637211,15,20,20,15,17,0
2026-08-14T15:30:22.637211,14,21,21,15,17,0
2026-08-14T15:30:22.640978,15,21,20,16,18,0
2026-08-14T15:30:22.640978,14,20,20,16,17,0
2026-08-14T15:30:22.640978,14,21,20,15,17,0
2026-08-14T15:30:22.644462,13,20,20,15,17,0
2026-08-14T15:30:22.644462,14,19,21,16,18,0
2026-08-14T15:30:22.644462,15,19,20,16,17,0
2026-08-14T15:30:22.644462,14,21,21,16,17,0
2026-08-14T15:30:22.644462,15,20,20,15,17,0
2026-08-14T15:30:22.644462,14,20,19,15,16,0
2026-08-14T15:30:22.644462,15,20,20,16,17,0
2026-08-14T15:30:22.653239,15,20,20,16,17,0
2026-08-14T15:30:22.654190,15,20,20,15,17,0
2026-08-14T15:30:22.654190,14,21,20,16,17,0
2026-08-14T15:30:22.654190,15,21,20,16,16,0
2026-08-14T15:30:22.654190,13,21,21,16,16,0
2026-08-14T15:30:22.654190,14,21,20,17,16,0
2026-08-14T15:30:22.654190,14,20,19,16,17,0
2026-08-14T15:30:22.660865,14,21,19,16,17,0
2026-08-14T15:30:22.661744,14,19,21,16,17,0
2026-08-14T15:30:22.661744,16,20,20,16,17,0
2026-08-14T15:30:22.663763,14,21,20,16,17,0
2026-08-14T15:30:22.665777,16,20,20,15,17,0
2026-08-14T15:30:22.665777,15,21,20,14,17,0
2026-08-14T15:30:22.665777,13,20,21,15,17,0
2026-08-14T15:30:22.669297,14,21,20,16,17,0
2026-08-14T15:30:22.670136,15,21,20,15,17,0
2026-08-14T15:30:22.670136,15,20,20,16,17,0
2026-08-14T15:30:22.673730,13,19,21,16,18,0
2026-08-14T15:30:22.673730,14,21,20,15,17,0
2026-08-14T15:30:22.673730,14,21,19,15,17,0
2026-08-14T15:30:22.675492,14,20,20,15,17,0
2026-08-14T15:30:22.677830,14,19,19,16,17,0
2026-08-14T15:30:22.677830,15,20,20,16,17,0
2026-08-14T15:30:22.677830,15,20,20,16,17,0
2026-08-14T15:30:22.677830,15,21,20,15,18,0
2026-08-14T15:30:22.677830,13,20,19,15,17,0
2026-08-14T15:30:22.677830,13,22,20,15,17,0
2026-08-14T15:30:22.683689,13,20,20,15,16,0
2026-08-14T15:30:22.686069,14,20,20,16,17,0
2026-08-14T15:30:22.687093,14,19,19,15,17,0
2026-08-14T15:30:22.687093,14,21,20,16,18,0
2026-08-14T15:30:22.690180,14,21,20,16,16,0
2026-08-14T15:30:22.690180,14,21,20,15,17,0
2026-08-14T15:30:22.690180,15,20,21,15,16,0
2026-08-14T15:30:22.694227,15,20,20,16,17,0
2026-08-14T15:30:22.694227,15,21,20,15,17,0
2026-08-14T15:30:22.694227,13,20,20,16,17,0
2026-08-14T15:30:22.694227,15,21,20,15,17,0
2026-08-14T15:30:22.697642,15,21,20,15,16,0
2026-08-14T15:30:22.698687,15,21,20,16,17,0
2026-08-14T15:30:22.698687,15,22,21,16,16,0
2026-08-14T15:30:22.702407,13,20,19,16,16,0
2026-08-14T15:30:22.703084,14,20,20,16,18,0
2026-08-14T15:30:22.704056,14,19,19,16,17,0
2026-08-14T15:30:22.705267,15,20,20,15,17,0
2026-08-14T15:30:22.706499,15,21,20,15,17,0
2026-08-14T15:30:22.706499,14,20,19,15,17,0
2026-08-14T15:30:22.706499,15,20,20,15,17,0
2026-08-14T15:30:22.710638,14,21,21,15,17,0
2026-08-14T15:30:22.710638,15,21,20,15,17,0
2026-08-14T15:30:22.710638,15,22,19,15,17,0
2026-08-14T15:30:22.713380,15,21,20,16,17,0
2026-08-14T15:30:22.714723,13,19,20,16,17,0
2026-08-14T15:30:22.714723,15,21,20,15,17,0
2026-08-14T15:30:22.716864,15,20,19,16,17,0
2026-08-14T15:30:22.718553,14,20,18,16,18,0
2026-08-14T15:30:22.719399,14,20,19,16,17,0
2026-08-14T15:30:22.720821,14,20,20,15,17,0
2026-08-14T15:30:22.721487,14,20,20,15,17,0
2026-08-14T15:30:22.722921,16,20,20,15,17,0
2026-08-14T15:30:22.723591,15,21,20,15,17,0
2026-08-14T15:30:22.724648,13,20,20,15,16,0
2026-08-14T15:30:22.726326,14,21,20,15,18,0
2026-08-14T15:30:22.727083,15,21,20,16,17,0
2026-08-14T15:30:22.727083,16,21,21,16,17,0
2026-08-14T15:30:22.731081,15,20,19,16,18,0
2026-08-14T15:30:22.731081,13,21,20,16,17,0
2026-08-14T15:30:22.731081,13,20,19,16,16,0
2026-08-14T15:30:22.731081,15,21,20,15,17,0
2026-08-14T15:30:22.734530,14,21,20,15,17,0
2026-08-14T15:30:22.734530,14,20,20,15,17,0
2026-08-14T15:30:22.736816,15,21,20,16,17,0
2026-08-14T15:30:22.738097,14,20,19,15,17,0
2026-08-14T15:30:22.738097,14,21,20,15,17,0
2026-08-14T15:30:22.738097,15,21,20,15,16,0
2026-08-14T15:30:22.738097,13,20,20,16,18,0
2026-08-14T15:30:22.742866,14,20,20,16,17,0
2026-08-14T15:30:22.742866,15,20,21,16,17,0
2026-08-14T15:30:22.742866,15,21,19,16,17,0
2026-08-14T15:30:22.742866,13,21,20,16,17,0
2026-08-14T15:30:22.742866,14,20,20,15,16,0
2026-08-14T15:30:22.742866,14,20,20,16,17,0
2026-08-14T15:30:22.742866,15,19,19,15,17,0
2026-08-14T15:30:22.751160,14,20,20,15,16,0
2026-08-14T15:30:22.751160,15,21,20,15,16,0
2026-08-14T15:30:22.753477,14,20,20,15,17,0
2026-08-14T15:30:22.754374,14,20,20,15,17,0
2026-08-14T15:30:22.756635,13,21,20,16,17,0
2026-08-14T15:30:22.756635,15,20,21,16,17,0
2026-08-14T15:30:22.759656,14,21,20,16,17,0
2026-08-14T15:30:22.759656,15,19,20,16,18,0
2026-08-14T15:30:22.759656,14,19,19,16,16,0
2026-08-14T15:30:22.781745,14,20,20,16,17,0
2026-08-14T15:30:22.783754,15,21,21,15,17,0
2026-08-14T15:30:22.783754,15,20,20,16,17,0
2026-08-14T15:30:22.783754,15,21,20,16,17,0
2026-08-14T15:30:22.785763,13,21,20,16,17,0
2026-08-14T15:30:22.786735,15,21,20,16,17,0
2026-08-14T15:30:22.786735,15,21,20,15,17,0
2026-08-14T15:30:22.786735,15,20,20,16,17,0
2026-08-14T15:30:22.788867,15,21,20,16,16,0
2026-08-14T15:30:22.788867,14,21,21,16,17,0
2026-08-14T15:30:22.788867,15,20,20,16,17,0
2026-08-14T15:30:22.790875,14,20,19,16,17,0
2026-08-14T15:30:22.790875,14,19,20,16,17,0
2026-08-14T15:30:22.791882,15,20,20,15,16,0
2026-08-14T15:30:22.791882,16,20,20,15,17,0
2026-08-14T15:30:22.791882,14,19,20,16,17,0
2026-08-14T15:30:22.793891,15,21,20,16,17,0
2026-08-14T15:30:22.793891,14,21,20,16,17,0
2026-08-14T15:30:22.793891,14,20,20,15,17,0
2026-08-14T15:30:22.793891,16,21,20,16,17,0
2026-08-14T15:30:22.795898,14,20,21,16,17,0
2026-08-14T15:30:22.795898,14,19,21,16,17,0
2026-08-14T15:30:22.795898,13,21,20,16,16,0
2026-08-14T15:30:22.797906,15,21,19,17,17,0
2026-08-14T15:30:22.797906,15,20,20,15,17,0
2026-08-14T15:30:22.797906,15,21,20,15,17,0
2026-08-14T15:30:22.797906,15,20,21,15,16,0
2026-08-14T15:30:22.799914,15,21,20,16,17,0
2026-08-14T15:30:22.799914,14,20,19,15,17,0
2026-08-14T15:30:22.799914,14,20,20,15,17,0
2026-08-14T15:30:22.801922,14,21,20,15,16,0
2026-08-14T15:30:22.801922,15,20,20,16,18,0
2026-08-14T15:30:22.803382,14,21,20,16,17,0
2026-08-14T15:30:22.803382,14,20,20,15,18,0
2026-08-14T15:30:22.803382,15,19,20,16,18,0
2026-08-14T15:30:22.805518,14,21,20,16,17,0
2026-08-14T15:30:22.805518,14,20,21,15,17,0
2026-08-14T15:30:22.805518,14,20,19,17,17,0
2026-08-14T15:30:22.805518,16,20,20,15,17,0
2026-08-14T15:30:22.807526,15,21,20,15,18,0
2026-08-14T15:30:22.809534,14,21,20,16,17,0
2026-08-14T15:30:22.809534,15,21,20,15,16,0
2026-08-14T15:30:22.811542,14,21,20,15,17,0
2026-08-14T15:30:22.813551,15,21,20,16,17,0
2026-08-14T15:30:22.813551,14,20,20,16,18,0
2026-08-14T15:30:22.813551,15,21,20,15,17,0
2026-08-14T15:30:22.815559,15,20,19,16,17,0
2026-08-14T15:30:22.817567,15,21,19,16,17,0
2026-08-14T15:30:22.817567,14,20,20,16,16,0
2026-08-14T15:30:22.820078,14,21,20,15,17,0
2026-08-14T15:30:22.820078,15,20,20,15,17,0
2026-08-14T15:30:22.822200,13,21,20,16,17,0
2026-08-14T15:30:22.823950,13,21,20,15,18,0
2026-08-14T15:30:22.825959,14,20,21,16,17,0
2026-08-14T15:30:22.825959,14,20,21,17,17,0
2026-08-14T15:30:22.829975,15,20,20,16,18,0
2026-08-14T15:30:22.831983,14,21,19,16,18,0
2026-08-14T15:30:22.831983,13,21,20,15,16,0
2026-08-14T15:30:22.831983,14,19,20,16,17,0
2026-08-14T15:30:22.833991,14,21,19,16,16,0
2026-08-14T15:30:22.833991,14,20,19,15,18,0
2026-08-14T15:30:22.833991,15,20,20,15,17,0
2026-08-14T15:30:22.833991,14,21,20,15,17,0
2026-08-14T15:30:22.837348,15,20,19,15,17,0
2026-08-14T15:30:22.838151,15,20,20,15,17,0
2026-08-14T15:30:22.838151,14,20,20,15,16,0
2026-08-14T15:30:22.840289,13,20,20,15,17,0
2026-08-14T15:30:22.842295,14,21,20,16,17,0
2026-08-14T15:30:22.842295,15,21,19,17,17,0
2026-08-14T15:30:22.842295,14,20,19,16,17,0
2026-08-14T15:30:22.844303,15,21,19,15,17,0
2026-08-14T15:30:22.846310,15,21,18,15,16,0
2026-08-14T15:30:22.846310,15,20,19,16,16,0
2026-08-14T15:30:22.848316,16,20,20,15,17,0
2026-08-14T15:30:22.850322,15,21,20,16,17,0
2026-08-14T15:30:22.850322,13,23,20,15,17,0
2026-08-14T15:30:22.850322,14,20,20,15,18,0
2026-08-14T15:30:22.853419,14,19,20,16,17,0
2026-08-14T15:30:22.854482,13,20,20,16,18,0
2026-08-14T15:30:22.855060,13,19,20,16,17,0
2026-08-14T15:30:22.856811,15,21,19,15,17,0
2026-08-14T15:30:22.858205,14,20,21,15,17,0
2026-08-14T15:30:22.859217,15,19,21,16,17,0
2026-08-14T15:30:22.861964,15,20,19,16,17,0
2026-08-14T15:30:22.861964,15,20,20,15,17,0
2026-08-14T15:30:22.863649,15,20,20,15,17,0
2026-08-14T15:30:22.863649,14,21,20,15,18,0
2026-08-14T15:30:22.865270,13,20,20,15,17,0
2026-08-14T15:30:22.865270,15,19,20,16,17,0
2026-08-14T15:30:22.865270,12,21,19,16,17,0
2026-08-14T15:30:22.869438,14,19,20,16,17,0
2026-08-14T15:30:22.869438,15,19,20,16,18,0
2026-08-14T15:30:22.871549,14,19,20,16,16,0
2026-08-14T15:30:22.871549,16,20,19,15,16,0
2026-08-14T15:30:22.873299,16,21,21,16,17,0
2026-08-14T15:30:22.873299,14,20,18,16,17,0
2026-08-14T15:30:22.875306,15,21,20,15,17,0
2026-08-14T15:30:22.877313,13,21,20,15,17,0
2026-08-14T15:30:22.877313,15,21,20,15,17,0
2026-08-14T15:30:22.879318,14,19,20,16,17,0
2026-08-14T15:30:22.879318,14,21,20,17,17,0
2026-08-14T15:30:22.881324,14,19,20,15,18,0
2026-08-14T15:30:22.883332,15,20,19,16,17,0
2026-08-14T15:30:22.883332,14,19,19,15,17,0
2026-08-14T15:30:22.886184,14,21,20,16,18,0
2026-08-14T15:30:22.886964,14,19,20,16,16,0
2026-08-14T15:30:22.886964,14,21,20,15,17,0
2026-08-14T15:30:22.886964,14,20,20,15,18,0
2026-08-14T15:30:22.889675,14,20,20,16,16,0
2026-08-14T15:30:22.889675,13,21,20,15,18,0
2026-08-14T15:30:22.889675,14,21,20,15,18,0
2026-08-14T15:30:22.889675,15,20,20,15,17,0
2026-08-14T15:30:22.889675,14,20,20,16,17,0
2026-08-14T15:30:22.889675,14,20,19,15,17,0
2026-08-14T15:30:22.897898,13,21,20,16,18,0
2026-08-14T15:30:22.897898,15,20,19,15,18,0
2026-08-14T15:30:22.897898,14,19,19,15,17,0
2026-08-14T15:30:22.897898,14,20,20,15,16,0
2026-08-14T15:30:22.902730,16,20,19,15,17,0
2026-08-14T15:30:22.903553,15,20,20,15,17,0
2026-08-14T15:30:22.903553,15,20,22,15,17,0
2026-08-14T15:30:22.907218,15,21,20,15,17,0
2026-08-14T15:30:22.907218,15,20,20,16,17,0
2026-08-14T15:30:22.907218,14,21,20,15,17,0
2026-08-14T15:30:22.907218,14,20,19,16,17,0
2026-08-14T15:30:22.911306,15,21,19,15,17,0
2026-08-14T15:30:22.911306,14,21,20,16,17,0
2026-08-14T15:30:22.911306,15,19,18,16,17,0
2026-08-14T15:30:22.915407,14,20,20,15,17,0
2026-08-14T15:30:22.915407,15,21,20,15,16,0
2026-08-14T15:30:22.915407,14,20,19,15,17,0
2026-08-14T15:30:22.915407,14,20,20,16,17,0
2026-08-14T15:30:22.919626,13,20,20,15,16,0
2026-08-14T15:30:22.919626,14,21,20,15,17,0
2026-08-14T15:30:22.920535,15,20,20,16,17,0
2026-08-14T15:30:22.923581,13,20,20,16,17,0
2026-08-14T15:30:22.923581,14,19,21,15,16,0
2026-08-14T15:30:22.923581,14,21,20,15,17,0
2026-08-14T15:30:22.927679,15,21,20,16,17,0
2026-08-14T15:30:22.927679,14,20,19,15,17,0
2026-08-14T15:30:22.927679,14,20,20,16,17,0
2026-08-14T15:30:22.927679,14,21,21,15,16,0
2026-08-14T15:30:22.931781,15,20,20,16,17,0
2026-08-14T15:30:22.931781,15,20,19,15,17,0
2026-08-14T15:30:22.931781,14,21,21,15,17,0
2026-08-14T15:30:22.934511,13,20,20,16,16,0
2026-08-14T15:30:22.936786,13,20,19,16,16,0
2026-08-14T15:30:22.937626,14,19,19,16,18,0
2026-08-14T15:30:22.937626,13,20,20,17,17,0
2026-08-14T15:30:22.939861,14,19,19,16,17,0
2026-08-14T15:30:22.939861,13,21,19,15,17,0
2026-08-14T15:30:22.939861,14,20,20,16,17,0
2026-08-14T15:30:22.939861,15,19,21,15,17,0
2026-08-14T15:30:22.939861,14,20,21,15,17,0
2026-08-14T15:30:22.939861,14,20,20,15,17,0
2026-08-14T15:30:22.939861,15,20,20,16,17,0
2026-08-14T15:30:22.948246,15,19,20,16,16,0
2026-08-14T15:30:22.948246,14,19,19,17,16,0
2026-08-14T15:30:22.948246,13,21,20,16,17,0
2026-08-14T15:30:22.950997,14,21,18,16,18,0
2026-08-14T15:30:22.953373,15,19,19,16,17,0
2026-08-14T15:30:22.953373,13,20,20,15,17,0
2026-08-14T15:30:22.953373,14,19,20,15,16,0
2026-08-14T15:30:22.956256,14,21,19,15,17,0
2026-08-14T15:30:22.956256,16,20,20,15,16,0
2026-08-14T15:30:22.956256,14,20,19,15,17,0
2026-08-14T15:30:22.960467,14,21,19,16,16,0
2026-08-14T15:30:22.960467,13,20,20,15,16,0
2026-08-14T15:30:22.960467,13,21,19,15,17,0
2026-08-14T15:30:22.964556,14,20,20,16,17,0
2026-08-14T15:30:22.964556,13,19,20,16,18,0
2026-08-14T15:30:22.964556,14,20,20,14,18,0
2026-08-14T15:30:22.966317,12,20,20,16,17,0
2026-08-14T15:30:22.966317,15,20,19,15,16,0
2026-08-14T15:30:22.969472,14,20,19,15,17,0
2026-08-14T15:30:22.970331,15,20,18,16,17,0
2026-08-14T15:30:22.972852,14,20,20,15,17,0
2026-08-14T15:30:22.972852,13,21,20,15,16,0
2026-08-14T15:30:22.972852,14,20,19,16,17,0
2026-08-14T15:30:22.972852,14,21,20,15,17,0
2026-08-14T15:30:22.976927,13,20,21,15,18,0
2026-08-14T15:30:22.976927,14,21,20,16,16,0
2026-08-14T15:30:22.976927,15,20,20,15,16,0
2026-08-14T15:30:22.981024,14,21,20,16,17,0
2026-08-14T15:30:22.981024,14,20,21,15,17,0
2026-08-14T15:30:22.981024,15,20,19,15,17,0
2026-08-14T15:30:22.981024,14,20,20,15,17,0
2026-08-14T15:30:22.981024,14,20,20,15,16,0
2026-08-14T15:30:22.981024,14,20,20,15,17,0
2026-08-14T15:30:22.986626,14,21,20,15,17,0
2026-08-14T15:30:22.989297,14,21,19,14,16,0
2026-08-14T15:30:22.989297,13,21,20,15,17,0
2026-08-14T15:30:22.989297,14,21,19,15,16,0
2026-08-14T15:30:22.989297,12,20,21,15,16,0
2026-08-14T15:30:22.989297,15,20,19,16,18,0
2026-08-14T15:30:22.989297,15,19,19,15,16,0
2026-08-14T15:30:22.989297,14,19,19,15,16,0
2026-08-14T15:30:22.997427,15,20,19,15,17,0
2026-08-14T15:30:22.997427,14,20,20,14,16,0
2026-08-14T15:30:22.999438,14,20,20,14,17,0
2026-08-14T15:30:22.999438,13,21,20,14,17,0
2026-08-14T15:30:22.999438,14,21,20,15,17,0
2026-08-14T15:30:23.003424,14,21,20,14,16,0
2026-08-14T15:30:23.003424,15,19,20,16,16,0
2026-08-14T15:30:23.005555,14,19,19,16,16,0
2026-08-14T15:30:23.006634,14,19,19,15,17,0
2026-08-14T15:30:23.006634,14,19,19,15,17,0
2026-08-14T15:30:23.009616,14,20,18,15,16,0
2026-08-14T15:30:23.009616,14,20,20,15,16,0
2026-08-14T15:30:23.009616,15,20,19,16,17,0
2026-08-14T15:30:23.009616,14,20,18,15,18,0
2026-08-14T15:30:23.013801,15,20,19,15,17,0
2026-08-14T15:30:23.013801,14,20,20,15,17,0
2026-08-14T15:30:23.013801,14,21,20,16,16,0
2026-08-14T15:30:23.017907,15,21,20,16,17,0
2026-08-14T15:30:23.017907,14,19,18,16,16,0
2026-08-14T15:30:23.019428,13,21,19,16,17,0
2026-08-14T15:30:23.020220,14,20,20,15,16,0
2026-08-14T15:30:23.020220,14,21,19,15,16,0
2026-08-14T15:30:23.022121,14,20,20,15,17,0
2026-08-14T15:30:23.022121,15,20,20,16,17,0
2026-08-14T15:30:23.026101,15,20,19,15,16,0
2026-08-14T15:30:23.026101,13,20,19,15,17,0
2026-08-14T15:30:23.026101,15,20,20,15,17,0
2026-08-14T15:30:23.030179,15,21,20,15,16,0
2026-08-14T15:30:23.030179,14,20,19,16,16,0
2026-08-14T15:30:23.030179,14,19,19,16,18,0
2026-08-14T15:30:23.030179,12,21,18,16,17,0
2026-08-14T15:30:23.030179,14,20,19,15,17,0
2026-08-14T15:30:23.030179,16,20,19,15,16,0
2026-08-14T15:30:23.030179,14,20,20,15,17,0
2026-08-14T15:30:23.037053,14,20,19,14,17,0
2026-08-14T15:30:23.038740,15,21,19,16,16,0
2026-08-14T15:30:23.038740,13,20,19,15,16,0
2026-08-14T15:30:23.038740,14,20,20,14,16,0
2026-08-14T15:30:23.038740,14,19,20,15,16,0
2026-08-14T15:30:23.038740,13,19,20,16,16,0
2026-08-14T15:30:23.038740,13,20,20,15,16,0
2026-08-14T15:30:23.038740,14,20,18,15,16,0
2026-08-14T15:30:23.046951,14,20,19,16,18,0
2026-08-14T15:30:23.046951,14,19,19,16,17,0
2026-08-14T15:30:23.046951,16,19,20,14,17,0
2026-08-14T15:30:23.046951,15,19,19,15,16,0
2026-08-14T15:30:23.046951,14,20,18,14,17,0
2026-08-14T15:30:23.046951,14,20,21,15,16,0
2026-08-14T15:30:23.054750,14,21,21,15,17,0
2026-08-14T15:30:23.054750,14,20,20,15,17,0
2026-08-14T15:30:23.054750,15,21,19,15,16,0
2026-08-14T15:30:23.058859,13,19,21,16,17,0
2026-08-14T15:30:23.058859,13,20,20,15,17,0
2026-08-14T15:30:23.058859,15,20,19,16,17,0
2026-08-14T15:30:23.060616,14,20,18,14,17,0
2026-08-14T15:30:23.062803,15,19,19,16,17,0
2026-08-14T15:30:23.062803,15,21,19,15,17,0
2026-08-14T15:30:23.062803,15,20,20,14,17,0
2026-08-14T15:30:23.062803,14,21,18,15,17,0
2026-08-14T15:30:23.062803,14,20,19,16,17,0
2026-08-14T15:30:23.062803,13,19,19,15,16,0
2026-08-14T15:30:23.062803,15,20,20,15,16,0
2026-08-14T15:30:23.070489,13,21,19,15,18,0
2026-08-14T15:30:23.070489,14,20,19,15,16,0
2026-08-14T15:30:23.070489,14,19,19,14,17,0
2026-08-14T15:30:23.070489,14,21,19,15,17,0
2026-08-14T15:30:23.070489,15,21,19,15,16,0
2026-08-14T15:30:23.070489,15,20,19,15,17,0
2026-08-14T15:30:23.070489,15,20,20,15,17,0
2026-08-14T15:30:23.078692,13,19,20,15,16,0
2026-08-14T15:30:23.078692,13,20,20,14,16,0
2026-08-14T15:30:23.078692,13,20,19,15,16,0
2026-08-14T15:30:23.083428,16,19,20,16,15,0
2026-08-14T15:30:23.083428,13,21,20,15,16,0
2026-08-14T15:30:23.083428,14,20,18,15,16,0
2026-08-14T15:30:23.083428,15,19,20,15,16,0
2026-08-14T15:30:23.087500,14,19,19,16,17,0
2026-08-14T15:30:23.087500,14,19,20,15,17,0
2026-08-14T15:30:23.087500,14,19,20,15,17,0
2026-08-14T15:30:23.091635,16,19,19,15,17,0
2026-08-14T15:30:23.091635,15,20,20,15,16,0
2026-08-14T15:30:23.091635,15,20,18,14,17,0
2026-08-14T15:30:23.095730,14,20,18,15,16,0
2026-08-14T15:30:23.095730,15,19,20,15,17,0
2026-08-14T15:30:23.095730,13,20,20,15,16,0
2026-08-14T15:30:23.095730,13,19,20,15,17,0
2026-08-14T15:30:23.095730,15,21,18,16,18,0
2026-08-14T15:30:23.095730,13,19,20,16,16,0
2026-08-14T15:30:23.095730,15,19,20,15,17,0
2026-08-14T15:30:23.103256,14,20,18,15,17,0
2026-08-14T15:30:23.103256,15,20,18,15,17,0
2026-08-14T15:30:23.103256,13,20,20,16,18,0
2026-08-14T15:30:23.103256,15,20,20,15,16,0
2026-08-14T15:30:23.103256,14,20,18,15,16,0
2026-08-14T15:30:23.103256,15,19,20,14,17,0
2026-08-14T15:30:23.103256,13,19,20,16,16,0
2026-08-14T15:30:23.111832,14,19,19,15,17,0
2026-08-14T15:30:23.111832,14,21,19,14,17,0
2026-08-14T15:30:23.111832,14,19,19,15,17,0
2026-08-14T15:30:23.111832,13,19,19,15,16,0
2026-08-14T15:30:23.116150,14,20,19,14,17,0
2026-08-14T15:30:23.116150,13,21,19,15,17,0
2026-08-14T15:30:23.116150,15,20,18,15,17,0
2026-08-14T15:30:23.120412,14,20,18,15,16,0
2026-08-14T15:30:23.120412,13,20,19,15,16,0
2026-08-14T15:30:23.120412,14,20,20,14,16,0
2026-08-14T15:30:23.120412,14,20,19,15,16,0
2026-08-14T15:30:23.125037,15,19,20,15,16,0
2026-08-14T15:30:23.126138,13,20,19,14,16,0
2026-08-14T15:30:23.126138,14,19,19,15,15,0
2026-08-14T15:30:23.128108,15,19,18,15,16,0
2026-08-14T15:30:23.128108,14,20,18,14,17,0
2026-08-14T15:30:23.128108,14,20,19,16,16,0
2026-08-14T15:30:23.132462,14,19,18,16,17,0
2026-08-14T15:30:23.133054,14,19,19,14,16,0
2026-08-14T15:30:23.133659,13,20,20,15,16,0
2026-08-14T15:30:23.134215,15,20,20,15,17,0
2026-08-14T15:30:23.136418,14,20,18,15,17,0
2026-08-14T15:30:23.137060,13,21,20,15,16,0
2026-08-14T15:30:23.137060,15,20,20,15,17,0
2026-08-14T15:30:23.140783,15,19,18,15,16,0
2026-08-14T15:30:23.140783,15,19,19,16,16,0
2026-08-14T15:30:23.140783,14,19,18,16,16,0
2026-08-14T15:30:23.140783,13,19,20,15,16,0
2026-08-14T15:30:23.144878,14,20,19,14,16,0
2026-08-14T15:30:23.144878,14,19,18,15,16,0
2026-08-14T15:30:23.144878,14,19,19,15,16,0
2026-08-14T15:30:23.148979,14,20,19,14,17,0
2026-08-14T15:30:23.148979,13,20,20,14,16,0
2026-08-14T15:30:23.150738,14,20,20,14,16,0
2026-08-14T15:30:23.150738,15,19,19,15,17,0
2026-08-14T15:30:23.152841,15,19,20,15,15,0
2026-08-14T15:30:23.153629,13,19,19,16,16,0
2026-08-14T15:30:23.153629,15,20,18,16,16,0
2026-08-14T15:30:23.153629,13,19,19,15,17,0
2026-08-14T15:30:23.153629,14,19,19,15,17,0
2026-08-14T15:30:23.153629,14,20,19,15,16,0
2026-08-14T15:30:23.161277,15,18,19,15,16,0
2026-08-14T15:30:23.161277,14,20,18,15,17,0
2026-08-14T15:30:23.161277,13,19,19,15,16,0
2026-08-14T15:30:23.163039,15,20,20,14,15,0
2026-08-14T15:30:23.163039,15,20,18,15,16,0
2026-08-14T15:30:23.163039,14,19,18,15,17,0
2026-08-14T15:30:23.163039,13,19,18,16,15,0
2026-08-14T15:30:23.167728,15,20,19,14,17,0
2026-08-14T15:30:23.170041,15,19,18,16,17,0
2026-08-14T15:30:23.170997,13,19,18,15,16,0
2026-08-14T15:30:23.171518,14,19,19,16,17,0
2026-08-14T15:30:23.173557,13,19,20,14,17,0
2026-08-14T15:30:23.173557,14,19,19,15,16,0
2026-08-14T15:30:23.173557,15,20,18,15,16,0
2026-08-14T15:30:23.175829,15,19,18,14,17,0
2026-08-14T15:30:23.178621,14,20,19,15,16,0
2026-08-14T15:30:23.178621,13,20,18,15,16,0
2026-08-14T15:30:23.178621,14,19,18,16,16,0
2026-08-14T15:30:23.178621,14,19,18,16,16,0
2026-08-14T15:30:23.178621,13,19,20,16,17,0
2026-08-14T15:30:23.178621,14,20,18,16,16,0
2026-08-14T15:30:23.178621,14,19,20,14,16,0
2026-08-14T15:30:23.188224,14,19,19,14,16,0
2026-08-14T15:30:23.196129,14,19,18,15,17,0
2026-08-14T15:30:23.196129,13,20,19,15,16,0
2026-08-14T15:30:23.201889,15,19,19,14,17,0
2026-08-14T15:30:23.203473,14,20,19,15,16,0
2026-08-14T15:30:23.204601,14,20,20,14,16,0
2026-08-14T15:30:23.205722,14,21,18,15,17,0
2026-08-14T15:30:23.206398,14,20,18,15,17,0
2026-08-14T15:30:23.206398,13,20,19,14,16,0
2026-08-14T15:30:23.206398,14,19,19,14,17,0
2026-08-14T15:30:23.206398,12,19,20,15,18,0
2026-08-14T15:30:23.206398,13,20,19,15,16,0
2026-08-14T15:30:23.206398,13,19,19,15,16,0
2026-08-14T15:30:23.210302,14,20,18,14,16,0
2026-08-14T15:30:23.210302,14,19,19,15,16,0
2026-08-14T15:30:23.210302,14,20,18,14,16,0
2026-08-14T15:30:23.210302,13,20,19,14,16,0
2026-08-14T15:30:23.210302,13,20,19,15,16,0
2026-08-14T15:30:23.210302,14,19,18,14,16,0
2026-08-14T15:30:23.210302,13,21,18,15,17,0
2026-08-14T15:30:23.210302,15,19,18,14,15,0
2026-08-14T15:30:23.210302,14,20,19,16,16,0
2026-08-14T15:30:23.215947,14,19,18,16,16,0
2026-08-14T15:30:23.215947,12,19,19,15,16,0
2026-08-14T15:30:23.215947,12,19,20,15,16,0
2026-08-14T15:30:23.217960,13,22,19,14,16,0
2026-08-14T15:30:23.217960,14,19,19,15,16,0
2026-08-14T15:30:23.220247,14,19,18,14,16,0
2026-08-14T15:30:23.220247,15,20,18,15,15,0
2026-08-14T15:30:23.220247,13,20,20,14,16,0
2026-08-14T15:30:23.220247,14,20,18,15,17,0
2026-08-14T15:30:23.220247,14,20,19,14,17,0
2026-08-14T15:30:23.220247,14,19,18,15,16,0
2026-08-14T15:30:23.226183,13,19,18,16,16,0
2026-08-14T15:30:23.226183,14,20,19,15,17,0
2026-08-14T15:30:23.226183,13,19,19,14,17,0
2026-08-14T15:30:23.228431,13,19,19,15,17,0
2026-08-14T15:30:23.229347,14,18,18,14,17,0
2026-08-14T15:30:23.229347,13,19,18,15,17,0
2026-08-14T15:30:23.229347,15,19,19,15,16,0
2026-08-14T15:30:23.234330,13,19,18,14,16,0
2026-08-14T15:30:23.234330,13,19,19,15,15,0
2026-08-14T15:30:23.236159,13,20,19,14,16,0
2026-08-14T15:30:23.237281,15,19,17,15,17,0
2026-08-14T15:30:23.239019,13,19,19,16,16,0
2026-08-14T15:30:23.239019,14,19,19,15,16,0
2026-08-14T15:30:23.239019,13,19,20,14,17,0
2026-08-14T15:30:23.243069,14,19,18,15,17,0
2026-08-14T15:30:23.243069,15,19,18,15,16,0
2026-08-14T15:30:23.243069,14,18,20,14,16,0
2026-08-14T15:30:23.243069,14,20,18,14,16,0
2026-08-14T15:30:23.247182,14,20,19,15,16,0
2026-08-14T15:30:23.247182,15,19,18,15,17,0
2026-08-14T15:30:23.247182,14,19,18,14,17,0
2026-08-14T15:30:23.251339,13,19,18,15,15,0
2026-08-14T15:30:23.251339,14,20,20,14,16,0
2026-08-14T15:30:23.251339,11,19,20,15,16,0
2026-08-14T15:30:23.252707,13,19,19,15,16,0
2026-08-14T15:30:23.254552,13,19,18,16,16,0
2026-08-14T15:30:23.254552,14,20,18,15,17,0
2026-08-14T15:30:23.254552,14,20,19,15,16,0
2026-08-14T15:30:23.259402,16,18,19,15,16,0
2026-08-14T15:30:23.259402,14,19,19,15,16,0
2026-08-14T15:30:23.259402,14,20,19,14,15,0
2026-08-14T15:30:23.259402,13,20,20,14,15,0
2026-08-14T15:30:23.259402,13,19,20,15,15,0
2026-08-14T15:30:23.259402,14,20,20,15,17,0
2026-08-14T15:30:23.259402,13,19,18,15,15,0
2026-08-14T15:30:23.259402,13,19,20,14,18,0
2026-08-14T15:30:23.269831,14,20,18,15,17,0
2026-08-14T15:30:23.270856,14,19,17,16,16,0
2026-08-14T15:30:23.270856,14,18,17,16,16,0
2026-08-14T15:30:23.273046,14,19,19,15,16,0
2026-08-14T15:30:23.273046,14,20,17,14,16,0
2026-08-14T15:30:23.273046,15,18,19,15,17,0
2026-08-14T15:30:23.276189,13,20,18,15,16,0
2026-08-14T15:30:23.276189,14,19,18,15,15,0
2026-08-14T15:30:23.278200,15,19,18,14,15,0
2026-08-14T15:30:23.278200,13,20,18,15,17,0
2026-08-14T15:30:23.278200,13,19,19,14,15,0
2026-08-14T15:30:23.278200,13,19,18,16,15,0
2026-08-14T15:30:23.278200,12,19,18,15,15,0
2026-08-14T15:30:23.283991,12,19,19,14,16,0
2026-08-14T15:30:23.283991,14,18,18,16,17,0
2026-08-14T15:30:23.283991,15,18,18,15,16,0
2026-08-14T15:30:23.288179,14,20,19,14,17,0
2026-08-14T15:30:23.288179,14,18,18,15,16,0
2026-08-14T15:30:23.288179,15,20,17,15,17,0
2026-08-14T15:30:23.292231,13,20,18,15,17,0
2026-08-14T15:30:23.292231,13,20,20,15,15,0
2026-08-14T15:30:23.292231,14,20,19,14,16,0
2026-08-14T15:30:23.292231,13,19,19,16,16,0
2026-08-14T15:30:23.292231,13,19,19,15,16,0
2026-08-14T15:30:23.292231,14,18,17,15,17,0
2026-08-14T15:30:23.292231,12,20,19,14,17,0
2026-08-14T15:30:23.300413,13,19,18,14,16,0
2026-08-14T15:30:23.301179,15,19,19,15,16,0
2026-08-14T15:30:23.301179,14,20,19,14,16,0
2026-08-14T15:30:23.302731,14,20,18,14,17,0
2026-08-14T15:30:23.304812,13,20,18,15,16,0
2026-08-14T15:30:23.305918,15,20,20,14,16,0
2026-08-14T15:30:23.305918,15,18,19,14,17,0
2026-08-14T15:30:23.308595,13,19,19,14,16,0
2026-08-14T15:30:23.308595,13,19,18,15,15,0
2026-08-14T15:30:23.308595,13,19,19,15,16,0
2026-08-14T15:30:23.310750,14,18,18,15,17,0
2026-08-14T15:30:23.312042,13,19,18,14,16,0
2026-08-14T15:30:23.312042,14,18,18,16,17,0
2026-08-14T15:30:23.312042,15,20,18,14,16,0
2026-08-14T15:30:23.314447,14,20,18,13,16,0
2026-08-14T15:30:23.317091,14,20,18,14,16,0
2026-08-14T15:30:23.317091,12,20,18,14,16,0
2026-08-14T15:30:23.317091,13,20,19,14,17,0
2026-08-14T15:30:23.320894,13,19,18,14,16,0
2026-08-14T15:30:23.320894,14,19,18,15,15,0
2026-08-14T15:30:23.320894,13,18,18,15,15,0
2026-08-14T15:30:23.325006,13,18,18,14,16,0
2026-08-14T15:30:23.325006,13,20,19,15,16,0
2026-08-14T15:30:23.325006,13,19,18,14,16,0
2026-08-14T15:30:23.329080,13,19,18,15,17,0
2026-08-14T15:30:23.329941,14,19,20,15,17,0
2026-08-14T15:30:23.329941,13,20,18,15,15,0
2026-08-14T15:30:23.329941,15,20,18,14,16,0
2026-08-14T15:30:23.332891,13,20,19,14,16,0
2026-08-14T15:30:23.332891,13,19,18,14,16,0
2026-08-14T15:30:23.332891,12,19,18,15,15,0
2026-08-14T15:30:23.337363,14,20,18,14,17,0
2026-08-14T15:30:23.337363,13,19,18,15,16,0
2026-08-14T15:30:23.337363,15,19,18,15,16,0
2026-08-14T15:30:23.337363,12,19,19,14,16,0
2026-08-14T15:30:23.340950,14,18,18,15,16,0
2026-08-14T15:30:23.340950,14,18,17,13,17,0
2026-08-14T15:30:23.340950,14,18,18,15,17,0
2026-08-14T15:30:23.343120,13,19,19,15,16,0
2026-08-14T15:30:23.343120,14,20,17,14,17,0
2026-08-14T15:30:23.343120,13,20,17,14,17,0
2026-08-14T15:30:23.347237,14,19,19,13,17,0
2026-08-14T15:30:23.349569,13,20,19,14,15,0
2026-08-14T15:30:23.349569,15,19,20,15,17,0
2026-08-14T15:30:23.349569,15,19,17,14,17,0
2026-08-14T15:30:23.353118,14,19,19,14,17,0
2026-08-14T15:30:23.353948,13,19,19,15,16,0
2026-08-14T15:30:23.353948,14,19,19,14,16,0
2026-08-14T15:30:23.357753,14,18,19,15,16,0
2026-08-14T15:30:23.357753,15,19,18,14,16,0
2026-08-14T15:30:23.357753,14,18,19,13,17,0
2026-08-14T15:30:23.359512,14,18,18,15,16,0
2026-08-14T15:30:23.359512,13,20,18,14,17,0
2026-08-14T15:30:23.359512,13,20,18,15,17,0
2026-08-14T15:30:23.359512,15,18,18,14,16,0
2026-08-14T15:30:23.364322,14,19,17,15,15,0
2026-08-14T15:30:23.364322,15,19,18,15,16,0
2026-08-14T15:30:23.364322,13,19,18,15,17,0
2026-08-14T15:30:23.364322,14,19,18,14,17,0
2026-08-14T15:30:23.369711,12,19,19,15,16,0
2026-08-14T15:30:23.370657,13,19,18,15,15,0
2026-08-14T15:30:23.370657,13,20,18,14,16,0
2026-08-14T15:30:23.372601,15,19,19,14,16,0
2026-08-14T15:30:23.372601,13,20,19,15,16,0
2026-08-14T15:30:23.372601,13,18,18,14,17,0
2026-08-14T15:30:23.372601,13,19,18,15,15,0
2026-08-14T15:30:23.372601,14,19,18,15,16,0
2026-08-14T15:30:23.372601,14,19,17,15,16,0
2026-08-14T15:30:23.372601,14,19,18,14,16,0
2026-08-14T15:30:23.382113,13,20,19,14,17,0
2026-08-14T15:30:23.382113,13,19,19,13,17,0
2026-08-14T15:30:23.384075,13,18,19,15,17,0
2026-08-14T15:30:23.384075,14,18,18,14,16,0
2026-08-14T15:30:23.386078,14,20,17,15,15,0
2026-08-14T15:30:23.386945,12,20,18,14,15,0
2026-08-14T15:30:23.386945,15,20,18,15,17,0
2026-08-14T15:30:23.388792,14,19,18,15,15,0
2026-08-14T15:30:23.388792,13,19,20,15,15,0
2026-08-14T15:30:23.388792,14,18,19,15,16,0
2026-08-14T15:30:23.392285,13,19,18,15,15,0
2026-08-14T15:30:23.392285,15,18,18,14,16,0
2026-08-14T15:30:23.392285,13,19,19,14,16,0
2026-08-14T15:30:23.396822,14,19,17,15,17,0
2026-08-14T15:30:23.396822,14,19,19,15,16,0
2026-08-14T15:30:23.396822,14,19,17,14,16,0
2026-08-14T15:30:23.396822,15,20,18,15,16,0
2026-08-14T15:30:23.396822,14,18,19,14,16,0
2026-08-14T15:30:23.403367,15,20,19,13,17,0
2026-08-14T15:30:23.404158,14,20,18,14,16,0
2026-08-14T15:30:23.405460,14,19,18,15,15,0
2026-08-14T15:30:23.405460,14,18,19,14,16,0
2026-08-14T15:30:23.405460,13,20,18,15,15,0
2026-08-14T15:30:23.405460,15,18,19,14,16,0
2026-08-14T15:30:23.411008,14,18,17,15,16,0
2026-08-14T15:30:23.411008,14,18,18,14,16,0
2026-08-14T15:30:23.411008,14,17,18,15,16,0
2026-08-14T15:30:23.412768,14,20,18,13,15,0
2026-08-14T15:30:23.415094,15,19,19,14,16,0
2026-08-14T15:30:23.415094,14,18,18,15,16,0
2026-08-14T15:30:23.415094,12,20,19,14,17,0
2026-08-14T15:30:23.415094,13,20,18,14,16,0
2026-08-14T15:30:23.419818,15,19,18,15,17,0
2026-08-14T15:30:23.419818,14,19,18,15,16,0
2026-08-14T15:30:23.422114,13,19,18,15,16,0
2026-08-14T15:30:23.423084,13,20,18,14,17,0
2026-08-14T15:30:23.423084,14,19,19,13,17,0
2026-08-14T15:30:23.425216,13,20,18,14,16,0
2026-08-14T15:30:23.425216,14,19,19,14,16,0
2026-08-14T15:30:23.425216,14,19,17,15,16,0
2026-08-14T15:30:23.425216,13,19,18,14,15,0
2026-08-14T15:30:23.429592,15,19,20,14,16,0
2026-08-14T15:30:23.429592,13,18,19,15,15,0
2026-08-14T15:30:23.429592,13,19,19,14,17,0
2026-08-14T15:30:23.429592,13,18,18,16,15,0
2026-08-14T15:30:23.429592,12,19,18,15,16,0
2026-08-14T15:30:23.436399,15,18,18,15,16,0
2026-08-14T15:30:23.437224,13,19,18,14,16,0
2026-08-14T15:30:23.439681,14,19,18,14,17,0
2026-08-14T15:30:23.439681,13,19,18,15,16,0
2026-08-14T15:30:23.439681,13,20,18,13,17,0
2026-08-14T15:30:23.439681,14,18,18,15,16,0
2026-08-14T15:30:23.443769,13,19,20,14,15,0
2026-08-14T15:30:23.443769,13,19,19,14,16,0
2026-08-14T15:30:23.443769,14,20,18,14,17,0
2026-08-14T15:30:23.445525,13,19,19,15,16,0
2026-08-14T15:30:23.445525,12,19,19,15,16,0
2026-08-14T15:30:23.445525,14,18,19,14,17,0
2026-08-14T15:30:23.449638,13,18,19,14,17,0
2026-08-14T15:30:23.449638,14,18,19,14,17,0
2026-08-14T15:30:23.452762,14,19,19,14,16,0
2026-08-14T15:30:23.453435,14,19,19,15,17,0
2026-08-14T15:30:23.453435,15,19,18,15,16,0
2026-08-14T15:30:23.453435,14,20,18,15,16,0
2026-08-14T15:30:23.453435,15,20,18,14,16,0
2026-08-14T15:30:23.457838,13,19,19,15,16,0
2026-08-14T15:30:23.457838,13,20,18,14,16,0
2026-08-14T15:30:23.457838,14,19,18,14,17,0
2026-08-14T15:30:23.461896,13,19,19,15,16,0
2026-08-14T15:30:23.464244,13,18,17,15,16,0
2026-08-14T15:30:23.464244,13,19,18,15,17,0
2026-08-14T15:30:23.465999,13,20,18,15,16,0
2026-08-14T15:30:23.467517,14,20,17,15,16,0
2026-08-14T15:30:23.469439,14,19,18,15,16,0
2026-08-14T15:30:23.471037,14,19,19,15,17,0
2026-08-14T15:30:23.471037,14,20,18,13,16,0
2026-08-14T15:30:23.471037,13,20,18,14,16,0
2026-08-14T15:30:23.471037,13,19,18,14,17,0
2026-08-14T15:30:23.471037,15,19,19,15,15,0
2026-08-14T15:30:23.471037,14,19,18,15,16,0
2026-08-14T15:30:23.471037,15,19,18,15,16,0
2026-08-14T15:30:23.477946,14,20,19,15,16,0
2026-08-14T15:30:23.477946,13,19,19,14,17,0
2026-08-14T15:30:23.477946,14,18,18,15,16,0
2026-08-14T15:30:23.477946,15,18,18,15,16,0
2026-08-14T15:30:23.481794,15,20,18,15,17,0
2026-08-14T15:30:23.481794,14,18,17,15,16,0
2026-08-14T15:30:23.481794,14,19,18,15,16,0
2026-08-14T15:30:23.486633,13,20,20,15,15,0
2026-08-14T15:30:23.486633,13,20,18,14,17,0
2026-08-14T15:30:23.487940,14,19,18,15,16,0
2026-08-14T15:30:23.487940,13,20,18,15,16,0
2026-08-14T15:30:23.487940,15,18,18,16,15,0
2026-08-14T15:30:23.492931,13,19,18,15,15,0
2026-08-14T15:30:23.492931,14,19,17,15,16,0
2026-08-14T15:30:23.494452,13,19,19,14,16,0
2026-08-14T15:30:23.497030,13,19,19,14,17,0
2026-08-14T15:30:23.497030,13,20,20,14,17,0
2026-08-14T15:30:23.498793,14,18,18,16,16,0
2026-08-14T15:30:23.498793,14,20,19,14,17,0
2026-08-14T15:30:23.501005,13,20,20,14,17,0
2026-08-14T15:30:23.501005,15,20,20,15,15,0
2026-08-14T15:30:23.501005,15,19,19,14,16,0
2026-08-14T15:30:23.504735,14,19,18,14,17,0
2026-08-14T15:30:23.504735,13,19,18,14,16,0
2026-08-14T15:30:23.504735,12,19,19,15,17,0
2026-08-14T15:30:23.507015,15,19,19,14,17,0
2026-08-14T15:30:23.507015,14,19,18,14,17,0
2026-08-14T15:30:23.507015,14,19,18,16,16,0
2026-08-14T15:30:23.507015,13,20,18,15,16,0
2026-08-14T15:30:23.511448,15,19,18,14,16,0
2026-08-14T15:30:23.511448,14,20,18,14,17,0
2026-08-14T15:30:23.511448,14,19,19,16,16,0
2026-08-14T15:30:23.511448,13,20,20,15,17,0
2026-08-14T15:30:23.511448,14,20,18,15,16,0
2026-08-14T15:30:23.511448,13,19,20,14,18,0
2026-08-14T15:30:23.519589,13,18,19,15,16,0
2026-08-14T15:30:23.521598,13,19,20,14,16,0
2026-08-14T15:30:23.521598,13,19,19,16,16,0
2026-08-14T15:30:23.521598,13,20,18,14,17,0
2026-08-14T15:30:23.525705,14,20,18,15,16,0
2026-08-14T15:30:23.525705,16,18,20,14,16,0
2026-08-14T15:30:23.525705,14,19,20,15,16,0
2026-08-14T15:30:23.527834,14,20,18,15,16,0
2026-08-14T15:30:23.529290,13,21,18,15,16,0
2026-08-14T15:30:23.529290,13,20,20,15,16,0
2026-08-14T15:30:23.531046,15,19,19,16,16,0
2026-08-14T15:30:23.533870,13,19,19,15,16,0
2026-08-14T15:30:23.533870,13,20,19,15,17,0
2026-08-14T15:30:23.533870,14,19,19,15,16,0
2026-08-14T15:30:23.536149,14,20,20,15,17,0
2026-08-14T15:30:23.537374,14,19,18,16,16,0
2026-08-14T15:30:23.537374,15,19,20,14,17,0
2026-08-14T15:30:23.537374,15,20,20,14,17,0
2026-08-14T15:30:23.540413,14,20,19,15,16,0
2026-08-14T15:30:23.540413,14,19,20,15,17,0
2026-08-14T15:30:23.540413,15,19,20,15,17,0
2026-08-14T15:30:23.543893,14,20,19,15,16,0
2026-08-14T15:30:23.543893,14,20,20,14,17,0
2026-08-14T15:30:23.543893,14,19,18,15,17,0
2026-08-14T15:30:23.543893,15,19,19,15,17,0
2026-08-14T15:30:23.543893,14,19,20,15,16,0
2026-08-14T15:30:23.543893,14,20,18,14,16,0
2026-08-14T15:30:23.543893,14,19,19,15,16,0
2026-08-14T15:30:23.552406,13,20,18,16,16,0
2026-08-14T15:30:23.554007,13,21,19,15,16,0
2026-08-14T15:30:23.554007,16,19,19,16,16,0
2026-08-14T15:30:23.554007,14,20,19,15,17,0
2026-08-14T15:30:23.554007,15,20,20,15,16,0
2026-08-14T15:30:23.554007,13,19,19,15,15,0
2026-08-14T15:30:23.554007,15,20,19,15,16,0
2026-08-14T15:30:23.562545,15,19,19,14,17,0
2026-08-14T15:30:23.562545,15,19,20,16,16,0
2026-08-14T15:30:23.564300,14,20,19,15,17,0
2026-08-14T15:30:23.564300,14,20,19,14,17,0
2026-08-14T15:30:23.566654,14,20,18,14,17,0
2026-08-14T15:30:23.566654,15,19,19,15,17,0
2026-08-14T15:30:23.566654,15,19,20,16,17,0
2026-08-14T15:30:23.570569,13,21,18,15,17,0
2026-08-14T15:30:23.570884,15,20,20,15,17,0
2026-08-14T15:30:23.570884,15,20,19,15,16,0
2026-08-14T15:30:23.570884,14,20,19,16,17,0
2026-08-14T15:30:23.570884,13,20,20,15,17,0
2026-08-14T15:30:23.570884,15,19,20,15,17,0
2026-08-14T15:30:23.570884,14,20,19,16,16,0
2026-08-14T15:30:23.576669,13,20,20,15,17,0
2026-08-14T15:30:23.576669,13,19,20,15,17,0
2026-08-14T15:30:23.576669,14,20,18,15,16,0
2026-08-14T15:30:23.576669,14,20,18,15,17,0
2026-08-14T15:30:23.576669,15,20,20,14,18,0
2026-08-14T15:30:23.576669,13,20,20,15,17,0
2026-08-14T15:30:23.576669,13,20,20,15,17,0
2026-08-14T15:30:23.587157,15,20,20,16,16,0
2026-08-14T15:30:23.587157,14,19,19,15,16,0
2026-08-14T15:30:23.587157,14,19,20,16,16,0
2026-08-14T15:30:23.591230,13,21,18,15,17,0
2026-08-14T15:30:23.591230,13,20,19,17,16,0
2026-08-14T15:30:23.592988,14,20,19,16,17,0
2026-08-14T15:30:23.592988,14,19,19,15,18,0
2026-08-14T15:30:23.592988,14,19,19,16,18,0
2026-08-14T15:30:23.592988,15,20,20,14,17,0
2026-08-14T15:30:23.592988,13,20,19,15,17,0
2026-08-14T15:30:23.597524,14,21,19,16,16,0
2026-08-14T15:30:23.597524,15,19,20,15,16,0
2026-08-14T15:30:23.597524,13,20,20,15,17,0
2026-08-14T15:30:23.601632,13,20,20,15,16,0
2026-08-14T15:30:23.603387,14,19,19,15,18,0
2026-08-14T15:30:23.603709,13,19,20,17,16,0
2026-08-14T15:30:23.603709,14,19,20,15,18,0
2026-08-14T15:30:23.603709,15,19,20,15,16,0
2026-08-14T15:30:23.603709,15,20,19,15,16,0
2026-08-14T15:30:23.603709,15,19,19,16,16,0
2026-08-14T15:30:23.609448,14,20,20,16,16,0
2026-08-14T15:30:23.609448,13,21,20,15,17,0
2026-08-14T15:30:23.609448,16,20,19,16,18,0
2026-08-14T15:30:23.609448,13,21,18,16,16,0
2026-08-14T15:30:23.609448,14,21,20,16,17,0
2026-08-14T15:30:23.609448,14,20,20,16,18,0
2026-08-14T15:30:23.609448,14,20,20,16,16,0
2026-08-14T15:30:23.617906,13,21,19,15,17,0
2026-08-14T15:30:23.620270,14,21,19,16,16,0
2026-08-14T15:30:23.620270,14,21,19,16,16,0
2026-08-14T15:30:23.620270,16,20,19,16,17,0
2026-08-14T15:30:23.623993,15,19,19,16,16,0
2026-08-14T15:30:23.623993,14,21,19,15,16,0
2026-08-14T15:30:23.623993,15,20,20,15,17,0
2026-08-14T15:30:23.627986,14,20,20,16,17,0
2026-08-14T15:30:23.627986,14,20,20,15,17,0
2026-08-14T15:30:23.627986,14,21,20,15,17,0
2026-08-14T15:30:23.627986,13,20,20,16,18,0
2026-08-14T15:30:23.627986,15,20,20,15,18,0
2026-08-14T15:30:23.627986,14,20,20,15,17,0
2026-08-14T15:30:23.627986,15,20,21,16,16,0
2026-08-14T15:30:23.635513,14,20,19,17,16,0
2026-08-14T15:30:23.637255,15,20,20,16,18,0
2026-08-14T15:30:23.637566,15,20,20,17,17,0
2026-08-14T15:30:23.637566,14,20,20,16,18,0
2026-08-14T15:30:23.637566,15,20,20,15,16,0
2026-08-14T15:30:23.637566,14,21,20,16,16,0
2026-08-14T15:30:23.642087,14,21,20,15,16,0
2026-08-14T15:30:23.644358,14,20,21,16,16,0
2026-08-14T15:30:23.644936,14,19,19,16,17,0
2026-08-14T15:30:23.644936,14,19,20,16,16,0
2026-08-14T15:30:23.644936,13,21,19,15,18,0
2026-08-14T15:30:23.647505,15,19,20,16,18,0
2026-08-14T15:30:23.647505,16,20,20,15,16,0
2026-08-14T15:30:23.649648,15,19,19,16,16,0
2026-08-14T15:30:23.652752,14,20,20,16,18,0
2026-08-14T15:30:23.653993,13,20,20,14,17,0
2026-08-14T15:30:23.653993,16,21,20,17,16,0
2026-08-14T15:30:23.653993,15,20,20,16,17,0
2026-08-14T15:30:23.653993,15,20,20,16,17,0
2026-08-14T15:30:23.653993,13,20,20,15,18,0
2026-08-14T15:30:23.657883,15,20,20,17,17,0
2026-08-14T15:30:23.657883,14,21,20,16,17,0
2026-08-14T15:30:23.657883,13,21,20,16,17,0
2026-08-14T15:30:23.657883,14,21,21,15,17,0
2026-08-14T15:30:23.657883,14,21,19,15,18,0
2026-08-14T15:30:23.657883,15,19,21,16,18,0
2026-08-14T15:30:23.665984,14,21,19,16,18,0
2026-08-14T15:30:23.667997,15,20,20,16,17,0
2026-08-14T15:30:23.667997,13,21,20,15,16,0
2026-08-14T15:30:23.670011,15,20,20,16,17,0
2026-08-14T15:30:23.670728,14,19,20,16,16,0
2026-08-14T15:30:23.672883,15,20,21,16,16,0
2026-08-14T15:30:23.672883,13,20,21,16,18,0
2026-08-14T15:30:23.674391,15,20,19,17,17,0
2026-08-14T15:30:23.674391,14,19,20,16,17,0
2026-08-14T15:30:23.677257,15,19,20,16,17,0
2026-08-14T15:30:23.677257,15,19,21,15,18,0
2026-08-14T15:30:23.677257,15,21,20,15,16,0
2026-08-14T15:30:23.681329,16,20,20,15,16,0
2026-08-14T15:30:23.681329,14,21,20,16,16,0
2026-08-14T15:30:23.682843,15,20,21,15,16,0
2026-08-14T15:30:23.682843,13,21,20,15,17,0
2026-08-14T15:30:23.682843,15,20,20,15,17,0
2026-08-14T15:30:23.686054,14,19,20,16,18,0
2026-08-14T15:30:23.686914,13,20,20,17,17,0
2026-08-14T15:30:23.689530,15,20,20,17,17,0
2026-08-14T15:30:23.689530,15,20,19,15,18,0
2026-08-14T15:30:23.689530,15,20,20,16,17,0
2026-08-14T15:30:23.692365,14,21,19,15,18,0
2026-08-14T15:30:23.692365,15,20,19,16,16,0
2026-08-14T15:30:23.692365,15,20,19,15,17,0
2026-08-14T15:30:23.695488,15,22,20,16,16,0
2026-08-14T15:30:23.695488,15,20,21,15,16,0
2026-08-14T15:30:23.695488,13,20,21,15,17,0
2026-08-14T15:30:23.695488,15,21,20,16,16,0
2026-08-14T15:30:23.699387,14,21,20,17,16,0
2026-08-14T15:30:23.699387,14,20,20,15,18,0
2026-08-14T15:30:23.704236,13,20,20,16,17,0
2026-08-14T15:30:23.704849,14,21,21,15,17,0
2026-08-14T15:30:23.704849,14,20,21,15,16,0
2026-08-14T15:30:23.704849,15,21,19,16,17,0
2026-08-14T15:30:23.707629,15,19,19,16,16,0
2026-08-14T15:30:23.707629,15,20,20,15,17,0
2026-08-14T15:30:23.707629,15,21,20,15,17,0
2026-08-14T15:30:23.707629,15,20,20,15,16,0
2026-08-14T15:30:23.707629,15,20,21,15,17,0
2026-08-14T15:30:23.707629,15,21,20,16,17,0
2026-08-14T15:30:23.707629,14,21,21,16,18,0
2026-08-14T15:30:23.707629,13,21,19,15,17,0
2026-08-14T15:30:23.718207,14,21,21,17,17,0
2026-08-14T15:30:23.719389,15,20,19,16,18,0
2026-08-14T15:30:23.719999,14,21,20,16,17,0
2026-08-14T15:30:23.719999,15,20,21,15,16,0
2026-08-14T15:30:23.719999,15,20,20,15,17,0
2026-08-14T15:30:23.719999,14,21,19,16,18,0
2026-08-14T15:30:23.719999,15,20,21,15,17,0
2026-08-14T15:30:23.724263,13,21,20,16,16,0
2026-08-14T15:30:23.724263,16,20,21,16,18,0
2026-08-14T15:30:23.724263,13,22,20,16,17,0
2026-08-14T15:30:23.730510,15,21,21,16,18,0
2026-08-14T15:30:23.730510,13,21,20,15,17,0
2026-08-14T15:30:23.730510,14,21,20,17,18,0
2026-08-14T15:30:23.732271,15,20,19,16,17,0
2026-08-14T15:30:23.734283,14,21,20,16,18,0
2026-08-14T15:30:23.734283,14,20,21,16,17,0
2026-08-14T15:30:23.736634,16,20,20,15,17,0
2026-08-14T15:30:23.736939,15,21,21,15,17,0
2026-08-14T15:30:23.736939,15,21,20,15,18,0
2026-08-14T15:30:23.736939,14,21,20,16,16,0
2026-08-14T15:30:23.740368,15,22,20,16,18,0
2026-08-14T15:30:23.740368,14,21,20,16,18,0
2026-08-14T15:30:23.740368,14,20,20,17,17,0
2026-08-14T15:30:23.740368,14,20,19,16,18,0
2026-08-14T15:30:23.740368,14,21,21,15,16,0
2026-08-14T15:30:23.740368,14,21,21,15,16,0
2026-08-14T15:30:23.740368,15,20,21,16,17,0
2026-08-14T15:30:23.740368,15,20,21,15,16,0
2026-08-14T15:30:23.748836,16,21,20,15,17,0
2026-08-14T15:30:23.748836,15,22,20,17,17,0
2026-08-14T15:30:23.748836,14,21,20,16,18,0
2026-08-14T15:30:23.753149,15,21,21,16,16,0
2026-08-14T15:30:23.753149,15,20,20,16,18,0
2026-08-14T15:30:23.753149,14,21,20,16,17,0
2026-08-14T15:30:23.756947,15,21,20,16,18,0
2026-08-14T15:30:23.756947,16,19,19,16,18,0
2026-08-14T15:30:23.756947,14,21,21,16,16,0
2026-08-14T15:30:23.756947,15,19,19,16,17,0
2026-08-14T15:30:23.756947,15,21,20,15,16,0
2026-08-14T15:30:23.756947,14,20,21,15,16,0
2026-08-14T15:30:23.756947,14,20,20,17,16,0
2026-08-14T15:30:23.766477,15,22,20,15,17,0
2026-08-14T15:30:23.766477,13,22,21,15,16,0
2026-08-14T15:30:23.768484,14,20,21,15,16,0
2026-08-14T15:30:23.769310,15,21,21,16,18,0
2026-08-14T15:30:23.769892,15,20,20,15,18,0
2026-08-14T15:30:23.769892,13,21,20,16,17,0
2026-08-14T15:30:23.772326,14,20,20,15,17,0
2026-08-14T15:30:23.775507,14,20,19,16,18,0
2026-08-14T15:30:23.775507,14,20,19,15,16,0
2026-08-14T15:30:23.776521,16,20,20,15,16,0
2026-08-14T15:30:23.776521,14,20,22,15,17,0
2026-08-14T15:30:23.779689,16,21,20,17,18,0
2026-08-14T15:30:23.780613,14,22,20,15,17,0
2026-08-14T15:30:23.781758,14,20,20,16,17,0
2026-08-14T15:30:23.781758,13,21,21,15,16,0
2026-08-14T15:30:23.781758,14,21,20,15,18,0
2026-08-14T15:30:23.781758,15,21,21,16,17,0
2026-08-14T15:30:23.781758,14,20,20,16,17,0
2026-08-14T15:30:23.786891,14,20,20,17,17,0
2026-08-14T15:30:23.786891,14,20,20,16,18,0
2026-08-14T15:30:23.786891,14,20,19,15,17,0
2026-08-14T15:30:23.789899,16,20,21,15,17,0
2026-08-14T15:30:23.789899,14,21,20,15,17,0
2026-08-14T15:30:23.789899,16,21,20,17,17,0
2026-08-14T15:30:23.789899,15,21,21,15,17,0
2026-08-14T15:30:23.789899,15,21,21,16,18,0
2026-08-14T15:30:23.789899,14,20,21,16,19,0
2026-08-14T15:30:23.789899,15,21,20,16,17,0
2026-08-14T15:30:23.800182,14,21,20,15,17,0
2026-08-14T15:30:23.800182,14,22,19,16,17,0
2026-08-14T15:30:23.800182,14,20,21,17,17,0
2026-08-14T15:30:23.804243,14,21,21,15,17,0
2026-08-14T15:30:23.804243,16,20,20,15,17,0
2026-08-14T15:30:23.804243,14,21,20,17,17,0
2026-08-14T15:30:23.804243,13,21,22,16,16,0
2026-08-14T15:30:23.807239,13,22,20,15,17,0
2026-08-14T15:30:23.807239,14,21,20,15,17,0
2026-08-14T15:30:23.807239,14,21,21,16,16,0
2026-08-14T15:30:23.807239,14,21,19,16,16,0
2026-08-14T15:30:23.807239,15,21,20,16,16,0
2026-08-14T15:30:23.807239,14,21,20,16,18,0
2026-08-14T15:30:23.807239,14,20,20,17,17,0
2026-08-14T15:30:23.814585,15,21,21,15,17,0
2026-08-14T15:30:23.814585,16,20,21,15,17,0
2026-08-14T15:30:23.814585,14,21,21,15,16,0
2026-08-14T15:30:23.820705,14,21,20,15,17,0
2026-08-14T15:30:23.820705,14,20,21,15,17,0
2026-08-14T15:30:23.820705,15,20,20,16,17,0
2026-08-14T15:30:23.822864,15,20,20,15,16,0
2026-08-14T15:30:23.822864,15,21,21,17,16,0
2026-08-14T15:30:23.822864,14,19,20,16,17,0
2026-08-14T15:30:23.822864,13,20,20,17,18,0
2026-08-14T15:30:23.822864,15,20,20,16,17,0
2026-08-14T15:30:23.822864,15,20,21,15,17,0
2026-08-14T15:30:23.822864,14,20,21,16,17,0
2026-08-14T15:30:23.830900,16,19,19,16,18,0
2026-08-14T15:30:23.830900,14,21,20,16,17,0
2026-08-14T15:30:23.830900,14,21,20,15,16,0
2026-08-14T15:30:23.836230,14,20,22,15,17,0
2026-08-14T15:30:23.837301,15,20,21,15,18,0
2026-08-14T15:30:23.837301,13,20,20,16,18,0
2026-08-14T15:30:23.837301,15,20,20,15,16,0
2026-08-14T15:30:23.841079,14,21,19,15,18,0
2026-08-14T15:30:23.841079,15,20,19,17,18,0
2026-08-14T15:30:23.841079,15,21,20,17,17,0
2026-08-14T15:30:23.842832,15,20,21,15,18,0
2026-08-14T15:30:23.845184,14,21,20,17,17,0
2026-08-14T15:30:23.845184,15,20,21,16,17,0
2026-08-14T15:30:23.845184,16,20,20,16,17,0
2026-08-14T15:30:23.847298,15,21,20,15,18,0
2026-08-14T15:30:23.847298,15,22,21,15,17,0
2026-08-14T15:30:23.847298,15,21,21,16,18,0
2026-08-14T15:30:23.847298,13,20,20,17,18,0
2026-08-14T15:30:23.853010,14,20,20,16,18,0
2026-08-14T15:30:23.853720,14,21,21,15,18,0
2026-08-14T15:30:23.853720,14,21,21,17,17,0
2026-08-14T15:30:23.856469,14,20,19,16,18,0
2026-08-14T15:30:23.856469,14,20,20,16,18,0
2026-08-14T15:30:23.858478,15,20,21,15,17,0
2026-08-14T15:30:23.859345,15,22,19,15,16,0
2026-08-14T15:30:23.859345,14,22,19,16,18,0
2026-08-14T15:30:23.859345,15,22,21,16,15,0
2026-08-14T15:30:23.859345,14,21,21,16,16,0
2026-08-14T15:30:23.865662,14,22,19,16,18,0
2026-08-14T15:30:23.865662,15,21,19,16,17,0
2026-08-14T15:30:23.865662,14,20,19,16,18,0
2026-08-14T15:30:23.869640,14,20,19,16,17,0
2026-08-14T15:30:23.870173,15,20,21,16,17,0
2026-08-14T15:30:23.870802,15,19,19,16,17,0
2026-08-14T15:30:23.871811,14,20,21,17,17,0
2026-08-14T15:30:23.873016,15,20,21,15,18,0
2026-08-14T15:30:23.873016,14,20,20,15,17,0
2026-08-14T15:30:23.873016,16,21,20,15,17,0
2026-08-14T15:30:23.877965,15,19,20,16,17,0
2026-08-14T15:30:23.877965,15,21,21,16,17,0
2026-08-14T15:30:23.877965,13,20,20,16,18,0
2026-08-14T15:30:23.877965,13,22,19,16,17,0
2026-08-14T15:30:23.882059,15,20,19,16,18,0
2026-08-14T15:30:23.882059,14,20,19,16,18,0
2026-08-14T15:30:23.882059,13,20,20,16,18,0
2026-08-14T15:30:23.882059,14,21,21,15,16,0
2026-08-14T15:30:23.887025,15,20,21,16,17,0
2026-08-14T15:30:23.887025,14,21,21,15,16,0
2026-08-14T15:30:23.887025,16,20,20,15,16,0
2026-08-14T15:30:23.889431,14,22,20,16,16,0
2026-08-14T15:30:23.889431,15,21,20,16,16,0
2026-08-14T15:30:23.889431,14,21,20,15,18,0
2026-08-14T15:30:23.894078,15,21,21,15,18,0
2026-08-14T15:30:23.894078,14,21,21,16,17,0
2026-08-14T15:30:23.894078,14,20,21,15,18,0
2026-08-14T15:30:23.897166,16,19,21,16,16,0
2026-08-14T15:30:23.897166,14,21,19,16,17,0
2026-08-14T15:30:23.897166,14,20,19,16,17,0
2026-08-14T15:30:23.900262,15,21,21,15,16,0
2026-08-14T15:30:23.902741,16,21,20,15,16,0
2026-08-14T15:30:23.902741,15,20,20,15,17,0
2026-08-14T15:30:23.904833,13,21,20,16,18,0
2026-08-14T15:30:23.904833,13,20,21,15,18,0
2026-08-14T15:30:23.904833,14,20,20,15,18,0
2026-08-14T15:30:23.904833,14,20,19,15,17,0
2026-08-14T15:30:23.908436,15,20,19,16,17,0
2026-08-14T15:30:23.910738,15,20,21,16,16,0
2026-08-14T15:30:23.910738,14,21,21,15,17,0
2026-08-14T15:30:23.910738,14,21,20,17,17,0
2026-08-14T15:30:23.914810,15,19,20,17,16,0
2026-08-14T15:30:23.914810,15,21,20,16,17,0
2026-08-14T15:30:23.914810,13,21,20,16,17,0
2026-08-14T15:30:23.914810,14,21,21,15,17,0
2026-08-14T15:30:23.914810,14,21,20,15,17,0
2026-08-14T15:30:23.919320,14,20,20,16,18,0
2026-08-14T15:30:23.920317,14,20,20,16,17,0
2026-08-14T15:30:23.923014,15,20,19,16,17,0
2026-08-14T15:30:23.923014,14,19,20,16,17,0
2026-08-14T15:30:23.923014,15,21,21,15,18,0
2026-08-14T15:30:23.925041,15,20,21,15,17,0
2026-08-14T15:30:23.925041,16,20,19,17,17,0
2026-08-14T15:30:23.925041,15,20,20,16,17,0
2026-08-14T15:30:23.928586,14,20,21,15,17,0
2026-08-14T15:30:23.928586,13,20,21,15,17,0
2026-08-14T15:30:23.928586,13,22,20,15,16,0
2026-08-14T15:30:23.928586,15,19,20,16,16,0
2026-08-14T15:30:23.928586,15,21,20,15,17,0
2026-08-14T15:30:23.936517,14,21,21,16,18,0
2026-08-14T15:30:23.938134,14,20,20,15,18,0
2026-08-14T15:30:23.938716,15,20,20,16,17,0
2026-08-14T15:30:23.938716,16,20,20,16,17,0
2026-08-14T15:30:23.938716,15,20,20,15,18,0
2026-08-14T15:30:23.940963,14,21,20,16,17,0
2026-08-14T15:30:23.943469,14,21,19,17,16,0
2026-08-14T15:30:23.943469,15,21,20,15,16,0
2026-08-14T15:30:23.943469,15,19,21,15,17,0
2026-08-14T15:30:23.944978,14,21,20,16,16,0
2026-08-14T15:30:23.947031,15,20,20,15,17,0
2026-08-14T15:30:23.947031,15,21,21,15,17,0
2026-08-14T15:30:23.947031,14,20,19,15,17,0
2026-08-14T15:30:23.949044,15,19,20,16,17,0
2026-08-14T15:30:23.949044,14,21,20,15,17,0
2026-08-14T15:30:23.952691,15,20,21,16,17,0
2026-08-14T15:30:23.952691,14,21,20,16,18,0
2026-08-14T15:30:23.952691,14,22,20,15,18,0
2026-08-14T15:30:23.952691,13,20,20,16,18,0
2026-08-14T15:30:23.952691,14,20,21,15,17,0
2026-08-14T15:30:23.952691,14,21,21,15,17,0
2026-08-14T15:30:23.952691,14,21,19,15,17,0
2026-08-14T15:30:23.952691,13,21,19,16,18,0
2026-08-14T15:30:23.963365,14,21,20,15,17,0
2026-08-14T15:30:23.963365,14,21,20,15,17,0
2026-08-14T15:30:23.963365,14,21,19,16,18,0
2026-08-14T15:30:23.965377,16,19,20,16,16,0
2026-08-14T15:30:23.968067,15,20,21,15,16,0
2026-08-14T15:30:23.968067,13,20,20,15,16,0
2026-08-14T15:30:23.969324,13,21,21,15,17,0
2026-08-14T15:30:23.972192,15,20,20,16,17,0
2026-08-14T15:30:23.972192,14,19,20,16,17,0
2026-08-14T15:30:23.972192,15,21,19,16,17,0
2026-08-14T15:30:23.972192,14,21,21,15,17,0
2026-08-14T15:30:23.976260,14,21,21,16,17,0
2026-08-14T15:30:23.976260,14,21,21,15,17,0
2026-08-14T15:30:23.976260,14,20,21,15,16,0
2026-08-14T15:30:23.979624,14,20,19,15,17,0
2026-08-14T15:30:23.979624,14,20,20,15,17,0
2026-08-14T15:30:23.979624,14,20,21,16,16,0
2026-08-14T15:30:23.979624,15,22,21,15,18,0
2026-08-14T15:30:23.979624,15,21,20,15,16,0
2026-08-14T15:30:23.979624,14,21,20,16,17,0
2026-08-14T15:30:23.979624,14,21,21,17,17,0
2026-08-14T15:30:23.987302,13,20,19,16,16,0
2026-08-14T15:30:23.987302,15,21,19,16,17,0
2026-08-14T15:30:23.987302,16,21,21,15,16,0
2026-08-14T15:30:23.987302,15,20,19,16,18,0
2026-08-14T15:30:23.987302,14,20,21,15,17,0
2026-08-14T15:30:23.987302,14,21,20,15,17,0
2026-08-14T15:30:23.994232,14,21,18,16,17,0
2026-08-14T15:30:23.994232,14,20,20,16,17,0
2026-08-14T15:30:23.994232,13,21,20,16,17,0
2026-08-14T15:30:23.994232,15,21,20,15,17,0
2026-08-14T15:30:23.994232,13,21,20,15,16,0
2026-08-14T15:30:23.994232,15,20,20,16,18,0
2026-08-14T15:30:23.994232,14,19,21,16,17,0
2026-08-14T15:30:24.003098,15,19,20,16,16,0
2026-08-14T15:30:24.004501,15,20,19,16,17,0
2026-08-14T15:30:24.005285,16,20,20,16,17,0
2026-08-14T15:30:24.005285,14,21,19,15,18,0
2026-08-14T15:30:24.009010,14,21,19,16,17,0
2026-08-14T15:30:24.009010,13,20,20,15,17,0
2026-08-14T15:30:24.009010,14,20,21,15,17,0
2026-08-14T15:30:24.010770,14,21,20,15,17,0
2026-08-14T15:30:24.013030,13,21,21,14,18,0
2026-08-14T15:30:24.013030,15,19,20,16,16,0
2026-08-14T15:30:24.013030,15,20,20,16,17,0
2026-08-14T15:30:24.014879,14,20,21,15,16,0
2026-08-14T15:30:24.014879,14,21,21,16,18,0
2026-08-14T15:30:24.014879,14,20,20,16,16,0
2026-08-14T15:30:24.019361,14,20,20,15,17,0
2026-08-14T15:30:24.021433,14,21,19,15,17,0
2026-08-14T15:30:24.021433,14,20,20,15,17,0
2026-08-14T15:30:24.022313,14,22,20,15,18,0
2026-08-14T15:30:24.024320,13,20,20,15,16,0
2026-08-14T15:30:24.024320,14,20,21,15,17,0
2026-08-14T15:30:24.024320,14,20,19,16,17,0
2026-08-14T15:30:24.027423,15,20,19,16,18,0
2026-08-14T15:30:24.027423,13,21,21,15,18,0
2026-08-14T15:30:24.027423,13,20,21,16,19,0
2026-08-14T15:30:24.031344,14,21,21,15,17,0
2026-08-14T15:30:24.031344,13,21,20,15,17,0
2026-08-14T15:30:24.031344,15,21,19,16,17,0
2026-08-14T15:30:24.031344,14,20,20,15,16,0
2026-08-14T15:30:24.037685,15,20,19,15,17,0
2026-08-14T15:30:24.037685,14,20,20,15,18,0
2026-08-14T15:30:24.037685,13,20,20,16,18,0
2026-08-14T15:30:24.037685,14,21,20,16,18,0
2026-08-14T15:30:24.041786,15,21,19,17,16,0
2026-08-14T15:30:24.041786,14,19,19,15,16,0
2026-08-14T15:30:24.041786,14,21,21,15,17,0
2026-08-14T15:30:24.045894,13,21,21,15,17,0
2026-08-14T15:30:24.045894,13,20,19,16,18,0
2026-08-14T15:30:24.045894,15,20,19,16,17,0
2026-08-14T15:30:24.045894,15,21,19,15,17,0
2026-08-14T15:30:24.049122,16,20,20,16,17,0
2026-08-14T15:30:24.049122,14,22,19,15,17,0
2026-08-14T15:30:24.049122,16,20,19,16,17,0
2026-08-14T15:30:24.053753,13,21,20,15,16,0
2026-08-14T15:30:24.053753,14,21,20,17,16,0
2026-08-14T15:30:24.053753,15,20,20,15,16,0
2026-08-14T15:30:24.056351,14,21,18,16,16,0
2026-08-14T15:30:24.056351,15,19,19,15,17,0
2026-08-14T15:30:24.056351,13,21,19,15,16,0
2026-08-14T15:30:24.056351,15,21,20,15,17,0
2026-08-14T15:30:24.060326,15,20,21,15,16,0
2026-08-14T15:30:24.060326,15,20,19,16,17,0
2026-08-14T15:30:24.060326,15,20,19,16,16,0
2026-08-14T15:30:24.060326,13,20,20,15,16,0
2026-08-14T15:30:24.060326,13,20,20,15,17,0
2026-08-14T15:30:24.060326,13,21,20,15,16,0
2026-08-14T15:30:24.060326,15,20,20,16,16,0
2026-08-14T15:30:24.070475,15,21,20,16,16,0
2026-08-14T15:30:24.070475,14,20,20,16,18,0
2026-08-14T15:30:24.070475,14,20,19,16,17,0
2026-08-14T15:30:24.074496,15,20,21,15,17,0
2026-08-14T15:30:24.074496,14,20,20,16,17,0
2026-08-14T15:30:24.074496,15,20,20,15,16,0
2026-08-14T15:30:24.074496,15,20,21,15,16,0
2026-08-14T15:30:24.078514,16,20,20,15,17,0
2026-08-14T15:30:24.079293,15,20,19,16,18,0
2026-08-14T15:30:24.079293,15,21,18,15,17,0
2026-08-14T15:30:24.081300,14,21,20,15,17,0
2026-08-14T15:30:24.083309,14,20,20,15,16,0
2026-08-14T15:30:24.083309,14,19,20,16,17,0
2026-08-14T15:30:24.083309,14,20,19,16,17,0
2026-08-14T15:30:24.087073,15,19,19,16,18,0
2026-08-14T15:30:24.087580,14,20,19,16,17,0
2026-08-14T15:30:24.087580,14,21,19,16,17,0
2026-08-14T15:30:24.089591,14,19,18,16,17,0
2026-08-14T15:30:24.091601,15,20,20,16,16,0
2026-08-14T15:30:24.091601,16,20,20,15,17,0
2026-08-14T15:30:24.095122,16,20,19,16,18,0
2026-08-14T15:30:24.095839,14,21,20,15,18,0
2026-08-14T15:30:24.095839,15,20,21,15,18,0
2026-08-14T15:30:24.096703,13,21,21,15,18,0
2026-08-14T15:30:24.098743,14,20,20,16,17,0
2026-08-14T15:30:24.098743,15,21,19,15,18,0
2026-08-14T15:30:24.098743,14,19,19,16,17,0
2026-08-14T15:30:24.104327,15,20,19,15,16,0
2026-08-14T15:30:24.104327,15,20,19,16,16,0
2026-08-14T15:30:24.104327,14,21,19,16,17,0
2026-08-14T15:30:24.104327,14,19,21,15,16,0
2026-08-14T15:30:24.106528,14,21,20,15,17,0
2026-08-14T15:30:24.106528,14,21,19,15,17,0
2026-08-14T15:30:24.106528,15,20,19,16,17,0
2026-08-14T15:30:24.108537,14,21,21,15,18,0
2026-08-14T15:30:24.108537,13,21,20,16,16,0
2026-08-14T15:30:24.108537,15,20,20,15,17,0
2026-08-14T15:30:24.108537,14,19,18,16,16,0
2026-08-14T15:30:24.115248,14,20,19,15,18,0
2026-08-14T15:30:24.115248,14,19,21,16,16,0
2026-08-14T15:30:24.115248,14,20,19,15,16,0
2026-08-14T15:30:24.119011,14,20,20,15,17,0
2026-08-14T15:30:24.119893,15,20,20,15,17,0
2026-08-14T15:30:24.119893,13,22,20,15,16,0
2026-08-14T15:30:24.121000,15,20,20,14,16,0
2026-08-14T15:30:24.123251,15,21,19,15,17,0
2026-08-14T15:30:24.123251,14,20,21,15,16,0
2026-08-14T15:30:24.135031,14,21,19,15,18,0
2026-08-14T15:30:24.135031,13,19,20,15,18,0
2026-08-14T15:30:24.136264,15,20,20,15,17,0
2026-08-14T15:30:24.137316,14,20,18,15,16,0
2026-08-14T15:30:24.137316,15,19,19,15,16,0
2026-08-14T15:30:24.137316,14,19,19,16,18,0
2026-08-14T15:30:24.137316,15,20,18,15,17,0
2026-08-14T15:30:24.139328,13,20,20,16,16,0
2026-08-14T15:30:24.139328,15,20,20,15,17,0
2026-08-14T15:30:24.139328,15,21,20,15,17,0
2026-08-14T15:30:24.139328,13,20,20,15,16,0
2026-08-14T15:30:24.141337,13,20,20,15,17,0
2026-08-14T15:30:24.141337,14,20,19,15,16,0
2026-08-14T15:30:24.142346,13,21,19,15,16,0
2026-08-14T15:30:24.142346,14,20,19,16,17,0
2026-08-14T15:30:24.142346,15,21,20,15,17,0
2026-08-14T15:30:24.142346,15,20,19,15,16,0
2026-08-14T15:30:24.144863,14,20,19,15,17,0
2026-08-14T15:30:24.146886,14,20,20,16,18,0
2026-08-14T15:30:24.148898,15,20,19,15,16,0
2026-08-14T15:30:24.148898,14,22,20,15,16,0
2026-08-14T15:30:24.148898,13,20,18,14,16,0
2026-08-14T15:30:24.151433,15,21,20,15,16,0
2026-08-14T15:30:24.153122,15,20,20,15,18,0
2026-08-14T15:30:24.153122,14,20,20,15,17,0
2026-08-14T15:30:24.154592,14,19,19,15,17,0
2026-08-14T15:30:24.156768,13,19,19,15,18,0
2026-08-14T15:30:24.157324,14,19,19,16,17,0
2026-08-14T15:30:24.158834,16,20,19,15,17,0
2026-08-14T15:30:24.160844,15,19,19,15,16,0
2026-08-14T15:30:24.160844,14,21,19,16,17,0
2026-08-14T15:30:24.160844,14,20,19,15,16,0
2026-08-14T15:30:24.164671,13,20,20,15,15,0
2026-08-14T15:30:24.164671,15,20,20,15,16,0
2026-08-14T15:30:24.166685,14,20,19,15,17,0
2026-08-14T15:30:24.168698,14,19,19,16,18,0
2026-08-14T15:30:24.168698,13,19,20,16,16,0
2026-08-14T15:30:24.170018,14,20,20,15,17,0
2026-08-14T15:30:24.170624,14,19,19,16,17,0
2026-08-14T15:30:24.172746,15,19,20,15,16,0
2026-08-14T15:30:24.173285,13,20,20,16,17,0
2026-08-14T15:30:24.173285,16,20,20,15,16,0
2026-08-14T15:30:24.176120,13,20,20,15,16,0
2026-08-14T15:30:24.176120,15,20,19,15,16,0
2026-08-14T15:30:24.178129,15,20,20,16,18,0
2026-08-14T15:30:24.178129,13,20,19,15,16,0
2026-08-14T15:30:24.180134,14,20,20,15,16,0
2026-08-14T15:30:24.180134,14,20,19,16,17,0
2026-08-14T15:30:24.182140,13,19,19,15,17,0
2026-08-14T15:30:24.185157,14,21,20,16,18,0
2026-08-14T15:30:24.185157,14,20,19,15,16,0
2026-08-14T15:30:24.186602,15,19,19,15,17,0
2026-08-14T15:30:24.187240,15,20,19,14,16,0
2026-08-14T15:30:24.187240,13,20,20,16,17,0
2026-08-14T15:30:24.187240,14,20,20,14,17,0
2026-08-14T15:30:24.187240,14,20,19,15,16,0
2026-08-14T15:30:24.191627,14,19,19,15,16,0
2026-08-14T15:30:24.191627,13,21,19,15,17,0
2026-08-14T15:30:24.191627,15,20,20,15,16,0
2026-08-14T15:30:24.191627,14,20,19,15,17,0
2026-08-14T15:30:24.191627,14,20,19,15,17,0
2026-08-14T15:30:24.191627,13,21,19,15,18,0
2026-08-14T15:30:24.191627,13,20,19,15,16,0
2026-08-14T15:30:24.201520,15,20,20,15,16,0
2026-08-14T15:30:24.201520,14,20,20,15,17,0
2026-08-14T15:30:24.201520,15,20,18,16,18,0
2026-08-14T15:30:24.203646,15,21,20,15,17,0
2026-08-14T15:30:24.203646,13,21,20,15,16,0
2026-08-14T15:30:24.203646,14,20,19,15,17,0
2026-08-14T15:30:24.203646,13,20,20,16,16,0
2026-08-14T15:30:24.208455,13,19,18,15,16,0
2026-08-14T15:30:24.208455,13,20,19,14,17,0
2026-08-14T15:30:24.208455,14,20,19,15,16,0
2026-08-14T15:30:24.208455,14,19,18,15,16,0
2026-08-14T15:30:24.208455,15,19,18,14,16,0
2026-08-14T15:30:24.208455,15,19,19,15,17,0
2026-08-14T15:30:24.208455,14,20,20,15,16,0
2026-08-14T15:30:24.215624,14,20,20,15,15,0
2026-08-14T15:30:24.215624,14,19,18,16,16,0
2026-08-14T15:30:24.215624,13,19,20,14,17,0
2026-08-14T15:30:24.221191,14,19,19,15,16,0
2026-08-14T15:30:24.221191,14,20,18,16,16,0
2026-08-14T15:30:24.221191,13,19,20,16,18,0
2026-08-14T15:30:24.226135,15,20,19,15,16,0
2026-08-14T15:30:24.226135,13,20,20,16,16,0
2026-08-14T15:30:24.226135,14,20,19,14,17,0
2026-08-14T15:30:24.226135,16,19,18,14,16,0
2026-08-14T15:30:24.228207,14,20,18,14,16,0
2026-08-14T15:30:24.228207,15,19,19,15,16,0
2026-08-14T15:30:24.228207,15,21,19,15,17,0
2026-08-14T15:30:24.232371,14,20,20,15,17,0
2026-08-14T15:30:24.232371,13,19,19,15,17,0
2026-08-14T15:30:24.232371,13,19,19,16,16,0
2026-08-14T15:30:24.232371,14,20,19,15,16,0
2026-08-14T15:30:24.236709,13,19,19,15,17,0
2026-08-14T15:30:24.236709,14,18,20,14,17,0
2026-08-14T15:30:24.236709,14,20,20,16,17,0
2026-08-14T15:30:24.240795,14,19,18,15,16,0
2026-08-14T15:30:24.240795,14,20,18,14,17,0
2026-08-14T15:30:24.240795,14,20,20,15,17,0
2026-08-14T15:30:24.240795,14,21,20,15,16,0
2026-08-14T15:30:24.244303,15,21,20,15,15,0
2026-08-14T15:30:24.244303,13,21,20,14,16,0
2026-08-14T15:30:24.244303,13,19,19,16,17,0
2026-08-14T15:30:24.249270,13,19,18,15,17,0
2026-08-14T15:30:24.249270,13,20,18,16,17,0
2026-08-14T15:30:24.249270,13,19,18,15,17,0
2026-08-14T15:30:24.249270,14,21,20,15,17,0
2026-08-14T15:30:24.253904,14,19,20,15,16,0
2026-08-14T15:30:24.253904,14,19,19,15,16,0
2026-08-14T15:30:24.253904,14,20,20,16,17,0
2026-08-14T15:30:24.257722,13,20,20,14,16,0
2026-08-14T15:30:24.257722,14,19,19,14,15,0
2026-08-14T15:30:24.259730,13,20,18,15,16,0
2026-08-14T15:30:24.261737,13,19,19,16,17,0
2026-08-14T15:30:24.261737,13,19,19,15,16,0
2026-08-14T15:30:24.261737,15,19,18,15,18,0
2026-08-14T15:30:24.261737,14,19,19,15,16,0
2026-08-14T15:30:24.265812,13,19,18,16,16,0
2026-08-14T15:30:24.265812,14,19,19,15,16,0
2026-08-14T15:30:24.265812,14,20,20,15,17,0
2026-08-14T15:30:24.270273,15,19,18,15,16,0
2026-08-14T15:30:24.270273,14,20,19,15,17,0
2026-08-14T15:30:24.270273,15,20,19,15,15,0
2026-08-14T15:30:24.270273,14,21,20,14,15,0
2026-08-14T15:30:24.273595,14,20,20,15,17,0
2026-08-14T15:30:24.273595,13,19,20,15,16,0
2026-08-14T15:30:24.273595,13,19,19,15,17,0
2026-08-14T15:30:24.279456,13,19,19,14,16,0
2026-08-14T15:30:24.279456,14,19,19,15,16,0
2026-08-14T15:30:24.279456,14,18,18,14,16,0
2026-08-14T15:30:24.279456,14,19,19,14,16,0
2026-08-14T15:30:24.281876,14,20,20,15,16,0
2026-08-14T15:30:24.283884,15,20,19,16,16,0
2026-08-14T15:30:24.283884,14,20,18,14,16,0
2026-08-14T15:30:24.287545,13,20,20,14,17,0
2026-08-14T15:30:24.287545,14,20,20,15,16,0
2026-08-14T15:30:24.287545,12,20,18,14,16,0
2026-08-14T15:30:24.289862,13,19,18,14,16,0
2026-08-14T15:30:24.289862,13,20,19,15,16,0
2026-08-14T15:30:24.289862,14,19,19,15,16,0
2026-08-14T15:30:24.289862,14,20,19,16,17,0
2026-08-14T15:30:24.293506,13,19,19,15,17,0
2026-08-14T15:30:24.293506,15,18,19,15,17,0
2026-08-14T15:30:24.293506,15,20,19,15,16,0
2026-08-14T15:30:24.297876,14,20,19,14,16,0
2026-08-14T15:30:24.297876,13,20,18,14,16,0
2026-08-14T15:30:24.297876,14,20,19,14,16,0
2026-08-14T15:30:24.297876,13,20,20,14,17,0
2026-08-14T15:30:24.303797,13,20,18,15,16,0
2026-08-14T15:30:24.303797,14,20,18,15,17,0
2026-08-14T15:30:24.303797,13,19,18,16,17,0
2026-08-14T15:30:24.308020,14,19,19,16,16,0
2026-08-14T15:30:24.308020,12,19,19,15,15,0
2026-08-14T15:30:24.308020,14,20,19,15,16,0
2026-08-14T15:30:24.308020,14,19,18,15,16,0
2026-08-14T15:30:24.308020,15,19,18,15,17,0
2026-08-14T15:30:24.308020,15,19,18,14,16,0
2026-08-14T15:30:24.308020,14,20,18,15,17,0
2026-08-14T15:30:24.314133,13,20,19,14,17,0
2026-08-14T15:30:24.314133,14,20,20,16,17,0
2026-08-14T15:30:24.314133,13,20,20,15,15,0
2026-08-14T15:30:24.319378,14,19,18,16,15,0
2026-08-14T15:30:24.320397,13,21,18,15,16,0
2026-08-14T15:30:24.320397,15,19,19,15,17,0
2026-08-14T15:30:24.320397,14,19,19,15,16,0
2026-08-14T15:30:24.322413,13,19,18,15,16,0
2026-08-14T15:30:24.322413,15,19,18,15,16,0
2026-08-14T15:30:24.322413,15,20,19,14,16,0
2026-08-14T15:30:24.322413,15,19,18,15,16,0
2026-08-14T15:30:24.322413,13,20,19,14,17,0
2026-08-14T15:30:24.322413,13,19,20,15,15,0
2026-08-14T15:30:24.330563,13,20,19,14,18,0
2026-08-14T15:30:24.332714,13,19,18,14,16,0
2026-08-14T15:30:24.332714,15,18,18,14,17,0
2026-08-14T15:30:24.332714,14,19,19,15,16,0
2026-08-14T15:30:24.336542,12,19,19,14,16,0
2026-08-14T15:30:24.337404,14,18,18,14,17,0
2026-08-14T15:30:24.337404,14,19,18,16,17,0
2026-08-14T15:30:24.339008,13,19,19,14,16,0
2026-08-14T15:30:24.340879,15,21,18,14,16,0
2026-08-14T15:30:24.340879,14,19,18,15,17,0
2026-08-14T15:30:24.340879,12,19,19,14,16,0
2026-08-14T15:30:24.344985,13,19,18,14,16,0
2026-08-14T15:30:24.344985,13,18,20,15,15,0
2026-08-14T15:30:24.344985,14,19,18,14,17,0
2026-08-14T15:30:24.347110,15,18,19,14,16,0
2026-08-14T15:30:24.349076,13,19,18,14,17,0
2026-08-14T15:30:24.349076,14,19,18,15,16,0
2026-08-14T15:30:24.349076,15,18,19,14,16,0
2026-08-14T15:30:24.349076,15,19,19,14,16,0
2026-08-14T15:30:24.353200,14,20,18,14,16,0
2026-08-14T15:30:24.354140,13,19,19,14,17,0
2026-08-14T15:30:24.355371,14,20,18,15,16,0
2026-08-14T15:30:24.355371,14,20,18,15,17,0
2026-08-14T15:30:24.355371,13,19,18,14,17,0
2026-08-14T15:30:24.355371,14,19,20,14,16,0
2026-08-14T15:30:24.355371,13,20,20,14,16,0
2026-08-14T15:30:24.355371,12,20,18,15,17,0
2026-08-14T15:30:24.355371,13,19,19,15,16,0
2026-08-14T15:30:24.363587,14,20,18,15,16,0
2026-08-14T15:30:24.363587,13,19,18,15,16,0
2026-08-14T15:30:24.363587,14,20,18,14,16,0
2026-08-14T15:30:24.367218,13,20,19,13,16,0
2026-08-14T15:30:24.367218,14,19,18,15,15,0
2026-08-14T15:30:24.370462,13,19,20,14,17,0
2026-08-14T15:30:24.370462,13,19,18,14,17,0
2026-08-14T15:30:24.372642,15,20,18,14,16,0
2026-08-14T15:30:24.374398,15,19,18,14,16,0
2026-08-14T15:30:24.374950,14,19,17,14,16,0
2026-08-14T15:30:24.374950,13,18,18,14,17,0
2026-08-14T15:30:24.377699,14,20,18,15,16,0
2026-08-14T15:30:24.377699,14,19,19,15,16,0
2026-08-14T15:30:24.377699,14,19,18,15,16,0
2026-08-14T15:30:24.381855,14,18,18,14,16,0
2026-08-14T15:30:24.381855,14,20,20,14,16,0
2026-08-14T15:30:24.384480,13,20,20,14,15,0
2026-08-14T15:30:24.384480,13,18,18,15,15,0
2026-08-14T15:30:24.386095,13,18,19,14,16,0
2026-08-14T15:30:24.386974,13,20,20,14,17,0
2026-08-14T15:30:24.386974,12,20,18,15,17,0
2026-08-14T15:30:24.389839,13,19,18,14,17,0
2026-08-14T15:30:24.389839,14,19,18,14,16,0
2026-08-14T15:30:24.391462,13,18,20,15,16,0
2026-08-14T15:30:24.391462,15,18,19,15,16,0
2026-08-14T15:30:24.391462,13,20,17,14,16,0
2026-08-14T15:30:24.391462,13,20,17,15,17,0
2026-08-14T15:30:24.395804,13,20,20,14,15,0
2026-08-14T15:30:24.397823,14,20,18,15,15,0
2026-08-14T15:30:24.397823,14,18,19,14,16,0
2026-08-14T15:30:24.397823,14,20,19,14,16,0
2026-08-14T15:30:24.397823,14,19,19,14,16,0
2026-08-14T15:30:24.403103,12,18,18,14,15,0
2026-08-14T15:30:24.403916,15,19,19,15,16,0
2026-08-14T15:30:24.404836,12,19,18,14,16,0
2026-08-14T15:30:24.405865,14,18,18,14,15,0
2026-08-14T15:30:24.405865,15,19,19,14,15,0
2026-08-14T15:30:24.405865,15,18,19,15,16,0
2026-08-14T15:30:24.405865,13,18,18,14,16,0
2026-08-14T15:30:24.405865,13,19,18,14,16,0
2026-08-14T15:30:24.405865,12,17,20,15,15,0
2026-08-14T15:30:24.405865,13,20,20,13,15,0
2026-08-14T15:30:24.414195,14,18,17,15,17,0
2026-08-14T15:30:24.414195,13,19,19,15,16,0
2026-08-14T15:30:24.414195,13,19,17,14,17,0
2026-08-14T15:30:24.418707,12,19,19,15,17,0
2026-08-14T15:30:24.418707,14,18,17,14,16,0
2026-08-14T15:30:24.420077,13,19,18,15,16,0
2026-08-14T15:30:24.421025,13,19,19,15,15,0
2026-08-14T15:30:24.422794,14,20,18,15,16,0
2026-08-14T15:30:24.422794,13,20,18,13,16,0
2026-08-14T15:30:24.423880,14,19,18,15,15,0
2026-08-14T15:30:24.425902,14,18,18,15,15,0
2026-08-14T15:30:24.425902,13,19,18,15,15,0
2026-08-14T15:30:24.427910,13,20,17,15,15,0
2026-08-14T15:30:24.430996,14,20,17,15,16,0
2026-08-14T15:30:24.430996,12,19,19,14,16,0
2026-08-14T15:30:24.430996,13,19,18,13,16,0
2026-08-14T15:30:24.430996,14,18,17,13,16,0
2026-08-14T15:30:24.430996,15,20,18,15,16,0
2026-08-14T15:30:24.430996,13,20,17,15,17,0
2026-08-14T15:30:24.436943,12,19,19,14,15,0
2026-08-14T15:30:24.439178,13,20,18,15,16,0
2026-08-14T15:30:24.439178,13,20,18,14,15,0
2026-08-14T15:30:24.439178,13,19,17,14,16,0
2026-08-14T15:30:24.440935,13,19,19,14,16,0
2026-08-14T15:30:24.442140,13,19,19,14,16,0
2026-08-14T15:30:24.442140,13,20,18,15,16,0
2026-08-14T15:30:24.442140,15,18,18,14,17,0
2026-08-14T15:30:24.446533,13,18,17,14,17,0
2026-08-14T15:30:24.446533,13,18,18,14,15,0
2026-08-14T15:30:24.446533,14,21,18,14,16,0
2026-08-14T15:30:24.446533,13,18,19,15,15,0
2026-08-14T15:30:24.446533,15,18,19,13,16,0
2026-08-14T15:30:24.446533,14,20,18,14,15,0
2026-08-14T15:30:24.453235,14,19,18,14,17,0
2026-08-14T15:30:24.454364,14,19,18,14,16,0
2026-08-14T15:30:24.454364,13,19,17,15,17,0
2026-08-14T15:30:24.454364,13,19,19,14,17,0
2026-08-14T15:30:24.454364,13,20,18,14,17,0
2026-08-14T15:30:24.454364,13,20,19,14,15,0
2026-08-14T15:30:24.454364,14,19,17,14,16,0
2026-08-14T15:30:24.454364,13,19,18,15,15,0
2026-08-14T15:30:24.463756,14,18,18,15,17,0
2026-08-14T15:30:24.463756,13,20,18,14,16,0
2026-08-14T15:30:24.463756,14,19,17,15,16,0
2026-08-14T15:30:24.467878,14,19,18,15,15,0
2026-08-14T15:30:24.467878,13,18,20,15,16,0
2026-08-14T15:30:24.469958,13,19,20,14,16,0
2026-08-14T15:30:24.470672,13,18,19,14,16,0
2026-08-14T15:30:24.471624,13,19,19,14,16,0
2026-08-14T15:30:24.471624,12,18,17,14,16,0
2026-08-14T15:30:24.471624,14,18,19,15,16,0
2026-08-14T15:30:24.471624,14,19,18,13,17,0
2026-08-14T15:30:24.471624,13,19,18,15,16,0
2026-08-14T15:30:24.471624,14,18,19,14,16,0
2026-08-14T15:30:24.477889,13,20,18,15,15,0
2026-08-14T15:30:24.478903,13,20,19,15,16,0
2026-08-14T15:30:24.478903,13,19,18,15,17,0
2026-08-14T15:30:24.478903,12,19,19,14,16,0
2026-08-14T15:30:24.478903,13,18,18,15,15,0
2026-08-14T15:30:24.478903,13,19,18,15,15,0
2026-08-14T15:30:24.486115,12,19,18,14,16,0
2026-08-14T15:30:24.486633,13,18,18,15,16,0
2026-08-14T15:30:24.487923,12,18,19,14,16,0
2026-08-14T15:30:24.487923,13,20,18,13,16,0
2026-08-14T15:30:24.487923,15,19,17,14,16,0
2026-08-14T15:30:24.492333,15,18,19,13,17,0
2026-08-14T15:30:24.492333,13,19,18,14,16,0
2026-08-14T15:30:24.492333,13,20,19,14,17,0
2026-08-14T15:30:24.495404,13,20,18,15,15,0
2026-08-14T15:30:24.495404,13,19,18,15,15,0
2026-08-14T15:30:24.495404,13,19,19,14,16,0
2026-08-14T15:30:24.495404,14,19,18,15,15,0
2026-08-14T15:30:24.495404,12,19,18,14,16,0
2026-08-14T15:30:24.495404,13,19,18,14,16,0
2026-08-14T15:30:24.495404,14,17,17,15,16,0
2026-08-14T15:30:24.504288,12,20,18,15,16,0
2026-08-14T15:30:24.505260,13,20,18,14,16,0
2026-08-14T15:30:24.506596,15,19,17,14,16,0
2026-08-14T15:30:24.506596,13,20,18,15,16,0
2026-08-14T15:30:24.506596,15,19,18,15,16,0
2026-08-14T15:30:24.506596,13,19,18,15,16,0
2026-08-14T15:30:24.506596,15,19,19,14,17,0
2026-08-14T15:30:24.512819,13,19,18,14,17,0
2026-08-14T15:30:24.512819,14,18,18,14,16,0
2026-08-14T15:30:24.512819,13,18,18,15,16,0
2026-08-14T15:30:24.512819,14,18,19,15,16,0
2026-08-14T15:30:24.515929,14,19,19,14,16,0
2026-08-14T15:30:24.515929,12,19,19,14,15,0
2026-08-14T15:30:24.515929,15,18,19,14,15,0
2026-08-14T15:30:24.521006,13,20,18,14,16,0
2026-08-14T15:30:24.521006,14,20,18,15,16,0
2026-08-14T15:30:24.521006,13,19,19,14,16,0
2026-08-14T15:30:24.523447,13,20,18,14,15,0
2026-08-14T15:30:24.523447,12,20,19,14,15,0
2026-08-14T15:30:24.523447,14,18,17,15,16,0
2026-08-14T15:30:24.526948,14,18,17,16,15,0
2026-08-14T15:30:24.528707,13,18,18,14,16,0
2026-08-14T15:30:24.528707,13,19,19,15,16,0
2026-08-14T15:30:24.528707,13,19,19,14,17,0
2026-08-14T15:30:24.531030,13,18,19,14,17,0
2026-08-14T15:30:24.531030,14,18,17,16,16,0
2026-08-14T15:30:24.531030,14,19,19,14,15,0
2026-08-14T15:30:24.535139,13,20,19,15,15,0
2026-08-14T15:30:24.537045,14,20,18,15,16,0
2026-08-14T15:30:24.537045,13,19,19,14,15,0
2026-08-14T15:30:24.537045,13,18,19,14,17,0
2026-08-14T15:30:24.537045,13,20,18,15,16,0
2026-08-14T15:30:24.537045,14,19,17,15,16,0
2026-08-14T15:30:24.537045,14,19,17,15,16,0
2026-08-14T15:30:24.543323,14,19,18,15,15,0
2026-08-14T15:30:24.545594,14,20,18,14,17,0
2026-08-14T15:30:24.545594,14,19,19,14,16,0
2026-08-14T15:30:24.545594,14,19,19,14,16,0
2026-08-14T15:30:24.547355,13,20,19,14,16,0
2026-08-14T15:30:24.547355,13,19,20,15,17,0
2026-08-14T15:30:24.547355,13,19,19,14,17,0
2026-08-14T15:30:24.552812,14,18,17,14,16,0
2026-08-14T15:30:24.553942,13,19,18,15,16,0
2026-08-14T15:30:24.567159,14,20,19,15,16,0
2026-08-14T15:30:24.569798,14,19,18,15,16,0
2026-08-14T15:30:24.569798,14,19,18,13,16,0
2026-08-14T15:30:24.571919,14,19,19,15,16,0
2026-08-14T15:30:24.573439,13,20,19,15,16,0
2026-08-14T15:30:24.574714,15,20,18,15,16,0
2026-08-14T15:30:24.575895,13,20,19,14,16,0
2026-08-14T15:30:24.576665,13,20,18,15,14,0
2026-08-14T15:30:24.576665,14,19,18,14,16,0
2026-08-14T15:30:24.576665,13,20,18,15,15,0
2026-08-14T15:30:24.576665,14,18,18,15,16,0
2026-08-14T15:30:24.576665,14,19,18,15,16,0
2026-08-14T15:30:24.576665,13,18,19,15,17,0
2026-08-14T15:30:24.576665,13,19,18,13,16,0
2026-08-14T15:30:24.576665,14,20,17,16,16,0
2026-08-14T15:30:24.576665,15,19,19,15,17,0
2026-08-14T15:30:24.576665,13,19,19,15,16,0
2026-08-14T15:30:24.576665,13,19,19,14,16,0
2026-08-14T15:30:24.576665,15,20,18,14,17,0
2026-08-14T15:30:24.576665,13,19,18,14,16,0
2026-08-14T15:30:24.576665,13,20,18,14,15,0
2026-08-14T15:30:24.576665,14,18,18,15,16,0
2026-08-14T15:30:24.585119,12,20,18,14,16,0
2026-08-14T15:30:24.585119,14,19,18,15,17,0
2026-08-14T15:30:24.586835,14,19,19,15,17,0
2026-08-14T15:30:24.586835,13,20,19,14,16,0
2026-08-14T15:30:24.586835,14,19,19,15,16,0
2026-08-14T15:30:24.586835,15,19,19,15,16,0
2026-08-14T15:30:24.586835,14,19,18,15,17,0
2026-08-14T15:30:24.590655,13,20,20,14,16,0
2026-08-14T15:30:24.590655,14,19,18,15,16,0
2026-08-14T15:30:24.590655,13,20,20,14,16,0
2026-08-14T15:30:24.590655,15,19,18,15,15,0
2026-08-14T15:30:24.593166,15,19,18,16,15,0
2026-08-14T15:30:24.595733,13,19,18,16,17,0
2026-08-14T15:30:24.595733,14,19,18,14,17,0
2026-08-14T15:30:24.597742,14,18,19,15,16,0
2026-08-14T15:30:24.597742,13,19,19,14,16,0
2026-08-14T15:30:24.597742,14,19,18,15,16,0
2026-08-14T15:30:24.597742,14,18,20,15,16,0
2026-08-14T15:30:24.602728,15,20,18,14,16,0
2026-08-14T15:30:24.603476,14,19,19,14,16,0
2026-08-14T15:30:24.603476,14,19,18,15,15,0
2026-08-14T15:30:24.607032,13,19,19,15,16,0
2026-08-14T15:30:24.607032,15,20,20,15,16,0
2026-08-14T15:30:24.607032,12,19,19,15,16,0
2026-08-14T15:30:24.607032,14,19,18,15,16,0
2026-08-14T15:30:24.609572,14,19,18,15,18,0
2026-08-14T15:30:24.609572,14,19,20,15,17,0
2026-08-14T15:30:24.609572,14,19,19,16,17,0
2026-08-14T15:30:24.609572,14,19,18,14,16,0
2026-08-14T15:30:24.609572,14,19,18,15,17,0
2026-08-14T15:30:24.609572,14,21,20,15,16,0
2026-08-14T15:30:24.617064,14,19,18,15,16,0
2026-08-14T15:30:24.619452,13,20,20,14,17,0
2026-08-14T15:30:24.619452,13,19,20,15,17,0
2026-08-14T15:30:24.620326,13,21,19,15,17,0
2026-08-14T15:30:24.620326,14,20,20,14,17,0
2026-08-14T15:30:24.620326,14,20,19,15,17,0
2026-08-14T15:30:24.620326,15,19,19,16,16,0
2026-08-14T15:30:24.627506,13,19,19,14,17,0
2026-08-14T15:30:24.627506,14,19,20,16,16,0
2026-08-14T15:30:24.627506,14,19,18,15,16,0
2026-08-14T15:30:24.629282,15,20,19,14,16,0
2026-08-14T15:30:24.631594,13,20,20,14,17,0
2026-08-14T15:30:24.631594,15,20,19,16,16,0
2026-08-14T15:30:24.631594,13,21,18,14,17,0
2026-08-14T15:30:24.634493,13,19,20,16,16,0
2026-08-14T15:30:24.636210,13,19,19,15,16,0
2026-08-14T15:30:24.637302,15,20,19,16,15,0
2026-08-14T15:30:24.637302,14,20,18,15,17,0
2026-08-14T15:30:24.639458,13,19,19,16,16,0
2026-08-14T15:30:24.639458,14,19,18,15,17,0
2026-08-14T15:30:24.639458,13,21,20,15,17,0
2026-08-14T15:30:24.642573,15,20,18,14,17,0
2026-08-14T15:30:24.642573,14,20,20,15,16,0
2026-08-14T15:30:24.642573,14,20,19,15,16,0
2026-08-14T15:30:24.642573,14,20,19,14,16,0
2026-08-14T15:30:24.642573,14,21,18,15,16,0
2026-08-14T15:30:24.642573,15,19,20,14,16,0
2026-08-14T15:30:24.642573,13,21,19,14,17,0
2026-08-14T15:30:24.650677,15,20,18,16,16,0
2026-08-14T15:30:24.653274,14,20,18,16,16,0
2026-08-14T15:30:24.654109,13,20,21,14,17,0
2026-08-14T15:30:24.654109,14,19,19,14,17,0
2026-08-14T15:30:24.654109,13,20,19,16,16,0
2026-08-14T15:30:24.654109,14,20,20,16,16,0
2026-08-14T15:30:24.654109,17,19,20,15,16,0
2026-08-14T15:30:24.660279,15,19,21,15,17,0
2026-08-14T15:30:24.660279,14,21,18,15,17,0
2026-08-14T15:30:24.660279,14,21,20,14,16,0
2026-08-14T15:30:24.660279,13,20,20,15,16,0
2026-08-14T15:30:24.660279,14,19,19,16,16,0
2026-08-14T15:30:24.660279,13,20,19,16,16,0
2026-08-14T15:30:24.660279,14,20,18,16,16,0
2026-08-14T15:30:24.666690,14,19,20,14,17,0
2026-08-14T15:30:24.666690,14,20,19,15,16,0
2026-08-14T15:30:24.669370,15,19,19,16,17,0
2026-08-14T15:30:24.671673,14,19,20,15,16,0
2026-08-14T15:30:24.671673,15,20,19,15,16,0
2026-08-14T15:30:24.671673,14,20,19,15,16,0
2026-08-14T15:30:24.674787,13,20,18,16,16,0
2026-08-14T15:30:24.676530,15,20,20,16,15,0
2026-08-14T15:30:24.676530,13,20,20,15,16,0
2026-08-14T15:30:24.676530,13,20,20,15,17,0
2026-08-14T15:30:24.678396,13,21,20,15,17,0
2026-08-14T15:30:24.678396,13,20,19,16,17,0
2026-08-14T15:30:24.678396,13,19,21,15,16,0
2026-08-14T15:30:24.682512,14,19,20,15,16,0
2026-08-14T15:30:24.684967,15,20,19,15,18,0
2026-08-14T15:30:24.684967,14,19,19,16,17,0
2026-08-14T15:30:24.686062,14,21,19,16,16,0
2026-08-14T15:30:24.687764,15,21,20,15,17,0
2026-08-14T15:30:24.687764,14,20,20,16,17,0
2026-08-14T15:30:24.690036,15,21,19,16,16,0
2026-08-14T15:30:24.693030,15,20,20,16,17,0
2026-08-14T15:30:24.693030,13,21,20,15,17,0
2026-08-14T15:30:24.693030,13,19,19,16,16,0
2026-08-14T15:30:24.693030,15,19,19,16,17,0
2026-08-14T15:30:24.697179,14,19,19,16,16,0
2026-08-14T15:30:24.697179,14,20,19,15,17,0
2026-08-14T15:30:24.698192,15,19,20,15,16,0
2026-08-14T15:30:24.700177,15,19,19,17,16,0
2026-08-14T15:30:24.700177,15,19,19,15,16,0
2026-08-14T15:30:24.703422,15,21,21,15,16,0
2026-08-14T15:30:24.703422,16,22,19,15,17,0
2026-08-14T15:30:24.703422,15,21,19,16,16,0
2026-08-14T15:30:24.703422,14,21,21,15,16,0
2026-08-14T15:30:24.706329,13,20,20,16,18,0
2026-08-14T15:30:24.706329,13,20,20,15,18,0
2026-08-14T15:30:24.706329,13,19,19,16,16,0
2026-08-14T15:30:24.706329,14,19,19,16,17,0
2026-08-14T15:30:24.706329,15,19,21,15,17,0
2026-08-14T15:30:24.706329,14,20,21,15,17,0
2026-08-14T15:30:24.706329,15,19,20,15,17,0
2026-08-14T15:30:24.715072,15,20,19,15,17,0
2026-08-14T15:30:24.715072,14,20,19,15,17,0
2026-08-14T15:30:24.715072,15,21,20,15,17,0
2026-08-14T15:30:24.719361,12,21,20,15,16,0
2026-08-14T15:30:24.720203,15,20,20,15,17,0
2026-08-14T15:30:24.721706,15,20,20,16,17,0
2026-08-14T15:30:24.721706,13,19,21,16,17,0
2026-08-14T15:30:24.722726,13,20,19,15,18,0
2026-08-14T15:30:24.725805,14,21,21,16,18,0
2026-08-14T15:30:24.725805,14,20,19,15,17,0
2026-08-14T15:30:24.727570,15,21,20,16,17,0
2026-08-14T15:30:24.727570,15,20,20,16,18,0
2026-08-14T15:30:24.727570,14,20,20,15,17,0
2026-08-14T15:30:24.730848,15,20,19,15,16,0
2026-08-14T15:30:24.730848,15,20,20,15,17,0
2026-08-14T15:30:24.734005,13,21,20,15,16,0
2026-08-14T15:30:24.734005,13,19,21,16,17,0
2026-08-14T15:30:24.734005,15,20,20,15,16,0
2026-08-14T15:30:24.738108,14,21,21,16,17,0
2026-08-14T15:30:24.738108,15,20,20,16,17,0
2026-08-14T15:30:24.739119,15,20,19,16,17,0
2026-08-14T15:30:24.739119,14,20,20,15,17,0
2026-08-14T15:30:24.741254,14,19,19,16,17,0
2026-08-14T15:30:24.741254,14,20,19,16,17,0
2026-08-14T15:30:24.741254,14,20,21,15,16,0
2026-08-14T15:30:24.741254,15,21,21,15,16,0
2026-08-14T15:30:24.741254,15,20,20,15,17,0
2026-08-14T15:30:24.747304,14,21,20,15,17,0
2026-08-14T15:30:24.747304,14,21,21,16,16,0
2026-08-14T15:30:24.747304,15,21,20,16,18,0
2026-08-14T15:30:24.747304,15,19,20,16,17,0
2026-08-14T15:30:24.747304,14,20,19,16,17,0
2026-08-14T15:30:24.753417,13,19,20,16,18,0
2026-08-14T15:30:24.753417,14,20,19,15,16,0
2026-08-14T15:30:24.755712,14,20,20,16,17,0
2026-08-14T15:30:24.755712,15,19,19,16,17,0
2026-08-14T15:30:24.755712,15,20,21,15,16,0
2026-08-14T15:30:24.755712,14,20,21,15,16,0
2026-08-14T15:30:24.755712,14,22,20,15,16,0
2026-08-14T15:30:24.755712,15,21,20,15,17,0
2026-08-14T15:30:24.755712,14,21,20,16,16,0
2026-08-14T15:30:24.755712,14,22,20,16,18,0
2026-08-14T15:30:24.765359,14,20,20,15,16,0
2026-08-14T15:30:24.767370,15,20,18,15,17,0
2026-08-14T15:30:24.767370,15,21,19,15,18,0
2026-08-14T15:30:24.769380,14,20,20,15,17,0
2026-08-14T15:30:24.770110,14,20,20,16,17,0
2026-08-14T15:30:24.770110,14,20,19,15,17,0
2026-08-14T15:30:24.772361,15,20,21,15,17,0
2026-08-14T15:30:24.775651,14,20,20,15,16,0
2026-08-14T15:30:24.775651,15,21,20,15,16,0
2026-08-14T15:30:24.776668,14,21,20,15,17,0
2026-08-14T15:30:24.776668,15,20,20,16,17,0
2026-08-14T15:30:24.777697,14,19,20,15,16,0
2026-08-14T15:30:24.779270,13,19,20,16,16,0
2026-08-14T15:30:24.780334,15,20,19,15,17,0
2026-08-14T15:30:24.782420,14,20,20,15,17,0
2026-08-14T15:30:24.783452,15,20,19,15,16,0
2026-08-14T15:30:24.783452,14,21,20,15,17,0
2026-08-14T15:30:24.786796,14,20,20,16,17,0
2026-08-14T15:30:24.787164,15,20,20,15,16,0
2026-08-14T15:30:24.788553,13,20,20,15,17,0
2026-08-14T15:30:24.789382,14,21,20,15,17,0
2026-08-14T15:30:24.791344,13,20,19,15,17,0
2026-08-14T15:30:24.791344,13,20,20,15,16,0
2026-08-14T15:30:24.791344,15,21,20,15,16,0
2026-08-14T15:30:24.794226,14,19,20,16,17,0
2026-08-14T15:30:24.794226,14,20,19,16,17,0
2026-08-14T15:30:24.796785,15,19,20,16,16,0
2026-08-14T15:30:24.796785,14,20,20,15,16,0
2026-08-14T15:30:24.796785,15,19,19,16,17,0
2026-08-14T15:30:24.796785,14,19,19,16,17,0
2026-08-14T15:30:24.796785,15,20,21,15,17,0
2026-08-14T15:30:24.803107,13,20,20,15,17,0
2026-08-14T15:30:24.803942,14,22,20,15,16,0
2026-08-14T15:30:24.805210,15,20,20,16,17,0
2026-08-14T15:30:24.805210,13,20,20,16,16,0
2026-08-14T15:30:24.805210,13,19,20,16,16,0
2026-08-14T15:30:24.805210,14,21,20,15,16,0
2026-08-14T15:30:24.805210,14,21,20,16,17,0
2026-08-14T15:30:24.805210,14,19,19,16,17,0
2026-08-14T15:30:24.805210,13,21,19,15,17,0
2026-08-14T15:30:24.805210,14,21,20,15,16,0
2026-08-14T15:30:24.813533,15,20,19,15,17,0
2026-08-14T15:30:24.815919,14,20,19,15,17,0
2026-08-14T15:30:24.815919,14,20,21,14,16,0
2026-08-14T15:30:24.815919,15,20,20,15,17,0
2026-08-14T15:30:24.819693,13,20,20,15,17,0
2026-08-14T15:30:24.820336,14,20,20,16,17,0
2026-08-14T15:30:24.820336,14,21,20,15,17,0
2026-08-14T15:30:24.821991,15,21,20,16,17,0
2026-08-14T15:30:24.821991,13,20,20,15,16,0
2026-08-14T15:30:24.821991,14,20,19,16,16,0
2026-08-14T15:30:24.825921,14,19,19,15,17,0
2026-08-14T15:30:24.825921,15,21,20,15,17,0
2026-08-14T15:30:24.825921,14,20,20,15,16,0
2026-08-14T15:30:24.825921,14,20,20,15,16,0
2026-08-14T15:30:24.830126,14,20,20,15,16,0
2026-08-14T15:30:24.830126,14,20,19,15,16,0
2026-08-14T15:30:24.830126,15,20,20,15,17,0
2026-08-14T15:30:24.830126,14,21,20,15,17,0
2026-08-14T15:30:24.836326,14,20,20,15,17,0
2026-08-14T15:30:24.837540,14,21,20,16,17,0
2026-08-14T15:30:24.838566,13,19,19,16,18,0
2026-08-14T15:30:24.838566,14,20,20,15,17,0
2026-08-14T15:30:24.838566,15,20,21,16,17,0
2026-08-14T15:30:24.838566,13,19,20,16,17,0
2026-08-14T15:30:24.842264,14,19,19,15,17,0
2026-08-14T15:30:24.844606,14,20,20,15,17,0
2026-08-14T15:30:24.844606,14,21,20,15,16,0
2026-08-14T15:30:24.844606,14,20,19,16,17,0
2026-08-14T15:30:24.848695,14,21,20,15,16,0
2026-08-14T15:30:24.848695,14,21,20,15,16,0
2026-08-14T15:30:24.848695,14,22,20,16,17,0
2026-08-14T15:30:24.848695,14,20,20,15,16,0
2026-08-14T15:30:24.848695,15,19,19,15,17,0
2026-08-14T15:30:24.853990,14,19,21,16,17,0
2026-08-14T15:30:24.854306,14,20,20,15,16,0
2026-08-14T15:30:24.856318,14,20,19,15,17,0
2026-08-14T15:30:24.856318,14,20,19,16,18,0
2026-08-14T15:30:24.856318,14,20,19,15,17,0
2026-08-14T15:30:24.858695,13,20,20,15,16,0
2026-08-14T15:30:24.858695,15,20,20,15,17,0
2026-08-14T15:30:24.861998,14,20,20,15,16,0
2026-08-14T15:30:24.861998,14,20,20,16,16,0
2026-08-14T15:30:24.864021,13,20,20,15,16,0
2026-08-14T15:30:24.864021,14,20,20,16,16,0
2026-08-14T15:30:24.864021,14,20,19,16,17,0
2026-08-14T15:30:24.866927,14,21,19,15,16,0
2026-08-14T15:30:24.869499,14,20,20,15,16,0
2026-08-14T15:30:24.870456,15,21,21,15,17,0
2026-08-14T15:30:24.872098,15,21,20,15,17,0
2026-08-14T15:30:24.873245,14,20,21,15,17,0
2026-08-14T15:30:24.873245,15,21,20,15,16,0
2026-08-14T15:30:24.873245,14,20,18,15,16,0
2026-08-14T15:30:24.876023,14,20,20,15,17,0
2026-08-14T15:30:24.877779,14,21,20,15,17,0
2026-08-14T15:30:24.877779,13,20,21,16,16,0
2026-08-14T15:30:24.877779,14,20,20,15,17,0
2026-08-14T15:30:24.877779,14,20,19,16,17,0
2026-08-14T15:30:24.877779,14,20,20,15,17,0
2026-08-14T15:30:24.877779,14,20,19,15,17,0
2026-08-14T15:30:24.877779,14,20,20,15,16,0
2026-08-14T15:30:24.886423,14,19,19,15,16,0
2026-08-14T15:30:24.887302,14,21,20,15,17,0
2026-08-14T15:30:24.888085,13,20,19,15,17,0
2026-08-14T15:30:24.888939,14,21,20,15,17,0
2026-08-14T15:30:24.888939,15,21,20,15,17,0
2026-08-14T15:30:24.888939,14,20,20,16,17,0
2026-08-14T15:30:24.888939,14,21,20,15,16,0
2026-08-14T15:30:24.888939,13,21,20,16,18,0
2026-08-14T15:30:24.894930,14,21,20,16,17,0
2026-08-14T15:30:24.896907,14,20,19,15,16,0
2026-08-14T15:30:24.896907,15,20,20,15,17,0
2026-08-14T15:30:24.896907,14,20,20,16,17,0
2026-08-14T15:30:24.896907,14,20,19,15,17,0
2026-08-14T15:30:24.896907,14,21,20,15,17,0
2026-08-14T15:30:24.902800,15,21,20,15,16,0
2026-08-14T15:30:24.903733,14,20,20,15,17,0
2026-08-14T15:30:24.906033,13,21,20,15,17,0
2026-08-14T15:30:24.906033,15,21,20,16,17,0
2026-08-14T15:30:24.906033,14,20,19,15,16,0
2026-08-14T15:30:24.906033,14,21,19,16,16,0
2026-08-14T15:30:24.909486,13,19,19,16,17,0
2026-08-14T15:30:24.909486,14,20,20,15,16,0
2026-08-14T15:30:24.911245,14,20,19,15,16,0
2026-08-14T15:30:24.911245,14,21,19,15,17,0
2026-08-14T15:30:24.911245,15,20,20,16,16,0
2026-08-14T15:30:24.911245,15,20,20,15,16,0
2026-08-14T15:30:24.916067,13,20,20,15,17,0
2026-08-14T15:30:24.916067,13,20,20,15,17,0
2026-08-14T15:30:24.919400,13,20,20,16,16,0
2026-08-14T15:30:24.919915,14,21,20,16,17,0
2026-08-14T15:30:24.920715,14,20,20,15,17,0
2026-08-14T15:30:24.920715,15,20,19,16,17,0
2026-08-14T15:30:24.920715,14,19,19,16,16,0
2026-08-14T15:30:24.924243,14,19,19,16,16,0
2026-08-14T15:30:24.924243,13,20,20,15,16,0
2026-08-14T15:30:24.927541,14,19,19,15,17,0
2026-08-14T15:30:24.927541,14,20,18,15,16,0
2026-08-14T15:30:24.930606,14,20,19,15,16,0
2026-08-14T15:30:24.930606,14,21,20,15,16,0
2026-08-14T15:30:24.930606,14,20,20,16,17,0
2026-08-14T15:30:24.934705,15,20,20,15,17,0
2026-08-14T15:30:24.934705,14,20,19,16,17,0
2026-08-14T15:30:24.937241,13,19,20,16,17,0
2026-08-14T15:30:24.937241,14,21,20,15,17,0
2026-08-14T15:30:24.937241,15,19,19,15,17,0
2026-08-14T15:30:24.937241,13,19,21,15,17,0
2026-08-14T15:30:24.937241,14,20,20,15,16,0
2026-08-14T15:30:24.941122,13,20,20,16,17,0
2026-08-14T15:30:24.941122,15,20,20,15,16,0
2026-08-14T15:30:24.944145,15,20,20,14,17,0
2026-08-14T15:30:24.944145,14,21,20,15,17,0
2026-08-14T15:30:24.946161,14,20,20,15,17,0
2026-08-14T15:30:24.946161,15,21,20,15,16,0
2026-08-14T15:30:24.946161,14,20,20,14,16,0
2026-08-14T15:30:24.946161,14,20,20,15,17,0
2026-08-14T15:30:24.946161,13,19,20,16,17,0
2026-08-14T15:30:24.952708,13,20,20,16,16,0
2026-08-14T15:30:24.953630,13,20,19,15,16,0
2026-08-14T15:30:24.954867,14,20,19,15,16,0
2026-08-14T15:30:24.954867,14,19,19,15,16,0
2026-08-14T15:30:24.954867,14,21,20,15,17,0
2026-08-14T15:30:24.954867,14,20,20,15,16,0
2026-08-14T15:30:24.954867,14,20,20,15,16,0
2026-08-14T15:30:24.960633,14,20,19,15,17,0
2026-08-14T15:30:24.963379,14,19,20,15,17,0
2026-08-14T15:30:24.963379,14,21,20,15,17,0
2026-08-14T15:30:24.963379,14,20,20,16,17,0
2026-08-14T15:30:24.963379,15,21,20,16,16,0
2026-08-14T15:30:24.963379,13,21,19,16,16,0
2026-08-14T15:30:24.963379,13,20,21,15,16,0
2026-08-14T15:30:24.968761,14,20,19,15,17,0
2026-08-14T15:30:24.970422,14,19,20,15,17,0
2026-08-14T15:30:24.970422,14,20,19,15,16,0
2026-08-14T15:30:24.970422,13,20,20,16,16,0
2026-08-14T15:30:24.973351,13,20,20,15,17,0
2026-08-14T15:30:24.973351,15,20,19,15,16,0
2026-08-14T15:30:24.973351,14,21,20,15,17,0
2026-08-14T15:30:24.973351,13,19,20,16,17,0
2026-08-14T15:30:24.977020,14,20,20,15,16,0
2026-08-14T15:30:24.977020,14,19,20,16,17,0
2026-08-14T15:30:24.977020,15,19,19,15,18,0
2026-08-14T15:30:24.981512,13,19,20,16,16,0
2026-08-14T15:30:24.983855,14,20,20,15,17,0
2026-08-14T15:30:24.983855,15,19,19,15,16,0
2026-08-14T15:30:24.985371,14,19,19,16,17,0
2026-08-14T15:30:24.987947,15,19,19,15,17,0
2026-08-14T15:30:24.987947,14,20,19,14,16,0
2026-08-14T15:30:24.987947,15,20,20,15,16,0
2026-08-14T15:30:24.992063,15,20,19,16,16,0
2026-08-14T15:30:24.992063,13,19,19,15,17,0
2026-08-14T15:30:24.992063,13,19,20,15,16,0
2026-08-14T15:30:24.993867,15,19,20,15,16,0
2026-08-14T15:30:24.996170,15,19,20,16,17,0
2026-08-14T15:30:24.996170,14,19,19,15,16,0
2026-08-14T15:30:24.996170,13,19,19,16,16,0
2026-08-14T15:30:24.996170,15,20,19,15,17,0
2026-08-14T15:30:24.996170,14,20,18,15,17,0
2026-08-14T15:30:24.996170,15,20,19,15,16,0
2026-08-14T15:30:25.002741,14,20,20,15,16,0
2026-08-14T15:30:25.003632,14,21,20,15,16,0
2026-08-14T15:30:25.004760,13,21,20,15,16,0
2026-08-14T15:30:25.004760,13,20,20,15,17,0
2026-08-14T15:30:25.004760,14,21,19,15,18,0
2026-08-14T15:30:25.004760,14,20,20,15,16,0
2026-08-14T15:30:25.010088,14,20,18,16,17,0
2026-08-14T15:30:25.010088,14,20,19,15,16,0
2026-08-14T15:30:25.010088,14,20,20,16,17,0
2026-08-14T15:30:25.010088,14,20,20,15,17,0
2026-08-14T15:30:25.010088,14,20,20,15,17,0
2026-08-14T15:30:25.010088,15,20,19,14,17,0
2026-08-14T15:30:25.010088,15,20,19,15,17,0
2026-08-14T15:30:25.010088,14,20,20,15,16,0
2026-08-14T15:30:25.018145,13,20,20,15,15,0
2026-08-14T15:30:25.020565,13,20,20,16,16,0
2026-08-14T15:30:25.021812,14,20,21,15,16,0
2026-08-14T15:30:25.021812,13,20,20,16,16,0
2026-08-14T15:30:25.024831,14,20,19,15,16,0
2026-08-14T15:30:25.024831,14,20,19,14,17,0
2026-08-14T15:30:25.024831,14,20,20,15,16,0
2026-08-14T15:30:25.028904,14,19,19,15,16,0
2026-08-14T15:30:25.028904,14,19,18,15,16,0
2026-08-14T15:30:25.028904,15,21,20,15,16,0
2026-08-14T15:30:25.028904,13,20,20,15,16,0
2026-08-14T15:30:25.032555,14,20,19,14,17,0
2026-08-14T15:30:25.032555,15,19,18,15,16,0
2026-08-14T15:30:25.032555,13,20,20,15,16,0
2026-08-14T15:30:25.036999,13,20,19,15,17,0
2026-08-14T15:30:25.037300,13,19,20,16,16,0
2026-08-14T15:30:25.037300,13,21,17,16,16,0
2026-08-14T15:30:25.039114,14,19,20,15,16,0
2026-08-14T15:30:25.039114,14,20,20,15,16,0
2026-08-14T15:30:25.039114,14,19,19,15,17,0
2026-08-14T15:30:25.039114,14,19,19,16,17,0
2026-08-14T15:30:25.043248,14,20,20,15,17,0
2026-08-14T15:30:25.043248,13,20,20,14,16,0
2026-08-14T15:30:25.043248,14,20,19,15,16,0
2026-08-14T15:30:25.043248,13,19,19,15,16,0
2026-08-14T15:30:25.043248,13,19,19,15,16,0
2026-08-14T15:30:25.043248,14,20,19,15,17,0
2026-08-14T15:30:25.043248,13,20,19,15,16,0
2026-08-14T15:30:25.053442,15,19,19,15,17,0
2026-08-14T15:30:25.053442,14,19,20,15,17,0
2026-08-14T15:30:25.053442,15,19,18,15,16,0
2026-08-14T15:30:25.057579,14,20,20,15,17,0
2026-08-14T15:30:25.057579,14,20,18,15,17,0
2026-08-14T15:30:25.057579,14,20,20,15,17,0
2026-08-14T15:30:25.059342,13,20,20,15,17,0
2026-08-14T15:30:25.061684,13,20,20,15,16,0
2026-08-14T15:30:25.061684,13,20,19,15,16,0
2026-08-14T15:30:25.063450,14,20,19,15,17,0
2026-08-14T15:30:25.065781,14,19,19,15,16,0
2026-08-14T15:30:25.065781,14,19,20,15,17,0
2026-08-14T15:30:25.067541,14,19,18,15,16,0
2026-08-14T15:30:25.067541,14,20,20,15,16,0
2026-08-14T15:30:25.069433,14,20,19,15,16,0
2026-08-14T15:30:25.070521,14,19,19,15,17,0
2026-08-14T15:30:25.070521,15,20,20,15,16,0
2026-08-14T15:30:25.073957,13,20,20,15,17,0
2026-08-14T15:30:25.073957,15,20,20,14,16,0
2026-08-14T15:30:25.073957,15,21,18,15,16,0
2026-08-14T15:30:25.075725,14,21,19,15,16,0
2026-08-14T15:30:25.077487,13,20,20,15,16,0
2026-08-14T15:30:25.077487,14,20,19,15,17,0
2026-08-14T15:30:25.077487,13,19,19,16,16,0
2026-08-14T15:30:25.079895,14,20,18,15,16,0
2026-08-14T15:30:25.079895,14,21,19,14,17,0
2026-08-14T15:30:25.079895,16,20,19,15,16,0
2026-08-14T15:30:25.083939,14,20,20,16,17,0
2026-08-14T15:30:25.086120,15,20,18,15,17,0
2026-08-14T15:30:25.086934,15,20,20,15,17,0
2026-08-14T15:30:25.086934,13,20,20,15,16,0
2026-08-14T15:30:25.086934,13,20,18,15,16,0
2026-08-14T15:30:25.086934,14,21,20,15,16,0
2026-08-14T15:30:25.086934,14,21,20,15,17,0
2026-08-14T15:30:25.092395,13,20,19,15,17,0
2026-08-14T15:30:25.092395,13,19,19,16,18,0
2026-08-14T15:30:25.092395,14,20,19,15,16,0
2026-08-14T15:30:25.092395,13,19,19,15,17,0
2026-08-14T15:30:25.092395,14,19,20,15,16,0
2026-08-14T15:30:25.092395,14,19,19,14,17,0
2026-08-14T15:30:25.092395,15,19,19,15,17,0
2026-08-14T15:30:25.101728,14,20,20,15,16,0
2026-08-14T15:30:25.103012,14,20,20,15,15,0
2026-08-14T15:30:25.103012,15,21,19,15,17,0
2026-08-14T15:30:25.105022,13,20,20,15,16,0
2026-08-14T15:30:25.105022,13,19,19,15,17,0
2026-08-14T15:30:25.105022,13,19,19,15,17,0
2026-08-14T15:30:25.105022,14,20,18,16,16,0
2026-08-14T15:30:25.110843,14,20,18,15,17,0
2026-08-14T15:30:25.110843,14,19,20,15,17,0
2026-08-14T15:30:25.110843,13,19,20,16,16,0
2026-08-14T15:30:25.110843,14,20,19,14,17,0
2026-08-14T15:30:25.114204,14,19,19,15,16,0
2026-08-14T15:30:25.114204,15,21,18,15,15,0
2026-08-14T15:30:25.116674,14,20,20,15,15,0
2026-08-14T15:30:25.119973,14,20,20,14,16,0
2026-08-14T15:30:25.120443,13,19,19,14,17,0
2026-08-14T15:30:25.120443,14,19,20,15,16,0
2026-08-14T15:30:25.120443,14,19,19,15,16,0
2026-08-14T15:30:25.120443,13,20,19,15,16,0
2026-08-14T15:30:25.120443,14,20,18,15,16,0
2026-08-14T15:30:25.120443,14,19,19,16,17,0
2026-08-14T15:30:25.124883,14,19,19,15,16,0
2026-08-14T15:30:25.124883,14,20,19,15,16,0
2026-08-14T15:30:25.124883,14,20,20,15,16,0
2026-08-14T15:30:25.124883,13,20,19,14,16,0
2026-08-14T15:30:25.124883,13,20,19,15,16,0
2026-08-14T15:30:25.124883,15,20,20,15,17,0
2026-08-14T15:30:25.133012,14,20,20,15,16,0
2026-08-14T15:30:25.134787,14,19,20,15,16,0
2026-08-14T15:30:25.136063,13,20,19,15,17,0
2026-08-14T15:30:25.136747,13,20,20,16,16,0
2026-08-14T15:30:25.139506,12,19,18,15,16,0
2026-08-14T15:30:25.139506,15,20,19,15,16,0
2026-08-14T15:30:25.139506,15,20,18,15,16,0
2026-08-14T15:30:25.141276,13,20,20,15,16,0
2026-08-14T15:30:25.143287,14,20,18,15,17,0
2026-08-14T15:30:25.143287,14,20,20,15,16,0
2026-08-14T15:30:25.145295,14,21,20,15,16,0
2026-08-14T15:30:25.147303,14,20,20,15,16,0
2026-08-14T15:30:25.147303,13,20,20,14,17,0
2026-08-14T15:30:25.147303,15,21,20,16,16,0
2026-08-14T15:30:25.149318,14,19,19,15,16,0
2026-08-14T15:30:25.151778,14,19,19,15,17,0
2026-08-14T15:30:25.153340,14,20,20,15,16,0
2026-08-14T15:30:25.153668,13,20,19,14,16,0
2026-08-14T15:30:25.155869,16,19,19,15,16,0
2026-08-14T15:30:25.155869,14,20,19,16,16,0
2026-08-14T15:30:25.155869,15,20,18,15,17,0
2026-08-14T15:30:25.157618,14,20,20,15,17,0
2026-08-14T15:30:25.157618,13,20,20,14,16,0
2026-08-14T15:30:25.157618,15,20,19,14,15,0
2026-08-14T15:30:25.157618,13,19,20,15,16,0
2026-08-14T15:30:25.157618,13,20,19,15,16,0
2026-08-14T15:30:25.157618,14,20,19,15,16,0
2026-08-14T15:30:25.165836,14,20,19,16,16,0
2026-08-14T15:30:25.165836,14,19,19,15,17,0
2026-08-14T15:30:25.169460,14,19,19,15,16,0
2026-08-14T15:30:25.170173,14,19,18,16,17,0
2026-08-14T15:30:25.170173,13,19,18,16,16,0
2026-08-14T15:30:25.170173,14,19,18,15,16,0
2026-08-14T15:30:25.170173,13,20,20,14,16,0
2026-08-14T15:30:25.170173,13,20,19,15,16,0
2026-08-14T15:30:25.176381,14,20,20,14,16,0
2026-08-14T15:30:25.176381,13,19,18,15,16,0
2026-08-14T15:30:25.176381,15,19,20,15,15,0
2026-08-14T15:30:25.176381,13,19,20,15,16,0
2026-08-14T15:30:25.180444,15,19,19,15,16,0
2026-08-14T15:30:25.180444,13,20,18,15,17,0
2026-08-14T15:30:25.180444,14,19,19,15,16,0
2026-08-14T15:30:25.183745,14,19,19,15,16,0
2026-08-14T15:30:25.183745,14,20,19,14,17,0
2026-08-14T15:30:25.186132,13,19,18,15,16,0
2026-08-14T15:30:25.187224,13,20,20,14,16,0
2026-08-14T15:30:25.187224,14,20,20,14,15,0
2026-08-14T15:30:25.189420,13,20,20,15,16,0
2026-08-14T15:30:25.189420,15,19,19,14,16,0
2026-08-14T15:30:25.192662,13,19,19,15,17,0
2026-08-14T15:30:25.192662,14,20,20,15,16,0
2026-08-14T15:30:25.192662,14,19,18,15,16,0
2026-08-14T15:30:25.192662,13,19,18,15,17,0
2026-08-14T15:30:25.192662,13,19,18,15,16,0
2026-08-14T15:30:25.192662,14,19,19,14,18,0
2026-08-14T15:30:25.198983,14,19,18,14,16,0
2026-08-14T15:30:25.201203,14,20,19,15,16,0
2026-08-14T15:30:25.201771,14,20,19,14,17,0
2026-08-14T15:30:25.201771,14,19,19,14,15,0
2026-08-14T15:30:25.205029,14,20,19,14,16,0
2026-08-14T15:30:25.205029,15,20,18,15,16,0
2026-08-14T15:30:25.205029,13,19,18,15,17,0
2026-08-14T15:30:25.206829,12,20,19,15,16,0
2026-08-14T15:30:25.206829,14,20,19,15,16,0
2026-08-14T15:30:25.206829,14,19,18,14,16,0
2026-08-14T15:30:25.206829,14,19,19,15,17,0
2026-08-14T15:30:25.206829,13,19,19,15,16,0
2026-08-14T15:30:25.206829,14,20,18,15,16,0
2026-08-14T15:30:25.206829,13,20,18,15,16,0
2026-08-14T15:30:25.214903,14,19,19,14,16,0
2026-08-14T15:30:25.216295,13,20,19,14,16,0
2026-08-14T15:30:25.216295,13,20,20,15,16,0
2026-08-14T15:30:25.219074,13,19,18,15,16,0
2026-08-14T15:30:25.219965,15,19,19,15,16,0
2026-08-14T15:30:25.219965,13,19,20,14,16,0
2026-08-14T15:30:25.219965,13,20,18,15,16,0
2026-08-14T15:30:25.225504,13,20,18,15,17,0
2026-08-14T15:30:25.225504,15,18,19,14,16,0
2026-08-14T15:30:25.225504,14,20,19,15,16,0
2026-08-14T15:30:25.227266,14,18,19,15,16,0
2026-08-14T15:30:25.229318,15,20,18,15,16,0
2026-08-14T15:30:25.229318,13,20,20,15,16,0
2026-08-14T15:30:25.229318,14,20,19,14,15,0
2026-08-14T15:30:25.231381,13,19,19,15,16,0
2026-08-14T15:30:25.231381,13,19,20,15,16,0
2026-08-14T15:30:25.231381,13,20,19,14,17,0
2026-08-14T15:30:25.236111,14,18,19,14,16,0
2026-08-14T15:30:25.237140,13,19,20,16,16,0
2026-08-14T15:30:25.237140,14,20,18,15,16,0
2026-08-14T15:30:25.239480,14,20,19,14,16,0
2026-08-14T15:30:25.239480,15,18,19,14,16,0
2026-08-14T15:30:25.239480,14,19,17,15,16,0
2026-08-14T15:30:25.239480,13,20,20,15,16,0
2026-08-14T15:30:25.239480,13,20,20,14,16,0
2026-08-14T15:30:25.239480,13,19,18,15,16,0
2026-08-14T15:30:25.239480,13,19,19,14,16,0
2026-08-14T15:30:25.239480,13,19,18,15,16,0
2026-08-14T15:30:25.250106,15,19,19,15,17,0
2026-08-14T15:30:25.250106,12,19,19,14,16,0
2026-08-14T15:30:25.250106,13,19,19,15,17,0
2026-08-14T15:30:25.252765,15,19,18,14,16,0
2026-08-14T15:30:25.254170,14,19,19,14,16,0
2026-08-14T15:30:25.254170,14,19,19,15,15,0
2026-08-14T15:30:25.254170,14,18,18,15,16,0
2026-08-14T15:30:25.258285,13,19,18,15,17,0
2026-08-14T15:30:25.258285,13,20,20,14,16,0
2026-08-14T15:30:25.258285,14,20,20,14,15,0
2026-08-14T15:30:25.262379,13,19,19,15,16,0
2026-08-14T15:30:25.262379,13,19,18,14,16,0
2026-08-14T15:30:25.262379,13,19,20,15,16,0
2026-08-14T15:30:25.264138,12,19,19,15,16,0
2026-08-14T15:30:25.266149,13,19,19,15,16,0
2026-08-14T15:30:25.266149,14,19,18,16,17,0
2026-08-14T15:30:25.268412,15,19,19,14,16,0
2026-08-14T15:30:25.270443,13,20,20,14,16,0
2026-08-14T15:30:25.271247,15,18,19,14,16,0
2026-08-14T15:30:25.272268,15,19,16,15,16,0
2026-08-14T15:30:25.272268,14,20,20,14,16,0
2026-08-14T15:30:25.272268,13,20,20,15,16,0
2026-08-14T15:30:25.275881,13,20,18,14,16,0
2026-08-14T15:30:25.275881,13,18,19,15,16,0
2026-08-14T15:30:25.277955,14,19,19,15,17,0
2026-08-14T15:30:25.278995,12,19,19,14,16,0
2026-08-14T15:30:25.280028,13,18,18,14,16,0
2026-08-14T15:30:25.280028,14,20,19,15,16,0
2026-08-14T15:30:25.282112,14,18,18,14,16,0
2026-08-14T15:30:25.284120,14,19,18,14,16,0
2026-08-14T15:30:25.284120,14,20,18,15,16,0
2026-08-14T15:30:25.287015,15,20,18,14,16,0
2026-08-14T15:30:25.287015,12,20,18,14,16,0
2026-08-14T15:30:25.288179,15,19,18,14,16,0
2026-08-14T15:30:25.288179,15,19,19,15,16,0
2026-08-14T15:30:25.288179,13,18,18,14,16,0
2026-08-14T15:30:25.288179,14,19,19,15,16,0
2026-08-14T15:30:25.288179,13,19,18,14,16,0
2026-08-14T15:30:25.288179,13,19,18,14,16,0
2026-08-14T15:30:25.288179,14,19,18,15,16,0
2026-08-14T15:30:25.296676,15,20,19,13,17,0
2026-08-14T15:30:25.296676,13,19,18,14,16,0
2026-08-14T15:30:25.296676,14,20,19,15,16,0
2026-08-14T15:30:25.296676,13,20,18,15,15,0
2026-08-14T15:30:25.296676,13,18,19,15,15,0
2026-08-14T15:30:25.303049,13,19,19,14,16,0
2026-08-14T15:30:25.303826,13,19,18,14,17,0
2026-08-14T15:30:25.303826,13,18,18,15,16,0
2026-08-14T15:30:25.307433,14,18,18,14,17,0
2026-08-14T15:30:25.307433,14,19,19,14,16,0
2026-08-14T15:30:25.307433,13,19,19,15,16,0
2026-08-14T15:30:25.307433,14,19,18,14,16,0
2026-08-14T15:30:25.309914,14,20,18,14,17,0
2026-08-14T15:30:25.309914,14,19,19,15,16,0
2026-08-14T15:30:25.309914,13,20,18,14,15,0
2026-08-14T15:30:25.313342,14,19,20,14,15,0
2026-08-14T15:30:25.313342,14,20,19,14,15,0
2026-08-14T15:30:25.313342,14,19,19,14,16,0
2026-08-14T15:30:25.313342,13,19,19,16,16,0
2026-08-14T15:30:25.319726,14,19,18,15,16,0
2026-08-14T15:30:25.320583,14,19,18,15,16,0
2026-08-14T15:30:25.320923,14,19,19,14,16,0
2026-08-14T15:30:25.320923,13,18,17,15,16,0
2026-08-14T15:30:25.320923,14,19,18,14,15,0
2026-08-14T15:30:25.320923,14,20,19,14,16,0
2026-08-14T15:30:25.327906,13,20,19,14,15,0
2026-08-14T15:30:25.327906,13,19,18,13,16,0
2026-08-14T15:30:25.329429,14,19,18,14,15,0
2026-08-14T15:30:25.329429,12,20,19,15,16,0
2026-08-14T15:30:25.331995,13,19,18,14,16,0
2026-08-14T15:30:25.331995,13,18,18,16,17,0
2026-08-14T15:30:25.331995,13,19,18,14,16,0
2026-08-14T15:30:25.331995,13,19,18,15,16,0
2026-08-14T15:30:25.336494,13,20,18,14,15,0
2026-08-14T15:30:25.337397,14,19,18,14,16,0
2026-08-14T15:30:25.337397,13,18,17,14,16,0
2026-08-14T15:30:25.340207,13,20,18,14,16,0
2026-08-14T15:30:25.340207,14,20,19,14,15,0
2026-08-14T15:30:25.340207,13,20,18,13,16,0
2026-08-14T15:30:25.340207,13,18,18,14,15,0
2026-08-14T15:30:25.340207,13,19,18,14,16,0
2026-08-14T15:30:25.345496,13,19,18,14,16,0
2026-08-14T15:30:25.345496,14,18,17,14,16,0
2026-08-14T15:30:25.345496,13,19,18,14,16,0
2026-08-14T15:30:25.345496,14,19,19,14,15,0
2026-08-14T15:30:25.345496,13,18,18,14,15,0
2026-08-14T15:30:25.345496,14,18,17,13,16,0
2026-08-14T15:30:25.353221,14,18,17,13,16,0
2026-08-14T15:30:25.354261,13,19,19,14,16,0
2026-08-14T15:30:25.354261,13,19,18,14,15,0
2026-08-14T15:30:25.354261,13,18,18,14,16,0
2026-08-14T15:30:25.354261,14,19,18,14,16,0
2026-08-14T15:30:25.354261,13,19,17,15,16,0
2026-08-14T15:30:25.354261,13,19,19,14,15,0
2026-08-14T15:30:25.361401,12,19,18,13,15,0
2026-08-14T15:30:25.361401,13,19,18,15,16,0
2026-08-14T15:30:25.364784,14,18,18,14,16,0
2026-08-14T15:30:25.364784,14,18,18,14,16,0
2026-08-14T15:30:25.364784,13,19,18,13,16,0
2026-08-14T15:30:25.364784,14,18,17,13,15,0
2026-08-14T15:30:25.364784,13,18,18,14,15,0
2026-08-14T15:30:25.369904,13,19,18,14,15,0
2026-08-14T15:30:25.370771,13,20,18,13,15,0
2026-08-14T15:30:25.370771,13,19,17,14,15,0
2026-08-14T15:30:25.370771,14,18,17,14,16,0
2026-08-14T15:30:25.370771,13,18,18,13,16,0
2026-08-14T15:30:25.370771,11,18,17,13,15,0
2026-08-14T15:30:25.370771,13,19,18,14,16,0
2026-08-14T15:30:25.370771,14,18,17,14,16,0
2026-08-14T15:30:25.378070,14,18,18,14,15,0
2026-08-14T15:30:25.378888,13,18,17,14,15,0
2026-08-14T15:30:25.378888,14,19,16,13,15,0
2026-08-14T15:30:25.378888,13,21,17,14,15,0
2026-08-14T15:30:25.382942,12,18,17,14,15,0
2026-08-14T15:30:25.382942,12,18,17,14,15,0
2026-08-14T15:30:25.386085,13,17,18,15,15,0
2026-08-14T15:30:25.386085,13,18,17,14,15,0
2026-08-14T15:30:25.386085,14,18,17,14,16,0
2026-08-14T15:30:25.386085,11,18,18,14,15,0
2026-08-14T15:30:25.386085,12,17,18,13,15,0
2026-08-14T15:30:25.386085,12,18,18,14,16,0
2026-08-14T15:30:25.386085,14,17,17,13,16,0
2026-08-14T15:30:25.394536,14,17,17,14,15,0
2026-08-14T15:30:25.395829,13,18,18,14,15,0
2026-08-14T15:30:25.396380,13,20,18,13,15,0
2026-08-14T15:30:25.396380,13,18,18,14,15,0
2026-08-14T15:30:25.396380,13,18,17,14,15,0
2026-08-14T15:30:25.401654,12,18,16,14,15,0
2026-08-14T15:30:25.402667,13,17,17,13,15,0
2026-08-14T15:30:25.403597,13,18,17,15,15,0
2026-08-14T15:30:25.403597,12,17,17,13,15,0
2026-08-14T15:30:25.403597,11,17,16,14,16,0
2026-08-14T15:30:25.403597,12,18,17,14,15,0
2026-08-14T15:30:25.403597,14,18,17,13,16,0
2026-08-14T15:30:25.408591,13,17,16,13,15,0
2026-08-14T15:30:25.408591,14,18,17,15,15,0
2026-08-14T15:30:25.411143,13,17,18,13,15,0
2026-08-14T15:30:25.411143,13,18,18,13,15,0
2026-08-14T15:30:25.411143,13,18,16,13,15,0
2026-08-14T15:30:25.411143,12,17,16,13,16,0
2026-08-14T15:30:25.411143,11,17,18,14,15,0
2026-08-14T15:30:25.416371,11,17,17,13,15,0
2026-08-14T15:30:25.416371,13,17,16,14,15,0
2026-08-14T15:30:25.419922,11,17,16,13,16,0
2026-08-14T15:30:25.419922,12,17,17,14,15,0
2026-08-14T15:30:25.419922,13,17,17,13,15,0
2026-08-14T15:30:25.419922,14,18,16,13,16,0
2026-08-14T15:30:25.419922,14,17,16,13,16,0
2026-08-14T15:30:25.419922,14,18,16,13,15,0
2026-08-14T15:30:25.419922,11,17,16,13,15,0
2026-08-14T15:30:25.419922,13,17,16,13,15,0
2026-08-14T15:30:25.430310,12,17,16,13,14,0
2026-08-14T15:30:25.430310,11,17,17,14,15,0
2026-08-14T15:30:25.430310,11,16,16,14,15,0
2026-08-14T15:30:25.430310,13,18,16,13,15,0
2026-08-14T15:30:25.434405,13,17,16,13,16,0
2026-08-14T15:30:25.434405,13,18,16,13,15,0
2026-08-14T15:30:25.435930,14,16,16,13,15,0
2026-08-14T15:30:25.438301,13,17,16,13,15,0
2026-08-14T15:30:25.438301,14,15,15,13,15,0
2026-08-14T15:30:25.438301,14,18,15,13,15,0
2026-08-14T15:30:25.440330,13,18,17,13,15,0
2026-08-14T15:30:25.440330,11,17,16,13,14,0
2026-08-14T15:30:25.440330,12,17,16,14,14,0
2026-08-14T15:30:25.440330,12,16,16,14,14,0
2026-08-14T15:30:25.444104,12,18,15,13,16,0
2026-08-14T15:30:25.444104,11,16,16,14,15,0
2026-08-14T15:30:25.444104,13,16,15,12,14,0
2026-08-14T15:30:25.448507,13,17,16,13,15,0
2026-08-14T15:30:25.448507,12,16,16,13,14,0
2026-08-14T15:30:25.448507,13,16,16,13,14,0
2026-08-14T15:30:25.452139,14,16,14,12,15,0
2026-08-14T15:30:25.454883,13,18,16,13,16,0
2026-08-14T15:30:25.454883,12,16,16,13,15,0
2026-08-14T15:30:25.454883,12,17,16,13,15,0
2026-08-14T15:30:25.458983,11,16,15,12,14,0
2026-08-14T15:30:25.458983,13,17,16,13,15,0
2026-08-14T15:30:25.460499,12,16,16,13,13,0
2026-08-14T15:30:25.460499,12,17,15,13,15,0
2026-08-14T15:30:25.460499,11,16,15,12,14,0
2026-08-14T15:30:25.460499,12,16,14,12,15,0
2026-08-14T15:30:25.460499,13,16,15,12,15,0
2026-08-14T15:30:25.464846,12,15,15,13,14,0
2026-08-14T15:30:25.464846,13,16,14,13,14,0
2026-08-14T15:30:25.468707,12,17,15,11,14,0
2026-08-14T15:30:25.469419,12,16,15,12,14,0
2026-08-14T15:30:25.470125,12,16,14,12,15,0
2026-08-14T15:30:25.470125,11,16,14,12,15,0
2026-08-14T15:30:25.470125,11,16,16,12,15,0
2026-08-14T15:30:25.474995,12,16,14,12,14,0
2026-08-14T15:30:25.474995,13,15,14,12,15,0
2026-08-14T15:30:25.476824,11,16,15,13,14,0
2026-08-14T15:30:25.476824,12,16,14,13,14,0
2026-08-14T15:30:25.479111,13,16,15,11,13,0
2026-08-14T15:30:25.479111,12,17,14,11,14,0
2026-08-14T15:30:25.479111,12,16,14,12,15,0
2026-08-14T15:30:25.481198,14,16,15,11,14,0
2026-08-14T15:30:25.481198,12,17,15,11,14,0
2026-08-14T15:30:25.484946,12,16,14,11,14,0
2026-08-14T15:30:25.486986,12,16,14,12,14,0
2026-08-14T15:30:25.486986,11,16,14,12,15,0
2026-08-14T15:30:25.486986,11,16,15,12,14,0
2026-08-14T15:30:25.486986,12,15,14,12,14,0
2026-08-14T15:30:25.486986,12,15,14,13,14,0
2026-08-14T15:30:25.486986,11,15,14,12,14,0
2026-08-14T15:30:25.493109,12,16,14,12,15,0
2026-08-14T15:30:25.494327,13,14,15,11,14,0
2026-08-14T15:30:25.494327,13,15,13,12,15,0
2026-08-14T15:30:25.497615,12,16,14,12,16,0
2026-08-14T15:30:25.497615,11,16,14,12,15,0
2026-08-14T15:30:25.499956,13,16,14,11,13,0
2026-08-14T15:30:25.499956,13,15,12,11,14,0
2026-08-14T15:30:25.501468,12,15,14,12,14,0
2026-08-14T15:30:25.503914,13,15,14,12,14,0
2026-08-14T15:30:25.503914,11,15,13,12,14,0
2026-08-14T15:30:25.505903,11,14,12,13,15,0
2026-08-14T15:30:25.505903,12,15,13,12,15,0
2026-08-14T15:30:25.508181,12,14,14,12,14,0
2026-08-14T15:30:25.508181,12,15,13,11,16,0
2026-08-14T15:30:25.508181,14,15,14,11,15,0
2026-08-14T15:30:25.510393,12,15,13,11,14,0
2026-08-14T15:30:25.510393,10,14,14,12,14,0
2026-08-14T15:30:25.510393,12,16,14,12,14,0
2026-08-14T15:30:25.510393,12,14,13,11,14,0
2026-08-14T15:30:25.510393,12,15,14,12,14,0
2026-08-14T15:30:25.510393,11,14,14,12,14,0
2026-08-14T15:30:25.510393,11,16,14,12,14,0
2026-08-14T15:30:25.520271,12,15,12,11,15,0
2026-08-14T15:30:25.520271,12,15,14,13,14,0
2026-08-14T15:30:25.520271,13,14,13,12,15,0
2026-08-14T15:30:25.520271,12,15,13,12,14,0
2026-08-14T15:30:25.520271,12,15,12,11,14,0
2026-08-14T15:30:25.520271,11,16,13,12,14,0
2026-08-14T15:30:25.526430,12,15,13,12,14,0
2026-08-14T15:30:25.527432,11,16,13,12,14,0
2026-08-14T15:30:25.527432,11,15,14,12,14,0
2026-08-14T15:30:25.527432,12,15,14,12,15,0
2026-08-14T15:30:25.532708,12,15,13,11,14,0
2026-08-14T15:30:25.532708,11,15,13,11,15,0
2026-08-14T15:30:25.532708,11,15,12,11,15,0
2026-08-14T15:30:25.534475,13,15,14,11,14,0
2026-08-14T15:30:25.536359,13,14,13,11,14,0
2026-08-14T15:30:25.537604,11,14,12,12,13,0
2026-08-14T15:30:25.538183,12,15,14,12,14,0
2026-08-14T15:30:25.540907,12,16,13,12,14,0
2026-08-14T15:30:25.540907,13,15,13,11,13,0
2026-08-14T15:30:25.540907,11,16,12,12,14,0
2026-08-14T15:30:25.542669,11,15,13,12,14,0
2026-08-14T15:30:25.544756,11,15,13,12,14,0
2026-08-14T15:30:25.544756,12,15,13,11,13,0
2026-08-14T15:30:25.544756,12,15,13,11,14,0
2026-08-14T15:30:25.544756,11,14,13,11,14,0
2026-08-14T15:30:25.544756,12,14,14,11,13,0
2026-08-14T15:30:25.544756,12,15,13,11,14,0
2026-08-14T15:30:25.551040,12,14,14,12,15,0
2026-08-14T15:30:25.553395,13,15,12,11,15,0
2026-08-14T15:30:25.553395,11,15,13,12,14,0
2026-08-14T15:30:25.553395,11,16,13,13,14,0
2026-08-14T15:30:25.553395,11,15,13,12,15,0
2026-08-14T15:30:25.553395,13,15,12,12,14,0
2026-08-14T15:30:25.553395,12,15,13,12,14,0
2026-08-14T15:30:25.559116,12,15,13,11,14,0
2026-08-14T15:30:25.559116,11,15,13,11,14,0
2026-08-14T15:30:25.559116,11,13,13,12,14,0
2026-08-14T15:30:25.563248,12,15,14,12,14,0
2026-08-14T15:30:25.565469,12,15,14,11,13,0
2026-08-14T15:30:25.565469,13,14,12,12,14,0
2026-08-14T15:30:25.565469,12,15,13,12,14,0
2026-08-14T15:30:25.567232,11,15,14,12,14,0
2026-08-14T15:30:25.569879,11,15,14,12,14,0
2026-08-14T15:30:25.571155,11,14,12,13,14,0
2026-08-14T15:30:25.571155,11,13,13,12,14,0
2026-08-14T15:30:25.573646,11,14,14,12,15,0
2026-08-14T15:30:25.573646,12,14,13,11,15,0
2026-08-14T15:30:25.573646,11,14,12,11,14,0
2026-08-14T15:30:25.575403,13,14,12,11,15,0
2026-08-14T15:30:25.575403,12,14,13,11,15,0
2026-08-14T15:30:25.579623,12,14,13,12,14,0
2026-08-14T15:30:25.579623,12,15,13,11,14,0
2026-08-14T15:30:25.579623,12,15,13,12,14,0
2026-08-14T15:30:25.579623,12,16,14,12,14,0
2026-08-14T15:30:25.579623,11,14,13,12,14,0
2026-08-14T15:30:25.583598,12,16,14,12,14,0
2026-08-14T15:30:25.586959,13,15,13,11,13,0
2026-08-14T15:30:25.587316,11,15,13,11,15,0
2026-08-14T15:30:25.587316,12,15,13,11,14,0
2026-08-14T15:30:25.587316,11,15,13,12,15,0
2026-08-14T15:30:25.587316,12,15,13,11,15,0
2026-08-14T15:30:25.592003,12,15,12,11,15,0
2026-08-14T15:30:25.594169,12,15,12,11,14,0
2026-08-14T15:30:25.594169,13,15,13,11,14,0
2026-08-14T15:30:25.594169,12,15,12,11,14,0
2026-08-14T15:30:25.596516,12,15,13,12,15,0
2026-08-14T15:30:25.596516,12,15,13,12,15,0
2026-08-14T15:30:25.596516,12,14,12,10,14,0
2026-08-14T15:30:25.600026,11,16,13,12,14,0
2026-08-14T15:30:25.600026,12,15,12,11,14,0
2026-08-14T15:30:25.602825,12,15,13,11,14,0
2026-08-14T15:30:25.604161,11,14,13,12,14,0
2026-08-14T15:30:25.604161,11,15,12,12,14,0
2026-08-14T15:30:25.604161,12,15,14,11,14,0
2026-08-14T15:30:25.604161,13,15,12,11,14,0
2026-08-14T15:30:25.608388,12,14,12,12,15,0
2026-08-14T15:30:25.608388,11,14,13,11,14,0
2026-08-14T15:30:25.608388,12,16,13,11,14,0
2026-08-14T15:30:25.608388,12,15,13,11,14,0
2026-08-14T15:30:25.614640,11,15,12,12,14,0
2026-08-14T15:30:25.614640,11,15,12,12,15,0
2026-08-14T15:30:25.614640,11,17,14,12,15,0
2026-08-14T15:30:25.616410,12,15,13,12,15,0
2026-08-14T15:30:25.616410,11,15,12,11,14,0
2026-08-14T15:30:25.620394,12,15,11,13,15,0
2026-08-14T15:30:25.620394,12,14,13,11,14,0
2026-08-14T15:30:25.622832,12,15,13,11,14,0
2026-08-14T15:30:25.622832,12,15,14,11,14,0
2026-08-14T15:30:25.622832,13,16,12,12,13,0
2026-08-14T15:30:25.625569,11,15,12,12,14,0
2026-08-14T15:30:25.625569,13,16,13,12,13,0
2026-08-14T15:30:25.625569,11,15,12,12,14,0
2026-08-14T15:30:25.625569,12,15,12,12,15,0
2026-08-14T15:30:25.625569,12,16,13,12,14,0
2026-08-14T15:30:25.625569,11,15,14,11,15,0
2026-08-14T15:30:25.625569,12,15,13,11,15,0
2026-08-14T15:30:25.634683,12,15,12,12,15,0
2026-08-14T15:30:25.636581,12,15,13,13,14,0
2026-08-14T15:30:25.636581,11,15,13,12,14,0
2026-08-14T15:30:25.636581,12,15,12,11,14,0
2026-08-14T15:30:25.636581,11,15,12,11,14,0
2026-08-14T15:30:25.636581,11,16,13,13,14,0
2026-08-14T15:30:25.640741,11,15,13,12,14,0
2026-08-14T15:30:25.640741,11,16,12,11,14,0
2026-08-14T15:30:25.640741,12,14,12,12,15,0
2026-08-14T15:30:25.640741,11,16,13,11,14,0
2026-08-14T15:30:25.645068,12,15,13,12,14,0
2026-08-14T15:30:25.647404,12,15,13,11,15,0
2026-08-14T15:30:25.647404,14,14,13,11,15,0
2026-08-14T15:30:25.649188,12,15,13,12,14,0
2026-08-14T15:30:25.649188,12,16,14,12,14,0
2026-08-14T15:30:25.649188,13,17,14,12,14,0
2026-08-14T15:30:25.653884,13,15,13,12,14,0
2026-08-14T15:30:25.654371,12,15,13,11,15,0
2026-08-14T15:30:25.654371,11,15,13,12,15,0
2026-08-14T15:30:25.654371,11,15,13,12,14,0
2026-08-14T15:30:25.654371,13,15,12,12,15,0
2026-08-14T15:30:25.658230,12,15,12,12,15,0
2026-08-14T15:30:25.658230,12,15,13,11,15,0
2026-08-14T15:30:25.658230,12,15,13,11,15,0
2026-08-14T15:30:25.658230,13,15,12,12,15,0
2026-08-14T15:30:25.658230,12,16,13,12,14,0
2026-08-14T15:30:25.658230,12,16,13,12,16,0
2026-08-14T15:30:25.665868,11,16,14,11,13,0
2026-08-14T15:30:25.665868,11,15,14,11,15,0
2026-08-14T15:30:25.665868,11,15,13,12,15,0
2026-08-14T15:30:25.669417,12,15,14,12,14,0
2026-08-14T15:30:25.670065,12,16,13,12,14,0
2026-08-14T15:30:25.670065,11,16,13,12,14,0
2026-08-14T15:30:25.670065,12,16,13,11,14,0
2026-08-14T15:30:25.674177,12,15,13,11,16,0
2026-08-14T15:30:25.676080,12,15,13,12,14,0
2026-08-14T15:30:25.676080,12,15,14,12,15,0
2026-08-14T15:30:25.677840,11,16,14,11,14,0
2026-08-14T15:30:25.680180,13,15,13,11,15,0
2026-08-14T15:30:25.680180,12,15,13,11,14,0
2026-08-14T15:30:25.680180,13,15,14,14,14,0
2026-08-14T15:30:25.682297,12,16,14,11,15,0
2026-08-14T15:30:25.683813,12,17,14,12,15,0
2026-08-14T15:30:25.683813,11,15,14,12,15,0
2026-08-14T15:30:25.686005,11,15,12,11,14,0
2026-08-14T15:30:25.687434,12,16,14,12,15,0
2026-08-14T15:30:25.687434,12,16,14,11,15,0
2026-08-14T15:30:25.687434,14,14,13,11,14,0
2026-08-14T15:30:25.690343,12,15,14,12,14,0
2026-08-14T15:30:25.690343,11,16,13,12,15,0
2026-08-14T15:30:25.690343,13,16,14,11,13,0
2026-08-14T15:30:25.690343,13,16,13,12,15,0
2026-08-14T15:30:25.690343,11,15,12,12,14,0
2026-08-14T15:30:25.690343,11,17,13,12,15,0
2026-08-14T15:30:25.690343,12,16,14,12,15,0
2026-08-14T15:30:25.699822,12,16,13,11,15,0
2026-08-14T15:30:25.699822,12,17,14,12,14,0
2026-08-14T15:30:25.701840,12,16,13,11,15,0
2026-08-14T15:30:25.702734,13,15,14,11,14,0
2026-08-14T15:30:25.704438,13,15,13,11,14,0
2026-08-14T15:30:25.704438,13,15,14,11,14,0
2026-08-14T15:30:25.704438,13,16,14,12,14,0
2026-08-14T15:30:25.708684,12,16,14,12,15,0
2026-08-14T15:30:25.708684,13,16,14,12,14,0
2026-08-14T15:30:25.708684,13,15,14,12,14,0
2026-08-14T15:30:25.710804,12,15,14,12,15,0
2026-08-14T15:30:25.710804,12,15,14,11,15,0
2026-08-14T15:30:25.710804,12,16,14,12,14,0
2026-08-14T15:30:25.710804,12,15,13,11,14,0
2026-08-14T15:30:25.716791,14,15,14,12,16,0
2026-08-14T15:30:25.717347,12,16,14,12,14,0
2026-08-14T15:30:25.717347,13,16,14,13,14,0
2026-08-14T15:30:25.717347,13,16,14,11,14,0
2026-08-14T15:30:25.721180,11,16,15,12,15,0
2026-08-14T15:30:25.721180,11,16,13,12,14,0
2026-08-14T15:30:25.721180,11,16,14,12,14,0
2026-08-14T15:30:25.724009,12,16,14,12,15,0
2026-08-14T15:30:25.724009,13,15,13,12,15,0
2026-08-14T15:30:25.724009,12,15,13,11,15,0
2026-08-14T15:30:25.729332,12,16,14,12,15,0
2026-08-14T15:30:25.729332,12,15,13,12,15,0
2026-08-14T15:30:25.729332,13,15,15,11,14,0
2026-08-14T15:30:25.729332,12,16,14,12,15,0
2026-08-14T15:30:25.732117,13,16,14,11,15,0
2026-08-14T15:30:25.732117,11,16,14,12,14,0
2026-08-14T15:30:25.732117,12,16,15,11,14,0
2026-08-14T15:30:25.737230,13,15,15,13,15,0
2026-08-14T15:30:25.737230,11,17,15,13,15,0
2026-08-14T15:30:25.737230,13,16,13,12,14,0
2026-08-14T15:30:25.737230,12,16,14,12,15,0
2026-08-14T15:30:25.739585,12,16,15,13,15,0
2026-08-14T15:30:25.739585,13,16,14,13,15,0
2026-08-14T15:30:25.739585,12,16,14,11,14,0
2026-08-14T15:30:25.743361,13,16,14,11,15,0
2026-08-14T15:30:25.743361,12,15,15,12,14,0
2026-08-14T15:30:25.743361,13,15,14,12,14,0
2026-08-14T15:30:25.743361,13,16,14,11,14,0
2026-08-14T15:30:25.747922,12,16,14,12,14,0
2026-08-14T15:30:25.747922,12,17,15,12,13,0
2026-08-14T15:30:25.747922,11,16,14,13,15,0
2026-08-14T15:30:25.753889,12,16,14,12,15,0
2026-08-14T15:30:25.753889,13,17,14,12,15,0
2026-08-14T15:30:25.753889,13,15,14,11,15,0
2026-08-14T15:30:25.757981,11,16,14,12,15,0
2026-08-14T15:30:25.757981,12,17,15,12,14,0
2026-08-14T15:30:25.757981,12,16,14,11,14,0
2026-08-14T15:30:25.759740,13,16,14,12,15,0
2026-08-14T15:30:25.759740,13,16,14,12,14,0
2026-08-14T15:30:25.759740,12,16,14,12,15,0
2026-08-14T15:30:25.759740,12,17,14,12,14,0
2026-08-14T15:30:25.763884,11,17,14,12,15,0
2026-08-14T15:30:25.763884,13,17,15,12,15,0
2026-08-14T15:30:25.763884,11,16,15,11,15,0
2026-08-14T15:30:25.763884,11,16,15,12,15,0
2026-08-14T15:30:25.770059,12,16,14,11,15,0
2026-08-14T15:30:25.770059,11,16,16,12,14,0
2026-08-14T15:30:25.770059,11,16,15,11,15,0
2026-08-14T15:30:25.773765,13,16,15,12,15,0
2026-08-14T15:30:25.773765,12,16,14,11,14,0
2026-08-14T15:30:25.775347,13,16,14,11,14,0
2026-08-14T15:30:25.776378,12,15,14,11,14,0
2026-08-14T15:30:25.778528,11,16,15,12,14,0
2026-08-14T15:30:25.778528,11,17,15,12,15,0
2026-08-14T15:30:25.778528,13,17,15,12,14,0
2026-08-14T15:30:25.782580,12,17,14,12,15,0
2026-08-14T15:30:25.782580,13,16,15,13,14,0
2026-08-14T15:30:25.782580,11,16,15,13,14,0
2026-08-14T15:30:25.782580,12,16,14,12,15,0
2026-08-14T15:30:25.786416,12,15,14,12,15,0
2026-08-14T15:30:25.787105,12,17,14,12,16,0
2026-08-14T15:30:25.787105,13,17,15,13,15,0
2026-08-14T15:30:25.788335,14,16,14,11,15,0
2026-08-14T15:30:25.788335,13,17,14,11,14,0
2026-08-14T15:30:25.788335,13,18,15,12,14,0
2026-08-14T15:30:25.792514,11,16,15,12,14,0
2026-08-14T15:30:25.792514,11,16,14,12,14,0
2026-08-14T15:30:25.792514,13,16,15,12,14,0
2026-08-14T15:30:25.796599,12,16,15,12,15,0
2026-08-14T15:30:25.796599,11,17,15,12,15,0
2026-08-14T15:30:25.796599,12,16,14,13,16,0
2026-08-14T15:30:25.796599,12,16,15,11,14,0
2026-08-14T15:30:25.796599,12,17,14,11,15,0
2026-08-14T15:30:25.803258,13,16,15,11,14,0
2026-08-14T15:30:25.804342,11,16,16,13,15,0
2026-08-14T15:30:25.804342,12,17,14,14,14,0
2026-08-14T15:30:25.807179,13,18,15,11,15,0
2026-08-14T15:30:25.807179,12,16,15,13,15,0
2026-08-14T15:30:25.808942,12,17,14,12,15,0
2026-08-14T15:30:25.811229,13,17,14,12,15,0
2026-08-14T15:30:25.811229,12,17,14,12,14,0
2026-08-14T15:30:25.812791,11,15,15,12,16,0
2026-08-14T15:30:25.812791,13,17,15,12,14,0
2026-08-14T15:30:25.815178,11,17,14,12,15,0
2026-08-14T15:30:25.815178,13,16,15,13,15,0
2026-08-14T15:30:25.815178,13,16,15,11,15,0
2026-08-14T15:30:25.819467,13,17,15,12,15,0
2026-08-14T15:30:25.820312,12,17,15,12,15,0
2026-08-14T15:30:25.820714,15,18,15,12,14,0
2026-08-14T15:30:25.820714,13,17,15,12,14,0
2026-08-14T15:30:25.820714,13,18,16,13,15,0
2026-08-14T15:30:25.820714,11,17,14,13,14,0
2026-08-14T15:30:25.825378,12,17,16,13,15,0
2026-08-14T15:30:25.825378,12,16,15,13,15,0
2026-08-14T15:30:25.828354,12,17,15,13,16,0
2026-08-14T15:30:25.828354,12,16,16,13,15,0
2026-08-14T15:30:25.828354,13,16,15,12,15,0
2026-08-14T15:30:25.828354,13,17,16,13,14,0
2026-08-14T15:30:25.833564,13,16,15,10,15,0
2026-08-14T15:30:25.834454,14,16,14,12,15,0
2026-08-14T15:30:25.836220,12,16,14,13,15,0
2026-08-14T15:30:25.836828,13,18,16,13,15,0
2026-08-14T15:30:25.837351,12,16,16,13,14,0
2026-08-14T15:30:25.839616,13,18,15,13,15,0
2026-08-14T15:30:25.839616,11,16,16,14,15,0
2026-08-14T15:30:25.839616,11,17,16,12,15,0
2026-08-14T15:30:25.839616,13,16,15,13,15,0
2026-08-14T15:30:25.844005,12,16,16,12,16,0
2026-08-14T15:30:25.844005,12,16,16,13,15,0
2026-08-14T15:30:25.844005,13,17,16,13,15,0
2026-08-14T15:30:25.848109,14,17,15,11,15,0
2026-08-14T15:30:25.848109,12,16,15,13,15,0
2026-08-14T15:30:25.848109,13,18,16,12,15,0
2026-08-14T15:30:25.848109,12,17,16,12,15,0
2026-08-14T15:30:25.852230,11,17,15,12,14,0
2026-08-14T15:30:25.853669,12,17,15,12,14,0
2026-08-14T15:30:25.853669,11,17,16,13,15,0
2026-08-14T15:30:25.856305,11,16,16,13,15,0
2026-08-14T15:30:25.856305,11,18,16,12,15,0
2026-08-14T15:30:25.856305,12,17,15,12,15,0
2026-08-14T15:30:25.858948,13,17,15,12,15,0
2026-08-14T15:30:25.860700,13,18,16,13,15,0
2026-08-14T15:30:25.860700,13,16,15,12,14,0
2026-08-14T15:30:25.862718,13,18,14,12,15,0
2026-08-14T15:30:25.862718,13,16,15,12,15,0
2026-08-14T15:30:25.862718,13,17,16,13,15,0
2026-08-14T15:30:25.862718,12,17,16,12,14,0
2026-08-14T15:30:25.866263,12,18,16,12,15,0
2026-08-14T15:30:25.869519,13,17,15,12,15,0
2026-08-14T15:30:25.870855,13,17,16,13,15,0
2026-08-14T15:30:25.870855,13,16,16,12,15,0
2026-08-14T15:30:25.872785,12,17,14,12,15,0
2026-08-14T15:30:25.872785,13,18,15,14,15,0
2026-08-14T15:30:25.872785,13,17,16,12,15,0
2026-08-14T15:30:25.876780,12,17,15,13,15,0
2026-08-14T15:30:25.876780,12,17,16,12,16,0
2026-08-14T15:30:25.876780,14,17,15,13,15,0
2026-08-14T15:30:25.876780,12,17,15,13,15,0
2026-08-14T15:30:25.880883,13,17,16,13,15,0
2026-08-14T15:30:25.880883,11,17,16,14,14,0
2026-08-14T15:30:25.880883,11,17,16,13,16,0
2026-08-14T15:30:25.883557,12,18,16,13,16,0
2026-08-14T15:30:25.885076,12,18,16,13,15,0
2026-08-14T15:30:25.886050,13,17,15,13,15,0
2026-08-14T15:30:25.887872,13,17,15,13,15,0
2026-08-14T15:30:25.887872,13,18,15,12,15,0
2026-08-14T15:30:25.887872,13,17,15,13,15,0
2026-08-14T15:30:25.887872,13,18,16,13,15,0
2026-08-14T15:30:25.893222,11,17,16,12,15,0
2026-08-14T15:30:25.893222,11,17,16,13,15,0
2026-08-14T15:30:25.893222,12,16,16,12,15,0
2026-08-14T15:30:25.893222,13,18,15,13,16,0
2026-08-14T15:30:25.893222,11,17,16,13,15,0
2026-08-14T15:30:25.893222,13,18,16,11,15,0
2026-08-14T15:30:25.893222,13,17,16,13,16,0
2026-08-14T15:30:25.893222,13,18,15,12,15,0
2026-08-14T15:30:25.901437,13,17,15,12,16,0
2026-08-14T15:30:25.903344,13,17,16,12,15,0
2026-08-14T15:30:25.905455,13,18,15,11,16,0
2026-08-14T15:30:25.905455,13,17,15,12,15,0
2026-08-14T15:30:25.905455,13,17,17,12,15,0
2026-08-14T15:30:25.907217,11,17,16,12,15,0
2026-08-14T15:30:25.909555,12,17,16,13,14,0
2026-08-14T15:30:25.909555,13,17,16,13,14,0
2026-08-14T15:30:25.909555,13,17,16,13,16,0
2026-08-14T15:30:25.912906,12,17,16,13,16,0
2026-08-14T15:30:25.922263,12,18,16,12,15,0
2026-08-14T15:30:25.925213,13,18,15,13,16,0
2026-08-14T15:30:25.925213,14,17,15,12,16,0
2026-08-14T15:30:25.925213,12,17,16,13,15,0
2026-08-14T15:30:25.925213,12,19,16,13,15,0
2026-08-14T15:30:25.925213,12,18,16,13,15,0
2026-08-14T15:30:25.925213,12,17,16,13,14,0
2026-08-14T15:30:25.925213,14,18,17,12,15,0
2026-08-14T15:30:25.925213,11,17,16,13,15,0
2026-08-14T15:30:25.925213,12,18,16,12,14,0
2026-08-14T15:30:25.925213,12,17,17,12,15,0
2026-08-14T15:30:25.925213,12,18,15,13,15,0
2026-08-14T15:30:25.925213,12,19,15,12,16,0
2026-08-14T15:30:25.925213,12,18,15,12,15,0
2026-08-14T15:30:25.925213,14,18,15,13,15,0
2026-08-14T15:30:25.933273,13,18,15,12,15,0
2026-08-14T15:30:25.934348,12,17,15,13,15,0
2026-08-14T15:30:25.934348,13,18,15,13,15,0
2026-08-14T15:30:25.934348,13,18,16,12,15,0
2026-08-14T15:30:25.936010,12,18,16,13,15,0
2026-08-14T15:30:25.938217,13,18,16,13,15,0
2026-08-14T15:30:25.938217,11,17,16,12,15,0
2026-08-14T15:30:25.938217,12,18,16,13,15,0
2026-08-14T15:30:25.942309,13,17,16,13,16,0
2026-08-14T15:30:25.942309,11,17,16,13,15,0
2026-08-14T15:30:25.942309,12,17,15,13,15,0
2026-08-14T15:30:25.942309,13,18,16,12,15,0
2026-08-14T15:30:25.946303,13,17,15,11,16,0
2026-08-14T15:30:25.946303,13,17,15,13,16,0
2026-08-14T15:30:25.946303,13,18,15,13,15,0
2026-08-14T15:30:25.946303,13,18,16,13,15,0
2026-08-14T15:30:25.950734,13,17,16,14,15,0
2026-08-14T15:30:25.950734,11,17,16,13,15,0
2026-08-14T15:30:25.952757,11,18,16,14,15,0
2026-08-14T15:30:25.953582,11,17,17,14,15,0
2026-08-14T15:30:25.953582,12,18,16,13,16,0
2026-08-14T15:30:25.953582,12,18,16,12,16,0
2026-08-14T15:30:25.958821,12,18,15,13,16,0
2026-08-14T15:30:25.958821,13,17,16,13,14,0
2026-08-14T15:30:25.958821,13,18,16,13,15,0
2026-08-14T15:30:25.958821,13,18,16,13,16,0
2026-08-14T15:30:25.958821,13,18,16,13,16,0
2026-08-14T15:30:25.958821,11,18,16,14,16,0
2026-08-14T15:30:25.964637,13,18,16,14,15,0
2026-08-14T15:30:25.966653,12,17,16,12,14,0
2026-08-14T15:30:25.966653,12,19,16,13,15,0
2026-08-14T15:30:25.966653,13,18,16,14,15,0
2026-08-14T15:30:25.970987,11,18,17,13,15,0
2026-08-14T15:30:25.970987,12,17,16,13,15,0
2026-08-14T15:30:25.970987,12,17,16,13,15,0
2026-08-14T15:30:25.972750,12,18,16,13,15,0
2026-08-14T15:30:25.975080,12,17,16,13,15,0
2026-08-14T15:30:25.975080,14,18,15,13,16,0
2026-08-14T15:30:25.975080,12,18,16,13,15,0
2026-08-14T15:30:25.979065,12,17,16,13,16,0
2026-08-14T15:30:25.979065,13,18,16,13,15,0
2026-08-14T15:30:25.979065,13,17,16,13,15,0
2026-08-14T15:30:25.979065,13,17,16,13,16,0
2026-08-14T15:30:25.983379,13,17,16,13,16,0
2026-08-14T15:30:25.983379,12,17,16,12,15,0
2026-08-14T15:30:25.983379,11,18,16,13,15,0
2026-08-14T15:30:25.986747,14,17,15,13,16,0
2026-08-14T15:30:25.986747,13,17,16,13,15,0
2026-08-14T15:30:25.986747,14,18,16,13,15,0
2026-08-14T15:30:25.991557,13,18,16,12,15,0
2026-08-14T15:30:25.991557,13,20,16,13,15,0
2026-08-14T15:30:25.991557,13,18,16,13,14,0
2026-08-14T15:30:25.993572,13,19,17,13,15,0
2026-08-14T15:30:25.993572,13,19,18,12,15,0
2026-08-14T15:30:25.993572,12,18,16,13,16,0
2026-08-14T15:30:25.993572,14,18,17,13,16,0
2026-08-14T15:30:25.999656,12,18,16,13,16,0
2026-08-14T15:30:25.999656,14,18,17,12,15,0
2026-08-14T15:30:25.999656,12,17,16,12,16,0
2026-08-14T15:30:26.001438,12,18,16,13,16,0
2026-08-14T15:30:26.003779,14,18,16,13,15,0
2026-08-14T15:30:26.003779,13,18,16,14,16,0
2026-08-14T15:30:26.003779,13,18,16,13,15,0
2026-08-14T15:30:26.006254,13,19,17,13,16,0
2026-08-14T15:30:26.008048,13,18,16,13,16,0
2026-08-14T15:30:26.008048,14,17,16,13,15,0
2026-08-14T15:30:26.008048,11,17,16,13,15,0
2026-08-14T15:30:26.008048,12,19,17,13,16,0
2026-08-14T15:30:26.008048,13,18,16,12,16,0
2026-08-14T15:30:26.008048,13,19,16,13,16,0
2026-08-14T15:30:26.008048,13,18,16,14,15,0
2026-08-14T15:30:26.016170,12,19,16,12,16,0
2026-08-14T15:30:26.018504,14,18,17,13,15,0
2026-08-14T15:30:26.019924,13,18,16,13,16,0
2026-08-14T15:30:26.020670,13,18,16,13,15,0
2026-08-14T15:30:26.020670,11,18,16,14,15,0
2026-08-14T15:30:26.020670,12,19,17,14,16,0
2026-08-14T15:30:26.020670,12,19,18,13,16,0
2026-08-14T15:30:26.024462,11,17,16,13,16,0
2026-08-14T15:30:26.024462,13,18,16,13,17,0
2026-08-14T15:30:26.028332,13,19,17,13,16,0
2026-08-14T15:30:26.028332,12,17,16,13,15,0
2026-08-14T15:30:26.028332,14,19,16,13,15,0
2026-08-14T15:30:26.030094,13,18,16,13,16,0
2026-08-14T15:30:26.031646,13,18,17,13,15,0
2026-08-14T15:30:26.032657,13,18,16,13,16,0
2026-08-14T15:30:26.032657,13,19,16,13,15,0
2026-08-14T15:30:26.036108,13,19,18,14,15,0
2026-08-14T15:30:26.036862,12,18,17,12,15,0
2026-08-14T15:30:26.036862,12,18,18,14,16,0
2026-08-14T15:30:26.036862,13,19,17,13,16,0
2026-08-14T15:30:26.036862,12,19,17,14,15,0
2026-08-14T15:30:26.041011,11,19,17,13,15,0
2026-08-14T15:30:26.041011,13,18,17,13,17,0
2026-08-14T15:30:26.043024,13,17,16,13,16,0
2026-08-14T15:30:26.043024,13,18,17,14,16,0
2026-08-14T15:30:26.043024,13,18,17,14,15,0
2026-08-14T15:30:26.043024,13,20,17,13,15,0
2026-08-14T15:30:26.043024,13,19,17,13,16,0
2026-08-14T15:30:26.049321,12,18,16,12,15,0
2026-08-14T15:30:26.049321,13,19,16,14,16,0
2026-08-14T15:30:26.052856,13,19,17,13,15,0
2026-08-14T15:30:26.054189,13,18,16,13,16,0
2026-08-14T15:30:26.054189,13,17,17,13,16,0
2026-08-14T15:30:26.057005,13,19,17,14,16,0
2026-08-14T15:30:26.057005,13,18,16,13,16,0
2026-08-14T15:30:26.057005,13,18,16,13,16,0
2026-08-14T15:30:26.057005,13,18,17,13,16,0
2026-08-14T15:30:26.059918,14,18,17,13,16,0
2026-08-14T15:30:26.059918,14,19,17,13,16,0
2026-08-14T15:30:26.059918,14,20,16,13,15,0
2026-08-14T15:30:26.059918,13,20,17,13,16,0
2026-08-14T15:30:26.065255,13,19,18,14,15,0
2026-08-14T15:30:26.066206,13,18,17,12,15,0
2026-08-14T15:30:26.066206,12,18,16,13,15,0
2026-08-14T15:30:26.066206,13,19,17,13,16,0
2026-08-14T15:30:26.069736,12,18,16,14,16,0
2026-08-14T15:30:26.070382,11,19,17,14,16,0
2026-08-14T15:30:26.073517,12,19,17,14,16,0
2026-08-14T15:30:26.073517,14,18,18,13,16,0
2026-08-14T15:30:26.073517,14,19,16,14,16,0
2026-08-14T15:30:26.073517,13,18,17,13,16,0
2026-08-14T15:30:26.073517,14,20,17,13,16,0
2026-08-14T15:30:26.073517,14,18,18,13,15,0
2026-08-14T15:30:26.073517,13,19,17,13,16,0
2026-08-14T15:30:26.081585,13,18,18,14,15,0
2026-08-14T15:30:26.081585,13,19,18,14,15,0
2026-08-14T15:30:26.081585,12,20,18,14,17,0
2026-08-14T15:30:26.083353,14,18,17,13,16,0
2026-08-14T15:30:26.086186,13,19,18,14,16,0
2026-08-14T15:30:26.087487,13,18,18,13,16,0
2026-08-14T15:30:26.087487,13,19,17,13,16,0
2026-08-14T15:30:26.089758,14,18,18,14,16,0
2026-08-14T15:30:26.089758,13,19,18,13,16,0
2026-08-14T15:30:26.089758,12,19,18,13,16,0
2026-08-14T15:30:26.093816,13,20,18,13,15,0
2026-08-14T15:30:26.093816,13,19,18,14,15,0
2026-08-14T15:30:26.095581,12,19,18,13,15,0
2026-08-14T15:30:26.095581,13,19,17,14,15,0
2026-08-14T15:30:26.097803,12,18,17,14,16,0
2026-08-14T15:30:26.097803,13,19,18,13,16,0
2026-08-14T15:30:26.097803,12,18,17,14,16,0
2026-08-14T15:30:26.099697,13,18,17,13,16,0
2026-08-14T15:30:26.103477,13,19,18,13,16,0
2026-08-14T15:30:26.104498,13,19,18,15,16,0
2026-08-14T15:30:26.104498,14,18,18,13,16,0
2026-08-14T15:30:26.106250,13,19,18,14,15,0
2026-08-14T15:30:26.106250,13,19,18,14,15,0
2026-08-14T15:30:26.106250,13,19,19,14,16,0
2026-08-14T15:30:26.108259,13,20,18,14,16,0
2026-08-14T15:30:26.108259,13,18,17,14,17,0
2026-08-14T15:30:26.108259,14,18,18,14,16,0
2026-08-14T15:30:26.111994,13,20,18,14,16,0
2026-08-14T15:30:26.114353,14,19,17,13,16,0
2026-08-14T15:30:26.114353,12,19,17,13,16,0
2026-08-14T15:30:26.114353,14,18,17,13,16,0
2026-08-14T15:30:26.117248,13,19,18,13,16,0
2026-08-14T15:30:26.117248,14,18,16,15,16,0
2026-08-14T15:30:26.120013,14,20,18,13,16,0
2026-08-14T15:30:26.120631,13,19,17,14,16,0
2026-08-14T15:30:26.122673,13,19,17,14,16,0
2026-08-14T15:30:26.122673,14,20,18,14,16,0
2026-08-14T15:30:26.122673,14,19,17,14,16,0
2026-08-14T15:30:26.124685,12,18,18,13,16,0
2026-08-14T15:30:26.124685,13,19,17,15,16,0
2026-08-14T15:30:26.124685,13,19,18,13,16,0
2026-08-14T15:30:26.128472,13,18,18,14,16,0
2026-08-14T15:30:26.130990,14,18,18,14,16,0
2026-08-14T15:30:26.130990,14,19,17,13,16,0
2026-08-14T15:30:26.133004,14,18,17,13,16,0
2026-08-14T15:30:26.134820,13,18,17,13,17,0
2026-08-14T15:30:26.136113,14,18,17,14,16,0
2026-08-14T15:30:26.136113,11,19,17,14,16,0
2026-08-14T15:30:26.138448,13,20,18,14,16,0
2026-08-14T15:30:26.139503,13,19,17,14,16,0
2026-08-14T15:30:26.139503,14,18,17,14,16,0
2026-08-14T15:30:26.139503,13,19,18,14,16,0
2026-08-14T15:30:26.141514,13,20,18,14,16,0
2026-08-14T15:30:26.143525,12,20,18,14,16,0
2026-08-14T15:30:26.143525,14,18,19,13,15,0
2026-08-14T15:30:26.145535,14,19,18,13,16,0
2026-08-14T15:30:26.147546,14,18,17,13,16,0
2026-08-14T15:30:26.147546,13,20,17,14,15,0
2026-08-14T15:30:26.147546,12,20,18,14,15,0
2026-08-14T15:30:26.149557,14,19,18,14,16,0
2026-08-14T15:30:26.149557,13,19,18,14,16,0
2026-08-14T15:30:26.149557,13,19,17,14,15,0
2026-08-14T15:30:26.154864,13,20,19,13,16,0
2026-08-14T15:30:26.155970,13,19,19,14,16,0
2026-08-14T15:30:26.155970,11,18,18,14,16,0
2026-08-14T15:30:26.155970,13,19,17,14,16,0
2026-08-14T15:30:26.155970,14,19,18,14,16,0
2026-08-14T15:30:26.155970,14,20,18,15,15,0
2026-08-14T15:30:26.155970,14,19,17,13,16,0
2026-08-14T15:30:26.163483,13,19,16,14,16,0
2026-08-14T15:30:26.163483,13,20,18,14,16,0
2026-08-14T15:30:26.165319,13,19,18,14,15,0
2026-08-14T15:30:26.167584,13,19,18,14,15,0
2026-08-14T15:30:26.167584,12,19,17,14,17,0
2026-08-14T15:30:26.167584,13,19,17,14,16,0
2026-08-14T15:30:26.170188,12,19,19,14,16,0
2026-08-14T15:30:26.170188,13,18,17,13,16,0
2026-08-14T15:30:26.171950,13,18,18,13,16,0
2026-08-14T15:30:26.171950,13,19,18,14,16,0
2026-08-14T15:30:26.174327,13,20,18,14,15,0
2026-08-14T15:30:26.174327,14,19,17,14,16,0
2026-08-14T15:30:26.174327,14,20,18,14,15,0
2026-08-14T15:30:26.174327,13,19,18,14,17,0
2026-08-14T15:30:26.179869,14,19,18,15,15,0
2026-08-14T15:30:26.179869,12,20,18,14,15,0
2026-08-14T15:30:26.179869,13,19,18,14,16,0
2026-08-14T15:30:26.181785,12,18,18,14,16,0
2026-08-14T15:30:26.181785,12,19,18,14,16,0
2026-08-14T15:30:26.181785,13,20,18,15,17,0
2026-08-14T15:30:26.181785,13,18,17,15,16,0
2026-08-14T15:30:26.188274,13,18,18,15,16,0
2026-08-14T15:30:26.188274,13,19,19,15,16,0
2026-08-14T15:30:26.188274,13,19,18,14,16,0
2026-08-14T15:30:26.188274,14,19,18,15,16,0
2026-08-14T15:30:26.188274,14,20,18,15,15,0
2026-08-14T15:30:26.188274,13,19,18,14,16,0
2026-08-14T15:30:26.196372,13,20,19,14,15,0
2026-08-14T15:30:26.196372,13,20,18,14,16,0
2026-08-14T15:30:26.196372,13,20,19,14,16,0
2026-08-14T15:30:26.198382,13,19,18,13,16,0
2026-08-14T15:30:26.200357,12,19,18,15,16,0
2026-08-14T15:30:26.200357,13,20,18,14,16,0
2026-08-14T15:30:26.200357,14,18,18,14,16,0
2026-08-14T15:30:26.204456,15,20,19,14,16,0
2026-08-14T15:30:26.204456,14,19,18,13,16,0
2026-08-14T15:30:26.204456,15,20,17,14,15,0
2026-08-14T15:30:26.206219,13,20,20,14,15,0
2026-08-14T15:30:26.207994,13,19,18,15,16,0
2026-08-14T15:30:26.207994,13,19,19,14,16,0
2026-08-14T15:30:26.207994,13,19,18,15,15,0
2026-08-14T15:30:26.212555,13,20,18,15,17,0
2026-08-14T15:30:26.212555,12,19,18,14,16,0
2026-08-14T15:30:26.212555,14,19,19,16,16,0
2026-08-14T15:30:26.212555,14,19,18,14,16,0
2026-08-14T15:30:26.212555,14,19,19,14,16,0
2026-08-14T15:30:26.217297,13,20,19,14,16,0
2026-08-14T15:30:26.218898,15,18,19,14,16,0
2026-08-14T15:30:26.220191,13,19,18,15,16,0
2026-08-14T15:30:26.220191,13,20,18,14,16,0
2026-08-14T15:30:26.220191,14,20,20,14,16,0
2026-08-14T15:30:26.220191,15,20,18,15,16,0
2026-08-14T15:30:26.225299,13,20,18,15,16,0
2026-08-14T15:30:26.225809,13,19,19,15,15,0
2026-08-14T15:30:26.226448,15,19,19,15,16,0
2026-08-14T15:30:26.229008,14,19,19,14,16,0
2026-08-14T15:30:26.229008,14,19,19,15,17,0
2026-08-14T15:30:26.229008,14,19,19,15,16,0
2026-08-14T15:30:26.231953,13,20,19,15,17,0
2026-08-14T15:30:26.231953,14,20,19,15,17,0
2026-08-14T15:30:26.231953,14,20,19,15,16,0
2026-08-14T15:30:26.234941,13,20,19,15,17,0
2026-08-14T15:30:26.236755,13,20,20,15,16,0
2026-08-14T15:30:26.236755,14,20,20,14,16,0
2026-08-14T15:30:26.236755,14,19,18,15,16,0
2026-08-14T15:30:26.236755,15,19,19,15,17,0
2026-08-14T15:30:26.236755,13,19,19,15,17,0
2026-08-14T15:30:26.236755,14,19,18,15,17,0
2026-08-14T15:30:26.236755,14,19,18,14,16,0
2026-08-14T15:30:26.244127,14,20,20,15,16,0
2026-08-14T15:30:26.244127,14,19,19,14,17,0
2026-08-14T15:30:26.244127,14,20,19,15,17,0
2026-08-14T15:30:26.244127,13,20,18,15,16,0
2026-08-14T15:30:26.244127,14,20,18,15,16,0
2026-08-14T15:30:26.251263,13,21,20,15,16,0
2026-08-14T15:30:26.252275,13,20,19,15,17,0
2026-08-14T15:30:26.253543,13,20,20,15,17,0
2026-08-14T15:30:26.254237,13,19,19,15,16,0
2026-08-14T15:30:26.254237,14,19,19,15,16,0
2026-08-14T15:30:26.257695,13,19,19,15,17,0
2026-08-14T15:30:26.257695,13,19,19,14,17,0
2026-08-14T15:30:26.257695,14,20,19,14,17,0
2026-08-14T15:30:26.260467,14,20,18,15,16,0
2026-08-14T15:30:26.260467,14,20,19,16,16,0
2026-08-14T15:30:26.260467,14,19,18,15,16,0
2026-08-14T15:30:26.264508,15,20,20,14,17,0
2026-08-14T15:30:26.264508,15,20,19,15,16,0
2026-08-14T15:30:26.264508,13,19,20,14,15,0
2026-08-14T15:30:26.264508,15,19,18,15,16,0
2026-08-14T15:30:26.269329,13,20,19,16,16,0
2026-08-14T15:30:26.270881,13,20,19,15,17,0
2026-08-14T15:30:26.270881,13,19,19,15,17,0
2026-08-14T15:30:26.272451,14,19,18,15,16,0
2026-08-14T15:30:26.274086,14,19,19,15,16,0
2026-08-14T15:30:26.274086,14,20,19,15,16,0
2026-08-14T15:30:26.274086,14,20,20,15,17,0
2026-08-14T15:30:26.277871,14,20,19,14,17,0
2026-08-14T15:30:26.278901,13,20,20,15,17,0
2026-08-14T15:30:26.278901,13,20,20,14,16,0
2026-08-14T15:30:26.280493,15,20,20,15,16,0
2026-08-14T15:30:26.280493,14,20,20,16,16,0
2026-08-14T15:30:26.280493,14,20,19,15,18,0
2026-08-14T15:30:26.284083,13,19,19,15,16,0
2026-08-14T15:30:26.286055,14,20,19,15,16,0
2026-08-14T15:30:26.286743,14,19,19,15,16,0
2026-08-14T15:30:26.286743,12,19,19,15,16,0
2026-08-14T15:30:26.289517,14,19,19,15,16,0
2026-08-14T15:30:26.289517,14,20,19,15,16,0
2026-08-14T15:30:26.289517,15,20,20,16,17,0
2026-08-14T15:30:26.289517,13,20,20,15,17,0
2026-08-14T15:30:26.294558,13,20,20,15,16,0
2026-08-14T15:30:26.294558,13,21,20,15,16,0
2026-08-14T15:30:26.294558,13,20,20,15,16,0
2026-08-14T15:30:26.298657,14,20,20,16,16,0
2026-08-14T15:30:26.298657,12,19,20,16,17,0
2026-08-14T15:30:26.298657,14,20,20,15,17,0
2026-08-14T15:30:26.298657,14,20,19,15,16,0
2026-08-14T15:30:26.302699,14,20,19,15,16,0
2026-08-14T15:30:26.303176,14,20,19,15,16,0
2026-08-14T15:30:26.304018,14,19,20,16,17,0
2026-08-14T15:30:26.304018,14,20,20,16,17,0
2026-08-14T15:30:26.304018,14,20,20,14,17,0
2026-08-14T15:30:26.304018,15,20,20,15,17,0
2026-08-14T15:30:26.308616,13,20,19,15,17,0
2026-08-14T15:30:26.310990,13,20,19,16,17,0
2026-08-14T15:30:26.310990,14,21,20,15,16,0
2026-08-14T15:30:26.310990,14,20,20,15,16,0
2026-08-14T15:30:26.310990,15,21,19,16,16,0
2026-08-14T15:30:26.310990,13,19,20,15,16,0
2026-08-14T15:30:26.310990,14,21,20,15,17,0
2026-08-14T15:30:26.316814,14,20,19,15,17,0
2026-08-14T15:30:26.319475,14,19,19,15,17,0
2026-08-14T15:30:26.320059,15,20,20,16,16,0
2026-08-14T15:30:26.320855,15,20,20,15,16,0
2026-08-14T15:30:26.320855,13,20,20,15,17,0
2026-08-14T15:30:26.320855,15,19,20,14,17,0
2026-08-14T15:30:26.324987,14,20,20,15,16,0
2026-08-14T15:30:26.324987,13,19,20,16,17,0
2026-08-14T15:30:26.327640,13,19,20,15,17,0
2026-08-14T15:30:26.327640,14,20,20,15,16,0
2026-08-14T15:30:26.327640,15,19,19,16,17,0
2026-08-14T15:30:26.331432,13,19,20,16,17,0
2026-08-14T15:30:26.331432,14,20,21,15,16,0
2026-08-14T15:30:26.331432,15,20,20,16,16,0
2026-08-14T15:30:26.335532,15,20,20,15,17,0
2026-08-14T15:30:26.336054,14,20,20,16,17,0
2026-08-14T15:30:26.336716,14,20,20,17,17,0
2026-08-14T15:30:26.336716,15,21,20,15,17,0
2026-08-14T15:30:26.339594,15,21,20,15,17,0
2026-08-14T15:30:26.339594,13,20,21,16,17,0
2026-08-14T15:30:26.339594,13,19,20,15,17,0
2026-08-14T15:30:26.343612,13,21,20,16,17,0
2026-08-14T15:30:26.343612,14,21,19,15,16,0
2026-08-14T15:30:26.343612,14,19,19,15,17,0
2026-08-14T15:30:26.343612,14,20,19,15,17,0
2026-08-14T15:30:26.343612,13,19,20,15,17,0
2026-08-14T15:30:26.343612,14,20,20,15,17,0
2026-08-14T15:30:26.343612,15,20,19,15,17,0
2026-08-14T15:30:26.351877,15,20,20,15,17,0
2026-08-14T15:30:26.353378,14,21,20,15,16,0
2026-08-14T15:30:26.353378,13,20,20,15,17,0
2026-08-14T15:30:26.353378,14,20,20,15,16,0
2026-08-14T15:30:26.353378,14,19,20,15,17,0
2026-08-14T15:30:26.353378,15,19,20,16,16,0
2026-08-14T15:30:26.353378,14,21,20,16,17,0
2026-08-14T15:30:26.360096,14,21,20,15,16,0
2026-08-14T15:30:26.360096,14,19,20,15,17,0
2026-08-14T15:30:26.360096,13,21,19,16,17,0
2026-08-14T15:30:26.364195,14,20,20,15,17,0
2026-08-14T15:30:26.364195,14,20,20,15,17,0
2026-08-14T15:30:26.364195,14,20,20,15,17,0
2026-08-14T15:30:26.364195,14,20,19,15,17,0
2026-08-14T15:30:26.368006,15,21,20,15,16,0
2026-08-14T15:30:26.368006,13,21,20,15,17,0
2026-08-14T15:30:26.370592,14,21,20,16,17,0
2026-08-14T15:30:26.372370,15,21,20,16,16,0
2026-08-14T15:30:26.372370,14,21,18,15,16,0
2026-08-14T15:30:26.372370,14,21,20,15,17,0
2026-08-14T15:30:26.374121,14,20,20,15,17,0
2026-08-14T15:30:26.376180,14,21,19,15,17,0
2026-08-14T15:30:26.376180,13,19,19,15,17,0
2026-08-14T15:30:26.376180,14,20,19,16,17,0
2026-08-14T15:30:26.376180,13,20,20,15,16,0
2026-08-14T15:30:26.376180,15,20,19,15,16,0
2026-08-14T15:30:26.376180,14,21,20,15,17,0
2026-08-14T15:30:26.376180,14,20,20,16,17,0
2026-08-14T15:30:26.384267,13,20,20,15,17,0
2026-08-14T15:30:26.385165,14,21,19,16,18,0
2026-08-14T15:30:26.386910,14,21,19,16,16,0
2026-08-14T15:30:26.386910,14,20,20,16,17,0
2026-08-14T15:30:26.386910,14,20,20,16,16,0
2026-08-14T15:30:26.386910,13,20,19,15,16,0
2026-08-14T15:30:26.392853,15,19,20,15,16,0
2026-08-14T15:30:26.392853,14,19,20,15,16,0
2026-08-14T15:30:26.394611,13,20,20,15,15,0
2026-08-14T15:30:26.394611,15,20,20,15,17,0
2026-08-14T15:30:26.396623,14,21,20,16,17,0
2026-08-14T15:30:26.397402,14,20,20,15,16,0
2026-08-14T15:30:26.397402,14,21,21,15,17,0
2026-08-14T15:30:26.401044,14,21,20,15,17,0
2026-08-14T15:30:26.401044,14,20,20,16,17,0
2026-08-14T15:30:26.402701,14,20,20,17,17,0
2026-08-14T15:30:26.403769,14,20,20,15,16,0
2026-08-14T15:30:26.403769,14,19,20,16,17,0
2026-08-14T15:30:26.403769,14,20,20,15,17,0
2026-08-14T15:30:26.403769,14,20,20,15,16,0
2026-08-14T15:30:26.409116,15,20,20,15,17,0
2026-08-14T15:30:26.409116,14,20,20,16,17,0
2026-08-14T15:30:26.410153,15,20,20,15,16,0
2026-08-14T15:30:26.410153,14,21,20,15,16,0
2026-08-14T15:30:26.413395,14,20,20,15,16,0
2026-08-14T15:30:26.413395,15,21,20,15,17,0
2026-08-14T15:30:26.413395,13,20,20,15,16,0
2026-08-14T15:30:26.417430,14,21,20,15,16,0
2026-08-14T15:30:26.417430,13,21,21,15,17,0
2026-08-14T15:30:26.419958,14,19,19,16,17,0
2026-08-14T15:30:26.420269,13,19,20,16,17,0
2026-08-14T15:30:26.420269,14,20,20,15,17,0
2026-08-14T15:30:26.420269,14,21,20,15,17,0
2026-08-14T15:30:26.420269,14,19,19,17,17,0
2026-08-14T15:30:26.425632,14,20,19,15,16,0
2026-08-14T15:30:26.425632,15,21,20,14,17,0
2026-08-14T15:30:26.425632,14,20,20,15,17,0
2026-08-14T15:30:26.428363,15,21,20,16,17,0
2026-08-14T15:30:26.428363,13,19,20,15,16,0
2026-08-14T15:30:26.428363,13,21,20,16,17,0
2026-08-14T15:30:26.428363,12,21,19,15,17,0
2026-08-14T15:30:26.433877,14,21,20,16,17,0
2026-08-14T15:30:26.433877,14,19,20,16,16,0
2026-08-14T15:30:26.433877,13,19,19,16,16,0
2026-08-14T15:30:26.437145,14,19,19,15,16,0
2026-08-14T15:30:26.437145,15,20,19,15,16,0
2026-08-14T15:30:26.439706,14,19,18,16,17,0
2026-08-14T15:30:26.439706,13,20,20,15,17,0
2026-08-14T15:30:26.439706,13,20,20,15,16,0
2026-08-14T15:30:26.442277,13,20,20,15,17,0
2026-08-14T15:30:26.442277,14,20,20,15,17,0
2026-08-14T15:30:26.442277,15,19,20,15,17,0
2026-08-14T15:30:26.442277,14,20,20,15,17,0
2026-08-14T15:30:26.442277,15,19,20,15,16,0
2026-08-14T15:30:26.447862,14,20,19,15,17,0
2026-08-14T15:30:26.450212,14,19,19,15,16,0
2026-08-14T15:30:26.450212,14,20,20,15,16,0
2026-08-14T15:30:26.450212,14,20,20,15,16,0
2026-08-14T15:30:26.453381,14,20,20,15,16,0
2026-08-14T15:30:26.453381,14,21,19,15,17,0
2026-08-14T15:30:26.453381,16,20,20,15,16,0
2026-08-14T15:30:26.458338,14,20,19,15,17,0
2026-08-14T15:30:26.458338,14,21,20,15,16,0
2026-08-14T15:30:26.458338,13,20,20,15,16,0
2026-08-14T15:30:26.460144,15,20,20,15,16,0
2026-08-14T15:30:26.460144,13,20,19,16,18,0
2026-08-14T15:30:26.460144,15,20,19,16,17,0
2026-08-14T15:30:26.460144,15,20,20,15,16,0
2026-08-14T15:30:26.466630,14,20,20,16,17,0
2026-08-14T15:30:26.466630,14,19,19,16,16,0
2026-08-14T15:30:26.466630,14,19,19,15,16,0
2026-08-14T15:30:26.466630,15,20,20,15,16,0
2026-08-14T15:30:26.470610,15,20,20,15,16,0
2026-08-14T15:30:26.470610,15,20,20,15,16,0
2026-08-14T15:30:26.470610,14,21,20,16,17,0
2026-08-14T15:30:26.474781,14,19,20,15,16,0
2026-08-14T15:30:26.474781,13,21,19,15,16,0
2026-08-14T15:30:26.474781,14,21,19,16,16,0
2026-08-14T15:30:26.476546,13,20,19,15,16,0
2026-08-14T15:30:26.478737,14,19,20,16,17,0
2026-08-14T15:30:26.479427,13,20,20,15,16,0
2026-08-14T15:30:26.479427,14,21,19,15,16,0
2026-08-14T15:30:26.482989,14,19,19,15,17,0
2026-08-14T15:30:26.482989,15,21,20,15,16,0
2026-08-14T15:30:26.484756,14,20,19,16,16,0
2026-08-14T15:30:26.484756,14,20,20,16,16,0
2026-08-14T15:30:26.487006,15,20,20,15,16,0
2026-08-14T15:30:26.487371,14,20,20,16,16,0
2026-08-14T15:30:26.487371,13,20,19,16,17,0
2026-08-14T15:30:26.491300,13,20,20,15,16,0
2026-08-14T15:30:26.491300,15,20,20,15,17,0
2026-08-14T15:30:26.491300,14,20,21,16,17,0
2026-08-14T15:30:26.493337,14,19,19,15,17,0
2026-08-14T15:30:26.493337,15,20,20,15,17,0
2026-08-14T15:30:26.493337,14,20,20,15,16,0
2026-08-14T15:30:26.497116,15,20,20,15,16,0
2026-08-14T15:30:26.499379,14,20,20,15,17,0
2026-08-14T15:30:26.499379,15,19,19,15,17,0
2026-08-14T15:30:26.499379,14,21,20,15,16,0
2026-08-14T15:30:26.502710,14,20,20,15,16,0
2026-08-14T15:30:26.503681,14,20,20,15,17,0
2026-08-14T15:30:26.503681,13,21,20,16,17,0
2026-08-14T15:30:26.505917,13,20,20,15,16,0
2026-08-14T15:30:26.505917,15,20,20,16,17,0
2026-08-14T15:30:26.507691,14,19,20,15,16,0
2026-08-14T15:30:26.507691,14,21,20,16,17,0
2026-08-14T15:30:26.511657,14,19,19,15,16,0
2026-08-14T15:30:26.512547,14,21,20,15,16,0
2026-08-14T15:30:26.512547,13,20,19,15,16,0
2026-08-14T15:30:26.512547,14,20,18,15,17,0
2026-08-14T15:30:26.515758,15,20,20,16,17,0
2026-08-14T15:30:26.515758,14,21,20,15,17,0
2026-08-14T15:30:26.515758,14,21,20,15,16,0
2026-08-14T15:30:26.519735,14,21,19,15,17,0
2026-08-14T15:30:26.520949,14,20,18,16,16,0
2026-08-14T15:30:26.520949,13,21,20,16,16,0
2026-08-14T15:30:26.523690,14,20,20,15,17,0
2026-08-14T15:30:26.523690,14,19,19,15,16,0
2026-08-14T15:30:26.523690,16,20,20,15,16,0
2026-08-14T15:30:26.523690,14,19,19,15,16,0
2026-08-14T15:30:26.527301,15,20,20,15,16,0
2026-08-14T15:30:26.527301,15,20,19,16,16,0
2026-08-14T15:30:26.527301,14,20,20,16,17,0
2026-08-14T15:30:26.531752,15,21,20,16,16,0
2026-08-14T15:30:26.531752,13,19,20,15,16,0
2026-08-14T15:30:26.533767,14,20,20,15,17,0
2026-08-14T15:30:26.533767,13,19,19,16,18,0
2026-08-14T15:30:26.536141,13,20,20,16,18,0
2026-08-14T15:30:26.536917,14,21,20,15,16,0
2026-08-14T15:30:26.536917,14,20,20,15,17,0
2026-08-14T15:30:26.539971,15,19,19,16,17,0
2026-08-14T15:30:26.539971,14,19,20,16,17,0
2026-08-14T15:30:26.539971,14,19,19,15,16,0
2026-08-14T15:30:26.539971,14,20,20,15,17,0
2026-08-14T15:30:26.539971,15,20,20,15,16,0
2026-08-14T15:30:26.539971,14,19,21,16,16,0
2026-08-14T15:30:26.539971,13,20,21,16,17,0
2026-08-14T15:30:26.548219,13,20,20,15,16,0
2026-08-14T15:30:26.548219,13,20,19,15,16,0
2026-08-14T15:30:26.550231,14,21,19,15,16,0
2026-08-14T15:30:26.550231,14,19,20,16,17,0
2026-08-14T15:30:26.550231,13,20,20,15,17,0
2026-08-14T15:30:26.553773,14,20,19,15,17,0
2026-08-14T15:30:26.553773,15,20,19,15,16,0
2026-08-14T15:30:26.556706,14,20,20,15,17,0
2026-08-14T15:30:26.556706,15,20,20,16,17,0
2026-08-14T15:30:26.556706,14,21,20,15,17,0
2026-08-14T15:30:26.559364,14,20,20,15,16,0
2026-08-14T15:30:26.559364,14,20,20,14,16,0
2026-08-14T15:30:26.562691,13,21,20,15,17,0
2026-08-14T15:30:26.562691,13,20,20,15,16,0
2026-08-14T15:30:26.564207,13,20,19,15,16,0
2026-08-14T15:30:26.564207,14,20,20,15,17,0
2026-08-14T15:30:26.564207,14,20,19,15,17,0
2026-08-14T15:30:26.564207,15,19,19,15,17,0
2026-08-14T15:30:26.569397,13,20,19,15,16,0
2026-08-14T15:30:26.571293,14,20,19,15,16,0
2026-08-14T15:30:26.571293,15,20,19,15,17,0
2026-08-14T15:30:26.572332,14,21,20,15,16,0
2026-08-14T15:30:26.572332,14,21,20,15,17,0
2026-08-14T15:30:26.572332,15,20,20,15,16,0
2026-08-14T15:30:26.574855,14,20,19,16,16,0
2026-08-14T15:30:26.574855,13,19,19,16,18,0
2026-08-14T15:30:26.574855,14,19,19,15,17,0
2026-08-14T15:30:26.579019,14,19,20,15,16,0
2026-08-14T15:30:26.581269,15,19,19,16,17,0
2026-08-14T15:30:26.581269,14,20,18,15,16,0
2026-08-14T15:30:26.581269,15,20,19,15,16,0
2026-08-14T15:30:26.584034,15,21,20,15,17,0
2026-08-14T15:30:26.586711,14,20,20,15,16,0
2026-08-14T15:30:26.586711,14,21,20,15,17,0
2026-08-14T15:30:26.588875,13,19,19,15,17,0
2026-08-14T15:30:26.589668,13,19,20,15,16,0
2026-08-14T15:30:26.590683,13,20,20,16,16,0
2026-08-14T15:30:26.590683,14,20,19,16,17,0
2026-08-14T15:30:26.592828,14,19,19,15,16,0
2026-08-14T15:30:26.593898,13,19,19,15,17,0
2026-08-14T15:30:26.594936,14,21,20,15,17,0
2026-08-14T15:30:26.597110,15,20,19,15,16,0
2026-08-14T15:30:26.599123,15,20,20,15,16,0
2026-08-14T15:30:26.599123,15,20,20,15,16,0
2026-08-14T15:30:26.601137,13,20,20,15,16,0
2026-08-14T15:30:26.601137,15,21,20,15,17,0
2026-08-14T15:30:26.603149,15,19,20,15,17,0
2026-08-14T15:30:26.604119,14,20,20,16,17,0
2026-08-14T15:30:26.605592,14,20,20,16,16,0
2026-08-14T15:30:26.605592,13,20,20,16,17,0
2026-08-14T15:30:26.607686,13,20,19,15,17,0
2026-08-14T15:30:26.607686,14,20,20,15,16,0
2026-08-14T15:30:26.609698,14,20,20,16,17,0
2026-08-14T15:30:26.609698,14,20,19,15,16,0
2026-08-14T15:30:26.609698,15,20,19,15,17,0
2026-08-14T15:30:26.613616,15,21,20,15,16,0
2026-08-14T15:30:26.614280,14,20,20,15,16,0
2026-08-14T15:30:26.614280,15,21,20,15,17,0
2026-08-14T15:30:26.614280,13,20,20,15,16,0
2026-08-14T15:30:26.618125,13,19,19,15,16,0
2026-08-14T15:30:26.618721,13,21,20,16,16,0
2026-08-14T15:30:26.618721,13,20,19,16,16,0
2026-08-14T15:30:26.621883,12,20,20,15,16,0
2026-08-14T15:30:26.622800,14,20,20,15,16,0
2026-08-14T15:30:26.622800,14,20,19,15,17,0
2026-08-14T15:30:26.626345,14,19,18,16,17,0
2026-08-14T15:30:26.626345,14,20,20,15,16,0
2026-08-14T15:30:26.626345,13,20,20,15,16,0
2026-08-14T15:30:26.626345,14,20,19,15,17,0
2026-08-14T15:30:26.629460,13,20,20,15,16,0
2026-08-14T15:30:26.629460,13,21,20,16,17,0
2026-08-14T15:30:26.629460,13,19,20,16,16,0
2026-08-14T15:30:26.629460,13,20,20,16,16,0
2026-08-14T15:30:26.629460,13,19,20,15,17,0
2026-08-14T15:30:26.629460,14,19,19,16,16,0
2026-08-14T15:30:26.636103,14,19,20,15,16,0
2026-08-14T15:30:26.638332,15,20,19,16,17,0
2026-08-14T15:30:26.638332,14,20,20,15,16,0
2026-08-14T15:30:26.638332,14,20,20,15,16,0
2026-08-14T15:30:26.640866,13,20,20,15,15,0
2026-08-14T15:30:26.642879,13,20,20,16,16,0
2026-08-14T15:30:26.642879,14,20,20,16,17,0
2026-08-14T15:30:26.642879,14,20,20,16,17,0
2026-08-14T15:30:26.646809,13,19,20,16,17,0
2026-08-14T15:30:26.646809,13,20,20,16,16,0
2026-08-14T15:30:26.646809,14,19,20,15,16,0
2026-08-14T15:30:26.649586,14,19,19,16,17,0
2026-08-14T15:30:26.649586,15,19,20,15,16,0
2026-08-14T15:30:26.649586,15,20,20,15,17,0
2026-08-14T15:30:26.653407,14,20,19,15,17,0
2026-08-14T15:30:26.654138,14,20,20,15,16,0
2026-08-14T15:30:26.654138,14,19,21,15,16,0
2026-08-14T15:30:26.654138,13,19,20,16,16,0
2026-08-14T15:30:26.654138,13,20,20,15,16,0
2026-08-14T15:30:26.654138,14,20,19,15,18,0
2026-08-14T15:30:26.654138,14,20,20,16,17,0
2026-08-14T15:30:26.660950,15,21,19,15,16,0
2026-08-14T15:30:26.660950,13,20,20,15,16,0
2026-08-14T15:30:26.660950,15,20,20,15,16,0
2026-08-14T15:30:26.665050,16,20,19,15,17,0
2026-08-14T15:30:26.665050,15,20,20,16,16,0
2026-08-14T15:30:26.665050,13,21,20,15,17,0
2026-08-14T15:30:26.665050,14,21,20,15,16,0
2026-08-14T15:30:26.671407,13,20,20,15,16,0
2026-08-14T15:30:26.671407,13,19,19,15,17,0
2026-08-14T15:30:26.671407,15,19,19,16,17,0
2026-08-14T15:30:26.671407,14,20,20,15,16,0
2026-08-14T15:30:26.675478,14,20,20,16,17,0
2026-08-14T15:30:26.675478,14,19,20,16,17,0
2026-08-14T15:30:26.675478,14,20,20,15,16,0
2026-08-14T15:30:26.677240,14,20,20,15,17,0
2026-08-14T15:30:26.677240,15,21,19,15,17,0
2026-08-14T15:30:26.677240,14,19,20,15,17,0
2026-08-14T15:30:26.681343,14,21,20,15,17,0
2026-08-14T15:30:26.681343,13,21,20,16,16,0
2026-08-14T15:30:26.681343,13,20,19,16,16,0
2026-08-14T15:30:26.681343,15,19,20,15,16,0
2026-08-14T15:30:26.687491,14,20,19,15,17,0
2026-08-14T15:30:26.688097,13,19,20,16,16,0
2026-08-14T15:30:26.688097,15,19,21,15,17,0
2026-08-14T15:30:26.688097,14,20,19,15,16,0
2026-08-14T15:30:26.688097,14,19,19,15,17,0
2026-08-14T15:30:26.688097,15,20,19,15,16,0
2026-08-14T15:30:26.694082,14,20,20,15,16,0
2026-08-14T15:30:26.695848,13,20,20,15,17,0
2026-08-14T15:30:26.695848,14,19,19,15,16,0
2026-08-14T15:30:26.695848,13,19,19,15,16,0
2026-08-14T15:30:26.695848,14,21,19,15,17,0
2026-08-14T15:30:26.695848,14,21,20,15,16,0
2026-08-14T15:30:26.701870,14,21,21,15,16,0
2026-08-14T15:30:26.703350,14,20,19,16,17,0
2026-08-14T15:30:26.703350,15,20,19,15,17,0
2026-08-14T15:30:26.703350,14,20,19,15,17,0
2026-08-14T15:30:26.703350,15,20,20,16,17,0
2026-08-14T15:30:26.703350,14,20,20,15,17,0
2026-08-14T15:30:26.703350,14,20,20,15,16,0
2026-08-14T15:30:26.703350,15,20,18,15,16,0
2026-08-14T15:30:26.710053,13,20,20,15,16,0
2026-08-14T15:30:26.710053,13,20,20,15,16,0
2026-08-14T15:30:26.710053,15,20,20,16,17,0
2026-08-14T15:30:26.710053,13,19,19,16,16,0
2026-08-14T15:30:26.715266,14,20,19,15,17,0
2026-08-14T15:30:26.715266,13,20,20,16,17,0
2026-08-14T15:30:26.715266,14,20,20,15,17,0
2026-08-14T15:30:26.715266,14,20,20,16,17,0
2026-08-14T15:30:26.720651,14,19,19,15,17,0
2026-08-14T15:30:26.720651,14,20,20,14,17,0
2026-08-14T15:30:26.720651,14,20,20,15,16,0
2026-08-14T15:30:26.724655,14,21,19,15,17,0
2026-08-14T15:30:26.724655,14,20,20,15,16,0
2026-08-14T15:30:26.724655,13,20,20,16,16,0
2026-08-14T15:30:26.728028,14,20,20,15,16,0
2026-08-14T15:30:26.729041,14,19,19,15,17,0
2026-08-14T15:30:26.729041,13,19,19,15,17,0
2026-08-14T15:30:26.731665,14,20,20,15,16,0
2026-08-14T15:30:26.732890,14,20,20,15,16,0
2026-08-14T15:30:26.733462,15,19,19,15,17,0
2026-08-14T15:30:26.734534,14,19,18,16,17,0
2026-08-14T15:30:26.737052,14,20,19,15,16,0
2026-08-14T15:30:26.737953,13,20,20,15,16,0
2026-08-14T15:30:26.738664,15,20,18,15,17,0
2026-08-14T15:30:26.739974,14,20,20,15,16,0
2026-08-14T15:30:26.741043,14,19,19,16,17,0
2026-08-14T15:30:26.741043,15,19,20,16,16,0
2026-08-14T15:30:26.741043,14,20,19,15,17,0
2026-08-14T15:30:26.743902,14,19,19,16,17,0
2026-08-14T15:30:26.745913,15,20,19,15,17,0
2026-08-14T15:30:26.745913,14,19,20,15,16,0
2026-08-14T15:30:26.745913,13,20,19,15,16,0
2026-08-14T15:30:26.749294,15,20,20,15,16,0
2026-08-14T15:30:26.749762,14,20,20,15,16,0
2026-08-14T15:30:26.750269,13,19,20,15,16,0
2026-08-14T15:30:26.753366,13,21,20,15,17,0
2026-08-14T15:30:26.753674,15,21,20,15,16,0
2026-08-14T15:30:26.754663,12,19,19,15,16,0
2026-08-14T15:30:26.754663,13,19,19,16,17,0
2026-08-14T15:30:26.754663,13,21,19,15,16,0
2026-08-14T15:30:26.754663,13,21,20,15,16,0
2026-08-14T15:30:26.758925,15,20,19,15,17,0
2026-08-14T15:30:26.761508,14,19,20,15,16,0
2026-08-14T15:30:26.761508,15,20,20,15,17,0
2026-08-14T15:30:26.761508,13,20,18,15,16,0
2026-08-14T15:30:26.765607,14,21,20,15,16,0
2026-08-14T15:30:26.765607,14,21,20,15,16,0
2026-08-14T15:30:26.765607,13,20,19,15,16,0
2026-08-14T15:30:26.765607,13,19,20,16,16,0
2026-08-14T15:30:26.769927,13,21,20,15,16,0
2026-08-14T15:30:26.770233,13,20,20,15,16,0
2026-08-14T15:30:26.770233,15,19,19,16,17,0
2026-08-14T15:30:26.772541,14,20,19,15,16,0
2026-08-14T15:30:26.772541,14,20,21,15,16,0
2026-08-14T15:30:26.772541,15,20,20,15,16,0
2026-08-14T15:30:26.775372,14,20,18,16,17,0
2026-08-14T15:30:26.777544,15,20,18,15,17,0
2026-08-14T15:30:26.777544,14,21,20,15,16,0
2026-08-14T15:30:26.778591,14,20,19,15,15,0
2026-08-14T15:30:26.780731,13,20,20,15,17,0
2026-08-14T15:30:26.782369,14,21,19,15,17,0
2026-08-14T15:30:26.783451,12,21,19,15,16,0
2026-08-14T15:30:26.783451,14,20,20,15,16,0
2026-08-14T15:30:26.783451,14,20,19,15,16,0
2026-08-14T15:30:26.786506,14,19,18,16,17,0
2026-08-14T15:30:26.787140,14,20,20,15,16,0
2026-08-14T15:30:26.789197,13,20,20,14,16,0
2026-08-14T15:30:26.789197,14,20,20,15,17,0
2026-08-14T15:30:26.791496,14,20,19,15,16,0
2026-08-14T15:30:26.793508,13,19,20,15,16,0
2026-08-14T15:30:26.793508,13,19,20,16,17,0
2026-08-14T15:30:26.795518,13,20,20,15,16,0
2026-08-14T15:30:26.795518,13,20,20,16,16,0
2026-08-14T15:30:26.795518,14,19,19,15,17,0
2026-08-14T15:30:26.795518,14,19,19,15,16,0
2026-08-14T15:30:26.795518,14,20,20,15,16,0
2026-08-14T15:30:26.802896,14,19,18,15,17,0
2026-08-14T15:30:26.803826,14,20,20,15,16,0
2026-08-14T15:30:26.803826,14,21,20,15,17,0
2026-08-14T15:30:26.804722,14,20,20,15,16,0
2026-08-14T15:30:26.804722,13,21,20,15,17,0
2026-08-14T15:30:26.806969,15,20,20,14,17,0
2026-08-14T15:30:26.806969,14,20,19,15,16,0
2026-08-14T15:30:26.809993,13,21,20,16,16,0
2026-08-14T15:30:26.809993,13,21,19,15,17,0
2026-08-14T15:30:26.812000,14,19,20,15,17,0
2026-08-14T15:30:26.812000,14,19,19,15,16,0
2026-08-14T15:30:26.814759,14,21,19,16,17,0
2026-08-14T15:30:26.814759,14,20,20,16,16,0
2026-08-14T15:30:26.814759,14,21,20,15,16,0
2026-08-14T15:30:26.818855,15,20,20,15,16,0
2026-08-14T15:30:26.819448,15,20,20,15,17,0
2026-08-14T15:30:26.820211,14,20,20,15,17,0
2026-08-14T15:30:26.822935,14,20,20,15,17,0
2026-08-14T15:30:26.822935,12,21,20,15,16,0
2026-08-14T15:30:26.822935,14,21,19,15,17,0
2026-08-14T15:30:26.822935,15,20,19,15,17,0
2026-08-14T15:30:26.827030,14,20,21,15,16,0
2026-08-14T15:30:26.827030,14,20,19,14,17,0
2026-08-14T15:30:26.827030,14,20,19,16,16,0
2026-08-14T15:30:26.831180,14,19,19,16,16,0
2026-08-14T15:30:26.831180,14,20,20,15,17,0
2026-08-14T15:30:26.832832,14,20,20,15,16,0
2026-08-14T15:30:26.832832,13,20,20,15,16,0
2026-08-14T15:30:26.832832,14,20,19,16,16,0
2026-08-14T15:30:26.836102,14,19,20,15,16,0
2026-08-14T15:30:26.837027,14,20,20,15,17,0
2026-08-14T15:30:26.839336,14,19,19,15,16,0
2026-08-14T15:30:26.839336,14,21,18,16,18,0
2026-08-14T15:30:26.839336,14,21,19,16,16,0
2026-08-14T15:30:26.841104,14,20,20,15,16,0
2026-08-14T15:30:26.843432,15,20,20,16,16,0
2026-08-14T15:30:26.843432,15,20,19,15,16,0
2026-08-14T15:30:26.843432,13,21,20,15,16,0
2026-08-14T15:30:26.845852,13,21,20,15,17,0
2026-08-14T15:30:26.845852,15,20,19,15,16,0
2026-08-14T15:30:26.845852,14,22,20,15,17,0
2026-08-14T15:30:26.849184,14,19,19,15,16,0
2026-08-14T15:30:26.849184,12,19,20,15,17,0
2026-08-14T15:30:26.852703,14,20,19,16,17,0
2026-08-14T15:30:26.852703,14,20,19,15,17,0
2026-08-14T15:30:26.853840,14,20,19,15,16,0
2026-08-14T15:30:26.853840,14,20,20,16,18,0
2026-08-14T15:30:26.857349,15,19,20,15,17,0
2026-08-14T15:30:26.857349,15,20,18,15,16,0
2026-08-14T15:30:26.857349,14,20,19,15,16,0
2026-08-14T15:30:26.857349,14,20,19,15,16,0
2026-08-14T15:30:26.857349,15,20,20,14,16,0
2026-08-14T15:30:26.857349,13,20,20,15,16,0
2026-08-14T15:30:26.857349,14,21,20,15,17,0
2026-08-14T15:30:26.857349,15,19,19,16,16,0
2026-08-14T15:30:26.867997,13,19,19,16,17,0
2026-08-14T15:30:26.867997,13,20,19,15,18,0
2026-08-14T15:30:26.869411,14,20,19,16,17,0
2026-08-14T15:30:26.870315,14,20,20,15,16,0
2026-08-14T15:30:26.872085,14,20,19,15,16,0
2026-08-14T15:30:26.872085,14,20,20,16,17,0
2026-08-14T15:30:26.872085,13,20,20,15,16,0
2026-08-14T15:30:26.876205,13,20,20,15,16,0
2026-08-14T15:30:26.876205,14,20,19,15,17,0
2026-08-14T15:30:26.876205,15,20,20,15,16,0
2026-08-14T15:30:26.876205,14,19,20,15,16,0
2026-08-14T15:30:26.880154,13,19,19,15,17,0
2026-08-14T15:30:26.880154,13,19,19,15,17,0
2026-08-14T15:30:26.880154,13,20,19,15,16,0
2026-08-14T15:30:26.881917,14,19,20,15,16,0
2026-08-14T15:30:26.881917,14,20,19,15,16,0
2026-08-14T15:30:26.886218,14,20,19,16,17,0
2026-08-14T15:30:26.887263,14,20,20,15,16,0
2026-08-14T15:30:26.887263,14,20,20,15,16,0
2026-08-14T15:30:26.887263,14,20,20,15,16,0
2026-08-14T15:30:26.887263,15,20,20,15,16,0
2026-08-14T15:30:26.889987,14,20,20,15,17,0
2026-08-14T15:30:26.889987,14,21,20,15,16,0
2026-08-14T15:30:26.889987,14,21,19,16,16,0
2026-08-14T15:30:26.894422,14,20,19,15,17,0
2026-08-14T15:30:26.894422,15,20,18,15,16,0
2026-08-14T15:30:26.898031,14,19,19,16,17,0
2026-08-14T15:30:26.898031,13,19,19,15,16,0
2026-08-14T15:30:26.900758,14,20,19,15,16,0
2026-08-14T15:30:26.900758,13,20,19,15,16,0
2026-08-14T15:30:26.900758,15,20,19,14,17,0
2026-08-14T15:30:26.904859,14,21,20,15,16,0
2026-08-14T15:30:26.904859,13,20,20,15,16,0
2026-08-14T15:30:26.906373,15,20,18,15,16,0
2026-08-14T15:30:26.906373,14,19,19,15,17,0
2026-08-14T15:30:26.908957,14,19,19,15,16,0
2026-08-14T15:30:26.908957,13,20,20,15,16,0
2026-08-14T15:30:26.910719,14,20,18,15,16,0
2026-08-14T15:30:26.910719,13,19,19,15,16,0
2026-08-14T15:30:26.910719,15,19,19,15,16,0
2026-08-14T15:30:26.914554,15,20,19,16,16,0
2026-08-14T15:30:26.914554,14,20,19,15,16,0
2026-08-14T15:30:26.914554,14,20,20,15,16,0
2026-08-14T15:30:26.914554,14,20,20,15,17,0
2026-08-14T15:30:26.914554,15,20,19,15,16,0
2026-08-14T15:30:26.920068,13,20,20,15,16,0
2026-08-14T15:30:26.920068,13,20,20,16,16,0
2026-08-14T15:30:26.920068,16,20,20,15,16,0
2026-08-14T15:30:26.922910,14,20,20,16,16,0
2026-08-14T15:30:26.922910,13,20,19,16,17,0
2026-08-14T15:30:26.922910,14,19,19,14,16,0
2026-08-14T15:30:26.922910,14,20,19,15,16,0
2026-08-14T15:30:26.922910,14,19,19,15,16,0
2026-08-14T15:30:26.922910,14,20,18,15,17,0
2026-08-14T15:30:26.931007,15,20,20,15,16,0
2026-08-14T15:30:26.933079,13,20,20,15,16,0
2026-08-14T15:30:26.933079,13,20,20,15,16,0
2026-08-14T15:30:26.933079,13,21,19,15,17,0
2026-08-14T15:30:26.935378,13,20,20,15,16,0
2026-08-14T15:30:26.937376,14,19,19,15,16,0
2026-08-14T15:30:26.937376,14,20,19,15,17,0
2026-08-14T15:30:26.937376,14,20,19,15,17,0
2026-08-14T15:30:26.939246,14,19,19,15,16,0
2026-08-14T15:30:26.939246,14,19,20,15,17,0
2026-08-14T15:30:26.939246,14,19,18,15,17,0
2026-08-14T15:30:26.939246,14,20,18,15,16,0
2026-08-14T15:30:26.939246,15,20,20,15,17,0
2026-08-14T15:30:26.939246,14,21,20,15,16,0
2026-08-14T15:30:26.939246,14,20,20,15,16,0
2026-08-14T15:30:26.947516,14,20,19,15,17,0
2026-08-14T15:30:26.947516,13,19,21,15,17,0
2026-08-14T15:30:26.947516,12,19,20,15,17,0
2026-08-14T15:30:26.947516,13,20,19,15,16,0
2026-08-14T15:30:26.953727,14,19,18,15,16,0
2026-08-14T15:30:26.953727,14,20,20,15,16,0
2026-08-14T15:30:26.953727,14,19,20,15,17,0
2026-08-14T15:30:26.958107,13,20,19,15,16,0
2026-08-14T15:30:26.958107,15,20,18,15,16,0
2026-08-14T15:30:26.958107,15,20,20,14,17,0
2026-08-14T15:30:26.959870,13,19,20,15,16,0
2026-08-14T15:30:26.959870,14,20,20,15,17,0
2026-08-14T15:30:26.959870,13,20,18,15,16,0
2026-08-14T15:30:26.964235,13,20,20,15,17,0
2026-08-14T15:30:26.964235,13,19,20,16,17,0
2026-08-14T15:30:26.964235,14,19,20,15,17,0
2026-08-14T15:30:26.964235,13,19,20,15,16,0
2026-08-14T15:30:26.970462,13,19,19,15,16,0
2026-08-14T15:30:26.970462,15,19,19,14,17,0
2026-08-14T15:30:26.970462,14,19,20,15,17,0
2026-08-14T15:30:26.972730,14,20,18,15,16,0
2026-08-14T15:30:26.972730,14,20,20,15,16,0
2026-08-14T15:30:26.972730,14,20,20,14,16,0
2026-08-14T15:30:26.972730,15,20,19,15,16,0
2026-08-14T15:30:26.978580,12,20,18,15,16,0
2026-08-14T15:30:26.978580,14,20,20,15,16,0
2026-08-14T15:30:26.978580,14,20,20,15,16,0
2026-08-14T15:30:26.978580,12,19,19,16,16,0
2026-08-14T15:30:26.981125,14,19,18,15,17,0
2026-08-14T15:30:26.981125,14,20,20,15,17,0
2026-08-14T15:30:26.981125,15,20,19,15,16,0
2026-08-14T15:30:26.986369,14,19,19,16,17,0
2026-08-14T15:30:26.987235,15,19,20,14,17,0
2026-08-14T15:30:26.987235,15,20,20,15,17,0
2026-08-14T15:30:26.989174,13,20,20,15,16,0
2026-08-14T15:30:26.989174,13,20,19,15,16,0
2026-08-14T15:30:26.992637,13,20,19,15,16,0
2026-08-14T15:30:26.992637,13,19,20,16,16,0
2026-08-14T15:30:26.992637,14,20,20,15,17,0
2026-08-14T15:30:26.992637,14,19,19,16,17,0
2026-08-14T15:30:26.992637,14,19,19,15,16,0
2026-08-14T15:30:26.999081,13,19,19,15,16,0
2026-08-14T15:30:26.999081,14,20,19,15,17,0
2026-08-14T15:30:27.000842,15,20,18,15,16,0
2026-08-14T15:30:27.000842,13,20,19,16,17,0
2026-08-14T15:30:27.002667,13,20,19,15,16,0
2026-08-14T15:30:27.003364,13,19,20,15,16,0
2026-08-14T15:30:27.003364,14,20,20,15,16,0
2026-08-14T15:30:27.005691,14,20,19,15,17,0
2026-08-14T15:30:27.005691,13,19,20,15,16,0
2026-08-14T15:30:27.005691,13,21,19,15,16,0
2026-08-14T15:30:27.005691,14,20,19,16,16,0
2026-08-14T15:30:27.005691,14,20,19,16,17,0
2026-08-14T15:30:27.005691,14,19,19,15,16,0
2026-08-14T15:30:27.005691,14,20,20,15,17,0
2026-08-14T15:30:27.013289,13,20,19,15,17,0
2026-08-14T15:30:27.013289,15,20,20,15,16,0
2026-08-14T15:30:27.013289,13,20,19,14,17,0
2026-08-14T15:30:27.017300,14,19,19,15,16,0
2026-08-14T15:30:27.019315,13,20,20,15,17,0
2026-08-14T15:30:27.020255,14,20,19,14,17,0
2026-08-14T15:30:27.020255,14,19,19,15,16,0
2026-08-14T15:30:27.023248,14,19,19,15,16,0
2026-08-14T15:30:27.023248,14,20,19,14,17,0
2026-08-14T15:30:27.023248,13,20,18,15,16,0
2026-08-14T15:30:27.026159,14,20,18,15,16,0
2026-08-14T15:30:27.026159,15,19,19,15,16,0
2026-08-14T15:30:27.026159,14,20,20,15,17,0
2026-08-14T15:30:27.030098,15,20,20,15,16,0
2026-08-14T15:30:27.031432,14,20,20,15,17,0
2026-08-14T15:30:27.031432,13,19,19,15,16,0
2026-08-14T15:30:27.031432,13,19,20,15,16,0
2026-08-14T15:30:27.031432,13,19,19,15,16,0
2026-08-14T15:30:27.037073,14,21,19,15,16,0
2026-08-14T15:30:27.037977,14,19,19,15,16,0
2026-08-14T15:30:27.038611,14,19,19,14,16,0
2026-08-14T15:30:27.038611,14,19,19,15,16,0
2026-08-14T15:30:27.038611,14,20,20,14,17,0
2026-08-14T15:30:27.038611,15,19,19,15,17,0
2026-08-14T15:30:27.038611,14,20,19,15,16,0
2026-08-14T15:30:27.038611,14,20,20,15,16,0
2026-08-14T15:30:27.038611,12,20,20,15,16,0
2026-08-14T15:30:27.046028,13,19,19,15,16,0
2026-08-14T15:30:27.046028,14,20,20,16,16,0
2026-08-14T15:30:27.046028,14,20,18,15,17,0
2026-08-14T15:30:27.046028,13,20,20,15,16,0
2026-08-14T15:30:27.051323,14,19,19,15,16,0
2026-08-14T15:30:27.053363,13,19,19,14,16,0
2026-08-14T15:30:27.054637,15,19,19,15,16,0
2026-08-14T15:30:27.056136,14,20,20,15,15,0
2026-08-14T15:30:27.056136,12,20,20,14,16,0
2026-08-14T15:30:27.056136,14,20,18,15,17,0
2026-08-14T15:30:27.058156,13,19,18,15,16,0
2026-08-14T15:30:27.058156,14,20,20,16,15,0
2026-08-14T15:30:27.058156,12,20,20,14,16,0
2026-08-14T15:30:27.058156,15,19,19,15,16,0
2026-08-14T15:30:27.062264,14,19,18,15,17,0
2026-08-14T15:30:27.062264,13,19,19,15,16,0
2026-08-14T15:30:27.062264,14,19,20,15,16,0
2026-08-14T15:30:27.066363,14,20,20,15,17,0
2026-08-14T15:30:27.066363,13,20,18,15,17,0
2026-08-14T15:30:27.069483,13,20,20,15,16,0
2026-08-14T15:30:27.070072,13,19,19,15,15,0
2026-08-14T15:30:27.070072,13,20,19,15,17,0
2026-08-14T15:30:27.070072,14,20,18,14,16,0
2026-08-14T15:30:27.070072,13,21,19,15,18,0
2026-08-14T15:30:27.070072,14,19,19,14,16,0
2026-08-14T15:30:27.070072,13,20,18,15,16,0
2026-08-14T15:30:27.070072,15,19,18,15,16,0
2026-08-14T15:30:27.078250,14,19,20,15,16,0
2026-08-14T15:30:27.080985,14,20,20,15,16,0
2026-08-14T15:30:27.080985,14,20,18,14,16,0
2026-08-14T15:30:27.080985,14,22,19,15,16,0
2026-08-14T15:30:27.080985,14,20,19,15,16,0
2026-08-14T15:30:27.084279,14,20,20,15,16,0
2026-08-14T15:30:27.086124,13,20,20,15,15,0
2026-08-14T15:30:27.087027,14,20,19,15,16,0
2026-08-14T15:30:27.087027,13,19,18,16,16,0
2026-08-14T15:30:27.087027,14,19,19,15,16,0
2026-08-14T15:30:27.087027,14,19,19,15,16,0
2026-08-14T15:30:27.090940,14,19,18,14,16,0
2026-08-14T15:30:27.090940,15,19,18,14,16,0
2026-08-14T15:30:27.094601,14,19,19,15,15,0
2026-08-14T15:30:27.094601,13,20,19,15,16,0
2026-08-14T15:30:27.094601,13,20,18,15,16,0
2026-08-14T15:30:27.094601,15,20,20,14,16,0
2026-08-14T15:30:27.094601,13,20,19,15,16,0
2026-08-14T15:30:27.099139,14,20,20,16,16,0
2026-08-14T15:30:27.099139,13,20,20,15,16,0
2026-08-14T15:30:27.103322,12,19,19,16,17,0
2026-08-14T15:30:27.103322,14,19,18,14,16,0
2026-08-14T15:30:27.103322,13,20,19,15,16,0
2026-08-14T15:30:27.103322,14,20,19,14,17,0
2026-08-14T15:30:27.103322,13,20,20,15,16,0
2026-08-14T15:30:27.109654,14,20,18,14,16,0
2026-08-14T15:30:27.109654,14,19,18,14,16,0
2026-08-14T15:30:27.111168,14,20,20,15,16,0
2026-08-14T15:30:27.111168,13,19,20,15,15,0
2026-08-14T15:30:27.113323,13,20,20,15,16,0
2026-08-14T15:30:27.113323,14,19,19,15,17,0
2026-08-14T15:30:27.115077,13,19,19,15,17,0
2026-08-14T15:30:27.117261,14,19,19,14,17,0
2026-08-14T15:30:27.118327,13,20,20,15,16,0
2026-08-14T15:30:27.119350,13,18,18,14,16,0
2026-08-14T15:30:27.120092,14,19,18,15,17,0
2026-08-14T15:30:27.121894,13,20,19,15,15,0
2026-08-14T15:30:27.121894,15,20,20,14,17,0
2026-08-14T15:30:27.122930,13,20,19,15,17,0
2026-08-14T15:30:27.122930,14,19,19,15,16,0
2026-08-14T15:30:27.122930,13,20,20,16,16,0
2026-08-14T15:30:27.127618,13,19,20,15,16,0
2026-08-14T15:30:27.128776,13,20,19,15,16,0
2026-08-14T15:30:27.128776,14,20,18,14,16,0
2026-08-14T15:30:27.128776,13,18,19,16,16,0
2026-08-14T15:30:27.131943,14,19,19,15,16,0
2026-08-14T15:30:27.131943,13,19,19,15,16,0
2026-08-14T15:30:27.131943,13,20,19,14,16,0
2026-08-14T15:30:27.135677,13,19,18,14,16,0
2026-08-14T15:30:27.138331,13,20,19,14,16,0
2026-08-14T15:30:27.138331,14,20,19,15,17,0
2026-08-14T15:30:27.138331,13,19,18,15,16,0
2026-08-14T15:30:27.138331,14,19,20,15,16,0
2026-08-14T15:30:27.141414,13,19,19,15,17,0
2026-08-14T15:30:27.141414,13,20,18,15,16,0
2026-08-14T15:30:27.141414,13,20,18,15,16,0
2026-08-14T15:30:27.143942,14,18,20,15,16,0
2026-08-14T15:30:27.143942,14,19,18,14,16,0
2026-08-14T15:30:27.143942,15,20,19,14,16,0
2026-08-14T15:30:27.143942,15,20,18,14,16,0
2026-08-14T15:30:27.143942,13,20,19,15,16,0
2026-08-14T15:30:27.143942,14,19,20,15,16,0
2026-08-14T15:30:27.143942,14,20,20,14,16,0
2026-08-14T15:30:27.153791,13,19,18,15,15,0
2026-08-14T15:30:27.153791,13,20,19,14,16,0
2026-08-14T15:30:27.153791,14,19,19,15,16,0
2026-08-14T15:30:27.156563,14,19,18,15,16,0
2026-08-14T15:30:27.156563,13,19,18,14,17,0
2026-08-14T15:30:27.156563,14,20,19,14,16,0
2026-08-14T15:30:27.160485,14,20,19,14,16,0
2026-08-14T15:30:27.162897,14,18,18,15,16,0
2026-08-14T15:30:27.162897,14,20,18,14,16,0
2026-08-14T15:30:27.164653,13,20,18,15,15,0
2026-08-14T15:30:27.167007,14,19,19,14,16,0
2026-08-14T15:30:27.167007,13,21,19,14,16,0
2026-08-14T15:30:27.167007,12,20,18,14,17,0
2026-08-14T15:30:27.169424,14,19,19,15,17,0
2026-08-14T15:30:27.170196,14,20,19,15,16,0
2026-08-14T15:30:27.170196,13,19,18,14,17,0
2026-08-14T15:30:27.170196,14,18,18,14,17,0
2026-08-14T15:30:27.175209,13,19,18,15,16,0
2026-08-14T15:30:27.175209,14,20,18,14,17,0
2026-08-14T15:30:27.175209,14,19,19,15,16,0
2026-08-14T15:30:27.176977,14,19,19,15,16,0
2026-08-14T15:30:27.178391,13,19,18,15,16,0
2026-08-14T15:30:27.178391,13,20,20,15,16,0
2026-08-14T15:30:27.181045,13,20,19,14,16,0
2026-08-14T15:30:27.181045,13,19,18,14,16,0
2026-08-14T15:30:27.181045,15,18,19,15,16,0
2026-08-14T15:30:27.185112,13,19,19,15,16,0
2026-08-14T15:30:27.186097,13,19,17,15,16,0
2026-08-14T15:30:27.187811,14,19,18,14,17,0
2026-08-14T15:30:27.187811,13,19,18,15,16,0
2026-08-14T15:30:27.187811,15,20,18,14,15,0
2026-08-14T15:30:27.187811,14,20,18,14,16,0
2026-08-14T15:30:27.187811,14,20,18,14,17,0
2026-08-14T15:30:27.193158,13,19,19,14,16,0
2026-08-14T15:30:27.193158,14,19,18,14,16,0
2026-08-14T15:30:27.193158,14,20,19,15,16,0
2026-08-14T15:30:27.197443,13,19,18,15,15,0
2026-08-14T15:30:27.197443,13,19,19,15,16,0
2026-08-14T15:30:27.199771,14,19,19,15,16,0
2026-08-14T15:30:27.199771,14,19,18,14,16,0
2026-08-14T15:30:27.199771,14,18,18,13,17,0
2026-08-14T15:30:27.203967,13,20,19,14,16,0
2026-08-14T15:30:27.203967,15,19,18,15,17,0
2026-08-14T15:30:27.203967,13,20,18,14,15,0
2026-08-14T15:30:27.203967,13,20,18,15,16,0
2026-08-14T15:30:27.207956,14,20,18,14,15,0
2026-08-14T15:30:27.207956,14,19,19,14,16,0
2026-08-14T15:30:27.207956,13,20,18,15,15,0
2026-08-14T15:30:27.210379,13,20,18,15,15,0
2026-08-14T15:30:27.210379,14,19,18,15,16,0
2026-08-14T15:30:27.210379,13,19,19,16,17,0
2026-08-14T15:30:27.210379,13,19,18,14,16,0
2026-08-14T15:30:27.210379,13,20,19,15,17,0
2026-08-14T15:30:27.210379,14,19,18,15,17,0
2026-08-14T15:30:27.210379,15,19,18,14,16,0
2026-08-14T15:30:27.217875,14,19,18,14,15,0
2026-08-14T15:30:27.217875,14,20,18,14,15,0
2026-08-14T15:30:27.217875,14,20,20,14,15,0
2026-08-14T15:30:27.217875,13,20,19,14,16,0
2026-08-14T15:30:27.217875,12,19,18,14,16,0
2026-08-14T15:30:27.217875,13,19,18,15,15,0
2026-08-14T15:30:27.226204,13,20,19,15,17,0
2026-08-14T15:30:27.228456,14,19,18,14,16,0
2026-08-14T15:30:27.228456,13,19,18,14,16,0
2026-08-14T15:30:27.228456,15,19,18,15,16,0
2026-08-14T15:30:27.232534,13,19,18,15,16,0
2026-08-14T15:30:27.232534,13,19,18,14,15,0
2026-08-14T15:30:27.232534,14,18,18,13,16,0
2026-08-14T15:30:27.234295,13,19,18,15,16,0
2026-08-14T15:30:27.236582,13,19,19,15,15,0
2026-08-14T15:30:27.236582,13,19,19,15,15,0
2026-08-14T15:30:27.236582,14,19,19,15,16,0
2026-08-14T15:30:27.236582,13,19,18,14,16,0
2026-08-14T15:30:27.236582,12,18,19,14,16,0
2026-08-14T15:30:27.236582,14,19,19,14,16,0
2026-08-14T15:30:27.243347,13,18,17,14,16,0
2026-08-14T15:30:27.244824,14,19,18,14,16,0
2026-08-14T15:30:27.244824,14,19,18,14,16,0
2026-08-14T15:30:27.244824,14,18,18,15,16,0
2026-08-14T15:30:27.247634,14,20,18,14,16,0
2026-08-14T15:30:27.247634,14,20,18,14,17,0
2026-08-14T15:30:27.247634,13,19,20,14,16,0
2026-08-14T15:30:27.251344,13,19,20,15,16,0
2026-08-14T15:30:27.252843,13,20,20,14,15,0
2026-08-14T15:30:27.253691,13,18,17,14,16,0
2026-08-14T15:30:27.253691,13,19,18,14,16,0
2026-08-14T15:30:27.255708,12,18,19,15,17,0
2026-08-14T15:30:27.257716,13,19,18,15,16,0
2026-08-14T15:30:27.257716,13,19,18,14,16,0
2026-08-14T15:30:27.261187,14,19,19,13,16,0
2026-08-14T15:30:27.262284,14,18,18,14,16,0
2026-08-14T15:30:27.262284,14,19,19,14,17,0
2026-08-14T15:30:27.262284,13,20,18,15,15,0
2026-08-14T15:30:27.262284,14,19,19,15,16,0
2026-08-14T15:30:27.262284,14,19,18,14,16,0
2026-08-14T15:30:27.262284,13,19,18,14,16,0
2026-08-14T15:30:27.267326,12,19,18,14,16,0
2026-08-14T15:30:27.270535,13,20,19,14,16,0
2026-08-14T15:30:27.270535,13,18,18,14,16,0
2026-08-14T15:30:27.270535,13,19,18,14,16,0
2026-08-14T15:30:27.272787,13,19,18,15,16,0
2026-08-14T15:30:27.272787,13,19,18,15,16,0
2026-08-14T15:30:27.274797,13,20,19,14,15,0
2026-08-14T15:30:27.277357,14,19,18,14,16,0
2026-08-14T15:30:27.287175,14,20,19,14,15,0
2026-08-14T15:30:27.288134,13,18,20,14,15,0
2026-08-14T15:30:27.288134,13,19,18,15,16,0
2026-08-14T15:30:27.288134,13,18,19,15,16,0
2026-08-14T15:30:27.288134,12,19,18,15,16,0
2026-08-14T15:30:27.291425,13,19,18,14,15,0
2026-08-14T15:30:27.291425,14,19,19,14,16,0
2026-08-14T15:30:27.293436,14,18,17,15,16,0
2026-08-14T15:30:27.293436,14,19,18,14,16,0
2026-08-14T15:30:27.293436,13,19,18,15,16,0
2026-08-14T15:30:27.293436,13,18,19,15,15,0
2026-08-14T15:30:27.293436,14,20,18,15,15,0
2026-08-14T15:30:27.293436,13,20,18,15,16,0
2026-08-14T15:30:27.293436,12,19,19,14,16,0
2026-08-14T15:30:27.293436,13,18,18,14,15,0
2026-08-14T15:30:27.293436,13,20,18,14,15,0
2026-08-14T15:30:27.293436,14,18,18,15,16,0
2026-08-14T15:30:27.293436,13,18,19,14,16,0
2026-08-14T15:30:27.293436,13,19,18,14,16,0
2026-08-14T15:30:27.299706,13,19,18,14,15,0
2026-08-14T15:30:27.301030,14,19,18,14,16,0
2026-08-14T15:30:27.302815,14,20,18,15,16,0
2026-08-14T15:30:27.303627,13,20,19,15,16,0
2026-08-14T15:30:27.306256,14,20,18,15,16,0
2026-08-14T15:30:27.306256,13,19,18,14,15,0
2026-08-14T15:30:27.308017,13,18,18,14,15,0
2026-08-14T15:30:27.308017,13,19,19,15,16,0
2026-08-14T15:30:27.310345,14,19,18,14,15,0
2026-08-14T15:30:27.310345,13,19,18,15,16,0
2026-08-14T15:30:27.310345,13,20,19,15,16,0
2026-08-14T15:30:27.313027,14,18,18,14,16,0
2026-08-14T15:30:27.313027,14,19,17,14,16,0
2026-08-14T15:30:27.316055,13,20,17,14,16,0
2026-08-14T15:30:27.316055,14,20,18,14,16,0
2026-08-14T15:30:27.316055,14,20,18,14,16,0
2026-08-14T15:30:27.319511,13,20,18,14,16,0
2026-08-14T15:30:27.320330,13,19,18,14,15,0
2026-08-14T15:30:27.322302,14,19,20,14,15,0
2026-08-14T15:30:27.322302,13,19,19,14,15,0
2026-08-14T15:30:27.322302,14,19,19,14,16,0
2026-08-14T15:30:27.324313,13,18,18,15,16,0
2026-08-14T15:30:27.324313,12,19,18,14,16,0
2026-08-14T15:30:27.324313,14,19,19,13,16,0
2026-08-14T15:30:27.328511,13,18,18,15,16,0
2026-08-14T15:30:27.329497,14,18,17,14,16,0
2026-08-14T15:30:27.329497,13,19,19,15,15,0
2026-08-14T15:30:27.329497,13,19,18,14,15,0
2026-08-14T15:30:27.332538,13,20,19,14,16,0
2026-08-14T15:30:27.332538,13,19,18,15,16,0
2026-08-14T15:30:27.336103,13,19,18,16,15,0
2026-08-14T15:30:27.337479,13,19,18,15,16,0
2026-08-14T15:30:27.337479,13,19,18,14,16,0
2026-08-14T15:30:27.337479,13,19,18,14,16,0
2026-08-14T15:30:27.337479,13,19,18,14,16,0
2026-08-14T15:30:27.342921,13,18,19,15,16,0
2026-08-14T15:30:27.342921,13,19,18,14,16,0
2026-08-14T15:30:27.342921,14,18,18,14,16,0
2026-08-14T15:30:27.342921,14,19,18,13,16,0
2026-08-14T15:30:27.342921,12,19,18,14,15,0
2026-08-14T15:30:27.342921,12,20,18,13,16,0
2026-08-14T15:30:27.342921,13,19,18,14,15,0
2026-08-14T15:30:27.349784,13,19,18,14,15,0
2026-08-14T15:30:27.351839,14,19,18,14,16,0
2026-08-14T15:30:27.352771,12,20,20,15,16,0
2026-08-14T15:30:27.353330,13,19,18,15,16,0
2026-08-14T15:30:27.355395,14,20,18,14,16,0
2026-08-14T15:30:27.355395,14,18,18,15,16,0
2026-08-14T15:30:27.355395,13,19,19,14,16,0
2026-08-14T15:30:27.359505,14,19,18,14,16,0
2026-08-14T15:30:27.360449,13,20,18,15,15,0
2026-08-14T15:30:27.360449,13,18,18,14,16,0
2026-08-14T15:30:27.363607,13,19,18,14,15,0
2026-08-14T15:30:27.363607,11,20,18,14,15,0
2026-08-14T15:30:27.363607,13,19,18,13,15,0
2026-08-14T15:30:27.365366,14,19,19,14,17,0
2026-08-14T15:30:27.365366,13,19,19,15,16,0
2026-08-14T15:30:27.365366,12,19,17,14,16,0
2026-08-14T15:30:27.369348,13,18,18,14,17,0
2026-08-14T15:30:27.370314,13,19,18,14,15,0
2026-08-14T15:30:27.370314,14,19,19,14,16,0
2026-08-14T15:30:27.370314,12,18,17,15,16,0
2026-08-14T15:30:27.373728,13,19,18,15,16,0
2026-08-14T15:30:27.373728,13,20,19,14,15,0
2026-08-14T15:30:27.373728,13,20,18,13,16,0
2026-08-14T15:30:27.373728,13,20,17,15,15,0
2026-08-14T15:30:27.373728,12,19,18,15,16,0
2026-08-14T15:30:27.373728,12,19,19,14,16,0
2026-08-14T15:30:27.373728,14,18,18,15,16,0
2026-08-14T15:30:27.382084,14,19,18,15,16,0
2026-08-14T15:30:27.384083,14,19,18,14,16,0
2026-08-14T15:30:27.384083,14,20,18,14,15,0
2026-08-14T15:30:27.384083,14,18,18,14,16,0
2026-08-14T15:30:27.388179,13,18,18,14,16,0
2026-08-14T15:30:27.388179,13,20,19,14,15,0
2026-08-14T15:30:27.388179,14,19,18,14,15,0
2026-08-14T15:30:27.390733,13,18,18,14,15,0
2026-08-14T15:30:27.390733,13,19,17,14,16,0
2026-08-14T15:30:27.390733,14,18,17,14,16,0
2026-08-14T15:30:27.394067,14,19,17,15,16,0
2026-08-14T15:30:27.394067,13,19,18,14,16,0
2026-08-14T15:30:27.394067,13,18,17,13,16,0
2026-08-14T15:30:27.394067,14,18,18,14,16,0
2026-08-14T15:30:27.398547,13,18,18,14,16,0
2026-08-14T15:30:27.398547,14,19,18,14,15,0
2026-08-14T15:30:27.398547,13,19,18,14,16,0
2026-08-14T15:30:27.402311,13,19,18,14,16,0
2026-08-14T15:30:27.404039,12,19,19,14,16,0
2026-08-14T15:30:27.405095,13,18,18,14,16,0
2026-08-14T15:30:27.405852,13,19,18,14,16,0
2026-08-14T15:30:27.408660,14,18,19,14,16,0
2026-08-14T15:30:27.408660,13,19,18,13,16,0
2026-08-14T15:30:27.408660,13,18,18,14,16,0
2026-08-14T15:30:27.408660,13,19,18,14,16,0
2026-08-14T15:30:27.412748,13,18,18,13,16,0
2026-08-14T15:30:27.412748,14,20,19,14,16,0
2026-08-14T15:30:27.412748,13,19,18,14,16,0
2026-08-14T15:30:27.416853,13,20,18,14,15,0
2026-08-14T15:30:27.416853,13,19,19,14,15,0
2026-08-14T15:30:27.418613,12,18,18,14,16,0
2026-08-14T15:30:27.420079,13,18,18,14,15,0
2026-08-14T15:30:27.420079,12,19,18,14,16,0
2026-08-14T15:30:27.420079,13,19,18,14,16,0
2026-08-14T15:30:27.420079,13,19,18,14,16,0
2026-08-14T15:30:27.425056,13,17,18,14,16,0
2026-08-14T15:30:27.425056,14,19,17,14,16,0
2026-08-14T15:30:27.425056,14,18,19,13,15,0
2026-08-14T15:30:27.429180,13,20,19,14,15,0
2026-08-14T15:30:27.429180,15,19,18,14,16,0
2026-08-14T15:30:27.429180,13,19,18,14,15,0
2026-08-14T15:30:27.430943,11,19,18,14,15,0
2026-08-14T15:30:27.430943,13,19,18,14,15,0
2026-08-14T15:30:27.430943,12,19,18,15,16,0
2026-08-14T15:30:27.430943,13,19,17,15,15,0
2026-08-14T15:30:27.436529,13,18,18,13,16,0
2026-08-14T15:30:27.436529,13,20,19,13,15,0
2026-08-14T15:30:27.436529,14,18,17,15,16,0
2026-08-14T15:30:27.439022,14,18,17,13,16,0
2026-08-14T15:30:27.441432,13,18,18,14,16,0
2026-08-14T15:30:27.441432,13,19,18,15,16,0
2026-08-14T15:30:27.441432,13,20,18,14,15,0
2026-08-14T15:30:27.445532,13,20,18,14,16,0
2026-08-14T15:30:27.445532,12,19,19,15,15,0
2026-08-14T15:30:27.445532,14,19,18,14,16,0
2026-08-14T15:30:27.447300,12,18,17,14,15,0
2026-08-14T15:30:27.448562,14,19,17,14,16,0
2026-08-14T15:30:27.448562,14,19,18,15,16,0
2026-08-14T15:30:27.448562,13,18,18,14,16,0
2026-08-14T15:30:27.453022,12,18,18,15,16,0
2026-08-14T15:30:27.454239,14,19,18,13,15,0
2026-08-14T15:30:27.454239,14,19,18,13,15,0
2026-08-14T15:30:27.456010,13,19,18,14,15,0
2026-08-14T15:30:27.456010,12,20,18,14,16,0
2026-08-14T15:30:27.456010,13,20,17,14,14,0
2026-08-14T15:30:27.459566,13,19,19,14,16,0
2026-08-14T15:30:27.459566,14,19,18,14,16,0
2026-08-14T15:30:27.459566,13,19,17,15,15,0
2026-08-14T15:30:27.459566,13,19,17,13,16,0
2026-08-14T15:30:27.463669,14,18,18,13,16,0
2026-08-14T15:30:27.463669,14,19,18,14,16,0
2026-08-14T15:30:27.463669,13,18,18,14,16,0
2026-08-14T15:30:27.467773,13,18,17,14,16,0
2026-08-14T15:30:27.470000,13,19,18,14,16,0
2026-08-14T15:30:27.470437,14,19,18,14,16,0
2026-08-14T15:30:27.470437,13,20,18,15,15,0
2026-08-14T15:30:27.474174,13,19,17,14,16,0
2026-08-14T15:30:27.474174,13,19,18,14,16,0
2026-08-14T15:30:27.474174,13,18,18,14,15,0
2026-08-14T15:30:27.474174,11,18,18,15,15,0
2026-08-14T15:30:27.474174,13,19,18,14,16,0
2026-08-14T15:30:27.474174,13,18,18,15,16,0
2026-08-14T15:30:27.474174,14,18,17,15,16,0
2026-08-14T15:30:27.480056,12,18,18,15,16,0
2026-08-14T15:30:27.480056,13,19,17,15,15,0
2026-08-14T15:30:27.480056,13,19,18,14,15,0
2026-08-14T15:30:27.480056,13,19,18,14,16,0
2026-08-14T15:30:27.486356,13,19,17,14,16,0
2026-08-14T15:30:27.487284,13,19,17,14,15,0
2026-08-14T15:30:27.487284,12,18,18,14,15,0
2026-08-14T15:30:27.488589,13,19,19,14,16,0
2026-08-14T15:30:27.488589,12,18,18,15,16,0
2026-08-14T15:30:27.492341,12,19,18,15,15,0
2026-08-14T15:30:27.494681,13,19,18,14,16,0
2026-08-14T15:30:27.494681,14,18,18,14,16,0
2026-08-14T15:30:27.494681,14,17,17,15,17,0
2026-08-14T15:30:27.496463,14,18,18,14,16,0
2026-08-14T15:30:27.498772,14,19,19,14,15,0
2026-08-14T15:30:27.498772,12,20,18,14,15,0
2026-08-14T15:30:27.498772,14,18,18,13,17,0
2026-08-14T15:30:27.498772,12,19,18,13,15,0
2026-08-14T15:30:27.503256,11,18,18,14,16,0
2026-08-14T15:30:27.505078,13,18,17,14,16,0
2026-08-14T15:30:27.505078,13,18,18,15,15,0
2026-08-14T15:30:27.505078,14,18,17,13,16,0
2026-08-14T15:30:27.505078,13,19,18,15,16,0
2026-08-14T15:30:27.505078,13,19,19,14,15,0
2026-08-14T15:30:27.505078,14,18,17,13,16,0
2026-08-14T15:30:27.505078,14,18,17,13,16,0
2026-08-14T15:30:27.512629,13,18,18,14,15,0
2026-08-14T15:30:27.512629,12,19,19,14,15,0
2026-08-14T15:30:27.512629,14,20,18,14,16,0
2026-08-14T15:30:27.512629,13,20,18,14,15,0
2026-08-14T15:30:27.512629,14,18,18,14,15,0
2026-08-14T15:30:27.517656,14,18,18,14,16,0
2026-08-14T15:30:27.519953,12,20,18,14,15,0
2026-08-14T15:30:27.521003,13,18,19,14,16,0
2026-08-14T15:30:27.523358,12,19,17,13,15,0
2026-08-14T15:30:27.523358,13,19,18,14,16,0
2026-08-14T15:30:27.523358,13,19,18,14,16,0
2026-08-14T15:30:27.525122,13,19,18,14,16,0
2026-08-14T15:30:27.527454,13,18,17,14,16,0
2026-08-14T15:30:27.527454,14,18,18,14,16,0
2026-08-14T15:30:27.528964,14,19,18,14,15,0
2026-08-14T15:30:27.528964,14,19,18,14,16,0
2026-08-14T15:30:27.528964,13,19,18,14,16,0
2026-08-14T15:30:27.528964,13,19,19,14,15,0
2026-08-14T15:30:27.528964,12,19,18,15,15,0
2026-08-14T15:30:27.528964,14,18,17,14,16,0
2026-08-14T15:30:27.536103,13,18,18,13,15,0
2026-08-14T15:30:27.537880,13,18,19,14,16,0
2026-08-14T15:30:27.539893,13,19,17,13,16,0
2026-08-14T15:30:27.539893,12,17,18,15,16,0
2026-08-14T15:30:27.539893,14,19,19,14,15,0
2026-08-14T15:30:27.541905,13,20,19,14,15,0
2026-08-14T15:30:27.541905,14,18,18,13,16,0
2026-08-14T15:30:27.541905,14,18,18,15,15,0
2026-08-14T15:30:27.541905,12,19,18,14,15,0
2026-08-14T15:30:27.547932,13,19,18,14,15,0
2026-08-14T15:30:27.547932,13,19,19,14,15,0
2026-08-14T15:30:27.547932,12,20,17,14,16,0
2026-08-14T15:30:27.549693,14,19,18,14,15,0
2026-08-14T15:30:27.551162,14,19,18,15,16,0
2026-08-14T15:30:27.552807,14,18,18,14,15,0
2026-08-14T15:30:27.553947,13,18,18,14,16,0
2026-08-14T15:30:27.555245,14,18,18,14,16,0
2026-08-14T15:30:27.555245,13,18,18,14,16,0
2026-08-14T15:30:27.555245,14,20,18,14,15,0
2026-08-14T15:30:27.558029,13,19,18,14,16,0
2026-08-14T15:30:27.558029,12,19,19,14,15,0
2026-08-14T15:30:27.558029,13,19,18,15,15,0
2026-08-14T15:30:27.561978,13,19,18,14,15,0
2026-08-14T15:30:27.561978,13,18,17,14,15,0
2026-08-14T15:30:27.561978,12,18,19,14,16,0
2026-08-14T15:30:27.561978,13,18,17,14,17,0
2026-08-14T15:30:27.566088,12,19,18,15,16,0
2026-08-14T15:30:27.566088,14,18,17,15,16,0
2026-08-14T15:30:27.570032,14,19,17,15,16,0
2026-08-14T15:30:27.571826,14,18,18,15,16,0
2026-08-14T15:30:27.572404,13,19,19,14,16,0
2026-08-14T15:30:27.573320,13,19,18,15,16,0
2026-08-14T15:30:27.573320,14,18,18,14,15,0
2026-08-14T15:30:27.576608,13,19,18,14,16,0
2026-08-14T15:30:27.576608,13,19,18,15,15,0
2026-08-14T15:30:27.576608,12,18,18,15,16,0
2026-08-14T15:30:27.578370,13,18,18,14,16,0
2026-08-14T15:30:27.580711,14,18,19,15,16,0
2026-08-14T15:30:27.580711,14,19,17,14,16,0
2026-08-14T15:30:27.580711,13,18,18,13,16,0
2026-08-14T15:30:27.583345,13,19,18,14,16,0
2026-08-14T15:30:27.583345,14,18,18,14,15,0
2026-08-14T15:30:27.586113,13,18,18,14,16,0
2026-08-14T15:30:27.587241,13,19,18,14,16,0
2026-08-14T15:30:27.587241,14,20,20,14,15,0
2026-08-14T15:30:27.587241,13,19,19,15,17,0
2026-08-14T15:30:27.587241,12,19,18,14,16,0
2026-08-14T15:30:27.587241,13,18,18,14,15,0
2026-08-14T15:30:27.587241,14,19,18,14,15,0
2026-08-14T15:30:27.587241,12,19,18,15,17,0
2026-08-14T15:30:27.594358,13,18,18,14,16,0
2026-08-14T15:30:27.594358,13,19,18,14,16,0
2026-08-14T15:30:27.594358,14,18,18,14,16,0
2026-08-14T15:30:27.594358,13,19,18,14,16,0
2026-08-14T15:30:27.594358,14,19,19,15,16,0
2026-08-14T15:30:27.594358,14,20,18,14,16,0
2026-08-14T15:30:27.602872,13,19,18,15,15,0
2026-08-14T15:30:27.605179,13,19,19,15,15,0
2026-08-14T15:30:27.605179,14,20,18,14,17,0
2026-08-14T15:30:27.605179,12,19,19,14,16,0
2026-08-14T15:30:27.607187,13,18,19,15,16,0
2026-08-14T15:30:27.609383,13,18,19,14,16,0
2026-08-14T15:30:27.609383,13,19,19,13,16,0
2026-08-14T15:30:27.610893,14,18,18,14,16,0
2026-08-14T15:30:27.612965,14,19,19,14,16,0
2026-08-14T15:30:27.612965,14,19,18,14,15,0
2026-08-14T15:30:27.612965,13,19,18,15,16,0
2026-08-14T15:30:27.612965,14,19,18,15,16,0
2026-08-14T15:30:27.617558,13,19,18,14,16,0
2026-08-14T15:30:27.617558,13,19,20,15,15,0
2026-08-14T15:30:27.619319,13,20,18,14,16,0
2026-08-14T15:30:27.620635,13,19,19,15,15,0
2026-08-14T15:30:27.620635,14,18,19,15,16,0
2026-08-14T15:30:27.620635,14,19,19,14,16,0
2026-08-14T15:30:27.620635,13,19,19,14,16,0
2026-08-14T15:30:27.620635,14,19,18,15,17,0
2026-08-14T15:30:27.620635,14,18,19,13,16,0
2026-08-14T15:30:27.627476,13,19,19,15,16,0
2026-08-14T15:30:27.627476,14,19,19,15,16,0
2026-08-14T15:30:27.627476,13,20,18,14,16,0
2026-08-14T15:30:27.627476,14,20,18,14,15,0
2026-08-14T15:30:27.627476,14,19,19,14,16,0
2026-08-14T15:30:27.627476,13,19,18,15,15,0
2026-08-14T15:30:27.635484,13,19,18,14,15,0
2026-08-14T15:30:27.636053,14,19,19,15,16,0
2026-08-14T15:30:27.638024,14,18,19,15,17,0
2026-08-14T15:30:27.638024,13,19,18,14,17,0
2026-08-14T15:30:27.638024,14,19,18,15,16,0
2026-08-14T15:30:27.642179,14,19,18,15,16,0
2026-08-14T15:30:27.642179,14,20,19,14,16,0
2026-08-14T15:30:27.642179,13,19,19,15,16,0
2026-08-14T15:30:27.643935,15,20,18,14,16,0
2026-08-14T15:30:27.643935,13,19,20,14,16,0
2026-08-14T15:30:27.643935,13,19,19,15,17,0
2026-08-14T15:30:27.647973,13,20,18,15,17,0
2026-08-14T15:30:27.650331,14,20,19,15,15,0
2026-08-14T15:30:27.650331,13,19,20,14,16,0
2026-08-14T15:30:27.650331,14,20,19,15,16,0
2026-08-14T15:30:27.652092,14,19,19,15,16,0
2026-08-14T15:30:27.654421,13,18,18,15,17,0
2026-08-14T15:30:27.654421,14,18,19,15,16,0
2026-08-14T15:30:27.654421,14,20,19,14,15,0
2026-08-14T15:30:27.654421,15,20,19,15,16,0
2026-08-14T15:30:27.654421,14,20,18,15,16,0
2026-08-14T15:30:27.654421,13,20,20,15,15,0
2026-08-14T15:30:27.660252,13,19,20,15,15,0
2026-08-14T15:30:27.660252,15,20,19,14,16,0
2026-08-14T15:30:27.664394,13,19,19,15,16,0
2026-08-14T15:30:27.665391,14,19,19,15,16,0
2026-08-14T15:30:27.665391,12,19,19,14,16,0
2026-08-14T15:30:27.665391,14,19,18,15,16,0
2026-08-14T15:30:27.668340,14,19,18,14,16,0
2026-08-14T15:30:27.670797,14,18,19,14,16,0
2026-08-14T15:30:27.670797,13,19,20,15,15,0
2026-08-14T15:30:27.670797,13,18,16,15,17,0
2026-08-14T15:30:27.670797,14,20,19,15,16,0
2026-08-14T15:30:27.674224,13,19,18,15,16,0
2026-08-14T15:30:27.674224,14,20,20,14,16,0
2026-08-14T15:30:27.674224,14,20,20,14,16,0
2026-08-14T15:30:27.676788,13,19,19,16,16,0
2026-08-14T15:30:27.676788,14,20,19,14,16,0
2026-08-14T15:30:27.676788,13,19,19,15,16,0
2026-08-14T15:30:27.676788,13,20,19,15,16,0
2026-08-14T15:30:27.676788,14,20,19,14,16,0
2026-08-14T15:30:27.676788,14,19,19,15,16,0
2026-08-14T15:30:27.676788,14,19,19,15,17,0
2026-08-14T15:30:27.686791,14,20,19,15,16,0
2026-08-14T15:30:27.686791,14,20,18,15,16,0
2026-08-14T15:30:27.686791,14,20,20,15,16,0
2026-08-14T15:30:27.689002,13,20,19,14,16,0
2026-08-14T15:30:27.689002,13,19,19,15,16,0
2026-08-14T15:30:27.689002,12,19,20,14,16,0
2026-08-14T15:30:27.693260,13,19,20,16,17,0
2026-08-14T15:30:27.695350,14,19,19,16,17,0
2026-08-14T15:30:27.695350,14,20,19,15,17,0
2026-08-14T15:30:27.695350,13,20,18,15,17,0
2026-08-14T15:30:27.698065,14,20,19,15,16,0
2026-08-14T15:30:27.698065,14,20,19,15,16,0
2026-08-14T15:30:27.698065,13,20,19,15,16,0
2026-08-14T15:30:27.701277,14,20,19,15,15,0
2026-08-14T15:30:27.703374,13,20,20,15,16,0
2026-08-14T15:30:27.703374,15,20,19,15,16,0
2026-08-14T15:30:27.703374,13,20,19,15,16,0
2026-08-14T15:30:27.703374,13,19,19,15,17,0
2026-08-14T15:30:27.703374,15,20,19,16,16,0
2026-08-14T15:30:27.703374,12,19,18,15,16,0
2026-08-14T15:30:27.709318,15,19,19,15,16,0
2026-08-14T15:30:27.709318,13,19,19,15,16,0
2026-08-14T15:30:27.709318,13,19,19,15,16,0
2026-08-14T15:30:27.709318,15,20,19,14,16,0
2026-08-14T15:30:27.709318,14,20,20,15,16,0
2026-08-14T15:30:27.709318,15,20,18,14,16,0
2026-08-14T15:30:27.717390,11,21,20,15,17,0
2026-08-14T15:30:27.718034,13,20,20,15,16,0
2026-08-14T15:30:27.719401,13,20,20,14,16,0
2026-08-14T15:30:27.720332,13,19,20,15,16,0
2026-08-14T15:30:27.720332,13,19,20,16,16,0
2026-08-14T15:30:27.724057,12,19,19,15,16,0
2026-08-14T15:30:27.724057,13,20,18,15,17,0
2026-08-14T15:30:27.724057,13,20,19,16,17,0
2026-08-14T15:30:27.728181,13,19,19,14,16,0
2026-08-14T15:30:27.729030,14,20,19,15,16,0
2026-08-14T15:30:27.730163,15,20,20,15,17,0
2026-08-14T15:30:27.731142,14,20,19,15,16,0
2026-08-14T15:30:27.732246,14,21,20,15,16,0
2026-08-14T15:30:27.732246,15,19,21,15,16,0
2026-08-14T15:30:27.732246,13,21,19,15,16,0
2026-08-14T15:30:27.736470,14,20,20,15,17,0
2026-08-14T15:30:27.736470,14,19,19,16,17,0
2026-08-14T15:30:27.737464,14,20,19,17,16,0
2026-08-14T15:30:27.737464,13,20,19,15,17,0
2026-08-14T15:30:27.740433,15,20,19,15,16,0
2026-08-14T15:30:27.740433,15,19,19,15,16,0
2026-08-14T15:30:27.740433,13,20,19,15,16,0
2026-08-14T15:30:27.742833,14,20,20,15,16,0
2026-08-14T15:30:27.742833,13,20,20,15,17,0
2026-08-14T15:30:27.742833,14,20,20,15,16,0
2026-08-14T15:30:27.746375,14,20,19,15,16,0
2026-08-14T15:30:27.746375,13,20,20,15,16,0
2026-08-14T15:30:27.746375,13,20,19,16,16,0
2026-08-14T15:30:27.750224,14,20,19,15,17,0
2026-08-14T15:30:27.752854,14,19,19,16,17,0
2026-08-14T15:30:27.753552,14,19,19,15,16,0
2026-08-14T15:30:27.753552,15,20,20,15,17,0
2026-08-14T15:30:27.755567,13,20,20,15,16,0
2026-08-14T15:30:27.755567,14,20,19,15,17,0
2026-08-14T15:30:27.758346,15,20,19,15,16,0
2026-08-14T15:30:27.758346,13,20,20,14,16,0
2026-08-14T15:30:27.758346,13,20,20,15,17,0
2026-08-14T15:30:27.758346,14,19,19,16,17,0
2026-08-14T15:30:27.758346,13,19,20,16,16,0
2026-08-14T15:30:27.763941,14,20,20,15,17,0
2026-08-14T15:30:27.765956,14,20,20,15,17,0
2026-08-14T15:30:27.765956,12,19,20,13,17,0
2026-08-14T15:30:27.767970,13,19,19,16,17,0
2026-08-14T15:30:27.769886,13,20,20,15,17,0
2026-08-14T15:30:27.771442,14,20,19,15,16,0
2026-08-14T15:30:27.771442,14,20,20,15,16,0
2026-08-14T15:30:27.771442,15,20,19,15,16,0
2026-08-14T15:30:27.771442,14,21,20,16,16,0
2026-08-14T15:30:27.773874,13,19,20,15,16,0
2026-08-14T15:30:27.774691,14,20,20,15,16,0
2026-08-14T15:30:27.777412,14,19,19,15,16,0
2026-08-14T15:30:27.777412,13,21,19,15,17,0
2026-08-14T15:30:27.777412,12,20,20,15,16,0
2026-08-14T15:30:27.780683,14,20,19,15,16,0
2026-08-14T15:30:27.781749,15,20,19,15,17,0
2026-08-14T15:30:27.783762,14,21,19,15,17,0
2026-08-14T15:30:27.783762,14,19,19,15,16,0
2026-08-14T15:30:27.783762,14,21,20,14,17,0
2026-08-14T15:30:27.786646,14,20,19,16,16,0
2026-08-14T15:30:27.787205,13,21,20,15,17,0
2026-08-14T15:30:27.789506,14,19,19,16,17,0
2026-08-14T15:30:27.789506,14,20,19,15,17,0
2026-08-14T15:30:27.789506,15,20,20,15,17,0
2026-08-14T15:30:27.793682,14,20,19,15,16,0
2026-08-14T15:30:27.793682,14,20,19,15,16,0
2026-08-14T15:30:27.793682,14,20,20,15,15,0
2026-08-14T15:30:27.795447,14,20,20,15,16,0
2026-08-14T15:30:27.797782,15,20,19,15,16,0
2026-08-14T15:30:27.797782,14,20,20,16,17,0
2026-08-14T15:30:27.797782,13,20,20,15,16,0
2026-08-14T15:30:27.800842,15,20,20,15,17,0
2026-08-14T15:30:27.802752,15,21,20,15,16,0
2026-08-14T15:30:27.803981,15,21,20,15,17,0
2026-08-14T15:30:27.804724,12,20,20,15,16,0
2026-08-14T15:30:27.804724,13,20,20,15,17,0
2026-08-14T15:30:27.806233,13,19,19,16,16,0
2026-08-14T15:30:27.806233,14,19,19,14,17,0
2026-08-14T15:30:27.806233,14,19,20,15,17,0
2026-08-14T15:30:27.806233,14,21,20,15,16,0
2026-08-14T15:30:27.806233,15,19,19,15,16,0
2026-08-14T15:30:27.806233,15,19,19,16,16,0
2026-08-14T15:30:27.806233,14,20,19,15,16,0
2026-08-14T15:30:27.814438,14,20,19,15,17,0
2026-08-14T15:30:27.814438,14,21,20,15,16,0
2026-08-14T15:30:27.814438,14,20,20,15,16,0
2026-08-14T15:30:27.819409,13,18,21,15,16,0
2026-08-14T15:30:27.820212,13,19,20,15,15,0
2026-08-14T15:30:27.820212,13,20,19,15,17,0
2026-08-14T15:30:27.822358,13,20,20,15,16,0
2026-08-14T15:30:27.822358,14,19,19,15,16,0
2026-08-14T15:30:27.822358,13,19,20,16,17,0
2026-08-14T15:30:27.825275,14,20,19,15,16,0
2026-08-14T15:30:27.825275,14,20,19,15,17,0
2026-08-14T15:30:27.825275,15,20,19,15,17,0
2026-08-14T15:30:27.830648,14,20,19,15,16,0
2026-08-14T15:30:27.830648,14,21,20,15,16,0
2026-08-14T15:30:27.830648,14,20,20,15,16,0
2026-08-14T15:30:27.832664,13,20,19,15,17,0
2026-08-14T15:30:27.832664,13,20,19,15,16,0
2026-08-14T15:30:27.832664,14,19,19,16,16,0
2026-08-14T15:30:27.836753,13,19,20,15,16,0
2026-08-14T15:30:27.838921,14,20,20,15,17,0
2026-08-14T15:30:27.838921,14,20,19,16,17,0
2026-08-14T15:30:27.838921,13,21,18,16,17,0
2026-08-14T15:30:27.838921,14,20,20,15,17,0
2026-08-14T15:30:27.838921,13,21,20,15,15,0
2026-08-14T15:30:27.838921,15,20,20,15,17,0
2026-08-14T15:30:27.838921,13,20,18,15,17,0
2026-08-14T15:30:27.846565,13,19,20,15,16,0
2026-08-14T15:30:27.846565,14,19,20,15,16,0
2026-08-14T15:30:27.846565,15,20,19,15,16,0
2026-08-14T15:30:27.848773,13,19,19,15,16,0
2026-08-14T15:30:27.848773,13,19,20,15,16,0
2026-08-14T15:30:27.848773,14,19,20,14,17,0
2026-08-14T15:30:27.852813,14,19,19,15,17,0
2026-08-14T15:30:27.855243,14,20,20,16,16,0
2026-08-14T15:30:27.855243,14,19,20,14,17,0
2026-08-14T15:30:27.855243,13,20,20,15,16,0
2026-08-14T15:30:27.855243,15,20,19,15,17,0
2026-08-14T15:30:27.855243,15,21,20,15,16,0
2026-08-14T15:30:27.855243,13,21,20,15,16,0
2026-08-14T15:30:27.861017,12,19,20,15,16,0
2026-08-14T15:30:27.863422,14,21,20,16,17,0
2026-08-14T15:30:27.863422,14,19,18,15,17,0
2026-08-14T15:30:27.863422,14,20,19,15,16,0
2026-08-14T15:30:27.867409,14,20,20,15,17,0
2026-08-14T15:30:27.867409,14,20,19,15,17,0
2026-08-14T15:30:27.869399,15,19,18,15,16,0
2026-08-14T15:30:27.870204,15,19,19,15,16,0
2026-08-14T15:30:27.870204,14,20,19,15,16,0
2026-08-14T15:30:27.871945,15,20,19,15,16,0
2026-08-14T15:30:27.871945,13,20,20,15,16,0
2026-08-14T15:30:27.875612,14,20,20,15,16,0
2026-08-14T15:30:27.875612,13,19,19,15,17,0
2026-08-14T15:30:27.875612,14,18,19,15,16,0
2026-08-14T15:30:27.877378,13,20,19,15,16,0
2026-08-14T15:30:27.877378,14,19,19,15,16,0
2026-08-14T15:30:27.880310,14,20,19,15,17,0
2026-08-14T15:30:27.880310,13,19,19,15,16,0
2026-08-14T15:30:27.883782,15,19,19,15,16,0
2026-08-14T15:30:27.883782,14,20,20,16,16,0
2026-08-14T15:30:27.883782,15,20,19,15,16,0
2026-08-14T15:30:27.886649,14,19,20,15,17,0
2026-08-14T15:30:27.886649,14,20,20,15,16,0
2026-08-14T15:30:27.888710,14,21,20,15,16,0
2026-08-14T15:30:27.888710,14,19,19,15,16,0
2026-08-14T15:30:27.891981,14,20,19,15,16,0
2026-08-14T15:30:27.891981,13,19,19,16,16,0
2026-08-14T15:30:27.891981,14,21,20,16,17,0
2026-08-14T15:30:27.895393,14,20,20,15,16,0
2026-08-14T15:30:27.895393,13,19,19,16,16,0
2026-08-14T15:30:27.897154,14,20,20,14,16,0
2026-08-14T15:30:27.897154,14,20,20,15,16,0
2026-08-14T15:30:27.899171,13,20,19,15,16,0
2026-08-14T15:30:27.899171,15,20,18,14,16,0
2026-08-14T15:30:27.899171,13,20,18,15,16,0
2026-08-14T15:30:27.903600,13,19,20,15,17,0
2026-08-14T15:30:27.903600,14,20,20,14,17,0
2026-08-14T15:30:27.905429,14,20,19,16,16,0
2026-08-14T15:30:27.905429,13,20,20,16,17,0
2026-08-14T15:30:27.905429,13,20,20,15,16,0
2026-08-14T15:30:27.905429,13,20,19,15,16,0
2026-08-14T15:30:27.905429,14,19,19,15,17,0
2026-08-14T15:30:27.910139,14,19,19,15,16,0
2026-08-14T15:30:27.910139,14,20,20,15,15,0
2026-08-14T15:30:27.910139,14,19,20,14,16,0
2026-08-14T15:30:27.913884,15,20,20,15,17,0
2026-08-14T15:30:27.916560,13,20,19,15,17,0
2026-08-14T15:30:27.916560,13,19,19,16,16,0
2026-08-14T15:30:27.916560,14,20,20,15,15,0
2026-08-14T15:30:27.920503,14,20,19,15,16,0
2026-08-14T15:30:27.920855,15,19,18,15,16,0
2026-08-14T15:30:27.922379,12,19,20,15,16,0
2026-08-14T15:30:27.922379,14,19,19,14,16,0
2026-08-14T15:30:27.922379,14,20,19,15,16,0
2026-08-14T15:30:27.926515,14,20,18,15,17,0
2026-08-14T15:30:27.926515,15,19,19,15,17,0
2026-08-14T15:30:27.926515,12,20,19,15,16,0
2026-08-14T15:30:27.926515,14,20,20,15,16,0
2026-08-14T15:30:27.926515,14,20,18,14,16,0
2026-08-14T15:30:27.930810,14,20,20,15,17,0
2026-08-14T15:30:27.930810,13,19,19,15,17,0
2026-08-14T15:30:27.930810,13,19,20,15,16,0
2026-08-14T15:30:27.934718,14,20,19,15,17,0
2026-08-14T15:30:27.936515,13,18,19,15,16,0
2026-08-14T15:30:27.936515,14,19,19,15,16,0
2026-08-14T15:30:27.936515,15,20,19,15,17,0
2026-08-14T15:30:27.941182,14,20,19,15,16,0
2026-08-14T15:30:27.941182,14,20,20,15,17,0
2026-08-14T15:30:27.941182,15,20,19,15,17,0
2026-08-14T15:30:27.941182,14,20,20,15,16,0
2026-08-14T15:30:27.945230,13,20,20,15,15,0
2026-08-14T15:30:27.945230,13,20,20,15,17,0
2026-08-14T15:30:27.945230,14,20,19,15,16,0
2026-08-14T15:30:27.947857,14,20,20,16,16,0
2026-08-14T15:30:27.949615,13,19,20,15,17,0
2026-08-14T15:30:27.949615,13,20,19,15,16,0
2026-08-14T15:30:27.949615,14,19,19,15,17,0
2026-08-14T15:30:27.953306,13,19,19,15,16,0
2026-08-14T15:30:27.953306,14,19,18,15,17,0
2026-08-14T15:30:27.953306,14,20,20,15,16,0
2026-08-14T15:30:27.953306,14,20,20,15,16,0
2026-08-14T15:30:27.957780,14,20,19,16,16,0
2026-08-14T15:30:27.957780,13,20,20,15,17,0
2026-08-14T15:30:27.957780,14,20,20,14,16,0
2026-08-14T15:30:27.957780,15,20,19,15,16,0
2026-08-14T15:30:27.957780,14,20,19,15,17,0
2026-08-14T15:30:27.957780,15,19,18,15,17,0
2026-08-14T15:30:27.965800,14,20,18,15,16,0
2026-08-14T15:30:27.966575,14,20,19,14,17,0
2026-08-14T15:30:27.966575,14,20,19,15,16,0
2026-08-14T15:30:27.966575,14,20,18,15,17,0
2026-08-14T15:30:27.970466,13,20,20,14,16,0
2026-08-14T15:30:27.970466,15,20,20,15,16,0
2026-08-14T15:30:27.970466,14,19,20,15,16,0
2026-08-14T15:30:27.973508,13,19,20,15,16,0
2026-08-14T15:30:27.973508,13,19,20,15,15,0
2026-08-14T15:30:27.973508,13,19,19,15,16,0
2026-08-14T15:30:27.973508,14,19,19,14,17,0
2026-08-14T15:30:27.973508,13,20,19,14,18,0
2026-08-14T15:30:27.973508,14,18,20,16,17,0
2026-08-14T15:30:27.973508,14,20,19,15,16,0
2026-08-14T15:30:27.981571,15,20,20,15,16,0
2026-08-14T15:30:27.981571,15,20,18,15,16,0
2026-08-14T15:30:27.981571,15,19,20,15,17,0
2026-08-14T15:30:27.981571,14,20,20,15,16,0
2026-08-14T15:30:27.987152,13,20,18,15,16,0
2026-08-14T15:30:27.987467,15,20,20,14,16,0
2026-08-14T15:30:27.990209,14,19,20,15,16,0
2026-08-14T15:30:27.990209,14,20,19,15,17,0
2026-08-14T15:30:27.990209,14,20,19,16,16,0
2026-08-14T15:30:27.990209,14,19,19,14,16,0
2026-08-14T15:30:27.994383,14,20,19,15,17,0
2026-08-14T15:30:27.994383,14,20,19,14,17,0
2026-08-14T15:30:27.994383,15,20,19,15,16,0
2026-08-14T15:30:27.998273,13,20,18,14,16,0
2026-08-14T15:30:27.998273,15,20,19,15,16,0
2026-08-14T15:30:27.998273,14,20,19,14,16,0
2026-08-14T15:30:28.000295,13,20,20,14,16,0
2026-08-14T15:30:28.000295,13,20,18,14,16,0
2026-08-14T15:30:28.003585,14,19,19,15,16,0
2026-08-14T15:30:28.003585,13,19,19,15,16,0
2026-08-14T15:30:28.006708,14,20,18,15,16,0
2026-08-14T15:30:28.006708,14,20,20,14,17,0
2026-08-14T15:30:28.006708,15,19,19,15,16,0
2026-08-14T15:30:28.008518,13,20,19,15,16,0
2026-08-14T15:30:28.008518,14,19,19,14,17,0
2026-08-14T15:30:28.008518,14,20,20,15,16,0
2026-08-14T15:30:28.008518,13,20,20,15,16,0
2026-08-14T15:30:28.014975,14,19,19,15,16,0
2026-08-14T15:30:28.014975,13,19,19,15,15,0
2026-08-14T15:30:28.014975,14,21,20,15,16,0
2026-08-14T15:30:28.016986,13,19,19,15,16,0
2026-08-14T15:30:28.016986,15,19,20,15,17,0
2026-08-14T15:30:28.020119,14,20,19,16,16,0
2026-08-14T15:30:28.020119,14,19,20,15,17,0
2026-08-14T15:30:28.022293,14,19,19,14,16,0
2026-08-14T15:30:28.023305,13,20,19,14,17,0
2026-08-14T15:30:28.023305,13,19,18,15,16,0
2026-08-14T15:30:28.027181,13,20,20,14,16,0
2026-08-14T15:30:28.027181,13,20,20,15,16,0
2026-08-14T15:30:28.027181,15,20,19,15,15,0
2026-08-14T15:30:28.027181,13,19,19,15,16,0
2026-08-14T15:30:28.030017,14,20,18,15,16,0
2026-08-14T15:30:28.031768,14,19,19,15,16,0
2026-08-14T15:30:28.031768,14,20,19,15,17,0
2026-08-14T15:30:28.031768,14,20,19,15,17,0
2026-08-14T15:30:28.036076,13,19,19,16,17,0
2026-08-14T15:30:28.036708,14,20,18,15,16,0
2026-08-14T15:30:28.036708,14,20,19,14,17,0
2026-08-14T15:30:28.039458,14,20,20,15,16,0
2026-08-14T15:30:28.039458,13,19,18,15,16,0
2026-08-14T15:30:28.039458,13,20,20,15,15,0
2026-08-14T15:30:28.041885,13,20,20,15,16,0
2026-08-14T15:30:28.041885,13,20,19,14,17,0
2026-08-14T15:30:28.041885,13,19,18,15,17,0
2026-08-14T15:30:28.045368,13,19,20,15,17,0
2026-08-14T15:30:28.047651,14,19,20,15,16,0
2026-08-14T15:30:28.047651,14,19,18,15,16,0
2026-08-14T15:30:28.047651,14,20,18,15,16,0
2026-08-14T15:30:28.047651,13,20,19,15,16,0
2026-08-14T15:30:28.047651,13,19,19,15,15,0
2026-08-14T15:30:28.053346,13,20,20,15,16,0
2026-08-14T15:30:28.054135,14,20,18,14,16,0
2026-08-14T15:30:28.056183,15,19,19,15,16,0
2026-08-14T15:30:28.056183,14,19,19,16,16,0
2026-08-14T15:30:28.056183,15,20,19,15,17,0
2026-08-14T15:30:28.056183,14,19,18,15,16,0
2026-08-14T15:30:28.056183,13,19,19,16,16,0
2026-08-14T15:30:28.061728,14,19,19,15,16,0
2026-08-14T15:30:28.063998,14,20,19,14,16,0
2026-08-14T15:30:28.063998,14,20,19,15,17,0
2026-08-14T15:30:28.063998,13,19,18,14,16,0
2026-08-14T15:30:28.063998,13,19,19,15,17,0
2026-08-14T15:30:28.068180,14,20,20,14,16,0
2026-08-14T15:30:28.068180,15,20,18,14,16,0
2026-08-14T15:30:28.070072,14,20,20,15,16,0
2026-08-14T15:30:28.072097,14,19,19,15,17,0
2026-08-14T15:30:28.072097,13,19,19,14,16,0
2026-08-14T15:30:28.072097,13,20,19,15,17,0
2026-08-14T15:30:28.073947,13,20,20,15,16,0
2026-08-14T15:30:28.073947,14,20,19,15,16,0
2026-08-14T15:30:28.073947,14,20,19,15,16,0
2026-08-14T15:30:28.073947,15,20,18,15,16,0
2026-08-14T15:30:28.080195,15,20,20,15,15,0
2026-08-14T15:30:28.080195,14,20,19,15,16,0
2026-08-14T15:30:28.080195,14,20,20,15,16,0
2026-08-14T15:30:28.080195,13,19,18,14,16,0
2026-08-14T15:30:28.080195,13,19,19,15,17,0
2026-08-14T15:30:28.080195,13,19,19,15,16,0
2026-08-14T15:30:28.086404,13,19,18,15,16,0
2026-08-14T15:30:28.088586,13,19,19,15,16,0
2026-08-14T15:30:28.088586,14,19,19,14,16,0
2026-08-14T15:30:28.088586,14,20,19,14,16,0
2026-08-14T15:30:28.092708,14,19,19,14,16,0
2026-08-14T15:30:28.092708,14,19,19,15,16,0
2026-08-14T15:30:28.092708,13,20,20,14,17,0
2026-08-14T15:30:28.092708,13,20,19,15,16,0
2026-08-14T15:30:28.096491,13,19,18,14,16,0
2026-08-14T15:30:28.096491,13,20,20,14,15,0
2026-08-14T15:30:28.098523,14,20,19,14,16,0
2026-08-14T15:30:28.098523,14,20,20,15,16,0
2026-08-14T15:30:28.098523,13,19,18,15,16,0
2026-08-14T15:30:28.098523,14,18,19,14,17,0
2026-08-14T15:30:28.103462,14,19,19,15,16,0
2026-08-14T15:30:28.105184,14,19,19,14,16,0
2026-08-14T15:30:28.105184,14,19,18,16,16,0
2026-08-14T15:30:28.105184,13,19,18,14,16,0
2026-08-14T15:30:28.105184,15,20,19,15,16,0
2026-08-14T15:30:28.105184,13,20,20,14,16,0
2026-08-14T15:30:28.105184,14,18,20,14,17,0
2026-08-14T15:30:28.105184,13,20,18,15,16,0
2026-08-14T15:30:28.105184,13,19,20,14,16,0
2026-08-14T15:30:28.113407,13,19,19,14,16,0
2026-08-14T15:30:28.113407,14,19,19,15,15,0
2026-08-14T15:30:28.117256,14,19,18,14,16,0
2026-08-14T15:30:28.117256,13,20,19,15,16,0
2026-08-14T15:30:28.119390,12,19,19,14,16,0
2026-08-14T15:30:28.120202,14,19,18,15,16,0
2026-08-14T15:30:28.121423,14,20,19,15,16,0
2026-08-14T15:30:28.121423,13,20,18,15,16,0
2026-08-14T15:30:28.121423,14,20,20,14,15,0
2026-08-14T15:30:28.124572,14,20,18,14,16,0
2026-08-14T15:30:28.124572,14,20,19,14,15,0
2026-08-14T15:30:28.124572,13,19,20,15,17,0
2026-08-14T15:30:28.129567,13,19,19,15,16,0
2026-08-14T15:30:28.129567,13,20,20,15,16,0
2026-08-14T15:30:28.129567,13,19,18,13,16,0
2026-08-14T15:30:28.131367,14,20,19,15,16,0
2026-08-14T15:30:28.131367,14,19,19,15,16,0
2026-08-14T15:30:28.131367,14,20,18,14,16,0
2026-08-14T15:30:28.131367,15,18,18,15,16,0
2026-08-14T15:30:28.136509,14,20,19,14,16,0
2026-08-14T15:30:28.138218,13,19,18,15,15,0
2026-08-14T15:30:28.138218,15,20,18,15,16,0
2026-08-14T15:30:28.138218,13,19,19,15,16,0
2026-08-14T15:30:28.138218,13,19,19,15,16,0
2026-08-14T15:30:28.138218,13,20,19,15,16,0
2026-08-14T15:30:28.143642,13,19,19,14,16,0
2026-08-14T15:30:28.148671,13,19,18,15,16,0
2026-08-14T15:30:28.148671,14,19,18,14,16,0
2026-08-14T15:30:28.148671,14,18,18,15,16,0
2026-08-14T15:30:28.150680,13,19,19,14,16,0
2026-08-14T15:30:28.150680,14,19,18,14,15,0
2026-08-14T15:30:28.152701,14,19,18,14,16,0
2026-08-14T15:30:28.153362,13,19,18,14,16,0
2026-08-14T15:30:28.153670,13,19,19,15,16,0
2026-08-14T15:30:28.154846,13,19,18,15,16,0
2026-08-14T15:30:28.154846,12,20,19,14,15,0
2026-08-14T15:30:28.158235,13,18,19,14,16,0
2026-08-14T15:30:28.158235,12,19,20,15,16,0
2026-08-14T15:30:28.158235,13,19,18,14,15,0
2026-08-14T15:30:28.158235,14,20,18,13,16,0
2026-08-14T15:30:28.161022,14,20,19,15,16,0
2026-08-14T15:30:28.163049,13,18,19,15,16,0
2026-08-14T15:30:28.163811,14,19,19,15,16,0
2026-08-14T15:30:28.163811,14,20,19,14,16,0
2026-08-14T15:30:28.163811,13,20,18,15,17,0
2026-08-14T15:30:28.163811,14,20,18,13,16,0
2026-08-14T15:30:28.168186,13,19,18,15,15,0
2026-08-14T15:30:28.169734,12,20,20,14,15,0
2026-08-14T15:30:28.169734,13,19,18,15,16,0
2026-08-14T15:30:28.171451,14,19,19,15,17,0
2026-08-14T15:30:28.171451,14,19,18,14,15,0
2026-08-14T15:30:28.171451,12,19,18,14,16,0
2026-08-14T15:30:28.171451,13,19,18,15,16,0
2026-08-14T15:30:28.171451,14,18,18,14,16,0
2026-08-14T15:30:28.171451,14,19,18,15,16,0
2026-08-14T15:30:28.171451,14,20,19,15,16,0
2026-08-14T15:30:28.179778,13,20,18,14,16,0
2026-08-14T15:30:28.182807,15,20,19,15,16,0
2026-08-14T15:30:28.182807,14,20,19,14,16,0
2026-08-14T15:30:28.184567,12,19,20,14,16,0
2026-08-14T15:30:28.184567,13,19,18,15,15,0
2026-08-14T15:30:28.186449,13,19,19,14,15,0
2026-08-14T15:30:28.186449,14,19,19,14,17,0
2026-08-14T15:30:28.188443,13,19,19,14,16,0
2026-08-14T15:30:28.190981,14,18,19,14,16,0
2026-08-14T15:30:28.190981,13,19,18,13,16,0
2026-08-14T15:30:28.190981,14,18,18,15,16,0
2026-08-14T15:30:28.195080,14,19,18,14,16,0
2026-08-14T15:30:28.195080,13,19,19,15,15,0
2026-08-14T15:30:28.195080,13,20,19,15,17,0
2026-08-14T15:30:28.196846,14,19,18,14,15,0
2026-08-14T15:30:28.198328,12,20,19,15,15,0
2026-08-14T15:30:28.198328,14,19,19,14,15,0
2026-08-14T15:30:28.198328,12,20,19,15,16,0
2026-08-14T15:30:28.203056,14,19,18,14,16,0
2026-08-14T15:30:28.203525,13,18,18,14,16,0
2026-08-14T15:30:28.203525,13,19,17,14,16,0
2026-08-14T15:30:28.205188,13,20,18,14,16,0
2026-08-14T15:30:28.206772,14,20,18,14,16,0
2026-08-14T15:30:28.206772,14,19,19,15,16,0
2026-08-14T15:30:28.206772,13,19,18,15,17,0
2026-08-14T15:30:28.209168,14,18,18,14,16,0
2026-08-14T15:30:28.209168,13,20,18,14,15,0
2026-08-14T15:30:28.209168,14,19,18,14,16,0
2026-08-14T15:30:28.213330,13,18,18,14,16,0
2026-08-14T15:30:28.213330,12,20,20,15,15,0
2026-08-14T15:30:28.213330,13,19,18,14,16,0
2026-08-14T15:30:28.213330,12,18,18,14,16,0
2026-08-14T15:30:28.219410,14,18,19,15,16,0
2026-08-14T15:30:28.219972,14,18,18,14,16,0
2026-08-14T15:30:28.219972,14,19,19,13,16,0
2026-08-14T15:30:28.221889,13,19,18,13,16,0
2026-08-14T15:30:28.221889,13,19,19,14,16,0
2026-08-14T15:30:28.221889,13,18,18,15,14,0
2026-08-14T15:30:28.225598,13,19,18,14,15,0
2026-08-14T15:30:28.227858,13,18,20,14,15,0
2026-08-14T15:30:28.227858,13,18,18,15,16,0
2026-08-14T15:30:28.227858,13,18,18,15,15,0
2026-08-14T15:30:28.230668,14,19,18,14,16,0
2026-08-14T15:30:28.230668,13,19,18,14,16,0
2026-08-14T15:30:28.233716,13,19,18,14,16,0
2026-08-14T15:30:28.233716,13,18,19,15,16,0
2026-08-14T15:30:28.233716,13,18,18,14,16,0
2026-08-14T15:30:28.236980,13,19,19,15,16,0
2026-08-14T15:30:28.237879,13,19,18,14,16,0
2026-08-14T15:30:28.238442,14,19,18,14,16,0
2026-08-14T15:30:28.238442,13,19,18,14,15,0
2026-08-14T15:30:28.238442,13,19,19,14,15,0
2026-08-14T15:30:28.241938,13,19,18,14,15,0
2026-08-14T15:30:28.241938,13,19,18,14,15,0
2026-08-14T15:30:28.241938,13,19,17,14,16,0
2026-08-14T15:30:28.245632,11,18,19,14,16,0
2026-08-14T15:30:28.245632,13,19,19,14,16,0
2026-08-14T15:30:28.245632,13,19,18,14,16,0
2026-08-14T15:30:28.245632,14,17,18,14,16,0
2026-08-14T15:30:28.250090,14,18,19,14,16,0
2026-08-14T15:30:28.250090,13,19,18,15,15,0
2026-08-14T15:30:28.253580,13,19,18,15,16,0
2026-08-14T15:30:28.253580,13,19,18,15,16,0
2026-08-14T15:30:28.256532,12,19,19,14,15,0
2026-08-14T15:30:28.256532,12,19,18,15,15,0
2026-08-14T15:30:28.256532,13,20,17,15,16,0
2026-08-14T15:30:28.260633,13,18,17,14,16,0
2026-08-14T15:30:28.261648,13,18,19,14,16,0
2026-08-14T15:30:28.261648,13,18,18,15,16,0
2026-08-14T15:30:28.261648,12,19,18,14,15,0
2026-08-14T15:30:28.264769,13,18,18,14,15,0
2026-08-14T15:30:28.264769,14,19,17,14,16,0
2026-08-14T15:30:28.267466,14,19,19,14,16,0
2026-08-14T15:30:28.267466,14,19,18,14,16,0
2026-08-14T15:30:28.269406,13,19,18,13,15,0
2026-08-14T15:30:28.270786,13,18,18,15,15,0
2026-08-14T15:30:28.271297,13,19,19,15,16,0
2026-08-14T15:30:28.273428,12,19,18,14,16,0
2026-08-14T15:30:28.273428,13,19,19,14,16,0
2026-08-14T15:30:28.274948,13,18,18,14,16,0
2026-08-14T15:30:28.277054,14,19,17,15,16,0
2026-08-14T15:30:28.277054,12,18,18,15,16,0
2026-08-14T15:30:28.278621,14,19,18,14,16,0
2026-08-14T15:30:28.278621,14,18,18,13,16,0
2026-08-14T15:30:28.280677,13,20,19,14,16,0
2026-08-14T15:30:28.282295,14,19,19,15,16,0
2026-08-14T15:30:28.283166,13,19,18,14,16,0
2026-08-14T15:30:28.284776,12,20,20,14,15,0
2026-08-14T15:30:28.284776,13,18,17,14,15,0
2026-08-14T15:30:28.286895,12,19,18,14,16,0
2026-08-14T15:30:28.289308,13,19,17,14,16,0
2026-08-14T15:30:28.289308,14,19,19,15,16,0
2026-08-14T15:30:28.289308,13,19,19,14,16,0
2026-08-14T15:30:28.289308,13,19,18,15,16,0
2026-08-14T15:30:28.293382,13,19,17,14,16,0
2026-08-14T15:30:28.293382,13,17,19,15,15,0
2026-08-14T15:30:28.293382,14,19,19,13,16,0
2026-08-14T15:30:28.293382,14,18,18,13,16,0
2026-08-14T15:30:28.293382,13,20,18,15,15,0
2026-08-14T15:30:28.293382,13,18,18,13,15,0
2026-08-14T15:30:28.299238,13,18,18,14,15,0
2026-08-14T15:30:28.300757,13,18,18,14,15,0
2026-08-14T15:30:28.300757,13,18,18,14,16,0
2026-08-14T15:30:28.300757,13,19,18,15,16,0
2026-08-14T15:30:28.300757,13,19,18,14,16,0
2026-08-14T15:30:28.300757,13,19,19,15,16,0
2026-08-14T15:30:28.300757,14,19,17,14,17,0
2026-08-14T15:30:28.300757,13,18,18,14,16,0
2026-08-14T15:30:28.309301,13,19,18,14,16,0
2026-08-14T15:30:28.310558,13,19,18,14,15,0
2026-08-14T15:30:28.311852,14,18,18,14,16,0
2026-08-14T15:30:28.311852,13,19,18,14,15,0
2026-08-14T15:30:28.314771,13,19,19,14,15,0
2026-08-14T15:30:28.314771,13,19,18,14,15,0
2026-08-14T15:30:28.314771,13,19,18,14,15,0
2026-08-14T15:30:28.317089,14,18,18,14,16,0
2026-08-14T15:30:28.317089,13,19,17,14,16,0
2026-08-14T15:30:28.317089,13,19,18,14,16,0
2026-08-14T15:30:28.321807,13,19,18,14,16,0
2026-08-14T15:30:28.321807,15,18,19,13,16,0
2026-08-14T15:30:28.321807,14,19,19,15,16,0
2026-08-14T15:30:28.326187,14,19,18,14,16,0
2026-08-14T15:30:28.326187,14,18,18,13,16,0
2026-08-14T15:30:28.326187,13,18,18,14,15,0
2026-08-14T15:30:28.326187,12,18,18,14,15,0
2026-08-14T15:30:28.329078,13,18,18,14,16,0
2026-08-14T15:30:28.329078,13,18,18,14,16,0
2026-08-14T15:30:28.329078,13,18,18,15,16,0
2026-08-14T15:30:28.333700,14,19,18,14,16,0
2026-08-14T15:30:28.333700,12,19,17,14,16,0
2026-08-14T15:30:28.333700,13,18,17,14,16,0
2026-08-14T15:30:28.336786,14,19,18,14,15,0
2026-08-14T15:30:28.337445,13,20,18,13,16,0
2026-08-14T15:30:28.337445,14,18,17,14,16,0
2026-08-14T15:30:28.337445,13,19,18,14,15,0
2026-08-14T15:30:28.341806,13,19,18,14,15,0
2026-08-14T15:30:28.341806,14,18,19,15,17,0
2026-08-14T15:30:28.341806,14,18,18,14,16,0
2026-08-14T15:30:28.344365,11,18,18,14,15,0
2026-08-14T15:30:28.344365,13,19,19,14,16,0
2026-08-14T15:30:28.344365,13,19,18,14,16,0
2026-08-14T15:30:28.344365,14,19,18,14,16,0
2026-08-14T15:30:28.350736,12,19,18,14,16,0
2026-08-14T15:30:28.350736,13,19,19,14,15,0
2026-08-14T15:30:28.352581,14,18,18,14,15,0
2026-08-14T15:30:28.353530,14,18,18,15,16,0
2026-08-14T15:30:28.354264,13,18,18,14,15,0
2026-08-14T15:30:28.355474,12,19,18,14,16,0
2026-08-14T15:30:28.355474,13,19,18,14,15,0
2026-08-14T15:30:28.358789,13,20,18,14,15,0
2026-08-14T15:30:28.359838,14,19,17,14,16,0
2026-08-14T15:30:28.359838,14,19,18,14,16,0
2026-08-14T15:30:28.361899,13,18,19,15,15,0
2026-08-14T15:30:28.361899,13,19,18,15,16,0
2026-08-14T15:30:28.363911,13,18,17,13,16,0
2026-08-14T15:30:28.363911,14,19,18,14,16,0
2026-08-14T15:30:28.366986,14,19,17,14,16,0
2026-08-14T15:30:28.366986,13,19,18,14,16,0
2026-08-14T15:30:28.366986,13,19,18,14,16,0
2026-08-14T15:30:28.370974,14,19,18,14,15,0
2026-08-14T15:30:28.370974,12,19,18,15,15,0
2026-08-14T15:30:28.370974,14,18,18,14,15,0
2026-08-14T15:30:28.373079,13,20,18,14,16,0
2026-08-14T15:30:28.375091,13,18,18,14,16,0
2026-08-14T15:30:28.375091,12,18,18,13,16,0
2026-08-14T15:30:28.375091,13,19,18,14,16,0
2026-08-14T15:30:28.379109,13,18,18,15,16,0
2026-08-14T15:30:28.379109,13,18,17,15,16,0
2026-08-14T15:30:28.379109,14,18,18,15,16,0
2026-08-14T15:30:28.379109,13,18,17,14,15,0
2026-08-14T15:30:28.382911,14,19,18,14,16,0
2026-08-14T15:30:28.382911,13,20,18,14,15,0
2026-08-14T15:30:28.382911,13,18,18,14,15,0
2026-08-14T15:30:28.387607,13,19,18,14,15,0
2026-08-14T15:30:28.387607,13,18,17,15,16,0
2026-08-14T15:30:28.387607,13,19,19,15,16,0
2026-08-14T15:30:28.391704,14,19,19,14,16,0
2026-08-14T15:30:28.391704,13,18,18,15,16,0
2026-08-14T15:30:28.391704,13,19,18,14,15,0
2026-08-14T15:30:28.393464,14,18,18,14,15,0
2026-08-14T15:30:28.395782,14,19,18,14,15,0
2026-08-14T15:30:28.396659,14,18,18,13,16,0
2026-08-14T15:30:28.396659,12,19,18,13,16,0
2026-08-14T15:30:28.399881,11,19,18,15,16,0
2026-08-14T15:30:28.399881,13,19,19,15,15,0
2026-08-14T15:30:28.399881,13,19,18,13,16,0
2026-08-14T15:30:28.401644,12,19,18,15,15,0
2026-08-14T15:30:28.403733,14,19,17,15,16,0
2026-08-14T15:30:28.403733,13,19,17,13,16,0
2026-08-14T15:30:28.403733,14,18,17,14,16,0
2026-08-14T15:30:28.408220,14,19,18,13,16,0
2026-08-14T15:30:28.408220,13,19,18,14,16,0
2026-08-14T15:30:28.408220,14,19,17,15,15,0
2026-08-14T15:30:28.410231,13,18,18,15,16,0
2026-08-14T15:30:28.410231,13,18,18,14,15,0
2026-08-14T15:30:28.410231,12,18,18,14,16,0
2026-08-14T15:30:28.410231,12,19,17,14,16,0
2026-08-14T15:30:28.416433,13,20,19,14,15,0
2026-08-14T15:30:28.416433,13,19,17,14,16,0
2026-08-14T15:30:28.416433,13,18,18,14,15,0
2026-08-14T15:30:28.416433,14,18,18,14,16,0
2026-08-14T15:30:28.420678,13,18,18,14,16,0
2026-08-14T15:30:28.420678,13,19,18,14,16,0
2026-08-14T15:30:28.420678,14,18,18,14,16,0
2026-08-14T15:30:28.424493,14,18,18,13,15,0
2026-08-14T15:30:28.424493,13,18,18,13,16,0
2026-08-14T15:30:28.424493,13,20,18,14,15,0
2026-08-14T15:30:28.428555,14,20,18,14,15,0
2026-08-14T15:30:28.428555,13,19,18,14,15,0
2026-08-14T15:30:28.430318,13,19,18,14,16,0
2026-08-14T15:30:28.430318,11,18,18,14,15,0
2026-08-14T15:30:28.433418,12,18,18,14,16,0
2026-08-14T15:30:28.433418,13,19,18,14,16,0
2026-08-14T15:30:28.433418,11,18,18,14,16,0
2026-08-14T15:30:28.436193,13,19,18,14,15,0
2026-08-14T15:30:28.437259,14,19,18,14,15,0
2026-08-14T15:30:28.437259,15,20,18,14,15,0
2026-08-14T15:30:28.437259,13,18,17,13,16,0
2026-08-14T15:30:28.440857,14,19,17,14,15,0
2026-08-14T15:30:28.440857,13,19,18,14,15,0
2026-08-14T15:30:28.442468,13,19,18,14,15,0
2026-08-14T15:30:28.444934,13,19,18,14,15,0
2026-08-14T15:30:28.444934,14,18,16,14,15,0
2026-08-14T15:30:28.444934,13,17,19,15,16,0
2026-08-14T15:30:28.444934,13,18,19,14,16,0
2026-08-14T15:30:28.448086,13,17,18,13,16,0
2026-08-14T15:30:28.448086,13,17,17,14,16,0
2026-08-14T15:30:28.450121,14,18,17,14,16,0
2026-08-14T15:30:28.453082,13,18,17,14,15,0
2026-08-14T15:30:28.454003,14,19,17,14,16,0
2026-08-14T15:30:28.454003,15,19,18,14,15,0
2026-08-14T15:30:28.454003,13,19,18,14,16,0
2026-08-14T15:30:28.454003,12,18,18,14,15,0
2026-08-14T15:30:28.458531,13,19,17,14,16,0
2026-08-14T15:30:28.458531,14,18,17,14,15,0
2026-08-14T15:30:28.458531,12,17,18,14,16,0
2026-08-14T15:30:28.458531,13,18,18,13,16,0
2026-08-14T15:30:28.458531,13,19,17,13,15,0
2026-08-14T15:30:28.458531,13,19,17,14,16,0
2026-08-14T15:30:28.458531,13,17,18,14,15,0
2026-08-14T15:30:28.458531,13,17,18,15,15,0
2026-08-14T15:30:28.466856,13,18,18,13,15,0
2026-08-14T15:30:28.466856,13,18,18,15,15,0
2026-08-14T15:30:28.469792,14,19,18,14,14,0
2026-08-14T15:30:28.470559,13,19,18,14,16,0
2026-08-14T15:30:28.473640,13,19,18,14,15,0
2026-08-14T15:30:28.473640,13,18,18,14,15,0
2026-08-14T15:30:28.473640,13,19,19,14,16,0
2026-08-14T15:30:28.475151,13,18,17,14,16,0
2026-08-14T15:30:28.477706,14,18,17,15,16,0
2026-08-14T15:30:28.477706,13,18,17,15,15,0
2026-08-14T15:30:28.477706,13,18,18,14,16,0
2026-08-14T15:30:28.480934,14,18,17,13,16,0
2026-08-14T15:30:28.480934,13,18,18,14,16,0
2026-08-14T15:30:28.480934,11,18,17,13,15,0
2026-08-14T15:30:28.483247,13,18,18,14,16,0
2026-08-14T15:30:28.483247,13,18,18,14,15,0
2026-08-14T15:30:28.487025,12,17,19,15,15,0
2026-08-14T15:30:28.487370,13,17,17,14,15,0
2026-08-14T15:30:28.489381,12,19,18,14,16,0
2026-08-14T15:30:28.489381,13,19,19,14,15,0
2026-08-14T15:30:28.491411,13,18,18,14,16,0
2026-08-14T15:30:28.491411,14,17,17,14,15,0
2026-08-14T15:30:28.491411,13,18,17,14,16,0
2026-08-14T15:30:28.491411,13,19,18,14,16,0
2026-08-14T15:30:28.491411,14,17,17,15,15,0
2026-08-14T15:30:28.491411,14,18,17,14,15,0
2026-08-14T15:30:28.491411,14,18,18,14,16,0
2026-08-14T15:30:28.491411,13,18,18,14,15,0
2026-08-14T15:30:28.502281,14,18,17,14,15,0
2026-08-14T15:30:28.502871,12,18,16,14,15,0
2026-08-14T15:30:28.504206,11,19,17,16,15,0
2026-08-14T15:30:28.504206,13,18,17,14,15,0
2026-08-14T15:30:28.506370,13,18,17,13,15,0
2026-08-14T15:30:28.506370,13,18,18,15,15,0
2026-08-14T15:30:28.506370,12,18,18,15,16,0
2026-08-14T15:30:28.508130,14,18,18,14,14,0
2026-08-14T15:30:28.508130,14,18,18,14,16,0
2026-08-14T15:30:28.508130,15,18,17,13,14,0
2026-08-14T15:30:28.508130,13,19,18,13,15,0
2026-08-14T15:30:28.508130,12,18,17,14,15,0
2026-08-14T15:30:28.508130,13,19,18,14,15,0
2026-08-14T15:30:28.508130,12,18,17,14,15,0
2026-08-14T15:30:28.518234,13,18,18,14,16,0
2026-08-14T15:30:28.519443,12,19,17,14,16,0
2026-08-14T15:30:28.520317,11,18,17,14,15,0
2026-08-14T15:30:28.520317,13,18,17,13,15,0
2026-08-14T15:30:28.520317,13,17,18,14,16,0
2026-08-14T15:30:28.520317,13,18,18,13,16,0
2026-08-14T15:30:28.524561,13,18,17,14,15,0
2026-08-14T15:30:28.526865,13,18,18,13,14,0
2026-08-14T15:30:28.526865,13,18,18,14,15,0
2026-08-14T15:30:28.526865,13,18,17,14,15,0
2026-08-14T15:30:28.530190,11,17,18,14,15,0
2026-08-14T15:30:28.530190,12,18,17,13,16,0
2026-08-14T15:30:28.530190,14,17,17,13,16,0
2026-08-14T15:30:28.532751,12,18,17,13,15,0
2026-08-14T15:30:28.532751,13,17,17,13,16,0
2026-08-14T15:30:28.536205,13,18,17,13,16,0
2026-08-14T15:30:28.537130,13,18,18,13,16,0
2026-08-14T15:30:28.537130,13,18,18,13,15,0
2026-08-14T15:30:28.537130,13,17,17,14,16,0
2026-08-14T15:30:28.537130,14,18,16,14,15,0
2026-08-14T15:30:28.541178,12,18,17,14,15,0
2026-08-14T15:30:28.541178,13,18,18,14,15,0
2026-08-14T15:30:28.541178,13,18,18,13,16,0
2026-08-14T15:30:28.541178,12,18,17,14,16,0
2026-08-14T15:30:28.541178,13,18,18,14,15,0
2026-08-14T15:30:28.541178,11,17,18,13,15,0
2026-08-14T15:30:28.541178,13,18,17,13,15,0
2026-08-14T15:30:28.549225,12,18,16,13,16,0
2026-08-14T15:30:28.549225,13,18,17,14,15,0
2026-08-14T15:30:28.549225,13,18,17,13,15,0
2026-08-14T15:30:28.553312,14,18,16,13,15,0
2026-08-14T15:30:28.555533,14,17,16,13,15,0
2026-08-14T15:30:28.555533,12,17,17,14,16,0
2026-08-14T15:30:28.555533,11,17,17,14,15,0
2026-08-14T15:30:28.559631,12,18,17,14,15,0
2026-08-14T15:30:28.559631,13,17,16,14,15,0
2026-08-14T15:30:28.559631,13,18,18,14,15,0
2026-08-14T15:30:28.559631,13,18,17,13,15,0
2026-08-14T15:30:28.563433,11,17,16,13,15,0
2026-08-14T15:30:28.563433,13,17,16,13,14,0
2026-08-14T15:30:28.563433,13,17,16,14,16,0
2026-08-14T15:30:28.565495,13,17,17,13,15,0
2026-08-14T15:30:28.565495,12,18,17,13,15,0
2026-08-14T15:30:28.569823,14,18,17,14,15,0
2026-08-14T15:30:28.570713,13,18,17,13,15,0
2026-08-14T15:30:28.570713,13,17,16,14,15,0
2026-08-14T15:30:28.570713,13,17,18,14,14,0
2026-08-14T15:30:28.570713,11,17,16,14,14,0
2026-08-14T15:30:28.573571,13,18,17,13,15,0
2026-08-14T15:30:28.573571,13,17,17,13,15,0
2026-08-14T15:30:28.573571,12,16,16,13,15,0
2026-08-14T15:30:28.573571,12,17,16,13,15,0
2026-08-14T15:30:28.573571,14,16,16,13,16,0
2026-08-14T15:30:28.573571,13,17,17,13,15,0
2026-08-14T15:30:28.573571,12,17,16,13,15,0
2026-08-14T15:30:28.581744,13,18,16,13,14,0
2026-08-14T15:30:28.581744,12,18,16,13,14,0
2026-08-14T15:30:28.585963,13,17,16,12,14,0
2026-08-14T15:30:28.585963,12,17,16,13,14,0
2026-08-14T15:30:28.588311,13,18,16,14,14,0
2026-08-14T15:30:28.588311,12,17,16,13,15,0
2026-08-14T15:30:28.588311,13,16,16,13,14,0
2026-08-14T15:30:28.592409,12,17,16,13,15,0
2026-08-14T15:30:28.592409,11,16,16,13,15,0
2026-08-14T15:30:28.592409,11,17,16,12,15,0
2026-08-14T15:30:28.594687,13,17,16,13,15,0
2026-08-14T15:30:28.594687,12,17,16,12,15,0
2026-08-14T15:30:28.594687,13,16,15,12,15,0
2026-08-14T15:30:28.598136,12,17,16,13,15,0
2026-08-14T15:30:28.598136,13,18,16,13,15,0
2026-08-14T15:30:28.598136,13,17,16,13,14,0
2026-08-14T15:30:28.598136,11,16,15,12,15,0
2026-08-14T15:30:28.604408,13,17,16,14,14,0
2026-08-14T15:30:28.604408,11,16,15,12,14,0
2026-08-14T15:30:28.606304,13,17,14,13,16,0
2026-08-14T15:30:28.606304,11,17,15,12,15,0
2026-08-14T15:30:28.608003,12,16,16,13,14,0
2026-08-14T15:30:28.608003,12,17,15,12,14,0
2026-08-14T15:30:28.608003,12,17,15,11,15,0
2026-08-14T15:30:28.608003,12,16,15,11,14,0
2026-08-14T15:30:28.608003,12,16,15,12,15,0
2026-08-14T15:30:28.614356,12,18,16,13,15,0
2026-08-14T15:30:28.614356,12,16,15,13,15,0
2026-08-14T15:30:28.616986,13,17,15,13,15,0
2026-08-14T15:30:28.616986,11,17,15,12,15,0
2026-08-14T15:30:28.616986,11,16,16,14,14,0
2026-08-14T15:30:28.621065,11,16,15,12,14,0
2026-08-14T15:30:28.621065,12,16,14,11,14,0
2026-08-14T15:30:28.622826,12,16,15,12,15,0
2026-08-14T15:30:28.625180,12,15,16,12,15,0
2026-08-14T15:30:28.625180,11,16,15,12,14,0
2026-08-14T15:30:28.625180,12,16,15,11,14,0
2026-08-14T15:30:28.625180,14,16,16,11,14,0
2026-08-14T15:30:28.629235,12,17,16,12,15,0
2026-08-14T15:30:28.629235,12,16,16,12,14,0
2026-08-14T15:30:28.629235,11,16,16,12,14,0
2026-08-14T15:30:28.631039,11,17,16,12,14,0
2026-08-14T15:30:28.631039,12,16,16,12,15,0
2026-08-14T15:30:28.631039,10,17,16,12,14,0
2026-08-14T15:30:28.631039,11,16,16,12,14,0
2026-08-14T15:30:28.637943,12,17,16,12,14,0
2026-08-14T15:30:28.648489,12,16,16,13,14,0
2026-08-14T15:30:28.648489,12,17,16,13,15,0
2026-08-14T15:30:28.648489,11,16,16,12,15,0
2026-08-14T15:30:28.648489,12,16,16,11,14,0
2026-08-14T15:30:28.652728,13,17,17,11,14,0
2026-08-14T15:30:28.653365,11,16,16,12,14,0
2026-08-14T15:30:28.653365,11,17,16,12,13,0
2026-08-14T15:30:28.653365,11,16,16,12,14,0
2026-08-14T15:30:28.655662,11,16,16,12,14,0
2026-08-14T15:30:28.655662,11,17,16,12,15,0
2026-08-14T15:30:28.655662,11,16,16,12,14,0
2026-08-14T15:30:28.655662,9,17,17,13,14,0
2026-08-14T15:30:28.655662,10,17,17,11,15,0
2026-08-14T15:30:28.655662,12,16,17,11,15,0
2026-08-14T15:30:28.655662,11,16,14,12,14,0
2026-08-14T15:30:28.655662,11,17,16,13,14,0
2026-08-14T15:30:28.655662,12,18,16,12,14,0
2026-08-14T15:30:28.655662,12,17,16,12,14,0
2026-08-14T15:30:28.655662,11,16,16,12,15,0
2026-08-14T15:30:28.661841,11,17,16,12,15,0
2026-08-14T15:30:28.661841,11,17,16,12,14,0
2026-08-14T15:30:28.661841,12,17,16,12,14,0
2026-08-14T15:30:28.663965,12,16,16,12,14,0
2026-08-14T15:30:28.666183,12,17,16,12,14,0
2026-08-14T15:30:28.666183,11,16,16,12,13,0
2026-08-14T15:30:28.666183,12,17,17,13,14,0
2026-08-14T15:30:28.670102,13,16,16,12,14,0
2026-08-14T15:30:28.670954,12,16,17,12,14,0
2026-08-14T15:30:28.670954,12,16,17,13,14,0
2026-08-14T15:30:28.672538,12,16,15,11,14,0
2026-08-14T15:30:28.674307,13,17,16,12,15,0
2026-08-14T15:30:28.674307,12,17,16,12,14,0
2026-08-14T15:30:28.674307,11,17,16,13,14,0
2026-08-14T15:30:28.676559,11,17,17,12,14,0
2026-08-14T15:30:28.676559,11,17,15,13,14,0
2026-08-14T15:30:28.676559,12,15,17,13,15,0
2026-08-14T15:30:28.680606,11,16,16,12,15,0
2026-08-14T15:30:28.680606,11,17,16,12,14,0
2026-08-14T15:30:28.680606,13,15,15,13,13,0
2026-08-14T15:30:28.680606,13,15,16,11,15,0
2026-08-14T15:30:28.686433,12,18,16,12,14,0
2026-08-14T15:30:28.687202,13,17,16,12,14,0
2026-08-14T15:30:28.687202,11,17,16,12,14,0
2026-08-14T15:30:28.689043,11,18,16,13,14,0
2026-08-14T15:30:28.689043,12,17,17,13,15,0
2026-08-14T15:30:28.689043,11,17,17,13,14,0
2026-08-14T15:30:28.689043,10,17,16,12,14,0
2026-08-14T15:30:28.689043,12,18,17,12,14,0
2026-08-14T15:30:28.689043,12,17,17,12,15,0
2026-08-14T15:30:28.689043,11,16,17,12,15,0
2026-08-14T15:30:28.697460,12,17,17,13,15,0
2026-08-14T15:30:28.697460,12,18,18,13,15,0
2026-08-14T15:30:28.697460,12,17,18,12,14,0
2026-08-14T15:30:28.700670,12,18,18,13,15,0
2026-08-14T15:30:28.703071,11,17,18,14,14,0
2026-08-14T15:30:28.703813,12,19,18,13,14,0
2026-08-14T15:30:28.703813,12,18,18,13,15,0
2026-08-14T15:30:28.707081,12,18,18,14,14,0
2026-08-14T15:30:28.707081,11,17,17,14,14,0
2026-08-14T15:30:28.707081,11,18,17,14,15,0
2026-08-14T15:30:28.707081,12,19,18,13,15,0
2026-08-14T15:30:28.711180,12,17,17,13,16,0
2026-08-14T15:30:28.711180,12,18,18,14,15,0
2026-08-14T15:30:28.711180,11,18,18,13,15,0
2026-08-14T15:30:28.713997,11,18,18,14,15,0
2026-08-14T15:30:28.713997,13,18,19,13,14,0
2026-08-14T15:30:28.713997,10,18,18,14,15,0
2026-08-14T15:30:28.713997,11,18,19,14,15,0
2026-08-14T15:30:28.713997,11,17,18,14,14,0
2026-08-14T15:30:28.719729,13,19,19,14,15,0
2026-08-14T15:30:28.720531,13,17,19,13,16,0
2026-08-14T15:30:28.721831,11,17,18,14,15,0
2026-08-14T15:30:28.721831,12,17,19,13,14,0
2026-08-14T15:30:28.721831,13,18,18,13,15,0
2026-08-14T15:30:28.721831,14,18,18,13,16,0
2026-08-14T15:30:28.721831,13,18,18,14,16,0
2026-08-14T15:30:28.721831,13,19,19,14,17,0
2026-08-14T15:30:28.721831,12,20,18,14,15,0
2026-08-14T15:30:28.731687,13,20,18,14,15,0
2026-08-14T15:30:28.732195,12,18,20,14,15,0
2026-08-14T15:30:28.732195,14,19,19,14,16,0
2026-08-14T15:30:28.735756,13,20,20,14,15,0
2026-08-14T15:30:28.736515,13,20,18,14,16,0
2026-08-14T15:30:28.737397,12,18,19,14,15,0
2026-08-14T15:30:28.738597,14,19,19,14,16,0
2026-08-14T15:30:28.739832,14,19,19,14,15,0
2026-08-14T15:30:28.739832,14,20,20,15,15,0
2026-08-14T15:30:28.741586,14,19,20,14,15,0
2026-08-14T15:30:28.743598,13,19,20,14,16,0
2026-08-14T15:30:28.743598,13,19,19,14,16,0
2026-08-14T15:30:28.743598,13,21,20,14,16,0
2026-08-14T15:30:28.745607,14,20,20,16,16,0
2026-08-14T15:30:28.746614,14,19,20,15,16,0
2026-08-14T15:30:28.746614,13,19,19,16,16,0
2026-08-14T15:30:28.746614,13,20,20,16,16,0
2026-08-14T15:30:28.752184,14,20,20,16,16,0
2026-08-14T15:30:28.752184,15,20,22,15,16,0
2026-08-14T15:30:28.753792,14,21,19,16,16,0
2026-08-14T15:30:28.756243,14,20,20,16,16,0
2026-08-14T15:30:28.756243,13,20,20,15,16,0
2026-08-14T15:30:28.756243,13,20,21,17,16,0
2026-08-14T15:30:28.758008,15,20,21,16,17,0
2026-08-14T15:30:28.759339,14,21,20,16,16,0
2026-08-14T15:30:28.759339,13,20,22,17,18,0
2026-08-14T15:30:28.759339,14,20,20,16,16,0
2026-08-14T15:30:28.763196,13,19,21,17,18,0
2026-08-14T15:30:28.763196,15,21,20,16,17,0
2026-08-14T15:30:28.763196,14,20,22,17,17,0
2026-08-14T15:30:28.766280,14,20,21,16,17,0
2026-08-14T15:30:28.766280,15,19,20,16,17,0
2026-08-14T15:30:28.769418,15,21,20,16,17,0
2026-08-14T15:30:28.770383,14,21,21,16,17,0
2026-08-14T15:30:28.772170,13,21,21,16,17,0
2026-08-14T15:30:28.772170,15,21,20,15,17,0
2026-08-14T15:30:28.772170,13,20,20,16,17,0
2026-08-14T15:30:28.772170,15,21,21,16,17,0
2026-08-14T15:30:28.772170,14,21,21,16,17,0
2026-08-14T15:30:28.772170,15,21,21,16,16,0
2026-08-14T15:30:28.777711,14,20,20,17,17,0
2026-08-14T15:30:28.779842,14,20,21,16,17,0
2026-08-14T15:30:28.781454,15,21,21,16,17,0
2026-08-14T15:30:28.781454,14,20,20,16,17,0
2026-08-14T15:30:28.781454,15,21,21,16,17,0
2026-08-14T15:30:28.784614,15,22,22,17,18,0
2026-08-14T15:30:28.785315,15,21,21,16,17,0
2026-08-14T15:30:28.786184,15,22,21,16,17,0
2026-08-14T15:30:28.788325,15,21,22,16,17,0
2026-08-14T15:30:28.788325,15,20,22,17,18,0
2026-08-14T15:30:28.788325,15,21,21,16,17,0
2026-08-14T15:30:28.793149,15,21,21,17,17,0
2026-08-14T15:30:28.793149,15,21,20,16,17,0
2026-08-14T15:30:28.793149,15,20,22,16,17,0
2026-08-14T15:30:28.795157,14,20,21,16,17,0
2026-08-14T15:30:28.797191,15,21,21,16,18,0
2026-08-14T15:30:28.797191,15,21,20,17,17,0
2026-08-14T15:30:28.797191,16,21,21,17,17,0
2026-08-14T15:30:28.799072,14,21,22,16,17,0
2026-08-14T15:30:28.799072,16,22,22,17,17,0
2026-08-14T15:30:28.802685,15,21,22,17,18,0
2026-08-14T15:30:28.803291,15,21,22,17,18,0
2026-08-14T15:30:28.805092,14,20,21,16,17,0
2026-08-14T15:30:28.805092,14,20,21,17,17,0
2026-08-14T15:30:28.805092,15,21,21,16,17,0
2026-08-14T15:30:28.807108,15,20,21,17,17,0
2026-08-14T15:30:28.807108,16,20,22,15,17,0
2026-08-14T15:30:28.807108,14,21,21,17,17,0
2026-08-14T15:30:28.811250,15,20,20,16,17,0
2026-08-14T15:30:28.813268,16,22,21,17,17,0
2026-08-14T15:30:28.813268,16,20,21,16,17,0
2026-08-14T15:30:28.813268,13,22,21,17,17,0
2026-08-14T15:30:28.813268,15,21,20,16,16,0
2026-08-14T15:30:28.813268,14,21,21,16,17,0
2026-08-14T15:30:28.819480,15,21,21,16,17,0
2026-08-14T15:30:28.819480,14,21,21,17,18,0
2026-08-14T15:30:28.821647,15,21,21,17,17,0
2026-08-14T15:30:28.821647,15,21,21,16,17,0
2026-08-14T15:30:28.821647,14,22,21,16,17,0
2026-08-14T15:30:28.825856,15,20,20,17,18,0
2026-08-14T15:30:28.825856,15,20,20,17,17,0
2026-08-14T15:30:28.825856,16,21,22,15,17,0
2026-08-14T15:30:28.825856,16,22,22,16,17,0
2026-08-14T15:30:28.830150,15,21,20,16,18,0
2026-08-14T15:30:28.830150,14,21,21,16,17,0
2026-08-14T15:30:28.832159,13,21,22,17,17,0
2026-08-14T15:30:28.833945,15,21,22,17,18,0
2026-08-14T15:30:28.833945,16,21,20,16,17,0
2026-08-14T15:30:28.833945,14,22,20,16,18,0
2026-08-14T15:30:28.838180,14,21,21,16,17,0
2026-08-14T15:30:28.838180,14,20,21,16,17,0
2026-08-14T15:30:28.838180,16,20,20,16,17,0
2026-08-14T15:30:28.838180,15,21,22,17,17,0
2026-08-14T15:30:28.841336,15,20,22,18,18,0
2026-08-14T15:30:28.841336,16,22,21,18,17,0
2026-08-14T15:30:28.841336,14,20,21,17,17,0
2026-08-14T15:30:28.846441,15,22,22,16,17,0
2026-08-14T15:30:28.846441,15,21,21,16,17,0
2026-08-14T15:30:28.848454,15,21,22,17,18,0
2026-08-14T15:30:28.848454,15,21,21,17,17,0
2026-08-14T15:30:28.848454,15,20,21,16,17,0
2026-08-14T15:30:28.848454,15,21,21,17,18,0
2026-08-14T15:30:28.848454,15,21,20,17,17,0
2026-08-14T15:30:28.854643,14,21,22,17,17,0
2026-08-14T15:30:28.854643,16,21,21,17,17,0
2026-08-14T15:30:28.854643,16,22,22,17,17,0
2026-08-14T15:30:28.856655,15,21,21,16,17,0
2026-08-14T15:30:28.856655,15,21,21,16,17,0
2026-08-14T15:30:28.856655,16,22,22,16,17,0
2026-08-14T15:30:28.860473,14,21,21,17,18,0
2026-08-14T15:30:28.862732,14,20,22,17,18,0
2026-08-14T15:30:28.862732,15,21,22,17,17,0
2026-08-14T15:30:28.862732,14,20,21,16,18,0
2026-08-14T15:30:28.865216,16,21,22,17,17,0
2026-08-14T15:30:28.865216,16,21,22,17,18,0
2026-08-14T15:30:28.865216,14,20,21,18,17,0
2026-08-14T15:30:28.869433,16,21,22,16,17,0
2026-08-14T15:30:28.870925,17,20,21,16,17,0
2026-08-14T15:30:28.870925,15,22,22,17,16,0
2026-08-14T15:30:28.870925,16,22,20,16,17,0
2026-08-14T15:30:28.873353,15,21,20,17,17,0
2026-08-14T15:30:28.873353,13,21,21,17,18,0
2026-08-14T15:30:28.873353,14,21,22,17,17,0
2026-08-14T15:30:28.873353,14,22,22,17,18,0
2026-08-14T15:30:28.879107,15,21,22,18,17,0
2026-08-14T15:30:28.879107,14,21,22,16,17,0
2026-08-14T15:30:28.879107,14,22,20,17,17,0
2026-08-14T15:30:28.881520,14,21,21,17,18,0
2026-08-14T15:30:28.881520,15,21,20,17,17,0
2026-08-14T15:30:28.881520,16,21,22,17,17,0
2026-08-14T15:30:28.881520,15,21,22,15,17,0
2026-08-14T15:30:28.886829,15,21,21,16,18,0
2026-08-14T15:30:28.886829,14,21,22,18,18,0
2026-08-14T15:30:28.886829,14,21,21,17,17,0
2026-08-14T15:30:28.889041,15,21,21,17,18,0
2026-08-14T15:30:28.889041,16,21,21,16,18,0
2026-08-14T15:30:28.889041,15,20,20,16,18,0
2026-08-14T15:30:28.895017,15,21,22,17,18,0
2026-08-14T15:30:28.895017,14,21,22,17,18,0
2026-08-14T15:30:28.897033,15,21,21,17,19,0
2026-08-14T15:30:28.897033,15,21,22,17,18,0
2026-08-14T15:30:28.897033,16,21,21,17,17,0
2026-08-14T15:30:28.897033,16,21,21,16,17,0
2026-08-14T15:30:28.897033,15,21,22,16,17,0
2026-08-14T15:30:28.903085,15,21,21,18,17,0
2026-08-14T15:30:28.904957,15,21,21,17,18,0
2026-08-14T15:30:28.904957,15,21,21,17,18,0
2026-08-14T15:30:28.904957,16,22,22,17,17,0
2026-08-14T15:30:28.907771,15,21,21,17,17,0
2026-08-14T15:30:28.907771,15,22,21,17,18,0
2026-08-14T15:30:28.907771,15,21,22,18,17,0
2026-08-14T15:30:28.911882,16,22,22,17,18,0
2026-08-14T15:30:28.911882,15,21,21,17,17,0
2026-08-14T15:30:28.911882,15,21,22,17,17,0
2026-08-14T15:30:28.911882,16,22,21,16,17,0
2026-08-14T15:30:28.915408,15,21,22,17,17,0
2026-08-14T15:30:28.915408,15,21,20,16,17,0
2026-08-14T15:30:28.915408,16,22,22,17,17,0
2026-08-14T15:30:28.919860,14,21,21,16,18,0
2026-08-14T15:30:28.919860,15,20,22,17,18,0
2026-08-14T15:30:28.919860,16,22,22,17,17,0
2026-08-14T15:30:28.921890,15,21,21,17,18,0
2026-08-14T15:30:28.921890,15,20,21,16,18,0
2026-08-14T15:30:28.921890,15,21,22,16,17,0
2026-08-14T15:30:28.921890,14,21,21,16,17,0
2026-08-14T15:30:28.927932,16,21,22,17,17,0
2026-08-14T15:30:28.927932,16,20,22,17,17,0
2026-08-14T15:30:28.927932,16,21,21,16,18,0
2026-08-14T15:30:28.927932,15,22,22,17,18,0
2026-08-14T15:30:28.927932,15,22,22,16,17,0
2026-08-14T15:30:28.927932,15,22,22,15,17,0
2026-08-14T15:30:28.927932,13,21,21,17,18,0
2026-08-14T15:30:28.936098,15,21,22,18,17,0
2026-08-14T15:30:28.937465,15,22,22,16,17,0
2026-08-14T15:30:28.937465,15,22,21,17,17,0
2026-08-14T15:30:28.940561,15,21,21,17,18,0
2026-08-14T15:30:28.940561,15,21,22,18,17,0
2026-08-14T15:30:28.940561,15,21,22,17,17,0
2026-08-14T15:30:28.940561,16,22,22,18,17,0
2026-08-14T15:30:28.944657,16,21,21,17,17,0
2026-08-14T15:30:28.944657,15,21,21,16,17,0
2026-08-14T15:30:28.944657,13,22,22,18,17,0
2026-08-14T15:30:28.948755,15,22,22,17,17,0
2026-08-14T15:30:28.948755,15,21,22,17,17,0
2026-08-14T15:30:28.948755,14,21,21,17,17,0
2026-08-14T15:30:28.948755,15,21,21,17,17,0
2026-08-14T15:30:28.952755,15,21,22,17,17,0
2026-08-14T15:30:28.953941,15,20,22,17,17,0
2026-08-14T15:30:28.953941,16,21,21,17,18,0
2026-08-14T15:30:28.953941,15,22,22,17,17,0
2026-08-14T15:30:28.953941,15,22,22,17,18,0
2026-08-14T15:30:28.953941,15,21,21,17,16,0
2026-08-14T15:30:28.960943,15,22,22,17,17,0
2026-08-14T15:30:28.961938,15,21,22,16,18,0
2026-08-14T15:30:28.961938,15,21,22,17,20,0
2026-08-14T15:30:28.961938,15,21,21,17,17,0
2026-08-14T15:30:28.961938,14,21,22,17,17,0
2026-08-14T15:30:28.961938,14,21,22,17,18,0
2026-08-14T15:30:28.961938,15,20,21,17,17,0
2026-08-14T15:30:28.969080,15,22,22,17,18,0
2026-08-14T15:30:28.970057,15,22,20,17,17,0
2026-08-14T15:30:28.970870,17,22,22,17,17,0
2026-08-14T15:30:28.970870,16,21,21,17,17,0
2026-08-14T15:30:28.973127,16,22,21,17,17,0
2026-08-14T15:30:28.973127,15,21,22,16,17,0
2026-08-14T15:30:28.973127,16,22,22,17,17,0
2026-08-14T15:30:28.976055,16,21,22,17,17,0
2026-08-14T15:30:28.977569,14,22,22,18,17,0
2026-08-14T15:30:28.977569,15,21,21,17,18,0
2026-08-14T15:30:28.977569,14,22,22,17,18,0
2026-08-14T15:30:28.977569,15,22,22,17,17,0
2026-08-14T15:30:28.977569,15,21,21,17,18,0
2026-08-14T15:30:28.977569,15,21,21,17,18,0
2026-08-14T15:30:28.977569,16,20,21,16,17,0
2026-08-14T15:30:28.986350,16,22,22,17,17,0
2026-08-14T15:30:28.987513,17,21,22,18,18,0
2026-08-14T15:30:28.987513,15,22,21,17,18,0
2026-08-14T15:30:28.987513,14,21,22,17,18,0
2026-08-14T15:30:28.987513,16,21,22,17,18,0
2026-08-14T15:30:28.987513,15,21,21,17,18,0
2026-08-14T15:30:28.987513,14,21,21,17,18,0
2026-08-14T15:30:28.994224,15,21,22,18,18,0
2026-08-14T15:30:28.994224,14,21,22,17,17,0
2026-08-14T15:30:28.997244,15,22,22,16,18,0
2026-08-14T15:30:28.997244,15,22,21,17,17,0
2026-08-14T15:30:28.997244,15,22,23,16,18,0
2026-08-14T15:30:28.997244,15,21,22,17,17,0
2026-08-14T15:30:28.997244,16,22,21,17,17,0
2026-08-14T15:30:29.002873,15,21,20,17,17,0
2026-08-14T15:30:29.003652,15,22,22,17,17,0
2026-08-14T15:30:29.006085,15,21,22,17,18,0
2026-08-14T15:30:29.006085,14,21,21,17,18,0
2026-08-14T15:30:29.006085,16,21,22,17,18,0
2026-08-14T15:30:29.006085,15,20,21,17,17,0
2026-08-14T15:30:29.009733,15,22,22,17,18,0
2026-08-14T15:30:29.010747,15,22,21,17,18,0
2026-08-14T15:30:29.010747,15,21,21,17,17,0
2026-08-14T15:30:29.012760,16,21,21,17,17,0
2026-08-14T15:30:29.012760,15,21,21,17,17,0
2026-08-14T15:30:29.012760,16,22,22,17,17,0
2026-08-14T15:30:29.016121,15,22,22,18,17,0
2026-08-14T15:30:29.016121,15,22,22,17,17,0
2026-08-14T15:30:29.018909,15,21,22,17,17,0
2026-08-14T15:30:29.019910,14,22,22,18,18,0
2026-08-14T15:30:29.020645,15,22,22,17,18,0
2026-08-14T15:30:29.020645,15,22,22,17,17,0
2026-08-14T15:30:29.020645,16,22,21,17,18,0
2026-08-14T15:30:29.024322,15,21,21,17,18,0
2026-08-14T15:30:29.026921,15,21,21,17,17,0
2026-08-14T15:30:29.026921,15,21,22,17,18,0
2026-08-14T15:30:29.026921,16,22,22,17,17,0
2026-08-14T15:30:29.028935,16,21,22,17,18,0
2026-08-14T15:30:29.028935,16,22,21,17,18,0
2026-08-14T15:30:29.028935,15,22,22,16,17,0
2026-08-14T15:30:29.034758,15,22,22,17,18,0
2026-08-14T15:30:29.034758,15,21,21,17,19,0
2026-08-14T15:30:29.036621,15,21,20,18,18,0
2026-08-14T15:30:29.037241,16,22,22,17,18,0
2026-08-14T15:30:29.038864,14,21,22,17,17,0
2026-08-14T15:30:29.038864,15,22,22,16,18,0
2026-08-14T15:30:29.038864,15,22,21,17,18,0
2026-08-14T15:30:29.042962,15,21,21,17,18,0
2026-08-14T15:30:29.042962,16,21,22,18,18,0
2026-08-14T15:30:29.042962,16,20,22,17,17,0
2026-08-14T15:30:29.042962,15,21,21,16,18,0
2026-08-14T15:30:29.046063,15,21,22,18,18,0
2026-08-14T15:30:29.046063,15,21,22,17,18,0
2026-08-14T15:30:29.046063,16,22,22,16,17,0
2026-08-14T15:30:29.051352,15,21,20,18,17,0
2026-08-14T15:30:29.051352,15,21,22,19,18,0
2026-08-14T15:30:29.052709,15,21,23,17,18,0
2026-08-14T15:30:29.053553,15,22,22,17,18,0
2026-08-14T15:30:29.053553,15,21,21,17,18,0
2026-08-14T15:30:29.053553,15,22,22,17,18,0
2026-08-14T15:30:29.057076,16,21,21,18,18,0
2026-08-14T15:30:29.057076,16,21,21,18,17,0
2026-08-14T15:30:29.059556,17,22,21,17,18,0
2026-08-14T15:30:29.059556,14,21,22,17,17,0
2026-08-14T15:30:29.061565,15,22,22,17,18,0
2026-08-14T15:30:29.061565,16,22,22,17,17,0
2026-08-14T15:30:29.061565,15,21,21,17,17,0
2026-08-14T15:30:29.065275,15,22,21,17,18,0
2026-08-14T15:30:29.067520,16,22,21,17,18,0
2026-08-14T15:30:29.067520,14,22,22,18,18,0
2026-08-14T15:30:29.067520,15,21,21,17,18,0
2026-08-14T15:30:29.070291,15,21,22,17,17,0
2026-08-14T15:30:29.070291,16,21,21,17,17,0
2026-08-14T15:30:29.070291,15,20,23,17,18,0
2026-08-14T15:30:29.070291,15,21,22,17,17,0
2026-08-14T15:30:29.075849,16,22,22,17,17,0
2026-08-14T15:30:29.075849,15,21,22,16,17,0
2026-08-14T15:30:29.075849,15,21,22,17,18,0
2026-08-14T15:30:29.075849,15,22,22,18,17,0
2026-08-14T15:30:29.075849,15,21,22,17,18,0
2026-08-14T15:30:29.075849,15,22,23,17,17,0
2026-08-14T15:30:29.075849,15,21,22,18,19,0
2026-08-14T15:30:29.083949,15,21,22,18,18,0
2026-08-14T15:30:29.083949,15,22,22,17,17,0
2026-08-14T15:30:29.083949,16,21,22,17,18,0
2026-08-14T15:30:29.088005,15,21,21,17,18,0
2026-08-14T15:30:29.088005,15,21,21,17,18,0
2026-08-14T15:30:29.088005,17,21,22,18,17,0
2026-08-14T15:30:29.092108,15,22,22,17,18,0
2026-08-14T15:30:29.092108,16,22,22,17,18,0
2026-08-14T15:30:29.092108,16,22,22,18,18,0
2026-08-14T15:30:29.092108,16,22,22,18,18,0
2026-08-14T15:30:29.096195,14,21,22,17,18,0
2026-08-14T15:30:29.096195,15,21,21,17,18,0
2026-08-14T15:30:29.096195,14,21,21,17,18,0
2026-08-14T15:30:29.100433,15,22,22,17,18,0
2026-08-14T15:30:29.100433,16,22,21,16,17,0
2026-08-14T15:30:29.100433,16,22,22,17,17,0
2026-08-14T15:30:29.100433,16,21,22,17,17,0
2026-08-14T15:30:29.103443,16,22,22,17,18,0
2026-08-14T15:30:29.103443,15,22,22,18,18,0
2026-08-14T15:30:29.103443,16,22,22,17,18,0
2026-08-14T15:30:29.108553,15,22,22,17,17,0
2026-08-14T15:30:29.108553,15,21,21,17,18,0
2026-08-14T15:30:29.108553,15,20,23,18,18,0
2026-08-14T15:30:29.110565,15,22,22,18,18,0
2026-08-14T15:30:29.110565,15,21,21,17,18,0
2026-08-14T15:30:29.110565,16,21,23,17,17,0
2026-08-14T15:30:29.110565,15,21,21,17,17,0
2026-08-14T15:30:29.115202,15,22,22,17,17,0
2026-08-14T15:30:29.116958,15,22,21,17,18,0
2026-08-14T15:30:29.116958,15,22,22,17,18,0
2026-08-14T15:30:29.116958,16,22,22,18,18,0
2026-08-14T15:30:29.120775,16,22,22,17,17,0
2026-08-14T15:30:29.120775,16,23,22,18,17,0
2026-08-14T15:30:29.120775,15,22,22,17,18,0
2026-08-14T15:30:29.123488,16,21,21,17,18,0
2026-08-14T15:30:29.125239,16,22,21,18,18,0
2026-08-14T15:30:29.125239,15,21,22,17,18,0
2026-08-14T15:30:29.127251,15,22,22,17,18,0
2026-08-14T15:30:29.127251,15,21,21,17,18,0
2026-08-14T15:30:29.127251,16,22,22,18,20,0
2026-08-14T15:30:29.130714,15,21,20,17,17,0
2026-08-14T15:30:29.130714,15,22,22,18,17,0
2026-08-14T15:30:29.133677,16,21,22,17,17,0
2026-08-14T15:30:29.133677,16,21,22,16,19,0
2026-08-14T15:30:29.137104,15,22,22,17,18,0
2026-08-14T15:30:29.137104,15,22,24,17,18,0
2026-08-14T15:30:29.137104,15,23,22,17,17,0
2026-08-14T15:30:29.137104,15,22,22,18,18,0
2026-08-14T15:30:29.137104,15,22,22,17,18,0
2026-08-14T15:30:29.137104,15,21,22,17,17,0
2026-08-14T15:30:29.142171,15,21,23,16,18,0
2026-08-14T15:30:29.142171,15,21,22,17,18,0
2026-08-14T15:30:29.142171,16,21,22,17,18,0
2026-08-14T15:30:29.142171,16,21,22,18,18,0
2026-08-14T15:30:29.147113,15,21,23,17,17,0
2026-08-14T15:30:29.147113,17,22,21,17,17,0
2026-08-14T15:30:29.147113,15,21,22,17,17,0
2026-08-14T15:30:29.150404,15,21,22,18,18,0
2026-08-14T15:30:29.153617,15,21,21,18,18,0
2026-08-14T15:30:29.153617,16,22,23,17,18,0
2026-08-14T15:30:29.153617,17,21,22,18,18,0
2026-08-14T15:30:29.156609,15,21,22,18,19,0
2026-08-14T15:30:29.156609,15,22,21,17,17,0
2026-08-14T15:30:29.158660,15,22,23,16,18,0
2026-08-14T15:30:29.158660,15,21,22,17,17,0
2026-08-14T15:30:29.160674,17,21,22,17,18,0
2026-08-14T15:30:29.160674,15,22,22,17,18,0
2026-08-14T15:30:29.160674,16,22,22,18,17,0
2026-08-14T15:30:29.160674,15,22,22,17,17,0
2026-08-14T15:30:29.160674,15,21,22,18,18,0
2026-08-14T15:30:29.167558,15,21,21,17,18,0
2026-08-14T15:30:29.169041,14,21,21,18,18,0
2026-08-14T15:30:29.170061,16,22,22,18,18,0
2026-08-14T15:30:29.171196,15,21,22,17,19,0
2026-08-14T15:30:29.171830,16,21,21,16,18,0
2026-08-14T15:30:29.171830,15,21,21,17,17,0
2026-08-14T15:30:29.171830,15,21,21,16,17,0
2026-08-14T15:30:29.175134,15,22,23,17,18,0
2026-08-14T15:30:29.175134,16,22,22,17,18,0
2026-08-14T15:30:29.175134,17,22,21,18,18,0
2026-08-14T15:30:29.175134,15,21,21,17,18,0
2026-08-14T15:30:29.175134,16,22,22,18,18,0
2026-08-14T15:30:29.189245,16,22,21,17,17,0
2026-08-14T15:30:29.189245,16,22,22,17,18,0
2026-08-14T15:30:29.191205,14,21,21,17,18,0
2026-08-14T15:30:29.192221,15,22,22,17,18,0
2026-08-14T15:30:29.194233,15,22,22,17,18,0
2026-08-14T15:30:29.194233,15,21,21,17,19,0
2026-08-14T15:30:29.194233,16,22,22,17,18,0
2026-08-14T15:30:29.196244,16,21,22,18,17,0
2026-08-14T15:30:29.196244,16,23,22,17,17,0
2026-08-14T15:30:29.196244,16,21,22,17,17,0
2026-08-14T15:30:29.198255,14,21,22,18,18,0
2026-08-14T15:30:29.198255,15,22,22,17,18,0
2026-08-14T15:30:29.198255,15,22,21,17,20,0
2026-08-14T15:30:29.200266,15,20,22,17,18,0
2026-08-14T15:30:29.200266,17,21,21,17,19,0
2026-08-14T15:30:29.201829,15,21,22,17,18,0
2026-08-14T15:30:29.203616,15,21,21,18,18,0
2026-08-14T15:30:29.203616,15,22,22,17,18,0
2026-08-14T15:30:29.203616,16,20,21,17,18,0
2026-08-14T15:30:29.205755,16,22,22,18,18,0
2026-08-14T15:30:29.205755,16,22,23,17,17,0
2026-08-14T15:30:29.205755,15,22,21,17,18,0
2026-08-14T15:30:29.205755,15,22,21,16,18,0
2026-08-14T15:30:29.207762,16,22,22,17,18,0
2026-08-14T15:30:29.208791,15,21,21,17,18,0
2026-08-14T15:30:29.208791,15,21,21,18,17,0
2026-08-14T15:30:29.208791,16,22,21,18,18,0
2026-08-14T15:30:29.208791,15,20,22,17,17,0
2026-08-14T15:30:29.213306,16,22,21,17,18,0
2026-08-14T15:30:29.215319,15,21,22,16,18,0
2026-08-14T15:30:29.215319,16,22,22,18,18,0
2026-08-14T15:30:29.219245,17,22,22,18,18,0
2026-08-14T15:30:29.219613,16,22,23,17,18,0
2026-08-14T15:30:29.220378,16,22,22,17,17,0
2026-08-14T15:30:29.222524,16,21,22,17,19,0
2026-08-14T15:30:29.222524,16,22,22,18,18,0
2026-08-14T15:30:29.222524,16,20,22,17,18,0
2026-08-14T15:30:29.222524,15,21,21,18,18,0
2026-08-14T15:30:29.227401,15,22,22,17,18,0
2026-08-14T15:30:29.227401,15,22,22,17,18,0
2026-08-14T15:30:29.227401,15,22,22,17,18,0
2026-08-14T15:30:29.231417,15,21,23,17,18,0
2026-08-14T15:30:29.231417,16,21,21,17,18,0
2026-08-14T15:30:29.231417,16,22,22,17,17,0
2026-08-14T15:30:29.231417,16,22,23,16,18,0
2026-08-14T15:30:29.235431,15,21,21,17,18,0
2026-08-14T15:30:29.236397,14,22,22,17,18,0
2026-08-14T15:30:29.236397,15,21,22,17,17,0
2026-08-14T15:30:29.236905,16,21,22,18,17,0
2026-08-14T15:30:29.236905,16,22,22,18,17,0
2026-08-14T15:30:29.236905,15,21,22,18,18,0
2026-08-14T15:30:29.236905,15,21,22,18,18,0
2026-08-14T15:30:29.243550,15,21,23,17,17,0
2026-08-14T15:30:29.243550,16,22,22,17,18,0
2026-08-14T15:30:29.243550,15,22,21,18,18,0
2026-08-14T15:30:29.247744,15,22,21,18,18,0
2026-08-14T15:30:29.247744,16,21,23,17,18,0
2026-08-14T15:30:29.247744,16,22,22,17,18,0
2026-08-14T15:30:29.247744,16,21,21,17,18,0
2026-08-14T15:30:29.249802,15,22,22,18,18,0
2026-08-14T15:30:29.249802,16,21,22,18,19,0
2026-08-14T15:30:29.253123,15,23,22,18,17,0
2026-08-14T15:30:29.253497,16,21,22,18,18,0
2026-08-14T15:30:29.253497,15,20,22,17,18,0
2026-08-14T15:30:29.253497,15,21,23,18,18,0
2026-08-14T15:30:29.258068,16,22,21,17,19,0
2026-08-14T15:30:29.258068,16,21,22,16,17,0
2026-08-14T15:30:29.258068,16,21,22,18,17,0
2026-08-14T15:30:29.258068,17,21,22,17,17,0
2026-08-14T15:30:29.258068,16,22,21,16,17,0
2026-08-14T15:30:29.258068,16,22,21,16,19,0
2026-08-14T15:30:29.258068,16,22,22,18,17,0
2026-08-14T15:30:29.266352,15,21,22,17,18,0
2026-08-14T15:30:29.266352,15,22,22,17,17,0
2026-08-14T15:30:29.270181,15,22,20,17,18,0
2026-08-14T15:30:29.270879,15,21,21,17,18,0
2026-08-14T15:30:29.271206,15,21,22,17,17,0
2026-08-14T15:30:29.271206,16,22,21,17,17,0
2026-08-14T15:30:29.271206,16,22,22,16,18,0
2026-08-14T15:30:29.276303,16,22,22,17,17,0
2026-08-14T15:30:29.276303,16,22,22,17,18,0
2026-08-14T15:30:29.276303,16,21,22,17,18,0
2026-08-14T15:30:29.276303,17,21,22,17,17,0
2026-08-14T15:30:29.279827,16,22,22,18,18,0
2026-08-14T15:30:29.279827,16,21,21,17,18,0
2026-08-14T15:30:29.279827,15,23,21,17,18,0
2026-08-14T15:30:29.282427,15,21,21,18,18,0
2026-08-14T15:30:29.282427,16,21,22,17,18,0
2026-08-14T15:30:29.282427,15,22,22,17,18,0
2026-08-14T15:30:29.287127,15,22,23,17,18,0
2026-08-14T15:30:29.287127,16,20,21,17,18,0
2026-08-14T15:30:29.287127,16,21,22,17,18,0
2026-08-14T15:30:29.290849,16,22,22,18,17,0
2026-08-14T15:30:29.290849,16,22,21,17,17,0
2026-08-14T15:30:29.290849,15,23,21,16,18,0
2026-08-14T15:30:29.290849,14,22,22,18,17,0
2026-08-14T15:30:29.296763,15,22,22,17,18,0
2026-08-14T15:30:29.297274,15,22,22,17,18,0
2026-08-14T15:30:29.297274,15,22,21,17,18,0
2026-08-14T15:30:29.299035,14,21,22,18,18,0
2026-08-14T15:30:29.300899,16,22,22,17,17,0
2026-08-14T15:30:29.300899,16,21,21,17,18,0
2026-08-14T15:30:29.302818,16,21,21,18,19,0
2026-08-14T15:30:29.305153,15,22,22,17,18,0
2026-08-14T15:30:29.305738,15,22,22,17,18,0
2026-08-14T15:30:29.306229,17,22,22,17,17,0
2026-08-14T15:30:29.306737,15,21,22,18,18,0
2026-08-14T15:30:29.309181,15,21,22,17,18,0
2026-08-14T15:30:29.309181,16,21,21,17,18,0
2026-08-14T15:30:29.309181,16,22,22,18,18,0
2026-08-14T15:30:29.313280,15,20,22,18,18,0
2026-08-14T15:30:29.313280,15,22,22,17,18,0
2026-08-14T15:30:29.313280,15,23,22,18,18,0
2026-08-14T15:30:29.315036,16,22,22,18,18,0
2026-08-14T15:30:29.317381,16,22,22,17,17,0
2026-08-14T15:30:29.317381,16,22,22,18,17,0
2026-08-14T15:30:29.317381,16,21,22,18,18,0
2026-08-14T15:30:29.320016,15,22,22,17,17,0
2026-08-14T15:30:29.320016,17,23,22,18,18,0
2026-08-14T15:30:29.320016,15,21,22,17,18,0
2026-08-14T15:30:29.323216,14,21,22,18,18,0
2026-08-14T15:30:29.323216,16,22,22,18,18,0
2026-08-14T15:30:29.323216,15,21,21,18,18,0
2026-08-14T15:30:29.323216,15,21,22,17,18,0
2026-08-14T15:30:29.323216,16,22,22,18,18,0
2026-08-14T15:30:29.323216,15,22,22,17,18,0
2026-08-14T15:30:29.323216,16,22,22,18,19,0
2026-08-14T15:30:29.332810,17,22,22,17,18,0
2026-08-14T15:30:29.332810,16,22,22,17,18,0
2026-08-14T15:30:29.332810,15,21,22,18,18,0
2026-08-14T15:30:29.332810,16,22,22,17,18,0
2026-08-14T15:30:29.336606,16,22,22,18,18,0
2026-08-14T15:30:29.336606,16,21,23,17,17,0
2026-08-14T15:30:29.336606,15,21,22,17,18,0
2026-08-14T15:30:29.341958,15,22,22,18,18,0
2026-08-14T15:30:29.341958,16,21,22,18,18,0
2026-08-14T15:30:29.341958,16,20,21,17,18,0
2026-08-14T15:30:29.341958,16,22,22,18,18,0
2026-08-14T15:30:29.341958,16,22,22,18,18,0
2026-08-14T15:30:29.341958,16,22,22,18,18,0
2026-08-14T15:30:29.341958,16,23,22,17,18,0
2026-08-14T15:30:29.348608,16,22,22,17,19,0
2026-08-14T15:30:29.348608,17,21,22,18,17,0
2026-08-14T15:30:29.348608,15,23,22,18,18,0
2026-08-14T15:30:29.348608,16,21,22,17,18,0
2026-08-14T15:30:29.353897,15,22,22,18,18,0
2026-08-14T15:30:29.353897,16,21,22,17,17,0
2026-08-14T15:30:29.353897,15,21,22,17,18,0
2026-08-14T15:30:29.356142,16,22,22,17,17,0
2026-08-14T15:30:29.356142,16,22,21,17,18,0
2026-08-14T15:30:29.356142,15,21,21,17,18,0
2026-08-14T15:30:29.356142,15,22,22,17,17,0
2026-08-14T15:30:29.356142,16,22,23,18,18,0
2026-08-14T15:30:29.356142,16,22,23,17,19,0
2026-08-14T15:30:29.364502,15,23,22,17,18,0
2026-08-14T15:30:29.365200,16,22,22,18,19,0
2026-08-14T15:30:29.365200,15,23,22,17,18,0
2026-08-14T15:30:29.365200,15,21,21,17,18,0
2026-08-14T15:30:29.370621,15,22,21,17,18,0
2026-08-14T15:30:29.370621,15,21,21,17,18,0
2026-08-14T15:30:29.370621,16,21,21,18,18,0
2026-08-14T15:30:29.372725,16,20,22,17,17,0
2026-08-14T15:30:29.374766,15,21,21,17,18,0
2026-08-14T15:30:29.374766,16,21,22,18,18,0
2026-08-14T15:30:29.374766,16,23,22,18,18,0
2026-08-14T15:30:29.378807,16,21,22,18,18,0
2026-08-14T15:30:29.378807,15,21,22,18,18,0
2026-08-14T15:30:29.378807,14,21,24,18,18,0
2026-08-14T15:30:29.380916,17,22,22,17,18,0
2026-08-14T15:30:29.382163,16,22,22,18,18,0
2026-08-14T15:30:29.382163,15,21,22,17,17,0
2026-08-14T15:30:29.382163,15,21,22,18,18,0
2026-08-14T15:30:29.386440,16,22,23,18,18,0
2026-08-14T15:30:29.387200,17,22,21,17,17,0
2026-08-14T15:30:29.387200,16,22,22,17,17,0
2026-08-14T15:30:29.389582,16,22,22,18,18,0
2026-08-14T15:30:29.389582,16,22,23,18,17,0
2026-08-14T15:30:29.389582,16,22,22,18,18,0
2026-08-14T15:30:29.389582,17,21,22,18,18,0
2026-08-14T15:30:29.389582,15,21,23,18,18,0
2026-08-14T15:30:29.389582,15,21,22,18,18,0
2026-08-14T15:30:29.389582,15,22,22,17,18,0
2026-08-14T15:30:29.397308,15,22,22,17,17,0
2026-08-14T15:30:29.397308,16,21,22,17,18,0
2026-08-14T15:30:29.397308,16,22,22,17,18,0
2026-08-14T15:30:29.401048,16,21,22,17,18,0
2026-08-14T15:30:29.403294,16,22,22,18,18,0
2026-08-14T15:30:29.404010,16,22,23,17,18,0
2026-08-14T15:30:29.404010,15,22,22,17,18,0
2026-08-14T15:30:29.406390,15,22,23,18,18,0
2026-08-14T15:30:29.408217,17,22,22,16,18,0
2026-08-14T15:30:29.408217,15,22,23,17,18,0
2026-08-14T15:30:29.408217,15,21,22,18,18,0
2026-08-14T15:30:29.408217,16,21,22,18,18,0
2026-08-14T15:30:29.408217,16,23,22,18,19,0
2026-08-14T15:30:29.408217,16,22,23,17,18,0
2026-08-14T15:30:29.413805,16,21,23,17,17,0
2026-08-14T15:30:29.413805,17,22,22,18,18,0
2026-08-14T15:30:29.413805,15,22,22,17,19,0
2026-08-14T15:30:29.417430,16,22,23,18,18,0
2026-08-14T15:30:29.419390,15,21,22,17,18,0
2026-08-14T15:30:29.420150,15,22,22,18,19,0
2026-08-14T15:30:29.420150,15,22,22,18,18,0
2026-08-14T15:30:29.423884,16,22,22,18,18,0
2026-08-14T15:30:29.423884,15,21,22,17,19,0
2026-08-14T15:30:29.423884,17,21,22,17,18,0
2026-08-14T15:30:29.427984,15,22,22,18,18,0
2026-08-14T15:30:29.427984,15,22,22,17,18,0
2026-08-14T15:30:29.427984,17,22,22,18,19,0
2026-08-14T15:30:29.427984,16,22,21,17,19,0
2026-08-14T15:30:29.432081,16,22,22,17,19,0
2026-08-14T15:30:29.432081,16,21,24,18,19,0
2026-08-14T15:30:29.432081,16,22,23,18,18,0
2026-08-14T15:30:29.435775,15,21,22,17,18,0
2026-08-14T15:30:29.437380,15,21,22,18,18,0
2026-08-14T15:30:29.437380,15,21,23,18,18,0
2026-08-14T15:30:29.437380,15,22,23,17,18,0
2026-08-14T15:30:29.440270,16,23,22,18,18,0
2026-08-14T15:30:29.440270,15,22,22,18,19,0
2026-08-14T15:30:29.440270,15,21,22,17,17,0
2026-08-14T15:30:29.442669,16,22,22,17,18,0
2026-08-14T15:30:29.442669,17,22,21,17,19,0
2026-08-14T15:30:29.442669,16,21,22,17,18,0
2026-08-14T15:30:29.442669,15,22,22,18,18,0
2026-08-14T15:30:29.448475,16,22,22,18,18,0
2026-08-14T15:30:29.449216,16,22,22,17,18,0
2026-08-14T15:30:29.449216,15,21,21,17,18,0
2026-08-14T15:30:29.449216,15,21,22,18,18,0
2026-08-14T15:30:29.453300,16,22,22,18,17,0
2026-08-14T15:30:29.453906,17,22,22,18,19,0
2026-08-14T15:30:29.456585,15,20,22,17,18,0
2026-08-14T15:30:29.456585,16,22,22,17,18,0
2026-08-14T15:30:29.456585,15,22,22,19,17,0
2026-08-14T15:30:29.456585,16,22,22,18,18,0
2026-08-14T15:30:29.456585,16,22,22,18,19,0
2026-08-14T15:30:29.461212,16,22,23,17,18,0
2026-08-14T15:30:29.461846,16,22,23,18,18,0
2026-08-14T15:30:29.464869,16,23,23,18,19,0
2026-08-14T15:30:29.464869,16,22,22,18,18,0
2026-08-14T15:30:29.466953,15,21,22,17,18,0
2026-08-14T15:30:29.467664,15,21,23,18,18,0
2026-08-14T15:30:29.468360,15,22,22,17,18,0
2026-08-14T15:30:29.469430,15,21,21,17,18,0
2026-08-14T15:30:29.470140,16,22,22,17,19,0
2026-08-14T15:30:29.473035,17,21,22,17,18,0
2026-08-14T15:30:29.473035,16,22,22,18,18,0
2026-08-14T15:30:29.473035,16,22,24,18,18,0
2026-08-14T15:30:29.473035,17,22,23,17,18,0
2026-08-14T15:30:29.476793,15,22,23,18,18,0
2026-08-14T15:30:29.476793,16,23,22,18,18,0
2026-08-14T15:30:29.476793,15,23,22,17,18,0
2026-08-14T15:30:29.481103,16,22,22,17,18,0
2026-08-14T15:30:29.481103,15,21,23,17,17,0
2026-08-14T15:30:29.481103,16,21,23,18,18,0
2026-08-14T15:30:29.481103,16,22,22,18,18,0
2026-08-14T15:30:29.481103,16,22,23,17,18,0
2026-08-14T15:30:29.486182,17,22,22,18,19,0
2026-08-14T15:30:29.487110,16,22,22,18,18,0
2026-08-14T15:30:29.489374,17,22,22,17,17,0
2026-08-14T15:30:29.489374,15,22,22,17,18,0
2026-08-14T15:30:29.489374,16,21,22,18,17,0
2026-08-14T15:30:29.491221,15,21,22,17,18,0
2026-08-14T15:30:29.491221,15,22,22,18,18,0
2026-08-14T15:30:29.491221,15,23,23,18,18,0
2026-08-14T15:30:29.491221,17,22,23,17,18,0
2026-08-14T15:30:29.497606,15,21,23,19,20,0
2026-08-14T15:30:29.497606,15,21,23,17,18,0
2026-08-14T15:30:29.497606,17,22,22,18,18,0
2026-08-14T15:30:29.501437,17,22,23,18,18,0
2026-08-14T15:30:29.502792,16,22,22,18,18,0
2026-08-14T15:30:29.502792,17,21,22,18,18,0
2026-08-14T15:30:29.504129,15,22,24,18,18,0
2026-08-14T15:30:29.504129,15,21,22,18,18,0
2026-08-14T15:30:29.506036,16,22,22,17,19,0
2026-08-14T15:30:29.506036,16,23,21,18,18,0
2026-08-14T15:30:29.508373,15,22,22,18,18,0
2026-08-14T15:30:29.508373,15,22,23,17,18,0
2026-08-14T15:30:29.508373,16,20,21,17,18,0
2026-08-14T15:30:29.508373,15,22,22,17,19,0
2026-08-14T15:30:29.508373,17,22,22,18,18,0
2026-08-14T15:30:29.514914,16,22,23,18,18,0
2026-08-14T15:30:29.514914,16,22,22,18,19,0
2026-08-14T15:30:29.514914,15,22,22,18,19,0
2026-08-14T15:30:29.514914,15,22,23,17,18,0
2026-08-14T15:30:29.519453,15,22,22,18,18,0
2026-08-14T15:30:29.520409,16,22,22,18,18,0
2026-08-14T15:30:29.522429,15,22,21,18,19,0
2026-08-14T15:30:29.522429,15,21,23,17,18,0
2026-08-14T15:30:29.522429,15,21,22,18,18,0
2026-08-14T15:30:29.522429,15,22,22,17,17,0
2026-08-14T15:30:29.522429,15,22,22,17,17,0
2026-08-14T15:30:29.522429,16,22,22,17,18,0
2026-08-14T15:30:29.522429,16,22,23,18,18,0
2026-08-14T15:30:29.530577,17,23,22,18,18,0
2026-08-14T15:30:29.532592,16,22,22,17,17,0
2026-08-14T15:30:29.532592,16,22,22,18,18,0
2026-08-14T15:30:29.534606,15,21,22,18,18,0
2026-08-14T15:30:29.534606,16,22,23,18,18,0
2026-08-14T15:30:29.536158,16,22,21,18,18,0
2026-08-14T15:30:29.538564,15,22,22,17,18,0
2026-08-14T15:30:29.538564,16,21,22,18,18,0
2026-08-14T15:30:29.538564,15,21,22,18,19,0
2026-08-14T15:30:29.538564,16,22,22,17,18,0
2026-08-14T15:30:29.542646,16,22,23,17,19,0
2026-08-14T15:30:29.542646,17,22,23,17,18,0
2026-08-14T15:30:29.542646,16,22,22,18,18,0
2026-08-14T15:30:29.546635,16,23,22,18,18,0
2026-08-14T15:30:29.546635,16,22,22,17,19,0
2026-08-14T15:30:29.546635,15,22,22,18,18,0
2026-08-14T15:30:29.546635,15,21,22,18,18,0
2026-08-14T15:30:29.546635,16,22,23,18,18,0
2026-08-14T15:30:29.546635,16,22,23,18,17,0
2026-08-14T15:30:29.553562,16,22,22,18,19,0
2026-08-14T15:30:29.554174,15,21,22,18,18,0
2026-08-14T15:30:29.554174,16,22,21,17,18,0
2026-08-14T15:30:29.554174,17,22,22,17,19,0
2026-08-14T15:30:29.554174,17,22,22,18,18,0
2026-08-14T15:30:29.554174,15,22,22,18,18,0
2026-08-14T15:30:29.554174,15,21,22,18,19,0
2026-08-14T15:30:29.554174,17,21,24,18,19,0
2026-08-14T15:30:29.562520,16,22,22,17,18,0
2026-08-14T15:30:29.562520,16,21,22,18,19,0
2026-08-14T15:30:29.562520,15,21,21,18,18,0
2026-08-14T15:30:29.567230,15,23,22,18,19,0
2026-08-14T15:30:29.567230,16,23,23,18,17,0
2026-08-14T15:30:29.567230,15,22,22,19,20,0
2026-08-14T15:30:29.570414,15,22,22,18,18,0
2026-08-14T15:30:29.570926,16,21,22,18,18,0
2026-08-14T15:30:29.570926,16,22,22,18,17,0
2026-08-14T15:30:29.570926,16,22,22,17,18,0
2026-08-14T15:30:29.572938,16,22,23,18,18,0
2026-08-14T15:30:29.572938,15,22,22,18,18,0
2026-08-14T15:30:29.572938,15,22,22,18,19,0
2026-08-14T15:30:29.577185,16,22,23,17,18,0
2026-08-14T15:30:29.579530,15,21,22,19,19,0
2026-08-14T15:30:29.579530,17,22,22,18,18,0
2026-08-14T15:30:29.579530,15,21,23,18,18,0
2026-08-14T15:30:29.583609,15,21,22,18,20,0
2026-08-14T15:30:29.583609,16,22,22,17,18,0
2026-08-14T15:30:29.583609,15,22,22,17,18,0
2026-08-14T15:30:29.586105,16,22,22,18,18,0
2026-08-14T15:30:29.587073,16,22,22,17,18,0
2026-08-14T15:30:29.587073,16,21,21,19,17,0
2026-08-14T15:30:29.589085,16,22,22,17,18,0
2026-08-14T15:30:29.591194,16,22,24,18,18,0
2026-08-14T15:30:29.591194,16,23,22,18,18,0
2026-08-14T15:30:29.591194,16,22,22,18,18,0
2026-08-14T15:30:29.593649,15,21,24,18,18,0
2026-08-14T15:30:29.593649,15,21,23,18,19,0
2026-08-14T15:30:29.593649,17,23,23,18,19,0
2026-08-14T15:30:29.597754,16,22,22,18,18,0
2026-08-14T15:30:29.599766,17,22,23,18,17,0
2026-08-14T15:30:29.599766,16,21,23,17,17,0
2026-08-14T15:30:29.599766,17,21,22,18,18,0
2026-08-14T15:30:29.603462,17,22,22,18,19,0
2026-08-14T15:30:29.603462,17,22,22,18,18,0
2026-08-14T15:30:29.603462,15,21,23,17,18,0
2026-08-14T15:30:29.603462,16,21,22,18,19,0
2026-08-14T15:30:29.603462,15,22,22,18,18,0
2026-08-14T15:30:29.603462,15,21,22,18,18,0
2026-08-14T15:30:29.603462,16,23,22,17,18,0
2026-08-14T15:30:29.612284,15,21,22,18,18,0
2026-08-14T15:30:29.612284,17,21,22,17,18,0
2026-08-14T15:30:29.612284,16,22,22,17,18,0
2026-08-14T15:30:29.612284,17,21,22,17,18,0
2026-08-14T15:30:29.616058,16,22,22,17,19,0
2026-08-14T15:30:29.616058,17,22,22,18,18,0
2026-08-14T15:30:29.616058,15,23,21,18,18,0
2026-08-14T15:30:29.620351,16,22,22,18,18,0
2026-08-14T15:30:29.620351,15,22,23,18,19,0
2026-08-14T15:30:29.620351,15,23,22,18,18,0
2026-08-14T15:30:29.620351,15,22,22,18,18,0
2026-08-14T15:30:29.620351,17,22,22,17,18,0
2026-08-14T15:30:29.620351,15,21,22,18,19,0
2026-08-14T15:30:29.626829,15,21,22,17,18,0
2026-08-14T15:30:29.626829,16,22,22,18,18,0
2026-08-14T15:30:29.626829,17,22,22,17,18,0
2026-08-14T15:30:29.626829,16,22,22,17,18,0
2026-08-14T15:30:29.632517,15,22,22,18,19,0
2026-08-14T15:30:29.632517,17,22,22,18,18,0
2026-08-14T15:30:29.632517,16,24,23,17,19,0
2026-08-14T15:30:29.634559,16,22,22,17,18,0
2026-08-14T15:30:29.636918,15,21,22,18,19,0
2026-08-14T15:30:29.636918,15,23,22,18,18,0
2026-08-14T15:30:29.636918,16,22,24,17,18,0
2026-08-14T15:30:29.640955,16,22,23,18,18,0
2026-08-14T15:30:29.640955,15,22,22,17,18,0
2026-08-14T15:30:29.640955,16,21,24,18,18,0
2026-08-14T15:30:29.642722,17,22,23,18,19,0
2026-08-14T15:30:29.645055,15,21,21,17,19,0
2026-08-14T15:30:29.645055,16,22,22,18,18,0
2026-08-14T15:30:29.645055,17,22,22,18,18,0
2026-08-14T15:30:29.647727,16,22,23,17,17,0
2026-08-14T15:30:29.647727,16,22,22,18,17,0
2026-08-14T15:30:29.647727,15,22,22,17,18,0
2026-08-14T15:30:29.651204,16,22,22,18,19,0
2026-08-14T15:30:29.653553,17,21,22,18,18,0
2026-08-14T15:30:29.654512,15,22,23,19,18,0
2026-08-14T15:30:29.654512,17,22,22,18,18,0
2026-08-14T15:30:29.654512,16,23,22,18,18,0
2026-08-14T15:30:29.654512,16,22,22,17,18,0
2026-08-14T15:30:29.654512,16,23,22,19,18,0
2026-08-14T15:30:29.659389,16,22,22,18,18,0
2026-08-14T15:30:29.659389,16,22,23,17,18,0
2026-08-14T15:30:29.659389,16,22,23,17,19,0
2026-08-14T15:30:29.659389,16,22,22,19,17,0
2026-08-14T15:30:29.659389,16,22,22,17,18,0
2026-08-14T15:30:29.659389,17,22,23,17,17,0
2026-08-14T15:30:29.659389,15,22,22,18,19,0
2026-08-14T15:30:29.667687,15,23,22,18,18,0
2026-08-14T15:30:29.670618,16,22,23,18,18,0
2026-08-14T15:30:29.670618,16,22,23,18,18,0
2026-08-14T15:30:29.670618,15,21,24,18,18,0
2026-08-14T15:30:29.673731,17,22,22,18,18,0
2026-08-14T15:30:29.673731,16,22,22,17,18,0
2026-08-14T15:30:29.673731,18,21,23,17,18,0
2026-08-14T15:30:29.676572,17,21,22,17,18,0
2026-08-14T15:30:29.676572,16,22,22,18,18,0
2026-08-14T15:30:29.679592,15,22,22,18,18,0
2026-08-14T15:30:29.679592,15,24,23,18,18,0
2026-08-14T15:30:29.681932,16,22,22,18,18,0
2026-08-14T15:30:29.681932,16,24,22,17,18,0
2026-08-14T15:30:29.681932,17,22,22,18,18,0
2026-08-14T15:30:29.684705,15,22,22,18,19,0
2026-08-14T15:30:29.686474,16,22,23,18,20,0
2026-08-14T15:30:29.687177,15,23,22,17,18,0
2026-08-14T15:30:29.687177,15,22,22,18,19,0
2026-08-14T15:30:29.687177,16,22,23,17,18,0
2026-08-14T15:30:29.687177,17,22,22,17,18,0
2026-08-14T15:30:29.687177,17,22,22,18,18,0
2026-08-14T15:30:29.692323,16,22,22,18,18,0
2026-08-14T15:30:29.692323,17,22,24,18,18,0
2026-08-14T15:30:29.692323,19,22,22,18,19,0
2026-08-14T15:30:29.692323,16,23,23,18,19,0
2026-08-14T15:30:29.692323,15,22,21,18,19,0
2026-08-14T15:30:29.692323,16,23,22,17,19,0
2026-08-14T15:30:29.692323,15,22,22,18,19,0
2026-08-14T15:30:29.700527,15,21,22,17,18,0
2026-08-14T15:30:29.703358,15,21,22,18,20,0
2026-08-14T15:30:29.703358,16,22,23,18,18,0
2026-08-14T15:30:29.706507,16,22,22,18,18,0
2026-08-14T15:30:29.706507,16,22,22,17,18,0
2026-08-14T15:30:29.706507,16,21,22,17,18,0
2026-08-14T15:30:29.708271,17,23,22,17,19,0
2026-08-14T15:30:29.710091,16,23,23,18,18,0
2026-08-14T15:30:29.710091,16,22,22,17,19,0
2026-08-14T15:30:29.712361,15,21,22,18,18,0
2026-08-14T15:30:29.713997,16,23,24,18,18,0
2026-08-14T15:30:29.713997,15,22,24,18,18,0
2026-08-14T15:30:29.713997,14,22,22,19,18,0
2026-08-14T15:30:29.716556,17,22,22,18,18,0
2026-08-14T15:30:29.716556,15,21,22,18,20,0
2026-08-14T15:30:29.720227,16,22,22,19,18,0
2026-08-14T15:30:29.720560,16,22,22,17,18,0
2026-08-14T15:30:29.720560,18,22,22,17,18,0
2026-08-14T15:30:29.720560,16,22,22,18,19,0
2026-08-14T15:30:29.720560,15,23,22,18,19,0
2026-08-14T15:30:29.724971,16,22,22,18,18,0
2026-08-14T15:30:29.724971,16,22,23,18,18,0
2026-08-14T15:30:29.728740,16,22,22,18,19,0
2026-08-14T15:30:29.728740,15,21,23,19,19,0
2026-08-14T15:30:29.728740,15,22,23,19,18,0
2026-08-14T15:30:29.728740,16,22,23,18,19,0
2026-08-14T15:30:29.728740,18,21,23,18,17,0
2026-08-14T15:30:29.735179,17,22,22,17,18,0
2026-08-14T15:30:29.736122,17,22,22,18,17,0
2026-08-14T15:30:29.736854,16,23,22,18,19,0
2026-08-14T15:30:29.738235,16,23,22,18,18,0
2026-08-14T15:30:29.738235,16,23,23,17,19,0
2026-08-14T15:30:29.738235,16,22,22,18,18,0
2026-08-14T15:30:29.738235,15,22,23,18,19,0
2026-08-14T15:30:29.741077,17,22,23,18,18,0
2026-08-14T15:30:29.741077,16,22,22,19,18,0
2026-08-14T15:30:29.741077,15,21,23,19,19,0
2026-08-14T15:30:29.741077,15,21,22,18,18,0
2026-08-14T15:30:29.741077,16,22,23,17,19,0
2026-08-14T15:30:29.741077,17,22,23,18,17,0
2026-08-14T15:30:29.741077,16,22,22,18,18,0
2026-08-14T15:30:29.750147,15,22,22,17,19,0
2026-08-14T15:30:29.752161,16,22,23,18,19,0
2026-08-14T15:30:29.752727,19,22,22,18,18,0
2026-08-14T15:30:29.755482,15,22,23,18,18,0
2026-08-14T15:30:29.755482,17,21,22,18,18,0
2026-08-14T15:30:29.755482,15,22,22,18,18,0
2026-08-14T15:30:29.755482,16,22,22,18,19,0
2026-08-14T15:30:29.759748,15,21,23,18,19,0
2026-08-14T15:30:29.759748,15,21,22,18,20,0
2026-08-14T15:30:29.759748,16,22,22,18,18,0
2026-08-14T15:30:29.763833,16,22,22,18,18,0
2026-08-14T15:30:29.763833,17,22,22,18,18,0
2026-08-14T15:30:29.763833,17,22,22,17,19,0
2026-08-14T15:30:29.765736,17,23,23,18,18,0
2026-08-14T15:30:29.767931,16,23,23,18,18,0
2026-08-14T15:30:29.767931,17,21,22,17,19,0
2026-08-14T15:30:29.770233,15,22,22,17,18,0
2026-08-14T15:30:29.771352,15,21,22,19,18,0
2026-08-14T15:30:29.771352,16,23,23,18,19,0
2026-08-14T15:30:29.773268,17,22,21,18,19,0
2026-08-14T15:30:29.773268,16,22,22,17,18,0
2026-08-14T15:30:29.775282,16,22,22,18,20,0
2026-08-14T15:30:29.777611,17,22,22,18,18,0
2026-08-14T15:30:29.777611,16,22,22,17,17,0
2026-08-14T15:30:29.780351,17,22,22,17,18,0
2026-08-14T15:30:29.780351,15,23,22,18,18,0
2026-08-14T15:30:29.781391,16,23,22,18,18,0
2026-08-14T15:30:29.781391,16,23,23,18,19,0
2026-08-14T15:30:29.783486,17,22,22,18,19,0
2026-08-14T15:30:29.784513,16,22,23,18,18,0
2026-08-14T15:30:29.785559,15,23,23,17,20,0
2026-08-14T15:30:29.788395,16,22,22,18,18,0
2026-08-14T15:30:29.788395,15,22,22,17,18,0
2026-08-14T15:30:29.789409,17,22,23,18,18,0
2026-08-14T15:30:29.791639,15,22,22,17,18,0
2026-08-14T15:30:29.791639,16,22,22,18,19,0
2026-08-14T15:30:29.791639,16,22,22,18,18,0
2026-08-14T15:30:29.791639,16,23,23,18,18,0
2026-08-14T15:30:29.791639,16,23,22,18,19,0
2026-08-14T15:30:29.791639,15,23,24,18,18,0
2026-08-14T15:30:29.797689,16,23,23,18,19,0
2026-08-14T15:30:29.797689,16,22,22,18,18,0
2026-08-14T15:30:29.797689,17,21,22,17,20,0
2026-08-14T15:30:29.797689,15,23,22,18,18,0
2026-08-14T15:30:29.802745,15,22,22,17,18,0
2026-08-14T15:30:29.803401,16,22,22,18,18,0
2026-08-14T15:30:29.803401,16,22,23,18,18,0
2026-08-14T15:30:29.803401,16,22,22,18,19,0
2026-08-14T15:30:29.808708,17,23,22,18,18,0
2026-08-14T15:30:29.809400,17,24,23,17,19,0
2026-08-14T15:30:29.809400,17,22,22,18,18,0
2026-08-14T15:30:29.809400,15,22,22,18,19,0
2026-08-14T15:30:29.809400,16,22,22,18,19,0
2026-08-14T15:30:29.809400,17,23,23,18,19,0
2026-08-14T15:30:29.809400,15,22,22,17,19,0
2026-08-14T15:30:29.816997,16,22,22,18,19,0
2026-08-14T15:30:29.817575,15,22,22,19,18,0
2026-08-14T15:30:29.818163,16,21,23,18,18,0
2026-08-14T15:30:29.818774,16,23,23,17,19,0
2026-08-14T15:30:29.821181,16,21,22,17,18,0
2026-08-14T15:30:29.821181,17,21,23,18,18,0
2026-08-14T15:30:29.821181,17,23,22,18,18,0
2026-08-14T15:30:29.823677,16,22,23,18,18,0
2026-08-14T15:30:29.823677,17,23,22,18,18,0
2026-08-14T15:30:29.823677,16,23,22,18,18,0
2026-08-14T15:30:29.823677,15,21,24,18,18,0
2026-08-14T15:30:29.823677,16,22,22,19,18,0
2026-08-14T15:30:29.823677,16,23,22,16,18,0
2026-08-14T15:30:29.831435,15,22,22,18,18,0
2026-08-14T15:30:29.832170,16,22,23,18,19,0
2026-08-14T15:30:29.832170,17,22,21,18,19,0
2026-08-14T15:30:29.832170,17,22,23,18,18,0
2026-08-14T15:30:29.837024,18,22,22,18,19,0
2026-08-14T15:30:29.837024,16,22,24,17,19,0
2026-08-14T15:30:29.837024,15,23,22,18,18,0
2026-08-14T15:30:29.839646,16,22,23,18,18,0
2026-08-14T15:30:29.841037,15,22,22,18,18,0
2026-08-14T15:30:29.841037,16,22,22,18,18,0
2026-08-14T15:30:29.842799,16,22,22,19,19,0
2026-08-14T15:30:29.845746,16,21,22,18,19,0
2026-08-14T15:30:29.845746,15,23,23,18,19,0
2026-08-14T15:30:29.845746,17,23,23,18,19,0
2026-08-14T15:30:29.845746,17,22,23,18,18,0
2026-08-14T15:30:29.848516,16,22,22,18,18,0
2026-08-14T15:30:29.848516,17,23,22,18,19,0
2026-08-14T15:30:29.848516,17,24,22,18,18,0
2026-08-14T15:30:29.853927,16,22,22,18,19,0
2026-08-14T15:30:29.853927,16,23,22,18,18,0
2026-08-14T15:30:29.853927,15,23,22,18,18,0
2026-08-14T15:30:29.856048,15,22,22,18,18,0
2026-08-14T15:30:29.856048,17,22,22,17,18,0
2026-08-14T15:30:29.856048,16,22,24,18,18,0
2026-08-14T15:30:29.856048,17,22,22,18,18,0
2026-08-14T15:30:29.856048,16,23,22,18,18,0
2026-08-14T15:30:29.856048,17,22,22,17,19,0
2026-08-14T15:30:29.864074,17,22,22,18,19,0
2026-08-14T15:30:29.865134,17,22,22,18,18,0
2026-08-14T15:30:29.867148,16,22,22,18,18,0
2026-08-14T15:30:29.867148,16,24,23,17,18,0
2026-08-14T15:30:29.867148,16,23,23,17,18,0
2026-08-14T15:30:29.870254,16,22,22,18,18,0
2026-08-14T15:30:29.870254,15,23,22,18,18,0
2026-08-14T15:30:29.870254,15,22,22,18,18,0
2026-08-14T15:30:29.874440,17,22,23,18,19,0
2026-08-14T15:30:29.874440,17,21,22,17,20,0
2026-08-14T15:30:29.876564,15,21,23,18,18,0
2026-08-14T15:30:29.876564,16,22,23,18,19,0
2026-08-14T15:30:29.876564,16,22,22,17,18,0
2026-08-14T15:30:29.876564,17,22,22,18,18,0
2026-08-14T15:30:29.880288,17,23,23,18,19,0
2026-08-14T15:30:29.881805,17,23,23,18,18,0
2026-08-14T15:30:29.881805,16,23,22,17,18,0
2026-08-14T15:30:29.881805,15,22,22,18,18,0
2026-08-14T15:30:29.881805,15,21,24,19,19,0
2026-08-14T15:30:29.886675,16,21,22,18,18,0
2026-08-14T15:30:29.887670,17,22,22,18,19,0
2026-08-14T15:30:29.887670,16,22,22,18,18,0
2026-08-14T15:30:29.888796,16,22,22,18,18,0
2026-08-14T15:30:29.888796,17,22,23,18,18,0
2026-08-14T15:30:29.888796,15,22,22,18,19,0
2026-08-14T15:30:29.892679,17,22,22,17,19,0
2026-08-14T15:30:29.892679,17,22,22,17,18,0
2026-08-14T15:30:29.892679,15,22,23,17,18,0
2026-08-14T15:30:29.892679,16,22,23,18,18,0
2026-08-14T15:30:29.897193,16,22,22,18,18,0
2026-08-14T15:30:29.897193,16,22,22,18,18,0
2026-08-14T15:30:29.897193,16,22,22,17,20,0
2026-08-14T15:30:29.897193,16,22,22,17,18,0
2026-08-14T15:30:29.904007,16,22,23,18,19,0
2026-08-14T15:30:29.904007,15,22,21,18,19,0
2026-08-14T15:30:29.905641,16,22,22,18,18,0
2026-08-14T15:30:29.907197,16,22,23,18,19,0
2026-08-14T15:30:29.907197,17,22,22,18,18,0
2026-08-14T15:30:29.907197,16,23,22,17,18,0
2026-08-14T15:30:29.910398,17,22,22,18,18,0
2026-08-14T15:30:29.910398,16,23,22,18,18,0
2026-08-14T15:30:29.910398,16,24,23,18,18,0
2026-08-14T15:30:29.910398,16,22,23,18,19,0
2026-08-14T15:30:29.914008,16,22,23,18,19,0
2026-08-14T15:30:29.914008,15,22,22,18,19,0
2026-08-14T15:30:29.914008,17,21,21,18,18,0
2026-08-14T15:30:29.914008,17,23,22,18,18,0
2026-08-14T15:30:29.919921,17,21,22,17,18,0
2026-08-14T15:30:29.920733,18,22,23,18,19,0
2026-08-14T15:30:29.922793,16,22,22,17,18,0
2026-08-14T15:30:29.922793,17,23,23,18,18,0
2026-08-14T15:30:29.922793,16,23,23,17,18,0
2026-08-14T15:30:29.922793,17,23,23,18,19,0
2026-08-14T15:30:29.922793,16,23,22,18,19,0
2026-08-14T15:30:29.922793,15,21,24,19,19,0
2026-08-14T15:30:29.922793,16,22,22,18,19,0
2026-08-14T15:30:29.931757,16,22,22,17,19,0
2026-08-14T15:30:29.931757,15,21,23,18,18,0
2026-08-14T15:30:29.933544,15,22,22,18,18,0
2026-08-14T15:30:29.933544,16,22,22,18,19,0
2026-08-14T15:30:29.933544,16,22,22,17,18,0
2026-08-14T15:30:29.936909,17,21,22,17,18,0
2026-08-14T15:30:29.937249,16,22,22,18,19,0
2026-08-14T15:30:29.938851,16,22,22,18,18,0
2026-08-14T15:30:29.938851,17,22,22,19,19,0
2026-08-14T15:30:29.938851,16,22,22,18,18,0
2026-08-14T15:30:29.941796,15,22,23,18,18,0
2026-08-14T15:30:29.941796,15,21,23,18,19,0
2026-08-14T15:30:29.941796,17,23,23,18,18,0
2026-08-14T15:30:29.941796,16,22,22,18,19,0
2026-08-14T15:30:29.946956,16,22,22,18,18,0
2026-08-14T15:30:29.946956,16,23,23,17,19,0
2026-08-14T15:30:29.946956,16,22,22,18,18,0
2026-08-14T15:30:29.950018,16,22,22,18,19,0
2026-08-14T15:30:29.950018,18,22,22,18,18,0
2026-08-14T15:30:29.953350,16,22,23,17,18,0
2026-08-14T15:30:29.953698,17,22,22,18,18,0
2026-08-14T15:30:29.956359,17,23,23,17,18,0
2026-08-14T15:30:29.956359,16,23,22,17,18,0
2026-08-14T15:30:29.956359,17,22,23,18,18,0
2026-08-14T15:30:29.960459,15,22,22,18,19,0
2026-08-14T15:30:29.960459,15,23,22,18,18,0
2026-08-14T15:30:29.960459,16,23,23,18,19,0
2026-08-14T15:30:29.960459,16,22,23,18,18,0
2026-08-14T15:30:29.964532,15,22,24,19,20,0
2026-08-14T15:30:29.964532,16,22,22,17,18,0
2026-08-14T15:30:29.964532,16,22,24,19,19,0
2026-08-14T15:30:29.964532,16,23,23,17,18,0
2026-08-14T15:30:29.969538,17,22,22,18,18,0
2026-08-14T15:30:29.970896,16,24,22,19,18,0
2026-08-14T15:30:29.971405,16,23,24,18,18,0
2026-08-14T15:30:29.972915,16,22,22,18,18,0
2026-08-14T15:30:29.972915,16,23,23,18,19,0
2026-08-14T15:30:29.972915,15,22,21,18,18,0
2026-08-14T15:30:29.972915,15,23,23,18,19,0
2026-08-14T15:30:29.972915,16,22,23,18,19,0
2026-08-14T15:30:29.972915,16,21,22,17,18,0
2026-08-14T15:30:29.972915,15,21,22,17,20,0
2026-08-14T15:30:29.972915,16,22,22,18,18,0
2026-08-14T15:30:29.981238,16,22,22,17,18,0
2026-08-14T15:30:29.981238,17,22,22,18,18,0
2026-08-14T15:30:29.985031,16,22,22,18,18,0
2026-08-14T15:30:29.986133,16,23,22,18,19,0
2026-08-14T15:30:29.986765,17,22,23,18,18,0
2026-08-14T15:30:29.989184,17,24,23,18,19,0
2026-08-14T15:30:29.989184,16,22,22,18,18,0
2026-08-14T15:30:29.989184,15,21,23,18,18,0
2026-08-14T15:30:29.989184,15,21,23,18,18,0
2026-08-14T15:30:29.989184,16,23,23,18,18,0
2026-08-14T15:30:29.989184,16,22,21,17,19,0
2026-08-14T15:30:29.989184,17,22,22,18,18,0
2026-08-14T15:30:29.997309,17,22,23,18,19,0
2026-08-14T15:30:29.997309,16,21,23,18,18,0
2026-08-14T15:30:29.997309,16,22,22,18,18,0
2026-08-14T15:30:29.999073,16,23,23,18,18,0
2026-08-14T15:30:30.000014,16,22,22,18,18,0
2026-08-14T15:30:30.000014,17,23,23,18,18,0
2026-08-14T15:30:30.003404,16,23,23,18,19,0
2026-08-14T15:30:30.005510,16,22,23,18,18,0
2026-08-14T15:30:30.005510,17,23,21,17,19,0
2026-08-14T15:30:30.005510,17,22,24,18,19,0
2026-08-14T15:30:30.005510,15,22,22,18,19,0
2026-08-14T15:30:30.010432,16,22,23,18,19,0
2026-08-14T15:30:30.023245,17,22,23,18,19,0
2026-08-14T15:30:30.023245,16,22,23,17,19,0
2026-08-14T15:30:30.023245,17,23,22,18,18,0
2026-08-14T15:30:30.023245,15,23,24,17,18,0
2026-08-14T15:30:30.023245,16,24,23,18,18,0
2026-08-14T15:30:30.023245,17,23,23,18,19,0
2026-08-14T15:30:30.023245,15,22,22,18,19,0
2026-08-14T15:30:30.029281,16,22,22,18,19,0
2026-08-14T15:30:30.029281,17,23,22,18,18,0
2026-08-14T15:30:30.029281,16,22,23,18,19,0
2026-08-14T15:30:30.029281,17,21,22,17,18,0
2026-08-14T15:30:30.029281,16,22,23,17,18,0
2026-08-14T15:30:30.029281,17,23,23,17,19,0
2026-08-14T15:30:30.029281,16,22,22,18,19,0
2026-08-14T15:30:30.029281,17,22,22,17,18,0
2026-08-14T15:30:30.029281,17,22,24,18,19,0
2026-08-14T15:30:30.029281,16,22,23,18,18,0
2026-08-14T15:30:30.029281,16,22,22,17,18,0
2026-08-14T15:30:30.029281,16,22,22,18,18,0
2026-08-14T15:30:30.029281,16,23,24,19,18,0
2026-08-14T15:30:30.036002,15,21,22,18,18,0
2026-08-14T15:30:30.037473,16,22,23,18,18,0
2026-08-14T15:30:30.037473,15,23,22,17,18,0
2026-08-14T15:30:30.037473,16,23,22,18,18,0
2026-08-14T15:30:30.037473,16,22,22,18,19,0
2026-08-14T15:30:30.037473,16,22,22,18,18,0
2026-08-14T15:30:30.041441,16,22,22,17,18,0
2026-08-14T15:30:30.041441,16,22,22,17,18,0
2026-08-14T15:30:30.041441,17,21,22,18,18,0
2026-08-14T15:30:30.044105,17,23,22,19,18,0
2026-08-14T15:30:30.045118,16,22,22,18,18,0
2026-08-14T15:30:30.045118,17,22,22,18,20,0
2026-08-14T15:30:30.045118,15,21,23,19,20,0
2026-08-14T15:30:30.045118,17,23,23,18,19,0
2026-08-14T15:30:30.045118,16,22,22,18,20,0
2026-08-14T15:30:30.045118,15,21,23,18,18,0
2026-08-14T15:30:30.053394,16,22,23,18,18,0
2026-08-14T15:30:30.054738,15,21,22,18,18,0
2026-08-14T15:30:30.054738,16,22,22,17,18,0
2026-08-14T15:30:30.054738,16,22,23,18,19,0
2026-08-14T15:30:30.054738,16,22,23,18,18,0
2026-08-14T15:30:30.054738,17,23,24,18,18,0
2026-08-14T15:30:30.054738,15,21,22,18,18,0
2026-08-14T15:30:30.062832,16,23,22,18,19,0
2026-08-14T15:30:30.063741,15,21,23,18,18,0
2026-08-14T15:30:30.063741,15,23,22,17,20,0
2026-08-14T15:30:30.063741,15,21,22,18,18,0
2026-08-14T15:30:30.063741,15,22,22,17,19,0
2026-08-14T15:30:30.063741,17,22,22,17,17,0
2026-08-14T15:30:30.063741,17,22,22,19,18,0
2026-08-14T15:30:30.071031,16,22,22,18,19,0
2026-08-14T15:30:30.071031,16,22,22,17,18,0
2026-08-14T15:30:30.071031,16,22,22,18,19,0
2026-08-14T15:30:30.071031,16,22,22,17,19,0
2026-08-14T15:30:30.074743,15,23,22,18,18,0
2026-08-14T15:30:30.074743,15,22,22,18,19,0
2026-08-14T15:30:30.074743,16,22,23,19,19,0
2026-08-14T15:30:30.077692,16,21,22,18,18,0
2026-08-14T15:30:30.079428,15,21,23,18,18,0
2026-08-14T15:30:30.079428,17,22,22,18,18,0
2026-08-14T15:30:30.081442,16,22,23,18,19,0
2026-08-14T15:30:30.083454,16,22,22,17,18,0
2026-08-14T15:30:30.083454,18,22,22,19,18,0
2026-08-14T15:30:30.085465,16,22,23,19,19,0
