timestamp,sensor_0,sensor_1,sensor_2,sensor_3,sensor_4,sensor_5
2026-08-13T03:50:55.153046,104,0,0,0,0,0
2026-08-13T03:50:55.153046,103,0,0,0,0,0
2026-08-13T03:50:55.157220,104,0,0,0,0,0
2026-08-13T03:50:55.157220,103,0,0,0,0,0
2026-08-13T03:50:55.157220,104,0,0,0,0,0
2026-08-13T03:50:55.158342,103,0,0,0,0,0
2026-08-13T03:50:55.161350,103,0,0,0,0,0
2026-08-13T03:50:55.161350,102,0,0,0,0,0
2026-08-13T03:50:55.162351,102,0,0,0,0,0
2026-08-13T03:50:55.164864,102,0,0,0,0,0
2026-08-13T03:50:55.165865,102,0,0,0,0,0
2026-08-13T03:50:55.165865,102,0,0,0,0,0
2026-08-13T03:50:55.169204,102,0,0,0,0,0
2026-08-13T03:50:55.170221,101,0,0,0,0,0
2026-08-13T03:50:55.171218,100,0,0,0,0,0
2026-08-13T03:50:55.171218,100,0,0,0,0,0
2026-08-13T03:50:55.172220,100,0,0,0,0,0
2026-08-13T03:50:55.173753,101,0,0,0,0,0
2026-08-13T03:50:55.173753,102,0,0,0,0,0
2026-08-13T03:50:55.177798,104,0,0,0,0,0
2026-08-13T03:50:55.177798,104,0,0,0,0,0
2026-08-13T03:50:55.177798,103,0,0,0,0,0
2026-08-13T03:50:55.178785,103,0,0,0,0,0
2026-08-13T03:50:55.181784,103,0,0,0,0,0
2026-08-13T03:50:55.181784,102,0,0,0,0,0
2026-08-13T03:50:55.181784,102,0,0,0,0,0
2026-08-13T03:50:55.186338,102,0,0,0,0,0
2026-08-13T03:50:55.187362,102,0,0,0,0,0
2026-08-13T03:50:55.188337,102,0,0,0,0,0
2026-08-13T03:50:55.188337,102,0,0,0,0,0
2026-08-13T03:50:55.189337,101,0,0,0,0,0
2026-08-13T03:50:55.190519,100,0,0,0,0,0
2026-08-13T03:50:55.190519,101,0,0,0,0,0
2026-08-13T03:50:55.193881,100,0,0,0,0,0
2026-08-13T03:50:55.193881,101,0,0,0,0,0
2026-08-13T03:50:55.194887,103,0,0,0,0,0
2026-08-13T03:50:55.198243,103,0,0,0,0,0
2026-08-13T03:50:55.198243,103,0,0,0,0,0
2026-08-13T03:50:55.198243,103,0,0,0,0,0
2026-08-13T03:50:55.199241,103,0,0,0,0,0
2026-08-13T03:50:55.202240,102,0,0,0,0,0
2026-08-13T03:50:55.202240,102,0,0,0,0,0
2026-08-13T03:50:55.202240,102,0,0,0,0,0
2026-08-13T03:50:55.205778,102,0,0,0,0,0
2026-08-13T03:50:55.206752,102,0,0,0,0,0
2026-08-13T03:50:55.206752,102,0,0,0,0,0
2026-08-13T03:50:55.206752,101,0,0,0,0,0
2026-08-13T03:50:55.209751,101,0,0,0,0,0
2026-08-13T03:50:55.210751,100,0,0,0,0,0
2026-08-13T03:50:55.210751,100,0,0,0,0,0
2026-08-13T03:50:55.214277,100,0,0,0,0,0
2026-08-13T03:50:55.214277,101,0,0,0,0,0
2026-08-13T03:50:55.215314,103,0,0,0,0,0
2026-08-13T03:50:55.215314,103,0,0,0,0,0
2026-08-13T03:50:55.218315,104,0,0,0,0,0
2026-08-13T03:50:55.219314,103,0,0,0,0,0
2026-08-13T03:50:55.219314,103,0,0,0,0,0
2026-08-13T03:50:55.222338,102,0,0,0,0,0
2026-08-13T03:50:55.222338,103,0,0,0,0,0
2026-08-13T03:50:55.223847,104,0,0,0,0,0
2026-08-13T03:50:55.223847,102,0,0,0,0,0
2026-08-13T03:50:55.226855,102,0,0,0,0,0
2026-08-13T03:50:55.226855,102,0,0,0,0,0
2026-08-13T03:50:55.226855,101,0,0,0,0,0
2026-08-13T03:50:55.230854,101,0,0,0,0,0
2026-08-13T03:50:55.230854,100,0,0,0,0,0
2026-08-13T03:50:55.230854,99,0,0,0,0,0
2026-08-13T03:50:55.235072,100,0,0,0,0,0
2026-08-13T03:50:55.235072,101,0,0,0,0,0
2026-08-13T03:50:55.235072,103,0,0,0,0,0
2026-08-13T03:50:55.236074,103,0,0,0,0,0
2026-08-13T03:50:55.239073,104,0,0,0,0,0
2026-08-13T03:50:55.239073,104,0,0,0,0,0
2026-08-13T03:50:55.239073,103,0,0,0,0,0
2026-08-13T03:50:55.243073,102,0,0,0,0,0
2026-08-13T03:50:55.243073,102,0,0,0,0,0
2026-08-13T03:50:55.244073,102,0,0,0,0,0
2026-08-13T03:50:55.244073,102,0,0,0,0,0
2026-08-13T03:50:55.247021,102,0,0,0,0,0
2026-08-13T03:50:55.247021,101,0,0,0,0,0
2026-08-13T03:50:55.248026,101,0,0,0,0,0
2026-08-13T03:50:55.251026,101,0,0,0,0,0
2026-08-13T03:50:55.251026,100,0,0,0,0,0
2026-08-13T03:50:55.252027,100,0,0,0,0,0
2026-08-13T03:50:55.252027,101,0,0,0,0,0
2026-08-13T03:50:55.255615,102,0,0,0,0,0
2026-08-13T03:50:55.255615,103,0,0,0,0,0
2026-08-13T03:50:55.255615,104,0,0,0,0,0
2026-08-13T03:50:55.259586,104,0,0,0,0,0
2026-08-13T03:50:55.259586,104,0,0,0,0,0
2026-08-13T03:50:55.259586,103,0,0,0,0,0
2026-08-13T03:50:55.260588,103,0,0,0,0,0
2026-08-13T03:50:55.262588,103,0,0,0,0,0
2026-08-13T03:50:55.264094,102,0,0,0,0,0
2026-08-13T03:50:55.264094,102,0,0,0,0,0
2026-08-13T03:50:55.266863,102,0,0,0,0,0
2026-08-13T03:50:55.268261,102,0,0,0,0,0
2026-08-13T03:50:55.268261,101,0,0,0,0,0
2026-08-13T03:50:55.271562,100,0,0,0,0,0
2026-08-13T03:50:55.271562,100,0,0,0,0,0
2026-08-13T03:50:55.272571,100,0,0,0,0,0
2026-08-13T03:50:55.272571,100,0,0,0,0,0
2026-08-13T03:50:55.276082,103,0,0,0,0,0
2026-08-13T03:50:55.276082,103,0,0,0,0,0
2026-08-13T03:50:55.276082,104,0,0,0,0,0
2026-08-13T03:50:55.280087,103,0,0,0,0,0
2026-08-13T03:50:55.280087,104,0,0,0,0,0
2026-08-13T03:50:55.280087,103,0,0,0,0,0
2026-08-13T03:50:55.281082,102,0,0,0,0,0
2026-08-13T03:50:55.284081,103,0,0,0,0,0
2026-08-13T03:50:55.284081,102,0,0,0,0,0
2026-08-13T03:50:55.284081,102,0,0,0,0,0
2026-08-13T03:50:55.288122,102,0,0,0,0,0
2026-08-13T03:50:55.288122,101,0,0,0,0,0
2026-08-13T03:50:55.288122,101,0,0,0,0,0
2026-08-13T03:50:55.289587,100,0,0,0,0,0
2026-08-13T03:50:55.291953,100,0,0,0,0,0
2026-08-13T03:50:55.292927,101,0,0,0,0,0
2026-08-13T03:50:55.292927,101,0,0,0,0,0
2026-08-13T03:50:55.296570,103,0,0,0,0,0
2026-08-13T03:50:55.296570,103,0,0,0,0,0
2026-08-13T03:50:55.296570,104,0,0,0,0,0
2026-08-13T03:50:55.299591,105,0,0,0,0,0
2026-08-13T03:50:55.300872,103,0,0,0,0,0
2026-08-13T03:50:55.300872,103,0,0,0,0,0
2026-08-13T03:50:55.300872,102,0,0,0,0,0
2026-08-13T03:50:55.304499,103,0,0,0,0,0
2026-08-13T03:50:55.304499,102,0,0,0,0,0
2026-08-13T03:50:55.305509,102,0,0,0,0,0
2026-08-13T03:50:55.308515,102,0,0,0,0,0
2026-08-13T03:50:55.308515,102,0,0,0,0,0
2026-08-13T03:50:55.309514,101,0,0,0,0,0
2026-08-13T03:50:55.309514,100,0,0,0,0,0
2026-08-13T03:50:55.312513,100,0,0,0,0,0
2026-08-13T03:50:55.312513,101,0,0,0,0,0
2026-08-13T03:50:55.312513,101,0,0,0,0,0
2026-08-13T03:50:55.317030,103,0,0,0,0,0
2026-08-13T03:50:55.317030,103,0,0,0,0,0
2026-08-13T03:50:55.317030,104,0,0,0,0,0
2026-08-13T03:50:55.318034,104,0,0,0,0,0
2026-08-13T03:50:55.321032,104,0,0,0,0,0
2026-08-13T03:50:55.321032,103,0,0,0,0,0
2026-08-13T03:50:55.321032,103,0,0,0,0,0
2026-08-13T03:50:55.328547,104,0,0,0,0,0
2026-08-13T03:50:55.330053,102,0,0,0,0,0
2026-08-13T03:50:55.330053,102,0,0,0,0,0
2026-08-13T03:50:55.330053,101,0,0,0,0,0
2026-08-13T03:50:55.331060,101,0,0,0,0,0
2026-08-13T03:50:55.331060,100,0,0,0,0,0
2026-08-13T03:50:55.331060,100,0,0,0,0,0
2026-08-13T03:50:55.333060,101,0,0,0,0,0
2026-08-13T03:50:55.333060,100,0,0,0,0,0
2026-08-13T03:50:55.334062,102,0,0,0,0,0
2026-08-13T03:50:55.336590,104,0,0,0,0,0
2026-08-13T03:50:55.337588,104,0,0,0,0,0
2026-08-13T03:50:55.337588,104,0,0,0,0,0
2026-08-13T03:50:55.338591,104,0,0,0,0,0
2026-08-13T03:50:55.341590,103,0,0,0,0,0
2026-08-13T03:50:55.341590,102,0,0,0,0,0
2026-08-13T03:50:55.342591,103,0,0,0,0,0
2026-08-13T03:50:55.345652,102,0,0,0,0,0
2026-08-13T03:50:55.345652,101,0,0,0,0,0
2026-08-13T03:50:55.345652,101,0,0,0,0,0
2026-08-13T03:50:55.359679,101,0,0,0,0,0
2026-08-13T03:50:55.360679,101,0,0,0,0,0
2026-08-13T03:50:55.360679,100,0,0,0,0,0
2026-08-13T03:50:55.360679,100,0,0,0,0,0
2026-08-13T03:50:55.361679,100,0,0,0,0,0
2026-08-13T03:50:55.361679,100,0,0,0,0,0
2026-08-13T03:50:55.361679,102,0,0,0,0,0
2026-08-13T03:50:55.361679,103,0,0,0,0,0
2026-08-13T03:50:55.362678,103,0,0,0,0,0
2026-08-13T03:50:55.362678,104,0,0,0,0,0
2026-08-13T03:50:55.362678,103,0,0,0,0,0
2026-08-13T03:50:55.362678,103,0,0,0,0,0
2026-08-13T03:50:55.362678,102,0,0,0,0,0
2026-08-13T03:50:55.363679,103,0,0,0,0,0
2026-08-13T03:50:55.366194,102,0,0,0,0,0
2026-08-13T03:50:55.366194,102,0,0,0,0,0
2026-08-13T03:50:55.366194,102,0,0,0,0,0
2026-08-13T03:50:55.367196,102,0,0,0,0,0
2026-08-13T03:50:55.369681,101,0,0,0,0,0
2026-08-13T03:50:55.370689,100,0,0,0,0,0
2026-08-13T03:50:55.370689,100,0,0,0,0,0
2026-08-13T03:50:55.373687,100,0,0,0,0,0
2026-08-13T03:50:55.374759,100,0,0,0,0,0
2026-08-13T03:50:55.374759,103,0,0,0,0,0
2026-08-13T03:50:55.375759,103,0,0,0,0,0
2026-08-13T03:50:55.377758,103,0,0,0,0,0
2026-08-13T03:50:55.378760,104,0,0,0,0,0
2026-08-13T03:50:55.378760,103,0,0,0,0,0
2026-08-13T03:50:55.381762,103,0,0,0,0,0
2026-08-13T03:50:55.382758,102,0,0,0,0,0
2026-08-13T03:50:55.382758,104,0,0,0,0,0
2026-08-13T03:50:55.382758,103,0,0,0,0,0
2026-08-13T03:50:55.386517,102,0,0,0,0,0
2026-08-13T03:50:55.387022,102,0,0,0,0,0
2026-08-13T03:50:55.387022,101,0,0,0,0,0
2026-08-13T03:50:55.390771,100,0,0,0,0,0
2026-08-13T03:50:55.390771,100,0,0,0,0,0
2026-08-13T03:50:55.390771,100,0,0,0,0,0
2026-08-13T03:50:55.391771,99,0,0,0,0,0
2026-08-13T03:50:55.394868,102,0,0,0,0,0
2026-08-13T03:50:55.394868,103,0,0,0,0,0
2026-08-13T03:50:55.394868,103,0,0,0,0,0
2026-08-13T03:50:55.398878,104,0,0,0,0,0
2026-08-13T03:50:55.398878,103,0,0,0,0,0
2026-08-13T03:50:55.398878,104,0,0,0,0,0
2026-08-13T03:50:55.402877,104,0,0,0,0,0
2026-08-13T03:50:55.402877,102,0,0,0,0,0
2026-08-13T03:50:55.402877,103,0,0,0,0,0
2026-08-13T03:50:55.403879,102,0,0,0,0,0
2026-08-13T03:50:55.407005,101,0,0,0,0,0
2026-08-13T03:50:55.407005,101,0,0,0,0,0
2026-08-13T03:50:55.408004,101,0,0,0,0,0
2026-08-13T03:50:55.411003,99,0,0,0,0,0
2026-08-13T03:50:55.411003,100,0,0,0,0,0
2026-08-13T03:50:55.412005,100,0,0,0,0,0
2026-08-13T03:50:55.412005,100,0,0,0,0,0
2026-08-13T03:50:55.415362,102,0,0,0,0,0
2026-08-13T03:50:55.415362,103,0,0,0,0,0
2026-08-13T03:50:55.415362,103,0,0,0,0,0
2026-08-13T03:50:55.419349,104,0,0,0,0,0
2026-08-13T03:50:55.419349,104,0,0,0,0,0
2026-08-13T03:50:55.419349,103,0,0,0,0,0
2026-08-13T03:50:55.420349,101,0,0,0,0,0
2026-08-13T03:50:55.422347,101,0,0,0,0,0
2026-08-13T03:50:55.423855,103,0,0,0,0,0
2026-08-13T03:50:55.424864,101,0,0,0,0,0
2026-08-13T03:50:55.426866,101,0,0,0,0,0
2026-08-13T03:50:55.427866,99,0,0,0,0,0
2026-08-13T03:50:55.427866,101,0,0,0,0,0
2026-08-13T03:50:55.430864,100,0,0,0,0,0
2026-08-13T03:50:55.431863,100,0,0,0,0,0
2026-08-13T03:50:55.431863,99,0,0,0,0,0
2026-08-13T03:50:55.431863,100,0,0,0,0,0
2026-08-13T03:50:55.435030,101,0,0,0,0,0
2026-08-13T03:50:55.436032,102,0,0,0,0,0
2026-08-13T03:50:55.436032,102,0,0,0,0,0
2026-08-13T03:50:55.439034,103,0,0,0,0,0
2026-08-13T03:50:55.440033,103,0,0,0,0,0
2026-08-13T03:50:55.441034,102,0,0,0,0,0
2026-08-13T03:50:55.443035,101,0,0,0,0,0
2026-08-13T03:50:55.447562,102,0,0,0,0,0
2026-08-13T03:50:55.448562,102,0,0,0,0,0
2026-08-13T03:50:55.448562,101,0,0,0,0,0
2026-08-13T03:50:55.449563,101,0,0,0,0,0
2026-08-13T03:50:55.449563,100,0,0,0,0,0
2026-08-13T03:50:55.450564,100,0,0,0,0,0
2026-08-13T03:50:55.450564,99,0,0,0,0,0
2026-08-13T03:50:55.451564,99,0,0,0,0,0
2026-08-13T03:50:55.452563,99,0,0,0,0,0
2026-08-13T03:50:55.452563,99,0,0,0,0,0
2026-08-13T03:50:55.456087,102,0,0,0,0,0
2026-08-13T03:50:55.456087,103,0,0,0,0,0
2026-08-13T03:50:55.458089,103,0,0,0,0,0
2026-08-13T03:50:55.458089,103,0,0,0,0,0
2026-08-13T03:50:55.460088,103,0,0,0,0,0
2026-08-13T03:50:55.461089,102,0,0,0,0,0
2026-08-13T03:50:55.461089,102,0,0,0,0,0
2026-08-13T03:50:55.464089,102,0,0,0,0,0
2026-08-13T03:50:55.464601,102,0,0,0,0,0
2026-08-13T03:50:55.465611,102,0,0,0,0,0
2026-08-13T03:50:55.468622,102,0,0,0,0,0
2026-08-13T03:50:55.468622,101,0,0,0,0,0
2026-08-13T03:50:55.469610,101,0,0,0,0,0
2026-08-13T03:50:55.469610,99,0,0,0,0,0
2026-08-13T03:50:55.472609,100,0,0,0,0,0
2026-08-13T03:50:55.472609,100,0,0,0,0,0
2026-08-13T03:50:55.472609,100,0,0,0,0,0
2026-08-13T03:50:55.476133,103,0,0,0,0,0
2026-08-13T03:50:55.477131,103,0,0,0,0,0
2026-08-13T03:50:55.478132,104,0,0,0,0,0
2026-08-13T03:50:55.478132,104,0,0,0,0,0
2026-08-13T03:50:55.480131,104,0,0,0,0,0
2026-08-13T03:50:55.481129,103,0,0,0,0,0
2026-08-13T03:50:55.481129,102,0,0,0,0,0
2026-08-13T03:50:55.484644,104,0,0,0,0,0
2026-08-13T03:50:55.484644,102,0,0,0,0,0
2026-08-13T03:50:55.485643,101,0,0,0,0,0
2026-08-13T03:50:55.485643,102,0,0,0,0,0
2026-08-13T03:50:55.488643,101,0,0,0,0,0
2026-08-13T03:50:55.488643,100,0,0,0,0,0
2026-08-13T03:50:55.489644,99,0,0,0,0,0
2026-08-13T03:50:55.492644,100,0,0,0,0,0
2026-08-13T03:50:55.494157,99,0,0,0,0,0
2026-08-13T03:50:55.494157,101,0,0,0,0,0
2026-08-13T03:50:55.495168,103,0,0,0,0,0
2026-08-13T03:50:55.497183,104,0,0,0,0,0
2026-08-13T03:50:55.498181,104,0,0,0,0,0
2026-08-13T03:50:55.500182,104,0,0,0,0,0
2026-08-13T03:50:55.501185,104,0,0,0,0,0
2026-08-13T03:50:55.502180,103,0,0,0,0,0
2026-08-13T03:50:55.502180,103,0,0,0,0,0
2026-08-13T03:50:55.504701,103,0,0,0,0,0
2026-08-13T03:50:55.505697,102,0,0,0,0,0
2026-08-13T03:50:55.505697,102,0,0,0,0,0
2026-08-13T03:50:55.505697,101,0,0,0,0,0
2026-08-13T03:50:55.508697,101,0,0,0,0,0
2026-08-13T03:50:55.509701,100,0,0,0,0,0
2026-08-13T03:50:55.510700,100,0,0,0,0,0
2026-08-13T03:50:55.513699,100,0,0,0,0,0
2026-08-13T03:50:55.514242,100,0,0,0,0,0
2026-08-13T03:50:55.514242,102,0,0,0,0,0
2026-08-13T03:50:55.514242,103,0,0,0,0,0
2026-08-13T03:50:55.517232,104,0,0,0,0,0
2026-08-13T03:50:55.517232,104,0,0,0,0,0
2026-08-13T03:50:55.518233,104,0,0,0,0,0
2026-08-13T03:50:55.521232,103,0,0,0,0,0
2026-08-13T03:50:55.522233,102,0,0,0,0,0
2026-08-13T03:50:55.522233,102,0,0,0,0,0
2026-08-13T03:50:55.522233,102,0,0,0,0,0
2026-08-13T03:50:55.525794,102,0,0,0,0,0
2026-08-13T03:50:55.525794,102,0,0,0,0,0
2026-08-13T03:50:55.525794,101,0,0,0,0,0
2026-08-13T03:50:55.529789,101,0,0,0,0,0
2026-08-13T03:50:55.529789,100,0,0,0,0,0
2026-08-13T03:50:55.529789,100,0,0,0,0,0
2026-08-13T03:50:55.533788,100,0,0,0,0,0
2026-08-13T03:50:55.533788,100,0,0,0,0,0
2026-08-13T03:50:55.534874,101,0,0,0,0,0
2026-08-13T03:50:55.534874,104,0,0,0,0,0
2026-08-13T03:50:55.537889,104,0,0,0,0,0
2026-08-13T03:50:55.537889,103,0,0,0,0,0
2026-08-13T03:50:55.538889,103,0,0,0,0,0
2026-08-13T03:50:55.541875,103,0,0,0,0,0
2026-08-13T03:50:55.541875,102,0,0,0,0,0
2026-08-13T03:50:55.542874,103,0,0,0,0,0
2026-08-13T03:50:55.542874,104,0,0,0,0,0
2026-08-13T03:50:55.545440,102,0,0,0,0,0
2026-08-13T03:50:55.546871,102,0,0,0,0,0
2026-08-13T03:50:55.546871,102,0,0,0,0,0
2026-08-13T03:50:55.549870,101,0,0,0,0,0
2026-08-13T03:50:55.550855,100,0,0,0,0,0
2026-08-13T03:50:55.550855,100,0,0,0,0,0
2026-08-13T03:50:55.550855,99,0,0,0,0,0
2026-08-13T03:50:55.553870,100,0,0,0,0,0
2026-08-13T03:50:55.554990,102,0,0,0,0,0
2026-08-13T03:50:55.554990,103,0,0,0,0,0
2026-08-13T03:50:55.558095,103,0,0,0,0,0
2026-08-13T03:50:55.559095,104,0,0,0,0,0
2026-08-13T03:50:55.559095,104,0,0,0,0,0
2026-08-13T03:50:55.560093,103,0,0,0,0,0
2026-08-13T03:50:55.562107,102,0,0,0,0,0
2026-08-13T03:50:55.563094,103,0,0,0,0,0
2026-08-13T03:50:55.563094,102,0,0,0,0,0
2026-08-13T03:50:55.566330,102,0,0,0,0,0
2026-08-13T03:50:55.567316,102,0,0,0,0,0
2026-08-13T03:50:55.567316,101,0,0,0,0,0
2026-08-13T03:50:55.570325,100,0,0,0,0,0
2026-08-13T03:50:55.571315,99,0,0,0,0,0
2026-08-13T03:50:55.571315,100,0,0,0,0,0
2026-08-13T03:50:55.572316,100,0,0,0,0,0
2026-08-13T03:50:55.574877,101,0,0,0,0,0
2026-08-13T03:50:55.575876,103,0,0,0,0,0
2026-08-13T03:50:55.575876,103,0,0,0,0,0
2026-08-13T03:50:55.578875,104,0,0,0,0,0
2026-08-13T03:50:55.578875,104,0,0,0,0,0
2026-08-13T03:50:55.579874,104,0,0,0,0,0
2026-08-13T03:50:55.579874,103,0,0,0,0,0
2026-08-13T03:50:55.582887,102,0,0,0,0,0
2026-08-13T03:50:55.583876,104,0,0,0,0,0
2026-08-13T03:50:55.584388,102,0,0,0,0,0
2026-08-13T03:50:55.587401,102,0,0,0,0,0
2026-08-13T03:50:55.587401,101,0,0,0,0,0
2026-08-13T03:50:55.588399,101,0,0,0,0,0
2026-08-13T03:50:55.588399,100,0,0,0,0,0
2026-08-13T03:50:55.591399,100,0,0,0,0,0
2026-08-13T03:50:55.591399,100,0,0,0,0,0
2026-08-13T03:50:55.592401,100,0,0,0,0,0
2026-08-13T03:50:55.594933,101,0,0,0,0,0
2026-08-13T03:50:55.595929,104,0,0,0,0,0
2026-08-13T03:50:55.595929,104,0,0,0,0,0
2026-08-13T03:50:55.599740,104,0,0,0,0,0
2026-08-13T03:50:55.599740,104,0,0,0,0,0
2026-08-13T03:50:55.599740,104,0,0,0,0,0
2026-08-13T03:50:55.600761,102,0,0,0,0,0
2026-08-13T03:50:55.603756,103,0,0,0,0,0
2026-08-13T03:50:55.603756,103,0,0,0,0,0
2026-08-13T03:50:55.604835,101,0,0,0,0,0
2026-08-13T03:50:55.607833,101,0,0,0,0,0
2026-08-13T03:50:55.607833,101,0,0,0,0,0
2026-08-13T03:50:55.608835,100,0,0,0,0,0
2026-08-13T03:50:55.608835,99,0,0,0,0,0
2026-08-13T03:50:55.611845,100,0,0,0,0,0
2026-08-13T03:50:55.611845,100,0,0,0,0,0
2026-08-13T03:50:55.612837,100,0,0,0,0,0
2026-08-13T03:50:55.616026,102,0,0,0,0,0
2026-08-13T03:50:55.616026,103,0,0,0,0,0
2026-08-13T03:50:55.617237,103,0,0,0,0,0
2026-08-13T03:50:55.618244,104,0,0,0,0,0
2026-08-13T03:50:55.620244,104,0,0,0,0,0
2026-08-13T03:50:55.620244,103,0,0,0,0,0
2026-08-13T03:50:55.621259,102,0,0,0,0,0
2026-08-13T03:50:55.623937,102,0,0,0,0,0
2026-08-13T03:50:55.625246,102,0,0,0,0,0
2026-08-13T03:50:55.626244,101,0,0,0,0,0
2026-08-13T03:50:55.626244,101,0,0,0,0,0
2026-08-13T03:50:55.628255,101,0,0,0,0,0
2026-08-13T03:50:55.629242,101,0,0,0,0,0
2026-08-13T03:50:55.629242,100,0,0,0,0,0
2026-08-13T03:50:55.632252,100,0,0,0,0,0
2026-08-13T03:50:55.632252,100,0,0,0,0,0
2026-08-13T03:50:55.633777,101,0,0,0,0,0
2026-08-13T03:50:55.635818,102,0,0,0,0,0
2026-08-13T03:50:55.636798,104,0,0,0,0,0
2026-08-13T03:50:55.637798,104,0,0,0,0,0
2026-08-13T03:50:55.637798,104,0,0,0,0,0
2026-08-13T03:50:55.640796,103,0,0,0,0,0
2026-08-13T03:50:55.642800,103,0,0,0,0,0
2026-08-13T03:50:55.643800,102,0,0,0,0,0
2026-08-13T03:50:55.644312,103,0,0,0,0,0
2026-08-13T03:50:55.644312,103,0,0,0,0,0
2026-08-13T03:50:55.645823,102,0,0,0,0,0
2026-08-13T03:50:55.645823,102,0,0,0,0,0
2026-08-13T03:50:55.648845,101,0,0,0,0,0
2026-08-13T03:50:55.649837,101,0,0,0,0,0
2026-08-13T03:50:55.650850,100,0,0,0,0,0
2026-08-13T03:50:55.652848,101,0,0,0,0,0
2026-08-13T03:50:55.652848,100,0,0,0,0,0
2026-08-13T03:50:55.653835,101,0,0,0,0,0
2026-08-13T03:50:55.653835,103,0,0,0,0,0
2026-08-13T03:50:55.656226,103,0,0,0,0,0
2026-08-13T03:50:55.657209,103,0,0,0,0,0
2026-08-13T03:50:55.658213,103,0,0,0,0,0
2026-08-13T03:50:55.661215,104,0,0,0,0,0
2026-08-13T03:50:55.662234,103,0,0,0,0,0
2026-08-13T03:50:55.663742,102,0,0,0,0,0
2026-08-13T03:50:55.664750,103,0,0,0,0,0
2026-08-13T03:50:55.665750,102,0,0,0,0,0
2026-08-13T03:50:55.665750,102,0,0,0,0,0
2026-08-13T03:50:55.665750,102,0,0,0,0,0
2026-08-13T03:50:55.668767,101,0,0,0,0,0
2026-08-13T03:50:55.669765,101,0,0,0,0,0
2026-08-13T03:50:55.669765,100,0,0,0,0,0
2026-08-13T03:50:55.672764,101,0,0,0,0,0
2026-08-13T03:50:55.673750,100,0,0,0,0,0
2026-08-13T03:50:55.673750,102,0,0,0,0,0
2026-08-13T03:50:55.673750,103,0,0,0,0,0
2026-08-13T03:50:55.676886,104,0,0,0,0,0
2026-08-13T03:50:55.678906,104,0,0,0,0,0
2026-08-13T03:50:55.678906,103,0,0,0,0,0
2026-08-13T03:50:55.680903,104,0,0,0,0,0
2026-08-13T03:50:55.681885,103,0,0,0,0,0
2026-08-13T03:50:55.681885,103,0,0,0,0,0
2026-08-13T03:50:55.681885,104,0,0,0,0,0
2026-08-13T03:50:55.685203,102,0,0,0,0,0
2026-08-13T03:50:55.686198,102,0,0,0,0,0
2026-08-13T03:50:55.686198,101,0,0,0,0,0
2026-08-13T03:50:55.689786,101,0,0,0,0,0
2026-08-13T03:50:55.689786,100,0,0,0,0,0
2026-08-13T03:50:55.690803,100,0,0,0,0,0
2026-08-13T03:50:55.691804,101,0,0,0,0,0
2026-08-13T03:50:55.693820,101,0,0,0,0,0
2026-08-13T03:50:55.693820,102,0,0,0,0,0
2026-08-13T03:50:55.695050,104,0,0,0,0,0
2026-08-13T03:50:55.697065,104,0,0,0,0,0
2026-08-13T03:50:55.698554,104,0,0,0,0,0
2026-08-13T03:50:55.698554,105,0,0,0,0,0
2026-08-13T03:50:55.702054,105,0,0,0,0,0
2026-08-13T03:50:55.702054,103,0,0,0,0,0
2026-08-13T03:50:55.703071,103,0,0,0,0,0
2026-08-13T03:50:55.703071,103,0,0,0,0,0
2026-08-13T03:50:55.705618,102,0,0,0,0,0
2026-08-13T03:50:55.706604,103,0,0,0,0,0
2026-08-13T03:50:55.707605,102,0,0,0,0,0
2026-08-13T03:50:55.709606,101,0,0,0,0,0
2026-08-13T03:50:55.710611,100,0,0,0,0,0
2026-08-13T03:50:55.711607,100,0,0,0,0,0
2026-08-13T03:50:55.712605,102,0,0,0,0,0
2026-08-13T03:50:55.714117,101,0,0,0,0,0
2026-08-13T03:50:55.715171,103,0,0,0,0,0
2026-08-13T03:50:55.716177,104,0,0,0,0,0
2026-08-13T03:50:55.718211,104,0,0,0,0,0
2026-08-13T03:50:55.719189,105,0,0,0,0,0
2026-08-13T03:50:55.719189,105,0,0,0,0,0
2026-08-13T03:50:55.720188,104,0,0,0,0,0
2026-08-13T03:50:55.722199,103,0,0,0,0,0
2026-08-13T03:50:55.722199,103,0,0,0,0,0
2026-08-13T03:50:55.723708,103,0,0,0,0,0
2026-08-13T03:50:55.726737,102,0,0,0,0,0
2026-08-13T03:50:55.726737,103,0,0,0,0,0
2026-08-13T03:50:55.727734,102,0,0,0,0,0
2026-08-13T03:50:55.730748,102,0,0,0,0,0
2026-08-13T03:50:55.730748,101,0,0,0,0,0
2026-08-13T03:50:55.731733,101,0,0,0,0,0
2026-08-13T03:50:55.731733,101,0,0,0,0,0
2026-08-13T03:50:55.734656,101,0,0,0,0,0
2026-08-13T03:50:55.735697,103,0,0,0,0,0
2026-08-13T03:50:55.736664,104,0,0,0,0,0
2026-08-13T03:50:55.738998,105,0,0,0,0,0
2026-08-13T03:50:55.738998,105,0,0,0,0,0
2026-08-13T03:50:55.738998,104,0,0,0,0,0
2026-08-13T03:50:55.740020,104,0,0,0,0,0
2026-08-13T03:50:55.743016,103,0,0,0,0,0
2026-08-13T03:50:55.743016,104,0,0,0,0,0
2026-08-13T03:50:55.744020,103,0,0,0,0,0
2026-08-13T03:50:55.746902,103,0,0,0,0,0
2026-08-13T03:50:55.746902,103,0,0,0,0,0
2026-08-13T03:50:55.747879,102,0,0,0,0,0
2026-08-13T03:50:55.748327,101,0,0,0,0,0
2026-08-13T03:50:55.750848,101,0,0,0,0,0
2026-08-13T03:50:55.751353,101,0,0,0,0,0
2026-08-13T03:50:55.751353,101,0,0,0,0,0
2026-08-13T03:50:55.754431,102,0,0,0,0,0
2026-08-13T03:50:55.755436,103,0,0,0,0,0
2026-08-13T03:50:55.755436,105,0,0,0,0,0
2026-08-13T03:50:55.756442,105,0,0,0,0,0
2026-08-13T03:50:55.759466,104,0,0,0,0,0
2026-08-13T03:50:55.759466,105,0,0,0,0,0
2026-08-13T03:50:55.759466,104,0,0,0,0,0
2026-08-13T03:50:55.763496,103,0,0,0,0,0
2026-08-13T03:50:55.764028,104,0,0,0,0,0
2026-08-13T03:50:55.764028,103,0,0,0,0,0
2026-08-13T03:50:55.767525,104,0,0,0,0,0
2026-08-13T03:50:55.767525,102,0,0,0,0,0
2026-08-13T03:50:55.767525,101,0,0,0,0,0
2026-08-13T03:50:55.768526,101,0,0,0,0,0
2026-08-13T03:50:55.771536,101,0,0,0,0,0
2026-08-13T03:50:55.771536,101,0,0,0,0,0
2026-08-13T03:50:55.772526,101,0,0,0,0,0
2026-08-13T03:50:55.775075,102,0,0,0,0,0
2026-08-13T03:50:55.776073,105,0,0,0,0,0
2026-08-13T03:50:55.777076,104,0,0,0,0,0
2026-08-13T03:50:55.777076,105,0,0,0,0,0
2026-08-13T03:50:55.779076,105,0,0,0,0,0
2026-08-13T03:50:55.780075,104,0,0,0,0,0
2026-08-13T03:50:55.781074,103,0,0,0,0,0
2026-08-13T03:50:55.783992,103,0,0,0,0,0
2026-08-13T03:50:55.783992,104,0,0,0,0,0
2026-08-13T03:50:55.785107,102,0,0,0,0,0
2026-08-13T03:50:55.785107,102,0,0,0,0,0
2026-08-13T03:50:55.788130,102,0,0,0,0,0
2026-08-13T03:50:55.788130,102,0,0,0,0,0
2026-08-13T03:50:55.789118,102,0,0,0,0,0
2026-08-13T03:50:55.792117,101,0,0,0,0,0
2026-08-13T03:50:55.793115,102,0,0,0,0,0
2026-08-13T03:50:55.793115,101,0,0,0,0,0
2026-08-13T03:50:55.794117,103,0,0,0,0,0
2026-08-13T03:50:55.795657,104,0,0,0,0,0
2026-08-13T03:50:55.796635,105,0,0,0,0,0
2026-08-13T03:50:55.796635,105,0,0,0,0,0
2026-08-13T03:50:55.799647,105,0,0,0,0,0
2026-08-13T03:50:55.800634,105,0,0,0,0,0
2026-08-13T03:50:55.800634,104,0,0,0,0,0
2026-08-13T03:50:55.804192,103,0,0,0,0,0
2026-08-13T03:50:55.805191,103,0,0,0,0,0
2026-08-13T03:50:55.805191,103,0,0,0,0,0
2026-08-13T03:50:55.806205,103,0,0,0,0,0
2026-08-13T03:50:55.808202,102,0,0,0,0,0
2026-08-13T03:50:55.809205,102,0,0,0,0,0
2026-08-13T03:50:55.809205,101,0,0,0,0,0
2026-08-13T03:50:55.812231,101,0,0,0,0,0
2026-08-13T03:50:55.812231,102,0,0,0,0,0
2026-08-13T03:50:55.813747,101,0,0,0,0,0
2026-08-13T03:50:55.813747,103,0,0,0,0,0
2026-08-13T03:50:55.816781,103,0,0,0,0,0
2026-08-13T03:50:55.816781,105,0,0,0,0,0
2026-08-13T03:50:55.817807,105,0,0,0,0,0
2026-08-13T03:50:55.820825,105,0,0,0,0,0
2026-08-13T03:50:55.820825,105,0,0,0,0,0
2026-08-13T03:50:55.821827,103,0,0,0,0,0
2026-08-13T03:50:55.821827,104,0,0,0,0,0
2026-08-13T03:50:55.824878,104,0,0,0,0,0
2026-08-13T03:50:55.825877,104,0,0,0,0,0
2026-08-13T03:50:55.825877,104,0,0,0,0,0
2026-08-13T03:50:55.828876,102,0,0,0,0,0
2026-08-13T03:50:55.828876,102,0,0,0,0,0
2026-08-13T03:50:55.829881,101,0,0,0,0,0
2026-08-13T03:50:55.832889,101,0,0,0,0,0
2026-08-13T03:50:55.832889,101,0,0,0,0,0
2026-08-13T03:50:55.833875,101,0,0,0,0,0
2026-08-13T03:50:55.833875,103,0,0,0,0,0
2026-08-13T03:50:55.837120,104,0,0,0,0,0
2026-08-13T03:50:55.837120,105,0,0,0,0,0
2026-08-13T03:50:55.838106,105,0,0,0,0,0
2026-08-13T03:50:55.841105,105,0,0,0,0,0
2026-08-13T03:50:55.841105,104,0,0,0,0,0
2026-08-13T03:50:55.842106,104,0,0,0,0,0
2026-08-13T03:50:55.842106,104,0,0,0,0,0
2026-08-13T03:50:55.845209,103,0,0,0,0,0
2026-08-13T03:50:55.845209,102,0,0,0,0,0
2026-08-13T03:50:55.846237,102,0,0,0,0,0
2026-08-13T03:50:55.849238,102,0,0,0,0,0
2026-08-13T03:50:55.849238,101,0,0,0,0,0
2026-08-13T03:50:55.850239,102,0,0,0,0,0
2026-08-13T03:50:55.850239,101,0,0,0,0,0
2026-08-13T03:50:55.852237,101,0,0,0,0,0
2026-08-13T03:50:55.853744,102,0,0,0,0,0
2026-08-13T03:50:55.853744,104,0,0,0,0,0
2026-08-13T03:50:55.857761,105,0,0,0,0,0
2026-08-13T03:50:55.858764,105,0,0,0,0,0
2026-08-13T03:50:55.858764,104,0,0,0,0,0
2026-08-13T03:50:55.859765,105,0,0,0,0,0
2026-08-13T03:50:55.861779,104,0,0,0,0,0
2026-08-13T03:50:55.861779,103,0,0,0,0,0
2026-08-13T03:50:55.862763,103,0,0,0,0,0
2026-08-13T03:50:55.865295,103,0,0,0,0,0
2026-08-13T03:50:55.866313,103,0,0,0,0,0
2026-08-13T03:50:55.866313,102,0,0,0,0,0
2026-08-13T03:50:55.869308,102,0,0,0,0,0
2026-08-13T03:50:55.870295,101,0,0,0,0,0
2026-08-13T03:50:55.870295,101,0,0,0,0,0
2026-08-13T03:50:55.871294,101,0,0,0,0,0
2026-08-13T03:50:55.873800,101,0,0,0,0,0
2026-08-13T03:50:55.873800,102,0,0,0,0,0
2026-08-13T03:50:55.874808,104,0,0,0,0,0
2026-08-13T03:50:55.877826,104,0,0,0,0,0
2026-08-13T03:50:55.877826,105,0,0,0,0,0
2026-08-13T03:50:55.878807,105,0,0,0,0,0
2026-08-13T03:50:55.878807,104,0,0,0,0,0
2026-08-13T03:50:55.881822,103,0,0,0,0,0
2026-08-13T03:50:55.881822,103,0,0,0,0,0
2026-08-13T03:50:55.882807,103,0,0,0,0,0
2026-08-13T03:50:55.885909,102,0,0,0,0,0
2026-08-13T03:50:55.885909,102,0,0,0,0,0
2026-08-13T03:50:55.886907,102,0,0,0,0,0
2026-08-13T03:50:55.886907,102,0,0,0,0,0
2026-08-13T03:50:55.890041,101,0,0,0,0,0
2026-08-13T03:50:55.891047,101,0,0,0,0,0
2026-08-13T03:50:55.891047,101,0,0,0,0,0
2026-08-13T03:50:55.894047,101,0,0,0,0,0
2026-08-13T03:50:55.894783,103,0,0,0,0,0
2026-08-13T03:50:55.895307,103,0,0,0,0,0
2026-08-13T03:50:55.898663,104,0,0,0,0,0
2026-08-13T03:50:55.898663,105,0,0,0,0,0
2026-08-13T03:50:55.898663,104,0,0,0,0,0
2026-08-13T03:50:55.900009,104,0,0,0,0,0
2026-08-13T03:50:55.902780,104,0,0,0,0,0
2026-08-13T03:50:55.902780,103,0,0,0,0,0
2026-08-13T03:50:55.903805,103,0,0,0,0,0
2026-08-13T03:50:55.906870,102,0,0,0,0,0
2026-08-13T03:50:55.906870,102,0,0,0,0,0
2026-08-13T03:50:55.908054,102,0,0,0,0,0
2026-08-13T03:50:55.909065,102,0,0,0,0,0
2026-08-13T03:50:55.910066,99,0,0,0,0,0
2026-08-13T03:50:55.911063,101,0,0,0,0,0
2026-08-13T03:50:55.911063,101,0,0,0,0,0
2026-08-13T03:50:55.914975,101,0,0,0,0,0
2026-08-13T03:50:55.914975,103,0,0,0,0,0
2026-08-13T03:50:55.915986,103,0,0,0,0,0
2026-08-13T03:50:55.915986,104,0,0,0,0,0
2026-08-13T03:50:55.918440,104,0,0,0,0,0
2026-08-13T03:50:55.919442,104,0,0,0,0,0
2026-08-13T03:50:55.919442,103,0,0,0,0,0
2026-08-13T03:50:55.922455,103,0,0,0,0,0
2026-08-13T03:50:55.923962,103,0,0,0,0,0
2026-08-13T03:50:55.923962,102,0,0,0,0,0
2026-08-13T03:50:55.924970,102,0,0,0,0,0
2026-08-13T03:50:55.927150,102,0,0,0,0,0
2026-08-13T03:50:55.927150,102,0,0,0,0,0
2026-08-13T03:50:55.927150,101,0,0,0,0,0
2026-08-13T03:50:55.931203,100,0,0,0,0,0
2026-08-13T03:50:55.931203,101,0,0,0,0,0
2026-08-13T03:50:55.931203,100,0,0,0,0,0
2026-08-13T03:50:55.934691,101,0,0,0,0,0
2026-08-13T03:50:55.935689,103,0,0,0,0,0
2026-08-13T03:50:55.936696,104,0,0,0,0,0
2026-08-13T03:50:55.936696,104,0,0,0,0,0
2026-08-13T03:50:55.939696,104,0,0,0,0,0
2026-08-13T03:50:55.939696,103,0,0,0,0,0
2026-08-13T03:50:55.940697,103,0,0,0,0,0
2026-08-13T03:50:55.942850,102,0,0,0,0,0
2026-08-13T03:50:55.943957,103,0,0,0,0,0
2026-08-13T03:50:55.944575,102,0,0,0,0,0
2026-08-13T03:50:55.944575,102,0,0,0,0,0
2026-08-13T03:50:55.947083,102,0,0,0,0,0
2026-08-13T03:50:55.948097,101,0,0,0,0,0
2026-08-13T03:50:55.948097,100,0,0,0,0,0
2026-08-13T03:50:55.951091,100,0,0,0,0,0
2026-08-13T03:50:55.952091,101,0,0,0,0,0
2026-08-13T03:50:55.953092,100,0,0,0,0,0
2026-08-13T03:50:55.953092,101,0,0,0,0,0
2026-08-13T03:50:55.955606,103,0,0,0,0,0
2026-08-13T03:50:55.956613,103,0,0,0,0,0
2026-08-13T03:50:55.956613,103,0,0,0,0,0
2026-08-13T03:50:55.959723,103,0,0,0,0,0
2026-08-13T03:50:55.960615,104,0,0,0,0,0
2026-08-13T03:50:55.960615,103,0,0,0,0,0
2026-08-13T03:50:55.964229,102,0,0,0,0,0
2026-08-13T03:50:55.964229,103,0,0,0,0,0
2026-08-13T03:50:55.964229,101,0,0,0,0,0
2026-08-13T03:50:55.965237,102,0,0,0,0,0
2026-08-13T03:50:55.968251,101,0,0,0,0,0
2026-08-13T03:50:55.968251,101,0,0,0,0,0
2026-08-13T03:50:55.968251,100,0,0,0,0,0
2026-08-13T03:50:55.972252,99,0,0,0,0,0
2026-08-13T03:50:55.972252,100,0,0,0,0,0
2026-08-13T03:50:55.972252,100,0,0,0,0,0
2026-08-13T03:50:55.973762,101,0,0,0,0,0
2026-08-13T03:50:55.975821,103,0,0,0,0,0
2026-08-13T03:50:55.976822,103,0,0,0,0,0
2026-08-13T03:50:55.976822,104,0,0,0,0,0
2026-08-13T03:50:55.980599,104,0,0,0,0,0
2026-08-13T03:50:55.980599,104,0,0,0,0,0
2026-08-13T03:50:55.981637,102,0,0,0,0,0
2026-08-13T03:50:55.981637,103,0,0,0,0,0
2026-08-13T03:50:55.984726,102,0,0,0,0,0
2026-08-13T03:50:55.984726,101,0,0,0,0,0
2026-08-13T03:50:55.985727,101,0,0,0,0,0
2026-08-13T03:50:55.988740,101,0,0,0,0,0
2026-08-13T03:50:55.988740,100,0,0,0,0,0
2026-08-13T03:50:55.989727,100,0,0,0,0,0
2026-08-13T03:50:55.989727,100,0,0,0,0,0
2026-08-13T03:50:55.992728,100,0,0,0,0,0
2026-08-13T03:50:55.992728,100,0,0,0,0,0
2026-08-13T03:50:55.993728,102,0,0,0,0,0
2026-08-13T03:50:55.996934,103,0,0,0,0,0
2026-08-13T03:50:55.996934,104,0,0,0,0,0
2026-08-13T03:50:55.996934,104,0,0,0,0,0
2026-08-13T03:50:56.000388,103,0,0,0,0,0
2026-08-13T03:50:56.001445,103,0,0,0,0,0
2026-08-13T03:50:56.001445,102,0,0,0,0,0
2026-08-13T03:50:56.001445,103,0,0,0,0,0
2026-08-13T03:50:56.004988,101,0,0,0,0,0
2026-08-13T03:50:56.004988,101,0,0,0,0,0
2026-08-13T03:50:56.004988,101,0,0,0,0,0
2026-08-13T03:50:56.008990,100,0,0,0,0,0
2026-08-13T03:50:56.008990,100,0,0,0,0,0
2026-08-13T03:50:56.009995,100,0,0,0,0,0
2026-08-13T03:50:56.009995,100,0,0,0,0,0
2026-08-13T03:50:56.013004,100,0,0,0,0,0
2026-08-13T03:50:56.013004,100,0,0,0,0,0
2026-08-13T03:50:56.013989,102,0,0,0,0,0
2026-08-13T03:50:56.017465,103,0,0,0,0,0
2026-08-13T03:50:56.017465,103,0,0,0,0,0
2026-08-13T03:50:56.017465,104,0,0,0,0,0
2026-08-13T03:50:56.018467,103,0,0,0,0,0
2026-08-13T03:50:56.021479,102,0,0,0,0,0
2026-08-13T03:50:56.021479,101,0,0,0,0,0
2026-08-13T03:50:56.022466,102,0,0,0,0,0
2026-08-13T03:50:56.024997,101,0,0,0,0,0
2026-08-13T03:50:56.025995,101,0,0,0,0,0
2026-08-13T03:50:56.025995,101,0,0,0,0,0
2026-08-13T03:50:56.027007,100,0,0,0,0,0
2026-08-13T03:50:56.029882,100,0,0,0,0,0
2026-08-13T03:50:56.029882,99,0,0,0,0,0
2026-08-13T03:50:56.030905,99,0,0,0,0,0
2026-08-13T03:50:56.033845,99,0,0,0,0,0
2026-08-13T03:50:56.033845,99,0,0,0,0,0
2026-08-13T03:50:56.034968,102,0,0,0,0,0
2026-08-13T03:50:56.037124,103,0,0,0,0,0
2026-08-13T03:50:56.038114,103,0,0,0,0,0
2026-08-13T03:50:56.039102,103,0,0,0,0,0
2026-08-13T03:50:56.039102,103,0,0,0,0,0
2026-08-13T03:50:56.041217,102,0,0,0,0,0
2026-08-13T03:50:56.042218,102,0,0,0,0,0
2026-08-13T03:50:56.042218,102,0,0,0,0,0
2026-08-13T03:50:56.045746,101,0,0,0,0,0
2026-08-13T03:50:56.046755,101,0,0,0,0,0
2026-08-13T03:50:56.047273,100,0,0,0,0,0
2026-08-13T03:50:56.047273,100,0,0,0,0,0
2026-08-13T03:50:56.050275,99,0,0,0,0,0
2026-08-13T03:50:56.050275,98,0,0,0,0,0
2026-08-13T03:50:56.051275,99,0,0,0,0,0
2026-08-13T03:50:56.053784,99,0,0,0,0,0
2026-08-13T03:50:56.054794,101,0,0,0,0,0
2026-08-13T03:50:56.054794,102,0,0,0,0,0
2026-08-13T03:50:56.055793,102,0,0,0,0,0
2026-08-13T03:50:56.057800,103,0,0,0,0,0
2026-08-13T03:50:56.058799,103,0,0,0,0,0
2026-08-13T03:50:56.059800,103,0,0,0,0,0
2026-08-13T03:50:56.062576,102,0,0,0,0,0
2026-08-13T03:50:56.062576,101,0,0,0,0,0
2026-08-13T03:50:56.062576,102,0,0,0,0,0
2026-08-13T03:50:56.066670,100,0,0,0,0,0
2026-08-13T03:50:56.066670,100,0,0,0,0,0
2026-08-13T03:50:56.066670,100,0,0,0,0,0
2026-08-13T03:50:56.067671,100,0,0,0,0,0
2026-08-13T03:50:56.070693,99,0,0,0,0,0
2026-08-13T03:50:56.070693,99,0,0,0,0,0
2026-08-13T03:50:56.071674,100,0,0,0,0,0
2026-08-13T03:50:56.074940,100,0,0,0,0,0
2026-08-13T03:50:56.075944,101,0,0,0,0,0
2026-08-13T03:50:56.075944,102,0,0,0,0,0
2026-08-13T03:50:56.076954,102,0,0,0,0,0
2026-08-13T03:50:56.077953,103,0,0,0,0,0
2026-08-13T03:50:56.078951,103,0,0,0,0,0
2026-08-13T03:50:56.078951,103,0,0,0,0,0
2026-08-13T03:50:56.082953,101,0,0,0,0,0
2026-08-13T03:50:56.082953,101,0,0,0,0,0
2026-08-13T03:50:56.083953,101,0,0,0,0,0
2026-08-13T03:50:56.084461,100,0,0,0,0,0
2026-08-13T03:50:56.086479,100,0,0,0,0,0
2026-08-13T03:50:56.087490,99,0,0,0,0,0
2026-08-13T03:50:56.088481,99,0,0,0,0,0
2026-08-13T03:50:56.091479,99,0,0,0,0,0
2026-08-13T03:50:56.092481,99,0,0,0,0,0
2026-08-13T03:50:56.092481,99,0,0,0,0,0
2026-08-13T03:50:56.092481,99,0,0,0,0,0
2026-08-13T03:50:56.095006,101,0,0,0,0,0
2026-08-13T03:50:56.096003,102,0,0,0,0,0
2026-08-13T03:50:56.096003,102,0,0,0,0,0
2026-08-13T03:50:56.099376,103,0,0,0,0,0
2026-08-13T03:50:56.099376,103,0,0,0,0,0
2026-08-13T03:50:56.100426,101,0,0,0,0,0
2026-08-13T03:50:56.103470,101,0,0,0,0,0
2026-08-13T03:50:56.103980,102,0,0,0,0,0
2026-08-13T03:50:56.103980,101,0,0,0,0,0
2026-08-13T03:50:56.104989,100,0,0,0,0,0
2026-08-13T03:50:56.107003,100,0,0,0,0,0
2026-08-13T03:50:56.107994,100,0,0,0,0,0
2026-08-13T03:50:56.109993,99,0,0,0,0,0
2026-08-13T03:50:56.111655,98,0,0,0,0,0
2026-08-13T03:50:56.111655,99,0,0,0,0,0
2026-08-13T03:50:56.112686,99,0,0,0,0,0
2026-08-13T03:50:56.112686,99,0,0,0,0,0
2026-08-13T03:50:56.115893,101,0,0,0,0,0
2026-08-13T03:50:56.115893,102,0,0,0,0,0
2026-08-13T03:50:56.116909,103,0,0,0,0,0
2026-08-13T03:50:56.119895,102,0,0,0,0,0
2026-08-13T03:50:56.119895,102,0,0,0,0,0
2026-08-13T03:50:56.120910,102,0,0,0,0,0
2026-08-13T03:50:56.120910,101,0,0,0,0,0
2026-08-13T03:50:56.123909,102,0,0,0,0,0
2026-08-13T03:50:56.124419,101,0,0,0,0,0
2026-08-13T03:50:56.125431,100,0,0,0,0,0
2026-08-13T03:50:56.127442,100,0,0,0,0,0
2026-08-13T03:50:56.128442,99,0,0,0,0,0
2026-08-13T03:50:56.129439,100,0,0,0,0,0
2026-08-13T03:50:56.131440,98,0,0,0,0,0
2026-08-13T03:50:56.132440,99,0,0,0,0,0
2026-08-13T03:50:56.133955,99,0,0,0,0,0
2026-08-13T03:50:56.133955,100,0,0,0,0,0
2026-08-13T03:50:56.135985,102,0,0,0,0,0
2026-08-13T03:50:56.136980,102,0,0,0,0,0
2026-08-13T03:50:56.136980,102,0,0,0,0,0
2026-08-13T03:50:56.139967,103,0,0,0,0,0
2026-08-13T03:50:56.140969,102,0,0,0,0,0
2026-08-13T03:50:56.141967,101,0,0,0,0,0
2026-08-13T03:50:56.141967,101,0,0,0,0,0
2026-08-13T03:50:56.143967,102,0,0,0,0,0
2026-08-13T03:50:56.143967,100,0,0,0,0,0
2026-08-13T03:50:56.145229,100,0,0,0,0,0
2026-08-13T03:50:56.147762,99,0,0,0,0,0
2026-08-13T03:50:56.148747,100,0,0,0,0,0
2026-08-13T03:50:56.149748,100,0,0,0,0,0
2026-08-13T03:50:56.149748,99,0,0,0,0,0
2026-08-13T03:50:56.152628,99,0,0,0,0,0
2026-08-13T03:50:56.152628,99,0,0,0,0,0
2026-08-13T03:50:56.152628,101,0,0,0,0,0
2026-08-13T03:50:56.156696,102,0,0,0,0,0
2026-08-13T03:50:56.157015,102,0,0,0,0,0
2026-08-13T03:50:56.158008,102,0,0,0,0,0
2026-08-13T03:50:56.159006,103,0,0,0,0,0
2026-08-13T03:50:56.161007,102,0,0,0,0,0
2026-08-13T03:50:56.161007,101,0,0,0,0,0
2026-08-13T03:50:56.162007,101,0,0,0,0,0
2026-08-13T03:50:56.164570,101,0,0,0,0,0
2026-08-13T03:50:56.165566,100,0,0,0,0,0
2026-08-13T03:50:56.175347,100,0,0,0,0,0
2026-08-13T03:50:56.177356,100,0,0,0,0,0
2026-08-13T03:50:56.177356,100,0,0,0,0,0
2026-08-13T03:50:56.178356,99,0,0,0,0,0
2026-08-13T03:50:56.178356,99,0,0,0,0,0
2026-08-13T03:50:56.178356,100,0,0,0,0,0
2026-08-13T03:50:56.179357,99,0,0,0,0,0
2026-08-13T03:50:56.179357,100,0,0,0,0,0
2026-08-13T03:50:56.179357,101,0,0,0,0,0
2026-08-13T03:50:56.180356,102,0,0,0,0,0
2026-08-13T03:50:56.180356,103,0,0,0,0,0
2026-08-13T03:50:56.180356,102,0,0,0,0,0
2026-08-13T03:50:56.181355,102,0,0,0,0,0
2026-08-13T03:50:56.181355,101,0,0,0,0,0
2026-08-13T03:50:56.182357,101,0,0,0,0,0
2026-08-13T03:50:56.184912,102,0,0,0,0,0
2026-08-13T03:50:56.185912,100,0,0,0,0,0
2026-08-13T03:50:56.185912,100,0,0,0,0,0
2026-08-13T03:50:56.186915,99,0,0,0,0,0
2026-08-13T03:50:56.188915,99,0,0,0,0,0
2026-08-13T03:50:56.189915,98,0,0,0,0,0
2026-08-13T03:50:56.189915,99,0,0,0,0,0
2026-08-13T03:50:56.192926,98,0,0,0,0,0
2026-08-13T03:50:56.193911,99,0,0,0,0,0
2026-08-13T03:50:56.194418,101,0,0,0,0,0
2026-08-13T03:50:56.197426,102,0,0,0,0,0
2026-08-13T03:50:56.197426,102,0,0,0,0,0
2026-08-13T03:50:56.198427,102,0,0,0,0,0
2026-08-13T03:50:56.198427,103,0,0,0,0,0
2026-08-13T03:50:56.201787,102,0,0,0,0,0
2026-08-13T03:50:56.201787,101,0,0,0,0,0
2026-08-13T03:50:56.201787,101,0,0,0,0,0
2026-08-13T03:50:56.205833,101,0,0,0,0,0
2026-08-13T03:50:56.205833,100,0,0,0,0,0
2026-08-13T03:50:56.205833,100,0,0,0,0,0
2026-08-13T03:50:56.206855,99,0,0,0,0,0
2026-08-13T03:50:56.209840,99,0,0,0,0,0
2026-08-13T03:50:56.209840,98,0,0,0,0,0
2026-08-13T03:50:56.210844,99,0,0,0,0,0
2026-08-13T03:50:56.213840,98,0,0,0,0,0
2026-08-13T03:50:56.214344,99,0,0,0,0,0
2026-08-13T03:50:56.214344,102,0,0,0,0,0
2026-08-13T03:50:56.214344,101,0,0,0,0,0
2026-08-13T03:50:56.217356,102,0,0,0,0,0
2026-08-13T03:50:56.218354,102,0,0,0,0,0
2026-08-13T03:50:56.218354,102,0,0,0,0,0
2026-08-13T03:50:56.222355,101,0,0,0,0,0
2026-08-13T03:50:56.222355,100,0,0,0,0,0
2026-08-13T03:50:56.222355,101,0,0,0,0,0
2026-08-13T03:50:56.222355,100,0,0,0,0,0
2026-08-13T03:50:56.225891,100,0,0,0,0,0
2026-08-13T03:50:56.226892,99,0,0,0,0,0
2026-08-13T03:50:56.226892,98,0,0,0,0,0
2026-08-13T03:50:56.230438,98,0,0,0,0,0
2026-08-13T03:50:56.230438,98,0,0,0,0,0
2026-08-13T03:50:56.230438,98,0,0,0,0,0
2026-08-13T03:50:56.234544,98,0,0,0,0,0
2026-08-13T03:50:56.234544,99,0,0,0,0,0
2026-08-13T03:50:56.235760,101,0,0,0,0,0
2026-08-13T03:50:56.235760,101,0,0,0,0,0
2026-08-13T03:50:56.238712,102,0,0,0,0,0
2026-08-13T03:50:56.238712,102,0,0,0,0,0
2026-08-13T03:50:56.239739,101,0,0,0,0,0
2026-08-13T03:50:56.242731,101,0,0,0,0,0
2026-08-13T03:50:56.242731,100,0,0,0,0,0
2026-08-13T03:50:56.244243,101,0,0,0,0,0
2026-08-13T03:50:56.244243,99,0,0,0,0,0
2026-08-13T03:50:56.246773,99,0,0,0,0,0
2026-08-13T03:50:56.246773,99,0,0,0,0,0
2026-08-13T03:50:56.247788,99,0,0,0,0,0
2026-08-13T03:50:56.250784,98,0,0,0,0,0
2026-08-13T03:50:56.250784,98,0,0,0,0,0
2026-08-13T03:50:56.251783,98,0,0,0,0,0
2026-08-13T03:50:56.251783,98,0,0,0,0,0
2026-08-13T03:50:56.254290,100,0,0,0,0,0
2026-08-13T03:50:56.255297,101,0,0,0,0,0
2026-08-13T03:50:56.255297,101,0,0,0,0,0
2026-08-13T03:50:56.258325,102,0,0,0,0,0
2026-08-13T03:50:56.259303,101,0,0,0,0,0
2026-08-13T03:50:56.259303,101,0,0,0,0,0
2026-08-13T03:50:56.260346,101,0,0,0,0,0
2026-08-13T03:50:56.263214,100,0,0,0,0,0
2026-08-13T03:50:56.263748,100,0,0,0,0,0
2026-08-13T03:50:56.263748,100,0,0,0,0,0
2026-08-13T03:50:56.267318,100,0,0,0,0,0
2026-08-13T03:50:56.267318,99,0,0,0,0,0
2026-08-13T03:50:56.268352,99,0,0,0,0,0
2026-08-13T03:50:56.271483,98,0,0,0,0,0
2026-08-13T03:50:56.271483,98,0,0,0,0,0
2026-08-13T03:50:56.272507,98,0,0,0,0,0
2026-08-13T03:50:56.272507,98,0,0,0,0,0
2026-08-13T03:50:56.275103,100,0,0,0,0,0
2026-08-13T03:50:56.275611,101,0,0,0,0,0
2026-08-13T03:50:56.276620,101,0,0,0,0,0
2026-08-13T03:50:56.279661,102,0,0,0,0,0
2026-08-13T03:50:56.279661,101,0,0,0,0,0
2026-08-13T03:50:56.280679,101,0,0,0,0,0
2026-08-13T03:50:56.280679,100,0,0,0,0,0
2026-08-13T03:50:56.283757,101,0,0,0,0,0
2026-08-13T03:50:56.283757,101,0,0,0,0,0
2026-08-13T03:50:56.284774,99,0,0,0,0,0
2026-08-13T03:50:56.287782,100,0,0,0,0,0
2026-08-13T03:50:56.287782,99,0,0,0,0,0
2026-08-13T03:50:56.288776,98,0,0,0,0,0
2026-08-13T03:50:56.289776,99,0,0,0,0,0
2026-08-13T03:50:56.291844,98,0,0,0,0,0
2026-08-13T03:50:56.291844,97,0,0,0,0,0
2026-08-13T03:50:56.292818,99,0,0,0,0,0
2026-08-13T03:50:56.295375,101,0,0,0,0,0
2026-08-13T03:50:56.296383,101,0,0,0,0,0
2026-08-13T03:50:56.296383,102,0,0,0,0,0
2026-08-13T03:50:56.299396,102,0,0,0,0,0
2026-08-13T03:50:56.300386,101,0,0,0,0,0
2026-08-13T03:50:56.301388,101,0,0,0,0,0
2026-08-13T03:50:56.301388,100,0,0,0,0,0
2026-08-13T03:50:56.303916,102,0,0,0,0,0
2026-08-13T03:50:56.303916,100,0,0,0,0,0
2026-08-13T03:50:56.304940,99,0,0,0,0,0
2026-08-13T03:50:56.307951,100,0,0,0,0,0
2026-08-13T03:50:56.308950,98,0,0,0,0,0
2026-08-13T03:50:56.308950,98,0,0,0,0,0
2026-08-13T03:50:56.309949,97,0,0,0,0,0
2026-08-13T03:50:56.311969,99,0,0,0,0,0
2026-08-13T03:50:56.312947,98,0,0,0,0,0
2026-08-13T03:50:56.312947,99,0,0,0,0,0
2026-08-13T03:50:56.316476,101,0,0,0,0,0
2026-08-13T03:50:56.316476,102,0,0,0,0,0
2026-08-13T03:50:56.317521,101,0,0,0,0,0
2026-08-13T03:50:56.318498,102,0,0,0,0,0
2026-08-13T03:50:56.320508,102,0,0,0,0,0
2026-08-13T03:50:56.320508,101,0,0,0,0,0
2026-08-13T03:50:56.321514,100,0,0,0,0,0
2026-08-13T03:50:56.324023,101,0,0,0,0,0
2026-08-13T03:50:56.325039,99,0,0,0,0,0
2026-08-13T03:50:56.326038,98,0,0,0,0,0
2026-08-13T03:50:56.327049,99,0,0,0,0,0
2026-08-13T03:50:56.328036,99,0,0,0,0,0
2026-08-13T03:50:56.329036,98,0,0,0,0,0
2026-08-13T03:50:56.330038,98,0,0,0,0,0
2026-08-13T03:50:56.332050,98,0,0,0,0,0
2026-08-13T03:50:56.333035,98,0,0,0,0,0
2026-08-13T03:50:56.334035,100,0,0,0,0,0
2026-08-13T03:50:56.336227,101,0,0,0,0,0
2026-08-13T03:50:56.337214,101,0,0,0,0,0
2026-08-13T03:50:56.337214,102,0,0,0,0,0
2026-08-13T03:50:56.338214,102,0,0,0,0,0
2026-08-13T03:50:56.340227,102,0,0,0,0,0
2026-08-13T03:50:56.341214,99,0,0,0,0,0
2026-08-13T03:50:56.341214,101,0,0,0,0,0
2026-08-13T03:50:56.344756,101,0,0,0,0,0
2026-08-13T03:50:56.344756,100,0,0,0,0,0
2026-08-13T03:50:56.345755,99,0,0,0,0,0
2026-08-13T03:50:56.345755,99,0,0,0,0,0
2026-08-13T03:50:56.349213,99,0,0,0,0,0
2026-08-13T03:50:56.349213,98,0,0,0,0,0
2026-08-13T03:50:56.349213,98,0,0,0,0,0
2026-08-13T03:50:56.352760,98,0,0,0,0,0
2026-08-13T03:50:56.353786,98,0,0,0,0,0
2026-08-13T03:50:56.353786,100,0,0,0,0,0
2026-08-13T03:50:56.354800,101,0,0,0,0,0
2026-08-13T03:50:56.356812,101,0,0,0,0,0
2026-08-13T03:50:56.357799,101,0,0,0,0,0
2026-08-13T03:50:56.358798,102,0,0,0,0,0
2026-08-13T03:50:56.360810,101,0,0,0,0,0
2026-08-13T03:50:56.361798,100,0,0,0,0,0
2026-08-13T03:50:56.362802,101,0,0,0,0,0
2026-08-13T03:50:56.364928,100,0,0,0,0,0
2026-08-13T03:50:56.365915,100,0,0,0,0,0
2026-08-13T03:50:56.366916,100,0,0,0,0,0
2026-08-13T03:50:56.366916,100,0,0,0,0,0
2026-08-13T03:50:56.368984,98,0,0,0,0,0
2026-08-13T03:50:56.370001,98,0,0,0,0,0
2026-08-13T03:50:56.371001,98,0,0,0,0,0
2026-08-13T03:50:56.373813,98,0,0,0,0,0
2026-08-13T03:50:56.374855,98,0,0,0,0,0
2026-08-13T03:50:56.375854,100,0,0,0,0,0
2026-08-13T03:50:56.375854,100,0,0,0,0,0
2026-08-13T03:50:56.377853,103,0,0,0,0,0
2026-08-13T03:50:56.377853,102,0,0,0,0,0
2026-08-13T03:50:56.378853,102,0,0,0,0,0
2026-08-13T03:50:56.381851,101,0,0,0,0,0
2026-08-13T03:50:56.381851,101,0,0,0,0,0
2026-08-13T03:50:56.382851,102,0,0,0,0,0
2026-08-13T03:50:56.383852,100,0,0,0,0,0
2026-08-13T03:50:56.385381,100,0,0,0,0,0
2026-08-13T03:50:56.386372,100,0,0,0,0,0
2026-08-13T03:50:56.387379,98,0,0,0,0,0
2026-08-13T03:50:56.389386,97,0,0,0,0,0
2026-08-13T03:50:56.390371,97,0,0,0,0,0
2026-08-13T03:50:56.391372,97,0,0,0,0,0
2026-08-13T03:50:56.392374,98,0,0,0,0,0
2026-08-13T03:50:56.393887,99,0,0,0,0,0
2026-08-13T03:50:56.394897,101,0,0,0,0,0
2026-08-13T03:50:56.394897,101,0,0,0,0,0
2026-08-13T03:50:56.398405,102,0,0,0,0,0
2026-08-13T03:50:56.398405,101,0,0,0,0,0
2026-08-13T03:50:56.398405,102,0,0,0,0,0
2026-08-13T03:50:56.402492,101,0,0,0,0,0
2026-08-13T03:50:56.402492,100,0,0,0,0,0
2026-08-13T03:50:56.402492,102,0,0,0,0,0
2026-08-13T03:50:56.404018,100,0,0,0,0,0
2026-08-13T03:50:56.406563,99,0,0,0,0,0
2026-08-13T03:50:56.406563,100,0,0,0,0,0
2026-08-13T03:50:56.407580,98,0,0,0,0,0
2026-08-13T03:50:56.410579,98,0,0,0,0,0
2026-08-13T03:50:56.410579,97,0,0,0,0,0
2026-08-13T03:50:56.411586,98,0,0,0,0,0
2026-08-13T03:50:56.411586,98,0,0,0,0,0
2026-08-13T03:50:56.414116,100,0,0,0,0,0
2026-08-13T03:50:56.415136,101,0,0,0,0,0
2026-08-13T03:50:56.415136,102,0,0,0,0,0
2026-08-13T03:50:56.418177,102,0,0,0,0,0
2026-08-13T03:50:56.419143,102,0,0,0,0,0
2026-08-13T03:50:56.419143,102,0,0,0,0,0
2026-08-13T03:50:56.420143,101,0,0,0,0,0
2026-08-13T03:50:56.422158,101,0,0,0,0,0
2026-08-13T03:50:56.422158,101,0,0,0,0,0
2026-08-13T03:50:56.423665,99,0,0,0,0,0
2026-08-13T03:50:56.427148,99,0,0,0,0,0
2026-08-13T03:50:56.427148,100,0,0,0,0,0
2026-08-13T03:50:56.427148,99,0,0,0,0,0
2026-08-13T03:50:56.431140,98,0,0,0,0,0
2026-08-13T03:50:56.431140,98,0,0,0,0,0
2026-08-13T03:50:56.431140,99,0,0,0,0,0
2026-08-13T03:50:56.432156,98,0,0,0,0,0
2026-08-13T03:50:56.434698,100,0,0,0,0,0
2026-08-13T03:50:56.435690,101,0,0,0,0,0
2026-08-13T03:50:56.435690,102,0,0,0,0,0
2026-08-13T03:50:56.438688,102,0,0,0,0,0
2026-08-13T03:50:56.439679,103,0,0,0,0,0
2026-08-13T03:50:56.439679,102,0,0,0,0,0
2026-08-13T03:50:56.440677,100,0,0,0,0,0
2026-08-13T03:50:56.442690,101,0,0,0,0,0
2026-08-13T03:50:56.443675,101,0,0,0,0,0
2026-08-13T03:50:56.443675,100,0,0,0,0,0
2026-08-13T03:50:56.446817,100,0,0,0,0,0
2026-08-13T03:50:56.447803,99,0,0,0,0,0
2026-08-13T03:50:56.447803,100,0,0,0,0,0
2026-08-13T03:50:56.447803,98,0,0,0,0,0
2026-08-13T03:50:56.451628,99,0,0,0,0,0
2026-08-13T03:50:56.451628,99,0,0,0,0,0
2026-08-13T03:50:56.452636,99,0,0,0,0,0
2026-08-13T03:50:56.455712,101,0,0,0,0,0
2026-08-13T03:50:56.455712,102,0,0,0,0,0
2026-08-13T03:50:56.456727,102,0,0,0,0,0
2026-08-13T03:50:56.456727,103,0,0,0,0,0
2026-08-13T03:50:56.459740,103,0,0,0,0,0
2026-08-13T03:50:56.459740,102,0,0,0,0,0
2026-08-13T03:50:56.460731,101,0,0,0,0,0
2026-08-13T03:50:56.463744,102,0,0,0,0,0
2026-08-13T03:50:56.463744,102,0,0,0,0,0
2026-08-13T03:50:56.464913,100,0,0,0,0,0
2026-08-13T03:50:56.467914,101,0,0,0,0,0
2026-08-13T03:50:56.467914,99,0,0,0,0,0
2026-08-13T03:50:56.468913,100,0,0,0,0,0
2026-08-13T03:50:56.468913,99,0,0,0,0,0
2026-08-13T03:50:56.471913,99,0,0,0,0,0
2026-08-13T03:50:56.471913,99,0,0,0,0,0
2026-08-13T03:50:56.472914,99,0,0,0,0,0
2026-08-13T03:50:56.475434,102,0,0,0,0,0
2026-08-13T03:50:56.476610,102,0,0,0,0,0
2026-08-13T03:50:56.476610,103,0,0,0,0,0
2026-08-13T03:50:56.477826,103,0,0,0,0,0
2026-08-13T03:50:56.480278,103,0,0,0,0,0
2026-08-13T03:50:56.480278,103,0,0,0,0,0
2026-08-13T03:50:56.481287,102,0,0,0,0,0
2026-08-13T03:50:56.483796,102,0,0,0,0,0
2026-08-13T03:50:56.484805,101,0,0,0,0,0
2026-08-13T03:50:56.484805,100,0,0,0,0,0
2026-08-13T03:50:56.485813,101,0,0,0,0,0
2026-08-13T03:50:56.487811,100,0,0,0,0,0
2026-08-13T03:50:56.488806,99,0,0,0,0,0
2026-08-13T03:50:56.488806,99,0,0,0,0,0
2026-08-13T03:50:56.491815,99,0,0,0,0,0
2026-08-13T03:50:56.492956,99,0,0,0,0,0
2026-08-13T03:50:56.492956,100,0,0,0,0,0
2026-08-13T03:50:56.493964,101,0,0,0,0,0
2026-08-13T03:50:56.495973,102,0,0,0,0,0
2026-08-13T03:50:56.496980,103,0,0,0,0,0
2026-08-13T03:50:56.496980,102,0,0,0,0,0
2026-08-13T03:50:56.500018,103,0,0,0,0,0
2026-08-13T03:50:56.500980,102,0,0,0,0,0
2026-08-13T03:50:56.500980,101,0,0,0,0,0
2026-08-13T03:50:56.504544,102,0,0,0,0,0
2026-08-13T03:50:56.504544,100,0,0,0,0,0
2026-08-13T03:50:56.505537,101,0,0,0,0,0
2026-08-13T03:50:56.505537,99,0,0,0,0,0
2026-08-13T03:50:56.508537,99,0,0,0,0,0
2026-08-13T03:50:56.509536,99,0,0,0,0,0
2026-08-13T03:50:56.509536,99,0,0,0,0,0
2026-08-13T03:50:56.512675,100,0,0,0,0,0
2026-08-13T03:50:56.512675,99,0,0,0,0,0
2026-08-13T03:50:56.513679,100,0,0,0,0,0
2026-08-13T03:50:56.513679,102,0,0,0,0,0
2026-08-13T03:50:56.516757,103,0,0,0,0,0
2026-08-13T03:50:56.516757,103,0,0,0,0,0
2026-08-13T03:50:56.517765,103,0,0,0,0,0
2026-08-13T03:50:56.520785,102,0,0,0,0,0
2026-08-13T03:50:56.520785,101,0,0,0,0,0
2026-08-13T03:50:56.523887,102,0,0,0,0,0
2026-08-13T03:50:56.524957,102,0,0,0,0,0
2026-08-13T03:50:56.524957,100,0,0,0,0,0
2026-08-13T03:50:56.524957,101,0,0,0,0,0
2026-08-13T03:50:56.524957,100,0,0,0,0,0
2026-08-13T03:50:56.528987,100,0,0,0,0,0
2026-08-13T03:50:56.528987,99,0,0,0,0,0
2026-08-13T03:50:56.529973,100,0,0,0,0,0
2026-08-13T03:50:56.533621,100,0,0,0,0,0
2026-08-13T03:50:56.533621,99,0,0,0,0,0
2026-08-13T03:50:56.534132,101,0,0,0,0,0
2026-08-13T03:50:56.534132,102,0,0,0,0,0
2026-08-13T03:50:56.536971,103,0,0,0,0,0
2026-08-13T03:50:56.537948,103,0,0,0,0,0
2026-08-13T03:50:56.538947,103,0,0,0,0,0
2026-08-13T03:50:56.540943,102,0,0,0,0,0
2026-08-13T03:50:56.541946,102,0,0,0,0,0
2026-08-13T03:50:56.542943,102,0,0,0,0,0
2026-08-13T03:50:56.542943,101,0,0,0,0,0
2026-08-13T03:50:56.545459,101,0,0,0,0,0
2026-08-13T03:50:56.545459,101,0,0,0,0,0
2026-08-13T03:50:56.546457,100,0,0,0,0,0
2026-08-13T03:50:56.550007,100,0,0,0,0,0
2026-08-13T03:50:56.550007,98,0,0,0,0,0
2026-08-13T03:50:56.551010,100,0,0,0,0,0
2026-08-13T03:50:56.551010,99,0,0,0,0,0
2026-08-13T03:50:56.554029,99,0,0,0,0,0
2026-08-13T03:50:56.554029,101,0,0,0,0,0
2026-08-13T03:50:56.554540,102,0,0,0,0,0
2026-08-13T03:50:56.557546,102,0,0,0,0,0
2026-08-13T03:50:56.558546,103,0,0,0,0,0
2026-08-13T03:50:56.558546,102,0,0,0,0,0
2026-08-13T03:50:56.558546,102,0,0,0,0,0
2026-08-13T03:50:56.561546,102,0,0,0,0,0
2026-08-13T03:50:56.562546,102,0,0,0,0,0
2026-08-13T03:50:56.562546,101,0,0,0,0,0
2026-08-13T03:50:56.566316,101,0,0,0,0,0
2026-08-13T03:50:56.566316,101,0,0,0,0,0
2026-08-13T03:50:56.566316,99,0,0,0,0,0
2026-08-13T03:50:56.570344,99,0,0,0,0,0
2026-08-13T03:50:56.570344,99,0,0,0,0,0
2026-08-13T03:50:56.571328,99,0,0,0,0,0
2026-08-13T03:50:56.571328,98,0,0,0,0,0
2026-08-13T03:50:56.573849,99,0,0,0,0,0
2026-08-13T03:50:56.574866,102,0,0,0,0,0
2026-08-13T03:50:56.575864,102,0,0,0,0,0
2026-08-13T03:50:56.577864,103,0,0,0,0,0
2026-08-13T03:50:56.578864,103,0,0,0,0,0
2026-08-13T03:50:56.578864,103,0,0,0,0,0
2026-08-13T03:50:56.579863,102,0,0,0,0,0
2026-08-13T03:50:56.581878,101,0,0,0,0,0
2026-08-13T03:50:56.582862,102,0,0,0,0,0
2026-08-13T03:50:56.582862,101,0,0,0,0,0
2026-08-13T03:50:56.586391,101,0,0,0,0,0
2026-08-13T03:50:56.586391,100,0,0,0,0,0
2026-08-13T03:50:56.587396,100,0,0,0,0,0
2026-08-13T03:50:56.587396,100,0,0,0,0,0
2026-08-13T03:50:56.590376,99,0,0,0,0,0
2026-08-13T03:50:56.590376,99,0,0,0,0,0
2026-08-13T03:50:56.591379,100,0,0,0,0,0
2026-08-13T03:50:56.594630,100,0,0,0,0,0
2026-08-13T03:50:56.594630,102,0,0,0,0,0
2026-08-13T03:50:56.594630,104,0,0,0,0,0
2026-08-13T03:50:56.599000,103,0,0,0,0,0
2026-08-13T03:50:56.599000,103,0,0,0,0,0
2026-08-13T03:50:56.600018,103,0,0,0,0,0
2026-08-13T03:50:56.600018,102,0,0,0,0,0
2026-08-13T03:50:56.603017,102,0,0,0,0,0
2026-08-13T03:50:56.603017,102,0,0,0,0,0
2026-08-13T03:50:56.604016,101,0,0,0,0,0
2026-08-13T03:50:56.607279,101,0,0,0,0,0
2026-08-13T03:50:56.607279,100,0,0,0,0,0
2026-08-13T03:50:56.608328,99,0,0,0,0,0
2026-08-13T03:50:56.609311,99,0,0,0,0,0
2026-08-13T03:50:56.611365,99,0,0,0,0,0
2026-08-13T03:50:56.611365,100,0,0,0,0,0
2026-08-13T03:50:56.612383,100,0,0,0,0,0
2026-08-13T03:50:56.614899,100,0,0,0,0,0
2026-08-13T03:50:56.615900,102,0,0,0,0,0
2026-08-13T03:50:56.615900,102,0,0,0,0,0
2026-08-13T03:50:56.616913,103,0,0,0,0,0
2026-08-13T03:50:56.619567,103,0,0,0,0,0
2026-08-13T03:50:56.619567,102,0,0,0,0,0
2026-08-13T03:50:56.620582,102,0,0,0,0,0
2026-08-13T03:50:56.623030,102,0,0,0,0,0
2026-08-13T03:50:56.624522,102,0,0,0,0,0
2026-08-13T03:50:56.625536,100,0,0,0,0,0
2026-08-13T03:50:56.625536,101,0,0,0,0,0
2026-08-13T03:50:56.627548,100,0,0,0,0,0
2026-08-13T03:50:56.628550,100,0,0,0,0,0
2026-08-13T03:50:56.628550,99,0,0,0,0,0
2026-08-13T03:50:56.630549,99,0,0,0,0,0
2026-08-13T03:50:56.632021,99,0,0,0,0,0
2026-08-13T03:50:56.633035,99,0,0,0,0,0
2026-08-13T03:50:56.635556,101,0,0,0,0,0
2026-08-13T03:50:56.635556,102,0,0,0,0,0
2026-08-13T03:50:56.636565,103,0,0,0,0,0
2026-08-13T03:50:56.636565,103,0,0,0,0,0
2026-08-13T03:50:56.639563,103,0,0,0,0,0
2026-08-13T03:50:56.639563,102,0,0,0,0,0
2026-08-13T03:50:56.641066,102,0,0,0,0,0
2026-08-13T03:50:56.643976,103,0,0,0,0,0
2026-08-13T03:50:56.643976,102,0,0,0,0,0
2026-08-13T03:50:56.643976,101,0,0,0,0,0
2026-08-13T03:50:56.644984,101,0,0,0,0,0
2026-08-13T03:50:56.648047,100,0,0,0,0,0
2026-08-13T03:50:56.648047,99,0,0,0,0,0
2026-08-13T03:50:56.648047,99,0,0,0,0,0
2026-08-13T03:50:56.651575,99,0,0,0,0,0
2026-08-13T03:50:56.652560,99,0,0,0,0,0
2026-08-13T03:50:56.652560,100,0,0,0,0,0
2026-08-13T03:50:56.652560,102,0,0,0,0,0
2026-08-13T03:50:56.656089,102,0,0,0,0,0
2026-08-13T03:50:56.656089,102,0,0,0,0,0
2026-08-13T03:50:56.657079,103,0,0,0,0,0
2026-08-13T03:50:56.660076,104,0,0,0,0,0
2026-08-13T03:50:56.660076,103,0,0,0,0,0
2026-08-13T03:50:56.661074,103,0,0,0,0,0
2026-08-13T03:50:56.664580,102,0,0,0,0,0
2026-08-13T03:50:56.664580,101,0,0,0,0,0
2026-08-13T03:50:56.665586,101,0,0,0,0,0
2026-08-13T03:50:56.665586,101,0,0,0,0,0
2026-08-13T03:50:56.668591,100,0,0,0,0,0
2026-08-13T03:50:56.668591,99,0,0,0,0,0
2026-08-13T03:50:56.668591,99,0,0,0,0,0
2026-08-13T03:50:56.672815,100,0,0,0,0,0
2026-08-13T03:50:56.672815,99,0,0,0,0,0
2026-08-13T03:50:56.672815,101,0,0,0,0,0
2026-08-13T03:50:56.673825,102,0,0,0,0,0
2026-08-13T03:50:56.676888,103,0,0,0,0,0
2026-08-13T03:50:56.676888,104,0,0,0,0,0
2026-08-13T03:50:56.676888,104,0,0,0,0,0
2026-08-13T03:50:56.680877,104,0,0,0,0,0
2026-08-13T03:50:56.680877,102,0,0,0,0,0
2026-08-13T03:50:56.680877,102,0,0,0,0,0
2026-08-13T03:50:56.681866,102,0,0,0,0,0
2026-08-13T03:50:56.684422,101,0,0,0,0,0
2026-08-13T03:50:56.685416,101,0,0,0,0,0
2026-08-13T03:50:56.685416,100,0,0,0,0,0
2026-08-13T03:50:56.688429,100,0,0,0,0,0
2026-08-13T03:50:56.689415,99,0,0,0,0,0
2026-08-13T03:50:56.690420,98,0,0,0,0,0
2026-08-13T03:50:56.690420,100,0,0,0,0,0
2026-08-13T03:50:56.692435,99,0,0,0,0,0
2026-08-13T03:50:56.693947,101,0,0,0,0,0
2026-08-13T03:50:56.693947,103,0,0,0,0,0
2026-08-13T03:50:56.696971,103,0,0,0,0,0
2026-08-13T03:50:56.697962,104,0,0,0,0,0
2026-08-13T03:50:56.697962,104,0,0,0,0,0
2026-08-13T03:50:56.701204,104,0,0,0,0,0
2026-08-13T03:50:56.702174,101,0,0,0,0,0
2026-08-13T03:50:56.702174,102,0,0,0,0,0
2026-08-13T03:50:56.702174,103,0,0,0,0,0
2026-08-13T03:50:56.704692,100,0,0,0,0,0
2026-08-13T03:50:56.705692,100,0,0,0,0,0
2026-08-13T03:50:56.706691,100,0,0,0,0,0
2026-08-13T03:50:56.709694,100,0,0,0,0,0
2026-08-13T03:50:56.709694,98,0,0,0,0,0
2026-08-13T03:50:56.710703,99,0,0,0,0,0
2026-08-13T03:50:56.711694,99,0,0,0,0,0
2026-08-13T03:50:56.713695,99,0,0,0,0,0
2026-08-13T03:50:56.713695,101,0,0,0,0,0
2026-08-13T03:50:56.714838,102,0,0,0,0,0
2026-08-13T03:50:56.717857,103,0,0,0,0,0
2026-08-13T03:50:56.717857,103,0,0,0,0,0
2026-08-13T03:50:56.717857,104,0,0,0,0,0
2026-08-13T03:50:56.718847,104,0,0,0,0,0
2026-08-13T03:50:56.721857,102,0,0,0,0,0
2026-08-13T03:50:56.721857,103,0,0,0,0,0
2026-08-13T03:50:56.721857,103,0,0,0,0,0
2026-08-13T03:50:56.725965,101,0,0,0,0,0
2026-08-13T03:50:56.725965,102,0,0,0,0,0
2026-08-13T03:50:56.726970,101,0,0,0,0,0
2026-08-13T03:50:56.726970,101,0,0,0,0,0
2026-08-13T03:50:56.730138,100,0,0,0,0,0
2026-08-13T03:50:56.730138,100,0,0,0,0,0
2026-08-13T03:50:56.731154,100,0,0,0,0,0
2026-08-13T03:50:56.733998,100,0,0,0,0,0
2026-08-13T03:50:56.733998,102,0,0,0,0,0
2026-08-13T03:50:56.735015,103,0,0,0,0,0
2026-08-13T03:50:56.738327,104,0,0,0,0,0
2026-08-13T03:50:56.738327,104,0,0,0,0,0
2026-08-13T03:50:56.739333,104,0,0,0,0,0
2026-08-13T03:50:56.739333,103,0,0,0,0,0
2026-08-13T03:50:56.742368,103,0,0,0,0,0
2026-08-13T03:50:56.742368,104,0,0,0,0,0
2026-08-13T03:50:56.742368,103,0,0,0,0,0
2026-08-13T03:50:56.745892,102,0,0,0,0,0
2026-08-13T03:50:56.746783,101,0,0,0,0,0
2026-08-13T03:50:56.746783,101,0,0,0,0,0
2026-08-13T03:50:56.746783,101,0,0,0,0,0
2026-08-13T03:50:56.750258,100,0,0,0,0,0
2026-08-13T03:50:56.750258,100,0,0,0,0,0
2026-08-13T03:50:56.750258,99,0,0,0,0,0
2026-08-13T03:50:56.754423,101,0,0,0,0,0
2026-08-13T03:50:56.754423,103,0,0,0,0,0
2026-08-13T03:50:56.755431,104,0,0,0,0,0
2026-08-13T03:50:56.755431,104,0,0,0,0,0
2026-08-13T03:50:56.758461,104,0,0,0,0,0
2026-08-13T03:50:56.758461,104,0,0,0,0,0
2026-08-13T03:50:56.759438,104,0,0,0,0,0
2026-08-13T03:50:56.762437,102,0,0,0,0,0
2026-08-13T03:50:56.762437,104,0,0,0,0,0
2026-08-13T03:50:56.762437,102,0,0,0,0,0
2026-08-13T03:50:56.766969,101,0,0,0,0,0
2026-08-13T03:50:56.766969,101,0,0,0,0,0
2026-08-13T03:50:56.767961,101,0,0,0,0,0
2026-08-13T03:50:56.767961,100,0,0,0,0,0
2026-08-13T03:50:56.770969,99,0,0,0,0,0
2026-08-13T03:50:56.770969,100,0,0,0,0,0
2026-08-13T03:50:56.771961,100,0,0,0,0,0
2026-08-13T03:50:56.775212,101,0,0,0,0,0
2026-08-13T03:50:56.775212,104,0,0,0,0,0
2026-08-13T03:50:56.776228,103,0,0,0,0,0
2026-08-13T03:50:56.776228,104,0,0,0,0,0
2026-08-13T03:50:56.778778,104,0,0,0,0,0
2026-08-13T03:50:56.779781,104,0,0,0,0,0
2026-08-13T03:50:56.780779,103,0,0,0,0,0
2026-08-13T03:50:56.782777,102,0,0,0,0,0
2026-08-13T03:50:56.784291,103,0,0,0,0,0
2026-08-13T03:50:56.784291,102,0,0,0,0,0
2026-08-13T03:50:56.785308,101,0,0,0,0,0
2026-08-13T03:50:56.787338,101,0,0,0,0,0
2026-08-13T03:50:56.787338,100,0,0,0,0,0
2026-08-13T03:50:56.788324,100,0,0,0,0,0
2026-08-13T03:50:56.791322,100,0,0,0,0,0
2026-08-13T03:50:56.792322,101,0,0,0,0,0
2026-08-13T03:50:56.792322,100,0,0,0,0,0
2026-08-13T03:50:56.792322,101,0,0,0,0,0
2026-08-13T03:50:56.795849,103,0,0,0,0,0
2026-08-13T03:50:56.795849,104,0,0,0,0,0
2026-08-13T03:50:56.796849,104,0,0,0,0,0
2026-08-13T03:50:56.799858,104,0,0,0,0,0
2026-08-13T03:50:56.799858,103,0,0,0,0,0
2026-08-13T03:50:56.800853,103,0,0,0,0,0
2026-08-13T03:50:56.803848,103,0,0,0,0,0
2026-08-13T03:50:56.804359,103,0,0,0,0,0
2026-08-13T03:50:56.804359,102,0,0,0,0,0
2026-08-13T03:50:56.805368,102,0,0,0,0,0
2026-08-13T03:50:56.807375,101,0,0,0,0,0
2026-08-13T03:50:56.808379,101,0,0,0,0,0
2026-08-13T03:50:56.809376,100,0,0,0,0,0
2026-08-13T03:50:56.811392,100,0,0,0,0,0
2026-08-13T03:50:56.812375,101,0,0,0,0,0
2026-08-13T03:50:56.812375,100,0,0,0,0,0
2026-08-13T03:50:56.812375,102,0,0,0,0,0
2026-08-13T03:50:56.816175,104,0,0,0,0,0
2026-08-13T03:50:56.816175,104,0,0,0,0,0
2026-08-13T03:50:56.817192,105,0,0,0,0,0
2026-08-13T03:50:56.820323,104,0,0,0,0,0
2026-08-13T03:50:56.820323,104,0,0,0,0,0
2026-08-13T03:50:56.821295,103,0,0,0,0,0
2026-08-13T03:50:56.821295,104,0,0,0,0,0
2026-08-13T03:50:56.823827,103,0,0,0,0,0
2026-08-13T03:50:56.824852,102,0,0,0,0,0
2026-08-13T03:50:56.825853,102,0,0,0,0,0
2026-08-13T03:50:56.827863,102,0,0,0,0,0
2026-08-13T03:50:56.828863,102,0,0,0,0,0
2026-08-13T03:50:56.828863,101,0,0,0,0,0
2026-08-13T03:50:56.831875,101,0,0,0,0,0
2026-08-13T03:50:56.832862,101,0,0,0,0,0
2026-08-13T03:50:56.833864,101,0,0,0,0,0
2026-08-13T03:50:56.834376,103,0,0,0,0,0
2026-08-13T03:50:56.836137,103,0,0,0,0,0
2026-08-13T03:50:56.837146,105,0,0,0,0,0
2026-08-13T03:50:56.837146,105,0,0,0,0,0
2026-08-13T03:50:56.840144,105,0,0,0,0,0
2026-08-13T03:50:56.841144,104,0,0,0,0,0
2026-08-13T03:50:56.841144,103,0,0,0,0,0
2026-08-13T03:50:56.841144,104,0,0,0,0,0
2026-08-13T03:50:56.844678,103,0,0,0,0,0
2026-08-13T03:50:56.844678,102,0,0,0,0,0
2026-08-13T03:50:56.845699,102,0,0,0,0,0
2026-08-13T03:50:56.848929,101,0,0,0,0,0
2026-08-13T03:50:56.848929,100,0,0,0,0,0
2026-08-13T03:50:56.848929,99,0,0,0,0,0
2026-08-13T03:50:56.849936,100,0,0,0,0,0
2026-08-13T03:50:56.852957,100,0,0,0,0,0
2026-08-13T03:50:56.852957,100,0,0,0,0,0
2026-08-13T03:50:56.853949,102,0,0,0,0,0
2026-08-13T03:50:56.857147,102,0,0,0,0,0
2026-08-13T03:50:56.857147,103,0,0,0,0,0
2026-08-13T03:50:56.858151,101,0,0,0,0,0
2026-08-13T03:50:56.859162,102,0,0,0,0,0
2026-08-13T03:50:56.861160,101,0,0,0,0,0
2026-08-13T03:50:56.861160,101,0,0,0,0,0
2026-08-13T03:50:56.862162,101,0,0,0,0,0
2026-08-13T03:50:56.864684,100,0,0,0,0,0
2026-08-13T03:50:56.865682,99,0,0,0,0,0
2026-08-13T03:50:56.865682,99,0,0,0,0,0
2026-08-13T03:50:56.869412,98,0,0,0,0,0
2026-08-13T03:50:56.869412,98,0,0,0,0,0
2026-08-13T03:50:56.870428,98,0,0,0,0,0
2026-08-13T03:50:56.871441,98,0,0,0,0,0
2026-08-13T03:50:56.873513,98,0,0,0,0,0
2026-08-13T03:50:56.874021,99,0,0,0,0,0
2026-08-13T03:50:56.875033,101,0,0,0,0,0
2026-08-13T03:50:56.877046,102,0,0,0,0,0
2026-08-13T03:50:56.878048,103,0,0,0,0,0
2026-08-13T03:50:56.878048,101,0,0,0,0,0
2026-08-13T03:50:56.879044,103,0,0,0,0,0
2026-08-13T03:50:56.881059,102,0,0,0,0,0
2026-08-13T03:50:56.882041,103,0,0,0,0,0
2026-08-13T03:50:56.882041,103,0,0,0,0,0
2026-08-13T03:50:56.885589,102,0,0,0,0,0
2026-08-13T03:50:56.885589,103,0,0,0,0,0
2026-08-13T03:50:56.886588,102,0,0,0,0,0
2026-08-13T03:50:56.886588,102,0,0,0,0,0
2026-08-13T03:50:56.889586,102,0,0,0,0,0
2026-08-13T03:50:56.889586,101,0,0,0,0,0
2026-08-13T03:50:56.889586,102,0,0,0,0,0
2026-08-13T03:50:56.893988,102,0,0,0,0,0
2026-08-13T03:50:56.893988,104,0,0,0,0,0
2026-08-13T03:50:56.893988,107,0,0,0,0,0
2026-08-13T03:50:56.898179,106,0,0,0,0,0
2026-08-13T03:50:56.898179,107,0,0,0,0,0
2026-08-13T03:50:56.898179,107,0,0,0,0,0
2026-08-13T03:50:56.899201,107,0,0,0,0,0
2026-08-13T03:50:56.901989,105,0,0,0,0,0
2026-08-13T03:50:56.902628,106,0,0,0,0,0
2026-08-13T03:50:56.902628,105,0,0,0,0,0
2026-08-13T03:50:56.906157,104,0,0,0,0,0
2026-08-13T03:50:56.906157,104,0,0,0,0,0
2026-08-13T03:50:56.907081,103,0,0,0,0,0
2026-08-13T03:50:56.907590,103,0,0,0,0,0
2026-08-13T03:50:56.910456,102,0,0,0,0,0
2026-08-13T03:50:56.910456,102,0,0,0,0,0
2026-08-13T03:50:56.911466,102,0,0,0,0,0
2026-08-13T03:50:56.914470,101,0,0,0,0,0
2026-08-13T03:50:56.914470,104,0,0,0,0,0
2026-08-13T03:50:56.915467,104,0,0,0,0,0
2026-08-13T03:50:56.915467,105,0,0,0,0,0
2026-08-13T03:50:56.917898,105,0,0,0,0,0
2026-08-13T03:50:56.918882,105,0,0,0,0,0
2026-08-13T03:50:56.918882,103,0,0,0,0,0
2026-08-13T03:50:56.922586,103,0,0,0,0,0
2026-08-13T03:50:56.922586,103,0,0,0,0,0
2026-08-13T03:50:56.922586,102,0,0,0,0,0
2026-08-13T03:50:56.922586,102,0,0,0,0,0
2026-08-13T03:50:56.926779,102,0,0,0,0,0
2026-08-13T03:50:56.926779,101,0,0,0,0,0
2026-08-13T03:50:56.926779,100,0,0,0,0,0
2026-08-13T03:50:56.930826,100,0,0,0,0,0
2026-08-13T03:50:56.930826,100,0,0,0,0,0
2026-08-13T03:50:56.931813,99,0,0,0,0,0
2026-08-13T03:50:56.934849,101,0,0,0,0,0
2026-08-13T03:50:56.934849,102,0,0,0,0,0
2026-08-13T03:50:56.935850,102,0,0,0,0,0
2026-08-13T03:50:56.935850,103,0,0,0,0,0
2026-08-13T03:50:56.938863,103,0,0,0,0,0
2026-08-13T03:50:56.939864,103,0,0,0,0,0
2026-08-13T03:50:56.939864,103,0,0,0,0,0
2026-08-13T03:50:56.942852,102,0,0,0,0,0
2026-08-13T03:50:56.943852,103,0,0,0,0,0
2026-08-13T03:50:56.944359,102,0,0,0,0,0
2026-08-13T03:50:56.944359,101,0,0,0,0,0
2026-08-13T03:50:56.946371,102,0,0,0,0,0
2026-08-13T03:50:56.947367,101,0,0,0,0,0
2026-08-13T03:50:56.948367,100,0,0,0,0,0
2026-08-13T03:50:56.950863,100,0,0,0,0,0
2026-08-13T03:50:56.951850,101,0,0,0,0,0
2026-08-13T03:50:56.951850,101,0,0,0,0,0
2026-08-13T03:50:56.952850,102,0,0,0,0,0
2026-08-13T03:50:56.955067,104,0,0,0,0,0
2026-08-13T03:50:56.956053,103,0,0,0,0,0
2026-08-13T03:50:56.956053,105,0,0,0,0,0
2026-08-13T03:50:56.959082,105,0,0,0,0,0
2026-08-13T03:50:56.960063,105,0,0,0,0,0
2026-08-13T03:50:56.960063,105,0,0,0,0,0
2026-08-13T03:50:56.963061,104,0,0,0,0,0
2026-08-13T03:50:56.964051,105,0,0,0,0,0
2026-08-13T03:50:56.964562,103,0,0,0,0,0
2026-08-13T03:50:56.965574,103,0,0,0,0,0
2026-08-13T03:50:56.967587,102,0,0,0,0,0
2026-08-13T03:50:56.967587,101,0,0,0,0,0
2026-08-13T03:50:56.968578,101,0,0,0,0,0
2026-08-13T03:50:56.971586,101,0,0,0,0,0
2026-08-13T03:50:56.971586,102,0,0,0,0,0
2026-08-13T03:50:56.972576,101,0,0,0,0,0
2026-08-13T03:50:56.972576,103,0,0,0,0,0
2026-08-13T03:50:56.975103,105,0,0,0,0,0
2026-08-13T03:50:56.976116,105,0,0,0,0,0
2026-08-13T03:50:56.977116,106,0,0,0,0,0
2026-08-13T03:50:56.980112,105,0,0,0,0,0
2026-08-13T03:50:56.980112,105,0,0,0,0,0
2026-08-13T03:50:56.981111,104,0,0,0,0,0
2026-08-13T03:50:56.982112,104,0,0,0,0,0
2026-08-13T03:50:56.983622,104,0,0,0,0,0
2026-08-13T03:50:56.984639,103,0,0,0,0,0
2026-08-13T03:50:56.985637,103,0,0,0,0,0
2026-08-13T03:50:56.987775,102,0,0,0,0,0
2026-08-13T03:50:56.995842,102,0,0,0,0,0
2026-08-13T03:50:56.995842,101,0,0,0,0,0
2026-08-13T03:50:56.996847,101,0,0,0,0,0
2026-08-13T03:50:56.996847,102,0,0,0,0,0
2026-08-13T03:50:56.996847,101,0,0,0,0,0
2026-08-13T03:50:56.996847,103,0,0,0,0,0
2026-08-13T03:50:56.997847,104,0,0,0,0,0
2026-08-13T03:50:56.997847,104,0,0,0,0,0
2026-08-13T03:50:56.997847,105,0,0,0,0,0
2026-08-13T03:50:56.999846,104,0,0,0,0,0
2026-08-13T03:50:57.000846,104,0,0,0,0,0
2026-08-13T03:50:57.000846,103,0,0,0,0,0
2026-08-13T03:50:57.000846,104,0,0,0,0,0
2026-08-13T03:50:57.004349,103,0,0,0,0,0
2026-08-13T03:50:57.004349,102,0,0,0,0,0
2026-08-13T03:50:57.004349,102,0,0,0,0,0
2026-08-13T03:50:57.008364,101,0,0,0,0,0
2026-08-13T03:50:57.008364,101,0,0,0,0,0
2026-08-13T03:50:57.008364,100,0,0,0,0,0
2026-08-13T03:50:57.009360,100,0,0,0,0,0
2026-08-13T03:50:57.012868,100,0,0,0,0,0
2026-08-13T03:50:57.012868,99,0,0,0,0,0
2026-08-13T03:50:57.012868,102,0,0,0,0,0
2026-08-13T03:50:57.016412,101,0,0,0,0,0
2026-08-13T03:50:57.017383,102,0,0,0,0,0
2026-08-13T03:50:57.017383,103,0,0,0,0,0
2026-08-13T03:50:57.017383,103,0,0,0,0,0
2026-08-13T03:50:57.020471,102,0,0,0,0,0
2026-08-13T03:50:57.020471,101,0,0,0,0,0
2026-08-13T03:50:57.021478,102,0,0,0,0,0
2026-08-13T03:50:57.025049,100,0,0,0,0,0
2026-08-13T03:50:57.025049,100,0,0,0,0,0
2026-08-13T03:50:57.025049,100,0,0,0,0,0
2026-08-13T03:50:57.025049,99,0,0,0,0,0
2026-08-13T03:50:57.029063,98,0,0,0,0,0
2026-08-13T03:50:57.029063,99,0,0,0,0,0
2026-08-13T03:50:57.029063,99,0,0,0,0,0
2026-08-13T03:50:57.033063,99,0,0,0,0,0
2026-08-13T03:50:57.033063,99,0,0,0,0,0
2026-08-13T03:50:57.034051,102,0,0,0,0,0
2026-08-13T03:50:57.036585,102,0,0,0,0,0
2026-08-13T03:50:57.037568,103,0,0,0,0,0
2026-08-13T03:50:57.037568,102,0,0,0,0,0
2026-08-13T03:50:57.037568,103,0,0,0,0,0
2026-08-13T03:50:57.040583,102,0,0,0,0,0
2026-08-13T03:50:57.041573,101,0,0,0,0,0
2026-08-13T03:50:57.041573,102,0,0,0,0,0
2026-08-13T03:50:57.045085,101,0,0,0,0,0
2026-08-13T03:50:57.046094,101,0,0,0,0,0
2026-08-13T03:50:57.046094,101,0,0,0,0,0
2026-08-13T03:50:57.046094,99,0,0,0,0,0
2026-08-13T03:50:57.049637,99,0,0,0,0,0
2026-08-13T03:50:57.049637,99,0,0,0,0,0
2026-08-13T03:50:57.049637,99,0,0,0,0,0
2026-08-13T03:50:57.052643,99,0,0,0,0,0
2026-08-13T03:50:57.054148,100,0,0,0,0,0
2026-08-13T03:50:57.054148,103,0,0,0,0,0
2026-08-13T03:50:57.055155,102,0,0,0,0,0
2026-08-13T03:50:57.057161,104,0,0,0,0,0
2026-08-13T03:50:57.058163,103,0,0,0,0,0
2026-08-13T03:50:57.058163,104,0,0,0,0,0
2026-08-13T03:50:57.061160,102,0,0,0,0,0
2026-08-13T03:50:57.062160,102,0,0,0,0,0
2026-08-13T03:50:57.062160,102,0,0,0,0,0
2026-08-13T03:50:57.065672,101,0,0,0,0,0
2026-08-13T03:50:57.065672,101,0,0,0,0,0
2026-08-13T03:50:57.066676,100,0,0,0,0,0
2026-08-13T03:50:57.066676,99,0,0,0,0,0
2026-08-13T03:50:57.069677,99,0,0,0,0,0
2026-08-13T03:50:57.069677,99,0,0,0,0,0
2026-08-13T03:50:57.070678,100,0,0,0,0,0
2026-08-13T03:50:57.073840,100,0,0,0,0,0
2026-08-13T03:50:57.073840,101,0,0,0,0,0
2026-08-13T03:50:57.075009,102,0,0,0,0,0
2026-08-13T03:50:57.075009,102,0,0,0,0,0
2026-08-13T03:50:57.078008,103,0,0,0,0,0
2026-08-13T03:50:57.078008,103,0,0,0,0,0
2026-08-13T03:50:57.079007,103,0,0,0,0,0
2026-08-13T03:50:57.082021,102,0,0,0,0,0
2026-08-13T03:50:57.082021,102,0,0,0,0,0
2026-08-13T03:50:57.083008,102,0,0,0,0,0
2026-08-13T03:50:57.083008,101,0,0,0,0,0
2026-08-13T03:50:57.086071,101,0,0,0,0,0
2026-08-13T03:50:57.086071,100,0,0,0,0,0
2026-08-13T03:50:57.087070,100,0,0,0,0,0
2026-08-13T03:50:57.090071,100,0,0,0,0,0
2026-08-13T03:50:57.091070,100,0,0,0,0,0
2026-08-13T03:50:57.091070,99,0,0,0,0,0
2026-08-13T03:50:57.092073,99,0,0,0,0,0
2026-08-13T03:50:57.094606,101,0,0,0,0,0
2026-08-13T03:50:57.094606,103,0,0,0,0,0
2026-08-13T03:50:57.095615,103,0,0,0,0,0
2026-08-13T03:50:57.098760,103,0,0,0,0,0
2026-08-13T03:50:57.098760,103,0,0,0,0,0
2026-08-13T03:50:57.098760,103,0,0,0,0,0
2026-08-13T03:50:57.102888,102,0,0,0,0,0
2026-08-13T03:50:57.102888,102,0,0,0,0,0
2026-08-13T03:50:57.103900,101,0,0,0,0,0
2026-08-13T03:50:57.103900,101,0,0,0,0,0
2026-08-13T03:50:57.106988,101,0,0,0,0,0
2026-08-13T03:50:57.106988,100,0,0,0,0,0
2026-08-13T03:50:57.108084,99,0,0,0,0,0
2026-08-13T03:50:57.111062,99,0,0,0,0,0
2026-08-13T03:50:57.111062,99,0,0,0,0,0
2026-08-13T03:50:57.112092,98,0,0,0,0,0
2026-08-13T03:50:57.113092,99,0,0,0,0,0
2026-08-13T03:50:57.115139,101,0,0,0,0,0
2026-08-13T03:50:57.115139,102,0,0,0,0,0
2026-08-13T03:50:57.116138,103,0,0,0,0,0
2026-08-13T03:50:57.119228,103,0,0,0,0,0
2026-08-13T03:50:57.119228,103,0,0,0,0,0
2026-08-13T03:50:57.120211,102,0,0,0,0,0
2026-08-13T03:50:57.121208,101,0,0,0,0,0
2026-08-13T03:50:57.122208,102,0,0,0,0,0
2026-08-13T03:50:57.123719,101,0,0,0,0,0
2026-08-13T03:50:57.124737,100,0,0,0,0,0
2026-08-13T03:50:57.126730,100,0,0,0,0,0
2026-08-13T03:50:57.127730,99,0,0,0,0,0
2026-08-13T03:50:57.128736,99,0,0,0,0,0
2026-08-13T03:50:57.130734,98,0,0,0,0,0
2026-08-13T03:50:57.131730,99,0,0,0,0,0
2026-08-13T03:50:57.132760,98,0,0,0,0,0
2026-08-13T03:50:57.134239,99,0,0,0,0,0
2026-08-13T03:50:57.135249,101,0,0,0,0,0
2026-08-13T03:50:57.136258,102,0,0,0,0,0
2026-08-13T03:50:57.136258,103,0,0,0,0,0
2026-08-13T03:50:57.139256,102,0,0,0,0,0
2026-08-13T03:50:57.140257,103,0,0,0,0,0
2026-08-13T03:50:57.140257,102,0,0,0,0,0
2026-08-13T03:50:57.141257,102,0,0,0,0,0
2026-08-13T03:50:57.143768,103,0,0,0,0,0
2026-08-13T03:50:57.143768,101,0,0,0,0,0
2026-08-13T03:50:57.144777,101,0,0,0,0,0
2026-08-13T03:50:57.147776,100,0,0,0,0,0
2026-08-13T03:50:57.147776,99,0,0,0,0,0
2026-08-13T03:50:57.148776,99,0,0,0,0,0
2026-08-13T03:50:57.148776,99,0,0,0,0,0
2026-08-13T03:50:57.151310,100,0,0,0,0,0
2026-08-13T03:50:57.152289,99,0,0,0,0,0
2026-08-13T03:50:57.152289,101,0,0,0,0,0
2026-08-13T03:50:57.156126,102,0,0,0,0,0
2026-08-13T03:50:57.156126,103,0,0,0,0,0
2026-08-13T03:50:57.157166,103,0,0,0,0,0
2026-08-13T03:50:57.158148,103,0,0,0,0,0
2026-08-13T03:50:57.160149,104,0,0,0,0,0
2026-08-13T03:50:57.160149,102,0,0,0,0,0
2026-08-13T03:50:57.161149,103,0,0,0,0,0
2026-08-13T03:50:57.163884,103,0,0,0,0,0
2026-08-13T03:50:57.164896,101,0,0,0,0,0
2026-08-13T03:50:57.164896,101,0,0,0,0,0
2026-08-13T03:50:57.167918,100,0,0,0,0,0
2026-08-13T03:50:57.168917,100,0,0,0,0,0
2026-08-13T03:50:57.168917,99,0,0,0,0,0
2026-08-13T03:50:57.168917,99,0,0,0,0,0
2026-08-13T03:50:57.171917,100,0,0,0,0,0
2026-08-13T03:50:57.171917,99,0,0,0,0,0
2026-08-13T03:50:57.171917,101,0,0,0,0,0
2026-08-13T03:50:57.175963,102,0,0,0,0,0
2026-08-13T03:50:57.176969,102,0,0,0,0,0
2026-08-13T03:50:57.176969,103,0,0,0,0,0
2026-08-13T03:50:57.176969,103,0,0,0,0,0
2026-08-13T03:50:57.180529,102,0,0,0,0,0
2026-08-13T03:50:57.180529,101,0,0,0,0,0
2026-08-13T03:50:57.181530,101,0,0,0,0,0
2026-08-13T03:50:57.184038,101,0,0,0,0,0
2026-08-13T03:50:57.185052,100,0,0,0,0,0
2026-08-13T03:50:57.185052,100,0,0,0,0,0
2026-08-13T03:50:57.185052,99,0,0,0,0,0
2026-08-13T03:50:57.188571,100,0,0,0,0,0
2026-08-13T03:50:57.188571,99,0,0,0,0,0
2026-08-13T03:50:57.188571,99,0,0,0,0,0
2026-08-13T03:50:57.192582,99,0,0,0,0,0
2026-08-13T03:50:57.192582,100,0,0,0,0,0
2026-08-13T03:50:57.192582,102,0,0,0,0,0
2026-08-13T03:50:57.197108,102,0,0,0,0,0
2026-08-13T03:50:57.197108,104,0,0,0,0,0
2026-08-13T03:50:57.197108,103,0,0,0,0,0
2026-08-13T03:50:57.198109,103,0,0,0,0,0
2026-08-13T03:50:57.201110,102,0,0,0,0,0
2026-08-13T03:50:57.201110,102,0,0,0,0,0
2026-08-13T03:50:57.202111,103,0,0,0,0,0
2026-08-13T03:50:57.204643,102,0,0,0,0,0
2026-08-13T03:50:57.205642,101,0,0,0,0,0
2026-08-13T03:50:57.206956,101,0,0,0,0,0
2026-08-13T03:50:57.206956,100,0,0,0,0,0
2026-08-13T03:50:57.209137,100,0,0,0,0,0
2026-08-13T03:50:57.209646,99,0,0,0,0,0
2026-08-13T03:50:57.210658,100,0,0,0,0,0
2026-08-13T03:50:57.212657,99,0,0,0,0,0
2026-08-13T03:50:57.213657,100,0,0,0,0,0
2026-08-13T03:50:57.214167,102,0,0,0,0,0
2026-08-13T03:50:57.214167,103,0,0,0,0,0
2026-08-13T03:50:57.217195,103,0,0,0,0,0
2026-08-13T03:50:57.217195,103,0,0,0,0,0
2026-08-13T03:50:57.218191,103,0,0,0,0,0
2026-08-13T03:50:57.221208,102,0,0,0,0,0
2026-08-13T03:50:57.222193,102,0,0,0,0,0
2026-08-13T03:50:57.222193,102,0,0,0,0,0
2026-08-13T03:50:57.222193,102,0,0,0,0,0
2026-08-13T03:50:57.225753,100,0,0,0,0,0
2026-08-13T03:50:57.225753,100,0,0,0,0,0
2026-08-13T03:50:57.225753,100,0,0,0,0,0
2026-08-13T03:50:57.229219,99,0,0,0,0,0
2026-08-13T03:50:57.230220,98,0,0,0,0,0
2026-08-13T03:50:57.230220,99,0,0,0,0,0
2026-08-13T03:50:57.233735,99,0,0,0,0,0
2026-08-13T03:50:57.233735,100,0,0,0,0,0
2026-08-13T03:50:57.233735,101,0,0,0,0,0
2026-08-13T03:50:57.234750,102,0,0,0,0,0
2026-08-13T03:50:57.236748,103,0,0,0,0,0
2026-08-13T03:50:57.238242,102,0,0,0,0,0
2026-08-13T03:50:57.238242,102,0,0,0,0,0
2026-08-13T03:50:57.242247,102,0,0,0,0,0
2026-08-13T03:50:57.242247,102,0,0,0,0,0
2026-08-13T03:50:57.242247,102,0,0,0,0,0
2026-08-13T03:50:57.242247,100,0,0,0,0,0
2026-08-13T03:50:57.245799,100,0,0,0,0,0
2026-08-13T03:50:57.246803,100,0,0,0,0,0
2026-08-13T03:50:57.246803,99,0,0,0,0,0
2026-08-13T03:50:57.249813,98,0,0,0,0,0
2026-08-13T03:50:57.249813,99,0,0,0,0,0
2026-08-13T03:50:57.249813,99,0,0,0,0,0
2026-08-13T03:50:57.251095,98,0,0,0,0,0
2026-08-13T03:50:57.254096,99,0,0,0,0,0
2026-08-13T03:50:57.254096,101,0,0,0,0,0
2026-08-13T03:50:57.255198,102,0,0,0,0,0
2026-08-13T03:50:57.258200,103,0,0,0,0,0
2026-08-13T03:50:57.258200,102,0,0,0,0,0
2026-08-13T03:50:57.259197,102,0,0,0,0,0
2026-08-13T03:50:57.259197,101,0,0,0,0,0
2026-08-13T03:50:57.262214,102,0,0,0,0,0
2026-08-13T03:50:57.262214,102,0,0,0,0,0
2026-08-13T03:50:57.262214,100,0,0,0,0,0
2026-08-13T03:50:57.266094,100,0,0,0,0,0
2026-08-13T03:50:57.267090,99,0,0,0,0,0
2026-08-13T03:50:57.267090,99,0,0,0,0,0
2026-08-13T03:50:57.270082,98,0,0,0,0,0
2026-08-13T03:50:57.271081,98,0,0,0,0,0
2026-08-13T03:50:57.271081,99,0,0,0,0,0
2026-08-13T03:50:57.271081,98,0,0,0,0,0
2026-08-13T03:50:57.274087,101,0,0,0,0,0
2026-08-13T03:50:57.275320,102,0,0,0,0,0
2026-08-13T03:50:57.275320,102,0,0,0,0,0
2026-08-13T03:50:57.278333,103,0,0,0,0,0
2026-08-13T03:50:57.279333,103,0,0,0,0,0
2026-08-13T03:50:57.279333,103,0,0,0,0,0
2026-08-13T03:50:57.280319,102,0,0,0,0,0
2026-08-13T03:50:57.283114,101,0,0,0,0,0
2026-08-13T03:50:57.283114,101,0,0,0,0,0
2026-08-13T03:50:57.284106,100,0,0,0,0,0
2026-08-13T03:50:57.287130,100,0,0,0,0,0
2026-08-13T03:50:57.287130,99,0,0,0,0,0
2026-08-13T03:50:57.288119,99,0,0,0,0,0
2026-08-13T03:50:57.288119,97,0,0,0,0,0
2026-08-13T03:50:57.290809,99,0,0,0,0,0
2026-08-13T03:50:57.291813,99,0,0,0,0,0
2026-08-13T03:50:57.291813,100,0,0,0,0,0
2026-08-13T03:50:57.295370,102,0,0,0,0,0
2026-08-13T03:50:57.295370,102,0,0,0,0,0
2026-08-13T03:50:57.296370,103,0,0,0,0,0
2026-08-13T03:50:57.299381,103,0,0,0,0,0
2026-08-13T03:50:57.299381,102,0,0,0,0,0
2026-08-13T03:50:57.300373,102,0,0,0,0,0
2026-08-13T03:50:57.300373,101,0,0,0,0,0
2026-08-13T03:50:57.302390,102,0,0,0,0,0
2026-08-13T03:50:57.303901,101,0,0,0,0,0
2026-08-13T03:50:57.303901,100,0,0,0,0,0
2026-08-13T03:50:57.306924,100,0,0,0,0,0
2026-08-13T03:50:57.307912,100,0,0,0,0,0
2026-08-13T03:50:57.307912,99,0,0,0,0,0
2026-08-13T03:50:57.308912,98,0,0,0,0,0
2026-08-13T03:50:57.311914,100,0,0,0,0,0
2026-08-13T03:50:57.311914,100,0,0,0,0,0
2026-08-13T03:50:57.312910,100,0,0,0,0,0
2026-08-13T03:50:57.315491,102,0,0,0,0,0
2026-08-13T03:50:57.315491,103,0,0,0,0,0
2026-08-13T03:50:57.316472,103,0,0,0,0,0
2026-08-13T03:50:57.316472,103,0,0,0,0,0
2026-08-13T03:50:57.319483,102,0,0,0,0,0
2026-08-13T03:50:57.319483,102,0,0,0,0,0
2026-08-13T03:50:57.320471,101,0,0,0,0,0
2026-08-13T03:50:57.324009,102,0,0,0,0,0
2026-08-13T03:50:57.324009,101,0,0,0,0,0
2026-08-13T03:50:57.325029,100,0,0,0,0,0
2026-08-13T03:50:57.325029,100,0,0,0,0,0
2026-08-13T03:50:57.328028,99,0,0,0,0,0
2026-08-13T03:50:57.328028,100,0,0,0,0,0
2026-08-13T03:50:57.329029,99,0,0,0,0,0
2026-08-13T03:50:57.332026,99,0,0,0,0,0
2026-08-13T03:50:57.332026,99,0,0,0,0,0
2026-08-13T03:50:57.333032,100,0,0,0,0,0
2026-08-13T03:50:57.336298,101,0,0,0,0,0
2026-08-13T03:50:57.336298,102,0,0,0,0,0
2026-08-13T03:50:57.337290,103,0,0,0,0,0
2026-08-13T03:50:57.337290,102,0,0,0,0,0
2026-08-13T03:50:57.340298,102,0,0,0,0,0
2026-08-13T03:50:57.340298,101,0,0,0,0,0
2026-08-13T03:50:57.341286,102,0,0,0,0,0
2026-08-13T03:50:57.343792,102,0,0,0,0,0
2026-08-13T03:50:57.344798,100,0,0,0,0,0
2026-08-13T03:50:57.344798,100,0,0,0,0,0
2026-08-13T03:50:57.345800,100,0,0,0,0,0
2026-08-13T03:50:57.347800,100,0,0,0,0,0
2026-08-13T03:50:57.348800,99,0,0,0,0,0
2026-08-13T03:50:57.348800,98,0,0,0,0,0
2026-08-13T03:50:57.352790,100,0,0,0,0,0
2026-08-13T03:50:57.352790,99,0,0,0,0,0
2026-08-13T03:50:57.353803,100,0,0,0,0,0
2026-08-13T03:50:57.353803,102,0,0,0,0,0
2026-08-13T03:50:57.356837,102,0,0,0,0,0
2026-08-13T03:50:57.357861,103,0,0,0,0,0
2026-08-13T03:50:57.357861,103,0,0,0,0,0
2026-08-13T03:50:57.360868,103,0,0,0,0,0
2026-08-13T03:50:57.360868,102,0,0,0,0,0
2026-08-13T03:50:57.361853,102,0,0,0,0,0
2026-08-13T03:50:57.364713,101,0,0,0,0,0
2026-08-13T03:50:57.365709,100,0,0,0,0,0
2026-08-13T03:50:57.365709,101,0,0,0,0,0
2026-08-13T03:50:57.366707,100,0,0,0,0,0
2026-08-13T03:50:57.369113,100,0,0,0,0,0
2026-08-13T03:50:57.369113,99,0,0,0,0,0
2026-08-13T03:50:57.370129,99,0,0,0,0,0
2026-08-13T03:50:57.373214,99,0,0,0,0,0
2026-08-13T03:50:57.373872,99,0,0,0,0,0
2026-08-13T03:50:57.374887,102,0,0,0,0,0
2026-08-13T03:50:57.375887,103,0,0,0,0,0
2026-08-13T03:50:57.376898,103,0,0,0,0,0
2026-08-13T03:50:57.377898,103,0,0,0,0,0
2026-08-13T03:50:57.378899,104,0,0,0,0,0
2026-08-13T03:50:57.380898,102,0,0,0,0,0
2026-08-13T03:50:57.381895,102,0,0,0,0,0
2026-08-13T03:50:57.381895,102,0,0,0,0,0
2026-08-13T03:50:57.382897,102,0,0,0,0,0
2026-08-13T03:50:57.385426,101,0,0,0,0,0
2026-08-13T03:50:57.385426,101,0,0,0,0,0
2026-08-13T03:50:57.386427,99,0,0,0,0,0
2026-08-13T03:50:57.389441,99,0,0,0,0,0
2026-08-13T03:50:57.389441,98,0,0,0,0,0
2026-08-13T03:50:57.390425,99,0,0,0,0,0
2026-08-13T03:50:57.390425,99,0,0,0,0,0
2026-08-13T03:50:57.392426,99,0,0,0,0,0
2026-08-13T03:50:57.393953,102,0,0,0,0,0
2026-08-13T03:50:57.393953,102,0,0,0,0,0
2026-08-13T03:50:57.396977,103,0,0,0,0,0
2026-08-13T03:50:57.397996,103,0,0,0,0,0
2026-08-13T03:50:57.397996,103,0,0,0,0,0
2026-08-13T03:50:57.401903,102,0,0,0,0,0
2026-08-13T03:50:57.401903,101,0,0,0,0,0
2026-08-13T03:50:57.401903,102,0,0,0,0,0
2026-08-13T03:50:57.402947,101,0,0,0,0,0
2026-08-13T03:50:57.405260,100,0,0,0,0,0
2026-08-13T03:50:57.406270,100,0,0,0,0,0
2026-08-13T03:50:57.406270,99,0,0,0,0,0
2026-08-13T03:50:57.409266,99,0,0,0,0,0
2026-08-13T03:50:57.410269,99,0,0,0,0,0
2026-08-13T03:50:57.411272,99,0,0,0,0,0
2026-08-13T03:50:57.411272,98,0,0,0,0,0
2026-08-13T03:50:57.414042,100,0,0,0,0,0
2026-08-13T03:50:57.414042,102,0,0,0,0,0
2026-08-13T03:50:57.415058,102,0,0,0,0,0
2026-08-13T03:50:57.418622,103,0,0,0,0,0
2026-08-13T03:50:57.418622,103,0,0,0,0,0
2026-08-13T03:50:57.419240,103,0,0,0,0,0
2026-08-13T03:50:57.419240,102,0,0,0,0,0
2026-08-13T03:50:57.422263,102,0,0,0,0,0
2026-08-13T03:50:57.422263,101,0,0,0,0,0
2026-08-13T03:50:57.422263,101,0,0,0,0,0
2026-08-13T03:50:57.425777,100,0,0,0,0,0
2026-08-13T03:50:57.426782,100,0,0,0,0,0
2026-08-13T03:50:57.426782,99,0,0,0,0,0
2026-08-13T03:50:57.430575,98,0,0,0,0,0
2026-08-13T03:50:57.430575,99,0,0,0,0,0
2026-08-13T03:50:57.430575,99,0,0,0,0,0
2026-08-13T03:50:57.431594,100,0,0,0,0,0
2026-08-13T03:50:57.434645,101,0,0,0,0,0
2026-08-13T03:50:57.434645,102,0,0,0,0,0
2026-08-13T03:50:57.434645,102,0,0,0,0,0
2026-08-13T03:50:57.438787,103,0,0,0,0,0
2026-08-13T03:50:57.438787,103,0,0,0,0,0
2026-08-13T03:50:57.438787,103,0,0,0,0,0
2026-08-13T03:50:57.439885,102,0,0,0,0,0
2026-08-13T03:50:57.442895,102,0,0,0,0,0
2026-08-13T03:50:57.442895,102,0,0,0,0,0
2026-08-13T03:50:57.443894,100,0,0,0,0,0
2026-08-13T03:50:57.446946,100,0,0,0,0,0
2026-08-13T03:50:57.446946,100,0,0,0,0,0
2026-08-13T03:50:57.447984,98,0,0,0,0,0
2026-08-13T03:50:57.447984,98,0,0,0,0,0
2026-08-13T03:50:57.451042,99,0,0,0,0,0
2026-08-13T03:50:57.451042,99,0,0,0,0,0
2026-08-13T03:50:57.452177,99,0,0,0,0,0
2026-08-13T03:50:57.455213,101,0,0,0,0,0
2026-08-13T03:50:57.455213,102,0,0,0,0,0
2026-08-13T03:50:57.456210,102,0,0,0,0,0
2026-08-13T03:50:57.457224,103,0,0,0,0,0
2026-08-13T03:50:57.459211,103,0,0,0,0,0
2026-08-13T03:50:57.459211,102,0,0,0,0,0
2026-08-13T03:50:57.460224,101,0,0,0,0,0
2026-08-13T03:50:57.462223,102,0,0,0,0,0
2026-08-13T03:50:57.463736,102,0,0,0,0,0
2026-08-13T03:50:57.464748,100,0,0,0,0,0
2026-08-13T03:50:57.466760,100,0,0,0,0,0
2026-08-13T03:50:57.467746,100,0,0,0,0,0
2026-08-13T03:50:57.467746,100,0,0,0,0,0
2026-08-13T03:50:57.468759,99,0,0,0,0,0
2026-08-13T03:50:57.470760,99,0,0,0,0,0
2026-08-13T03:50:57.471747,99,0,0,0,0,0
2026-08-13T03:50:57.471747,99,0,0,0,0,0
2026-08-13T03:50:57.475263,102,0,0,0,0,0
2026-08-13T03:50:57.475263,102,0,0,0,0,0
2026-08-13T03:50:57.476269,103,0,0,0,0,0
2026-08-13T03:50:57.476269,103,0,0,0,0,0
2026-08-13T03:50:57.479270,103,0,0,0,0,0
2026-08-13T03:50:57.479270,103,0,0,0,0,0
2026-08-13T03:50:57.480270,102,0,0,0,0,0
2026-08-13T03:50:57.483816,102,0,0,0,0,0
2026-08-13T03:50:57.483816,102,0,0,0,0,0
2026-08-13T03:50:57.483816,101,0,0,0,0,0
2026-08-13T03:50:57.484940,101,0,0,0,0,0
2026-08-13T03:50:57.487913,100,0,0,0,0,0
2026-08-13T03:50:57.487913,99,0,0,0,0,0
2026-08-13T03:50:57.488935,98,0,0,0,0,0
2026-08-13T03:50:57.491651,99,0,0,0,0,0
2026-08-13T03:50:57.492636,99,0,0,0,0,0
2026-08-13T03:50:57.492636,99,0,0,0,0,0
2026-08-13T03:50:57.493621,102,0,0,0,0,0
2026-08-13T03:50:57.495772,102,0,0,0,0,0
2026-08-13T03:50:57.496756,103,0,0,0,0,0
2026-08-13T03:50:57.496756,103,0,0,0,0,0
2026-08-13T03:50:57.499772,103,0,0,0,0,0
2026-08-13T03:50:57.500768,102,0,0,0,0,0
2026-08-13T03:50:57.500768,102,0,0,0,0,0
2026-08-13T03:50:57.504048,103,0,0,0,0,0
2026-08-13T03:50:57.505059,101,0,0,0,0,0
2026-08-13T03:50:57.505059,100,0,0,0,0,0
2026-08-13T03:50:57.505059,100,0,0,0,0,0
2026-08-13T03:50:57.507845,99,0,0,0,0,0
2026-08-13T03:50:57.508873,99,0,0,0,0,0
2026-08-13T03:50:57.508873,99,0,0,0,0,0
2026-08-13T03:50:57.512061,100,0,0,0,0,0
2026-08-13T03:50:57.513080,100,0,0,0,0,0
2026-08-13T03:50:57.513080,100,0,0,0,0,0
2026-08-13T03:50:57.513080,103,0,0,0,0,0
2026-08-13T03:50:57.516156,102,0,0,0,0,0
2026-08-13T03:50:57.516156,104,0,0,0,0,0
2026-08-13T03:50:57.517157,103,0,0,0,0,0
2026-08-13T03:50:57.520155,103,0,0,0,0,0
2026-08-13T03:50:57.520155,101,0,0,0,0,0
2026-08-13T03:50:57.521165,102,0,0,0,0,0
2026-08-13T03:50:57.521165,102,0,0,0,0,0
2026-08-13T03:50:57.524652,101,0,0,0,0,0
2026-08-13T03:50:57.524652,101,0,0,0,0,0
2026-08-13T03:50:57.524652,100,0,0,0,0,0
2026-08-13T03:50:57.528672,100,0,0,0,0,0
2026-08-13T03:50:57.528672,99,0,0,0,0,0
2026-08-13T03:50:57.529658,99,0,0,0,0,0
2026-08-13T03:50:57.532672,99,0,0,0,0,0
2026-08-13T03:50:57.533661,99,0,0,0,0,0
2026-08-13T03:50:57.533661,101,0,0,0,0,0
2026-08-13T03:50:57.533661,103,0,0,0,0,0
2026-08-13T03:50:57.536895,102,0,0,0,0,0
2026-08-13T03:50:57.536895,103,0,0,0,0,0
2026-08-13T03:50:57.537890,103,0,0,0,0,0
2026-08-13T03:50:57.540878,103,0,0,0,0,0
2026-08-13T03:50:57.541884,102,0,0,0,0,0
2026-08-13T03:50:57.541884,102,0,0,0,0,0
2026-08-13T03:50:57.542888,101,0,0,0,0,0
2026-08-13T03:50:57.544418,101,0,0,0,0,0
2026-08-13T03:50:57.545417,100,0,0,0,0,0
2026-08-13T03:50:57.546417,100,0,0,0,0,0
2026-08-13T03:50:57.548418,100,0,0,0,0,0
2026-08-13T03:50:57.549416,99,0,0,0,0,0
2026-08-13T03:50:57.549416,99,0,0,0,0,0
2026-08-13T03:50:57.550929,100,0,0,0,0,0
2026-08-13T03:50:57.552955,100,0,0,0,0,0
2026-08-13T03:50:57.553955,102,0,0,0,0,0
2026-08-13T03:50:57.553955,103,0,0,0,0,0
2026-08-13T03:50:57.557157,103,0,0,0,0,0
2026-08-13T03:50:57.557157,103,0,0,0,0,0
2026-08-13T03:50:57.558144,103,0,0,0,0,0
2026-08-13T03:50:57.558144,103,0,0,0,0,0
2026-08-13T03:50:57.561171,102,0,0,0,0,0
2026-08-13T03:50:57.562146,102,0,0,0,0,0
2026-08-13T03:50:57.562146,101,0,0,0,0,0
2026-08-13T03:50:57.564699,101,0,0,0,0,0
2026-08-13T03:50:57.565742,101,0,0,0,0,0
2026-08-13T03:50:57.565742,100,0,0,0,0,0
2026-08-13T03:50:57.569748,99,0,0,0,0,0
2026-08-13T03:50:57.569748,99,0,0,0,0,0
2026-08-13T03:50:57.569748,99,0,0,0,0,0
2026-08-13T03:50:57.570751,99,0,0,0,0,0
2026-08-13T03:50:57.573751,99,0,0,0,0,0
2026-08-13T03:50:57.574258,102,0,0,0,0,0
2026-08-13T03:50:57.574258,102,0,0,0,0,0
2026-08-13T03:50:57.577273,104,0,0,0,0,0
2026-08-13T03:50:57.578273,103,0,0,0,0,0
2026-08-13T03:50:57.578273,103,0,0,0,0,0
2026-08-13T03:50:57.579273,103,0,0,0,0,0
2026-08-13T03:50:57.581272,102,0,0,0,0,0
2026-08-13T03:50:57.582271,103,0,0,0,0,0
2026-08-13T03:50:57.582271,101,0,0,0,0,0
2026-08-13T03:50:57.585842,101,0,0,0,0,0
2026-08-13T03:50:57.585842,100,0,0,0,0,0
2026-08-13T03:50:57.586880,99,0,0,0,0,0
2026-08-13T03:50:57.586880,99,0,0,0,0,0
2026-08-13T03:50:57.589857,99,0,0,0,0,0
2026-08-13T03:50:57.589857,99,0,0,0,0,0
2026-08-13T03:50:57.590857,99,0,0,0,0,0
2026-08-13T03:50:57.594417,100,0,0,0,0,0
2026-08-13T03:50:57.594417,102,0,0,0,0,0
2026-08-13T03:50:57.594417,104,0,0,0,0,0
2026-08-13T03:50:57.598241,103,0,0,0,0,0
2026-08-13T03:50:57.598241,103,0,0,0,0,0
2026-08-13T03:50:57.599280,104,0,0,0,0,0
2026-08-13T03:50:57.599280,102,0,0,0,0,0
2026-08-13T03:50:57.602588,102,0,0,0,0,0
2026-08-13T03:50:57.602588,102,0,0,0,0,0
2026-08-13T03:50:57.602588,100,0,0,0,0,0
2026-08-13T03:50:57.606480,101,0,0,0,0,0
2026-08-13T03:50:57.607468,100,0,0,0,0,0
2026-08-13T03:50:57.607468,100,0,0,0,0,0
2026-08-13T03:50:57.608471,100,0,0,0,0,0
2026-08-13T03:50:57.610489,99,0,0,0,0,0
2026-08-13T03:50:57.610489,100,0,0,0,0,0
2026-08-13T03:50:57.611468,99,0,0,0,0,0
2026-08-13T03:50:57.613978,101,0,0,0,0,0
2026-08-13T03:50:57.614988,103,0,0,0,0,0
2026-08-13T03:50:57.615991,103,0,0,0,0,0
2026-08-13T03:50:57.615991,103,0,0,0,0,0
2026-08-13T03:50:57.619002,103,0,0,0,0,0
2026-08-13T03:50:57.619002,103,0,0,0,0,0
2026-08-13T03:50:57.620006,101,0,0,0,0,0
2026-08-13T03:50:57.622933,102,0,0,0,0,0
2026-08-13T03:50:57.622933,102,0,0,0,0,0
2026-08-13T03:50:57.624448,99,0,0,0,0,0
2026-08-13T03:50:57.625463,102,0,0,0,0,0
2026-08-13T03:50:57.626474,100,0,0,0,0,0
2026-08-13T03:50:57.627473,100,0,0,0,0,0
2026-08-13T03:50:57.628472,99,0,0,0,0,0
2026-08-13T03:50:57.630473,100,0,0,0,0,0
2026-08-13T03:50:57.631472,100,0,0,0,0,0
2026-08-13T03:50:57.631472,99,0,0,0,0,0
2026-08-13T03:50:57.635005,101,0,0,0,0,0
2026-08-13T03:50:57.635005,102,0,0,0,0,0
2026-08-13T03:50:57.636004,103,0,0,0,0,0
2026-08-13T03:50:57.636004,103,0,0,0,0,0
2026-08-13T03:50:57.639010,103,0,0,0,0,0
2026-08-13T03:50:57.639010,103,0,0,0,0,0
2026-08-13T03:50:57.640011,103,0,0,0,0,0
2026-08-13T03:50:57.643009,102,0,0,0,0,0
2026-08-13T03:50:57.644010,102,0,0,0,0,0
2026-08-13T03:50:57.644010,101,0,0,0,0,0
2026-08-13T03:50:57.644514,101,0,0,0,0,0
2026-08-13T03:50:57.647641,100,0,0,0,0,0
2026-08-13T03:50:57.647641,100,0,0,0,0,0
2026-08-13T03:50:57.647641,99,0,0,0,0,0
2026-08-13T03:50:57.650982,99,0,0,0,0,0
2026-08-13T03:50:57.652098,99,0,0,0,0,0
2026-08-13T03:50:57.652098,99,0,0,0,0,0
2026-08-13T03:50:57.652098,102,0,0,0,0,0
2026-08-13T03:50:57.655116,103,0,0,0,0,0
2026-08-13T03:50:57.656130,103,0,0,0,0,0
2026-08-13T03:50:57.656130,103,0,0,0,0,0
2026-08-13T03:50:57.659115,103,0,0,0,0,0
2026-08-13T03:50:57.660114,103,0,0,0,0,0
2026-08-13T03:50:57.660114,102,0,0,0,0,0
2026-08-13T03:50:57.663621,102,0,0,0,0,0
2026-08-13T03:50:57.663621,102,0,0,0,0,0
2026-08-13T03:50:57.664629,101,0,0,0,0,0
2026-08-13T03:50:57.664629,101,0,0,0,0,0
2026-08-13T03:50:57.667646,100,0,0,0,0,0
2026-08-13T03:50:57.668631,99,0,0,0,0,0
2026-08-13T03:50:57.668631,99,0,0,0,0,0
2026-08-13T03:50:57.671652,100,0,0,0,0,0
2026-08-13T03:50:57.672630,99,0,0,0,0,0
2026-08-13T03:50:57.672630,100,0,0,0,0,0
2026-08-13T03:50:57.672630,102,0,0,0,0,0
2026-08-13T03:50:57.675967,103,0,0,0,0,0
2026-08-13T03:50:57.675967,104,0,0,0,0,0
2026-08-13T03:50:57.676979,103,0,0,0,0,0
2026-08-13T03:50:57.680413,103,0,0,0,0,0
2026-08-13T03:50:57.680413,102,0,0,0,0,0
2026-08-13T03:50:57.680413,102,0,0,0,0,0
2026-08-13T03:50:57.680413,103,0,0,0,0,0
2026-08-13T03:50:57.683942,102,0,0,0,0,0
2026-08-13T03:50:57.684958,101,0,0,0,0,0
2026-08-13T03:50:57.684958,100,0,0,0,0,0
2026-08-13T03:50:57.688029,99,0,0,0,0,0
2026-08-13T03:50:57.689029,99,0,0,0,0,0
2026-08-13T03:50:57.689029,99,0,0,0,0,0
2026-08-13T03:50:57.690015,99,0,0,0,0,0
2026-08-13T03:50:57.692016,99,0,0,0,0,0
2026-08-13T03:50:57.693031,101,0,0,0,0,0
2026-08-13T03:50:57.693031,102,0,0,0,0,0
2026-08-13T03:50:57.696091,103,0,0,0,0,0
2026-08-13T03:50:57.697091,103,0,0,0,0,0
2026-08-13T03:50:57.698094,103,0,0,0,0,0
2026-08-13T03:50:57.700105,104,0,0,0,0,0
2026-08-13T03:50:57.701091,103,0,0,0,0,0
2026-08-13T03:50:57.702092,102,0,0,0,0,0
2026-08-13T03:50:57.702092,103,0,0,0,0,0
2026-08-13T03:50:57.704652,101,0,0,0,0,0
2026-08-13T03:50:57.705647,101,0,0,0,0,0
2026-08-13T03:50:57.705647,100,0,0,0,0,0
2026-08-13T03:50:57.708669,100,0,0,0,0,0
2026-08-13T03:50:57.709650,99,0,0,0,0,0
2026-08-13T03:50:57.709650,99,0,0,0,0,0
2026-08-13T03:50:57.710650,99,0,0,0,0,0
2026-08-13T03:50:57.712668,100,0,0,0,0,0
2026-08-13T03:50:57.713668,101,0,0,0,0,0
2026-08-13T03:50:57.713668,103,0,0,0,0,0
2026-08-13T03:50:57.717176,103,0,0,0,0,0
2026-08-13T03:50:57.717176,103,0,0,0,0,0
2026-08-13T03:50:57.718176,104,0,0,0,0,0
2026-08-13T03:50:57.718176,103,0,0,0,0,0
2026-08-13T03:50:57.721206,102,0,0,0,0,0
2026-08-13T03:50:57.722182,101,0,0,0,0,0
2026-08-13T03:50:57.722182,102,0,0,0,0,0
2026-08-13T03:50:57.724703,101,0,0,0,0,0
2026-08-13T03:50:57.725702,100,0,0,0,0,0
2026-08-13T03:50:57.725702,100,0,0,0,0,0
2026-08-13T03:50:57.725702,99,0,0,0,0,0
2026-08-13T03:50:57.729713,99,0,0,0,0,0
2026-08-13T03:50:57.729713,99,0,0,0,0,0
2026-08-13T03:50:57.729713,100,0,0,0,0,0
2026-08-13T03:50:57.733718,99,0,0,0,0,0
2026-08-13T03:50:57.733718,101,0,0,0,0,0
2026-08-13T03:50:57.733718,103,0,0,0,0,0
2026-08-13T03:50:57.737164,103,0,0,0,0,0
2026-08-13T03:50:57.738165,103,0,0,0,0,0
2026-08-13T03:50:57.738165,103,0,0,0,0,0
2026-08-13T03:50:57.738165,103,0,0,0,0,0
2026-08-13T03:50:57.741153,102,0,0,0,0,0
2026-08-13T03:50:57.742169,102,0,0,0,0,0
2026-08-13T03:50:57.742169,101,0,0,0,0,0
2026-08-13T03:50:57.745689,101,0,0,0,0,0
2026-08-13T03:50:57.745689,100,0,0,0,0,0
2026-08-13T03:50:57.746696,100,0,0,0,0,0
2026-08-13T03:50:57.746696,100,0,0,0,0,0
2026-08-13T03:50:57.749696,98,0,0,0,0,0
2026-08-13T03:50:57.749696,99,0,0,0,0,0
2026-08-13T03:50:57.749696,99,0,0,0,0,0
2026-08-13T03:50:57.754238,99,0,0,0,0,0
2026-08-13T03:50:57.754238,102,0,0,0,0,0
2026-08-13T03:50:57.754238,103,0,0,0,0,0
2026-08-13T03:50:57.754238,103,0,0,0,0,0
2026-08-13T03:50:57.757390,103,0,0,0,0,0
2026-08-13T03:50:57.758394,104,0,0,0,0,0
2026-08-13T03:50:57.758394,103,0,0,0,0,0
2026-08-13T03:50:57.761606,101,0,0,0,0,0
2026-08-13T03:50:57.762587,103,0,0,0,0,0
2026-08-13T03:50:57.762587,102,0,0,0,0,0
2026-08-13T03:50:57.766524,101,0,0,0,0,0
2026-08-13T03:50:57.766524,101,0,0,0,0,0
2026-08-13T03:50:57.766524,100,0,0,0,0,0
2026-08-13T03:50:57.767554,99,0,0,0,0,0
2026-08-13T03:50:57.770632,99,0,0,0,0,0
2026-08-13T03:50:57.770632,100,0,0,0,0,0
2026-08-13T03:50:57.770632,99,0,0,0,0,0
2026-08-13T03:50:57.773940,101,0,0,0,0,0
2026-08-13T03:50:57.775265,103,0,0,0,0,0
2026-08-13T03:50:57.775265,104,0,0,0,0,0
2026-08-13T03:50:57.775265,104,0,0,0,0,0
2026-08-13T03:50:57.778714,103,0,0,0,0,0
2026-08-13T03:50:57.778714,104,0,0,0,0,0
2026-08-13T03:50:57.779800,103,0,0,0,0,0
2026-08-13T03:50:57.782811,103,0,0,0,0,0
2026-08-13T03:50:57.782811,102,0,0,0,0,0
2026-08-13T03:50:57.783803,102,0,0,0,0,0
2026-08-13T03:50:57.784315,101,0,0,0,0,0
2026-08-13T03:50:57.786914,101,0,0,0,0,0
2026-08-13T03:50:57.786914,100,0,0,0,0,0
2026-08-13T03:50:57.787933,100,0,0,0,0,0
2026-08-13T03:50:57.790954,100,0,0,0,0,0
2026-08-13T03:50:57.790954,99,0,0,0,0,0
2026-08-13T03:50:57.791956,98,0,0,0,0,0
2026-08-13T03:50:57.792955,101,0,0,0,0,0
2026-08-13T03:50:57.795131,104,0,0,0,0,0
2026-08-13T03:50:57.795131,103,0,0,0,0,0
2026-08-13T03:50:57.796135,104,0,0,0,0,0
2026-08-13T03:50:57.798132,103,0,0,0,0,0
2026-08-13T03:50:57.799564,104,0,0,0,0,0
2026-08-13T03:50:57.799564,103,0,0,0,0,0
2026-08-13T03:50:57.803065,102,0,0,0,0,0
2026-08-13T03:50:57.803065,102,0,0,0,0,0
2026-08-13T03:50:57.804066,101,0,0,0,0,0
2026-08-13T03:50:57.804572,101,0,0,0,0,0
2026-08-13T03:50:57.807904,100,0,0,0,0,0
2026-08-13T03:50:57.807904,100,0,0,0,0,0
2026-08-13T03:50:57.808906,99,0,0,0,0,0
2026-08-13T03:50:57.810902,100,0,0,0,0,0
2026-08-13T03:50:57.811905,100,0,0,0,0,0
2026-08-13T03:50:57.811905,100,0,0,0,0,0
2026-08-13T03:50:57.811905,101,0,0,0,0,0
2026-08-13T03:50:57.814753,103,0,0,0,0,0
2026-08-13T03:50:57.815760,103,0,0,0,0,0
2026-08-13T03:50:57.815760,104,0,0,0,0,0
2026-08-13T03:50:57.819760,103,0,0,0,0,0
2026-08-13T03:50:57.819760,103,0,0,0,0,0
2026-08-13T03:50:57.819760,102,0,0,0,0,0
2026-08-13T03:50:57.819760,103,0,0,0,0,0
2026-08-13T03:50:57.823887,102,0,0,0,0,0
2026-08-13T03:50:57.824925,101,0,0,0,0,0
2026-08-13T03:50:57.824925,102,0,0,0,0,0
2026-08-13T03:50:57.826924,100,0,0,0,0,0
2026-08-13T03:50:57.827923,100,0,0,0,0,0
2026-08-13T03:50:57.827923,100,0,0,0,0,0
2026-08-13T03:50:57.831924,100,0,0,0,0,0
2026-08-13T03:50:57.831924,99,0,0,0,0,0
2026-08-13T03:50:57.831924,99,0,0,0,0,0
2026-08-13T03:50:57.832923,103,0,0,0,0,0
2026-08-13T03:50:57.835437,104,0,0,0,0,0
2026-08-13T03:50:57.836442,105,0,0,0,0,0
2026-08-13T03:50:57.836442,105,0,0,0,0,0
2026-08-13T03:50:57.839442,105,0,0,0,0,0
2026-08-13T03:50:57.840441,104,0,0,0,0,0
2026-08-13T03:50:57.840441,104,0,0,0,0,0
2026-08-13T03:50:57.841448,104,0,0,0,0,0
2026-08-13T03:50:57.844333,103,0,0,0,0,0
2026-08-13T03:50:57.844333,103,0,0,0,0,0
2026-08-13T03:50:57.844333,103,0,0,0,0,0
2026-08-13T03:50:57.848339,102,0,0,0,0,0
2026-08-13T03:50:57.848339,102,0,0,0,0,0
2026-08-13T03:50:57.849324,102,0,0,0,0,0
2026-08-13T03:50:57.849324,102,0,0,0,0,0
2026-08-13T03:50:57.852455,102,0,0,0,0,0
2026-08-13T03:50:57.852455,103,0,0,0,0,0
2026-08-13T03:50:57.852455,103,0,0,0,0,0
2026-08-13T03:50:57.855993,105,0,0,0,0,0
2026-08-13T03:50:57.856988,106,0,0,0,0,0
2026-08-13T03:50:57.857980,106,0,0,0,0,0
2026-08-13T03:50:57.858976,106,0,0,0,0,0
2026-08-13T03:50:57.859975,106,0,0,0,0,0
2026-08-13T03:50:57.860990,104,0,0,0,0,0
2026-08-13T03:50:57.861976,105,0,0,0,0,0
2026-08-13T03:50:57.864664,104,0,0,0,0,0
2026-08-13T03:50:57.864664,103,0,0,0,0,0
2026-08-13T03:50:57.865690,103,0,0,0,0,0
2026-08-13T03:50:57.868812,102,0,0,0,0,0
2026-08-13T03:50:57.868812,102,0,0,0,0,0
2026-08-13T03:50:57.869830,102,0,0,0,0,0
2026-08-13T03:50:57.870829,102,0,0,0,0,0
2026-08-13T03:50:57.872294,102,0,0,0,0,0
2026-08-13T03:50:57.873316,103,0,0,0,0,0
2026-08-13T03:50:57.873831,105,0,0,0,0,0
2026-08-13T03:50:57.876856,105,0,0,0,0,0
2026-08-13T03:50:57.876856,105,0,0,0,0,0
2026-08-13T03:50:57.877848,105,0,0,0,0,0
2026-08-13T03:50:57.878847,105,0,0,0,0,0
2026-08-13T03:50:57.880843,104,0,0,0,0,0
2026-08-13T03:50:57.880843,103,0,0,0,0,0
2026-08-13T03:50:57.881845,103,0,0,0,0,0
2026-08-13T03:50:57.885255,101,0,0,0,0,0
2026-08-13T03:50:57.885255,101,0,0,0,0,0
2026-08-13T03:50:57.886264,101,0,0,0,0,0
2026-08-13T03:50:57.886264,100,0,0,0,0,0
2026-08-13T03:50:57.889263,100,0,0,0,0,0
2026-08-13T03:50:57.892264,100,0,0,0,0,0
2026-08-13T03:50:57.893771,100,0,0,0,0,0
2026-08-13T03:50:57.893771,100,0,0,0,0,0
2026-08-13T03:50:57.894782,102,0,0,0,0,0
2026-08-13T03:50:57.894782,103,0,0,0,0,0
2026-08-13T03:50:57.896789,104,0,0,0,0,0
2026-08-13T03:50:57.897789,105,0,0,0,0,0
2026-08-13T03:50:57.897789,105,0,0,0,0,0
2026-08-13T03:50:57.897789,105,0,0,0,0,0
2026-08-13T03:50:57.901592,103,0,0,0,0,0
2026-08-13T03:50:57.901592,103,0,0,0,0,0
2026-08-13T03:50:57.901592,103,0,0,0,0,0
2026-08-13T03:50:57.904627,102,0,0,0,0,0
2026-08-13T03:50:57.905835,102,0,0,0,0,0
2026-08-13T03:50:57.905835,101,0,0,0,0,0
2026-08-13T03:50:57.907569,101,0,0,0,0,0
2026-08-13T03:50:57.909590,100,0,0,0,0,0
2026-08-13T03:50:57.909590,100,0,0,0,0,0
2026-08-13T03:50:57.910582,100,0,0,0,0,0
2026-08-13T03:50:57.912597,100,0,0,0,0,0
2026-08-13T03:50:57.914105,101,0,0,0,0,0
2026-08-13T03:50:57.914105,103,0,0,0,0,0
2026-08-13T03:50:57.914105,103,0,0,0,0,0
2026-08-13T03:50:57.917112,104,0,0,0,0,0
2026-08-13T03:50:57.918112,103,0,0,0,0,0
2026-08-13T03:50:57.918112,103,0,0,0,0,0
2026-08-13T03:50:57.921628,102,0,0,0,0,0
2026-08-13T03:50:57.922627,103,0,0,0,0,0
2026-08-13T03:50:57.922627,102,0,0,0,0,0
2026-08-13T03:50:57.925144,102,0,0,0,0,0
2026-08-13T03:50:57.926151,101,0,0,0,0,0
2026-08-13T03:50:57.927213,101,0,0,0,0,0
2026-08-13T03:50:57.927799,100,0,0,0,0,0
2026-08-13T03:50:57.930064,99,0,0,0,0,0
2026-08-13T03:50:57.930570,100,0,0,0,0,0
2026-08-13T03:50:57.930570,100,0,0,0,0,0
2026-08-13T03:50:57.934089,100,0,0,0,0,0
2026-08-13T03:50:57.934089,103,0,0,0,0,0
2026-08-13T03:50:57.935098,103,0,0,0,0,0
2026-08-13T03:50:57.935098,104,0,0,0,0,0
2026-08-13T03:50:57.938106,104,0,0,0,0,0
2026-08-13T03:50:57.938611,105,0,0,0,0,0
2026-08-13T03:50:57.938611,104,0,0,0,0,0
2026-08-13T03:50:57.942128,103,0,0,0,0,0
2026-08-13T03:50:57.942128,104,0,0,0,0,0
2026-08-13T03:50:57.942128,103,0,0,0,0,0
2026-08-13T03:50:57.942128,102,0,0,0,0,0
2026-08-13T03:50:57.946663,102,0,0,0,0,0
2026-08-13T03:50:57.946663,101,0,0,0,0,0
2026-08-13T03:50:57.947664,101,0,0,0,0,0
2026-08-13T03:50:57.949663,100,0,0,0,0,0
2026-08-13T03:50:57.951174,101,0,0,0,0,0
2026-08-13T03:50:57.951174,101,0,0,0,0,0
2026-08-13T03:50:57.952185,102,0,0,0,0,0
2026-08-13T03:50:57.954692,103,0,0,0,0,0
2026-08-13T03:50:57.954692,104,0,0,0,0,0
2026-08-13T03:50:57.955701,105,0,0,0,0,0
2026-08-13T03:50:57.958713,104,0,0,0,0,0
2026-08-13T03:50:57.958713,105,0,0,0,0,0
2026-08-13T03:50:57.958713,103,0,0,0,0,0
2026-08-13T03:50:57.959710,103,0,0,0,0,0
2026-08-13T03:50:57.962710,104,0,0,0,0,0
2026-08-13T03:50:57.962710,102,0,0,0,0,0
2026-08-13T03:50:57.963708,101,0,0,0,0,0
2026-08-13T03:50:57.966729,102,0,0,0,0,0
2026-08-13T03:50:57.966729,101,0,0,0,0,0
2026-08-13T03:50:57.966729,102,0,0,0,0,0
2026-08-13T03:50:57.971093,101,0,0,0,0,0
2026-08-13T03:50:57.971598,101,0,0,0,0,0
2026-08-13T03:50:57.971598,101,0,0,0,0,0
2026-08-13T03:50:57.971598,102,0,0,0,0,0
2026-08-13T03:50:57.975120,104,0,0,0,0,0
2026-08-13T03:50:57.975120,104,0,0,0,0,0
2026-08-13T03:50:57.975120,104,0,0,0,0,0
2026-08-13T03:50:57.978639,104,0,0,0,0,0
2026-08-13T03:50:57.979639,104,0,0,0,0,0
2026-08-13T03:50:57.979639,103,0,0,0,0,0
2026-08-13T03:50:57.979639,102,0,0,0,0,0
2026-08-13T03:50:57.983638,103,0,0,0,0,0
2026-08-13T03:50:57.983638,102,0,0,0,0,0
2026-08-13T03:50:57.984146,102,0,0,0,0,0
2026-08-13T03:50:57.987162,101,0,0,0,0,0
2026-08-13T03:50:57.988165,101,0,0,0,0,0
2026-08-13T03:50:57.988165,100,0,0,0,0,0
2026-08-13T03:50:57.989164,100,0,0,0,0,0
2026-08-13T03:50:57.991162,102,0,0,0,0,0
2026-08-13T03:50:57.992163,101,0,0,0,0,0
2026-08-13T03:50:57.992163,102,0,0,0,0,0
2026-08-13T03:50:57.995893,104,0,0,0,0,0
2026-08-13T03:50:57.995893,104,0,0,0,0,0
2026-08-13T03:50:57.996400,106,0,0,0,0,0
2026-08-13T03:50:57.999410,106,0,0,0,0,0
2026-08-13T03:50:57.999410,106,0,0,0,0,0
2026-08-13T03:50:58.000409,105,0,0,0,0,0
2026-08-13T03:50:58.000409,106,0,0,0,0,0
2026-08-13T03:50:58.003784,106,0,0,0,0,0
2026-08-13T03:50:58.003784,105,0,0,0,0,0
2026-08-13T03:50:58.003784,105,0,0,0,0,0
2026-08-13T03:50:58.007561,105,0,0,0,0,0
2026-08-13T03:50:58.007561,105,0,0,0,0,0
2026-08-13T03:50:58.008563,105,0,0,0,0,0
2026-08-13T03:50:58.008563,106,0,0,0,0,0
2026-08-13T03:50:58.011649,106,0,0,0,0,0
2026-08-13T03:50:58.012648,105,0,0,0,0,0
2026-08-13T03:50:58.012648,109,0,0,0,0,0
2026-08-13T03:50:58.015530,110,0,0,0,0,0
2026-08-13T03:50:58.016539,110,0,0,0,0,0
2026-08-13T03:50:58.016539,110,0,0,0,0,0
2026-08-13T03:50:58.016539,110,0,0,0,0,0
2026-08-13T03:50:58.020152,109,0,0,0,0,0
2026-08-13T03:50:58.020152,109,0,0,0,0,0
2026-08-13T03:50:58.020152,110,0,0,0,0,0
2026-08-13T03:50:58.024665,108,0,0,0,0,0
2026-08-13T03:50:58.024665,107,0,0,0,0,0
2026-08-13T03:50:58.024665,107,0,0,0,0,0
2026-08-13T03:50:58.025660,106,0,0,0,0,0
2026-08-13T03:50:58.027800,106,0,0,0,0,0
2026-08-13T03:50:58.028772,105,0,0,0,0,0
2026-08-13T03:50:58.028772,105,0,0,0,0,0
2026-08-13T03:50:58.032667,105,0,0,0,0,0
2026-08-13T03:50:58.032667,105,0,0,0,0,0
2026-08-13T03:50:58.032667,107,0,0,0,0,0
2026-08-13T03:50:58.036202,108,0,0,0,0,0
2026-08-13T03:50:58.037202,108,0,0,0,0,0
2026-08-13T03:50:58.037202,108,0,0,0,0,0
2026-08-13T03:50:58.038200,108,0,0,0,0,0
2026-08-13T03:50:58.040201,107,0,0,0,0,0
2026-08-13T03:50:58.041198,105,0,0,0,0,0
2026-08-13T03:50:58.041198,106,0,0,0,0,0
2026-08-13T03:50:58.044819,105,0,0,0,0,0
2026-08-13T03:50:58.044819,104,0,0,0,0,0
2026-08-13T03:50:58.044819,105,0,0,0,0,0
2026-08-13T03:50:58.045819,102,0,0,0,0,0
2026-08-13T03:50:58.048935,102,0,0,0,0,0
2026-08-13T03:50:58.048935,102,0,0,0,0,0
2026-08-13T03:50:58.048935,103,0,0,0,0,0
2026-08-13T03:50:58.052228,102,0,0,0,0,0
2026-08-13T03:50:58.052228,103,0,0,0,0,0
2026-08-13T03:50:58.053735,105,0,0,0,0,0
2026-08-13T03:50:58.053735,106,0,0,0,0,0
2026-08-13T03:50:58.056752,106,0,0,0,0,0
2026-08-13T03:50:58.057750,106,0,0,0,0,0
2026-08-13T03:50:58.057750,106,0,0,0,0,0
2026-08-13T03:50:58.061133,105,0,0,0,0,0
2026-08-13T03:50:58.061133,104,0,0,0,0,0
2026-08-13T03:50:58.062124,106,0,0,0,0,0
2026-08-13T03:50:58.064874,103,0,0,0,0,0
2026-08-13T03:50:58.064874,103,0,0,0,0,0
2026-08-13T03:50:58.065874,103,0,0,0,0,0
2026-08-13T03:50:58.065874,103,0,0,0,0,0
2026-08-13T03:50:58.069627,103,0,0,0,0,0
2026-08-13T03:50:58.069627,102,0,0,0,0,0
2026-08-13T03:50:58.069627,103,0,0,0,0,0
2026-08-13T03:50:58.072514,103,0,0,0,0,0
2026-08-13T03:50:58.074028,104,0,0,0,0,0
2026-08-13T03:50:58.074028,106,0,0,0,0,0
2026-08-13T03:50:58.075040,106,0,0,0,0,0
2026-08-13T03:50:58.077051,106,0,0,0,0,0
2026-08-13T03:50:58.078050,106,0,0,0,0,0
2026-08-13T03:50:58.078050,107,0,0,0,0,0
2026-08-13T03:50:58.081049,105,0,0,0,0,0
2026-08-13T03:50:58.082047,105,0,0,0,0,0
2026-08-13T03:50:58.082047,106,0,0,0,0,0
2026-08-13T03:50:58.083049,104,0,0,0,0,0
2026-08-13T03:50:58.085561,104,0,0,0,0,0
2026-08-13T03:50:58.085561,103,0,0,0,0,0
2026-08-13T03:50:58.086567,103,0,0,0,0,0
2026-08-13T03:50:58.089568,102,0,0,0,0,0
2026-08-13T03:50:58.090567,103,0,0,0,0,0
2026-08-13T03:50:58.090567,102,0,0,0,0,0
2026-08-13T03:50:58.091570,102,0,0,0,0,0
2026-08-13T03:50:58.094079,103,0,0,0,0,0
2026-08-13T03:50:58.094079,105,0,0,0,0,0
2026-08-13T03:50:58.095093,105,0,0,0,0,0
2026-08-13T03:50:58.097429,106,0,0,0,0,0
2026-08-13T03:50:58.098413,106,0,0,0,0,0
2026-08-13T03:50:58.099413,105,0,0,0,0,0
2026-08-13T03:50:58.101426,104,0,0,0,0,0
2026-08-13T03:50:58.102414,104,0,0,0,0,0
2026-08-13T03:50:58.102414,104,0,0,0,0,0
2026-08-13T03:50:58.103920,103,0,0,0,0,0
2026-08-13T03:50:58.105939,103,0,0,0,0,0
2026-08-13T03:50:58.106943,102,0,0,0,0,0
2026-08-13T03:50:58.106943,102,0,0,0,0,0
2026-08-13T03:50:58.110629,100,0,0,0,0,0
2026-08-13T03:50:58.110629,101,0,0,0,0,0
2026-08-13T03:50:58.110629,101,0,0,0,0,0
2026-08-13T03:50:58.111588,100,0,0,0,0,0
2026-08-13T03:50:58.114593,103,0,0,0,0,0
2026-08-13T03:50:58.114593,104,0,0,0,0,0
2026-08-13T03:50:58.115610,105,0,0,0,0,0
2026-08-13T03:50:58.118733,104,0,0,0,0,0
2026-08-13T03:50:58.118733,105,0,0,0,0,0
2026-08-13T03:50:58.118733,104,0,0,0,0,0
2026-08-13T03:50:58.119755,103,0,0,0,0,0
2026-08-13T03:50:58.122763,103,0,0,0,0,0
2026-08-13T03:50:58.122763,102,0,0,0,0,0
2026-08-13T03:50:58.123754,101,0,0,0,0,0
2026-08-13T03:50:58.126288,102,0,0,0,0,0
2026-08-13T03:50:58.127285,101,0,0,0,0,0
2026-08-13T03:50:58.127285,100,0,0,0,0,0
2026-08-13T03:50:58.130285,99,0,0,0,0,0
2026-08-13T03:50:58.131286,100,0,0,0,0,0
2026-08-13T03:50:58.131286,100,0,0,0,0,0
2026-08-13T03:50:58.132290,101,0,0,0,0,0
2026-08-13T03:50:58.134855,103,0,0,0,0,0
2026-08-13T03:50:58.134855,103,0,0,0,0,0
2026-08-13T03:50:58.135843,105,0,0,0,0,0
2026-08-13T03:50:58.138852,104,0,0,0,0,0
2026-08-13T03:50:58.139843,104,0,0,0,0,0
2026-08-13T03:50:58.140840,103,0,0,0,0,0
2026-08-13T03:50:58.141845,102,0,0,0,0,0
2026-08-13T03:50:58.142844,104,0,0,0,0,0
2026-08-13T03:50:58.143841,102,0,0,0,0,0
2026-08-13T03:50:58.144349,101,0,0,0,0,0
2026-08-13T03:50:58.147164,101,0,0,0,0,0
2026-08-13T03:50:58.147164,100,0,0,0,0,0
2026-08-13T03:50:58.148167,100,0,0,0,0,0
2026-08-13T03:50:58.148167,100,0,0,0,0,0
2026-08-13T03:50:58.151443,100,0,0,0,0,0
2026-08-13T03:50:58.151443,99,0,0,0,0,0
2026-08-13T03:50:58.152571,101,0,0,0,0,0
2026-08-13T03:50:58.155195,103,0,0,0,0,0
2026-08-13T03:50:58.156209,103,0,0,0,0,0
2026-08-13T03:50:58.156209,103,0,0,0,0,0
2026-08-13T03:50:58.157203,103,0,0,0,0,0
2026-08-13T03:50:58.159207,104,0,0,0,0,0
2026-08-13T03:50:58.160197,102,0,0,0,0,0
2026-08-13T03:50:58.160197,102,0,0,0,0,0
2026-08-13T03:50:58.163703,103,0,0,0,0,0
2026-08-13T03:50:58.163703,102,0,0,0,0,0
2026-08-13T03:50:58.164714,101,0,0,0,0,0
2026-08-13T03:50:58.167712,100,0,0,0,0,0
2026-08-13T03:50:58.167712,100,0,0,0,0,0
2026-08-13T03:50:58.168712,99,0,0,0,0,0
2026-08-13T03:50:58.168712,99,0,0,0,0,0
2026-08-13T03:50:58.171711,100,0,0,0,0,0
2026-08-13T03:50:58.171711,100,0,0,0,0,0
2026-08-13T03:50:58.172711,102,0,0,0,0,0
2026-08-13T03:50:58.175227,103,0,0,0,0,0
2026-08-13T03:50:58.176233,103,0,0,0,0,0
2026-08-13T03:50:58.176233,105,0,0,0,0,0
2026-08-13T03:50:58.177236,105,0,0,0,0,0
2026-08-13T03:50:58.179233,104,0,0,0,0,0
2026-08-13T03:50:58.180232,103,0,0,0,0,0
2026-08-13T03:50:58.180232,103,0,0,0,0,0
2026-08-13T03:50:58.184230,104,0,0,0,0,0
2026-08-13T03:50:58.184230,102,0,0,0,0,0
2026-08-13T03:50:58.184230,102,0,0,0,0,0
2026-08-13T03:50:58.185281,101,0,0,0,0,0
2026-08-13T03:50:58.188318,101,0,0,0,0,0
2026-08-13T03:50:58.188318,99,0,0,0,0,0
2026-08-13T03:50:58.189358,100,0,0,0,0,0
2026-08-13T03:50:58.192413,100,0,0,0,0,0
2026-08-13T03:50:58.192413,100,0,0,0,0,0
2026-08-13T03:50:58.193940,102,0,0,0,0,0
2026-08-13T03:50:58.193940,103,0,0,0,0,0
2026-08-13T03:50:58.196488,104,0,0,0,0,0
2026-08-13T03:50:58.196488,105,0,0,0,0,0
2026-08-13T03:50:58.197506,104,0,0,0,0,0
2026-08-13T03:50:58.200587,104,0,0,0,0,0
2026-08-13T03:50:58.200587,103,0,0,0,0,0
2026-08-13T03:50:58.201624,103,0,0,0,0,0
2026-08-13T03:50:58.204153,103,0,0,0,0,0
2026-08-13T03:50:58.205165,101,0,0,0,0,0
2026-08-13T03:50:58.206166,101,0,0,0,0,0
2026-08-13T03:50:58.208168,100,0,0,0,0,0
2026-08-13T03:50:58.209165,100,0,0,0,0,0
2026-08-13T03:50:58.210165,99,0,0,0,0,0
2026-08-13T03:50:58.210165,99,0,0,0,0,0
2026-08-13T03:50:58.212166,99,0,0,0,0,0
2026-08-13T03:50:58.213676,99,0,0,0,0,0
2026-08-13T03:50:58.213676,102,0,0,0,0,0
2026-08-13T03:50:58.214695,102,0,0,0,0,0
2026-08-13T03:50:58.216686,103,0,0,0,0,0
2026-08-13T03:50:58.217701,102,0,0,0,0,0
2026-08-13T03:50:58.217701,103,0,0,0,0,0
2026-08-13T03:50:58.220701,103,0,0,0,0,0
2026-08-13T03:50:58.220701,101,0,0,0,0,0
2026-08-13T03:50:58.221701,102,0,0,0,0,0
2026-08-13T03:50:58.221701,101,0,0,0,0,0
2026-08-13T03:50:58.224937,100,0,0,0,0,0
2026-08-13T03:50:58.224937,100,0,0,0,0,0
2026-08-13T03:50:58.225938,100,0,0,0,0,0
2026-08-13T03:50:58.229051,98,0,0,0,0,0
2026-08-13T03:50:58.229051,98,0,0,0,0,0
2026-08-13T03:50:58.230063,100,0,0,0,0,0
2026-08-13T03:50:58.233075,99,0,0,0,0,0
2026-08-13T03:50:58.234069,100,0,0,0,0,0
2026-08-13T03:50:58.234582,101,0,0,0,0,0
2026-08-13T03:50:58.235598,102,0,0,0,0,0
2026-08-13T03:50:58.236613,103,0,0,0,0,0
2026-08-13T03:50:58.237612,102,0,0,0,0,0
2026-08-13T03:50:58.237612,102,0,0,0,0,0
2026-08-13T03:50:58.241501,102,0,0,0,0,0
2026-08-13T03:50:58.241501,102,0,0,0,0,0
2026-08-13T03:50:58.241501,102,0,0,0,0,0
2026-08-13T03:50:58.242502,100,0,0,0,0,0
2026-08-13T03:50:58.245023,100,0,0,0,0,0
2026-08-13T03:50:58.246034,99,0,0,0,0,0
2026-08-13T03:50:58.246034,97,0,0,0,0,0
2026-08-13T03:50:58.249183,98,0,0,0,0,0
2026-08-13T03:50:58.249183,97,0,0,0,0,0
2026-08-13T03:50:58.249183,98,0,0,0,0,0
2026-08-13T03:50:58.250623,98,0,0,0,0,0
2026-08-13T03:50:58.253637,99,0,0,0,0,0
2026-08-13T03:50:58.254144,101,0,0,0,0,0
2026-08-13T03:50:58.254144,102,0,0,0,0,0
2026-08-13T03:50:58.257157,102,0,0,0,0,0
2026-08-13T03:50:58.258159,103,0,0,0,0,0
2026-08-13T03:50:58.258159,102,0,0,0,0,0
2026-08-13T03:50:58.258159,101,0,0,0,0,0
2026-08-13T03:50:58.261772,101,0,0,0,0,0
2026-08-13T03:50:58.261772,101,0,0,0,0,0
2026-08-13T03:50:58.262781,99,0,0,0,0,0
2026-08-13T03:50:58.266074,99,0,0,0,0,0
2026-08-13T03:50:58.266074,99,0,0,0,0,0
2026-08-13T03:50:58.267052,98,0,0,0,0,0
2026-08-13T03:50:58.270065,98,0,0,0,0,0
2026-08-13T03:50:58.270065,98,0,0,0,0,0
2026-08-13T03:50:58.271052,98,0,0,0,0,0
2026-08-13T03:50:58.271052,98,0,0,0,0,0
2026-08-13T03:50:58.274056,100,0,0,0,0,0
2026-08-13T03:50:58.274565,102,0,0,0,0,0
2026-08-13T03:50:58.274565,102,0,0,0,0,0
2026-08-13T03:50:58.277587,103,0,0,0,0,0
2026-08-13T03:50:58.278573,102,0,0,0,0,0
2026-08-13T03:50:58.279589,102,0,0,0,0,0
2026-08-13T03:50:58.279589,101,0,0,0,0,0
2026-08-13T03:50:58.281634,101,0,0,0,0,0
2026-08-13T03:50:58.282653,101,0,0,0,0,0
2026-08-13T03:50:58.283657,99,0,0,0,0,0
2026-08-13T03:50:58.286611,100,0,0,0,0,0
2026-08-13T03:50:58.286611,99,0,0,0,0,0
2026-08-13T03:50:58.287627,99,0,0,0,0,0
2026-08-13T03:50:58.287627,98,0,0,0,0,0
2026-08-13T03:50:58.290625,98,0,0,0,0,0
2026-08-13T03:50:58.291629,98,0,0,0,0,0
2026-08-13T03:50:58.291629,98,0,0,0,0,0
2026-08-13T03:50:58.294142,101,0,0,0,0,0
2026-08-13T03:50:58.295154,101,0,0,0,0,0
2026-08-13T03:50:58.296162,103,0,0,0,0,0
2026-08-13T03:50:58.298174,103,0,0,0,0,0
2026-08-13T03:50:58.299173,103,0,0,0,0,0
2026-08-13T03:50:58.300172,102,0,0,0,0,0
2026-08-13T03:50:58.300172,101,0,0,0,0,0
2026-08-13T03:50:58.302187,102,0,0,0,0,0
2026-08-13T03:50:58.303712,101,0,0,0,0,0
2026-08-13T03:50:58.303712,100,0,0,0,0,0
2026-08-13T03:50:58.306744,100,0,0,0,0,0
2026-08-13T03:50:58.307737,99,0,0,0,0,0
2026-08-13T03:50:58.307737,98,0,0,0,0,0
2026-08-13T03:50:58.308735,98,0,0,0,0,0
2026-08-13T03:50:58.310748,99,0,0,0,0,0
2026-08-13T03:50:58.311747,99,0,0,0,0,0
2026-08-13T03:50:58.311747,98,0,0,0,0,0
2026-08-13T03:50:58.315242,101,0,0,0,0,0
2026-08-13T03:50:58.315242,102,0,0,0,0,0
2026-08-13T03:50:58.316249,102,0,0,0,0,0
2026-08-13T03:50:58.316249,101,0,0,0,0,0
2026-08-13T03:50:58.319249,102,0,0,0,0,0
2026-08-13T03:50:58.319249,102,0,0,0,0,0
2026-08-13T03:50:58.320250,101,0,0,0,0,0
2026-08-13T03:50:58.322249,102,0,0,0,0,0
2026-08-13T03:50:58.323755,100,0,0,0,0,0
2026-08-13T03:50:58.324768,99,0,0,0,0,0
2026-08-13T03:50:58.324768,100,0,0,0,0,0
2026-08-13T03:50:58.327691,98,0,0,0,0,0
2026-08-13T03:50:58.327691,98,0,0,0,0,0
2026-08-13T03:50:58.328701,98,0,0,0,0,0
2026-08-13T03:50:58.331701,99,0,0,0,0,0
2026-08-13T03:50:58.331701,98,0,0,0,0,0
2026-08-13T03:50:58.332701,99,0,0,0,0,0
2026-08-13T03:50:58.335271,101,0,0,0,0,0
2026-08-13T03:50:58.336289,102,0,0,0,0,0
2026-08-13T03:50:58.336289,103,0,0,0,0,0
2026-08-13T03:50:58.337271,102,0,0,0,0,0
2026-08-13T03:50:58.339284,102,0,0,0,0,0
2026-08-13T03:50:58.340270,101,0,0,0,0,0
2026-08-13T03:50:58.340270,102,0,0,0,0,0
2026-08-13T03:50:58.343782,102,0,0,0,0,0
2026-08-13T03:50:58.343782,100,0,0,0,0,0
2026-08-13T03:50:58.344793,100,0,0,0,0,0
2026-08-13T03:50:58.344793,99,0,0,0,0,0
2026-08-13T03:50:58.348040,99,0,0,0,0,0
2026-08-13T03:50:58.348040,99,0,0,0,0,0
2026-08-13T03:50:58.348040,98,0,0,0,0,0
2026-08-13T03:50:58.352139,99,0,0,0,0,0
2026-08-13T03:50:58.352139,99,0,0,0,0,0
2026-08-13T03:50:58.353248,100,0,0,0,0,0
2026-08-13T03:50:58.353755,103,0,0,0,0,0
2026-08-13T03:50:58.356230,103,0,0,0,0,0
2026-08-13T03:50:58.356230,104,0,0,0,0,0
2026-08-13T03:50:58.357276,104,0,0,0,0,0
2026-08-13T03:50:58.360298,104,0,0,0,0,0
2026-08-13T03:50:58.360298,103,0,0,0,0,0
2026-08-13T03:50:58.361286,104,0,0,0,0,0
2026-08-13T03:50:58.363822,103,0,0,0,0,0
2026-08-13T03:50:58.364843,102,0,0,0,0,0
2026-08-13T03:50:58.365844,102,0,0,0,0,0
2026-08-13T03:50:58.365844,102,0,0,0,0,0
2026-08-13T03:50:58.367856,102,0,0,0,0,0
2026-08-13T03:50:58.368843,101,0,0,0,0,0
2026-08-13T03:50:58.368843,102,0,0,0,0,0
2026-08-13T03:50:58.371842,102,0,0,0,0,0
2026-08-13T03:50:58.372843,102,0,0,0,0,0
2026-08-13T03:50:58.373843,105,0,0,0,0,0
2026-08-13T03:50:58.374947,106,0,0,0,0,0
2026-08-13T03:50:58.375948,106,0,0,0,0,0
2026-08-13T03:50:58.376958,107,0,0,0,0,0
2026-08-13T03:50:58.377961,107,0,0,0,0,0
2026-08-13T03:50:58.379961,106,0,0,0,0,0
2026-08-13T03:50:58.380958,106,0,0,0,0,0
2026-08-13T03:50:58.381970,107,0,0,0,0,0
2026-08-13T03:50:58.382962,105,0,0,0,0,0
2026-08-13T03:50:58.383960,106,0,0,0,0,0
2026-08-13T03:50:58.385279,106,0,0,0,0,0
2026-08-13T03:50:58.385279,104,0,0,0,0,0
2026-08-13T03:50:58.388288,103,0,0,0,0,0
2026-08-13T03:50:58.389287,104,0,0,0,0,0
2026-08-13T03:50:58.390288,104,0,0,0,0,0
2026-08-13T03:50:58.391288,104,0,0,0,0,0
2026-08-13T03:50:58.392291,104,0,0,0,0,0
2026-08-13T03:50:58.393802,107,0,0,0,0,0
2026-08-13T03:50:58.393802,107,0,0,0,0,0
2026-08-13T03:50:58.396823,108,0,0,0,0,0
2026-08-13T03:50:58.397846,108,0,0,0,0,0
2026-08-13T03:50:58.397846,108,0,0,0,0,0
2026-08-13T03:50:58.400826,107,0,0,0,0,0
2026-08-13T03:50:58.401824,106,0,0,0,0,0
2026-08-13T03:50:58.401824,107,0,0,0,0,0
2026-08-13T03:50:58.402825,106,0,0,0,0,0
2026-08-13T03:50:58.405205,106,0,0,0,0,0
2026-08-13T03:50:58.405205,105,0,0,0,0,0
2026-08-13T03:50:58.406217,104,0,0,0,0,0
2026-08-13T03:50:58.409264,104,0,0,0,0,0
2026-08-13T03:50:58.410260,104,0,0,0,0,0
2026-08-13T03:50:58.410260,105,0,0,0,0,0
2026-08-13T03:50:58.411260,105,0,0,0,0,0
2026-08-13T03:50:58.412260,107,0,0,0,0,0
2026-08-13T03:50:58.413770,109,0,0,0,0,0
2026-08-13T03:50:58.414780,110,0,0,0,0,0
2026-08-13T03:50:58.417787,111,0,0,0,0,0
2026-08-13T03:50:58.417787,111,0,0,0,0,0
2026-08-13T03:50:58.418787,113,0,0,0,0,0
2026-08-13T03:50:58.418787,113,0,0,0,0,0
2026-08-13T03:50:58.421786,112,0,0,0,0,0
2026-08-13T03:50:58.421786,114,0,0,0,0,0
2026-08-13T03:50:58.422790,112,0,0,0,0,0
2026-08-13T03:50:58.425299,112,0,0,0,0,0
2026-08-13T03:50:58.426301,112,0,0,0,0,0
2026-08-13T03:50:58.426301,111,0,0,0,0,0
2026-08-13T03:50:58.429472,111,0,0,0,0,0
2026-08-13T03:50:58.429472,109,0,0,0,0,0
2026-08-13T03:50:58.430489,109,0,0,0,0,0
2026-08-13T03:50:58.430489,108,0,0,0,0,0
2026-08-13T03:50:58.433929,109,0,0,0,0,0
2026-08-13T03:50:58.434552,109,0,0,0,0,0
2026-08-13T03:50:58.435081,109,0,0,0,0,0
2026-08-13T03:50:58.435081,109,0,0,0,0,0
2026-08-13T03:50:58.438139,109,0,0,0,0,0
2026-08-13T03:50:58.438139,108,0,0,0,0,0
2026-08-13T03:50:58.438139,107,0,0,0,0,0
2026-08-13T03:50:58.442273,108,0,0,0,0,0
2026-08-13T03:50:58.442273,107,0,0,0,0,0
2026-08-13T03:50:58.442273,105,0,0,0,0,0
2026-08-13T03:50:58.446271,105,0,0,0,0,0
2026-08-13T03:50:58.446271,104,0,0,0,0,0
2026-08-13T03:50:58.447294,103,0,0,0,0,0
2026-08-13T03:50:58.448290,103,0,0,0,0,0
2026-08-13T03:50:58.450294,103,0,0,0,0,0
2026-08-13T03:50:58.451293,104,0,0,0,0,0
2026-08-13T03:50:58.451293,103,0,0,0,0,0
2026-08-13T03:50:58.453810,105,0,0,0,0,0
2026-08-13T03:50:58.454822,107,0,0,0,0,0
2026-08-13T03:50:58.455826,107,0,0,0,0,0
2026-08-13T03:50:58.455826,108,0,0,0,0,0
2026-08-13T03:50:58.458822,107,0,0,0,0,0
2026-08-13T03:50:58.458822,106,0,0,0,0,0
2026-08-13T03:50:58.459827,105,0,0,0,0,0
2026-08-13T03:50:58.462820,106,0,0,0,0,0
2026-08-13T03:50:58.462820,105,0,0,0,0,0
2026-08-13T03:50:58.463822,103,0,0,0,0,0
2026-08-13T03:50:58.466343,103,0,0,0,0,0
2026-08-13T03:50:58.467323,102,0,0,0,0,0
2026-08-13T03:50:58.467323,102,0,0,0,0,0
2026-08-13T03:50:58.468322,101,0,0,0,0,0
2026-08-13T03:50:58.470334,101,0,0,0,0,0
2026-08-13T03:50:58.471333,101,0,0,0,0,0
2026-08-13T03:50:58.471333,100,0,0,0,0,0
2026-08-13T03:50:58.474866,103,0,0,0,0,0
2026-08-13T03:50:58.474866,104,0,0,0,0,0
2026-08-13T03:50:58.475865,104,0,0,0,0,0
2026-08-13T03:50:58.476873,104,0,0,0,0,0
2026-08-13T03:50:58.478898,104,0,0,0,0,0
2026-08-13T03:50:58.478898,103,0,0,0,0,0
2026-08-13T03:50:58.479873,103,0,0,0,0,0
2026-08-13T03:50:58.483233,103,0,0,0,0,0
2026-08-13T03:50:58.483771,102,0,0,0,0,0
2026-08-13T03:50:58.483771,101,0,0,0,0,0
2026-08-13T03:50:58.484794,102,0,0,0,0,0
2026-08-13T03:50:58.487313,100,0,0,0,0,0
2026-08-13T03:50:58.487313,100,0,0,0,0,0
2026-08-13T03:50:58.488349,100,0,0,0,0,0
2026-08-13T03:50:58.490756,100,0,0,0,0,0
2026-08-13T03:50:58.491759,100,0,0,0,0,0
2026-08-13T03:50:58.492758,100,0,0,0,0,0
2026-08-13T03:50:58.494269,104,0,0,0,0,0
2026-08-13T03:50:58.495284,104,0,0,0,0,0
2026-08-13T03:50:58.496296,104,0,0,0,0,0
2026-08-13T03:50:58.496296,103,0,0,0,0,0
2026-08-13T03:50:58.499297,104,0,0,0,0,0
2026-08-13T03:50:58.499297,103,0,0,0,0,0
2026-08-13T03:50:58.500293,102,0,0,0,0,0
2026-08-13T03:50:58.502312,103,0,0,0,0,0
2026-08-13T03:50:58.503837,102,0,0,0,0,0
2026-08-13T03:50:58.504855,102,0,0,0,0,0
2026-08-13T03:50:58.504855,102,0,0,0,0,0
2026-08-13T03:50:58.507856,101,0,0,0,0,0
2026-08-13T03:50:58.507856,100,0,0,0,0,0
2026-08-13T03:50:58.508854,100,0,0,0,0,0
2026-08-13T03:50:58.511871,101,0,0,0,0,0
2026-08-13T03:50:58.511871,101,0,0,0,0,0
2026-08-13T03:50:58.512856,102,0,0,0,0,0
2026-08-13T03:50:58.512856,103,0,0,0,0,0
2026-08-13T03:50:58.515368,105,0,0,0,0,0
2026-08-13T03:50:58.516373,105,0,0,0,0,0
2026-08-13T03:50:58.516373,105,0,0,0,0,0
2026-08-13T03:50:58.519374,103,0,0,0,0,0
2026-08-13T03:50:58.520373,103,0,0,0,0,0
2026-08-13T03:50:58.520373,103,0,0,0,0,0
2026-08-13T03:50:58.520373,104,0,0,0,0,0
2026-08-13T03:50:58.523876,102,0,0,0,0,0
2026-08-13T03:50:58.523876,101,0,0,0,0,0
2026-08-13T03:50:58.524883,100,0,0,0,0,0
2026-08-13T03:50:58.527902,100,0,0,0,0,0
2026-08-13T03:50:58.527902,99,0,0,0,0,0
2026-08-13T03:50:58.528889,100,0,0,0,0,0
2026-08-13T03:50:58.531903,99,0,0,0,0,0
2026-08-13T03:50:58.531903,99,0,0,0,0,0
2026-08-13T03:50:58.532887,100,0,0,0,0,0
2026-08-13T03:50:58.532887,102,0,0,0,0,0
2026-08-13T03:50:58.536536,102,0,0,0,0,0
2026-08-13T03:50:58.536536,102,0,0,0,0,0
2026-08-13T03:50:58.536536,102,0,0,0,0,0
2026-08-13T03:50:58.540568,103,0,0,0,0,0
2026-08-13T03:50:58.540568,101,0,0,0,0,0
2026-08-13T03:50:58.541560,102,0,0,0,0,0
2026-08-13T03:50:58.541560,101,0,0,0,0,0
2026-08-13T03:50:58.544072,99,0,0,0,0,0
2026-08-13T03:50:58.545084,100,0,0,0,0,0
2026-08-13T03:50:58.546088,99,0,0,0,0,0
2026-08-13T03:50:58.548099,99,0,0,0,0,0
2026-08-13T03:50:58.549097,98,0,0,0,0,0
2026-08-13T03:50:58.550100,98,0,0,0,0,0
2026-08-13T03:50:58.550100,98,0,0,0,0,0
2026-08-13T03:50:58.552658,98,0,0,0,0,0
2026-08-13T03:50:58.552658,100,0,0,0,0,0
2026-08-13T03:50:58.553652,102,0,0,0,0,0
2026-08-13T03:50:58.556940,102,0,0,0,0,0
2026-08-13T03:50:58.556940,103,0,0,0,0,0
2026-08-13T03:50:58.556940,103,0,0,0,0,0
2026-08-13T03:50:58.558031,102,0,0,0,0,0
2026-08-13T03:50:58.561033,101,0,0,0,0,0
2026-08-13T03:50:58.561033,102,0,0,0,0,0
2026-08-13T03:50:58.562030,101,0,0,0,0,0
2026-08-13T03:50:58.564676,99,0,0,0,0,0
2026-08-13T03:50:58.565689,100,0,0,0,0,0
2026-08-13T03:50:58.565689,99,0,0,0,0,0
2026-08-13T03:50:58.569240,99,0,0,0,0,0
2026-08-13T03:50:58.569240,98,0,0,0,0,0
2026-08-13T03:50:58.570255,98,0,0,0,0,0
2026-08-13T03:50:58.570255,98,0,0,0,0,0
2026-08-13T03:50:58.573338,99,0,0,0,0,0
2026-08-13T03:50:58.573957,101,0,0,0,0,0
2026-08-13T03:50:58.574980,102,0,0,0,0,0
2026-08-13T03:50:58.576980,102,0,0,0,0,0
2026-08-13T03:50:58.577976,102,0,0,0,0,0
2026-08-13T03:50:58.577976,102,0,0,0,0,0
2026-08-13T03:50:58.578979,101,0,0,0,0,0
2026-08-13T03:50:58.580990,100,0,0,0,0,0
2026-08-13T03:50:58.581975,101,0,0,0,0,0
2026-08-13T03:50:58.581975,100,0,0,0,0,0
2026-08-13T03:50:58.585495,100,0,0,0,0,0
2026-08-13T03:50:58.586510,99,0,0,0,0,0
2026-08-13T03:50:58.586510,99,0,0,0,0,0
2026-08-13T03:50:58.587511,98,0,0,0,0,0
2026-08-13T03:50:58.589503,98,0,0,0,0,0
2026-08-13T03:50:58.590507,100,0,0,0,0,0
2026-08-13T03:50:58.590507,98,0,0,0,0,0
2026-08-13T03:50:58.592508,99,0,0,0,0,0
2026-08-13T03:50:58.594018,101,0,0,0,0,0
2026-08-13T03:50:58.595032,102,0,0,0,0,0
2026-08-13T03:50:58.598033,103,0,0,0,0,0
2026-08-13T03:50:58.598033,102,0,0,0,0,0
2026-08-13T03:50:58.599045,102,0,0,0,0,0
2026-08-13T03:50:58.600031,102,0,0,0,0,0
2026-08-13T03:50:58.602038,101,0,0,0,0,0
2026-08-13T03:50:58.602038,102,0,0,0,0,0
2026-08-13T03:50:58.603043,100,0,0,0,0,0
2026-08-13T03:50:58.605264,100,0,0,0,0,0
2026-08-13T03:50:58.606263,100,0,0,0,0,0
2026-08-13T03:50:58.607267,99,0,0,0,0,0
2026-08-13T03:50:58.607267,98,0,0,0,0,0
2026-08-13T03:50:58.609746,98,0,0,0,0,0
2026-08-13T03:50:58.610745,98,0,0,0,0,0
2026-08-13T03:50:58.610745,97,0,0,0,0,0
2026-08-13T03:50:58.614289,99,0,0,0,0,0
2026-08-13T03:50:58.614289,102,0,0,0,0,0
2026-08-13T03:50:58.615417,102,0,0,0,0,0
2026-08-13T03:50:58.616416,103,0,0,0,0,0
2026-08-13T03:50:58.618388,102,0,0,0,0,0
2026-08-13T03:50:58.618388,102,0,0,0,0,0
2026-08-13T03:50:58.619418,102,0,0,0,0,0
2026-08-13T03:50:58.622419,102,0,0,0,0,0
2026-08-13T03:50:58.622419,101,0,0,0,0,0
2026-08-13T03:50:58.623949,98,0,0,0,0,0
2026-08-13T03:50:58.624970,100,0,0,0,0,0
2026-08-13T03:50:58.625975,100,0,0,0,0,0
2026-08-13T03:50:58.626971,99,0,0,0,0,0
2026-08-13T03:50:58.627966,98,0,0,0,0,0
2026-08-13T03:50:58.629967,99,0,0,0,0,0
2026-08-13T03:50:58.630968,98,0,0,0,0,0
2026-08-13T03:50:58.631970,98,0,0,0,0,0
2026-08-13T03:50:58.634475,100,0,0,0,0,0
2026-08-13T03:50:58.635483,101,0,0,0,0,0
2026-08-13T03:50:58.635483,101,0,0,0,0,0
2026-08-13T03:50:58.636491,102,0,0,0,0,0
2026-08-13T03:50:58.638490,103,0,0,0,0,0
2026-08-13T03:50:58.638490,102,0,0,0,0,0
2026-08-13T03:50:58.639490,101,0,0,0,0,0
2026-08-13T03:50:58.642490,101,0,0,0,0,0
2026-08-13T03:50:58.642490,100,0,0,0,0,0
2026-08-13T03:50:58.643997,100,0,0,0,0,0
2026-08-13T03:50:58.643997,100,0,0,0,0,0
2026-08-13T03:50:58.647005,99,0,0,0,0,0
2026-08-13T03:50:58.647005,99,0,0,0,0,0
2026-08-13T03:50:58.648006,98,0,0,0,0,0
2026-08-13T03:50:58.651001,98,0,0,0,0,0
2026-08-13T03:50:58.651001,99,0,0,0,0,0
2026-08-13T03:50:58.652002,98,0,0,0,0,0
2026-08-13T03:50:58.652540,101,0,0,0,0,0
2026-08-13T03:50:58.655083,102,0,0,0,0,0
2026-08-13T03:50:58.655083,102,0,0,0,0,0
2026-08-13T03:50:58.656095,102,0,0,0,0,0
2026-08-13T03:50:58.659094,102,0,0,0,0,0
2026-08-13T03:50:58.660080,101,0,0,0,0,0
2026-08-13T03:50:58.660080,101,0,0,0,0,0
2026-08-13T03:50:58.663081,102,0,0,0,0,0
2026-08-13T03:50:58.664084,101,0,0,0,0,0
2026-08-13T03:50:58.664084,99,0,0,0,0,0
2026-08-13T03:50:58.664084,100,0,0,0,0,0
2026-08-13T03:50:58.667461,99,0,0,0,0,0
2026-08-13T03:50:58.667461,98,0,0,0,0,0
2026-08-13T03:50:58.668448,98,0,0,0,0,0
2026-08-13T03:50:58.671447,98,0,0,0,0,0
2026-08-13T03:50:58.671447,98,0,0,0,0,0
2026-08-13T03:50:58.672445,99,0,0,0,0,0
2026-08-13T03:50:58.672445,101,0,0,0,0,0
2026-08-13T03:50:58.674971,102,0,0,0,0,0
2026-08-13T03:50:58.675979,103,0,0,0,0,0
2026-08-13T03:50:58.675979,102,0,0,0,0,0
2026-08-13T03:50:58.679814,101,0,0,0,0,0
2026-08-13T03:50:58.679814,101,0,0,0,0,0
2026-08-13T03:50:58.680830,101,0,0,0,0,0
2026-08-13T03:50:58.680830,102,0,0,0,0,0
2026-08-13T03:50:58.683913,100,0,0,0,0,0
2026-08-13T03:50:58.683913,100,0,0,0,0,0
2026-08-13T03:50:58.685042,100,0,0,0,0,0
2026-08-13T03:50:58.688014,98,0,0,0,0,0
2026-08-13T03:50:58.688014,98,0,0,0,0,0
2026-08-13T03:50:58.689036,98,0,0,0,0,0
2026-08-13T03:50:58.689036,98,0,0,0,0,0
2026-08-13T03:50:58.692105,98,0,0,0,0,0
2026-08-13T03:50:58.692105,100,0,0,0,0,0
2026-08-13T03:50:58.693656,101,0,0,0,0,0
2026-08-13T03:50:58.696212,101,0,0,0,0,0
2026-08-13T03:50:58.696212,102,0,0,0,0,0
2026-08-13T03:50:58.697228,102,0,0,0,0,0
2026-08-13T03:50:58.699472,102,0,0,0,0,0
2026-08-13T03:50:58.700449,101,0,0,0,0,0
2026-08-13T03:50:58.701456,101,0,0,0,0,0
2026-08-13T03:50:58.702454,101,0,0,0,0,0
2026-08-13T03:50:58.703990,100,0,0,0,0,0
2026-08-13T03:50:58.705014,100,0,0,0,0,0
2026-08-13T03:50:58.705014,99,0,0,0,0,0
2026-08-13T03:50:58.708027,99,0,0,0,0,0
2026-08-13T03:50:58.709031,98,0,0,0,0,0
2026-08-13T03:50:58.710025,98,0,0,0,0,0
2026-08-13T03:50:58.710025,99,0,0,0,0,0
2026-08-13T03:50:58.712027,98,0,0,0,0,0
2026-08-13T03:50:58.713027,100,0,0,0,0,0
2026-08-13T03:50:58.713027,101,0,0,0,0,0
2026-08-13T03:50:58.716550,101,0,0,0,0,0
2026-08-13T03:50:58.716550,103,0,0,0,0,0
2026-08-13T03:50:58.717550,102,0,0,0,0,0
2026-08-13T03:50:58.717550,102,0,0,0,0,0
2026-08-13T03:50:58.720790,101,0,0,0,0,0
2026-08-13T03:50:58.720790,101,0,0,0,0,0
2026-08-13T03:50:58.720790,101,0,0,0,0,0
2026-08-13T03:50:58.723943,100,0,0,0,0,0
2026-08-13T03:50:58.725095,100,0,0,0,0,0
2026-08-13T03:50:58.725095,99,0,0,0,0,0
2026-08-13T03:50:58.726103,98,0,0,0,0,0
2026-08-13T03:50:58.728953,98,0,0,0,0,0
2026-08-13T03:50:58.728953,98,0,0,0,0,0
2026-08-13T03:50:58.729961,99,0,0,0,0,0
2026-08-13T03:50:58.732731,98,0,0,0,0,0
2026-08-13T03:50:58.733734,100,0,0,0,0,0
2026-08-13T03:50:58.734246,102,0,0,0,0,0
2026-08-13T03:50:58.737269,102,0,0,0,0,0
2026-08-13T03:50:58.737269,103,0,0,0,0,0
2026-08-13T03:50:58.738260,102,0,0,0,0,0
2026-08-13T03:50:58.738260,102,0,0,0,0,0
2026-08-13T03:50:58.741257,100,0,0,0,0,0
2026-08-13T03:50:58.741257,102,0,0,0,0,0
2026-08-13T03:50:58.742259,101,0,0,0,0,0
2026-08-13T03:50:58.744779,99,0,0,0,0,0
2026-08-13T03:50:58.745780,101,0,0,0,0,0
2026-08-13T03:50:58.745780,99,0,0,0,0,0
2026-08-13T03:50:58.746779,99,0,0,0,0,0
2026-08-13T03:50:58.749323,97,0,0,0,0,0
2026-08-13T03:50:58.749323,99,0,0,0,0,0
2026-08-13T03:50:58.750332,98,0,0,0,0,0
2026-08-13T03:50:58.753048,98,0,0,0,0,0
2026-08-13T03:50:58.753851,102,0,0,0,0,0
2026-08-13T03:50:58.754360,102,0,0,0,0,0
2026-08-13T03:50:58.754360,103,0,0,0,0,0
2026-08-13T03:50:58.756485,103,0,0,0,0,0
2026-08-13T03:50:58.758051,103,0,0,0,0,0
2026-08-13T03:50:58.758051,102,0,0,0,0,0
2026-08-13T03:50:58.761255,101,0,0,0,0,0
2026-08-13T03:50:58.762282,101,0,0,0,0,0
2026-08-13T03:50:58.762282,101,0,0,0,0,0
2026-08-13T03:50:58.765686,99,0,0,0,0,0
2026-08-13T03:50:58.765686,100,0,0,0,0,0
2026-08-13T03:50:58.766698,99,0,0,0,0,0
2026-08-13T03:50:58.767685,99,0,0,0,0,0
2026-08-13T03:50:58.769939,98,0,0,0,0,0
2026-08-13T03:50:58.769939,99,0,0,0,0,0
2026-08-13T03:50:58.770955,98,0,0,0,0,0
2026-08-13T03:50:58.773676,100,0,0,0,0,0
2026-08-13T03:50:58.774767,102,0,0,0,0,0
2026-08-13T03:50:58.774767,101,0,0,0,0,0
2026-08-13T03:50:58.775760,103,0,0,0,0,0
2026-08-13T03:50:58.777793,103,0,0,0,0,0
2026-08-13T03:50:58.778785,103,0,0,0,0,0
2026-08-13T03:50:58.779847,101,0,0,0,0,0
2026-08-13T03:50:58.781874,101,0,0,0,0,0
2026-08-13T03:50:58.782856,102,0,0,0,0,0
2026-08-13T03:50:58.782856,100,0,0,0,0,0
2026-08-13T03:50:58.783857,100,0,0,0,0,0
2026-08-13T03:50:58.786150,100,0,0,0,0,0
2026-08-13T03:50:58.786150,100,0,0,0,0,0
2026-08-13T03:50:58.787148,98,0,0,0,0,0
2026-08-13T03:50:58.790161,99,0,0,0,0,0
2026-08-13T03:50:58.791151,99,0,0,0,0,0
2026-08-13T03:50:58.792154,97,0,0,0,0,0
2026-08-13T03:50:58.792154,100,0,0,0,0,0
2026-08-13T03:50:58.794679,102,0,0,0,0,0
2026-08-13T03:50:58.794679,102,0,0,0,0,0
2026-08-13T03:50:58.795680,102,0,0,0,0,0
2026-08-13T03:50:58.798691,102,0,0,0,0,0
2026-08-13T03:50:58.798691,102,0,0,0,0,0
2026-08-13T03:50:58.799692,101,0,0,0,0,0
2026-08-13T03:50:58.802689,101,0,0,0,0,0
2026-08-13T03:50:58.802689,102,0,0,0,0,0
2026-08-13T03:50:58.803688,100,0,0,0,0,0
2026-08-13T03:50:58.804194,100,0,0,0,0,0
2026-08-13T03:50:58.806790,100,0,0,0,0,0
2026-08-13T03:50:58.807194,99,0,0,0,0,0
2026-08-13T03:50:58.808192,99,0,0,0,0,0
2026-08-13T03:50:58.810189,98,0,0,0,0,0
2026-08-13T03:50:58.811191,99,0,0,0,0,0
2026-08-13T03:50:58.811191,98,0,0,0,0,0
2026-08-13T03:50:58.812192,100,0,0,0,0,0
2026-08-13T03:50:58.814669,102,0,0,0,0,0
2026-08-13T03:50:58.815684,102,0,0,0,0,0
2026-08-13T03:50:58.815684,102,0,0,0,0,0
2026-08-13T03:50:58.818702,103,0,0,0,0,0
2026-08-13T03:50:58.818702,102,0,0,0,0,0
2026-08-13T03:50:58.819697,101,0,0,0,0,0
2026-08-13T03:50:58.819697,101,0,0,0,0,0
2026-08-13T03:50:58.822704,101,0,0,0,0,0
2026-08-13T03:50:58.823681,100,0,0,0,0,0
2026-08-13T03:50:58.823681,100,0,0,0,0,0
2026-08-13T03:50:58.826957,99,0,0,0,0,0
2026-08-13T03:50:58.826957,99,0,0,0,0,0
2026-08-13T03:50:58.827941,98,0,0,0,0,0
2026-08-13T03:50:58.830939,98,0,0,0,0,0
2026-08-13T03:50:58.830939,98,0,0,0,0,0
2026-08-13T03:50:58.831939,98,0,0,0,0,0
2026-08-13T03:50:58.831939,100,0,0,0,0,0
2026-08-13T03:50:58.835456,102,0,0,0,0,0
2026-08-13T03:50:58.835456,102,0,0,0,0,0
2026-08-13T03:50:58.836465,103,0,0,0,0,0
2026-08-13T03:50:58.839464,103,0,0,0,0,0
2026-08-13T03:50:58.839464,102,0,0,0,0,0
2026-08-13T03:50:58.840464,101,0,0,0,0,0
2026-08-13T03:50:58.840464,102,0,0,0,0,0
2026-08-13T03:50:58.842901,101,0,0,0,0,0
2026-08-13T03:50:58.843912,100,0,0,0,0,0
2026-08-13T03:50:58.844927,100,0,0,0,0,0
2026-08-13T03:50:58.847788,99,0,0,0,0,0
2026-08-13T03:50:58.847788,98,0,0,0,0,0
2026-08-13T03:50:58.848805,99,0,0,0,0,0
2026-08-13T03:50:58.848805,99,0,0,0,0,0
2026-08-13T03:50:58.851863,98,0,0,0,0,0
2026-08-13T03:50:58.851863,99,0,0,0,0,0
2026-08-13T03:50:58.853001,102,0,0,0,0,0
2026-08-13T03:50:58.855938,102,0,0,0,0,0
2026-08-13T03:50:58.855938,103,0,0,0,0,0
2026-08-13T03:50:58.856968,103,0,0,0,0,0
2026-08-13T03:50:58.856968,102,0,0,0,0,0
2026-08-13T03:50:58.859826,101,0,0,0,0,0
2026-08-13T03:50:58.860336,100,0,0,0,0,0
2026-08-13T03:50:58.861352,102,0,0,0,0,0
2026-08-13T03:50:58.864037,101,0,0,0,0,0
2026-08-13T03:50:58.864550,100,0,0,0,0,0
2026-08-13T03:50:58.865562,100,0,0,0,0,0
2026-08-13T03:50:58.867575,99,0,0,0,0,0
2026-08-13T03:50:58.868561,99,0,0,0,0,0
2026-08-13T03:50:58.869561,98,0,0,0,0,0
2026-08-13T03:50:58.869561,100,0,0,0,0,0
2026-08-13T03:50:58.871561,98,0,0,0,0,0
2026-08-13T03:50:58.872561,100,0,0,0,0,0
2026-08-13T03:50:58.872561,102,0,0,0,0,0
2026-08-13T03:50:58.876100,102,0,0,0,0,0
2026-08-13T03:50:58.877096,102,0,0,0,0,0
2026-08-13T03:50:58.877096,102,0,0,0,0,0
2026-08-13T03:50:58.878082,102,0,0,0,0,0
2026-08-13T03:50:58.880111,101,0,0,0,0,0
2026-08-13T03:50:58.881134,102,0,0,0,0,0
2026-08-13T03:50:58.881134,101,0,0,0,0,0
2026-08-13T03:50:58.884649,100,0,0,0,0,0
2026-08-13T03:50:58.884649,100,0,0,0,0,0
2026-08-13T03:50:58.885649,100,0,0,0,0,0
2026-08-13T03:50:58.885649,99,0,0,0,0,0
2026-08-13T03:50:58.888654,98,0,0,0,0,0
2026-08-13T03:50:58.888654,98,0,0,0,0,0
2026-08-13T03:50:58.888654,99,0,0,0,0,0
2026-08-13T03:50:58.892653,98,0,0,0,0,0
2026-08-13T03:50:58.892653,100,0,0,0,0,0
2026-08-13T03:50:58.892653,103,0,0,0,0,0
2026-08-13T03:50:58.896913,101,0,0,0,0,0
2026-08-13T03:50:58.896913,102,0,0,0,0,0
2026-08-13T03:50:58.896913,102,0,0,0,0,0
2026-08-13T03:50:58.897928,103,0,0,0,0,0
2026-08-13T03:50:58.900745,101,0,0,0,0,0
2026-08-13T03:50:58.900745,101,0,0,0,0,0
2026-08-13T03:50:58.901746,101,0,0,0,0,0
2026-08-13T03:50:58.904883,100,0,0,0,0,0
2026-08-13T03:50:58.905870,100,0,0,0,0,0
2026-08-13T03:50:58.905870,100,0,0,0,0,0
2026-08-13T03:50:58.906889,99,0,0,0,0,0
2026-08-13T03:50:58.908869,98,0,0,0,0,0
2026-08-13T03:50:58.909867,98,0,0,0,0,0
2026-08-13T03:50:58.909867,99,0,0,0,0,0
2026-08-13T03:50:58.912881,98,0,0,0,0,0
2026-08-13T03:50:58.913870,101,0,0,0,0,0
2026-08-13T03:50:58.913870,101,0,0,0,0,0
2026-08-13T03:50:58.913870,102,0,0,0,0,0
2026-08-13T03:50:58.917389,102,0,0,0,0,0
2026-08-13T03:50:58.917389,103,0,0,0,0,0
2026-08-13T03:50:58.918408,102,0,0,0,0,0
2026-08-13T03:50:58.921420,101,0,0,0,0,0
2026-08-13T03:50:58.921420,102,0,0,0,0,0
2026-08-13T03:50:58.922419,102,0,0,0,0,0
2026-08-13T03:50:58.922419,100,0,0,0,0,0
2026-08-13T03:50:58.924949,100,0,0,0,0,0
2026-08-13T03:50:58.925949,100,0,0,0,0,0
2026-08-13T03:50:58.926948,100,0,0,0,0,0
2026-08-13T03:50:58.928950,98,0,0,0,0,0
2026-08-13T03:50:58.929948,99,0,0,0,0,0
2026-08-13T03:50:58.930948,98,0,0,0,0,0
2026-08-13T03:50:58.932950,98,0,0,0,0,0
2026-08-13T03:50:58.934455,101,0,0,0,0,0
2026-08-13T03:50:58.934962,102,0,0,0,0,0
2026-08-13T03:50:58.935477,102,0,0,0,0,0
2026-08-13T03:50:58.937003,103,0,0,0,0,0
2026-08-13T03:50:58.938004,103,0,0,0,0,0
2026-08-13T03:50:58.939003,102,0,0,0,0,0
2026-08-13T03:50:58.942274,101,0,0,0,0,0
2026-08-13T03:50:58.942821,102,0,0,0,0,0
2026-08-13T03:50:58.942821,101,0,0,0,0,0
2026-08-13T03:50:58.943830,100,0,0,0,0,0
2026-08-13T03:50:58.945834,101,0,0,0,0,0
2026-08-13T03:50:58.945834,99,0,0,0,0,0
2026-08-13T03:50:58.946852,99,0,0,0,0,0
2026-08-13T03:50:58.950163,98,0,0,0,0,0
2026-08-13T03:50:58.950163,99,0,0,0,0,0
2026-08-13T03:50:58.951178,99,0,0,0,0,0
2026-08-13T03:50:58.951686,99,0,0,0,0,0
2026-08-13T03:50:58.954263,102,0,0,0,0,0
2026-08-13T03:50:58.954263,102,0,0,0,0,0
2026-08-13T03:50:58.955382,102,0,0,0,0,0
2026-08-13T03:50:58.958297,103,0,0,0,0,0
2026-08-13T03:50:58.959292,102,0,0,0,0,0
2026-08-13T03:50:58.959292,102,0,0,0,0,0
2026-08-13T03:50:58.960293,102,0,0,0,0,0
2026-08-13T03:50:58.962300,103,0,0,0,0,0
2026-08-13T03:50:58.962300,101,0,0,0,0,0
2026-08-13T03:50:58.963808,101,0,0,0,0,0
2026-08-13T03:50:58.965818,100,0,0,0,0,0
2026-08-13T03:50:58.966817,99,0,0,0,0,0
2026-08-13T03:50:58.967820,99,0,0,0,0,0
2026-08-13T03:50:58.969843,99,0,0,0,0,0
2026-08-13T03:50:58.970816,99,0,0,0,0,0
2026-08-13T03:50:58.971819,99,0,0,0,0,0
2026-08-13T03:50:58.971819,101,0,0,0,0,0
2026-08-13T03:50:58.974280,103,0,0,0,0,0
2026-08-13T03:50:58.975292,104,0,0,0,0,0
2026-08-13T03:50:58.975292,104,0,0,0,0,0
2026-08-13T03:50:58.978319,104,0,0,0,0,0
2026-08-13T03:50:58.979300,104,0,0,0,0,0
2026-08-13T03:50:58.979300,104,0,0,0,0,0
2026-08-13T03:50:58.980300,103,0,0,0,0,0
2026-08-13T03:50:58.982314,103,0,0,0,0,0
2026-08-13T03:50:58.982314,103,0,0,0,0,0
2026-08-13T03:50:58.983840,102,0,0,0,0,0
2026-08-13T03:50:58.986870,101,0,0,0,0,0
2026-08-13T03:50:58.986870,100,0,0,0,0,0
2026-08-13T03:50:58.987872,99,0,0,0,0,0
2026-08-13T03:50:58.988860,100,0,0,0,0,0
2026-08-13T03:50:58.990609,100,0,0,0,0,0
2026-08-13T03:50:58.991632,100,0,0,0,0,0
2026-08-13T03:50:58.992626,101,0,0,0,0,0
2026-08-13T03:50:58.994661,102,0,0,0,0,0
2026-08-13T03:50:58.995679,101,0,0,0,0,0
2026-08-13T03:50:58.996679,103,0,0,0,0,0
2026-08-13T03:50:58.998680,102,0,0,0,0,0
2026-08-13T03:50:58.999678,102,0,0,0,0,0
2026-08-13T03:50:59.000679,101,0,0,0,0,0
2026-08-13T03:50:59.001691,102,0,0,0,0,0
2026-08-13T03:50:59.002538,101,0,0,0,0,0
2026-08-13T03:50:59.004059,100,0,0,0,0,0
2026-08-13T03:50:59.004059,100,0,0,0,0,0
2026-08-13T03:50:59.007090,99,0,0,0,0,0
2026-08-13T03:50:59.008081,99,0,0,0,0,0
2026-08-13T03:50:59.009090,99,0,0,0,0,0
2026-08-13T03:50:59.009090,99,0,0,0,0,0
2026-08-13T03:50:59.011079,99,0,0,0,0,0
2026-08-13T03:50:59.012081,98,0,0,0,0,0
2026-08-13T03:50:59.012081,101,0,0,0,0,0
2026-08-13T03:50:59.015425,102,0,0,0,0,0
2026-08-13T03:50:59.016438,103,0,0,0,0,0
2026-08-13T03:50:59.016438,103,0,0,0,0,0
2026-08-13T03:50:59.017424,103,0,0,0,0,0
2026-08-13T03:50:59.019437,103,0,0,0,0,0
2026-08-13T03:50:59.019437,101,0,0,0,0,0
2026-08-13T03:50:59.020438,102,0,0,0,0,0
2026-08-13T03:50:59.023945,102,0,0,0,0,0
2026-08-13T03:50:59.024955,101,0,0,0,0,0
2026-08-13T03:50:59.024955,100,0,0,0,0,0
2026-08-13T03:50:59.025953,100,0,0,0,0,0
2026-08-13T03:50:59.027990,100,0,0,0,0,0
2026-08-13T03:50:59.027990,99,0,0,0,0,0
2026-08-13T03:50:59.029007,99,0,0,0,0,0
2026-08-13T03:50:59.032064,99,0,0,0,0,0
2026-08-13T03:50:59.032064,100,0,0,0,0,0
2026-08-13T03:50:59.033081,102,0,0,0,0,0
2026-08-13T03:50:59.035693,102,0,0,0,0,0
2026-08-13T03:50:59.036692,103,0,0,0,0,0
2026-08-13T03:50:59.036692,103,0,0,0,0,0
2026-08-13T03:50:59.036692,103,0,0,0,0,0
2026-08-13T03:50:59.039677,102,0,0,0,0,0
2026-08-13T03:50:59.040678,101,0,0,0,0,0
2026-08-13T03:50:59.041682,102,0,0,0,0,0
2026-08-13T03:50:59.044187,101,0,0,0,0,0
2026-08-13T03:50:59.044187,100,0,0,0,0,0
2026-08-13T03:50:59.045681,100,0,0,0,0,0
2026-08-13T03:50:59.045681,99,0,0,0,0,0
2026-08-13T03:50:59.048032,99,0,0,0,0,0
2026-08-13T03:50:59.049043,99,0,0,0,0,0
2026-08-13T03:50:59.049043,99,0,0,0,0,0
2026-08-13T03:50:59.052604,99,0,0,0,0,0
2026-08-13T03:50:59.052604,100,0,0,0,0,0
2026-08-13T03:50:59.052604,101,0,0,0,0,0
2026-08-13T03:50:59.052604,102,0,0,0,0,0
2026-08-13T03:50:59.056638,103,0,0,0,0,0
2026-08-13T03:50:59.056638,102,0,0,0,0,0
2026-08-13T03:50:59.056638,103,0,0,0,0,0
2026-08-13T03:50:59.060711,102,0,0,0,0,0
2026-08-13T03:50:59.060711,101,0,0,0,0,0
2026-08-13T03:50:59.061695,103,0,0,0,0,0
2026-08-13T03:50:59.064665,100,0,0,0,0,0
2026-08-13T03:50:59.064665,100,0,0,0,0,0
2026-08-13T03:50:59.065990,99,0,0,0,0,0
2026-08-13T03:50:59.065990,99,0,0,0,0,0
2026-08-13T03:50:59.068939,98,0,0,0,0,0
2026-08-13T03:50:59.068939,98,0,0,0,0,0
2026-08-13T03:50:59.069955,100,0,0,0,0,0
2026-08-13T03:50:59.073040,98,0,0,0,0,0
2026-08-13T03:50:59.073040,100,0,0,0,0,0
2026-08-13T03:50:59.074049,102,0,0,0,0,0
2026-08-13T03:50:59.075062,102,0,0,0,0,0
2026-08-13T03:50:59.076299,102,0,0,0,0,0
2026-08-13T03:50:59.077366,103,0,0,0,0,0
2026-08-13T03:50:59.077366,102,0,0,0,0,0
2026-08-13T03:50:59.080364,101,0,0,0,0,0
2026-08-13T03:50:59.081363,101,0,0,0,0,0
2026-08-13T03:50:59.081363,101,0,0,0,0,0
2026-08-13T03:50:59.082363,100,0,0,0,0,0
2026-08-13T03:50:59.085138,100,0,0,0,0,0
2026-08-13T03:50:59.085138,99,0,0,0,0,0
2026-08-13T03:50:59.086152,99,0,0,0,0,0
2026-08-13T03:50:59.089159,98,0,0,0,0,0
2026-08-13T03:50:59.089159,98,0,0,0,0,0
2026-08-13T03:50:59.090152,98,0,0,0,0,0
2026-08-13T03:50:59.091154,99,0,0,0,0,0
2026-08-13T03:50:59.093665,101,0,0,0,0,0
2026-08-13T03:50:59.093665,102,0,0,0,0,0
2026-08-13T03:50:59.094681,102,0,0,0,0,0
2026-08-13T03:50:59.097699,103,0,0,0,0,0
2026-08-13T03:50:59.097699,103,0,0,0,0,0
2026-08-13T03:50:59.098692,102,0,0,0,0,0
2026-08-13T03:50:59.101702,100,0,0,0,0,0
2026-08-13T03:50:59.101702,101,0,0,0,0,0
2026-08-13T03:50:59.102693,101,0,0,0,0,0
2026-08-13T03:50:59.102693,100,0,0,0,0,0
2026-08-13T03:50:59.104948,100,0,0,0,0,0
2026-08-13T03:50:59.105947,99,0,0,0,0,0
2026-08-13T03:50:59.106954,100,0,0,0,0,0
2026-08-13T03:50:59.109040,98,0,0,0,0,0
2026-08-13T03:50:59.110038,99,0,0,0,0,0
2026-08-13T03:50:59.110038,99,0,0,0,0,0
2026-08-13T03:50:59.111040,99,0,0,0,0,0
2026-08-13T03:50:59.114001,101,0,0,0,0,0
2026-08-13T03:50:59.114001,102,0,0,0,0,0
2026-08-13T03:50:59.114001,103,0,0,0,0,0
2026-08-13T03:50:59.118107,103,0,0,0,0,0
2026-08-13T03:50:59.118107,103,0,0,0,0,0
2026-08-13T03:50:59.119100,103,0,0,0,0,0
2026-08-13T03:50:59.120097,102,0,0,0,0,0
2026-08-13T03:50:59.122105,102,0,0,0,0,0
2026-08-13T03:50:59.131942,102,0,0,0,0,0
2026-08-13T03:50:59.132960,101,0,0,0,0,0
2026-08-13T03:50:59.133956,101,0,0,0,0,0
2026-08-13T03:50:59.134469,101,0,0,0,0,0
2026-08-13T03:50:59.134469,100,0,0,0,0,0
2026-08-13T03:50:59.135473,100,0,0,0,0,0
2026-08-13T03:50:59.135473,101,0,0,0,0,0
2026-08-13T03:50:59.136475,101,0,0,0,0,0
2026-08-13T03:50:59.137475,101,0,0,0,0,0
2026-08-13T03:50:59.137475,103,0,0,0,0,0
2026-08-13T03:50:59.138474,103,0,0,0,0,0
2026-08-13T03:50:59.138474,104,0,0,0,0,0
2026-08-13T03:50:59.139473,104,0,0,0,0,0
2026-08-13T03:50:59.139473,104,0,0,0,0,0
2026-08-13T03:50:59.139473,103,0,0,0,0,0
2026-08-13T03:50:59.140472,103,0,0,0,0,0
2026-08-13T03:50:59.142470,104,0,0,0,0,0
2026-08-13T03:50:59.142470,102,0,0,0,0,0
2026-08-13T03:50:59.142470,102,0,0,0,0,0
2026-08-13T03:50:59.146785,102,0,0,0,0,0
2026-08-13T03:50:59.146785,101,0,0,0,0,0
2026-08-13T03:50:59.147802,102,0,0,0,0,0
2026-08-13T03:50:59.147802,102,0,0,0,0,0
2026-08-13T03:50:59.150818,103,0,0,0,0,0
2026-08-13T03:50:59.150818,103,0,0,0,0,0
2026-08-13T03:50:59.150818,103,0,0,0,0,0
2026-08-13T03:50:59.154661,107,0,0,0,0,0
2026-08-13T03:50:59.154661,106,0,0,0,0,0
2026-08-13T03:50:59.155943,107,0,0,0,0,0
2026-08-13T03:50:59.155943,106,0,0,0,0,0
2026-08-13T03:50:59.159063,106,0,0,0,0,0
2026-08-13T03:50:59.159063,105,0,0,0,0,0
2026-08-13T03:50:59.160101,105,0,0,0,0,0
2026-08-13T03:50:59.163091,106,0,0,0,0,0
2026-08-13T03:50:59.163091,104,0,0,0,0,0
2026-08-13T03:50:59.164078,104,0,0,0,0,0
2026-08-13T03:50:59.166626,103,0,0,0,0,0
2026-08-13T03:50:59.167611,104,0,0,0,0,0
2026-08-13T03:50:59.168611,102,0,0,0,0,0
2026-08-13T03:50:59.168611,103,0,0,0,0,0
2026-08-13T03:50:59.170625,103,0,0,0,0,0
2026-08-13T03:50:59.171611,103,0,0,0,0,0
2026-08-13T03:50:59.171611,105,0,0,0,0,0
2026-08-13T03:50:59.175131,108,0,0,0,0,0
2026-08-13T03:50:59.176160,108,0,0,0,0,0
2026-08-13T03:50:59.176160,108,0,0,0,0,0
2026-08-13T03:50:59.177141,108,0,0,0,0,0
2026-08-13T03:50:59.179142,108,0,0,0,0,0
2026-08-13T03:50:59.180141,105,0,0,0,0,0
2026-08-13T03:50:59.180141,106,0,0,0,0,0
2026-08-13T03:50:59.183654,105,0,0,0,0,0
2026-08-13T03:50:59.183654,104,0,0,0,0,0
2026-08-13T03:50:59.184664,105,0,0,0,0,0
2026-08-13T03:50:59.185667,103,0,0,0,0,0
2026-08-13T03:50:59.187681,102,0,0,0,0,0
2026-08-13T03:50:59.187681,102,0,0,0,0,0
2026-08-13T03:50:59.188681,102,0,0,0,0,0
2026-08-13T03:50:59.191680,102,0,0,0,0,0
2026-08-13T03:50:59.191680,102,0,0,0,0,0
2026-08-13T03:50:59.192675,103,0,0,0,0,0
2026-08-13T03:50:59.192675,105,0,0,0,0,0
2026-08-13T03:50:59.195913,106,0,0,0,0,0
2026-08-13T03:50:59.195913,106,0,0,0,0,0
2026-08-13T03:50:59.195913,106,0,0,0,0,0
2026-08-13T03:50:59.199940,105,0,0,0,0,0
2026-08-13T03:50:59.199940,105,0,0,0,0,0
2026-08-13T03:50:59.200933,104,0,0,0,0,0
2026-08-13T03:50:59.203941,104,0,0,0,0,0
2026-08-13T03:50:59.203941,104,0,0,0,0,0
2026-08-13T03:50:59.205095,103,0,0,0,0,0
2026-08-13T03:50:59.205095,102,0,0,0,0,0
2026-08-13T03:50:59.208094,102,0,0,0,0,0
2026-08-13T03:50:59.208094,102,0,0,0,0,0
2026-08-13T03:50:59.209091,102,0,0,0,0,0
2026-08-13T03:50:59.212108,102,0,0,0,0,0
2026-08-13T03:50:59.212108,103,0,0,0,0,0
2026-08-13T03:50:59.213090,105,0,0,0,0,0
2026-08-13T03:50:59.213090,106,0,0,0,0,0
2026-08-13T03:50:59.215640,106,0,0,0,0,0
2026-08-13T03:50:59.216625,107,0,0,0,0,0
2026-08-13T03:50:59.216625,107,0,0,0,0,0
2026-08-13T03:50:59.219773,106,0,0,0,0,0
2026-08-13T03:50:59.220772,106,0,0,0,0,0
2026-08-13T03:50:59.220772,106,0,0,0,0,0
2026-08-13T03:50:59.221771,106,0,0,0,0,0
2026-08-13T03:50:59.223942,104,0,0,0,0,0
2026-08-13T03:50:59.225106,104,0,0,0,0,0
2026-08-13T03:50:59.225106,103,0,0,0,0,0
2026-08-13T03:50:59.228689,103,0,0,0,0,0
2026-08-13T03:50:59.228689,102,0,0,0,0,0
2026-08-13T03:50:59.229718,103,0,0,0,0,0
2026-08-13T03:50:59.232719,102,0,0,0,0,0
2026-08-13T03:50:59.232719,103,0,0,0,0,0
2026-08-13T03:50:59.234228,105,0,0,0,0,0
2026-08-13T03:50:59.235241,105,0,0,0,0,0
2026-08-13T03:50:59.236655,106,0,0,0,0,0
2026-08-13T03:50:59.236655,106,0,0,0,0,0
2026-08-13T03:50:59.237674,107,0,0,0,0,0
2026-08-13T03:50:59.240673,105,0,0,0,0,0
2026-08-13T03:50:59.241669,104,0,0,0,0,0
2026-08-13T03:50:59.241669,105,0,0,0,0,0
2026-08-13T03:50:59.242667,104,0,0,0,0,0
2026-08-13T03:50:59.244663,103,0,0,0,0,0
2026-08-13T03:50:59.244663,102,0,0,0,0,0
2026-08-13T03:50:59.245932,101,0,0,0,0,0
2026-08-13T03:50:59.247934,101,0,0,0,0,0
2026-08-13T03:50:59.250322,101,0,0,0,0,0
2026-08-13T03:50:59.250923,102,0,0,0,0,0
2026-08-13T03:50:59.250923,101,0,0,0,0,0
2026-08-13T03:50:59.253115,102,0,0,0,0,0
2026-08-13T03:50:59.253115,105,0,0,0,0,0
2026-08-13T03:50:59.254124,105,0,0,0,0,0
2026-08-13T03:50:59.257132,106,0,0,0,0,0
2026-08-13T03:50:59.258135,106,0,0,0,0,0
2026-08-13T03:50:59.258135,106,0,0,0,0,0
2026-08-13T03:50:59.258135,104,0,0,0,0,0
2026-08-13T03:50:59.261132,104,0,0,0,0,0
2026-08-13T03:50:59.261132,105,0,0,0,0,0
2026-08-13T03:50:59.262134,103,0,0,0,0,0
2026-08-13T03:50:59.265662,103,0,0,0,0,0
2026-08-13T03:50:59.265662,102,0,0,0,0,0
2026-08-13T03:50:59.265662,101,0,0,0,0,0
2026-08-13T03:50:59.269128,101,0,0,0,0,0
2026-08-13T03:50:59.270129,101,0,0,0,0,0
2026-08-13T03:50:59.270129,102,0,0,0,0,0
2026-08-13T03:50:59.271128,101,0,0,0,0,0
2026-08-13T03:50:59.273645,103,0,0,0,0,0
2026-08-13T03:50:59.273645,105,0,0,0,0,0
2026-08-13T03:50:59.273645,105,0,0,0,0,0
2026-08-13T03:50:59.277578,106,0,0,0,0,0
2026-08-13T03:50:59.277578,105,0,0,0,0,0
2026-08-13T03:50:59.277578,105,0,0,0,0,0
2026-08-13T03:50:59.278587,104,0,0,0,0,0
2026-08-13T03:50:59.281378,103,0,0,0,0,0
2026-08-13T03:50:59.282377,103,0,0,0,0,0
2026-08-13T03:50:59.282377,102,0,0,0,0,0
2026-08-13T03:50:59.284932,101,0,0,0,0,0
2026-08-13T03:50:59.286308,100,0,0,0,0,0
2026-08-13T03:50:59.286308,100,0,0,0,0,0
2026-08-13T03:50:59.286308,99,0,0,0,0,0
2026-08-13T03:50:59.289356,100,0,0,0,0,0
2026-08-13T03:50:59.290318,100,0,0,0,0,0
2026-08-13T03:50:59.290318,100,0,0,0,0,0
2026-08-13T03:50:59.293822,102,0,0,0,0,0
2026-08-13T03:50:59.294832,104,0,0,0,0,0
2026-08-13T03:50:59.294832,105,0,0,0,0,0
2026-08-13T03:50:59.297845,104,0,0,0,0,0
2026-08-13T03:50:59.297845,104,0,0,0,0,0
2026-08-13T03:50:59.298832,103,0,0,0,0,0
2026-08-13T03:50:59.298832,103,0,0,0,0,0
2026-08-13T03:50:59.301845,103,0,0,0,0,0
2026-08-13T03:50:59.302828,103,0,0,0,0,0
2026-08-13T03:50:59.302828,101,0,0,0,0,0
2026-08-13T03:50:59.306006,102,0,0,0,0,0
2026-08-13T03:50:59.306006,100,0,0,0,0,0
2026-08-13T03:50:59.306992,100,0,0,0,0,0
2026-08-13T03:50:59.306992,99,0,0,0,0,0
2026-08-13T03:50:59.309997,100,0,0,0,0,0
2026-08-13T03:50:59.310993,100,0,0,0,0,0
2026-08-13T03:50:59.310993,100,0,0,0,0,0
2026-08-13T03:50:59.314005,103,0,0,0,0,0
2026-08-13T03:50:59.315099,103,0,0,0,0,0
2026-08-13T03:50:59.315099,104,0,0,0,0,0
2026-08-13T03:50:59.315099,103,0,0,0,0,0
2026-08-13T03:50:59.318328,103,0,0,0,0,0
2026-08-13T03:50:59.318328,103,0,0,0,0,0
2026-08-13T03:50:59.319328,102,0,0,0,0,0
2026-08-13T03:50:59.322328,103,0,0,0,0,0
2026-08-13T03:50:59.322328,102,0,0,0,0,0
2026-08-13T03:50:59.322328,100,0,0,0,0,0
2026-08-13T03:50:59.323853,101,0,0,0,0,0
2026-08-13T03:50:59.326908,100,0,0,0,0,0
2026-08-13T03:50:59.326908,99,0,0,0,0,0
2026-08-13T03:50:59.326908,99,0,0,0,0,0
2026-08-13T03:50:59.331078,99,0,0,0,0,0
2026-08-13T03:50:59.331078,99,0,0,0,0,0
2026-08-13T03:50:59.331078,99,0,0,0,0,0
2026-08-13T03:50:59.335212,103,0,0,0,0,0
2026-08-13T03:50:59.335212,103,0,0,0,0,0
2026-08-13T03:50:59.336209,104,0,0,0,0,0
2026-08-13T03:50:59.336209,103,0,0,0,0,0
2026-08-13T03:50:59.338559,103,0,0,0,0,0
2026-08-13T03:50:59.339559,103,0,0,0,0,0
2026-08-13T03:50:59.339559,103,0,0,0,0,0
2026-08-13T03:50:59.342574,104,0,0,0,0,0
2026-08-13T03:50:59.342574,102,0,0,0,0,0
2026-08-13T03:50:59.344084,101,0,0,0,0,0
2026-08-13T03:50:59.344084,101,0,0,0,0,0
2026-08-13T03:50:59.347116,100,0,0,0,0,0
2026-08-13T03:50:59.347116,100,0,0,0,0,0
2026-08-13T03:50:59.348101,99,0,0,0,0,0
2026-08-13T03:50:59.351102,99,0,0,0,0,0
2026-08-13T03:50:59.352100,99,0,0,0,0,0
2026-08-13T03:50:59.352607,101,0,0,0,0,0
2026-08-13T03:50:59.352607,102,0,0,0,0,0
2026-08-13T03:50:59.355124,103,0,0,0,0,0
2026-08-13T03:50:59.356130,104,0,0,0,0,0
2026-08-13T03:50:59.356130,104,0,0,0,0,0
2026-08-13T03:50:59.359134,104,0,0,0,0,0
2026-08-13T03:50:59.360131,102,0,0,0,0,0
2026-08-13T03:50:59.361137,103,0,0,0,0,0
2026-08-13T03:50:59.363868,102,0,0,0,0,0
2026-08-13T03:50:59.363868,101,0,0,0,0,0
2026-08-13T03:50:59.365015,101,0,0,0,0,0
2026-08-13T03:50:59.366008,101,0,0,0,0,0
2026-08-13T03:50:59.367938,100,0,0,0,0,0
2026-08-13T03:50:59.367938,99,0,0,0,0,0
2026-08-13T03:50:59.368968,99,0,0,0,0,0
2026-08-13T03:50:59.371495,100,0,0,0,0,0
2026-08-13T03:50:59.372529,100,0,0,0,0,0
2026-08-13T03:50:59.372529,101,0,0,0,0,0
2026-08-13T03:50:59.374039,103,0,0,0,0,0
2026-08-13T03:50:59.376049,104,0,0,0,0,0
2026-08-13T03:50:59.376049,104,0,0,0,0,0
2026-08-13T03:50:59.377048,104,0,0,0,0,0
2026-08-13T03:50:59.380069,103,0,0,0,0,0
2026-08-13T03:50:59.380069,102,0,0,0,0,0
2026-08-13T03:50:59.381070,103,0,0,0,0,0
2026-08-13T03:50:59.381070,102,0,0,0,0,0
2026-08-13T03:50:59.384061,101,0,0,0,0,0
2026-08-13T03:50:59.384061,101,0,0,0,0,0
2026-08-13T03:50:59.384061,100,0,0,0,0,0
2026-08-13T03:50:59.388328,101,0,0,0,0,0
2026-08-13T03:50:59.388328,99,0,0,0,0,0
2026-08-13T03:50:59.388328,100,0,0,0,0,0
2026-08-13T03:50:59.388328,100,0,0,0,0,0
2026-08-13T03:50:59.392309,100,0,0,0,0,0
2026-08-13T03:50:59.392309,102,0,0,0,0,0
2026-08-13T03:50:59.392309,104,0,0,0,0,0
2026-08-13T03:50:59.396614,103,0,0,0,0,0
2026-08-13T03:50:59.396614,104,0,0,0,0,0
2026-08-13T03:50:59.397628,104,0,0,0,0,0
2026-08-13T03:50:59.400198,103,0,0,0,0,0
2026-08-13T03:50:59.401215,103,0,0,0,0,0
2026-08-13T03:50:59.401215,103,0,0,0,0,0
2026-08-13T03:50:59.401215,102,0,0,0,0,0
2026-08-13T03:50:59.404738,101,0,0,0,0,0
2026-08-13T03:50:59.404738,101,0,0,0,0,0
2026-08-13T03:50:59.405738,100,0,0,0,0,0
2026-08-13T03:50:59.408738,100,0,0,0,0,0
2026-08-13T03:50:59.408738,99,0,0,0,0,0
2026-08-13T03:50:59.409752,100,0,0,0,0,0
2026-08-13T03:50:59.409752,100,0,0,0,0,0
2026-08-13T03:50:59.412737,101,0,0,0,0,0
2026-08-13T03:50:59.412737,103,0,0,0,0,0
2026-08-13T03:50:59.413750,102,0,0,0,0,0
2026-08-13T03:50:59.416727,104,0,0,0,0,0
2026-08-13T03:50:59.417701,104,0,0,0,0,0
2026-08-13T03:50:59.418701,104,0,0,0,0,0
2026-08-13T03:50:59.418701,103,0,0,0,0,0
2026-08-13T03:50:59.420702,103,0,0,0,0,0
2026-08-13T03:50:59.421715,103,0,0,0,0,0
2026-08-13T03:50:59.422702,102,0,0,0,0,0
2026-08-13T03:50:59.424756,101,0,0,0,0,0
2026-08-13T03:50:59.425759,101,0,0,0,0,0
2026-08-13T03:50:59.425759,100,0,0,0,0,0
2026-08-13T03:50:59.426762,100,0,0,0,0,0
2026-08-13T03:50:59.428758,99,0,0,0,0,0
2026-08-13T03:50:59.429757,100,0,0,0,0,0
2026-08-13T03:50:59.429757,100,0,0,0,0,0
2026-08-13T03:50:59.432755,101,0,0,0,0,0
2026-08-13T03:50:59.433756,104,0,0,0,0,0
2026-08-13T03:50:59.434264,103,0,0,0,0,0
2026-08-13T03:50:59.437284,104,0,0,0,0,0
2026-08-13T03:50:59.437284,103,0,0,0,0,0
2026-08-13T03:50:59.438283,104,0,0,0,0,0
2026-08-13T03:50:59.439287,102,0,0,0,0,0
2026-08-13T03:50:59.441284,103,0,0,0,0,0
2026-08-13T03:50:59.442287,104,0,0,0,0,0
2026-08-13T03:50:59.442287,102,0,0,0,0,0
2026-08-13T03:50:59.445807,102,0,0,0,0,0
2026-08-13T03:50:59.445807,101,0,0,0,0,0
2026-08-13T03:50:59.446805,100,0,0,0,0,0
2026-08-13T03:50:59.446805,100,0,0,0,0,0
2026-08-13T03:50:59.449855,100,0,0,0,0,0
2026-08-13T03:50:59.449855,100,0,0,0,0,0
2026-08-13T03:50:59.449855,99,0,0,0,0,0
2026-08-13T03:50:59.453980,102,0,0,0,0,0
2026-08-13T03:50:59.453980,103,0,0,0,0,0
2026-08-13T03:50:59.454990,103,0,0,0,0,0
2026-08-13T03:50:59.454990,104,0,0,0,0,0
2026-08-13T03:50:59.457989,104,0,0,0,0,0
2026-08-13T03:50:59.457989,104,0,0,0,0,0
2026-08-13T03:50:59.458992,103,0,0,0,0,0
2026-08-13T03:50:59.462018,103,0,0,0,0,0
2026-08-13T03:50:59.462018,102,0,0,0,0,0
2026-08-13T03:50:59.462990,101,0,0,0,0,0
2026-08-13T03:50:59.465555,101,0,0,0,0,0
2026-08-13T03:50:59.466562,100,0,0,0,0,0
2026-08-13T03:50:59.466562,100,0,0,0,0,0
2026-08-13T03:50:59.466562,100,0,0,0,0,0
2026-08-13T03:50:59.470327,99,0,0,0,0,0
2026-08-13T03:50:59.470327,100,0,0,0,0,0
2026-08-13T03:50:59.470327,100,0,0,0,0,0
2026-08-13T03:50:59.473873,102,0,0,0,0,0
2026-08-13T03:50:59.474895,104,0,0,0,0,0
2026-08-13T03:50:59.474895,104,0,0,0,0,0
2026-08-13T03:50:59.475903,104,0,0,0,0,0
2026-08-13T03:50:59.477926,104,0,0,0,0,0
2026-08-13T03:50:59.478902,104,0,0,0,0,0
2026-08-13T03:50:59.478902,102,0,0,0,0,0
2026-08-13T03:50:59.481919,103,0,0,0,0,0
2026-08-13T03:50:59.482903,102,0,0,0,0,0
2026-08-13T03:50:59.482903,102,0,0,0,0,0
2026-08-13T03:50:59.483902,102,0,0,0,0,0
2026-08-13T03:50:59.486705,101,0,0,0,0,0
2026-08-13T03:50:59.486705,101,0,0,0,0,0
2026-08-13T03:50:59.487733,100,0,0,0,0,0
2026-08-13T03:50:59.490610,100,0,0,0,0,0
2026-08-13T03:50:59.490610,100,0,0,0,0,0
2026-08-13T03:50:59.491631,100,0,0,0,0,0
2026-08-13T03:50:59.492640,103,0,0,0,0,0
2026-08-13T03:50:59.494661,103,0,0,0,0,0
2026-08-13T03:50:59.494661,104,0,0,0,0,0
2026-08-13T03:50:59.495924,104,0,0,0,0,0
2026-08-13T03:50:59.498972,103,0,0,0,0,0
2026-08-13T03:50:59.498972,103,0,0,0,0,0
2026-08-13T03:50:59.499998,102,0,0,0,0,0
2026-08-13T03:50:59.502147,103,0,0,0,0,0
2026-08-13T03:50:59.503692,102,0,0,0,0,0
2026-08-13T03:50:59.503692,102,0,0,0,0,0
2026-08-13T03:50:59.504711,101,0,0,0,0,0
2026-08-13T03:50:59.506730,100,0,0,0,0,0
2026-08-13T03:50:59.507711,100,0,0,0,0,0
2026-08-13T03:50:59.508718,100,0,0,0,0,0
2026-08-13T03:50:59.510712,100,0,0,0,0,0
2026-08-13T03:50:59.511711,99,0,0,0,0,0
2026-08-13T03:50:59.512710,101,0,0,0,0,0
2026-08-13T03:50:59.512710,102,0,0,0,0,0
2026-08-13T03:50:59.515227,104,0,0,0,0,0
2026-08-13T03:50:59.515227,104,0,0,0,0,0
2026-08-13T03:50:59.516234,103,0,0,0,0,0
2026-08-13T03:50:59.519235,103,0,0,0,0,0
2026-08-13T03:50:59.519235,102,0,0,0,0,0
2026-08-13T03:50:59.520233,103,0,0,0,0,0
2026-08-13T03:50:59.520233,103,0,0,0,0,0
2026-08-13T03:50:59.523590,102,0,0,0,0,0
2026-08-13T03:50:59.524105,101,0,0,0,0,0
2026-08-13T03:50:59.525119,101,0,0,0,0,0
2026-08-13T03:50:59.527130,100,0,0,0,0,0
2026-08-13T03:50:59.528129,100,0,0,0,0,0
2026-08-13T03:50:59.529129,100,0,0,0,0,0
2026-08-13T03:50:59.531788,100,0,0,0,0,0
2026-08-13T03:50:59.531788,100,0,0,0,0,0
2026-08-13T03:50:59.532803,102,0,0,0,0,0
2026-08-13T03:50:59.532803,103,0,0,0,0,0
2026-08-13T03:50:59.535304,104,0,0,0,0,0
2026-08-13T03:50:59.536318,105,0,0,0,0,0
2026-08-13T03:50:59.536318,105,0,0,0,0,0
2026-08-13T03:50:59.539325,105,0,0,0,0,0
2026-08-13T03:50:59.540326,104,0,0,0,0,0
2026-08-13T03:50:59.542318,104,0,0,0,0,0
2026-08-13T03:50:59.542318,104,0,0,0,0,0
2026-08-13T03:50:59.543832,103,0,0,0,0,0
2026-08-13T03:50:59.543832,104,0,0,0,0,0
2026-08-13T03:50:59.544845,103,0,0,0,0,0
2026-08-13T03:50:59.547852,103,0,0,0,0,0
2026-08-13T03:50:59.547852,103,0,0,0,0,0
2026-08-13T03:50:59.548851,103,0,0,0,0,0
2026-08-13T03:50:59.548851,105,0,0,0,0,0
2026-08-13T03:50:59.550852,105,0,0,0,0,0
2026-08-13T03:50:59.552359,107,0,0,0,0,0
2026-08-13T03:50:59.552359,108,0,0,0,0,0
2026-08-13T03:50:59.556367,108,0,0,0,0,0
2026-08-13T03:50:59.556367,109,0,0,0,0,0
2026-08-13T03:50:59.557383,108,0,0,0,0,0
2026-08-13T03:50:59.557383,108,0,0,0,0,0
2026-08-13T03:50:59.560383,107,0,0,0,0,0
2026-08-13T03:50:59.560383,107,0,0,0,0,0
2026-08-13T03:50:59.561383,106,0,0,0,0,0
2026-08-13T03:50:59.564703,106,0,0,0,0,0
2026-08-13T03:50:59.564703,106,0,0,0,0,0
2026-08-13T03:50:59.564703,105,0,0,0,0,0
2026-08-13T03:50:59.568704,105,0,0,0,0,0
2026-08-13T03:50:59.568704,103,0,0,0,0,0
2026-08-13T03:50:59.569691,104,0,0,0,0,0
2026-08-13T03:50:59.569691,104,0,0,0,0,0
2026-08-13T03:50:59.572703,104,0,0,0,0,0
2026-08-13T03:50:59.572703,106,0,0,0,0,0
2026-08-13T03:50:59.573690,108,0,0,0,0,0
2026-08-13T03:50:59.576224,108,0,0,0,0,0
2026-08-13T03:50:59.577223,109,0,0,0,0,0
2026-08-13T03:50:59.578209,109,0,0,0,0,0
2026-08-13T03:50:59.578209,107,0,0,0,0,0
2026-08-13T03:50:59.580508,107,0,0,0,0,0
2026-08-13T03:50:59.581528,108,0,0,0,0,0
2026-08-13T03:50:59.581528,106,0,0,0,0,0
2026-08-13T03:50:59.585094,106,0,0,0,0,0
2026-08-13T03:50:59.585094,106,0,0,0,0,0
2026-08-13T03:50:59.586089,106,0,0,0,0,0
2026-08-13T03:50:59.586089,105,0,0,0,0,0
2026-08-13T03:50:59.589097,105,0,0,0,0,0
2026-08-13T03:50:59.589097,105,0,0,0,0,0
2026-08-13T03:50:59.590105,104,0,0,0,0,0
2026-08-13T03:50:59.593100,105,0,0,0,0,0
2026-08-13T03:50:59.593100,108,0,0,0,0,0
2026-08-13T03:50:59.594102,108,0,0,0,0,0
2026-08-13T03:50:59.596630,108,0,0,0,0,0
2026-08-13T03:50:59.597627,107,0,0,0,0,0
2026-08-13T03:50:59.597627,107,0,0,0,0,0
2026-08-13T03:50:59.598630,107,0,0,0,0,0
2026-08-13T03:50:59.600640,107,0,0,0,0,0
2026-08-13T03:50:59.601627,107,0,0,0,0,0
2026-08-13T03:50:59.601627,105,0,0,0,0,0
2026-08-13T03:50:59.605186,106,0,0,0,0,0
2026-08-13T03:50:59.606186,106,0,0,0,0,0
2026-08-13T03:50:59.606186,105,0,0,0,0,0
2026-08-13T03:50:59.607188,104,0,0,0,0,0
2026-08-13T03:50:59.609187,104,0,0,0,0,0
2026-08-13T03:50:59.610185,105,0,0,0,0,0
2026-08-13T03:50:59.610185,105,0,0,0,0,0
2026-08-13T03:50:59.613088,106,0,0,0,0,0
2026-08-13T03:50:59.614088,108,0,0,0,0,0
2026-08-13T03:50:59.614606,107,0,0,0,0,0
2026-08-13T03:50:59.615605,108,0,0,0,0,0
2026-08-13T03:50:59.617892,108,0,0,0,0,0
2026-08-13T03:50:59.617892,108,0,0,0,0,0
2026-08-13T03:50:59.617892,107,0,0,0,0,0
2026-08-13T03:50:59.621542,106,0,0,0,0,0
2026-08-13T03:50:59.621542,107,0,0,0,0,0
2026-08-13T03:50:59.622541,105,0,0,0,0,0
2026-08-13T03:50:59.622541,105,0,0,0,0,0
2026-08-13T03:50:59.626066,104,0,0,0,0,0
2026-08-13T03:50:59.626066,103,0,0,0,0,0
2026-08-13T03:50:59.626066,103,0,0,0,0,0
2026-08-13T03:50:59.630067,103,0,0,0,0,0
2026-08-13T03:50:59.630067,103,0,0,0,0,0
2026-08-13T03:50:59.630067,103,0,0,0,0,0
2026-08-13T03:50:59.634069,105,0,0,0,0,0
2026-08-13T03:50:59.634575,107,0,0,0,0,0
2026-08-13T03:50:59.634575,108,0,0,0,0,0
2026-08-13T03:50:59.634575,108,0,0,0,0,0
2026-08-13T03:50:59.637598,108,0,0,0,0,0
2026-08-13T03:50:59.638591,107,0,0,0,0,0
2026-08-13T03:50:59.638591,107,0,0,0,0,0
2026-08-13T03:50:59.641589,107,0,0,0,0,0
2026-08-13T03:50:59.642588,107,0,0,0,0,0
2026-08-13T03:50:59.642588,107,0,0,0,0,0
2026-08-13T03:50:59.642588,107,0,0,0,0,0
2026-08-13T03:50:59.646453,106,0,0,0,0,0
2026-08-13T03:50:59.646453,106,0,0,0,0,0
2026-08-13T03:50:59.646453,106,0,0,0,0,0
2026-08-13T03:50:59.650472,106,0,0,0,0,0
2026-08-13T03:50:59.650472,107,0,0,0,0,0
2026-08-13T03:50:59.651459,107,0,0,0,0,0
2026-08-13T03:50:59.651459,109,0,0,0,0,0
2026-08-13T03:50:59.654001,111,0,0,0,0,0
2026-08-13T03:50:59.655012,111,0,0,0,0,0
2026-08-13T03:50:59.655012,111,0,0,0,0,0
2026-08-13T03:50:59.658013,111,0,0,0,0,0
2026-08-13T03:50:59.659010,111,0,0,0,0,0
2026-08-13T03:50:59.660024,109,0,0,0,0,0
2026-08-13T03:50:59.662010,110,0,0,0,0,0
2026-08-13T03:50:59.663009,110,0,0,0,0,0
2026-08-13T03:50:59.664024,108,0,0,0,0,0
2026-08-13T03:50:59.664024,109,0,0,0,0,0
2026-08-13T03:50:59.666939,108,0,0,0,0,0
2026-08-13T03:50:59.666939,108,0,0,0,0,0
2026-08-13T03:50:59.667955,108,0,0,0,0,0
2026-08-13T03:50:59.671060,109,0,0,0,0,0
2026-08-13T03:50:59.671060,108,0,0,0,0,0
2026-08-13T03:50:59.672038,109,0,0,0,0,0
2026-08-13T03:50:59.672038,112,0,0,0,0,0
2026-08-13T03:50:59.674545,113,0,0,0,0,0
2026-08-13T03:50:59.675577,113,0,0,0,0,0
2026-08-13T03:50:59.676558,113,0,0,0,0,0
2026-08-13T03:50:59.678557,113,0,0,0,0,0
2026-08-13T03:50:59.679557,112,0,0,0,0,0
2026-08-13T03:50:59.680558,111,0,0,0,0,0
2026-08-13T03:50:59.680558,112,0,0,0,0,0
2026-08-13T03:50:59.682577,111,0,0,0,0,0
2026-08-13T03:50:59.682577,111,0,0,0,0,0
2026-08-13T03:50:59.684091,111,0,0,0,0,0
2026-08-13T03:50:59.687128,109,0,0,0,0,0
2026-08-13T03:50:59.688116,109,0,0,0,0,0
2026-08-13T03:50:59.688116,109,0,0,0,0,0
2026-08-13T03:50:59.688116,110,0,0,0,0,0
2026-08-13T03:50:59.691117,110,0,0,0,0,0
2026-08-13T03:50:59.692118,110,0,0,0,0,0
2026-08-13T03:50:59.692118,111,0,0,0,0,0
2026-08-13T03:50:59.695481,111,0,0,0,0,0
2026-08-13T03:50:59.695481,113,0,0,0,0,0
2026-08-13T03:50:59.696491,112,0,0,0,0,0
2026-08-13T03:50:59.698632,111,0,0,0,0,0
2026-08-13T03:50:59.700040,111,0,0,0,0,0
2026-08-13T03:50:59.700040,112,0,0,0,0,0
2026-08-13T03:50:59.701251,112,0,0,0,0,0
2026-08-13T03:50:59.703799,110,0,0,0,0,0
2026-08-13T03:50:59.704833,109,0,0,0,0,0
2026-08-13T03:50:59.704833,110,0,0,0,0,0
2026-08-13T03:50:59.707277,109,0,0,0,0,0
2026-08-13T03:50:59.708298,108,0,0,0,0,0
2026-08-13T03:50:59.708298,108,0,0,0,0,0
2026-08-13T03:50:59.709297,110,0,0,0,0,0
2026-08-13T03:50:59.711295,108,0,0,0,0,0
2026-08-13T03:50:59.712296,110,0,0,0,0,0
2026-08-13T03:50:59.712296,112,0,0,0,0,0
2026-08-13T03:50:59.715858,112,0,0,0,0,0
2026-08-13T03:50:59.715858,113,0,0,0,0,0
2026-08-13T03:50:59.716845,114,0,0,0,0,0
2026-08-13T03:50:59.716845,113,0,0,0,0,0
2026-08-13T03:50:59.720153,112,0,0,0,0,0
2026-08-13T03:50:59.720153,113,0,0,0,0,0
2026-08-13T03:50:59.721122,113,0,0,0,0,0
2026-08-13T03:50:59.723642,111,0,0,0,0,0
2026-08-13T03:50:59.724680,111,0,0,0,0,0
2026-08-13T03:50:59.725663,110,0,0,0,0,0
2026-08-13T03:50:59.725663,110,0,0,0,0,0
2026-08-13T03:50:59.728392,110,0,0,0,0,0
2026-08-13T03:50:59.728392,109,0,0,0,0,0
2026-08-13T03:50:59.729408,108,0,0,0,0,0
2026-08-13T03:50:59.732411,107,0,0,0,0,0
2026-08-13T03:50:59.732411,109,0,0,0,0,0
2026-08-13T03:50:59.732411,110,0,0,0,0,0
2026-08-13T03:50:59.736562,110,0,0,0,0,0
2026-08-13T03:50:59.736562,111,0,0,0,0,0
2026-08-13T03:50:59.737578,111,0,0,0,0,0
2026-08-13T03:50:59.737578,110,0,0,0,0,0
2026-08-13T03:50:59.740610,109,0,0,0,0,0
2026-08-13T03:50:59.741628,109,0,0,0,0,0
2026-08-13T03:50:59.742641,108,0,0,0,0,0
2026-08-13T03:50:59.744664,108,0,0,0,0,0
2026-08-13T03:50:59.744664,108,0,0,0,0,0
2026-08-13T03:50:59.745683,108,0,0,0,0,0
2026-08-13T03:50:59.746682,107,0,0,0,0,0
2026-08-13T03:50:59.747983,105,0,0,0,0,0
2026-08-13T03:50:59.748999,107,0,0,0,0,0
2026-08-13T03:50:59.749999,107,0,0,0,0,0
2026-08-13T03:50:59.753271,107,0,0,0,0,0
2026-08-13T03:50:59.753822,110,0,0,0,0,0
2026-08-13T03:50:59.753822,111,0,0,0,0,0
2026-08-13T03:50:59.754833,111,0,0,0,0,0
2026-08-13T03:50:59.757182,112,0,0,0,0,0
2026-08-13T03:50:59.757182,112,0,0,0,0,0
2026-08-13T03:50:59.757182,110,0,0,0,0,0
2026-08-13T03:50:59.760783,110,0,0,0,0,0
2026-08-13T03:50:59.761793,110,0,0,0,0,0
2026-08-13T03:50:59.761793,110,0,0,0,0,0
2026-08-13T03:50:59.765106,108,0,0,0,0,0
2026-08-13T03:50:59.765106,107,0,0,0,0,0
2026-08-13T03:50:59.765106,106,0,0,0,0,0
2026-08-13T03:50:59.766112,105,0,0,0,0,0
2026-08-13T03:50:59.769342,105,0,0,0,0,0
2026-08-13T03:50:59.769342,106,0,0,0,0,0
2026-08-13T03:50:59.769342,105,0,0,0,0,0
2026-08-13T03:50:59.772370,106,0,0,0,0,0
2026-08-13T03:50:59.773874,108,0,0,0,0,0
2026-08-13T03:50:59.774882,109,0,0,0,0,0
2026-08-13T03:50:59.774882,110,0,0,0,0,0
2026-08-13T03:50:59.777359,110,0,0,0,0,0
2026-08-13T03:50:59.777359,110,0,0,0,0,0
2026-08-13T03:50:59.778366,109,0,0,0,0,0
2026-08-13T03:50:59.781623,108,0,0,0,0,0
2026-08-13T03:50:59.781623,109,0,0,0,0,0
2026-08-13T03:50:59.781623,107,0,0,0,0,0
2026-08-13T03:50:59.782645,107,0,0,0,0,0
2026-08-13T03:50:59.785778,107,0,0,0,0,0
2026-08-13T03:50:59.785778,105,0,0,0,0,0
2026-08-13T03:50:59.785778,105,0,0,0,0,0
2026-08-13T03:50:59.789917,105,0,0,0,0,0
2026-08-13T03:50:59.789917,106,0,0,0,0,0
2026-08-13T03:50:59.789917,105,0,0,0,0,0
2026-08-13T03:50:59.790891,107,0,0,0,0,0
2026-08-13T03:50:59.793889,108,0,0,0,0,0
2026-08-13T03:50:59.793889,109,0,0,0,0,0
2026-08-13T03:50:59.793889,109,0,0,0,0,0
2026-08-13T03:50:59.797468,109,0,0,0,0,0
2026-08-13T03:50:59.798476,109,0,0,0,0,0
2026-08-13T03:50:59.798476,107,0,0,0,0,0
2026-08-13T03:50:59.801473,107,0,0,0,0,0
2026-08-13T03:50:59.802475,107,0,0,0,0,0
2026-08-13T03:50:59.802475,105,0,0,0,0,0
2026-08-13T03:50:59.802475,105,0,0,0,0,0
2026-08-13T03:50:59.805960,105,0,0,0,0,0
2026-08-13T03:50:59.805960,104,0,0,0,0,0
2026-08-13T03:50:59.807266,103,0,0,0,0,0
2026-08-13T03:50:59.809753,104,0,0,0,0,0
2026-08-13T03:50:59.810763,105,0,0,0,0,0
2026-08-13T03:50:59.810763,104,0,0,0,0,0
2026-08-13T03:50:59.810763,106,0,0,0,0,0
2026-08-13T03:50:59.813712,107,0,0,0,0,0
2026-08-13T03:50:59.814747,107,0,0,0,0,0
2026-08-13T03:50:59.814747,109,0,0,0,0,0
2026-08-13T03:50:59.818213,108,0,0,0,0,0
2026-08-13T03:50:59.818213,108,0,0,0,0,0
2026-08-13T03:50:59.818213,107,0,0,0,0,0
2026-08-13T03:50:59.819222,107,0,0,0,0,0
2026-08-13T03:50:59.822331,107,0,0,0,0,0
2026-08-13T03:50:59.822331,106,0,0,0,0,0
2026-08-13T03:50:59.822331,106,0,0,0,0,0
2026-08-13T03:50:59.826799,104,0,0,0,0,0
2026-08-13T03:50:59.826799,104,0,0,0,0,0
2026-08-13T03:50:59.826799,105,0,0,0,0,0
2026-08-13T03:50:59.830182,104,0,0,0,0,0
2026-08-13T03:50:59.831182,104,0,0,0,0,0
2026-08-13T03:50:59.831182,104,0,0,0,0,0
2026-08-13T03:50:59.831182,105,0,0,0,0,0
2026-08-13T03:50:59.834715,107,0,0,0,0,0
2026-08-13T03:50:59.834715,107,0,0,0,0,0
2026-08-13T03:50:59.835698,108,0,0,0,0,0
2026-08-13T03:50:59.838379,108,0,0,0,0,0
2026-08-13T03:50:59.839386,108,0,0,0,0,0
2026-08-13T03:50:59.839386,107,0,0,0,0,0
2026-08-13T03:50:59.839386,108,0,0,0,0,0
2026-08-13T03:50:59.842889,107,0,0,0,0,0
2026-08-13T03:50:59.842889,106,0,0,0,0,0
2026-08-13T03:50:59.843887,106,0,0,0,0,0
2026-08-13T03:50:59.846934,105,0,0,0,0,0
2026-08-13T03:50:59.846934,105,0,0,0,0,0
2026-08-13T03:50:59.847909,104,0,0,0,0,0
2026-08-13T03:50:59.847909,105,0,0,0,0,0
2026-08-13T03:50:59.851206,104,0,0,0,0,0
2026-08-13T03:50:59.851206,105,0,0,0,0,0
2026-08-13T03:50:59.851206,108,0,0,0,0,0
2026-08-13T03:50:59.854743,108,0,0,0,0,0
2026-08-13T03:50:59.854743,109,0,0,0,0,0
2026-08-13T03:50:59.855873,108,0,0,0,0,0
2026-08-13T03:50:59.855873,109,0,0,0,0,0
2026-08-13T03:50:59.859021,108,0,0,0,0,0
2026-08-13T03:50:59.859021,107,0,0,0,0,0
2026-08-13T03:50:59.860023,107,0,0,0,0,0
2026-08-13T03:50:59.862308,106,0,0,0,0,0
2026-08-13T03:50:59.863818,105,0,0,0,0,0
2026-08-13T03:50:59.863818,106,0,0,0,0,0
2026-08-13T03:50:59.867273,104,0,0,0,0,0
2026-08-13T03:50:59.867273,103,0,0,0,0,0
2026-08-13T03:50:59.868757,103,0,0,0,0,0
2026-08-13T03:50:59.868757,104,0,0,0,0,0
2026-08-13T03:50:59.871786,104,0,0,0,0,0
2026-08-13T03:50:59.871786,105,0,0,0,0,0
2026-08-13T03:50:59.871786,106,0,0,0,0,0
2026-08-13T03:50:59.874788,107,0,0,0,0,0
2026-08-13T03:50:59.876204,108,0,0,0,0,0
2026-08-13T03:50:59.876204,107,0,0,0,0,0
2026-08-13T03:50:59.876204,108,0,0,0,0,0
2026-08-13T03:50:59.879672,107,0,0,0,0,0
2026-08-13T03:50:59.879672,106,0,0,0,0,0
2026-08-13T03:50:59.880641,106,0,0,0,0,0
2026-08-13T03:50:59.883079,105,0,0,0,0,0
2026-08-13T03:50:59.884085,105,0,0,0,0,0
2026-08-13T03:50:59.884085,104,0,0,0,0,0
2026-08-13T03:50:59.884085,103,0,0,0,0,0
2026-08-13T03:50:59.887574,103,0,0,0,0,0
2026-08-13T03:50:59.887574,103,0,0,0,0,0
2026-08-13T03:50:59.888668,104,0,0,0,0,0
2026-08-13T03:50:59.892224,104,0,0,0,0,0
2026-08-13T03:50:59.892224,105,0,0,0,0,0
2026-08-13T03:50:59.892224,107,0,0,0,0,0
2026-08-13T03:50:59.893743,107,0,0,0,0,0
2026-08-13T03:50:59.896175,108,0,0,0,0,0
2026-08-13T03:50:59.896175,107,0,0,0,0,0
2026-08-13T03:50:59.896175,107,0,0,0,0,0
2026-08-13T03:50:59.899545,106,0,0,0,0,0
2026-08-13T03:50:59.900522,107,0,0,0,0,0
2026-08-13T03:50:59.900522,107,0,0,0,0,0
2026-08-13T03:50:59.903925,105,0,0,0,0,0
2026-08-13T03:50:59.904931,106,0,0,0,0,0
2026-08-13T03:50:59.904931,104,0,0,0,0,0
2026-08-13T03:50:59.904931,104,0,0,0,0,0
2026-08-13T03:50:59.908399,104,0,0,0,0,0
2026-08-13T03:50:59.908399,103,0,0,0,0,0
2026-08-13T03:50:59.908399,104,0,0,0,0,0
2026-08-13T03:50:59.912053,104,0,0,0,0,0
2026-08-13T03:50:59.913126,106,0,0,0,0,0
2026-08-13T03:50:59.913126,107,0,0,0,0,0
2026-08-13T03:50:59.913630,107,0,0,0,0,0
2026-08-13T03:50:59.916771,107,0,0,0,0,0
2026-08-13T03:50:59.916771,108,0,0,0,0,0
2026-08-13T03:50:59.916771,108,0,0,0,0,0
2026-08-13T03:50:59.920744,106,0,0,0,0,0
2026-08-13T03:50:59.920744,107,0,0,0,0,0
2026-08-13T03:50:59.920744,106,0,0,0,0,0
2026-08-13T03:50:59.921750,105,0,0,0,0,0
2026-08-13T03:50:59.925008,106,0,0,0,0,0
2026-08-13T03:50:59.925008,105,0,0,0,0,0
2026-08-13T03:50:59.925513,104,0,0,0,0,0
2026-08-13T03:50:59.928524,103,0,0,0,0,0
2026-08-13T03:50:59.929523,103,0,0,0,0,0
2026-08-13T03:50:59.929523,105,0,0,0,0,0
2026-08-13T03:50:59.932520,104,0,0,0,0,0
2026-08-13T03:50:59.932520,106,0,0,0,0,0
2026-08-13T03:50:59.934026,107,0,0,0,0,0
2026-08-13T03:50:59.934026,108,0,0,0,0,0
2026-08-13T03:50:59.937064,108,0,0,0,0,0
2026-08-13T03:50:59.937064,108,0,0,0,0,0
2026-08-13T03:50:59.937064,107,0,0,0,0,0
2026-08-13T03:50:59.940748,107,0,0,0,0,0
2026-08-13T03:50:59.941755,108,0,0,0,0,0
2026-08-13T03:50:59.941755,106,0,0,0,0,0
2026-08-13T03:50:59.941755,106,0,0,0,0,0
2026-08-13T03:50:59.944324,106,0,0,0,0,0
2026-08-13T03:50:59.945767,105,0,0,0,0,0
2026-08-13T03:50:59.945767,104,0,0,0,0,0
2026-08-13T03:50:59.948779,104,0,0,0,0,0
2026-08-13T03:50:59.949772,103,0,0,0,0,0
2026-08-13T03:50:59.950279,103,0,0,0,0,0
2026-08-13T03:50:59.950279,105,0,0,0,0,0
2026-08-13T03:50:59.953508,106,0,0,0,0,0
2026-08-13T03:50:59.954053,107,0,0,0,0,0
2026-08-13T03:50:59.954053,108,0,0,0,0,0
2026-08-13T03:50:59.957248,108,0,0,0,0,0
2026-08-13T03:50:59.957248,108,0,0,0,0,0
2026-08-13T03:50:59.958388,107,0,0,0,0,0
2026-08-13T03:50:59.958388,107,0,0,0,0,0
2026-08-13T03:50:59.961920,108,0,0,0,0,0
2026-08-13T03:50:59.961920,106,0,0,0,0,0
2026-08-13T03:50:59.961920,105,0,0,0,0,0
2026-08-13T03:50:59.965457,105,0,0,0,0,0
2026-08-13T03:50:59.965457,104,0,0,0,0,0
2026-08-13T03:50:59.966457,103,0,0,0,0,0
2026-08-13T03:50:59.969937,103,0,0,0,0,0
2026-08-13T03:50:59.969937,103,0,0,0,0,0
2026-08-13T03:50:59.969937,104,0,0,0,0,0
2026-08-13T03:50:59.970954,105,0,0,0,0,0
2026-08-13T03:50:59.973978,108,0,0,0,0,0
2026-08-13T03:50:59.973978,107,0,0,0,0,0
2026-08-13T03:50:59.973978,108,0,0,0,0,0
2026-08-13T03:50:59.978033,107,0,0,0,0,0
2026-08-13T03:50:59.978033,108,0,0,0,0,0
2026-08-13T03:50:59.978033,106,0,0,0,0,0
2026-08-13T03:50:59.979029,107,0,0,0,0,0
2026-08-13T03:50:59.982259,107,0,0,0,0,0
2026-08-13T03:50:59.982259,105,0,0,0,0,0
2026-08-13T03:50:59.982259,105,0,0,0,0,0
2026-08-13T03:50:59.986269,105,0,0,0,0,0
2026-08-13T03:50:59.986269,103,0,0,0,0,0
2026-08-13T03:50:59.986269,103,0,0,0,0,0
2026-08-13T03:50:59.987275,103,0,0,0,0,0
2026-08-13T03:50:59.989983,105,0,0,0,0,0
2026-08-13T03:50:59.991226,104,0,0,0,0,0
2026-08-13T03:50:59.991226,106,0,0,0,0,0
2026-08-13T03:50:59.994628,107,0,0,0,0,0
2026-08-13T03:50:59.994628,107,0,0,0,0,0
2026-08-13T03:50:59.994628,109,0,0,0,0,0
2026-08-13T03:50:59.997800,108,0,0,0,0,0
2026-08-13T03:50:59.998818,108,0,0,0,0,0
2026-08-13T03:50:59.998818,107,0,0,0,0,0
2026-08-13T03:50:59.998818,107,0,0,0,0,0
2026-08-13T03:51:00.002819,107,0,0,0,0,0
2026-08-13T03:51:00.002819,106,0,0,0,0,0
2026-08-13T03:51:00.002819,106,0,0,0,0,0
2026-08-13T03:51:00.006335,105,0,0,0,0,0
2026-08-13T03:51:00.007334,104,0,0,0,0,0
2026-08-13T03:51:00.007334,104,0,0,0,0,0
2026-08-13T03:51:00.007334,104,0,0,0,0,0
2026-08-13T03:51:00.010335,104,0,0,0,0,0
2026-08-13T03:51:00.011335,104,0,0,0,0,0
2026-08-13T03:51:00.011335,106,0,0,0,0,0
2026-08-13T03:51:00.014849,107,0,0,0,0,0
2026-08-13T03:51:00.014849,108,0,0,0,0,0
2026-08-13T03:51:00.015848,108,0,0,0,0,0
2026-08-13T03:51:00.015848,108,0,0,0,0,0
2026-08-13T03:51:00.018854,107,0,0,0,0,0
2026-08-13T03:51:00.018854,106,0,0,0,0,0
2026-08-13T03:51:00.019854,107,0,0,0,0,0
2026-08-13T03:51:00.023853,107,0,0,0,0,0
2026-08-13T03:51:00.026366,105,0,0,0,0,0
2026-08-13T03:51:00.026366,105,0,0,0,0,0
2026-08-13T03:51:00.026366,105,0,0,0,0,0
2026-08-13T03:51:00.027367,104,0,0,0,0,0
2026-08-13T03:51:00.027367,104,0,0,0,0,0
2026-08-13T03:51:00.027367,104,0,0,0,0,0
2026-08-13T03:51:00.031366,103,0,0,0,0,0
2026-08-13T03:51:00.031366,103,0,0,0,0,0
2026-08-13T03:51:00.032367,107,0,0,0,0,0
2026-08-13T03:51:00.034890,107,0,0,0,0,0
2026-08-13T03:51:00.035879,109,0,0,0,0,0
2026-08-13T03:51:00.035879,110,0,0,0,0,0
2026-08-13T03:51:00.036885,110,0,0,0,0,0
2026-08-13T03:51:00.038885,109,0,0,0,0,0
2026-08-13T03:51:00.039884,108,0,0,0,0,0
2026-08-13T03:51:00.039884,109,0,0,0,0,0
2026-08-13T03:51:00.043885,108,0,0,0,0,0
2026-08-13T03:51:00.044391,107,0,0,0,0,0
2026-08-13T03:51:00.044391,108,0,0,0,0,0
2026-08-13T03:51:00.045396,108,0,0,0,0,0
2026-08-13T03:51:00.047402,107,0,0,0,0,0
2026-08-13T03:51:00.047402,108,0,0,0,0,0
2026-08-13T03:51:00.048402,108,0,0,0,0,0
2026-08-13T03:51:00.051401,109,0,0,0,0,0
2026-08-13T03:51:00.052401,111,0,0,0,0,0
2026-08-13T03:51:00.052401,114,0,0,0,0,0
2026-08-13T03:51:00.052401,114,0,0,0,0,0
2026-08-13T03:51:00.055925,116,0,0,0,0,0
2026-08-13T03:51:00.055925,116,0,0,0,0,0
2026-08-13T03:51:00.055925,117,0,0,0,0,0
2026-08-13T03:51:00.059241,116,0,0,0,0,0
2026-08-13T03:51:00.060240,116,0,0,0,0,0
2026-08-13T03:51:00.060240,118,0,0,0,0,0
2026-08-13T03:51:00.063759,117,0,0,0,0,0
2026-08-13T03:51:00.064786,118,0,0,0,0,0
2026-08-13T03:51:00.064786,118,0,0,0,0,0
2026-08-13T03:51:00.064786,118,0,0,0,0,0
2026-08-13T03:51:00.067789,117,0,0,0,0,0
2026-08-13T03:51:00.068783,117,0,0,0,0,0
2026-08-13T03:51:00.068783,117,0,0,0,0,0
2026-08-13T03:51:00.071789,116,0,0,0,0,0
2026-08-13T03:51:00.072796,117,0,0,0,0,0
2026-08-13T03:51:00.072796,119,0,0,0,0,0
2026-08-13T03:51:00.072796,119,0,0,0,0,0
2026-08-13T03:51:00.076119,119,0,0,0,0,0
2026-08-13T03:51:00.076119,119,0,0,0,0,0
2026-08-13T03:51:00.077105,119,0,0,0,0,0
2026-08-13T03:51:00.080121,117,0,0,0,0,0
2026-08-13T03:51:00.080121,117,0,0,0,0,0
2026-08-13T03:51:00.081104,117,0,0,0,0,0
2026-08-13T03:51:00.081104,116,0,0,0,0,0
2026-08-13T03:51:00.084644,116,0,0,0,0,0
2026-08-13T03:51:00.084644,115,0,0,0,0,0
2026-08-13T03:51:00.084644,116,0,0,0,0,0
2026-08-13T03:51:00.088114,115,0,0,0,0,0
2026-08-13T03:51:00.089098,116,0,0,0,0,0
2026-08-13T03:51:00.089098,116,0,0,0,0,0
2026-08-13T03:51:00.089098,116,0,0,0,0,0
2026-08-13T03:51:00.092127,118,0,0,0,0,0
2026-08-13T03:51:00.092127,119,0,0,0,0,0
2026-08-13T03:51:00.093635,119,0,0,0,0,0
2026-08-13T03:51:00.096720,120,0,0,0,0,0
2026-08-13T03:51:00.096720,119,0,0,0,0,0
2026-08-13T03:51:00.096720,119,0,0,0,0,0
2026-08-13T03:51:00.101175,117,0,0,0,0,0
2026-08-13T03:51:00.101175,118,0,0,0,0,0
2026-08-13T03:51:00.101175,117,0,0,0,0,0
2026-08-13T03:51:00.102189,116,0,0,0,0,0
2026-08-13T03:51:00.104854,116,0,0,0,0,0
2026-08-13T03:51:00.104854,115,0,0,0,0,0
2026-08-13T03:51:00.105845,114,0,0,0,0,0
2026-08-13T03:51:00.108942,114,0,0,0,0,0
2026-08-13T03:51:00.108942,113,0,0,0,0,0
2026-08-13T03:51:00.109944,114,0,0,0,0,0
2026-08-13T03:51:00.109944,113,0,0,0,0,0
2026-08-13T03:51:00.112957,116,0,0,0,0,0
2026-08-13T03:51:00.112957,117,0,0,0,0,0
2026-08-13T03:51:00.113944,118,0,0,0,0,0
2026-08-13T03:51:00.117420,118,0,0,0,0,0
2026-08-13T03:51:00.117420,118,0,0,0,0,0
2026-08-13T03:51:00.118425,118,0,0,0,0,0
2026-08-13T03:51:00.118425,118,0,0,0,0,0
2026-08-13T03:51:00.121433,118,0,0,0,0,0
2026-08-13T03:51:00.121433,118,0,0,0,0,0
2026-08-13T03:51:00.122427,117,0,0,0,0,0
2026-08-13T03:51:00.124954,118,0,0,0,0,0
2026-08-13T03:51:00.125952,117,0,0,0,0,0
2026-08-13T03:51:00.126955,117,0,0,0,0,0
2026-08-13T03:51:00.128953,115,0,0,0,0,0
2026-08-13T03:51:00.129950,115,0,0,0,0,0
2026-08-13T03:51:00.130955,116,0,0,0,0,0
2026-08-13T03:51:00.130955,116,0,0,0,0,0
2026-08-13T03:51:00.133951,118,0,0,0,0,0
2026-08-13T03:51:00.134460,118,0,0,0,0,0
2026-08-13T03:51:00.134460,119,0,0,0,0,0
2026-08-13T03:51:00.137477,119,0,0,0,0,0
2026-08-13T03:51:00.138478,120,0,0,0,0,0
2026-08-13T03:51:00.138478,118,0,0,0,0,0
2026-08-13T03:51:00.138478,118,0,0,0,0,0
2026-08-13T03:51:00.141475,118,0,0,0,0,0
2026-08-13T03:51:00.142477,117,0,0,0,0,0
2026-08-13T03:51:00.142477,116,0,0,0,0,0
2026-08-13T03:51:00.145682,115,0,0,0,0,0
2026-08-13T03:51:00.145682,114,0,0,0,0,0
2026-08-13T03:51:00.146682,113,0,0,0,0,0
2026-08-13T03:51:00.146682,113,0,0,0,0,0
2026-08-13T03:51:00.149701,113,0,0,0,0,0
2026-08-13T03:51:00.150683,114,0,0,0,0,0
2026-08-13T03:51:00.150683,115,0,0,0,0,0
2026-08-13T03:51:00.154366,116,0,0,0,0,0
2026-08-13T03:51:00.154366,117,0,0,0,0,0
2026-08-13T03:51:00.154366,117,0,0,0,0,0
2026-08-13T03:51:00.155530,117,0,0,0,0,0
2026-08-13T03:51:00.158153,117,0,0,0,0,0
2026-08-13T03:51:00.159165,116,0,0,0,0,0
2026-08-13T03:51:00.159165,116,0,0,0,0,0
2026-08-13T03:51:00.162174,117,0,0,0,0,0
2026-08-13T03:51:00.162174,114,0,0,0,0,0
2026-08-13T03:51:00.162174,115,0,0,0,0,0
2026-08-13T03:51:00.166712,114,0,0,0,0,0
2026-08-13T03:51:00.166712,114,0,0,0,0,0
2026-08-13T03:51:00.167704,114,0,0,0,0,0
2026-08-13T03:51:00.167704,114,0,0,0,0,0
2026-08-13T03:51:00.170711,114,0,0,0,0,0
2026-08-13T03:51:00.170711,114,0,0,0,0,0
2026-08-13T03:51:00.171703,116,0,0,0,0,0
2026-08-13T03:51:00.173711,117,0,0,0,0,0
2026-08-13T03:51:00.175022,117,0,0,0,0,0
2026-08-13T03:51:00.176010,117,0,0,0,0,0
2026-08-13T03:51:00.176010,117,0,0,0,0,0
2026-08-13T03:51:00.179025,117,0,0,0,0,0
2026-08-13T03:51:00.179025,116,0,0,0,0,0
2026-08-13T03:51:00.180009,115,0,0,0,0,0
2026-08-13T03:51:00.183021,116,0,0,0,0,0
2026-08-13T03:51:00.183021,113,0,0,0,0,0
2026-08-13T03:51:00.184526,114,0,0,0,0,0
2026-08-13T03:51:00.184526,114,0,0,0,0,0
2026-08-13T03:51:00.186572,114,0,0,0,0,0
2026-08-13T03:51:00.187555,113,0,0,0,0,0
2026-08-13T03:51:00.187555,113,0,0,0,0,0
2026-08-13T03:51:00.190618,114,0,0,0,0,0
2026-08-13T03:51:00.191747,114,0,0,0,0,0
2026-08-13T03:51:00.192749,117,0,0,0,0,0
2026-08-13T03:51:00.192749,119,0,0,0,0,0
2026-08-13T03:51:00.194258,119,0,0,0,0,0
2026-08-13T03:51:00.195505,120,0,0,0,0,0
2026-08-13T03:51:00.196520,120,0,0,0,0,0
2026-08-13T03:51:00.199414,119,0,0,0,0,0
2026-08-13T03:51:00.199414,118,0,0,0,0,0
2026-08-13T03:51:00.200438,119,0,0,0,0,0
2026-08-13T03:51:00.203519,119,0,0,0,0,0
2026-08-13T03:51:00.204042,118,0,0,0,0,0
2026-08-13T03:51:00.204042,118,0,0,0,0,0
2026-08-13T03:51:00.205058,117,0,0,0,0,0
2026-08-13T03:51:00.207277,118,0,0,0,0,0
2026-08-13T03:51:00.208303,117,0,0,0,0,0
2026-08-13T03:51:00.209295,118,0,0,0,0,0
2026-08-13T03:51:00.211561,118,0,0,0,0,0
2026-08-13T03:51:00.212563,118,0,0,0,0,0
2026-08-13T03:51:00.212563,120,0,0,0,0,0
2026-08-13T03:51:00.212563,121,0,0,0,0,0
2026-08-13T03:51:00.215098,122,0,0,0,0,0
2026-08-13T03:51:00.216096,120,0,0,0,0,0
2026-08-13T03:51:00.217110,121,0,0,0,0,0
2026-08-13T03:51:00.219096,119,0,0,0,0,0
2026-08-13T03:51:00.220094,118,0,0,0,0,0
2026-08-13T03:51:00.220094,119,0,0,0,0,0
2026-08-13T03:51:00.221094,118,0,0,0,0,0
2026-08-13T03:51:00.223944,116,0,0,0,0,0
2026-08-13T03:51:00.223944,115,0,0,0,0,0
2026-08-13T03:51:00.224996,114,0,0,0,0,0
2026-08-13T03:51:00.228092,113,0,0,0,0,0
2026-08-13T03:51:00.228092,112,0,0,0,0,0
2026-08-13T03:51:00.229110,112,0,0,0,0,0
2026-08-13T03:51:00.231936,111,0,0,0,0,0
2026-08-13T03:51:00.231936,111,0,0,0,0,0
2026-08-13T03:51:00.232925,114,0,0,0,0,0
2026-08-13T03:51:00.232925,114,0,0,0,0,0
2026-08-13T03:51:00.236080,115,0,0,0,0,0
2026-08-13T03:51:00.236080,114,0,0,0,0,0
2026-08-13T03:51:00.237078,114,0,0,0,0,0
2026-08-13T03:51:00.240080,114,0,0,0,0,0
2026-08-13T03:51:00.241082,113,0,0,0,0,0
2026-08-13T03:51:00.242081,113,0,0,0,0,0
2026-08-13T03:51:00.242081,112,0,0,0,0,0
2026-08-13T03:51:00.244604,112,0,0,0,0,0
2026-08-13T03:51:00.244604,111,0,0,0,0,0
2026-08-13T03:51:00.245604,110,0,0,0,0,0
2026-08-13T03:51:00.248606,110,0,0,0,0,0
2026-08-13T03:51:00.248606,110,0,0,0,0,0
2026-08-13T03:51:00.249603,110,0,0,0,0,0
2026-08-13T03:51:00.249603,110,0,0,0,0,0
2026-08-13T03:51:00.252738,111,0,0,0,0,0
2026-08-13T03:51:00.252738,114,0,0,0,0,0
2026-08-13T03:51:00.254318,115,0,0,0,0,0
2026-08-13T03:51:00.256350,116,0,0,0,0,0
2026-08-13T03:51:00.257353,116,0,0,0,0,0
2026-08-13T03:51:00.257353,117,0,0,0,0,0
2026-08-13T03:51:00.258360,115,0,0,0,0,0
2026-08-13T03:51:00.260363,115,0,0,0,0,0
2026-08-13T03:51:00.261351,115,0,0,0,0,0
2026-08-13T03:51:00.262350,113,0,0,0,0,0
2026-08-13T03:51:00.264914,114,0,0,0,0,0
2026-08-13T03:51:00.264914,113,0,0,0,0,0
2026-08-13T03:51:00.265905,113,0,0,0,0,0
2026-08-13T03:51:00.268926,113,0,0,0,0,0
2026-08-13T03:51:00.268926,113,0,0,0,0,0
2026-08-13T03:51:00.269921,113,0,0,0,0,0
2026-08-13T03:51:00.270922,113,0,0,0,0,0
2026-08-13T03:51:00.272919,115,0,0,0,0,0
2026-08-13T03:51:00.273920,116,0,0,0,0,0
2026-08-13T03:51:00.274433,115,0,0,0,0,0
2026-08-13T03:51:00.276451,115,0,0,0,0,0
2026-08-13T03:51:00.277443,115,0,0,0,0,0
2026-08-13T03:51:00.278450,115,0,0,0,0,0
2026-08-13T03:51:00.278450,114,0,0,0,0,0
2026-08-13T03:51:00.281450,114,0,0,0,0,0
2026-08-13T03:51:00.281450,114,0,0,0,0,0
2026-08-13T03:51:00.282447,112,0,0,0,0,0
2026-08-13T03:51:00.284665,111,0,0,0,0,0
2026-08-13T03:51:00.286248,110,0,0,0,0,0
2026-08-13T03:51:00.286248,110,0,0,0,0,0
2026-08-13T03:51:00.287369,109,0,0,0,0,0
2026-08-13T03:51:00.289541,108,0,0,0,0,0
2026-08-13T03:51:00.289541,109,0,0,0,0,0
2026-08-13T03:51:00.290643,107,0,0,0,0,0
2026-08-13T03:51:00.293635,110,0,0,0,0,0
2026-08-13T03:51:00.294144,111,0,0,0,0,0
2026-08-13T03:51:00.295155,111,0,0,0,0,0
2026-08-13T03:51:00.297164,111,0,0,0,0,0
2026-08-13T03:51:00.298164,110,0,0,0,0,0
2026-08-13T03:51:00.298164,110,0,0,0,0,0
2026-08-13T03:51:00.299163,109,0,0,0,0,0
2026-08-13T03:51:00.301163,109,0,0,0,0,0
2026-08-13T03:51:00.302162,108,0,0,0,0,0
2026-08-13T03:51:00.302162,107,0,0,0,0,0
2026-08-13T03:51:00.305679,106,0,0,0,0,0
2026-08-13T03:51:00.305679,105,0,0,0,0,0
2026-08-13T03:51:00.306678,104,0,0,0,0,0
2026-08-13T03:51:00.306678,103,0,0,0,0,0
2026-08-13T03:51:00.309677,105,0,0,0,0,0
2026-08-13T03:51:00.309677,105,0,0,0,0,0
2026-08-13T03:51:00.310680,105,0,0,0,0,0
2026-08-13T03:51:00.313694,107,0,0,0,0,0
2026-08-13T03:51:00.313694,108,0,0,0,0,0
2026-08-13T03:51:00.314911,109,0,0,0,0,0
2026-08-13T03:51:00.314911,110,0,0,0,0,0
2026-08-13T03:51:00.317933,110,0,0,0,0,0
2026-08-13T03:51:00.317933,109,0,0,0,0,0
2026-08-13T03:51:00.318913,108,0,0,0,0,0
2026-08-13T03:51:00.322310,109,0,0,0,0,0
2026-08-13T03:51:00.322310,108,0,0,0,0,0
2026-08-13T03:51:00.322310,107,0,0,0,0,0
2026-08-13T03:51:00.322310,107,0,0,0,0,0
2026-08-13T03:51:00.326389,105,0,0,0,0,0
2026-08-13T03:51:00.326389,105,0,0,0,0,0
2026-08-13T03:51:00.327408,105,0,0,0,0,0
2026-08-13T03:51:00.330488,106,0,0,0,0,0
2026-08-13T03:51:00.330488,106,0,0,0,0,0
2026-08-13T03:51:00.331519,107,0,0,0,0,0
2026-08-13T03:51:00.334028,108,0,0,0,0,0
2026-08-13T03:51:00.335044,109,0,0,0,0,0
2026-08-13T03:51:00.336058,110,0,0,0,0,0
2026-08-13T03:51:00.336058,109,0,0,0,0,0
2026-08-13T03:51:00.338692,108,0,0,0,0,0
2026-08-13T03:51:00.338692,108,0,0,0,0,0
2026-08-13T03:51:00.339726,107,0,0,0,0,0
2026-08-13T03:51:00.342720,108,0,0,0,0,0
2026-08-13T03:51:00.342720,106,0,0,0,0,0
2026-08-13T03:51:00.343709,106,0,0,0,0,0
2026-08-13T03:51:00.344220,106,0,0,0,0,0
2026-08-13T03:51:00.346255,106,0,0,0,0,0
2026-08-13T03:51:00.347236,105,0,0,0,0,0
2026-08-13T03:51:00.347236,104,0,0,0,0,0
2026-08-13T03:51:00.350746,105,0,0,0,0,0
2026-08-13T03:51:00.350746,105,0,0,0,0,0
2026-08-13T03:51:00.351745,107,0,0,0,0,0
2026-08-13T03:51:00.351745,108,0,0,0,0,0
2026-08-13T03:51:00.354291,107,0,0,0,0,0
2026-08-13T03:51:00.355306,109,0,0,0,0,0
2026-08-13T03:51:00.355306,109,0,0,0,0,0
2026-08-13T03:51:00.358306,109,0,0,0,0,0
2026-08-13T03:51:00.359305,107,0,0,0,0,0
2026-08-13T03:51:00.359305,109,0,0,0,0,0
2026-08-13T03:51:00.362321,107,0,0,0,0,0
2026-08-13T03:51:00.362321,106,0,0,0,0,0
2026-08-13T03:51:00.363843,106,0,0,0,0,0
2026-08-13T03:51:00.363843,105,0,0,0,0,0
2026-08-13T03:51:00.366987,105,0,0,0,0,0
2026-08-13T03:51:00.366987,103,0,0,0,0,0
2026-08-13T03:51:00.367986,104,0,0,0,0,0
2026-08-13T03:51:00.371536,104,0,0,0,0,0
2026-08-13T03:51:00.371536,104,0,0,0,0,0
2026-08-13T03:51:00.371536,106,0,0,0,0,0
2026-08-13T03:51:00.371536,107,0,0,0,0,0
2026-08-13T03:51:00.375102,108,0,0,0,0,0
2026-08-13T03:51:00.375102,109,0,0,0,0,0
2026-08-13T03:51:00.376109,109,0,0,0,0,0
2026-08-13T03:51:00.379108,108,0,0,0,0,0
2026-08-13T03:51:00.379108,107,0,0,0,0,0
2026-08-13T03:51:00.380107,107,0,0,0,0,0
2026-08-13T03:51:00.380107,107,0,0,0,0,0
2026-08-13T03:51:00.383612,105,0,0,0,0,0
2026-08-13T03:51:00.383612,106,0,0,0,0,0
2026-08-13T03:51:00.383612,104,0,0,0,0,0
2026-08-13T03:51:00.387952,104,0,0,0,0,0
2026-08-13T03:51:00.387952,103,0,0,0,0,0
2026-08-13T03:51:00.387952,104,0,0,0,0,0
2026-08-13T03:51:00.388971,104,0,0,0,0,0
2026-08-13T03:51:00.391732,105,0,0,0,0,0
2026-08-13T03:51:00.391732,107,0,0,0,0,0
2026-08-13T03:51:00.391732,108,0,0,0,0,0
2026-08-13T03:51:00.395621,109,0,0,0,0,0
2026-08-13T03:51:00.395621,109,0,0,0,0,0
2026-08-13T03:51:00.396610,109,0,0,0,0,0
2026-08-13T03:51:00.399619,107,0,0,0,0,0
2026-08-13T03:51:00.399619,106,0,0,0,0,0
2026-08-13T03:51:00.400609,107,0,0,0,0,0
2026-08-13T03:51:00.400609,106,0,0,0,0,0
2026-08-13T03:51:00.403607,104,0,0,0,0,0
2026-08-13T03:51:00.403607,105,0,0,0,0,0
2026-08-13T03:51:00.404812,104,0,0,0,0,0
2026-08-13T03:51:00.407811,103,0,0,0,0,0
2026-08-13T03:51:00.408825,103,0,0,0,0,0
2026-08-13T03:51:00.408825,103,0,0,0,0,0
2026-08-13T03:51:00.409808,103,0,0,0,0,0
2026-08-13T03:51:00.411876,104,0,0,0,0,0
2026-08-13T03:51:00.412901,106,0,0,0,0,0
2026-08-13T03:51:00.412901,107,0,0,0,0,0
2026-08-13T03:51:00.416519,106,0,0,0,0,0
2026-08-13T03:51:00.416519,107,0,0,0,0,0
2026-08-13T03:51:00.417523,107,0,0,0,0,0
2026-08-13T03:51:00.417523,106,0,0,0,0,0
2026-08-13T03:51:00.420533,106,0,0,0,0,0
2026-08-13T03:51:00.420533,106,0,0,0,0,0
2026-08-13T03:51:00.421520,105,0,0,0,0,0
2026-08-13T03:51:00.424057,104,0,0,0,0,0
2026-08-13T03:51:00.425084,104,0,0,0,0,0
2026-08-13T03:51:00.426098,103,0,0,0,0,0
2026-08-13T03:51:00.426098,102,0,0,0,0,0
2026-08-13T03:51:00.428445,102,0,0,0,0,0
2026-08-13T03:51:00.429457,103,0,0,0,0,0
2026-08-13T03:51:00.429457,102,0,0,0,0,0
2026-08-13T03:51:00.432968,104,0,0,0,0,0
2026-08-13T03:51:00.432968,106,0,0,0,0,0
2026-08-13T03:51:00.433967,106,0,0,0,0,0
2026-08-13T03:51:00.436489,107,0,0,0,0,0
2026-08-13T03:51:00.437490,107,0,0,0,0,0
2026-08-13T03:51:00.437490,107,0,0,0,0,0
2026-08-13T03:51:00.438491,105,0,0,0,0,0
2026-08-13T03:51:00.440490,106,0,0,0,0,0
2026-08-13T03:51:00.441491,107,0,0,0,0,0
2026-08-13T03:51:00.441491,104,0,0,0,0,0
2026-08-13T03:51:00.445004,105,0,0,0,0,0
2026-08-13T03:51:00.445004,103,0,0,0,0,0
2026-08-13T03:51:00.446005,103,0,0,0,0,0
2026-08-13T03:51:00.446005,101,0,0,0,0,0
2026-08-13T03:51:00.449297,103,0,0,0,0,0
2026-08-13T03:51:00.449297,103,0,0,0,0,0
2026-08-13T03:51:00.450313,102,0,0,0,0,0
2026-08-13T03:51:00.453364,105,0,0,0,0,0
2026-08-13T03:51:00.453889,106,0,0,0,0,0
2026-08-13T03:51:00.454479,106,0,0,0,0,0
2026-08-13T03:51:00.454479,108,0,0,0,0,0
2026-08-13T03:51:00.457021,107,0,0,0,0,0
2026-08-13T03:51:00.458022,107,0,0,0,0,0
2026-08-13T03:51:00.459025,105,0,0,0,0,0
2026-08-13T03:51:00.461022,106,0,0,0,0,0
2026-08-13T03:51:00.462020,105,0,0,0,0,0
2026-08-13T03:51:00.462020,104,0,0,0,0,0
2026-08-13T03:51:00.465729,103,0,0,0,0,0
2026-08-13T03:51:00.466261,105,0,0,0,0,0
2026-08-13T03:51:00.466261,103,0,0,0,0,0
2026-08-13T03:51:00.467269,102,0,0,0,0,0
2026-08-13T03:51:00.469271,103,0,0,0,0,0
2026-08-13T03:51:00.470270,103,0,0,0,0,0
2026-08-13T03:51:00.470270,104,0,0,0,0,0
2026-08-13T03:51:00.473619,105,0,0,0,0,0
2026-08-13T03:51:00.474630,107,0,0,0,0,0
2026-08-13T03:51:00.475629,107,0,0,0,0,0
2026-08-13T03:51:00.475629,107,0,0,0,0,0
2026-08-13T03:51:00.477744,107,0,0,0,0,0
2026-08-13T03:51:00.478250,107,0,0,0,0,0
2026-08-13T03:51:00.478250,106,0,0,0,0,0
2026-08-13T03:51:00.482145,106,0,0,0,0,0
2026-08-13T03:51:00.482145,106,0,0,0,0,0
2026-08-13T03:51:00.483171,104,0,0,0,0,0
2026-08-13T03:51:00.483683,104,0,0,0,0,0
2026-08-13T03:51:00.485659,104,0,0,0,0,0
2026-08-13T03:51:00.486674,102,0,0,0,0,0
2026-08-13T03:51:00.486674,102,0,0,0,0,0
2026-08-13T03:51:00.489658,103,0,0,0,0,0
2026-08-13T03:51:00.490659,102,0,0,0,0,0
2026-08-13T03:51:00.491666,103,0,0,0,0,0
2026-08-13T03:51:00.491666,105,0,0,0,0,0
2026-08-13T03:51:00.493680,106,0,0,0,0,0
2026-08-13T03:51:00.494872,107,0,0,0,0,0
2026-08-13T03:51:00.494872,107,0,0,0,0,0
2026-08-13T03:51:00.497885,107,0,0,0,0,0
2026-08-13T03:51:00.498872,106,0,0,0,0,0
2026-08-13T03:51:00.499887,106,0,0,0,0,0
2026-08-13T03:51:00.501886,106,0,0,0,0,0
2026-08-13T03:51:00.503233,105,0,0,0,0,0
2026-08-13T03:51:00.503743,104,0,0,0,0,0
2026-08-13T03:51:00.504763,104,0,0,0,0,0
2026-08-13T03:51:00.505764,104,0,0,0,0,0
2026-08-13T03:51:00.506756,102,0,0,0,0,0
2026-08-13T03:51:00.507761,103,0,0,0,0,0
2026-08-13T03:51:00.510757,103,0,0,0,0,0
2026-08-13T03:51:00.510757,103,0,0,0,0,0
2026-08-13T03:51:00.511763,104,0,0,0,0,0
2026-08-13T03:51:00.512760,106,0,0,0,0,0
2026-08-13T03:51:00.514298,106,0,0,0,0,0
2026-08-13T03:51:00.515291,107,0,0,0,0,0
2026-08-13T03:51:00.515291,107,0,0,0,0,0
2026-08-13T03:51:00.518290,107,0,0,0,0,0
2026-08-13T03:51:00.519305,106,0,0,0,0,0
2026-08-13T03:51:00.519305,106,0,0,0,0,0
2026-08-13T03:51:00.519305,106,0,0,0,0,0
2026-08-13T03:51:00.523008,105,0,0,0,0,0
2026-08-13T03:51:00.523008,104,0,0,0,0,0
2026-08-13T03:51:00.523008,103,0,0,0,0,0
2026-08-13T03:51:00.527090,104,0,0,0,0,0
2026-08-13T03:51:00.527090,103,0,0,0,0,0
2026-08-13T03:51:00.527090,103,0,0,0,0,0
2026-08-13T03:51:00.531116,103,0,0,0,0,0
2026-08-13T03:51:00.531116,103,0,0,0,0,0
2026-08-13T03:51:00.532101,104,0,0,0,0,0
2026-08-13T03:51:00.532101,106,0,0,0,0,0
2026-08-13T03:51:00.534618,106,0,0,0,0,0
2026-08-13T03:51:00.535613,107,0,0,0,0,0
2026-08-13T03:51:00.535613,107,0,0,0,0,0
2026-08-13T03:51:00.538627,107,0,0,0,0,0
2026-08-13T03:51:00.539613,106,0,0,0,0,0
2026-08-13T03:51:00.540612,106,0,0,0,0,0
2026-08-13T03:51:00.540612,105,0,0,0,0,0
2026-08-13T03:51:00.542629,104,0,0,0,0,0
2026-08-13T03:51:00.544120,104,0,0,0,0,0
2026-08-13T03:51:00.544120,103,0,0,0,0,0
2026-08-13T03:51:00.547152,103,0,0,0,0,0
2026-08-13T03:51:00.548152,102,0,0,0,0,0
2026-08-13T03:51:00.548152,102,0,0,0,0,0
2026-08-13T03:51:00.549137,104,0,0,0,0,0
2026-08-13T03:51:00.551150,104,0,0,0,0,0
2026-08-13T03:51:00.552150,104,0,0,0,0,0
2026-08-13T03:51:00.552150,107,0,0,0,0,0
2026-08-13T03:51:00.554696,107,0,0,0,0,0
2026-08-13T03:51:00.555991,107,0,0,0,0,0
2026-08-13T03:51:00.555991,107,0,0,0,0,0
2026-08-13T03:51:00.556994,107,0,0,0,0,0
2026-08-13T03:51:00.559863,105,0,0,0,0,0
2026-08-13T03:51:00.559863,106,0,0,0,0,0
2026-08-13T03:51:00.559863,106,0,0,0,0,0
2026-08-13T03:51:00.563965,105,0,0,0,0,0
2026-08-13T03:51:00.563965,104,0,0,0,0,0
2026-08-13T03:51:00.564496,104,0,0,0,0,0
2026-08-13T03:51:00.567526,103,0,0,0,0,0
2026-08-13T03:51:00.568514,102,0,0,0,0,0
2026-08-13T03:51:00.568514,103,0,0,0,0,0
2026-08-13T03:51:00.569514,103,0,0,0,0,0
2026-08-13T03:51:00.572260,103,0,0,0,0,0
2026-08-13T03:51:00.572260,105,0,0,0,0,0
2026-08-13T03:51:00.572260,106,0,0,0,0,0
2026-08-13T03:51:00.575802,108,0,0,0,0,0
2026-08-13T03:51:00.576789,108,0,0,0,0,0
2026-08-13T03:51:00.577789,108,0,0,0,0,0
2026-08-13T03:51:00.577789,106,0,0,0,0,0
2026-08-13T03:51:00.579786,106,0,0,0,0,0
2026-08-13T03:51:00.580799,108,0,0,0,0,0
2026-08-13T03:51:00.581788,106,0,0,0,0,0
2026-08-13T03:51:00.583797,105,0,0,0,0,0
2026-08-13T03:51:00.585016,104,0,0,0,0,0
2026-08-13T03:51:00.586032,104,0,0,0,0,0
2026-08-13T03:51:00.586032,104,0,0,0,0,0
2026-08-13T03:51:00.588540,103,0,0,0,0,0
2026-08-13T03:51:00.588540,105,0,0,0,0,0
2026-08-13T03:51:00.589569,104,0,0,0,0,0
2026-08-13T03:51:00.592566,106,0,0,0,0,0
2026-08-13T03:51:00.592566,108,0,0,0,0,0
2026-08-13T03:51:00.594079,110,0,0,0,0,0
2026-08-13T03:51:00.596540,110,0,0,0,0,0
2026-08-13T03:51:00.597052,110,0,0,0,0,0
2026-08-13T03:51:00.598069,111,0,0,0,0,0
2026-08-13T03:51:00.598069,110,0,0,0,0,0
2026-08-13T03:51:00.600082,110,0,0,0,0,0
2026-08-13T03:51:00.601062,112,0,0,0,0,0
2026-08-13T03:51:00.601062,112,0,0,0,0,0
2026-08-13T03:51:00.604075,111,0,0,0,0,0
2026-08-13T03:51:00.605231,111,0,0,0,0,0
2026-08-13T03:51:00.605231,111,0,0,0,0,0
2026-08-13T03:51:00.605231,111,0,0,0,0,0
2026-08-13T03:51:00.608259,111,0,0,0,0,0
2026-08-13T03:51:00.609236,112,0,0,0,0,0
2026-08-13T03:51:00.609236,112,0,0,0,0,0
2026-08-13T03:51:00.613130,113,0,0,0,0,0
2026-08-13T03:51:00.621056,115,0,0,0,0,0
2026-08-13T03:51:00.622059,115,0,0,0,0,0
2026-08-13T03:51:00.622059,115,0,0,0,0,0
2026-08-13T03:51:00.623055,115,0,0,0,0,0
2026-08-13T03:51:00.624561,115,0,0,0,0,0
2026-08-13T03:51:00.625573,113,0,0,0,0,0
2026-08-13T03:51:00.625573,113,0,0,0,0,0
2026-08-13T03:51:00.626581,113,0,0,0,0,0
2026-08-13T03:51:00.626581,111,0,0,0,0,0
2026-08-13T03:51:00.627580,111,0,0,0,0,0
2026-08-13T03:51:00.627580,110,0,0,0,0,0
2026-08-13T03:51:00.628583,109,0,0,0,0,0
2026-08-13T03:51:00.628583,109,0,0,0,0,0
2026-08-13T03:51:00.629581,108,0,0,0,0,0
2026-08-13T03:51:00.629581,109,0,0,0,0,0
2026-08-13T03:51:00.630581,108,0,0,0,0,0
2026-08-13T03:51:00.632580,109,0,0,0,0,0
2026-08-13T03:51:00.634088,111,0,0,0,0,0
2026-08-13T03:51:00.634088,111,0,0,0,0,0
2026-08-13T03:51:00.635097,111,0,0,0,0,0
2026-08-13T03:51:00.637104,111,0,0,0,0,0
2026-08-13T03:51:00.638105,111,0,0,0,0,0
2026-08-13T03:51:00.638105,109,0,0,0,0,0
2026-08-13T03:51:00.641106,110,0,0,0,0,0
2026-08-13T03:51:00.642106,109,0,0,0,0,0
2026-08-13T03:51:00.642106,108,0,0,0,0,0
2026-08-13T03:51:00.642974,107,0,0,0,0,0
2026-08-13T03:51:00.645890,107,0,0,0,0,0
2026-08-13T03:51:00.645890,107,0,0,0,0,0
2026-08-13T03:51:00.645890,106,0,0,0,0,0
2026-08-13T03:51:00.650067,107,0,0,0,0,0
2026-08-13T03:51:00.650067,107,0,0,0,0,0
2026-08-13T03:51:00.650067,108,0,0,0,0,0
2026-08-13T03:51:00.651089,111,0,0,0,0,0
2026-08-13T03:51:00.653642,114,0,0,0,0,0
2026-08-13T03:51:00.653642,114,0,0,0,0,0
2026-08-13T03:51:00.654661,116,0,0,0,0,0
2026-08-13T03:51:00.658186,116,0,0,0,0,0
2026-08-13T03:51:00.658186,116,0,0,0,0,0
2026-08-13T03:51:00.659182,115,0,0,0,0,0
2026-08-13T03:51:00.659182,115,0,0,0,0,0
2026-08-13T03:51:00.662193,115,0,0,0,0,0
2026-08-13T03:51:00.662193,114,0,0,0,0,0
2026-08-13T03:51:00.662193,114,0,0,0,0,0
2026-08-13T03:51:00.665728,113,0,0,0,0,0
2026-08-13T03:51:00.666727,113,0,0,0,0,0
2026-08-13T03:51:00.667728,112,0,0,0,0,0
2026-08-13T03:51:00.669738,113,0,0,0,0,0
2026-08-13T03:51:00.670725,113,0,0,0,0,0
2026-08-13T03:51:00.671729,113,0,0,0,0,0
2026-08-13T03:51:00.671729,116,0,0,0,0,0
2026-08-13T03:51:00.673731,116,0,0,0,0,0
2026-08-13T03:51:00.674942,117,0,0,0,0,0
2026-08-13T03:51:00.675944,116,0,0,0,0,0
2026-08-13T03:51:00.677956,116,0,0,0,0,0
2026-08-13T03:51:00.678955,115,0,0,0,0,0
2026-08-13T03:51:00.678955,114,0,0,0,0,0
2026-08-13T03:51:00.679953,114,0,0,0,0,0
2026-08-13T03:51:00.681952,114,0,0,0,0,0
2026-08-13T03:51:00.682952,112,0,0,0,0,0
2026-08-13T03:51:00.682952,111,0,0,0,0,0
2026-08-13T03:51:00.686471,111,0,0,0,0,0
2026-08-13T03:51:00.686471,111,0,0,0,0,0
2026-08-13T03:51:00.687472,110,0,0,0,0,0
2026-08-13T03:51:00.687472,111,0,0,0,0,0
2026-08-13T03:51:00.690472,111,0,0,0,0,0
2026-08-13T03:51:00.690472,113,0,0,0,0,0
2026-08-13T03:51:00.691471,114,0,0,0,0,0
2026-08-13T03:51:00.694663,115,0,0,0,0,0
2026-08-13T03:51:00.694663,115,0,0,0,0,0
2026-08-13T03:51:00.694663,115,0,0,0,0,0
2026-08-13T03:51:00.699116,115,0,0,0,0,0
2026-08-13T03:51:00.699116,114,0,0,0,0,0
2026-08-13T03:51:00.699116,113,0,0,0,0,0
2026-08-13T03:51:00.700144,114,0,0,0,0,0
2026-08-13T03:51:00.702584,112,0,0,0,0,0
2026-08-13T03:51:00.703581,112,0,0,0,0,0
2026-08-13T03:51:00.704088,111,0,0,0,0,0
2026-08-13T03:51:00.707109,111,0,0,0,0,0
2026-08-13T03:51:00.708102,110,0,0,0,0,0
2026-08-13T03:51:00.708102,111,0,0,0,0,0
2026-08-13T03:51:00.709102,111,0,0,0,0,0
2026-08-13T03:51:00.711098,111,0,0,0,0,0
2026-08-13T03:51:00.712096,113,0,0,0,0,0
2026-08-13T03:51:00.712096,115,0,0,0,0,0
2026-08-13T03:51:00.714659,115,0,0,0,0,0
2026-08-13T03:51:00.715643,116,0,0,0,0,0
2026-08-13T03:51:00.715643,115,0,0,0,0,0
2026-08-13T03:51:00.716646,116,0,0,0,0,0
2026-08-13T03:51:00.719641,115,0,0,0,0,0
2026-08-13T03:51:00.719641,115,0,0,0,0,0
2026-08-13T03:51:00.719641,116,0,0,0,0,0
2026-08-13T03:51:00.723727,116,0,0,0,0,0
2026-08-13T03:51:00.723727,116,0,0,0,0,0
2026-08-13T03:51:00.723727,115,0,0,0,0,0
2026-08-13T03:51:00.723727,116,0,0,0,0,0
2026-08-13T03:51:00.727817,116,0,0,0,0,0
2026-08-13T03:51:00.727817,116,0,0,0,0,0
2026-08-13T03:51:00.728832,118,0,0,0,0,0
2026-08-13T03:51:00.731608,118,0,0,0,0,0
2026-08-13T03:51:00.731608,120,0,0,0,0,0
2026-08-13T03:51:00.732609,121,0,0,0,0,0
2026-08-13T03:51:00.735834,123,0,0,0,0,0
2026-08-13T03:51:00.735834,123,0,0,0,0,0
2026-08-13T03:51:00.736832,124,0,0,0,0,0
2026-08-13T03:51:00.736832,123,0,0,0,0,0
2026-08-13T03:51:00.739845,122,0,0,0,0,0
2026-08-13T03:51:00.740832,122,0,0,0,0,0
2026-08-13T03:51:00.740832,120,0,0,0,0,0
2026-08-13T03:51:00.743846,119,0,0,0,0,0
2026-08-13T03:51:00.743846,118,0,0,0,0,0
2026-08-13T03:51:00.744936,117,0,0,0,0,0
2026-08-13T03:51:00.744936,116,0,0,0,0,0
2026-08-13T03:51:00.748291,115,0,0,0,0,0
2026-08-13T03:51:00.748291,115,0,0,0,0,0
2026-08-13T03:51:00.749308,115,0,0,0,0,0
2026-08-13T03:51:00.751540,115,0,0,0,0,0
2026-08-13T03:51:00.752551,117,0,0,0,0,0
2026-08-13T03:51:00.752551,117,0,0,0,0,0
2026-08-13T03:51:00.754061,117,0,0,0,0,0
2026-08-13T03:51:00.756413,118,0,0,0,0,0
2026-08-13T03:51:00.756413,117,0,0,0,0,0
2026-08-13T03:51:00.758433,116,0,0,0,0,0
2026-08-13T03:51:00.760430,115,0,0,0,0,0
2026-08-13T03:51:00.760430,116,0,0,0,0,0
2026-08-13T03:51:00.761432,115,0,0,0,0,0
2026-08-13T03:51:00.763946,114,0,0,0,0,0
2026-08-13T03:51:00.764958,114,0,0,0,0,0
2026-08-13T03:51:00.765959,114,0,0,0,0,0
2026-08-13T03:51:00.765959,114,0,0,0,0,0
2026-08-13T03:51:00.767967,113,0,0,0,0,0
2026-08-13T03:51:00.768966,114,0,0,0,0,0
2026-08-13T03:51:00.768966,114,0,0,0,0,0
2026-08-13T03:51:00.772851,114,0,0,0,0,0
2026-08-13T03:51:00.772851,116,0,0,0,0,0
2026-08-13T03:51:00.772851,116,0,0,0,0,0
2026-08-13T03:51:00.773859,117,0,0,0,0,0
2026-08-13T03:51:00.776885,116,0,0,0,0,0
2026-08-13T03:51:00.776885,115,0,0,0,0,0
2026-08-13T03:51:00.776885,115,0,0,0,0,0
2026-08-13T03:51:00.780873,115,0,0,0,0,0
2026-08-13T03:51:00.780873,115,0,0,0,0,0
2026-08-13T03:51:00.781874,114,0,0,0,0,0
2026-08-13T03:51:00.781874,113,0,0,0,0,0
2026-08-13T03:51:00.784436,114,0,0,0,0,0
2026-08-13T03:51:00.785432,113,0,0,0,0,0
2026-08-13T03:51:00.785432,113,0,0,0,0,0
2026-08-13T03:51:00.788452,113,0,0,0,0,0
2026-08-13T03:51:00.789438,114,0,0,0,0,0
2026-08-13T03:51:00.789438,113,0,0,0,0,0
2026-08-13T03:51:00.791442,115,0,0,0,0,0
2026-08-13T03:51:00.792442,118,0,0,0,0,0
2026-08-13T03:51:00.793950,118,0,0,0,0,0
2026-08-13T03:51:00.793950,119,0,0,0,0,0
2026-08-13T03:51:00.797003,119,0,0,0,0,0
2026-08-13T03:51:00.797968,119,0,0,0,0,0
2026-08-13T03:51:00.797968,118,0,0,0,0,0
2026-08-13T03:51:00.800983,118,0,0,0,0,0
2026-08-13T03:51:00.801979,118,0,0,0,0,0
2026-08-13T03:51:00.801979,115,0,0,0,0,0
2026-08-13T03:51:00.801979,116,0,0,0,0,0
2026-08-13T03:51:00.805517,116,0,0,0,0,0
2026-08-13T03:51:00.805517,115,0,0,0,0,0
2026-08-13T03:51:00.805517,115,0,0,0,0,0
2026-08-13T03:51:00.809516,115,0,0,0,0,0
2026-08-13T03:51:00.809516,115,0,0,0,0,0
2026-08-13T03:51:00.810517,114,0,0,0,0,0
2026-08-13T03:51:00.810517,115,0,0,0,0,0
2026-08-13T03:51:00.812534,116,0,0,0,0,0
2026-08-13T03:51:00.814046,115,0,0,0,0,0
2026-08-13T03:51:00.814046,117,0,0,0,0,0
2026-08-13T03:51:00.818005,117,0,0,0,0,0
2026-08-13T03:51:00.818005,116,0,0,0,0,0
2026-08-13T03:51:00.818005,116,0,0,0,0,0
2026-08-13T03:51:00.819028,116,0,0,0,0,0
2026-08-13T03:51:00.822013,116,0,0,0,0,0
2026-08-13T03:51:00.822013,116,0,0,0,0,0
2026-08-13T03:51:00.823025,116,0,0,0,0,0
2026-08-13T03:51:00.825543,115,0,0,0,0,0
2026-08-13T03:51:00.826541,115,0,0,0,0,0
2026-08-13T03:51:00.827542,114,0,0,0,0,0
2026-08-13T03:51:00.829926,115,0,0,0,0,0
2026-08-13T03:51:00.830545,115,0,0,0,0,0
2026-08-13T03:51:00.830545,113,0,0,0,0,0
2026-08-13T03:51:00.831555,117,0,0,0,0,0
2026-08-13T03:51:00.834071,118,0,0,0,0,0
2026-08-13T03:51:00.834071,118,0,0,0,0,0
2026-08-13T03:51:00.835087,119,0,0,0,0,0
2026-08-13T03:51:00.838040,119,0,0,0,0,0
2026-08-13T03:51:00.839037,118,0,0,0,0,0
2026-08-13T03:51:00.839037,117,0,0,0,0,0
2026-08-13T03:51:00.840023,118,0,0,0,0,0
2026-08-13T03:51:00.842027,118,0,0,0,0,0
2026-08-13T03:51:00.843022,116,0,0,0,0,0
2026-08-13T03:51:00.843022,117,0,0,0,0,0
2026-08-13T03:51:00.846555,116,0,0,0,0,0
2026-08-13T03:51:00.846555,115,0,0,0,0,0
2026-08-13T03:51:00.847555,114,0,0,0,0,0
2026-08-13T03:51:00.847555,114,0,0,0,0,0
2026-08-13T03:51:00.850554,111,0,0,0,0,0
2026-08-13T03:51:00.850554,111,0,0,0,0,0
2026-08-13T03:51:00.851553,115,0,0,0,0,0
2026-08-13T03:51:00.854633,115,0,0,0,0,0
2026-08-13T03:51:00.854633,116,0,0,0,0,0
2026-08-13T03:51:00.855642,115,0,0,0,0,0
2026-08-13T03:51:00.855642,116,0,0,0,0,0
2026-08-13T03:51:00.858673,114,0,0,0,0,0
2026-08-13T03:51:00.858673,114,0,0,0,0,0
2026-08-13T03:51:00.859642,114,0,0,0,0,0
2026-08-13T03:51:00.862150,114,0,0,0,0,0
2026-08-13T03:51:00.863657,112,0,0,0,0,0
2026-08-13T03:51:00.863657,114,0,0,0,0,0
2026-08-13T03:51:00.867065,112,0,0,0,0,0
2026-08-13T03:51:00.867065,112,0,0,0,0,0
2026-08-13T03:51:00.867065,113,0,0,0,0,0
2026-08-13T03:51:00.868082,115,0,0,0,0,0
2026-08-13T03:51:00.870949,115,0,0,0,0,0
2026-08-13T03:51:00.870949,117,0,0,0,0,0
2026-08-13T03:51:00.871935,119,0,0,0,0,0
2026-08-13T03:51:00.874463,119,0,0,0,0,0
2026-08-13T03:51:00.875475,120,0,0,0,0,0
2026-08-13T03:51:00.875475,120,0,0,0,0,0
2026-08-13T03:51:00.876905,120,0,0,0,0,0
2026-08-13T03:51:00.878918,118,0,0,0,0,0
2026-08-13T03:51:00.879915,117,0,0,0,0,0
2026-08-13T03:51:00.879915,118,0,0,0,0,0
2026-08-13T03:51:00.882927,117,0,0,0,0,0
2026-08-13T03:51:00.883913,116,0,0,0,0,0
2026-08-13T03:51:00.883913,116,0,0,0,0,0
2026-08-13T03:51:00.883913,114,0,0,0,0,0
2026-08-13T03:51:00.887265,114,0,0,0,0,0
2026-08-13T03:51:00.887265,114,0,0,0,0,0
2026-08-13T03:51:00.888255,115,0,0,0,0,0
2026-08-13T03:51:00.891499,114,0,0,0,0,0
2026-08-13T03:51:00.891499,115,0,0,0,0,0
2026-08-13T03:51:00.892498,117,0,0,0,0,0
2026-08-13T03:51:00.892498,118,0,0,0,0,0
2026-08-13T03:51:00.895789,118,0,0,0,0,0
2026-08-13T03:51:00.895789,119,0,0,0,0,0
2026-08-13T03:51:00.896804,119,0,0,0,0,0
2026-08-13T03:51:00.899428,117,0,0,0,0,0
2026-08-13T03:51:00.899428,118,0,0,0,0,0
2026-08-13T03:51:00.900434,118,0,0,0,0,0
2026-08-13T03:51:00.903968,116,0,0,0,0,0
2026-08-13T03:51:00.903968,116,0,0,0,0,0
2026-08-13T03:51:00.904990,115,0,0,0,0,0
2026-08-13T03:51:00.904990,114,0,0,0,0,0
2026-08-13T03:51:00.907988,113,0,0,0,0,0
2026-08-13T03:51:00.907988,114,0,0,0,0,0
2026-08-13T03:51:00.908986,114,0,0,0,0,0
2026-08-13T03:51:00.912003,113,0,0,0,0,0
2026-08-13T03:51:00.912003,115,0,0,0,0,0
2026-08-13T03:51:00.912992,115,0,0,0,0,0
2026-08-13T03:51:00.913989,116,0,0,0,0,0
2026-08-13T03:51:00.915738,117,0,0,0,0,0
2026-08-13T03:51:00.916762,117,0,0,0,0,0
2026-08-13T03:51:00.916762,117,0,0,0,0,0
2026-08-13T03:51:00.919769,116,0,0,0,0,0
2026-08-13T03:51:00.920760,116,0,0,0,0,0
2026-08-13T03:51:00.920760,116,0,0,0,0,0
2026-08-13T03:51:00.921762,115,0,0,0,0,0
2026-08-13T03:51:00.923779,115,0,0,0,0,0
2026-08-13T03:51:00.924885,115,0,0,0,0,0
2026-08-13T03:51:00.925897,115,0,0,0,0,0
2026-08-13T03:51:00.927895,114,0,0,0,0,0
2026-08-13T03:51:00.928895,115,0,0,0,0,0
2026-08-13T03:51:00.928895,115,0,0,0,0,0
2026-08-13T03:51:00.931907,115,0,0,0,0,0
2026-08-13T03:51:00.932895,118,0,0,0,0,0
2026-08-13T03:51:00.932895,119,0,0,0,0,0
2026-08-13T03:51:00.934409,120,0,0,0,0,0
2026-08-13T03:51:00.936431,120,0,0,0,0,0
2026-08-13T03:51:00.936431,119,0,0,0,0,0
2026-08-13T03:51:00.937422,118,0,0,0,0,0
2026-08-13T03:51:00.940751,117,0,0,0,0,0
2026-08-13T03:51:00.940751,117,0,0,0,0,0
2026-08-13T03:51:00.941754,117,0,0,0,0,0
2026-08-13T03:51:00.941754,115,0,0,0,0,0
2026-08-13T03:51:00.944262,115,0,0,0,0,0
2026-08-13T03:51:00.944262,114,0,0,0,0,0
2026-08-13T03:51:00.945628,113,0,0,0,0,0
2026-08-13T03:51:00.948990,113,0,0,0,0,0
2026-08-13T03:51:00.948990,114,0,0,0,0,0
2026-08-13T03:51:00.948990,113,0,0,0,0,0
2026-08-13T03:51:00.950004,114,0,0,0,0,0
2026-08-13T03:51:00.952626,117,0,0,0,0,0
2026-08-13T03:51:00.953602,117,0,0,0,0,0
2026-08-13T03:51:00.954116,118,0,0,0,0,0
2026-08-13T03:51:00.956651,118,0,0,0,0,0
2026-08-13T03:51:00.957639,118,0,0,0,0,0
2026-08-13T03:51:00.958640,117,0,0,0,0,0
2026-08-13T03:51:00.958640,116,0,0,0,0,0
2026-08-13T03:51:00.960637,117,0,0,0,0,0
2026-08-13T03:51:00.961635,116,0,0,0,0,0
2026-08-13T03:51:00.961635,115,0,0,0,0,0
2026-08-13T03:51:00.965189,116,0,0,0,0,0
2026-08-13T03:51:00.965189,116,0,0,0,0,0
2026-08-13T03:51:00.965189,114,0,0,0,0,0
2026-08-13T03:51:00.969792,114,0,0,0,0,0
2026-08-13T03:51:00.969792,114,0,0,0,0,0
2026-08-13T03:51:00.970801,113,0,0,0,0,0
2026-08-13T03:51:00.970801,115,0,0,0,0,0
2026-08-13T03:51:00.973016,117,0,0,0,0,0
2026-08-13T03:51:00.974030,117,0,0,0,0,0
2026-08-13T03:51:00.974537,118,0,0,0,0,0
2026-08-13T03:51:00.977663,118,0,0,0,0,0
2026-08-13T03:51:00.977663,118,0,0,0,0,0
2026-08-13T03:51:00.977663,117,0,0,0,0,0
2026-08-13T03:51:00.978676,116,0,0,0,0,0
2026-08-13T03:51:00.981383,117,0,0,0,0,0
2026-08-13T03:51:00.981383,116,0,0,0,0,0
2026-08-13T03:51:00.982383,116,0,0,0,0,0
2026-08-13T03:51:00.984921,115,0,0,0,0,0
2026-08-13T03:51:00.985922,114,0,0,0,0,0
2026-08-13T03:51:00.986921,113,0,0,0,0,0
2026-08-13T03:51:00.986921,114,0,0,0,0,0
2026-08-13T03:51:00.989920,114,0,0,0,0,0
2026-08-13T03:51:00.989920,113,0,0,0,0,0
2026-08-13T03:51:00.990925,115,0,0,0,0,0
2026-08-13T03:51:00.993935,117,0,0,0,0,0
2026-08-13T03:51:00.993935,118,0,0,0,0,0
2026-08-13T03:51:00.995046,119,0,0,0,0,0
2026-08-13T03:51:00.998139,118,0,0,0,0,0
2026-08-13T03:51:00.998139,118,0,0,0,0,0
2026-08-13T03:51:00.999156,116,0,0,0,0,0
2026-08-13T03:51:00.999156,117,0,0,0,0,0
2026-08-13T03:51:01.002266,116,0,0,0,0,0
2026-08-13T03:51:01.002266,115,0,0,0,0,0
2026-08-13T03:51:01.002266,114,0,0,0,0,0
2026-08-13T03:51:01.006313,115,0,0,0,0,0
2026-08-13T03:51:01.006313,114,0,0,0,0,0
2026-08-13T03:51:01.007328,114,0,0,0,0,0
2026-08-13T03:51:01.008331,114,0,0,0,0,0
2026-08-13T03:51:01.010363,115,0,0,0,0,0
2026-08-13T03:51:01.010363,114,0,0,0,0,0
2026-08-13T03:51:01.011332,116,0,0,0,0,0
2026-08-13T03:51:01.013867,118,0,0,0,0,0
2026-08-13T03:51:01.014885,118,0,0,0,0,0
2026-08-13T03:51:01.015888,118,0,0,0,0,0
2026-08-13T03:51:01.015888,118,0,0,0,0,0
2026-08-13T03:51:01.017891,117,0,0,0,0,0
2026-08-13T03:51:01.018886,117,0,0,0,0,0
2026-08-13T03:51:01.018886,118,0,0,0,0,0
2026-08-13T03:51:01.021898,116,0,0,0,0,0
2026-08-13T03:51:01.022885,115,0,0,0,0,0
2026-08-13T03:51:01.022885,115,0,0,0,0,0
2026-08-13T03:51:01.022885,114,0,0,0,0,0
2026-08-13T03:51:01.026803,114,0,0,0,0,0
2026-08-13T03:51:01.026803,113,0,0,0,0,0
2026-08-13T03:51:01.026803,114,0,0,0,0,0
2026-08-13T03:51:01.030793,114,0,0,0,0,0
2026-08-13T03:51:01.030793,114,0,0,0,0,0
2026-08-13T03:51:01.031797,117,0,0,0,0,0
2026-08-13T03:51:01.034976,117,0,0,0,0,0
2026-08-13T03:51:01.034976,118,0,0,0,0,0
2026-08-13T03:51:01.035974,118,0,0,0,0,0
2026-08-13T03:51:01.035974,118,0,0,0,0,0
2026-08-13T03:51:01.038988,117,0,0,0,0,0
2026-08-13T03:51:01.038988,117,0,0,0,0,0
2026-08-13T03:51:01.039975,118,0,0,0,0,0
2026-08-13T03:51:01.042984,117,0,0,0,0,0
2026-08-13T03:51:01.043976,116,0,0,0,0,0
2026-08-13T03:51:01.044484,116,0,0,0,0,0
2026-08-13T03:51:01.044484,115,0,0,0,0,0
2026-08-13T03:51:01.046501,114,0,0,0,0,0
2026-08-13T03:51:01.047501,114,0,0,0,0,0
2026-08-13T03:51:01.048501,114,0,0,0,0,0
2026-08-13T03:51:01.051501,113,0,0,0,0,0
2026-08-13T03:51:01.051501,115,0,0,0,0,0
2026-08-13T03:51:01.051501,117,0,0,0,0,0
2026-08-13T03:51:01.052501,117,0,0,0,0,0
2026-08-13T03:51:01.055577,118,0,0,0,0,0
2026-08-13T03:51:01.055577,118,0,0,0,0,0
2026-08-13T03:51:01.055577,118,0,0,0,0,0
2026-08-13T03:51:01.059583,117,0,0,0,0,0
2026-08-13T03:51:01.059583,117,0,0,0,0,0
2026-08-13T03:51:01.059583,118,0,0,0,0,0
2026-08-13T03:51:01.063710,116,0,0,0,0,0
2026-08-13T03:51:01.063710,115,0,0,0,0,0
2026-08-13T03:51:01.064738,115,0,0,0,0,0
2026-08-13T03:51:01.064738,115,0,0,0,0,0
2026-08-13T03:51:01.067799,114,0,0,0,0,0
2026-08-13T03:51:01.067799,113,0,0,0,0,0
2026-08-13T03:51:01.068819,113,0,0,0,0,0
2026-08-13T03:51:01.071840,114,0,0,0,0,0
2026-08-13T03:51:01.071840,116,0,0,0,0,0
2026-08-13T03:51:01.072854,117,0,0,0,0,0
2026-08-13T03:51:01.072854,118,0,0,0,0,0
2026-08-13T03:51:01.075939,118,0,0,0,0,0
2026-08-13T03:51:01.075939,118,0,0,0,0,0
2026-08-13T03:51:01.076955,118,0,0,0,0,0
2026-08-13T03:51:01.079992,117,0,0,0,0,0
2026-08-13T03:51:01.079992,116,0,0,0,0,0
2026-08-13T03:51:01.081003,117,0,0,0,0,0
2026-08-13T03:51:01.081003,116,0,0,0,0,0
2026-08-13T03:51:01.084033,116,0,0,0,0,0
2026-08-13T03:51:01.084033,115,0,0,0,0,0
2026-08-13T03:51:01.085052,114,0,0,0,0,0
2026-08-13T03:51:01.088061,114,0,0,0,0,0
2026-08-13T03:51:01.089049,114,0,0,0,0,0
2026-08-13T03:51:01.089049,114,0,0,0,0,0
2026-08-13T03:51:01.090050,114,0,0,0,0,0
2026-08-13T03:51:01.092051,116,0,0,0,0,0
2026-08-13T03:51:01.093059,117,0,0,0,0,0
2026-08-13T03:51:01.093059,118,0,0,0,0,0
2026-08-13T03:51:01.095580,118,0,0,0,0,0
2026-08-13T03:51:01.096588,118,0,0,0,0,0
2026-08-13T03:51:01.097591,118,0,0,0,0,0
2026-08-13T03:51:01.100039,116,0,0,0,0,0
2026-08-13T03:51:01.101039,117,0,0,0,0,0
2026-08-13T03:51:01.101039,117,0,0,0,0,0
2026-08-13T03:51:01.102041,115,0,0,0,0,0
2026-08-13T03:51:01.104548,115,0,0,0,0,0
2026-08-13T03:51:01.104548,115,0,0,0,0,0
2026-08-13T03:51:01.105558,115,0,0,0,0,0
2026-08-13T03:51:01.108571,114,0,0,0,0,0
2026-08-13T03:51:01.108571,115,0,0,0,0,0
2026-08-13T03:51:01.109568,116,0,0,0,0,0
2026-08-13T03:51:01.109568,115,0,0,0,0,0
2026-08-13T03:51:01.112589,118,0,0,0,0,0
2026-08-13T03:51:01.112589,120,0,0,0,0,0
2026-08-13T03:51:01.113626,120,0,0,0,0,0
2026-08-13T03:51:01.116988,121,0,0,0,0,0
2026-08-13T03:51:01.116988,121,0,0,0,0,0
2026-08-13T03:51:01.118010,121,0,0,0,0,0
2026-08-13T03:51:01.118010,120,0,0,0,0,0
2026-08-13T03:51:01.121022,122,0,0,0,0,0
2026-08-13T03:51:01.121022,122,0,0,0,0,0
2026-08-13T03:51:01.122018,120,0,0,0,0,0
2026-08-13T03:51:01.124561,121,0,0,0,0,0
2026-08-13T03:51:01.125574,121,0,0,0,0,0
2026-08-13T03:51:01.125574,120,0,0,0,0,0
2026-08-13T03:51:01.128584,120,0,0,0,0,0
2026-08-13T03:51:01.129582,120,0,0,0,0,0
2026-08-13T03:51:01.129582,120,0,0,0,0,0
2026-08-13T03:51:01.130583,120,0,0,0,0,0
2026-08-13T03:51:01.132596,122,0,0,0,0,0
2026-08-13T03:51:01.133596,122,0,0,0,0,0
2026-08-13T03:51:01.133596,123,0,0,0,0,0
2026-08-13T03:51:01.136815,123,0,0,0,0,0
2026-08-13T03:51:01.137794,123,0,0,0,0,0
2026-08-13T03:51:01.137794,123,0,0,0,0,0
2026-08-13T03:51:01.137794,122,0,0,0,0,0
2026-08-13T03:51:01.140794,122,0,0,0,0,0
2026-08-13T03:51:01.141826,121,0,0,0,0,0
2026-08-13T03:51:01.141826,121,0,0,0,0,0
2026-08-13T03:51:01.145578,121,0,0,0,0,0
2026-08-13T03:51:01.145578,120,0,0,0,0,0
2026-08-13T03:51:01.145578,119,0,0,0,0,0
2026-08-13T03:51:01.146586,120,0,0,0,0,0
2026-08-13T03:51:01.149604,120,0,0,0,0,0
2026-08-13T03:51:01.149604,120,0,0,0,0,0
2026-08-13T03:51:01.150586,122,0,0,0,0,0
2026-08-13T03:51:01.153789,123,0,0,0,0,0
2026-08-13T03:51:01.153789,125,0,0,0,0,0
2026-08-13T03:51:01.154915,126,0,0,0,0,0
2026-08-13T03:51:01.155928,126,0,0,0,0,0
2026-08-13T03:51:01.157279,127,0,0,0,0,0
2026-08-13T03:51:01.158300,125,0,0,0,0,0
2026-08-13T03:51:01.159311,125,0,0,0,0,0
2026-08-13T03:51:01.161964,125,0,0,0,0,0
2026-08-13T03:51:01.161964,123,0,0,0,0,0
2026-08-13T03:51:01.162983,123,0,0,0,0,0
2026-08-13T03:51:01.166054,122,0,0,0,0,0
2026-08-13T03:51:01.166054,122,0,0,0,0,0
2026-08-13T03:51:01.167077,121,0,0,0,0,0
2026-08-13T03:51:01.168081,121,0,0,0,0,0
2026-08-13T03:51:01.170075,122,0,0,0,0,0
2026-08-13T03:51:01.171070,121,0,0,0,0,0
2026-08-13T03:51:01.171070,123,0,0,0,0,0
2026-08-13T03:51:01.174062,125,0,0,0,0,0
2026-08-13T03:51:01.175582,125,0,0,0,0,0
2026-08-13T03:51:01.175582,125,0,0,0,0,0
2026-08-13T03:51:01.176591,124,0,0,0,0,0
2026-08-13T03:51:01.177594,122,0,0,0,0,0
2026-08-13T03:51:01.178590,120,0,0,0,0,0
2026-08-13T03:51:01.178590,119,0,0,0,0,0
2026-08-13T03:51:01.181607,118,0,0,0,0,0
2026-08-13T03:51:01.182589,117,0,0,0,0,0
2026-08-13T03:51:01.182589,116,0,0,0,0,0
2026-08-13T03:51:01.182589,115,0,0,0,0,0
2026-08-13T03:51:01.186116,115,0,0,0,0,0
2026-08-13T03:51:01.186116,114,0,0,0,0,0
2026-08-13T03:51:01.186116,114,0,0,0,0,0
2026-08-13T03:51:01.190569,115,0,0,0,0,0
2026-08-13T03:51:01.190569,115,0,0,0,0,0
2026-08-13T03:51:01.191566,117,0,0,0,0,0
2026-08-13T03:51:01.191566,119,0,0,0,0,0
2026-08-13T03:51:01.194662,119,0,0,0,0,0
2026-08-13T03:51:01.194662,121,0,0,0,0,0
2026-08-13T03:51:01.194662,121,0,0,0,0,0
2026-08-13T03:51:01.198930,122,0,0,0,0,0
2026-08-13T03:51:01.198930,123,0,0,0,0,0
2026-08-13T03:51:01.198930,123,0,0,0,0,0
2026-08-13T03:51:01.202939,123,0,0,0,0,0
2026-08-13T03:51:01.202939,122,0,0,0,0,0
2026-08-13T03:51:01.202939,123,0,0,0,0,0
2026-08-13T03:51:01.203961,122,0,0,0,0,0
2026-08-13T03:51:01.206991,122,0,0,0,0,0
2026-08-13T03:51:01.206991,120,0,0,0,0,0
2026-08-13T03:51:01.207979,120,0,0,0,0,0
2026-08-13T03:51:01.210977,119,0,0,0,0,0
2026-08-13T03:51:01.210977,120,0,0,0,0,0
2026-08-13T03:51:01.211978,121,0,0,0,0,0
2026-08-13T03:51:01.211978,121,0,0,0,0,0
2026-08-13T03:51:01.214484,121,0,0,0,0,0
2026-08-13T03:51:01.215491,120,0,0,0,0,0
2026-08-13T03:51:01.215491,119,0,0,0,0,0
2026-08-13T03:51:01.218498,118,0,0,0,0,0
2026-08-13T03:51:01.219497,118,0,0,0,0,0
2026-08-13T03:51:01.219497,117,0,0,0,0,0
2026-08-13T03:51:01.220499,116,0,0,0,0,0
2026-08-13T03:51:01.222535,116,0,0,0,0,0
2026-08-13T03:51:01.222535,116,0,0,0,0,0
2026-08-13T03:51:01.225059,115,0,0,0,0,0
2026-08-13T03:51:01.227093,114,0,0,0,0,0
2026-08-13T03:51:01.228083,114,0,0,0,0,0
2026-08-13T03:51:01.228083,115,0,0,0,0,0
2026-08-13T03:51:01.231613,115,0,0,0,0,0
2026-08-13T03:51:01.231613,115,0,0,0,0,0
2026-08-13T03:51:01.232650,117,0,0,0,0,0
2026-08-13T03:51:01.232650,116,0,0,0,0,0
2026-08-13T03:51:01.235692,117,0,0,0,0,0
2026-08-13T03:51:01.235692,116,0,0,0,0,0
2026-08-13T03:51:01.236710,116,0,0,0,0,0
2026-08-13T03:51:01.239725,115,0,0,0,0,0
2026-08-13T03:51:01.239725,114,0,0,0,0,0
2026-08-13T03:51:01.240715,114,0,0,0,0,0
2026-08-13T03:51:01.241716,112,0,0,0,0,0
2026-08-13T03:51:01.243727,111,0,0,0,0,0
2026-08-13T03:51:01.243727,112,0,0,0,0,0
2026-08-13T03:51:01.244889,110,0,0,0,0,0
2026-08-13T03:51:01.247913,110,0,0,0,0,0
2026-08-13T03:51:01.247913,110,0,0,0,0,0
2026-08-13T03:51:01.248909,110,0,0,0,0,0
2026-08-13T03:51:01.249903,109,0,0,0,0,0
2026-08-13T03:51:01.252134,112,0,0,0,0,0
2026-08-13T03:51:01.252134,114,0,0,0,0,0
2026-08-13T03:51:01.253648,116,0,0,0,0,0
2026-08-13T03:51:01.256214,116,0,0,0,0,0
2026-08-13T03:51:01.256214,115,0,0,0,0,0
2026-08-13T03:51:01.256214,113,0,0,0,0,0
2026-08-13T03:51:01.257840,111,0,0,0,0,0
2026-08-13T03:51:01.259890,110,0,0,0,0,0
2026-08-13T03:51:01.260909,109,0,0,0,0,0
2026-08-13T03:51:01.260909,107,0,0,0,0,0
2026-08-13T03:51:01.263975,107,0,0,0,0,0
2026-08-13T03:51:01.265002,106,0,0,0,0,0
2026-08-13T03:51:01.265002,105,0,0,0,0,0
2026-08-13T03:51:01.268050,105,0,0,0,0,0
2026-08-13T03:51:01.268050,105,0,0,0,0,0
2026-08-13T03:51:01.269009,106,0,0,0,0,0
2026-08-13T03:51:01.269009,105,0,0,0,0,0
2026-08-13T03:51:01.272674,108,0,0,0,0,0
2026-08-13T03:51:01.272674,109,0,0,0,0,0
2026-08-13T03:51:01.272674,109,0,0,0,0,0
2026-08-13T03:51:01.276662,109,0,0,0,0,0
2026-08-13T03:51:01.276662,110,0,0,0,0,0
2026-08-13T03:51:01.276662,109,0,0,0,0,0
2026-08-13T03:51:01.277673,109,0,0,0,0,0
2026-08-13T03:51:01.280688,109,0,0,0,0,0
2026-08-13T03:51:01.280688,109,0,0,0,0,0
2026-08-13T03:51:01.280688,108,0,0,0,0,0
2026-08-13T03:51:01.284663,107,0,0,0,0,0
2026-08-13T03:51:01.284663,106,0,0,0,0,0
2026-08-13T03:51:01.284663,106,0,0,0,0,0
2026-08-13T03:51:01.285991,106,0,0,0,0,0
2026-08-13T03:51:01.289025,106,0,0,0,0,0
2026-08-13T03:51:01.289025,106,0,0,0,0,0
2026-08-13T03:51:01.289025,106,0,0,0,0,0
2026-08-13T03:51:01.293043,107,0,0,0,0,0
2026-08-13T03:51:01.293043,109,0,0,0,0,0
2026-08-13T03:51:01.294042,110,0,0,0,0,0
2026-08-13T03:51:01.296564,109,0,0,0,0,0
2026-08-13T03:51:01.297564,109,0,0,0,0,0
2026-08-13T03:51:01.297564,107,0,0,0,0,0
2026-08-13T03:51:01.297564,107,0,0,0,0,0
2026-08-13T03:51:01.300591,108,0,0,0,0,0
2026-08-13T03:51:01.301566,107,0,0,0,0,0
2026-08-13T03:51:01.301566,105,0,0,0,0,0
2026-08-13T03:51:01.305105,106,0,0,0,0,0
2026-08-13T03:51:01.305105,105,0,0,0,0,0
2026-08-13T03:51:01.305105,104,0,0,0,0,0
2026-08-13T03:51:01.306105,104,0,0,0,0,0
2026-08-13T03:51:01.309349,105,0,0,0,0,0
2026-08-13T03:51:01.310338,104,0,0,0,0,0
2026-08-13T03:51:01.310338,105,0,0,0,0,0
2026-08-13T03:51:01.313515,107,0,0,0,0,0
2026-08-13T03:51:01.314044,108,0,0,0,0,0
2026-08-13T03:51:01.314044,108,0,0,0,0,0
2026-08-13T03:51:01.315060,108,0,0,0,0,0
2026-08-13T03:51:01.317613,109,0,0,0,0,0
2026-08-13T03:51:01.317613,108,0,0,0,0,0
2026-08-13T03:51:01.318629,107,0,0,0,0,0
2026-08-13T03:51:01.320986,108,0,0,0,0,0
2026-08-13T03:51:01.321983,107,0,0,0,0,0
2026-08-13T03:51:01.321983,105,0,0,0,0,0
2026-08-13T03:51:01.322984,106,0,0,0,0,0
2026-08-13T03:51:01.325506,105,0,0,0,0,0
2026-08-13T03:51:01.326528,104,0,0,0,0,0
2026-08-13T03:51:01.326528,104,0,0,0,0,0
2026-08-13T03:51:01.329522,105,0,0,0,0,0
2026-08-13T03:51:01.330508,104,0,0,0,0,0
2026-08-13T03:51:01.330508,106,0,0,0,0,0
2026-08-13T03:51:01.334047,107,0,0,0,0,0
2026-08-13T03:51:01.334047,108,0,0,0,0,0
2026-08-13T03:51:01.335065,108,0,0,0,0,0
2026-08-13T03:51:01.335065,108,0,0,0,0,0
2026-08-13T03:51:01.338073,108,0,0,0,0,0
2026-08-13T03:51:01.338073,107,0,0,0,0,0
2026-08-13T03:51:01.339072,106,0,0,0,0,0
2026-08-13T03:51:01.342074,107,0,0,0,0,0
2026-08-13T03:51:01.342074,105,0,0,0,0,0
2026-08-13T03:51:01.343074,105,0,0,0,0,0
2026-08-13T03:51:01.343074,104,0,0,0,0,0
2026-08-13T03:51:01.345595,103,0,0,0,0,0
2026-08-13T03:51:01.346605,102,0,0,0,0,0
2026-08-13T03:51:01.346605,103,0,0,0,0,0
2026-08-13T03:51:01.349608,104,0,0,0,0,0
2026-08-13T03:51:01.350612,103,0,0,0,0,0
2026-08-13T03:51:01.350612,104,0,0,0,0,0
2026-08-13T03:51:01.350612,106,0,0,0,0,0
2026-08-13T03:51:01.354126,107,0,0,0,0,0
2026-08-13T03:51:01.355135,108,0,0,0,0,0
2026-08-13T03:51:01.355135,107,0,0,0,0,0
2026-08-13T03:51:01.358147,107,0,0,0,0,0
2026-08-13T03:51:01.358147,105,0,0,0,0,0
2026-08-13T03:51:01.359146,105,0,0,0,0,0
2026-08-13T03:51:01.362148,106,0,0,0,0,0
2026-08-13T03:51:01.362148,103,0,0,0,0,0
2026-08-13T03:51:01.362148,103,0,0,0,0,0
2026-08-13T03:51:01.363666,103,0,0,0,0,0
2026-08-13T03:51:01.366696,104,0,0,0,0,0
2026-08-13T03:51:01.366696,103,0,0,0,0,0
2026-08-13T03:51:01.367695,103,0,0,0,0,0
2026-08-13T03:51:01.370696,103,0,0,0,0,0
2026-08-13T03:51:01.370696,102,0,0,0,0,0
2026-08-13T03:51:01.371696,105,0,0,0,0,0
2026-08-13T03:51:01.371696,107,0,0,0,0,0
2026-08-13T03:51:01.375027,107,0,0,0,0,0
2026-08-13T03:51:01.375027,107,0,0,0,0,0
2026-08-13T03:51:01.375027,107,0,0,0,0,0
2026-08-13T03:51:01.378030,107,0,0,0,0,0
2026-08-13T03:51:01.379244,105,0,0,0,0,0
2026-08-13T03:51:01.379244,106,0,0,0,0,0
2026-08-13T03:51:01.380252,106,0,0,0,0,0
2026-08-13T03:51:01.382265,104,0,0,0,0,0
2026-08-13T03:51:01.383777,104,0,0,0,0,0
2026-08-13T03:51:01.383777,104,0,0,0,0,0
2026-08-13T03:51:01.386792,103,0,0,0,0,0
2026-08-13T03:51:01.386792,102,0,0,0,0,0
2026-08-13T03:51:01.387792,103,0,0,0,0,0
2026-08-13T03:51:01.387792,104,0,0,0,0,0
2026-08-13T03:51:01.391004,103,0,0,0,0,0
2026-08-13T03:51:01.391004,106,0,0,0,0,0
2026-08-13T03:51:01.392012,106,0,0,0,0,0
2026-08-13T03:51:01.394572,107,0,0,0,0,0
2026-08-13T03:51:01.395585,107,0,0,0,0,0
2026-08-13T03:51:01.395585,107,0,0,0,0,0
2026-08-13T03:51:01.399579,107,0,0,0,0,0
2026-08-13T03:51:01.399579,105,0,0,0,0,0
2026-08-13T03:51:01.399579,106,0,0,0,0,0
2026-08-13T03:51:01.400567,105,0,0,0,0,0
2026-08-13T03:51:01.402581,104,0,0,0,0,0
2026-08-13T03:51:01.404110,104,0,0,0,0,0
2026-08-13T03:51:01.404110,103,0,0,0,0,0
2026-08-13T03:51:01.407149,104,0,0,0,0,0
2026-08-13T03:51:01.408149,102,0,0,0,0,0
2026-08-13T03:51:01.408149,103,0,0,0,0,0
2026-08-13T03:51:01.409149,103,0,0,0,0,0
2026-08-13T03:51:01.411147,104,0,0,0,0,0
2026-08-13T03:51:01.412162,106,0,0,0,0,0
2026-08-13T03:51:01.412162,108,0,0,0,0,0
2026-08-13T03:51:01.415705,108,0,0,0,0,0
2026-08-13T03:51:01.415705,107,0,0,0,0,0
2026-08-13T03:51:01.416683,109,0,0,0,0,0
2026-08-13T03:51:01.416683,108,0,0,0,0,0
2026-08-13T03:51:01.419683,107,0,0,0,0,0
2026-08-13T03:51:01.419683,108,0,0,0,0,0
2026-08-13T03:51:01.420681,106,0,0,0,0,0
2026-08-13T03:51:01.423809,105,0,0,0,0,0
2026-08-13T03:51:01.423809,105,0,0,0,0,0
2026-08-13T03:51:01.425015,104,0,0,0,0,0
2026-08-13T03:51:01.426013,104,0,0,0,0,0
2026-08-13T03:51:01.428015,103,0,0,0,0,0
2026-08-13T03:51:01.428015,104,0,0,0,0,0
2026-08-13T03:51:01.429009,103,0,0,0,0,0
2026-08-13T03:51:01.432010,105,0,0,0,0,0
2026-08-13T03:51:01.432010,106,0,0,0,0,0
2026-08-13T03:51:01.433012,108,0,0,0,0,0
2026-08-13T03:51:01.435527,108,0,0,0,0,0
2026-08-13T03:51:01.436535,107,0,0,0,0,0
2026-08-13T03:51:01.436535,107,0,0,0,0,0
2026-08-13T03:51:01.437535,106,0,0,0,0,0
2026-08-13T03:51:01.440535,106,0,0,0,0,0
2026-08-13T03:51:01.440535,106,0,0,0,0,0
2026-08-13T03:51:01.441537,103,0,0,0,0,0
2026-08-13T03:51:01.444602,105,0,0,0,0,0
2026-08-13T03:51:01.444602,104,0,0,0,0,0
2026-08-13T03:51:01.445617,104,0,0,0,0,0
2026-08-13T03:51:01.445617,103,0,0,0,0,0
2026-08-13T03:51:01.448694,104,0,0,0,0,0
2026-08-13T03:51:01.448694,104,0,0,0,0,0
2026-08-13T03:51:01.449710,104,0,0,0,0,0
2026-08-13T03:51:01.452594,106,0,0,0,0,0
2026-08-13T03:51:01.452594,107,0,0,0,0,0
2026-08-13T03:51:01.454107,107,0,0,0,0,0
2026-08-13T03:51:01.454107,107,0,0,0,0,0
2026-08-13T03:51:01.456264,107,0,0,0,0,0
2026-08-13T03:51:01.457246,107,0,0,0,0,0
2026-08-13T03:51:01.458249,106,0,0,0,0,0
2026-08-13T03:51:01.460255,107,0,0,0,0,0
2026-08-13T03:51:01.461245,105,0,0,0,0,0
2026-08-13T03:51:01.462244,106,0,0,0,0,0
2026-08-13T03:51:01.464809,106,0,0,0,0,0
2026-08-13T03:51:01.464809,104,0,0,0,0,0
2026-08-13T03:51:01.465787,104,0,0,0,0,0
2026-08-13T03:51:01.465787,104,0,0,0,0,0
2026-08-13T03:51:01.468802,104,0,0,0,0,0
2026-08-13T03:51:01.468802,104,0,0,0,0,0
2026-08-13T03:51:01.469788,103,0,0,0,0,0
2026-08-13T03:51:01.472876,106,0,0,0,0,0
2026-08-13T03:51:01.473523,107,0,0,0,0,0
2026-08-13T03:51:01.474045,108,0,0,0,0,0
2026-08-13T03:51:01.475056,108,0,0,0,0,0
2026-08-13T03:51:01.477053,108,0,0,0,0,0
2026-08-13T03:51:01.477053,108,0,0,0,0,0
2026-08-13T03:51:01.478053,106,0,0,0,0,0
2026-08-13T03:51:01.481088,107,0,0,0,0,0
2026-08-13T03:51:01.482111,106,0,0,0,0,0
2026-08-13T03:51:01.482111,105,0,0,0,0,0
2026-08-13T03:51:01.482111,105,0,0,0,0,0
2026-08-13T03:51:01.484654,105,0,0,0,0,0
2026-08-13T03:51:01.485664,104,0,0,0,0,0
2026-08-13T03:51:01.486664,103,0,0,0,0,0
2026-08-13T03:51:01.489662,103,0,0,0,0,0
2026-08-13T03:51:01.489662,103,0,0,0,0,0
2026-08-13T03:51:01.490679,103,0,0,0,0,0
2026-08-13T03:51:01.491685,107,0,0,0,0,0
2026-08-13T03:51:01.493780,107,0,0,0,0,0
2026-08-13T03:51:01.493780,107,0,0,0,0,0
2026-08-13T03:51:01.494950,108,0,0,0,0,0
2026-08-13T03:51:01.497949,108,0,0,0,0,0
2026-08-13T03:51:01.497949,108,0,0,0,0,0
2026-08-13T03:51:01.499463,106,0,0,0,0,0
2026-08-13T03:51:01.501472,107,0,0,0,0,0
2026-08-13T03:51:01.502472,106,0,0,0,0,0
2026-08-13T03:51:01.502472,105,0,0,0,0,0
2026-08-13T03:51:01.503995,105,0,0,0,0,0
2026-08-13T03:51:01.506040,104,0,0,0,0,0
2026-08-13T03:51:01.506040,103,0,0,0,0,0
2026-08-13T03:51:01.507071,103,0,0,0,0,0
2026-08-13T03:51:01.510056,103,0,0,0,0,0
2026-08-13T03:51:01.510056,104,0,0,0,0,0
2026-08-13T03:51:01.511062,105,0,0,0,0,0
2026-08-13T03:51:01.511062,107,0,0,0,0,0
2026-08-13T03:51:01.514078,107,0,0,0,0,0
2026-08-13T03:51:01.515601,108,0,0,0,0,0
2026-08-13T03:51:01.515601,108,0,0,0,0,0
2026-08-13T03:51:01.518056,108,0,0,0,0,0
2026-08-13T03:51:01.519075,107,0,0,0,0,0
2026-08-13T03:51:01.519075,106,0,0,0,0,0
2026-08-13T03:51:01.520074,107,0,0,0,0,0
2026-08-13T03:51:01.522490,105,0,0,0,0,0
2026-08-13T03:51:01.522490,106,0,0,0,0,0
2026-08-13T03:51:01.522490,106,0,0,0,0,0
2026-08-13T03:51:01.526504,104,0,0,0,0,0
2026-08-13T03:51:01.526504,104,0,0,0,0,0
2026-08-13T03:51:01.526504,105,0,0,0,0,0
2026-08-13T03:51:01.530521,104,0,0,0,0,0
2026-08-13T03:51:01.530521,104,0,0,0,0,0
2026-08-13T03:51:01.531529,105,0,0,0,0,0
2026-08-13T03:51:01.531529,107,0,0,0,0,0
2026-08-13T03:51:01.534049,107,0,0,0,0,0
2026-08-13T03:51:01.535064,108,0,0,0,0,0
2026-08-13T03:51:01.535064,108,0,0,0,0,0
2026-08-13T03:51:01.538077,107,0,0,0,0,0
2026-08-13T03:51:01.539064,106,0,0,0,0,0
2026-08-13T03:51:01.539064,106,0,0,0,0,0
2026-08-13T03:51:01.540065,107,0,0,0,0,0
2026-08-13T03:51:01.542083,105,0,0,0,0,0
2026-08-13T03:51:01.543068,106,0,0,0,0,0
2026-08-13T03:51:01.544066,105,0,0,0,0,0
2026-08-13T03:51:01.546170,105,0,0,0,0,0
2026-08-13T03:51:01.547170,104,0,0,0,0,0
2026-08-13T03:51:01.548169,104,0,0,0,0,0
2026-08-13T03:51:01.548169,103,0,0,0,0,0
2026-08-13T03:51:01.551168,104,0,0,0,0,0
2026-08-13T03:51:01.551168,105,0,0,0,0,0
2026-08-13T03:51:01.551168,107,0,0,0,0,0
2026-08-13T03:51:01.553692,107,0,0,0,0,0
2026-08-13T03:51:01.555272,108,0,0,0,0,0
2026-08-13T03:51:01.555272,107,0,0,0,0,0
2026-08-13T03:51:01.555272,107,0,0,0,0,0
2026-08-13T03:51:01.559276,106,0,0,0,0,0
2026-08-13T03:51:01.559276,107,0,0,0,0,0
2026-08-13T03:51:01.559276,106,0,0,0,0,0
2026-08-13T03:51:01.563390,106,0,0,0,0,0
2026-08-13T03:51:01.563915,105,0,0,0,0,0
2026-08-13T03:51:01.563915,105,0,0,0,0,0
2026-08-13T03:51:01.567464,104,0,0,0,0,0
2026-08-13T03:51:01.567464,103,0,0,0,0,0
2026-08-13T03:51:01.568479,103,0,0,0,0,0
2026-08-13T03:51:01.568479,104,0,0,0,0,0
2026-08-13T03:51:01.571531,104,0,0,0,0,0
2026-08-13T03:51:01.571531,106,0,0,0,0,0
2026-08-13T03:51:01.572536,107,0,0,0,0,0
2026-08-13T03:51:01.575059,107,0,0,0,0,0
2026-08-13T03:51:01.576056,107,0,0,0,0,0
2026-08-13T03:51:01.576056,108,0,0,0,0,0
2026-08-13T03:51:01.577058,106,0,0,0,0,0
2026-08-13T03:51:01.579078,105,0,0,0,0,0
2026-08-13T03:51:01.580055,106,0,0,0,0,0
2026-08-13T03:51:01.580055,105,0,0,0,0,0
2026-08-13T03:51:01.583069,104,0,0,0,0,0
2026-08-13T03:51:01.584565,105,0,0,0,0,0
2026-08-13T03:51:01.584565,103,0,0,0,0,0
2026-08-13T03:51:01.585578,103,0,0,0,0,0
2026-08-13T03:51:01.587945,102,0,0,0,0,0
2026-08-13T03:51:01.587945,103,0,0,0,0,0
2026-08-13T03:51:01.588961,103,0,0,0,0,0
2026-08-13T03:51:01.591124,104,0,0,0,0,0
2026-08-13T03:51:01.592133,106,0,0,0,0,0
2026-08-13T03:51:01.592133,106,0,0,0,0,0
2026-08-13T03:51:01.595653,108,0,0,0,0,0
2026-08-13T03:51:01.596663,107,0,0,0,0,0
2026-08-13T03:51:01.596663,107,0,0,0,0,0
2026-08-13T03:51:01.597663,105,0,0,0,0,0
2026-08-13T03:51:01.599692,104,0,0,0,0,0
2026-08-13T03:51:01.600661,105,0,0,0,0,0
2026-08-13T03:51:01.600661,104,0,0,0,0,0
2026-08-13T03:51:01.603675,103,0,0,0,0,0
2026-08-13T03:51:01.604752,103,0,0,0,0,0
2026-08-13T03:51:01.604752,103,0,0,0,0,0
2026-08-13T03:51:01.604752,103,0,0,0,0,0
2026-08-13T03:51:01.608318,103,0,0,0,0,0
2026-08-13T03:51:01.608318,103,0,0,0,0,0
2026-08-13T03:51:01.608318,102,0,0,0,0,0
2026-08-13T03:51:01.612514,104,0,0,0,0,0
2026-08-13T03:51:01.612514,105,0,0,0,0,0
2026-08-13T03:51:01.612514,105,0,0,0,0,0
2026-08-13T03:51:01.612514,107,0,0,0,0,0
2026-08-13T03:51:01.616683,106,0,0,0,0,0
2026-08-13T03:51:01.616683,107,0,0,0,0,0
2026-08-13T03:51:01.617675,105,0,0,0,0,0
2026-08-13T03:51:01.620689,106,0,0,0,0,0
2026-08-13T03:51:01.620689,106,0,0,0,0,0
2026-08-13T03:51:01.621677,105,0,0,0,0,0
2026-08-13T03:51:01.621677,106,0,0,0,0,0
2026-08-13T03:51:01.624797,106,0,0,0,0,0
2026-08-13T03:51:01.624797,106,0,0,0,0,0
2026-08-13T03:51:01.625813,106,0,0,0,0,0
2026-08-13T03:51:01.627913,106,0,0,0,0,0
2026-08-13T03:51:01.629302,107,0,0,0,0,0
2026-08-13T03:51:01.629302,107,0,0,0,0,0
2026-08-13T03:51:01.632689,109,0,0,0,0,0
2026-08-13T03:51:01.632689,110,0,0,0,0,0
2026-08-13T03:51:01.633689,110,0,0,0,0,0
2026-08-13T03:51:01.634194,110,0,0,0,0,0
2026-08-13T03:51:01.636207,109,0,0,0,0,0
2026-08-13T03:51:01.637206,109,0,0,0,0,0
2026-08-13T03:51:01.637206,108,0,0,0,0,0
2026-08-13T03:51:01.640209,108,0,0,0,0,0
2026-08-13T03:51:01.641292,107,0,0,0,0,0
2026-08-13T03:51:01.642301,105,0,0,0,0,0
2026-08-13T03:51:01.642301,105,0,0,0,0,0
2026-08-13T03:51:01.644667,104,0,0,0,0,0
2026-08-13T03:51:01.645685,104,0,0,0,0,0
2026-08-13T03:51:01.645685,103,0,0,0,0,0
2026-08-13T03:51:01.649390,103,0,0,0,0,0
2026-08-13T03:51:01.649390,103,0,0,0,0,0
2026-08-13T03:51:01.650406,103,0,0,0,0,0
2026-08-13T03:51:01.650406,106,0,0,0,0,0
2026-08-13T03:51:01.653556,106,0,0,0,0,0
2026-08-13T03:51:01.654070,107,0,0,0,0,0
2026-08-13T03:51:01.654070,108,0,0,0,0,0
2026-08-13T03:51:01.657285,108,0,0,0,0,0
2026-08-13T03:51:01.658309,108,0,0,0,0,0
2026-08-13T03:51:01.658309,106,0,0,0,0,0
2026-08-13T03:51:01.659319,108,0,0,0,0,0
2026-08-13T03:51:01.661815,107,0,0,0,0,0
2026-08-13T03:51:01.661815,105,0,0,0,0,0
2026-08-13T03:51:01.662820,105,0,0,0,0,0
2026-08-13T03:51:01.665166,105,0,0,0,0,0
2026-08-13T03:51:01.666198,104,0,0,0,0,0
2026-08-13T03:51:01.667176,104,0,0,0,0,0
2026-08-13T03:51:01.669184,104,0,0,0,0,0
2026-08-13T03:51:01.670176,103,0,0,0,0,0
2026-08-13T03:51:01.671182,103,0,0,0,0,0
2026-08-13T03:51:01.672180,107,0,0,0,0,0
2026-08-13T03:51:01.673714,108,0,0,0,0,0
2026-08-13T03:51:01.674739,108,0,0,0,0,0
2026-08-13T03:51:01.674739,108,0,0,0,0,0
2026-08-13T03:51:01.677747,108,0,0,0,0,0
2026-08-13T03:51:01.677747,107,0,0,0,0,0
2026-08-13T03:51:01.678746,107,0,0,0,0,0
2026-08-13T03:51:01.679745,107,0,0,0,0,0
2026-08-13T03:51:01.681786,106,0,0,0,0,0
2026-08-13T03:51:01.682808,105,0,0,0,0,0
2026-08-13T03:51:01.682808,105,0,0,0,0,0
2026-08-13T03:51:01.686321,104,0,0,0,0,0
2026-08-13T03:51:01.686321,103,0,0,0,0,0
2026-08-13T03:51:01.687326,102,0,0,0,0,0
2026-08-13T03:51:01.687326,103,0,0,0,0,0
2026-08-13T03:51:01.689574,102,0,0,0,0,0
2026-08-13T03:51:01.690606,104,0,0,0,0,0
2026-08-13T03:51:01.691606,105,0,0,0,0,0
2026-08-13T03:51:01.694111,105,0,0,0,0,0
2026-08-13T03:51:01.694111,106,0,0,0,0,0
2026-08-13T03:51:01.695120,105,0,0,0,0,0
2026-08-13T03:51:01.698094,105,0,0,0,0,0
2026-08-13T03:51:01.698094,104,0,0,0,0,0
2026-08-13T03:51:01.699103,104,0,0,0,0,0
2026-08-13T03:51:01.699103,105,0,0,0,0,0
2026-08-13T03:51:01.702121,104,0,0,0,0,0
2026-08-13T03:51:01.702121,104,0,0,0,0,0
2026-08-13T03:51:01.702121,103,0,0,0,0,0
2026-08-13T03:51:01.706658,102,0,0,0,0,0
2026-08-13T03:51:01.707643,102,0,0,0,0,0
2026-08-13T03:51:01.707643,102,0,0,0,0,0
2026-08-13T03:51:01.708644,102,0,0,0,0,0
2026-08-13T03:51:01.710643,102,0,0,0,0,0
2026-08-13T03:51:01.710643,104,0,0,0,0,0
2026-08-13T03:51:01.711646,105,0,0,0,0,0
2026-08-13T03:51:01.714217,106,0,0,0,0,0
2026-08-13T03:51:01.715212,107,0,0,0,0,0
2026-08-13T03:51:01.715212,108,0,0,0,0,0
2026-08-13T03:51:01.715212,107,0,0,0,0,0
2026-08-13T03:51:01.718232,106,0,0,0,0,0
2026-08-13T03:51:01.719218,107,0,0,0,0,0
2026-08-13T03:51:01.719218,107,0,0,0,0,0
2026-08-13T03:51:01.722234,106,0,0,0,0,0
2026-08-13T03:51:01.722234,106,0,0,0,0,0
2026-08-13T03:51:01.723758,104,0,0,0,0,0
2026-08-13T03:51:01.723758,106,0,0,0,0,0
2026-08-13T03:51:01.726819,104,0,0,0,0,0
2026-08-13T03:51:01.727789,105,0,0,0,0,0
2026-08-13T03:51:01.727789,105,0,0,0,0,0
2026-08-13T03:51:01.730720,104,0,0,0,0,0
2026-08-13T03:51:01.731692,106,0,0,0,0,0
2026-08-13T03:51:01.731692,108,0,0,0,0,0
2026-08-13T03:51:01.734229,109,0,0,0,0,0
2026-08-13T03:51:01.735591,109,0,0,0,0,0
2026-08-13T03:51:01.736602,110,0,0,0,0,0
2026-08-13T03:51:01.736602,109,0,0,0,0,0
2026-08-13T03:51:01.739611,108,0,0,0,0,0
2026-08-13T03:51:01.739611,109,0,0,0,0,0
2026-08-13T03:51:01.740603,108,0,0,0,0,0
2026-08-13T03:51:01.743616,107,0,0,0,0,0
2026-08-13T03:51:01.744158,108,0,0,0,0,0
2026-08-13T03:51:01.744158,107,0,0,0,0,0
2026-08-13T03:51:01.745155,107,0,0,0,0,0
2026-08-13T03:51:01.747697,105,0,0,0,0,0
2026-08-13T03:51:01.747697,106,0,0,0,0,0
2026-08-13T03:51:01.748712,106,0,0,0,0,0
2026-08-13T03:51:01.751710,106,0,0,0,0,0
2026-08-13T03:51:01.752712,108,0,0,0,0,0
2026-08-13T03:51:01.752712,109,0,0,0,0,0
2026-08-13T03:51:01.753710,110,0,0,0,0,0
2026-08-13T03:51:01.755890,109,0,0,0,0,0
2026-08-13T03:51:01.755890,109,0,0,0,0,0
2026-08-13T03:51:01.757024,108,0,0,0,0,0
2026-08-13T03:51:01.759088,107,0,0,0,0,0
2026-08-13T03:51:01.759088,107,0,0,0,0,0
2026-08-13T03:51:01.760674,107,0,0,0,0,0
2026-08-13T03:51:01.763728,106,0,0,0,0,0
2026-08-13T03:51:01.763728,106,0,0,0,0,0
2026-08-13T03:51:01.764747,105,0,0,0,0,0
2026-08-13T03:51:01.764747,103,0,0,0,0,0
2026-08-13T03:51:01.767756,102,0,0,0,0,0
2026-08-13T03:51:01.767756,103,0,0,0,0,0
2026-08-13T03:51:01.768756,102,0,0,0,0,0
2026-08-13T03:51:01.772277,103,0,0,0,0,0
2026-08-13T03:51:01.772277,105,0,0,0,0,0
2026-08-13T03:51:01.772277,105,0,0,0,0,0
2026-08-13T03:51:01.772277,106,0,0,0,0,0
2026-08-13T03:51:01.776038,106,0,0,0,0,0
2026-08-13T03:51:01.777047,105,0,0,0,0,0
2026-08-13T03:51:01.777047,105,0,0,0,0,0
2026-08-13T03:51:01.779749,104,0,0,0,0,0
2026-08-13T03:51:01.780734,105,0,0,0,0,0
2026-08-13T03:51:01.781750,104,0,0,0,0,0
2026-08-13T03:51:01.781750,103,0,0,0,0,0
2026-08-13T03:51:01.784297,103,0,0,0,0,0
2026-08-13T03:51:01.785292,102,0,0,0,0,0
2026-08-13T03:51:01.785292,102,0,0,0,0,0
2026-08-13T03:51:01.788304,101,0,0,0,0,0
2026-08-13T03:51:01.789305,101,0,0,0,0,0
2026-08-13T03:51:01.789305,101,0,0,0,0,0
2026-08-13T03:51:01.790291,103,0,0,0,0,0
2026-08-13T03:51:01.792318,104,0,0,0,0,0
2026-08-13T03:51:01.792318,105,0,0,0,0,0
2026-08-13T03:51:01.793831,106,0,0,0,0,0
2026-08-13T03:51:01.796851,105,0,0,0,0,0
2026-08-13T03:51:01.796851,105,0,0,0,0,0
2026-08-13T03:51:01.796851,104,0,0,0,0,0
2026-08-13T03:51:01.800242,104,0,0,0,0,0
2026-08-13T03:51:01.801225,105,0,0,0,0,0
2026-08-13T03:51:01.801225,103,0,0,0,0,0
2026-08-13T03:51:01.801225,103,0,0,0,0,0
2026-08-13T03:51:01.804762,102,0,0,0,0,0
2026-08-13T03:51:01.804762,102,0,0,0,0,0
2026-08-13T03:51:01.804762,101,0,0,0,0,0
2026-08-13T03:51:01.808768,100,0,0,0,0,0
2026-08-13T03:51:01.808768,101,0,0,0,0,0
2026-08-13T03:51:01.809768,101,0,0,0,0,0
2026-08-13T03:51:01.809768,103,0,0,0,0,0
2026-08-13T03:51:01.812783,103,0,0,0,0,0
2026-08-13T03:51:01.812783,104,0,0,0,0,0
2026-08-13T03:51:01.813770,105,0,0,0,0,0
2026-08-13T03:51:01.817328,105,0,0,0,0,0
2026-08-13T03:51:01.817328,105,0,0,0,0,0
2026-08-13T03:51:01.817328,104,0,0,0,0,0
2026-08-13T03:51:01.818336,104,0,0,0,0,0
2026-08-13T03:51:01.821349,104,0,0,0,0,0
2026-08-13T03:51:01.821349,102,0,0,0,0,0
2026-08-13T03:51:01.822336,102,0,0,0,0,0
2026-08-13T03:51:01.824879,102,0,0,0,0,0
2026-08-13T03:51:01.825875,101,0,0,0,0,0
2026-08-13T03:51:01.826875,100,0,0,0,0,0
2026-08-13T03:51:01.828875,100,0,0,0,0,0
2026-08-13T03:51:01.830449,102,0,0,0,0,0
2026-08-13T03:51:01.830449,101,0,0,0,0,0
2026-08-13T03:51:01.831461,103,0,0,0,0,0
2026-08-13T03:51:01.832489,104,0,0,0,0,0
2026-08-13T03:51:01.834002,104,0,0,0,0,0
2026-08-13T03:51:01.835011,105,0,0,0,0,0
2026-08-13T03:51:01.837790,105,0,0,0,0,0
2026-08-13T03:51:01.837790,105,0,0,0,0,0
2026-08-13T03:51:01.838808,103,0,0,0,0,0
2026-08-13T03:51:01.838808,104,0,0,0,0,0
2026-08-13T03:51:01.841808,102,0,0,0,0,0
2026-08-13T03:51:01.841808,102,0,0,0,0,0
2026-08-13T03:51:01.842807,102,0,0,0,0,0
2026-08-13T03:51:01.845335,100,0,0,0,0,0
2026-08-13T03:51:01.846343,100,0,0,0,0,0
2026-08-13T03:51:01.846343,100,0,0,0,0,0
2026-08-13T03:51:01.847346,100,0,0,0,0,0
2026-08-13T03:51:01.849342,100,0,0,0,0,0
2026-08-13T03:51:01.850343,100,0,0,0,0,0
2026-08-13T03:51:01.851346,102,0,0,0,0,0
2026-08-13T03:51:01.853898,103,0,0,0,0,0
2026-08-13T03:51:01.853898,103,0,0,0,0,0
2026-08-13T03:51:01.854907,103,0,0,0,0,0
2026-08-13T03:51:01.854907,103,0,0,0,0,0
2026-08-13T03:51:01.858298,103,0,0,0,0,0
2026-08-13T03:51:01.858298,102,0,0,0,0,0
2026-08-13T03:51:01.858298,103,0,0,0,0,0
2026-08-13T03:51:01.862365,102,0,0,0,0,0
2026-08-13T03:51:01.862365,101,0,0,0,0,0
2026-08-13T03:51:01.862365,101,0,0,0,0,0
2026-08-13T03:51:01.865777,100,0,0,0,0,0
2026-08-13T03:51:01.866789,100,0,0,0,0,0
2026-08-13T03:51:01.867813,99,0,0,0,0,0
2026-08-13T03:51:01.867813,100,0,0,0,0,0
2026-08-13T03:51:01.869813,99,0,0,0,0,0
2026-08-13T03:51:01.870787,100,0,0,0,0,0
2026-08-13T03:51:01.871790,103,0,0,0,0,0
2026-08-13T03:51:01.875059,103,0,0,0,0,0
2026-08-13T03:51:01.876061,105,0,0,0,0,0
2026-08-13T03:51:01.876061,103,0,0,0,0,0
2026-08-13T03:51:01.877080,104,0,0,0,0,0
2026-08-13T03:51:01.878077,103,0,0,0,0,0
2026-08-13T03:51:01.879074,103,0,0,0,0,0
2026-08-13T03:51:01.880073,103,0,0,0,0,0
2026-08-13T03:51:01.882098,102,0,0,0,0,0
2026-08-13T03:51:01.883071,101,0,0,0,0,0
2026-08-13T03:51:01.884073,101,0,0,0,0,0
2026-08-13T03:51:01.884584,100,0,0,0,0,0
2026-08-13T03:51:01.886606,99,0,0,0,0,0
2026-08-13T03:51:01.887605,100,0,0,0,0,0
2026-08-13T03:51:01.887605,99,0,0,0,0,0
2026-08-13T03:51:01.890621,99,0,0,0,0,0
2026-08-13T03:51:01.891608,101,0,0,0,0,0
2026-08-13T03:51:01.892605,103,0,0,0,0,0
2026-08-13T03:51:01.892605,103,0,0,0,0,0
2026-08-13T03:51:01.895123,104,0,0,0,0,0
2026-08-13T03:51:01.896130,104,0,0,0,0,0
2026-08-13T03:51:01.896130,104,0,0,0,0,0
2026-08-13T03:51:01.899346,103,0,0,0,0,0
2026-08-13T03:51:01.899346,103,0,0,0,0,0
2026-08-13T03:51:01.899346,103,0,0,0,0,0
2026-08-13T03:51:01.903441,101,0,0,0,0,0
2026-08-13T03:51:01.903441,101,0,0,0,0,0
2026-08-13T03:51:01.904061,100,0,0,0,0,0
2026-08-13T03:51:01.904061,101,0,0,0,0,0
2026-08-13T03:51:01.907281,100,0,0,0,0,0
2026-08-13T03:51:01.907281,100,0,0,0,0,0
2026-08-13T03:51:01.908299,100,0,0,0,0,0
2026-08-13T03:51:01.911540,100,0,0,0,0,0
2026-08-13T03:51:01.911540,102,0,0,0,0,0
2026-08-13T03:51:01.912572,103,0,0,0,0,0
2026-08-13T03:51:01.912572,103,0,0,0,0,0
2026-08-13T03:51:01.915251,104,0,0,0,0,0
2026-08-13T03:51:01.916246,104,0,0,0,0,0
2026-08-13T03:51:01.916246,103,0,0,0,0,0
2026-08-13T03:51:01.919257,103,0,0,0,0,0
2026-08-13T03:51:01.920267,103,0,0,0,0,0
2026-08-13T03:51:01.920267,102,0,0,0,0,0
2026-08-13T03:51:01.921247,102,0,0,0,0,0
2026-08-13T03:51:01.923760,102,0,0,0,0,0
2026-08-13T03:51:01.924774,101,0,0,0,0,0
2026-08-13T03:51:01.924774,100,0,0,0,0,0
2026-08-13T03:51:01.927773,100,0,0,0,0,0
2026-08-13T03:51:01.927773,100,0,0,0,0,0
2026-08-13T03:51:01.928774,100,0,0,0,0,0
2026-08-13T03:51:01.931769,100,0,0,0,0,0
2026-08-13T03:51:01.931769,103,0,0,0,0,0
2026-08-13T03:51:01.932770,104,0,0,0,0,0
2026-08-13T03:51:01.932770,103,0,0,0,0,0
2026-08-13T03:51:01.935285,104,0,0,0,0,0
2026-08-13T03:51:01.936293,103,0,0,0,0,0
2026-08-13T03:51:01.937295,103,0,0,0,0,0
2026-08-13T03:51:01.940293,102,0,0,0,0,0
2026-08-13T03:51:01.940293,103,0,0,0,0,0
2026-08-13T03:51:01.941294,103,0,0,0,0,0
2026-08-13T03:51:01.941294,101,0,0,0,0,0
2026-08-13T03:51:01.943798,101,0,0,0,0,0
2026-08-13T03:51:01.943798,101,0,0,0,0,0
2026-08-13T03:51:01.944805,101,0,0,0,0,0
2026-08-13T03:51:01.947812,100,0,0,0,0,0
2026-08-13T03:51:01.948812,100,0,0,0,0,0
2026-08-13T03:51:01.948812,100,0,0,0,0,0
2026-08-13T03:51:01.948812,101,0,0,0,0,0
2026-08-13T03:51:01.951821,103,0,0,0,0,0
2026-08-13T03:51:01.951821,103,0,0,0,0,0
2026-08-13T03:51:01.953093,103,0,0,0,0,0
2026-08-13T03:51:01.956620,103,0,0,0,0,0
2026-08-13T03:51:01.956620,104,0,0,0,0,0
2026-08-13T03:51:01.956620,103,0,0,0,0,0
2026-08-13T03:51:01.957627,103,0,0,0,0,0
2026-08-13T03:51:01.960626,103,0,0,0,0,0
2026-08-13T03:51:01.960626,102,0,0,0,0,0
2026-08-13T03:51:01.960626,101,0,0,0,0,0
2026-08-13T03:51:01.964135,101,0,0,0,0,0
2026-08-13T03:51:01.965144,100,0,0,0,0,0
2026-08-13T03:51:01.965144,100,0,0,0,0,0
2026-08-13T03:51:01.968650,99,0,0,0,0,0
2026-08-13T03:51:01.969650,100,0,0,0,0,0
2026-08-13T03:51:01.969650,100,0,0,0,0,0
2026-08-13T03:51:01.970652,102,0,0,0,0,0
2026-08-13T03:51:01.972803,103,0,0,0,0,0
2026-08-13T03:51:01.972803,103,0,0,0,0,0
2026-08-13T03:51:01.972803,104,0,0,0,0,0
2026-08-13T03:51:01.976579,104,0,0,0,0,0
2026-08-13T03:51:01.976579,104,0,0,0,0,0
2026-08-13T03:51:01.977801,103,0,0,0,0,0
2026-08-13T03:51:01.977801,103,0,0,0,0,0
2026-08-13T03:51:01.979811,103,0,0,0,0,0
2026-08-13T03:51:01.981319,101,0,0,0,0,0
2026-08-13T03:51:01.981319,102,0,0,0,0,0
2026-08-13T03:51:01.984890,101,0,0,0,0,0
2026-08-13T03:51:01.985607,100,0,0,0,0,0
2026-08-13T03:51:01.985607,100,0,0,0,0,0
2026-08-13T03:51:01.986136,100,0,0,0,0,0
2026-08-13T03:51:01.988675,100,0,0,0,0,0
2026-08-13T03:51:01.989674,100,0,0,0,0,0
2026-08-13T03:51:01.989674,101,0,0,0,0,0
2026-08-13T03:51:01.992673,102,0,0,0,0,0
2026-08-13T03:51:01.993674,103,0,0,0,0,0
2026-08-13T03:51:01.994181,105,0,0,0,0,0
2026-08-13T03:51:01.997186,104,0,0,0,0,0
2026-08-13T03:51:01.997186,104,0,0,0,0,0
2026-08-13T03:51:01.998189,103,0,0,0,0,0
2026-08-13T03:51:01.998189,103,0,0,0,0,0
2026-08-13T03:51:02.001187,103,0,0,0,0,0
2026-08-13T03:51:02.001187,102,0,0,0,0,0
2026-08-13T03:51:02.002188,102,0,0,0,0,0
2026-08-13T03:51:02.005703,101,0,0,0,0,0
2026-08-13T03:51:02.005703,101,0,0,0,0,0
2026-08-13T03:51:02.005703,101,0,0,0,0,0
2026-08-13T03:51:02.006709,101,0,0,0,0,0
2026-08-13T03:51:02.009711,102,0,0,0,0,0
2026-08-13T03:51:02.009711,101,0,0,0,0,0
2026-08-13T03:51:02.009711,104,0,0,0,0,0
2026-08-13T03:51:02.013718,105,0,0,0,0,0
2026-08-13T03:51:02.013718,104,0,0,0,0,0
2026-08-13T03:51:02.014725,106,0,0,0,0,0
2026-08-13T03:51:02.014725,105,0,0,0,0,0
2026-08-13T03:51:02.017732,105,0,0,0,0,0
2026-08-13T03:51:02.017732,104,0,0,0,0,0
2026-08-13T03:51:02.017732,104,0,0,0,0,0
2026-08-13T03:51:02.021732,104,0,0,0,0,0
2026-08-13T03:51:02.021732,102,0,0,0,0,0
2026-08-13T03:51:02.022733,103,0,0,0,0,0
2026-08-13T03:51:02.022733,102,0,0,0,0,0
2026-08-13T03:51:02.025898,101,0,0,0,0,0
2026-08-13T03:51:02.025898,100,0,0,0,0,0
2026-08-13T03:51:02.026898,101,0,0,0,0,0
2026-08-13T03:51:02.029898,101,0,0,0,0,0
2026-08-13T03:51:02.029898,101,0,0,0,0,0
2026-08-13T03:51:02.030899,103,0,0,0,0,0
2026-08-13T03:51:02.033723,103,0,0,0,0,0
2026-08-13T03:51:02.033723,105,0,0,0,0,0
2026-08-13T03:51:02.034872,105,0,0,0,0,0
2026-08-13T03:51:02.034872,104,0,0,0,0,0
2026-08-13T03:51:02.037880,104,0,0,0,0,0
2026-08-13T03:51:02.038877,103,0,0,0,0,0
2026-08-13T03:51:02.038877,104,0,0,0,0,0
2026-08-13T03:51:02.041878,103,0,0,0,0,0
2026-08-13T03:51:02.042878,102,0,0,0,0,0
2026-08-13T03:51:02.042878,102,0,0,0,0,0
2026-08-13T03:51:02.042878,100,0,0,0,0,0
2026-08-13T03:51:02.046349,99,0,0,0,0,0
2026-08-13T03:51:02.046349,99,0,0,0,0,0
2026-08-13T03:51:02.047321,100,0,0,0,0,0
2026-08-13T03:51:02.050335,100,0,0,0,0,0
2026-08-13T03:51:02.050335,100,0,0,0,0,0
2026-08-13T03:51:02.051321,103,0,0,0,0,0
2026-08-13T03:51:02.051321,103,0,0,0,0,0
2026-08-13T03:51:02.054866,104,0,0,0,0,0
2026-08-13T03:51:02.054866,104,0,0,0,0,0
2026-08-13T03:51:02.054866,103,0,0,0,0,0
2026-08-13T03:51:02.058426,103,0,0,0,0,0
2026-08-13T03:51:02.059424,101,0,0,0,0,0
2026-08-13T03:51:02.059424,104,0,0,0,0,0
2026-08-13T03:51:02.063075,102,0,0,0,0,0
2026-08-13T03:51:02.063075,101,0,0,0,0,0
2026-08-13T03:51:02.063075,99,0,0,0,0,0
2026-08-13T03:51:02.064098,99,0,0,0,0,0
2026-08-13T03:51:02.067164,99,0,0,0,0,0
2026-08-13T03:51:02.067164,100,0,0,0,0,0
2026-08-13T03:51:02.068181,100,0,0,0,0,0
2026-08-13T03:51:02.070466,99,0,0,0,0,0
2026-08-13T03:51:02.071451,101,0,0,0,0,0
2026-08-13T03:51:02.071451,103,0,0,0,0,0
2026-08-13T03:51:02.072452,102,0,0,0,0,0
2026-08-13T03:51:02.074988,103,0,0,0,0,0
2026-08-13T03:51:02.076004,103,0,0,0,0,0
2026-08-13T03:51:02.076004,104,0,0,0,0,0
2026-08-13T03:51:02.079000,102,0,0,0,0,0
2026-08-13T03:51:02.080000,102,0,0,0,0,0
2026-08-13T03:51:02.080000,102,0,0,0,0,0
2026-08-13T03:51:02.080986,99,0,0,0,0,0
2026-08-13T03:51:02.083000,100,0,0,0,0,0
2026-08-13T03:51:02.083986,100,0,0,0,0,0
2026-08-13T03:51:02.083986,100,0,0,0,0,0
2026-08-13T03:51:02.087660,99,0,0,0,0,0
2026-08-13T03:51:02.087660,99,0,0,0,0,0
2026-08-13T03:51:02.088677,100,0,0,0,0,0
2026-08-13T03:51:02.088677,99,0,0,0,0,0
2026-08-13T03:51:02.091678,101,0,0,0,0,0
2026-08-13T03:51:02.091678,102,0,0,0,0,0
2026-08-13T03:51:02.092718,102,0,0,0,0,0
2026-08-13T03:51:02.095738,103,0,0,0,0,0
2026-08-13T03:51:02.095738,103,0,0,0,0,0
2026-08-13T03:51:02.096748,103,0,0,0,0,0
2026-08-13T03:51:02.099760,101,0,0,0,0,0
2026-08-13T03:51:02.099760,102,0,0,0,0,0
2026-08-13T03:51:02.100747,102,0,0,0,0,0
2026-08-13T03:51:02.100747,101,0,0,0,0,0
2026-08-13T03:51:02.103760,101,0,0,0,0,0
2026-08-13T03:51:02.103760,100,0,0,0,0,0
2026-08-13T03:51:02.103760,100,0,0,0,0,0
2026-08-13T03:51:02.107886,99,0,0,0,0,0
2026-08-13T03:51:02.107886,99,0,0,0,0,0
2026-08-13T03:51:02.108888,99,0,0,0,0,0
2026-08-13T03:51:02.108888,99,0,0,0,0,0
2026-08-13T03:51:02.111982,101,0,0,0,0,0
2026-08-13T03:51:02.111982,102,0,0,0,0,0
2026-08-13T03:51:02.111982,103,0,0,0,0,0
2026-08-13T03:51:02.115774,104,0,0,0,0,0
2026-08-13T03:51:02.116792,104,0,0,0,0,0
2026-08-13T03:51:02.116792,102,0,0,0,0,0
2026-08-13T03:51:02.117789,101,0,0,0,0,0
2026-08-13T03:51:02.119802,102,0,0,0,0,0
2026-08-13T03:51:02.120802,102,0,0,0,0,0
2026-08-13T03:51:02.120802,100,0,0,0,0,0
2026-08-13T03:51:02.123802,101,0,0,0,0,0
2026-08-13T03:51:02.125047,99,0,0,0,0,0
2026-08-13T03:51:02.126046,99,0,0,0,0,0
2026-08-13T03:51:02.127057,99,0,0,0,0,0
2026-08-13T03:51:02.128056,100,0,0,0,0,0
2026-08-13T03:51:02.129056,99,0,0,0,0,0
2026-08-13T03:51:02.130055,100,0,0,0,0,0
2026-08-13T03:51:02.132087,102,0,0,0,0,0
2026-08-13T03:51:02.133054,103,0,0,0,0,0
2026-08-13T03:51:02.133054,103,0,0,0,0,0
2026-08-13T03:51:02.136600,103,0,0,0,0,0
2026-08-13T03:51:02.136600,104,0,0,0,0,0
2026-08-13T03:51:02.137578,102,0,0,0,0,0
2026-08-13T03:51:02.137578,102,0,0,0,0,0
2026-08-13T03:51:02.140578,102,0,0,0,0,0
2026-08-13T03:51:02.141581,102,0,0,0,0,0
2026-08-13T03:51:02.141581,101,0,0,0,0,0
2026-08-13T03:51:02.145098,101,0,0,0,0,0
2026-08-13T03:51:02.145098,100,0,0,0,0,0
2026-08-13T03:51:02.146097,100,0,0,0,0,0
2026-08-13T03:51:02.146097,99,0,0,0,0,0
2026-08-13T03:51:02.149108,100,0,0,0,0,0
2026-08-13T03:51:02.149108,100,0,0,0,0,0
2026-08-13T03:51:02.149108,101,0,0,0,0,0
2026-08-13T03:51:02.153197,103,0,0,0,0,0
2026-08-13T03:51:02.153733,103,0,0,0,0,0
2026-08-13T03:51:02.153733,103,0,0,0,0,0
2026-08-13T03:51:02.153733,104,0,0,0,0,0
2026-08-13T03:51:02.157183,103,0,0,0,0,0
2026-08-13T03:51:02.158204,102,0,0,0,0,0
2026-08-13T03:51:02.158204,103,0,0,0,0,0
2026-08-13T03:51:02.161391,103,0,0,0,0,0
2026-08-13T03:51:02.161391,101,0,0,0,0,0
2026-08-13T03:51:02.162429,102,0,0,0,0,0
2026-08-13T03:51:02.164923,101,0,0,0,0,0
2026-08-13T03:51:02.166199,100,0,0,0,0,0
2026-08-13T03:51:02.166717,100,0,0,0,0,0
2026-08-13T03:51:02.166717,100,0,0,0,0,0
2026-08-13T03:51:02.168729,100,0,0,0,0,0
2026-08-13T03:51:02.169727,99,0,0,0,0,0
2026-08-13T03:51:02.171079,101,0,0,0,0,0
2026-08-13T03:51:02.172774,103,0,0,0,0,0
2026-08-13T03:51:02.174789,103,0,0,0,0,0
2026-08-13T03:51:02.174789,104,0,0,0,0,0
2026-08-13T03:51:02.175793,103,0,0,0,0,0
2026-08-13T03:51:02.177800,104,0,0,0,0,0
2026-08-13T03:51:02.177800,103,0,0,0,0,0
2026-08-13T03:51:02.177800,104,0,0,0,0,0
2026-08-13T03:51:02.181171,104,0,0,0,0,0
2026-08-13T03:51:02.182170,103,0,0,0,0,0
2026-08-13T03:51:02.182170,104,0,0,0,0,0
2026-08-13T03:51:02.182170,102,0,0,0,0,0
2026-08-13T03:51:02.186038,102,0,0,0,0,0
2026-08-13T03:51:02.186038,100,0,0,0,0,0
2026-08-13T03:51:02.186038,100,0,0,0,0,0
2026-08-13T03:51:02.190167,101,0,0,0,0,0
2026-08-13T03:51:02.190167,100,0,0,0,0,0
2026-08-13T03:51:02.190167,102,0,0,0,0,0
2026-08-13T03:51:02.191198,103,0,0,0,0,0
2026-08-13T03:51:02.194233,104,0,0,0,0,0
2026-08-13T03:51:02.194233,105,0,0,0,0,0
2026-08-13T03:51:02.194233,105,0,0,0,0,0
2026-08-13T03:51:02.198239,104,0,0,0,0,0
2026-08-13T03:51:02.198239,103,0,0,0,0,0
2026-08-13T03:51:02.199254,104,0,0,0,0,0
2026-08-13T03:51:02.202340,103,0,0,0,0,0
2026-08-13T03:51:02.202340,102,0,0,0,0,0
2026-08-13T03:51:02.202340,102,0,0,0,0,0
2026-08-13T03:51:02.203849,101,0,0,0,0,0
2026-08-13T03:51:02.206438,101,0,0,0,0,0
2026-08-13T03:51:02.206438,99,0,0,0,0,0
2026-08-13T03:51:02.207454,100,0,0,0,0,0
2026-08-13T03:51:02.210454,100,0,0,0,0,0
2026-08-13T03:51:02.210454,100,0,0,0,0,0
2026-08-13T03:51:02.211459,103,0,0,0,0,0
2026-08-13T03:51:02.211459,104,0,0,0,0,0
2026-08-13T03:51:02.214005,104,0,0,0,0,0
2026-08-13T03:51:02.215013,105,0,0,0,0,0
2026-08-13T03:51:02.215013,105,0,0,0,0,0
2026-08-13T03:51:02.218383,103,0,0,0,0,0
2026-08-13T03:51:02.218383,102,0,0,0,0,0
2026-08-13T03:51:02.219367,103,0,0,0,0,0
2026-08-13T03:51:02.219367,102,0,0,0,0,0
2026-08-13T03:51:02.222829,101,0,0,0,0,0
2026-08-13T03:51:02.222829,101,0,0,0,0,0
2026-08-13T03:51:02.222829,100,0,0,0,0,0
2026-08-13T03:51:02.226904,100,0,0,0,0,0
2026-08-13T03:51:02.226904,99,0,0,0,0,0
2026-08-13T03:51:02.227911,100,0,0,0,0,0
2026-08-13T03:51:02.230658,100,0,0,0,0,0
2026-08-13T03:51:02.230658,101,0,0,0,0,0
2026-08-13T03:51:02.231646,102,0,0,0,0,0
2026-08-13T03:51:02.232647,104,0,0,0,0,0
2026-08-13T03:51:02.234788,104,0,0,0,0,0
2026-08-13T03:51:02.234788,103,0,0,0,0,0
2026-08-13T03:51:02.235804,103,0,0,0,0,0
2026-08-13T03:51:02.238802,102,0,0,0,0,0
2026-08-13T03:51:02.239816,102,0,0,0,0,0
2026-08-13T03:51:02.239816,103,0,0,0,0,0
2026-08-13T03:51:02.240791,101,0,0,0,0,0
2026-08-13T03:51:02.242804,101,0,0,0,0,0
2026-08-13T03:51:02.243803,101,0,0,0,0,0
2026-08-13T03:51:02.243803,100,0,0,0,0,0
2026-08-13T03:51:02.247392,100,0,0,0,0,0
2026-08-13T03:51:02.248410,99,0,0,0,0,0
2026-08-13T03:51:02.249408,99,0,0,0,0,0
2026-08-13T03:51:02.249408,100,0,0,0,0,0
2026-08-13T03:51:02.251410,101,0,0,0,0,0
2026-08-13T03:51:02.251410,102,0,0,0,0,0
2026-08-13T03:51:02.251410,104,0,0,0,0,0
2026-08-13T03:51:02.255590,103,0,0,0,0,0
2026-08-13T03:51:02.255590,104,0,0,0,0,0
2026-08-13T03:51:02.255590,104,0,0,0,0,0
2026-08-13T03:51:02.257101,102,0,0,0,0,0
2026-08-13T03:51:02.259149,102,0,0,0,0,0
2026-08-13T03:51:02.260112,103,0,0,0,0,0
2026-08-13T03:51:02.260112,101,0,0,0,0,0
2026-08-13T03:51:02.263683,101,0,0,0,0,0
2026-08-13T03:51:02.263683,101,0,0,0,0,0
2026-08-13T03:51:02.264694,100,0,0,0,0,0
2026-08-13T03:51:02.267710,99,0,0,0,0,0
2026-08-13T03:51:02.267710,99,0,0,0,0,0
2026-08-13T03:51:02.268696,100,0,0,0,0,0
2026-08-13T03:51:02.268696,99,0,0,0,0,0
2026-08-13T03:51:02.271954,102,0,0,0,0,0
2026-08-13T03:51:02.271954,103,0,0,0,0,0
2026-08-13T03:51:02.271954,104,0,0,0,0,0
2026-08-13T03:51:02.275494,104,0,0,0,0,0
2026-08-13T03:51:02.276475,104,0,0,0,0,0
2026-08-13T03:51:02.276475,103,0,0,0,0,0
2026-08-13T03:51:02.277474,102,0,0,0,0,0
2026-08-13T03:51:02.279502,102,0,0,0,0,0
2026-08-13T03:51:02.280473,102,0,0,0,0,0
2026-08-13T03:51:02.280473,102,0,0,0,0,0
2026-08-13T03:51:02.283959,102,0,0,0,0,0
2026-08-13T03:51:02.283959,99,0,0,0,0,0
2026-08-13T03:51:02.285059,100,0,0,0,0,0
2026-08-13T03:51:02.285059,99,0,0,0,0,0
2026-08-13T03:51:02.288082,100,0,0,0,0,0
2026-08-13T03:51:02.288082,100,0,0,0,0,0
2026-08-13T03:51:02.289072,99,0,0,0,0,0
2026-08-13T03:51:02.292071,102,0,0,0,0,0
2026-08-13T03:51:02.293070,104,0,0,0,0,0
2026-08-13T03:51:02.294071,104,0,0,0,0,0
2026-08-13T03:51:02.296600,104,0,0,0,0,0
2026-08-13T03:51:02.296600,103,0,0,0,0,0
2026-08-13T03:51:02.296600,103,0,0,0,0,0
2026-08-13T03:51:02.297603,102,0,0,0,0,0
2026-08-13T03:51:02.300600,102,0,0,0,0,0
2026-08-13T03:51:02.300600,102,0,0,0,0,0
2026-08-13T03:51:02.300600,101,0,0,0,0,0
2026-08-13T03:51:02.304660,101,0,0,0,0,0
2026-08-13T03:51:02.304660,100,0,0,0,0,0
2026-08-13T03:51:02.305657,100,0,0,0,0,0
2026-08-13T03:51:02.305657,99,0,0,0,0,0
2026-08-13T03:51:02.308298,100,0,0,0,0,0
2026-08-13T03:51:02.309297,100,0,0,0,0,0
2026-08-13T03:51:02.309297,100,0,0,0,0,0
2026-08-13T03:51:02.312939,103,0,0,0,0,0
2026-08-13T03:51:02.312939,103,0,0,0,0,0
2026-08-13T03:51:02.313947,104,0,0,0,0,0
2026-08-13T03:51:02.313947,103,0,0,0,0,0
2026-08-13T03:51:02.316713,103,0,0,0,0,0
2026-08-13T03:51:02.316713,103,0,0,0,0,0
2026-08-13T03:51:02.317695,102,0,0,0,0,0
2026-08-13T03:51:02.320709,103,0,0,0,0,0
2026-08-13T03:51:02.321696,102,0,0,0,0,0
2026-08-13T03:51:02.321696,101,0,0,0,0,0
2026-08-13T03:51:02.321696,102,0,0,0,0,0
2026-08-13T03:51:02.325231,100,0,0,0,0,0
2026-08-13T03:51:02.325231,99,0,0,0,0,0
2026-08-13T03:51:02.326232,100,0,0,0,0,0
2026-08-13T03:51:02.329245,100,0,0,0,0,0
2026-08-13T03:51:02.329245,100,0,0,0,0,0
2026-08-13T03:51:02.330231,101,0,0,0,0,0
2026-08-13T03:51:02.333413,103,0,0,0,0,0
2026-08-13T03:51:02.333936,103,0,0,0,0,0
2026-08-13T03:51:02.333936,103,0,0,0,0,0
2026-08-13T03:51:02.334952,103,0,0,0,0,0
2026-08-13T03:51:02.337513,103,0,0,0,0,0
2026-08-13T03:51:02.337513,103,0,0,0,0,0
2026-08-13T03:51:02.338528,102,0,0,0,0,0
2026-08-13T03:51:02.341529,103,0,0,0,0,0
2026-08-13T03:51:02.342534,101,0,0,0,0,0
2026-08-13T03:51:02.342534,101,0,0,0,0,0
2026-08-13T03:51:02.342534,101,0,0,0,0,0
2026-08-13T03:51:02.345063,100,0,0,0,0,0
2026-08-13T03:51:02.346062,100,0,0,0,0,0
2026-08-13T03:51:02.347074,99,0,0,0,0,0
2026-08-13T03:51:02.349084,99,0,0,0,0,0
2026-08-13T03:51:02.350069,99,0,0,0,0,0
2026-08-13T03:51:02.350069,102,0,0,0,0,0
2026-08-13T03:51:02.351070,103,0,0,0,0,0
2026-08-13T03:51:02.353083,103,0,0,0,0,0
2026-08-13T03:51:02.354071,103,0,0,0,0,0
2026-08-13T03:51:02.354071,103,0,0,0,0,0
2026-08-13T03:51:02.357883,103,0,0,0,0,0
2026-08-13T03:51:02.357883,103,0,0,0,0,0
2026-08-13T03:51:02.358893,102,0,0,0,0,0
2026-08-13T03:51:02.358893,102,0,0,0,0,0
2026-08-13T03:51:02.361359,101,0,0,0,0,0
2026-08-13T03:51:02.362538,101,0,0,0,0,0
2026-08-13T03:51:02.363049,100,0,0,0,0,0
2026-08-13T03:51:02.366149,100,0,0,0,0,0
2026-08-13T03:51:02.366149,99,0,0,0,0,0
2026-08-13T03:51:02.367148,99,0,0,0,0,0
2026-08-13T03:51:02.370157,100,0,0,0,0,0
2026-08-13T03:51:02.370157,100,0,0,0,0,0
2026-08-13T03:51:02.371144,102,0,0,0,0,0
2026-08-13T03:51:02.371144,103,0,0,0,0,0
2026-08-13T03:51:02.374119,104,0,0,0,0,0
2026-08-13T03:51:02.374119,104,0,0,0,0,0
2026-08-13T03:51:02.375128,104,0,0,0,0,0
2026-08-13T03:51:02.377920,103,0,0,0,0,0
2026-08-13T03:51:02.378922,103,0,0,0,0,0
2026-08-13T03:51:02.378922,102,0,0,0,0,0
2026-08-13T03:51:02.378922,102,0,0,0,0,0
2026-08-13T03:51:02.381925,101,0,0,0,0,0
2026-08-13T03:51:02.382920,101,0,0,0,0,0
2026-08-13T03:51:02.382920,100,0,0,0,0,0
2026-08-13T03:51:02.386041,100,0,0,0,0,0
2026-08-13T03:51:02.386041,100,0,0,0,0,0
2026-08-13T03:51:02.386041,100,0,0,0,0,0
2026-08-13T03:51:02.387534,100,0,0,0,0,0
2026-08-13T03:51:02.390563,100,0,0,0,0,0
2026-08-13T03:51:02.390563,102,0,0,0,0,0
2026-08-13T03:51:02.391548,103,0,0,0,0,0
2026-08-13T03:51:02.394663,104,0,0,0,0,0
2026-08-13T03:51:02.394663,104,0,0,0,0,0
2026-08-13T03:51:02.394663,103,0,0,0,0,0
2026-08-13T03:51:02.399058,103,0,0,0,0,0
2026-08-13T03:51:02.399058,102,0,0,0,0,0
2026-08-13T03:51:02.399058,103,0,0,0,0,0
2026-08-13T03:51:02.400079,102,0,0,0,0,0
2026-08-13T03:51:02.402637,102,0,0,0,0,0
2026-08-13T03:51:02.402637,101,0,0,0,0,0
2026-08-13T03:51:02.403641,100,0,0,0,0,0
2026-08-13T03:51:02.406878,100,0,0,0,0,0
2026-08-13T03:51:02.406878,99,0,0,0,0,0
2026-08-13T03:51:02.407844,100,0,0,0,0,0
2026-08-13T03:51:02.407844,100,0,0,0,0,0
2026-08-13T03:51:02.411245,100,0,0,0,0,0
2026-08-13T03:51:02.411245,103,0,0,0,0,0
2026-08-13T03:51:02.412259,103,0,0,0,0,0
2026-08-13T03:51:02.414662,103,0,0,0,0,0
2026-08-13T03:51:02.415898,103,0,0,0,0,0
2026-08-13T03:51:02.415898,104,0,0,0,0,0
2026-08-13T03:51:02.416901,103,0,0,0,0,0
2026-08-13T03:51:02.418910,102,0,0,0,0,0
2026-08-13T03:51:02.419910,103,0,0,0,0,0
2026-08-13T03:51:02.419910,102,0,0,0,0,0
2026-08-13T03:51:02.422955,101,0,0,0,0,0
2026-08-13T03:51:02.423942,101,0,0,0,0,0
2026-08-13T03:51:02.424455,100,0,0,0,0,0
2026-08-13T03:51:02.425477,100,0,0,0,0,0
2026-08-13T03:51:02.427468,99,0,0,0,0,0
2026-08-13T03:51:02.428471,99,0,0,0,0,0
2026-08-13T03:51:02.428471,99,0,0,0,0,0
2026-08-13T03:51:02.431467,100,0,0,0,0,0
2026-08-13T03:51:02.432467,103,0,0,0,0,0
2026-08-13T03:51:02.432467,103,0,0,0,0,0
2026-08-13T03:51:02.434986,104,0,0,0,0,0
2026-08-13T03:51:02.435984,104,0,0,0,0,0
2026-08-13T03:51:02.435984,103,0,0,0,0,0
2026-08-13T03:51:02.436991,103,0,0,0,0,0
2026-08-13T03:51:02.439990,103,0,0,0,0,0
2026-08-13T03:51:02.439990,104,0,0,0,0,0
2026-08-13T03:51:02.439990,101,0,0,0,0,0
2026-08-13T03:51:02.444015,101,0,0,0,0,0
2026-08-13T03:51:02.444015,100,0,0,0,0,0
2026-08-13T03:51:02.444015,99,0,0,0,0,0
2026-08-13T03:51:02.444015,99,0,0,0,0,0
2026-08-13T03:51:02.448206,99,0,0,0,0,0
2026-08-13T03:51:02.448206,100,0,0,0,0,0
2026-08-13T03:51:02.448206,99,0,0,0,0,0
2026-08-13T03:51:02.452204,101,0,0,0,0,0
2026-08-13T03:51:02.452204,103,0,0,0,0,0
2026-08-13T03:51:02.452204,104,0,0,0,0,0
2026-08-13T03:51:02.452204,104,0,0,0,0,0
2026-08-13T03:51:02.455744,104,0,0,0,0,0
2026-08-13T03:51:02.455744,103,0,0,0,0,0
2026-08-13T03:51:02.457256,102,0,0,0,0,0
2026-08-13T03:51:02.460266,103,0,0,0,0,0
2026-08-13T03:51:02.460266,101,0,0,0,0,0
2026-08-13T03:51:02.461267,101,0,0,0,0,0
2026-08-13T03:51:02.463795,101,0,0,0,0,0
2026-08-13T03:51:02.464815,101,0,0,0,0,0
2026-08-13T03:51:02.465813,100,0,0,0,0,0
2026-08-13T03:51:02.465813,100,0,0,0,0,0
2026-08-13T03:51:02.467836,99,0,0,0,0,0
2026-08-13T03:51:02.468813,100,0,0,0,0,0
2026-08-13T03:51:02.468813,100,0,0,0,0,0
2026-08-13T03:51:02.472686,102,0,0,0,0,0
2026-08-13T03:51:02.472686,103,0,0,0,0,0
2026-08-13T03:51:02.472686,103,0,0,0,0,0
2026-08-13T03:51:02.473696,104,0,0,0,0,0
2026-08-13T03:51:02.476702,104,0,0,0,0,0
2026-08-13T03:51:02.476702,102,0,0,0,0,0
2026-08-13T03:51:02.477703,102,0,0,0,0,0
2026-08-13T03:51:02.480865,103,0,0,0,0,0
2026-08-13T03:51:02.480865,102,0,0,0,0,0
2026-08-13T03:51:02.481882,101,0,0,0,0,0
2026-08-13T03:51:02.481882,102,0,0,0,0,0
2026-08-13T03:51:02.484184,101,0,0,0,0,0
2026-08-13T03:51:02.484184,100,0,0,0,0,0
2026-08-13T03:51:02.485682,99,0,0,0,0,0
2026-08-13T03:51:02.488218,100,0,0,0,0,0
2026-08-13T03:51:02.489218,100,0,0,0,0,0
2026-08-13T03:51:02.490217,99,0,0,0,0,0
2026-08-13T03:51:02.490217,102,0,0,0,0,0
2026-08-13T03:51:02.493090,103,0,0,0,0,0
2026-08-13T03:51:02.493741,103,0,0,0,0,0
2026-08-13T03:51:02.494296,102,0,0,0,0,0
2026-08-13T03:51:02.496850,103,0,0,0,0,0
2026-08-13T03:51:02.497864,102,0,0,0,0,0
2026-08-13T03:51:02.497864,101,0,0,0,0,0
2026-08-13T03:51:02.500863,102,0,0,0,0,0
2026-08-13T03:51:02.501863,101,0,0,0,0,0
2026-08-13T03:51:02.501863,100,0,0,0,0,0
2026-08-13T03:51:02.502849,100,0,0,0,0,0
2026-08-13T03:51:02.505411,99,0,0,0,0,0
2026-08-13T03:51:02.505411,98,0,0,0,0,0
2026-08-13T03:51:02.506414,98,0,0,0,0,0
2026-08-13T03:51:02.509408,98,0,0,0,0,0
2026-08-13T03:51:02.509408,98,0,0,0,0,0
2026-08-13T03:51:02.510410,99,0,0,0,0,0
2026-08-13T03:51:02.511409,101,0,0,0,0,0
2026-08-13T03:51:02.513684,102,0,0,0,0,0
2026-08-13T03:51:02.513684,102,0,0,0,0,0
2026-08-13T03:51:02.514703,102,0,0,0,0,0
2026-08-13T03:51:02.517218,102,0,0,0,0,0
2026-08-13T03:51:02.518216,102,0,0,0,0,0
2026-08-13T03:51:02.518216,101,0,0,0,0,0
2026-08-13T03:51:02.519229,102,0,0,0,0,0
2026-08-13T03:51:02.521229,100,0,0,0,0,0
2026-08-13T03:51:02.522216,99,0,0,0,0,0
2026-08-13T03:51:02.522216,99,0,0,0,0,0
2026-08-13T03:51:02.525737,99,0,0,0,0,0
2026-08-13T03:51:02.525737,98,0,0,0,0,0
2026-08-13T03:51:02.526745,97,0,0,0,0,0
2026-08-13T03:51:02.529240,99,0,0,0,0,0
2026-08-13T03:51:02.530250,98,0,0,0,0,0
2026-08-13T03:51:02.531256,100,0,0,0,0,0
2026-08-13T03:51:02.531256,102,0,0,0,0,0
2026-08-13T03:51:02.533785,101,0,0,0,0,0
2026-08-13T03:51:02.533785,103,0,0,0,0,0
2026-08-13T03:51:02.534803,101,0,0,0,0,0
2026-08-13T03:51:02.537816,103,0,0,0,0,0
2026-08-13T03:51:02.538803,101,0,0,0,0,0
2026-08-13T03:51:02.538803,101,0,0,0,0,0
2026-08-13T03:51:02.539803,101,0,0,0,0,0
2026-08-13T03:51:02.541807,99,0,0,0,0,0
2026-08-13T03:51:02.542818,100,0,0,0,0,0
2026-08-13T03:51:02.542818,99,0,0,0,0,0
2026-08-13T03:51:02.546331,99,0,0,0,0,0
2026-08-13T03:51:02.546331,98,0,0,0,0,0
2026-08-13T03:51:02.547333,98,0,0,0,0,0
2026-08-13T03:51:02.547333,100,0,0,0,0,0
2026-08-13T03:51:02.550332,98,0,0,0,0,0
2026-08-13T03:51:02.550332,100,0,0,0,0,0
2026-08-13T03:51:02.551331,102,0,0,0,0,0
2026-08-13T03:51:02.553841,101,0,0,0,0,0
2026-08-13T03:51:02.554849,103,0,0,0,0,0
2026-08-13T03:51:02.554849,102,0,0,0,0,0
2026-08-13T03:51:02.555850,101,0,0,0,0,0
2026-08-13T03:51:02.558372,101,0,0,0,0,0
2026-08-13T03:51:02.559370,101,0,0,0,0,0
2026-08-13T03:51:02.559370,101,0,0,0,0,0
2026-08-13T03:51:02.562404,100,0,0,0,0,0
2026-08-13T03:51:02.562404,100,0,0,0,0,0
2026-08-13T03:51:02.563914,99,0,0,0,0,0
2026-08-13T03:51:02.566923,100,0,0,0,0,0
2026-08-13T03:51:02.566923,98,0,0,0,0,0
2026-08-13T03:51:02.567925,99,0,0,0,0,0
2026-08-13T03:51:02.568924,98,0,0,0,0,0
2026-08-13T03:51:02.570924,98,0,0,0,0,0
2026-08-13T03:51:02.570924,100,0,0,0,0,0
2026-08-13T03:51:02.571924,102,0,0,0,0,0
2026-08-13T03:51:02.574455,102,0,0,0,0,0
2026-08-13T03:51:02.574455,102,0,0,0,0,0
2026-08-13T03:51:02.575486,103,0,0,0,0,0
2026-08-13T03:51:02.575486,102,0,0,0,0,0
2026-08-13T03:51:02.578464,101,0,0,0,0,0
2026-08-13T03:51:02.579464,102,0,0,0,0,0
2026-08-13T03:51:02.579464,101,0,0,0,0,0
2026-08-13T03:51:02.582464,100,0,0,0,0,0
2026-08-13T03:51:02.582464,100,0,0,0,0,0
2026-08-13T03:51:02.583971,99,0,0,0,0,0
2026-08-13T03:51:02.583971,98,0,0,0,0,0
2026-08-13T03:51:02.586979,98,0,0,0,0,0
2026-08-13T03:51:02.586979,99,0,0,0,0,0
2026-08-13T03:51:02.587979,98,0,0,0,0,0
2026-08-13T03:51:02.590982,100,0,0,0,0,0
2026-08-13T03:51:02.591979,102,0,0,0,0,0
2026-08-13T03:51:02.591979,101,0,0,0,0,0
2026-08-13T03:51:02.592979,102,0,0,0,0,0
2026-08-13T03:51:02.595229,102,0,0,0,0,0
2026-08-13T03:51:02.595229,103,0,0,0,0,0
2026-08-13T03:51:02.596243,101,0,0,0,0,0
2026-08-13T03:51:02.599242,101,0,0,0,0,0
2026-08-13T03:51:02.599242,101,0,0,0,0,0
2026-08-13T03:51:02.600228,101,0,0,0,0,0
2026-08-13T03:51:02.603756,100,0,0,0,0,0
2026-08-13T03:51:02.603756,99,0,0,0,0,0
2026-08-13T03:51:02.603756,99,0,0,0,0,0
2026-08-13T03:51:02.604774,98,0,0,0,0,0
2026-08-13T03:51:02.606773,98,0,0,0,0,0
2026-08-13T03:51:02.607975,98,0,0,0,0,0
2026-08-13T03:51:02.607975,98,0,0,0,0,0
2026-08-13T03:51:02.611985,100,0,0,0,0,0
2026-08-13T03:51:02.611985,102,0,0,0,0,0
2026-08-13T03:51:02.611985,102,0,0,0,0,0
2026-08-13T03:51:02.612987,103,0,0,0,0,0
2026-08-13T03:51:02.615371,103,0,0,0,0,0
2026-08-13T03:51:02.616384,102,0,0,0,0,0
2026-08-13T03:51:02.616384,101,0,0,0,0,0
2026-08-13T03:51:02.619400,101,0,0,0,0,0
2026-08-13T03:51:02.620384,101,0,0,0,0,0
2026-08-13T03:51:02.620384,100,0,0,0,0,0
2026-08-13T03:51:02.620384,99,0,0,0,0,0
2026-08-13T03:51:02.623915,100,0,0,0,0,0
2026-08-13T03:51:02.623915,99,0,0,0,0,0
2026-08-13T03:51:02.624925,98,0,0,0,0,0
2026-08-13T03:51:02.627923,98,0,0,0,0,0
2026-08-13T03:51:02.627923,99,0,0,0,0,0
2026-08-13T03:51:02.628923,98,0,0,0,0,0
2026-08-13T03:51:02.631937,100,0,0,0,0,0
2026-08-13T03:51:02.631937,101,0,0,0,0,0
2026-08-13T03:51:02.632951,102,0,0,0,0,0
2026-08-13T03:51:02.632951,102,0,0,0,0,0
2026-08-13T03:51:02.636449,103,0,0,0,0,0
2026-08-13T03:51:02.636449,102,0,0,0,0,0
2026-08-13T03:51:02.636449,101,0,0,0,0,0
2026-08-13T03:51:02.640465,102,0,0,0,0,0
2026-08-13T03:51:02.640465,101,0,0,0,0,0
2026-08-13T03:51:02.641453,100,0,0,0,0,0
2026-08-13T03:51:02.641453,100,0,0,0,0,0
2026-08-13T03:51:02.644517,99,0,0,0,0,0
2026-08-13T03:51:02.644517,99,0,0,0,0,0
2026-08-13T03:51:02.644517,98,0,0,0,0,0
2026-08-13T03:51:02.648897,98,0,0,0,0,0
2026-08-13T03:51:02.648897,99,0,0,0,0,0
2026-08-13T03:51:02.648897,98,0,0,0,0,0
2026-08-13T03:51:02.649919,101,0,0,0,0,0
2026-08-13T03:51:02.652845,102,0,0,0,0,0
2026-08-13T03:51:02.652845,102,0,0,0,0,0
2026-08-13T03:51:02.653846,103,0,0,0,0,0
2026-08-13T03:51:02.655963,102,0,0,0,0,0
2026-08-13T03:51:02.657472,102,0,0,0,0,0
2026-08-13T03:51:02.658482,100,0,0,0,0,0
2026-08-13T03:51:02.658482,102,0,0,0,0,0
2026-08-13T03:51:02.660495,101,0,0,0,0,0
2026-08-13T03:51:02.661481,100,0,0,0,0,0
2026-08-13T03:51:02.662481,100,0,0,0,0,0
2026-08-13T03:51:02.664998,99,0,0,0,0,0
2026-08-13T03:51:02.664998,99,0,0,0,0,0
2026-08-13T03:51:02.665999,98,0,0,0,0,0
2026-08-13T03:51:02.669014,98,0,0,0,0,0
2026-08-13T03:51:02.670012,98,0,0,0,0,0
2026-08-13T03:51:02.670012,99,0,0,0,0,0
2026-08-13T03:51:02.671000,102,0,0,0,0,0
2026-08-13T03:51:02.673403,102,0,0,0,0,0
2026-08-13T03:51:02.673935,102,0,0,0,0,0
2026-08-13T03:51:02.673935,103,0,0,0,0,0
2026-08-13T03:51:02.676961,102,0,0,0,0,0
2026-08-13T03:51:02.677961,101,0,0,0,0,0
2026-08-13T03:51:02.677961,102,0,0,0,0,0
2026-08-13T03:51:02.678961,101,0,0,0,0,0
2026-08-13T03:51:02.680961,101,0,0,0,0,0
2026-08-13T03:51:02.681960,99,0,0,0,0,0
2026-08-13T03:51:02.681960,100,0,0,0,0,0
2026-08-13T03:51:02.685478,99,0,0,0,0,0
2026-08-13T03:51:02.685478,98,0,0,0,0,0
2026-08-13T03:51:02.686487,98,0,0,0,0,0
2026-08-13T03:51:02.687487,99,0,0,0,0,0
2026-08-13T03:51:02.689487,98,0,0,0,0,0
2026-08-13T03:51:02.690486,100,0,0,0,0,0
2026-08-13T03:51:02.690486,101,0,0,0,0,0
2026-08-13T03:51:02.694001,101,0,0,0,0,0
2026-08-13T03:51:02.694001,104,0,0,0,0,0
2026-08-13T03:51:02.695011,103,0,0,0,0,0
2026-08-13T03:51:02.697965,103,0,0,0,0,0
2026-08-13T03:51:02.697965,102,0,0,0,0,0
2026-08-13T03:51:02.699045,101,0,0,0,0,0
2026-08-13T03:51:02.700066,102,0,0,0,0,0
2026-08-13T03:51:02.702040,100,0,0,0,0,0
2026-08-13T03:51:02.702040,100,0,0,0,0,0
2026-08-13T03:51:02.703068,100,0,0,0,0,0
2026-08-13T03:51:02.705665,99,0,0,0,0,0
2026-08-13T03:51:02.706679,98,0,0,0,0,0
2026-08-13T03:51:02.707670,98,0,0,0,0,0
2026-08-13T03:51:02.708668,99,0,0,0,0,0
2026-08-13T03:51:02.709679,99,0,0,0,0,0
2026-08-13T03:51:02.710666,99,0,0,0,0,0
2026-08-13T03:51:02.710666,101,0,0,0,0,0
2026-08-13T03:51:02.714206,102,0,0,0,0,0
2026-08-13T03:51:02.715208,103,0,0,0,0,0
2026-08-13T03:51:02.716226,102,0,0,0,0,0
2026-08-13T03:51:02.716226,103,0,0,0,0,0
2026-08-13T03:51:02.718543,101,0,0,0,0,0
2026-08-13T03:51:02.718543,102,0,0,0,0,0
2026-08-13T03:51:02.718543,102,0,0,0,0,0
2026-08-13T03:51:02.721990,100,0,0,0,0,0
2026-08-13T03:51:02.722993,100,0,0,0,0,0
2026-08-13T03:51:02.722993,99,0,0,0,0,0
2026-08-13T03:51:02.723995,99,0,0,0,0,0
2026-08-13T03:51:02.726328,98,0,0,0,0,0
2026-08-13T03:51:02.726328,98,0,0,0,0,0
2026-08-13T03:51:02.727429,99,0,0,0,0,0
2026-08-13T03:51:02.729944,98,0,0,0,0,0
2026-08-13T03:51:02.730947,100,0,0,0,0,0
2026-08-13T03:51:02.732042,102,0,0,0,0,0
2026-08-13T03:51:02.734501,102,0,0,0,0,0
2026-08-13T03:51:02.734501,103,0,0,0,0,0
2026-08-13T03:51:02.735514,103,0,0,0,0,0
2026-08-13T03:51:02.735514,102,0,0,0,0,0
2026-08-13T03:51:02.738905,102,0,0,0,0,0
2026-08-13T03:51:02.738905,101,0,0,0,0,0
2026-08-13T03:51:02.739912,101,0,0,0,0,0
2026-08-13T03:51:02.742660,100,0,0,0,0,0
2026-08-13T03:51:02.743675,101,0,0,0,0,0
2026-08-13T03:51:02.743675,99,0,0,0,0,0
2026-08-13T03:51:02.744993,99,0,0,0,0,0
2026-08-13T03:51:02.747051,98,0,0,0,0,0
2026-08-13T03:51:02.747051,98,0,0,0,0,0
2026-08-13T03:51:02.748069,99,0,0,0,0,0
2026-08-13T03:51:02.751082,99,0,0,0,0,0
2026-08-13T03:51:02.751082,101,0,0,0,0,0
2026-08-13T03:51:02.751082,101,0,0,0,0,0
2026-08-13T03:51:02.752685,103,0,0,0,0,0
2026-08-13T03:51:02.754731,104,0,0,0,0,0
2026-08-13T03:51:02.754731,102,0,0,0,0,0
2026-08-13T03:51:02.756320,101,0,0,0,0,0
2026-08-13T03:51:02.759168,101,0,0,0,0,0
2026-08-13T03:51:02.760186,101,0,0,0,0,0
2026-08-13T03:51:02.760186,102,0,0,0,0,0
2026-08-13T03:51:02.762809,100,0,0,0,0,0
2026-08-13T03:51:02.763974,100,0,0,0,0,0
2026-08-13T03:51:02.763974,99,0,0,0,0,0
2026-08-13T03:51:02.764997,99,0,0,0,0,0
2026-08-13T03:51:02.767623,98,0,0,0,0,0
2026-08-13T03:51:02.767623,100,0,0,0,0,0
2026-08-13T03:51:02.767623,98,0,0,0,0,0
2026-08-13T03:51:02.771781,99,0,0,0,0,0
2026-08-13T03:51:02.771781,101,0,0,0,0,0
2026-08-13T03:51:02.771781,102,0,0,0,0,0
2026-08-13T03:51:02.772803,103,0,0,0,0,0
2026-08-13T03:51:02.775024,102,0,0,0,0,0
2026-08-13T03:51:02.776019,102,0,0,0,0,0
2026-08-13T03:51:02.776019,101,0,0,0,0,0
2026-08-13T03:51:02.779026,101,0,0,0,0,0
2026-08-13T03:51:02.780026,101,0,0,0,0,0
2026-08-13T03:51:02.780026,100,0,0,0,0,0
2026-08-13T03:51:02.781031,100,0,0,0,0,0
2026-08-13T03:51:02.784056,100,0,0,0,0,0
2026-08-13T03:51:02.784565,99,0,0,0,0,0
2026-08-13T03:51:02.784565,98,0,0,0,0,0
2026-08-13T03:51:02.788066,98,0,0,0,0,0
2026-08-13T03:51:02.788066,99,0,0,0,0,0
2026-08-13T03:51:02.789080,98,0,0,0,0,0
2026-08-13T03:51:02.789080,100,0,0,0,0,0
2026-08-13T03:51:02.792097,102,0,0,0,0,0
2026-08-13T03:51:02.792097,102,0,0,0,0,0
2026-08-13T03:51:02.793093,103,0,0,0,0,0
2026-08-13T03:51:02.795634,102,0,0,0,0,0
2026-08-13T03:51:02.796620,102,0,0,0,0,0
2026-08-13T03:51:02.797620,102,0,0,0,0,0
2026-08-13T03:51:02.799648,101,0,0,0,0,0
2026-08-13T03:51:02.800617,102,0,0,0,0,0
2026-08-13T03:51:02.801617,101,0,0,0,0,0
2026-08-13T03:51:02.801617,100,0,0,0,0,0
2026-08-13T03:51:02.804174,100,0,0,0,0,0
2026-08-13T03:51:02.804174,99,0,0,0,0,0
2026-08-13T03:51:02.805172,99,0,0,0,0,0
2026-08-13T03:51:02.808180,99,0,0,0,0,0
2026-08-13T03:51:02.809182,99,0,0,0,0,0
2026-08-13T03:51:02.809182,98,0,0,0,0,0
2026-08-13T03:51:02.810181,100,0,0,0,0,0
2026-08-13T03:51:02.812189,102,0,0,0,0,0
2026-08-13T03:51:02.812189,102,0,0,0,0,0
2026-08-13T03:51:02.812189,103,0,0,0,0,0
2026-08-13T03:51:02.816717,103,0,0,0,0,0
2026-08-13T03:51:02.816717,102,0,0,0,0,0
2026-08-13T03:51:02.816717,101,0,0,0,0,0
2026-08-13T03:51:02.817701,101,0,0,0,0,0
2026-08-13T03:51:02.820841,101,0,0,0,0,0
2026-08-13T03:51:02.820841,99,0,0,0,0,0
2026-08-13T03:51:02.820841,100,0,0,0,0,0
2026-08-13T03:51:02.823948,99,0,0,0,0,0
2026-08-13T03:51:02.825205,99,0,0,0,0,0
2026-08-13T03:51:02.825205,97,0,0,0,0,0
2026-08-13T03:51:02.828205,99,0,0,0,0,0
2026-08-13T03:51:02.829208,99,0,0,0,0,0
2026-08-13T03:51:02.829208,98,0,0,0,0,0
2026-08-13T03:51:02.829208,100,0,0,0,0,0
2026-08-13T03:51:02.832719,102,0,0,0,0,0
2026-08-13T03:51:02.832719,102,0,0,0,0,0
2026-08-13T03:51:02.833715,103,0,0,0,0,0
2026-08-13T03:51:02.837214,102,0,0,0,0,0
2026-08-13T03:51:02.837214,103,0,0,0,0,0
2026-08-13T03:51:02.838230,101,0,0,0,0,0
2026-08-13T03:51:02.838230,101,0,0,0,0,0
2026-08-13T03:51:02.841230,101,0,0,0,0,0
2026-08-13T03:51:02.841230,100,0,0,0,0,0
2026-08-13T03:51:02.842236,100,0,0,0,0,0
2026-08-13T03:51:02.844762,100,0,0,0,0,0
2026-08-13T03:51:02.845759,99,0,0,0,0,0
2026-08-13T03:51:02.845759,98,0,0,0,0,0
2026-08-13T03:51:02.846761,99,0,0,0,0,0
2026-08-13T03:51:02.848757,100,0,0,0,0,0
2026-08-13T03:51:02.849757,98,0,0,0,0,0
2026-08-13T03:51:02.850758,101,0,0,0,0,0
2026-08-13T03:51:02.852757,101,0,0,0,0,0
2026-08-13T03:51:02.854266,102,0,0,0,0,0
2026-08-13T03:51:02.854266,102,0,0,0,0,0
2026-08-13T03:51:02.855275,103,0,0,0,0,0
2026-08-13T03:51:02.857785,102,0,0,0,0,0
2026-08-13T03:51:02.857785,101,0,0,0,0,0
2026-08-13T03:51:02.858799,102,0,0,0,0,0
2026-08-13T03:51:02.860962,102,0,0,0,0,0
2026-08-13T03:51:02.861958,100,0,0,0,0,0
2026-08-13T03:51:02.862973,100,0,0,0,0,0
2026-08-13T03:51:02.865879,100,0,0,0,0,0
2026-08-13T03:51:02.865879,100,0,0,0,0,0
2026-08-13T03:51:02.866888,98,0,0,0,0,0
2026-08-13T03:51:02.866888,99,0,0,0,0,0
2026-08-13T03:51:02.869989,98,0,0,0,0,0
2026-08-13T03:51:02.869989,99,0,0,0,0,0
2026-08-13T03:51:02.871004,101,0,0,0,0,0
2026-08-13T03:51:02.874005,102,0,0,0,0,0
2026-08-13T03:51:02.874514,103,0,0,0,0,0
2026-08-13T03:51:02.875526,102,0,0,0,0,0
2026-08-13T03:51:02.875526,102,0,0,0,0,0
2026-08-13T03:51:02.877524,102,0,0,0,0,0
2026-08-13T03:51:02.878525,102,0,0,0,0,0
2026-08-13T03:51:02.878525,102,0,0,0,0,0
2026-08-13T03:51:02.881536,100,0,0,0,0,0
2026-08-13T03:51:02.882523,100,0,0,0,0,0
2026-08-13T03:51:02.882523,99,0,0,0,0,0
2026-08-13T03:51:02.882523,99,0,0,0,0,0
2026-08-13T03:51:02.886052,98,0,0,0,0,0
2026-08-13T03:51:02.886052,98,0,0,0,0,0
2026-08-13T03:51:02.887059,98,0,0,0,0,0
2026-08-13T03:51:02.890056,98,0,0,0,0,0
2026-08-13T03:51:02.891038,99,0,0,0,0,0
2026-08-13T03:51:02.891038,101,0,0,0,0,0
2026-08-13T03:51:02.892036,101,0,0,0,0,0
2026-08-13T03:51:02.894568,103,0,0,0,0,0
2026-08-13T03:51:02.894568,103,0,0,0,0,0
2026-08-13T03:51:02.894568,103,0,0,0,0,0
2026-08-13T03:51:02.898742,102,0,0,0,0,0
2026-08-13T03:51:02.898742,101,0,0,0,0,0
2026-08-13T03:51:02.898742,101,0,0,0,0,0
2026-08-13T03:51:02.902857,100,0,0,0,0,0
2026-08-13T03:51:02.902857,100,0,0,0,0,0
2026-08-13T03:51:02.903873,99,0,0,0,0,0
2026-08-13T03:51:02.903873,99,0,0,0,0,0
2026-08-13T03:51:02.906094,99,0,0,0,0,0
2026-08-13T03:51:02.908106,99,0,0,0,0,0
2026-08-13T03:51:02.908106,99,0,0,0,0,0
2026-08-13T03:51:02.910942,98,0,0,0,0,0
2026-08-13T03:51:02.910942,100,0,0,0,0,0
2026-08-13T03:51:02.911956,102,0,0,0,0,0
2026-08-13T03:51:02.911956,102,0,0,0,0,0
2026-08-13T03:51:02.914662,103,0,0,0,0,0
2026-08-13T03:51:02.914662,103,0,0,0,0,0
2026-08-13T03:51:02.914662,102,0,0,0,0,0
2026-08-13T03:51:02.918744,101,0,0,0,0,0
2026-08-13T03:51:02.919745,102,0,0,0,0,0
2026-08-13T03:51:02.919745,102,0,0,0,0,0
2026-08-13T03:51:02.920746,101,0,0,0,0,0
2026-08-13T03:51:02.922744,100,0,0,0,0,0
2026-08-13T03:51:02.923745,100,0,0,0,0,0
2026-08-13T03:51:02.923745,101,0,0,0,0,0
2026-08-13T03:51:02.926907,100,0,0,0,0,0
2026-08-13T03:51:02.927911,99,0,0,0,0,0
2026-08-13T03:51:02.928910,101,0,0,0,0,0
2026-08-13T03:51:02.930907,99,0,0,0,0,0
2026-08-13T03:51:02.931905,101,0,0,0,0,0
2026-08-13T03:51:02.931905,103,0,0,0,0,0
2026-08-13T03:51:02.932908,103,0,0,0,0,0
2026-08-13T03:51:02.935423,103,0,0,0,0,0
2026-08-13T03:51:02.935423,103,0,0,0,0,0
2026-08-13T03:51:02.936439,103,0,0,0,0,0
2026-08-13T03:51:02.939446,102,0,0,0,0,0
2026-08-13T03:51:02.939446,103,0,0,0,0,0
2026-08-13T03:51:02.940446,103,0,0,0,0,0
2026-08-13T03:51:02.940446,102,0,0,0,0,0
2026-08-13T03:51:02.943705,102,0,0,0,0,0
2026-08-13T03:51:02.943705,101,0,0,0,0,0
2026-08-13T03:51:02.943705,101,0,0,0,0,0
2026-08-13T03:51:02.947815,100,0,0,0,0,0
2026-08-13T03:51:02.947815,101,0,0,0,0,0
2026-08-13T03:51:02.948832,100,0,0,0,0,0
2026-08-13T03:51:02.948832,100,0,0,0,0,0
2026-08-13T03:51:02.951710,102,0,0,0,0,0
2026-08-13T03:51:02.951710,103,0,0,0,0,0
2026-08-13T03:51:02.952733,104,0,0,0,0,0
2026-08-13T03:51:02.955257,104,0,0,0,0,0
2026-08-13T03:51:02.956258,105,0,0,0,0,0
2026-08-13T03:51:02.956258,103,0,0,0,0,0
2026-08-13T03:51:02.957794,103,0,0,0,0,0
2026-08-13T03:51:02.959809,104,0,0,0,0,0
2026-08-13T03:51:02.960808,102,0,0,0,0,0
2026-08-13T03:51:02.960808,102,0,0,0,0,0
2026-08-13T03:51:02.963807,102,0,0,0,0,0
2026-08-13T03:51:02.963807,100,0,0,0,0,0
2026-08-13T03:51:02.965206,100,0,0,0,0,0
2026-08-13T03:51:02.968238,99,0,0,0,0,0
2026-08-13T03:51:02.968238,100,0,0,0,0,0
2026-08-13T03:51:02.969212,100,0,0,0,0,0
2026-08-13T03:51:02.969212,101,0,0,0,0,0
2026-08-13T03:51:02.972390,103,0,0,0,0,0
2026-08-13T03:51:02.972390,103,0,0,0,0,0
2026-08-13T03:51:02.972390,104,0,0,0,0,0
2026-08-13T03:51:02.975849,104,0,0,0,0,0
2026-08-13T03:51:02.976862,104,0,0,0,0,0
2026-08-13T03:51:02.976862,103,0,0,0,0,0
2026-08-13T03:51:02.976862,103,0,0,0,0,0
2026-08-13T03:51:02.979961,104,0,0,0,0,0
2026-08-13T03:51:02.980935,101,0,0,0,0,0
2026-08-13T03:51:02.980935,101,0,0,0,0,0
2026-08-13T03:51:02.984668,101,0,0,0,0,0
2026-08-13T03:51:02.984668,101,0,0,0,0,0
2026-08-13T03:51:02.985896,100,0,0,0,0,0
2026-08-13T03:51:02.985896,101,0,0,0,0,0
2026-08-13T03:51:02.988788,101,0,0,0,0,0
2026-08-13T03:51:02.988788,101,0,0,0,0,0
2026-08-13T03:51:02.988788,103,0,0,0,0,0
2026-08-13T03:51:02.992877,105,0,0,0,0,0
2026-08-13T03:51:02.992877,105,0,0,0,0,0
2026-08-13T03:51:02.993855,107,0,0,0,0,0
2026-08-13T03:51:02.997017,106,0,0,0,0,0
2026-08-13T03:51:02.997017,106,0,0,0,0,0
2026-08-13T03:51:02.998000,105,0,0,0,0,0
2026-08-13T03:51:02.998000,105,0,0,0,0,0
2026-08-13T03:51:03.001132,105,0,0,0,0,0
2026-08-13T03:51:03.001132,104,0,0,0,0,0
2026-08-13T03:51:03.001790,104,0,0,0,0,0
2026-08-13T03:51:03.004539,104,0,0,0,0,0
2026-08-13T03:51:03.005538,103,0,0,0,0,0
2026-08-13T03:51:03.005538,103,0,0,0,0,0
2026-08-13T03:51:03.006540,103,0,0,0,0,0
2026-08-13T03:51:03.008538,104,0,0,0,0,0
2026-08-13T03:51:03.009537,103,0,0,0,0,0
2026-08-13T03:51:03.009537,105,0,0,0,0,0
2026-08-13T03:51:03.012548,105,0,0,0,0,0
2026-08-13T03:51:03.012548,107,0,0,0,0,0
2026-08-13T03:51:03.014062,107,0,0,0,0,0
2026-08-13T03:51:03.015078,107,0,0,0,0,0
2026-08-13T03:51:03.017100,107,0,0,0,0,0
2026-08-13T03:51:03.017100,105,0,0,0,0,0
2026-08-13T03:51:03.018090,106,0,0,0,0,0
2026-08-13T03:51:03.021100,106,0,0,0,0,0
2026-08-13T03:51:03.022090,105,0,0,0,0,0
2026-08-13T03:51:03.032203,104,0,0,0,0,0
2026-08-13T03:51:03.033742,104,0,0,0,0,0
2026-08-13T03:51:03.033742,103,0,0,0,0,0
2026-08-13T03:51:03.034763,103,0,0,0,0,0
2026-08-13T03:51:03.035766,103,0,0,0,0,0
2026-08-13T03:51:03.035766,103,0,0,0,0,0
2026-08-13T03:51:03.036783,103,0,0,0,0,0
2026-08-13T03:51:03.036783,106,0,0,0,0,0
2026-08-13T03:51:03.037782,107,0,0,0,0,0
2026-08-13T03:51:03.038781,108,0,0,0,0,0
2026-08-13T03:51:03.038781,108,0,0,0,0,0
2026-08-13T03:51:03.038781,107,0,0,0,0,0
2026-08-13T03:51:03.039780,108,0,0,0,0,0
2026-08-13T03:51:03.039780,106,0,0,0,0,0
2026-08-13T03:51:03.040778,107,0,0,0,0,0
2026-08-13T03:51:03.041777,106,0,0,0,0,0
2026-08-13T03:51:03.041777,105,0,0,0,0,0
2026-08-13T03:51:03.042776,105,0,0,0,0,0
2026-08-13T03:51:03.042776,104,0,0,0,0,0
2026-08-13T03:51:03.045293,104,0,0,0,0,0
2026-08-13T03:51:03.046301,103,0,0,0,0,0
2026-08-13T03:51:03.046301,104,0,0,0,0,0
2026-08-13T03:51:03.050304,104,0,0,0,0,0
2026-08-13T03:51:03.050304,105,0,0,0,0,0
2026-08-13T03:51:03.051303,107,0,0,0,0,0
2026-08-13T03:51:03.051303,107,0,0,0,0,0
2026-08-13T03:51:03.053826,109,0,0,0,0,0
2026-08-13T03:51:03.054841,109,0,0,0,0,0
2026-08-13T03:51:03.054841,108,0,0,0,0,0
2026-08-13T03:51:03.058382,108,0,0,0,0,0
2026-08-13T03:51:03.058382,107,0,0,0,0,0
2026-08-13T03:51:03.059382,107,0,0,0,0,0
2026-08-13T03:51:03.062377,106,0,0,0,0,0
2026-08-13T03:51:03.062377,105,0,0,0,0,0
2026-08-13T03:51:03.063883,106,0,0,0,0,0
2026-08-13T03:51:03.065890,104,0,0,0,0,0
2026-08-13T03:51:03.065890,103,0,0,0,0,0
2026-08-13T03:51:03.066897,103,0,0,0,0,0
2026-08-13T03:51:03.066897,104,0,0,0,0,0
2026-08-13T03:51:03.070183,103,0,0,0,0,0
2026-08-13T03:51:03.071171,104,0,0,0,0,0
2026-08-13T03:51:03.071171,106,0,0,0,0,0
2026-08-13T03:51:03.072173,105,0,0,0,0,0
2026-08-13T03:51:03.074718,107,0,0,0,0,0
2026-08-13T03:51:03.074718,106,0,0,0,0,0
2026-08-13T03:51:03.074718,105,0,0,0,0,0
2026-08-13T03:51:03.078740,104,0,0,0,0,0
2026-08-13T03:51:03.078740,105,0,0,0,0,0
2026-08-13T03:51:03.079726,105,0,0,0,0,0
2026-08-13T03:51:03.079726,103,0,0,0,0,0
2026-08-13T03:51:03.082739,103,0,0,0,0,0
2026-08-13T03:51:03.082739,102,0,0,0,0,0
2026-08-13T03:51:03.083729,102,0,0,0,0,0
2026-08-13T03:51:03.086997,102,0,0,0,0,0
2026-08-13T03:51:03.086997,101,0,0,0,0,0
2026-08-13T03:51:03.086997,102,0,0,0,0,0
2026-08-13T03:51:03.088013,101,0,0,0,0,0
2026-08-13T03:51:03.091013,103,0,0,0,0,0
2026-08-13T03:51:03.091013,105,0,0,0,0,0
2026-08-13T03:51:03.091013,106,0,0,0,0,0
2026-08-13T03:51:03.094556,106,0,0,0,0,0
2026-08-13T03:51:03.095570,106,0,0,0,0,0
2026-08-13T03:51:03.095570,106,0,0,0,0,0
2026-08-13T03:51:03.098563,105,0,0,0,0,0
2026-08-13T03:51:03.099563,105,0,0,0,0,0
2026-08-13T03:51:03.099563,105,0,0,0,0,0
2026-08-13T03:51:03.099563,103,0,0,0,0,0
2026-08-13T03:51:03.102563,103,0,0,0,0,0
2026-08-13T03:51:03.102563,103,0,0,0,0,0
2026-08-13T03:51:03.102563,102,0,0,0,0,0
2026-08-13T03:51:03.107375,101,0,0,0,0,0
2026-08-13T03:51:03.107375,101,0,0,0,0,0
2026-08-13T03:51:03.108391,102,0,0,0,0,0
2026-08-13T03:51:03.108391,102,0,0,0,0,0
2026-08-13T03:51:03.111710,104,0,0,0,0,0
2026-08-13T03:51:03.111710,106,0,0,0,0,0
2026-08-13T03:51:03.111710,105,0,0,0,0,0
2026-08-13T03:51:03.115944,106,0,0,0,0,0
2026-08-13T03:51:03.115944,106,0,0,0,0,0
2026-08-13T03:51:03.115944,105,0,0,0,0,0
2026-08-13T03:51:03.116958,104,0,0,0,0,0
2026-08-13T03:51:03.119961,105,0,0,0,0,0
2026-08-13T03:51:03.119961,105,0,0,0,0,0
2026-08-13T03:51:03.120947,104,0,0,0,0,0
2026-08-13T03:51:03.123949,103,0,0,0,0,0
2026-08-13T03:51:03.125042,103,0,0,0,0,0
2026-08-13T03:51:03.126046,103,0,0,0,0,0
2026-08-13T03:51:03.127092,102,0,0,0,0,0
2026-08-13T03:51:03.128061,103,0,0,0,0,0
2026-08-13T03:51:03.129059,102,0,0,0,0,0
2026-08-13T03:51:03.129059,102,0,0,0,0,0
2026-08-13T03:51:03.132057,104,0,0,0,0,0
2026-08-13T03:51:03.132057,106,0,0,0,0,0
2026-08-13T03:51:03.133069,106,0,0,0,0,0
2026-08-13T03:51:03.135604,106,0,0,0,0,0
2026-08-13T03:51:03.136601,106,0,0,0,0,0
2026-08-13T03:51:03.136601,105,0,0,0,0,0
2026-08-13T03:51:03.137588,105,0,0,0,0,0
2026-08-13T03:51:03.139605,106,0,0,0,0,0
2026-08-13T03:51:03.140588,105,0,0,0,0,0
2026-08-13T03:51:03.140588,103,0,0,0,0,0
2026-08-13T03:51:03.144415,104,0,0,0,0,0
2026-08-13T03:51:03.144415,104,0,0,0,0,0
2026-08-13T03:51:03.145430,102,0,0,0,0,0
2026-08-13T03:51:03.145430,102,0,0,0,0,0
2026-08-13T03:51:03.148480,103,0,0,0,0,0
2026-08-13T03:51:03.148480,103,0,0,0,0,0
2026-08-13T03:51:03.149478,104,0,0,0,0,0
2026-08-13T03:51:03.152503,106,0,0,0,0,0
2026-08-13T03:51:03.152503,106,0,0,0,0,0
2026-08-13T03:51:03.152503,107,0,0,0,0,0
2026-08-13T03:51:03.154019,107,0,0,0,0,0
2026-08-13T03:51:03.156033,107,0,0,0,0,0
2026-08-13T03:51:03.156033,106,0,0,0,0,0
2026-08-13T03:51:03.157543,107,0,0,0,0,0
2026-08-13T03:51:03.160567,107,0,0,0,0,0
2026-08-13T03:51:03.160567,105,0,0,0,0,0
2026-08-13T03:51:03.161558,106,0,0,0,0,0
2026-08-13T03:51:03.164667,104,0,0,0,0,0
2026-08-13T03:51:03.164667,104,0,0,0,0,0
2026-08-13T03:51:03.165682,103,0,0,0,0,0
2026-08-13T03:51:03.166681,104,0,0,0,0,0
2026-08-13T03:51:03.168989,104,0,0,0,0,0
2026-08-13T03:51:03.168989,103,0,0,0,0,0
2026-08-13T03:51:03.170005,105,0,0,0,0,0
2026-08-13T03:51:03.172172,107,0,0,0,0,0
2026-08-13T03:51:03.173691,108,0,0,0,0,0
2026-08-13T03:51:03.173691,108,0,0,0,0,0
2026-08-13T03:51:03.174712,108,0,0,0,0,0
2026-08-13T03:51:03.176708,108,0,0,0,0,0
2026-08-13T03:51:03.177706,107,0,0,0,0,0
2026-08-13T03:51:03.178704,107,0,0,0,0,0
2026-08-13T03:51:03.180722,107,0,0,0,0,0
2026-08-13T03:51:03.181705,105,0,0,0,0,0
2026-08-13T03:51:03.182707,104,0,0,0,0,0
2026-08-13T03:51:03.182707,103,0,0,0,0,0
2026-08-13T03:51:03.185226,104,0,0,0,0,0
2026-08-13T03:51:03.185226,103,0,0,0,0,0
2026-08-13T03:51:03.186238,103,0,0,0,0,0
2026-08-13T03:51:03.189248,103,0,0,0,0,0
2026-08-13T03:51:03.189248,103,0,0,0,0,0
2026-08-13T03:51:03.190239,105,0,0,0,0,0
2026-08-13T03:51:03.191237,107,0,0,0,0,0
2026-08-13T03:51:03.192236,106,0,0,0,0,0
2026-08-13T03:51:03.193743,108,0,0,0,0,0
2026-08-13T03:51:03.194759,108,0,0,0,0,0
2026-08-13T03:51:03.197663,108,0,0,0,0,0
2026-08-13T03:51:03.197663,106,0,0,0,0,0
2026-08-13T03:51:03.198681,105,0,0,0,0,0
2026-08-13T03:51:03.201451,105,0,0,0,0,0
2026-08-13T03:51:03.202481,104,0,0,0,0,0
2026-08-13T03:51:03.202481,105,0,0,0,0,0
2026-08-13T03:51:03.202481,103,0,0,0,0,0
2026-08-13T03:51:03.205029,103,0,0,0,0,0
2026-08-13T03:51:03.206030,103,0,0,0,0,0
2026-08-13T03:51:03.207029,104,0,0,0,0,0
2026-08-13T03:51:03.210031,104,0,0,0,0,0
2026-08-13T03:51:03.210031,104,0,0,0,0,0
2026-08-13T03:51:03.211032,107,0,0,0,0,0
2026-08-13T03:51:03.211032,107,0,0,0,0,0
2026-08-13T03:51:03.214031,108,0,0,0,0,0
2026-08-13T03:51:03.214538,109,0,0,0,0,0
2026-08-13T03:51:03.214538,108,0,0,0,0,0
2026-08-13T03:51:03.217555,108,0,0,0,0,0
2026-08-13T03:51:03.218554,105,0,0,0,0,0
2026-08-13T03:51:03.218554,107,0,0,0,0,0
2026-08-13T03:51:03.219556,106,0,0,0,0,0
2026-08-13T03:51:03.221555,106,0,0,0,0,0
2026-08-13T03:51:03.222554,106,0,0,0,0,0
2026-08-13T03:51:03.222554,104,0,0,0,0,0
2026-08-13T03:51:03.226115,104,0,0,0,0,0
2026-08-13T03:51:03.226115,102,0,0,0,0,0
2026-08-13T03:51:03.227086,104,0,0,0,0,0
2026-08-13T03:51:03.230415,103,0,0,0,0,0
2026-08-13T03:51:03.230415,104,0,0,0,0,0
2026-08-13T03:51:03.231432,107,0,0,0,0,0
2026-08-13T03:51:03.231432,107,0,0,0,0,0
2026-08-13T03:51:03.234530,107,0,0,0,0,0
2026-08-13T03:51:03.234530,107,0,0,0,0,0
2026-08-13T03:51:03.235538,107,0,0,0,0,0
2026-08-13T03:51:03.238550,107,0,0,0,0,0
2026-08-13T03:51:03.238550,106,0,0,0,0,0
2026-08-13T03:51:03.239537,108,0,0,0,0,0
2026-08-13T03:51:03.239537,106,0,0,0,0,0
2026-08-13T03:51:03.242551,105,0,0,0,0,0
2026-08-13T03:51:03.242551,105,0,0,0,0,0
2026-08-13T03:51:03.242551,104,0,0,0,0,0
2026-08-13T03:51:03.246084,103,0,0,0,0,0
2026-08-13T03:51:03.247068,103,0,0,0,0,0
2026-08-13T03:51:03.247068,103,0,0,0,0,0
2026-08-13T03:51:03.248068,103,0,0,0,0,0
2026-08-13T03:51:03.250546,105,0,0,0,0,0
2026-08-13T03:51:03.251541,107,0,0,0,0,0
2026-08-13T03:51:03.251541,107,0,0,0,0,0
2026-08-13T03:51:03.254488,108,0,0,0,0,0
2026-08-13T03:51:03.255484,108,0,0,0,0,0
2026-08-13T03:51:03.255484,108,0,0,0,0,0
2026-08-13T03:51:03.256481,106,0,0,0,0,0
2026-08-13T03:51:03.258583,106,0,0,0,0,0
2026-08-13T03:51:03.259583,106,0,0,0,0,0
2026-08-13T03:51:03.259583,105,0,0,0,0,0
2026-08-13T03:51:03.262597,105,0,0,0,0,0
2026-08-13T03:51:03.262597,103,0,0,0,0,0
2026-08-13T03:51:03.264104,103,0,0,0,0,0
2026-08-13T03:51:03.266590,103,0,0,0,0,0
2026-08-13T03:51:03.267573,103,0,0,0,0,0
2026-08-13T03:51:03.267573,103,0,0,0,0,0
2026-08-13T03:51:03.267573,103,0,0,0,0,0
2026-08-13T03:51:03.271238,105,0,0,0,0,0
2026-08-13T03:51:03.271238,106,0,0,0,0,0
2026-08-13T03:51:03.271238,107,0,0,0,0,0
2026-08-13T03:51:03.274736,107,0,0,0,0,0
2026-08-13T03:51:03.275732,108,0,0,0,0,0
2026-08-13T03:51:03.275732,107,0,0,0,0,0
2026-08-13T03:51:03.276737,107,0,0,0,0,0
2026-08-13T03:51:03.278752,105,0,0,0,0,0
2026-08-13T03:51:03.279738,106,0,0,0,0,0
2026-08-13T03:51:03.279738,104,0,0,0,0,0
2026-08-13T03:51:03.282740,103,0,0,0,0,0
2026-08-13T03:51:03.283738,103,0,0,0,0,0
2026-08-13T03:51:03.283738,104,0,0,0,0,0
2026-08-13T03:51:03.284852,103,0,0,0,0,0
2026-08-13T03:51:03.287854,103,0,0,0,0,0
2026-08-13T03:51:03.287854,103,0,0,0,0,0
2026-08-13T03:51:03.287854,103,0,0,0,0,0
2026-08-13T03:51:03.291875,106,0,0,0,0,0
2026-08-13T03:51:03.291875,107,0,0,0,0,0
2026-08-13T03:51:03.292852,108,0,0,0,0,0
2026-08-13T03:51:03.295417,108,0,0,0,0,0
2026-08-13T03:51:03.296400,107,0,0,0,0,0
2026-08-13T03:51:03.296400,107,0,0,0,0,0
2026-08-13T03:51:03.296400,106,0,0,0,0,0
2026-08-13T03:51:03.299601,106,0,0,0,0,0
2026-08-13T03:51:03.299601,105,0,0,0,0,0
2026-08-13T03:51:03.300606,105,0,0,0,0,0
2026-08-13T03:51:03.304110,105,0,0,0,0,0
2026-08-13T03:51:03.304110,104,0,0,0,0,0
2026-08-13T03:51:03.304110,104,0,0,0,0,0
2026-08-13T03:51:03.305116,103,0,0,0,0,0
2026-08-13T03:51:03.308120,104,0,0,0,0,0
2026-08-13T03:51:03.308120,104,0,0,0,0,0
2026-08-13T03:51:03.308120,103,0,0,0,0,0
2026-08-13T03:51:03.312114,106,0,0,0,0,0
2026-08-13T03:51:03.312114,107,0,0,0,0,0
2026-08-13T03:51:03.312114,107,0,0,0,0,0
2026-08-13T03:51:03.312114,107,0,0,0,0,0
2026-08-13T03:51:03.315624,108,0,0,0,0,0
2026-08-13T03:51:03.316628,107,0,0,0,0,0
2026-08-13T03:51:03.316628,106,0,0,0,0,0
2026-08-13T03:51:03.319628,107,0,0,0,0,0
2026-08-13T03:51:03.320628,106,0,0,0,0,0
2026-08-13T03:51:03.320628,105,0,0,0,0,0
2026-08-13T03:51:03.320628,105,0,0,0,0,0
2026-08-13T03:51:03.324131,104,0,0,0,0,0
2026-08-13T03:51:03.325137,103,0,0,0,0,0
2026-08-13T03:51:03.325137,103,0,0,0,0,0
2026-08-13T03:51:03.328138,104,0,0,0,0,0
2026-08-13T03:51:03.329138,103,0,0,0,0,0
2026-08-13T03:51:03.329138,104,0,0,0,0,0
2026-08-13T03:51:03.332153,106,0,0,0,0,0
2026-08-13T03:51:03.332153,107,0,0,0,0,0
2026-08-13T03:51:03.332153,108,0,0,0,0,0
2026-08-13T03:51:03.333662,107,0,0,0,0,0
2026-08-13T03:51:03.336683,108,0,0,0,0,0
2026-08-13T03:51:03.336683,107,0,0,0,0,0
2026-08-13T03:51:03.337669,106,0,0,0,0,0
2026-08-13T03:51:03.340667,107,0,0,0,0,0
2026-08-13T03:51:03.340667,105,0,0,0,0,0
2026-08-13T03:51:03.340667,104,0,0,0,0,0
2026-08-13T03:51:03.341667,104,0,0,0,0,0
2026-08-13T03:51:03.344929,103,0,0,0,0,0
2026-08-13T03:51:03.344929,103,0,0,0,0,0
2026-08-13T03:51:03.345929,102,0,0,0,0,0
2026-08-13T03:51:03.348983,103,0,0,0,0,0
2026-08-13T03:51:03.348983,103,0,0,0,0,0
2026-08-13T03:51:03.349984,105,0,0,0,0,0
2026-08-13T03:51:03.349984,107,0,0,0,0,0
2026-08-13T03:51:03.352982,107,0,0,0,0,0
2026-08-13T03:51:03.352982,108,0,0,0,0,0
2026-08-13T03:51:03.353982,108,0,0,0,0,0
2026-08-13T03:51:03.356490,108,0,0,0,0,0
2026-08-13T03:51:03.357995,106,0,0,0,0,0
2026-08-13T03:51:03.357995,106,0,0,0,0,0
2026-08-13T03:51:03.357995,107,0,0,0,0,0
2026-08-13T03:51:03.361029,105,0,0,0,0,0
2026-08-13T03:51:03.361029,105,0,0,0,0,0
2026-08-13T03:51:03.362004,104,0,0,0,0,0
2026-08-13T03:51:03.364725,104,0,0,0,0,0
2026-08-13T03:51:03.365713,103,0,0,0,0,0
2026-08-13T03:51:03.365713,103,0,0,0,0,0
2026-08-13T03:51:03.369723,104,0,0,0,0,0
2026-08-13T03:51:03.369723,104,0,0,0,0,0
2026-08-13T03:51:03.369723,106,0,0,0,0,0
2026-08-13T03:51:03.370728,106,0,0,0,0,0
2026-08-13T03:51:03.373714,107,0,0,0,0,0
2026-08-13T03:51:03.374222,107,0,0,0,0,0
2026-08-13T03:51:03.374222,108,0,0,0,0,0
2026-08-13T03:51:03.377343,107,0,0,0,0,0
2026-08-13T03:51:03.378349,106,0,0,0,0,0
2026-08-13T03:51:03.378349,107,0,0,0,0,0
2026-08-13T03:51:03.379349,106,0,0,0,0,0
2026-08-13T03:51:03.381360,105,0,0,0,0,0
2026-08-13T03:51:03.382343,105,0,0,0,0,0
2026-08-13T03:51:03.382343,104,0,0,0,0,0
2026-08-13T03:51:03.385868,104,0,0,0,0,0
2026-08-13T03:51:03.385868,103,0,0,0,0,0
2026-08-13T03:51:03.385868,104,0,0,0,0,0
2026-08-13T03:51:03.386851,103,0,0,0,0,0
2026-08-13T03:51:03.389851,104,0,0,0,0,0
2026-08-13T03:51:03.389851,106,0,0,0,0,0
2026-08-13T03:51:03.390851,107,0,0,0,0,0
2026-08-13T03:51:03.393920,107,0,0,0,0,0
2026-08-13T03:51:03.393920,107,0,0,0,0,0
2026-08-13T03:51:03.394931,107,0,0,0,0,0
2026-08-13T03:51:03.397959,106,0,0,0,0,0
2026-08-13T03:51:03.397959,106,0,0,0,0,0
2026-08-13T03:51:03.398953,106,0,0,0,0,0
2026-08-13T03:51:03.398953,106,0,0,0,0,0
2026-08-13T03:51:03.401955,105,0,0,0,0,0
2026-08-13T03:51:03.402951,105,0,0,0,0,0
2026-08-13T03:51:03.402951,104,0,0,0,0,0
2026-08-13T03:51:03.406365,103,0,0,0,0,0
2026-08-13T03:51:03.406365,102,0,0,0,0,0
2026-08-13T03:51:03.407348,103,0,0,0,0,0
2026-08-13T03:51:03.407348,104,0,0,0,0,0
2026-08-13T03:51:03.410362,104,0,0,0,0,0
2026-08-13T03:51:03.410362,106,0,0,0,0,0
2026-08-13T03:51:03.411346,106,0,0,0,0,0
2026-08-13T03:51:03.414898,107,0,0,0,0,0
2026-08-13T03:51:03.414898,107,0,0,0,0,0
2026-08-13T03:51:03.415887,108,0,0,0,0,0
2026-08-13T03:51:03.415887,106,0,0,0,0,0
2026-08-13T03:51:03.418855,106,0,0,0,0,0
2026-08-13T03:51:03.419429,107,0,0,0,0,0
2026-08-13T03:51:03.419429,106,0,0,0,0,0
2026-08-13T03:51:03.422520,105,0,0,0,0,0
2026-08-13T03:51:03.422520,105,0,0,0,0,0
2026-08-13T03:51:03.424039,104,0,0,0,0,0
2026-08-13T03:51:03.425057,103,0,0,0,0,0
2026-08-13T03:51:03.427066,103,0,0,0,0,0
2026-08-13T03:51:03.427066,104,0,0,0,0,0
2026-08-13T03:51:03.428065,104,0,0,0,0,0
2026-08-13T03:51:03.431078,105,0,0,0,0,0
2026-08-13T03:51:03.431078,107,0,0,0,0,0
2026-08-13T03:51:03.432070,108,0,0,0,0,0
2026-08-13T03:51:03.434622,109,0,0,0,0,0
2026-08-13T03:51:03.435624,108,0,0,0,0,0
2026-08-13T03:51:03.435624,108,0,0,0,0,0
2026-08-13T03:51:03.436642,107,0,0,0,0,0
2026-08-13T03:51:03.438636,107,0,0,0,0,0
2026-08-13T03:51:03.439635,108,0,0,0,0,0
2026-08-13T03:51:03.439635,106,0,0,0,0,0
2026-08-13T03:51:03.442638,105,0,0,0,0,0
2026-08-13T03:51:03.443631,105,0,0,0,0,0
2026-08-13T03:51:03.443631,104,0,0,0,0,0
2026-08-13T03:51:03.444676,104,0,0,0,0,0
2026-08-13T03:51:03.446692,103,0,0,0,0,0
2026-08-13T03:51:03.447675,103,0,0,0,0,0
2026-08-13T03:51:03.448678,104,0,0,0,0,0
2026-08-13T03:51:03.451135,106,0,0,0,0,0
2026-08-13T03:51:03.452129,108,0,0,0,0,0
2026-08-13T03:51:03.452129,108,0,0,0,0,0
2026-08-13T03:51:03.452129,108,0,0,0,0,0
2026-08-13T03:51:03.455686,108,0,0,0,0,0
2026-08-13T03:51:03.455686,109,0,0,0,0,0
2026-08-13T03:51:03.456659,107,0,0,0,0,0
2026-08-13T03:51:03.459172,107,0,0,0,0,0
2026-08-13T03:51:03.460174,107,0,0,0,0,0
2026-08-13T03:51:03.460174,105,0,0,0,0,0
2026-08-13T03:51:03.463708,106,0,0,0,0,0
2026-08-13T03:51:03.463708,106,0,0,0,0,0
2026-08-13T03:51:03.464729,105,0,0,0,0,0
2026-08-13T03:51:03.464729,104,0,0,0,0,0
2026-08-13T03:51:03.467751,104,0,0,0,0,0
2026-08-13T03:51:03.467751,104,0,0,0,0,0
2026-08-13T03:51:03.467751,104,0,0,0,0,0
2026-08-13T03:51:03.471735,106,0,0,0,0,0
2026-08-13T03:51:03.471735,107,0,0,0,0,0
2026-08-13T03:51:03.472740,107,0,0,0,0,0
2026-08-13T03:51:03.472740,108,0,0,0,0,0
2026-08-13T03:51:03.475524,108,0,0,0,0,0
2026-08-13T03:51:03.475524,107,0,0,0,0,0
2026-08-13T03:51:03.476904,107,0,0,0,0,0
2026-08-13T03:51:03.479926,107,0,0,0,0,0
2026-08-13T03:51:03.480918,106,0,0,0,0,0
2026-08-13T03:51:03.480918,106,0,0,0,0,0
2026-08-13T03:51:03.480918,105,0,0,0,0,0
2026-08-13T03:51:03.483756,105,0,0,0,0,0
2026-08-13T03:51:03.484783,104,0,0,0,0,0
2026-08-13T03:51:03.484783,103,0,0,0,0,0
2026-08-13T03:51:03.487793,104,0,0,0,0,0
2026-08-13T03:51:03.488781,103,0,0,0,0,0
2026-08-13T03:51:03.489784,103,0,0,0,0,0
2026-08-13T03:51:03.489784,106,0,0,0,0,0
2026-08-13T03:51:03.491804,107,0,0,0,0,0
2026-08-13T03:51:03.492779,107,0,0,0,0,0
2026-08-13T03:51:03.492779,107,0,0,0,0,0
2026-08-13T03:51:03.495918,107,0,0,0,0,0
2026-08-13T03:51:03.496927,106,0,0,0,0,0
2026-08-13T03:51:03.496927,105,0,0,0,0,0
2026-08-13T03:51:03.500067,106,0,0,0,0,0
2026-08-13T03:51:03.501278,106,0,0,0,0,0
2026-08-13T03:51:03.501785,104,0,0,0,0,0
2026-08-13T03:51:03.501785,104,0,0,0,0,0
2026-08-13T03:51:03.504863,104,0,0,0,0,0
2026-08-13T03:51:03.504863,103,0,0,0,0,0
2026-08-13T03:51:03.504863,102,0,0,0,0,0
2026-08-13T03:51:03.508902,104,0,0,0,0,0
2026-08-13T03:51:03.508902,103,0,0,0,0,0
2026-08-13T03:51:03.509911,105,0,0,0,0,0
2026-08-13T03:51:03.509911,107,0,0,0,0,0
2026-08-13T03:51:03.512416,108,0,0,0,0,0
2026-08-13T03:51:03.512416,109,0,0,0,0,0
2026-08-13T03:51:03.512416,108,0,0,0,0,0
2026-08-13T03:51:03.516992,108,0,0,0,0,0
2026-08-13T03:51:03.516992,108,0,0,0,0,0
2026-08-13T03:51:03.516992,107,0,0,0,0,0
2026-08-13T03:51:03.517976,107,0,0,0,0,0
2026-08-13T03:51:03.521242,106,0,0,0,0,0
2026-08-13T03:51:03.521242,106,0,0,0,0,0
2026-08-13T03:51:03.521242,105,0,0,0,0,0
2026-08-13T03:51:03.524866,103,0,0,0,0,0
2026-08-13T03:51:03.525864,103,0,0,0,0,0
2026-08-13T03:51:03.525864,104,0,0,0,0,0
2026-08-13T03:51:03.528873,103,0,0,0,0,0
2026-08-13T03:51:03.529873,103,0,0,0,0,0
2026-08-13T03:51:03.529873,104,0,0,0,0,0
2026-08-13T03:51:03.530871,106,0,0,0,0,0
2026-08-13T03:51:03.532885,106,0,0,0,0,0
2026-08-13T03:51:03.533872,107,0,0,0,0,0
2026-08-13T03:51:03.533872,107,0,0,0,0,0
2026-08-13T03:51:03.537392,107,0,0,0,0,0
2026-08-13T03:51:03.538379,106,0,0,0,0,0
2026-08-13T03:51:03.538379,106,0,0,0,0,0
2026-08-13T03:51:03.539379,107,0,0,0,0,0
2026-08-13T03:51:03.541385,106,0,0,0,0,0
2026-08-13T03:51:03.542394,106,0,0,0,0,0
2026-08-13T03:51:03.542394,106,0,0,0,0,0
2026-08-13T03:51:03.544916,107,0,0,0,0,0
2026-08-13T03:51:03.545916,106,0,0,0,0,0
2026-08-13T03:51:03.545916,106,0,0,0,0,0
2026-08-13T03:51:03.547275,107,0,0,0,0,0
2026-08-13T03:51:03.549853,107,0,0,0,0,0
2026-08-13T03:51:03.549853,110,0,0,0,0,0
2026-08-13T03:51:03.550837,111,0,0,0,0,0
2026-08-13T03:51:03.553912,111,0,0,0,0,0
2026-08-13T03:51:03.553912,113,0,0,0,0,0
2026-08-13T03:51:03.553912,114,0,0,0,0,0
2026-08-13T03:51:03.554924,114,0,0,0,0,0
2026-08-13T03:51:03.557735,114,0,0,0,0,0
2026-08-13T03:51:03.557735,114,0,0,0,0,0
2026-08-13T03:51:03.558792,114,0,0,0,0,0
2026-08-13T03:51:03.561791,113,0,0,0,0,0
2026-08-13T03:51:03.561791,114,0,0,0,0,0
2026-08-13T03:51:03.562794,113,0,0,0,0,0
2026-08-13T03:51:03.565912,112,0,0,0,0,0
2026-08-13T03:51:03.565912,112,0,0,0,0,0
2026-08-13T03:51:03.566915,111,0,0,0,0,0
2026-08-13T03:51:03.566915,112,0,0,0,0,0
2026-08-13T03:51:03.569927,111,0,0,0,0,0
2026-08-13T03:51:03.569927,114,0,0,0,0,0
2026-08-13T03:51:03.570916,115,0,0,0,0,0
2026-08-13T03:51:03.573927,117,0,0,0,0,0
2026-08-13T03:51:03.574944,118,0,0,0,0,0
2026-08-13T03:51:03.574944,118,0,0,0,0,0
2026-08-13T03:51:03.575944,117,0,0,0,0,0
2026-08-13T03:51:03.577956,116,0,0,0,0,0
2026-08-13T03:51:03.578942,117,0,0,0,0,0
2026-08-13T03:51:03.578942,116,0,0,0,0,0
2026-08-13T03:51:03.581957,116,0,0,0,0,0
2026-08-13T03:51:03.582942,115,0,0,0,0,0
2026-08-13T03:51:03.582942,114,0,0,0,0,0
2026-08-13T03:51:03.583956,114,0,0,0,0,0
2026-08-13T03:51:03.586057,113,0,0,0,0,0
2026-08-13T03:51:03.587056,113,0,0,0,0,0
2026-08-13T03:51:03.588057,113,0,0,0,0,0
2026-08-13T03:51:03.589959,113,0,0,0,0,0
2026-08-13T03:51:03.590976,116,0,0,0,0,0
2026-08-13T03:51:03.591979,116,0,0,0,0,0
2026-08-13T03:51:03.592979,117,0,0,0,0,0
2026-08-13T03:51:03.595004,117,0,0,0,0,0
2026-08-13T03:51:03.595004,117,0,0,0,0,0
2026-08-13T03:51:03.596019,116,0,0,0,0,0
2026-08-13T03:51:03.599065,116,0,0,0,0,0
2026-08-13T03:51:03.599065,116,0,0,0,0,0
2026-08-13T03:51:03.599065,114,0,0,0,0,0
2026-08-13T03:51:03.602531,114,0,0,0,0,0
2026-08-13T03:51:03.602531,114,0,0,0,0,0
2026-08-13T03:51:03.604038,113,0,0,0,0,0
2026-08-13T03:51:03.604038,112,0,0,0,0,0
2026-08-13T03:51:03.607140,111,0,0,0,0,0
2026-08-13T03:51:03.608048,112,0,0,0,0,0
2026-08-13T03:51:03.608048,111,0,0,0,0,0
2026-08-13T03:51:03.611494,113,0,0,0,0,0
2026-08-13T03:51:03.611494,114,0,0,0,0,0
2026-08-13T03:51:03.611494,115,0,0,0,0,0
2026-08-13T03:51:03.611494,116,0,0,0,0,0
2026-08-13T03:51:03.615454,114,0,0,0,0,0
2026-08-13T03:51:03.615454,114,0,0,0,0,0
2026-08-13T03:51:03.615454,113,0,0,0,0,0
2026-08-13T03:51:03.619474,113,0,0,0,0,0
2026-08-13T03:51:03.619474,113,0,0,0,0,0
2026-08-13T03:51:03.619474,111,0,0,0,0,0
2026-08-13T03:51:03.620490,111,0,0,0,0,0
2026-08-13T03:51:03.622459,110,0,0,0,0,0
2026-08-13T03:51:03.623965,110,0,0,0,0,0
2026-08-13T03:51:03.623965,110,0,0,0,0,0
2026-08-13T03:51:03.626975,109,0,0,0,0,0
2026-08-13T03:51:03.627977,110,0,0,0,0,0
2026-08-13T03:51:03.627977,109,0,0,0,0,0
2026-08-13T03:51:03.630980,110,0,0,0,0,0
2026-08-13T03:51:03.631974,112,0,0,0,0,0
2026-08-13T03:51:03.632974,112,0,0,0,0,0
2026-08-13T03:51:03.632974,113,0,0,0,0,0
2026-08-13T03:51:03.635490,113,0,0,0,0,0
2026-08-13T03:51:03.635490,112,0,0,0,0,0
2026-08-13T03:51:03.636496,111,0,0,0,0,0
2026-08-13T03:51:03.639498,111,0,0,0,0,0
2026-08-13T03:51:03.640498,111,0,0,0,0,0
2026-08-13T03:51:03.640498,109,0,0,0,0,0
2026-08-13T03:51:03.641498,111,0,0,0,0,0
2026-08-13T03:51:03.644004,109,0,0,0,0,0
2026-08-13T03:51:03.644004,109,0,0,0,0,0
2026-08-13T03:51:03.645021,108,0,0,0,0,0
2026-08-13T03:51:03.648322,108,0,0,0,0,0
2026-08-13T03:51:03.648322,109,0,0,0,0,0
2026-08-13T03:51:03.648322,108,0,0,0,0,0
2026-08-13T03:51:03.649396,110,0,0,0,0,0
2026-08-13T03:51:03.652317,111,0,0,0,0,0
2026-08-13T03:51:03.652317,111,0,0,0,0,0
2026-08-13T03:51:03.652317,113,0,0,0,0,0
2026-08-13T03:51:03.655852,112,0,0,0,0,0
2026-08-13T03:51:03.657837,111,0,0,0,0,0
2026-08-13T03:51:03.658346,111,0,0,0,0,0
2026-08-13T03:51:03.658346,111,0,0,0,0,0
2026-08-13T03:51:03.660515,110,0,0,0,0,0
2026-08-13T03:51:03.660515,109,0,0,0,0,0
2026-08-13T03:51:03.660515,110,0,0,0,0,0
2026-08-13T03:51:03.664070,108,0,0,0,0,0
2026-08-13T03:51:03.665085,108,0,0,0,0,0
2026-08-13T03:51:03.665085,107,0,0,0,0,0
2026-08-13T03:51:03.668098,108,0,0,0,0,0
2026-08-13T03:51:03.669084,108,0,0,0,0,0
2026-08-13T03:51:03.669084,108,0,0,0,0,0
2026-08-13T03:51:03.669084,109,0,0,0,0,0
2026-08-13T03:51:03.672400,110,0,0,0,0,0
2026-08-13T03:51:03.672400,112,0,0,0,0,0
2026-08-13T03:51:03.673908,112,0,0,0,0,0
2026-08-13T03:51:03.676917,111,0,0,0,0,0
2026-08-13T03:51:03.676917,111,0,0,0,0,0
2026-08-13T03:51:03.677921,110,0,0,0,0,0
2026-08-13T03:51:03.677921,110,0,0,0,0,0
2026-08-13T03:51:03.680932,110,0,0,0,0,0
2026-08-13T03:51:03.680932,109,0,0,0,0,0
2026-08-13T03:51:03.680932,109,0,0,0,0,0
2026-08-13T03:51:03.683918,107,0,0,0,0,0
2026-08-13T03:51:03.685157,108,0,0,0,0,0
2026-08-13T03:51:03.685157,107,0,0,0,0,0
2026-08-13T03:51:03.685157,107,0,0,0,0,0
2026-08-13T03:51:03.689166,107,0,0,0,0,0
2026-08-13T03:51:03.689166,108,0,0,0,0,0
2026-08-13T03:51:03.689166,111,0,0,0,0,0
2026-08-13T03:51:03.693374,111,0,0,0,0,0
2026-08-13T03:51:03.693374,112,0,0,0,0,0
2026-08-13T03:51:03.693886,113,0,0,0,0,0
2026-08-13T03:51:03.697301,111,0,0,0,0,0
2026-08-13T03:51:03.697301,111,0,0,0,0,0
2026-08-13T03:51:03.697301,110,0,0,0,0,0
2026-08-13T03:51:03.698288,111,0,0,0,0,0
2026-08-13T03:51:03.701290,109,0,0,0,0,0
2026-08-13T03:51:03.701290,109,0,0,0,0,0
2026-08-13T03:51:03.702289,108,0,0,0,0,0
2026-08-13T03:51:03.704819,106,0,0,0,0,0
2026-08-13T03:51:03.705805,105,0,0,0,0,0
2026-08-13T03:51:03.705805,105,0,0,0,0,0
2026-08-13T03:51:03.706805,106,0,0,0,0,0
2026-08-13T03:51:03.708808,105,0,0,0,0,0
2026-08-13T03:51:03.709807,106,0,0,0,0,0
2026-08-13T03:51:03.710808,108,0,0,0,0,0
2026-08-13T03:51:03.713819,109,0,0,0,0,0
2026-08-13T03:51:03.714330,110,0,0,0,0,0
2026-08-13T03:51:03.714330,110,0,0,0,0,0
2026-08-13T03:51:03.714330,110,0,0,0,0,0
2026-08-13T03:51:03.717367,109,0,0,0,0,0
2026-08-13T03:51:03.718358,109,0,0,0,0,0
2026-08-13T03:51:03.718358,111,0,0,0,0,0
2026-08-13T03:51:03.721954,110,0,0,0,0,0
2026-08-13T03:51:03.721954,110,0,0,0,0,0
2026-08-13T03:51:03.722974,110,0,0,0,0,0
2026-08-13T03:51:03.722974,110,0,0,0,0,0
2026-08-13T03:51:03.725496,110,0,0,0,0,0
2026-08-13T03:51:03.726504,110,0,0,0,0,0
2026-08-13T03:51:03.726504,111,0,0,0,0,0
2026-08-13T03:51:03.730140,110,0,0,0,0,0
2026-08-13T03:51:03.730140,113,0,0,0,0,0
2026-08-13T03:51:03.731357,113,0,0,0,0,0
2026-08-13T03:51:03.733791,113,0,0,0,0,0
2026-08-13T03:51:03.734811,114,0,0,0,0,0
2026-08-13T03:51:03.734811,113,0,0,0,0,0
2026-08-13T03:51:03.735813,113,0,0,0,0,0
2026-08-13T03:51:03.737825,112,0,0,0,0,0
2026-08-13T03:51:03.738811,112,0,0,0,0,0
2026-08-13T03:51:03.738811,112,0,0,0,0,0
2026-08-13T03:51:03.741812,111,0,0,0,0,0
2026-08-13T03:51:03.742810,112,0,0,0,0,0
2026-08-13T03:51:03.742810,111,0,0,0,0,0
2026-08-13T03:51:03.743810,112,0,0,0,0,0
2026-08-13T03:51:03.746317,111,0,0,0,0,0
2026-08-13T03:51:03.747321,112,0,0,0,0,0
2026-08-13T03:51:03.747321,112,0,0,0,0,0
2026-08-13T03:51:03.749319,113,0,0,0,0,0
2026-08-13T03:51:03.751312,116,0,0,0,0,0
2026-08-13T03:51:03.751312,117,0,0,0,0,0
2026-08-13T03:51:03.752326,117,0,0,0,0,0
2026-08-13T03:51:03.753844,119,0,0,0,0,0
2026-08-13T03:51:03.755493,119,0,0,0,0,0
2026-08-13T03:51:03.755493,119,0,0,0,0,0
2026-08-13T03:51:03.758611,118,0,0,0,0,0
2026-08-13T03:51:03.758611,119,0,0,0,0,0
2026-08-13T03:51:03.759630,120,0,0,0,0,0
2026-08-13T03:51:03.762657,118,0,0,0,0,0
2026-08-13T03:51:03.762657,118,0,0,0,0,0
2026-08-13T03:51:03.763657,117,0,0,0,0,0
2026-08-13T03:51:03.764170,117,0,0,0,0,0
2026-08-13T03:51:03.766681,115,0,0,0,0,0
2026-08-13T03:51:03.767187,116,0,0,0,0,0
2026-08-13T03:51:03.767187,116,0,0,0,0,0
2026-08-13T03:51:03.771203,117,0,0,0,0,0
2026-08-13T03:51:03.771203,119,0,0,0,0,0
2026-08-13T03:51:03.771203,120,0,0,0,0,0
2026-08-13T03:51:03.771203,121,0,0,0,0,0
2026-08-13T03:51:03.774980,121,0,0,0,0,0
2026-08-13T03:51:03.774980,121,0,0,0,0,0
2026-08-13T03:51:03.774980,120,0,0,0,0,0
2026-08-13T03:51:03.778996,121,0,0,0,0,0
2026-08-13T03:51:03.778996,120,0,0,0,0,0
2026-08-13T03:51:03.780011,120,0,0,0,0,0
2026-08-13T03:51:03.780011,118,0,0,0,0,0
2026-08-13T03:51:03.782995,118,0,0,0,0,0
2026-08-13T03:51:03.782995,118,0,0,0,0,0
2026-08-13T03:51:03.783994,117,0,0,0,0,0
2026-08-13T03:51:03.787100,117,0,0,0,0,0
2026-08-13T03:51:03.788101,118,0,0,0,0,0
2026-08-13T03:51:03.788101,118,0,0,0,0,0
2026-08-13T03:51:03.789086,119,0,0,0,0,0
2026-08-13T03:51:03.791635,122,0,0,0,0,0
2026-08-13T03:51:03.791635,122,0,0,0,0,0
2026-08-13T03:51:03.792632,123,0,0,0,0,0
2026-08-13T03:51:03.795172,122,0,0,0,0,0
2026-08-13T03:51:03.796166,123,0,0,0,0,0
2026-08-13T03:51:03.796166,122,0,0,0,0,0
2026-08-13T03:51:03.799165,122,0,0,0,0,0
2026-08-13T03:51:03.800150,122,0,0,0,0,0
2026-08-13T03:51:03.800150,121,0,0,0,0,0
2026-08-13T03:51:03.801151,120,0,0,0,0,0
2026-08-13T03:51:03.803864,119,0,0,0,0,0
2026-08-13T03:51:03.803864,119,0,0,0,0,0
2026-08-13T03:51:03.804982,118,0,0,0,0,0
2026-08-13T03:51:03.807965,118,0,0,0,0,0
2026-08-13T03:51:03.807965,119,0,0,0,0,0
2026-08-13T03:51:03.808967,118,0,0,0,0,0
2026-08-13T03:51:03.808967,120,0,0,0,0,0
2026-08-13T03:51:03.811993,122,0,0,0,0,0
2026-08-13T03:51:03.811993,121,0,0,0,0,0
2026-08-13T03:51:03.812968,123,0,0,0,0,0
2026-08-13T03:51:03.816029,122,0,0,0,0,0
2026-08-13T03:51:03.816029,122,0,0,0,0,0
2026-08-13T03:51:03.817007,120,0,0,0,0,0
2026-08-13T03:51:03.817007,120,0,0,0,0,0
2026-08-13T03:51:03.820019,121,0,0,0,0,0
2026-08-13T03:51:03.821006,119,0,0,0,0,0
2026-08-13T03:51:03.821006,120,0,0,0,0,0
2026-08-13T03:51:03.824029,118,0,0,0,0,0
2026-08-13T03:51:03.825043,118,0,0,0,0,0
2026-08-13T03:51:03.826041,117,0,0,0,0,0
2026-08-13T03:51:03.828053,117,0,0,0,0,0
2026-08-13T03:51:03.829055,118,0,0,0,0,0
2026-08-13T03:51:03.830634,117,0,0,0,0,0
2026-08-13T03:51:03.830634,118,0,0,0,0,0
2026-08-13T03:51:03.832649,120,0,0,0,0,0
2026-08-13T03:51:03.832649,120,0,0,0,0,0
2026-08-13T03:51:03.834165,121,0,0,0,0,0
2026-08-13T03:51:03.836178,121,0,0,0,0,0
2026-08-13T03:51:03.837175,119,0,0,0,0,0
2026-08-13T03:51:03.837175,119,0,0,0,0,0
2026-08-13T03:51:03.838177,120,0,0,0,0,0
2026-08-13T03:51:03.840193,120,0,0,0,0,0
2026-08-13T03:51:03.841204,118,0,0,0,0,0
2026-08-13T03:51:03.841204,118,0,0,0,0,0
2026-08-13T03:51:03.844725,117,0,0,0,0,0
2026-08-13T03:51:03.844725,117,0,0,0,0,0
2026-08-13T03:51:03.845724,116,0,0,0,0,0
2026-08-13T03:51:03.845724,116,0,0,0,0,0
2026-08-13T03:51:03.848729,116,0,0,0,0,0
2026-08-13T03:51:03.848729,117,0,0,0,0,0
2026-08-13T03:51:03.848729,119,0,0,0,0,0
2026-08-13T03:51:03.852729,120,0,0,0,0,0
2026-08-13T03:51:03.852729,121,0,0,0,0,0
2026-08-13T03:51:03.852729,121,0,0,0,0,0
2026-08-13T03:51:03.853730,121,0,0,0,0,0
2026-08-13T03:51:03.857240,120,0,0,0,0,0
2026-08-13T03:51:03.857240,120,0,0,0,0,0
2026-08-13T03:51:03.857240,120,0,0,0,0,0
2026-08-13T03:51:03.861217,119,0,0,0,0,0
2026-08-13T03:51:03.861217,119,0,0,0,0,0
2026-08-13T03:51:03.861217,118,0,0,0,0,0
2026-08-13T03:51:03.865207,117,0,0,0,0,0
2026-08-13T03:51:03.865207,117,0,0,0,0,0
2026-08-13T03:51:03.865207,115,0,0,0,0,0
2026-08-13T03:51:03.866200,117,0,0,0,0,0
2026-08-13T03:51:03.868779,117,0,0,0,0,0
2026-08-13T03:51:03.869764,118,0,0,0,0,0
2026-08-13T03:51:03.869764,119,0,0,0,0,0
2026-08-13T03:51:03.872779,119,0,0,0,0,0
2026-08-13T03:51:03.873780,121,0,0,0,0,0
2026-08-13T03:51:03.873780,121,0,0,0,0,0
2026-08-13T03:51:03.874881,120,0,0,0,0,0
2026-08-13T03:51:03.876877,120,0,0,0,0,0
2026-08-13T03:51:03.877879,119,0,0,0,0,0
2026-08-13T03:51:03.877879,120,0,0,0,0,0
2026-08-13T03:51:03.880891,119,0,0,0,0,0
2026-08-13T03:51:03.881877,118,0,0,0,0,0
2026-08-13T03:51:03.882881,118,0,0,0,0,0
2026-08-13T03:51:03.882881,117,0,0,0,0,0
2026-08-13T03:51:03.885327,117,0,0,0,0,0
2026-08-13T03:51:03.886328,116,0,0,0,0,0
2026-08-13T03:51:03.886328,117,0,0,0,0,0
2026-08-13T03:51:03.889339,116,0,0,0,0,0
2026-08-13T03:51:03.890340,118,0,0,0,0,0
2026-08-13T03:51:03.890340,119,0,0,0,0,0
2026-08-13T03:51:03.891329,120,0,0,0,0,0
2026-08-13T03:51:03.893831,121,0,0,0,0,0
2026-08-13T03:51:03.893831,121,0,0,0,0,0
2026-08-13T03:51:03.894848,121,0,0,0,0,0
2026-08-13T03:51:03.898066,120,0,0,0,0,0
2026-08-13T03:51:03.898066,119,0,0,0,0,0
2026-08-13T03:51:03.898066,121,0,0,0,0,0
2026-08-13T03:51:03.901244,118,0,0,0,0,0
2026-08-13T03:51:03.902259,118,0,0,0,0,0
2026-08-13T03:51:03.902259,118,0,0,0,0,0
2026-08-13T03:51:03.902259,117,0,0,0,0,0
2026-08-13T03:51:03.905881,117,0,0,0,0,0
2026-08-13T03:51:03.906892,116,0,0,0,0,0
2026-08-13T03:51:03.906892,117,0,0,0,0,0
2026-08-13T03:51:03.909892,117,0,0,0,0,0
2026-08-13T03:51:03.910893,118,0,0,0,0,0
2026-08-13T03:51:03.910893,120,0,0,0,0,0
2026-08-13T03:51:03.911892,120,0,0,0,0,0
2026-08-13T03:51:03.913877,121,0,0,0,0,0
2026-08-13T03:51:03.915034,121,0,0,0,0,0
2026-08-13T03:51:03.915034,121,0,0,0,0,0
2026-08-13T03:51:03.918098,120,0,0,0,0,0
2026-08-13T03:51:03.919122,119,0,0,0,0,0
2026-08-13T03:51:03.919122,119,0,0,0,0,0
2026-08-13T03:51:03.920122,118,0,0,0,0,0
2026-08-13T03:51:03.922713,119,0,0,0,0,0
2026-08-13T03:51:03.922713,118,0,0,0,0,0
2026-08-13T03:51:03.923697,118,0,0,0,0,0
2026-08-13T03:51:03.926224,117,0,0,0,0,0
2026-08-13T03:51:03.927221,117,0,0,0,0,0
2026-08-13T03:51:03.927221,118,0,0,0,0,0
2026-08-13T03:51:03.930233,117,0,0,0,0,0
2026-08-13T03:51:03.931222,119,0,0,0,0,0
2026-08-13T03:51:03.932224,120,0,0,0,0,0
2026-08-13T03:51:03.932224,121,0,0,0,0,0
2026-08-13T03:51:03.934772,121,0,0,0,0,0
2026-08-13T03:51:03.934772,121,0,0,0,0,0
2026-08-13T03:51:03.935757,120,0,0,0,0,0
2026-08-13T03:51:03.939041,119,0,0,0,0,0
2026-08-13T03:51:03.939041,120,0,0,0,0,0
2026-08-13T03:51:03.940057,119,0,0,0,0,0
2026-08-13T03:51:03.941060,118,0,0,0,0,0
2026-08-13T03:51:03.943077,118,0,0,0,0,0
2026-08-13T03:51:03.943077,118,0,0,0,0,0
2026-08-13T03:51:03.944053,117,0,0,0,0,0
2026-08-13T03:51:03.946363,116,0,0,0,0,0
2026-08-13T03:51:03.947365,117,0,0,0,0,0
2026-08-13T03:51:03.948364,117,0,0,0,0,0
2026-08-13T03:51:03.948364,117,0,0,0,0,0
2026-08-13T03:51:03.951316,119,0,0,0,0,0
2026-08-13T03:51:03.951316,120,0,0,0,0,0
2026-08-13T03:51:03.952336,121,0,0,0,0,0
2026-08-13T03:51:03.955406,121,0,0,0,0,0
2026-08-13T03:51:03.955406,121,0,0,0,0,0
2026-08-13T03:51:03.956415,120,0,0,0,0,0
2026-08-13T03:51:03.957414,119,0,0,0,0,0
2026-08-13T03:51:03.958946,120,0,0,0,0,0
2026-08-13T03:51:03.959945,120,0,0,0,0,0
2026-08-13T03:51:03.960950,119,0,0,0,0,0
2026-08-13T03:51:03.963723,118,0,0,0,0,0
2026-08-13T03:51:03.963723,117,0,0,0,0,0
2026-08-13T03:51:03.964735,117,0,0,0,0,0
2026-08-13T03:51:03.967742,117,0,0,0,0,0
2026-08-13T03:51:03.967742,117,0,0,0,0,0
2026-08-13T03:51:03.968730,117,0,0,0,0,0
2026-08-13T03:51:03.968730,119,0,0,0,0,0
2026-08-13T03:51:03.971745,121,0,0,0,0,0
2026-08-13T03:51:03.971745,122,0,0,0,0,0
2026-08-13T03:51:03.971745,123,0,0,0,0,0
2026-08-13T03:51:03.975944,122,0,0,0,0,0
2026-08-13T03:51:03.975944,123,0,0,0,0,0
2026-08-13T03:51:03.975944,122,0,0,0,0,0
2026-08-13T03:51:03.976949,122,0,0,0,0,0
2026-08-13T03:51:03.979968,122,0,0,0,0,0
2026-08-13T03:51:03.979968,121,0,0,0,0,0
2026-08-13T03:51:03.980946,119,0,0,0,0,0
2026-08-13T03:51:03.983960,120,0,0,0,0,0
2026-08-13T03:51:03.983960,120,0,0,0,0,0
2026-08-13T03:51:03.985089,119,0,0,0,0,0
2026-08-13T03:51:03.985089,121,0,0,0,0,0
2026-08-13T03:51:03.988110,122,0,0,0,0,0
2026-08-13T03:51:03.988110,122,0,0,0,0,0
2026-08-13T03:51:03.989097,124,0,0,0,0,0
2026-08-13T03:51:03.992099,126,0,0,0,0,0
2026-08-13T03:51:03.992099,127,0,0,0,0,0
2026-08-13T03:51:03.993099,128,0,0,0,0,0
2026-08-13T03:51:03.995651,128,0,0,0,0,0
2026-08-13T03:51:03.996633,128,0,0,0,0,0
2026-08-13T03:51:03.996633,127,0,0,0,0,0
2026-08-13T03:51:03.997632,127,0,0,0,0,0
2026-08-13T03:51:03.999648,127,0,0,0,0,0
2026-08-13T03:51:04.000632,125,0,0,0,0,0
2026-08-13T03:51:04.000632,126,0,0,0,0,0
2026-08-13T03:51:04.003647,125,0,0,0,0,0
2026-08-13T03:51:04.004852,124,0,0,0,0,0
2026-08-13T03:51:04.005856,123,0,0,0,0,0
2026-08-13T03:51:04.005856,123,0,0,0,0,0
2026-08-13T03:51:04.008303,124,0,0,0,0,0
2026-08-13T03:51:04.008811,124,0,0,0,0,0
2026-08-13T03:51:04.009821,125,0,0,0,0,0
2026-08-13T03:51:04.012685,126,0,0,0,0,0
2026-08-13T03:51:04.013193,127,0,0,0,0,0
2026-08-13T03:51:04.013193,128,0,0,0,0,0
2026-08-13T03:51:04.013729,127,0,0,0,0,0
2026-08-13T03:51:04.016607,126,0,0,0,0,0
2026-08-13T03:51:04.017152,125,0,0,0,0,0
2026-08-13T03:51:04.017694,125,0,0,0,0,0
2026-08-13T03:51:04.020877,124,0,0,0,0,0
2026-08-13T03:51:04.020877,123,0,0,0,0,0
2026-08-13T03:51:04.021862,122,0,0,0,0,0
2026-08-13T03:51:04.021862,120,0,0,0,0,0
2026-08-13T03:51:04.024390,120,0,0,0,0,0
2026-08-13T03:51:04.025399,119,0,0,0,0,0
2026-08-13T03:51:04.025399,119,0,0,0,0,0
2026-08-13T03:51:04.028414,119,0,0,0,0,0
2026-08-13T03:51:04.029397,118,0,0,0,0,0
2026-08-13T03:51:04.029397,119,0,0,0,0,0
2026-08-13T03:51:04.032412,120,0,0,0,0,0
2026-08-13T03:51:04.033922,119,0,0,0,0,0
2026-08-13T03:51:04.033922,118,0,0,0,0,0
2026-08-13T03:51:04.034934,116,0,0,0,0,0
2026-08-13T03:51:04.037000,114,0,0,0,0,0
2026-08-13T03:51:04.038509,113,0,0,0,0,0
2026-08-13T03:51:04.038509,113,0,0,0,0,0
2026-08-13T03:51:04.040593,113,0,0,0,0,0
2026-08-13T03:51:04.040593,112,0,0,0,0,0
2026-08-13T03:51:04.042032,112,0,0,0,0,0
2026-08-13T03:51:04.042032,111,0,0,0,0,0
2026-08-13T03:51:04.044540,110,0,0,0,0,0
2026-08-13T03:51:04.045866,109,0,0,0,0,0
2026-08-13T03:51:04.045866,109,0,0,0,0,0
2026-08-13T03:51:04.049394,109,0,0,0,0,0
2026-08-13T03:51:04.049394,110,0,0,0,0,0
2026-08-13T03:51:04.049394,112,0,0,0,0,0
2026-08-13T03:51:04.050378,112,0,0,0,0,0
2026-08-13T03:51:04.052395,111,0,0,0,0,0
2026-08-13T03:51:04.053901,112,0,0,0,0,0
2026-08-13T03:51:04.053901,112,0,0,0,0,0
2026-08-13T03:51:04.056923,111,0,0,0,0,0
2026-08-13T03:51:04.058431,110,0,0,0,0,0
2026-08-13T03:51:04.058431,111,0,0,0,0,0
2026-08-13T03:51:04.058431,110,0,0,0,0,0
2026-08-13T03:51:04.061454,109,0,0,0,0,0
2026-08-13T03:51:04.061454,109,0,0,0,0,0
2026-08-13T03:51:04.062442,108,0,0,0,0,0
2026-08-13T03:51:04.064997,107,0,0,0,0,0
2026-08-13T03:51:04.066203,107,0,0,0,0,0
2026-08-13T03:51:04.066713,107,0,0,0,0,0
2026-08-13T03:51:04.069721,108,0,0,0,0,0
2026-08-13T03:51:04.069721,110,0,0,0,0,0
2026-08-13T03:51:04.070722,111,0,0,0,0,0
2026-08-13T03:51:04.070722,111,0,0,0,0,0
2026-08-13T03:51:04.074239,112,0,0,0,0,0
2026-08-13T03:51:04.074239,112,0,0,0,0,0
2026-08-13T03:51:04.074239,112,0,0,0,0,0
2026-08-13T03:51:04.078258,111,0,0,0,0,0
2026-08-13T03:51:04.078258,111,0,0,0,0,0
2026-08-13T03:51:04.078258,112,0,0,0,0,0
2026-08-13T03:51:04.079258,111,0,0,0,0,0
2026-08-13T03:51:04.082258,111,0,0,0,0,0
2026-08-13T03:51:04.082258,110,0,0,0,0,0
2026-08-13T03:51:04.082258,109,0,0,0,0,0
2026-08-13T03:51:04.086340,108,0,0,0,0,0
2026-08-13T03:51:04.086340,108,0,0,0,0,0
2026-08-13T03:51:04.086340,109,0,0,0,0,0
2026-08-13T03:51:04.087350,108,0,0,0,0,0
2026-08-13T03:51:04.090408,110,0,0,0,0,0
2026-08-13T03:51:04.091592,111,0,0,0,0,0
2026-08-13T03:51:04.091592,112,0,0,0,0,0
2026-08-13T03:51:04.094108,113,0,0,0,0,0
2026-08-13T03:51:04.094108,114,0,0,0,0,0
2026-08-13T03:51:04.095549,113,0,0,0,0,0
2026-08-13T03:51:04.098062,113,0,0,0,0,0
2026-08-13T03:51:04.099062,113,0,0,0,0,0
2026-08-13T03:51:04.099062,113,0,0,0,0,0
2026-08-13T03:51:04.099062,111,0,0,0,0,0
2026-08-13T03:51:04.102062,112,0,0,0,0,0
2026-08-13T03:51:04.103064,111,0,0,0,0,0
2026-08-13T03:51:04.103064,111,0,0,0,0,0
2026-08-13T03:51:04.106177,111,0,0,0,0,0
2026-08-13T03:51:04.107186,111,0,0,0,0,0
2026-08-13T03:51:04.107186,112,0,0,0,0,0
2026-08-13T03:51:04.107186,111,0,0,0,0,0
2026-08-13T03:51:04.110802,113,0,0,0,0,0
2026-08-13T03:51:04.110802,114,0,0,0,0,0
2026-08-13T03:51:04.111803,115,0,0,0,0,0
2026-08-13T03:51:04.114586,115,0,0,0,0,0
2026-08-13T03:51:04.115636,115,0,0,0,0,0
2026-08-13T03:51:04.115636,114,0,0,0,0,0
2026-08-13T03:51:04.115636,114,0,0,0,0,0
2026-08-13T03:51:04.118587,115,0,0,0,0,0
2026-08-13T03:51:04.119582,114,0,0,0,0,0
2026-08-13T03:51:04.119582,113,0,0,0,0,0
2026-08-13T03:51:04.122581,114,0,0,0,0,0
2026-08-13T03:51:04.122581,114,0,0,0,0,0
2026-08-13T03:51:04.124087,114,0,0,0,0,0
2026-08-13T03:51:04.124087,114,0,0,0,0,0
2026-08-13T03:51:04.127105,115,0,0,0,0,0
2026-08-13T03:51:04.127105,115,0,0,0,0,0
2026-08-13T03:51:04.127105,115,0,0,0,0,0
2026-08-13T03:51:04.131056,117,0,0,0,0,0
2026-08-13T03:51:04.131056,118,0,0,0,0,0
2026-08-13T03:51:04.132052,119,0,0,0,0,0
2026-08-13T03:51:04.135668,119,0,0,0,0,0
2026-08-13T03:51:04.135668,119,0,0,0,0,0
2026-08-13T03:51:04.135668,118,0,0,0,0,0
2026-08-13T03:51:04.136675,118,0,0,0,0,0
2026-08-13T03:51:04.139679,118,0,0,0,0,0
2026-08-13T03:51:04.139679,118,0,0,0,0,0
2026-08-13T03:51:04.139679,118,0,0,0,0,0
2026-08-13T03:51:04.143103,118,0,0,0,0,0
2026-08-13T03:51:04.144112,116,0,0,0,0,0
2026-08-13T03:51:04.144112,116,0,0,0,0,0
2026-08-13T03:51:04.144112,115,0,0,0,0,0
2026-08-13T03:51:04.147633,115,0,0,0,0,0
2026-08-13T03:51:04.147633,114,0,0,0,0,0
2026-08-13T03:51:04.147633,115,0,0,0,0,0
2026-08-13T03:51:04.151937,115,0,0,0,0,0
2026-08-13T03:51:04.151937,115,0,0,0,0,0
2026-08-13T03:51:04.151937,116,0,0,0,0,0
2026-08-13T03:51:04.151937,116,0,0,0,0,0
2026-08-13T03:51:04.155454,116,0,0,0,0,0
2026-08-13T03:51:04.156449,115,0,0,0,0,0
2026-08-13T03:51:04.156449,115,0,0,0,0,0
2026-08-13T03:51:04.159963,116,0,0,0,0,0
2026-08-13T03:51:04.159963,116,0,0,0,0,0
2026-08-13T03:51:04.159963,117,0,0,0,0,0
2026-08-13T03:51:04.163875,117,0,0,0,0,0
2026-08-13T03:51:04.163875,116,0,0,0,0,0
2026-08-13T03:51:04.163875,117,0,0,0,0,0
2026-08-13T03:51:04.163875,117,0,0,0,0,0
2026-08-13T03:51:04.168383,118,0,0,0,0,0
2026-08-13T03:51:04.168383,118,0,0,0,0,0
2026-08-13T03:51:04.169374,121,0,0,0,0,0
2026-08-13T03:51:04.172376,123,0,0,0,0,0
2026-08-13T03:51:04.172376,124,0,0,0,0,0
2026-08-13T03:51:04.172376,126,0,0,0,0,0
2026-08-13T03:51:04.173884,125,0,0,0,0,0
2026-08-13T03:51:04.176435,126,0,0,0,0,0
2026-08-13T03:51:04.176435,125,0,0,0,0,0
2026-08-13T03:51:04.176435,126,0,0,0,0,0
2026-08-13T03:51:04.180452,126,0,0,0,0,0
2026-08-13T03:51:04.180452,125,0,0,0,0,0
2026-08-13T03:51:04.180452,125,0,0,0,0,0
2026-08-13T03:51:04.181458,125,0,0,0,0,0
2026-08-13T03:51:04.183974,125,0,0,0,0,0
2026-08-13T03:51:04.184987,125,0,0,0,0,0
2026-08-13T03:51:04.184987,126,0,0,0,0,0
2026-08-13T03:51:04.188986,126,0,0,0,0,0
2026-08-13T03:51:04.188986,126,0,0,0,0,0
2026-08-13T03:51:04.188986,128,0,0,0,0,0
2026-08-13T03:51:04.189986,130,0,0,0,0,0
2026-08-13T03:51:04.192316,130,0,0,0,0,0
2026-08-13T03:51:04.192316,131,0,0,0,0,0
2026-08-13T03:51:04.192316,131,0,0,0,0,0
2026-08-13T03:51:04.196844,131,0,0,0,0,0
2026-08-13T03:51:04.197843,130,0,0,0,0,0
2026-08-13T03:51:04.197843,129,0,0,0,0,0
2026-08-13T03:51:04.200844,128,0,0,0,0,0
2026-08-13T03:51:04.201843,126,0,0,0,0,0
2026-08-13T03:51:04.201843,125,0,0,0,0,0
2026-08-13T03:51:04.201843,124,0,0,0,0,0
2026-08-13T03:51:04.204356,123,0,0,0,0,0
2026-08-13T03:51:04.205810,121,0,0,0,0,0
2026-08-13T03:51:04.205810,121,0,0,0,0,0
2026-08-13T03:51:04.209168,122,0,0,0,0,0
2026-08-13T03:51:04.209168,121,0,0,0,0,0
2026-08-13T03:51:04.209168,124,0,0,0,0,0
2026-08-13T03:51:04.210171,126,0,0,0,0,0
2026-08-13T03:51:04.212682,127,0,0,0,0,0
2026-08-13T03:51:04.213682,128,0,0,0,0,0
2026-08-13T03:51:04.214188,129,0,0,0,0,0
2026-08-13T03:51:04.217202,130,0,0,0,0,0
2026-08-13T03:51:04.217202,129,0,0,0,0,0
2026-08-13T03:51:04.218204,131,0,0,0,0,0
2026-08-13T03:51:04.218204,132,0,0,0,0,0
2026-08-13T03:51:04.221207,130,0,0,0,0,0
2026-08-13T03:51:04.221207,131,0,0,0,0,0
2026-08-13T03:51:04.222204,131,0,0,0,0,0
2026-08-13T03:51:04.225723,130,0,0,0,0,0
2026-08-13T03:51:04.225723,130,0,0,0,0,0
2026-08-13T03:51:04.225723,132,0,0,0,0,0
2026-08-13T03:51:04.229730,131,0,0,0,0,0
2026-08-13T03:51:04.229730,133,0,0,0,0,0
2026-08-13T03:51:04.230730,135,0,0,0,0,0
2026-08-13T03:51:04.230730,137,0,0,0,0,0
2026-08-13T03:51:04.233729,139,0,0,0,0,0
2026-08-13T03:51:04.234236,139,0,0,0,0,0
2026-08-13T03:51:04.234236,140,0,0,0,0,0
2026-08-13T03:51:04.237250,139,0,0,0,0,0
2026-08-13T03:51:04.238251,140,0,0,0,0,0
2026-08-13T03:51:04.238251,141,0,0,0,0,0
2026-08-13T03:51:04.239251,140,0,0,0,0,0
2026-08-13T03:51:04.241856,140,0,0,0,0,0
2026-08-13T03:51:04.241856,140,0,0,0,0,0
2026-08-13T03:51:04.242863,139,0,0,0,0,0
2026-08-13T03:51:04.245382,139,0,0,0,0,0
2026-08-13T03:51:04.246382,138,0,0,0,0,0
2026-08-13T03:51:04.246382,139,0,0,0,0,0
2026-08-13T03:51:04.246382,139,0,0,0,0,0
2026-08-13T03:51:04.250316,142,0,0,0,0,0
2026-08-13T03:51:04.250316,144,0,0,0,0,0
2026-08-13T03:51:04.250316,144,0,0,0,0,0
2026-08-13T03:51:04.253803,145,0,0,0,0,0
2026-08-13T03:51:04.254891,145,0,0,0,0,0
2026-08-13T03:51:04.254891,146,0,0,0,0,0
2026-08-13T03:51:04.255888,145,0,0,0,0,0
2026-08-13T03:51:04.258427,145,0,0,0,0,0
2026-08-13T03:51:04.258427,146,0,0,0,0,0
2026-08-13T03:51:04.259444,146,0,0,0,0,0
2026-08-13T03:51:04.262440,146,0,0,0,0,0
2026-08-13T03:51:04.262440,146,0,0,0,0,0
2026-08-13T03:51:04.262440,147,0,0,0,0,0
2026-08-13T03:51:04.265981,147,0,0,0,0,0
2026-08-13T03:51:04.266960,148,0,0,0,0,0
2026-08-13T03:51:04.266960,150,0,0,0,0,0
2026-08-13T03:51:04.267959,150,0,0,0,0,0
2026-08-13T03:51:04.270887,152,0,0,0,0,0
2026-08-13T03:51:04.270887,155,0,0,0,0,0
2026-08-13T03:51:04.270887,155,0,0,0,0,0
2026-08-13T03:51:04.273903,156,0,0,0,0,0
2026-08-13T03:51:04.275000,157,0,0,0,0,0
2026-08-13T03:51:04.275000,155,0,0,0,0,0
2026-08-13T03:51:04.275998,155,0,0,0,0,0
2026-08-13T03:51:04.278990,155,0,0,0,0,0
2026-08-13T03:51:04.278990,155,0,0,0,0,0
2026-08-13T03:51:04.280006,153,0,0,0,0,0
2026-08-13T03:51:04.283017,153,0,0,0,0,0
2026-08-13T03:51:04.283017,152,0,0,0,0,0
2026-08-13T03:51:04.283017,152,0,0,0,0,0
2026-08-13T03:51:04.284004,151,0,0,0,0,0
2026-08-13T03:51:04.287102,151,0,0,0,0,0
2026-08-13T03:51:04.287102,151,0,0,0,0,0
2026-08-13T03:51:04.288088,151,0,0,0,0,0
2026-08-13T03:51:04.291268,153,0,0,0,0,0
2026-08-13T03:51:04.291268,155,0,0,0,0,0
2026-08-13T03:51:04.292268,155,0,0,0,0,0
2026-08-13T03:51:04.294899,156,0,0,0,0,0
2026-08-13T03:51:04.294899,156,0,0,0,0,0
2026-08-13T03:51:04.296217,156,0,0,0,0,0
2026-08-13T03:51:04.296217,154,0,0,0,0,0
2026-08-13T03:51:04.299218,155,0,0,0,0,0
2026-08-13T03:51:04.299218,154,0,0,0,0,0
2026-08-13T03:51:04.300216,153,0,0,0,0,0
2026-08-13T03:51:04.302217,153,0,0,0,0,0
2026-08-13T03:51:04.303725,152,0,0,0,0,0
2026-08-13T03:51:04.303725,152,0,0,0,0,0
2026-08-13T03:51:04.304738,151,0,0,0,0,0
2026-08-13T03:51:04.306776,151,0,0,0,0,0
2026-08-13T03:51:04.307743,151,0,0,0,0,0
2026-08-13T03:51:04.308743,151,0,0,0,0,0
2026-08-13T03:51:04.311760,154,0,0,0,0,0
2026-08-13T03:51:04.311760,155,0,0,0,0,0
2026-08-13T03:51:04.312980,155,0,0,0,0,0
2026-08-13T03:51:04.312980,156,0,0,0,0,0
2026-08-13T03:51:04.315865,156,0,0,0,0,0
2026-08-13T03:51:04.315865,155,0,0,0,0,0
2026-08-13T03:51:04.316879,154,0,0,0,0,0
2026-08-13T03:51:04.319887,155,0,0,0,0,0
2026-08-13T03:51:04.319887,153,0,0,0,0,0
2026-08-13T03:51:04.320888,153,0,0,0,0,0
2026-08-13T03:51:04.320888,154,0,0,0,0,0
2026-08-13T03:51:04.323913,152,0,0,0,0,0
2026-08-13T03:51:04.323913,151,0,0,0,0,0
2026-08-13T03:51:04.325040,150,0,0,0,0,0
2026-08-13T03:51:04.328043,152,0,0,0,0,0
2026-08-13T03:51:04.328043,151,0,0,0,0,0
2026-08-13T03:51:04.329032,152,0,0,0,0,0
2026-08-13T03:51:04.332042,154,0,0,0,0,0
2026-08-13T03:51:04.332042,155,0,0,0,0,0
2026-08-13T03:51:04.333030,156,0,0,0,0,0
2026-08-13T03:51:04.334030,155,0,0,0,0,0
2026-08-13T03:51:04.335573,155,0,0,0,0,0
2026-08-13T03:51:04.336567,154,0,0,0,0,0
2026-08-13T03:51:04.337554,154,0,0,0,0,0
2026-08-13T03:51:04.339566,154,0,0,0,0,0
2026-08-13T03:51:04.340566,154,0,0,0,0,0
2026-08-13T03:51:04.341559,153,0,0,0,0,0
2026-08-13T03:51:04.342555,152,0,0,0,0,0
2026-08-13T03:51:04.344074,152,0,0,0,0,0
2026-08-13T03:51:04.345090,151,0,0,0,0,0
2026-08-13T03:51:04.346088,151,0,0,0,0,0
2026-08-13T03:51:04.348085,151,0,0,0,0,0
2026-08-13T03:51:04.349084,152,0,0,0,0,0
2026-08-13T03:51:04.349084,153,0,0,0,0,0
2026-08-13T03:51:04.350084,154,0,0,0,0,0
2026-08-13T03:51:04.352082,154,0,0,0,0,0
2026-08-13T03:51:04.353084,155,0,0,0,0,0
2026-08-13T03:51:04.354085,155,0,0,0,0,0
2026-08-13T03:51:04.356597,156,0,0,0,0,0
2026-08-13T03:51:04.356597,154,0,0,0,0,0
2026-08-13T03:51:04.357600,154,0,0,0,0,0
2026-08-13T03:51:04.357600,155,0,0,0,0,0
2026-08-13T03:51:04.360114,153,0,0,0,0,0
2026-08-13T03:51:04.361128,153,0,0,0,0,0
2026-08-13T03:51:04.361128,152,0,0,0,0,0
2026-08-13T03:51:04.364620,151,0,0,0,0,0
2026-08-13T03:51:04.364620,150,0,0,0,0,0
2026-08-13T03:51:04.365627,151,0,0,0,0,0
2026-08-13T03:51:04.369105,152,0,0,0,0,0
2026-08-13T03:51:04.369105,151,0,0,0,0,0
2026-08-13T03:51:04.369105,153,0,0,0,0,0
2026-08-13T03:51:04.370132,155,0,0,0,0,0
2026-08-13T03:51:04.372127,156,0,0,0,0,0
2026-08-13T03:51:04.373650,156,0,0,0,0,0
2026-08-13T03:51:04.373650,156,0,0,0,0,0
2026-08-13T03:51:04.376682,155,0,0,0,0,0
2026-08-13T03:51:04.377685,154,0,0,0,0,0
2026-08-13T03:51:04.378684,154,0,0,0,0,0
2026-08-13T03:51:04.378684,154,0,0,0,0,0
2026-08-13T03:51:04.380684,153,0,0,0,0,0
2026-08-13T03:51:04.381683,153,0,0,0,0,0
2026-08-13T03:51:04.382679,152,0,0,0,0,0
2026-08-13T03:51:04.385209,152,0,0,0,0,0
2026-08-13T03:51:04.385209,151,0,0,0,0,0
2026-08-13T03:51:04.386208,151,0,0,0,0,0
2026-08-13T03:51:04.386208,151,0,0,0,0,0
2026-08-13T03:51:04.389224,151,0,0,0,0,0
2026-08-13T03:51:04.389224,154,0,0,0,0,0
2026-08-13T03:51:04.390225,155,0,0,0,0,0
2026-08-13T03:51:04.393688,156,0,0,0,0,0
2026-08-13T03:51:04.393688,155,0,0,0,0,0
2026-08-13T03:51:04.393688,156,0,0,0,0,0
2026-08-13T03:51:04.397843,155,0,0,0,0,0
2026-08-13T03:51:04.397843,154,0,0,0,0,0
2026-08-13T03:51:04.399058,155,0,0,0,0,0
2026-08-13T03:51:04.399058,154,0,0,0,0,0
2026-08-13T03:51:04.401714,153,0,0,0,0,0
2026-08-13T03:51:04.401714,153,0,0,0,0,0
2026-08-13T03:51:04.402690,152,0,0,0,0,0
2026-08-13T03:51:04.405787,151,0,0,0,0,0
2026-08-13T03:51:04.405787,151,0,0,0,0,0
2026-08-13T03:51:04.406802,152,0,0,0,0,0
2026-08-13T03:51:04.406802,152,0,0,0,0,0
2026-08-13T03:51:04.409802,152,0,0,0,0,0
2026-08-13T03:51:04.409802,154,0,0,0,0,0
2026-08-13T03:51:04.410787,154,0,0,0,0,0
2026-08-13T03:51:04.413805,155,0,0,0,0,0
2026-08-13T03:51:04.413805,155,0,0,0,0,0
2026-08-13T03:51:04.414936,155,0,0,0,0,0
2026-08-13T03:51:04.414936,155,0,0,0,0,0
2026-08-13T03:51:04.418266,154,0,0,0,0,0
2026-08-13T03:51:04.418266,154,0,0,0,0,0
2026-08-13T03:51:04.419290,154,0,0,0,0,0
2026-08-13T03:51:04.422339,153,0,0,0,0,0
2026-08-13T03:51:04.422339,153,0,0,0,0,0
2026-08-13T03:51:04.422339,152,0,0,0,0,0
2026-08-13T03:51:04.423809,150,0,0,0,0,0
2026-08-13T03:51:04.426063,151,0,0,0,0,0
2026-08-13T03:51:04.427076,152,0,0,0,0,0
2026-08-13T03:51:04.427076,151,0,0,0,0,0
2026-08-13T03:51:04.430082,153,0,0,0,0,0
2026-08-13T03:51:04.431076,155,0,0,0,0,0
2026-08-13T03:51:04.431076,155,0,0,0,0,0
2026-08-13T03:51:04.434586,156,0,0,0,0,0
2026-08-13T03:51:04.434586,156,0,0,0,0,0
2026-08-13T03:51:04.435599,157,0,0,0,0,0
2026-08-13T03:51:04.435599,156,0,0,0,0,0
2026-08-13T03:51:04.438610,156,0,0,0,0,0
2026-08-13T03:51:04.438610,156,0,0,0,0,0
2026-08-13T03:51:04.439608,154,0,0,0,0,0
2026-08-13T03:51:04.442608,154,0,0,0,0,0
2026-08-13T03:51:04.442608,154,0,0,0,0,0
2026-08-13T03:51:04.443608,153,0,0,0,0,0
2026-08-13T03:51:04.444117,152,0,0,0,0,0
2026-08-13T03:51:04.446180,152,0,0,0,0,0
2026-08-13T03:51:04.447145,153,0,0,0,0,0
2026-08-13T03:51:04.447145,153,0,0,0,0,0
2026-08-13T03:51:04.450160,154,0,0,0,0,0
2026-08-13T03:51:04.451148,156,0,0,0,0,0
2026-08-13T03:51:04.452152,156,0,0,0,0,0
2026-08-13T03:51:04.452152,158,0,0,0,0,0
2026-08-13T03:51:04.454664,157,0,0,0,0,0
2026-08-13T03:51:04.455697,157,0,0,0,0,0
2026-08-13T03:51:04.455697,155,0,0,0,0,0
2026-08-13T03:51:04.459190,155,0,0,0,0,0
2026-08-13T03:51:04.459190,153,0,0,0,0,0
2026-08-13T03:51:04.460197,154,0,0,0,0,0
2026-08-13T03:51:04.462323,153,0,0,0,0,0
2026-08-13T03:51:04.463830,151,0,0,0,0,0
2026-08-13T03:51:04.463830,151,0,0,0,0,0
2026-08-13T03:51:04.463830,150,0,0,0,0,0
2026-08-13T03:51:04.466838,151,0,0,0,0,0
2026-08-13T03:51:04.467838,151,0,0,0,0,0
2026-08-13T03:51:04.467838,150,0,0,0,0,0
2026-08-13T03:51:04.471525,152,0,0,0,0,0
2026-08-13T03:51:04.471525,153,0,0,0,0,0
2026-08-13T03:51:04.472545,153,0,0,0,0,0
2026-08-13T03:51:04.472545,154,0,0,0,0,0
2026-08-13T03:51:04.475065,154,0,0,0,0,0
2026-08-13T03:51:04.476062,153,0,0,0,0,0
2026-08-13T03:51:04.476062,151,0,0,0,0,0
2026-08-13T03:51:04.479694,152,0,0,0,0,0
2026-08-13T03:51:04.479694,152,0,0,0,0,0
2026-08-13T03:51:04.480730,150,0,0,0,0,0
2026-08-13T03:51:04.481724,150,0,0,0,0,0
2026-08-13T03:51:04.483721,150,0,0,0,0,0
2026-08-13T03:51:04.483721,149,0,0,0,0,0
2026-08-13T03:51:04.484882,148,0,0,0,0,0
2026-08-13T03:51:04.487902,148,0,0,0,0,0
2026-08-13T03:51:04.487902,148,0,0,0,0,0
2026-08-13T03:51:04.488897,147,0,0,0,0,0
2026-08-13T03:51:04.489897,151,0,0,0,0,0
2026-08-13T03:51:04.490885,151,0,0,0,0,0
2026-08-13T03:51:04.492236,151,0,0,0,0,0
2026-08-13T03:51:04.492236,151,0,0,0,0,0
2026-08-13T03:51:04.496080,151,0,0,0,0,0
2026-08-13T03:51:04.496080,151,0,0,0,0,0
2026-08-13T03:51:04.497090,150,0,0,0,0,0
2026-08-13T03:51:04.500182,150,0,0,0,0,0
2026-08-13T03:51:04.500182,149,0,0,0,0,0
2026-08-13T03:51:04.501192,148,0,0,0,0,0
2026-08-13T03:51:04.501192,147,0,0,0,0,0
2026-08-13T03:51:04.503712,146,0,0,0,0,0
2026-08-13T03:51:04.504735,145,0,0,0,0,0
2026-08-13T03:51:04.504735,144,0,0,0,0,0
2026-08-13T03:51:04.507779,145,0,0,0,0,0
2026-08-13T03:51:04.508777,144,0,0,0,0,0
2026-08-13T03:51:04.509775,145,0,0,0,0,0
2026-08-13T03:51:04.509775,147,0,0,0,0,0
2026-08-13T03:51:04.511777,147,0,0,0,0,0
2026-08-13T03:51:04.512776,147,0,0,0,0,0
2026-08-13T03:51:04.512776,147,0,0,0,0,0
2026-08-13T03:51:04.516338,148,0,0,0,0,0
2026-08-13T03:51:04.516338,147,0,0,0,0,0
2026-08-13T03:51:04.517323,145,0,0,0,0,0
2026-08-13T03:51:04.517323,145,0,0,0,0,0
2026-08-13T03:51:04.520471,143,0,0,0,0,0
2026-08-13T03:51:04.520471,141,0,0,0,0,0
2026-08-13T03:51:04.521475,139,0,0,0,0,0
2026-08-13T03:51:04.524749,135,0,0,0,0,0
2026-08-13T03:51:04.524749,133,0,0,0,0,0
2026-08-13T03:51:04.525756,131,0,0,0,0,0
2026-08-13T03:51:04.528869,129,0,0,0,0,0
2026-08-13T03:51:04.528869,126,0,0,0,0,0
2026-08-13T03:51:04.529883,126,0,0,0,0,0
2026-08-13T03:51:04.529883,125,0,0,0,0,0
2026-08-13T03:51:04.532891,124,0,0,0,0,0
2026-08-13T03:51:04.532891,124,0,0,0,0,0
2026-08-13T03:51:04.533886,123,0,0,0,0,0
2026-08-13T03:51:04.536832,123,0,0,0,0,0
2026-08-13T03:51:04.536832,123,0,0,0,0,0
2026-08-13T03:51:04.537843,123,0,0,0,0,0
2026-08-13T03:51:04.537843,123,0,0,0,0,0
2026-08-13T03:51:04.540619,121,0,0,0,0,0
2026-08-13T03:51:04.541637,119,0,0,0,0,0
2026-08-13T03:51:04.541637,117,0,0,0,0,0
2026-08-13T03:51:04.545206,115,0,0,0,0,0
2026-08-13T03:51:04.545206,112,0,0,0,0,0
2026-08-13T03:51:04.546191,110,0,0,0,0,0
2026-08-13T03:51:04.547197,109,0,0,0,0,0
2026-08-13T03:51:04.549189,106,0,0,0,0,0
2026-08-13T03:51:04.549189,107,0,0,0,0,0
2026-08-13T03:51:04.550194,108,0,0,0,0,0
2026-08-13T03:51:04.552189,107,0,0,0,0,0
2026-08-13T03:51:04.553698,107,0,0,0,0,0
2026-08-13T03:51:04.554710,108,0,0,0,0,0
2026-08-13T03:51:04.554710,107,0,0,0,0,0
2026-08-13T03:51:04.557717,107,0,0,0,0,0
2026-08-13T03:51:04.557717,107,0,0,0,0,0
2026-08-13T03:51:04.558719,107,0,0,0,0,0
2026-08-13T03:51:04.561235,106,0,0,0,0,0
2026-08-13T03:51:04.561235,106,0,0,0,0,0
2026-08-13T03:51:04.562235,106,0,0,0,0,0
2026-08-13T03:51:04.564760,106,0,0,0,0,0
2026-08-13T03:51:04.565747,104,0,0,0,0,0
2026-08-13T03:51:04.565747,104,0,0,0,0,0
2026-08-13T03:51:04.565747,105,0,0,0,0,0
2026-08-13T03:51:04.569816,105,0,0,0,0,0
2026-08-13T03:51:04.569816,108,0,0,0,0,0
2026-08-13T03:51:04.569816,109,0,0,0,0,0
2026-08-13T03:51:04.573890,110,0,0,0,0,0
2026-08-13T03:51:04.573890,111,0,0,0,0,0
2026-08-13T03:51:04.573890,112,0,0,0,0,0
2026-08-13T03:51:04.575366,112,0,0,0,0,0
2026-08-13T03:51:04.577993,111,0,0,0,0,0
2026-08-13T03:51:04.577993,114,0,0,0,0,0
2026-08-13T03:51:04.579011,113,0,0,0,0,0
2026-08-13T03:51:04.582015,113,0,0,0,0,0
2026-08-13T03:51:04.582015,113,0,0,0,0,0
2026-08-13T03:51:04.583011,112,0,0,0,0,0
2026-08-13T03:51:04.583011,112,0,0,0,0,0
2026-08-13T03:51:04.585615,112,0,0,0,0,0
2026-08-13T03:51:04.587058,113,0,0,0,0,0
2026-08-13T03:51:04.587058,114,0,0,0,0,0
2026-08-13T03:51:04.590316,114,0,0,0,0,0
2026-08-13T03:51:04.590316,115,0,0,0,0,0
2026-08-13T03:51:04.590316,116,0,0,0,0,0
2026-08-13T03:51:04.591323,116,0,0,0,0,0
2026-08-13T03:51:04.593681,116,0,0,0,0,0
2026-08-13T03:51:04.594688,116,0,0,0,0,0
2026-08-13T03:51:04.594688,114,0,0,0,0,0
2026-08-13T03:51:04.598500,113,0,0,0,0,0
2026-08-13T03:51:04.598500,114,0,0,0,0,0
2026-08-13T03:51:04.598500,113,0,0,0,0,0
2026-08-13T03:51:04.601729,112,0,0,0,0,0
2026-08-13T03:51:04.602904,111,0,0,0,0,0
2026-08-13T03:51:04.602904,111,0,0,0,0,0
2026-08-13T03:51:04.602904,111,0,0,0,0,0
2026-08-13T03:51:04.606382,110,0,0,0,0,0
2026-08-13T03:51:04.606382,111,0,0,0,0,0
2026-08-13T03:51:04.606382,110,0,0,0,0,0
2026-08-13T03:51:04.610688,112,0,0,0,0,0
2026-08-13T03:51:04.610688,114,0,0,0,0,0
2026-08-13T03:51:04.611703,114,0,0,0,0,0
2026-08-13T03:51:04.611703,114,0,0,0,0,0
2026-08-13T03:51:04.614870,114,0,0,0,0,0
2026-08-13T03:51:04.614870,113,0,0,0,0,0
2026-08-13T03:51:04.614870,112,0,0,0,0,0
2026-08-13T03:51:04.618682,111,0,0,0,0,0
2026-08-13T03:51:04.618682,111,0,0,0,0,0
2026-08-13T03:51:04.618682,109,0,0,0,0,0
2026-08-13T03:51:04.619700,109,0,0,0,0,0
2026-08-13T03:51:04.622189,109,0,0,0,0,0
2026-08-13T03:51:04.622189,108,0,0,0,0,0
2026-08-13T03:51:04.623697,108,0,0,0,0,0
2026-08-13T03:51:04.626704,108,0,0,0,0,0
2026-08-13T03:51:04.626704,109,0,0,0,0,0
2026-08-13T03:51:04.627704,110,0,0,0,0,0
2026-08-13T03:51:04.631203,112,0,0,0,0,0
2026-08-13T03:51:04.631203,115,0,0,0,0,0
2026-08-13T03:51:04.631203,116,0,0,0,0,0
2026-08-13T03:51:04.631203,117,0,0,0,0,0
2026-08-13T03:51:04.635290,118,0,0,0,0,0
2026-08-13T03:51:04.635290,119,0,0,0,0,0
2026-08-13T03:51:04.635290,118,0,0,0,0,0
2026-08-13T03:51:04.638947,118,0,0,0,0,0
2026-08-13T03:51:04.639962,119,0,0,0,0,0
2026-08-13T03:51:04.639962,118,0,0,0,0,0
2026-08-13T03:51:04.639962,118,0,0,0,0,0
2026-08-13T03:51:04.642306,117,0,0,0,0,0
2026-08-13T03:51:04.643785,117,0,0,0,0,0
2026-08-13T03:51:04.643785,116,0,0,0,0,0
2026-08-13T03:51:04.646821,117,0,0,0,0,0
2026-08-13T03:51:04.646821,116,0,0,0,0,0
2026-08-13T03:51:04.648087,116,0,0,0,0,0
2026-08-13T03:51:04.648087,118,0,0,0,0,0
2026-08-13T03:51:04.651780,119,0,0,0,0,0
2026-08-13T03:51:04.651780,119,0,0,0,0,0
2026-08-13T03:51:04.651780,119,0,0,0,0,0
2026-08-13T03:51:04.655335,120,0,0,0,0,0
2026-08-13T03:51:04.655335,119,0,0,0,0,0
2026-08-13T03:51:04.656341,118,0,0,0,0,0
2026-08-13T03:51:04.656341,120,0,0,0,0,0
2026-08-13T03:51:04.659882,119,0,0,0,0,0
2026-08-13T03:51:04.659882,119,0,0,0,0,0
2026-08-13T03:51:04.660882,119,0,0,0,0,0
2026-08-13T03:51:04.663884,118,0,0,0,0,0
2026-08-13T03:51:04.663884,118,0,0,0,0,0
2026-08-13T03:51:04.663884,117,0,0,0,0,0
2026-08-13T03:51:04.667057,118,0,0,0,0,0
2026-08-13T03:51:04.668328,118,0,0,0,0,0
2026-08-13T03:51:04.668328,118,0,0,0,0,0
2026-08-13T03:51:04.668328,121,0,0,0,0,0
2026-08-13T03:51:04.672207,122,0,0,0,0,0
2026-08-13T03:51:04.672207,122,0,0,0,0,0
2026-08-13T03:51:04.672207,123,0,0,0,0,0
2026-08-13T03:51:04.676156,122,0,0,0,0,0
2026-08-13T03:51:04.676156,122,0,0,0,0,0
2026-08-13T03:51:04.676156,120,0,0,0,0,0
2026-08-13T03:51:04.677633,121,0,0,0,0,0
2026-08-13T03:51:04.680089,121,0,0,0,0,0
2026-08-13T03:51:04.680089,119,0,0,0,0,0
2026-08-13T03:51:04.681073,119,0,0,0,0,0
2026-08-13T03:51:04.684072,119,0,0,0,0,0
2026-08-13T03:51:04.684072,119,0,0,0,0,0
2026-08-13T03:51:04.685119,118,0,0,0,0,0
2026-08-13T03:51:04.685119,119,0,0,0,0,0
2026-08-13T03:51:04.688699,119,0,0,0,0,0
2026-08-13T03:51:04.688699,120,0,0,0,0,0
2026-08-13T03:51:04.688699,122,0,0,0,0,0
2026-08-13T03:51:04.691715,122,0,0,0,0,0
2026-08-13T03:51:04.691715,123,0,0,0,0,0
2026-08-13T03:51:04.693196,124,0,0,0,0,0
2026-08-13T03:51:04.695872,123,0,0,0,0,0
2026-08-13T03:51:04.696885,123,0,0,0,0,0
2026-08-13T03:51:04.696885,121,0,0,0,0,0
2026-08-13T03:51:04.696885,122,0,0,0,0,0
2026-08-13T03:51:04.700725,121,0,0,0,0,0
2026-08-13T03:51:04.700725,121,0,0,0,0,0
2026-08-13T03:51:04.700725,120,0,0,0,0,0
2026-08-13T03:51:04.704805,120,0,0,0,0,0
2026-08-13T03:51:04.704805,119,0,0,0,0,0
2026-08-13T03:51:04.704805,118,0,0,0,0,0
2026-08-13T03:51:04.705807,120,0,0,0,0,0
2026-08-13T03:51:04.708530,118,0,0,0,0,0
2026-08-13T03:51:04.717862,120,0,0,0,0,0
2026-08-13T03:51:04.718914,122,0,0,0,0,0
2026-08-13T03:51:04.718914,121,0,0,0,0,0
2026-08-13T03:51:04.718914,122,0,0,0,0,0
2026-08-13T03:51:04.719904,121,0,0,0,0,0
2026-08-13T03:51:04.719904,121,0,0,0,0,0
2026-08-13T03:51:04.719904,120,0,0,0,0,0
2026-08-13T03:51:04.720904,119,0,0,0,0,0
2026-08-13T03:51:04.720904,120,0,0,0,0,0
2026-08-13T03:51:04.720904,119,0,0,0,0,0
2026-08-13T03:51:04.721890,118,0,0,0,0,0
2026-08-13T03:51:04.721890,117,0,0,0,0,0
2026-08-13T03:51:04.723832,117,0,0,0,0,0
2026-08-13T03:51:04.725330,117,0,0,0,0,0
2026-08-13T03:51:04.725330,117,0,0,0,0,0
2026-08-13T03:51:04.725330,117,0,0,0,0,0
2026-08-13T03:51:04.728798,116,0,0,0,0,0
2026-08-13T03:51:04.729799,118,0,0,0,0,0
2026-08-13T03:51:04.729799,120,0,0,0,0,0
2026-08-13T03:51:04.732151,119,0,0,0,0,0
2026-08-13T03:51:04.733764,120,0,0,0,0,0
2026-08-13T03:51:04.733764,120,0,0,0,0,0
2026-08-13T03:51:04.733764,120,0,0,0,0,0
2026-08-13T03:51:04.737789,118,0,0,0,0,0
2026-08-13T03:51:04.737789,119,0,0,0,0,0
2026-08-13T03:51:04.737789,119,0,0,0,0,0
2026-08-13T03:51:04.741803,117,0,0,0,0,0
2026-08-13T03:51:04.741803,117,0,0,0,0,0
2026-08-13T03:51:04.741803,115,0,0,0,0,0
2026-08-13T03:51:04.743119,116,0,0,0,0,0
2026-08-13T03:51:04.744666,115,0,0,0,0,0
2026-08-13T03:51:04.746141,115,0,0,0,0,0
2026-08-13T03:51:04.746141,115,0,0,0,0,0
2026-08-13T03:51:04.749226,115,0,0,0,0,0
2026-08-13T03:51:04.750385,118,0,0,0,0,0
2026-08-13T03:51:04.750385,119,0,0,0,0,0
2026-08-13T03:51:04.750385,119,0,0,0,0,0
2026-08-13T03:51:04.753947,119,0,0,0,0,0
2026-08-13T03:51:04.753947,119,0,0,0,0,0
2026-08-13T03:51:04.753947,119,0,0,0,0,0
2026-08-13T03:51:04.757372,118,0,0,0,0,0
2026-08-13T03:51:04.757372,118,0,0,0,0,0
2026-08-13T03:51:04.759172,118,0,0,0,0,0
2026-08-13T03:51:04.761489,116,0,0,0,0,0
2026-08-13T03:51:04.762464,117,0,0,0,0,0
2026-08-13T03:51:04.762464,116,0,0,0,0,0
2026-08-13T03:51:04.762464,116,0,0,0,0,0
2026-08-13T03:51:04.766528,115,0,0,0,0,0
2026-08-13T03:51:04.766528,115,0,0,0,0,0
2026-08-13T03:51:04.766528,116,0,0,0,0,0
2026-08-13T03:51:04.770224,116,0,0,0,0,0
2026-08-13T03:51:04.770224,118,0,0,0,0,0
2026-08-13T03:51:04.771210,119,0,0,0,0,0
2026-08-13T03:51:04.771210,120,0,0,0,0,0
2026-08-13T03:51:04.774222,119,0,0,0,0,0
2026-08-13T03:51:04.774222,119,0,0,0,0,0
2026-08-13T03:51:04.775615,119,0,0,0,0,0
2026-08-13T03:51:04.778112,118,0,0,0,0,0
2026-08-13T03:51:04.778112,118,0,0,0,0,0
2026-08-13T03:51:04.779098,118,0,0,0,0,0
2026-08-13T03:51:04.779098,117,0,0,0,0,0
2026-08-13T03:51:04.782095,118,0,0,0,0,0
2026-08-13T03:51:04.782095,116,0,0,0,0,0
2026-08-13T03:51:04.782095,116,0,0,0,0,0
2026-08-13T03:51:04.786438,115,0,0,0,0,0
2026-08-13T03:51:04.786438,116,0,0,0,0,0
2026-08-13T03:51:04.787439,116,0,0,0,0,0
2026-08-13T03:51:04.787439,117,0,0,0,0,0
2026-08-13T03:51:04.791012,119,0,0,0,0,0
2026-08-13T03:51:04.791012,119,0,0,0,0,0
2026-08-13T03:51:04.791012,120,0,0,0,0,0
2026-08-13T03:51:04.794514,119,0,0,0,0,0
2026-08-13T03:51:04.794514,119,0,0,0,0,0
2026-08-13T03:51:04.795724,119,0,0,0,0,0
2026-08-13T03:51:04.798822,118,0,0,0,0,0
2026-08-13T03:51:04.798822,120,0,0,0,0,0
2026-08-13T03:51:04.799824,118,0,0,0,0,0
2026-08-13T03:51:04.799824,117,0,0,0,0,0
2026-08-13T03:51:04.802293,116,0,0,0,0,0
2026-08-13T03:51:04.803612,116,0,0,0,0,0
2026-08-13T03:51:04.803612,116,0,0,0,0,0
2026-08-13T03:51:04.806763,115,0,0,0,0,0
2026-08-13T03:51:04.807780,116,0,0,0,0,0
2026-08-13T03:51:04.807780,116,0,0,0,0,0
2026-08-13T03:51:04.807780,117,0,0,0,0,0
2026-08-13T03:51:04.811470,119,0,0,0,0,0
2026-08-13T03:51:04.811470,120,0,0,0,0,0
2026-08-13T03:51:04.811470,120,0,0,0,0,0
2026-08-13T03:51:04.814496,120,0,0,0,0,0
2026-08-13T03:51:04.815926,120,0,0,0,0,0
2026-08-13T03:51:04.815926,119,0,0,0,0,0
2026-08-13T03:51:04.815926,119,0,0,0,0,0
2026-08-13T03:51:04.819045,118,0,0,0,0,0
2026-08-13T03:51:04.820064,117,0,0,0,0,0
2026-08-13T03:51:04.820064,117,0,0,0,0,0
2026-08-13T03:51:04.822483,117,0,0,0,0,0
2026-08-13T03:51:04.823988,116,0,0,0,0,0
2026-08-13T03:51:04.823988,116,0,0,0,0,0
2026-08-13T03:51:04.825412,116,0,0,0,0,0
2026-08-13T03:51:04.827844,116,0,0,0,0,0
2026-08-13T03:51:04.827844,116,0,0,0,0,0
2026-08-13T03:51:04.827844,118,0,0,0,0,0
2026-08-13T03:51:04.830885,120,0,0,0,0,0
2026-08-13T03:51:04.832335,120,0,0,0,0,0
2026-08-13T03:51:04.832335,121,0,0,0,0,0
2026-08-13T03:51:04.835929,121,0,0,0,0,0
2026-08-13T03:51:04.835929,121,0,0,0,0,0
2026-08-13T03:51:04.835929,120,0,0,0,0,0
2026-08-13T03:51:04.836929,120,0,0,0,0,0
2026-08-13T03:51:04.839941,119,0,0,0,0,0
2026-08-13T03:51:04.839941,119,0,0,0,0,0
2026-08-13T03:51:04.840927,120,0,0,0,0,0
2026-08-13T03:51:04.843926,119,0,0,0,0,0
2026-08-13T03:51:04.843926,118,0,0,0,0,0
2026-08-13T03:51:04.845200,118,0,0,0,0,0
2026-08-13T03:51:04.845200,118,0,0,0,0,0
2026-08-13T03:51:04.848222,119,0,0,0,0,0
2026-08-13T03:51:04.848222,119,0,0,0,0,0
2026-08-13T03:51:04.848222,121,0,0,0,0,0
2026-08-13T03:51:04.852222,121,0,0,0,0,0
2026-08-13T03:51:04.852222,122,0,0,0,0,0
2026-08-13T03:51:04.852222,122,0,0,0,0,0
2026-08-13T03:51:04.852222,121,0,0,0,0,0
2026-08-13T03:51:04.856515,121,0,0,0,0,0
2026-08-13T03:51:04.856515,119,0,0,0,0,0
2026-08-13T03:51:04.856515,120,0,0,0,0,0
2026-08-13T03:51:04.860615,120,0,0,0,0,0
2026-08-13T03:51:04.860615,119,0,0,0,0,0
2026-08-13T03:51:04.860615,120,0,0,0,0,0
2026-08-13T03:51:04.864886,118,0,0,0,0,0
2026-08-13T03:51:04.864886,117,0,0,0,0,0
2026-08-13T03:51:04.864886,116,0,0,0,0,0
2026-08-13T03:51:04.865895,117,0,0,0,0,0
2026-08-13T03:51:04.868815,117,0,0,0,0,0
2026-08-13T03:51:04.868815,117,0,0,0,0,0
2026-08-13T03:51:04.869845,120,0,0,0,0,0
2026-08-13T03:51:04.872962,119,0,0,0,0,0
2026-08-13T03:51:04.872962,119,0,0,0,0,0
2026-08-13T03:51:04.873972,119,0,0,0,0,0
2026-08-13T03:51:04.874484,119,0,0,0,0,0
2026-08-13T03:51:04.876507,118,0,0,0,0,0
2026-08-13T03:51:04.877510,116,0,0,0,0,0
2026-08-13T03:51:04.877510,116,0,0,0,0,0
2026-08-13T03:51:04.880506,115,0,0,0,0,0
2026-08-13T03:51:04.881505,113,0,0,0,0,0
2026-08-13T03:51:04.881505,112,0,0,0,0,0
2026-08-13T03:51:04.882507,111,0,0,0,0,0
2026-08-13T03:51:04.885026,109,0,0,0,0,0
2026-08-13T03:51:04.885026,109,0,0,0,0,0
2026-08-13T03:51:04.886033,109,0,0,0,0,0
2026-08-13T03:51:04.889281,109,0,0,0,0,0
2026-08-13T03:51:04.889281,111,0,0,0,0,0
2026-08-13T03:51:04.890300,111,0,0,0,0,0
2026-08-13T03:51:04.890300,113,0,0,0,0,0
2026-08-13T03:51:04.892292,114,0,0,0,0,0
2026-08-13T03:51:04.893802,113,0,0,0,0,0
2026-08-13T03:51:04.894919,113,0,0,0,0,0
2026-08-13T03:51:04.897489,112,0,0,0,0,0
2026-08-13T03:51:04.897489,112,0,0,0,0,0
2026-08-13T03:51:04.898513,112,0,0,0,0,0
2026-08-13T03:51:04.901516,110,0,0,0,0,0
2026-08-13T03:51:04.902520,109,0,0,0,0,0
2026-08-13T03:51:04.902520,108,0,0,0,0,0
2026-08-13T03:51:04.902520,107,0,0,0,0,0
2026-08-13T03:51:04.905068,105,0,0,0,0,0
2026-08-13T03:51:04.906072,106,0,0,0,0,0
2026-08-13T03:51:04.907069,106,0,0,0,0,0
2026-08-13T03:51:04.909082,106,0,0,0,0,0
2026-08-13T03:51:04.910518,108,0,0,0,0,0
2026-08-13T03:51:04.911077,110,0,0,0,0,0
2026-08-13T03:51:04.911077,111,0,0,0,0,0
2026-08-13T03:51:04.913856,112,0,0,0,0,0
2026-08-13T03:51:04.913856,111,0,0,0,0,0
2026-08-13T03:51:04.914864,112,0,0,0,0,0
2026-08-13T03:51:04.917990,110,0,0,0,0,0
2026-08-13T03:51:04.917990,112,0,0,0,0,0
2026-08-13T03:51:04.918983,111,0,0,0,0,0
2026-08-13T03:51:04.919981,108,0,0,0,0,0
2026-08-13T03:51:04.921993,108,0,0,0,0,0
2026-08-13T03:51:04.921993,106,0,0,0,0,0
2026-08-13T03:51:04.922999,106,0,0,0,0,0
2026-08-13T03:51:04.926216,104,0,0,0,0,0
2026-08-13T03:51:04.926216,104,0,0,0,0,0
2026-08-13T03:51:04.927214,104,0,0,0,0,0
2026-08-13T03:51:04.930225,103,0,0,0,0,0
2026-08-13T03:51:04.930225,105,0,0,0,0,0
2026-08-13T03:51:04.931220,106,0,0,0,0,0
2026-08-13T03:51:04.931220,107,0,0,0,0,0
2026-08-13T03:51:04.933753,107,0,0,0,0,0
2026-08-13T03:51:04.934774,107,0,0,0,0,0
2026-08-13T03:51:04.934774,107,0,0,0,0,0
2026-08-13T03:51:04.938547,107,0,0,0,0,0
2026-08-13T03:51:04.938547,107,0,0,0,0,0
2026-08-13T03:51:04.938547,106,0,0,0,0,0
2026-08-13T03:51:04.939569,104,0,0,0,0,0
2026-08-13T03:51:04.942570,104,0,0,0,0,0
2026-08-13T03:51:04.942570,102,0,0,0,0,0
2026-08-13T03:51:04.942570,102,0,0,0,0,0
2026-08-13T03:51:04.946640,100,0,0,0,0,0
2026-08-13T03:51:04.946640,100,0,0,0,0,0
2026-08-13T03:51:04.946640,100,0,0,0,0,0
2026-08-13T03:51:04.947651,100,0,0,0,0,0
2026-08-13T03:51:04.950865,103,0,0,0,0,0
2026-08-13T03:51:04.950865,102,0,0,0,0,0
2026-08-13T03:51:04.951885,103,0,0,0,0,0
2026-08-13T03:51:04.954435,103,0,0,0,0,0
2026-08-13T03:51:04.954435,104,0,0,0,0,0
2026-08-13T03:51:04.955433,104,0,0,0,0,0
2026-08-13T03:51:04.955433,102,0,0,0,0,0
2026-08-13T03:51:04.958466,103,0,0,0,0,0
2026-08-13T03:51:04.959442,102,0,0,0,0,0
2026-08-13T03:51:04.959442,102,0,0,0,0,0
2026-08-13T03:51:04.962958,101,0,0,0,0,0
2026-08-13T03:51:04.962958,100,0,0,0,0,0
2026-08-13T03:51:04.963959,99,0,0,0,0,0
2026-08-13T03:51:04.966478,99,0,0,0,0,0
2026-08-13T03:51:04.967478,100,0,0,0,0,0
2026-08-13T03:51:04.967478,99,0,0,0,0,0
2026-08-13T03:51:04.967478,100,0,0,0,0,0
2026-08-13T03:51:04.970941,102,0,0,0,0,0
2026-08-13T03:51:04.970941,103,0,0,0,0,0
2026-08-13T03:51:04.971926,104,0,0,0,0,0
2026-08-13T03:51:04.974460,104,0,0,0,0,0
2026-08-13T03:51:04.975467,104,0,0,0,0,0
2026-08-13T03:51:04.975467,102,0,0,0,0,0
2026-08-13T03:51:04.976467,102,0,0,0,0,0
2026-08-13T03:51:04.979477,102,0,0,0,0,0
2026-08-13T03:51:04.979477,101,0,0,0,0,0
2026-08-13T03:51:04.980467,101,0,0,0,0,0
2026-08-13T03:51:04.982467,101,0,0,0,0,0
2026-08-13T03:51:04.983974,100,0,0,0,0,0
2026-08-13T03:51:04.983974,100,0,0,0,0,0
2026-08-13T03:51:04.984982,101,0,0,0,0,0
2026-08-13T03:51:04.986995,102,0,0,0,0,0
2026-08-13T03:51:04.987983,102,0,0,0,0,0
2026-08-13T03:51:04.987983,102,0,0,0,0,0
2026-08-13T03:51:04.991745,105,0,0,0,0,0
2026-08-13T03:51:04.991745,105,0,0,0,0,0
2026-08-13T03:51:04.992750,106,0,0,0,0,0
2026-08-13T03:51:04.995391,105,0,0,0,0,0
2026-08-13T03:51:04.995391,105,0,0,0,0,0
2026-08-13T03:51:04.996529,104,0,0,0,0,0
2026-08-13T03:51:04.996529,104,0,0,0,0,0
2026-08-13T03:51:04.999533,104,0,0,0,0,0
2026-08-13T03:51:05.000528,102,0,0,0,0,0
2026-08-13T03:51:05.000528,102,0,0,0,0,0
2026-08-13T03:51:05.002462,102,0,0,0,0,0
2026-08-13T03:51:05.004117,102,0,0,0,0,0
2026-08-13T03:51:05.005256,100,0,0,0,0,0
2026-08-13T03:51:05.005256,100,0,0,0,0,0
2026-08-13T03:51:05.007144,100,0,0,0,0,0
2026-08-13T03:51:05.008142,100,0,0,0,0,0
2026-08-13T03:51:05.009142,102,0,0,0,0,0
2026-08-13T03:51:05.012142,103,0,0,0,0,0
2026-08-13T03:51:05.012142,103,0,0,0,0,0
2026-08-13T03:51:05.012142,103,0,0,0,0,0
2026-08-13T03:51:05.013664,104,0,0,0,0,0
2026-08-13T03:51:05.015694,103,0,0,0,0,0
2026-08-13T03:51:05.016692,102,0,0,0,0,0
2026-08-13T03:51:05.016692,103,0,0,0,0,0
2026-08-13T03:51:05.019692,102,0,0,0,0,0
2026-08-13T03:51:05.020692,101,0,0,0,0,0
2026-08-13T03:51:05.020692,101,0,0,0,0,0
2026-08-13T03:51:05.021692,100,0,0,0,0,0
2026-08-13T03:51:05.023707,100,0,0,0,0,0
2026-08-13T03:51:05.025303,99,0,0,0,0,0
2026-08-13T03:51:05.025303,99,0,0,0,0,0
2026-08-13T03:51:05.028344,100,0,0,0,0,0
2026-08-13T03:51:05.028344,99,0,0,0,0,0
2026-08-13T03:51:05.029366,101,0,0,0,0,0
2026-08-13T03:51:05.032640,102,0,0,0,0,0
2026-08-13T03:51:05.032640,103,0,0,0,0,0
2026-08-13T03:51:05.032640,103,0,0,0,0,0
2026-08-13T03:51:05.033655,103,0,0,0,0,0
2026-08-13T03:51:05.036677,103,0,0,0,0,0
2026-08-13T03:51:05.036677,102,0,0,0,0,0
2026-08-13T03:51:05.037681,102,0,0,0,0,0
2026-08-13T03:51:05.040731,102,0,0,0,0,0
2026-08-13T03:51:05.041714,101,0,0,0,0,0
2026-08-13T03:51:05.041714,101,0,0,0,0,0
2026-08-13T03:51:05.042713,100,0,0,0,0,0
2026-08-13T03:51:05.044247,99,0,0,0,0,0
2026-08-13T03:51:05.045242,98,0,0,0,0,0
2026-08-13T03:51:05.045242,99,0,0,0,0,0
2026-08-13T03:51:05.048250,99,0,0,0,0,0
2026-08-13T03:51:05.049248,99,0,0,0,0,0
2026-08-13T03:51:05.049248,102,0,0,0,0,0
2026-08-13T03:51:05.050250,103,0,0,0,0,0
2026-08-13T03:51:05.052264,104,0,0,0,0,0
2026-08-13T03:51:05.052264,104,0,0,0,0,0
2026-08-13T03:51:05.053774,104,0,0,0,0,0
2026-08-13T03:51:05.056797,103,0,0,0,0,0
2026-08-13T03:51:05.057783,103,0,0,0,0,0
2026-08-13T03:51:05.057783,103,0,0,0,0,0
2026-08-13T03:51:05.057783,102,0,0,0,0,0
2026-08-13T03:51:05.061317,101,0,0,0,0,0
2026-08-13T03:51:05.061818,101,0,0,0,0,0
2026-08-13T03:51:05.061818,100,0,0,0,0,0
2026-08-13T03:51:05.065405,100,0,0,0,0,0
2026-08-13T03:51:05.065405,99,0,0,0,0,0
2026-08-13T03:51:05.065405,99,0,0,0,0,0
2026-08-13T03:51:05.069599,100,0,0,0,0,0
2026-08-13T03:51:05.069599,101,0,0,0,0,0
2026-08-13T03:51:05.069599,104,0,0,0,0,0
2026-08-13T03:51:05.070582,104,0,0,0,0,0
2026-08-13T03:51:05.073596,104,0,0,0,0,0
2026-08-13T03:51:05.073596,103,0,0,0,0,0
2026-08-13T03:51:05.074678,104,0,0,0,0,0
2026-08-13T03:51:05.077685,103,0,0,0,0,0
2026-08-13T03:51:05.077685,103,0,0,0,0,0
2026-08-13T03:51:05.078672,103,0,0,0,0,0
2026-08-13T03:51:05.078672,102,0,0,0,0,0
2026-08-13T03:51:05.081675,101,0,0,0,0,0
2026-08-13T03:51:05.081675,101,0,0,0,0,0
2026-08-13T03:51:05.082677,101,0,0,0,0,0
2026-08-13T03:51:05.085827,101,0,0,0,0,0
2026-08-13T03:51:05.085827,100,0,0,0,0,0
2026-08-13T03:51:05.086828,101,0,0,0,0,0
2026-08-13T03:51:05.087826,100,0,0,0,0,0
2026-08-13T03:51:05.089992,102,0,0,0,0,0
2026-08-13T03:51:05.089992,103,0,0,0,0,0
2026-08-13T03:51:05.091083,103,0,0,0,0,0
2026-08-13T03:51:05.093606,103,0,0,0,0,0
2026-08-13T03:51:05.094616,103,0,0,0,0,0
2026-08-13T03:51:05.094616,104,0,0,0,0,0
2026-08-13T03:51:05.097624,103,0,0,0,0,0
2026-08-13T03:51:05.098625,103,0,0,0,0,0
2026-08-13T03:51:05.098625,103,0,0,0,0,0
2026-08-13T03:51:05.099624,102,0,0,0,0,0
2026-08-13T03:51:05.101622,102,0,0,0,0,0
2026-08-13T03:51:05.102623,102,0,0,0,0,0
2026-08-13T03:51:05.102623,101,0,0,0,0,0
2026-08-13T03:51:05.106147,99,0,0,0,0,0
2026-08-13T03:51:05.106147,100,0,0,0,0,0
2026-08-13T03:51:05.107146,100,0,0,0,0,0
2026-08-13T03:51:05.107146,100,0,0,0,0,0
2026-08-13T03:51:05.110465,102,0,0,0,0,0
2026-08-13T03:51:05.110465,103,0,0,0,0,0
2026-08-13T03:51:05.111478,103,0,0,0,0,0
2026-08-13T03:51:05.114574,104,0,0,0,0,0
2026-08-13T03:51:05.114574,104,0,0,0,0,0
2026-08-13T03:51:05.114574,104,0,0,0,0,0
2026-08-13T03:51:05.115798,102,0,0,0,0,0
2026-08-13T03:51:05.118661,104,0,0,0,0,0
2026-08-13T03:51:05.118661,102,0,0,0,0,0
2026-08-13T03:51:05.119676,102,0,0,0,0,0
2026-08-13T03:51:05.122790,102,0,0,0,0,0
2026-08-13T03:51:05.122790,100,0,0,0,0,0
2026-08-13T03:51:05.123799,99,0,0,0,0,0
2026-08-13T03:51:05.125811,100,0,0,0,0,0
2026-08-13T03:51:05.126812,100,0,0,0,0,0
2026-08-13T03:51:05.126812,100,0,0,0,0,0
2026-08-13T03:51:05.127812,99,0,0,0,0,0
2026-08-13T03:51:05.130929,102,0,0,0,0,0
2026-08-13T03:51:05.130929,104,0,0,0,0,0
2026-08-13T03:51:05.131942,104,0,0,0,0,0
2026-08-13T03:51:05.134806,105,0,0,0,0,0
2026-08-13T03:51:05.134806,104,0,0,0,0,0
2026-08-13T03:51:05.145336,103,0,0,0,0,0
2026-08-13T03:51:05.146344,103,0,0,0,0,0
2026-08-13T03:51:05.146344,103,0,0,0,0,0
2026-08-13T03:51:05.147356,103,0,0,0,0,0
2026-08-13T03:51:05.147356,101,0,0,0,0,0
2026-08-13T03:51:05.148344,102,0,0,0,0,0
2026-08-13T03:51:05.148344,101,0,0,0,0,0
2026-08-13T03:51:05.148344,100,0,0,0,0,0
2026-08-13T03:51:05.149343,100,0,0,0,0,0
2026-08-13T03:51:05.149343,101,0,0,0,0,0
2026-08-13T03:51:05.150345,100,0,0,0,0,0
2026-08-13T03:51:05.150345,101,0,0,0,0,0
2026-08-13T03:51:05.150345,103,0,0,0,0,0
2026-08-13T03:51:05.151838,103,0,0,0,0,0
2026-08-13T03:51:05.151838,104,0,0,0,0,0
2026-08-13T03:51:05.151838,103,0,0,0,0,0
2026-08-13T03:51:05.154902,104,0,0,0,0,0
2026-08-13T03:51:05.155904,103,0,0,0,0,0
2026-08-13T03:51:05.155904,102,0,0,0,0,0
2026-08-13T03:51:05.158917,103,0,0,0,0,0
2026-08-13T03:51:05.158917,102,0,0,0,0,0
2026-08-13T03:51:05.160442,102,0,0,0,0,0
2026-08-13T03:51:05.162458,102,0,0,0,0,0
2026-08-13T03:51:05.163964,100,0,0,0,0,0
2026-08-13T03:51:05.163964,100,0,0,0,0,0
2026-08-13T03:51:05.164971,100,0,0,0,0,0
2026-08-13T03:51:05.167816,100,0,0,0,0,0
2026-08-13T03:51:05.167816,100,0,0,0,0,0
2026-08-13T03:51:05.168837,101,0,0,0,0,0
2026-08-13T03:51:05.171915,103,0,0,0,0,0
2026-08-13T03:51:05.171915,103,0,0,0,0,0
2026-08-13T03:51:05.172930,103,0,0,0,0,0
2026-08-13T03:51:05.172930,104,0,0,0,0,0
2026-08-13T03:51:05.175481,104,0,0,0,0,0
2026-08-13T03:51:05.176474,103,0,0,0,0,0
2026-08-13T03:51:05.177464,103,0,0,0,0,0
2026-08-13T03:51:05.179477,103,0,0,0,0,0
2026-08-13T03:51:05.180459,101,0,0,0,0,0
2026-08-13T03:51:05.180459,102,0,0,0,0,0
2026-08-13T03:51:05.181468,101,0,0,0,0,0
2026-08-13T03:51:05.183996,101,0,0,0,0,0
2026-08-13T03:51:05.183996,100,0,0,0,0,0
2026-08-13T03:51:05.185011,100,0,0,0,0,0
2026-08-13T03:51:05.188290,100,0,0,0,0,0
2026-08-13T03:51:05.188290,100,0,0,0,0,0
2026-08-13T03:51:05.188290,101,0,0,0,0,0
2026-08-13T03:51:05.189309,104,0,0,0,0,0
2026-08-13T03:51:05.191657,103,0,0,0,0,0
2026-08-13T03:51:05.192634,105,0,0,0,0,0
2026-08-13T03:51:05.192634,104,0,0,0,0,0
2026-08-13T03:51:05.196073,104,0,0,0,0,0
2026-08-13T03:51:05.197064,103,0,0,0,0,0
2026-08-13T03:51:05.197064,103,0,0,0,0,0
2026-08-13T03:51:05.200065,103,0,0,0,0,0
2026-08-13T03:51:05.201066,101,0,0,0,0,0
2026-08-13T03:51:05.201066,102,0,0,0,0,0
2026-08-13T03:51:05.202053,100,0,0,0,0,0
2026-08-13T03:51:05.204066,101,0,0,0,0,0
2026-08-13T03:51:05.205250,100,0,0,0,0,0
2026-08-13T03:51:05.205250,100,0,0,0,0,0
2026-08-13T03:51:05.208253,100,0,0,0,0,0
2026-08-13T03:51:05.209253,100,0,0,0,0,0
2026-08-13T03:51:05.209253,103,0,0,0,0,0
2026-08-13T03:51:05.210252,104,0,0,0,0,0
2026-08-13T03:51:05.212289,104,0,0,0,0,0
2026-08-13T03:51:05.212289,103,0,0,0,0,0
2026-08-13T03:51:05.213805,104,0,0,0,0,0
2026-08-13T03:51:05.216827,103,0,0,0,0,0
2026-08-13T03:51:05.216827,103,0,0,0,0,0
2026-08-13T03:51:05.217827,103,0,0,0,0,0
2026-08-13T03:51:05.217827,102,0,0,0,0,0
2026-08-13T03:51:05.220850,101,0,0,0,0,0
2026-08-13T03:51:05.221824,102,0,0,0,0,0
2026-08-13T03:51:05.221824,101,0,0,0,0,0
2026-08-13T03:51:05.224954,100,0,0,0,0,0
2026-08-13T03:51:05.225968,99,0,0,0,0,0
2026-08-13T03:51:05.225968,102,0,0,0,0,0
2026-08-13T03:51:05.229153,100,0,0,0,0,0
2026-08-13T03:51:05.229153,101,0,0,0,0,0
2026-08-13T03:51:05.230172,103,0,0,0,0,0
2026-08-13T03:51:05.230172,103,0,0,0,0,0
2026-08-13T03:51:05.233365,104,0,0,0,0,0
2026-08-13T03:51:05.233888,105,0,0,0,0,0
2026-08-13T03:51:05.234906,104,0,0,0,0,0
2026-08-13T03:51:05.237443,103,0,0,0,0,0
2026-08-13T03:51:05.237443,103,0,0,0,0,0
2026-08-13T03:51:05.238490,103,0,0,0,0,0
2026-08-13T03:51:05.239474,102,0,0,0,0,0
2026-08-13T03:51:05.241533,102,0,0,0,0,0
2026-08-13T03:51:05.241533,102,0,0,0,0,0
2026-08-13T03:51:05.242559,101,0,0,0,0,0
2026-08-13T03:51:05.245075,100,0,0,0,0,0
2026-08-13T03:51:05.246090,99,0,0,0,0,0
2026-08-13T03:51:05.247076,100,0,0,0,0,0
2026-08-13T03:51:05.247076,100,0,0,0,0,0
2026-08-13T03:51:05.249076,101,0,0,0,0,0
2026-08-13T03:51:05.250076,103,0,0,0,0,0
2026-08-13T03:51:05.250076,103,0,0,0,0,0
2026-08-13T03:51:05.253647,104,0,0,0,0,0
2026-08-13T03:51:05.253647,104,0,0,0,0,0
2026-08-13T03:51:05.255080,104,0,0,0,0,0
2026-08-13T03:51:05.255080,103,0,0,0,0,0
2026-08-13T03:51:05.257564,103,0,0,0,0,0
2026-08-13T03:51:05.258566,104,0,0,0,0,0
2026-08-13T03:51:05.258566,102,0,0,0,0,0
2026-08-13T03:51:05.261073,101,0,0,0,0,0
2026-08-13T03:51:05.262081,101,0,0,0,0,0
2026-08-13T03:51:05.263083,101,0,0,0,0,0
2026-08-13T03:51:05.265598,100,0,0,0,0,0
2026-08-13T03:51:05.266606,99,0,0,0,0,0
2026-08-13T03:51:05.266606,99,0,0,0,0,0
2026-08-13T03:51:05.267607,99,0,0,0,0,0
2026-08-13T03:51:05.270208,101,0,0,0,0,0
2026-08-13T03:51:05.270208,103,0,0,0,0,0
2026-08-13T03:51:05.270208,103,0,0,0,0,0
2026-08-13T03:51:05.273581,104,0,0,0,0,0
2026-08-13T03:51:05.275622,103,0,0,0,0,0
2026-08-13T03:51:05.275622,103,0,0,0,0,0
2026-08-13T03:51:05.276624,102,0,0,0,0,0
2026-08-13T03:51:05.278416,102,0,0,0,0,0
2026-08-13T03:51:05.278416,102,0,0,0,0,0
2026-08-13T03:51:05.279431,101,0,0,0,0,0
2026-08-13T03:51:05.282430,100,0,0,0,0,0
2026-08-13T03:51:05.282430,100,0,0,0,0,0
2026-08-13T03:51:05.282430,100,0,0,0,0,0
2026-08-13T03:51:05.283938,99,0,0,0,0,0
2026-08-13T03:51:05.285946,99,0,0,0,0,0
2026-08-13T03:51:05.286946,99,0,0,0,0,0
2026-08-13T03:51:05.286946,100,0,0,0,0,0
2026-08-13T03:51:05.289946,101,0,0,0,0,0
2026-08-13T03:51:05.290948,103,0,0,0,0,0
2026-08-13T03:51:05.291950,103,0,0,0,0,0
2026-08-13T03:51:05.291950,103,0,0,0,0,0
2026-08-13T03:51:05.294503,103,0,0,0,0,0
2026-08-13T03:51:05.295515,102,0,0,0,0,0
2026-08-13T03:51:05.295515,101,0,0,0,0,0
2026-08-13T03:51:05.298740,101,0,0,0,0,0
2026-08-13T03:51:05.298740,100,0,0,0,0,0
2026-08-13T03:51:05.299757,100,0,0,0,0,0
2026-08-13T03:51:05.302756,100,0,0,0,0,0
2026-08-13T03:51:05.303756,100,0,0,0,0,0
2026-08-13T03:51:05.304263,99,0,0,0,0,0
2026-08-13T03:51:05.304263,98,0,0,0,0,0
2026-08-13T03:51:05.306306,98,0,0,0,0,0
2026-08-13T03:51:05.307279,98,0,0,0,0,0
2026-08-13T03:51:05.308280,99,0,0,0,0,0
2026-08-13T03:51:05.311278,101,0,0,0,0,0
2026-08-13T03:51:05.311278,102,0,0,0,0,0
2026-08-13T03:51:05.312283,103,0,0,0,0,0
2026-08-13T03:51:05.313019,103,0,0,0,0,0
2026-08-13T03:51:05.315033,103,0,0,0,0,0
2026-08-13T03:51:05.315033,102,0,0,0,0,0
2026-08-13T03:51:05.316047,102,0,0,0,0,0
2026-08-13T03:51:05.319047,103,0,0,0,0,0
2026-08-13T03:51:05.319047,102,0,0,0,0,0
2026-08-13T03:51:05.320033,102,0,0,0,0,0
2026-08-13T03:51:05.320033,102,0,0,0,0,0
2026-08-13T03:51:05.323543,101,0,0,0,0,0
2026-08-13T03:51:05.324055,101,0,0,0,0,0
2026-08-13T03:51:05.324055,101,0,0,0,0,0
2026-08-13T03:51:05.327543,102,0,0,0,0,0
2026-08-13T03:51:05.327543,101,0,0,0,0,0
2026-08-13T03:51:05.328652,103,0,0,0,0,0
2026-08-13T03:51:05.331659,105,0,0,0,0,0
2026-08-13T03:51:05.331659,106,0,0,0,0,0
2026-08-13T03:51:05.332652,107,0,0,0,0,0
2026-08-13T03:51:05.333652,107,0,0,0,0,0
2026-08-13T03:51:05.335792,108,0,0,0,0,0
2026-08-13T03:51:05.335792,107,0,0,0,0,0
2026-08-13T03:51:05.336816,108,0,0,0,0,0
2026-08-13T03:51:05.339840,108,0,0,0,0,0
2026-08-13T03:51:05.339840,106,0,0,0,0,0
2026-08-13T03:51:05.341070,105,0,0,0,0,0
2026-08-13T03:51:05.342084,105,0,0,0,0,0
2026-08-13T03:51:05.343606,104,0,0,0,0,0
2026-08-13T03:51:05.344616,103,0,0,0,0,0
2026-08-13T03:51:05.344616,103,0,0,0,0,0
2026-08-13T03:51:05.347628,103,0,0,0,0,0
2026-08-13T03:51:05.348627,102,0,0,0,0,0
2026-08-13T03:51:05.348627,104,0,0,0,0,0
2026-08-13T03:51:05.349630,106,0,0,0,0,0
2026-08-13T03:51:05.351629,106,0,0,0,0,0
2026-08-13T03:51:05.352626,106,0,0,0,0,0
2026-08-13T03:51:05.352626,106,0,0,0,0,0
2026-08-13T03:51:05.356153,105,0,0,0,0,0
2026-08-13T03:51:05.356153,105,0,0,0,0,0
2026-08-13T03:51:05.357156,105,0,0,0,0,0
2026-08-13T03:51:05.357156,105,0,0,0,0,0
2026-08-13T03:51:05.359159,103,0,0,0,0,0
2026-08-13T03:51:05.360668,103,0,0,0,0,0
2026-08-13T03:51:05.361681,103,0,0,0,0,0
2026-08-13T03:51:05.364184,102,0,0,0,0,0
2026-08-13T03:51:05.364184,102,0,0,0,0,0
2026-08-13T03:51:05.365394,101,0,0,0,0,0
2026-08-13T03:51:05.368518,102,0,0,0,0,0
2026-08-13T03:51:05.368518,102,0,0,0,0,0
2026-08-13T03:51:05.369537,103,0,0,0,0,0
2026-08-13T03:51:05.369537,104,0,0,0,0,0
2026-08-13T03:51:05.372614,104,0,0,0,0,0
2026-08-13T03:51:05.372614,105,0,0,0,0,0
2026-08-13T03:51:05.373622,105,0,0,0,0,0
2026-08-13T03:51:05.376631,105,0,0,0,0,0
2026-08-13T03:51:05.376631,102,0,0,0,0,0
2026-08-13T03:51:05.377633,103,0,0,0,0,0
2026-08-13T03:51:05.377633,103,0,0,0,0,0
2026-08-13T03:51:05.380645,102,0,0,0,0,0
2026-08-13T03:51:05.380645,103,0,0,0,0,0
2026-08-13T03:51:05.381645,101,0,0,0,0,0
2026-08-13T03:51:05.384184,102,0,0,0,0,0
2026-08-13T03:51:05.385179,101,0,0,0,0,0
2026-08-13T03:51:05.385179,101,0,0,0,0,0
2026-08-13T03:51:05.386177,101,0,0,0,0,0
2026-08-13T03:51:05.388991,101,0,0,0,0,0
2026-08-13T03:51:05.388991,103,0,0,0,0,0
2026-08-13T03:51:05.390006,104,0,0,0,0,0
2026-08-13T03:51:05.393032,104,0,0,0,0,0
2026-08-13T03:51:05.393032,105,0,0,0,0,0
2026-08-13T03:51:05.394007,105,0,0,0,0,0
2026-08-13T03:51:05.397190,104,0,0,0,0,0
2026-08-13T03:51:05.397190,103,0,0,0,0,0
2026-08-13T03:51:05.398205,104,0,0,0,0,0
2026-08-13T03:51:05.398205,103,0,0,0,0,0
2026-08-13T03:51:05.401107,102,0,0,0,0,0
2026-08-13T03:51:05.401107,102,0,0,0,0,0
2026-08-13T03:51:05.402110,101,0,0,0,0,0
2026-08-13T03:51:05.404645,101,0,0,0,0,0
2026-08-13T03:51:05.405635,99,0,0,0,0,0
2026-08-13T03:51:05.406637,101,0,0,0,0,0
2026-08-13T03:51:05.407634,99,0,0,0,0,0
2026-08-13T03:51:05.409630,100,0,0,0,0,0
2026-08-13T03:51:05.409630,102,0,0,0,0,0
2026-08-13T03:51:05.410637,103,0,0,0,0,0
2026-08-13T03:51:05.413642,103,0,0,0,0,0
2026-08-13T03:51:05.414161,103,0,0,0,0,0
2026-08-13T03:51:05.415178,104,0,0,0,0,0
2026-08-13T03:51:05.415178,103,0,0,0,0,0
2026-08-13T03:51:05.417664,102,0,0,0,0,0
2026-08-13T03:51:05.417664,103,0,0,0,0,0
2026-08-13T03:51:05.418679,102,0,0,0,0,0
2026-08-13T03:51:05.421735,101,0,0,0,0,0
2026-08-13T03:51:05.421735,101,0,0,0,0,0
2026-08-13T03:51:05.422763,99,0,0,0,0,0
2026-08-13T03:51:05.423764,99,0,0,0,0,0
2026-08-13T03:51:05.425293,99,0,0,0,0,0
2026-08-13T03:51:05.426306,100,0,0,0,0,0
2026-08-13T03:51:05.427305,99,0,0,0,0,0
2026-08-13T03:51:05.429304,101,0,0,0,0,0
2026-08-13T03:51:05.430303,103,0,0,0,0,0
2026-08-13T03:51:05.431304,103,0,0,0,0,0
2026-08-13T03:51:05.433830,104,0,0,0,0,0
2026-08-13T03:51:05.433830,104,0,0,0,0,0
2026-08-13T03:51:05.434852,104,0,0,0,0,0
2026-08-13T03:51:05.435850,103,0,0,0,0,0
2026-08-13T03:51:05.437357,103,0,0,0,0,0
2026-08-13T03:51:05.438365,103,0,0,0,0,0
2026-08-13T03:51:05.438365,102,0,0,0,0,0
2026-08-13T03:51:05.441366,102,0,0,0,0,0
2026-08-13T03:51:05.442364,101,0,0,0,0,0
2026-08-13T03:51:05.442364,99,0,0,0,0,0
2026-08-13T03:51:05.443872,99,0,0,0,0,0
2026-08-13T03:51:05.446340,100,0,0,0,0,0
2026-08-13T03:51:05.446340,100,0,0,0,0,0
2026-08-13T03:51:05.447358,100,0,0,0,0,0
2026-08-13T03:51:05.450440,101,0,0,0,0,0
2026-08-13T03:51:05.450440,103,0,0,0,0,0
2026-08-13T03:51:05.451456,103,0,0,0,0,0
2026-08-13T03:51:05.451456,104,0,0,0,0,0
2026-08-13T03:51:05.454104,103,0,0,0,0,0
2026-08-13T03:51:05.455127,103,0,0,0,0,0
2026-08-13T03:51:05.456125,102,0,0,0,0,0
2026-08-13T03:51:05.458124,102,0,0,0,0,0
2026-08-13T03:51:05.459124,103,0,0,0,0,0
2026-08-13T03:51:05.459124,102,0,0,0,0,0
2026-08-13T03:51:05.462653,102,0,0,0,0,0
2026-08-13T03:51:05.463655,101,0,0,0,0,0
2026-08-13T03:51:05.464167,101,0,0,0,0,0
2026-08-13T03:51:05.464167,100,0,0,0,0,0
2026-08-13T03:51:05.466194,99,0,0,0,0,0
2026-08-13T03:51:05.467192,100,0,0,0,0,0
2026-08-13T03:51:05.467192,99,0,0,0,0,0
2026-08-13T03:51:05.470192,102,0,0,0,0,0
2026-08-13T03:51:05.471191,103,0,0,0,0,0
2026-08-13T03:51:05.471191,103,0,0,0,0,0
2026-08-13T03:51:05.472189,103,0,0,0,0,0
2026-08-13T03:51:05.474738,104,0,0,0,0,0
2026-08-13T03:51:05.474738,104,0,0,0,0,0
2026-08-13T03:51:05.475741,103,0,0,0,0,0
2026-08-13T03:51:05.478765,103,0,0,0,0,0
2026-08-13T03:51:05.478765,103,0,0,0,0,0
2026-08-13T03:51:05.479748,102,0,0,0,0,0
2026-08-13T03:51:05.479748,102,0,0,0,0,0
2026-08-13T03:51:05.482751,101,0,0,0,0,0
2026-08-13T03:51:05.483752,101,0,0,0,0,0
2026-08-13T03:51:05.483752,100,0,0,0,0,0
2026-08-13T03:51:05.487327,100,0,0,0,0,0
2026-08-13T03:51:05.487327,101,0,0,0,0,0
2026-08-13T03:51:05.487327,100,0,0,0,0,0
2026-08-13T03:51:05.488343,103,0,0,0,0,0
2026-08-13T03:51:05.491380,104,0,0,0,0,0
2026-08-13T03:51:05.491380,105,0,0,0,0,0
2026-08-13T03:51:05.491380,106,0,0,0,0,0
2026-08-13T03:51:05.495479,106,0,0,0,0,0
2026-08-13T03:51:05.495479,105,0,0,0,0,0
2026-08-13T03:51:05.496486,104,0,0,0,0,0
2026-08-13T03:51:05.499511,105,0,0,0,0,0
2026-08-13T03:51:05.499511,104,0,0,0,0,0
2026-08-13T03:51:05.500487,103,0,0,0,0,0
2026-08-13T03:51:05.500487,102,0,0,0,0,0
2026-08-13T03:51:05.502831,101,0,0,0,0,0
2026-08-13T03:51:05.503837,101,0,0,0,0,0
2026-08-13T03:51:05.504848,100,0,0,0,0,0
2026-08-13T03:51:05.507847,101,0,0,0,0,0
2026-08-13T03:51:05.507847,101,0,0,0,0,0
2026-08-13T03:51:05.508863,102,0,0,0,0,0
2026-08-13T03:51:05.509849,104,0,0,0,0,0
2026-08-13T03:51:05.511851,104,0,0,0,0,0
2026-08-13T03:51:05.511851,105,0,0,0,0,0
2026-08-13T03:51:05.512875,104,0,0,0,0,0
2026-08-13T03:51:05.515370,104,0,0,0,0,0
2026-08-13T03:51:05.516378,104,0,0,0,0,0
2026-08-13T03:51:05.516378,103,0,0,0,0,0
2026-08-13T03:51:05.517380,104,0,0,0,0,0
2026-08-13T03:51:05.519381,102,0,0,0,0,0
2026-08-13T03:51:05.520378,102,0,0,0,0,0
2026-08-13T03:51:05.521380,102,0,0,0,0,0
2026-08-13T03:51:05.523903,101,0,0,0,0,0
2026-08-13T03:51:05.524922,101,0,0,0,0,0
2026-08-13T03:51:05.525926,101,0,0,0,0,0
2026-08-13T03:51:05.527939,101,0,0,0,0,0
2026-08-13T03:51:05.528966,101,0,0,0,0,0
2026-08-13T03:51:05.528966,102,0,0,0,0,0
2026-08-13T03:51:05.529938,105,0,0,0,0,0
2026-08-13T03:51:05.531955,105,0,0,0,0,0
2026-08-13T03:51:05.532466,104,0,0,0,0,0
2026-08-13T03:51:05.532466,105,0,0,0,0,0
2026-08-13T03:51:05.536045,105,0,0,0,0,0
2026-08-13T03:51:05.537042,104,0,0,0,0,0
2026-08-13T03:51:05.537582,104,0,0,0,0,0
2026-08-13T03:51:05.538092,104,0,0,0,0,0
2026-08-13T03:51:05.540456,103,0,0,0,0,0
2026-08-13T03:51:05.541471,102,0,0,0,0,0
2026-08-13T03:51:05.541471,102,0,0,0,0,0
2026-08-13T03:51:05.543884,101,0,0,0,0,0
2026-08-13T03:51:05.544900,101,0,0,0,0,0
2026-08-13T03:51:05.544900,101,0,0,0,0,0
2026-08-13T03:51:05.545898,101,0,0,0,0,0
2026-08-13T03:51:05.547907,101,0,0,0,0,0
2026-08-13T03:51:05.548906,103,0,0,0,0,0
2026-08-13T03:51:05.548906,104,0,0,0,0,0
2026-08-13T03:51:05.552388,104,0,0,0,0,0
2026-08-13T03:51:05.552388,105,0,0,0,0,0
2026-08-13T03:51:05.552388,105,0,0,0,0,0
2026-08-13T03:51:05.553893,105,0,0,0,0,0
2026-08-13T03:51:05.556916,104,0,0,0,0,0
2026-08-13T03:51:05.556916,104,0,0,0,0,0
2026-08-13T03:51:05.557936,104,0,0,0,0,0
2026-08-13T03:51:05.560495,103,0,0,0,0,0
2026-08-13T03:51:05.560495,103,0,0,0,0,0
2026-08-13T03:51:05.561535,102,0,0,0,0,0
2026-08-13T03:51:05.565027,101,0,0,0,0,0
2026-08-13T03:51:05.565027,101,0,0,0,0,0
2026-08-13T03:51:05.565027,101,0,0,0,0,0
2026-08-13T03:51:05.566026,102,0,0,0,0,0
2026-08-13T03:51:05.569031,102,0,0,0,0,0
2026-08-13T03:51:05.569031,104,0,0,0,0,0
2026-08-13T03:51:05.569031,105,0,0,0,0,0
2026-08-13T03:51:05.573032,105,0,0,0,0,0
2026-08-13T03:51:05.573032,106,0,0,0,0,0
2026-08-13T03:51:05.574029,105,0,0,0,0,0
2026-08-13T03:51:05.574539,105,0,0,0,0,0
2026-08-13T03:51:05.576562,103,0,0,0,0,0
2026-08-13T03:51:05.577559,103,0,0,0,0,0
2026-08-13T03:51:05.577559,104,0,0,0,0,0
2026-08-13T03:51:05.581558,103,0,0,0,0,0
2026-08-13T03:51:05.581558,102,0,0,0,0,0
2026-08-13T03:51:05.582560,102,0,0,0,0,0
2026-08-13T03:51:05.582560,102,0,0,0,0,0
2026-08-13T03:51:05.585120,102,0,0,0,0,0
2026-08-13T03:51:05.586131,102,0,0,0,0,0
2026-08-13T03:51:05.586131,101,0,0,0,0,0
2026-08-13T03:51:05.589143,101,0,0,0,0,0
2026-08-13T03:51:05.590130,103,0,0,0,0,0
2026-08-13T03:51:05.590130,104,0,0,0,0,0
2026-08-13T03:51:05.591537,105,0,0,0,0,0
2026-08-13T03:51:05.594020,105,0,0,0,0,0
2026-08-13T03:51:05.594020,105,0,0,0,0,0
2026-08-13T03:51:05.594020,103,0,0,0,0,0
2026-08-13T03:51:05.598038,103,0,0,0,0,0
2026-08-13T03:51:05.598038,105,0,0,0,0,0
2026-08-13T03:51:05.598038,104,0,0,0,0,0
2026-08-13T03:51:05.602038,103,0,0,0,0,0
2026-08-13T03:51:05.602038,103,0,0,0,0,0
2026-08-13T03:51:05.602038,102,0,0,0,0,0
2026-08-13T03:51:05.603036,102,0,0,0,0,0
2026-08-13T03:51:05.605591,101,0,0,0,0,0
2026-08-13T03:51:05.606593,101,0,0,0,0,0
2026-08-13T03:51:05.606593,102,0,0,0,0,0
2026-08-13T03:51:05.609594,103,0,0,0,0,0
2026-08-13T03:51:05.610610,104,0,0,0,0,0
2026-08-13T03:51:05.610610,105,0,0,0,0,0
2026-08-13T03:51:05.610610,106,0,0,0,0,0
2026-08-13T03:51:05.614292,105,0,0,0,0,0
2026-08-13T03:51:05.614292,105,0,0,0,0,0
2026-08-13T03:51:05.614292,105,0,0,0,0,0
2026-08-13T03:51:05.618013,104,0,0,0,0,0
2026-08-13T03:51:05.618013,104,0,0,0,0,0
2026-08-13T03:51:05.618998,102,0,0,0,0,0
2026-08-13T03:51:05.618998,103,0,0,0,0,0
2026-08-13T03:51:05.622012,101,0,0,0,0,0
2026-08-13T03:51:05.622012,101,0,0,0,0,0
2026-08-13T03:51:05.622998,101,0,0,0,0,0
2026-08-13T03:51:05.626517,100,0,0,0,0,0
2026-08-13T03:51:05.626517,102,0,0,0,0,0
2026-08-13T03:51:05.627516,101,0,0,0,0,0
2026-08-13T03:51:05.630529,102,0,0,0,0,0
2026-08-13T03:51:05.630529,104,0,0,0,0,0
2026-08-13T03:51:05.631515,104,0,0,0,0,0
2026-08-13T03:51:05.631515,105,0,0,0,0,0
2026-08-13T03:51:05.634038,105,0,0,0,0,0
2026-08-13T03:51:05.635059,105,0,0,0,0,0
2026-08-13T03:51:05.635059,103,0,0,0,0,0
2026-08-13T03:51:05.638841,104,0,0,0,0,0
2026-08-13T03:51:05.638841,103,0,0,0,0,0
2026-08-13T03:51:05.639929,103,0,0,0,0,0
2026-08-13T03:51:05.640924,103,0,0,0,0,0
2026-08-13T03:51:05.642950,102,0,0,0,0,0
2026-08-13T03:51:05.642950,102,0,0,0,0,0
2026-08-13T03:51:05.643926,101,0,0,0,0,0
2026-08-13T03:51:05.647041,101,0,0,0,0,0
2026-08-13T03:51:05.647041,103,0,0,0,0,0
2026-08-13T03:51:05.648086,102,0,0,0,0,0
2026-08-13T03:51:05.649070,103,0,0,0,0,0
2026-08-13T03:51:05.651069,104,0,0,0,0,0
2026-08-13T03:51:05.651069,105,0,0,0,0,0
2026-08-13T03:51:05.652056,105,0,0,0,0,0
2026-08-13T03:51:05.655235,105,0,0,0,0,0
2026-08-13T03:51:05.655235,105,0,0,0,0,0
2026-08-13T03:51:05.656236,103,0,0,0,0,0
2026-08-13T03:51:05.657251,104,0,0,0,0,0
2026-08-13T03:51:05.659251,104,0,0,0,0,0
2026-08-13T03:51:05.659251,104,0,0,0,0,0
2026-08-13T03:51:05.659251,102,0,0,0,0,0
2026-08-13T03:51:05.663414,102,0,0,0,0,0
2026-08-13T03:51:05.663938,101,0,0,0,0,0
2026-08-13T03:51:05.663938,101,0,0,0,0,0
2026-08-13T03:51:05.667515,101,0,0,0,0,0
2026-08-13T03:51:05.667515,101,0,0,0,0,0
2026-08-13T03:51:05.668543,102,0,0,0,0,0
2026-08-13T03:51:05.669545,103,0,0,0,0,0
2026-08-13T03:51:05.671544,105,0,0,0,0,0
2026-08-13T03:51:05.671544,106,0,0,0,0,0
2026-08-13T03:51:05.672532,106,0,0,0,0,0
2026-08-13T03:51:05.675051,106,0,0,0,0,0
2026-08-13T03:51:05.676060,105,0,0,0,0,0
2026-08-13T03:51:05.677062,104,0,0,0,0,0
2026-08-13T03:51:05.678068,104,0,0,0,0,0
2026-08-13T03:51:05.679063,103,0,0,0,0,0
2026-08-13T03:51:05.680061,102,0,0,0,0,0
2026-08-13T03:51:05.681059,102,0,0,0,0,0
2026-08-13T03:51:05.683073,101,0,0,0,0,0
2026-08-13T03:51:05.684596,101,0,0,0,0,0
2026-08-13T03:51:05.684596,100,0,0,0,0,0
2026-08-13T03:51:05.685592,100,0,0,0,0,0
2026-08-13T03:51:05.687611,100,0,0,0,0,0
2026-08-13T03:51:05.688598,101,0,0,0,0,0
2026-08-13T03:51:05.689599,104,0,0,0,0,0
2026-08-13T03:51:05.691902,105,0,0,0,0,0
2026-08-13T03:51:05.692411,106,0,0,0,0,0
2026-08-13T03:51:05.692920,106,0,0,0,0,0
2026-08-13T03:51:05.696184,107,0,0,0,0,0
2026-08-13T03:51:05.696184,105,0,0,0,0,0
2026-08-13T03:51:05.697192,106,0,0,0,0,0
2026-08-13T03:51:05.697192,106,0,0,0,0,0
2026-08-13T03:51:05.700194,105,0,0,0,0,0
2026-08-13T03:51:05.700194,104,0,0,0,0,0
2026-08-13T03:51:05.701192,104,0,0,0,0,0
2026-08-13T03:51:05.703728,104,0,0,0,0,0
2026-08-13T03:51:05.704745,104,0,0,0,0,0
2026-08-13T03:51:05.705747,103,0,0,0,0,0
2026-08-13T03:51:05.706759,104,0,0,0,0,0
2026-08-13T03:51:05.707748,104,0,0,0,0,0
2026-08-13T03:51:05.708745,105,0,0,0,0,0
2026-08-13T03:51:05.709744,107,0,0,0,0,0
2026-08-13T03:51:05.711750,107,0,0,0,0,0
2026-08-13T03:51:05.712744,107,0,0,0,0,0
2026-08-13T03:51:05.713743,107,0,0,0,0,0
2026-08-13T03:51:05.714290,107,0,0,0,0,0
2026-08-13T03:51:05.716299,106,0,0,0,0,0
2026-08-13T03:51:05.716299,106,0,0,0,0,0
2026-08-13T03:51:05.717282,106,0,0,0,0,0
2026-08-13T03:51:05.720283,104,0,0,0,0,0
2026-08-13T03:51:05.721292,104,0,0,0,0,0
2026-08-13T03:51:05.721292,102,0,0,0,0,0
2026-08-13T03:51:05.721292,103,0,0,0,0,0
2026-08-13T03:51:05.724821,102,0,0,0,0,0
2026-08-13T03:51:05.724821,102,0,0,0,0,0
2026-08-13T03:51:05.725820,102,0,0,0,0,0
2026-08-13T03:51:05.728965,101,0,0,0,0,0
2026-08-13T03:51:05.728965,102,0,0,0,0,0
2026-08-13T03:51:05.729980,103,0,0,0,0,0
2026-08-13T03:51:05.733066,104,0,0,0,0,0
2026-08-13T03:51:05.733066,105,0,0,0,0,0
2026-08-13T03:51:05.734074,105,0,0,0,0,0
2026-08-13T03:51:05.734074,104,0,0,0,0,0
2026-08-13T03:51:05.737096,103,0,0,0,0,0
2026-08-13T03:51:05.737096,102,0,0,0,0,0
2026-08-13T03:51:05.738084,104,0,0,0,0,0
2026-08-13T03:51:05.740619,101,0,0,0,0,0
2026-08-13T03:51:05.741642,102,0,0,0,0,0
2026-08-13T03:51:05.742650,101,0,0,0,0,0
2026-08-13T03:51:05.742650,101,0,0,0,0,0
2026-08-13T03:51:05.744660,100,0,0,0,0,0
2026-08-13T03:51:05.745677,100,0,0,0,0,0
2026-08-13T03:51:05.746677,102,0,0,0,0,0
2026-08-13T03:51:05.749439,101,0,0,0,0,0
2026-08-13T03:51:05.750470,103,0,0,0,0,0
2026-08-13T03:51:05.750470,104,0,0,0,0,0
2026-08-13T03:51:05.751471,105,0,0,0,0,0
2026-08-13T03:51:05.752456,106,0,0,0,0,0
2026-08-13T03:51:05.753978,105,0,0,0,0,0
2026-08-13T03:51:05.754997,105,0,0,0,0,0
2026-08-13T03:51:05.757206,104,0,0,0,0,0
2026-08-13T03:51:05.758201,105,0,0,0,0,0
2026-08-13T03:51:05.759194,104,0,0,0,0,0
2026-08-13T03:51:05.761716,103,0,0,0,0,0
2026-08-13T03:51:05.761716,103,0,0,0,0,0
2026-08-13T03:51:05.762714,102,0,0,0,0,0
2026-08-13T03:51:05.763713,102,0,0,0,0,0
2026-08-13T03:51:05.765222,101,0,0,0,0,0
2026-08-13T03:51:05.766223,101,0,0,0,0,0
2026-08-13T03:51:05.766223,101,0,0,0,0,0
2026-08-13T03:51:05.769241,101,0,0,0,0,0
2026-08-13T03:51:05.770276,104,0,0,0,0,0
2026-08-13T03:51:05.770276,105,0,0,0,0,0
2026-08-13T03:51:05.771279,105,0,0,0,0,0
2026-08-13T03:51:05.773830,105,0,0,0,0,0
2026-08-13T03:51:05.773830,104,0,0,0,0,0
2026-08-13T03:51:05.773830,104,0,0,0,0,0
2026-08-13T03:51:05.778119,103,0,0,0,0,0
2026-08-13T03:51:05.778119,103,0,0,0,0,0
2026-08-13T03:51:05.778119,103,0,0,0,0,0
2026-08-13T03:51:05.779719,102,0,0,0,0,0
2026-08-13T03:51:05.781754,102,0,0,0,0,0
2026-08-13T03:51:05.782752,101,0,0,0,0,0
2026-08-13T03:51:05.782752,100,0,0,0,0,0
2026-08-13T03:51:05.786315,99,0,0,0,0,0
2026-08-13T03:51:05.786315,100,0,0,0,0,0
2026-08-13T03:51:05.787331,100,0,0,0,0,0
2026-08-13T03:51:05.787331,101,0,0,0,0,0
2026-08-13T03:51:05.790415,103,0,0,0,0,0
2026-08-13T03:51:05.790415,103,0,0,0,0,0
2026-08-13T03:51:05.791435,104,0,0,0,0,0
2026-08-13T03:51:05.793968,104,0,0,0,0,0
2026-08-13T03:51:05.794985,104,0,0,0,0,0
2026-08-13T03:51:05.794985,103,0,0,0,0,0
2026-08-13T03:51:05.797985,102,0,0,0,0,0
2026-08-13T03:51:05.798984,103,0,0,0,0,0
2026-08-13T03:51:05.798984,102,0,0,0,0,0
2026-08-13T03:51:05.799989,102,0,0,0,0,0
2026-08-13T03:51:05.802397,101,0,0,0,0,0
2026-08-13T03:51:05.802397,100,0,0,0,0,0
2026-08-13T03:51:05.802397,99,0,0,0,0,0
2026-08-13T03:51:05.805945,99,0,0,0,0,0
2026-08-13T03:51:05.806919,100,0,0,0,0,0
2026-08-13T03:51:05.807920,100,0,0,0,0,0
2026-08-13T03:51:05.807920,100,0,0,0,0,0
2026-08-13T03:51:05.810930,103,0,0,0,0,0
2026-08-13T03:51:05.810930,103,0,0,0,0,0
2026-08-13T03:51:05.810930,104,0,0,0,0,0
2026-08-13T03:51:05.814167,103,0,0,0,0,0
2026-08-13T03:51:05.815184,104,0,0,0,0,0
2026-08-13T03:51:05.815184,102,0,0,0,0,0
2026-08-13T03:51:05.816184,102,0,0,0,0,0
2026-08-13T03:51:05.819187,102,0,0,0,0,0
2026-08-13T03:51:05.819187,100,0,0,0,0,0
2026-08-13T03:51:05.819187,100,0,0,0,0,0
2026-08-13T03:51:05.822197,99,0,0,0,0,0
2026-08-13T03:51:05.823719,99,0,0,0,0,0
2026-08-13T03:51:05.823719,99,0,0,0,0,0
2026-08-13T03:51:05.824739,99,0,0,0,0,0
2026-08-13T03:51:05.826751,99,0,0,0,0,0
2026-08-13T03:51:05.827749,99,0,0,0,0,0
2026-08-13T03:51:05.827749,101,0,0,0,0,0
2026-08-13T03:51:05.831256,102,0,0,0,0,0
2026-08-13T03:51:05.831256,103,0,0,0,0,0
2026-08-13T03:51:05.832263,103,0,0,0,0,0
2026-08-13T03:51:05.835461,104,0,0,0,0,0
2026-08-13T03:51:05.835461,103,0,0,0,0,0
2026-08-13T03:51:05.836489,102,0,0,0,0,0
2026-08-13T03:51:05.837484,102,0,0,0,0,0
2026-08-13T03:51:05.838766,102,0,0,0,0,0
2026-08-13T03:51:05.839807,100,0,0,0,0,0
2026-08-13T03:51:05.840785,100,0,0,0,0,0
2026-08-13T03:51:05.842786,99,0,0,0,0,0
2026-08-13T03:51:05.844296,99,0,0,0,0,0
2026-08-13T03:51:05.844296,99,0,0,0,0,0
2026-08-13T03:51:05.845307,99,0,0,0,0,0
2026-08-13T03:51:05.847319,99,0,0,0,0,0
2026-08-13T03:51:05.848317,100,0,0,0,0,0
2026-08-13T03:51:05.848317,102,0,0,0,0,0
2026-08-13T03:51:05.851327,102,0,0,0,0,0
2026-08-13T03:51:05.852328,103,0,0,0,0,0
2026-08-13T03:51:05.852328,104,0,0,0,0,0
2026-08-13T03:51:05.852328,103,0,0,0,0,0
2026-08-13T03:51:05.855875,102,0,0,0,0,0
2026-08-13T03:51:05.855875,102,0,0,0,0,0
2026-08-13T03:51:05.856852,103,0,0,0,0,0
2026-08-13T03:51:05.859850,102,0,0,0,0,0
2026-08-13T03:51:05.860849,101,0,0,0,0,0
2026-08-13T03:51:05.861357,101,0,0,0,0,0
2026-08-13T03:51:05.863876,100,0,0,0,0,0
2026-08-13T03:51:05.864887,100,0,0,0,0,0
2026-08-13T03:51:05.864887,99,0,0,0,0,0
2026-08-13T03:51:05.865886,100,0,0,0,0,0
2026-08-13T03:51:05.867898,99,0,0,0,0,0
2026-08-13T03:51:05.867898,100,0,0,0,0,0
2026-08-13T03:51:05.868896,102,0,0,0,0,0
2026-08-13T03:51:05.871896,103,0,0,0,0,0
2026-08-13T03:51:05.872895,103,0,0,0,0,0
2026-08-13T03:51:05.872895,103,0,0,0,0,0
2026-08-13T03:51:05.874403,103,0,0,0,0,0
2026-08-13T03:51:05.876421,103,0,0,0,0,0
2026-08-13T03:51:05.876421,102,0,0,0,0,0
2026-08-13T03:51:05.877422,103,0,0,0,0,0
2026-08-13T03:51:05.880421,101,0,0,0,0,0
2026-08-13T03:51:05.880421,101,0,0,0,0,0
2026-08-13T03:51:05.880421,101,0,0,0,0,0
2026-08-13T03:51:05.881421,99,0,0,0,0,0
2026-08-13T03:51:05.883963,99,0,0,0,0,0
2026-08-13T03:51:05.884979,98,0,0,0,0,0
2026-08-13T03:51:05.884979,99,0,0,0,0,0
2026-08-13T03:51:05.888690,99,0,0,0,0,0
2026-08-13T03:51:05.888690,100,0,0,0,0,0
2026-08-13T03:51:05.888690,102,0,0,0,0,0
2026-08-13T03:51:05.889705,102,0,0,0,0,0
2026-08-13T03:51:05.892752,103,0,0,0,0,0
2026-08-13T03:51:05.893259,103,0,0,0,0,0
2026-08-13T03:51:05.893768,103,0,0,0,0,0
2026-08-13T03:51:05.896792,102,0,0,0,0,0
2026-08-13T03:51:05.896792,102,0,0,0,0,0
2026-08-13T03:51:05.897777,102,0,0,0,0,0
2026-08-13T03:51:05.900990,101,0,0,0,0,0
2026-08-13T03:51:05.900990,101,0,0,0,0,0
2026-08-13T03:51:05.902008,100,0,0,0,0,0
2026-08-13T03:51:05.903021,100,0,0,0,0,0
2026-08-13T03:51:05.904454,99,0,0,0,0,0
2026-08-13T03:51:05.905479,99,0,0,0,0,0
2026-08-13T03:51:05.905479,100,0,0,0,0,0
2026-08-13T03:51:05.909206,99,0,0,0,0,0
2026-08-13T03:51:05.909206,101,0,0,0,0,0
2026-08-13T03:51:05.910220,102,0,0,0,0,0
2026-08-13T03:51:05.911222,102,0,0,0,0,0
2026-08-13T03:51:05.912223,103,0,0,0,0,0
2026-08-13T03:51:05.913747,103,0,0,0,0,0
2026-08-13T03:51:05.913747,103,0,0,0,0,0
2026-08-13T03:51:05.916778,102,0,0,0,0,0
2026-08-13T03:51:05.917778,102,0,0,0,0,0
2026-08-13T03:51:05.918765,102,0,0,0,0,0
2026-08-13T03:51:05.918765,101,0,0,0,0,0
2026-08-13T03:51:05.920766,100,0,0,0,0,0
2026-08-13T03:51:05.921764,100,0,0,0,0,0
2026-08-13T03:51:05.922766,100,0,0,0,0,0
2026-08-13T03:51:05.925289,99,0,0,0,0,0
2026-08-13T03:51:05.926290,99,0,0,0,0,0
2026-08-13T03:51:05.926290,101,0,0,0,0,0
2026-08-13T03:51:05.929308,98,0,0,0,0,0
2026-08-13T03:51:05.930290,101,0,0,0,0,0
2026-08-13T03:51:05.930290,103,0,0,0,0,0
2026-08-13T03:51:05.931291,103,0,0,0,0,0
2026-08-13T03:51:05.933801,104,0,0,0,0,0
2026-08-13T03:51:05.933801,103,0,0,0,0,0
2026-08-13T03:51:05.934810,103,0,0,0,0,0
2026-08-13T03:51:05.937849,102,0,0,0,0,0
2026-08-13T03:51:05.937849,103,0,0,0,0,0
2026-08-13T03:51:05.938824,102,0,0,0,0,0
2026-08-13T03:51:05.938824,101,0,0,0,0,0
2026-08-13T03:51:05.941822,100,0,0,0,0,0
2026-08-13T03:51:05.941822,99,0,0,0,0,0
2026-08-13T03:51:05.942822,99,0,0,0,0,0
2026-08-13T03:51:05.946042,99,0,0,0,0,0
2026-08-13T03:51:05.946042,98,0,0,0,0,0
2026-08-13T03:51:05.947060,99,0,0,0,0,0
2026-08-13T03:51:05.947060,99,0,0,0,0,0
2026-08-13T03:51:05.949735,102,0,0,0,0,0
2026-08-13T03:51:05.950713,103,0,0,0,0,0
2026-08-13T03:51:05.950713,103,0,0,0,0,0
2026-08-13T03:51:05.953725,103,0,0,0,0,0
2026-08-13T03:51:05.953725,104,0,0,0,0,0
2026-08-13T03:51:05.954987,102,0,0,0,0,0
2026-08-13T03:51:05.955987,102,0,0,0,0,0
2026-08-13T03:51:05.957992,102,0,0,0,0,0
2026-08-13T03:51:05.958990,101,0,0,0,0,0
2026-08-13T03:51:05.958990,100,0,0,0,0,0
2026-08-13T03:51:05.962507,101,0,0,0,0,0
2026-08-13T03:51:05.962507,99,0,0,0,0,0
2026-08-13T03:51:05.962507,99,0,0,0,0,0
2026-08-13T03:51:05.966027,98,0,0,0,0,0
2026-08-13T03:51:05.967038,99,0,0,0,0,0
2026-08-13T03:51:05.967038,99,0,0,0,0,0
2026-08-13T03:51:05.968037,100,0,0,0,0,0
2026-08-13T03:51:05.970035,102,0,0,0,0,0
2026-08-13T03:51:05.971077,102,0,0,0,0,0
2026-08-13T03:51:05.971077,104,0,0,0,0,0
2026-08-13T03:51:05.974050,103,0,0,0,0,0
2026-08-13T03:51:05.975337,103,0,0,0,0,0
2026-08-13T03:51:05.975337,102,0,0,0,0,0
2026-08-13T03:51:05.976333,101,0,0,0,0,0
2026-08-13T03:51:05.978829,102,0,0,0,0,0
2026-08-13T03:51:05.978829,102,0,0,0,0,0
2026-08-13T03:51:05.979852,100,0,0,0,0,0
2026-08-13T03:51:05.982914,100,0,0,0,0,0
2026-08-13T03:51:05.982914,99,0,0,0,0,0
2026-08-13T03:51:05.983923,99,0,0,0,0,0
2026-08-13T03:51:05.983923,100,0,0,0,0,0
2026-08-13T03:51:05.987015,99,0,0,0,0,0
2026-08-13T03:51:05.987015,99,0,0,0,0,0
2026-08-13T03:51:05.988051,99,0,0,0,0,0
2026-08-13T03:51:05.990321,102,0,0,0,0,0
2026-08-13T03:51:05.991299,102,0,0,0,0,0
2026-08-13T03:51:05.992300,103,0,0,0,0,0
2026-08-13T03:51:05.994829,103,0,0,0,0,0
2026-08-13T03:51:05.995819,103,0,0,0,0,0
2026-08-13T03:51:05.995819,102,0,0,0,0,0
2026-08-13T03:51:05.996820,102,0,0,0,0,0
2026-08-13T03:51:05.998817,102,0,0,0,0,0
2026-08-13T03:51:05.999840,100,0,0,0,0,0
2026-08-13T03:51:06.000825,100,0,0,0,0,0
2026-08-13T03:51:06.002832,100,0,0,0,0,0
2026-08-13T03:51:06.003831,100,0,0,0,0,0
2026-08-13T03:51:06.005049,99,0,0,0,0,0
2026-08-13T03:51:06.005049,99,0,0,0,0,0
2026-08-13T03:51:06.007288,99,0,0,0,0,0
2026-08-13T03:51:06.008305,99,0,0,0,0,0
2026-08-13T03:51:06.009305,101,0,0,0,0,0
2026-08-13T03:51:06.011304,102,0,0,0,0,0
2026-08-13T03:51:06.012301,103,0,0,0,0,0
2026-08-13T03:51:06.012301,103,0,0,0,0,0
2026-08-13T03:51:06.012301,103,0,0,0,0,0
2026-08-13T03:51:06.014820,103,0,0,0,0,0
2026-08-13T03:51:06.015819,102,0,0,0,0,0
2026-08-13T03:51:06.017124,102,0,0,0,0,0
2026-08-13T03:51:06.019408,101,0,0,0,0,0
2026-08-13T03:51:06.020413,101,0,0,0,0,0
2026-08-13T03:51:06.020413,100,0,0,0,0,0
2026-08-13T03:51:06.021413,100,0,0,0,0,0
2026-08-13T03:51:06.023870,99,0,0,0,0,0
2026-08-13T03:51:06.024298,99,0,0,0,0,0
2026-08-13T03:51:06.024298,99,0,0,0,0,0
2026-08-13T03:51:06.027965,100,0,0,0,0,0
2026-08-13T03:51:06.027965,100,0,0,0,0,0
2026-08-13T03:51:06.028982,102,0,0,0,0,0
2026-08-13T03:51:06.030997,102,0,0,0,0,0
2026-08-13T03:51:06.032361,104,0,0,0,0,0
2026-08-13T03:51:06.032871,104,0,0,0,0,0
2026-08-13T03:51:06.033880,103,0,0,0,0,0
2026-08-13T03:51:06.036166,103,0,0,0,0,0
2026-08-13T03:51:06.036166,101,0,0,0,0,0
2026-08-13T03:51:06.037182,102,0,0,0,0,0
2026-08-13T03:51:06.039644,101,0,0,0,0,0
2026-08-13T03:51:06.040613,100,0,0,0,0,0
2026-08-13T03:51:06.041646,100,0,0,0,0,0
2026-08-13T03:51:06.042157,99,0,0,0,0,0
2026-08-13T03:51:06.043686,99,0,0,0,0,0
2026-08-13T03:51:06.044699,98,0,0,0,0,0
2026-08-13T03:51:06.045701,100,0,0,0,0,0
2026-08-13T03:51:06.048463,99,0,0,0,0,0
2026-08-13T03:51:06.048971,100,0,0,0,0,0
2026-08-13T03:51:06.049538,101,0,0,0,0,0
2026-08-13T03:51:06.049538,102,0,0,0,0,0
2026-08-13T03:51:06.051883,104,0,0,0,0,0
2026-08-13T03:51:06.052867,103,0,0,0,0,0
2026-08-13T03:51:06.052867,103,0,0,0,0,0
2026-08-13T03:51:06.056632,103,0,0,0,0,0
2026-08-13T03:51:06.056632,101,0,0,0,0,0
2026-08-13T03:51:06.056632,102,0,0,0,0,0
2026-08-13T03:51:06.056632,101,0,0,0,0,0
2026-08-13T03:51:06.060751,100,0,0,0,0,0
2026-08-13T03:51:06.061279,100,0,0,0,0,0
2026-08-13T03:51:06.061279,100,0,0,0,0,0
2026-08-13T03:51:06.064832,100,0,0,0,0,0
2026-08-13T03:51:06.074859,98,0,0,0,0,0
2026-08-13T03:51:06.075856,99,0,0,0,0,0
2026-08-13T03:51:06.075856,98,0,0,0,0,0
2026-08-13T03:51:06.076853,100,0,0,0,0,0
2026-08-13T03:51:06.077856,102,0,0,0,0,0
2026-08-13T03:51:06.077856,102,0,0,0,0,0
2026-08-13T03:51:06.078857,103,0,0,0,0,0
2026-08-13T03:51:06.080073,103,0,0,0,0,0
2026-08-13T03:51:06.080073,103,0,0,0,0,0
2026-08-13T03:51:06.081225,102,0,0,0,0,0
2026-08-13T03:51:06.082242,102,0,0,0,0,0
2026-08-13T03:51:06.082242,103,0,0,0,0,0
2026-08-13T03:51:06.083757,102,0,0,0,0,0
2026-08-13T03:51:06.083757,102,0,0,0,0,0
2026-08-13T03:51:06.084773,101,0,0,0,0,0
2026-08-13T03:51:06.084773,100,0,0,0,0,0
2026-08-13T03:51:06.084773,99,0,0,0,0,0
2026-08-13T03:51:06.085772,99,0,0,0,0,0
2026-08-13T03:51:06.085772,100,0,0,0,0,0
2026-08-13T03:51:06.086783,100,0,0,0,0,0
2026-08-13T03:51:06.089416,102,0,0,0,0,0
2026-08-13T03:51:06.089416,103,0,0,0,0,0
2026-08-13T03:51:06.090432,103,0,0,0,0,0
2026-08-13T03:51:06.092432,104,0,0,0,0,0
2026-08-13T03:51:06.093942,104,0,0,0,0,0
2026-08-13T03:51:06.093942,104,0,0,0,0,0
2026-08-13T03:51:06.096970,102,0,0,0,0,0
2026-08-13T03:51:06.097967,102,0,0,0,0,0
2026-08-13T03:51:06.097967,102,0,0,0,0,0
2026-08-13T03:51:06.098968,101,0,0,0,0,0
2026-08-13T03:51:06.100969,100,0,0,0,0,0
2026-08-13T03:51:06.101967,99,0,0,0,0,0
2026-08-13T03:51:06.101967,100,0,0,0,0,0
2026-08-13T03:51:06.105486,99,0,0,0,0,0
2026-08-13T03:51:06.106494,99,0,0,0,0,0
2026-08-13T03:51:06.106494,99,0,0,0,0,0
2026-08-13T03:51:06.107494,99,0,0,0,0,0
2026-08-13T03:51:06.109498,101,0,0,0,0,0
2026-08-13T03:51:06.110497,102,0,0,0,0,0
2026-08-13T03:51:06.110497,102,0,0,0,0,0
2026-08-13T03:51:06.114002,103,0,0,0,0,0
2026-08-13T03:51:06.114002,103,0,0,0,0,0
2026-08-13T03:51:06.115017,103,0,0,0,0,0
2026-08-13T03:51:06.115017,102,0,0,0,0,0
2026-08-13T03:51:06.118168,102,0,0,0,0,0
2026-08-13T03:51:06.118168,102,0,0,0,0,0
2026-08-13T03:51:06.118168,102,0,0,0,0,0
2026-08-13T03:51:06.122363,100,0,0,0,0,0
2026-08-13T03:51:06.122363,100,0,0,0,0,0
2026-08-13T03:51:06.122363,100,0,0,0,0,0
2026-08-13T03:51:06.123872,100,0,0,0,0,0
2026-08-13T03:51:06.125882,100,0,0,0,0,0
2026-08-13T03:51:06.126882,101,0,0,0,0,0
2026-08-13T03:51:06.127883,100,0,0,0,0,0
2026-08-13T03:51:06.129898,104,0,0,0,0,0
2026-08-13T03:51:06.130895,103,0,0,0,0,0
2026-08-13T03:51:06.130895,105,0,0,0,0,0
2026-08-13T03:51:06.133894,105,0,0,0,0,0
2026-08-13T03:51:06.135084,104,0,0,0,0,0
2026-08-13T03:51:06.135084,103,0,0,0,0,0
2026-08-13T03:51:06.135084,103,0,0,0,0,0
2026-08-13T03:51:06.138672,104,0,0,0,0,0
2026-08-13T03:51:06.138672,102,0,0,0,0,0
2026-08-13T03:51:06.138672,102,0,0,0,0,0
2026-08-13T03:51:06.142698,102,0,0,0,0,0
2026-08-13T03:51:06.142698,100,0,0,0,0,0
2026-08-13T03:51:06.144216,99,0,0,0,0,0
2026-08-13T03:51:06.145228,99,0,0,0,0,0
2026-08-13T03:51:06.146238,99,0,0,0,0,0
2026-08-13T03:51:06.147259,99,0,0,0,0,0
2026-08-13T03:51:06.147259,99,0,0,0,0,0
2026-08-13T03:51:06.150261,102,0,0,0,0,0
2026-08-13T03:51:06.151236,102,0,0,0,0,0
2026-08-13T03:51:06.151236,103,0,0,0,0,0
2026-08-13T03:51:06.152249,103,0,0,0,0,0
2026-08-13T03:51:06.154102,103,0,0,0,0,0
2026-08-13T03:51:06.155131,102,0,0,0,0,0
2026-08-13T03:51:06.156135,102,0,0,0,0,0
2026-08-13T03:51:06.159144,103,0,0,0,0,0
2026-08-13T03:51:06.159144,101,0,0,0,0,0
2026-08-13T03:51:06.160148,101,0,0,0,0,0
2026-08-13T03:51:06.162691,99,0,0,0,0,0
2026-08-13T03:51:06.163682,99,0,0,0,0,0
2026-08-13T03:51:06.164195,98,0,0,0,0,0
2026-08-13T03:51:06.164195,99,0,0,0,0,0
2026-08-13T03:51:06.167234,100,0,0,0,0,0
2026-08-13T03:51:06.167234,99,0,0,0,0,0
2026-08-13T03:51:06.168225,101,0,0,0,0,0
2026-08-13T03:51:06.171232,103,0,0,0,0,0
2026-08-13T03:51:06.171232,103,0,0,0,0,0
2026-08-13T03:51:06.172225,104,0,0,0,0,0
2026-08-13T03:51:06.172225,104,0,0,0,0,0
2026-08-13T03:51:06.174758,104,0,0,0,0,0
2026-08-13T03:51:06.175754,102,0,0,0,0,0
2026-08-13T03:51:06.176756,102,0,0,0,0,0
2026-08-13T03:51:06.178756,102,0,0,0,0,0
2026-08-13T03:51:06.179751,100,0,0,0,0,0
2026-08-13T03:51:06.179751,101,0,0,0,0,0
2026-08-13T03:51:06.180755,100,0,0,0,0,0
2026-08-13T03:51:06.182766,99,0,0,0,0,0
2026-08-13T03:51:06.184261,99,0,0,0,0,0
2026-08-13T03:51:06.184261,99,0,0,0,0,0
2026-08-13T03:51:06.187791,100,0,0,0,0,0
2026-08-13T03:51:06.187791,100,0,0,0,0,0
2026-08-13T03:51:06.188828,100,0,0,0,0,0
2026-08-13T03:51:06.188828,104,0,0,0,0,0
2026-08-13T03:51:06.191840,104,0,0,0,0,0
2026-08-13T03:51:06.191840,105,0,0,0,0,0
2026-08-13T03:51:06.192804,105,0,0,0,0,0
2026-08-13T03:51:06.195699,105,0,0,0,0,0
2026-08-13T03:51:06.195699,104,0,0,0,0,0
2026-08-13T03:51:06.196711,106,0,0,0,0,0
2026-08-13T03:51:06.199707,105,0,0,0,0,0
2026-08-13T03:51:06.199707,104,0,0,0,0,0
2026-08-13T03:51:06.200707,104,0,0,0,0,0
2026-08-13T03:51:06.201707,104,0,0,0,0,0
2026-08-13T03:51:06.203714,104,0,0,0,0,0
2026-08-13T03:51:06.204789,104,0,0,0,0,0
2026-08-13T03:51:06.204789,104,0,0,0,0,0
2026-08-13T03:51:06.207771,105,0,0,0,0,0
2026-08-13T03:51:06.208778,106,0,0,0,0,0
2026-08-13T03:51:06.208778,108,0,0,0,0,0
2026-08-13T03:51:06.209771,110,0,0,0,0,0
2026-08-13T03:51:06.211769,111,0,0,0,0,0
2026-08-13T03:51:06.212785,112,0,0,0,0,0
2026-08-13T03:51:06.212785,112,0,0,0,0,0
2026-08-13T03:51:06.216296,111,0,0,0,0,0
2026-08-13T03:51:06.216296,111,0,0,0,0,0
2026-08-13T03:51:06.217295,111,0,0,0,0,0
2026-08-13T03:51:06.217295,110,0,0,0,0,0
2026-08-13T03:51:06.220294,108,0,0,0,0,0
2026-08-13T03:51:06.220294,107,0,0,0,0,0
2026-08-13T03:51:06.221292,106,0,0,0,0,0
2026-08-13T03:51:06.223956,105,0,0,0,0,0
2026-08-13T03:51:06.225278,103,0,0,0,0,0
2026-08-13T03:51:06.225278,103,0,0,0,0,0
2026-08-13T03:51:06.228665,102,0,0,0,0,0
2026-08-13T03:51:06.228665,102,0,0,0,0,0
2026-08-13T03:51:06.229680,105,0,0,0,0,0
2026-08-13T03:51:06.229680,105,0,0,0,0,0
2026-08-13T03:51:06.232784,106,0,0,0,0,0
2026-08-13T03:51:06.232784,106,0,0,0,0,0
2026-08-13T03:51:06.233760,105,0,0,0,0,0
2026-08-13T03:51:06.236914,104,0,0,0,0,0
2026-08-13T03:51:06.236914,105,0,0,0,0,0
2026-08-13T03:51:06.237904,104,0,0,0,0,0
2026-08-13T03:51:06.238901,103,0,0,0,0,0
2026-08-13T03:51:06.240901,101,0,0,0,0,0
2026-08-13T03:51:06.240901,102,0,0,0,0,0
2026-08-13T03:51:06.241908,100,0,0,0,0,0
2026-08-13T03:51:06.245033,99,0,0,0,0,0
2026-08-13T03:51:06.245033,99,0,0,0,0,0
2026-08-13T03:51:06.246032,101,0,0,0,0,0
2026-08-13T03:51:06.247041,100,0,0,0,0,0
2026-08-13T03:51:06.249042,102,0,0,0,0,0
2026-08-13T03:51:06.249042,103,0,0,0,0,0
2026-08-13T03:51:06.250032,103,0,0,0,0,0
2026-08-13T03:51:06.253043,105,0,0,0,0,0
2026-08-13T03:51:06.253043,104,0,0,0,0,0
2026-08-13T03:51:06.254548,105,0,0,0,0,0
2026-08-13T03:51:06.255554,103,0,0,0,0,0
2026-08-13T03:51:06.257552,103,0,0,0,0,0
2026-08-13T03:51:06.257552,103,0,0,0,0,0
2026-08-13T03:51:06.258560,102,0,0,0,0,0
2026-08-13T03:51:06.261071,102,0,0,0,0,0
2026-08-13T03:51:06.262084,102,0,0,0,0,0
2026-08-13T03:51:06.263082,101,0,0,0,0,0
2026-08-13T03:51:06.265603,100,0,0,0,0,0
2026-08-13T03:51:06.265603,101,0,0,0,0,0
2026-08-13T03:51:06.266612,102,0,0,0,0,0
2026-08-13T03:51:06.267611,101,0,0,0,0,0
2026-08-13T03:51:06.269612,101,0,0,0,0,0
2026-08-13T03:51:06.269612,104,0,0,0,0,0
2026-08-13T03:51:06.270612,104,0,0,0,0,0
2026-08-13T03:51:06.272611,105,0,0,0,0,0
2026-08-13T03:51:06.274119,105,0,0,0,0,0
2026-08-13T03:51:06.274119,105,0,0,0,0,0
2026-08-13T03:51:06.274119,104,0,0,0,0,0
2026-08-13T03:51:06.277491,104,0,0,0,0,0
2026-08-13T03:51:06.277491,104,0,0,0,0,0
2026-08-13T03:51:06.278498,102,0,0,0,0,0
2026-08-13T03:51:06.281516,102,0,0,0,0,0
2026-08-13T03:51:06.282500,100,0,0,0,0,0
2026-08-13T03:51:06.282500,100,0,0,0,0,0
2026-08-13T03:51:06.282500,100,0,0,0,0,0
2026-08-13T03:51:06.286016,99,0,0,0,0,0
2026-08-13T03:51:06.286016,99,0,0,0,0,0
2026-08-13T03:51:06.287016,99,0,0,0,0,0
2026-08-13T03:51:06.290029,102,0,0,0,0,0
2026-08-13T03:51:06.290029,103,0,0,0,0,0
2026-08-13T03:51:06.291020,103,0,0,0,0,0
2026-08-13T03:51:06.292017,103,0,0,0,0,0
2026-08-13T03:51:06.294034,104,0,0,0,0,0
2026-08-13T03:51:06.294575,104,0,0,0,0,0
2026-08-13T03:51:06.294575,102,0,0,0,0,0
2026-08-13T03:51:06.297571,103,0,0,0,0,0
2026-08-13T03:51:06.298570,102,0,0,0,0,0
2026-08-13T03:51:06.299573,100,0,0,0,0,0
2026-08-13T03:51:06.301574,101,0,0,0,0,0
2026-08-13T03:51:06.302585,100,0,0,0,0,0
2026-08-13T03:51:06.302585,100,0,0,0,0,0
2026-08-13T03:51:06.302585,99,0,0,0,0,0
2026-08-13T03:51:06.306120,99,0,0,0,0,0
2026-08-13T03:51:06.307106,100,0,0,0,0,0
2026-08-13T03:51:06.308107,100,0,0,0,0,0
2026-08-13T03:51:06.310103,102,0,0,0,0,0
2026-08-13T03:51:06.311116,103,0,0,0,0,0
2026-08-13T03:51:06.311116,103,0,0,0,0,0
2026-08-13T03:51:06.311116,104,0,0,0,0,0
2026-08-13T03:51:06.314605,104,0,0,0,0,0
2026-08-13T03:51:06.314605,103,0,0,0,0,0
2026-08-13T03:51:06.315611,102,0,0,0,0,0
2026-08-13T03:51:06.318615,102,0,0,0,0,0
2026-08-13T03:51:06.318615,101,0,0,0,0,0
2026-08-13T03:51:06.319616,100,0,0,0,0,0
2026-08-13T03:51:06.319616,102,0,0,0,0,0
2026-08-13T03:51:06.322866,100,0,0,0,0,0
2026-08-13T03:51:06.322866,99,0,0,0,0,0
2026-08-13T03:51:06.322866,99,0,0,0,0,0
2026-08-13T03:51:06.326966,100,0,0,0,0,0
2026-08-13T03:51:06.326966,100,0,0,0,0,0
2026-08-13T03:51:06.326966,100,0,0,0,0,0
2026-08-13T03:51:06.331064,102,0,0,0,0,0
2026-08-13T03:51:06.331064,102,0,0,0,0,0
2026-08-13T03:51:06.332055,104,0,0,0,0,0
2026-08-13T03:51:06.332055,104,0,0,0,0,0
2026-08-13T03:51:06.334825,104,0,0,0,0,0
2026-08-13T03:51:06.335808,103,0,0,0,0,0
2026-08-13T03:51:06.335808,102,0,0,0,0,0
2026-08-13T03:51:06.338816,103,0,0,0,0,0
2026-08-13T03:51:06.339809,102,0,0,0,0,0
2026-08-13T03:51:06.339809,101,0,0,0,0,0
2026-08-13T03:51:06.340810,101,0,0,0,0,0
2026-08-13T03:51:06.342807,100,0,0,0,0,0
2026-08-13T03:51:06.344319,100,0,0,0,0,0
2026-08-13T03:51:06.344319,99,0,0,0,0,0
2026-08-13T03:51:06.347339,99,0,0,0,0,0
2026-08-13T03:51:06.347339,99,0,0,0,0,0
2026-08-13T03:51:06.348338,101,0,0,0,0,0
2026-08-13T03:51:06.348338,102,0,0,0,0,0
2026-08-13T03:51:06.351338,103,0,0,0,0,0
2026-08-13T03:51:06.351338,103,0,0,0,0,0
2026-08-13T03:51:06.352337,103,0,0,0,0,0
2026-08-13T03:51:06.354848,104,0,0,0,0,0
2026-08-13T03:51:06.355848,103,0,0,0,0,0
2026-08-13T03:51:06.355848,102,0,0,0,0,0
2026-08-13T03:51:06.355848,103,0,0,0,0,0
2026-08-13T03:51:06.359853,101,0,0,0,0,0
2026-08-13T03:51:06.359853,101,0,0,0,0,0
2026-08-13T03:51:06.360358,100,0,0,0,0,0
2026-08-13T03:51:06.363941,99,0,0,0,0,0
2026-08-13T03:51:06.363941,99,0,0,0,0,0
2026-08-13T03:51:06.363941,99,0,0,0,0,0
2026-08-13T03:51:06.367943,100,0,0,0,0,0
2026-08-13T03:51:06.367943,100,0,0,0,0,0
2026-08-13T03:51:06.367943,102,0,0,0,0,0
2026-08-13T03:51:06.368958,103,0,0,0,0,0
2026-08-13T03:51:06.371849,103,0,0,0,0,0
2026-08-13T03:51:06.371849,104,0,0,0,0,0
2026-08-13T03:51:06.372838,104,0,0,0,0,0
2026-08-13T03:51:06.376072,103,0,0,0,0,0
2026-08-13T03:51:06.376072,102,0,0,0,0,0
2026-08-13T03:51:06.377051,102,0,0,0,0,0
2026-08-13T03:51:06.377051,102,0,0,0,0,0
2026-08-13T03:51:06.380078,101,0,0,0,0,0
2026-08-13T03:51:06.380078,101,0,0,0,0,0
2026-08-13T03:51:06.381046,99,0,0,0,0,0
2026-08-13T03:51:06.384057,100,0,0,0,0,0
2026-08-13T03:51:06.384057,99,0,0,0,0,0
2026-08-13T03:51:06.384057,100,0,0,0,0,0
2026-08-13T03:51:06.385372,100,0,0,0,0,0
2026-08-13T03:51:06.388391,100,0,0,0,0,0
2026-08-13T03:51:06.388391,101,0,0,0,0,0
2026-08-13T03:51:06.388391,103,0,0,0,0,0
2026-08-13T03:51:06.391561,103,0,0,0,0,0
2026-08-13T03:51:06.392571,103,0,0,0,0,0
2026-08-13T03:51:06.392571,103,0,0,0,0,0
2026-08-13T03:51:06.396594,103,0,0,0,0,0
2026-08-13T03:51:06.396594,102,0,0,0,0,0
2026-08-13T03:51:06.396594,103,0,0,0,0,0
2026-08-13T03:51:06.397606,102,0,0,0,0,0
2026-08-13T03:51:06.400686,101,0,0,0,0,0
2026-08-13T03:51:06.400686,101,0,0,0,0,0
2026-08-13T03:51:06.400686,100,0,0,0,0,0
2026-08-13T03:51:06.404858,100,0,0,0,0,0
2026-08-13T03:51:06.404858,100,0,0,0,0,0
2026-08-13T03:51:06.404858,101,0,0,0,0,0
2026-08-13T03:51:06.405836,99,0,0,0,0,0
2026-08-13T03:51:06.408845,99,0,0,0,0,0
2026-08-13T03:51:06.408845,102,0,0,0,0,0
2026-08-13T03:51:06.409845,103,0,0,0,0,0
2026-08-13T03:51:06.412858,103,0,0,0,0,0
2026-08-13T03:51:06.412858,103,0,0,0,0,0
2026-08-13T03:51:06.413848,104,0,0,0,0,0
2026-08-13T03:51:06.414360,103,0,0,0,0,0
2026-08-13T03:51:06.416385,102,0,0,0,0,0
2026-08-13T03:51:06.417369,103,0,0,0,0,0
2026-08-13T03:51:06.418374,102,0,0,0,0,0
2026-08-13T03:51:06.421167,101,0,0,0,0,0
2026-08-13T03:51:06.421167,101,0,0,0,0,0
2026-08-13T03:51:06.422250,100,0,0,0,0,0
2026-08-13T03:51:06.422250,99,0,0,0,0,0
2026-08-13T03:51:06.424783,99,0,0,0,0,0
2026-08-13T03:51:06.425782,99,0,0,0,0,0
2026-08-13T03:51:06.426796,99,0,0,0,0,0
2026-08-13T03:51:06.428798,100,0,0,0,0,0
2026-08-13T03:51:06.429793,102,0,0,0,0,0
2026-08-13T03:51:06.430792,103,0,0,0,0,0
2026-08-13T03:51:06.432806,104,0,0,0,0,0
2026-08-13T03:51:06.433792,103,0,0,0,0,0
2026-08-13T03:51:06.434302,104,0,0,0,0,0
2026-08-13T03:51:06.434302,103,0,0,0,0,0
2026-08-13T03:51:06.437323,103,0,0,0,0,0
2026-08-13T03:51:06.437323,103,0,0,0,0,0
2026-08-13T03:51:06.438321,102,0,0,0,0,0
2026-08-13T03:51:06.441321,101,0,0,0,0,0
2026-08-13T03:51:06.441321,102,0,0,0,0,0
2026-08-13T03:51:06.442323,100,0,0,0,0,0
2026-08-13T03:51:06.442323,100,0,0,0,0,0
2026-08-13T03:51:06.445781,100,0,0,0,0,0
2026-08-13T03:51:06.445781,100,0,0,0,0,0
2026-08-13T03:51:06.446790,100,0,0,0,0,0
2026-08-13T03:51:06.449697,101,0,0,0,0,0
2026-08-13T03:51:06.449697,103,0,0,0,0,0
2026-08-13T03:51:06.450684,104,0,0,0,0,0
2026-08-13T03:51:06.450684,104,0,0,0,0,0
2026-08-13T03:51:06.453698,103,0,0,0,0,0
2026-08-13T03:51:06.454800,103,0,0,0,0,0
2026-08-13T03:51:06.454800,103,0,0,0,0,0
2026-08-13T03:51:06.457803,103,0,0,0,0,0
2026-08-13T03:51:06.458806,103,0,0,0,0,0
2026-08-13T03:51:06.458806,103,0,0,0,0,0
2026-08-13T03:51:06.461319,102,0,0,0,0,0
2026-08-13T03:51:06.462333,101,0,0,0,0,0
2026-08-13T03:51:06.462333,101,0,0,0,0,0
2026-08-13T03:51:06.463843,100,0,0,0,0,0
2026-08-13T03:51:06.465855,100,0,0,0,0,0
2026-08-13T03:51:06.466855,101,0,0,0,0,0
2026-08-13T03:51:06.466855,100,0,0,0,0,0
2026-08-13T03:51:06.469854,102,0,0,0,0,0
2026-08-13T03:51:06.470853,103,0,0,0,0,0
2026-08-13T03:51:06.470853,104,0,0,0,0,0
2026-08-13T03:51:06.471852,105,0,0,0,0,0
2026-08-13T03:51:06.474359,105,0,0,0,0,0
2026-08-13T03:51:06.474359,105,0,0,0,0,0
2026-08-13T03:51:06.475368,104,0,0,0,0,0
2026-08-13T03:51:06.478289,104,0,0,0,0,0
2026-08-13T03:51:06.478289,103,0,0,0,0,0
2026-08-13T03:51:06.479317,102,0,0,0,0,0
2026-08-13T03:51:06.479317,102,0,0,0,0,0
2026-08-13T03:51:06.482614,101,0,0,0,0,0
2026-08-13T03:51:06.482614,101,0,0,0,0,0
2026-08-13T03:51:06.483627,100,0,0,0,0,0
2026-08-13T03:51:06.486775,100,0,0,0,0,0
2026-08-13T03:51:06.486775,101,0,0,0,0,0
2026-08-13T03:51:06.487744,102,0,0,0,0,0
2026-08-13T03:51:06.487744,104,0,0,0,0,0
2026-08-13T03:51:06.490742,105,0,0,0,0,0
2026-08-13T03:51:06.491744,106,0,0,0,0,0
2026-08-13T03:51:06.491744,106,0,0,0,0,0
2026-08-13T03:51:06.493748,105,0,0,0,0,0
2026-08-13T03:51:06.495234,105,0,0,0,0,0
2026-08-13T03:51:06.495234,103,0,0,0,0,0
2026-08-13T03:51:06.498240,103,0,0,0,0,0
2026-08-13T03:51:06.499241,103,0,0,0,0,0
2026-08-13T03:51:06.499241,101,0,0,0,0,0
2026-08-13T03:51:06.500238,101,0,0,0,0,0
2026-08-13T03:51:06.502236,100,0,0,0,0,0
2026-08-13T03:51:06.502236,100,0,0,0,0,0
2026-08-13T03:51:06.503747,100,0,0,0,0,0
2026-08-13T03:51:06.506770,101,0,0,0,0,0
2026-08-13T03:51:06.507760,100,0,0,0,0,0
2026-08-13T03:51:06.508763,101,0,0,0,0,0
2026-08-13T03:51:06.509761,104,0,0,0,0,0
2026-08-13T03:51:06.510762,104,0,0,0,0,0
2026-08-13T03:51:06.511760,105,0,0,0,0,0
2026-08-13T03:51:06.511760,105,0,0,0,0,0
2026-08-13T03:51:06.514930,104,0,0,0,0,0
2026-08-13T03:51:06.515930,104,0,0,0,0,0
2026-08-13T03:51:06.515930,103,0,0,0,0,0
2026-08-13T03:51:06.515930,104,0,0,0,0,0
2026-08-13T03:51:06.518943,103,0,0,0,0,0
2026-08-13T03:51:06.519939,102,0,0,0,0,0
2026-08-13T03:51:06.519939,102,0,0,0,0,0
2026-08-13T03:51:06.523603,101,0,0,0,0,0
2026-08-13T03:51:06.524115,100,0,0,0,0,0
2026-08-13T03:51:06.524115,99,0,0,0,0,0
2026-08-13T03:51:06.524115,100,0,0,0,0,0
2026-08-13T03:51:06.527666,99,0,0,0,0,0
2026-08-13T03:51:06.527666,101,0,0,0,0,0
2026-08-13T03:51:06.527666,103,0,0,0,0,0
2026-08-13T03:51:06.531797,103,0,0,0,0,0
2026-08-13T03:51:06.531797,105,0,0,0,0,0
2026-08-13T03:51:06.531797,104,0,0,0,0,0
2026-08-13T03:51:06.535072,105,0,0,0,0,0
2026-08-13T03:51:06.536067,104,0,0,0,0,0
2026-08-13T03:51:06.536067,104,0,0,0,0,0
2026-08-13T03:51:06.537067,104,0,0,0,0,0
2026-08-13T03:51:06.539066,102,0,0,0,0,0
2026-08-13T03:51:06.540081,102,0,0,0,0,0
2026-08-13T03:51:06.541072,101,0,0,0,0,0
2026-08-13T03:51:06.544068,101,0,0,0,0,0
2026-08-13T03:51:06.544068,99,0,0,0,0,0
2026-08-13T03:51:06.545109,100,0,0,0,0,0
2026-08-13T03:51:06.545109,100,0,0,0,0,0
2026-08-13T03:51:06.548123,100,0,0,0,0,0
2026-08-13T03:51:06.548123,102,0,0,0,0,0
2026-08-13T03:51:06.549120,103,0,0,0,0,0
2026-08-13T03:51:06.552265,103,0,0,0,0,0
2026-08-13T03:51:06.552265,104,0,0,0,0,0
2026-08-13T03:51:06.552265,104,0,0,0,0,0
2026-08-13T03:51:06.552265,104,0,0,0,0,0
2026-08-13T03:51:06.556115,103,0,0,0,0,0
2026-08-13T03:51:06.556690,103,0,0,0,0,0
2026-08-13T03:51:06.557214,103,0,0,0,0,0
2026-08-13T03:51:06.560238,101,0,0,0,0,0
2026-08-13T03:51:06.560238,102,0,0,0,0,0
2026-08-13T03:51:06.560238,102,0,0,0,0,0
2026-08-13T03:51:06.564555,101,0,0,0,0,0
2026-08-13T03:51:06.564555,100,0,0,0,0,0
2026-08-13T03:51:06.564555,100,0,0,0,0,0
2026-08-13T03:51:06.565811,101,0,0,0,0,0
2026-08-13T03:51:06.568641,101,0,0,0,0,0
2026-08-13T03:51:06.568641,104,0,0,0,0,0
2026-08-13T03:51:06.568641,104,0,0,0,0,0
2026-08-13T03:51:06.572786,105,0,0,0,0,0
2026-08-13T03:51:06.572786,105,0,0,0,0,0
2026-08-13T03:51:06.573800,104,0,0,0,0,0
2026-08-13T03:51:06.574813,103,0,0,0,0,0
2026-08-13T03:51:06.576815,103,0,0,0,0,0
2026-08-13T03:51:06.576815,103,0,0,0,0,0
2026-08-13T03:51:06.577812,103,0,0,0,0,0
2026-08-13T03:51:06.580824,102,0,0,0,0,0
2026-08-13T03:51:06.580824,101,0,0,0,0,0
2026-08-13T03:51:06.581815,101,0,0,0,0,0
2026-08-13T03:51:06.581815,101,0,0,0,0,0
2026-08-13T03:51:06.584967,100,0,0,0,0,0
2026-08-13T03:51:06.584967,100,0,0,0,0,0
2026-08-13T03:51:06.585955,101,0,0,0,0,0
2026-08-13T03:51:06.588976,101,0,0,0,0,0
2026-08-13T03:51:06.588976,103,0,0,0,0,0
2026-08-13T03:51:06.589969,103,0,0,0,0,0
2026-08-13T03:51:06.590970,103,0,0,0,0,0
2026-08-13T03:51:06.593000,105,0,0,0,0,0
2026-08-13T03:51:06.593968,105,0,0,0,0,0
2026-08-13T03:51:06.594480,104,0,0,0,0,0
2026-08-13T03:51:06.596503,103,0,0,0,0,0
2026-08-13T03:51:06.597500,104,0,0,0,0,0
2026-08-13T03:51:06.597500,103,0,0,0,0,0
2026-08-13T03:51:06.600515,101,0,0,0,0,0
2026-08-13T03:51:06.601500,102,0,0,0,0,0
2026-08-13T03:51:06.601500,101,0,0,0,0,0
2026-08-13T03:51:06.602505,100,0,0,0,0,0
2026-08-13T03:51:06.605079,99,0,0,0,0,0
2026-08-13T03:51:06.606059,101,0,0,0,0,0
2026-08-13T03:51:06.606059,101,0,0,0,0,0
2026-08-13T03:51:06.609079,102,0,0,0,0,0
2026-08-13T03:51:06.610059,103,0,0,0,0,0
2026-08-13T03:51:06.610059,104,0,0,0,0,0
2026-08-13T03:51:06.611055,105,0,0,0,0,0
2026-08-13T03:51:06.613699,105,0,0,0,0,0
2026-08-13T03:51:06.613699,105,0,0,0,0,0
2026-08-13T03:51:06.613699,104,0,0,0,0,0
2026-08-13T03:51:06.617610,103,0,0,0,0,0
2026-08-13T03:51:06.618599,104,0,0,0,0,0
2026-08-13T03:51:06.618599,103,0,0,0,0,0
2026-08-13T03:51:06.619598,103,0,0,0,0,0
2026-08-13T03:51:06.621610,103,0,0,0,0,0
2026-08-13T03:51:06.621610,102,0,0,0,0,0
2026-08-13T03:51:06.622598,101,0,0,0,0,0
2026-08-13T03:51:06.625120,101,0,0,0,0,0
2026-08-13T03:51:06.626132,102,0,0,0,0,0
2026-08-13T03:51:06.627131,102,0,0,0,0,0
2026-08-13T03:51:06.629129,103,0,0,0,0,0
2026-08-13T03:51:06.630128,105,0,0,0,0,0
2026-08-13T03:51:06.630128,105,0,0,0,0,0
2026-08-13T03:51:06.631127,106,0,0,0,0,0
2026-08-13T03:51:06.633648,106,0,0,0,0,0
2026-08-13T03:51:06.633648,105,0,0,0,0,0
2026-08-13T03:51:06.634663,105,0,0,0,0,0
2026-08-13T03:51:06.637686,105,0,0,0,0,0
2026-08-13T03:51:06.638670,105,0,0,0,0,0
2026-08-13T03:51:06.638670,103,0,0,0,0,0
2026-08-13T03:51:06.638670,103,0,0,0,0,0
2026-08-13T03:51:06.641672,102,0,0,0,0,0
2026-08-13T03:51:06.642671,102,0,0,0,0,0
2026-08-13T03:51:06.642671,101,0,0,0,0,0
2026-08-13T03:51:06.646465,101,0,0,0,0,0
2026-08-13T03:51:06.646465,101,0,0,0,0,0
2026-08-13T03:51:06.646465,101,0,0,0,0,0
2026-08-13T03:51:06.647480,103,0,0,0,0,0
2026-08-13T03:51:06.650492,105,0,0,0,0,0
2026-08-13T03:51:06.650492,105,0,0,0,0,0
2026-08-13T03:51:06.651479,106,0,0,0,0,0
2026-08-13T03:51:06.653999,105,0,0,0,0,0
2026-08-13T03:51:06.655017,106,0,0,0,0,0
2026-08-13T03:51:06.655017,104,0,0,0,0,0
2026-08-13T03:51:06.656031,104,0,0,0,0,0
2026-08-13T03:51:06.658020,104,0,0,0,0,0
2026-08-13T03:51:06.659015,103,0,0,0,0,0
2026-08-13T03:51:06.660016,103,0,0,0,0,0
2026-08-13T03:51:06.662830,102,0,0,0,0,0
2026-08-13T03:51:06.662830,102,0,0,0,0,0
2026-08-13T03:51:06.663837,101,0,0,0,0,0
2026-08-13T03:51:06.666857,101,0,0,0,0,0
2026-08-13T03:51:06.666857,101,0,0,0,0,0
2026-08-13T03:51:06.667867,102,0,0,0,0,0
2026-08-13T03:51:06.667867,103,0,0,0,0,0
2026-08-13T03:51:06.670862,105,0,0,0,0,0
2026-08-13T03:51:06.670862,105,0,0,0,0,0
2026-08-13T03:51:06.671865,106,0,0,0,0,0
2026-08-13T03:51:06.674354,106,0,0,0,0,0
2026-08-13T03:51:06.675365,105,0,0,0,0,0
2026-08-13T03:51:06.676375,104,0,0,0,0,0
2026-08-13T03:51:06.676375,104,0,0,0,0,0
2026-08-13T03:51:06.678377,104,0,0,0,0,0
2026-08-13T03:51:06.679374,103,0,0,0,0,0
2026-08-13T03:51:06.680374,102,0,0,0,0,0
2026-08-13T03:51:06.682373,102,0,0,0,0,0
2026-08-13T03:51:06.683880,101,0,0,0,0,0
2026-08-13T03:51:06.683880,100,0,0,0,0,0
2026-08-13T03:51:06.683880,102,0,0,0,0,0
2026-08-13T03:51:06.686899,101,0,0,0,0,0
2026-08-13T03:51:06.687902,101,0,0,0,0,0
2026-08-13T03:51:06.687902,104,0,0,0,0,0
2026-08-13T03:51:06.690897,105,0,0,0,0,0
2026-08-13T03:51:06.691899,105,0,0,0,0,0
2026-08-13T03:51:06.691899,106,0,0,0,0,0
2026-08-13T03:51:06.695618,105,0,0,0,0,0
2026-08-13T03:51:06.695618,104,0,0,0,0,0
2026-08-13T03:51:06.695618,104,0,0,0,0,0
2026-08-13T03:51:06.696634,105,0,0,0,0,0
2026-08-13T03:51:06.699790,104,0,0,0,0,0
2026-08-13T03:51:06.699790,103,0,0,0,0,0
2026-08-13T03:51:06.699790,103,0,0,0,0,0
2026-08-13T03:51:06.703790,102,0,0,0,0,0
2026-08-13T03:51:06.703790,102,0,0,0,0,0
2026-08-13T03:51:06.704917,101,0,0,0,0,0
2026-08-13T03:51:06.705920,102,0,0,0,0,0
2026-08-13T03:51:06.707288,101,0,0,0,0,0
2026-08-13T03:51:06.708309,103,0,0,0,0,0
2026-08-13T03:51:06.708309,105,0,0,0,0,0
2026-08-13T03:51:06.711306,105,0,0,0,0,0
2026-08-13T03:51:06.712305,105,0,0,0,0,0
2026-08-13T03:51:06.712305,104,0,0,0,0,0
2026-08-13T03:51:06.712305,106,0,0,0,0,0
2026-08-13T03:51:06.715843,104,0,0,0,0,0
2026-08-13T03:51:06.715843,104,0,0,0,0,0
2026-08-13T03:51:06.716824,105,0,0,0,0,0
2026-08-13T03:51:06.720004,103,0,0,0,0,0
2026-08-13T03:51:06.720004,103,0,0,0,0,0
2026-08-13T03:51:06.720004,102,0,0,0,0,0
2026-08-13T03:51:06.721004,101,0,0,0,0,0
2026-08-13T03:51:06.723964,101,0,0,0,0,0
2026-08-13T03:51:06.723964,101,0,0,0,0,0
2026-08-13T03:51:06.725213,102,0,0,0,0,0
2026-08-13T03:51:06.728235,101,0,0,0,0,0
2026-08-13T03:51:06.728235,103,0,0,0,0,0
2026-08-13T03:51:06.729219,105,0,0,0,0,0
2026-08-13T03:51:06.732234,105,0,0,0,0,0
2026-08-13T03:51:06.732234,106,0,0,0,0,0
2026-08-13T03:51:06.732234,106,0,0,0,0,0
2026-08-13T03:51:06.733746,105,0,0,0,0,0
2026-08-13T03:51:06.735758,104,0,0,0,0,0
2026-08-13T03:51:06.736757,104,0,0,0,0,0
2026-08-13T03:51:06.737758,104,0,0,0,0,0
2026-08-13T03:51:06.740203,103,0,0,0,0,0
2026-08-13T03:51:06.741185,103,0,0,0,0,0
2026-08-13T03:51:06.742189,102,0,0,0,0,0
2026-08-13T03:51:06.742189,102,0,0,0,0,0
2026-08-13T03:51:06.744720,101,0,0,0,0,0
2026-08-13T03:51:06.744720,101,0,0,0,0,0
2026-08-13T03:51:06.745714,102,0,0,0,0,0
2026-08-13T03:51:06.748725,102,0,0,0,0,0
2026-08-13T03:51:06.748725,104,0,0,0,0,0
2026-08-13T03:51:06.749731,105,0,0,0,0,0
2026-08-13T03:51:06.750729,105,0,0,0,0,0
2026-08-13T03:51:06.752737,106,0,0,0,0,0
2026-08-13T03:51:06.752737,105,0,0,0,0,0
2026-08-13T03:51:06.754244,105,0,0,0,0,0
2026-08-13T03:51:06.756178,103,0,0,0,0,0
2026-08-13T03:51:06.758207,104,0,0,0,0,0
2026-08-13T03:51:06.758207,103,0,0,0,0,0
2026-08-13T03:51:06.760205,103,0,0,0,0,0
2026-08-13T03:51:06.761718,103,0,0,0,0,0
2026-08-13T03:51:06.761718,102,0,0,0,0,0
2026-08-13T03:51:06.762738,102,0,0,0,0,0
2026-08-13T03:51:06.765253,102,0,0,0,0,0
2026-08-13T03:51:06.765253,101,0,0,0,0,0
2026-08-13T03:51:06.766265,102,0,0,0,0,0
2026-08-13T03:51:06.769295,102,0,0,0,0,0
2026-08-13T03:51:06.769295,104,0,0,0,0,0
2026-08-13T03:51:06.770265,105,0,0,0,0,0
2026-08-13T03:51:06.770265,105,0,0,0,0,0
2026-08-13T03:51:06.773221,105,0,0,0,0,0
2026-08-13T03:51:06.773725,105,0,0,0,0,0
2026-08-13T03:51:06.774733,105,0,0,0,0,0
2026-08-13T03:51:06.776250,104,0,0,0,0,0
2026-08-13T03:51:06.777828,105,0,0,0,0,0
2026-08-13T03:51:06.778836,104,0,0,0,0,0
2026-08-13T03:51:06.778836,103,0,0,0,0,0
2026-08-13T03:51:06.780849,103,0,0,0,0,0
2026-08-13T03:51:06.781858,102,0,0,0,0,0
2026-08-13T03:51:06.781858,101,0,0,0,0,0
2026-08-13T03:51:06.785226,101,0,0,0,0,0
2026-08-13T03:51:06.786229,102,0,0,0,0,0
2026-08-13T03:51:06.786229,101,0,0,0,0,0
2026-08-13T03:51:06.786229,102,0,0,0,0,0
2026-08-13T03:51:06.789242,103,0,0,0,0,0
2026-08-13T03:51:06.790228,104,0,0,0,0,0
2026-08-13T03:51:06.790228,105,0,0,0,0,0
2026-08-13T03:51:06.793736,105,0,0,0,0,0
2026-08-13T03:51:06.793736,106,0,0,0,0,0
2026-08-13T03:51:06.794747,105,0,0,0,0,0
2026-08-13T03:51:06.797756,104,0,0,0,0,0
2026-08-13T03:51:06.797756,104,0,0,0,0,0
2026-08-13T03:51:06.797756,104,0,0,0,0,0
2026-08-13T03:51:06.799229,103,0,0,0,0,0
2026-08-13T03:51:06.801241,103,0,0,0,0,0
2026-08-13T03:51:06.802242,101,0,0,0,0,0
2026-08-13T03:51:06.802242,101,0,0,0,0,0
2026-08-13T03:51:06.806115,101,0,0,0,0,0
2026-08-13T03:51:06.806115,102,0,0,0,0,0
2026-08-13T03:51:06.806115,101,0,0,0,0,0
2026-08-13T03:51:06.807121,102,0,0,0,0,0
2026-08-13T03:51:06.810120,105,0,0,0,0,0
2026-08-13T03:51:06.810120,105,0,0,0,0,0
2026-08-13T03:51:06.810120,106,0,0,0,0,0
2026-08-13T03:51:06.813658,106,0,0,0,0,0
2026-08-13T03:51:06.814682,105,0,0,0,0,0
2026-08-13T03:51:06.814682,104,0,0,0,0,0
2026-08-13T03:51:06.814682,104,0,0,0,0,0
2026-08-13T03:51:06.817686,105,0,0,0,0,0
2026-08-13T03:51:06.818672,103,0,0,0,0,0
2026-08-13T03:51:06.818672,103,0,0,0,0,0
2026-08-13T03:51:06.822674,102,0,0,0,0,0
2026-08-13T03:51:06.822674,102,0,0,0,0,0
2026-08-13T03:51:06.823672,101,0,0,0,0,0
2026-08-13T03:51:06.823672,101,0,0,0,0,0
2026-08-13T03:51:06.826133,102,0,0,0,0,0
2026-08-13T03:51:06.827157,102,0,0,0,0,0
2026-08-13T03:51:06.827157,103,0,0,0,0,0
2026-08-13T03:51:06.830156,105,0,0,0,0,0
2026-08-13T03:51:06.831142,105,0,0,0,0,0
2026-08-13T03:51:06.832143,105,0,0,0,0,0
2026-08-13T03:51:06.834704,105,0,0,0,0,0
2026-08-13T03:51:06.835691,105,0,0,0,0,0
2026-08-13T03:51:06.835691,104,0,0,0,0,0
2026-08-13T03:51:06.836704,105,0,0,0,0,0
2026-08-13T03:51:06.838713,103,0,0,0,0,0
2026-08-13T03:51:06.838713,103,0,0,0,0,0
2026-08-13T03:51:06.839701,103,0,0,0,0,0
2026-08-13T03:51:06.842948,102,0,0,0,0,0
2026-08-13T03:51:06.843456,102,0,0,0,0,0
2026-08-13T03:51:06.843962,101,0,0,0,0,0
2026-08-13T03:51:06.844979,100,0,0,0,0,0
2026-08-13T03:51:06.846982,101,0,0,0,0,0
2026-08-13T03:51:06.847489,100,0,0,0,0,0
2026-08-13T03:51:06.847489,102,0,0,0,0,0
2026-08-13T03:51:06.850939,103,0,0,0,0,0
2026-08-13T03:51:06.850939,103,0,0,0,0,0
2026-08-13T03:51:06.851925,103,0,0,0,0,0
2026-08-13T03:51:06.851925,104,0,0,0,0,0
2026-08-13T03:51:06.855402,103,0,0,0,0,0
2026-08-13T03:51:06.855402,102,0,0,0,0,0
2026-08-13T03:51:06.855402,103,0,0,0,0,0
2026-08-13T03:51:06.859388,103,0,0,0,0,0
2026-08-13T03:51:06.859388,102,0,0,0,0,0
2026-08-13T03:51:06.859388,102,0,0,0,0,0
2026-08-13T03:51:06.862896,102,0,0,0,0,0
2026-08-13T03:51:06.863896,101,0,0,0,0,0
2026-08-13T03:51:06.863896,100,0,0,0,0,0
2026-08-13T03:51:06.863896,101,0,0,0,0,0
2026-08-13T03:51:06.866931,101,0,0,0,0,0
2026-08-13T03:51:06.867930,101,0,0,0,0,0
2026-08-13T03:51:06.867930,103,0,0,0,0,0
2026-08-13T03:51:06.870945,105,0,0,0,0,0
2026-08-13T03:51:06.871931,105,0,0,0,0,0
2026-08-13T03:51:06.871931,106,0,0,0,0,0
2026-08-13T03:51:06.872936,105,0,0,0,0,0
2026-08-13T03:51:06.874956,104,0,0,0,0,0
2026-08-13T03:51:06.875955,103,0,0,0,0,0
2026-08-13T03:51:06.876958,104,0,0,0,0,0
2026-08-13T03:51:06.879954,102,0,0,0,0,0
2026-08-13T03:51:06.879954,101,0,0,0,0,0
2026-08-13T03:51:06.879954,102,0,0,0,0,0
2026-08-13T03:51:06.880955,101,0,0,0,0,0
2026-08-13T03:51:06.883970,100,0,0,0,0,0
2026-08-13T03:51:06.884485,100,0,0,0,0,0
2026-08-13T03:51:06.884485,100,0,0,0,0,0
2026-08-13T03:51:06.887519,100,0,0,0,0,0
2026-08-13T03:51:06.888528,101,0,0,0,0,0
2026-08-13T03:51:06.888528,103,0,0,0,0,0
2026-08-13T03:51:06.888528,104,0,0,0,0,0
2026-08-13T03:51:06.891506,104,0,0,0,0,0
2026-08-13T03:51:06.892505,104,0,0,0,0,0
2026-08-13T03:51:06.892505,104,0,0,0,0,0
2026-08-13T03:51:06.896315,104,0,0,0,0,0
2026-08-13T03:51:06.896315,103,0,0,0,0,0
2026-08-13T03:51:06.896315,103,0,0,0,0,0
2026-08-13T03:51:06.900342,102,0,0,0,0,0
2026-08-13T03:51:06.900342,101,0,0,0,0,0
2026-08-13T03:51:06.901329,101,0,0,0,0,0
2026-08-13T03:51:06.901329,101,0,0,0,0,0
2026-08-13T03:51:06.903866,101,0,0,0,0,0
2026-08-13T03:51:06.904884,100,0,0,0,0,0
2026-08-13T03:51:06.904884,101,0,0,0,0,0
2026-08-13T03:51:06.908368,100,0,0,0,0,0
2026-08-13T03:51:06.908368,102,0,0,0,0,0
2026-08-13T03:51:06.909381,104,0,0,0,0,0
2026-08-13T03:51:06.909381,104,0,0,0,0,0
2026-08-13T03:51:06.912677,104,0,0,0,0,0
2026-08-13T03:51:06.912677,104,0,0,0,0,0
2026-08-13T03:51:06.913683,104,0,0,0,0,0
2026-08-13T03:51:06.916791,102,0,0,0,0,0
2026-08-13T03:51:06.916791,103,0,0,0,0,0
2026-08-13T03:51:06.917806,103,0,0,0,0,0
2026-08-13T03:51:06.917806,101,0,0,0,0,0
2026-08-13T03:51:06.920811,102,0,0,0,0,0
2026-08-13T03:51:06.921807,101,0,0,0,0,0
2026-08-13T03:51:06.921807,101,0,0,0,0,0
2026-08-13T03:51:06.924957,100,0,0,0,0,0
2026-08-13T03:51:06.925960,100,0,0,0,0,0
2026-08-13T03:51:06.925960,101,0,0,0,0,0
2026-08-13T03:51:06.928972,100,0,0,0,0,0
2026-08-13T03:51:06.928972,102,0,0,0,0,0
2026-08-13T03:51:06.929976,103,0,0,0,0,0
2026-08-13T03:51:06.930974,104,0,0,0,0,0
2026-08-13T03:51:06.932970,105,0,0,0,0,0
2026-08-13T03:51:06.932970,105,0,0,0,0,0
2026-08-13T03:51:06.933970,104,0,0,0,0,0
2026-08-13T03:51:06.936493,103,0,0,0,0,0
2026-08-13T03:51:06.937489,104,0,0,0,0,0
2026-08-13T03:51:06.937489,103,0,0,0,0,0
2026-08-13T03:51:06.938493,102,0,0,0,0,0
2026-08-13T03:51:06.940515,102,0,0,0,0,0
2026-08-13T03:51:06.941492,101,0,0,0,0,0
2026-08-13T03:51:06.941492,101,0,0,0,0,0
2026-08-13T03:51:06.945454,100,0,0,0,0,0
2026-08-13T03:51:06.945454,99,0,0,0,0,0
2026-08-13T03:51:06.945454,100,0,0,0,0,0
2026-08-13T03:51:06.946472,100,0,0,0,0,0
2026-08-13T03:51:06.948819,103,0,0,0,0,0
2026-08-13T03:51:06.949819,103,0,0,0,0,0
2026-08-13T03:51:06.949819,104,0,0,0,0,0
2026-08-13T03:51:06.952835,104,0,0,0,0,0
2026-08-13T03:51:06.953820,104,0,0,0,0,0
2026-08-13T03:51:06.953820,102,0,0,0,0,0
2026-08-13T03:51:06.954883,102,0,0,0,0,0
2026-08-13T03:51:06.957886,103,0,0,0,0,0
2026-08-13T03:51:06.957886,102,0,0,0,0,0
2026-08-13T03:51:06.958886,101,0,0,0,0,0
2026-08-13T03:51:06.961886,102,0,0,0,0,0
2026-08-13T03:51:06.961886,101,0,0,0,0,0
2026-08-13T03:51:06.961886,100,0,0,0,0,0
2026-08-13T03:51:06.965557,99,0,0,0,0,0
2026-08-13T03:51:06.965557,100,0,0,0,0,0
2026-08-13T03:51:06.966557,100,0,0,0,0,0
2026-08-13T03:51:06.966557,101,0,0,0,0,0
2026-08-13T03:51:06.969573,102,0,0,0,0,0
2026-08-13T03:51:06.970557,103,0,0,0,0,0
2026-08-13T03:51:06.970557,104,0,0,0,0,0
2026-08-13T03:51:06.973976,104,0,0,0,0,0
2026-08-13T03:51:06.974494,103,0,0,0,0,0
2026-08-13T03:51:06.974494,103,0,0,0,0,0
2026-08-13T03:51:06.975506,103,0,0,0,0,0
2026-08-13T03:51:06.977514,104,0,0,0,0,0
2026-08-13T03:51:06.978513,102,0,0,0,0,0
2026-08-13T03:51:06.978513,102,0,0,0,0,0
2026-08-13T03:51:06.981527,101,0,0,0,0,0
2026-08-13T03:51:06.982513,100,0,0,0,0,0
2026-08-13T03:51:06.982513,100,0,0,0,0,0
2026-08-13T03:51:06.982513,100,0,0,0,0,0
2026-08-13T03:51:06.986069,100,0,0,0,0,0
2026-08-13T03:51:06.987055,100,0,0,0,0,0
2026-08-13T03:51:06.987055,101,0,0,0,0,0
2026-08-13T03:51:06.989773,103,0,0,0,0,0
2026-08-13T03:51:06.990989,104,0,0,0,0,0
2026-08-13T03:51:06.992007,103,0,0,0,0,0
2026-08-13T03:51:06.994017,104,0,0,0,0,0
2026-08-13T03:51:06.995129,103,0,0,0,0,0
2026-08-13T03:51:06.996126,103,0,0,0,0,0
2026-08-13T03:51:06.996126,103,0,0,0,0,0
2026-08-13T03:51:06.998126,103,0,0,0,0,0
2026-08-13T03:51:06.999125,101,0,0,0,0,0
2026-08-13T03:51:06.999125,102,0,0,0,0,0
2026-08-13T03:51:07.002139,102,0,0,0,0,0
2026-08-13T03:51:07.002139,100,0,0,0,0,0
2026-08-13T03:51:07.003649,100,0,0,0,0,0
2026-08-13T03:51:07.004662,99,0,0,0,0,0
2026-08-13T03:51:07.006893,100,0,0,0,0,0
2026-08-13T03:51:07.006893,100,0,0,0,0,0
2026-08-13T03:51:07.007911,102,0,0,0,0,0
2026-08-13T03:51:07.010906,103,0,0,0,0,0
2026-08-13T03:51:07.010906,103,0,0,0,0,0
2026-08-13T03:51:07.011911,104,0,0,0,0,0
2026-08-13T03:51:07.011911,104,0,0,0,0,0
2026-08-13T03:51:07.014443,104,0,0,0,0,0
2026-08-13T03:51:07.015574,102,0,0,0,0,0
2026-08-13T03:51:07.015574,103,0,0,0,0,0
2026-08-13T03:51:07.018584,103,0,0,0,0,0
2026-08-13T03:51:07.019587,101,0,0,0,0,0
2026-08-13T03:51:07.019587,101,0,0,0,0,0
2026-08-13T03:51:07.020586,100,0,0,0,0,0
2026-08-13T03:51:07.022599,100,0,0,0,0,0
2026-08-13T03:51:07.022599,99,0,0,0,0,0
2026-08-13T03:51:07.024109,100,0,0,0,0,0
2026-08-13T03:51:07.027391,100,0,0,0,0,0
2026-08-13T03:51:07.027391,100,0,0,0,0,0
2026-08-13T03:51:07.027391,102,0,0,0,0,0
2026-08-13T03:51:07.030407,104,0,0,0,0,0
2026-08-13T03:51:07.031772,104,0,0,0,0,0
2026-08-13T03:51:07.031772,105,0,0,0,0,0
2026-08-13T03:51:07.032769,104,0,0,0,0,0
2026-08-13T03:51:07.035565,103,0,0,0,0,0
2026-08-13T03:51:07.035565,103,0,0,0,0,0
2026-08-13T03:51:07.036580,103,0,0,0,0,0
2026-08-13T03:51:07.039594,103,0,0,0,0,0
2026-08-13T03:51:07.039594,101,0,0,0,0,0
2026-08-13T03:51:07.040580,102,0,0,0,0,0
2026-08-13T03:51:07.041582,102,0,0,0,0,0
2026-08-13T03:51:07.042582,101,0,0,0,0,0
2026-08-13T03:51:07.044090,100,0,0,0,0,0
2026-08-13T03:51:07.045102,101,0,0,0,0,0
2026-08-13T03:51:07.047119,101,0,0,0,0,0
2026-08-13T03:51:07.048109,101,0,0,0,0,0
2026-08-13T03:51:07.048109,104,0,0,0,0,0
2026-08-13T03:51:07.049111,105,0,0,0,0,0
2026-08-13T03:51:07.051110,106,0,0,0,0,0
2026-08-13T03:51:07.052109,105,0,0,0,0,0
2026-08-13T03:51:07.052109,106,0,0,0,0,0
2026-08-13T03:51:07.056053,105,0,0,0,0,0
2026-08-13T03:51:07.056053,105,0,0,0,0,0
2026-08-13T03:51:07.056699,105,0,0,0,0,0
2026-08-13T03:51:07.057751,104,0,0,0,0,0
2026-08-13T03:51:07.059761,104,0,0,0,0,0
2026-08-13T03:51:07.060764,104,0,0,0,0,0
2026-08-13T03:51:07.060764,103,0,0,0,0,0
2026-08-13T03:51:07.064241,102,0,0,0,0,0
2026-08-13T03:51:07.064241,101,0,0,0,0,0
2026-08-13T03:51:07.064241,102,0,0,0,0,0
2026-08-13T03:51:07.068341,101,0,0,0,0,0
2026-08-13T03:51:07.068341,103,0,0,0,0,0
2026-08-13T03:51:07.068341,105,0,0,0,0,0
2026-08-13T03:51:07.069376,106,0,0,0,0,0
2026-08-13T03:51:07.072373,106,0,0,0,0,0
2026-08-13T03:51:07.072373,106,0,0,0,0,0
2026-08-13T03:51:07.072373,106,0,0,0,0,0
2026-08-13T03:51:07.075916,105,0,0,0,0,0
2026-08-13T03:51:07.076903,105,0,0,0,0,0
2026-08-13T03:51:07.077902,105,0,0,0,0,0
2026-08-13T03:51:07.077902,104,0,0,0,0,0
2026-08-13T03:51:07.079901,104,0,0,0,0,0
2026-08-13T03:51:07.080901,103,0,0,0,0,0
2026-08-13T03:51:07.081902,103,0,0,0,0,0
2026-08-13T03:51:07.084075,102,0,0,0,0,0
2026-08-13T03:51:07.085096,102,0,0,0,0,0
2026-08-13T03:51:07.085096,102,0,0,0,0,0
2026-08-13T03:51:07.086106,102,0,0,0,0,0
2026-08-13T03:51:07.088818,103,0,0,0,0,0
2026-08-13T03:51:07.088818,106,0,0,0,0,0
2026-08-13T03:51:07.088818,106,0,0,0,0,0
2026-08-13T03:51:07.092830,106,0,0,0,0,0
2026-08-13T03:51:07.092830,106,0,0,0,0,0
2026-08-13T03:51:07.093834,106,0,0,0,0,0
2026-08-13T03:51:07.096368,105,0,0,0,0,0
2026-08-13T03:51:07.097357,105,0,0,0,0,0
2026-08-13T03:51:07.097357,105,0,0,0,0,0
2026-08-13T03:51:07.097357,103,0,0,0,0,0
2026-08-13T03:51:07.100358,103,0,0,0,0,0
2026-08-13T03:51:07.101357,103,0,0,0,0,0
2026-08-13T03:51:07.101357,102,0,0,0,0,0
2026-08-13T03:51:07.104873,102,0,0,0,0,0
2026-08-13T03:51:07.104873,102,0,0,0,0,0
2026-08-13T03:51:07.105874,103,0,0,0,0,0
2026-08-13T03:51:07.105874,102,0,0,0,0,0
2026-08-13T03:51:07.108897,104,0,0,0,0,0
2026-08-13T03:51:07.109874,106,0,0,0,0,0
2026-08-13T03:51:07.109874,106,0,0,0,0,0
2026-08-13T03:51:07.112943,106,0,0,0,0,0
2026-08-13T03:51:07.113956,107,0,0,0,0,0
2026-08-13T03:51:07.113956,106,0,0,0,0,0
2026-08-13T03:51:07.114972,105,0,0,0,0,0
2026-08-13T03:51:07.117509,105,0,0,0,0,0
2026-08-13T03:51:07.117509,103,0,0,0,0,0
2026-08-13T03:51:07.118531,103,0,0,0,0,0
2026-08-13T03:51:07.121589,104,0,0,0,0,0
2026-08-13T03:51:07.121589,103,0,0,0,0,0
2026-08-13T03:51:07.122606,102,0,0,0,0,0
2026-08-13T03:51:07.122606,102,0,0,0,0,0
2026-08-13T03:51:07.125133,102,0,0,0,0,0
2026-08-13T03:51:07.126146,102,0,0,0,0,0
2026-08-13T03:51:07.126146,102,0,0,0,0,0
2026-08-13T03:51:07.129340,105,0,0,0,0,0
2026-08-13T03:51:07.129340,105,0,0,0,0,0
2026-08-13T03:51:07.130566,106,0,0,0,0,0
2026-08-13T03:51:07.133913,106,0,0,0,0,0
2026-08-13T03:51:07.134421,106,0,0,0,0,0
2026-08-13T03:51:07.134421,105,0,0,0,0,0
2026-08-13T03:51:07.134421,104,0,0,0,0,0
2026-08-13T03:51:07.137439,105,0,0,0,0,0
2026-08-13T03:51:07.137439,104,0,0,0,0,0
2026-08-13T03:51:07.138437,104,0,0,0,0,0
2026-08-13T03:51:07.141441,104,0,0,0,0,0
2026-08-13T03:51:07.142439,103,0,0,0,0,0
2026-08-13T03:51:07.142439,101,0,0,0,0,0
2026-08-13T03:51:07.143284,101,0,0,0,0,0
2026-08-13T03:51:07.145821,102,0,0,0,0,0
2026-08-13T03:51:07.145821,101,0,0,0,0,0
2026-08-13T03:51:07.146837,103,0,0,0,0,0
2026-08-13T03:51:07.150281,105,0,0,0,0,0
2026-08-13T03:51:07.150281,105,0,0,0,0,0
2026-08-13T03:51:07.150281,106,0,0,0,0,0
2026-08-13T03:51:07.151299,106,0,0,0,0,0
2026-08-13T03:51:07.153977,106,0,0,0,0,0
2026-08-13T03:51:07.153977,105,0,0,0,0,0
2026-08-13T03:51:07.154987,105,0,0,0,0,0
2026-08-13T03:51:07.157986,105,0,0,0,0,0
2026-08-13T03:51:07.158988,104,0,0,0,0,0
2026-08-13T03:51:07.158988,103,0,0,0,0,0
2026-08-13T03:51:07.162000,103,0,0,0,0,0
2026-08-13T03:51:07.163099,102,0,0,0,0,0
2026-08-13T03:51:07.163099,102,0,0,0,0,0
2026-08-13T03:51:07.163099,102,0,0,0,0,0
2026-08-13T03:51:07.166576,102,0,0,0,0,0
2026-08-13T03:51:07.166576,102,0,0,0,0,0
2026-08-13T03:51:07.167566,103,0,0,0,0,0
2026-08-13T03:51:07.170584,105,0,0,0,0,0
2026-08-13T03:51:07.170584,105,0,0,0,0,0
2026-08-13T03:51:07.171568,106,0,0,0,0,0
2026-08-13T03:51:07.171568,106,0,0,0,0,0
2026-08-13T03:51:07.174094,105,0,0,0,0,0
2026-08-13T03:51:07.175120,104,0,0,0,0,0
2026-08-13T03:51:07.176133,104,0,0,0,0,0
2026-08-13T03:51:07.178129,105,0,0,0,0,0
2026-08-13T03:51:07.179128,103,0,0,0,0,0
2026-08-13T03:51:07.179128,103,0,0,0,0,0
2026-08-13T03:51:07.180132,103,0,0,0,0,0
2026-08-13T03:51:07.182141,103,0,0,0,0,0
2026-08-13T03:51:07.182141,102,0,0,0,0,0
2026-08-13T03:51:07.183655,102,0,0,0,0,0
2026-08-13T03:51:07.186692,102,0,0,0,0,0
2026-08-13T03:51:07.187668,102,0,0,0,0,0
2026-08-13T03:51:07.187668,104,0,0,0,0,0
2026-08-13T03:51:07.187668,105,0,0,0,0,0
2026-08-13T03:51:07.190624,105,0,0,0,0,0
2026-08-13T03:51:07.191736,105,0,0,0,0,0
2026-08-13T03:51:07.191736,106,0,0,0,0,0
2026-08-13T03:51:07.195305,106,0,0,0,0,0
2026-08-13T03:51:07.195305,105,0,0,0,0,0
2026-08-13T03:51:07.196315,105,0,0,0,0,0
2026-08-13T03:51:07.199355,105,0,0,0,0,0
2026-08-13T03:51:07.199355,104,0,0,0,0,0
2026-08-13T03:51:07.200341,104,0,0,0,0,0
2026-08-13T03:51:07.200341,103,0,0,0,0,0
2026-08-13T03:51:07.202372,103,0,0,0,0,0
2026-08-13T03:51:07.203890,103,0,0,0,0,0
2026-08-13T03:51:07.203890,104,0,0,0,0,0
2026-08-13T03:51:07.206912,104,0,0,0,0,0
2026-08-13T03:51:07.207901,103,0,0,0,0,0
2026-08-13T03:51:07.208900,105,0,0,0,0,0
2026-08-13T03:51:07.208900,107,0,0,0,0,0
2026-08-13T03:51:07.210913,107,0,0,0,0,0
2026-08-13T03:51:07.211899,108,0,0,0,0,0
2026-08-13T03:51:07.212900,108,0,0,0,0,0
2026-08-13T03:51:07.215388,107,0,0,0,0,0
2026-08-13T03:51:07.216405,106,0,0,0,0,0
2026-08-13T03:51:07.216405,107,0,0,0,0,0
2026-08-13T03:51:07.217406,106,0,0,0,0,0
2026-08-13T03:51:07.219462,105,0,0,0,0,0
2026-08-13T03:51:07.220491,104,0,0,0,0,0
2026-08-13T03:51:07.220491,104,0,0,0,0,0
2026-08-13T03:51:07.223927,103,0,0,0,0,0
2026-08-13T03:51:07.224968,103,0,0,0,0,0
2026-08-13T03:51:07.225973,103,0,0,0,0,0
2026-08-13T03:51:07.227964,102,0,0,0,0,0
2026-08-13T03:51:07.228969,103,0,0,0,0,0
2026-08-13T03:51:07.228969,106,0,0,0,0,0
2026-08-13T03:51:07.229969,106,0,0,0,0,0
2026-08-13T03:51:07.231963,107,0,0,0,0,0
2026-08-13T03:51:07.231963,106,0,0,0,0,0
2026-08-13T03:51:07.232962,106,0,0,0,0,0
2026-08-13T03:51:07.235578,105,0,0,0,0,0
2026-08-13T03:51:07.236590,104,0,0,0,0,0
2026-08-13T03:51:07.236590,105,0,0,0,0,0
2026-08-13T03:51:07.237649,104,0,0,0,0,0
2026-08-13T03:51:07.239658,103,0,0,0,0,0
2026-08-13T03:51:07.240658,103,0,0,0,0,0
2026-08-13T03:51:07.241657,102,0,0,0,0,0
2026-08-13T03:51:07.244478,102,0,0,0,0,0
2026-08-13T03:51:07.244478,101,0,0,0,0,0
2026-08-13T03:51:07.244478,101,0,0,0,0,0
2026-08-13T03:51:07.245495,101,0,0,0,0,0
2026-08-13T03:51:07.248565,102,0,0,0,0,0
2026-08-13T03:51:07.248565,104,0,0,0,0,0
2026-08-13T03:51:07.249583,105,0,0,0,0,0
2026-08-13T03:51:07.252277,106,0,0,0,0,0
2026-08-13T03:51:07.252277,105,0,0,0,0,0
2026-08-13T03:51:07.253784,105,0,0,0,0,0
2026-08-13T03:51:07.253784,105,0,0,0,0,0
2026-08-13T03:51:07.256809,104,0,0,0,0,0
2026-08-13T03:51:07.256809,104,0,0,0,0,0
2026-08-13T03:51:07.257796,103,0,0,0,0,0
2026-08-13T03:51:07.260795,103,0,0,0,0,0
2026-08-13T03:51:07.260795,102,0,0,0,0,0
2026-08-13T03:51:07.260795,102,0,0,0,0,0
2026-08-13T03:51:07.264919,101,0,0,0,0,0
2026-08-13T03:51:07.264919,101,0,0,0,0,0
2026-08-13T03:51:07.264919,101,0,0,0,0,0
2026-08-13T03:51:07.265917,101,0,0,0,0,0
2026-08-13T03:51:07.268933,102,0,0,0,0,0
2026-08-13T03:51:07.268933,103,0,0,0,0,0
2026-08-13T03:51:07.268933,104,0,0,0,0,0
2026-08-13T03:51:07.272511,105,0,0,0,0,0
2026-08-13T03:51:07.272511,105,0,0,0,0,0
2026-08-13T03:51:07.272511,105,0,0,0,0,0
2026-08-13T03:51:07.274073,103,0,0,0,0,0
2026-08-13T03:51:07.277232,104,0,0,0,0,0
2026-08-13T03:51:07.277232,104,0,0,0,0,0
2026-08-13T03:51:07.277232,102,0,0,0,0,0
2026-08-13T03:51:07.280590,102,0,0,0,0,0
2026-08-13T03:51:07.281597,101,0,0,0,0,0
2026-08-13T03:51:07.281597,101,0,0,0,0,0
2026-08-13T03:51:07.282598,101,0,0,0,0,0
2026-08-13T03:51:07.284666,100,0,0,0,0,0
2026-08-13T03:51:07.284666,101,0,0,0,0,0
2026-08-13T03:51:07.286153,101,0,0,0,0,0
2026-08-13T03:51:07.289591,102,0,0,0,0,0
2026-08-13T03:51:07.289591,104,0,0,0,0,0
2026-08-13T03:51:07.289591,104,0,0,0,0,0
2026-08-13T03:51:07.290612,106,0,0,0,0,0
2026-08-13T03:51:07.293616,106,0,0,0,0,0
2026-08-13T03:51:07.294213,105,0,0,0,0,0
2026-08-13T03:51:07.294213,104,0,0,0,0,0
2026-08-13T03:51:07.297358,104,0,0,0,0,0
2026-08-13T03:51:07.298334,104,0,0,0,0,0
2026-08-13T03:51:07.298334,102,0,0,0,0,0
2026-08-13T03:51:07.301326,103,0,0,0,0,0
2026-08-13T03:51:07.302340,101,0,0,0,0,0
2026-08-13T03:51:07.302340,101,0,0,0,0,0
2026-08-13T03:51:07.303852,100,0,0,0,0,0
2026-08-13T03:51:07.305865,100,0,0,0,0,0
2026-08-13T03:51:07.305865,100,0,0,0,0,0
2026-08-13T03:51:07.306867,101,0,0,0,0,0
2026-08-13T03:51:07.309866,104,0,0,0,0,0
2026-08-13T03:51:07.309866,104,0,0,0,0,0
2026-08-13T03:51:07.310865,105,0,0,0,0,0
2026-08-13T03:51:07.310865,105,0,0,0,0,0
2026-08-13T03:51:07.313864,105,0,0,0,0,0
2026-08-13T03:51:07.314370,104,0,0,0,0,0
2026-08-13T03:51:07.315380,103,0,0,0,0,0
2026-08-13T03:51:07.317389,103,0,0,0,0,0
2026-08-13T03:51:07.318389,103,0,0,0,0,0
2026-08-13T03:51:07.319388,101,0,0,0,0,0
2026-08-13T03:51:07.319388,102,0,0,0,0,0
2026-08-13T03:51:07.322388,101,0,0,0,0,0
2026-08-13T03:51:07.322388,101,0,0,0,0,0
2026-08-13T03:51:07.322388,99,0,0,0,0,0
2026-08-13T03:51:07.325903,100,0,0,0,0,0
2026-08-13T03:51:07.325903,100,0,0,0,0,0
2026-08-13T03:51:07.326909,101,0,0,0,0,0
2026-08-13T03:51:07.330492,103,0,0,0,0,0
2026-08-13T03:51:07.330492,103,0,0,0,0,0
2026-08-13T03:51:07.331507,105,0,0,0,0,0
2026-08-13T03:51:07.331507,105,0,0,0,0,0
2026-08-13T03:51:07.334570,104,0,0,0,0,0
2026-08-13T03:51:07.334570,103,0,0,0,0,0
2026-08-13T03:51:07.335789,103,0,0,0,0,0
2026-08-13T03:51:07.338662,103,0,0,0,0,0
2026-08-13T03:51:07.338662,102,0,0,0,0,0
2026-08-13T03:51:07.339677,102,0,0,0,0,0
2026-08-13T03:51:07.340677,102,0,0,0,0,0
2026-08-13T03:51:07.342683,100,0,0,0,0,0
2026-08-13T03:51:07.343685,100,0,0,0,0,0
2026-08-13T03:51:07.344200,100,0,0,0,0,0
2026-08-13T03:51:07.346225,100,0,0,0,0,0
2026-08-13T03:51:07.347223,100,0,0,0,0,0
2026-08-13T03:51:07.347223,101,0,0,0,0,0
2026-08-13T03:51:07.348244,103,0,0,0,0,0
2026-08-13T03:51:07.350225,103,0,0,0,0,0
2026-08-13T03:51:07.351222,105,0,0,0,0,0
2026-08-13T03:51:07.352224,104,0,0,0,0,0
2026-08-13T03:51:07.354745,104,0,0,0,0,0
2026-08-13T03:51:07.354745,103,0,0,0,0,0
2026-08-13T03:51:07.355745,103,0,0,0,0,0
2026-08-13T03:51:07.356755,104,0,0,0,0,0
2026-08-13T03:51:07.358757,102,0,0,0,0,0
2026-08-13T03:51:07.359759,101,0,0,0,0,0
2026-08-13T03:51:07.360760,100,0,0,0,0,0
2026-08-13T03:51:07.362942,100,0,0,0,0,0
2026-08-13T03:51:07.362942,99,0,0,0,0,0
2026-08-13T03:51:07.364236,99,0,0,0,0,0
2026-08-13T03:51:07.367341,99,0,0,0,0,0
2026-08-13T03:51:07.367341,100,0,0,0,0,0
2026-08-13T03:51:07.368358,102,0,0,0,0,0
2026-08-13T03:51:07.369383,104,0,0,0,0,0
2026-08-13T03:51:07.371371,103,0,0,0,0,0
2026-08-13T03:51:07.371371,104,0,0,0,0,0
2026-08-13T03:51:07.372365,104,0,0,0,0,0
2026-08-13T03:51:07.375544,104,0,0,0,0,0
2026-08-13T03:51:07.376582,103,0,0,0,0,0
2026-08-13T03:51:07.376582,103,0,0,0,0,0
2026-08-13T03:51:07.377562,102,0,0,0,0,0
2026-08-13T03:51:07.379467,101,0,0,0,0,0
2026-08-13T03:51:07.379467,102,0,0,0,0,0
2026-08-13T03:51:07.380490,100,0,0,0,0,0
2026-08-13T03:51:07.382503,99,0,0,0,0,0
2026-08-13T03:51:07.384014,100,0,0,0,0,0
2026-08-13T03:51:07.385029,100,0,0,0,0,0
2026-08-13T03:51:07.385029,100,0,0,0,0,0
2026-08-13T03:51:07.387063,100,0,0,0,0,0
2026-08-13T03:51:07.388056,102,0,0,0,0,0
2026-08-13T03:51:07.389041,103,0,0,0,0,0
2026-08-13T03:51:07.391043,104,0,0,0,0,0
2026-08-13T03:51:07.392040,105,0,0,0,0,0
2026-08-13T03:51:07.393046,106,0,0,0,0,0
2026-08-13T03:51:07.395572,103,0,0,0,0,0
2026-08-13T03:51:07.396583,103,0,0,0,0,0
2026-08-13T03:51:07.396583,103,0,0,0,0,0
2026-08-13T03:51:07.397582,102,0,0,0,0,0
2026-08-13T03:51:07.399621,102,0,0,0,0,0
2026-08-13T03:51:07.400585,101,0,0,0,0,0
2026-08-13T03:51:07.400585,101,0,0,0,0,0
2026-08-13T03:51:07.404117,101,0,0,0,0,0
2026-08-13T03:51:07.404117,100,0,0,0,0,0
2026-08-13T03:51:07.405127,100,0,0,0,0,0
2026-08-13T03:51:07.405127,100,0,0,0,0,0
2026-08-13T03:51:07.408136,99,0,0,0,0,0
2026-08-13T03:51:07.408136,103,0,0,0,0,0
2026-08-13T03:51:07.409138,104,0,0,0,0,0
2026-08-13T03:51:07.412134,104,0,0,0,0,0
2026-08-13T03:51:07.412134,104,0,0,0,0,0
2026-08-13T03:51:07.412134,105,0,0,0,0,0
2026-08-13T03:51:07.413643,104,0,0,0,0,0
2026-08-13T03:51:07.416206,104,0,0,0,0,0
2026-08-13T03:51:07.416206,104,0,0,0,0,0
2026-08-13T03:51:07.417222,103,0,0,0,0,0
2026-08-13T03:51:07.420233,102,0,0,0,0,0
2026-08-13T03:51:07.421220,102,0,0,0,0,0
2026-08-13T03:51:07.421220,100,0,0,0,0,0
2026-08-13T03:51:07.422219,100,0,0,0,0,0
2026-08-13T03:51:07.424739,99,0,0,0,0,0
2026-08-13T03:51:07.424739,100,0,0,0,0,0
2026-08-13T03:51:07.425737,100,0,0,0,0,0
2026-08-13T03:51:07.428747,102,0,0,0,0,0
2026-08-13T03:51:07.428747,104,0,0,0,0,0
2026-08-13T03:51:07.429745,103,0,0,0,0,0
2026-08-13T03:51:07.432746,104,0,0,0,0,0
2026-08-13T03:51:07.432746,105,0,0,0,0,0
2026-08-13T03:51:07.433745,105,0,0,0,0,0
2026-08-13T03:51:07.437266,104,0,0,0,0,0
2026-08-13T03:51:07.438264,103,0,0,0,0,0
2026-08-13T03:51:07.438264,103,0,0,0,0,0
2026-08-13T03:51:07.438264,102,0,0,0,0,0
2026-08-13T03:51:07.440625,102,0,0,0,0,0
2026-08-13T03:51:07.440625,102,0,0,0,0,0
2026-08-13T03:51:07.441756,100,0,0,0,0,0
2026-08-13T03:51:07.441756,99,0,0,0,0,0
2026-08-13T03:51:07.444674,100,0,0,0,0,0
2026-08-13T03:51:07.444674,101,0,0,0,0,0
2026-08-13T03:51:07.446034,100,0,0,0,0,0
2026-08-13T03:51:07.449050,101,0,0,0,0,0
2026-08-13T03:51:07.449050,104,0,0,0,0,0
2026-08-13T03:51:07.450071,104,0,0,0,0,0
2026-08-13T03:51:07.450071,105,0,0,0,0,0
2026-08-13T03:51:07.453087,104,0,0,0,0,0
2026-08-13T03:51:07.454072,103,0,0,0,0,0
2026-08-13T03:51:07.454587,103,0,0,0,0,0
2026-08-13T03:51:07.457293,103,0,0,0,0,0
2026-08-13T03:51:07.458315,104,0,0,0,0,0
2026-08-13T03:51:07.458315,102,0,0,0,0,0
2026-08-13T03:51:07.461566,102,0,0,0,0,0
2026-08-13T03:51:07.461566,101,0,0,0,0,0
2026-08-13T03:51:07.461566,101,0,0,0,0,0
2026-08-13T03:51:07.463076,100,0,0,0,0,0
2026-08-13T03:51:07.465363,100,0,0,0,0,0
2026-08-13T03:51:07.466799,101,0,0,0,0,0
2026-08-13T03:51:07.466799,100,0,0,0,0,0
2026-08-13T03:51:07.469791,102,0,0,0,0,0
2026-08-13T03:51:07.469791,104,0,0,0,0,0
2026-08-13T03:51:07.470822,103,0,0,0,0,0
2026-08-13T03:51:07.471822,104,0,0,0,0,0
2026-08-13T03:51:07.473883,105,0,0,0,0,0
2026-08-13T03:51:07.474916,104,0,0,0,0,0
2026-08-13T03:51:07.475914,103,0,0,0,0,0
2026-08-13T03:51:07.477930,103,0,0,0,0,0
2026-08-13T03:51:07.478932,103,0,0,0,0,0
2026-08-13T03:51:07.478932,102,0,0,0,0,0
2026-08-13T03:51:07.479933,102,0,0,0,0,0
2026-08-13T03:51:07.481928,101,0,0,0,0,0
2026-08-13T03:51:07.481928,101,0,0,0,0,0
2026-08-13T03:51:07.482929,99,0,0,0,0,0
2026-08-13T03:51:07.485459,101,0,0,0,0,0
2026-08-13T03:51:07.486460,101,0,0,0,0,0
2026-08-13T03:51:07.486460,101,0,0,0,0,0
2026-08-13T03:51:07.486460,103,0,0,0,0,0
2026-08-13T03:51:07.489473,103,0,0,0,0,0
2026-08-13T03:51:07.490458,104,0,0,0,0,0
2026-08-13T03:51:07.490458,106,0,0,0,0,0
2026-08-13T03:51:07.494318,105,0,0,0,0,0
2026-08-13T03:51:07.494318,104,0,0,0,0,0
2026-08-13T03:51:07.494318,103,0,0,0,0,0
2026-08-13T03:51:07.498420,104,0,0,0,0,0
2026-08-13T03:51:07.498420,103,0,0,0,0,0
2026-08-13T03:51:07.499442,102,0,0,0,0,0
2026-08-13T03:51:07.499442,102,0,0,0,0,0
2026-08-13T03:51:07.502515,101,0,0,0,0,0
2026-08-13T03:51:07.502515,100,0,0,0,0,0
2026-08-13T03:51:07.502515,100,0,0,0,0,0
2026-08-13T03:51:07.506032,102,0,0,0,0,0
2026-08-13T03:51:07.507032,100,0,0,0,0,0
2026-08-13T03:51:07.508036,101,0,0,0,0,0
2026-08-13T03:51:07.509040,104,0,0,0,0,0
2026-08-13T03:51:07.510036,104,0,0,0,0,0
2026-08-13T03:51:07.511035,105,0,0,0,0,0
2026-08-13T03:51:07.512038,104,0,0,0,0,0
2026-08-13T03:51:07.514543,105,0,0,0,0,0
2026-08-13T03:51:07.514543,104,0,0,0,0,0
2026-08-13T03:51:07.515554,103,0,0,0,0,0
2026-08-13T03:51:07.515554,103,0,0,0,0,0
2026-08-13T03:51:07.518786,103,0,0,0,0,0
2026-08-13T03:51:07.518786,102,0,0,0,0,0
2026-08-13T03:51:07.519772,102,0,0,0,0,0
2026-08-13T03:51:07.522992,102,0,0,0,0,0
2026-08-13T03:51:07.523502,100,0,0,0,0,0
2026-08-13T03:51:07.524011,100,0,0,0,0,0
2026-08-13T03:51:07.524011,101,0,0,0,0,0
2026-08-13T03:51:07.527064,101,0,0,0,0,0
2026-08-13T03:51:07.527064,102,0,0,0,0,0
2026-08-13T03:51:07.527064,104,0,0,0,0,0
2026-08-13T03:51:07.531065,104,0,0,0,0,0
2026-08-13T03:51:07.531065,105,0,0,0,0,0
2026-08-13T03:51:07.532027,105,0,0,0,0,0
2026-08-13T03:51:07.534582,104,0,0,0,0,0
2026-08-13T03:51:07.535574,103,0,0,0,0,0
2026-08-13T03:51:07.535574,103,0,0,0,0,0
2026-08-13T03:51:07.535574,104,0,0,0,0,0
2026-08-13T03:51:07.538589,102,0,0,0,0,0
2026-08-13T03:51:07.539575,102,0,0,0,0,0
2026-08-13T03:51:07.539575,102,0,0,0,0,0
2026-08-13T03:51:07.542590,101,0,0,0,0,0
2026-08-13T03:51:07.544098,100,0,0,0,0,0
2026-08-13T03:51:07.544098,100,0,0,0,0,0
2026-08-13T03:51:07.544098,101,0,0,0,0,0
2026-08-13T03:51:07.547576,100,0,0,0,0,0
2026-08-13T03:51:07.547576,101,0,0,0,0,0
2026-08-13T03:51:07.547576,103,0,0,0,0,0
2026-08-13T03:51:07.551770,104,0,0,0,0,0
2026-08-13T03:51:07.551770,105,0,0,0,0,0
2026-08-13T03:51:07.551770,105,0,0,0,0,0
2026-08-13T03:51:07.552788,105,0,0,0,0,0
2026-08-13T03:51:07.555790,103,0,0,0,0,0
2026-08-13T03:51:07.555790,104,0,0,0,0,0
2026-08-13T03:51:07.555790,103,0,0,0,0,0
2026-08-13T03:51:07.559804,103,0,0,0,0,0
2026-08-13T03:51:07.559804,102,0,0,0,0,0
2026-08-13T03:51:07.560808,101,0,0,0,0,0
2026-08-13T03:51:07.563982,102,0,0,0,0,0
2026-08-13T03:51:07.564489,101,0,0,0,0,0
2026-08-13T03:51:07.564995,101,0,0,0,0,0
2026-08-13T03:51:07.564995,101,0,0,0,0,0
2026-08-13T03:51:07.567115,101,0,0,0,0,0
2026-08-13T03:51:07.568120,102,0,0,0,0,0
2026-08-13T03:51:07.568120,104,0,0,0,0,0
2026-08-13T03:51:07.572141,104,0,0,0,0,0
2026-08-13T03:51:07.572141,105,0,0,0,0,0
2026-08-13T03:51:07.572141,105,0,0,0,0,0
2026-08-13T03:51:07.572141,104,0,0,0,0,0
2026-08-13T03:51:07.575846,103,0,0,0,0,0
2026-08-13T03:51:07.575846,103,0,0,0,0,0
2026-08-13T03:51:07.576849,103,0,0,0,0,0
2026-08-13T03:51:07.579560,101,0,0,0,0,0
2026-08-13T03:51:07.580531,102,0,0,0,0,0
2026-08-13T03:51:07.580531,101,0,0,0,0,0
2026-08-13T03:51:07.581534,101,0,0,0,0,0
2026-08-13T03:51:07.584054,100,0,0,0,0,0
2026-08-13T03:51:07.585073,101,0,0,0,0,0
2026-08-13T03:51:07.585073,102,0,0,0,0,0
2026-08-13T03:51:07.588094,101,0,0,0,0,0
2026-08-13T03:51:07.589085,103,0,0,0,0,0
2026-08-13T03:51:07.589085,104,0,0,0,0,0
2026-08-13T03:51:07.590084,105,0,0,0,0,0
2026-08-13T03:51:07.592084,105,0,0,0,0,0
2026-08-13T03:51:07.593082,104,0,0,0,0,0
2026-08-13T03:51:07.593082,104,0,0,0,0,0
2026-08-13T03:51:07.596627,103,0,0,0,0,0
2026-08-13T03:51:07.596627,104,0,0,0,0,0
2026-08-13T03:51:07.597608,103,0,0,0,0,0
2026-08-13T03:51:07.600618,102,0,0,0,0,0
2026-08-13T03:51:07.600618,102,0,0,0,0,0
2026-08-13T03:51:07.601609,102,0,0,0,0,0
2026-08-13T03:51:07.601609,101,0,0,0,0,0
2026-08-13T03:51:07.604134,100,0,0,0,0,0
2026-08-13T03:51:07.605156,101,0,0,0,0,0
2026-08-13T03:51:07.605156,100,0,0,0,0,0
2026-08-13T03:51:07.608168,101,0,0,0,0,0
2026-08-13T03:51:07.609163,103,0,0,0,0,0
2026-08-13T03:51:07.609163,103,0,0,0,0,0
2026-08-13T03:51:07.610165,103,0,0,0,0,0
2026-08-13T03:51:07.613091,103,0,0,0,0,0
2026-08-13T03:51:07.613091,104,0,0,0,0,0
2026-08-13T03:51:07.614101,103,0,0,0,0,0
2026-08-13T03:51:07.617190,103,0,0,0,0,0
2026-08-13T03:51:07.617190,103,0,0,0,0,0
2026-08-13T03:51:07.618206,102,0,0,0,0,0
2026-08-13T03:51:07.618206,102,0,0,0,0,0
2026-08-13T03:51:07.621128,102,0,0,0,0,0
2026-08-13T03:51:07.621128,100,0,0,0,0,0
2026-08-13T03:51:07.622133,101,0,0,0,0,0
2026-08-13T03:51:07.624659,99,0,0,0,0,0
2026-08-13T03:51:07.625658,101,0,0,0,0,0
2026-08-13T03:51:07.626667,102,0,0,0,0,0
2026-08-13T03:51:07.628667,102,0,0,0,0,0
2026-08-13T03:51:07.629667,103,0,0,0,0,0
2026-08-13T03:51:07.630670,103,0,0,0,0,0
2026-08-13T03:51:07.630670,104,0,0,0,0,0
2026-08-13T03:51:07.632613,104,0,0,0,0,0
2026-08-13T03:51:07.634122,104,0,0,0,0,0
2026-08-13T03:51:07.634122,103,0,0,0,0,0
2026-08-13T03:51:07.637485,103,0,0,0,0,0
2026-08-13T03:51:07.638457,104,0,0,0,0,0
2026-08-13T03:51:07.638457,102,0,0,0,0,0
2026-08-13T03:51:07.638457,101,0,0,0,0,0
2026-08-13T03:51:07.641817,101,0,0,0,0,0
2026-08-13T03:51:07.641817,101,0,0,0,0,0
2026-08-13T03:51:07.641817,100,0,0,0,0,0
2026-08-13T03:51:07.645099,100,0,0,0,0,0
2026-08-13T03:51:07.646104,100,0,0,0,0,0
2026-08-13T03:51:07.646104,100,0,0,0,0,0
2026-08-13T03:51:07.646104,102,0,0,0,0,0
2026-08-13T03:51:07.649104,104,0,0,0,0,0
2026-08-13T03:51:07.650105,104,0,0,0,0,0
2026-08-13T03:51:07.650105,104,0,0,0,0,0
2026-08-13T03:51:07.654114,104,0,0,0,0,0
2026-08-13T03:51:07.654114,104,0,0,0,0,0
2026-08-13T03:51:07.654622,102,0,0,0,0,0
2026-08-13T03:51:07.654622,103,0,0,0,0,0
2026-08-13T03:51:07.657426,102,0,0,0,0,0
2026-08-13T03:51:07.658594,101,0,0,0,0,0
2026-08-13T03:51:07.658594,101,0,0,0,0,0
2026-08-13T03:51:07.661763,101,0,0,0,0,0
2026-08-13T03:51:07.661763,100,0,0,0,0,0
2026-08-13T03:51:07.661763,99,0,0,0,0,0
2026-08-13T03:51:07.665831,100,0,0,0,0,0
2026-08-13T03:51:07.666813,100,0,0,0,0,0
2026-08-13T03:51:07.666813,100,0,0,0,0,0
2026-08-13T03:51:07.666813,102,0,0,0,0,0
2026-08-13T03:51:07.669826,103,0,0,0,0,0
2026-08-13T03:51:07.669826,104,0,0,0,0,0
2026-08-13T03:51:07.670812,103,0,0,0,0,0
2026-08-13T03:51:07.673819,104,0,0,0,0,0
2026-08-13T03:51:07.675043,103,0,0,0,0,0
2026-08-13T03:51:07.675043,102,0,0,0,0,0
2026-08-13T03:51:07.675043,103,0,0,0,0,0
2026-08-13T03:51:07.678183,102,0,0,0,0,0
2026-08-13T03:51:07.678183,101,0,0,0,0,0
2026-08-13T03:51:07.678183,102,0,0,0,0,0
2026-08-13T03:51:07.682713,100,0,0,0,0,0
2026-08-13T03:51:07.682713,100,0,0,0,0,0
2026-08-13T03:51:07.682713,100,0,0,0,0,0
2026-08-13T03:51:07.683699,100,0,0,0,0,0
2026-08-13T03:51:07.686264,100,0,0,0,0,0
2026-08-13T03:51:07.687226,101,0,0,0,0,0
2026-08-13T03:51:07.687226,102,0,0,0,0,0
2026-08-13T03:51:07.690241,103,0,0,0,0,0
2026-08-13T03:51:07.690241,104,0,0,0,0,0
2026-08-13T03:51:07.691651,103,0,0,0,0,0
2026-08-13T03:51:07.694220,103,0,0,0,0,0
2026-08-13T03:51:07.695603,103,0,0,0,0,0
2026-08-13T03:51:07.695603,102,0,0,0,0,0
2026-08-13T03:51:07.696109,103,0,0,0,0,0
2026-08-13T03:51:07.699123,102,0,0,0,0,0
2026-08-13T03:51:07.699123,101,0,0,0,0,0
2026-08-13T03:51:07.699123,100,0,0,0,0,0
2026-08-13T03:51:07.702131,100,0,0,0,0,0
2026-08-13T03:51:07.703644,99,0,0,0,0,0
2026-08-13T03:51:07.703644,99,0,0,0,0,0
2026-08-13T03:51:07.704654,100,0,0,0,0,0
2026-08-13T03:51:07.707269,99,0,0,0,0,0
2026-08-13T03:51:07.707269,101,0,0,0,0,0
2026-08-13T03:51:07.708287,102,0,0,0,0,0
2026-08-13T03:51:07.711400,103,0,0,0,0,0
2026-08-13T03:51:07.711400,103,0,0,0,0,0
2026-08-13T03:51:07.712447,103,0,0,0,0,0
2026-08-13T03:51:07.712447,103,0,0,0,0,0
2026-08-13T03:51:07.715593,103,0,0,0,0,0
2026-08-13T03:51:07.715593,102,0,0,0,0,0
2026-08-13T03:51:07.716559,102,0,0,0,0,0
2026-08-13T03:51:07.719571,101,0,0,0,0,0
2026-08-13T03:51:07.719571,100,0,0,0,0,0
2026-08-13T03:51:07.720559,100,0,0,0,0,0
2026-08-13T03:51:07.720559,100,0,0,0,0,0
2026-08-13T03:51:07.723846,99,0,0,0,0,0
2026-08-13T03:51:07.724859,99,0,0,0,0,0
2026-08-13T03:51:07.725860,99,0,0,0,0,0
2026-08-13T03:51:07.727871,99,0,0,0,0,0
2026-08-13T03:51:07.728869,100,0,0,0,0,0
2026-08-13T03:51:07.728869,102,0,0,0,0,0
2026-08-13T03:51:07.731921,102,0,0,0,0,0
2026-08-13T03:51:07.731921,103,0,0,0,0,0
2026-08-13T03:51:07.731921,103,0,0,0,0,0
2026-08-13T03:51:07.732921,104,0,0,0,0,0
2026-08-13T03:51:07.735521,102,0,0,0,0,0
2026-08-13T03:51:07.736503,102,0,0,0,0,0
2026-08-13T03:51:07.736503,101,0,0,0,0,0
2026-08-13T03:51:07.740064,101,0,0,0,0,0
2026-08-13T03:51:07.740064,101,0,0,0,0,0
2026-08-13T03:51:07.740064,100,0,0,0,0,0
2026-08-13T03:51:07.741080,100,0,0,0,0,0
2026-08-13T03:51:07.743693,99,0,0,0,0,0
2026-08-13T03:51:07.744711,100,0,0,0,0,0
2026-08-13T03:51:07.744711,100,0,0,0,0,0
2026-08-13T03:51:07.748152,100,0,0,0,0,0
2026-08-13T03:51:07.748152,101,0,0,0,0,0
2026-08-13T03:51:07.749125,103,0,0,0,0,0
2026-08-13T03:51:07.749125,104,0,0,0,0,0
2026-08-13T03:51:07.752381,104,0,0,0,0,0
2026-08-13T03:51:07.752381,104,0,0,0,0,0
2026-08-13T03:51:07.752381,103,0,0,0,0,0
2026-08-13T03:51:07.756336,102,0,0,0,0,0
2026-08-13T03:51:07.756336,102,0,0,0,0,0
2026-08-13T03:51:07.756336,102,0,0,0,0,0
2026-08-13T03:51:07.757322,102,0,0,0,0,0
2026-08-13T03:51:07.760321,101,0,0,0,0,0
2026-08-13T03:51:07.760321,100,0,0,0,0,0
2026-08-13T03:51:07.761320,100,0,0,0,0,0
2026-08-13T03:51:07.764849,100,0,0,0,0,0
2026-08-13T03:51:07.764849,100,0,0,0,0,0
2026-08-13T03:51:07.764849,100,0,0,0,0,0
2026-08-13T03:51:07.767856,101,0,0,0,0,0
2026-08-13T03:51:07.767856,103,0,0,0,0,0
2026-08-13T03:51:07.769673,104,0,0,0,0,0
2026-08-13T03:51:07.769673,105,0,0,0,0,0
2026-08-13T03:51:07.772640,105,0,0,0,0,0
2026-08-13T03:51:07.772640,105,0,0,0,0,0
2026-08-13T03:51:07.772640,104,0,0,0,0,0
2026-08-13T03:51:07.776664,104,0,0,0,0,0
2026-08-13T03:51:07.776664,103,0,0,0,0,0
2026-08-13T03:51:07.777671,103,0,0,0,0,0
2026-08-13T03:51:07.777671,103,0,0,0,0,0
2026-08-13T03:51:07.780635,102,0,0,0,0,0
2026-08-13T03:51:07.780635,101,0,0,0,0,0
2026-08-13T03:51:07.781652,101,0,0,0,0,0
2026-08-13T03:51:07.784953,99,0,0,0,0,0
2026-08-13T03:51:07.785479,100,0,0,0,0,0
2026-08-13T03:51:07.785479,99,0,0,0,0,0
2026-08-13T03:51:07.785479,101,0,0,0,0,0
2026-08-13T03:51:07.788958,103,0,0,0,0,0
2026-08-13T03:51:07.788958,102,0,0,0,0,0
2026-08-13T03:51:07.789947,104,0,0,0,0,0
2026-08-13T03:51:07.792377,104,0,0,0,0,0
2026-08-13T03:51:07.792377,104,0,0,0,0,0
2026-08-13T03:51:07.793882,103,0,0,0,0,0
2026-08-13T03:51:07.796903,103,0,0,0,0,0
2026-08-13T03:51:07.797887,104,0,0,0,0,0
2026-08-13T03:51:07.797887,102,0,0,0,0,0
2026-08-13T03:51:07.797887,102,0,0,0,0,0
2026-08-13T03:51:07.800893,102,0,0,0,0,0
2026-08-13T03:51:07.801893,101,0,0,0,0,0
2026-08-13T03:51:07.801893,101,0,0,0,0,0
2026-08-13T03:51:07.805023,99,0,0,0,0,0
2026-08-13T03:51:07.805023,101,0,0,0,0,0
2026-08-13T03:51:07.806405,100,0,0,0,0,0
2026-08-13T03:51:07.806405,102,0,0,0,0,0
2026-08-13T03:51:07.809413,103,0,0,0,0,0
2026-08-13T03:51:07.809413,104,0,0,0,0,0
2026-08-13T03:51:07.810411,105,0,0,0,0,0
2026-08-13T03:51:07.813917,105,0,0,0,0,0
2026-08-13T03:51:07.813917,104,0,0,0,0,0
2026-08-13T03:51:07.813917,104,0,0,0,0,0
2026-08-13T03:51:07.814923,104,0,0,0,0,0
2026-08-13T03:51:07.817944,104,0,0,0,0,0
2026-08-13T03:51:07.817944,103,0,0,0,0,0
2026-08-13T03:51:07.817944,102,0,0,0,0,0
2026-08-13T03:51:07.821994,103,0,0,0,0,0
2026-08-13T03:51:07.821994,102,0,0,0,0,0
2026-08-13T03:51:07.821994,101,0,0,0,0,0
2026-08-13T03:51:07.821994,102,0,0,0,0,0
2026-08-13T03:51:07.824877,102,0,0,0,0,0
2026-08-13T03:51:07.826309,101,0,0,0,0,0
2026-08-13T03:51:07.826309,103,0,0,0,0,0
2026-08-13T03:51:07.830206,105,0,0,0,0,0
2026-08-13T03:51:07.830206,105,0,0,0,0,0
2026-08-13T03:51:07.830206,105,0,0,0,0,0
2026-08-13T03:51:07.833798,105,0,0,0,0,0
2026-08-13T03:51:07.833798,105,0,0,0,0,0
2026-08-13T03:51:07.834802,104,0,0,0,0,0
2026-08-13T03:51:07.834802,105,0,0,0,0,0
2026-08-13T03:51:07.837165,103,0,0,0,0,0
2026-08-13T03:51:07.838660,102,0,0,0,0,0
2026-08-13T03:51:07.838660,103,0,0,0,0,0
2026-08-13T03:51:07.842121,102,0,0,0,0,0
2026-08-13T03:51:07.842121,102,0,0,0,0,0
2026-08-13T03:51:07.842121,101,0,0,0,0,0
2026-08-13T03:51:07.842121,101,0,0,0,0,0
2026-08-13T03:51:07.846034,102,0,0,0,0,0
2026-08-13T03:51:07.846034,101,0,0,0,0,0
2026-08-13T03:51:07.847076,103,0,0,0,0,0
2026-08-13T03:51:07.850451,104,0,0,0,0,0
2026-08-13T03:51:07.850451,105,0,0,0,0,0
2026-08-13T03:51:07.850451,105,0,0,0,0,0
2026-08-13T03:51:07.850451,105,0,0,0,0,0
2026-08-13T03:51:07.854820,103,0,0,0,0,0
2026-08-13T03:51:07.854820,103,0,0,0,0,0
2026-08-13T03:51:07.854820,104,0,0,0,0,0
2026-08-13T03:51:07.858845,104,0,0,0,0,0
2026-08-13T03:51:07.858845,102,0,0,0,0,0
2026-08-13T03:51:07.858845,103,0,0,0,0,0
2026-08-13T03:51:07.861850,102,0,0,0,0,0
2026-08-13T03:51:07.863354,102,0,0,0,0,0
2026-08-13T03:51:07.863884,100,0,0,0,0,0
2026-08-13T03:51:07.863884,101,0,0,0,0,0
2026-08-13T03:51:07.866088,101,0,0,0,0,0
2026-08-13T03:51:07.867094,101,0,0,0,0,0
2026-08-13T03:51:07.867094,104,0,0,0,0,0
2026-08-13T03:51:07.871185,104,0,0,0,0,0
2026-08-13T03:51:07.871185,106,0,0,0,0,0
2026-08-13T03:51:07.871185,105,0,0,0,0,0
2026-08-13T03:51:07.872181,105,0,0,0,0,0
2026-08-13T03:51:07.874761,104,0,0,0,0,0
2026-08-13T03:51:07.874761,104,0,0,0,0,0
2026-08-13T03:51:07.875760,104,0,0,0,0,0
2026-08-13T03:51:07.878804,103,0,0,0,0,0
2026-08-13T03:51:07.878804,103,0,0,0,0,0
2026-08-13T03:51:07.880043,103,0,0,0,0,0
2026-08-13T03:51:07.880043,102,0,0,0,0,0
2026-08-13T03:51:07.883407,100,0,0,0,0,0
2026-08-13T03:51:07.883407,100,0,0,0,0,0
2026-08-13T03:51:07.883912,101,0,0,0,0,0
2026-08-13T03:51:07.887465,101,0,0,0,0,0
2026-08-13T03:51:07.887465,102,0,0,0,0,0
2026-08-13T03:51:07.887465,104,0,0,0,0,0
2026-08-13T03:51:07.888481,104,0,0,0,0,0
2026-08-13T03:51:07.890896,105,0,0,0,0,0
2026-08-13T03:51:07.890896,106,0,0,0,0,0
2026-08-13T03:51:07.892066,106,0,0,0,0,0
2026-08-13T03:51:07.895629,104,0,0,0,0,0
2026-08-13T03:51:07.895629,104,0,0,0,0,0
2026-08-13T03:51:07.895629,105,0,0,0,0,0
2026-08-13T03:51:07.898943,103,0,0,0,0,0
2026-08-13T03:51:07.899949,103,0,0,0,0,0
2026-08-13T03:51:07.899949,102,0,0,0,0,0
2026-08-13T03:51:07.899949,102,0,0,0,0,0
2026-08-13T03:51:07.902431,101,0,0,0,0,0
2026-08-13T03:51:07.903939,102,0,0,0,0,0
2026-08-13T03:51:07.903939,102,0,0,0,0,0
2026-08-13T03:51:07.907291,102,0,0,0,0,0
2026-08-13T03:51:07.907291,103,0,0,0,0,0
2026-08-13T03:51:07.908435,105,0,0,0,0,0
2026-08-13T03:51:07.908435,106,0,0,0,0,0
2026-08-13T03:51:07.912105,106,0,0,0,0,0
2026-08-13T03:51:07.912105,106,0,0,0,0,0
2026-08-13T03:51:07.912105,105,0,0,0,0,0
2026-08-13T03:51:07.915650,105,0,0,0,0,0
2026-08-13T03:51:07.916624,105,0,0,0,0,0
2026-08-13T03:51:07.916624,105,0,0,0,0,0
2026-08-13T03:51:07.916624,104,0,0,0,0,0
2026-08-13T03:51:07.919100,103,0,0,0,0,0
2026-08-13T03:51:07.920597,103,0,0,0,0,0
2026-08-13T03:51:07.920597,103,0,0,0,0,0
2026-08-13T03:51:07.924040,102,0,0,0,0,0
2026-08-13T03:51:07.924040,102,0,0,0,0,0
2026-08-13T03:51:07.925503,103,0,0,0,0,0
2026-08-13T03:51:07.927512,102,0,0,0,0,0
2026-08-13T03:51:07.928593,104,0,0,0,0,0
2026-08-13T03:51:07.928593,105,0,0,0,0,0
2026-08-13T03:51:07.928593,105,0,0,0,0,0
2026-08-13T03:51:07.931964,106,0,0,0,0,0
2026-08-13T03:51:07.931964,106,0,0,0,0,0
2026-08-13T03:51:07.933313,105,0,0,0,0,0
2026-08-13T03:51:07.936690,105,0,0,0,0,0
2026-08-13T03:51:07.936690,105,0,0,0,0,0
2026-08-13T03:51:07.936690,104,0,0,0,0,0
2026-08-13T03:51:07.936690,104,0,0,0,0,0
2026-08-13T03:51:07.940281,104,0,0,0,0,0
2026-08-13T03:51:07.941287,103,0,0,0,0,0
2026-08-13T03:51:07.941287,102,0,0,0,0,0
2026-08-13T03:51:07.944825,101,0,0,0,0,0
2026-08-13T03:51:07.944825,102,0,0,0,0,0
2026-08-13T03:51:07.944825,102,0,0,0,0,0
2026-08-13T03:51:07.946062,102,0,0,0,0,0
2026-08-13T03:51:07.948342,104,0,0,0,0,0
2026-08-13T03:51:07.949325,105,0,0,0,0,0
2026-08-13T03:51:07.949325,106,0,0,0,0,0
2026-08-13T03:51:07.952639,106,0,0,0,0,0
2026-08-13T03:51:07.952639,106,0,0,0,0,0
2026-08-13T03:51:07.953624,106,0,0,0,0,0
2026-08-13T03:51:07.953624,104,0,0,0,0,0
2026-08-13T03:51:07.956863,105,0,0,0,0,0
2026-08-13T03:51:07.956863,105,0,0,0,0,0
2026-08-13T03:51:07.957852,104,0,0,0,0,0
2026-08-13T03:51:07.960865,104,0,0,0,0,0
2026-08-13T03:51:07.960865,104,0,0,0,0,0
2026-08-13T03:51:07.961851,103,0,0,0,0,0
2026-08-13T03:51:07.964902,102,0,0,0,0,0
2026-08-13T03:51:07.965904,102,0,0,0,0,0
2026-08-13T03:51:07.965904,102,0,0,0,0,0
2026-08-13T03:51:07.966913,103,0,0,0,0,0
2026-08-13T03:51:07.969444,105,0,0,0,0,0
2026-08-13T03:51:07.969444,106,0,0,0,0,0
2026-08-13T03:51:07.969444,106,0,0,0,0,0
2026-08-13T03:51:07.973541,106,0,0,0,0,0
2026-08-13T03:51:07.973868,106,0,0,0,0,0
2026-08-13T03:51:07.974877,106,0,0,0,0,0
2026-08-13T03:51:07.974877,104,0,0,0,0,0
2026-08-13T03:51:07.976876,105,0,0,0,0,0
2026-08-13T03:51:07.977877,104,0,0,0,0,0
2026-08-13T03:51:07.978879,103,0,0,0,0,0
2026-08-13T03:51:07.981875,104,0,0,0,0,0
2026-08-13T03:51:07.981875,102,0,0,0,0,0
2026-08-13T03:51:07.982877,101,0,0,0,0,0
2026-08-13T03:51:07.982877,102,0,0,0,0,0
2026-08-13T03:51:07.985392,102,0,0,0,0,0
2026-08-13T03:51:07.986398,102,0,0,0,0,0
2026-08-13T03:51:07.986398,103,0,0,0,0,0
2026-08-13T03:51:07.989399,105,0,0,0,0,0
2026-08-13T03:51:07.990398,106,0,0,0,0,0
2026-08-13T03:51:07.990398,106,0,0,0,0,0
2026-08-13T03:51:07.991404,106,0,0,0,0,0
2026-08-13T03:51:07.993910,106,0,0,0,0,0
2026-08-13T03:51:07.993910,105,0,0,0,0,0
2026-08-13T03:51:07.994924,105,0,0,0,0,0
2026-08-13T03:51:07.998117,106,0,0,0,0,0
2026-08-13T03:51:07.998117,104,0,0,0,0,0
2026-08-13T03:51:07.999133,103,0,0,0,0,0
2026-08-13T03:51:08.002216,103,0,0,0,0,0
2026-08-13T03:51:08.002216,103,0,0,0,0,0
2026-08-13T03:51:08.002216,102,0,0,0,0,0
2026-08-13T03:51:08.003726,102,0,0,0,0,0
2026-08-13T03:51:08.006315,103,0,0,0,0,0
2026-08-13T03:51:08.006315,102,0,0,0,0,0
2026-08-13T03:51:08.007404,104,0,0,0,0,0
2026-08-13T03:51:08.010413,106,0,0,0,0,0
2026-08-13T03:51:08.010413,106,0,0,0,0,0
2026-08-13T03:51:08.011416,106,0,0,0,0,0
2026-08-13T03:51:08.012415,106,0,0,0,0,0
2026-08-13T03:51:08.013928,105,0,0,0,0,0
2026-08-13T03:51:08.015004,105,0,0,0,0,0
2026-08-13T03:51:08.015004,105,0,0,0,0,0
2026-08-13T03:51:08.018027,105,0,0,0,0,0
2026-08-13T03:51:08.019013,103,0,0,0,0,0
2026-08-13T03:51:08.019013,103,0,0,0,0,0
2026-08-13T03:51:08.020012,104,0,0,0,0,0
2026-08-13T03:51:08.022028,103,0,0,0,0,0
2026-08-13T03:51:08.023012,102,0,0,0,0,0
2026-08-13T03:51:08.023012,102,0,0,0,0,0
2026-08-13T03:51:08.025853,102,0,0,0,0,0
2026-08-13T03:51:08.026862,102,0,0,0,0,0
2026-08-13T03:51:08.026862,105,0,0,0,0,0
2026-08-13T03:51:08.030985,106,0,0,0,0,0
2026-08-13T03:51:08.030985,106,0,0,0,0,0
2026-08-13T03:51:08.030985,107,0,0,0,0,0
2026-08-13T03:51:08.031951,106,0,0,0,0,0
2026-08-13T03:51:08.034664,105,0,0,0,0,0
2026-08-13T03:51:08.034664,105,0,0,0,0,0
2026-08-13T03:51:08.035703,106,0,0,0,0,0
2026-08-13T03:51:08.038766,105,0,0,0,0,0
2026-08-13T03:51:08.039768,104,0,0,0,0,0
2026-08-13T03:51:08.040276,104,0,0,0,0,0
2026-08-13T03:51:08.041287,103,0,0,0,0,0
2026-08-13T03:51:08.042287,103,0,0,0,0,0
2026-08-13T03:51:08.043796,102,0,0,0,0,0
2026-08-13T03:51:08.043796,103,0,0,0,0,0
2026-08-13T03:51:08.046827,102,0,0,0,0,0
2026-08-13T03:51:08.047810,102,0,0,0,0,0
2026-08-13T03:51:08.047810,105,0,0,0,0,0
2026-08-13T03:51:08.048811,105,0,0,0,0,0
2026-08-13T03:51:08.050819,106,0,0,0,0,0
2026-08-13T03:51:08.051819,106,0,0,0,0,0
2026-08-13T03:51:08.051819,107,0,0,0,0,0
2026-08-13T03:51:08.055016,106,0,0,0,0,0
2026-08-13T03:51:08.056032,105,0,0,0,0,0
2026-08-13T03:51:08.057013,106,0,0,0,0,0
2026-08-13T03:51:08.058015,105,0,0,0,0,0
2026-08-13T03:51:08.059020,104,0,0,0,0,0
2026-08-13T03:51:08.060015,104,0,0,0,0,0
2026-08-13T03:51:08.060015,102,0,0,0,0,0
2026-08-13T03:51:08.063545,101,0,0,0,0,0
2026-08-13T03:51:08.064151,101,0,0,0,0,0
2026-08-13T03:51:08.064151,102,0,0,0,0,0
2026-08-13T03:51:08.067190,101,0,0,0,0,0
2026-08-13T03:51:08.068189,103,0,0,0,0,0
2026-08-13T03:51:08.068189,105,0,0,0,0,0
2026-08-13T03:51:08.069177,105,0,0,0,0,0
2026-08-13T03:51:08.071906,107,0,0,0,0,0
2026-08-13T03:51:08.071906,106,0,0,0,0,0
2026-08-13T03:51:08.072922,106,0,0,0,0,0
2026-08-13T03:51:08.076015,106,0,0,0,0,0
2026-08-13T03:51:08.076015,105,0,0,0,0,0
2026-08-13T03:51:08.077286,106,0,0,0,0,0
2026-08-13T03:51:08.077799,104,0,0,0,0,0
2026-08-13T03:51:08.080047,104,0,0,0,0,0
2026-08-13T03:51:08.080047,103,0,0,0,0,0
2026-08-13T03:51:08.081075,102,0,0,0,0,0
2026-08-13T03:51:08.084067,102,0,0,0,0,0
2026-08-13T03:51:08.084067,102,0,0,0,0,0
2026-08-13T03:51:08.085095,103,0,0,0,0,0
2026-08-13T03:51:08.085095,102,0,0,0,0,0
2026-08-13T03:51:08.087599,103,0,0,0,0,0
2026-08-13T03:51:08.088624,106,0,0,0,0,0
2026-08-13T03:51:08.089609,106,0,0,0,0,0
2026-08-13T03:51:08.091612,106,0,0,0,0,0
2026-08-13T03:51:08.092610,106,0,0,0,0,0
2026-08-13T03:51:08.093614,107,0,0,0,0,0
2026-08-13T03:51:08.096142,105,0,0,0,0,0
2026-08-13T03:51:08.096142,105,0,0,0,0,0
2026-08-13T03:51:08.097140,105,0,0,0,0,0
2026-08-13T03:51:08.097140,104,0,0,0,0,0
2026-08-13T03:51:08.100156,103,0,0,0,0,0
2026-08-13T03:51:08.101140,103,0,0,0,0,0
2026-08-13T03:51:08.101140,102,0,0,0,0,0
2026-08-13T03:51:08.104698,102,0,0,0,0,0
2026-08-13T03:51:08.104698,102,0,0,0,0,0
2026-08-13T03:51:08.105684,103,0,0,0,0,0
2026-08-13T03:51:08.105684,102,0,0,0,0,0
2026-08-13T03:51:08.108692,104,0,0,0,0,0
2026-08-13T03:51:08.108692,105,0,0,0,0,0
2026-08-13T03:51:08.109692,105,0,0,0,0,0
2026-08-13T03:51:08.112806,107,0,0,0,0,0
2026-08-13T03:51:08.112806,106,0,0,0,0,0
2026-08-13T03:51:08.113815,106,0,0,0,0,0
2026-08-13T03:51:08.113815,105,0,0,0,0,0
2026-08-13T03:51:08.116891,106,0,0,0,0,0
2026-08-13T03:51:08.116891,104,0,0,0,0,0
2026-08-13T03:51:08.117907,103,0,0,0,0,0
2026-08-13T03:51:08.120920,103,0,0,0,0,0
2026-08-13T03:51:08.120920,103,0,0,0,0,0
2026-08-13T03:51:08.121908,102,0,0,0,0,0
2026-08-13T03:51:08.121908,102,0,0,0,0,0
2026-08-13T03:51:08.124955,102,0,0,0,0,0
2026-08-13T03:51:08.124955,102,0,0,0,0,0
2026-08-13T03:51:08.125970,102,0,0,0,0,0
2026-08-13T03:51:08.128968,105,0,0,0,0,0
2026-08-13T03:51:08.128968,105,0,0,0,0,0
2026-08-13T03:51:08.129954,106,0,0,0,0,0
2026-08-13T03:51:08.132967,107,0,0,0,0,0
2026-08-13T03:51:08.133958,106,0,0,0,0,0
2026-08-13T03:51:08.134495,106,0,0,0,0,0
2026-08-13T03:51:08.135507,104,0,0,0,0,0
2026-08-13T03:51:08.137490,105,0,0,0,0,0
2026-08-13T03:51:08.137490,104,0,0,0,0,0
2026-08-13T03:51:08.138490,103,0,0,0,0,0
2026-08-13T03:51:08.141334,104,0,0,0,0,0
2026-08-13T03:51:08.141334,102,0,0,0,0,0
2026-08-13T03:51:08.142331,101,0,0,0,0,0
2026-08-13T03:51:08.142331,101,0,0,0,0,0
2026-08-13T03:51:08.144852,101,0,0,0,0,0
2026-08-13T03:51:08.145854,101,0,0,0,0,0
2026-08-13T03:51:08.146870,102,0,0,0,0,0
2026-08-13T03:51:08.148870,103,0,0,0,0,0
2026-08-13T03:51:08.149863,104,0,0,0,0,0
2026-08-13T03:51:08.149863,104,0,0,0,0,0
2026-08-13T03:51:08.150867,105,0,0,0,0,0
2026-08-13T03:51:08.153863,105,0,0,0,0,0
2026-08-13T03:51:08.154369,104,0,0,0,0,0
2026-08-13T03:51:08.154369,103,0,0,0,0,0
2026-08-13T03:51:08.157376,105,0,0,0,0,0
2026-08-13T03:51:08.158376,104,0,0,0,0,0
2026-08-13T03:51:08.158376,105,0,0,0,0,0
2026-08-13T03:51:08.161970,103,0,0,0,0,0
2026-08-13T03:51:08.161970,102,0,0,0,0,0
2026-08-13T03:51:08.161970,101,0,0,0,0,0
2026-08-13T03:51:08.161970,102,0,0,0,0,0
2026-08-13T03:51:08.166068,103,0,0,0,0,0
2026-08-13T03:51:08.166068,103,0,0,0,0,0
2026-08-13T03:51:08.166068,104,0,0,0,0,0
2026-08-13T03:51:08.169572,106,0,0,0,0,0
2026-08-13T03:51:08.170561,107,0,0,0,0,0
2026-08-13T03:51:08.170561,107,0,0,0,0,0
2026-08-13T03:51:08.171561,106,0,0,0,0,0
2026-08-13T03:51:08.174065,106,0,0,0,0,0
2026-08-13T03:51:08.174065,105,0,0,0,0,0
2026-08-13T03:51:08.175076,104,0,0,0,0,0
2026-08-13T03:51:08.178085,104,0,0,0,0,0
2026-08-13T03:51:08.178085,103,0,0,0,0,0
2026-08-13T03:51:08.179085,103,0,0,0,0,0
2026-08-13T03:51:08.179085,103,0,0,0,0,0
2026-08-13T03:51:08.182083,102,0,0,0,0,0
2026-08-13T03:51:08.182083,101,0,0,0,0,0
2026-08-13T03:51:08.182083,101,0,0,0,0,0
2026-08-13T03:51:08.186542,101,0,0,0,0,0
2026-08-13T03:51:08.186542,101,0,0,0,0,0
2026-08-13T03:51:08.186542,102,0,0,0,0,0
2026-08-13T03:51:08.186542,104,0,0,0,0,0
2026-08-13T03:51:08.190625,104,0,0,0,0,0
2026-08-13T03:51:08.190625,105,0,0,0,0,0
2026-08-13T03:51:08.191750,106,0,0,0,0,0
2026-08-13T03:51:08.194646,105,0,0,0,0,0
2026-08-13T03:51:08.194646,105,0,0,0,0,0
2026-08-13T03:51:08.195801,105,0,0,0,0,0
2026-08-13T03:51:08.198833,105,0,0,0,0,0
2026-08-13T03:51:08.198833,103,0,0,0,0,0
2026-08-13T03:51:08.199854,103,0,0,0,0,0
2026-08-13T03:51:08.199854,103,0,0,0,0,0
2026-08-13T03:51:08.202996,102,0,0,0,0,0
2026-08-13T03:51:08.202996,102,0,0,0,0,0
2026-08-13T03:51:08.202996,102,0,0,0,0,0
2026-08-13T03:51:08.207069,102,0,0,0,0,0
2026-08-13T03:51:08.207069,102,0,0,0,0,0
2026-08-13T03:51:08.208071,104,0,0,0,0,0
2026-08-13T03:51:08.209068,105,0,0,0,0,0
2026-08-13T03:51:08.211069,106,0,0,0,0,0
2026-08-13T03:51:08.211580,106,0,0,0,0,0
2026-08-13T03:51:08.211580,106,0,0,0,0,0
2026-08-13T03:51:08.215153,105,0,0,0,0,0
2026-08-13T03:51:08.215153,105,0,0,0,0,0
2026-08-13T03:51:08.216167,105,0,0,0,0,0
2026-08-13T03:51:08.216167,105,0,0,0,0,0
2026-08-13T03:51:08.219176,104,0,0,0,0,0
2026-08-13T03:51:08.219176,104,0,0,0,0,0
2026-08-13T03:51:08.220165,103,0,0,0,0,0
2026-08-13T03:51:08.222173,103,0,0,0,0,0
2026-08-13T03:51:08.223684,102,0,0,0,0,0
2026-08-13T03:51:08.224697,102,0,0,0,0,0
2026-08-13T03:51:08.226701,103,0,0,0,0,0
2026-08-13T03:51:08.227714,102,0,0,0,0,0
2026-08-13T03:51:08.228713,105,0,0,0,0,0
2026-08-13T03:51:08.228713,105,0,0,0,0,0
2026-08-13T03:51:08.230750,107,0,0,0,0,0
2026-08-13T03:51:08.231759,106,0,0,0,0,0
2026-08-13T03:51:08.232762,106,0,0,0,0,0
2026-08-13T03:51:08.235323,106,0,0,0,0,0
2026-08-13T03:51:08.236326,106,0,0,0,0,0
2026-08-13T03:51:08.236326,107,0,0,0,0,0
2026-08-13T03:51:08.236326,106,0,0,0,0,0
2026-08-13T03:51:08.239336,105,0,0,0,0,0
2026-08-13T03:51:08.240324,106,0,0,0,0,0
2026-08-13T03:51:08.240324,105,0,0,0,0,0
2026-08-13T03:51:08.243870,104,0,0,0,0,0
2026-08-13T03:51:08.243870,105,0,0,0,0,0
2026-08-13T03:51:08.243870,104,0,0,0,0,0
2026-08-13T03:51:08.245012,104,0,0,0,0,0
2026-08-13T03:51:08.247967,105,0,0,0,0,0
2026-08-13T03:51:08.247967,108,0,0,0,0,0
2026-08-13T03:51:08.247967,108,0,0,0,0,0
2026-08-13T03:51:08.252072,109,0,0,0,0,0
2026-08-13T03:51:08.252072,109,0,0,0,0,0
2026-08-13T03:51:08.253089,108,0,0,0,0,0
2026-08-13T03:51:08.253595,108,0,0,0,0,0
2026-08-13T03:51:08.255678,108,0,0,0,0,0
2026-08-13T03:51:08.256663,109,0,0,0,0,0
2026-08-13T03:51:08.257666,108,0,0,0,0,0
2026-08-13T03:51:08.259801,106,0,0,0,0,0
2026-08-13T03:51:08.261204,107,0,0,0,0,0
2026-08-13T03:51:08.261204,105,0,0,0,0,0
2026-08-13T03:51:08.264724,105,0,0,0,0,0
2026-08-13T03:51:08.265725,105,0,0,0,0,0
2026-08-13T03:51:08.265725,106,0,0,0,0,0
2026-08-13T03:51:08.266737,105,0,0,0,0,0
2026-08-13T03:51:08.269041,106,0,0,0,0,0
2026-08-13T03:51:08.269041,108,0,0,0,0,0
2026-08-13T03:51:08.269041,110,0,0,0,0,0
2026-08-13T03:51:08.272269,110,0,0,0,0,0
2026-08-13T03:51:08.272269,109,0,0,0,0,0
2026-08-13T03:51:08.272269,109,0,0,0,0,0
2026-08-13T03:51:08.272269,108,0,0,0,0,0
2026-08-13T03:51:08.275852,109,0,0,0,0,0
2026-08-13T03:51:08.276857,109,0,0,0,0,0
2026-08-13T03:51:08.277617,107,0,0,0,0,0
2026-08-13T03:51:08.280259,108,0,0,0,0,0
2026-08-13T03:51:08.280259,108,0,0,0,0,0
2026-08-13T03:51:08.281263,108,0,0,0,0,0
2026-08-13T03:51:08.281263,108,0,0,0,0,0
2026-08-13T03:51:08.284780,108,0,0,0,0,0
2026-08-13T03:51:08.284780,109,0,0,0,0,0
2026-08-13T03:51:08.285782,109,0,0,0,0,0
2026-08-13T03:51:08.288785,111,0,0,0,0,0
2026-08-13T03:51:08.288785,113,0,0,0,0,0
2026-08-13T03:51:08.289782,112,0,0,0,0,0
2026-08-13T03:51:08.289782,113,0,0,0,0,0
2026-08-13T03:51:08.292795,113,0,0,0,0,0
2026-08-13T03:51:08.292795,113,0,0,0,0,0
2026-08-13T03:51:08.293796,113,0,0,0,0,0
2026-08-13T03:51:08.297200,114,0,0,0,0,0
2026-08-13T03:51:08.297200,113,0,0,0,0,0
2026-08-13T03:51:08.297200,114,0,0,0,0,0
2026-08-13T03:51:08.301023,114,0,0,0,0,0
2026-08-13T03:51:08.301023,114,0,0,0,0,0
2026-08-13T03:51:08.302011,114,0,0,0,0,0
2026-08-13T03:51:08.302011,113,0,0,0,0,0
2026-08-13T03:51:08.304546,113,0,0,0,0,0
2026-08-13T03:51:08.305544,114,0,0,0,0,0
2026-08-13T03:51:08.306545,114,0,0,0,0,0
2026-08-13T03:51:08.308573,117,0,0,0,0,0
2026-08-13T03:51:08.309542,117,0,0,0,0,0
2026-08-13T03:51:08.310544,119,0,0,0,0,0
2026-08-13T03:51:08.310544,120,0,0,0,0,0
2026-08-13T03:51:08.312543,120,0,0,0,0,0
2026-08-13T03:51:08.314052,119,0,0,0,0,0
2026-08-13T03:51:08.314052,119,0,0,0,0,0
2026-08-13T03:51:08.317069,120,0,0,0,0,0
2026-08-13T03:51:08.318070,120,0,0,0,0,0
2026-08-13T03:51:08.318070,120,0,0,0,0,0
2026-08-13T03:51:08.318070,120,0,0,0,0,0
2026-08-13T03:51:08.321069,120,0,0,0,0,0
2026-08-13T03:51:08.322069,119,0,0,0,0,0
2026-08-13T03:51:08.322069,119,0,0,0,0,0
2026-08-13T03:51:08.325558,120,0,0,0,0,0
2026-08-13T03:51:08.325558,120,0,0,0,0,0
2026-08-13T03:51:08.326558,121,0,0,0,0,0
2026-08-13T03:51:08.329891,123,0,0,0,0,0
2026-08-13T03:51:08.329891,123,0,0,0,0,0
2026-08-13T03:51:08.330907,124,0,0,0,0,0
2026-08-13T03:51:08.330907,124,0,0,0,0,0
2026-08-13T03:51:08.333783,124,0,0,0,0,0
2026-08-13T03:51:08.333783,123,0,0,0,0,0
2026-08-13T03:51:08.334805,124,0,0,0,0,0
2026-08-13T03:51:08.337828,124,0,0,0,0,0
2026-08-13T03:51:08.337828,123,0,0,0,0,0
2026-08-13T03:51:08.338821,122,0,0,0,0,0
2026-08-13T03:51:08.339822,121,0,0,0,0,0
2026-08-13T03:51:08.341820,121,0,0,0,0,0
2026-08-13T03:51:08.342817,120,0,0,0,0,0
2026-08-13T03:51:08.342817,119,0,0,0,0,0
2026-08-13T03:51:08.345333,120,0,0,0,0,0
2026-08-13T03:51:08.346341,121,0,0,0,0,0
2026-08-13T03:51:08.347343,122,0,0,0,0,0
2026-08-13T03:51:08.347343,124,0,0,0,0,0
2026-08-13T03:51:08.350340,124,0,0,0,0,0
2026-08-13T03:51:08.351344,124,0,0,0,0,0
2026-08-13T03:51:08.351344,123,0,0,0,0,0
2026-08-13T03:51:08.353855,124,0,0,0,0,0
2026-08-13T03:51:08.354864,123,0,0,0,0,0
2026-08-13T03:51:08.354864,122,0,0,0,0,0
2026-08-13T03:51:08.354864,124,0,0,0,0,0
2026-08-13T03:51:08.357873,122,0,0,0,0,0
2026-08-13T03:51:08.358874,122,0,0,0,0,0
2026-08-13T03:51:08.358874,121,0,0,0,0,0
2026-08-13T03:51:08.361874,121,0,0,0,0,0
2026-08-13T03:51:08.362873,120,0,0,0,0,0
2026-08-13T03:51:08.362873,120,0,0,0,0,0
2026-08-13T03:51:08.366397,121,0,0,0,0,0
2026-08-13T03:51:08.366397,120,0,0,0,0,0
2026-08-13T03:51:08.367398,122,0,0,0,0,0
2026-08-13T03:51:08.367398,124,0,0,0,0,0
2026-08-13T03:51:08.370396,124,0,0,0,0,0
2026-08-13T03:51:08.371396,125,0,0,0,0,0
2026-08-13T03:51:08.371396,124,0,0,0,0,0
2026-08-13T03:51:08.374909,124,0,0,0,0,0
2026-08-13T03:51:08.374909,122,0,0,0,0,0
2026-08-13T03:51:08.374909,123,0,0,0,0,0
2026-08-13T03:51:08.375910,122,0,0,0,0,0
2026-08-13T03:51:08.378916,121,0,0,0,0,0
2026-08-13T03:51:08.378916,121,0,0,0,0,0
2026-08-13T03:51:08.378916,120,0,0,0,0,0
2026-08-13T03:51:08.382916,120,0,0,0,0,0
2026-08-13T03:51:08.382916,119,0,0,0,0,0
2026-08-13T03:51:08.382916,118,0,0,0,0,0
2026-08-13T03:51:08.383916,119,0,0,0,0,0
2026-08-13T03:51:08.386434,118,0,0,0,0,0
2026-08-13T03:51:08.387435,120,0,0,0,0,0
2026-08-13T03:51:08.387435,121,0,0,0,0,0
2026-08-13T03:51:08.390435,121,0,0,0,0,0
2026-08-13T03:51:08.391435,121,0,0,0,0,0
2026-08-13T03:51:08.391435,123,0,0,0,0,0
2026-08-13T03:51:08.394947,121,0,0,0,0,0
2026-08-13T03:51:08.394947,120,0,0,0,0,0
2026-08-13T03:51:08.395947,121,0,0,0,0,0
2026-08-13T03:51:08.395947,120,0,0,0,0,0
2026-08-13T03:51:08.398953,119,0,0,0,0,0
2026-08-13T03:51:08.399953,120,0,0,0,0,0
2026-08-13T03:51:08.399953,119,0,0,0,0,0
2026-08-13T03:51:08.402952,119,0,0,0,0,0
2026-08-13T03:51:08.403952,117,0,0,0,0,0
2026-08-13T03:51:08.403952,118,0,0,0,0,0
2026-08-13T03:51:08.404457,117,0,0,0,0,0
2026-08-13T03:51:08.407468,118,0,0,0,0,0
2026-08-13T03:51:08.407468,121,0,0,0,0,0
2026-08-13T03:51:08.408471,122,0,0,0,0,0
2026-08-13T03:51:08.411469,122,0,0,0,0,0
2026-08-13T03:51:08.411469,122,0,0,0,0,0
2026-08-13T03:51:08.412469,122,0,0,0,0,0
2026-08-13T03:51:08.412469,120,0,0,0,0,0
2026-08-13T03:51:08.415981,119,0,0,0,0,0
2026-08-13T03:51:08.415981,119,0,0,0,0,0
2026-08-13T03:51:08.415981,117,0,0,0,0,0
2026-08-13T03:51:08.419987,117,0,0,0,0,0
2026-08-13T03:51:08.419987,117,0,0,0,0,0
2026-08-13T03:51:08.419987,116,0,0,0,0,0
2026-08-13T03:51:08.420987,115,0,0,0,0,0
2026-08-13T03:51:08.423986,115,0,0,0,0,0
2026-08-13T03:51:08.424491,116,0,0,0,0,0
2026-08-13T03:51:08.425499,114,0,0,0,0,0
2026-08-13T03:51:08.427507,115,0,0,0,0,0
2026-08-13T03:51:08.428507,117,0,0,0,0,0
2026-08-13T03:51:08.428507,117,0,0,0,0,0
2026-08-13T03:51:08.431505,118,0,0,0,0,0
2026-08-13T03:51:08.432507,117,0,0,0,0,0
2026-08-13T03:51:08.432507,117,0,0,0,0,0
2026-08-13T03:51:08.432507,116,0,0,0,0,0
2026-08-13T03:51:08.436024,115,0,0,0,0,0
2026-08-13T03:51:08.436024,117,0,0,0,0,0
2026-08-13T03:51:08.437029,116,0,0,0,0,0
2026-08-13T03:51:08.440029,116,0,0,0,0,0
2026-08-13T03:51:08.441028,116,0,0,0,0,0
2026-08-13T03:51:08.441028,116,0,0,0,0,0
2026-08-13T03:51:08.441028,116,0,0,0,0,0
2026-08-13T03:51:08.446549,116,0,0,0,0,0
2026-08-13T03:51:08.446549,116,0,0,0,0,0
2026-08-13T03:51:08.447550,116,0,0,0,0,0
2026-08-13T03:51:08.448549,118,0,0,0,0,0
2026-08-13T03:51:08.448549,120,0,0,0,0,0
2026-08-13T03:51:08.448549,121,0,0,0,0,0
2026-08-13T03:51:08.449548,121,0,0,0,0,0
2026-08-13T03:51:08.452553,121,0,0,0,0,0
2026-08-13T03:51:08.452553,121,0,0,0,0,0
2026-08-13T03:51:08.452553,120,0,0,0,0,0
2026-08-13T03:51:08.456855,120,0,0,0,0,0
2026-08-13T03:51:08.456855,119,0,0,0,0,0
2026-08-13T03:51:08.456855,118,0,0,0,0,0
2026-08-13T03:51:08.460833,118,0,0,0,0,0
2026-08-13T03:51:08.460833,118,0,0,0,0,0
2026-08-13T03:51:08.460833,118,0,0,0,0,0
2026-08-13T03:51:08.461836,117,0,0,0,0,0
2026-08-13T03:51:08.464350,117,0,0,0,0,0
2026-08-13T03:51:08.465362,118,0,0,0,0,0
2026-08-13T03:51:08.465362,117,0,0,0,0,0
2026-08-13T03:51:08.468386,120,0,0,0,0,0
2026-08-13T03:51:08.469384,121,0,0,0,0,0
2026-08-13T03:51:08.469384,122,0,0,0,0,0
2026-08-13T03:51:08.469384,122,0,0,0,0,0
2026-08-13T03:51:08.472385,123,0,0,0,0,0
2026-08-13T03:51:08.472385,122,0,0,0,0,0
2026-08-13T03:51:08.473897,121,0,0,0,0,0
2026-08-13T03:51:08.476906,122,0,0,0,0,0
2026-08-13T03:51:08.476906,121,0,0,0,0,0
2026-08-13T03:51:08.477905,120,0,0,0,0,0
2026-08-13T03:51:08.477905,119,0,0,0,0,0
2026-08-13T03:51:08.480904,118,0,0,0,0,0
2026-08-13T03:51:08.480904,118,0,0,0,0,0
2026-08-13T03:51:08.481904,117,0,0,0,0,0
2026-08-13T03:51:08.485435,117,0,0,0,0,0
2026-08-13T03:51:08.485435,118,0,0,0,0,0
2026-08-13T03:51:08.485435,117,0,0,0,0,0
2026-08-13T03:51:08.486437,120,0,0,0,0,0
2026-08-13T03:51:08.489451,121,0,0,0,0,0
2026-08-13T03:51:08.489451,121,0,0,0,0,0
2026-08-13T03:51:08.489451,123,0,0,0,0,0
2026-08-13T03:51:08.492437,121,0,0,0,0,0
2026-08-13T03:51:08.493942,121,0,0,0,0,0
2026-08-13T03:51:08.493942,120,0,0,0,0,0
2026-08-13T03:51:08.496964,121,0,0,0,0,0
2026-08-13T03:51:08.497948,120,0,0,0,0,0
2026-08-13T03:51:08.497948,119,0,0,0,0,0
2026-08-13T03:51:08.497948,119,0,0,0,0,0
2026-08-13T03:51:08.501948,118,0,0,0,0,0
2026-08-13T03:51:08.501948,118,0,0,0,0,0
2026-08-13T03:51:08.501948,117,0,0,0,0,0
2026-08-13T03:51:08.505483,118,0,0,0,0,0
2026-08-13T03:51:08.506485,117,0,0,0,0,0
2026-08-13T03:51:08.506485,118,0,0,0,0,0
2026-08-13T03:51:08.507486,120,0,0,0,0,0
2026-08-13T03:51:08.509489,121,0,0,0,0,0
2026-08-13T03:51:08.510483,122,0,0,0,0,0
2026-08-13T03:51:08.510483,122,0,0,0,0,0
2026-08-13T03:51:08.514001,122,0,0,0,0,0
2026-08-13T03:51:08.514001,121,0,0,0,0,0
2026-08-13T03:51:08.515016,120,0,0,0,0,0
2026-08-13T03:51:08.515016,121,0,0,0,0,0
2026-08-13T03:51:08.518021,120,0,0,0,0,0
2026-08-13T03:51:08.519020,119,0,0,0,0,0
2026-08-13T03:51:08.519020,119,0,0,0,0,0
2026-08-13T03:51:08.522020,118,0,0,0,0,0
2026-08-13T03:51:08.523020,118,0,0,0,0,0
2026-08-13T03:51:08.523020,117,0,0,0,0,0
2026-08-13T03:51:08.523020,118,0,0,0,0,0
2026-08-13T03:51:08.526546,118,0,0,0,0,0
2026-08-13T03:51:08.526546,119,0,0,0,0,0
2026-08-13T03:51:08.526546,121,0,0,0,0,0
2026-08-13T03:51:08.530561,122,0,0,0,0,0
2026-08-13T03:51:08.530561,122,0,0,0,0,0
2026-08-13T03:51:08.530561,122,0,0,0,0,0
2026-08-13T03:51:08.534094,122,0,0,0,0,0
2026-08-13T03:51:08.535116,121,0,0,0,0,0
2026-08-13T03:51:08.535116,121,0,0,0,0,0
2026-08-13T03:51:08.535116,122,0,0,0,0,0
2026-08-13T03:51:08.538137,120,0,0,0,0,0
2026-08-13T03:51:08.539125,120,0,0,0,0,0
2026-08-13T03:51:08.539125,120,0,0,0,0,0
2026-08-13T03:51:08.542624,120,0,0,0,0,0
2026-08-13T03:51:08.542624,119,0,0,0,0,0
2026-08-13T03:51:08.543592,119,0,0,0,0,0
2026-08-13T03:51:08.544099,119,0,0,0,0,0
2026-08-13T03:51:08.547114,119,0,0,0,0,0
2026-08-13T03:51:08.547114,120,0,0,0,0,0
2026-08-13T03:51:08.548113,122,0,0,0,0,0
2026-08-13T03:51:08.551113,122,0,0,0,0,0
2026-08-13T03:51:08.551113,123,0,0,0,0,0
2026-08-13T03:51:08.552113,123,0,0,0,0,0
2026-08-13T03:51:08.552113,123,0,0,0,0,0
2026-08-13T03:51:08.555145,122,0,0,0,0,0
2026-08-13T03:51:08.555145,122,0,0,0,0,0
2026-08-13T03:51:08.555145,122,0,0,0,0,0
2026-08-13T03:51:08.558642,120,0,0,0,0,0
2026-08-13T03:51:08.559650,120,0,0,0,0,0
2026-08-13T03:51:08.559650,120,0,0,0,0,0
2026-08-13T03:51:08.563653,120,0,0,0,0,0
2026-08-13T03:51:08.563653,118,0,0,0,0,0
2026-08-13T03:51:08.564163,118,0,0,0,0,0
2026-08-13T03:51:08.564163,119,0,0,0,0,0
2026-08-13T03:51:08.566680,119,0,0,0,0,0
2026-08-13T03:51:08.567691,120,0,0,0,0,0
2026-08-13T03:51:08.567691,122,0,0,0,0,0
2026-08-13T03:51:08.570719,122,0,0,0,0,0
2026-08-13T03:51:08.571704,123,0,0,0,0,0
2026-08-13T03:51:08.571704,123,0,0,0,0,0
2026-08-13T03:51:08.571704,122,0,0,0,0,0
2026-08-13T03:51:08.575201,121,0,0,0,0,0
2026-08-13T03:51:08.575201,122,0,0,0,0,0
2026-08-13T03:51:08.575201,121,0,0,0,0,0
2026-08-13T03:51:08.579835,120,0,0,0,0,0
2026-08-13T03:51:08.579835,119,0,0,0,0,0
2026-08-13T03:51:08.579835,119,0,0,0,0,0
2026-08-13T03:51:08.580851,119,0,0,0,0,0
2026-08-13T03:51:08.584112,118,0,0,0,0,0
2026-08-13T03:51:08.584639,119,0,0,0,0,0
2026-08-13T03:51:08.584639,119,0,0,0,0,0
2026-08-13T03:51:08.587662,119,0,0,0,0,0
2026-08-13T03:51:08.587662,121,0,0,0,0,0
2026-08-13T03:51:08.588649,122,0,0,0,0,0
2026-08-13T03:51:08.588649,123,0,0,0,0,0
2026-08-13T03:51:08.591675,123,0,0,0,0,0
2026-08-13T03:51:08.591675,123,0,0,0,0,0
2026-08-13T03:51:08.592648,121,0,0,0,0,0
2026-08-13T03:51:08.596166,121,0,0,0,0,0
2026-08-13T03:51:08.596166,122,0,0,0,0,0
2026-08-13T03:51:08.596166,120,0,0,0,0,0
2026-08-13T03:51:08.600165,121,0,0,0,0,0
2026-08-13T03:51:08.600165,120,0,0,0,0,0
2026-08-13T03:51:08.600165,119,0,0,0,0,0
2026-08-13T03:51:08.601165,119,0,0,0,0,0
2026-08-13T03:51:08.603680,118,0,0,0,0,0
2026-08-13T03:51:08.604688,119,0,0,0,0,0
2026-08-13T03:51:08.604688,119,0,0,0,0,0
2026-08-13T03:51:08.607696,120,0,0,0,0,0
2026-08-13T03:51:08.608698,121,0,0,0,0,0
2026-08-13T03:51:08.608698,122,0,0,0,0,0
2026-08-13T03:51:08.608698,123,0,0,0,0,0
2026-08-13T03:51:08.611693,123,0,0,0,0,0
2026-08-13T03:51:08.612694,123,0,0,0,0,0
2026-08-13T03:51:08.612694,122,0,0,0,0,0
2026-08-13T03:51:08.616533,121,0,0,0,0,0
2026-08-13T03:51:08.616533,122,0,0,0,0,0
2026-08-13T03:51:08.616533,121,0,0,0,0,0
2026-08-13T03:51:08.617530,120,0,0,0,0,0
2026-08-13T03:51:08.620530,120,0,0,0,0,0
2026-08-13T03:51:08.620530,119,0,0,0,0,0
2026-08-13T03:51:08.620530,119,0,0,0,0,0
2026-08-13T03:51:08.624046,119,0,0,0,0,0
2026-08-13T03:51:08.625057,119,0,0,0,0,0
2026-08-13T03:51:08.625057,119,0,0,0,0,0
2026-08-13T03:51:08.628574,119,0,0,0,0,0
2026-08-13T03:51:08.629580,121,0,0,0,0,0
2026-08-13T03:51:08.629580,122,0,0,0,0,0
2026-08-13T03:51:08.630581,123,0,0,0,0,0
2026-08-13T03:51:08.632579,123,0,0,0,0,0
2026-08-13T03:51:08.632579,123,0,0,0,0,0
2026-08-13T03:51:08.632579,122,0,0,0,0,0
2026-08-13T03:51:08.637106,122,0,0,0,0,0
2026-08-13T03:51:08.637106,122,0,0,0,0,0
2026-08-13T03:51:08.638110,120,0,0,0,0,0
2026-08-13T03:51:08.639107,119,0,0,0,0,0
2026-08-13T03:51:08.641104,120,0,0,0,0,0
2026-08-13T03:51:08.641104,119,0,0,0,0,0
2026-08-13T03:51:08.641104,118,0,0,0,0,0
2026-08-13T03:51:08.644619,118,0,0,0,0,0
2026-08-13T03:51:08.645704,119,0,0,0,0,0
2026-08-13T03:51:08.645704,119,0,0,0,0,0
2026-08-13T03:51:08.645704,121,0,0,0,0,0
2026-08-13T03:51:08.648715,122,0,0,0,0,0
2026-08-13T03:51:08.649714,122,0,0,0,0,0
2026-08-13T03:51:08.649714,123,0,0,0,0,0
2026-08-13T03:51:08.652711,123,0,0,0,0,0
2026-08-13T03:51:08.653712,123,0,0,0,0,0
2026-08-13T03:51:08.654229,121,0,0,0,0,0
2026-08-13T03:51:08.654229,122,0,0,0,0,0
2026-08-13T03:51:08.657247,121,0,0,0,0,0
2026-08-13T03:51:08.658233,120,0,0,0,0,0
2026-08-13T03:51:08.658233,121,0,0,0,0,0
2026-08-13T03:51:08.661234,119,0,0,0,0,0
2026-08-13T03:51:08.661234,119,0,0,0,0,0
2026-08-13T03:51:08.662248,119,0,0,0,0,0
2026-08-13T03:51:08.665761,119,0,0,0,0,0
2026-08-13T03:51:08.665761,120,0,0,0,0,0
2026-08-13T03:51:08.665761,119,0,0,0,0,0
2026-08-13T03:51:08.666760,121,0,0,0,0,0
2026-08-13T03:51:08.669761,122,0,0,0,0,0
2026-08-13T03:51:08.669761,122,0,0,0,0,0
2026-08-13T03:51:08.669761,123,0,0,0,0,0
2026-08-13T03:51:08.673761,123,0,0,0,0,0
2026-08-13T03:51:08.674268,122,0,0,0,0,0
2026-08-13T03:51:08.674268,121,0,0,0,0,0
2026-08-13T03:51:08.674268,122,0,0,0,0,0
2026-08-13T03:51:08.677789,122,0,0,0,0,0
2026-08-13T03:51:08.677789,120,0,0,0,0,0
2026-08-13T03:51:08.678789,120,0,0,0,0,0
2026-08-13T03:51:08.681789,120,0,0,0,0,0
2026-08-13T03:51:08.681789,120,0,0,0,0,0
2026-08-13T03:51:08.682792,119,0,0,0,0,0
2026-08-13T03:51:08.682792,119,0,0,0,0,0
2026-08-13T03:51:08.686322,118,0,0,0,0,0
2026-08-13T03:51:08.686322,119,0,0,0,0,0
2026-08-13T03:51:08.686322,121,0,0,0,0,0
2026-08-13T03:51:08.690325,122,0,0,0,0,0
2026-08-13T03:51:08.690325,123,0,0,0,0,0
2026-08-13T03:51:08.690325,124,0,0,0,0,0
2026-08-13T03:51:08.693625,123,0,0,0,0,0
2026-08-13T03:51:08.694633,122,0,0,0,0,0
2026-08-13T03:51:08.694633,122,0,0,0,0,0
2026-08-13T03:51:08.694633,122,0,0,0,0,0
2026-08-13T03:51:08.697633,121,0,0,0,0,0
2026-08-13T03:51:08.698633,120,0,0,0,0,0
2026-08-13T03:51:08.698633,120,0,0,0,0,0
2026-08-13T03:51:08.702633,120,0,0,0,0,0
2026-08-13T03:51:08.702633,119,0,0,0,0,0
2026-08-13T03:51:08.703633,118,0,0,0,0,0
2026-08-13T03:51:08.703633,119,0,0,0,0,0
2026-08-13T03:51:08.706155,119,0,0,0,0,0
2026-08-13T03:51:08.707155,120,0,0,0,0,0
2026-08-13T03:51:08.707155,122,0,0,0,0,0
2026-08-13T03:51:08.710169,122,0,0,0,0,0
2026-08-13T03:51:08.711154,123,0,0,0,0,0
2026-08-13T03:51:08.711154,122,0,0,0,0,0
2026-08-13T03:51:08.711154,123,0,0,0,0,0
2026-08-13T03:51:08.714698,122,0,0,0,0,0
2026-08-13T03:51:08.714698,122,0,0,0,0,0
2026-08-13T03:51:08.715696,122,0,0,0,0,0
2026-08-13T03:51:08.718785,121,0,0,0,0,0
2026-08-13T03:51:08.718785,120,0,0,0,0,0
2026-08-13T03:51:08.719771,120,0,0,0,0,0
2026-08-13T03:51:08.719771,119,0,0,0,0,0
2026-08-13T03:51:08.722784,119,0,0,0,0,0
2026-08-13T03:51:08.723785,119,0,0,0,0,0
2026-08-13T03:51:08.723785,120,0,0,0,0,0
2026-08-13T03:51:08.726984,119,0,0,0,0,0
2026-08-13T03:51:08.727997,121,0,0,0,0,0
2026-08-13T03:51:08.728999,123,0,0,0,0,0
2026-08-13T03:51:08.731029,122,0,0,0,0,0
2026-08-13T03:51:08.732010,124,0,0,0,0,0
2026-08-13T03:51:08.732010,123,0,0,0,0,0
2026-08-13T03:51:08.732995,123,0,0,0,0,0
2026-08-13T03:51:08.734535,121,0,0,0,0,0
2026-08-13T03:51:08.735527,122,0,0,0,0,0
2026-08-13T03:51:08.735527,122,0,0,0,0,0
2026-08-13T03:51:08.739526,119,0,0,0,0,0
2026-08-13T03:51:08.739526,119,0,0,0,0,0
2026-08-13T03:51:08.739526,120,0,0,0,0,0
2026-08-13T03:51:08.740526,119,0,0,0,0,0
2026-08-13T03:51:08.743590,119,0,0,0,0,0
2026-08-13T03:51:08.743590,119,0,0,0,0,0
2026-08-13T03:51:08.743590,119,0,0,0,0,0
2026-08-13T03:51:08.747663,119,0,0,0,0,0
2026-08-13T03:51:08.747663,121,0,0,0,0,0
2026-08-13T03:51:08.748677,122,0,0,0,0,0
2026-08-13T03:51:08.748677,122,0,0,0,0,0
2026-08-13T03:51:08.751729,123,0,0,0,0,0
2026-08-13T03:51:08.751729,123,0,0,0,0,0
2026-08-13T03:51:08.752734,122,0,0,0,0,0
2026-08-13T03:51:08.755024,121,0,0,0,0,0
2026-08-13T03:51:08.756016,121,0,0,0,0,0
2026-08-13T03:51:08.756016,121,0,0,0,0,0
2026-08-13T03:51:08.757014,120,0,0,0,0,0
2026-08-13T03:51:08.759178,120,0,0,0,0,0
2026-08-13T03:51:08.759178,119,0,0,0,0,0
2026-08-13T03:51:08.760624,119,0,0,0,0,0
2026-08-13T03:51:08.763666,118,0,0,0,0,0
2026-08-13T03:51:08.763666,119,0,0,0,0,0
2026-08-13T03:51:08.763666,119,0,0,0,0,0
2026-08-13T03:51:08.768183,118,0,0,0,0,0
2026-08-13T03:51:08.768183,121,0,0,0,0,0
2026-08-13T03:51:08.769173,122,0,0,0,0,0
2026-08-13T03:51:08.769173,123,0,0,0,0,0
2026-08-13T03:51:08.772183,123,0,0,0,0,0
2026-08-13T03:51:08.772183,123,0,0,0,0,0
2026-08-13T03:51:08.772183,121,0,0,0,0,0
2026-08-13T03:51:08.775715,121,0,0,0,0,0
2026-08-13T03:51:08.776725,122,0,0,0,0,0
2026-08-13T03:51:08.777725,121,0,0,0,0,0
2026-08-13T03:51:08.777725,120,0,0,0,0,0
2026-08-13T03:51:08.779380,120,0,0,0,0,0
2026-08-13T03:51:08.780730,120,0,0,0,0,0
2026-08-13T03:51:08.780730,119,0,0,0,0,0
2026-08-13T03:51:08.783978,118,0,0,0,0,0
2026-08-13T03:51:08.785001,118,0,0,0,0,0
2026-08-13T03:51:08.786012,118,0,0,0,0,0
2026-08-13T03:51:08.786012,118,0,0,0,0,0
2026-08-13T03:51:08.788025,120,0,0,0,0,0
2026-08-13T03:51:08.790009,121,0,0,0,0,0
2026-08-13T03:51:08.791010,121,0,0,0,0,0
2026-08-13T03:51:08.792009,121,0,0,0,0,0
2026-08-13T03:51:08.793009,122,0,0,0,0,0
2026-08-13T03:51:08.794013,121,0,0,0,0,0
2026-08-13T03:51:08.796546,120,0,0,0,0,0
2026-08-13T03:51:08.796546,122,0,0,0,0,0
2026-08-13T03:51:08.797537,120,0,0,0,0,0
2026-08-13T03:51:08.797537,120,0,0,0,0,0
2026-08-13T03:51:08.800918,120,0,0,0,0,0
2026-08-13T03:51:08.800918,119,0,0,0,0,0
2026-08-13T03:51:08.800918,119,0,0,0,0,0
2026-08-13T03:51:08.804071,119,0,0,0,0,0
2026-08-13T03:51:08.805246,119,0,0,0,0,0
2026-08-13T03:51:08.806248,120,0,0,0,0,0
2026-08-13T03:51:08.806248,119,0,0,0,0,0
2026-08-13T03:51:08.808263,123,0,0,0,0,0
2026-08-13T03:51:08.809244,123,0,0,0,0,0
2026-08-13T03:51:08.810247,123,0,0,0,0,0
2026-08-13T03:51:08.812278,122,0,0,0,0,0
2026-08-13T03:51:08.813785,122,0,0,0,0,0
2026-08-13T03:51:08.813785,120,0,0,0,0,0
2026-08-13T03:51:08.814795,121,0,0,0,0,0
2026-08-13T03:51:08.816795,122,0,0,0,0,0
2026-08-13T03:51:08.817795,120,0,0,0,0,0
2026-08-13T03:51:08.817795,121,0,0,0,0,0
2026-08-13T03:51:08.820828,119,0,0,0,0,0
2026-08-13T03:51:08.821839,119,0,0,0,0,0
2026-08-13T03:51:08.821839,117,0,0,0,0,0
2026-08-13T03:51:08.822841,118,0,0,0,0,0
2026-08-13T03:51:08.824955,117,0,0,0,0,0
2026-08-13T03:51:08.825955,117,0,0,0,0,0
2026-08-13T03:51:08.825955,119,0,0,0,0,0
2026-08-13T03:51:08.829592,122,0,0,0,0,0
2026-08-13T03:51:08.829592,121,0,0,0,0,0
2026-08-13T03:51:08.830606,123,0,0,0,0,0
2026-08-13T03:51:08.832635,125,0,0,0,0,0
2026-08-13T03:51:08.833851,126,0,0,0,0,0
2026-08-13T03:51:08.835092,126,0,0,0,0,0
2026-08-13T03:51:08.835092,127,0,0,0,0,0
2026-08-13T03:51:08.837117,127,0,0,0,0,0
2026-08-13T03:51:08.838120,127,0,0,0,0,0
2026-08-13T03:51:08.838120,127,0,0,0,0,0
2026-08-13T03:51:08.841168,126,0,0,0,0,0
2026-08-13T03:51:08.842180,126,0,0,0,0,0
2026-08-13T03:51:08.842724,125,0,0,0,0,0
2026-08-13T03:51:08.842724,125,0,0,0,0,0
2026-08-13T03:51:08.845996,125,0,0,0,0,0
2026-08-13T03:51:08.845996,125,0,0,0,0,0
2026-08-13T03:51:08.845996,127,0,0,0,0,0
2026-08-13T03:51:08.850037,127,0,0,0,0,0
2026-08-13T03:51:08.850037,127,0,0,0,0,0
2026-08-13T03:51:08.850037,127,0,0,0,0,0
2026-08-13T03:51:08.851003,128,0,0,0,0,0
2026-08-13T03:51:08.854184,128,0,0,0,0,0
2026-08-13T03:51:08.854184,127,0,0,0,0,0
2026-08-13T03:51:08.854184,127,0,0,0,0,0
2026-08-13T03:51:08.857292,128,0,0,0,0,0
2026-08-13T03:51:08.858409,127,0,0,0,0,0
2026-08-13T03:51:08.858409,128,0,0,0,0,0
2026-08-13T03:51:08.862189,126,0,0,0,0,0
2026-08-13T03:51:08.862189,127,0,0,0,0,0
2026-08-13T03:51:08.862189,125,0,0,0,0,0
2026-08-13T03:51:08.863793,127,0,0,0,0,0
2026-08-13T03:51:08.866468,127,0,0,0,0,0
2026-08-13T03:51:08.866468,127,0,0,0,0,0
2026-08-13T03:51:08.867501,130,0,0,0,0,0
2026-08-13T03:51:08.870498,130,0,0,0,0,0
2026-08-13T03:51:08.870498,131,0,0,0,0,0
2026-08-13T03:51:08.871487,131,0,0,0,0,0
2026-08-13T03:51:08.872489,131,0,0,0,0,0
2026-08-13T03:51:08.874005,131,0,0,0,0,0
2026-08-13T03:51:08.875020,130,0,0,0,0,0
2026-08-13T03:51:08.876019,132,0,0,0,0,0
2026-08-13T03:51:08.878031,132,0,0,0,0,0
2026-08-13T03:51:08.879018,132,0,0,0,0,0
2026-08-13T03:51:08.880032,131,0,0,0,0,0
2026-08-13T03:51:08.880032,131,0,0,0,0,0
2026-08-13T03:51:08.882039,129,0,0,0,0,0
2026-08-13T03:51:08.883017,128,0,0,0,0,0
2026-08-13T03:51:08.884018,129,0,0,0,0,0
2026-08-13T03:51:08.886308,127,0,0,0,0,0
2026-08-13T03:51:08.887293,129,0,0,0,0,0
2026-08-13T03:51:08.888293,129,0,0,0,0,0
2026-08-13T03:51:08.888293,129,0,0,0,0,0
2026-08-13T03:51:08.890309,130,0,0,0,0,0
2026-08-13T03:51:08.891295,128,0,0,0,0,0
2026-08-13T03:51:08.892296,128,0,0,0,0,0
2026-08-13T03:51:08.894839,126,0,0,0,0,0
2026-08-13T03:51:08.895846,125,0,0,0,0,0
2026-08-13T03:51:08.895846,125,0,0,0,0,0
2026-08-13T03:51:08.898855,122,0,0,0,0,0
2026-08-13T03:51:08.899859,121,0,0,0,0,0
2026-08-13T03:51:08.899859,120,0,0,0,0,0
2026-08-13T03:51:08.899859,119,0,0,0,0,0
2026-08-13T03:51:08.902195,119,0,0,0,0,0
2026-08-13T03:51:08.902195,119,0,0,0,0,0
2026-08-13T03:51:08.904073,119,0,0,0,0,0
2026-08-13T03:51:08.907089,119,0,0,0,0,0
2026-08-13T03:51:08.908090,122,0,0,0,0,0
2026-08-13T03:51:08.908090,124,0,0,0,0,0
2026-08-13T03:51:08.908090,124,0,0,0,0,0
2026-08-13T03:51:08.918359,125,0,0,0,0,0
2026-08-13T03:51:08.918359,125,0,0,0,0,0
2026-08-13T03:51:08.919363,125,0,0,0,0,0
2026-08-13T03:51:08.919363,123,0,0,0,0,0
2026-08-13T03:51:08.919363,123,0,0,0,0,0
2026-08-13T03:51:08.919363,123,0,0,0,0,0
2026-08-13T03:51:08.920364,121,0,0,0,0,0
2026-08-13T03:51:08.920364,120,0,0,0,0,0
2026-08-13T03:51:08.920364,119,0,0,0,0,0
2026-08-13T03:51:08.921356,119,0,0,0,0,0
2026-08-13T03:51:08.923874,118,0,0,0,0,0
2026-08-13T03:51:08.923874,119,0,0,0,0,0
2026-08-13T03:51:08.924883,119,0,0,0,0,0
2026-08-13T03:51:08.927898,120,0,0,0,0,0
2026-08-13T03:51:08.927898,121,0,0,0,0,0
2026-08-13T03:51:08.927898,122,0,0,0,0,0
2026-08-13T03:51:08.927898,122,0,0,0,0,0
2026-08-13T03:51:08.931895,123,0,0,0,0,0
2026-08-13T03:51:08.931895,123,0,0,0,0,0
2026-08-13T03:51:08.931895,122,0,0,0,0,0
2026-08-13T03:51:08.935354,120,0,0,0,0,0
2026-08-13T03:51:08.936355,120,0,0,0,0,0
2026-08-13T03:51:08.936355,119,0,0,0,0,0
2026-08-13T03:51:08.936355,119,0,0,0,0,0
2026-08-13T03:51:08.939369,120,0,0,0,0,0
2026-08-13T03:51:08.940354,119,0,0,0,0,0
2026-08-13T03:51:08.940354,119,0,0,0,0,0
2026-08-13T03:51:08.943881,119,0,0,0,0,0
2026-08-13T03:51:08.944898,119,0,0,0,0,0
2026-08-13T03:51:08.944898,119,0,0,0,0,0
2026-08-13T03:51:08.945900,118,0,0,0,0,0
2026-08-13T03:51:08.947922,119,0,0,0,0,0
2026-08-13T03:51:08.948910,122,0,0,0,0,0
2026-08-13T03:51:08.948910,124,0,0,0,0,0
2026-08-13T03:51:08.952492,125,0,0,0,0,0
2026-08-13T03:51:08.952492,126,0,0,0,0,0
2026-08-13T03:51:08.952492,125,0,0,0,0,0
2026-08-13T03:51:08.952492,125,0,0,0,0,0
2026-08-13T03:51:08.955912,126,0,0,0,0,0
2026-08-13T03:51:08.956928,126,0,0,0,0,0
2026-08-13T03:51:08.957928,125,0,0,0,0,0
2026-08-13T03:51:08.959941,126,0,0,0,0,0
2026-08-13T03:51:08.960941,125,0,0,0,0,0
2026-08-13T03:51:08.961929,126,0,0,0,0,0
2026-08-13T03:51:08.964484,125,0,0,0,0,0
2026-08-13T03:51:08.964484,127,0,0,0,0,0
2026-08-13T03:51:08.965478,127,0,0,0,0,0
2026-08-13T03:51:08.965478,128,0,0,0,0,0
2026-08-13T03:51:08.968492,132,0,0,0,0,0
2026-08-13T03:51:08.969492,134,0,0,0,0,0
2026-08-13T03:51:08.969492,135,0,0,0,0,0
2026-08-13T03:51:08.972491,135,0,0,0,0,0
2026-08-13T03:51:08.972491,136,0,0,0,0,0
2026-08-13T03:51:08.974000,136,0,0,0,0,0
2026-08-13T03:51:08.975012,135,0,0,0,0,0
2026-08-13T03:51:08.976367,136,0,0,0,0,0
2026-08-13T03:51:08.977611,134,0,0,0,0,0
2026-08-13T03:51:08.977611,133,0,0,0,0,0
2026-08-13T03:51:08.980635,133,0,0,0,0,0
2026-08-13T03:51:08.981620,133,0,0,0,0,0
2026-08-13T03:51:08.981620,132,0,0,0,0,0
2026-08-13T03:51:08.981620,131,0,0,0,0,0
2026-08-13T03:51:08.985135,132,0,0,0,0,0
2026-08-13T03:51:08.985135,132,0,0,0,0,0
2026-08-13T03:51:08.985135,134,0,0,0,0,0
2026-08-13T03:51:08.989150,136,0,0,0,0,0
2026-08-13T03:51:08.989150,137,0,0,0,0,0
2026-08-13T03:51:08.989150,139,0,0,0,0,0
2026-08-13T03:51:08.990137,138,0,0,0,0,0
2026-08-13T03:51:08.993441,140,0,0,0,0,0
2026-08-13T03:51:08.993949,139,0,0,0,0,0
2026-08-13T03:51:08.993949,139,0,0,0,0,0
2026-08-13T03:51:08.996973,139,0,0,0,0,0
2026-08-13T03:51:08.997960,138,0,0,0,0,0
2026-08-13T03:51:08.997960,138,0,0,0,0,0
2026-08-13T03:51:09.000971,138,0,0,0,0,0
2026-08-13T03:51:09.001959,136,0,0,0,0,0
2026-08-13T03:51:09.001959,136,0,0,0,0,0
2026-08-13T03:51:09.002960,136,0,0,0,0,0
2026-08-13T03:51:09.005250,137,0,0,0,0,0
2026-08-13T03:51:09.006252,137,0,0,0,0,0
2026-08-13T03:51:09.006252,137,0,0,0,0,0
2026-08-13T03:51:09.009259,139,0,0,0,0,0
2026-08-13T03:51:09.010252,139,0,0,0,0,0
2026-08-13T03:51:09.010252,140,0,0,0,0,0
2026-08-13T03:51:09.011252,140,0,0,0,0,0
2026-08-13T03:51:09.013774,140,0,0,0,0,0
2026-08-13T03:51:09.013774,139,0,0,0,0,0
2026-08-13T03:51:09.014795,140,0,0,0,0,0
2026-08-13T03:51:09.017805,140,0,0,0,0,0
2026-08-13T03:51:09.017805,138,0,0,0,0,0
2026-08-13T03:51:09.018798,139,0,0,0,0,0
2026-08-13T03:51:09.018798,137,0,0,0,0,0
2026-08-13T03:51:09.021813,137,0,0,0,0,0
2026-08-13T03:51:09.022797,137,0,0,0,0,0
2026-08-13T03:51:09.022797,136,0,0,0,0,0
2026-08-13T03:51:09.025986,137,0,0,0,0,0
2026-08-13T03:51:09.026971,135,0,0,0,0,0
2026-08-13T03:51:09.026971,138,0,0,0,0,0
2026-08-13T03:51:09.029486,140,0,0,0,0,0
2026-08-13T03:51:09.030523,140,0,0,0,0,0
2026-08-13T03:51:09.031497,140,0,0,0,0,0
2026-08-13T03:51:09.032498,140,0,0,0,0,0
2026-08-13T03:51:09.034006,139,0,0,0,0,0
2026-08-13T03:51:09.035019,138,0,0,0,0,0
2026-08-13T03:51:09.035019,138,0,0,0,0,0
2026-08-13T03:51:09.038018,137,0,0,0,0,0
2026-08-13T03:51:09.039023,135,0,0,0,0,0
2026-08-13T03:51:09.039023,136,0,0,0,0,0
2026-08-13T03:51:09.040514,135,0,0,0,0,0
2026-08-13T03:51:09.042524,135,0,0,0,0,0
2026-08-13T03:51:09.042524,135,0,0,0,0,0
2026-08-13T03:51:09.042524,135,0,0,0,0,0
2026-08-13T03:51:09.046698,135,0,0,0,0,0
2026-08-13T03:51:09.046698,136,0,0,0,0,0
2026-08-13T03:51:09.047720,140,0,0,0,0,0
2026-08-13T03:51:09.047720,140,0,0,0,0,0
2026-08-13T03:51:09.050735,141,0,0,0,0,0
2026-08-13T03:51:09.050735,141,0,0,0,0,0
2026-08-13T03:51:09.051761,141,0,0,0,0,0
2026-08-13T03:51:09.054268,140,0,0,0,0,0
2026-08-13T03:51:09.055277,138,0,0,0,0,0
2026-08-13T03:51:09.055277,139,0,0,0,0,0
2026-08-13T03:51:09.056289,138,0,0,0,0,0
2026-08-13T03:51:09.058286,138,0,0,0,0,0
2026-08-13T03:51:09.059284,138,0,0,0,0,0
2026-08-13T03:51:09.059284,137,0,0,0,0,0
2026-08-13T03:51:09.062290,136,0,0,0,0,0
2026-08-13T03:51:09.062290,136,0,0,0,0,0
2026-08-13T03:51:09.063797,136,0,0,0,0,0
2026-08-13T03:51:09.066812,136,0,0,0,0,0
2026-08-13T03:51:09.066812,137,0,0,0,0,0
2026-08-13T03:51:09.067811,139,0,0,0,0,0
2026-08-13T03:51:09.067811,140,0,0,0,0,0
2026-08-13T03:51:09.070811,140,0,0,0,0,0
2026-08-13T03:51:09.070811,139,0,0,0,0,0
2026-08-13T03:51:09.071810,139,0,0,0,0,0
2026-08-13T03:51:09.075321,139,0,0,0,0,0
2026-08-13T03:51:09.075321,139,0,0,0,0,0
2026-08-13T03:51:09.075321,140,0,0,0,0,0
2026-08-13T03:51:09.076327,138,0,0,0,0,0
2026-08-13T03:51:09.079327,137,0,0,0,0,0
2026-08-13T03:51:09.079327,137,0,0,0,0,0
2026-08-13T03:51:09.079327,137,0,0,0,0,0
2026-08-13T03:51:09.082327,136,0,0,0,0,0
2026-08-13T03:51:09.083832,136,0,0,0,0,0
2026-08-13T03:51:09.083832,135,0,0,0,0,0
2026-08-13T03:51:09.084837,136,0,0,0,0,0
2026-08-13T03:51:09.087350,137,0,0,0,0,0
2026-08-13T03:51:09.087350,139,0,0,0,0,0
2026-08-13T03:51:09.088349,139,0,0,0,0,0
2026-08-13T03:51:09.091349,140,0,0,0,0,0
2026-08-13T03:51:09.091349,140,0,0,0,0,0
2026-08-13T03:51:09.092349,142,0,0,0,0,0
2026-08-13T03:51:09.095860,139,0,0,0,0,0
2026-08-13T03:51:09.095860,140,0,0,0,0,0
2026-08-13T03:51:09.095860,140,0,0,0,0,0
2026-08-13T03:51:09.095860,138,0,0,0,0,0
2026-08-13T03:51:09.099866,138,0,0,0,0,0
2026-08-13T03:51:09.099866,137,0,0,0,0,0
2026-08-13T03:51:09.099866,137,0,0,0,0,0
2026-08-13T03:51:09.103866,136,0,0,0,0,0
2026-08-13T03:51:09.104371,136,0,0,0,0,0
2026-08-13T03:51:09.114073,137,0,0,0,0,0
2026-08-13T03:51:09.114073,136,0,0,0,0,0
2026-08-13T03:51:09.114073,138,0,0,0,0,0
2026-08-13T03:51:09.115081,139,0,0,0,0,0
2026-08-13T03:51:09.115081,140,0,0,0,0,0
2026-08-13T03:51:09.115081,141,0,0,0,0,0
2026-08-13T03:51:09.115081,141,0,0,0,0,0
2026-08-13T03:51:09.116453,140,0,0,0,0,0
2026-08-13T03:51:09.116453,139,0,0,0,0,0
2026-08-13T03:51:09.116453,139,0,0,0,0,0
2026-08-13T03:51:09.117458,140,0,0,0,0,0
2026-08-13T03:51:09.117458,138,0,0,0,0,0
2026-08-13T03:51:09.120459,138,0,0,0,0,0
2026-08-13T03:51:09.120459,137,0,0,0,0,0
2026-08-13T03:51:09.120459,136,0,0,0,0,0
2026-08-13T03:51:09.120459,136,0,0,0,0,0
2026-08-13T03:51:09.123967,136,0,0,0,0,0
2026-08-13T03:51:09.124973,136,0,0,0,0,0
2026-08-13T03:51:09.124973,136,0,0,0,0,0
2026-08-13T03:51:09.128978,139,0,0,0,0,0
2026-08-13T03:51:09.128978,140,0,0,0,0,0
2026-08-13T03:51:09.128978,140,0,0,0,0,0
2026-08-13T03:51:09.132823,141,0,0,0,0,0
2026-08-13T03:51:09.132823,140,0,0,0,0,0
2026-08-13T03:51:09.132823,139,0,0,0,0,0
2026-08-13T03:51:09.132823,139,0,0,0,0,0
2026-08-13T03:51:09.136894,140,0,0,0,0,0
2026-08-13T03:51:09.136894,139,0,0,0,0,0
2026-08-13T03:51:09.136894,138,0,0,0,0,0
2026-08-13T03:51:09.140924,138,0,0,0,0,0
2026-08-13T03:51:09.140924,137,0,0,0,0,0
2026-08-13T03:51:09.140924,136,0,0,0,0,0
2026-08-13T03:51:09.140924,136,0,0,0,0,0
2026-08-13T03:51:09.144427,136,0,0,0,0,0
2026-08-13T03:51:09.145433,136,0,0,0,0,0
2026-08-13T03:51:09.145433,137,0,0,0,0,0
2026-08-13T03:51:09.148471,140,0,0,0,0,0
2026-08-13T03:51:09.149493,140,0,0,0,0,0
2026-08-13T03:51:09.149493,140,0,0,0,0,0
2026-08-13T03:51:09.149493,140,0,0,0,0,0
2026-08-13T03:51:09.152490,140,0,0,0,0,0
2026-08-13T03:51:09.152490,139,0,0,0,0,0
2026-08-13T03:51:09.152490,139,0,0,0,0,0
2026-08-13T03:51:09.157010,139,0,0,0,0,0
2026-08-13T03:51:09.157010,139,0,0,0,0,0
2026-08-13T03:51:09.158007,137,0,0,0,0,0
2026-08-13T03:51:09.161368,138,0,0,0,0,0
2026-08-13T03:51:09.161368,138,0,0,0,0,0
2026-08-13T03:51:09.161368,136,0,0,0,0,0
2026-08-13T03:51:09.162385,136,0,0,0,0,0
2026-08-13T03:51:09.164924,137,0,0,0,0,0
2026-08-13T03:51:09.164924,137,0,0,0,0,0
2026-08-13T03:51:09.165924,138,0,0,0,0,0
2026-08-13T03:51:09.168924,140,0,0,0,0,0
2026-08-13T03:51:09.169924,140,0,0,0,0,0
2026-08-13T03:51:09.169924,141,0,0,0,0,0
2026-08-13T03:51:09.169924,140,0,0,0,0,0
2026-08-13T03:51:09.172955,140,0,0,0,0,0
2026-08-13T03:51:09.173925,139,0,0,0,0,0
2026-08-13T03:51:09.174961,139,0,0,0,0,0
2026-08-13T03:51:09.176973,140,0,0,0,0,0
2026-08-13T03:51:09.177959,138,0,0,0,0,0
2026-08-13T03:51:09.178959,138,0,0,0,0,0
2026-08-13T03:51:09.178959,137,0,0,0,0,0
2026-08-13T03:51:09.180958,137,0,0,0,0,0
2026-08-13T03:51:09.181957,136,0,0,0,0,0
2026-08-13T03:51:09.181957,136,0,0,0,0,0
2026-08-13T03:51:09.185470,137,0,0,0,0,0
2026-08-13T03:51:09.185470,136,0,0,0,0,0
2026-08-13T03:51:09.186475,137,0,0,0,0,0
2026-08-13T03:51:09.186475,139,0,0,0,0,0
2026-08-13T03:51:09.189475,140,0,0,0,0,0
2026-08-13T03:51:09.189475,141,0,0,0,0,0
2026-08-13T03:51:09.190474,141,0,0,0,0,0
2026-08-13T03:51:09.194095,141,0,0,0,0,0
2026-08-13T03:51:09.194095,139,0,0,0,0,0
2026-08-13T03:51:09.194095,140,0,0,0,0,0
2026-08-13T03:51:09.198342,140,0,0,0,0,0
2026-08-13T03:51:09.198342,138,0,0,0,0,0
2026-08-13T03:51:09.198342,138,0,0,0,0,0
2026-08-13T03:51:09.199419,137,0,0,0,0,0
2026-08-13T03:51:09.202443,137,0,0,0,0,0
2026-08-13T03:51:09.202443,136,0,0,0,0,0
2026-08-13T03:51:09.202443,135,0,0,0,0,0
2026-08-13T03:51:09.206139,135,0,0,0,0,0
2026-08-13T03:51:09.206139,134,0,0,0,0,0
2026-08-13T03:51:09.207122,137,0,0,0,0,0
2026-08-13T03:51:09.207122,138,0,0,0,0,0
2026-08-13T03:51:09.210134,138,0,0,0,0,0
2026-08-13T03:51:09.211123,138,0,0,0,0,0
2026-08-13T03:51:09.211123,138,0,0,0,0,0
2026-08-13T03:51:09.214655,138,0,0,0,0,0
2026-08-13T03:51:09.215647,137,0,0,0,0,0
2026-08-13T03:51:09.215647,137,0,0,0,0,0
2026-08-13T03:51:09.216665,136,0,0,0,0,0
2026-08-13T03:51:09.218663,135,0,0,0,0,0
2026-08-13T03:51:09.219666,134,0,0,0,0,0
2026-08-13T03:51:09.219666,134,0,0,0,0,0
2026-08-13T03:51:09.222672,134,0,0,0,0,0
2026-08-13T03:51:09.222672,133,0,0,0,0,0
2026-08-13T03:51:09.225029,133,0,0,0,0,0
2026-08-13T03:51:09.225029,133,0,0,0,0,0
2026-08-13T03:51:09.226045,133,0,0,0,0,0
2026-08-13T03:51:09.227055,135,0,0,0,0,0
2026-08-13T03:51:09.228055,136,0,0,0,0,0
2026-08-13T03:51:09.231055,137,0,0,0,0,0
2026-08-13T03:51:09.231055,136,0,0,0,0,0
2026-08-13T03:51:09.232054,136,0,0,0,0,0
2026-08-13T03:51:09.234561,135,0,0,0,0,0
2026-08-13T03:51:09.235571,134,0,0,0,0,0
2026-08-13T03:51:09.236733,134,0,0,0,0,0
2026-08-13T03:51:09.236733,133,0,0,0,0,0
2026-08-13T03:51:09.238578,130,0,0,0,0,0
2026-08-13T03:51:09.239590,130,0,0,0,0,0
2026-08-13T03:51:09.239590,128,0,0,0,0,0
2026-08-13T03:51:09.242588,127,0,0,0,0,0
2026-08-13T03:51:09.242588,127,0,0,0,0,0
2026-08-13T03:51:09.244098,128,0,0,0,0,0
2026-08-13T03:51:09.244098,128,0,0,0,0,0
2026-08-13T03:51:09.247697,129,0,0,0,0,0
2026-08-13T03:51:09.247697,132,0,0,0,0,0
2026-08-13T03:51:09.247697,132,0,0,0,0,0
2026-08-13T03:51:09.251780,133,0,0,0,0,0
2026-08-13T03:51:09.251780,132,0,0,0,0,0
2026-08-13T03:51:09.252803,131,0,0,0,0,0
2026-08-13T03:51:09.252803,130,0,0,0,0,0
2026-08-13T03:51:09.255190,128,0,0,0,0,0
2026-08-13T03:51:09.256191,128,0,0,0,0,0
2026-08-13T03:51:09.256191,126,0,0,0,0,0
2026-08-13T03:51:09.259188,126,0,0,0,0,0
2026-08-13T03:51:09.260188,124,0,0,0,0,0
2026-08-13T03:51:09.260188,123,0,0,0,0,0
2026-08-13T03:51:09.263694,124,0,0,0,0,0
2026-08-13T03:51:09.264326,124,0,0,0,0,0
2026-08-13T03:51:09.264326,126,0,0,0,0,0
2026-08-13T03:51:09.264326,126,0,0,0,0,0
2026-08-13T03:51:09.267332,128,0,0,0,0,0
2026-08-13T03:51:09.267332,131,0,0,0,0,0
2026-08-13T03:51:09.268332,133,0,0,0,0,0
2026-08-13T03:51:09.271332,134,0,0,0,0,0
2026-08-13T03:51:09.272334,135,0,0,0,0,0
2026-08-13T03:51:09.272334,135,0,0,0,0,0
2026-08-13T03:51:09.272334,135,0,0,0,0,0
2026-08-13T03:51:09.275846,135,0,0,0,0,0
2026-08-13T03:51:09.275846,136,0,0,0,0,0
2026-08-13T03:51:09.275846,134,0,0,0,0,0
2026-08-13T03:51:09.279485,133,0,0,0,0,0
2026-08-13T03:51:09.280462,132,0,0,0,0,0
2026-08-13T03:51:09.280462,132,0,0,0,0,0
2026-08-13T03:51:09.280462,130,0,0,0,0,0
2026-08-13T03:51:09.283965,130,0,0,0,0,0
2026-08-13T03:51:09.283965,129,0,0,0,0,0
2026-08-13T03:51:09.284985,129,0,0,0,0,0
2026-08-13T03:51:09.288274,129,0,0,0,0,0
2026-08-13T03:51:09.288274,131,0,0,0,0,0
2026-08-13T03:51:09.289265,131,0,0,0,0,0
2026-08-13T03:51:09.289265,132,0,0,0,0,0
2026-08-13T03:51:09.292275,131,0,0,0,0,0
2026-08-13T03:51:09.292275,131,0,0,0,0,0
2026-08-13T03:51:09.292275,130,0,0,0,0,0
2026-08-13T03:51:09.296348,131,0,0,0,0,0
2026-08-13T03:51:09.296348,130,0,0,0,0,0
2026-08-13T03:51:09.297319,129,0,0,0,0,0
2026-08-13T03:51:09.300332,129,0,0,0,0,0
2026-08-13T03:51:09.300332,128,0,0,0,0,0
2026-08-13T03:51:09.301338,128,0,0,0,0,0
2026-08-13T03:51:09.301338,127,0,0,0,0,0
2026-08-13T03:51:09.304860,126,0,0,0,0,0
2026-08-13T03:51:09.304860,127,0,0,0,0,0
2026-08-13T03:51:09.305862,127,0,0,0,0,0
2026-08-13T03:51:09.308858,129,0,0,0,0,0
2026-08-13T03:51:09.308858,129,0,0,0,0,0
2026-08-13T03:51:09.309859,130,0,0,0,0,0
2026-08-13T03:51:09.310860,131,0,0,0,0,0
2026-08-13T03:51:09.312860,130,0,0,0,0,0
2026-08-13T03:51:09.312860,130,0,0,0,0,0
2026-08-13T03:51:09.313859,129,0,0,0,0,0
2026-08-13T03:51:09.316382,129,0,0,0,0,0
2026-08-13T03:51:09.317386,129,0,0,0,0,0
2026-08-13T03:51:09.318383,129,0,0,0,0,0
2026-08-13T03:51:09.318383,129,0,0,0,0,0
2026-08-13T03:51:09.320383,129,0,0,0,0,0
2026-08-13T03:51:09.321382,129,0,0,0,0,0
2026-08-13T03:51:09.321382,129,0,0,0,0,0
2026-08-13T03:51:09.324908,129,0,0,0,0,0
2026-08-13T03:51:09.325908,129,0,0,0,0,0
2026-08-13T03:51:09.325908,129,0,0,0,0,0
2026-08-13T03:51:09.329409,130,0,0,0,0,0
2026-08-13T03:51:09.329409,130,0,0,0,0,0
2026-08-13T03:51:09.330536,131,0,0,0,0,0
2026-08-13T03:51:09.331432,130,0,0,0,0,0
2026-08-13T03:51:09.332428,130,0,0,0,0,0
2026-08-13T03:51:09.333941,129,0,0,0,0,0
2026-08-13T03:51:09.334953,127,0,0,0,0,0
2026-08-13T03:51:09.336967,128,0,0,0,0,0
2026-08-13T03:51:09.337967,127,0,0,0,0,0
2026-08-13T03:51:09.338965,127,0,0,0,0,0
2026-08-13T03:51:09.338965,127,0,0,0,0,0
2026-08-13T03:51:09.340955,127,0,0,0,0,0
2026-08-13T03:51:09.341954,127,0,0,0,0,0
2026-08-13T03:51:09.341954,126,0,0,0,0,0
2026-08-13T03:51:09.345471,128,0,0,0,0,0
2026-08-13T03:51:09.345471,128,0,0,0,0,0
2026-08-13T03:51:09.346486,129,0,0,0,0,0
2026-08-13T03:51:09.346486,132,0,0,0,0,0
2026-08-13T03:51:09.349473,133,0,0,0,0,0
2026-08-13T03:51:09.349473,134,0,0,0,0,0
2026-08-13T03:51:09.350485,133,0,0,0,0,0
2026-08-13T03:51:09.352471,133,0,0,0,0,0
2026-08-13T03:51:09.353977,133,0,0,0,0,0
2026-08-13T03:51:09.353977,131,0,0,0,0,0
2026-08-13T03:51:09.354986,133,0,0,0,0,0
2026-08-13T03:51:09.357988,132,0,0,0,0,0
2026-08-13T03:51:09.357988,131,0,0,0,0,0
2026-08-13T03:51:09.358991,131,0,0,0,0,0
2026-08-13T03:51:09.362096,130,0,0,0,0,0
2026-08-13T03:51:09.362096,129,0,0,0,0,0
2026-08-13T03:51:09.363120,129,0,0,0,0,0
2026-08-13T03:51:09.366166,129,0,0,0,0,0
2026-08-13T03:51:09.366166,129,0,0,0,0,0
2026-08-13T03:51:09.367202,130,0,0,0,0,0
2026-08-13T03:51:09.368196,132,0,0,0,0,0
2026-08-13T03:51:09.370266,133,0,0,0,0,0
2026-08-13T03:51:09.370266,135,0,0,0,0,0
2026-08-13T03:51:09.371281,135,0,0,0,0,0
2026-08-13T03:51:09.374001,135,0,0,0,0,0
2026-08-13T03:51:09.375020,134,0,0,0,0,0
2026-08-13T03:51:09.375020,135,0,0,0,0,0
2026-08-13T03:51:09.376022,136,0,0,0,0,0
2026-08-13T03:51:09.378031,135,0,0,0,0,0
2026-08-13T03:51:09.379031,134,0,0,0,0,0
2026-08-13T03:51:09.379031,134,0,0,0,0,0
2026-08-13T03:51:09.382072,136,0,0,0,0,0
2026-08-13T03:51:09.383058,136,0,0,0,0,0
2026-08-13T03:51:09.383058,137,0,0,0,0,0
2026-08-13T03:51:09.384059,138,0,0,0,0,0
2026-08-13T03:51:09.386606,139,0,0,0,0,0
2026-08-13T03:51:09.386606,141,0,0,0,0,0
2026-08-13T03:51:09.387605,144,0,0,0,0,0
2026-08-13T03:51:09.390015,144,0,0,0,0,0
2026-08-13T03:51:09.391031,146,0,0,0,0,0
2026-08-13T03:51:09.392033,147,0,0,0,0,0
2026-08-13T03:51:09.394582,146,0,0,0,0,0
2026-08-13T03:51:09.395582,145,0,0,0,0,0
2026-08-13T03:51:09.396582,146,0,0,0,0,0
2026-08-13T03:51:09.396582,145,0,0,0,0,0
2026-08-13T03:51:09.398581,143,0,0,0,0,0
2026-08-13T03:51:09.399595,143,0,0,0,0,0
2026-08-13T03:51:09.399595,144,0,0,0,0,0
2026-08-13T03:51:09.402592,143,0,0,0,0,0
2026-08-13T03:51:09.402592,141,0,0,0,0,0
2026-08-13T03:51:09.402592,141,0,0,0,0,0
2026-08-13T03:51:09.404099,141,0,0,0,0,0
2026-08-13T03:51:09.407107,142,0,0,0,0,0
2026-08-13T03:51:09.408113,145,0,0,0,0,0
2026-08-13T03:51:09.408113,146,0,0,0,0,0
2026-08-13T03:51:09.411109,147,0,0,0,0,0
2026-08-13T03:51:09.411109,147,0,0,0,0,0
2026-08-13T03:51:09.411109,147,0,0,0,0,0
2026-08-13T03:51:09.412316,148,0,0,0,0,0
2026-08-13T03:51:09.415115,146,0,0,0,0,0
2026-08-13T03:51:09.415115,147,0,0,0,0,0
2026-08-13T03:51:09.415115,147,0,0,0,0,0
2026-08-13T03:51:09.419090,145,0,0,0,0,0
2026-08-13T03:51:09.419090,147,0,0,0,0,0
2026-08-13T03:51:09.420091,146,0,0,0,0,0
2026-08-13T03:51:09.420091,146,0,0,0,0,0
2026-08-13T03:51:09.423085,146,0,0,0,0,0
2026-08-13T03:51:09.424076,147,0,0,0,0,0
2026-08-13T03:51:09.424585,148,0,0,0,0,0
2026-08-13T03:51:09.427595,148,0,0,0,0,0
2026-08-13T03:51:09.427595,151,0,0,0,0,0
2026-08-13T03:51:09.428598,152,0,0,0,0,0
2026-08-13T03:51:09.431608,152,0,0,0,0,0
2026-08-13T03:51:09.431608,152,0,0,0,0,0
2026-08-13T03:51:09.432609,152,0,0,0,0,0
2026-08-13T03:51:09.432609,150,0,0,0,0,0
2026-08-13T03:51:09.435136,149,0,0,0,0,0
2026-08-13T03:51:09.436145,150,0,0,0,0,0
2026-08-13T03:51:09.436145,148,0,0,0,0,0
2026-08-13T03:51:09.439145,148,0,0,0,0,0
2026-08-13T03:51:09.440144,146,0,0,0,0,0
2026-08-13T03:51:09.441145,146,0,0,0,0,0
2026-08-13T03:51:09.441145,146,0,0,0,0,0
2026-08-13T03:51:09.443656,144,0,0,0,0,0
2026-08-13T03:51:09.444681,146,0,0,0,0,0
2026-08-13T03:51:09.444681,145,0,0,0,0,0
2026-08-13T03:51:09.448184,147,0,0,0,0,0
2026-08-13T03:51:09.448184,148,0,0,0,0,0
2026-08-13T03:51:09.449194,149,0,0,0,0,0
2026-08-13T03:51:09.449194,149,0,0,0,0,0
2026-08-13T03:51:09.452212,150,0,0,0,0,0
2026-08-13T03:51:09.452212,150,0,0,0,0,0
2026-08-13T03:51:09.452212,148,0,0,0,0,0
2026-08-13T03:51:09.455696,149,0,0,0,0,0
2026-08-13T03:51:09.456734,150,0,0,0,0,0
2026-08-13T03:51:09.456734,148,0,0,0,0,0
2026-08-13T03:51:09.459724,148,0,0,0,0,0
2026-08-13T03:51:09.460724,148,0,0,0,0,0
2026-08-13T03:51:09.460724,148,0,0,0,0,0
2026-08-13T03:51:09.461712,148,0,0,0,0,0
2026-08-13T03:51:09.463710,148,0,0,0,0,0
2026-08-13T03:51:09.464910,149,0,0,0,0,0
2026-08-13T03:51:09.465924,149,0,0,0,0,0
2026-08-13T03:51:09.467933,151,0,0,0,0,0
2026-08-13T03:51:09.468945,154,0,0,0,0,0
2026-08-13T03:51:09.469921,155,0,0,0,0,0
2026-08-13T03:51:09.469921,156,0,0,0,0,0
2026-08-13T03:51:09.471920,156,0,0,0,0,0
2026-08-13T03:51:09.472922,156,0,0,0,0,0
2026-08-13T03:51:09.473924,155,0,0,0,0,0
2026-08-13T03:51:09.476460,156,0,0,0,0,0
2026-08-13T03:51:09.477448,153,0,0,0,0,0
2026-08-13T03:51:09.477448,151,0,0,0,0,0
2026-08-13T03:51:09.478447,151,0,0,0,0,0
2026-08-13T03:51:09.480463,149,0,0,0,0,0
2026-08-13T03:51:09.481445,147,0,0,0,0,0
2026-08-13T03:51:09.481445,145,0,0,0,0,0
2026-08-13T03:51:09.484995,144,0,0,0,0,0
2026-08-13T03:51:09.484995,143,0,0,0,0,0
2026-08-13T03:51:09.485993,142,0,0,0,0,0
2026-08-13T03:51:09.487008,144,0,0,0,0,0
2026-08-13T03:51:09.489100,144,0,0,0,0,0
2026-08-13T03:51:09.489100,144,0,0,0,0,0
2026-08-13T03:51:09.490115,144,0,0,0,0,0
2026-08-13T03:51:09.493113,144,0,0,0,0,0
2026-08-13T03:51:09.493622,143,0,0,0,0,0
2026-08-13T03:51:09.494630,141,0,0,0,0,0
2026-08-13T03:51:09.497243,142,0,0,0,0,0
2026-08-13T03:51:09.497243,141,0,0,0,0,0
2026-08-13T03:51:09.498260,141,0,0,0,0,0
2026-08-13T03:51:09.498260,141,0,0,0,0,0
2026-08-13T03:51:09.501416,140,0,0,0,0,0
2026-08-13T03:51:09.501416,141,0,0,0,0,0
2026-08-13T03:51:09.501416,140,0,0,0,0,0
2026-08-13T03:51:09.504994,142,0,0,0,0,0
2026-08-13T03:51:09.505996,142,0,0,0,0,0
2026-08-13T03:51:09.505996,144,0,0,0,0,0
2026-08-13T03:51:09.506995,146,0,0,0,0,0
2026-08-13T03:51:09.509018,148,0,0,0,0,0
2026-08-13T03:51:09.509993,149,0,0,0,0,0
2026-08-13T03:51:09.509993,149,0,0,0,0,0
2026-08-13T03:51:09.513007,150,0,0,0,0,0
2026-08-13T03:51:09.513992,150,0,0,0,0,0
2026-08-13T03:51:09.514502,149,0,0,0,0,0
2026-08-13T03:51:09.514502,151,0,0,0,0,0
2026-08-13T03:51:09.517525,151,0,0,0,0,0
2026-08-13T03:51:09.517525,150,0,0,0,0,0
2026-08-13T03:51:09.518517,150,0,0,0,0,0
2026-08-13T03:51:09.521515,149,0,0,0,0,0
2026-08-13T03:51:09.521515,148,0,0,0,0,0
2026-08-13T03:51:09.522512,146,0,0,0,0,0
2026-08-13T03:51:09.522512,148,0,0,0,0,0
2026-08-13T03:51:09.525029,147,0,0,0,0,0
2026-08-13T03:51:09.526029,147,0,0,0,0,0
2026-08-13T03:51:09.526029,149,0,0,0,0,0
2026-08-13T03:51:09.530018,149,0,0,0,0,0
2026-08-13T03:51:09.530018,150,0,0,0,0,0
2026-08-13T03:51:09.530018,148,0,0,0,0,0
2026-08-13T03:51:09.534091,148,0,0,0,0,0
2026-08-13T03:51:09.534091,147,0,0,0,0,0
2026-08-13T03:51:09.534091,147,0,0,0,0,0
2026-08-13T03:51:09.535261,147,0,0,0,0,0
2026-08-13T03:51:09.538218,145,0,0,0,0,0
2026-08-13T03:51:09.538218,146,0,0,0,0,0
2026-08-13T03:51:09.539238,145,0,0,0,0,0
2026-08-13T03:51:09.541595,144,0,0,0,0,0
2026-08-13T03:51:09.542603,144,0,0,0,0,0
2026-08-13T03:51:09.542603,144,0,0,0,0,0
2026-08-13T03:51:09.544124,144,0,0,0,0,0
2026-08-13T03:51:09.546158,144,0,0,0,0,0
2026-08-13T03:51:09.547157,146,0,0,0,0,0
2026-08-13T03:51:09.547157,148,0,0,0,0,0
2026-08-13T03:51:09.550154,147,0,0,0,0,0
2026-08-13T03:51:09.551156,149,0,0,0,0,0
2026-08-13T03:51:09.551156,149,0,0,0,0,0
2026-08-13T03:51:09.552142,150,0,0,0,0,0
2026-08-13T03:51:09.554680,148,0,0,0,0,0
2026-08-13T03:51:09.554680,150,0,0,0,0,0
2026-08-13T03:51:09.555698,150,0,0,0,0,0
2026-08-13T03:51:09.558703,149,0,0,0,0,0
2026-08-13T03:51:09.558703,149,0,0,0,0,0
2026-08-13T03:51:09.559682,149,0,0,0,0,0
2026-08-13T03:51:09.562684,149,0,0,0,0,0
2026-08-13T03:51:09.562684,148,0,0,0,0,0
2026-08-13T03:51:09.563682,148,0,0,0,0,0
2026-08-13T03:51:09.564190,149,0,0,0,0,0
2026-08-13T03:51:09.566718,148,0,0,0,0,0
2026-08-13T03:51:09.566718,150,0,0,0,0,0
2026-08-13T03:51:09.567732,151,0,0,0,0,0
2026-08-13T03:51:09.570741,152,0,0,0,0,0
2026-08-13T03:51:09.570741,152,0,0,0,0,0
2026-08-13T03:51:09.571727,152,0,0,0,0,0
2026-08-13T03:51:09.572726,151,0,0,0,0,0
2026-08-13T03:51:09.574957,150,0,0,0,0,0
2026-08-13T03:51:09.574957,150,0,0,0,0,0
2026-08-13T03:51:09.575957,150,0,0,0,0,0
2026-08-13T03:51:09.579055,149,0,0,0,0,0
2026-08-13T03:51:09.579055,148,0,0,0,0,0
2026-08-13T03:51:09.580057,147,0,0,0,0,0
2026-08-13T03:51:09.580057,147,0,0,0,0,0
2026-08-13T03:51:09.583268,146,0,0,0,0,0
2026-08-13T03:51:09.583798,146,0,0,0,0,0
2026-08-13T03:51:09.583798,146,0,0,0,0,0
2026-08-13T03:51:09.586846,147,0,0,0,0,0
2026-08-13T03:51:09.587842,149,0,0,0,0,0
2026-08-13T03:51:09.587842,150,0,0,0,0,0
2026-08-13T03:51:09.588827,150,0,0,0,0,0
2026-08-13T03:51:09.590825,151,0,0,0,0,0
2026-08-13T03:51:09.591829,150,0,0,0,0,0
2026-08-13T03:51:09.591829,150,0,0,0,0,0
2026-08-13T03:51:09.595340,149,0,0,0,0,0
2026-08-13T03:51:09.595848,149,0,0,0,0,0
2026-08-13T03:51:09.595848,149,0,0,0,0,0
2026-08-13T03:51:09.598857,147,0,0,0,0,0
2026-08-13T03:51:09.599856,147,0,0,0,0,0
2026-08-13T03:51:09.599856,147,0,0,0,0,0
2026-08-13T03:51:09.600857,146,0,0,0,0,0
2026-08-13T03:51:09.603856,146,0,0,0,0,0
2026-08-13T03:51:09.604362,147,0,0,0,0,0
2026-08-13T03:51:09.604362,146,0,0,0,0,0
2026-08-13T03:51:09.607379,148,0,0,0,0,0
2026-08-13T03:51:09.607379,150,0,0,0,0,0
2026-08-13T03:51:09.608641,151,0,0,0,0,0
2026-08-13T03:51:09.608641,153,0,0,0,0,0
2026-08-13T03:51:09.611908,152,0,0,0,0,0
2026-08-13T03:51:09.611908,153,0,0,0,0,0
2026-08-13T03:51:09.611908,153,0,0,0,0,0
2026-08-13T03:51:09.615623,152,0,0,0,0,0
2026-08-13T03:51:09.616631,153,0,0,0,0,0
2026-08-13T03:51:09.616631,152,0,0,0,0,0
2026-08-13T03:51:09.617631,151,0,0,0,0,0
2026-08-13T03:51:09.619916,153,0,0,0,0,0
2026-08-13T03:51:09.620506,153,0,0,0,0,0
2026-08-13T03:51:09.621079,153,0,0,0,0,0
2026-08-13T03:51:09.623959,154,0,0,0,0,0
2026-08-13T03:51:09.624399,156,0,0,0,0,0
2026-08-13T03:51:09.625412,157,0,0,0,0,0
2026-08-13T03:51:09.628408,158,0,0,0,0,0
2026-08-13T03:51:09.628408,162,0,0,0,0,0
2026-08-13T03:51:09.629408,163,0,0,0,0,0
2026-08-13T03:51:09.629408,164,0,0,0,0,0
2026-08-13T03:51:09.632409,164,0,0,0,0,0
2026-08-13T03:51:09.632409,165,0,0,0,0,0
2026-08-13T03:51:09.632409,163,0,0,0,0,0
2026-08-13T03:51:09.635940,163,0,0,0,0,0
2026-08-13T03:51:09.636940,163,0,0,0,0,0
2026-08-13T03:51:09.637940,162,0,0,0,0,0
2026-08-13T03:51:09.637940,162,0,0,0,0,0
2026-08-13T03:51:09.640589,160,0,0,0,0,0
2026-08-13T03:51:09.640589,159,0,0,0,0,0
2026-08-13T03:51:09.641613,159,0,0,0,0,0
2026-08-13T03:51:09.644767,158,0,0,0,0,0
2026-08-13T03:51:09.644767,158,0,0,0,0,0
2026-08-13T03:51:09.645768,156,0,0,0,0,0
2026-08-13T03:51:09.646783,157,0,0,0,0,0
2026-08-13T03:51:09.648777,157,0,0,0,0,0
2026-08-13T03:51:09.648777,156,0,0,0,0,0
2026-08-13T03:51:09.649777,157,0,0,0,0,0
2026-08-13T03:51:09.652777,157,0,0,0,0,0
2026-08-13T03:51:09.652777,157,0,0,0,0,0
2026-08-13T03:51:09.653779,154,0,0,0,0,0
2026-08-13T03:51:09.654287,154,0,0,0,0,0
2026-08-13T03:51:09.656306,154,0,0,0,0,0
2026-08-13T03:51:09.658309,152,0,0,0,0,0
2026-08-13T03:51:09.658309,152,0,0,0,0,0
2026-08-13T03:51:09.660307,151,0,0,0,0,0
2026-08-13T03:51:09.661306,152,0,0,0,0,0
2026-08-13T03:51:09.662323,151,0,0,0,0,0
2026-08-13T03:51:09.665190,151,0,0,0,0,0
2026-08-13T03:51:09.665190,152,0,0,0,0,0
2026-08-13T03:51:09.666199,151,0,0,0,0,0
2026-08-13T03:51:09.666199,153,0,0,0,0,0
2026-08-13T03:51:09.669266,154,0,0,0,0,0
2026-08-13T03:51:09.669266,153,0,0,0,0,0
2026-08-13T03:51:09.670283,154,0,0,0,0,0
2026-08-13T03:51:09.673072,153,0,0,0,0,0
2026-08-13T03:51:09.674110,152,0,0,0,0,0
2026-08-13T03:51:09.675125,150,0,0,0,0,0
2026-08-13T03:51:09.676124,148,0,0,0,0,0
2026-08-13T03:51:09.677136,146,0,0,0,0,0
2026-08-13T03:51:09.678122,145,0,0,0,0,0
2026-08-13T03:51:09.678122,145,0,0,0,0,0
2026-08-13T03:51:09.681142,143,0,0,0,0,0
2026-08-13T03:51:09.682123,144,0,0,0,0,0
2026-08-13T03:51:09.682123,143,0,0,0,0,0
2026-08-13T03:51:09.683123,143,0,0,0,0,0
2026-08-13T03:51:09.685642,142,0,0,0,0,0
2026-08-13T03:51:09.685642,143,0,0,0,0,0
2026-08-13T03:51:09.686651,146,0,0,0,0,0
2026-08-13T03:51:09.688650,147,0,0,0,0,0
2026-08-13T03:51:09.691126,149,0,0,0,0,0
2026-08-13T03:51:09.691126,150,0,0,0,0,0
2026-08-13T03:51:09.692125,151,0,0,0,0,0
2026-08-13T03:51:09.693636,151,0,0,0,0,0
2026-08-13T03:51:09.693636,151,0,0,0,0,0
2026-08-13T03:51:09.694646,152,0,0,0,0,0
2026-08-13T03:51:09.697645,150,0,0,0,0,0
2026-08-13T03:51:09.697645,148,0,0,0,0,0
2026-08-13T03:51:09.698646,148,0,0,0,0,0
2026-08-13T03:51:09.702044,147,0,0,0,0,0
2026-08-13T03:51:09.702044,147,0,0,0,0,0
2026-08-13T03:51:09.703061,148,0,0,0,0,0
2026-08-13T03:51:09.703061,150,0,0,0,0,0
2026-08-13T03:51:09.705508,151,0,0,0,0,0
2026-08-13T03:51:09.706509,153,0,0,0,0,0
2026-08-13T03:51:09.706509,157,0,0,0,0,0
2026-08-13T03:51:09.710241,160,0,0,0,0,0
2026-08-13T03:51:09.710241,162,0,0,0,0,0
2026-08-13T03:51:09.711257,162,0,0,0,0,0
2026-08-13T03:51:09.711257,163,0,0,0,0,0
2026-08-13T03:51:09.714023,163,0,0,0,0,0
2026-08-13T03:51:09.714023,164,0,0,0,0,0
2026-08-13T03:51:09.715046,165,0,0,0,0,0
2026-08-13T03:51:09.718054,165,0,0,0,0,0
2026-08-13T03:51:09.719047,165,0,0,0,0,0
2026-08-13T03:51:09.719047,166,0,0,0,0,0
2026-08-13T03:51:09.720045,167,0,0,0,0,0
2026-08-13T03:51:09.722057,169,0,0,0,0,0
2026-08-13T03:51:09.723046,170,0,0,0,0,0
2026-08-13T03:51:09.723046,172,0,0,0,0,0
2026-08-13T03:51:09.726564,171,0,0,0,0,0
2026-08-13T03:51:09.726564,174,0,0,0,0,0
2026-08-13T03:51:09.727566,175,0,0,0,0,0
2026-08-13T03:51:09.730564,175,0,0,0,0,0
2026-08-13T03:51:09.730564,177,0,0,0,0,0
2026-08-13T03:51:09.731568,176,0,0,0,0,0
2026-08-13T03:51:09.731568,175,0,0,0,0,0
2026-08-13T03:51:09.734074,174,0,0,0,0,0
2026-08-13T03:51:09.735174,174,0,0,0,0,0
2026-08-13T03:51:09.735174,173,0,0,0,0,0
2026-08-13T03:51:09.738238,171,0,0,0,0,0
2026-08-13T03:51:09.739232,170,0,0,0,0,0
2026-08-13T03:51:09.740226,170,0,0,0,0,0
2026-08-13T03:51:09.740226,169,0,0,0,0,0
2026-08-13T03:51:09.742226,168,0,0,0,0,0
2026-08-13T03:51:09.742226,169,0,0,0,0,0
2026-08-13T03:51:09.743736,170,0,0,0,0,0
2026-08-13T03:51:09.746763,172,0,0,0,0,0
2026-08-13T03:51:09.747749,175,0,0,0,0,0
2026-08-13T03:51:09.747749,178,0,0,0,0,0
2026-08-13T03:51:09.748750,179,0,0,0,0,0
2026-08-13T03:51:09.750762,181,0,0,0,0,0
2026-08-13T03:51:09.751755,183,0,0,0,0,0
2026-08-13T03:51:09.751755,184,0,0,0,0,0
2026-08-13T03:51:09.755306,184,0,0,0,0,0
2026-08-13T03:51:09.755306,186,0,0,0,0,0
2026-08-13T03:51:09.756310,186,0,0,0,0,0
2026-08-13T03:51:09.756310,186,0,0,0,0,0
2026-08-13T03:51:09.759302,186,0,0,0,0,0
2026-08-13T03:51:09.759302,185,0,0,0,0,0
2026-08-13T03:51:09.759302,185,0,0,0,0,0
2026-08-13T03:51:09.762302,184,0,0,0,0,0
2026-08-13T03:51:09.763807,183,0,0,0,0,0
2026-08-13T03:51:09.763807,183,0,0,0,0,0
2026-08-13T03:51:09.767441,183,0,0,0,0,0
2026-08-13T03:51:09.767441,185,0,0,0,0,0
2026-08-13T03:51:09.768444,187,0,0,0,0,0
2026-08-13T03:51:09.768444,188,0,0,0,0,0
2026-08-13T03:51:09.770490,189,0,0,0,0,0
2026-08-13T03:51:09.772058,189,0,0,0,0,0
2026-08-13T03:51:09.772058,188,0,0,0,0,0
2026-08-13T03:51:09.775620,188,0,0,0,0,0
2026-08-13T03:51:09.776128,190,0,0,0,0,0
2026-08-13T03:51:09.776128,190,0,0,0,0,0
2026-08-13T03:51:09.776128,189,0,0,0,0,0
2026-08-13T03:51:09.779188,190,0,0,0,0,0
2026-08-13T03:51:09.780189,190,0,0,0,0,0
2026-08-13T03:51:09.780189,190,0,0,0,0,0
2026-08-13T03:51:09.783738,190,0,0,0,0,0
2026-08-13T03:51:09.783738,191,0,0,0,0,0
2026-08-13T03:51:09.784757,190,0,0,0,0,0
2026-08-13T03:51:09.785758,190,0,0,0,0,0
2026-08-13T03:51:09.787756,190,0,0,0,0,0
2026-08-13T03:51:09.788756,189,0,0,0,0,0
2026-08-13T03:51:09.788756,189,0,0,0,0,0
2026-08-13T03:51:09.791769,188,0,0,0,0,0
2026-08-13T03:51:09.792759,188,0,0,0,0,0
2026-08-13T03:51:09.792759,188,0,0,0,0,0
2026-08-13T03:51:09.796320,187,0,0,0,0,0
2026-08-13T03:51:09.796320,187,0,0,0,0,0
2026-08-13T03:51:09.797307,187,0,0,0,0,0
2026-08-13T03:51:09.797307,186,0,0,0,0,0
2026-08-13T03:51:09.799870,187,0,0,0,0,0
2026-08-13T03:51:09.800888,186,0,0,0,0,0
2026-08-13T03:51:09.800888,186,0,0,0,0,0
2026-08-13T03:51:09.804445,186,0,0,0,0,0
2026-08-13T03:51:09.804445,186,0,0,0,0,0
2026-08-13T03:51:09.805783,186,0,0,0,0,0
2026-08-13T03:51:09.805783,188,0,0,0,0,0
2026-08-13T03:51:09.807760,190,0,0,0,0,0
2026-08-13T03:51:09.808757,190,0,0,0,0,0
2026-08-13T03:51:09.808757,191,0,0,0,0,0
2026-08-13T03:51:09.811776,191,0,0,0,0,0
2026-08-13T03:51:09.812755,191,0,0,0,0,0
2026-08-13T03:51:09.812755,189,0,0,0,0,0
2026-08-13T03:51:09.813757,190,0,0,0,0,0
2026-08-13T03:51:09.815959,189,0,0,0,0,0
2026-08-13T03:51:09.816940,188,0,0,0,0,0
2026-08-13T03:51:09.816940,188,0,0,0,0,0
2026-08-13T03:51:09.820821,187,0,0,0,0,0
2026-08-13T03:51:09.820821,187,0,0,0,0,0
2026-08-13T03:51:09.820821,186,0,0,0,0,0
2026-08-13T03:51:09.821836,186,0,0,0,0,0
2026-08-13T03:51:09.824910,188,0,0,0,0,0
2026-08-13T03:51:09.824910,187,0,0,0,0,0
2026-08-13T03:51:09.824910,188,0,0,0,0,0
2026-08-13T03:51:09.828910,190,0,0,0,0,0
2026-08-13T03:51:09.828910,190,0,0,0,0,0
2026-08-13T03:51:09.828910,191,0,0,0,0,0
2026-08-13T03:51:09.832205,191,0,0,0,0,0
2026-08-13T03:51:09.832205,190,0,0,0,0,0
2026-08-13T03:51:09.833716,191,0,0,0,0,0
2026-08-13T03:51:09.833716,191,0,0,0,0,0
2026-08-13T03:51:09.836738,191,0,0,0,0,0
2026-08-13T03:51:09.837723,190,0,0,0,0,0
2026-08-13T03:51:09.837723,190,0,0,0,0,0
2026-08-13T03:51:09.840628,191,0,0,0,0,0
2026-08-13T03:51:09.841750,191,0,0,0,0,0
2026-08-13T03:51:09.841750,191,0,0,0,0,0
2026-08-13T03:51:09.842749,191,0,0,0,0,0
2026-08-13T03:51:09.845268,191,0,0,0,0,0
2026-08-13T03:51:09.845268,191,0,0,0,0,0
2026-08-13T03:51:09.846276,193,0,0,0,0,0
2026-08-13T03:51:09.849275,194,0,0,0,0,0
2026-08-13T03:51:09.849275,195,0,0,0,0,0
2026-08-13T03:51:09.850275,195,0,0,0,0,0
2026-08-13T03:51:09.850275,195,0,0,0,0,0
2026-08-13T03:51:09.852275,195,0,0,0,0,0
2026-08-13T03:51:09.853783,194,0,0,0,0,0
2026-08-13T03:51:09.853783,194,0,0,0,0,0
2026-08-13T03:51:09.857664,194,0,0,0,0,0
2026-08-13T03:51:09.857664,193,0,0,0,0,0
2026-08-13T03:51:09.858667,195,0,0,0,0,0
2026-08-13T03:51:09.861793,193,0,0,0,0,0
2026-08-13T03:51:09.861793,192,0,0,0,0,0
2026-08-13T03:51:09.862814,191,0,0,0,0,0
2026-08-13T03:51:09.862814,191,0,0,0,0,0
2026-08-13T03:51:09.865882,190,0,0,0,0,0
2026-08-13T03:51:09.865882,190,0,0,0,0,0
2026-08-13T03:51:09.866890,192,0,0,0,0,0
2026-08-13T03:51:09.869903,192,0,0,0,0,0
2026-08-13T03:51:09.869903,193,0,0,0,0,0
2026-08-13T03:51:09.870890,194,0,0,0,0,0
2026-08-13T03:51:09.870890,194,0,0,0,0,0
2026-08-13T03:51:09.873903,193,0,0,0,0,0
2026-08-13T03:51:09.874414,192,0,0,0,0,0
2026-08-13T03:51:09.875445,192,0,0,0,0,0
2026-08-13T03:51:09.877436,191,0,0,0,0,0
2026-08-13T03:51:09.878423,191,0,0,0,0,0
2026-08-13T03:51:09.879423,190,0,0,0,0,0
2026-08-13T03:51:09.879423,189,0,0,0,0,0
2026-08-13T03:51:09.881423,187,0,0,0,0,0
2026-08-13T03:51:09.882422,187,0,0,0,0,0
2026-08-13T03:51:09.882422,188,0,0,0,0,0
2026-08-13T03:51:09.886366,187,0,0,0,0,0
2026-08-13T03:51:09.886366,188,0,0,0,0,0
2026-08-13T03:51:09.887401,190,0,0,0,0,0
2026-08-13T03:51:09.888395,191,0,0,0,0,0
2026-08-13T03:51:09.890397,192,0,0,0,0,0
2026-08-13T03:51:09.890397,191,0,0,0,0,0
2026-08-13T03:51:09.891383,191,0,0,0,0,0
2026-08-13T03:51:09.893895,190,0,0,0,0,0
2026-08-13T03:51:09.894906,190,0,0,0,0,0
2026-08-13T03:51:09.894906,191,0,0,0,0,0
2026-08-13T03:51:09.897913,190,0,0,0,0,0
2026-08-13T03:51:09.898911,189,0,0,0,0,0
2026-08-13T03:51:09.898911,189,0,0,0,0,0
2026-08-13T03:51:09.899915,188,0,0,0,0,0
2026-08-13T03:51:09.901913,188,0,0,0,0,0
2026-08-13T03:51:09.902910,188,0,0,0,0,0
2026-08-13T03:51:09.902910,188,0,0,0,0,0
2026-08-13T03:51:09.906436,188,0,0,0,0,0
2026-08-13T03:51:09.906436,189,0,0,0,0,0
2026-08-13T03:51:09.907430,192,0,0,0,0,0
2026-08-13T03:51:09.908430,191,0,0,0,0,0
2026-08-13T03:51:09.910434,191,0,0,0,0,0
2026-08-13T03:51:09.911446,191,0,0,0,0,0
2026-08-13T03:51:09.911446,192,0,0,0,0,0
2026-08-13T03:51:09.914958,190,0,0,0,0,0
2026-08-13T03:51:09.914958,190,0,0,0,0,0
2026-08-13T03:51:09.915960,190,0,0,0,0,0
2026-08-13T03:51:09.915960,188,0,0,0,0,0
2026-08-13T03:51:09.918968,188,0,0,0,0,0
2026-08-13T03:51:09.918968,188,0,0,0,0,0
2026-08-13T03:51:09.919967,188,0,0,0,0,0
2026-08-13T03:51:09.922982,187,0,0,0,0,0
2026-08-13T03:51:09.922982,187,0,0,0,0,0
2026-08-13T03:51:09.924476,188,0,0,0,0,0
2026-08-13T03:51:09.926498,188,0,0,0,0,0
2026-08-13T03:51:09.927496,189,0,0,0,0,0
2026-08-13T03:51:09.928496,191,0,0,0,0,0
2026-08-13T03:51:09.928496,190,0,0,0,0,0
2026-08-13T03:51:09.931494,191,0,0,0,0,0
2026-08-13T03:51:09.931494,192,0,0,0,0,0
2026-08-13T03:51:09.932496,191,0,0,0,0,0
2026-08-13T03:51:09.935014,189,0,0,0,0,0
2026-08-13T03:51:09.935014,189,0,0,0,0,0
2026-08-13T03:51:09.936014,189,0,0,0,0,0
2026-08-13T03:51:09.936014,188,0,0,0,0,0
2026-08-13T03:51:09.939021,189,0,0,0,0,0
2026-08-13T03:51:09.939021,187,0,0,0,0,0
2026-08-13T03:51:09.940018,187,0,0,0,0,0
2026-08-13T03:51:09.943728,186,0,0,0,0,0
2026-08-13T03:51:09.943728,187,0,0,0,0,0
2026-08-13T03:51:09.943728,187,0,0,0,0,0
2026-08-13T03:51:09.943728,187,0,0,0,0,0
2026-08-13T03:51:09.947793,189,0,0,0,0,0
2026-08-13T03:51:09.947793,189,0,0,0,0,0
2026-08-13T03:51:09.947793,191,0,0,0,0,0
2026-08-13T03:51:09.951119,191,0,0,0,0,0
2026-08-13T03:51:09.952135,191,0,0,0,0,0
2026-08-13T03:51:09.952135,190,0,0,0,0,0
2026-08-13T03:51:09.952135,190,0,0,0,0,0
2026-08-13T03:51:09.955669,190,0,0,0,0,0
2026-08-13T03:51:09.956668,190,0,0,0,0,0
2026-08-13T03:51:09.957659,188,0,0,0,0,0
2026-08-13T03:51:09.959658,189,0,0,0,0,0
2026-08-13T03:51:09.960673,188,0,0,0,0,0
2026-08-13T03:51:09.961656,188,0,0,0,0,0
2026-08-13T03:51:09.964192,186,0,0,0,0,0
2026-08-13T03:51:09.964192,187,0,0,0,0,0
2026-08-13T03:51:09.965706,187,0,0,0,0,0
2026-08-13T03:51:09.965706,187,0,0,0,0,0
2026-08-13T03:51:09.968269,190,0,0,0,0,0
2026-08-13T03:51:09.968269,190,0,0,0,0,0
2026-08-13T03:51:09.970323,190,0,0,0,0,0
2026-08-13T03:51:09.972335,191,0,0,0,0,0
2026-08-13T03:51:09.972335,191,0,0,0,0,0
2026-08-13T03:51:09.973849,190,0,0,0,0,0
2026-08-13T03:51:09.975092,190,0,0,0,0,0
2026-08-13T03:51:09.976107,191,0,0,0,0,0
2026-08-13T03:51:09.976107,189,0,0,0,0,0
2026-08-13T03:51:09.977339,188,0,0,0,0,0
2026-08-13T03:51:09.979353,189,0,0,0,0,0
2026-08-13T03:51:09.980818,188,0,0,0,0,0
2026-08-13T03:51:09.981832,188,0,0,0,0,0
2026-08-13T03:51:09.981832,187,0,0,0,0,0
2026-08-13T03:51:09.984379,189,0,0,0,0,0
2026-08-13T03:51:09.985389,188,0,0,0,0,0
2026-08-13T03:51:09.985389,190,0,0,0,0,0
2026-08-13T03:51:09.988541,192,0,0,0,0,0
2026-08-13T03:51:09.988541,193,0,0,0,0,0
2026-08-13T03:51:09.989525,193,0,0,0,0,0
2026-08-13T03:51:09.989525,193,0,0,0,0,0
2026-08-13T03:51:09.992537,193,0,0,0,0,0
2026-08-13T03:51:09.992537,193,0,0,0,0,0
2026-08-13T03:51:09.992537,193,0,0,0,0,0
2026-08-13T03:51:09.997024,194,0,0,0,0,0
2026-08-13T03:51:09.997024,191,0,0,0,0,0
2026-08-13T03:51:09.998046,192,0,0,0,0,0
2026-08-13T03:51:10.001052,192,0,0,0,0,0
2026-08-13T03:51:10.001052,192,0,0,0,0,0
2026-08-13T03:51:10.002042,191,0,0,0,0,0
2026-08-13T03:51:10.003039,192,0,0,0,0,0
2026-08-13T03:51:10.004041,192,0,0,0,0,0
2026-08-13T03:51:10.005387,192,0,0,0,0,0
2026-08-13T03:51:10.005387,194,0,0,0,0,0
2026-08-13T03:51:10.009073,196,0,0,0,0,0
2026-08-13T03:51:10.009073,196,0,0,0,0,0
2026-08-13T03:51:10.010074,197,0,0,0,0,0
2026-08-13T03:51:10.010074,197,0,0,0,0,0
2026-08-13T03:51:10.013072,197,0,0,0,0,0
2026-08-13T03:51:10.013072,195,0,0,0,0,0
2026-08-13T03:51:10.014071,196,0,0,0,0,0
2026-08-13T03:51:10.016587,197,0,0,0,0,0
2026-08-13T03:51:10.017587,195,0,0,0,0,0
2026-08-13T03:51:10.017587,195,0,0,0,0,0
2026-08-13T03:51:10.018587,194,0,0,0,0,0
2026-08-13T03:51:10.021088,192,0,0,0,0,0
2026-08-13T03:51:10.021088,191,0,0,0,0,0
2026-08-13T03:51:10.021088,190,0,0,0,0,0
2026-08-13T03:51:10.024830,190,0,0,0,0,0
2026-08-13T03:51:10.025812,189,0,0,0,0,0
2026-08-13T03:51:10.025812,191,0,0,0,0,0
2026-08-13T03:51:10.029820,193,0,0,0,0,0
2026-08-13T03:51:10.029820,193,0,0,0,0,0
2026-08-13T03:51:10.029820,195,0,0,0,0,0
2026-08-13T03:51:10.030817,194,0,0,0,0,0
2026-08-13T03:51:10.033828,194,0,0,0,0,0
2026-08-13T03:51:10.033828,193,0,0,0,0,0
2026-08-13T03:51:10.033828,194,0,0,0,0,0
2026-08-13T03:51:10.037852,192,0,0,0,0,0
2026-08-13T03:51:10.037852,192,0,0,0,0,0
2026-08-13T03:51:10.037852,192,0,0,0,0,0
2026-08-13T03:51:10.038856,191,0,0,0,0,0
2026-08-13T03:51:10.042005,192,0,0,0,0,0
2026-08-13T03:51:10.042005,190,0,0,0,0,0
2026-08-13T03:51:10.042547,190,0,0,0,0,0
2026-08-13T03:51:10.046136,190,0,0,0,0,0
2026-08-13T03:51:10.046136,190,0,0,0,0,0
2026-08-13T03:51:10.046136,192,0,0,0,0,0
2026-08-13T03:51:10.047128,193,0,0,0,0,0
2026-08-13T03:51:10.050201,193,0,0,0,0,0
2026-08-13T03:51:10.050201,194,0,0,0,0,0
2026-08-13T03:51:10.050201,193,0,0,0,0,0
2026-08-13T03:51:10.053689,192,0,0,0,0,0
2026-08-13T03:51:10.054702,192,0,0,0,0,0
2026-08-13T03:51:10.054702,191,0,0,0,0,0
2026-08-13T03:51:10.054702,191,0,0,0,0,0
2026-08-13T03:51:10.057703,189,0,0,0,0,0
2026-08-13T03:51:10.058703,189,0,0,0,0,0
2026-08-13T03:51:10.058703,187,0,0,0,0,0
2026-08-13T03:51:10.061699,187,0,0,0,0,0
2026-08-13T03:51:10.062699,186,0,0,0,0,0
2026-08-13T03:51:10.062699,187,0,0,0,0,0
2026-08-13T03:51:10.065709,187,0,0,0,0,0
2026-08-13T03:51:10.066718,187,0,0,0,0,0
2026-08-13T03:51:10.066718,190,0,0,0,0,0
2026-08-13T03:51:10.066718,190,0,0,0,0,0
2026-08-13T03:51:10.070720,192,0,0,0,0,0
2026-08-13T03:51:10.070720,191,0,0,0,0,0
2026-08-13T03:51:10.070720,191,0,0,0,0,0
2026-08-13T03:51:10.073717,191,0,0,0,0,0
2026-08-13T03:51:10.074895,189,0,0,0,0,0
2026-08-13T03:51:10.074895,191,0,0,0,0,0
2026-08-13T03:51:10.075948,190,0,0,0,0,0
2026-08-13T03:51:10.077954,190,0,0,0,0,0
2026-08-13T03:51:10.078957,189,0,0,0,0,0
2026-08-13T03:51:10.078957,188,0,0,0,0,0
2026-08-13T03:51:10.082959,188,0,0,0,0,0
2026-08-13T03:51:10.082959,188,0,0,0,0,0
2026-08-13T03:51:10.082959,188,0,0,0,0,0
2026-08-13T03:51:10.083955,189,0,0,0,0,0
2026-08-13T03:51:10.086481,190,0,0,0,0,0
2026-08-13T03:51:10.087481,192,0,0,0,0,0
2026-08-13T03:51:10.087481,192,0,0,0,0,0
2026-08-13T03:51:10.090480,193,0,0,0,0,0
2026-08-13T03:51:10.091546,192,0,0,0,0,0
2026-08-13T03:51:10.091546,193,0,0,0,0,0
2026-08-13T03:51:10.094063,191,0,0,0,0,0
2026-08-13T03:51:10.095373,192,0,0,0,0,0
2026-08-13T03:51:10.095373,192,0,0,0,0,0
2026-08-13T03:51:10.095373,190,0,0,0,0,0
2026-08-13T03:51:10.099382,190,0,0,0,0,0
2026-08-13T03:51:10.099382,190,0,0,0,0,0
2026-08-13T03:51:10.099382,190,0,0,0,0,0
2026-08-13T03:51:10.102383,188,0,0,0,0,0
2026-08-13T03:51:10.102383,188,0,0,0,0,0
2026-08-13T03:51:10.103888,187,0,0,0,0,0
2026-08-13T03:51:10.103888,187,0,0,0,0,0
2026-08-13T03:51:10.107246,189,0,0,0,0,0
2026-08-13T03:51:10.107246,189,0,0,0,0,0
2026-08-13T03:51:10.108247,187,0,0,0,0,0
2026-08-13T03:51:10.111246,188,0,0,0,0,0
2026-08-13T03:51:10.111246,188,0,0,0,0,0
2026-08-13T03:51:10.112244,188,0,0,0,0,0
2026-08-13T03:51:10.112244,186,0,0,0,0,0
2026-08-13T03:51:10.115754,184,0,0,0,0,0
2026-08-13T03:51:10.115754,182,0,0,0,0,0
2026-08-13T03:51:10.115754,180,0,0,0,0,0
2026-08-13T03:51:10.119758,180,0,0,0,0,0
2026-08-13T03:51:10.119758,180,0,0,0,0,0
2026-08-13T03:51:10.119758,181,0,0,0,0,0
2026-08-13T03:51:10.119758,183,0,0,0,0,0
2026-08-13T03:51:10.123912,185,0,0,0,0,0
2026-08-13T03:51:10.124418,189,0,0,0,0,0
2026-08-13T03:51:10.124418,190,0,0,0,0,0
2026-08-13T03:51:10.127100,194,0,0,0,0,0
2026-08-13T03:51:10.128104,197,0,0,0,0,0
2026-08-13T03:51:10.128104,199,0,0,0,0,0
2026-08-13T03:51:10.132105,201,0,0,0,0,0
2026-08-13T03:51:10.132105,202,0,0,0,0,0
2026-08-13T03:51:10.132105,201,0,0,0,0,0
2026-08-13T03:51:10.133105,201,0,0,0,0,0
2026-08-13T03:51:10.135580,201,0,0,0,0,0
2026-08-13T03:51:10.136586,202,0,0,0,0,0
2026-08-13T03:51:10.136586,201,0,0,0,0,0
2026-08-13T03:51:10.139587,201,0,0,0,0,0
2026-08-13T03:51:10.140585,200,0,0,0,0,0
2026-08-13T03:51:10.140585,199,0,0,0,0,0
2026-08-13T03:51:10.141586,198,0,0,0,0,0
2026-08-13T03:51:10.144093,199,0,0,0,0,0
2026-08-13T03:51:10.145099,197,0,0,0,0,0
2026-08-13T03:51:10.145099,198,0,0,0,0,0
2026-08-13T03:51:10.148106,201,0,0,0,0,0
2026-08-13T03:51:10.148106,202,0,0,0,0,0
2026-08-13T03:51:10.149106,203,0,0,0,0,0
2026-08-13T03:51:10.149106,204,0,0,0,0,0
2026-08-13T03:51:10.152105,204,0,0,0,0,0
2026-08-13T03:51:10.153104,203,0,0,0,0,0
2026-08-13T03:51:10.153104,204,0,0,0,0,0
2026-08-13T03:51:10.156201,204,0,0,0,0,0
2026-08-13T03:51:10.157201,204,0,0,0,0,0
2026-08-13T03:51:10.158201,204,0,0,0,0,0
2026-08-13T03:51:10.160793,203,0,0,0,0,0
2026-08-13T03:51:10.160793,202,0,0,0,0,0
2026-08-13T03:51:10.160793,201,0,0,0,0,0
2026-08-13T03:51:10.160793,200,0,0,0,0,0
2026-08-13T03:51:10.164666,200,0,0,0,0,0
2026-08-13T03:51:10.164666,198,0,0,0,0,0
2026-08-13T03:51:10.164666,199,0,0,0,0,0
2026-08-13T03:51:10.168966,201,0,0,0,0,0
2026-08-13T03:51:10.168966,201,0,0,0,0,0
2026-08-13T03:51:10.168966,201,0,0,0,0,0
2026-08-13T03:51:10.169979,201,0,0,0,0,0
2026-08-13T03:51:10.172967,202,0,0,0,0,0
2026-08-13T03:51:10.172967,201,0,0,0,0,0
2026-08-13T03:51:10.172967,201,0,0,0,0,0
2026-08-13T03:51:10.176979,201,0,0,0,0,0
2026-08-13T03:51:10.176979,200,0,0,0,0,0
2026-08-13T03:51:10.176979,201,0,0,0,0,0
2026-08-13T03:51:10.177978,202,0,0,0,0,0
2026-08-13T03:51:10.180978,203,0,0,0,0,0
2026-08-13T03:51:10.180978,202,0,0,0,0,0
2026-08-13T03:51:10.180978,203,0,0,0,0,0
2026-08-13T03:51:10.185053,205,0,0,0,0,0
2026-08-13T03:51:10.185053,206,0,0,0,0,0
2026-08-13T03:51:10.185053,207,0,0,0,0,0
2026-08-13T03:51:10.186058,210,0,0,0,0,0
2026-08-13T03:51:10.189058,210,0,0,0,0,0
2026-08-13T03:51:10.189058,211,0,0,0,0,0
2026-08-13T03:51:10.190060,212,0,0,0,0,0
2026-08-13T03:51:10.193059,213,0,0,0,0,0
2026-08-13T03:51:10.193059,212,0,0,0,0,0
2026-08-13T03:51:10.194059,213,0,0,0,0,0
2026-08-13T03:51:10.197640,213,0,0,0,0,0
2026-08-13T03:51:10.197640,213,0,0,0,0,0
2026-08-13T03:51:10.197640,214,0,0,0,0,0
2026-08-13T03:51:10.197640,214,0,0,0,0,0
2026-08-13T03:51:10.201667,215,0,0,0,0,0
2026-08-13T03:51:10.201667,215,0,0,0,0,0
2026-08-13T03:51:10.202682,216,0,0,0,0,0
2026-08-13T03:51:10.205797,218,0,0,0,0,0
2026-08-13T03:51:10.205797,218,0,0,0,0,0
2026-08-13T03:51:10.205797,221,0,0,0,0,0
2026-08-13T03:51:10.206778,223,0,0,0,0,0
2026-08-13T03:51:10.209794,223,0,0,0,0,0
2026-08-13T03:51:10.209794,224,0,0,0,0,0
2026-08-13T03:51:10.209794,223,0,0,0,0,0
2026-08-13T03:51:10.214042,222,0,0,0,0,0
2026-08-13T03:51:10.214042,220,0,0,0,0,0
2026-08-13T03:51:10.214042,220,0,0,0,0,0
2026-08-13T03:51:10.215178,218,0,0,0,0,0
2026-08-13T03:51:10.218160,215,0,0,0,0,0
2026-08-13T03:51:10.218160,215,0,0,0,0,0
2026-08-13T03:51:10.219163,214,0,0,0,0,0
2026-08-13T03:51:10.222260,213,0,0,0,0,0
2026-08-13T03:51:10.222260,212,0,0,0,0,0
2026-08-13T03:51:10.222260,212,0,0,0,0,0
2026-08-13T03:51:10.222260,212,0,0,0,0,0
2026-08-13T03:51:10.225786,212,0,0,0,0,0
2026-08-13T03:51:10.226794,216,0,0,0,0,0
2026-08-13T03:51:10.226794,217,0,0,0,0,0
2026-08-13T03:51:10.229808,219,0,0,0,0,0
2026-08-13T03:51:10.230795,219,0,0,0,0,0
2026-08-13T03:51:10.230795,220,0,0,0,0,0
2026-08-13T03:51:10.234357,219,0,0,0,0,0
2026-08-13T03:51:10.234357,219,0,0,0,0,0
2026-08-13T03:51:10.235350,220,0,0,0,0,0
2026-08-13T03:51:10.235350,219,0,0,0,0,0
2026-08-13T03:51:10.238363,217,0,0,0,0,0
2026-08-13T03:51:10.238363,217,0,0,0,0,0
2026-08-13T03:51:10.239351,216,0,0,0,0,0
2026-08-13T03:51:10.242350,215,0,0,0,0,0
2026-08-13T03:51:10.242350,214,0,0,0,0,0
2026-08-13T03:51:10.242350,214,0,0,0,0,0
2026-08-13T03:51:10.243857,213,0,0,0,0,0
2026-08-13T03:51:10.246888,214,0,0,0,0,0
2026-08-13T03:51:10.246888,217,0,0,0,0,0
2026-08-13T03:51:10.247871,218,0,0,0,0,0
2026-08-13T03:51:10.250867,218,0,0,0,0,0
2026-08-13T03:51:10.250867,218,0,0,0,0,0
2026-08-13T03:51:10.251871,218,0,0,0,0,0
2026-08-13T03:51:10.251871,218,0,0,0,0,0
2026-08-13T03:51:10.254666,216,0,0,0,0,0
2026-08-13T03:51:10.254666,218,0,0,0,0,0
2026-08-13T03:51:10.255975,216,0,0,0,0,0
2026-08-13T03:51:10.258971,216,0,0,0,0,0
2026-08-13T03:51:10.258971,216,0,0,0,0,0
2026-08-13T03:51:10.259971,215,0,0,0,0,0
2026-08-13T03:51:10.262986,213,0,0,0,0,0
2026-08-13T03:51:10.262986,213,0,0,0,0,0
2026-08-13T03:51:10.263973,214,0,0,0,0,0
2026-08-13T03:51:10.263973,214,0,0,0,0,0
2026-08-13T03:51:10.266558,215,0,0,0,0,0
2026-08-13T03:51:10.267571,218,0,0,0,0,0
2026-08-13T03:51:10.268571,218,0,0,0,0,0
2026-08-13T03:51:10.270575,219,0,0,0,0,0
2026-08-13T03:51:10.271572,219,0,0,0,0,0
2026-08-13T03:51:10.272570,219,0,0,0,0,0
2026-08-13T03:51:10.272570,217,0,0,0,0,0
2026-08-13T03:51:10.275109,217,0,0,0,0,0
2026-08-13T03:51:10.276088,218,0,0,0,0,0
2026-08-13T03:51:10.276088,216,0,0,0,0,0
2026-08-13T03:51:10.279189,215,0,0,0,0,0
2026-08-13T03:51:10.279189,215,0,0,0,0,0
2026-08-13T03:51:10.280211,214,0,0,0,0,0
2026-08-13T03:51:10.280211,213,0,0,0,0,0
2026-08-13T03:51:10.282897,214,0,0,0,0,0
2026-08-13T03:51:10.283894,215,0,0,0,0,0
2026-08-13T03:51:10.283894,214,0,0,0,0,0
2026-08-13T03:51:10.287036,216,0,0,0,0,0
2026-08-13T03:51:10.288034,218,0,0,0,0,0
2026-08-13T03:51:10.289021,218,0,0,0,0,0
2026-08-13T03:51:10.289021,219,0,0,0,0,0
2026-08-13T03:51:10.292022,219,0,0,0,0,0
2026-08-13T03:51:10.292022,218,0,0,0,0,0
2026-08-13T03:51:10.293020,217,0,0,0,0,0
2026-08-13T03:51:10.295328,218,0,0,0,0,0
2026-08-13T03:51:10.296327,217,0,0,0,0,0
2026-08-13T03:51:10.297329,215,0,0,0,0,0
2026-08-13T03:51:10.299329,216,0,0,0,0,0
2026-08-13T03:51:10.300348,215,0,0,0,0,0
2026-08-13T03:51:10.301329,215,0,0,0,0,0
2026-08-13T03:51:10.302329,214,0,0,0,0,0
2026-08-13T03:51:10.303838,215,0,0,0,0,0
2026-08-13T03:51:10.303838,215,0,0,0,0,0
2026-08-13T03:51:10.304852,214,0,0,0,0,0
2026-08-13T03:51:10.307496,217,0,0,0,0,0
2026-08-13T03:51:10.308495,218,0,0,0,0,0
2026-08-13T03:51:10.309495,218,0,0,0,0,0
2026-08-13T03:51:10.309495,219,0,0,0,0,0
2026-08-13T03:51:10.311495,218,0,0,0,0,0
2026-08-13T03:51:10.312495,218,0,0,0,0,0
2026-08-13T03:51:10.312495,217,0,0,0,0,0
2026-08-13T03:51:10.316018,217,0,0,0,0,0
2026-08-13T03:51:10.316018,216,0,0,0,0,0
2026-08-13T03:51:10.317017,214,0,0,0,0,0
2026-08-13T03:51:10.317017,215,0,0,0,0,0
2026-08-13T03:51:10.320017,214,0,0,0,0,0
2026-08-13T03:51:10.320017,214,0,0,0,0,0
2026-08-13T03:51:10.321018,213,0,0,0,0,0
2026-08-13T03:51:10.323878,214,0,0,0,0,0
2026-08-13T03:51:10.324884,213,0,0,0,0,0
2026-08-13T03:51:10.324884,214,0,0,0,0,0
2026-08-13T03:51:10.327883,216,0,0,0,0,0
2026-08-13T03:51:10.328883,217,0,0,0,0,0
2026-08-13T03:51:10.328883,218,0,0,0,0,0
2026-08-13T03:51:10.328883,219,0,0,0,0,0
2026-08-13T03:51:10.331883,218,0,0,0,0,0
2026-08-13T03:51:10.332883,218,0,0,0,0,0
2026-08-13T03:51:10.332883,217,0,0,0,0,0
2026-08-13T03:51:10.336051,217,0,0,0,0,0
2026-08-13T03:51:10.337067,217,0,0,0,0,0
2026-08-13T03:51:10.337067,216,0,0,0,0,0
2026-08-13T03:51:10.338067,216,0,0,0,0,0
2026-08-13T03:51:10.340629,216,0,0,0,0,0
2026-08-13T03:51:10.340629,216,0,0,0,0,0
2026-08-13T03:51:10.341780,215,0,0,0,0,0
2026-08-13T03:51:10.345119,215,0,0,0,0,0
2026-08-13T03:51:10.345119,215,0,0,0,0,0
2026-08-13T03:51:10.345119,216,0,0,0,0,0
2026-08-13T03:51:10.346118,218,0,0,0,0,0
2026-08-13T03:51:10.349116,219,0,0,0,0,0
2026-08-13T03:51:10.349116,219,0,0,0,0,0
2026-08-13T03:51:10.350121,219,0,0,0,0,0
2026-08-13T03:51:10.353115,219,0,0,0,0,0
2026-08-13T03:51:10.353115,218,0,0,0,0,0
2026-08-13T03:51:10.354103,218,0,0,0,0,0
2026-08-13T03:51:10.354103,219,0,0,0,0,0
2026-08-13T03:51:10.357359,217,0,0,0,0,0
2026-08-13T03:51:10.358363,217,0,0,0,0,0
2026-08-13T03:51:10.359360,216,0,0,0,0,0
2026-08-13T03:51:10.365967,216,0,0,0,0,0
2026-08-13T03:51:10.365967,215,0,0,0,0,0
2026-08-13T03:51:10.366984,215,0,0,0,0,0
2026-08-13T03:51:10.367982,216,0,0,0,0,0
2026-08-13T03:51:10.367982,215,0,0,0,0,0
2026-08-13T03:51:10.368982,217,0,0,0,0,0
2026-08-13T03:51:10.368982,218,0,0,0,0,0
2026-08-13T03:51:10.369981,219,0,0,0,0,0
2026-08-13T03:51:10.369981,219,0,0,0,0,0
2026-08-13T03:51:10.369981,219,0,0,0,0,0
2026-08-13T03:51:10.372976,220,0,0,0,0,0
2026-08-13T03:51:10.373979,218,0,0,0,0,0
2026-08-13T03:51:10.375018,218,0,0,0,0,0
2026-08-13T03:51:10.375018,218,0,0,0,0,0
2026-08-13T03:51:10.377040,217,0,0,0,0,0
2026-08-13T03:51:10.378016,217,0,0,0,0,0
2026-08-13T03:51:10.379019,216,0,0,0,0,0
2026-08-13T03:51:10.381967,215,0,0,0,0,0
2026-08-13T03:51:10.381967,215,0,0,0,0,0
2026-08-13T03:51:10.382983,214,0,0,0,0,0
2026-08-13T03:51:10.382983,216,0,0,0,0,0
2026-08-13T03:51:10.385588,215,0,0,0,0,0
2026-08-13T03:51:10.386586,217,0,0,0,0,0
2026-08-13T03:51:10.386586,218,0,0,0,0,0
2026-08-13T03:51:10.389583,219,0,0,0,0,0
2026-08-13T03:51:10.390581,220,0,0,0,0,0
2026-08-13T03:51:10.391585,221,0,0,0,0,0
2026-08-13T03:51:10.394095,219,0,0,0,0,0
2026-08-13T03:51:10.394095,218,0,0,0,0,0
2026-08-13T03:51:10.395106,218,0,0,0,0,0
2026-08-13T03:51:10.395106,218,0,0,0,0,0
2026-08-13T03:51:10.397784,217,0,0,0,0,0
2026-08-13T03:51:10.398794,216,0,0,0,0,0
2026-08-13T03:51:10.398794,215,0,0,0,0,0
2026-08-13T03:51:10.401793,215,0,0,0,0,0
2026-08-13T03:51:10.402793,215,0,0,0,0,0
2026-08-13T03:51:10.402793,215,0,0,0,0,0
2026-08-13T03:51:10.402793,215,0,0,0,0,0
2026-08-13T03:51:10.406307,215,0,0,0,0,0
2026-08-13T03:51:10.406307,218,0,0,0,0,0
2026-08-13T03:51:10.406307,218,0,0,0,0,0
2026-08-13T03:51:10.410707,220,0,0,0,0,0
2026-08-13T03:51:10.410707,220,0,0,0,0,0
2026-08-13T03:51:10.410707,219,0,0,0,0,0
2026-08-13T03:51:10.410707,219,0,0,0,0,0
2026-08-13T03:51:10.414667,218,0,0,0,0,0
2026-08-13T03:51:10.414667,219,0,0,0,0,0
2026-08-13T03:51:10.414667,218,0,0,0,0,0
2026-08-13T03:51:10.418841,216,0,0,0,0,0
2026-08-13T03:51:10.418841,216,0,0,0,0,0
2026-08-13T03:51:10.418841,216,0,0,0,0,0
2026-08-13T03:51:10.419857,216,0,0,0,0,0
2026-08-13T03:51:10.422872,215,0,0,0,0,0
2026-08-13T03:51:10.422872,215,0,0,0,0,0
2026-08-13T03:51:10.423855,215,0,0,0,0,0
2026-08-13T03:51:10.426956,216,0,0,0,0,0
2026-08-13T03:51:10.426956,218,0,0,0,0,0
2026-08-13T03:51:10.426956,219,0,0,0,0,0
2026-08-13T03:51:10.430971,219,0,0,0,0,0
2026-08-13T03:51:10.430971,219,0,0,0,0,0
2026-08-13T03:51:10.430971,219,0,0,0,0,0
2026-08-13T03:51:10.431955,219,0,0,0,0,0
2026-08-13T03:51:10.435052,218,0,0,0,0,0
2026-08-13T03:51:10.435052,218,0,0,0,0,0
2026-08-13T03:51:10.435052,217,0,0,0,0,0
2026-08-13T03:51:10.439052,216,0,0,0,0,0
2026-08-13T03:51:10.439052,217,0,0,0,0,0
2026-08-13T03:51:10.440054,216,0,0,0,0,0
2026-08-13T03:51:10.440054,215,0,0,0,0,0
2026-08-13T03:51:10.443054,215,0,0,0,0,0
2026-08-13T03:51:10.443054,216,0,0,0,0,0
2026-08-13T03:51:10.444054,215,0,0,0,0,0
2026-08-13T03:51:10.447310,217,0,0,0,0,0
2026-08-13T03:51:10.447310,218,0,0,0,0,0
2026-08-13T03:51:10.447310,218,0,0,0,0,0
2026-08-13T03:51:10.448310,219,0,0,0,0,0
2026-08-13T03:51:10.451006,219,0,0,0,0,0
2026-08-13T03:51:10.451006,220,0,0,0,0,0
2026-08-13T03:51:10.452161,218,0,0,0,0,0
2026-08-13T03:51:10.455696,218,0,0,0,0,0
2026-08-13T03:51:10.455696,218,0,0,0,0,0
2026-08-13T03:51:10.455696,217,0,0,0,0,0
2026-08-13T03:51:10.455696,217,0,0,0,0,0
2026-08-13T03:51:10.459791,217,0,0,0,0,0
2026-08-13T03:51:10.459791,215,0,0,0,0,0
2026-08-13T03:51:10.459791,215,0,0,0,0,0
2026-08-13T03:51:10.463874,216,0,0,0,0,0
2026-08-13T03:51:10.463874,216,0,0,0,0,0
2026-08-13T03:51:10.464889,215,0,0,0,0,0
2026-08-13T03:51:10.467975,217,0,0,0,0,0
2026-08-13T03:51:10.468975,218,0,0,0,0,0
2026-08-13T03:51:10.468975,218,0,0,0,0,0
2026-08-13T03:51:10.469972,219,0,0,0,0,0
2026-08-13T03:51:10.471974,219,0,0,0,0,0
2026-08-13T03:51:10.471974,219,0,0,0,0,0
2026-08-13T03:51:10.472972,218,0,0,0,0,0
2026-08-13T03:51:10.475507,218,0,0,0,0,0
2026-08-13T03:51:10.476486,219,0,0,0,0,0
2026-08-13T03:51:10.476486,217,0,0,0,0,0
2026-08-13T03:51:10.477490,217,0,0,0,0,0
2026-08-13T03:51:10.479512,216,0,0,0,0,0
2026-08-13T03:51:10.480504,216,0,0,0,0,0
2026-08-13T03:51:10.480504,215,0,0,0,0,0
2026-08-13T03:51:10.484011,215,0,0,0,0,0
2026-08-13T03:51:10.484011,215,0,0,0,0,0
2026-08-13T03:51:10.485077,215,0,0,0,0,0
2026-08-13T03:51:10.485077,217,0,0,0,0,0
2026-08-13T03:51:10.488100,220,0,0,0,0,0
2026-08-13T03:51:10.488100,219,0,0,0,0,0
2026-08-13T03:51:10.489084,219,0,0,0,0,0
2026-08-13T03:51:10.492104,220,0,0,0,0,0
2026-08-13T03:51:10.492104,220,0,0,0,0,0
2026-08-13T03:51:10.492104,218,0,0,0,0,0
2026-08-13T03:51:10.496667,219,0,0,0,0,0
2026-08-13T03:51:10.496667,219,0,0,0,0,0
2026-08-13T03:51:10.497652,217,0,0,0,0,0
2026-08-13T03:51:10.497652,217,0,0,0,0,0
2026-08-13T03:51:10.500652,215,0,0,0,0,0
2026-08-13T03:51:10.500652,213,0,0,0,0,0
2026-08-13T03:51:10.501653,212,0,0,0,0,0
2026-08-13T03:51:10.504159,212,0,0,0,0,0
2026-08-13T03:51:10.505167,212,0,0,0,0,0
2026-08-13T03:51:10.505167,213,0,0,0,0,0
2026-08-13T03:51:10.506180,215,0,0,0,0,0
2026-08-13T03:51:10.508248,216,0,0,0,0,0
2026-08-13T03:51:10.509248,218,0,0,0,0,0
2026-08-13T03:51:10.509248,218,0,0,0,0,0
2026-08-13T03:51:10.512247,218,0,0,0,0,0
2026-08-13T03:51:10.512247,218,0,0,0,0,0
2026-08-13T03:51:10.513753,217,0,0,0,0,0
2026-08-13T03:51:10.513753,217,0,0,0,0,0
2026-08-13T03:51:10.516760,217,0,0,0,0,0
2026-08-13T03:51:10.516760,216,0,0,0,0,0
2026-08-13T03:51:10.517760,215,0,0,0,0,0
2026-08-13T03:51:10.521323,215,0,0,0,0,0
2026-08-13T03:51:10.521323,214,0,0,0,0,0
2026-08-13T03:51:10.521323,213,0,0,0,0,0
2026-08-13T03:51:10.521323,214,0,0,0,0,0
2026-08-13T03:51:10.525253,214,0,0,0,0,0
2026-08-13T03:51:10.525253,215,0,0,0,0,0
2026-08-13T03:51:10.525253,218,0,0,0,0,0
2026-08-13T03:51:10.529160,218,0,0,0,0,0
2026-08-13T03:51:10.529160,219,0,0,0,0,0
2026-08-13T03:51:10.530134,219,0,0,0,0,0
2026-08-13T03:51:10.532133,219,0,0,0,0,0
2026-08-13T03:51:10.533637,218,0,0,0,0,0
2026-08-13T03:51:10.533637,217,0,0,0,0,0
2026-08-13T03:51:10.534643,218,0,0,0,0,0
2026-08-13T03:51:10.537507,217,0,0,0,0,0
2026-08-13T03:51:10.537507,217,0,0,0,0,0
2026-08-13T03:51:10.538508,217,0,0,0,0,0
2026-08-13T03:51:10.541507,217,0,0,0,0,0
2026-08-13T03:51:10.541507,216,0,0,0,0,0
2026-08-13T03:51:10.542508,216,0,0,0,0,0
2026-08-13T03:51:10.542508,216,0,0,0,0,0
2026-08-13T03:51:10.545019,215,0,0,0,0,0
2026-08-13T03:51:10.546020,216,0,0,0,0,0
2026-08-13T03:51:10.546020,216,0,0,0,0,0
2026-08-13T03:51:10.549020,212,0,0,0,0,0
2026-08-13T03:51:10.550020,209,0,0,0,0,0
2026-08-13T03:51:10.550020,204,0,0,0,0,0
2026-08-13T03:51:10.550020,200,0,0,0,0,0
2026-08-13T03:51:10.552577,198,0,0,0,0,0
2026-08-13T03:51:10.554082,197,0,0,0,0,0
2026-08-13T03:51:10.554082,198,0,0,0,0,0
2026-08-13T03:51:10.557087,196,0,0,0,0,0
2026-08-13T03:51:10.558185,196,0,0,0,0,0
2026-08-13T03:51:10.558185,197,0,0,0,0,0
2026-08-13T03:51:10.562190,197,0,0,0,0,0
2026-08-13T03:51:10.562190,197,0,0,0,0,0
2026-08-13T03:51:10.562190,199,0,0,0,0,0
2026-08-13T03:51:10.562190,200,0,0,0,0,0
2026-08-13T03:51:10.566205,201,0,0,0,0,0
2026-08-13T03:51:10.566205,204,0,0,0,0,0
2026-08-13T03:51:10.566205,207,0,0,0,0,0
2026-08-13T03:51:10.570257,208,0,0,0,0,0
2026-08-13T03:51:10.570257,210,0,0,0,0,0
2026-08-13T03:51:10.570257,212,0,0,0,0,0
2026-08-13T03:51:10.571254,212,0,0,0,0,0
2026-08-13T03:51:10.573761,211,0,0,0,0,0
2026-08-13T03:51:10.574780,211,0,0,0,0,0
2026-08-13T03:51:10.574780,212,0,0,0,0,0
2026-08-13T03:51:10.577777,212,0,0,0,0,0
2026-08-13T03:51:10.578776,212,0,0,0,0,0
2026-08-13T03:51:10.578776,211,0,0,0,0,0
2026-08-13T03:51:10.578776,211,0,0,0,0,0
2026-08-13T03:51:10.581776,210,0,0,0,0,0
2026-08-13T03:51:10.582776,211,0,0,0,0,0
2026-08-13T03:51:10.582776,212,0,0,0,0,0
2026-08-13T03:51:10.586793,211,0,0,0,0,0
2026-08-13T03:51:10.586793,213,0,0,0,0,0
2026-08-13T03:51:10.587827,214,0,0,0,0,0
2026-08-13T03:51:10.587827,216,0,0,0,0,0
2026-08-13T03:51:10.590438,217,0,0,0,0,0
2026-08-13T03:51:10.590438,218,0,0,0,0,0
2026-08-13T03:51:10.591643,218,0,0,0,0,0
2026-08-13T03:51:10.594809,218,0,0,0,0,0
2026-08-13T03:51:10.594809,219,0,0,0,0,0
2026-08-13T03:51:10.595807,218,0,0,0,0,0
2026-08-13T03:51:10.598831,215,0,0,0,0,0
2026-08-13T03:51:10.598831,214,0,0,0,0,0
2026-08-13T03:51:10.599813,211,0,0,0,0,0
2026-08-13T03:51:10.599813,212,0,0,0,0,0
2026-08-13T03:51:10.602828,212,0,0,0,0,0
2026-08-13T03:51:10.602828,214,0,0,0,0,0
2026-08-13T03:51:10.602828,215,0,0,0,0,0
2026-08-13T03:51:10.606459,218,0,0,0,0,0
2026-08-13T03:51:10.607445,223,0,0,0,0,0
2026-08-13T03:51:10.607445,224,0,0,0,0,0
2026-08-13T03:51:10.607445,223,0,0,0,0,0
2026-08-13T03:51:10.611112,221,0,0,0,0,0
2026-08-13T03:51:10.611112,220,0,0,0,0,0
2026-08-13T03:51:10.611112,219,0,0,0,0,0
2026-08-13T03:51:10.614622,219,0,0,0,0,0
2026-08-13T03:51:10.615622,221,0,0,0,0,0
2026-08-13T03:51:10.615622,220,0,0,0,0,0
2026-08-13T03:51:10.615622,219,0,0,0,0,0
2026-08-13T03:51:10.619105,221,0,0,0,0,0
2026-08-13T03:51:10.619105,221,0,0,0,0,0
2026-08-13T03:51:10.620104,222,0,0,0,0,0
2026-08-13T03:51:10.623608,224,0,0,0,0,0
2026-08-13T03:51:10.623608,227,0,0,0,0,0
2026-08-13T03:51:10.623608,231,0,0,0,0,0
2026-08-13T03:51:10.627687,235,0,0,0,0,0
2026-08-13T03:51:10.627687,240,0,0,0,0,0
2026-08-13T03:51:10.627687,243,0,0,0,0,0
2026-08-13T03:51:10.628692,248,0,0,0,0,0
2026-08-13T03:51:10.631780,251,0,0,0,0,0
2026-08-13T03:51:10.631780,254,0,0,0,0,0
2026-08-13T03:51:10.631780,255,0,0,0,0,0
2026-08-13T03:51:10.635315,257,0,0,0,0,0
2026-08-13T03:51:10.636328,258,0,0,0,0,0
2026-08-13T03:51:10.636328,257,0,0,0,0,0
2026-08-13T03:51:10.636328,258,0,0,0,0,0
2026-08-13T03:51:10.639320,258,0,0,0,0,0
2026-08-13T03:51:10.640332,258,0,0,0,0,0
2026-08-13T03:51:10.640332,257,0,0,0,0,0
2026-08-13T03:51:10.643845,256,0,0,0,0,0
2026-08-13T03:51:10.643845,256,0,0,0,0,0
2026-08-13T03:51:10.644852,255,0,0,0,0,0
2026-08-13T03:51:10.644852,255,0,0,0,0,0
2026-08-13T03:51:10.647873,256,0,0,0,0,0
2026-08-13T03:51:10.647873,255,0,0,0,0,0
2026-08-13T03:51:10.647873,256,0,0,0,0,0
2026-08-13T03:51:10.651872,254,0,0,0,0,0
2026-08-13T03:51:10.651872,252,0,0,0,0,0
2026-08-13T03:51:10.652872,250,0,0,0,0,0
2026-08-13T03:51:10.652872,249,0,0,0,0,0
2026-08-13T03:51:10.656104,248,0,0,0,0,0
2026-08-13T03:51:10.656104,246,0,0,0,0,0
2026-08-13T03:51:10.657104,244,0,0,0,0,0
2026-08-13T03:51:10.660130,242,0,0,0,0,0
2026-08-13T03:51:10.660130,242,0,0,0,0,0
2026-08-13T03:51:10.661104,240,0,0,0,0,0
2026-08-13T03:51:10.664659,240,0,0,0,0,0
2026-08-13T03:51:10.664659,240,0,0,0,0,0
2026-08-13T03:51:10.664659,240,0,0,0,0,0
2026-08-13T03:51:10.664659,243,0,0,0,0,0
2026-08-13T03:51:10.668182,244,0,0,0,0,0
2026-08-13T03:51:10.668182,245,0,0,0,0,0
2026-08-13T03:51:10.669297,245,0,0,0,0,0
2026-08-13T03:51:10.672795,245,0,0,0,0,0
2026-08-13T03:51:10.672795,244,0,0,0,0,0
2026-08-13T03:51:10.672795,243,0,0,0,0,0
2026-08-13T03:51:10.673832,243,0,0,0,0,0
2026-08-13T03:51:10.676847,242,0,0,0,0,0
2026-08-13T03:51:10.676847,241,0,0,0,0,0
2026-08-13T03:51:10.676847,240,0,0,0,0,0
2026-08-13T03:51:10.680846,240,0,0,0,0,0
2026-08-13T03:51:10.680846,239,0,0,0,0,0
2026-08-13T03:51:10.681845,239,0,0,0,0,0
2026-08-13T03:51:10.681845,239,0,0,0,0,0
2026-08-13T03:51:10.684352,240,0,0,0,0,0
2026-08-13T03:51:10.685367,240,0,0,0,0,0
2026-08-13T03:51:10.685367,244,0,0,0,0,0
2026-08-13T03:51:10.688360,244,0,0,0,0,0
2026-08-13T03:51:10.689359,245,0,0,0,0,0
2026-08-13T03:51:10.689359,246,0,0,0,0,0
2026-08-13T03:51:10.690361,246,0,0,0,0,0
2026-08-13T03:51:10.692359,245,0,0,0,0,0
2026-08-13T03:51:10.692359,245,0,0,0,0,0
2026-08-13T03:51:10.693865,245,0,0,0,0,0
2026-08-13T03:51:10.696871,245,0,0,0,0,0
2026-08-13T03:51:10.696871,244,0,0,0,0,0
2026-08-13T03:51:10.697873,244,0,0,0,0,0
2026-08-13T03:51:10.700643,244,0,0,0,0,0
2026-08-13T03:51:10.701651,244,0,0,0,0,0
2026-08-13T03:51:10.701651,243,0,0,0,0,0
2026-08-13T03:51:10.702651,244,0,0,0,0,0
2026-08-13T03:51:10.705257,245,0,0,0,0,0
2026-08-13T03:51:10.705257,246,0,0,0,0,0
2026-08-13T03:51:10.706263,248,0,0,0,0,0
2026-08-13T03:51:10.709262,250,0,0,0,0,0
2026-08-13T03:51:10.709262,250,0,0,0,0,0
2026-08-13T03:51:10.710265,251,0,0,0,0,0
2026-08-13T03:51:10.710265,251,0,0,0,0,0
2026-08-13T03:51:10.712494,251,0,0,0,0,0
2026-08-13T03:51:10.714005,250,0,0,0,0,0
2026-08-13T03:51:10.714005,251,0,0,0,0,0
2026-08-13T03:51:10.717023,251,0,0,0,0,0
2026-08-13T03:51:10.718024,250,0,0,0,0,0
2026-08-13T03:51:10.718024,250,0,0,0,0,0
2026-08-13T03:51:10.718024,250,0,0,0,0,0
2026-08-13T03:51:10.721343,250,0,0,0,0,0
2026-08-13T03:51:10.722342,250,0,0,0,0,0
2026-08-13T03:51:10.722342,251,0,0,0,0,0
2026-08-13T03:51:10.725905,250,0,0,0,0,0
2026-08-13T03:51:10.725905,252,0,0,0,0,0
2026-08-13T03:51:10.725905,254,0,0,0,0,0
2026-08-13T03:51:10.729899,254,0,0,0,0,0
2026-08-13T03:51:10.729899,255,0,0,0,0,0
2026-08-13T03:51:10.729899,254,0,0,0,0,0
2026-08-13T03:51:10.730884,254,0,0,0,0,0
2026-08-13T03:51:10.733900,253,0,0,0,0,0
2026-08-13T03:51:10.734441,254,0,0,0,0,0
2026-08-13T03:51:10.734441,254,0,0,0,0,0
2026-08-13T03:51:10.737618,253,0,0,0,0,0
2026-08-13T03:51:10.738636,253,0,0,0,0,0
2026-08-13T03:51:10.738636,252,0,0,0,0,0
2026-08-13T03:51:10.738636,252,0,0,0,0,0
2026-08-13T03:51:10.741635,252,0,0,0,0,0
2026-08-13T03:51:10.742634,252,0,0,0,0,0
2026-08-13T03:51:10.742634,253,0,0,0,0,0
2026-08-13T03:51:10.746186,251,0,0,0,0,0
2026-08-13T03:51:10.746186,253,0,0,0,0,0
2026-08-13T03:51:10.747151,256,0,0,0,0,0
2026-08-13T03:51:10.747151,256,0,0,0,0,0
2026-08-13T03:51:10.750375,257,0,0,0,0,0
2026-08-13T03:51:10.750375,256,0,0,0,0,0
2026-08-13T03:51:10.750375,256,0,0,0,0,0
2026-08-13T03:51:10.753788,256,0,0,0,0,0
2026-08-13T03:51:10.754930,256,0,0,0,0,0
2026-08-13T03:51:10.754930,256,0,0,0,0,0
2026-08-13T03:51:10.754930,254,0,0,0,0,0
2026-08-13T03:51:10.757931,254,0,0,0,0,0
2026-08-13T03:51:10.758931,254,0,0,0,0,0
2026-08-13T03:51:10.758931,253,0,0,0,0,0
2026-08-13T03:51:10.762932,252,0,0,0,0,0
2026-08-13T03:51:10.762932,252,0,0,0,0,0
2026-08-13T03:51:10.762932,253,0,0,0,0,0
2026-08-13T03:51:10.766466,253,0,0,0,0,0
2026-08-13T03:51:10.766466,256,0,0,0,0,0
2026-08-13T03:51:10.766466,256,0,0,0,0,0
2026-08-13T03:51:10.767724,256,0,0,0,0,0
2026-08-13T03:51:10.771098,257,0,0,0,0,0
2026-08-13T03:51:10.771098,257,0,0,0,0,0
2026-08-13T03:51:10.771098,256,0,0,0,0,0
2026-08-13T03:51:10.774988,255,0,0,0,0,0
2026-08-13T03:51:10.774988,255,0,0,0,0,0
2026-08-13T03:51:10.775986,255,0,0,0,0,0
2026-08-13T03:51:10.775986,254,0,0,0,0,0
2026-08-13T03:51:10.778711,254,0,0,0,0,0
2026-08-13T03:51:10.778711,253,0,0,0,0,0
2026-08-13T03:51:10.779715,253,0,0,0,0,0
2026-08-13T03:51:10.782731,252,0,0,0,0,0
2026-08-13T03:51:10.783732,253,0,0,0,0,0
2026-08-13T03:51:10.783732,252,0,0,0,0,0
2026-08-13T03:51:10.783732,252,0,0,0,0,0
2026-08-13T03:51:10.787212,255,0,0,0,0,0
2026-08-13T03:51:10.787212,256,0,0,0,0,0
2026-08-13T03:51:10.788198,256,0,0,0,0,0
2026-08-13T03:51:10.791200,256,0,0,0,0,0
2026-08-13T03:51:10.791200,256,0,0,0,0,0
2026-08-13T03:51:10.792198,255,0,0,0,0,0
2026-08-13T03:51:10.794718,254,0,0,0,0,0
2026-08-13T03:51:10.795714,255,0,0,0,0,0
2026-08-13T03:51:10.795714,254,0,0,0,0,0
2026-08-13T03:51:10.796716,254,0,0,0,0,0
2026-08-13T03:51:10.799713,253,0,0,0,0,0
2026-08-13T03:51:10.799713,253,0,0,0,0,0
2026-08-13T03:51:10.799713,252,0,0,0,0,0
2026-08-13T03:51:10.803713,252,0,0,0,0,0
2026-08-13T03:51:10.803713,252,0,0,0,0,0
2026-08-13T03:51:10.803713,251,0,0,0,0,0
2026-08-13T03:51:10.804804,252,0,0,0,0,0
2026-08-13T03:51:10.807803,255,0,0,0,0,0
2026-08-13T03:51:10.807803,255,0,0,0,0,0
2026-08-13T03:51:10.807803,255,0,0,0,0,0
2026-08-13T03:51:10.811805,256,0,0,0,0,0
2026-08-13T03:51:10.811805,256,0,0,0,0,0
2026-08-13T03:51:10.811805,256,0,0,0,0,0
2026-08-13T03:51:10.811805,256,0,0,0,0,0
2026-08-13T03:51:10.815659,258,0,0,0,0,0
2026-08-13T03:51:10.815659,256,0,0,0,0,0
2026-08-13T03:51:10.816663,256,0,0,0,0,0
2026-08-13T03:51:10.819664,256,0,0,0,0,0
2026-08-13T03:51:10.819664,256,0,0,0,0,0
2026-08-13T03:51:10.820664,256,0,0,0,0,0
2026-08-13T03:51:10.820664,256,0,0,0,0,0
2026-08-13T03:51:10.824173,257,0,0,0,0,0
2026-08-13T03:51:10.824173,257,0,0,0,0,0
2026-08-13T03:51:10.824173,259,0,0,0,0,0
2026-08-13T03:51:10.827699,260,0,0,0,0,0
2026-08-13T03:51:10.828708,261,0,0,0,0,0
2026-08-13T03:51:10.828708,263,0,0,0,0,0
2026-08-13T03:51:10.831709,264,0,0,0,0,0
2026-08-13T03:51:10.832713,264,0,0,0,0,0
2026-08-13T03:51:10.832713,263,0,0,0,0,0
2026-08-13T03:51:10.832713,263,0,0,0,0,0
2026-08-13T03:51:10.835965,264,0,0,0,0,0
2026-08-13T03:51:10.836965,262,0,0,0,0,0
2026-08-13T03:51:10.836965,262,0,0,0,0,0
2026-08-13T03:51:10.840048,261,0,0,0,0,0
2026-08-13T03:51:10.840048,261,0,0,0,0,0
2026-08-13T03:51:10.841497,259,0,0,0,0,0
2026-08-13T03:51:10.841497,259,0,0,0,0,0
2026-08-13T03:51:10.844013,259,0,0,0,0,0
2026-08-13T03:51:10.845023,258,0,0,0,0,0
2026-08-13T03:51:10.845023,259,0,0,0,0,0
2026-08-13T03:51:10.848028,261,0,0,0,0,0
2026-08-13T03:51:10.849034,261,0,0,0,0,0
2026-08-13T03:51:10.849034,262,0,0,0,0,0
2026-08-13T03:51:10.849034,262,0,0,0,0,0
2026-08-13T03:51:10.853045,261,0,0,0,0,0
2026-08-13T03:51:10.853045,260,0,0,0,0,0
2026-08-13T03:51:10.853045,260,0,0,0,0,0
2026-08-13T03:51:10.857089,260,0,0,0,0,0
2026-08-13T03:51:10.857089,259,0,0,0,0,0
2026-08-13T03:51:10.858071,259,0,0,0,0,0
2026-08-13T03:51:10.861086,258,0,0,0,0,0
2026-08-13T03:51:10.861086,258,0,0,0,0,0
2026-08-13T03:51:10.861086,257,0,0,0,0,0
2026-08-13T03:51:10.862071,258,0,0,0,0,0
2026-08-13T03:51:10.864657,258,0,0,0,0,0
2026-08-13T03:51:10.865642,257,0,0,0,0,0
2026-08-13T03:51:10.865642,260,0,0,0,0,0
2026-08-13T03:51:10.869188,261,0,0,0,0,0
2026-08-13T03:51:10.869188,262,0,0,0,0,0
2026-08-13T03:51:10.870176,262,0,0,0,0,0
2026-08-13T03:51:10.870176,262,0,0,0,0,0
2026-08-13T03:51:10.872101,261,0,0,0,0,0
2026-08-13T03:51:10.873611,261,0,0,0,0,0
2026-08-13T03:51:10.874625,261,0,0,0,0,0
2026-08-13T03:51:10.876623,259,0,0,0,0,0
2026-08-13T03:51:10.877621,259,0,0,0,0,0
2026-08-13T03:51:10.877621,259,0,0,0,0,0
2026-08-13T03:51:10.878624,258,0,0,0,0,0
2026-08-13T03:51:10.881636,258,0,0,0,0,0
2026-08-13T03:51:10.881636,257,0,0,0,0,0
2026-08-13T03:51:10.882623,258,0,0,0,0,0
2026-08-13T03:51:10.885177,258,0,0,0,0,0
2026-08-13T03:51:10.886179,259,0,0,0,0,0
2026-08-13T03:51:10.886179,260,0,0,0,0,0
2026-08-13T03:51:10.886179,261,0,0,0,0,0
2026-08-13T03:51:10.889328,261,0,0,0,0,0
2026-08-13T03:51:10.890326,261,0,0,0,0,0
2026-08-13T03:51:10.890326,262,0,0,0,0,0
2026-08-13T03:51:10.893837,261,0,0,0,0,0
2026-08-13T03:51:10.893837,259,0,0,0,0,0
2026-08-13T03:51:10.894843,260,0,0,0,0,0
2026-08-13T03:51:10.897850,260,0,0,0,0,0
2026-08-13T03:51:10.897850,260,0,0,0,0,0
2026-08-13T03:51:10.898850,259,0,0,0,0,0
2026-08-13T03:51:10.898850,258,0,0,0,0,0
2026-08-13T03:51:10.901850,257,0,0,0,0,0
2026-08-13T03:51:10.901850,257,0,0,0,0,0
2026-08-13T03:51:10.901850,258,0,0,0,0,0
2026-08-13T03:51:10.906378,257,0,0,0,0,0
2026-08-13T03:51:10.906378,259,0,0,0,0,0
2026-08-13T03:51:10.906378,260,0,0,0,0,0
2026-08-13T03:51:10.907378,261,0,0,0,0,0
2026-08-13T03:51:10.910376,262,0,0,0,0,0
2026-08-13T03:51:10.910376,262,0,0,0,0,0
2026-08-13T03:51:10.910376,262,0,0,0,0,0
2026-08-13T03:51:10.913925,260,0,0,0,0,0
2026-08-13T03:51:10.914952,260,0,0,0,0,0
2026-08-13T03:51:10.914952,261,0,0,0,0,0
2026-08-13T03:51:10.914952,260,0,0,0,0,0
2026-08-13T03:51:10.917973,259,0,0,0,0,0
2026-08-13T03:51:10.917973,259,0,0,0,0,0
2026-08-13T03:51:10.918957,258,0,0,0,0,0
2026-08-13T03:51:10.921968,259,0,0,0,0,0
2026-08-13T03:51:10.922959,257,0,0,0,0,0
2026-08-13T03:51:10.922959,258,0,0,0,0,0
2026-08-13T03:51:10.926021,258,0,0,0,0,0
2026-08-13T03:51:10.927023,259,0,0,0,0,0
2026-08-13T03:51:10.927023,261,0,0,0,0,0
2026-08-13T03:51:10.928022,262,0,0,0,0,0
2026-08-13T03:51:10.930086,262,0,0,0,0,0
2026-08-13T03:51:10.931094,262,0,0,0,0,0
2026-08-13T03:51:10.931094,261,0,0,0,0,0
2026-08-13T03:51:10.934999,260,0,0,0,0,0
2026-08-13T03:51:10.934999,260,0,0,0,0,0
2026-08-13T03:51:10.934999,260,0,0,0,0,0
2026-08-13T03:51:10.935954,259,0,0,0,0,0
2026-08-13T03:51:10.938718,259,0,0,0,0,0
2026-08-13T03:51:10.938718,259,0,0,0,0,0
2026-08-13T03:51:10.939714,260,0,0,0,0,0
2026-08-13T03:51:10.942715,258,0,0,0,0,0
2026-08-13T03:51:10.943716,258,0,0,0,0,0
2026-08-13T03:51:10.943716,259,0,0,0,0,0
2026-08-13T03:51:10.944222,260,0,0,0,0,0
2026-08-13T03:51:10.947238,261,0,0,0,0,0
2026-08-13T03:51:10.947238,262,0,0,0,0,0
2026-08-13T03:51:10.947238,263,0,0,0,0,0
2026-08-13T03:51:10.950237,263,0,0,0,0,0
2026-08-13T03:51:10.951419,264,0,0,0,0,0
2026-08-13T03:51:10.951419,264,0,0,0,0,0
2026-08-13T03:51:10.952425,263,0,0,0,0,0
2026-08-13T03:51:10.954939,263,0,0,0,0,0
2026-08-13T03:51:10.954939,262,0,0,0,0,0
2026-08-13T03:51:10.955941,262,0,0,0,0,0
2026-08-13T03:51:10.959457,263,0,0,0,0,0
2026-08-13T03:51:10.959457,262,0,0,0,0,0
2026-08-13T03:51:10.959457,261,0,0,0,0,0
2026-08-13T03:51:10.963086,260,0,0,0,0,0
2026-08-13T03:51:10.963086,260,0,0,0,0,0
2026-08-13T03:51:10.964091,260,0,0,0,0,0
2026-08-13T03:51:10.964091,259,0,0,0,0,0
2026-08-13T03:51:10.967609,261,0,0,0,0,0
2026-08-13T03:51:10.967609,261,0,0,0,0,0
2026-08-13T03:51:10.967609,262,0,0,0,0,0
2026-08-13T03:51:10.971612,262,0,0,0,0,0
2026-08-13T03:51:10.971612,262,0,0,0,0,0
2026-08-13T03:51:10.971612,261,0,0,0,0,0
2026-08-13T03:51:10.972613,260,0,0,0,0,0
2026-08-13T03:51:10.975629,261,0,0,0,0,0
2026-08-13T03:51:10.975629,260,0,0,0,0,0
2026-08-13T03:51:10.975629,259,0,0,0,0,0
2026-08-13T03:51:10.979644,259,0,0,0,0,0
2026-08-13T03:51:10.979644,258,0,0,0,0,0
2026-08-13T03:51:10.980631,257,0,0,0,0,0
2026-08-13T03:51:10.980631,257,0,0,0,0,0
2026-08-13T03:51:10.984029,257,0,0,0,0,0
2026-08-13T03:51:10.984029,257,0,0,0,0,0
2026-08-13T03:51:10.984029,257,0,0,0,0,0
2026-08-13T03:51:10.987562,260,0,0,0,0,0
2026-08-13T03:51:10.988557,260,0,0,0,0,0
2026-08-13T03:51:10.988557,261,0,0,0,0,0
2026-08-13T03:51:10.988557,260,0,0,0,0,0
2026-08-13T03:51:10.991559,260,0,0,0,0,0
2026-08-13T03:51:10.992571,259,0,0,0,0,0
2026-08-13T03:51:10.992571,259,0,0,0,0,0
2026-08-13T03:51:10.995891,259,0,0,0,0,0
2026-08-13T03:51:10.995891,257,0,0,0,0,0
2026-08-13T03:51:10.996889,256,0,0,0,0,0
2026-08-13T03:51:10.999632,256,0,0,0,0,0
2026-08-13T03:51:11.000631,255,0,0,0,0,0
2026-08-13T03:51:11.000631,254,0,0,0,0,0
2026-08-13T03:51:11.000631,254,0,0,0,0,0
2026-08-13T03:51:11.004137,253,0,0,0,0,0
2026-08-13T03:51:11.004137,253,0,0,0,0,0
2026-08-13T03:51:11.005146,254,0,0,0,0,0
2026-08-13T03:51:11.008324,256,0,0,0,0,0
2026-08-13T03:51:11.008324,255,0,0,0,0,0
2026-08-13T03:51:11.009333,257,0,0,0,0,0
2026-08-13T03:51:11.009333,256,0,0,0,0,0
2026-08-13T03:51:11.012498,256,0,0,0,0,0
2026-08-13T03:51:11.012498,254,0,0,0,0,0
2026-08-13T03:51:11.012498,254,0,0,0,0,0
2026-08-13T03:51:11.016033,253,0,0,0,0,0
2026-08-13T03:51:11.017031,251,0,0,0,0,0
2026-08-13T03:51:11.017031,251,0,0,0,0,0
2026-08-13T03:51:11.017031,249,0,0,0,0,0
2026-08-13T03:51:11.020033,247,0,0,0,0,0
2026-08-13T03:51:11.021031,243,0,0,0,0,0
2026-08-13T03:51:11.021031,242,0,0,0,0,0
2026-08-13T03:51:11.024536,242,0,0,0,0,0
2026-08-13T03:51:11.025541,241,0,0,0,0,0
2026-08-13T03:51:11.025541,242,0,0,0,0,0
2026-08-13T03:51:11.028548,242,0,0,0,0,0
2026-08-13T03:51:11.029546,241,0,0,0,0,0
2026-08-13T03:51:11.029546,241,0,0,0,0,0
2026-08-13T03:51:11.029546,240,0,0,0,0,0
2026-08-13T03:51:11.032928,238,0,0,0,0,0
2026-08-13T03:51:11.032928,236,0,0,0,0,0
2026-08-13T03:51:11.033924,236,0,0,0,0,0
2026-08-13T03:51:11.037078,234,0,0,0,0,0
2026-08-13T03:51:11.037078,233,0,0,0,0,0
2026-08-13T03:51:11.037078,232,0,0,0,0,0
2026-08-13T03:51:11.038079,230,0,0,0,0,0
2026-08-13T03:51:11.041078,231,0,0,0,0,0
2026-08-13T03:51:11.041078,231,0,0,0,0,0
2026-08-13T03:51:11.042078,232,0,0,0,0,0
2026-08-13T03:51:11.044631,233,0,0,0,0,0
2026-08-13T03:51:11.045615,233,0,0,0,0,0
2026-08-13T03:51:11.045615,238,0,0,0,0,0
2026-08-13T03:51:11.045615,241,0,0,0,0,0
2026-08-13T03:51:11.049618,242,0,0,0,0,0
2026-08-13T03:51:11.049618,243,0,0,0,0,0
2026-08-13T03:51:11.049618,244,0,0,0,0,0
2026-08-13T03:51:11.053689,246,0,0,0,0,0
2026-08-13T03:51:11.053689,247,0,0,0,0,0
2026-08-13T03:51:11.053689,248,0,0,0,0,0
2026-08-13T03:51:11.054809,250,0,0,0,0,0
2026-08-13T03:51:11.057295,251,0,0,0,0,0
2026-08-13T03:51:11.058414,254,0,0,0,0,0
2026-08-13T03:51:11.058414,256,0,0,0,0,0
2026-08-13T03:51:11.061410,260,0,0,0,0,0
2026-08-13T03:51:11.062409,263,0,0,0,0,0
2026-08-13T03:51:11.062409,269,0,0,0,0,0
2026-08-13T03:51:11.065927,273,0,0,0,0,0
2026-08-13T03:51:11.065927,278,0,0,0,0,0
2026-08-13T03:51:11.066926,284,0,0,0,0,0
2026-08-13T03:51:11.067432,288,0,0,0,0,0
2026-08-13T03:51:11.069440,292,0,0,0,0,0
2026-08-13T03:51:11.070440,294,0,0,0,0,0
2026-08-13T03:51:11.070440,296,0,0,0,0,0
2026-08-13T03:51:11.073945,296,0,0,0,0,0
2026-08-13T03:51:11.073945,295,0,0,0,0,0
2026-08-13T03:51:11.074955,294,0,0,0,0,0
2026-08-13T03:51:11.074955,291,0,0,0,0,0
2026-08-13T03:51:11.077959,289,0,0,0,0,0
2026-08-13T03:51:11.077959,287,0,0,0,0,0
2026-08-13T03:51:11.078957,283,0,0,0,0,0
2026-08-13T03:51:11.081958,281,0,0,0,0,0
2026-08-13T03:51:11.081958,278,0,0,0,0,0
2026-08-13T03:51:11.082960,277,0,0,0,0,0
2026-08-13T03:51:11.082960,274,0,0,0,0,0
2026-08-13T03:51:11.086139,272,0,0,0,0,0
2026-08-13T03:51:11.086139,271,0,0,0,0,0
2026-08-13T03:51:11.087141,271,0,0,0,0,0
2026-08-13T03:51:11.090146,271,0,0,0,0,0
2026-08-13T03:51:11.091140,271,0,0,0,0,0
2026-08-13T03:51:11.091140,271,0,0,0,0,0
2026-08-13T03:51:11.094695,271,0,0,0,0,0
2026-08-13T03:51:11.094695,272,0,0,0,0,0
2026-08-13T03:51:11.095697,272,0,0,0,0,0
2026-08-13T03:51:11.095697,272,0,0,0,0,0
2026-08-13T03:51:11.098728,272,0,0,0,0,0
2026-08-13T03:51:11.098728,273,0,0,0,0,0
2026-08-13T03:51:11.098728,273,0,0,0,0,0
2026-08-13T03:51:11.102733,273,0,0,0,0,0
2026-08-13T03:51:11.102733,273,0,0,0,0,0
2026-08-13T03:51:11.102733,274,0,0,0,0,0
2026-08-13T03:51:11.103718,275,0,0,0,0,0
2026-08-13T03:51:11.106332,277,0,0,0,0,0
2026-08-13T03:51:11.107350,281,0,0,0,0,0
2026-08-13T03:51:11.107350,281,0,0,0,0,0
2026-08-13T03:51:11.111142,283,0,0,0,0,0
2026-08-13T03:51:11.111142,284,0,0,0,0,0
2026-08-13T03:51:11.111142,284,0,0,0,0,0
2026-08-13T03:51:11.112163,283,0,0,0,0,0
2026-08-13T03:51:11.114840,285,0,0,0,0,0
2026-08-13T03:51:11.114840,286,0,0,0,0,0
2026-08-13T03:51:11.115843,285,0,0,0,0,0
2026-08-13T03:51:11.118854,286,0,0,0,0,0
2026-08-13T03:51:11.118854,286,0,0,0,0,0
2026-08-13T03:51:11.119843,286,0,0,0,0,0
2026-08-13T03:51:11.119843,285,0,0,0,0,0
2026-08-13T03:51:11.122856,283,0,0,0,0,0
2026-08-13T03:51:11.123844,283,0,0,0,0,0
2026-08-13T03:51:11.124353,282,0,0,0,0,0
2026-08-13T03:51:11.127367,283,0,0,0,0,0
2026-08-13T03:51:11.127367,284,0,0,0,0,0
2026-08-13T03:51:11.128367,283,0,0,0,0,0
2026-08-13T03:51:11.130371,284,0,0,0,0,0
2026-08-13T03:51:11.131882,284,0,0,0,0,0
2026-08-13T03:51:11.132285,283,0,0,0,0,0
2026-08-13T03:51:11.132791,281,0,0,0,0,0
2026-08-13T03:51:11.135333,282,0,0,0,0,0
2026-08-13T03:51:11.136253,280,0,0,0,0,0
2026-08-13T03:51:11.136253,279,0,0,0,0,0
2026-08-13T03:51:11.139229,280,0,0,0,0,0
2026-08-13T03:51:11.140217,279,0,0,0,0,0
2026-08-13T03:51:11.140217,279,0,0,0,0,0
2026-08-13T03:51:11.141216,278,0,0,0,0,0
2026-08-13T03:51:11.143724,278,0,0,0,0,0
2026-08-13T03:51:11.143724,278,0,0,0,0,0
2026-08-13T03:51:11.144735,279,0,0,0,0,0
2026-08-13T03:51:11.147751,281,0,0,0,0,0
2026-08-13T03:51:11.147751,281,0,0,0,0,0
2026-08-13T03:51:11.148735,282,0,0,0,0,0
2026-08-13T03:51:11.148735,284,0,0,0,0,0
2026-08-13T03:51:11.151747,285,0,0,0,0,0
2026-08-13T03:51:11.151747,285,0,0,0,0,0
2026-08-13T03:51:11.152734,287,0,0,0,0,0
2026-08-13T03:51:11.155251,289,0,0,0,0,0
2026-08-13T03:51:11.156258,290,0,0,0,0,0
2026-08-13T03:51:11.156258,290,0,0,0,0,0
2026-08-13T03:51:11.159774,292,0,0,0,0,0
2026-08-13T03:51:11.159774,291,0,0,0,0,0
2026-08-13T03:51:11.160774,291,0,0,0,0,0
2026-08-13T03:51:11.160774,292,0,0,0,0,0
2026-08-13T03:51:11.163888,292,0,0,0,0,0
2026-08-13T03:51:11.163888,291,0,0,0,0,0
2026-08-13T03:51:11.164907,291,0,0,0,0,0
2026-08-13T03:51:11.168441,291,0,0,0,0,0
2026-08-13T03:51:11.168441,290,0,0,0,0,0
2026-08-13T03:51:11.168441,290,0,0,0,0,0
2026-08-13T03:51:11.169436,288,0,0,0,0,0
2026-08-13T03:51:11.172451,288,0,0,0,0,0
2026-08-13T03:51:11.172451,288,0,0,0,0,0
2026-08-13T03:51:11.172451,291,0,0,0,0,0
2026-08-13T03:51:11.175978,294,0,0,0,0,0
2026-08-13T03:51:11.176989,295,0,0,0,0,0
2026-08-13T03:51:11.176989,299,0,0,0,0,0
2026-08-13T03:51:11.177990,303,0,0,0,0,0
2026-08-13T03:51:11.180513,305,0,0,0,0,0
2026-08-13T03:51:11.180513,307,0,0,0,0,0
2026-08-13T03:51:11.181509,310,0,0,0,0,0
2026-08-13T03:51:11.184703,311,0,0,0,0,0
2026-08-13T03:51:11.184703,313,0,0,0,0,0
2026-08-13T03:51:11.185705,316,0,0,0,0,0
2026-08-13T03:51:11.185705,318,0,0,0,0,0
2026-08-13T03:51:11.188710,320,0,0,0,0,0
2026-08-13T03:51:11.188710,321,0,0,0,0,0
2026-08-13T03:51:11.188710,321,0,0,0,0,0
2026-08-13T03:51:11.192703,322,0,0,0,0,0
2026-08-13T03:51:11.192703,322,0,0,0,0,0
2026-08-13T03:51:11.193704,322,0,0,0,0,0
2026-08-13T03:51:11.196235,322,0,0,0,0,0
2026-08-13T03:51:11.197229,320,0,0,0,0,0
2026-08-13T03:51:11.197229,320,0,0,0,0,0
2026-08-13T03:51:11.197229,320,0,0,0,0,0
2026-08-13T03:51:11.200282,319,0,0,0,0,0
2026-08-13T03:51:11.201281,319,0,0,0,0,0
2026-08-13T03:51:11.201281,319,0,0,0,0,0
2026-08-13T03:51:11.204804,321,0,0,0,0,0
2026-08-13T03:51:11.204804,321,0,0,0,0,0
2026-08-13T03:51:11.205798,323,0,0,0,0,0
2026-08-13T03:51:11.205798,323,0,0,0,0,0
2026-08-13T03:51:11.208800,324,0,0,0,0,0
2026-08-13T03:51:11.208800,324,0,0,0,0,0
2026-08-13T03:51:11.209796,323,0,0,0,0,0
2026-08-13T03:51:11.212797,321,0,0,0,0,0
2026-08-13T03:51:11.213799,318,0,0,0,0,0
2026-08-13T03:51:11.213799,317,0,0,0,0,0
2026-08-13T03:51:11.214305,316,0,0,0,0,0
2026-08-13T03:51:11.217044,314,0,0,0,0,0
2026-08-13T03:51:11.218052,313,0,0,0,0,0
2026-08-13T03:51:11.218052,312,0,0,0,0,0
2026-08-13T03:51:11.221691,311,0,0,0,0,0
2026-08-13T03:51:11.221691,311,0,0,0,0,0
2026-08-13T03:51:11.221691,311,0,0,0,0,0
2026-08-13T03:51:11.222690,311,0,0,0,0,0
2026-08-13T03:51:11.224956,313,0,0,0,0,0
2026-08-13T03:51:11.225956,316,0,0,0,0,0
2026-08-13T03:51:11.225956,317,0,0,0,0,0
2026-08-13T03:51:11.228962,318,0,0,0,0,0
2026-08-13T03:51:11.229957,318,0,0,0,0,0
2026-08-13T03:51:11.229957,317,0,0,0,0,0
2026-08-13T03:51:11.232971,317,0,0,0,0,0
2026-08-13T03:51:11.233959,315,0,0,0,0,0
2026-08-13T03:51:11.233959,316,0,0,0,0,0
2026-08-13T03:51:11.233959,315,0,0,0,0,0
2026-08-13T03:51:11.237145,314,0,0,0,0,0
2026-08-13T03:51:11.238145,314,0,0,0,0,0
2026-08-13T03:51:11.238145,313,0,0,0,0,0
2026-08-13T03:51:11.241600,313,0,0,0,0,0
2026-08-13T03:51:11.241600,311,0,0,0,0,0
2026-08-13T03:51:11.242608,312,0,0,0,0,0
2026-08-13T03:51:11.242608,312,0,0,0,0,0
2026-08-13T03:51:11.246007,313,0,0,0,0,0
2026-08-13T03:51:11.246515,316,0,0,0,0,0
2026-08-13T03:51:11.246515,315,0,0,0,0,0
2026-08-13T03:51:11.249523,317,0,0,0,0,0
2026-08-13T03:51:11.249523,316,0,0,0,0,0
2026-08-13T03:51:11.250795,316,0,0,0,0,0
2026-08-13T03:51:11.250795,316,0,0,0,0,0
2026-08-13T03:51:11.253796,314,0,0,0,0,0
2026-08-13T03:51:11.254806,315,0,0,0,0,0
2026-08-13T03:51:11.254806,314,0,0,0,0,0
2026-08-13T03:51:11.258154,314,0,0,0,0,0
2026-08-13T03:51:11.258661,314,0,0,0,0,0
2026-08-13T03:51:11.258661,313,0,0,0,0,0
2026-08-13T03:51:11.261676,312,0,0,0,0,0
2026-08-13T03:51:11.262671,312,0,0,0,0,0
2026-08-13T03:51:11.262671,314,0,0,0,0,0
2026-08-13T03:51:11.262671,313,0,0,0,0,0
2026-08-13T03:51:11.266183,315,0,0,0,0,0
2026-08-13T03:51:11.266183,317,0,0,0,0,0
2026-08-13T03:51:11.267187,317,0,0,0,0,0
2026-08-13T03:51:11.270704,318,0,0,0,0,0
2026-08-13T03:51:11.270704,319,0,0,0,0,0
2026-08-13T03:51:11.270704,319,0,0,0,0,0
2026-08-13T03:51:11.271704,320,0,0,0,0,0
2026-08-13T03:51:11.274843,320,0,0,0,0,0
2026-08-13T03:51:11.274843,320,0,0,0,0,0
2026-08-13T03:51:11.274843,319,0,0,0,0,0
2026-08-13T03:51:11.278201,319,0,0,0,0,0
2026-08-13T03:51:11.279192,318,0,0,0,0,0
2026-08-13T03:51:11.279192,317,0,0,0,0,0
2026-08-13T03:51:11.279192,316,0,0,0,0,0
2026-08-13T03:51:11.282637,315,0,0,0,0,0
2026-08-13T03:51:11.282637,315,0,0,0,0,0
2026-08-13T03:51:11.283654,314,0,0,0,0,0
2026-08-13T03:51:11.286665,315,0,0,0,0,0
2026-08-13T03:51:11.286665,317,0,0,0,0,0
2026-08-13T03:51:11.287669,318,0,0,0,0,0
2026-08-13T03:51:11.287669,319,0,0,0,0,0
2026-08-13T03:51:11.290668,319,0,0,0,0,0
2026-08-13T03:51:11.291673,320,0,0,0,0,0
2026-08-13T03:51:11.291673,319,0,0,0,0,0
2026-08-13T03:51:11.294647,319,0,0,0,0,0
2026-08-13T03:51:11.295648,319,0,0,0,0,0
2026-08-13T03:51:11.295648,319,0,0,0,0,0
2026-08-13T03:51:11.298647,317,0,0,0,0,0
2026-08-13T03:51:11.299647,317,0,0,0,0,0
2026-08-13T03:51:11.299647,317,0,0,0,0,0
2026-08-13T03:51:11.299647,316,0,0,0,0,0
2026-08-13T03:51:11.303647,316,0,0,0,0,0
2026-08-13T03:51:11.303647,316,0,0,0,0,0
2026-08-13T03:51:11.303647,316,0,0,0,0,0
2026-08-13T03:51:11.306877,319,0,0,0,0,0
2026-08-13T03:51:11.307862,320,0,0,0,0,0
2026-08-13T03:51:11.307862,320,0,0,0,0,0
2026-08-13T03:51:11.307862,321,0,0,0,0,0
2026-08-13T03:51:11.310981,321,0,0,0,0,0
2026-08-13T03:51:11.311950,320,0,0,0,0,0
2026-08-13T03:51:11.311950,319,0,0,0,0,0
2026-08-13T03:51:11.315518,320,0,0,0,0,0
2026-08-13T03:51:11.315518,319,0,0,0,0,0
2026-08-13T03:51:11.316500,318,0,0,0,0,0
2026-08-13T03:51:11.316500,318,0,0,0,0,0
2026-08-13T03:51:11.319515,317,0,0,0,0,0
2026-08-13T03:51:11.319515,317,0,0,0,0,0
2026-08-13T03:51:11.320516,316,0,0,0,0,0
2026-08-13T03:51:11.324024,316,0,0,0,0,0
2026-08-13T03:51:11.324024,317,0,0,0,0,0
2026-08-13T03:51:11.324024,318,0,0,0,0,0
2026-08-13T03:51:11.328046,319,0,0,0,0,0
2026-08-13T03:51:11.328046,320,0,0,0,0,0
2026-08-13T03:51:11.328046,320,0,0,0,0,0
2026-08-13T03:51:11.329047,321,0,0,0,0,0
2026-08-13T03:51:11.332045,321,0,0,0,0,0
2026-08-13T03:51:11.332045,320,0,0,0,0,0
2026-08-13T03:51:11.332045,319,0,0,0,0,0
2026-08-13T03:51:11.335594,319,0,0,0,0,0
2026-08-13T03:51:11.336577,319,0,0,0,0,0
2026-08-13T03:51:11.336577,318,0,0,0,0,0
2026-08-13T03:51:11.336577,318,0,0,0,0,0
2026-08-13T03:51:11.339594,317,0,0,0,0,0
2026-08-13T03:51:11.340576,317,0,0,0,0,0
2026-08-13T03:51:11.340576,316,0,0,0,0,0
2026-08-13T03:51:11.344109,317,0,0,0,0,0
2026-08-13T03:51:11.345123,317,0,0,0,0,0
2026-08-13T03:51:11.345123,317,0,0,0,0,0
2026-08-13T03:51:11.345123,320,0,0,0,0,0
2026-08-13T03:51:11.348138,320,0,0,0,0,0
2026-08-13T03:51:11.348138,321,0,0,0,0,0
2026-08-13T03:51:11.349139,320,0,0,0,0,0
2026-08-13T03:51:11.352138,320,0,0,0,0,0
2026-08-13T03:51:11.352138,319,0,0,0,0,0
2026-08-13T03:51:11.352138,319,0,0,0,0,0
2026-08-13T03:51:11.353645,319,0,0,0,0,0
2026-08-13T03:51:11.356666,318,0,0,0,0,0
2026-08-13T03:51:11.356666,318,0,0,0,0,0
2026-08-13T03:51:11.356666,318,0,0,0,0,0
2026-08-13T03:51:11.359652,317,0,0,0,0,0
2026-08-13T03:51:11.361041,317,0,0,0,0,0
2026-08-13T03:51:11.361041,316,0,0,0,0,0
2026-08-13T03:51:11.364603,316,0,0,0,0,0
2026-08-13T03:51:11.364603,317,0,0,0,0,0
2026-08-13T03:51:11.365596,318,0,0,0,0,0
2026-08-13T03:51:11.365596,319,0,0,0,0,0
2026-08-13T03:51:11.369130,320,0,0,0,0,0
2026-08-13T03:51:11.369130,320,0,0,0,0,0
2026-08-13T03:51:11.369130,320,0,0,0,0,0
2026-08-13T03:51:11.372128,321,0,0,0,0,0
2026-08-13T03:51:11.372128,320,0,0,0,0,0
2026-08-13T03:51:11.373633,319,0,0,0,0,0
2026-08-13T03:51:11.373633,320,0,0,0,0,0
2026-08-13T03:51:11.376656,318,0,0,0,0,0
2026-08-13T03:51:11.377640,318,0,0,0,0,0
2026-08-13T03:51:11.377640,318,0,0,0,0,0
2026-08-13T03:51:11.380655,317,0,0,0,0,0
2026-08-13T03:51:11.381640,316,0,0,0,0,0
2026-08-13T03:51:11.381640,316,0,0,0,0,0
2026-08-13T03:51:11.381640,317,0,0,0,0,0
2026-08-13T03:51:11.385123,316,0,0,0,0,0
2026-08-13T03:51:11.385123,318,0,0,0,0,0
2026-08-13T03:51:11.386137,320,0,0,0,0,0
2026-08-13T03:51:11.388480,320,0,0,0,0,0
2026-08-13T03:51:11.389753,321,0,0,0,0,0
2026-08-13T03:51:11.389753,322,0,0,0,0,0
2026-08-13T03:51:11.393030,321,0,0,0,0,0
2026-08-13T03:51:11.394035,319,0,0,0,0,0
2026-08-13T03:51:11.394035,320,0,0,0,0,0
2026-08-13T03:51:11.395043,319,0,0,0,0,0
2026-08-13T03:51:11.396902,318,0,0,0,0,0
2026-08-13T03:51:11.397910,318,0,0,0,0,0
2026-08-13T03:51:11.397910,317,0,0,0,0,0
2026-08-13T03:51:11.400789,317,0,0,0,0,0
2026-08-13T03:51:11.402125,316,0,0,0,0,0
2026-08-13T03:51:11.402125,316,0,0,0,0,0
2026-08-13T03:51:11.402125,316,0,0,0,0,0
2026-08-13T03:51:11.405656,317,0,0,0,0,0
2026-08-13T03:51:11.405656,319,0,0,0,0,0
2026-08-13T03:51:11.406649,320,0,0,0,0,0
2026-08-13T03:51:11.409959,320,0,0,0,0,0
2026-08-13T03:51:11.409959,321,0,0,0,0,0
2026-08-13T03:51:11.409959,321,0,0,0,0,0
2026-08-13T03:51:11.410955,320,0,0,0,0,0
2026-08-13T03:51:11.413955,319,0,0,0,0,0
2026-08-13T03:51:11.413955,320,0,0,0,0,0
2026-08-13T03:51:11.413955,319,0,0,0,0,0
2026-08-13T03:51:11.418143,318,0,0,0,0,0
2026-08-13T03:51:11.418143,318,0,0,0,0,0
2026-08-13T03:51:11.418143,317,0,0,0,0,0
2026-08-13T03:51:11.419168,317,0,0,0,0,0
2026-08-13T03:51:11.422144,316,0,0,0,0,0
2026-08-13T03:51:11.422144,317,0,0,0,0,0
2026-08-13T03:51:11.422144,317,0,0,0,0,0
2026-08-13T03:51:11.425676,317,0,0,0,0,0
2026-08-13T03:51:11.426657,320,0,0,0,0,0
2026-08-13T03:51:11.426657,320,0,0,0,0,0
2026-08-13T03:51:11.429654,321,0,0,0,0,0
2026-08-13T03:51:11.430654,321,0,0,0,0,0
2026-08-13T03:51:11.430654,321,0,0,0,0,0
2026-08-13T03:51:11.430654,320,0,0,0,0,0
2026-08-13T03:51:11.433671,319,0,0,0,0,0
2026-08-13T03:51:11.434790,320,0,0,0,0,0
2026-08-13T03:51:11.434790,319,0,0,0,0,0
2026-08-13T03:51:11.437807,318,0,0,0,0,0
2026-08-13T03:51:11.438791,318,0,0,0,0,0
2026-08-13T03:51:11.438791,318,0,0,0,0,0
2026-08-13T03:51:11.438791,317,0,0,0,0,0
2026-08-13T03:51:11.442791,317,0,0,0,0,0
2026-08-13T03:51:11.442791,317,0,0,0,0,0
2026-08-13T03:51:11.442791,317,0,0,0,0,0
2026-08-13T03:51:11.446879,318,0,0,0,0,0
2026-08-13T03:51:11.446879,320,0,0,0,0,0
2026-08-13T03:51:11.446879,320,0,0,0,0,0
2026-08-13T03:51:11.446879,321,0,0,0,0,0
2026-08-13T03:51:11.450861,320,0,0,0,0,0
2026-08-13T03:51:11.450861,320,0,0,0,0,0
2026-08-13T03:51:11.450861,320,0,0,0,0,0
2026-08-13T03:51:11.454888,319,0,0,0,0,0
2026-08-13T03:51:11.454888,320,0,0,0,0,0
2026-08-13T03:51:11.455889,318,0,0,0,0,0
2026-08-13T03:51:11.455889,318,0,0,0,0,0
2026-08-13T03:51:11.458891,318,0,0,0,0,0
2026-08-13T03:51:11.458891,318,0,0,0,0,0
2026-08-13T03:51:11.458891,317,0,0,0,0,0
2026-08-13T03:51:11.462120,317,0,0,0,0,0
2026-08-13T03:51:11.463626,317,0,0,0,0,0
2026-08-13T03:51:11.463626,316,0,0,0,0,0
2026-08-13T03:51:11.467048,318,0,0,0,0,0
2026-08-13T03:51:11.467048,319,0,0,0,0,0
2026-08-13T03:51:11.467048,320,0,0,0,0,0
2026-08-13T03:51:11.468412,320,0,0,0,0,0
2026-08-13T03:51:11.471325,320,0,0,0,0,0
2026-08-13T03:51:11.471325,320,0,0,0,0,0
2026-08-13T03:51:11.471325,318,0,0,0,0,0
2026-08-13T03:51:11.474821,318,0,0,0,0,0
2026-08-13T03:51:11.475821,318,0,0,0,0,0
2026-08-13T03:51:11.475821,316,0,0,0,0,0
2026-08-13T03:51:11.476823,316,0,0,0,0,0
2026-08-13T03:51:11.478999,314,0,0,0,0,0
2026-08-13T03:51:11.479992,314,0,0,0,0,0
2026-08-13T03:51:11.479992,313,0,0,0,0,0
2026-08-13T03:51:11.482992,311,0,0,0,0,0
2026-08-13T03:51:11.483992,312,0,0,0,0,0
2026-08-13T03:51:11.483992,312,0,0,0,0,0
2026-08-13T03:51:11.483992,314,0,0,0,0,0
2026-08-13T03:51:11.487234,315,0,0,0,0,0
2026-08-13T03:51:11.488234,315,0,0,0,0,0
2026-08-13T03:51:11.488234,316,0,0,0,0,0
2026-08-13T03:51:11.491124,316,0,0,0,0,0
2026-08-13T03:51:11.492124,315,0,0,0,0,0
2026-08-13T03:51:11.492124,314,0,0,0,0,0
2026-08-13T03:51:11.495644,313,0,0,0,0,0
2026-08-13T03:51:11.495644,312,0,0,0,0,0
2026-08-13T03:51:11.496642,312,0,0,0,0,0
2026-08-13T03:51:11.496642,311,0,0,0,0,0
2026-08-13T03:51:11.499657,310,0,0,0,0,0
2026-08-13T03:51:11.499657,308,0,0,0,0,0
2026-08-13T03:51:11.500657,307,0,0,0,0,0
2026-08-13T03:51:11.504201,307,0,0,0,0,0
2026-08-13T03:51:11.504201,306,0,0,0,0,0
2026-08-13T03:51:11.504201,304,0,0,0,0,0
2026-08-13T03:51:11.505193,304,0,0,0,0,0
2026-08-13T03:51:11.508215,303,0,0,0,0,0
2026-08-13T03:51:11.508215,302,0,0,0,0,0
2026-08-13T03:51:11.508215,300,0,0,0,0,0
2026-08-13T03:51:11.512193,297,0,0,0,0,0
2026-08-13T03:51:11.512193,294,0,0,0,0,0
2026-08-13T03:51:11.512193,291,0,0,0,0,0
2026-08-13T03:51:11.512193,290,0,0,0,0,0
2026-08-13T03:51:11.515740,288,0,0,0,0,0
2026-08-13T03:51:11.516705,287,0,0,0,0,0
2026-08-13T03:51:11.516705,287,0,0,0,0,0
2026-08-13T03:51:11.520705,286,0,0,0,0,0
2026-08-13T03:51:11.520705,287,0,0,0,0,0
2026-08-13T03:51:11.520705,287,0,0,0,0,0
2026-08-13T03:51:11.520705,290,0,0,0,0,0
2026-08-13T03:51:11.523707,290,0,0,0,0,0
2026-08-13T03:51:11.524959,291,0,0,0,0,0
2026-08-13T03:51:11.524959,294,0,0,0,0,0
2026-08-13T03:51:11.528958,293,0,0,0,0,0
2026-08-13T03:51:11.528958,293,0,0,0,0,0
2026-08-13T03:51:11.528958,291,0,0,0,0,0
2026-08-13T03:51:11.532970,291,0,0,0,0,0
2026-08-13T03:51:11.532970,289,0,0,0,0,0
2026-08-13T03:51:11.532970,289,0,0,0,0,0
2026-08-13T03:51:11.532970,289,0,0,0,0,0
2026-08-13T03:51:11.536517,288,0,0,0,0,0
2026-08-13T03:51:11.537501,288,0,0,0,0,0
2026-08-13T03:51:11.537501,290,0,0,0,0,0
2026-08-13T03:51:11.540521,289,0,0,0,0,0
2026-08-13T03:51:11.540521,288,0,0,0,0,0
2026-08-13T03:51:11.541519,287,0,0,0,0,0
2026-08-13T03:51:11.541519,286,0,0,0,0,0
2026-08-13T03:51:11.545059,286,0,0,0,0,0
2026-08-13T03:51:11.545059,288,0,0,0,0,0
2026-08-13T03:51:11.545059,290,0,0,0,0,0
2026-08-13T03:51:11.549060,290,0,0,0,0,0
2026-08-13T03:51:11.549060,293,0,0,0,0,0
2026-08-13T03:51:11.550062,294,0,0,0,0,0
2026-08-13T03:51:11.550062,294,0,0,0,0,0
2026-08-13T03:51:11.553074,293,0,0,0,0,0
2026-08-13T03:51:11.553074,293,0,0,0,0,0
2026-08-13T03:51:11.554059,293,0,0,0,0,0
2026-08-13T03:51:11.557167,292,0,0,0,0,0
2026-08-13T03:51:11.557167,292,0,0,0,0,0
2026-08-13T03:51:11.558167,292,0,0,0,0,0
2026-08-13T03:51:11.561293,290,0,0,0,0,0
2026-08-13T03:51:11.561293,290,0,0,0,0,0
2026-08-13T03:51:11.562292,289,0,0,0,0,0
2026-08-13T03:51:11.562292,291,0,0,0,0,0
2026-08-13T03:51:11.564802,291,0,0,0,0,0
2026-08-13T03:51:11.565803,293,0,0,0,0,0
2026-08-13T03:51:11.565803,295,0,0,0,0,0
2026-08-13T03:51:11.569333,295,0,0,0,0,0
2026-08-13T03:51:11.569333,296,0,0,0,0,0
2026-08-13T03:51:11.570314,296,0,0,0,0,0
2026-08-13T03:51:11.570314,295,0,0,0,0,0
2026-08-13T03:51:11.573855,294,0,0,0,0,0
2026-08-13T03:51:11.573855,295,0,0,0,0,0
2026-08-13T03:51:11.574871,294,0,0,0,0,0
2026-08-13T03:51:11.577872,293,0,0,0,0,0
2026-08-13T03:51:11.577872,293,0,0,0,0,0
2026-08-13T03:51:11.577872,292,0,0,0,0,0
2026-08-13T03:51:11.578872,291,0,0,0,0,0
2026-08-13T03:51:11.581869,291,0,0,0,0,0
2026-08-13T03:51:11.581869,292,0,0,0,0,0
2026-08-13T03:51:11.581869,292,0,0,0,0,0
2026-08-13T03:51:11.585937,292,0,0,0,0,0
2026-08-13T03:51:11.585937,294,0,0,0,0,0
2026-08-13T03:51:11.586944,296,0,0,0,0,0
2026-08-13T03:51:11.586944,297,0,0,0,0,0
2026-08-13T03:51:11.589942,297,0,0,0,0,0
2026-08-13T03:51:11.589942,297,0,0,0,0,0
2026-08-13T03:51:11.590943,298,0,0,0,0,0
2026-08-13T03:51:11.593943,297,0,0,0,0,0
2026-08-13T03:51:11.593943,297,0,0,0,0,0
2026-08-13T03:51:11.595324,296,0,0,0,0,0
2026-08-13T03:51:11.598346,295,0,0,0,0,0
2026-08-13T03:51:11.598346,296,0,0,0,0,0
2026-08-13T03:51:11.598346,296,0,0,0,0,0
2026-08-13T03:51:11.599331,296,0,0,0,0,0
2026-08-13T03:51:11.602354,295,0,0,0,0,0
2026-08-13T03:51:11.602354,295,0,0,0,0,0
2026-08-13T03:51:11.602354,294,0,0,0,0,0
2026-08-13T03:51:11.605888,294,0,0,0,0,0
2026-08-13T03:51:11.606868,297,0,0,0,0,0
2026-08-13T03:51:11.606868,298,0,0,0,0,0
2026-08-13T03:51:11.606868,300,0,0,0,0,0
2026-08-13T03:51:11.610867,303,0,0,0,0,0
2026-08-13T03:51:11.610867,305,0,0,0,0,0
2026-08-13T03:51:11.610867,308,0,0,0,0,0
2026-08-13T03:51:11.614904,310,0,0,0,0,0
2026-08-13T03:51:11.614904,316,0,0,0,0,0
2026-08-13T03:51:11.614904,319,0,0,0,0,0
2026-08-13T03:51:11.614904,321,0,0,0,0,0
2026-08-13T03:51:11.618905,324,0,0,0,0,0
2026-08-13T03:51:11.618905,325,0,0,0,0,0
2026-08-13T03:51:11.618905,327,0,0,0,0,0
2026-08-13T03:51:11.622904,329,0,0,0,0,0
2026-08-13T03:51:11.622904,331,0,0,0,0,0
2026-08-13T03:51:11.622904,333,0,0,0,0,0
2026-08-13T03:51:11.626422,335,0,0,0,0,0
2026-08-13T03:51:11.627421,339,0,0,0,0,0
2026-08-13T03:51:11.627421,341,0,0,0,0,0
2026-08-13T03:51:11.627421,343,0,0,0,0,0
2026-08-13T03:51:11.630709,345,0,0,0,0,0
2026-08-13T03:51:11.630709,347,0,0,0,0,0
2026-08-13T03:51:11.631717,346,0,0,0,0,0
2026-08-13T03:51:11.635226,346,0,0,0,0,0
2026-08-13T03:51:11.635226,347,0,0,0,0,0
2026-08-13T03:51:11.635226,346,0,0,0,0,0
2026-08-13T03:51:11.636227,346,0,0,0,0,0
2026-08-13T03:51:11.638731,345,0,0,0,0,0
2026-08-13T03:51:11.639740,344,0,0,0,0,0
2026-08-13T03:51:11.639740,342,0,0,0,0,0
2026-08-13T03:51:11.642737,341,0,0,0,0,0
2026-08-13T03:51:11.643737,340,0,0,0,0,0
2026-08-13T03:51:11.644241,339,0,0,0,0,0
2026-08-13T03:51:11.644241,339,0,0,0,0,0
2026-08-13T03:51:11.647277,338,0,0,0,0,0
2026-08-13T03:51:11.647277,336,0,0,0,0,0
2026-08-13T03:51:11.648252,335,0,0,0,0,0
2026-08-13T03:51:11.651253,333,0,0,0,0,0
2026-08-13T03:51:11.651253,331,0,0,0,0,0
2026-08-13T03:51:11.652255,327,0,0,0,0,0
2026-08-13T03:51:11.652255,326,0,0,0,0,0
2026-08-13T03:51:11.655574,326,0,0,0,0,0
2026-08-13T03:51:11.655574,323,0,0,0,0,0
2026-08-13T03:51:11.656575,324,0,0,0,0,0
2026-08-13T03:51:11.659574,323,0,0,0,0,0
2026-08-13T03:51:11.659574,324,0,0,0,0,0
2026-08-13T03:51:11.660576,324,0,0,0,0,0
2026-08-13T03:51:11.662574,325,0,0,0,0,0
2026-08-13T03:51:11.664080,327,0,0,0,0,0
2026-08-13T03:51:11.664080,328,0,0,0,0,0
2026-08-13T03:51:11.664080,330,0,0,0,0,0
2026-08-13T03:51:11.667610,333,0,0,0,0,0
2026-08-13T03:51:11.667610,334,0,0,0,0,0
2026-08-13T03:51:11.668618,334,0,0,0,0,0
2026-08-13T03:51:11.671615,333,0,0,0,0,0
2026-08-13T03:51:11.671615,333,0,0,0,0,0
2026-08-13T03:51:11.672616,332,0,0,0,0,0
2026-08-13T03:51:11.672616,333,0,0,0,0,0
2026-08-13T03:51:11.676135,332,0,0,0,0,0
2026-08-13T03:51:11.676135,331,0,0,0,0,0
2026-08-13T03:51:11.676135,331,0,0,0,0,0
2026-08-13T03:51:11.680137,329,0,0,0,0,0
2026-08-13T03:51:11.680137,329,0,0,0,0,0
2026-08-13T03:51:11.680137,328,0,0,0,0,0
2026-08-13T03:51:11.681137,329,0,0,0,0,0
2026-08-13T03:51:11.683646,330,0,0,0,0,0
2026-08-13T03:51:11.684886,331,0,0,0,0,0
2026-08-13T03:51:11.684886,334,0,0,0,0,0
2026-08-13T03:51:11.687902,336,0,0,0,0,0
2026-08-13T03:51:11.688901,337,0,0,0,0,0
2026-08-13T03:51:11.688901,338,0,0,0,0,0
2026-08-13T03:51:11.689901,340,0,0,0,0,0
2026-08-13T03:51:11.691902,341,0,0,0,0,0
2026-08-13T03:51:11.692901,341,0,0,0,0,0
2026-08-13T03:51:11.692901,343,0,0,0,0,0
2026-08-13T03:51:11.696207,343,0,0,0,0,0
2026-08-13T03:51:11.697217,341,0,0,0,0,0
2026-08-13T03:51:11.697217,341,0,0,0,0,0
2026-08-13T03:51:11.700232,340,0,0,0,0,0
2026-08-13T03:51:11.701215,339,0,0,0,0,0
2026-08-13T03:51:11.701215,339,0,0,0,0,0
2026-08-13T03:51:11.701215,339,0,0,0,0,0
2026-08-13T03:51:11.704730,338,0,0,0,0,0
2026-08-13T03:51:11.704730,338,0,0,0,0,0
2026-08-13T03:51:11.705731,341,0,0,0,0,0
2026-08-13T03:51:11.708736,340,0,0,0,0,0
2026-08-13T03:51:11.708736,342,0,0,0,0,0
2026-08-13T03:51:11.709510,341,0,0,0,0,0
2026-08-13T03:51:11.710016,341,0,0,0,0,0
2026-08-13T03:51:11.712760,340,0,0,0,0,0
2026-08-13T03:51:11.712760,339,0,0,0,0,0
2026-08-13T03:51:11.713765,340,0,0,0,0,0
2026-08-13T03:51:11.716966,339,0,0,0,0,0
2026-08-13T03:51:11.716966,338,0,0,0,0,0
2026-08-13T03:51:11.717969,337,0,0,0,0,0
2026-08-13T03:51:11.717969,337,0,0,0,0,0
2026-08-13T03:51:11.720805,336,0,0,0,0,0
2026-08-13T03:51:11.721777,336,0,0,0,0,0
2026-08-13T03:51:11.721777,337,0,0,0,0,0
2026-08-13T03:51:11.724799,337,0,0,0,0,0
2026-08-13T03:51:11.725796,337,0,0,0,0,0
2026-08-13T03:51:11.725796,340,0,0,0,0,0
2026-08-13T03:51:11.728798,340,0,0,0,0,0
2026-08-13T03:51:11.729797,341,0,0,0,0,0
2026-08-13T03:51:11.729797,340,0,0,0,0,0
2026-08-13T03:51:11.729797,339,0,0,0,0,0
2026-08-13T03:51:11.732796,339,0,0,0,0,0
2026-08-13T03:51:11.733796,338,0,0,0,0,0
2026-08-13T03:51:11.733796,339,0,0,0,0,0
2026-08-13T03:51:11.736834,338,0,0,0,0,0
2026-08-13T03:51:11.737832,338,0,0,0,0,0
2026-08-13T03:51:11.737832,337,0,0,0,0,0
2026-08-13T03:51:11.737832,336,0,0,0,0,0
2026-08-13T03:51:11.740978,336,0,0,0,0,0
2026-08-13T03:51:11.741977,336,0,0,0,0,0
2026-08-13T03:51:11.741977,336,0,0,0,0,0
2026-08-13T03:51:11.745176,336,0,0,0,0,0
2026-08-13T03:51:11.746175,337,0,0,0,0,0
2026-08-13T03:51:11.746175,339,0,0,0,0,0
2026-08-13T03:51:11.746175,339,0,0,0,0,0
2026-08-13T03:51:11.749497,340,0,0,0,0,0
2026-08-13T03:51:11.750523,341,0,0,0,0,0
2026-08-13T03:51:11.750523,340,0,0,0,0,0
2026-08-13T03:51:11.754003,339,0,0,0,0,0
2026-08-13T03:51:11.754003,339,0,0,0,0,0
2026-08-13T03:51:11.754003,339,0,0,0,0,0
2026-08-13T03:51:11.755009,338,0,0,0,0,0
2026-08-13T03:51:11.758009,337,0,0,0,0,0
2026-08-13T03:51:11.758009,336,0,0,0,0,0
2026-08-13T03:51:11.759010,337,0,0,0,0,0
2026-08-13T03:51:11.762011,336,0,0,0,0,0
2026-08-13T03:51:11.762011,336,0,0,0,0,0
2026-08-13T03:51:11.763008,336,0,0,0,0,0
2026-08-13T03:51:11.766194,336,0,0,0,0,0
2026-08-13T03:51:11.766194,338,0,0,0,0,0
2026-08-13T03:51:11.766194,339,0,0,0,0,0
2026-08-13T03:51:11.766194,340,0,0,0,0,0
2026-08-13T03:51:11.769740,340,0,0,0,0,0
2026-08-13T03:51:11.770710,340,0,0,0,0,0
2026-08-13T03:51:11.770710,340,0,0,0,0,0
2026-08-13T03:51:11.773712,339,0,0,0,0,0
2026-08-13T03:51:11.775133,339,0,0,0,0,0
2026-08-13T03:51:11.775133,338,0,0,0,0,0
2026-08-13T03:51:11.775133,337,0,0,0,0,0
2026-08-13T03:51:11.778141,337,0,0,0,0,0
2026-08-13T03:51:11.779140,337,0,0,0,0,0
2026-08-13T03:51:11.779140,336,0,0,0,0,0
2026-08-13T03:51:11.782161,335,0,0,0,0,0
2026-08-13T03:51:11.782161,336,0,0,0,0,0
2026-08-13T03:51:11.782161,336,0,0,0,0,0
2026-08-13T03:51:11.783669,336,0,0,0,0,0
2026-08-13T03:51:11.786674,339,0,0,0,0,0
2026-08-13T03:51:11.786674,340,0,0,0,0,0
2026-08-13T03:51:11.787674,340,0,0,0,0,0
2026-08-13T03:51:11.790674,340,0,0,0,0,0
2026-08-13T03:51:11.790674,340,0,0,0,0,0
2026-08-13T03:51:11.791675,340,0,0,0,0,0
2026-08-13T03:51:11.794212,339,0,0,0,0,0
2026-08-13T03:51:11.795203,339,0,0,0,0,0
2026-08-13T03:51:11.795203,338,0,0,0,0,0
2026-08-13T03:51:11.796208,337,0,0,0,0,0
2026-08-13T03:51:11.798566,337,0,0,0,0,0
2026-08-13T03:51:11.799564,337,0,0,0,0,0
2026-08-13T03:51:11.799564,336,0,0,0,0,0
2026-08-13T03:51:11.802562,336,0,0,0,0,0
2026-08-13T03:51:11.802562,336,0,0,0,0,0
2026-08-13T03:51:11.802562,336,0,0,0,0,0
2026-08-13T03:51:11.804067,337,0,0,0,0,0
2026-08-13T03:51:11.807076,339,0,0,0,0,0
2026-08-13T03:51:11.807076,340,0,0,0,0,0
2026-08-13T03:51:11.808078,340,0,0,0,0,0
2026-08-13T03:51:11.811177,339,0,0,0,0,0
2026-08-13T03:51:11.811177,340,0,0,0,0,0
2026-08-13T03:51:11.811177,339,0,0,0,0,0
2026-08-13T03:51:11.812507,339,0,0,0,0,0
2026-08-13T03:51:11.814780,339,0,0,0,0,0
2026-08-13T03:51:11.815779,338,0,0,0,0,0
2026-08-13T03:51:11.815779,338,0,0,0,0,0
2026-08-13T03:51:11.818816,338,0,0,0,0,0
2026-08-13T03:51:11.819779,337,0,0,0,0,0
2026-08-13T03:51:11.819779,336,0,0,0,0,0
2026-08-13T03:51:11.819779,336,0,0,0,0,0
2026-08-13T03:51:11.823812,336,0,0,0,0,0
2026-08-13T03:51:11.823812,336,0,0,0,0,0
2026-08-13T03:51:11.823812,337,0,0,0,0,0
2026-08-13T03:51:11.826916,339,0,0,0,0,0
2026-08-13T03:51:11.827901,339,0,0,0,0,0
2026-08-13T03:51:11.827901,340,0,0,0,0,0
2026-08-13T03:51:11.831904,340,0,0,0,0,0
2026-08-13T03:51:11.831904,341,0,0,0,0,0
2026-08-13T03:51:11.831904,339,0,0,0,0,0
2026-08-13T03:51:11.832901,339,0,0,0,0,0
2026-08-13T03:51:11.835162,339,0,0,0,0,0
2026-08-13T03:51:11.836167,338,0,0,0,0,0
2026-08-13T03:51:11.836167,338,0,0,0,0,0
2026-08-13T03:51:11.839190,337,0,0,0,0,0
2026-08-13T03:51:11.840169,336,0,0,0,0,0
2026-08-13T03:51:11.840169,336,0,0,0,0,0
2026-08-13T03:51:11.841169,336,0,0,0,0,0
2026-08-13T03:51:11.843691,336,0,0,0,0,0
2026-08-13T03:51:11.844696,336,0,0,0,0,0
2026-08-13T03:51:11.844696,338,0,0,0,0,0
2026-08-13T03:51:11.847702,339,0,0,0,0,0
2026-08-13T03:51:11.848701,339,0,0,0,0,0
2026-08-13T03:51:11.848701,340,0,0,0,0,0
2026-08-13T03:51:11.848701,340,0,0,0,0,0
2026-08-13T03:51:11.851700,340,0,0,0,0,0
2026-08-13T03:51:11.852702,339,0,0,0,0,0
2026-08-13T03:51:11.852702,339,0,0,0,0,0
2026-08-13T03:51:11.856247,339,0,0,0,0,0
2026-08-13T03:51:11.856247,337,0,0,0,0,0
2026-08-13T03:51:11.857230,339,0,0,0,0,0
2026-08-13T03:51:11.860232,336,0,0,0,0,0
2026-08-13T03:51:11.861230,337,0,0,0,0,0
2026-08-13T03:51:11.861230,336,0,0,0,0,0
2026-08-13T03:51:11.861230,336,0,0,0,0,0
2026-08-13T03:51:11.864786,336,0,0,0,0,0
2026-08-13T03:51:11.864786,336,0,0,0,0,0
2026-08-13T03:51:11.864786,339,0,0,0,0,0
2026-08-13T03:51:11.868305,340,0,0,0,0,0
2026-08-13T03:51:11.868305,340,0,0,0,0,0
2026-08-13T03:51:11.869300,341,0,0,0,0,0
2026-08-13T03:51:11.869300,339,0,0,0,0,0
2026-08-13T03:51:11.872313,340,0,0,0,0,0
2026-08-13T03:51:11.872313,339,0,0,0,0,0
2026-08-13T03:51:11.872313,339,0,0,0,0,0
2026-08-13T03:51:11.876869,338,0,0,0,0,0
2026-08-13T03:51:11.876869,338,0,0,0,0,0
2026-08-13T03:51:11.876869,337,0,0,0,0,0
2026-08-13T03:51:11.877853,337,0,0,0,0,0
2026-08-13T03:51:11.880852,337,0,0,0,0,0
2026-08-13T03:51:11.880852,336,0,0,0,0,0
2026-08-13T03:51:11.880852,336,0,0,0,0,0
2026-08-13T03:51:11.884358,336,0,0,0,0,0
2026-08-13T03:51:11.885365,337,0,0,0,0,0
2026-08-13T03:51:11.885365,340,0,0,0,0,0
2026-08-13T03:51:11.885365,339,0,0,0,0,0
2026-08-13T03:51:11.889377,340,0,0,0,0,0
2026-08-13T03:51:11.889377,340,0,0,0,0,0
2026-08-13T03:51:11.889377,340,0,0,0,0,0
2026-08-13T03:51:11.892359,339,0,0,0,0,0
2026-08-13T03:51:11.892359,339,0,0,0,0,0
2026-08-13T03:51:11.893869,339,0,0,0,0,0
2026-08-13T03:51:11.896875,338,0,0,0,0,0
2026-08-13T03:51:11.897881,338,0,0,0,0,0
2026-08-13T03:51:11.897881,338,0,0,0,0,0
2026-08-13T03:51:11.897881,337,0,0,0,0,0
2026-08-13T03:51:11.900883,336,0,0,0,0,0
2026-08-13T03:51:11.901880,336,0,0,0,0,0
2026-08-13T03:51:11.901880,336,0,0,0,0,0
2026-08-13T03:51:11.905419,336,0,0,0,0,0
2026-08-13T03:51:11.905419,337,0,0,0,0,0
2026-08-13T03:51:11.905419,338,0,0,0,0,0
2026-08-13T03:51:11.906418,337,0,0,0,0,0
2026-08-13T03:51:11.909421,338,0,0,0,0,0
2026-08-13T03:51:11.909421,337,0,0,0,0,0
2026-08-13T03:51:11.910441,337,0,0,0,0,0
2026-08-13T03:51:11.912434,336,0,0,0,0,0
2026-08-13T03:51:11.913942,335,0,0,0,0,0
2026-08-13T03:51:11.913942,336,0,0,0,0,0
2026-08-13T03:51:11.914956,334,0,0,0,0,0
2026-08-13T03:51:11.917969,333,0,0,0,0,0
2026-08-13T03:51:11.917969,333,0,0,0,0,0
2026-08-13T03:51:11.917969,332,0,0,0,0,0
2026-08-13T03:51:11.921954,331,0,0,0,0,0
2026-08-13T03:51:11.921954,330,0,0,0,0,0
2026-08-13T03:51:11.921954,331,0,0,0,0,0
2026-08-13T03:51:11.922956,330,0,0,0,0,0
2026-08-13T03:51:11.925496,331,0,0,0,0,0
2026-08-13T03:51:11.926471,332,0,0,0,0,0
2026-08-13T03:51:11.926471,333,0,0,0,0,0
2026-08-13T03:51:11.929473,333,0,0,0,0,0
2026-08-13T03:51:11.930474,333,0,0,0,0,0
2026-08-13T03:51:11.930474,333,0,0,0,0,0
2026-08-13T03:51:11.934017,332,0,0,0,0,0
2026-08-13T03:51:11.934017,332,0,0,0,0,0
2026-08-13T03:51:11.935023,331,0,0,0,0,0
2026-08-13T03:51:11.935023,329,0,0,0,0,0
2026-08-13T03:51:11.938039,329,0,0,0,0,0
2026-08-13T03:51:11.938039,328,0,0,0,0,0
2026-08-13T03:51:11.939023,327,0,0,0,0,0
2026-08-13T03:51:11.942030,325,0,0,0,0,0
2026-08-13T03:51:11.942030,326,0,0,0,0,0
2026-08-13T03:51:11.943028,325,0,0,0,0,0
2026-08-13T03:51:11.943028,325,0,0,0,0,0
2026-08-13T03:51:11.946542,327,0,0,0,0,0
2026-08-13T03:51:11.946542,328,0,0,0,0,0
2026-08-13T03:51:11.946542,329,0,0,0,0,0
2026-08-13T03:51:11.950541,330,0,0,0,0,0
2026-08-13T03:51:11.950541,330,0,0,0,0,0
2026-08-13T03:51:11.950541,329,0,0,0,0,0
2026-08-13T03:51:11.951547,327,0,0,0,0,0
2026-08-13T03:51:11.954089,326,0,0,0,0,0
2026-08-13T03:51:11.955105,325,0,0,0,0,0
2026-08-13T03:51:11.955105,323,0,0,0,0,0
2026-08-13T03:51:11.958106,322,0,0,0,0,0
2026-08-13T03:51:11.959120,320,0,0,0,0,0
2026-08-13T03:51:11.959120,320,0,0,0,0,0
2026-08-13T03:51:11.962104,320,0,0,0,0,0
2026-08-13T03:51:11.962104,321,0,0,0,0,0
2026-08-13T03:51:11.963608,322,0,0,0,0,0
2026-08-13T03:51:11.963608,322,0,0,0,0,0
2026-08-13T03:51:11.966630,324,0,0,0,0,0
2026-08-13T03:51:11.966630,325,0,0,0,0,0
2026-08-13T03:51:11.967614,326,0,0,0,0,0
2026-08-13T03:51:11.971139,327,0,0,0,0,0
2026-08-13T03:51:11.971139,327,0,0,0,0,0
2026-08-13T03:51:11.972129,326,0,0,0,0,0
2026-08-13T03:51:11.972129,325,0,0,0,0,0
2026-08-13T03:51:11.974683,325,0,0,0,0,0
2026-08-13T03:51:11.975683,324,0,0,0,0,0
2026-08-13T03:51:11.975683,323,0,0,0,0,0
2026-08-13T03:51:11.978684,322,0,0,0,0,0
2026-08-13T03:51:11.979690,322,0,0,0,0,0
2026-08-13T03:51:11.979690,322,0,0,0,0,0
2026-08-13T03:51:11.979690,321,0,0,0,0,0
2026-08-13T03:51:11.982701,321,0,0,0,0,0
2026-08-13T03:51:11.983696,321,0,0,0,0,0
2026-08-13T03:51:11.983696,321,0,0,0,0,0
2026-08-13T03:51:11.987229,324,0,0,0,0,0
2026-08-13T03:51:11.987229,323,0,0,0,0,0
2026-08-13T03:51:11.988220,323,0,0,0,0,0
2026-08-13T03:51:11.988220,323,0,0,0,0,0
2026-08-13T03:51:11.991218,324,0,0,0,0,0
2026-08-13T03:51:11.992214,323,0,0,0,0,0
2026-08-13T03:51:11.992214,323,0,0,0,0,0
2026-08-13T03:51:11.995759,323,0,0,0,0,0
2026-08-13T03:51:11.995759,322,0,0,0,0,0
2026-08-13T03:51:11.995759,321,0,0,0,0,0
2026-08-13T03:51:11.999750,322,0,0,0,0,0
2026-08-13T03:51:11.999750,322,0,0,0,0,0
2026-08-13T03:51:11.999750,320,0,0,0,0,0
2026-08-13T03:51:12.000734,320,0,0,0,0,0
2026-08-13T03:51:12.003751,320,0,0,0,0,0
2026-08-13T03:51:12.004293,320,0,0,0,0,0
2026-08-13T03:51:12.004293,321,0,0,0,0,0
2026-08-13T03:51:12.007301,323,0,0,0,0,0
2026-08-13T03:51:12.008315,323,0,0,0,0,0
2026-08-13T03:51:12.008315,323,0,0,0,0,0
2026-08-13T03:51:12.008315,324,0,0,0,0,0
2026-08-13T03:51:12.011286,324,0,0,0,0,0
2026-08-13T03:51:12.012300,322,0,0,0,0,0
2026-08-13T03:51:12.012300,322,0,0,0,0,0
2026-08-13T03:51:12.015854,323,0,0,0,0,0
2026-08-13T03:51:12.015854,321,0,0,0,0,0
2026-08-13T03:51:12.016822,321,0,0,0,0,0
2026-08-13T03:51:12.016822,321,0,0,0,0,0
2026-08-13T03:51:12.019838,320,0,0,0,0,0
2026-08-13T03:51:12.019838,319,0,0,0,0,0
2026-08-13T03:51:12.020838,319,0,0,0,0,0
2026-08-13T03:51:12.024353,320,0,0,0,0,0
2026-08-13T03:51:12.024353,319,0,0,0,0,0
2026-08-13T03:51:12.024353,321,0,0,0,0,0
2026-08-13T03:51:12.028358,323,0,0,0,0,0
2026-08-13T03:51:12.028358,323,0,0,0,0,0
2026-08-13T03:51:12.029354,324,0,0,0,0,0
2026-08-13T03:51:12.029354,324,0,0,0,0,0
2026-08-13T03:51:12.032385,324,0,0,0,0,0
2026-08-13T03:51:12.032385,322,0,0,0,0,0
2026-08-13T03:51:12.032385,323,0,0,0,0,0
2026-08-13T03:51:12.035926,323,0,0,0,0,0
2026-08-13T03:51:12.036917,321,0,0,0,0,0
2026-08-13T03:51:12.036917,322,0,0,0,0,0
2026-08-13T03:51:12.036917,321,0,0,0,0,0
2026-08-13T03:51:12.039931,321,0,0,0,0,0
2026-08-13T03:51:12.040901,320,0,0,0,0,0
2026-08-13T03:51:12.040901,320,0,0,0,0,0
2026-08-13T03:51:12.044465,320,0,0,0,0,0
2026-08-13T03:51:12.044465,320,0,0,0,0,0
2026-08-13T03:51:12.045458,323,0,0,0,0,0
2026-08-13T03:51:12.045458,324,0,0,0,0,0
2026-08-13T03:51:12.048466,324,0,0,0,0,0
2026-08-13T03:51:12.048466,324,0,0,0,0,0
2026-08-13T03:51:12.049464,325,0,0,0,0,0
2026-08-13T03:51:12.052461,324,0,0,0,0,0
2026-08-13T03:51:12.052461,323,0,0,0,0,0
2026-08-13T03:51:12.053976,323,0,0,0,0,0
2026-08-13T03:51:12.053976,323,0,0,0,0,0
2026-08-13T03:51:12.056999,322,0,0,0,0,0
2026-08-13T03:51:12.056999,322,0,0,0,0,0
2026-08-13T03:51:12.056999,322,0,0,0,0,0
2026-08-13T03:51:12.060984,322,0,0,0,0,0
2026-08-13T03:51:12.060984,321,0,0,0,0,0
2026-08-13T03:51:12.061990,321,0,0,0,0,0
2026-08-13T03:51:12.064541,321,0,0,0,0,0
2026-08-13T03:51:12.065536,322,0,0,0,0,0
2026-08-13T03:51:12.065536,324,0,0,0,0,0
2026-08-13T03:51:12.065536,325,0,0,0,0,0
2026-08-13T03:51:12.069100,325,0,0,0,0,0
2026-08-13T03:51:12.069100,325,0,0,0,0,0
2026-08-13T03:51:12.070105,325,0,0,0,0,0
2026-08-13T03:51:12.073107,324,0,0,0,0,0
2026-08-13T03:51:12.074089,323,0,0,0,0,0
2026-08-13T03:51:12.074089,324,0,0,0,0,0
2026-08-13T03:51:12.074603,324,0,0,0,0,0
2026-08-13T03:51:12.077610,323,0,0,0,0,0
2026-08-13T03:51:12.077610,324,0,0,0,0,0
2026-08-13T03:51:12.077610,322,0,0,0,0,0
2026-08-13T03:51:12.082606,322,0,0,0,0,0
2026-08-13T03:51:12.082606,321,0,0,0,0,0
2026-08-13T03:51:12.083605,322,0,0,0,0,0
2026-08-13T03:51:12.083605,322,0,0,0,0,0
2026-08-13T03:51:12.085124,323,0,0,0,0,0
2026-08-13T03:51:12.086125,325,0,0,0,0,0
2026-08-13T03:51:12.086125,327,0,0,0,0,0
2026-08-13T03:51:12.089120,328,0,0,0,0,0
2026-08-13T03:51:12.090120,327,0,0,0,0,0
2026-08-13T03:51:12.090120,330,0,0,0,0,0
2026-08-13T03:51:12.093643,328,0,0,0,0,0
2026-08-13T03:51:12.093643,329,0,0,0,0,0
2026-08-13T03:51:12.094658,330,0,0,0,0,0
2026-08-13T03:51:12.094658,328,0,0,0,0,0
2026-08-13T03:51:12.097657,327,0,0,0,0,0
2026-08-13T03:51:12.098659,327,0,0,0,0,0
2026-08-13T03:51:12.098659,325,0,0,0,0,0
2026-08-13T03:51:12.101658,324,0,0,0,0,0
2026-08-13T03:51:12.102658,324,0,0,0,0,0
2026-08-13T03:51:12.102658,324,0,0,0,0,0
2026-08-13T03:51:12.102658,324,0,0,0,0,0
2026-08-13T03:51:12.106182,326,0,0,0,0,0
2026-08-13T03:51:12.106182,329,0,0,0,0,0
2026-08-13T03:51:12.106182,330,0,0,0,0,0
2026-08-13T03:51:12.110183,331,0,0,0,0,0
2026-08-13T03:51:12.110183,331,0,0,0,0,0
2026-08-13T03:51:12.111183,331,0,0,0,0,0
2026-08-13T03:51:12.111183,329,0,0,0,0,0
2026-08-13T03:51:12.114712,328,0,0,0,0,0
2026-08-13T03:51:12.114712,329,0,0,0,0,0
2026-08-13T03:51:12.114712,327,0,0,0,0,0
2026-08-13T03:51:12.117710,327,0,0,0,0,0
2026-08-13T03:51:12.118712,327,0,0,0,0,0
2026-08-13T03:51:12.118712,327,0,0,0,0,0
2026-08-13T03:51:12.119712,327,0,0,0,0,0
2026-08-13T03:51:12.122713,327,0,0,0,0,0
2026-08-13T03:51:12.122713,328,0,0,0,0,0
2026-08-13T03:51:12.122713,327,0,0,0,0,0
2026-08-13T03:51:12.126236,329,0,0,0,0,0
2026-08-13T03:51:12.127236,330,0,0,0,0,0
2026-08-13T03:51:12.127236,329,0,0,0,0,0
2026-08-13T03:51:12.130235,330,0,0,0,0,0
2026-08-13T03:51:12.131237,330,0,0,0,0,0
2026-08-13T03:51:12.131237,329,0,0,0,0,0
2026-08-13T03:51:12.131237,328,0,0,0,0,0
2026-08-13T03:51:12.134766,328,0,0,0,0,0
2026-08-13T03:51:12.134766,328,0,0,0,0,0
2026-08-13T03:51:12.135768,326,0,0,0,0,0
2026-08-13T03:51:12.138762,325,0,0,0,0,0
2026-08-13T03:51:12.138762,323,0,0,0,0,0
2026-08-13T03:51:12.139769,322,0,0,0,0,0
2026-08-13T03:51:12.139769,320,0,0,0,0,0
2026-08-13T03:51:12.142767,320,0,0,0,0,0
2026-08-13T03:51:12.143768,321,0,0,0,0,0
2026-08-13T03:51:12.144288,321,0,0,0,0,0
2026-08-13T03:51:12.147291,325,0,0,0,0,0
2026-08-13T03:51:12.147291,326,0,0,0,0,0
2026-08-13T03:51:12.147291,327,0,0,0,0,0
2026-08-13T03:51:12.148300,327,0,0,0,0,0
2026-08-13T03:51:12.151297,326,0,0,0,0,0
2026-08-13T03:51:12.151297,326,0,0,0,0,0
2026-08-13T03:51:12.152298,324,0,0,0,0,0
2026-08-13T03:51:12.154827,324,0,0,0,0,0
2026-08-13T03:51:12.155831,323,0,0,0,0,0
2026-08-13T03:51:12.155831,322,0,0,0,0,0
2026-08-13T03:51:12.155831,323,0,0,0,0,0
2026-08-13T03:51:12.158825,322,0,0,0,0,0
2026-08-13T03:51:12.159829,322,0,0,0,0,0
2026-08-13T03:51:12.160832,320,0,0,0,0,0
2026-08-13T03:51:12.162827,321,0,0,0,0,0
2026-08-13T03:51:12.163829,321,0,0,0,0,0
2026-08-13T03:51:12.164349,322,0,0,0,0,0
2026-08-13T03:51:12.166354,324,0,0,0,0,0
2026-08-13T03:51:12.167863,324,0,0,0,0,0
2026-08-13T03:51:12.167863,325,0,0,0,0,0
2026-08-13T03:51:12.168871,325,0,0,0,0,0
2026-08-13T03:51:12.171872,325,0,0,0,0,0
2026-08-13T03:51:12.171872,325,0,0,0,0,0
2026-08-13T03:51:12.171872,324,0,0,0,0,0
2026-08-13T03:51:12.175398,324,0,0,0,0,0
2026-08-13T03:51:12.176394,323,0,0,0,0,0
2026-08-13T03:51:12.176394,323,0,0,0,0,0
2026-08-13T03:51:12.177395,322,0,0,0,0,0
2026-08-13T03:51:12.179396,321,0,0,0,0,0
2026-08-13T03:51:12.180399,321,0,0,0,0,0
2026-08-13T03:51:12.188930,320,0,0,0,0,0
2026-08-13T03:51:12.189932,321,0,0,0,0,0
2026-08-13T03:51:12.190933,321,0,0,0,0,0
2026-08-13T03:51:12.192927,322,0,0,0,0,0
2026-08-13T03:51:12.196446,324,0,0,0,0,0
2026-08-13T03:51:12.196446,324,0,0,0,0,0
2026-08-13T03:51:12.197443,326,0,0,0,0,0
2026-08-13T03:51:12.197443,325,0,0,0,0,0
2026-08-13T03:51:12.197443,326,0,0,0,0,0
2026-08-13T03:51:12.198442,324,0,0,0,0,0
2026-08-13T03:51:12.198442,325,0,0,0,0,0
2026-08-13T03:51:12.198442,325,0,0,0,0,0
2026-08-13T03:51:12.198442,324,0,0,0,0,0
2026-08-13T03:51:12.199442,322,0,0,0,0,0
2026-08-13T03:51:12.199442,322,0,0,0,0,0
2026-08-13T03:51:12.200443,321,0,0,0,0,0
2026-08-13T03:51:12.200443,321,0,0,0,0,0
2026-08-13T03:51:12.201450,321,0,0,0,0,0
2026-08-13T03:51:12.203965,321,0,0,0,0,0
2026-08-13T03:51:12.204985,320,0,0,0,0,0
2026-08-13T03:51:12.205985,323,0,0,0,0,0
2026-08-13T03:51:12.205985,324,0,0,0,0,0
2026-08-13T03:51:12.207982,325,0,0,0,0,0
2026-08-13T03:51:12.208976,326,0,0,0,0,0
2026-08-13T03:51:12.208976,326,0,0,0,0,0
2026-08-13T03:51:12.211985,325,0,0,0,0,0
2026-08-13T03:51:12.212985,325,0,0,0,0,0
2026-08-13T03:51:12.213984,325,0,0,0,0,0
2026-08-13T03:51:12.214499,324,0,0,0,0,0
2026-08-13T03:51:12.216510,322,0,0,0,0,0
2026-08-13T03:51:12.217509,323,0,0,0,0,0
2026-08-13T03:51:12.217509,321,0,0,0,0,0
2026-08-13T03:51:12.220352,322,0,0,0,0,0
2026-08-13T03:51:12.221352,320,0,0,0,0,0
2026-08-13T03:51:12.221352,321,0,0,0,0,0
2026-08-13T03:51:12.222351,321,0,0,0,0,0
2026-08-13T03:51:12.224889,321,0,0,0,0,0
2026-08-13T03:51:12.225891,324,0,0,0,0,0
2026-08-13T03:51:12.225891,324,0,0,0,0,0
2026-08-13T03:51:12.228886,325,0,0,0,0,0
2026-08-13T03:51:12.228886,326,0,0,0,0,0
2026-08-13T03:51:12.229890,327,0,0,0,0,0
2026-08-13T03:51:12.232888,325,0,0,0,0,0
2026-08-13T03:51:12.233884,324,0,0,0,0,0
2026-08-13T03:51:12.234401,323,0,0,0,0,0
2026-08-13T03:51:12.234401,323,0,0,0,0,0
2026-08-13T03:51:12.237494,322,0,0,0,0,0
2026-08-13T03:51:12.237494,323,0,0,0,0,0
2026-08-13T03:51:12.238055,321,0,0,0,0,0
2026-08-13T03:51:12.240968,322,0,0,0,0,0
2026-08-13T03:51:12.241721,320,0,0,0,0,0
2026-08-13T03:51:12.242737,321,0,0,0,0,0
2026-08-13T03:51:12.242737,321,0,0,0,0,0
2026-08-13T03:51:12.245262,321,0,0,0,0,0
2026-08-13T03:51:12.246265,323,0,0,0,0,0
2026-08-13T03:51:12.246265,324,0,0,0,0,0
2026-08-13T03:51:12.249263,325,0,0,0,0,0
2026-08-13T03:51:12.250264,326,0,0,0,0,0
2026-08-13T03:51:12.250264,326,0,0,0,0,0
2026-08-13T03:51:12.250264,324,0,0,0,0,0
2026-08-13T03:51:12.253835,323,0,0,0,0,0
2026-08-13T03:51:12.253835,324,0,0,0,0,0
2026-08-13T03:51:12.254914,324,0,0,0,0,0
2026-08-13T03:51:12.257845,323,0,0,0,0,0
2026-08-13T03:51:12.257845,322,0,0,0,0,0
2026-08-13T03:51:12.258860,321,0,0,0,0,0
2026-08-13T03:51:12.261852,320,0,0,0,0,0
2026-08-13T03:51:12.261852,320,0,0,0,0,0
2026-08-13T03:51:12.262849,321,0,0,0,0,0
2026-08-13T03:51:12.262849,320,0,0,0,0,0
2026-08-13T03:51:12.265376,321,0,0,0,0,0
2026-08-13T03:51:12.266374,323,0,0,0,0,0
2026-08-13T03:51:12.266374,324,0,0,0,0,0
2026-08-13T03:51:12.269912,325,0,0,0,0,0
2026-08-13T03:51:12.269912,325,0,0,0,0,0
2026-08-13T03:51:12.270892,325,0,0,0,0,0
2026-08-13T03:51:12.270892,324,0,0,0,0,0
2026-08-13T03:51:12.273898,324,0,0,0,0,0
2026-08-13T03:51:12.274411,325,0,0,0,0,0
2026-08-13T03:51:12.275420,323,0,0,0,0,0
2026-08-13T03:51:12.278421,322,0,0,0,0,0
2026-08-13T03:51:12.278421,322,0,0,0,0,0
2026-08-13T03:51:12.279423,321,0,0,0,0,0
2026-08-13T03:51:12.279423,320,0,0,0,0,0
2026-08-13T03:51:12.282415,320,0,0,0,0,0
2026-08-13T03:51:12.282415,321,0,0,0,0,0
2026-08-13T03:51:12.282415,320,0,0,0,0,0
2026-08-13T03:51:12.285941,323,0,0,0,0,0
2026-08-13T03:51:12.286939,324,0,0,0,0,0
2026-08-13T03:51:12.286939,325,0,0,0,0,0
2026-08-13T03:51:12.287936,325,0,0,0,0,0
2026-08-13T03:51:12.289939,325,0,0,0,0,0
2026-08-13T03:51:12.291942,325,0,0,0,0,0
2026-08-13T03:51:12.291942,324,0,0,0,0,0
2026-08-13T03:51:12.294444,324,0,0,0,0,0
2026-08-13T03:51:12.295451,324,0,0,0,0,0
2026-08-13T03:51:12.295451,322,0,0,0,0,0
2026-08-13T03:51:12.298450,322,0,0,0,0,0
2026-08-13T03:51:12.298450,322,0,0,0,0,0
2026-08-13T03:51:12.299448,321,0,0,0,0,0
2026-08-13T03:51:12.299448,320,0,0,0,0,0
2026-08-13T03:51:12.302463,320,0,0,0,0,0
2026-08-13T03:51:12.302463,321,0,0,0,0,0
2026-08-13T03:51:12.303972,321,0,0,0,0,0
2026-08-13T03:51:12.306981,322,0,0,0,0,0
2026-08-13T03:51:12.306981,324,0,0,0,0,0
2026-08-13T03:51:12.307987,324,0,0,0,0,0
2026-08-13T03:51:12.307987,325,0,0,0,0,0
2026-08-13T03:51:12.310978,325,0,0,0,0,0
2026-08-13T03:51:12.310978,325,0,0,0,0,0
2026-08-13T03:51:12.311978,323,0,0,0,0,0
2026-08-13T03:51:12.314490,324,0,0,0,0,0
2026-08-13T03:51:12.315497,324,0,0,0,0,0
2026-08-13T03:51:12.315497,322,0,0,0,0,0
2026-08-13T03:51:12.316500,322,0,0,0,0,0
2026-08-13T03:51:12.318496,321,0,0,0,0,0
2026-08-13T03:51:12.319491,321,0,0,0,0,0
2026-08-13T03:51:12.319491,321,0,0,0,0,0
2026-08-13T03:51:12.322495,320,0,0,0,0,0
2026-08-13T03:51:12.324006,321,0,0,0,0,0
2026-08-13T03:51:12.324006,321,0,0,0,0,0
2026-08-13T03:51:12.327034,323,0,0,0,0,0
2026-08-13T03:51:12.328020,324,0,0,0,0,0
2026-08-13T03:51:12.328020,325,0,0,0,0,0
2026-08-13T03:51:12.329019,326,0,0,0,0,0
2026-08-13T03:51:12.331017,325,0,0,0,0,0
2026-08-13T03:51:12.332022,325,0,0,0,0,0
2026-08-13T03:51:12.332022,324,0,0,0,0,0
2026-08-13T03:51:12.335536,325,0,0,0,0,0
2026-08-13T03:51:12.335536,324,0,0,0,0,0
2026-08-13T03:51:12.336533,323,0,0,0,0,0
2026-08-13T03:51:12.336533,323,0,0,0,0,0
2026-08-13T03:51:12.339538,322,0,0,0,0,0
2026-08-13T03:51:12.339538,321,0,0,0,0,0
2026-08-13T03:51:12.340537,320,0,0,0,0,0
2026-08-13T03:51:12.344053,321,0,0,0,0,0
2026-08-13T03:51:12.344053,321,0,0,0,0,0
2026-08-13T03:51:12.344053,322,0,0,0,0,0
2026-08-13T03:51:12.345068,324,0,0,0,0,0
2026-08-13T03:51:12.348081,324,0,0,0,0,0
2026-08-13T03:51:12.348081,325,0,0,0,0,0
2026-08-13T03:51:12.349079,325,0,0,0,0,0
2026-08-13T03:51:12.352076,326,0,0,0,0,0
2026-08-13T03:51:12.352076,325,0,0,0,0,0
2026-08-13T03:51:12.352076,323,0,0,0,0,0
2026-08-13T03:51:12.353078,324,0,0,0,0,0
2026-08-13T03:51:12.355606,323,0,0,0,0,0
2026-08-13T03:51:12.356605,323,0,0,0,0,0
2026-08-13T03:51:12.356605,322,0,0,0,0,0
2026-08-13T03:51:12.359604,321,0,0,0,0,0
2026-08-13T03:51:12.360604,321,0,0,0,0,0
2026-08-13T03:51:12.360604,320,0,0,0,0,0
2026-08-13T03:51:12.364120,322,0,0,0,0,0
2026-08-13T03:51:12.365130,321,0,0,0,0,0
2026-08-13T03:51:12.365130,322,0,0,0,0,0
2026-08-13T03:51:12.365130,324,0,0,0,0,0
2026-08-13T03:51:12.368158,324,0,0,0,0,0
2026-08-13T03:51:12.368679,326,0,0,0,0,0
2026-08-13T03:51:12.368679,325,0,0,0,0,0
2026-08-13T03:51:12.371718,325,0,0,0,0,0
2026-08-13T03:51:12.372689,324,0,0,0,0,0
2026-08-13T03:51:12.373685,324,0,0,0,0,0
2026-08-13T03:51:12.374200,325,0,0,0,0,0
2026-08-13T03:51:12.376203,323,0,0,0,0,0
2026-08-13T03:51:12.377207,323,0,0,0,0,0
2026-08-13T03:51:12.377207,322,0,0,0,0,0
2026-08-13T03:51:12.380210,321,0,0,0,0,0
2026-08-13T03:51:12.381206,321,0,0,0,0,0
2026-08-13T03:51:12.381206,321,0,0,0,0,0
2026-08-13T03:51:12.381206,321,0,0,0,0,0
2026-08-13T03:51:12.384729,321,0,0,0,0,0
2026-08-13T03:51:12.384729,322,0,0,0,0,0
2026-08-13T03:51:12.385731,324,0,0,0,0,0
2026-08-13T03:51:12.388727,324,0,0,0,0,0
2026-08-13T03:51:12.388727,325,0,0,0,0,0
2026-08-13T03:51:12.389726,325,0,0,0,0,0
2026-08-13T03:51:12.389726,325,0,0,0,0,0
2026-08-13T03:51:12.392727,324,0,0,0,0,0
2026-08-13T03:51:12.392727,324,0,0,0,0,0
2026-08-13T03:51:12.393728,324,0,0,0,0,0
2026-08-13T03:51:12.396246,323,0,0,0,0,0
2026-08-13T03:51:12.397246,323,0,0,0,0,0
2026-08-13T03:51:12.398249,322,0,0,0,0,0
2026-08-13T03:51:12.401247,322,0,0,0,0,0
2026-08-13T03:51:12.401247,321,0,0,0,0,0
2026-08-13T03:51:12.402247,320,0,0,0,0,0
2026-08-13T03:51:12.402247,321,0,0,0,0,0
2026-08-13T03:51:12.404769,321,0,0,0,0,0
2026-08-13T03:51:12.405774,323,0,0,0,0,0
2026-08-13T03:51:12.405774,324,0,0,0,0,0
2026-08-13T03:51:12.408774,324,0,0,0,0,0
2026-08-13T03:51:12.409769,326,0,0,0,0,0
2026-08-13T03:51:12.409769,326,0,0,0,0,0
2026-08-13T03:51:12.410774,325,0,0,0,0,0
2026-08-13T03:51:12.412771,324,0,0,0,0,0
2026-08-13T03:51:12.413768,324,0,0,0,0,0
2026-08-13T03:51:12.414281,324,0,0,0,0,0
2026-08-13T03:51:12.417287,323,0,0,0,0,0
2026-08-13T03:51:12.417287,323,0,0,0,0,0
2026-08-13T03:51:12.418287,322,0,0,0,0,0
2026-08-13T03:51:12.418287,322,0,0,0,0,0
2026-08-13T03:51:12.421283,321,0,0,0,0,0
2026-08-13T03:51:12.422285,321,0,0,0,0,0
2026-08-13T03:51:12.422285,321,0,0,0,0,0
2026-08-13T03:51:12.425840,321,0,0,0,0,0
2026-08-13T03:51:12.425840,324,0,0,0,0,0
2026-08-13T03:51:12.425840,324,0,0,0,0,0
2026-08-13T03:51:12.429838,326,0,0,0,0,0
2026-08-13T03:51:12.429838,326,0,0,0,0,0
2026-08-13T03:51:12.430836,325,0,0,0,0,0
2026-08-13T03:51:12.430836,325,0,0,0,0,0
2026-08-13T03:51:12.433843,324,0,0,0,0,0
2026-08-13T03:51:12.434365,324,0,0,0,0,0
2026-08-13T03:51:12.434365,323,0,0,0,0,0
2026-08-13T03:51:12.437370,322,0,0,0,0,0
2026-08-13T03:51:12.438372,323,0,0,0,0,0
2026-08-13T03:51:12.438372,322,0,0,0,0,0
2026-08-13T03:51:12.439369,321,0,0,0,0,0
2026-08-13T03:51:12.441369,321,0,0,0,0,0
2026-08-13T03:51:12.442366,322,0,0,0,0,0
2026-08-13T03:51:12.442366,321,0,0,0,0,0
2026-08-13T03:51:12.445902,322,0,0,0,0,0
2026-08-13T03:51:12.446892,324,0,0,0,0,0
2026-08-13T03:51:12.446892,325,0,0,0,0,0
2026-08-13T03:51:12.447887,325,0,0,0,0,0
2026-08-13T03:51:12.449893,325,0,0,0,0,0
2026-08-13T03:51:12.450897,325,0,0,0,0,0
2026-08-13T03:51:12.450897,324,0,0,0,0,0
2026-08-13T03:51:12.454409,323,0,0,0,0,0
2026-08-13T03:51:12.454409,325,0,0,0,0,0
2026-08-13T03:51:12.455416,323,0,0,0,0,0
2026-08-13T03:51:12.455416,323,0,0,0,0,0
2026-08-13T03:51:12.458413,322,0,0,0,0,0
2026-08-13T03:51:12.458413,321,0,0,0,0,0
2026-08-13T03:51:12.459420,321,0,0,0,0,0
2026-08-13T03:51:12.462419,321,0,0,0,0,0
2026-08-13T03:51:12.462419,322,0,0,0,0,0
2026-08-13T03:51:12.462419,321,0,0,0,0,0
2026-08-13T03:51:12.465944,322,0,0,0,0,0
2026-08-13T03:51:12.466942,324,0,0,0,0,0
2026-08-13T03:51:12.466942,324,0,0,0,0,0
2026-08-13T03:51:12.466942,325,0,0,0,0,0
2026-08-13T03:51:12.470463,325,0,0,0,0,0
2026-08-13T03:51:12.470463,324,0,0,0,0,0
2026-08-13T03:51:12.471465,323,0,0,0,0,0
2026-08-13T03:51:12.474989,324,0,0,0,0,0
2026-08-13T03:51:12.474989,324,0,0,0,0,0
2026-08-13T03:51:12.475991,323,0,0,0,0,0
2026-08-13T03:51:12.475991,322,0,0,0,0,0
2026-08-13T03:51:12.478986,322,0,0,0,0,0
2026-08-13T03:51:12.478986,321,0,0,0,0,0
2026-08-13T03:51:12.478986,321,0,0,0,0,0
2026-08-13T03:51:12.483018,321,0,0,0,0,0
2026-08-13T03:51:12.483018,321,0,0,0,0,0
2026-08-13T03:51:12.483988,320,0,0,0,0,0
2026-08-13T03:51:12.484497,322,0,0,0,0,0
2026-08-13T03:51:12.486504,324,0,0,0,0,0
2026-08-13T03:51:12.487506,324,0,0,0,0,0
2026-08-13T03:51:12.487506,325,0,0,0,0,0
2026-08-13T03:51:12.490503,325,0,0,0,0,0
2026-08-13T03:51:12.491507,325,0,0,0,0,0
2026-08-13T03:51:12.491507,324,0,0,0,0,0
2026-08-13T03:51:12.495039,324,0,0,0,0,0
2026-08-13T03:51:12.496039,323,0,0,0,0,0
2026-08-13T03:51:12.496039,322,0,0,0,0,0
2026-08-13T03:51:12.496039,322,0,0,0,0,0
2026-08-13T03:51:12.499035,321,0,0,0,0,0
2026-08-13T03:51:12.500035,321,0,0,0,0,0
2026-08-13T03:51:12.500035,320,0,0,0,0,0
2026-08-13T03:51:12.503034,320,0,0,0,0,0
2026-08-13T03:51:12.504035,321,0,0,0,0,0
2026-08-13T03:51:12.504553,321,0,0,0,0,0
2026-08-13T03:51:12.504553,323,0,0,0,0,0
2026-08-13T03:51:12.507559,324,0,0,0,0,0
2026-08-13T03:51:12.508559,324,0,0,0,0,0
2026-08-13T03:51:12.508559,325,0,0,0,0,0
2026-08-13T03:51:12.511555,326,0,0,0,0,0
2026-08-13T03:51:12.511555,325,0,0,0,0,0
2026-08-13T03:51:12.512564,323,0,0,0,0,0
2026-08-13T03:51:12.512564,324,0,0,0,0,0
2026-08-13T03:51:12.515095,323,0,0,0,0,0
2026-08-13T03:51:12.516101,322,0,0,0,0,0
2026-08-13T03:51:12.517103,322,0,0,0,0,0
2026-08-13T03:51:12.520102,321,0,0,0,0,0
2026-08-13T03:51:12.520102,320,0,0,0,0,0
2026-08-13T03:51:12.521100,320,0,0,0,0,0
2026-08-13T03:51:12.521100,321,0,0,0,0,0
2026-08-13T03:51:12.523607,321,0,0,0,0,0
2026-08-13T03:51:12.524623,321,0,0,0,0,0
2026-08-13T03:51:12.524623,323,0,0,0,0,0
2026-08-13T03:51:12.527625,324,0,0,0,0,0
2026-08-13T03:51:12.528624,325,0,0,0,0,0
2026-08-13T03:51:12.528624,325,0,0,0,0,0
2026-08-13T03:51:12.531646,325,0,0,0,0,0
2026-08-13T03:51:12.532622,323,0,0,0,0,0
2026-08-13T03:51:12.532622,323,0,0,0,0,0
2026-08-13T03:51:12.532622,323,0,0,0,0,0
2026-08-13T03:51:12.536134,321,0,0,0,0,0
2026-08-13T03:51:12.536134,319,0,0,0,0,0
2026-08-13T03:51:12.537138,319,0,0,0,0,0
2026-08-13T03:51:12.540133,317,0,0,0,0,0
2026-08-13T03:51:12.540133,316,0,0,0,0,0
2026-08-13T03:51:12.541137,315,0,0,0,0,0
2026-08-13T03:51:12.541137,315,0,0,0,0,0
2026-08-13T03:51:12.544662,315,0,0,0,0,0
2026-08-13T03:51:12.544662,316,0,0,0,0,0
2026-08-13T03:51:12.545661,320,0,0,0,0,0
2026-08-13T03:51:12.548663,319,0,0,0,0,0
2026-08-13T03:51:12.548663,318,0,0,0,0,0
2026-08-13T03:51:12.548663,317,0,0,0,0,0
2026-08-13T03:51:12.549660,317,0,0,0,0,0
2026-08-13T03:51:12.552676,316,0,0,0,0,0
2026-08-13T03:51:12.552676,316,0,0,0,0,0
2026-08-13T03:51:12.553662,316,0,0,0,0,0
2026-08-13T03:51:12.556189,316,0,0,0,0,0
2026-08-13T03:51:12.557193,315,0,0,0,0,0
2026-08-13T03:51:12.557193,317,0,0,0,0,0
2026-08-13T03:51:12.560189,318,0,0,0,0,0
2026-08-13T03:51:12.561190,320,0,0,0,0,0
2026-08-13T03:51:12.561190,323,0,0,0,0,0
2026-08-13T03:51:12.562188,324,0,0,0,0,0
2026-08-13T03:51:12.564722,326,0,0,0,0,0
2026-08-13T03:51:12.564722,328,0,0,0,0,0
2026-08-13T03:51:12.565723,330,0,0,0,0,0
2026-08-13T03:51:12.569227,329,0,0,0,0,0
2026-08-13T03:51:12.569227,328,0,0,0,0,0
2026-08-13T03:51:12.570233,327,0,0,0,0,0
2026-08-13T03:51:12.570233,327,0,0,0,0,0
2026-08-13T03:51:12.572235,327,0,0,0,0,0
2026-08-13T03:51:12.573745,329,0,0,0,0,0
2026-08-13T03:51:12.573745,331,0,0,0,0,0
2026-08-13T03:51:12.576756,330,0,0,0,0,0
2026-08-13T03:51:12.577754,331,0,0,0,0,0
2026-08-13T03:51:12.577754,331,0,0,0,0,0
2026-08-13T03:51:12.578757,331,0,0,0,0,0
2026-08-13T03:51:12.580756,332,0,0,0,0,0
2026-08-13T03:51:12.581760,334,0,0,0,0,0
2026-08-13T03:51:12.581760,336,0,0,0,0,0
2026-08-13T03:51:12.585268,337,0,0,0,0,0
2026-08-13T03:51:12.585268,339,0,0,0,0,0
2026-08-13T03:51:12.586269,343,0,0,0,0,0
2026-08-13T03:51:12.586269,345,0,0,0,0,0
2026-08-13T03:51:12.589271,347,0,0,0,0,0
2026-08-13T03:51:12.590273,347,0,0,0,0,0
2026-08-13T03:51:12.590273,349,0,0,0,0,0
2026-08-13T03:51:12.593793,349,0,0,0,0,0
2026-08-13T03:51:12.593793,351,0,0,0,0,0
2026-08-13T03:51:12.594814,352,0,0,0,0,0
2026-08-13T03:51:12.597812,351,0,0,0,0,0
2026-08-13T03:51:12.597812,352,0,0,0,0,0
2026-08-13T03:51:12.598815,351,0,0,0,0,0
2026-08-13T03:51:12.598815,351,0,0,0,0,0
2026-08-13T03:51:12.601812,349,0,0,0,0,0
2026-08-13T03:51:12.601812,350,0,0,0,0,0
2026-08-13T03:51:12.602811,350,0,0,0,0,0
2026-08-13T03:51:12.605334,349,0,0,0,0,0
2026-08-13T03:51:12.606327,351,0,0,0,0,0
2026-08-13T03:51:12.606327,351,0,0,0,0,0
2026-08-13T03:51:12.607333,350,0,0,0,0,0
2026-08-13T03:51:12.609329,349,0,0,0,0,0
2026-08-13T03:51:12.610328,348,0,0,0,0,0
2026-08-13T03:51:12.610328,347,0,0,0,0,0
2026-08-13T03:51:12.613837,345,0,0,0,0,0
2026-08-13T03:51:12.613837,346,0,0,0,0,0
2026-08-13T03:51:12.614849,345,0,0,0,0,0
2026-08-13T03:51:12.614849,343,0,0,0,0,0
2026-08-13T03:51:12.617851,342,0,0,0,0,0
2026-08-13T03:51:12.618854,341,0,0,0,0,0
2026-08-13T03:51:12.618854,339,0,0,0,0,0
2026-08-13T03:51:12.621873,337,0,0,0,0,0
2026-08-13T03:51:12.622858,338,0,0,0,0,0
2026-08-13T03:51:12.623849,338,0,0,0,0,0
2026-08-13T03:51:12.626366,340,0,0,0,0,0
2026-08-13T03:51:12.626366,342,0,0,0,0,0
2026-08-13T03:51:12.627370,342,0,0,0,0,0
2026-08-13T03:51:12.627370,343,0,0,0,0,0
2026-08-13T03:51:12.630367,342,0,0,0,0,0
2026-08-13T03:51:12.630367,342,0,0,0,0,0
2026-08-13T03:51:12.631366,341,0,0,0,0,0
2026-08-13T03:51:12.635885,339,0,0,0,0,0
2026-08-13T03:51:12.636885,339,0,0,0,0,0
2026-08-13T03:51:12.636885,337,0,0,0,0,0
2026-08-13T03:51:12.636885,337,0,0,0,0,0
2026-08-13T03:51:12.637882,336,0,0,0,0,0
2026-08-13T03:51:12.638884,336,0,0,0,0,0
2026-08-13T03:51:12.638884,337,0,0,0,0,0
2026-08-13T03:51:12.642885,338,0,0,0,0,0
2026-08-13T03:51:12.642885,340,0,0,0,0,0
2026-08-13T03:51:12.642885,341,0,0,0,0,0
2026-08-13T03:51:12.643884,344,0,0,0,0,0
2026-08-13T03:51:12.646402,347,0,0,0,0,0
2026-08-13T03:51:12.647403,349,0,0,0,0,0
2026-08-13T03:51:12.647403,352,0,0,0,0,0
2026-08-13T03:51:12.650422,352,0,0,0,0,0
2026-08-13T03:51:12.651415,354,0,0,0,0,0
2026-08-13T03:51:12.651415,354,0,0,0,0,0
2026-08-13T03:51:12.651415,355,0,0,0,0,0
2026-08-13T03:51:12.654928,356,0,0,0,0,0
2026-08-13T03:51:12.654928,356,0,0,0,0,0
2026-08-13T03:51:12.655926,356,0,0,0,0,0
2026-08-13T03:51:12.658925,356,0,0,0,0,0
2026-08-13T03:51:12.658925,357,0,0,0,0,0
2026-08-13T03:51:12.659927,357,0,0,0,0,0
2026-08-13T03:51:12.662930,357,0,0,0,0,0
2026-08-13T03:51:12.663926,357,0,0,0,0,0
2026-08-13T03:51:12.663926,356,0,0,0,0,0
2026-08-13T03:51:12.664435,357,0,0,0,0,0
2026-08-13T03:51:12.667439,359,0,0,0,0,0
2026-08-13T03:51:12.667439,359,0,0,0,0,0
2026-08-13T03:51:12.667439,359,0,0,0,0,0
2026-08-13T03:51:12.670959,359,0,0,0,0,0
2026-08-13T03:51:12.671958,357,0,0,0,0,0
2026-08-13T03:51:12.671958,355,0,0,0,0,0
2026-08-13T03:51:12.671958,353,0,0,0,0,0
2026-08-13T03:51:12.675479,351,0,0,0,0,0
2026-08-13T03:51:12.675479,349,0,0,0,0,0
2026-08-13T03:51:12.676475,348,0,0,0,0,0
2026-08-13T03:51:12.679476,346,0,0,0,0,0
2026-08-13T03:51:12.679476,346,0,0,0,0,0
2026-08-13T03:51:12.680476,346,0,0,0,0,0
2026-08-13T03:51:12.680476,346,0,0,0,0,0
2026-08-13T03:51:12.682474,347,0,0,0,0,0
2026-08-13T03:51:12.683984,346,0,0,0,0,0
2026-08-13T03:51:12.683984,348,0,0,0,0,0
2026-08-13T03:51:12.687996,350,0,0,0,0,0
2026-08-13T03:51:12.687996,351,0,0,0,0,0
2026-08-13T03:51:12.687996,351,0,0,0,0,0
2026-08-13T03:51:12.688994,351,0,0,0,0,0
2026-08-13T03:51:12.691994,350,0,0,0,0,0
2026-08-13T03:51:12.691994,348,0,0,0,0,0
2026-08-13T03:51:12.692996,349,0,0,0,0,0
2026-08-13T03:51:12.695510,347,0,0,0,0,0
2026-08-13T03:51:12.696511,347,0,0,0,0,0
2026-08-13T03:51:12.696511,346,0,0,0,0,0
2026-08-13T03:51:12.699507,344,0,0,0,0,0
2026-08-13T03:51:12.700508,343,0,0,0,0,0
2026-08-13T03:51:12.700508,341,0,0,0,0,0
2026-08-13T03:51:12.701511,342,0,0,0,0,0
2026-08-13T03:51:12.704017,341,0,0,0,0,0
2026-08-13T03:51:12.704017,340,0,0,0,0,0
2026-08-13T03:51:12.705026,343,0,0,0,0,0
2026-08-13T03:51:12.708027,343,0,0,0,0,0
2026-08-13T03:51:12.708027,344,0,0,0,0,0
2026-08-13T03:51:12.709029,343,0,0,0,0,0
2026-08-13T03:51:12.709029,342,0,0,0,0,0
2026-08-13T03:51:12.712027,341,0,0,0,0,0
2026-08-13T03:51:12.713026,340,0,0,0,0,0
2026-08-13T03:51:12.713026,341,0,0,0,0,0
2026-08-13T03:51:12.716546,340,0,0,0,0,0
2026-08-13T03:51:12.716546,339,0,0,0,0,0
2026-08-13T03:51:12.716546,339,0,0,0,0,0
2026-08-13T03:51:12.717548,338,0,0,0,0,0
2026-08-13T03:51:12.720549,338,0,0,0,0,0
2026-08-13T03:51:12.720549,337,0,0,0,0,0
2026-08-13T03:51:12.721550,338,0,0,0,0,0
2026-08-13T03:51:12.724063,337,0,0,0,0,0
2026-08-13T03:51:12.725077,338,0,0,0,0,0
2026-08-13T03:51:12.725077,342,0,0,0,0,0
2026-08-13T03:51:12.728098,342,0,0,0,0,0
2026-08-13T03:51:12.729076,341,0,0,0,0,0
2026-08-13T03:51:12.729076,342,0,0,0,0,0
2026-08-13T03:51:12.729076,342,0,0,0,0,0
2026-08-13T03:51:12.733078,341,0,0,0,0,0
2026-08-13T03:51:12.733078,340,0,0,0,0,0
2026-08-13T03:51:12.734074,341,0,0,0,0,0
2026-08-13T03:51:12.736593,339,0,0,0,0,0
2026-08-13T03:51:12.737599,338,0,0,0,0,0
2026-08-13T03:51:12.737599,339,0,0,0,0,0
2026-08-13T03:51:12.737599,338,0,0,0,0,0
2026-08-13T03:51:12.740605,338,0,0,0,0,0
2026-08-13T03:51:12.741592,337,0,0,0,0,0
2026-08-13T03:51:12.742101,338,0,0,0,0,0
2026-08-13T03:51:12.744636,338,0,0,0,0,0
2026-08-13T03:51:12.745635,339,0,0,0,0,0
2026-08-13T03:51:12.745635,341,0,0,0,0,0
2026-08-13T03:51:12.746637,341,0,0,0,0,0
2026-08-13T03:51:12.748640,342,0,0,0,0,0
2026-08-13T03:51:12.749636,342,0,0,0,0,0
2026-08-13T03:51:12.749636,342,0,0,0,0,0
2026-08-13T03:51:12.753188,340,0,0,0,0,0
2026-08-13T03:51:12.753710,340,0,0,0,0,0
2026-08-13T03:51:12.753710,340,0,0,0,0,0
2026-08-13T03:51:12.753710,339,0,0,0,0,0
2026-08-13T03:51:12.756719,339,0,0,0,0,0
2026-08-13T03:51:12.757717,338,0,0,0,0,0
2026-08-13T03:51:12.757717,337,0,0,0,0,0
2026-08-13T03:51:12.761721,337,0,0,0,0,0
2026-08-13T03:51:12.761721,337,0,0,0,0,0
2026-08-13T03:51:12.761721,338,0,0,0,0,0
2026-08-13T03:51:12.765238,338,0,0,0,0,0
2026-08-13T03:51:12.766234,340,0,0,0,0,0
2026-08-13T03:51:12.766234,341,0,0,0,0,0
2026-08-13T03:51:12.766234,342,0,0,0,0,0
2026-08-13T03:51:12.769774,343,0,0,0,0,0
2026-08-13T03:51:12.769774,343,0,0,0,0,0
2026-08-13T03:51:12.769774,343,0,0,0,0,0
2026-08-13T03:51:12.773779,341,0,0,0,0,0
2026-08-13T03:51:12.775307,343,0,0,0,0,0
2026-08-13T03:51:12.775307,342,0,0,0,0,0
2026-08-13T03:51:12.775307,342,0,0,0,0,0
2026-08-13T03:51:12.777299,342,0,0,0,0,0
2026-08-13T03:51:12.778298,341,0,0,0,0,0
2026-08-13T03:51:12.778298,342,0,0,0,0,0
2026-08-13T03:51:12.781300,341,0,0,0,0,0
2026-08-13T03:51:12.782302,342,0,0,0,0,0
2026-08-13T03:51:12.782302,343,0,0,0,0,0
2026-08-13T03:51:12.783816,344,0,0,0,0,0
2026-08-13T03:51:12.785861,347,0,0,0,0,0
2026-08-13T03:51:12.786831,348,0,0,0,0,0
2026-08-13T03:51:12.786831,350,0,0,0,0,0
2026-08-13T03:51:12.789826,351,0,0,0,0,0
2026-08-13T03:51:12.790833,351,0,0,0,0,0
2026-08-13T03:51:12.790833,351,0,0,0,0,0
2026-08-13T03:51:12.794337,349,0,0,0,0,0
2026-08-13T03:51:12.794337,349,0,0,0,0,0
2026-08-13T03:51:12.795347,346,0,0,0,0,0
2026-08-13T03:51:12.795347,343,0,0,0,0,0
2026-08-13T03:51:12.798368,341,0,0,0,0,0
2026-08-13T03:51:12.798368,339,0,0,0,0,0
2026-08-13T03:51:12.799342,337,0,0,0,0,0
2026-08-13T03:51:12.802344,336,0,0,0,0,0
2026-08-13T03:51:12.802344,336,0,0,0,0,0
2026-08-13T03:51:12.802344,336,0,0,0,0,0
2026-08-13T03:51:12.803858,337,0,0,0,0,0
2026-08-13T03:51:12.805870,340,0,0,0,0,0
2026-08-13T03:51:12.806869,342,0,0,0,0,0
2026-08-13T03:51:12.806869,343,0,0,0,0,0
2026-08-13T03:51:12.810869,344,0,0,0,0,0
2026-08-13T03:51:12.810869,346,0,0,0,0,0
2026-08-13T03:51:12.811874,345,0,0,0,0,0
2026-08-13T03:51:12.811874,343,0,0,0,0,0
2026-08-13T03:51:12.814386,344,0,0,0,0,0
2026-08-13T03:51:12.815389,342,0,0,0,0,0
2026-08-13T03:51:12.815389,341,0,0,0,0,0
2026-08-13T03:51:12.818390,341,0,0,0,0,0
2026-08-13T03:51:12.819392,340,0,0,0,0,0
2026-08-13T03:51:12.819392,340,0,0,0,0,0
2026-08-13T03:51:12.819392,340,0,0,0,0,0
2026-08-13T03:51:12.822389,342,0,0,0,0,0
2026-08-13T03:51:12.822389,341,0,0,0,0,0
2026-08-13T03:51:12.823901,343,0,0,0,0,0
2026-08-13T03:51:12.826919,345,0,0,0,0,0
2026-08-13T03:51:12.826919,346,0,0,0,0,0
2026-08-13T03:51:12.827916,347,0,0,0,0,0
2026-08-13T03:51:12.830915,347,0,0,0,0,0
2026-08-13T03:51:12.830915,348,0,0,0,0,0
2026-08-13T03:51:12.831913,348,0,0,0,0,0
2026-08-13T03:51:12.831913,349,0,0,0,0,0
2026-08-13T03:51:12.835465,351,0,0,0,0,0
2026-08-13T03:51:12.835465,349,0,0,0,0,0
2026-08-13T03:51:12.835465,350,0,0,0,0,0
2026-08-13T03:51:12.839465,349,0,0,0,0,0
2026-08-13T03:51:12.839465,348,0,0,0,0,0
2026-08-13T03:51:12.839465,348,0,0,0,0,0
2026-08-13T03:51:12.840462,348,0,0,0,0,0
2026-08-13T03:51:12.842468,349,0,0,0,0,0
2026-08-13T03:51:12.843981,348,0,0,0,0,0
2026-08-13T03:51:12.843981,351,0,0,0,0,0
2026-08-13T03:51:12.846993,353,0,0,0,0,0
2026-08-13T03:51:12.847991,353,0,0,0,0,0
2026-08-13T03:51:12.847991,353,0,0,0,0,0
2026-08-13T03:51:12.848990,354,0,0,0,0,0
2026-08-13T03:51:12.850996,354,0,0,0,0,0
2026-08-13T03:51:12.851993,352,0,0,0,0,0
2026-08-13T03:51:12.851993,352,0,0,0,0,0
2026-08-13T03:51:12.855516,352,0,0,0,0,0
2026-08-13T03:51:12.855516,351,0,0,0,0,0
2026-08-13T03:51:12.856513,351,0,0,0,0,0
2026-08-13T03:51:12.859517,351,0,0,0,0,0
2026-08-13T03:51:12.860515,350,0,0,0,0,0
2026-08-13T03:51:12.860515,349,0,0,0,0,0
2026-08-13T03:51:12.860515,349,0,0,0,0,0
2026-08-13T03:51:12.864022,350,0,0,0,0,0
2026-08-13T03:51:12.864022,349,0,0,0,0,0
2026-08-13T03:51:12.864022,352,0,0,0,0,0
2026-08-13T03:51:12.868031,353,0,0,0,0,0
2026-08-13T03:51:12.868031,353,0,0,0,0,0
2026-08-13T03:51:12.869033,354,0,0,0,0,0
2026-08-13T03:51:12.869033,353,0,0,0,0,0
2026-08-13T03:51:12.871547,354,0,0,0,0,0
2026-08-13T03:51:12.872549,352,0,0,0,0,0
2026-08-13T03:51:12.872549,353,0,0,0,0,0
2026-08-13T03:51:12.876076,352,0,0,0,0,0
2026-08-13T03:51:12.877072,351,0,0,0,0,0
2026-08-13T03:51:12.877072,351,0,0,0,0,0
2026-08-13T03:51:12.878071,350,0,0,0,0,0
2026-08-13T03:51:12.880092,350,0,0,0,0,0
2026-08-13T03:51:12.880092,349,0,0,0,0,0
2026-08-13T03:51:12.881073,349,0,0,0,0,0
2026-08-13T03:51:12.884586,349,0,0,0,0,0
2026-08-13T03:51:12.884586,349,0,0,0,0,0
2026-08-13T03:51:12.884586,352,0,0,0,0,0
2026-08-13T03:51:12.885596,353,0,0,0,0,0
2026-08-13T03:51:12.888589,354,0,0,0,0,0
2026-08-13T03:51:12.888589,353,0,0,0,0,0
2026-08-13T03:51:12.888589,354,0,0,0,0,0
2026-08-13T03:51:12.892594,353,0,0,0,0,0
2026-08-13T03:51:12.892594,352,0,0,0,0,0
2026-08-13T03:51:12.892594,353,0,0,0,0,0
2026-08-13T03:51:12.896125,352,0,0,0,0,0
2026-08-13T03:51:12.897125,351,0,0,0,0,0
2026-08-13T03:51:12.897125,351,0,0,0,0,0
2026-08-13T03:51:12.898127,351,0,0,0,0,0
2026-08-13T03:51:12.900123,349,0,0,0,0,0
2026-08-13T03:51:12.901123,349,0,0,0,0,0
2026-08-13T03:51:12.901123,350,0,0,0,0,0
2026-08-13T03:51:12.904639,349,0,0,0,0,0
2026-08-13T03:51:12.904639,350,0,0,0,0,0
2026-08-13T03:51:12.905642,353,0,0,0,0,0
2026-08-13T03:51:12.905642,353,0,0,0,0,0
2026-08-13T03:51:12.908645,354,0,0,0,0,0
2026-08-13T03:51:12.909642,354,0,0,0,0,0
2026-08-13T03:51:12.909642,354,0,0,0,0,0
2026-08-13T03:51:12.912638,353,0,0,0,0,0
2026-08-13T03:51:12.913640,352,0,0,0,0,0
2026-08-13T03:51:12.913640,353,0,0,0,0,0
2026-08-13T03:51:12.914149,352,0,0,0,0,0
2026-08-13T03:51:12.917152,351,0,0,0,0,0
2026-08-13T03:51:12.917152,351,0,0,0,0,0
2026-08-13T03:51:12.918155,349,0,0,0,0,0
2026-08-13T03:51:12.921150,349,0,0,0,0,0
2026-08-13T03:51:12.921150,349,0,0,0,0,0
2026-08-13T03:51:12.922152,350,0,0,0,0,0
2026-08-13T03:51:12.922152,350,0,0,0,0,0
2026-08-13T03:51:12.924677,351,0,0,0,0,0
2026-08-13T03:51:12.925677,353,0,0,0,0,0
2026-08-13T03:51:12.925677,353,0,0,0,0,0
2026-08-13T03:51:12.929675,354,0,0,0,0,0
2026-08-13T03:51:12.929675,354,0,0,0,0,0
2026-08-13T03:51:12.929675,354,0,0,0,0,0
2026-08-13T03:51:12.933675,353,0,0,0,0,0
2026-08-13T03:51:12.934188,353,0,0,0,0,0
2026-08-13T03:51:12.934188,353,0,0,0,0,0
2026-08-13T03:51:12.934188,352,0,0,0,0,0
2026-08-13T03:51:12.937196,351,0,0,0,0,0
2026-08-13T03:51:12.938195,350,0,0,0,0,0
2026-08-13T03:51:12.938195,350,0,0,0,0,0
2026-08-13T03:51:12.941193,350,0,0,0,0,0
2026-08-13T03:51:12.942195,350,0,0,0,0,0
2026-08-13T03:51:12.942195,350,0,0,0,0,0
2026-08-13T03:51:12.942195,349,0,0,0,0,0
2026-08-13T03:51:12.945718,351,0,0,0,0,0
2026-08-13T03:51:12.945718,353,0,0,0,0,0
2026-08-13T03:51:12.946718,353,0,0,0,0,0
2026-08-13T03:51:12.949712,353,0,0,0,0,0
2026-08-13T03:51:12.949712,354,0,0,0,0,0
2026-08-13T03:51:12.950729,353,0,0,0,0,0
2026-08-13T03:51:12.950729,352,0,0,0,0,0
2026-08-13T03:51:12.954274,352,0,0,0,0,0
2026-08-13T03:51:12.954274,352,0,0,0,0,0
2026-08-13T03:51:12.954274,351,0,0,0,0,0
2026-08-13T03:51:12.958285,351,0,0,0,0,0
2026-08-13T03:51:12.958285,351,0,0,0,0,0
2026-08-13T03:51:12.958285,351,0,0,0,0,0
2026-08-13T03:51:12.962271,349,0,0,0,0,0
2026-08-13T03:51:12.962271,349,0,0,0,0,0
2026-08-13T03:51:12.962271,350,0,0,0,0,0
2026-08-13T03:51:12.962271,350,0,0,0,0,0
2026-08-13T03:51:12.965795,352,0,0,0,0,0
2026-08-13T03:51:12.966792,353,0,0,0,0,0
2026-08-13T03:51:12.966792,353,0,0,0,0,0
2026-08-13T03:51:12.970311,353,0,0,0,0,0
2026-08-13T03:51:12.970311,352,0,0,0,0,0
2026-08-13T03:51:12.971312,351,0,0,0,0,0
2026-08-13T03:51:12.971312,350,0,0,0,0,0
2026-08-13T03:51:12.974834,351,0,0,0,0,0
2026-08-13T03:51:12.974834,350,0,0,0,0,0
2026-08-13T03:51:12.974834,349,0,0,0,0,0
2026-08-13T03:51:12.978833,348,0,0,0,0,0
2026-08-13T03:51:12.978833,347,0,0,0,0,0
2026-08-13T03:51:12.978833,347,0,0,0,0,0
2026-08-13T03:51:12.979834,346,0,0,0,0,0
2026-08-13T03:51:12.982832,346,0,0,0,0,0
2026-08-13T03:51:12.982832,346,0,0,0,0,0
2026-08-13T03:51:12.982832,345,0,0,0,0,0
2026-08-13T03:51:12.986390,348,0,0,0,0,0
2026-08-13T03:51:12.987387,349,0,0,0,0,0
2026-08-13T03:51:12.987387,350,0,0,0,0,0
2026-08-13T03:51:12.987387,349,0,0,0,0,0
2026-08-13T03:51:12.990389,348,0,0,0,0,0
2026-08-13T03:51:12.991391,348,0,0,0,0,0
2026-08-13T03:51:12.991391,347,0,0,0,0,0
2026-08-13T03:51:12.994912,347,0,0,0,0,0
2026-08-13T03:51:12.994912,345,0,0,0,0,0
2026-08-13T03:51:12.995912,343,0,0,0,0,0
2026-08-13T03:51:12.998911,344,0,0,0,0,0
2026-08-13T03:51:12.998911,343,0,0,0,0,0
2026-08-13T03:51:12.999913,343,0,0,0,0,0
2026-08-13T03:51:12.999913,342,0,0,0,0,0
2026-08-13T03:51:13.002909,343,0,0,0,0,0
2026-08-13T03:51:13.002909,342,0,0,0,0,0
2026-08-13T03:51:13.003912,343,0,0,0,0,0
2026-08-13T03:51:13.007431,345,0,0,0,0,0
2026-08-13T03:51:13.007431,345,0,0,0,0,0
2026-08-13T03:51:13.007431,345,0,0,0,0,0
2026-08-13T03:51:13.008429,345,0,0,0,0,0
2026-08-13T03:51:13.011427,345,0,0,0,0,0
2026-08-13T03:51:13.011427,343,0,0,0,0,0
2026-08-13T03:51:13.011427,342,0,0,0,0,0
2026-08-13T03:51:13.014953,342,0,0,0,0,0
2026-08-13T03:51:13.015958,340,0,0,0,0,0
2026-08-13T03:51:13.015958,339,0,0,0,0,0
2026-08-13T03:51:13.015958,338,0,0,0,0,0
2026-08-13T03:51:13.018956,336,0,0,0,0,0
2026-08-13T03:51:13.019952,335,0,0,0,0,0
2026-08-13T03:51:13.019952,335,0,0,0,0,0
2026-08-13T03:51:13.022956,336,0,0,0,0,0
2026-08-13T03:51:13.023952,335,0,0,0,0,0
2026-08-13T03:51:13.024468,337,0,0,0,0,0
2026-08-13T03:51:13.027472,337,0,0,0,0,0
2026-08-13T03:51:13.027472,337,0,0,0,0,0
2026-08-13T03:51:13.028473,339,0,0,0,0,0
2026-08-13T03:51:13.028473,338,0,0,0,0,0
2026-08-13T03:51:13.031474,338,0,0,0,0,0
2026-08-13T03:51:13.032471,334,0,0,0,0,0
2026-08-13T03:51:13.032471,334,0,0,0,0,0
2026-08-13T03:51:13.036011,333,0,0,0,0,0
2026-08-13T03:51:13.036011,330,0,0,0,0,0
2026-08-13T03:51:13.037011,327,0,0,0,0,0
2026-08-13T03:51:13.037011,325,0,0,0,0,0
2026-08-13T03:51:13.040009,324,0,0,0,0,0
2026-08-13T03:51:13.040009,323,0,0,0,0,0
2026-08-13T03:51:13.041011,321,0,0,0,0,0
2026-08-13T03:51:13.044010,321,0,0,0,0,0
2026-08-13T03:51:13.044521,322,0,0,0,0,0
2026-08-13T03:51:13.044521,325,0,0,0,0,0
2026-08-13T03:51:13.045535,329,0,0,0,0,0
2026-08-13T03:51:13.047527,329,0,0,0,0,0
2026-08-13T03:51:13.048528,331,0,0,0,0,0
2026-08-13T03:51:13.048528,331,0,0,0,0,0
2026-08-13T03:51:13.052523,332,0,0,0,0,0
2026-08-13T03:51:13.052523,330,0,0,0,0,0
2026-08-13T03:51:13.052523,327,0,0,0,0,0
2026-08-13T03:51:13.052523,325,0,0,0,0,0
2026-08-13T03:51:13.056043,320,0,0,0,0,0
2026-08-13T03:51:13.057043,319,0,0,0,0,0
2026-08-13T03:51:13.057043,318,0,0,0,0,0
2026-08-13T03:51:13.060044,317,0,0,0,0,0
2026-08-13T03:51:13.061042,316,0,0,0,0,0
2026-08-13T03:51:13.061042,316,0,0,0,0,0
2026-08-13T03:51:13.064555,313,0,0,0,0,0
2026-08-13T03:51:13.064555,311,0,0,0,0,0
2026-08-13T03:51:13.065560,311,0,0,0,0,0
2026-08-13T03:51:13.065560,311,0,0,0,0,0
2026-08-13T03:51:13.068564,311,0,0,0,0,0
2026-08-13T03:51:13.068564,309,0,0,0,0,0
2026-08-13T03:51:13.069567,306,0,0,0,0,0
2026-08-13T03:51:13.072089,302,0,0,0,0,0
2026-08-13T03:51:13.073099,299,0,0,0,0,0
2026-08-13T03:51:13.073099,298,0,0,0,0,0
2026-08-13T03:51:13.073099,297,0,0,0,0,0
2026-08-13T03:51:13.076610,298,0,0,0,0,0
2026-08-13T03:51:13.077604,297,0,0,0,0,0
2026-08-13T03:51:13.077604,295,0,0,0,0,0
2026-08-13T03:51:13.080617,293,0,0,0,0,0
2026-08-13T03:51:13.081617,294,0,0,0,0,0
2026-08-13T03:51:13.081617,296,0,0,0,0,0
2026-08-13T03:51:13.081617,297,0,0,0,0,0
2026-08-13T03:51:13.085156,301,0,0,0,0,0
2026-08-13T03:51:13.085156,306,0,0,0,0,0
2026-08-13T03:51:13.085156,308,0,0,0,0,0
2026-08-13T03:51:13.089168,312,0,0,0,0,0
2026-08-13T03:51:13.089168,312,0,0,0,0,0
2026-08-13T03:51:13.091138,315,0,0,0,0,0
2026-08-13T03:51:13.092153,315,0,0,0,0,0
2026-08-13T03:51:13.093663,314,0,0,0,0,0
2026-08-13T03:51:13.093663,315,0,0,0,0,0
2026-08-13T03:51:13.093663,313,0,0,0,0,0
2026-08-13T03:51:13.097685,312,0,0,0,0,0
2026-08-13T03:51:13.097685,310,0,0,0,0,0
2026-08-13T03:51:13.097685,307,0,0,0,0,0
2026-08-13T03:51:13.101684,307,0,0,0,0,0
2026-08-13T03:51:13.101684,303,0,0,0,0,0
2026-08-13T03:51:13.101684,304,0,0,0,0,0
2026-08-13T03:51:13.101684,302,0,0,0,0,0
2026-08-13T03:51:13.105236,303,0,0,0,0,0
2026-08-13T03:51:13.106234,303,0,0,0,0,0
2026-08-13T03:51:13.106234,302,0,0,0,0,0
2026-08-13T03:51:13.109235,302,0,0,0,0,0
2026-08-13T03:51:13.110219,300,0,0,0,0,0
2026-08-13T03:51:13.110219,299,0,0,0,0,0
2026-08-13T03:51:13.110219,297,0,0,0,0,0
2026-08-13T03:51:13.113758,295,0,0,0,0,0
2026-08-13T03:51:13.113758,295,0,0,0,0,0
2026-08-13T03:51:13.114774,292,0,0,0,0,0
2026-08-13T03:51:13.117789,291,0,0,0,0,0
2026-08-13T03:51:13.117789,290,0,0,0,0,0
2026-08-13T03:51:13.117789,288,0,0,0,0,0
2026-08-13T03:51:13.118774,287,0,0,0,0,0
2026-08-13T03:51:13.121789,286,0,0,0,0,0
2026-08-13T03:51:13.121789,287,0,0,0,0,0
2026-08-13T03:51:13.122793,285,0,0,0,0,0
2026-08-13T03:51:13.126327,286,0,0,0,0,0
2026-08-13T03:51:13.126327,288,0,0,0,0,0
2026-08-13T03:51:13.127310,288,0,0,0,0,0
2026-08-13T03:51:13.130326,289,0,0,0,0,0
2026-08-13T03:51:13.130326,289,0,0,0,0,0
2026-08-13T03:51:13.131310,289,0,0,0,0,0
2026-08-13T03:51:13.131310,288,0,0,0,0,0
2026-08-13T03:51:13.133831,289,0,0,0,0,0
2026-08-13T03:51:13.134861,290,0,0,0,0,0
2026-08-13T03:51:13.134861,289,0,0,0,0,0
2026-08-13T03:51:13.137860,290,0,0,0,0,0
2026-08-13T03:51:13.138846,289,0,0,0,0,0
2026-08-13T03:51:13.139860,290,0,0,0,0,0
2026-08-13T03:51:13.139860,289,0,0,0,0,0
2026-08-13T03:51:13.141864,291,0,0,0,0,0
2026-08-13T03:51:13.142861,292,0,0,0,0,0
2026-08-13T03:51:13.142861,293,0,0,0,0,0
2026-08-13T03:51:13.146360,295,0,0,0,0,0
2026-08-13T03:51:13.146360,298,0,0,0,0,0
2026-08-13T03:51:13.147384,299,0,0,0,0,0
2026-08-13T03:51:13.147384,300,0,0,0,0,0
2026-08-13T03:51:13.150371,300,0,0,0,0,0
2026-08-13T03:51:13.151372,299,0,0,0,0,0
2026-08-13T03:51:13.151372,297,0,0,0,0,0
2026-08-13T03:51:13.154910,296,0,0,0,0,0
2026-08-13T03:51:13.154910,294,0,0,0,0,0
2026-08-13T03:51:13.155895,292,0,0,0,0,0
2026-08-13T03:51:13.155895,292,0,0,0,0,0
2026-08-13T03:51:13.158910,289,0,0,0,0,0
2026-08-13T03:51:13.158910,287,0,0,0,0,0
2026-08-13T03:51:13.158910,287,0,0,0,0,0
2026-08-13T03:51:13.162909,290,0,0,0,0,0
2026-08-13T03:51:13.162909,290,0,0,0,0,0
2026-08-13T03:51:13.163894,291,0,0,0,0,0
2026-08-13T03:51:13.167057,295,0,0,0,0,0
2026-08-13T03:51:13.167057,295,0,0,0,0,0
2026-08-13T03:51:13.168042,297,0,0,0,0,0
2026-08-13T03:51:13.168042,296,0,0,0,0,0
2026-08-13T03:51:13.170592,295,0,0,0,0,0
2026-08-13T03:51:13.171592,294,0,0,0,0,0
2026-08-13T03:51:13.171592,292,0,0,0,0,0
2026-08-13T03:51:13.175132,293,0,0,0,0,0
2026-08-13T03:51:13.175132,293,0,0,0,0,0
2026-08-13T03:51:13.176127,294,0,0,0,0,0
2026-08-13T03:51:13.176127,296,0,0,0,0,0
2026-08-13T03:51:13.179130,297,0,0,0,0,0
2026-08-13T03:51:13.179130,299,0,0,0,0,0
2026-08-13T03:51:13.180127,299,0,0,0,0,0
2026-08-13T03:51:13.183649,301,0,0,0,0,0
2026-08-13T03:51:13.183649,303,0,0,0,0,0
2026-08-13T03:51:13.184682,305,0,0,0,0,0
2026-08-13T03:51:13.185667,308,0,0,0,0,0
2026-08-13T03:51:13.187681,311,0,0,0,0,0
2026-08-13T03:51:13.187681,312,0,0,0,0,0
2026-08-13T03:51:13.187681,312,0,0,0,0,0
2026-08-13T03:51:13.191686,312,0,0,0,0,0
2026-08-13T03:51:13.191686,311,0,0,0,0,0
2026-08-13T03:51:13.191686,311,0,0,0,0,0
2026-08-13T03:51:13.195236,311,0,0,0,0,0
2026-08-13T03:51:13.196213,308,0,0,0,0,0
2026-08-13T03:51:13.196213,307,0,0,0,0,0
2026-08-13T03:51:13.197213,306,0,0,0,0,0
2026-08-13T03:51:13.199228,305,0,0,0,0,0
2026-08-13T03:51:13.200228,304,0,0,0,0,0
2026-08-13T03:51:13.200228,303,0,0,0,0,0
2026-08-13T03:51:13.203750,303,0,0,0,0,0
2026-08-13T03:51:13.203750,302,0,0,0,0,0
2026-08-13T03:51:13.204763,303,0,0,0,0,0
2026-08-13T03:51:13.204763,304,0,0,0,0,0
2026-08-13T03:51:13.207769,304,0,0,0,0,0
2026-08-13T03:51:13.208788,305,0,0,0,0,0
2026-08-13T03:51:13.208788,305,0,0,0,0,0
2026-08-13T03:51:13.211779,305,0,0,0,0,0
2026-08-13T03:51:13.212778,304,0,0,0,0,0
2026-08-13T03:51:13.212778,306,0,0,0,0,0
2026-08-13T03:51:13.213765,307,0,0,0,0,0
2026-08-13T03:51:13.216283,307,0,0,0,0,0
2026-08-13T03:51:13.216283,308,0,0,0,0,0
2026-08-13T03:51:13.217291,309,0,0,0,0,0
2026-08-13T03:51:13.220281,310,0,0,0,0,0
2026-08-13T03:51:13.220281,310,0,0,0,0,0
2026-08-13T03:51:13.221286,310,0,0,0,0,0
2026-08-13T03:51:13.221286,310,0,0,0,0,0
2026-08-13T03:51:13.223808,309,0,0,0,0,0
2026-08-13T03:51:13.224822,311,0,0,0,0,0
2026-08-13T03:51:13.224822,311,0,0,0,0,0
2026-08-13T03:51:13.227824,311,0,0,0,0,0
2026-08-13T03:51:13.228830,311,0,0,0,0,0
2026-08-13T03:51:13.228830,310,0,0,0,0,0
2026-08-13T03:51:13.232833,309,0,0,0,0,0
2026-08-13T03:51:13.232833,307,0,0,0,0,0
2026-08-13T03:51:13.232833,307,0,0,0,0,0
2026-08-13T03:51:13.233824,307,0,0,0,0,0
2026-08-13T03:51:13.236345,305,0,0,0,0,0
2026-08-13T03:51:13.236345,306,0,0,0,0,0
2026-08-13T03:51:13.237345,305,0,0,0,0,0
2026-08-13T03:51:13.240347,305,0,0,0,0,0
2026-08-13T03:51:13.241348,304,0,0,0,0,0
2026-08-13T03:51:13.241348,305,0,0,0,0,0
2026-08-13T03:51:13.241348,305,0,0,0,0,0
2026-08-13T03:51:13.244873,305,0,0,0,0,0
2026-08-13T03:51:13.244873,308,0,0,0,0,0
2026-08-13T03:51:13.245859,309,0,0,0,0,0
2026-08-13T03:51:13.248862,309,0,0,0,0,0
2026-08-13T03:51:13.248862,309,0,0,0,0,0
2026-08-13T03:51:13.249863,308,0,0,0,0,0
2026-08-13T03:51:13.249863,308,0,0,0,0,0
2026-08-13T03:51:13.252858,306,0,0,0,0,0
2026-08-13T03:51:13.252858,306,0,0,0,0,0
2026-08-13T03:51:13.253866,304,0,0,0,0,0
2026-08-13T03:51:13.257360,301,0,0,0,0,0
2026-08-13T03:51:13.258030,300,0,0,0,0,0
2026-08-13T03:51:13.258386,300,0,0,0,0,0
2026-08-13T03:51:13.260901,297,0,0,0,0,0
2026-08-13T03:51:13.260901,296,0,0,0,0,0
2026-08-13T03:51:13.261905,296,0,0,0,0,0
2026-08-13T03:51:13.261905,294,0,0,0,0,0
2026-08-13T03:51:13.265427,295,0,0,0,0,0
2026-08-13T03:51:13.265427,296,0,0,0,0,0
2026-08-13T03:51:13.265427,297,0,0,0,0,0
2026-08-13T03:51:13.269422,298,0,0,0,0,0
2026-08-13T03:51:13.269931,297,0,0,0,0,0
2026-08-13T03:51:13.269931,297,0,0,0,0,0
2026-08-13T03:51:13.269931,296,0,0,0,0,0
2026-08-13T03:51:13.272950,295,0,0,0,0,0
2026-08-13T03:51:13.273936,295,0,0,0,0,0
2026-08-13T03:51:13.274449,293,0,0,0,0,0
2026-08-13T03:51:13.277453,292,0,0,0,0,0
2026-08-13T03:51:13.277453,292,0,0,0,0,0
2026-08-13T03:51:13.278451,290,0,0,0,0,0
2026-08-13T03:51:13.278451,289,0,0,0,0,0
2026-08-13T03:51:13.281452,289,0,0,0,0,0
2026-08-13T03:51:13.281452,290,0,0,0,0,0
2026-08-13T03:51:13.282456,289,0,0,0,0,0
2026-08-13T03:51:13.285974,291,0,0,0,0,0
2026-08-13T03:51:13.285974,292,0,0,0,0,0
2026-08-13T03:51:13.285974,292,0,0,0,0,0
2026-08-13T03:51:13.286973,293,0,0,0,0,0
2026-08-13T03:51:13.290011,293,0,0,0,0,0
2026-08-13T03:51:13.290011,293,0,0,0,0,0
2026-08-13T03:51:13.290977,291,0,0,0,0,0
2026-08-13T03:51:13.293931,291,0,0,0,0,0
2026-08-13T03:51:13.293931,291,0,0,0,0,0
2026-08-13T03:51:13.293931,290,0,0,0,0,0
2026-08-13T03:51:13.297559,290,0,0,0,0,0
2026-08-13T03:51:13.298558,290,0,0,0,0,0
2026-08-13T03:51:13.298558,289,0,0,0,0,0
2026-08-13T03:51:13.298558,289,0,0,0,0,0
2026-08-13T03:51:13.301173,289,0,0,0,0,0
2026-08-13T03:51:13.302506,289,0,0,0,0,0
2026-08-13T03:51:13.302506,289,0,0,0,0,0
2026-08-13T03:51:13.305936,289,0,0,0,0,0
2026-08-13T03:51:13.305936,291,0,0,0,0,0
2026-08-13T03:51:13.305936,292,0,0,0,0,0
2026-08-13T03:51:13.307245,293,0,0,0,0,0
2026-08-13T03:51:13.310256,293,0,0,0,0,0
2026-08-13T03:51:13.311255,293,0,0,0,0,0
2026-08-13T03:51:13.311255,291,0,0,0,0,0
2026-08-13T03:51:13.314765,292,0,0,0,0,0
2026-08-13T03:51:13.314765,292,0,0,0,0,0
2026-08-13T03:51:13.315766,290,0,0,0,0,0
2026-08-13T03:51:13.315766,290,0,0,0,0,0
2026-08-13T03:51:13.318771,289,0,0,0,0,0
2026-08-13T03:51:13.318771,289,0,0,0,0,0
2026-08-13T03:51:13.318771,289,0,0,0,0,0
2026-08-13T03:51:13.322772,289,0,0,0,0,0
2026-08-13T03:51:13.322772,289,0,0,0,0,0
2026-08-13T03:51:13.322772,289,0,0,0,0,0
2026-08-13T03:51:13.326367,290,0,0,0,0,0
2026-08-13T03:51:13.327448,292,0,0,0,0,0
2026-08-13T03:51:13.327448,292,0,0,0,0,0
2026-08-13T03:51:13.327448,293,0,0,0,0,0
2026-08-13T03:51:13.330455,293,0,0,0,0,0
2026-08-13T03:51:13.330455,292,0,0,0,0,0
2026-08-13T03:51:13.330455,291,0,0,0,0,0
2026-08-13T03:51:13.333960,292,0,0,0,0,0
2026-08-13T03:51:13.335401,291,0,0,0,0,0
2026-08-13T03:51:13.335401,290,0,0,0,0,0
2026-08-13T03:51:13.335401,289,0,0,0,0,0
2026-08-13T03:51:13.338397,289,0,0,0,0,0
2026-08-13T03:51:13.339396,289,0,0,0,0,0
2026-08-13T03:51:13.339396,288,0,0,0,0,0
2026-08-13T03:51:13.342395,288,0,0,0,0,0
2026-08-13T03:51:13.342395,288,0,0,0,0,0
2026-08-13T03:51:13.343902,289,0,0,0,0,0
2026-08-13T03:51:13.343902,292,0,0,0,0,0
2026-08-13T03:51:13.346915,292,0,0,0,0,0
2026-08-13T03:51:13.346915,293,0,0,0,0,0
2026-08-13T03:51:13.347914,294,0,0,0,0,0
2026-08-13T03:51:13.350915,294,0,0,0,0,0
2026-08-13T03:51:13.351915,294,0,0,0,0,0
2026-08-13T03:51:13.351915,293,0,0,0,0,0
2026-08-13T03:51:13.351915,295,0,0,0,0,0
2026-08-13T03:51:13.354419,293,0,0,0,0,0
2026-08-13T03:51:13.355790,293,0,0,0,0,0
2026-08-13T03:51:13.355790,294,0,0,0,0,0
2026-08-13T03:51:13.358994,294,0,0,0,0,0
2026-08-13T03:51:13.359994,294,0,0,0,0,0
2026-08-13T03:51:13.359994,294,0,0,0,0,0
2026-08-13T03:51:13.363772,296,0,0,0,0,0
2026-08-13T03:51:13.363772,298,0,0,0,0,0
2026-08-13T03:51:13.363772,300,0,0,0,0,0
2026-08-13T03:51:13.364779,304,0,0,0,0,0
2026-08-13T03:51:13.367779,306,0,0,0,0,0
2026-08-13T03:51:13.367779,308,0,0,0,0,0
2026-08-13T03:51:13.367779,308,0,0,0,0,0
2026-08-13T03:51:13.371673,310,0,0,0,0,0
2026-08-13T03:51:13.371673,309,0,0,0,0,0
2026-08-13T03:51:13.372681,309,0,0,0,0,0
2026-08-13T03:51:13.372681,309,0,0,0,0,0
2026-08-13T03:51:13.375956,306,0,0,0,0,0
2026-08-13T03:51:13.375956,304,0,0,0,0,0
2026-08-13T03:51:13.375956,303,0,0,0,0,0
2026-08-13T03:51:13.379396,301,0,0,0,0,0
2026-08-13T03:51:13.380392,300,0,0,0,0,0
2026-08-13T03:51:13.380392,300,0,0,0,0,0
2026-08-13T03:51:13.380392,300,0,0,0,0,0
2026-08-13T03:51:13.383878,299,0,0,0,0,0
2026-08-13T03:51:13.383878,301,0,0,0,0,0
2026-08-13T03:51:13.383878,303,0,0,0,0,0
2026-08-13T03:51:13.387375,302,0,0,0,0,0
2026-08-13T03:51:13.388468,302,0,0,0,0,0
2026-08-13T03:51:13.388468,302,0,0,0,0,0
2026-08-13T03:51:13.388468,301,0,0,0,0,0
2026-08-13T03:51:13.391834,300,0,0,0,0,0
2026-08-13T03:51:13.392841,300,0,0,0,0,0
2026-08-13T03:51:13.392841,300,0,0,0,0,0
2026-08-13T03:51:13.396155,298,0,0,0,0,0
2026-08-13T03:51:13.396155,297,0,0,0,0,0
2026-08-13T03:51:13.397166,296,0,0,0,0,0
2026-08-13T03:51:13.400163,294,0,0,0,0,0
2026-08-13T03:51:13.400163,293,0,0,0,0,0
2026-08-13T03:51:13.400163,291,0,0,0,0,0
2026-08-13T03:51:13.401629,292,0,0,0,0,0
2026-08-13T03:51:13.404754,290,0,0,0,0,0
2026-08-13T03:51:13.404754,291,0,0,0,0,0
2026-08-13T03:51:13.404754,292,0,0,0,0,0
2026-08-13T03:51:13.408193,291,0,0,0,0,0
2026-08-13T03:51:13.409200,290,0,0,0,0,0
2026-08-13T03:51:13.409200,288,0,0,0,0,0
2026-08-13T03:51:13.409200,286,0,0,0,0,0
2026-08-13T03:51:13.412573,283,0,0,0,0,0
2026-08-13T03:51:13.412573,282,0,0,0,0,0
2026-08-13T03:51:13.412573,280,0,0,0,0,0
2026-08-13T03:51:13.416565,278,0,0,0,0,0
2026-08-13T03:51:13.416565,278,0,0,0,0,0
2026-08-13T03:51:13.417572,275,0,0,0,0,0
2026-08-13T03:51:13.417572,276,0,0,0,0,0
2026-08-13T03:51:13.420865,276,0,0,0,0,0
2026-08-13T03:51:13.420865,278,0,0,0,0,0
2026-08-13T03:51:13.421865,279,0,0,0,0,0
2026-08-13T03:51:13.424788,280,0,0,0,0,0
2026-08-13T03:51:13.424788,283,0,0,0,0,0
2026-08-13T03:51:13.425789,285,0,0,0,0,0
2026-08-13T03:51:13.429007,287,0,0,0,0,0
2026-08-13T03:51:13.429007,288,0,0,0,0,0
2026-08-13T03:51:13.430015,289,0,0,0,0,0
2026-08-13T03:51:13.430015,289,0,0,0,0,0
2026-08-13T03:51:13.432462,290,0,0,0,0,0
2026-08-13T03:51:13.432462,291,0,0,0,0,0
2026-08-13T03:51:13.434098,291,0,0,0,0,0
2026-08-13T03:51:13.437113,291,0,0,0,0,0
2026-08-13T03:51:13.437113,291,0,0,0,0,0
2026-08-13T03:51:13.438118,290,0,0,0,0,0
2026-08-13T03:51:13.438118,287,0,0,0,0,0
2026-08-13T03:51:13.441615,283,0,0,0,0,0
2026-08-13T03:51:13.441615,281,0,0,0,0,0
2026-08-13T03:51:13.441615,280,0,0,0,0,0
2026-08-13T03:51:13.445719,281,0,0,0,0,0
2026-08-13T03:51:13.445719,284,0,0,0,0,0
2026-08-13T03:51:13.445719,286,0,0,0,0,0
2026-08-13T03:51:13.446721,289,0,0,0,0,0
2026-08-13T03:51:13.449154,291,0,0,0,0,0
2026-08-13T03:51:13.449154,293,0,0,0,0,0
2026-08-13T03:51:13.450345,291,0,0,0,0,0
2026-08-13T03:51:13.453859,288,0,0,0,0,0
2026-08-13T03:51:13.453859,287,0,0,0,0,0
2026-08-13T03:51:13.453859,284,0,0,0,0,0
2026-08-13T03:51:13.454866,279,0,0,0,0,0
2026-08-13T03:51:13.457867,274,0,0,0,0,0
2026-08-13T03:51:13.457867,267,0,0,0,0,0
2026-08-13T03:51:13.457867,262,0,0,0,0,0
2026-08-13T03:51:13.461455,258,0,0,0,0,0
2026-08-13T03:51:13.462466,257,0,0,0,0,0
2026-08-13T03:51:13.462466,255,0,0,0,0,0
2026-08-13T03:51:13.466203,255,0,0,0,0,0
2026-08-13T03:51:13.466203,255,0,0,0,0,0
2026-08-13T03:51:13.466203,252,0,0,0,0,0
2026-08-13T03:51:13.467201,250,0,0,0,0,0
2026-08-13T03:51:13.470305,246,0,0,0,0,0
2026-08-13T03:51:13.470305,244,0,0,0,0,0
2026-08-13T03:51:13.470305,238,0,0,0,0,0
2026-08-13T03:51:13.473794,233,0,0,0,0,0
2026-08-13T03:51:13.474801,227,0,0,0,0,0
2026-08-13T03:51:13.474801,219,0,0,0,0,0
2026-08-13T03:51:13.474801,212,0,0,0,0,0
2026-08-13T03:51:13.478337,204,0,0,0,0,0
2026-08-13T03:51:13.478337,199,0,0,0,0,0
2026-08-13T03:51:13.478337,196,0,0,0,0,0
2026-08-13T03:51:13.482344,195,0,0,0,0,0
2026-08-13T03:51:13.482344,195,0,0,0,0,0
2026-08-13T03:51:13.482344,194,0,0,0,0,0
2026-08-13T03:51:13.482344,196,0,0,0,0,0
2026-08-13T03:51:13.485824,200,0,0,0,0,0
2026-08-13T03:51:13.487128,201,0,0,0,0,0
2026-08-13T03:51:13.487128,203,0,0,0,0,0
2026-08-13T03:51:13.490134,205,0,0,0,0,0
2026-08-13T03:51:13.491134,206,0,0,0,0,0
2026-08-13T03:51:13.491134,206,0,0,0,0,0
2026-08-13T03:51:13.494066,207,0,0,0,0,0
2026-08-13T03:51:13.495075,208,0,0,0,0,0
2026-08-13T03:51:13.495075,206,0,0,0,0,0
2026-08-13T03:51:13.495075,207,0,0,0,0,0
2026-08-13T03:51:13.498230,206,0,0,0,0,0
2026-08-13T03:51:13.499232,204,0,0,0,0,0
2026-08-13T03:51:13.499232,202,0,0,0,0,0
2026-08-13T03:51:13.502598,200,0,0,0,0,0
2026-08-13T03:51:13.502598,199,0,0,0,0,0
2026-08-13T03:51:13.503599,197,0,0,0,0,0
2026-08-13T03:51:13.503599,199,0,0,0,0,0
2026-08-13T03:51:13.506674,199,0,0,0,0,0
2026-08-13T03:51:13.507668,199,0,0,0,0,0
2026-08-13T03:51:13.507668,199,0,0,0,0,0
2026-08-13T03:51:13.510669,199,0,0,0,0,0
2026-08-13T03:51:13.511669,199,0,0,0,0,0
2026-08-13T03:51:13.511669,198,0,0,0,0,0
2026-08-13T03:51:13.511669,198,0,0,0,0,0
2026-08-13T03:51:13.515180,198,0,0,0,0,0
2026-08-13T03:51:13.515180,197,0,0,0,0,0
2026-08-13T03:51:13.515180,198,0,0,0,0,0
2026-08-13T03:51:13.519185,198,0,0,0,0,0
2026-08-13T03:51:13.519185,198,0,0,0,0,0
2026-08-13T03:51:13.520185,197,0,0,0,0,0
2026-08-13T03:51:13.520185,199,0,0,0,0,0
2026-08-13T03:51:13.522203,199,0,0,0,0,0
2026-08-13T03:51:13.523713,199,0,0,0,0,0
2026-08-13T03:51:13.523713,202,0,0,0,0,0
2026-08-13T03:51:13.527024,203,0,0,0,0,0
2026-08-13T03:51:13.528024,203,0,0,0,0,0
2026-08-13T03:51:13.528024,204,0,0,0,0,0
2026-08-13T03:51:13.531320,203,0,0,0,0,0
2026-08-13T03:51:13.531320,202,0,0,0,0,0
2026-08-13T03:51:13.532319,200,0,0,0,0,0
2026-08-13T03:51:13.532319,200,0,0,0,0,0
2026-08-13T03:51:13.535834,198,0,0,0,0,0
2026-08-13T03:51:13.535834,196,0,0,0,0,0
2026-08-13T03:51:13.535834,196,0,0,0,0,0
2026-08-13T03:51:13.539051,195,0,0,0,0,0
2026-08-13T03:51:13.539051,194,0,0,0,0,0
2026-08-13T03:51:13.540428,193,0,0,0,0,0
2026-08-13T03:51:13.540428,195,0,0,0,0,0
2026-08-13T03:51:13.543868,194,0,0,0,0,0
2026-08-13T03:51:13.543868,196,0,0,0,0,0
2026-08-13T03:51:13.543868,198,0,0,0,0,0
2026-08-13T03:51:13.548038,199,0,0,0,0,0
2026-08-13T03:51:13.548038,201,0,0,0,0,0
2026-08-13T03:51:13.548038,201,0,0,0,0,0
2026-08-13T03:51:13.548038,201,0,0,0,0,0
2026-08-13T03:51:13.551377,201,0,0,0,0,0
2026-08-13T03:51:13.552576,200,0,0,0,0,0
2026-08-13T03:51:13.552576,200,0,0,0,0,0
2026-08-13T03:51:13.556097,198,0,0,0,0,0
2026-08-13T03:51:13.556097,198,0,0,0,0,0
2026-08-13T03:51:13.556097,199,0,0,0,0,0
2026-08-13T03:51:13.560096,196,0,0,0,0,0
2026-08-13T03:51:13.560096,195,0,0,0,0,0
2026-08-13T03:51:13.561096,195,0,0,0,0,0
2026-08-13T03:51:13.561096,195,0,0,0,0,0
2026-08-13T03:51:13.564610,195,0,0,0,0,0
2026-08-13T03:51:13.564610,197,0,0,0,0,0
2026-08-13T03:51:13.565609,199,0,0,0,0,0
2026-08-13T03:51:13.567609,200,0,0,0,0,0
2026-08-13T03:51:13.567609,201,0,0,0,0,0
2026-08-13T03:51:13.569115,201,0,0,0,0,0
2026-08-13T03:51:13.569115,202,0,0,0,0,0
2026-08-13T03:51:13.572121,200,0,0,0,0,0
2026-08-13T03:51:13.572121,199,0,0,0,0,0
2026-08-13T03:51:13.572121,200,0,0,0,0,0
2026-08-13T03:51:13.576649,198,0,0,0,0,0
2026-08-13T03:51:13.576649,198,0,0,0,0,0
2026-08-13T03:51:13.576649,197,0,0,0,0,0
2026-08-13T03:51:13.577636,196,0,0,0,0,0
2026-08-13T03:51:13.580009,196,0,0,0,0,0
2026-08-13T03:51:13.581016,197,0,0,0,0,0
2026-08-13T03:51:13.581016,198,0,0,0,0,0
2026-08-13T03:51:13.584751,198,0,0,0,0,0
2026-08-13T03:51:13.584751,200,0,0,0,0,0
2026-08-13T03:51:13.584751,203,0,0,0,0,0
2026-08-13T03:51:13.585751,203,0,0,0,0,0
2026-08-13T03:51:13.588895,204,0,0,0,0,0
2026-08-13T03:51:13.588895,205,0,0,0,0,0
2026-08-13T03:51:13.588895,205,0,0,0,0,0
2026-08-13T03:51:13.592988,204,0,0,0,0,0
2026-08-13T03:51:13.592988,205,0,0,0,0,0
2026-08-13T03:51:13.592988,207,0,0,0,0,0
2026-08-13T03:51:13.596316,207,0,0,0,0,0
2026-08-13T03:51:13.597574,206,0,0,0,0,0
2026-08-13T03:51:13.597574,206,0,0,0,0,0
2026-08-13T03:51:13.597574,207,0,0,0,0,0
2026-08-13T03:51:13.601081,206,0,0,0,0,0
2026-08-13T03:51:13.601081,207,0,0,0,0,0
2026-08-13T03:51:13.602080,207,0,0,0,0,0
2026-08-13T03:51:13.605215,208,0,0,0,0,0
2026-08-13T03:51:13.605215,212,0,0,0,0,0
2026-08-13T03:51:13.605215,213,0,0,0,0,0
2026-08-13T03:51:13.606410,214,0,0,0,0,0
2026-08-13T03:51:13.609416,215,0,0,0,0,0
2026-08-13T03:51:13.609416,215,0,0,0,0,0
2026-08-13T03:51:13.609416,215,0,0,0,0,0
2026-08-13T03:51:13.612566,214,0,0,0,0,0
2026-08-13T03:51:13.614074,214,0,0,0,0,0
2026-08-13T03:51:13.614074,213,0,0,0,0,0
2026-08-13T03:51:13.614074,212,0,0,0,0,0
2026-08-13T03:51:13.617534,212,0,0,0,0,0
2026-08-13T03:51:13.617534,211,0,0,0,0,0
2026-08-13T03:51:13.618540,210,0,0,0,0,0
2026-08-13T03:51:13.621769,208,0,0,0,0,0
2026-08-13T03:51:13.621769,208,0,0,0,0,0
2026-08-13T03:51:13.621769,208,0,0,0,0,0
2026-08-13T03:51:13.621769,208,0,0,0,0,0
2026-08-13T03:51:13.625212,211,0,0,0,0,0
2026-08-13T03:51:13.626213,212,0,0,0,0,0
2026-08-13T03:51:13.626213,213,0,0,0,0,0
2026-08-13T03:51:13.629212,213,0,0,0,0,0
2026-08-13T03:51:13.630281,213,0,0,0,0,0
2026-08-13T03:51:13.630281,212,0,0,0,0,0
2026-08-13T03:51:13.633745,212,0,0,0,0,0
2026-08-13T03:51:13.633745,212,0,0,0,0,0
2026-08-13T03:51:13.633745,211,0,0,0,0,0
2026-08-13T03:51:13.635233,210,0,0,0,0,0
2026-08-13T03:51:13.637792,210,0,0,0,0,0
2026-08-13T03:51:13.638798,208,0,0,0,0,0
2026-08-13T03:51:13.638798,208,0,0,0,0,0
2026-08-13T03:51:13.642371,207,0,0,0,0,0
2026-08-13T03:51:13.642371,208,0,0,0,0,0
2026-08-13T03:51:13.642371,207,0,0,0,0,0
2026-08-13T03:51:13.642371,209,0,0,0,0,0
2026-08-13T03:51:13.645885,211,0,0,0,0,0
2026-08-13T03:51:13.645885,212,0,0,0,0,0
2026-08-13T03:51:13.646890,213,0,0,0,0,0
2026-08-13T03:51:13.649890,212,0,0,0,0,0
2026-08-13T03:51:13.649890,212,0,0,0,0,0
2026-08-13T03:51:13.650890,211,0,0,0,0,0
2026-08-13T03:51:13.650890,211,0,0,0,0,0
2026-08-13T03:51:13.654394,212,0,0,0,0,0
2026-08-13T03:51:13.654394,210,0,0,0,0,0
2026-08-13T03:51:13.655401,209,0,0,0,0,0
2026-08-13T03:51:13.658728,208,0,0,0,0,0
2026-08-13T03:51:13.658728,207,0,0,0,0,0
2026-08-13T03:51:13.658728,207,0,0,0,0,0
2026-08-13T03:51:13.662730,206,0,0,0,0,0
2026-08-13T03:51:13.662730,206,0,0,0,0,0
2026-08-13T03:51:13.662730,206,0,0,0,0,0
2026-08-13T03:51:13.663724,208,0,0,0,0,0
2026-08-13T03:51:13.666507,210,0,0,0,0,0
2026-08-13T03:51:13.666507,211,0,0,0,0,0
2026-08-13T03:51:13.667618,212,0,0,0,0,0
2026-08-13T03:51:13.670550,213,0,0,0,0,0
2026-08-13T03:51:13.670550,213,0,0,0,0,0
2026-08-13T03:51:13.671652,212,0,0,0,0,0
2026-08-13T03:51:13.671652,212,0,0,0,0,0
2026-08-13T03:51:13.675085,212,0,0,0,0,0
2026-08-13T03:51:13.675085,210,0,0,0,0,0
2026-08-13T03:51:13.675085,211,0,0,0,0,0
2026-08-13T03:51:13.678552,210,0,0,0,0,0
2026-08-13T03:51:13.679551,209,0,0,0,0,0
2026-08-13T03:51:13.679551,208,0,0,0,0,0
2026-08-13T03:51:13.679551,208,0,0,0,0,0
2026-08-13T03:51:13.682551,208,0,0,0,0,0
2026-08-13T03:51:13.682551,208,0,0,0,0,0
2026-08-13T03:51:13.684055,210,0,0,0,0,0
2026-08-13T03:51:13.687065,211,0,0,0,0,0
2026-08-13T03:51:13.687065,211,0,0,0,0,0
2026-08-13T03:51:13.688065,213,0,0,0,0,0
2026-08-13T03:51:13.688065,213,0,0,0,0,0
2026-08-13T03:51:13.691064,213,0,0,0,0,0
2026-08-13T03:51:13.691064,212,0,0,0,0,0
2026-08-13T03:51:13.691064,213,0,0,0,0,0
2026-08-13T03:51:13.695067,212,0,0,0,0,0
2026-08-13T03:51:13.696064,211,0,0,0,0,0
2026-08-13T03:51:13.696064,211,0,0,0,0,0
2026-08-13T03:51:13.699229,210,0,0,0,0,0
2026-08-13T03:51:13.699229,210,0,0,0,0,0
2026-08-13T03:51:13.700213,209,0,0,0,0,0
2026-08-13T03:51:13.700213,210,0,0,0,0,0
2026-08-13T03:51:13.703756,210,0,0,0,0,0
2026-08-13T03:51:13.703756,209,0,0,0,0,0
2026-08-13T03:51:13.703756,213,0,0,0,0,0
2026-08-13T03:51:13.707771,213,0,0,0,0,0
2026-08-13T03:51:13.707771,215,0,0,0,0,0
2026-08-13T03:51:13.707771,216,0,0,0,0,0
2026-08-13T03:51:13.707771,216,0,0,0,0,0
2026-08-13T03:51:13.711118,215,0,0,0,0,0
2026-08-13T03:51:13.712127,215,0,0,0,0,0
2026-08-13T03:51:13.712127,216,0,0,0,0,0
2026-08-13T03:51:13.715792,216,0,0,0,0,0
2026-08-13T03:51:13.715792,215,0,0,0,0,0
2026-08-13T03:51:13.716775,215,0,0,0,0,0
2026-08-13T03:51:13.716775,214,0,0,0,0,0
2026-08-13T03:51:13.719792,214,0,0,0,0,0
2026-08-13T03:51:13.719792,214,0,0,0,0,0
2026-08-13T03:51:13.719792,215,0,0,0,0,0
2026-08-13T03:51:13.723959,215,0,0,0,0,0
2026-08-13T03:51:13.724513,216,0,0,0,0,0
2026-08-13T03:51:13.724513,219,0,0,0,0,0
2026-08-13T03:51:13.727608,220,0,0,0,0,0
2026-08-13T03:51:13.727608,221,0,0,0,0,0
2026-08-13T03:51:13.727608,221,0,0,0,0,0
2026-08-13T03:51:13.729362,222,0,0,0,0,0
2026-08-13T03:51:13.732457,222,0,0,0,0,0
2026-08-13T03:51:13.732457,221,0,0,0,0,0
2026-08-13T03:51:13.732457,222,0,0,0,0,0
2026-08-13T03:51:13.736484,221,0,0,0,0,0
2026-08-13T03:51:13.736484,220,0,0,0,0,0
2026-08-13T03:51:13.736484,221,0,0,0,0,0
2026-08-13T03:51:13.737494,220,0,0,0,0,0
2026-08-13T03:51:13.740568,219,0,0,0,0,0
2026-08-13T03:51:13.740568,219,0,0,0,0,0
2026-08-13T03:51:13.741568,221,0,0,0,0,0
2026-08-13T03:51:13.744912,221,0,0,0,0,0
2026-08-13T03:51:13.744912,222,0,0,0,0,0
2026-08-13T03:51:13.744912,225,0,0,0,0,0
2026-08-13T03:51:13.744912,225,0,0,0,0,0
2026-08-13T03:51:13.748208,226,0,0,0,0,0
2026-08-13T03:51:13.749204,227,0,0,0,0,0
2026-08-13T03:51:13.749204,228,0,0,0,0,0
2026-08-13T03:51:13.752916,226,0,0,0,0,0
2026-08-13T03:51:13.752916,226,0,0,0,0,0
2026-08-13T03:51:13.752916,227,0,0,0,0,0
2026-08-13T03:51:13.753923,225,0,0,0,0,0
2026-08-13T03:51:13.757119,225,0,0,0,0,0
2026-08-13T03:51:13.757119,224,0,0,0,0,0
2026-08-13T03:51:13.757119,224,0,0,0,0,0
2026-08-13T03:51:13.760195,223,0,0,0,0,0
2026-08-13T03:51:13.760195,223,0,0,0,0,0
2026-08-13T03:51:13.761658,224,0,0,0,0,0
2026-08-13T03:51:13.764927,223,0,0,0,0,0
2026-08-13T03:51:13.764927,226,0,0,0,0,0
2026-08-13T03:51:13.764927,227,0,0,0,0,0
2026-08-13T03:51:13.766247,228,0,0,0,0,0
2026-08-13T03:51:13.769254,228,0,0,0,0,0
2026-08-13T03:51:13.769762,228,0,0,0,0,0
2026-08-13T03:51:13.769762,227,0,0,0,0,0
2026-08-13T03:51:13.772270,226,0,0,0,0,0
2026-08-13T03:51:13.772270,226,0,0,0,0,0
2026-08-13T03:51:13.774075,226,0,0,0,0,0
2026-08-13T03:51:13.774075,224,0,0,0,0,0
2026-08-13T03:51:13.777104,225,0,0,0,0,0
2026-08-13T03:51:13.777104,223,0,0,0,0,0
2026-08-13T03:51:13.778082,223,0,0,0,0,0
2026-08-13T03:51:13.781107,222,0,0,0,0,0
2026-08-13T03:51:13.781107,222,0,0,0,0,0
2026-08-13T03:51:13.781107,222,0,0,0,0,0
2026-08-13T03:51:13.782501,222,0,0,0,0,0
2026-08-13T03:51:13.785077,224,0,0,0,0,0
2026-08-13T03:51:13.785077,225,0,0,0,0,0
2026-08-13T03:51:13.786403,225,0,0,0,0,0
2026-08-13T03:51:13.789763,225,0,0,0,0,0
2026-08-13T03:51:13.789763,224,0,0,0,0,0
2026-08-13T03:51:13.789763,225,0,0,0,0,0
2026-08-13T03:51:13.793779,223,0,0,0,0,0
2026-08-13T03:51:13.793779,224,0,0,0,0,0
2026-08-13T03:51:13.793779,223,0,0,0,0,0
2026-08-13T03:51:13.793779,221,0,0,0,0,0
2026-08-13T03:51:13.797911,222,0,0,0,0,0
2026-08-13T03:51:13.797911,221,0,0,0,0,0
2026-08-13T03:51:13.797911,220,0,0,0,0,0
2026-08-13T03:51:13.801900,219,0,0,0,0,0
2026-08-13T03:51:13.801900,220,0,0,0,0,0
2026-08-13T03:51:13.801900,219,0,0,0,0,0
2026-08-13T03:51:13.801900,220,0,0,0,0,0
2026-08-13T03:51:13.805783,222,0,0,0,0,0
2026-08-13T03:51:13.805783,222,0,0,0,0,0
2026-08-13T03:51:13.806881,223,0,0,0,0,0
2026-08-13T03:51:13.810161,223,0,0,0,0,0
2026-08-13T03:51:13.810161,223,0,0,0,0,0
2026-08-13T03:51:13.810161,222,0,0,0,0,0
2026-08-13T03:51:13.811168,221,0,0,0,0,0
2026-08-13T03:51:13.813635,222,0,0,0,0,0
2026-08-13T03:51:13.814641,221,0,0,0,0,0
2026-08-13T03:51:13.814641,219,0,0,0,0,0
2026-08-13T03:51:13.817654,218,0,0,0,0,0
2026-08-13T03:51:13.818815,217,0,0,0,0,0
2026-08-13T03:51:13.818815,216,0,0,0,0,0
2026-08-13T03:51:13.818815,213,0,0,0,0,0
2026-08-13T03:51:13.822671,211,0,0,0,0,0
2026-08-13T03:51:13.822671,208,0,0,0,0,0
2026-08-13T03:51:13.822671,206,0,0,0,0,0
2026-08-13T03:51:13.826506,206,0,0,0,0,0
2026-08-13T03:51:13.826506,205,0,0,0,0,0
2026-08-13T03:51:13.826506,205,0,0,0,0,0
2026-08-13T03:51:13.829915,203,0,0,0,0,0
2026-08-13T03:51:13.830975,202,0,0,0,0,0
2026-08-13T03:51:13.830975,201,0,0,0,0,0
2026-08-13T03:51:13.830975,200,0,0,0,0,0
2026-08-13T03:51:13.833978,201,0,0,0,0,0
2026-08-13T03:51:13.833978,199,0,0,0,0,0
2026-08-13T03:51:13.835408,199,0,0,0,0,0
2026-08-13T03:51:13.838692,198,0,0,0,0,0
2026-08-13T03:51:13.838692,197,0,0,0,0,0
2026-08-13T03:51:13.838692,196,0,0,0,0,0
2026-08-13T03:51:13.838692,195,0,0,0,0,0
2026-08-13T03:51:13.842170,194,0,0,0,0,0
2026-08-13T03:51:13.842170,194,0,0,0,0,0
2026-08-13T03:51:13.843677,195,0,0,0,0,0
2026-08-13T03:51:13.847133,196,0,0,0,0,0
2026-08-13T03:51:13.847133,196,0,0,0,0,0
2026-08-13T03:51:13.847133,196,0,0,0,0,0
2026-08-13T03:51:13.848147,195,0,0,0,0,0
2026-08-13T03:51:13.850647,196,0,0,0,0,0
2026-08-13T03:51:13.850647,194,0,0,0,0,0
2026-08-13T03:51:13.850647,194,0,0,0,0,0
2026-08-13T03:51:13.855079,194,0,0,0,0,0
2026-08-13T03:51:13.855079,193,0,0,0,0,0
2026-08-13T03:51:13.856088,193,0,0,0,0,0
2026-08-13T03:51:13.859457,192,0,0,0,0,0
2026-08-13T03:51:13.859457,193,0,0,0,0,0
2026-08-13T03:51:13.859457,192,0,0,0,0,0
2026-08-13T03:51:13.859457,192,0,0,0,0,0
2026-08-13T03:51:13.863051,192,0,0,0,0,0
2026-08-13T03:51:13.863051,192,0,0,0,0,0
2026-08-13T03:51:13.864054,194,0,0,0,0,0
2026-08-13T03:51:13.867584,195,0,0,0,0,0
2026-08-13T03:51:13.867584,195,0,0,0,0,0
2026-08-13T03:51:13.867584,195,0,0,0,0,0
2026-08-13T03:51:13.867584,193,0,0,0,0,0
2026-08-13T03:51:13.871105,191,0,0,0,0,0
2026-08-13T03:51:13.872099,190,0,0,0,0,0
2026-08-13T03:51:13.872099,191,0,0,0,0,0
2026-08-13T03:51:13.875046,192,0,0,0,0,0
2026-08-13T03:51:13.876053,193,0,0,0,0,0
2026-08-13T03:51:13.876053,195,0,0,0,0,0
2026-08-13T03:51:13.876053,196,0,0,0,0,0
2026-08-13T03:51:13.879077,198,0,0,0,0,0
2026-08-13T03:51:13.880053,200,0,0,0,0,0
2026-08-13T03:51:13.880053,203,0,0,0,0,0
2026-08-13T03:51:13.883933,205,0,0,0,0,0
2026-08-13T03:51:13.883933,205,0,0,0,0,0
2026-08-13T03:51:13.883933,211,0,0,0,0,0
2026-08-13T03:51:13.884941,212,0,0,0,0,0
2026-08-13T03:51:13.887423,214,0,0,0,0,0
2026-08-13T03:51:13.888437,216,0,0,0,0,0
2026-08-13T03:51:13.888437,216,0,0,0,0,0
2026-08-13T03:51:13.891449,216,0,0,0,0,0
2026-08-13T03:51:13.892444,215,0,0,0,0,0
2026-08-13T03:51:13.892444,216,0,0,0,0,0
2026-08-13T03:51:13.895957,216,0,0,0,0,0
2026-08-13T03:51:13.895957,215,0,0,0,0,0
2026-08-13T03:51:13.896957,215,0,0,0,0,0
2026-08-13T03:51:13.896957,214,0,0,0,0,0
2026-08-13T03:51:13.899957,213,0,0,0,0,0
2026-08-13T03:51:13.899957,212,0,0,0,0,0
2026-08-13T03:51:13.900958,211,0,0,0,0,0
2026-08-13T03:51:13.904462,211,0,0,0,0,0
2026-08-13T03:51:13.904462,211,0,0,0,0,0
2026-08-13T03:51:13.904462,213,0,0,0,0,0
2026-08-13T03:51:13.905466,213,0,0,0,0,0
2026-08-13T03:51:13.908472,214,0,0,0,0,0
2026-08-13T03:51:13.908472,213,0,0,0,0,0
2026-08-13T03:51:13.908472,214,0,0,0,0,0
2026-08-13T03:51:13.911471,214,0,0,0,0,0
2026-08-13T03:51:13.912817,212,0,0,0,0,0
2026-08-13T03:51:13.912817,213,0,0,0,0,0
2026-08-13T03:51:13.912817,210,0,0,0,0,0
2026-08-13T03:51:13.916857,207,0,0,0,0,0
2026-08-13T03:51:13.916857,205,0,0,0,0,0
2026-08-13T03:51:13.916857,201,0,0,0,0,0
2026-08-13T03:51:13.920201,198,0,0,0,0,0
2026-08-13T03:51:13.921218,197,0,0,0,0,0
2026-08-13T03:51:13.921218,197,0,0,0,0,0
2026-08-13T03:51:13.921218,197,0,0,0,0,0
2026-08-13T03:51:13.925014,199,0,0,0,0,0
2026-08-13T03:51:13.925014,201,0,0,0,0,0
2026-08-13T03:51:13.925014,203,0,0,0,0,0
2026-08-13T03:51:13.928082,204,0,0,0,0,0
2026-08-13T03:51:13.929509,205,0,0,0,0,0
2026-08-13T03:51:13.929509,206,0,0,0,0,0
2026-08-13T03:51:13.933044,206,0,0,0,0,0
2026-08-13T03:51:13.933044,207,0,0,0,0,0
2026-08-13T03:51:13.933044,207,0,0,0,0,0
2026-08-13T03:51:13.934054,205,0,0,0,0,0
2026-08-13T03:51:13.937082,205,0,0,0,0,0
2026-08-13T03:51:13.937082,204,0,0,0,0,0
2026-08-13T03:51:13.937082,203,0,0,0,0,0
2026-08-13T03:51:13.941298,204,0,0,0,0,0
2026-08-13T03:51:13.941298,204,0,0,0,0,0
2026-08-13T03:51:13.941298,203,0,0,0,0,0
2026-08-13T03:51:13.942298,202,0,0,0,0,0
2026-08-13T03:51:13.944845,204,0,0,0,0,0
2026-08-13T03:51:13.944845,205,0,0,0,0,0
2026-08-13T03:51:13.946154,205,0,0,0,0,0
2026-08-13T03:51:13.949341,206,0,0,0,0,0
2026-08-13T03:51:13.949341,206,0,0,0,0,0
2026-08-13T03:51:13.949341,207,0,0,0,0,0
2026-08-13T03:51:13.950484,206,0,0,0,0,0
2026-08-13T03:51:13.952506,206,0,0,0,0,0
2026-08-13T03:51:13.954012,206,0,0,0,0,0
2026-08-13T03:51:13.954012,206,0,0,0,0,0
2026-08-13T03:51:13.957300,205,0,0,0,0,0
2026-08-13T03:51:13.957300,204,0,0,0,0,0
2026-08-13T03:51:13.958412,204,0,0,0,0,0
2026-08-13T03:51:13.961425,202,0,0,0,0,0
2026-08-13T03:51:13.961425,202,0,0,0,0,0
2026-08-13T03:51:13.962425,202,0,0,0,0,0
2026-08-13T03:51:13.962425,201,0,0,0,0,0
2026-08-13T03:51:13.965996,204,0,0,0,0,0
2026-08-13T03:51:13.965996,205,0,0,0,0,0
2026-08-13T03:51:13.965996,204,0,0,0,0,0
2026-08-13T03:51:13.969101,204,0,0,0,0,0
2026-08-13T03:51:13.969101,202,0,0,0,0,0
2026-08-13T03:51:13.970441,200,0,0,0,0,0
2026-08-13T03:51:13.970441,197,0,0,0,0,0
2026-08-13T03:51:13.973935,197,0,0,0,0,0
2026-08-13T03:51:13.973935,196,0,0,0,0,0
2026-08-13T03:51:13.975003,195,0,0,0,0,0
2026-08-13T03:51:13.978108,195,0,0,0,0,0
2026-08-13T03:51:13.978108,195,0,0,0,0,0
2026-08-13T03:51:13.978108,196,0,0,0,0,0
2026-08-13T03:51:13.978108,196,0,0,0,0,0
2026-08-13T03:51:13.981500,197,0,0,0,0,0
2026-08-13T03:51:13.981500,198,0,0,0,0,0
2026-08-13T03:51:13.982916,199,0,0,0,0,0
2026-08-13T03:51:13.985655,201,0,0,0,0,0
2026-08-13T03:51:13.986662,200,0,0,0,0,0
2026-08-13T03:51:13.986662,200,0,0,0,0,0
2026-08-13T03:51:13.986662,200,0,0,0,0,0
2026-08-13T03:51:13.989662,199,0,0,0,0,0
2026-08-13T03:51:13.990662,197,0,0,0,0,0
2026-08-13T03:51:13.990662,195,0,0,0,0,0
2026-08-13T03:51:13.994006,195,0,0,0,0,0
2026-08-13T03:51:13.994006,194,0,0,0,0,0
2026-08-13T03:51:13.995330,193,0,0,0,0,0
2026-08-13T03:51:13.998544,193,0,0,0,0,0
2026-08-13T03:51:13.998544,193,0,0,0,0,0
2026-08-13T03:51:13.998544,192,0,0,0,0,0
2026-08-13T03:51:13.999533,193,0,0,0,0,0
2026-08-13T03:51:14.002596,194,0,0,0,0,0
2026-08-13T03:51:14.002596,196,0,0,0,0,0
2026-08-13T03:51:14.002596,197,0,0,0,0,0
2026-08-13T03:51:14.006934,199,0,0,0,0,0
2026-08-13T03:51:14.006934,201,0,0,0,0,0
2026-08-13T03:51:14.006934,202,0,0,0,0,0
2026-08-13T03:51:14.006934,202,0,0,0,0,0
2026-08-13T03:51:14.010522,202,0,0,0,0,0
2026-08-13T03:51:14.010522,200,0,0,0,0,0
2026-08-13T03:51:14.010522,200,0,0,0,0,0
2026-08-13T03:51:14.014010,200,0,0,0,0,0
2026-08-13T03:51:14.015474,199,0,0,0,0,0
2026-08-13T03:51:14.015474,197,0,0,0,0,0
2026-08-13T03:51:14.015474,197,0,0,0,0,0
2026-08-13T03:51:14.017871,196,0,0,0,0,0
2026-08-13T03:51:14.019320,195,0,0,0,0,0
2026-08-13T03:51:14.019320,194,0,0,0,0,0
2026-08-13T03:51:14.022030,194,0,0,0,0,0
2026-08-13T03:51:14.023494,193,0,0,0,0,0
2026-08-13T03:51:14.024000,195,0,0,0,0,0
2026-08-13T03:51:14.027352,197,0,0,0,0,0
2026-08-13T03:51:14.027352,196,0,0,0,0,0
2026-08-13T03:51:14.027352,197,0,0,0,0,0
2026-08-13T03:51:14.027352,197,0,0,0,0,0
2026-08-13T03:51:14.031461,198,0,0,0,0,0
2026-08-13T03:51:14.031461,197,0,0,0,0,0
2026-08-13T03:51:14.031461,198,0,0,0,0,0
2026-08-13T03:51:14.035078,197,0,0,0,0,0
2026-08-13T03:51:14.035078,196,0,0,0,0,0
2026-08-13T03:51:14.036087,197,0,0,0,0,0
2026-08-13T03:51:14.036087,196,0,0,0,0,0
2026-08-13T03:51:14.039531,196,0,0,0,0,0
2026-08-13T03:51:14.039531,195,0,0,0,0,0
2026-08-13T03:51:14.040548,196,0,0,0,0,0
2026-08-13T03:51:14.043051,197,0,0,0,0,0
2026-08-13T03:51:14.044061,197,0,0,0,0,0
2026-08-13T03:51:14.044061,199,0,0,0,0,0
2026-08-13T03:51:14.044061,200,0,0,0,0,0
2026-08-13T03:51:14.047558,201,0,0,0,0,0
2026-08-13T03:51:14.047558,202,0,0,0,0,0
2026-08-13T03:51:14.047558,202,0,0,0,0,0
2026-08-13T03:51:14.051934,202,0,0,0,0,0
2026-08-13T03:51:14.051934,201,0,0,0,0,0
2026-08-13T03:51:14.051934,201,0,0,0,0,0
2026-08-13T03:51:14.051934,201,0,0,0,0,0
2026-08-13T03:51:14.055797,200,0,0,0,0,0
2026-08-13T03:51:14.055797,200,0,0,0,0,0
2026-08-13T03:51:14.056796,200,0,0,0,0,0
2026-08-13T03:51:14.059410,199,0,0,0,0,0
2026-08-13T03:51:14.060397,199,0,0,0,0,0
2026-08-13T03:51:14.060397,199,0,0,0,0,0
2026-08-13T03:51:14.063884,199,0,0,0,0,0
2026-08-13T03:51:14.063884,199,0,0,0,0,0
2026-08-13T03:51:14.064989,203,0,0,0,0,0
2026-08-13T03:51:14.064989,204,0,0,0,0,0
2026-08-13T03:51:14.067460,205,0,0,0,0,0
2026-08-13T03:51:14.067460,206,0,0,0,0,0
2026-08-13T03:51:14.068936,206,0,0,0,0,0
2026-08-13T03:51:14.071948,205,0,0,0,0,0
2026-08-13T03:51:14.071948,205,0,0,0,0,0
2026-08-13T03:51:14.072948,206,0,0,0,0,0
2026-08-13T03:51:14.072948,206,0,0,0,0,0
2026-08-13T03:51:14.076004,204,0,0,0,0,0
2026-08-13T03:51:14.076004,205,0,0,0,0,0
2026-08-13T03:51:14.077171,205,0,0,0,0,0
2026-08-13T03:51:14.080074,204,0,0,0,0,0
2026-08-13T03:51:14.081082,203,0,0,0,0,0
2026-08-13T03:51:14.081082,205,0,0,0,0,0
2026-08-13T03:51:14.081830,204,0,0,0,0,0
2026-08-13T03:51:14.084875,205,0,0,0,0,0
2026-08-13T03:51:14.084875,208,0,0,0,0,0
2026-08-13T03:51:14.084875,209,0,0,0,0,0
2026-08-13T03:51:14.088454,209,0,0,0,0,0
2026-08-13T03:51:14.088454,210,0,0,0,0,0
2026-08-13T03:51:14.089464,209,0,0,0,0,0
2026-08-13T03:51:14.092516,209,0,0,0,0,0
2026-08-13T03:51:14.092516,209,0,0,0,0,0
2026-08-13T03:51:14.093589,210,0,0,0,0,0
2026-08-13T03:51:14.093589,209,0,0,0,0,0
2026-08-13T03:51:14.096148,209,0,0,0,0,0
2026-08-13T03:51:14.097154,210,0,0,0,0,0
2026-08-13T03:51:14.097154,209,0,0,0,0,0
2026-08-13T03:51:14.099666,208,0,0,0,0,0
2026-08-13T03:51:14.101170,209,0,0,0,0,0
2026-08-13T03:51:14.101170,210,0,0,0,0,0
2026-08-13T03:51:14.101170,211,0,0,0,0,0
2026-08-13T03:51:14.105153,213,0,0,0,0,0
2026-08-13T03:51:14.105153,215,0,0,0,0,0
2026-08-13T03:51:14.106164,216,0,0,0,0,0
2026-08-13T03:51:14.108163,218,0,0,0,0,0
2026-08-13T03:51:14.109611,219,0,0,0,0,0
2026-08-13T03:51:14.109611,219,0,0,0,0,0
2026-08-13T03:51:14.109611,219,0,0,0,0,0
2026-08-13T03:51:14.112618,219,0,0,0,0,0
2026-08-13T03:51:14.113609,219,0,0,0,0,0
2026-08-13T03:51:14.113609,218,0,0,0,0,0
2026-08-13T03:51:14.117376,217,0,0,0,0,0
2026-08-13T03:51:14.117376,216,0,0,0,0,0
2026-08-13T03:51:14.117376,216,0,0,0,0,0
2026-08-13T03:51:14.118461,217,0,0,0,0,0
2026-08-13T03:51:14.121712,218,0,0,0,0,0
2026-08-13T03:51:14.121712,219,0,0,0,0,0
2026-08-13T03:51:14.121712,219,0,0,0,0,0
2026-08-13T03:51:14.125009,222,0,0,0,0,0
2026-08-13T03:51:14.126053,224,0,0,0,0,0
2026-08-13T03:51:14.126053,226,0,0,0,0,0
2026-08-13T03:51:14.129211,226,0,0,0,0,0
2026-08-13T03:51:14.129211,226,0,0,0,0,0
2026-08-13T03:51:14.129211,227,0,0,0,0,0
2026-08-13T03:51:14.130690,225,0,0,0,0,0
2026-08-13T03:51:14.133428,226,0,0,0,0,0
2026-08-13T03:51:14.133935,225,0,0,0,0,0
2026-08-13T03:51:14.133935,224,0,0,0,0,0
2026-08-13T03:51:14.137368,224,0,0,0,0,0
2026-08-13T03:51:14.137368,223,0,0,0,0,0
2026-08-13T03:51:14.138607,222,0,0,0,0,0
2026-08-13T03:51:14.138607,221,0,0,0,0,0
2026-08-13T03:51:14.142074,220,0,0,0,0,0
2026-08-13T03:51:14.142074,222,0,0,0,0,0
2026-08-13T03:51:14.142074,220,0,0,0,0,0
2026-08-13T03:51:14.145315,223,0,0,0,0,0
2026-08-13T03:51:14.145315,225,0,0,0,0,0
2026-08-13T03:51:14.146667,225,0,0,0,0,0
2026-08-13T03:51:14.146667,226,0,0,0,0,0
2026-08-13T03:51:14.150024,227,0,0,0,0,0
2026-08-13T03:51:14.150024,226,0,0,0,0,0
2026-08-13T03:51:14.150024,226,0,0,0,0,0
2026-08-13T03:51:14.153752,226,0,0,0,0,0
2026-08-13T03:51:14.153752,225,0,0,0,0,0
2026-08-13T03:51:14.155025,225,0,0,0,0,0
2026-08-13T03:51:14.155025,226,0,0,0,0,0
2026-08-13T03:51:14.157442,225,0,0,0,0,0
2026-08-13T03:51:14.158933,225,0,0,0,0,0
2026-08-13T03:51:14.158933,225,0,0,0,0,0
2026-08-13T03:51:14.162243,226,0,0,0,0,0
2026-08-13T03:51:14.162243,227,0,0,0,0,0
2026-08-13T03:51:14.162243,227,0,0,0,0,0
2026-08-13T03:51:14.165978,229,0,0,0,0,0
2026-08-13T03:51:14.166990,230,0,0,0,0,0
2026-08-13T03:51:14.166990,231,0,0,0,0,0
2026-08-13T03:51:14.166990,232,0,0,0,0,0
2026-08-13T03:51:14.170079,231,0,0,0,0,0
2026-08-13T03:51:14.171063,231,0,0,0,0,0
2026-08-13T03:51:14.171063,230,0,0,0,0,0
2026-08-13T03:51:14.174569,230,0,0,0,0,0
2026-08-13T03:51:14.174569,230,0,0,0,0,0
2026-08-13T03:51:14.174569,229,0,0,0,0,0
2026-08-13T03:51:14.174569,228,0,0,0,0,0
2026-08-13T03:51:14.178459,227,0,0,0,0,0
2026-08-13T03:51:14.178459,227,0,0,0,0,0
2026-08-13T03:51:14.179461,227,0,0,0,0,0
2026-08-13T03:51:14.182746,228,0,0,0,0,0
2026-08-13T03:51:14.182746,226,0,0,0,0,0
2026-08-13T03:51:14.183745,227,0,0,0,0,0
2026-08-13T03:51:14.183745,229,0,0,0,0,0
2026-08-13T03:51:14.186970,230,0,0,0,0,0
2026-08-13T03:51:14.186970,231,0,0,0,0,0
2026-08-13T03:51:14.186970,230,0,0,0,0,0
2026-08-13T03:51:14.190979,230,0,0,0,0,0
2026-08-13T03:51:14.190979,229,0,0,0,0,0
2026-08-13T03:51:14.191986,230,0,0,0,0,0
2026-08-13T03:51:14.194523,230,0,0,0,0,0
2026-08-13T03:51:14.194523,228,0,0,0,0,0
2026-08-13T03:51:14.195761,226,0,0,0,0,0
2026-08-13T03:51:14.195761,227,0,0,0,0,0
2026-08-13T03:51:14.199291,226,0,0,0,0,0
2026-08-13T03:51:14.199291,225,0,0,0,0,0
2026-08-13T03:51:14.199291,224,0,0,0,0,0
2026-08-13T03:51:14.202832,224,0,0,0,0,0
2026-08-13T03:51:14.203798,224,0,0,0,0,0
2026-08-13T03:51:14.204304,226,0,0,0,0,0
2026-08-13T03:51:14.204304,228,0,0,0,0,0
2026-08-13T03:51:14.207418,228,0,0,0,0,0
2026-08-13T03:51:14.207418,228,0,0,0,0,0
2026-08-13T03:51:14.208414,226,0,0,0,0,0
2026-08-13T03:51:14.211243,227,0,0,0,0,0
2026-08-13T03:51:14.211243,225,0,0,0,0,0
2026-08-13T03:51:14.211243,224,0,0,0,0,0
2026-08-13T03:51:14.212637,225,0,0,0,0,0
2026-08-13T03:51:14.214683,224,0,0,0,0,0
2026-08-13T03:51:14.215972,224,0,0,0,0,0
2026-08-13T03:51:14.215972,224,0,0,0,0,0
2026-08-13T03:51:14.219359,223,0,0,0,0,0
2026-08-13T03:51:14.220347,223,0,0,0,0,0
2026-08-13T03:51:14.220347,222,0,0,0,0,0
2026-08-13T03:51:14.220347,225,0,0,0,0,0
2026-08-13T03:51:14.223675,225,0,0,0,0,0
2026-08-13T03:51:14.223675,227,0,0,0,0,0
2026-08-13T03:51:14.224760,230,0,0,0,0,0
2026-08-13T03:51:14.227901,231,0,0,0,0,0
2026-08-13T03:51:14.227901,233,0,0,0,0,0
2026-08-13T03:51:14.227901,234,0,0,0,0,0
2026-08-13T03:51:14.231901,235,0,0,0,0,0
2026-08-13T03:51:14.231901,234,0,0,0,0,0
2026-08-13T03:51:14.231901,236,0,0,0,0,0
2026-08-13T03:51:14.233147,238,0,0,0,0,0
2026-08-13T03:51:14.235071,238,0,0,0,0,0
2026-08-13T03:51:14.236336,239,0,0,0,0,0
2026-08-13T03:51:14.236336,240,0,0,0,0,0
2026-08-13T03:51:14.240107,241,0,0,0,0,0
2026-08-13T03:51:14.240107,241,0,0,0,0,0
2026-08-13T03:51:14.241120,241,0,0,0,0,0
2026-08-13T03:51:14.241120,240,0,0,0,0,0
2026-08-13T03:51:14.243733,240,0,0,0,0,0
2026-08-13T03:51:14.244753,241,0,0,0,0,0
2026-08-13T03:51:14.244753,241,0,0,0,0,0
2026-08-13T03:51:14.247950,242,0,0,0,0,0
2026-08-13T03:51:14.248936,241,0,0,0,0,0
2026-08-13T03:51:14.248936,241,0,0,0,0,0
2026-08-13T03:51:14.248936,239,0,0,0,0,0
2026-08-13T03:51:14.252672,238,0,0,0,0,0
2026-08-13T03:51:14.253676,238,0,0,0,0,0
2026-08-13T03:51:14.253676,237,0,0,0,0,0
2026-08-13T03:51:14.255903,236,0,0,0,0,0
2026-08-13T03:51:14.256876,237,0,0,0,0,0
2026-08-13T03:51:14.256876,236,0,0,0,0,0
2026-08-13T03:51:14.260376,236,0,0,0,0,0
2026-08-13T03:51:14.260376,235,0,0,0,0,0
2026-08-13T03:51:14.261472,236,0,0,0,0,0
2026-08-13T03:51:14.261472,235,0,0,0,0,0
2026-08-13T03:51:14.264643,236,0,0,0,0,0
2026-08-13T03:51:14.264643,239,0,0,0,0,0
2026-08-13T03:51:14.265696,240,0,0,0,0,0
2026-08-13T03:51:14.268980,242,0,0,0,0,0
2026-08-13T03:51:14.268980,242,0,0,0,0,0
2026-08-13T03:51:14.268980,241,0,0,0,0,0
2026-08-13T03:51:14.270008,241,0,0,0,0,0
2026-08-13T03:51:14.272546,240,0,0,0,0,0
2026-08-13T03:51:14.272546,240,0,0,0,0,0
2026-08-13T03:51:14.272546,239,0,0,0,0,0
2026-08-13T03:51:14.276847,238,0,0,0,0,0
2026-08-13T03:51:14.276847,239,0,0,0,0,0
2026-08-13T03:51:14.276847,237,0,0,0,0,0
2026-08-13T03:51:14.276847,236,0,0,0,0,0
2026-08-13T03:51:14.280494,236,0,0,0,0,0
2026-08-13T03:51:14.281468,238,0,0,0,0,0
2026-08-13T03:51:14.281468,237,0,0,0,0,0
2026-08-13T03:51:14.285107,238,0,0,0,0,0
2026-08-13T03:51:14.285107,240,0,0,0,0,0
2026-08-13T03:51:14.285107,240,0,0,0,0,0
2026-08-13T03:51:14.286337,241,0,0,0,0,0
2026-08-13T03:51:14.288621,241,0,0,0,0,0
2026-08-13T03:51:14.288621,241,0,0,0,0,0
2026-08-13T03:51:14.290022,240,0,0,0,0,0
2026-08-13T03:51:14.292175,239,0,0,0,0,0
2026-08-13T03:51:14.293685,239,0,0,0,0,0
2026-08-13T03:51:14.293685,239,0,0,0,0,0
2026-08-13T03:51:14.297283,238,0,0,0,0,0
2026-08-13T03:51:14.297283,238,0,0,0,0,0
2026-08-13T03:51:14.298284,238,0,0,0,0,0
2026-08-13T03:51:14.298284,237,0,0,0,0,0
2026-08-13T03:51:14.301347,237,0,0,0,0,0
2026-08-13T03:51:14.301347,237,0,0,0,0,0
2026-08-13T03:51:14.301347,237,0,0,0,0,0
2026-08-13T03:51:14.305814,239,0,0,0,0,0
2026-08-13T03:51:14.305814,240,0,0,0,0,0
2026-08-13T03:51:14.305814,240,0,0,0,0,0
2026-08-13T03:51:14.305814,241,0,0,0,0,0
2026-08-13T03:51:14.309746,241,0,0,0,0,0
2026-08-13T03:51:14.309746,240,0,0,0,0,0
2026-08-13T03:51:14.310753,239,0,0,0,0,0
2026-08-13T03:51:14.314019,240,0,0,0,0,0
2026-08-13T03:51:14.314019,240,0,0,0,0,0
2026-08-13T03:51:14.314019,239,0,0,0,0,0
2026-08-13T03:51:14.315029,239,0,0,0,0,0
2026-08-13T03:51:14.317394,238,0,0,0,0,0
2026-08-13T03:51:14.317394,238,0,0,0,0,0
2026-08-13T03:51:14.318818,237,0,0,0,0,0
2026-08-13T03:51:14.322106,236,0,0,0,0,0
2026-08-13T03:51:14.322106,237,0,0,0,0,0
2026-08-13T03:51:14.322106,237,0,0,0,0,0
2026-08-13T03:51:14.325701,239,0,0,0,0,0
2026-08-13T03:51:14.325701,240,0,0,0,0,0
2026-08-13T03:51:14.326864,240,0,0,0,0,0
2026-08-13T03:51:14.326864,241,0,0,0,0,0
2026-08-13T03:51:14.330023,242,0,0,0,0,0
2026-08-13T03:51:14.330023,241,0,0,0,0,0
2026-08-13T03:51:14.331034,240,0,0,0,0,0
2026-08-13T03:51:14.334572,240,0,0,0,0,0
2026-08-13T03:51:14.334572,240,0,0,0,0,0
2026-08-13T03:51:14.334572,239,0,0,0,0,0
2026-08-13T03:51:14.335566,239,0,0,0,0,0
2026-08-13T03:51:14.338616,238,0,0,0,0,0
2026-08-13T03:51:14.338616,237,0,0,0,0,0
2026-08-13T03:51:14.338616,237,0,0,0,0,0
2026-08-13T03:51:14.342119,237,0,0,0,0,0
2026-08-13T03:51:14.342119,238,0,0,0,0,0
2026-08-13T03:51:14.342119,238,0,0,0,0,0
2026-08-13T03:51:14.343619,239,0,0,0,0,0
2026-08-13T03:51:14.346528,241,0,0,0,0,0
2026-08-13T03:51:14.346528,241,0,0,0,0,0
2026-08-13T03:51:14.347536,242,0,0,0,0,0
2026-08-13T03:51:14.349995,242,0,0,0,0,0
2026-08-13T03:51:14.351204,241,0,0,0,0,0
2026-08-13T03:51:14.351204,240,0,0,0,0,0
2026-08-13T03:51:14.351204,241,0,0,0,0,0
2026-08-13T03:51:14.355129,241,0,0,0,0,0
2026-08-13T03:51:14.355129,241,0,0,0,0,0
2026-08-13T03:51:14.355129,240,0,0,0,0,0
2026-08-13T03:51:14.358423,239,0,0,0,0,0
2026-08-13T03:51:14.358423,240,0,0,0,0,0
2026-08-13T03:51:14.359923,240,0,0,0,0,0
2026-08-13T03:51:14.363087,241,0,0,0,0,0
2026-08-13T03:51:14.363593,240,0,0,0,0,0
2026-08-13T03:51:14.363593,241,0,0,0,0,0
2026-08-13T03:51:14.363593,243,0,0,0,0,0
2026-08-13T03:51:14.367059,245,0,0,0,0,0
2026-08-13T03:51:14.367059,246,0,0,0,0,0
2026-08-13T03:51:14.367059,247,0,0,0,0,0
2026-08-13T03:51:14.370310,247,0,0,0,0,0
2026-08-13T03:51:14.371556,246,0,0,0,0,0
2026-08-13T03:51:14.371556,247,0,0,0,0,0
2026-08-13T03:51:14.371556,247,0,0,0,0,0
2026-08-13T03:51:14.375076,246,0,0,0,0,0
2026-08-13T03:51:14.375076,245,0,0,0,0,0
2026-08-13T03:51:14.376129,245,0,0,0,0,0
2026-08-13T03:51:14.379133,244,0,0,0,0,0
2026-08-13T03:51:14.379133,244,0,0,0,0,0
2026-08-13T03:51:14.380136,243,0,0,0,0,0
2026-08-13T03:51:14.380136,243,0,0,0,0,0
2026-08-13T03:51:14.383735,243,0,0,0,0,0
2026-08-13T03:51:14.383735,245,0,0,0,0,0
2026-08-13T03:51:14.383735,246,0,0,0,0,0
2026-08-13T03:51:14.387717,247,0,0,0,0,0
2026-08-13T03:51:14.387717,248,0,0,0,0,0
2026-08-13T03:51:14.387717,248,0,0,0,0,0
2026-08-13T03:51:14.388782,248,0,0,0,0,0
2026-08-13T03:51:14.391816,247,0,0,0,0,0
2026-08-13T03:51:14.391816,247,0,0,0,0,0
2026-08-13T03:51:14.391816,247,0,0,0,0,0
2026-08-13T03:51:14.395152,245,0,0,0,0,0
2026-08-13T03:51:14.395152,245,0,0,0,0,0
2026-08-13T03:51:14.396588,245,0,0,0,0,0
2026-08-13T03:51:14.399244,244,0,0,0,0,0
2026-08-13T03:51:14.400379,244,0,0,0,0,0
2026-08-13T03:51:14.400379,244,0,0,0,0,0
2026-08-13T03:51:14.400379,245,0,0,0,0,0
2026-08-13T03:51:14.403858,244,0,0,0,0,0
2026-08-13T03:51:14.403858,246,0,0,0,0,0
2026-08-13T03:51:14.403858,247,0,0,0,0,0
2026-08-13T03:51:14.408328,248,0,0,0,0,0
2026-08-13T03:51:14.408328,248,0,0,0,0,0
2026-08-13T03:51:14.408328,249,0,0,0,0,0
2026-08-13T03:51:14.409335,248,0,0,0,0,0
2026-08-13T03:51:14.411587,246,0,0,0,0,0
2026-08-13T03:51:14.411587,247,0,0,0,0,0
2026-08-13T03:51:14.413081,247,0,0,0,0,0
2026-08-13T03:51:14.416103,245,0,0,0,0,0
2026-08-13T03:51:14.416103,246,0,0,0,0,0
2026-08-13T03:51:14.416103,244,0,0,0,0,0
2026-08-13T03:51:14.416103,244,0,0,0,0,0
2026-08-13T03:51:14.420605,244,0,0,0,0,0
2026-08-13T03:51:14.420605,244,0,0,0,0,0
2026-08-13T03:51:14.420605,245,0,0,0,0,0
2026-08-13T03:51:14.424556,244,0,0,0,0,0
2026-08-13T03:51:14.424556,247,0,0,0,0,0
2026-08-13T03:51:14.424556,249,0,0,0,0,0
2026-08-13T03:51:14.428029,248,0,0,0,0,0
2026-08-13T03:51:14.429108,249,0,0,0,0,0
2026-08-13T03:51:14.429108,249,0,0,0,0,0
2026-08-13T03:51:14.429108,249,0,0,0,0,0
2026-08-13T03:51:14.432620,248,0,0,0,0,0
2026-08-13T03:51:14.432620,249,0,0,0,0,0
2026-08-13T03:51:14.433615,247,0,0,0,0,0
2026-08-13T03:51:14.435888,246,0,0,0,0,0
2026-08-13T03:51:14.437255,245,0,0,0,0,0
2026-08-13T03:51:14.437255,243,0,0,0,0,0
2026-08-13T03:51:14.437255,242,0,0,0,0,0
2026-08-13T03:51:14.439746,241,0,0,0,0,0
2026-08-13T03:51:14.441133,240,0,0,0,0,0
2026-08-13T03:51:14.441133,240,0,0,0,0,0
2026-08-13T03:51:14.444762,240,0,0,0,0,0
2026-08-13T03:51:14.444762,243,0,0,0,0,0
2026-08-13T03:51:14.444762,244,0,0,0,0,0
2026-08-13T03:51:14.446151,245,0,0,0,0,0
2026-08-13T03:51:14.449175,246,0,0,0,0,0
2026-08-13T03:51:14.449175,246,0,0,0,0,0
2026-08-13T03:51:14.449175,245,0,0,0,0,0
2026-08-13T03:51:14.452183,243,0,0,0,0,0
2026-08-13T03:51:14.452183,244,0,0,0,0,0
2026-08-13T03:51:14.453797,242,0,0,0,0,0
2026-08-13T03:51:14.453797,241,0,0,0,0,0
2026-08-13T03:51:14.457017,241,0,0,0,0,0
2026-08-13T03:51:14.457017,241,0,0,0,0,0
2026-08-13T03:51:14.457017,238,0,0,0,0,0
2026-08-13T03:51:14.461466,237,0,0,0,0,0
2026-08-13T03:51:14.461466,237,0,0,0,0,0
2026-08-13T03:51:14.461466,237,0,0,0,0,0
2026-08-13T03:51:14.464871,237,0,0,0,0,0
2026-08-13T03:51:14.465995,239,0,0,0,0,0
2026-08-13T03:51:14.465995,239,0,0,0,0,0
2026-08-13T03:51:14.465995,239,0,0,0,0,0
2026-08-13T03:51:14.469571,239,0,0,0,0,0
2026-08-13T03:51:14.469571,239,0,0,0,0,0
2026-08-13T03:51:14.469571,237,0,0,0,0,0
2026-08-13T03:51:14.473772,237,0,0,0,0,0
2026-08-13T03:51:14.473772,237,0,0,0,0,0
2026-08-13T03:51:14.473772,236,0,0,0,0,0
2026-08-13T03:51:14.475058,235,0,0,0,0,0
2026-08-13T03:51:14.477946,235,0,0,0,0,0
2026-08-13T03:51:14.477946,234,0,0,0,0,0
2026-08-13T03:51:14.477946,234,0,0,0,0,0
2026-08-13T03:51:14.481372,235,0,0,0,0,0
2026-08-13T03:51:14.481372,235,0,0,0,0,0
2026-08-13T03:51:14.482812,236,0,0,0,0,0
2026-08-13T03:51:14.482812,238,0,0,0,0,0
2026-08-13T03:51:14.485936,240,0,0,0,0,0
2026-08-13T03:51:14.485936,239,0,0,0,0,0
2026-08-13T03:51:14.485936,239,0,0,0,0,0
2026-08-13T03:51:14.489618,238,0,0,0,0,0
2026-08-13T03:51:14.489618,238,0,0,0,0,0
2026-08-13T03:51:14.490998,236,0,0,0,0,0
2026-08-13T03:51:14.494003,235,0,0,0,0,0
2026-08-13T03:51:14.494003,235,0,0,0,0,0
2026-08-13T03:51:14.494003,232,0,0,0,0,0
2026-08-13T03:51:14.495086,231,0,0,0,0,0
2026-08-13T03:51:14.498091,231,0,0,0,0,0
2026-08-13T03:51:14.498091,231,0,0,0,0,0
2026-08-13T03:51:14.499098,231,0,0,0,0,0
2026-08-13T03:51:14.502171,232,0,0,0,0,0
2026-08-13T03:51:14.502171,232,0,0,0,0,0
2026-08-13T03:51:14.502171,230,0,0,0,0,0
2026-08-13T03:51:14.502171,230,0,0,0,0,0
2026-08-13T03:51:14.505702,228,0,0,0,0,0
2026-08-13T03:51:14.506681,224,0,0,0,0,0
2026-08-13T03:51:14.506681,223,0,0,0,0,0
2026-08-13T03:51:14.509820,220,0,0,0,0,0
2026-08-13T03:51:14.509820,218,0,0,0,0,0
2026-08-13T03:51:14.511318,218,0,0,0,0,0
2026-08-13T03:51:14.511318,219,0,0,0,0,0
2026-08-13T03:51:14.514020,217,0,0,0,0,0
2026-08-13T03:51:14.515405,214,0,0,0,0,0
2026-08-13T03:51:14.515405,213,0,0,0,0,0
2026-08-13T03:51:14.518904,211,0,0,0,0,0
2026-08-13T03:51:14.518904,209,0,0,0,0,0
2026-08-13T03:51:14.518904,207,0,0,0,0,0
2026-08-13T03:51:14.518904,205,0,0,0,0,0
2026-08-13T03:51:14.523053,203,0,0,0,0,0
2026-08-13T03:51:14.523053,201,0,0,0,0,0
2026-08-13T03:51:14.523053,202,0,0,0,0,0
2026-08-13T03:51:14.526671,199,0,0,0,0,0
2026-08-13T03:51:14.526671,197,0,0,0,0,0
2026-08-13T03:51:14.527690,195,0,0,0,0,0
2026-08-13T03:51:14.530487,194,0,0,0,0,0
2026-08-13T03:51:14.531496,194,0,0,0,0,0
2026-08-13T03:51:14.531496,195,0,0,0,0,0
2026-08-13T03:51:14.531496,196,0,0,0,0,0
2026-08-13T03:51:14.534969,196,0,0,0,0,0
2026-08-13T03:51:14.534969,194,0,0,0,0,0
2026-08-13T03:51:14.534969,193,0,0,0,0,0
2026-08-13T03:51:14.538635,187,0,0,0,0,0
2026-08-13T03:51:14.539644,184,0,0,0,0,0
2026-08-13T03:51:14.539644,178,0,0,0,0,0
2026-08-13T03:51:14.539644,175,0,0,0,0,0
2026-08-13T03:51:14.542150,171,0,0,0,0,0
2026-08-13T03:51:14.543861,172,0,0,0,0,0
2026-08-13T03:51:14.543861,175,0,0,0,0,0
2026-08-13T03:51:14.546780,175,0,0,0,0,0
2026-08-13T03:51:14.546780,177,0,0,0,0,0
2026-08-13T03:51:14.547952,178,0,0,0,0,0
2026-08-13T03:51:14.547952,179,0,0,0,0,0
2026-08-13T03:51:14.550957,180,0,0,0,0,0
2026-08-13T03:51:14.551959,181,0,0,0,0,0
2026-08-13T03:51:14.551959,183,0,0,0,0,0
2026-08-13T03:51:14.555480,183,0,0,0,0,0
2026-08-13T03:51:14.555480,184,0,0,0,0,0
2026-08-13T03:51:14.556480,188,0,0,0,0,0
2026-08-13T03:51:14.559480,187,0,0,0,0,0
2026-08-13T03:51:14.559480,189,0,0,0,0,0
2026-08-13T03:51:14.560483,191,0,0,0,0,0
2026-08-13T03:51:14.560483,194,0,0,0,0,0
2026-08-13T03:51:14.563764,196,0,0,0,0,0
2026-08-13T03:51:14.563764,199,0,0,0,0,0
2026-08-13T03:51:14.563764,203,0,0,0,0,0
2026-08-13T03:51:14.567714,205,0,0,0,0,0
2026-08-13T03:51:14.567714,208,0,0,0,0,0
2026-08-13T03:51:14.567714,210,0,0,0,0,0
2026-08-13T03:51:14.568871,211,0,0,0,0,0
2026-08-13T03:51:14.570878,212,0,0,0,0,0
2026-08-13T03:51:14.572305,213,0,0,0,0,0
2026-08-13T03:51:14.572305,215,0,0,0,0,0
2026-08-13T03:51:14.575831,214,0,0,0,0,0
2026-08-13T03:51:14.575831,215,0,0,0,0,0
2026-08-13T03:51:14.576838,214,0,0,0,0,0
2026-08-13T03:51:14.576838,214,0,0,0,0,0
2026-08-13T03:51:14.579760,214,0,0,0,0,0
2026-08-13T03:51:14.579760,213,0,0,0,0,0
2026-08-13T03:51:14.580783,214,0,0,0,0,0
2026-08-13T03:51:14.583839,214,0,0,0,0,0
2026-08-13T03:51:14.584849,214,0,0,0,0,0
2026-08-13T03:51:14.584849,216,0,0,0,0,0
2026-08-13T03:51:14.584849,217,0,0,0,0,0
2026-08-13T03:51:14.588112,218,0,0,0,0,0
2026-08-13T03:51:14.588112,219,0,0,0,0,0
2026-08-13T03:51:14.589113,219,0,0,0,0,0
2026-08-13T03:51:14.592112,219,0,0,0,0,0
2026-08-13T03:51:14.592112,220,0,0,0,0,0
2026-08-13T03:51:14.592112,220,0,0,0,0,0
2026-08-13T03:51:14.596630,219,0,0,0,0,0
2026-08-13T03:51:14.596630,219,0,0,0,0,0
2026-08-13T03:51:14.596630,219,0,0,0,0,0
2026-08-13T03:51:14.597629,220,0,0,0,0,0
2026-08-13T03:51:14.600630,219,0,0,0,0,0
2026-08-13T03:51:14.600630,219,0,0,0,0,0
2026-08-13T03:51:14.600630,221,0,0,0,0,0
2026-08-13T03:51:14.604171,222,0,0,0,0,0
2026-08-13T03:51:14.605165,224,0,0,0,0,0
2026-08-13T03:51:14.605165,226,0,0,0,0,0
2026-08-13T03:51:14.605165,227,0,0,0,0,0
2026-08-13T03:51:14.608509,228,0,0,0,0,0
2026-08-13T03:51:14.609507,229,0,0,0,0,0
2026-08-13T03:51:14.609507,228,0,0,0,0,0
2026-08-13T03:51:14.612508,227,0,0,0,0,0
2026-08-13T03:51:14.612508,228,0,0,0,0,0
2026-08-13T03:51:14.612508,227,0,0,0,0,0
2026-08-13T03:51:14.614015,227,0,0,0,0,0
2026-08-13T03:51:14.617021,227,0,0,0,0,0
2026-08-13T03:51:14.617021,226,0,0,0,0,0
2026-08-13T03:51:14.617021,226,0,0,0,0,0
2026-08-13T03:51:14.621305,225,0,0,0,0,0
2026-08-13T03:51:14.621305,225,0,0,0,0,0
2026-08-13T03:51:14.621305,226,0,0,0,0,0
2026-08-13T03:51:14.621305,226,0,0,0,0,0
2026-08-13T03:51:14.625112,228,0,0,0,0,0
2026-08-13T03:51:14.625112,229,0,0,0,0,0
2026-08-13T03:51:14.625112,230,0,0,0,0,0
2026-08-13T03:51:14.628867,231,0,0,0,0,0
2026-08-13T03:51:14.628867,231,0,0,0,0,0
2026-08-13T03:51:14.630278,231,0,0,0,0,0
2026-08-13T03:51:14.632691,231,0,0,0,0,0
2026-08-13T03:51:14.633690,234,0,0,0,0,0
2026-08-13T03:51:14.633690,234,0,0,0,0,0
2026-08-13T03:51:14.633690,234,0,0,0,0,0
2026-08-13T03:51:14.637025,234,0,0,0,0,0
2026-08-13T03:51:14.638035,234,0,0,0,0,0
2026-08-13T03:51:14.638035,234,0,0,0,0,0
2026-08-13T03:51:14.641250,234,0,0,0,0,0
2026-08-13T03:51:14.642249,236,0,0,0,0,0
2026-08-13T03:51:14.642249,235,0,0,0,0,0
2026-08-13T03:51:14.642249,237,0,0,0,0,0
2026-08-13T03:51:14.645918,239,0,0,0,0,0
2026-08-13T03:51:14.645918,241,0,0,0,0,0
2026-08-13T03:51:14.645918,241,0,0,0,0,0
2026-08-13T03:51:14.649316,241,0,0,0,0,0
2026-08-13T03:51:14.650326,241,0,0,0,0,0
2026-08-13T03:51:14.650326,241,0,0,0,0,0
2026-08-13T03:51:14.650326,240,0,0,0,0,0
2026-08-13T03:51:14.653688,241,0,0,0,0,0
2026-08-13T03:51:14.653688,240,0,0,0,0,0
2026-08-13T03:51:14.654699,239,0,0,0,0,0
2026-08-13T03:51:14.658064,240,0,0,0,0,0
2026-08-13T03:51:14.658064,238,0,0,0,0,0
2026-08-13T03:51:14.658064,239,0,0,0,0,0
2026-08-13T03:51:14.661808,238,0,0,0,0,0
2026-08-13T03:51:14.661808,239,0,0,0,0,0
2026-08-13T03:51:14.662807,239,0,0,0,0,0
2026-08-13T03:51:14.662807,240,0,0,0,0,0
2026-08-13T03:51:14.666199,242,0,0,0,0,0
2026-08-13T03:51:14.666199,242,0,0,0,0,0
2026-08-13T03:51:14.666199,243,0,0,0,0,0
2026-08-13T03:51:14.670147,244,0,0,0,0,0
2026-08-13T03:51:14.670147,244,0,0,0,0,0
2026-08-13T03:51:14.671164,242,0,0,0,0,0
2026-08-13T03:51:14.671164,242,0,0,0,0,0
2026-08-13T03:51:14.674251,243,0,0,0,0,0
2026-08-13T03:51:14.675259,241,0,0,0,0,0
2026-08-13T03:51:14.675259,241,0,0,0,0,0
2026-08-13T03:51:14.678264,241,0,0,0,0,0
2026-08-13T03:51:14.678264,240,0,0,0,0,0
2026-08-13T03:51:14.679264,240,0,0,0,0,0
2026-08-13T03:51:14.679264,240,0,0,0,0,0
2026-08-13T03:51:14.682264,241,0,0,0,0,0
2026-08-13T03:51:14.682264,240,0,0,0,0,0
2026-08-13T03:51:14.682264,242,0,0,0,0,0
2026-08-13T03:51:14.686780,244,0,0,0,0,0
2026-08-13T03:51:14.686780,245,0,0,0,0,0
2026-08-13T03:51:14.686780,244,0,0,0,0,0
2026-08-13T03:51:14.687780,245,0,0,0,0,0
2026-08-13T03:51:14.690780,244,0,0,0,0,0
2026-08-13T03:51:14.690780,244,0,0,0,0,0
2026-08-13T03:51:14.691784,244,0,0,0,0,0
2026-08-13T03:51:14.693799,245,0,0,0,0,0
2026-08-13T03:51:14.695103,244,0,0,0,0,0
2026-08-13T03:51:14.695103,244,0,0,0,0,0
2026-08-13T03:51:14.698247,244,0,0,0,0,0
2026-08-13T03:51:14.699232,244,0,0,0,0,0
2026-08-13T03:51:14.699232,244,0,0,0,0,0
2026-08-13T03:51:14.699232,244,0,0,0,0,0
2026-08-13T03:51:14.702700,245,0,0,0,0,0
2026-08-13T03:51:14.702700,244,0,0,0,0,0
2026-08-13T03:51:14.703689,247,0,0,0,0,0
2026-08-13T03:51:14.707141,247,0,0,0,0,0
2026-08-13T03:51:14.707141,249,0,0,0,0,0
2026-08-13T03:51:14.707141,250,0,0,0,0,0
2026-08-13T03:51:14.707141,249,0,0,0,0,0
2026-08-13T03:51:14.711126,249,0,0,0,0,0
2026-08-13T03:51:14.711126,248,0,0,0,0,0
2026-08-13T03:51:14.712125,249,0,0,0,0,0
2026-08-13T03:51:14.714661,249,0,0,0,0,0
2026-08-13T03:51:14.715650,247,0,0,0,0,0
2026-08-13T03:51:14.715650,248,0,0,0,0,0
2026-08-13T03:51:14.715650,248,0,0,0,0,0
2026-08-13T03:51:14.719117,247,0,0,0,0,0
2026-08-13T03:51:14.719117,248,0,0,0,0,0
2026-08-13T03:51:14.720453,248,0,0,0,0,0
2026-08-13T03:51:14.723401,248,0,0,0,0,0
2026-08-13T03:51:14.723908,248,0,0,0,0,0
2026-08-13T03:51:14.723908,252,0,0,0,0,0
2026-08-13T03:51:14.726542,252,0,0,0,0,0
2026-08-13T03:51:14.727982,253,0,0,0,0,0
2026-08-13T03:51:14.727982,254,0,0,0,0,0
2026-08-13T03:51:14.728991,255,0,0,0,0,0
2026-08-13T03:51:14.730472,254,0,0,0,0,0
2026-08-13T03:51:14.731944,253,0,0,0,0,0
2026-08-13T03:51:14.731944,252,0,0,0,0,0
2026-08-13T03:51:14.735463,251,0,0,0,0,0
2026-08-13T03:51:14.735463,249,0,0,0,0,0
2026-08-13T03:51:14.736472,247,0,0,0,0,0
2026-08-13T03:51:14.736472,245,0,0,0,0,0
2026-08-13T03:51:14.739583,243,0,0,0,0,0
2026-08-13T03:51:14.739583,242,0,0,0,0,0
2026-08-13T03:51:14.740583,242,0,0,0,0,0
2026-08-13T03:51:14.743814,241,0,0,0,0,0
2026-08-13T03:51:14.743814,241,0,0,0,0,0
2026-08-13T03:51:14.743814,242,0,0,0,0,0
2026-08-13T03:51:14.743814,242,0,0,0,0,0
2026-08-13T03:51:14.748143,243,0,0,0,0,0
2026-08-13T03:51:14.748143,243,0,0,0,0,0
2026-08-13T03:51:14.748143,243,0,0,0,0,0
2026-08-13T03:51:14.751609,242,0,0,0,0,0
2026-08-13T03:51:14.752611,242,0,0,0,0,0
2026-08-13T03:51:14.752611,241,0,0,0,0,0
2026-08-13T03:51:14.752611,241,0,0,0,0,0
2026-08-13T03:51:14.756327,241,0,0,0,0,0
2026-08-13T03:51:14.756327,240,0,0,0,0,0
2026-08-13T03:51:14.756327,239,0,0,0,0,0
2026-08-13T03:51:14.759735,238,0,0,0,0,0
2026-08-13T03:51:14.760735,238,0,0,0,0,0
2026-08-13T03:51:14.760735,238,0,0,0,0,0
2026-08-13T03:51:14.763734,237,0,0,0,0,0
2026-08-13T03:51:14.765133,239,0,0,0,0,0
2026-08-13T03:51:14.765133,240,0,0,0,0,0
2026-08-13T03:51:14.765133,240,0,0,0,0,0
2026-08-13T03:51:14.768599,241,0,0,0,0,0
2026-08-13T03:51:14.768599,240,0,0,0,0,0
2026-08-13T03:51:14.768599,240,0,0,0,0,0
2026-08-13T03:51:14.772767,239,0,0,0,0,0
2026-08-13T03:51:14.772767,239,0,0,0,0,0
2026-08-13T03:51:14.773298,240,0,0,0,0,0
2026-08-13T03:51:14.773824,239,0,0,0,0,0
2026-08-13T03:51:14.775834,239,0,0,0,0,0
2026-08-13T03:51:14.777310,238,0,0,0,0,0
2026-08-13T03:51:14.777310,239,0,0,0,0,0
2026-08-13T03:51:14.780127,239,0,0,0,0,0
2026-08-13T03:51:14.780127,240,0,0,0,0,0
2026-08-13T03:51:14.781493,241,0,0,0,0,0
2026-08-13T03:51:14.781493,241,0,0,0,0,0
2026-08-13T03:51:14.783838,243,0,0,0,0,0
2026-08-13T03:51:14.785303,245,0,0,0,0,0
2026-08-13T03:51:14.785303,244,0,0,0,0,0
2026-08-13T03:51:14.788918,245,0,0,0,0,0
2026-08-13T03:51:14.788918,244,0,0,0,0,0
2026-08-13T03:51:14.788918,243,0,0,0,0,0
2026-08-13T03:51:14.792855,241,0,0,0,0,0
2026-08-13T03:51:14.792855,241,0,0,0,0,0
2026-08-13T03:51:14.793859,240,0,0,0,0,0
2026-08-13T03:51:14.793859,238,0,0,0,0,0
2026-08-13T03:51:14.796777,238,0,0,0,0,0
2026-08-13T03:51:14.796777,237,0,0,0,0,0
2026-08-13T03:51:14.797882,237,0,0,0,0,0
2026-08-13T03:51:14.801021,236,0,0,0,0,0
2026-08-13T03:51:14.801021,236,0,0,0,0,0
2026-08-13T03:51:14.801021,236,0,0,0,0,0
2026-08-13T03:51:14.802454,237,0,0,0,0,0
2026-08-13T03:51:14.805098,240,0,0,0,0,0
2026-08-13T03:51:14.805098,240,0,0,0,0,0
2026-08-13T03:51:14.805098,241,0,0,0,0,0
2026-08-13T03:51:14.809323,241,0,0,0,0,0
2026-08-13T03:51:14.809323,242,0,0,0,0,0
2026-08-13T03:51:14.810330,242,0,0,0,0,0
2026-08-13T03:51:14.810330,241,0,0,0,0,0
2026-08-13T03:51:14.812828,243,0,0,0,0,0
2026-08-13T03:51:14.813864,242,0,0,0,0,0
2026-08-13T03:51:14.813864,241,0,0,0,0,0
2026-08-13T03:51:14.816691,242,0,0,0,0,0
2026-08-13T03:51:14.818114,242,0,0,0,0,0
2026-08-13T03:51:14.818114,240,0,0,0,0,0
2026-08-13T03:51:14.818114,240,0,0,0,0,0
2026-08-13T03:51:14.821518,241,0,0,0,0,0
2026-08-13T03:51:14.821518,240,0,0,0,0,0
2026-08-13T03:51:14.821518,240,0,0,0,0,0
2026-08-13T03:51:14.825007,243,0,0,0,0,0
2026-08-13T03:51:14.826487,242,0,0,0,0,0
2026-08-13T03:51:14.826487,244,0,0,0,0,0
2026-08-13T03:51:14.829452,243,0,0,0,0,0
2026-08-13T03:51:14.830461,243,0,0,0,0,0
2026-08-13T03:51:14.830461,242,0,0,0,0,0
2026-08-13T03:51:14.830461,241,0,0,0,0,0
2026-08-13T03:51:14.834159,242,0,0,0,0,0
2026-08-13T03:51:14.834159,242,0,0,0,0,0
2026-08-13T03:51:14.834159,241,0,0,0,0,0
2026-08-13T03:51:14.837080,240,0,0,0,0,0
2026-08-13T03:51:14.838537,240,0,0,0,0,0
2026-08-13T03:51:14.838537,240,0,0,0,0,0
2026-08-13T03:51:14.838537,240,0,0,0,0,0
2026-08-13T03:51:14.841944,241,0,0,0,0,0
2026-08-13T03:51:14.841944,241,0,0,0,0,0
2026-08-13T03:51:14.842944,242,0,0,0,0,0
2026-08-13T03:51:14.846241,244,0,0,0,0,0
2026-08-13T03:51:14.846241,245,0,0,0,0,0
2026-08-13T03:51:14.847240,246,0,0,0,0,0
2026-08-13T03:51:14.847240,246,0,0,0,0,0
2026-08-13T03:51:14.850240,245,0,0,0,0,0
2026-08-13T03:51:14.850240,244,0,0,0,0,0
2026-08-13T03:51:14.851240,244,0,0,0,0,0
2026-08-13T03:51:14.854705,244,0,0,0,0,0
2026-08-13T03:51:14.854705,242,0,0,0,0,0
2026-08-13T03:51:14.854705,242,0,0,0,0,0
2026-08-13T03:51:14.857865,241,0,0,0,0,0
2026-08-13T03:51:14.859145,241,0,0,0,0,0
2026-08-13T03:51:14.859145,240,0,0,0,0,0
2026-08-13T03:51:14.859145,240,0,0,0,0,0
2026-08-13T03:51:14.862361,242,0,0,0,0,0
2026-08-13T03:51:14.862361,241,0,0,0,0,0
2026-08-13T03:51:14.862361,244,0,0,0,0,0
2026-08-13T03:51:14.865908,245,0,0,0,0,0
2026-08-13T03:51:14.867351,246,0,0,0,0,0
2026-08-13T03:51:14.867351,247,0,0,0,0,0
2026-08-13T03:51:14.867351,247,0,0,0,0,0
2026-08-13T03:51:14.869840,248,0,0,0,0,0
2026-08-13T03:51:14.871336,247,0,0,0,0,0
2026-08-13T03:51:14.871336,247,0,0,0,0,0
2026-08-13T03:51:14.875108,247,0,0,0,0,0
2026-08-13T03:51:14.875108,247,0,0,0,0,0
2026-08-13T03:51:14.875108,247,0,0,0,0,0
2026-08-13T03:51:14.876115,247,0,0,0,0,0
2026-08-13T03:51:14.878589,247,0,0,0,0,0
2026-08-13T03:51:14.879596,246,0,0,0,0,0
2026-08-13T03:51:14.879596,245,0,0,0,0,0
2026-08-13T03:51:14.882045,246,0,0,0,0,0
2026-08-13T03:51:14.883513,245,0,0,0,0,0
2026-08-13T03:51:14.884020,248,0,0,0,0,0
2026-08-13T03:51:14.884020,249,0,0,0,0,0
2026-08-13T03:51:14.886437,249,0,0,0,0,0
2026-08-13T03:51:14.887885,250,0,0,0,0,0
2026-08-13T03:51:14.887885,251,0,0,0,0,0
2026-08-13T03:51:14.891423,250,0,0,0,0,0
2026-08-13T03:51:14.891423,249,0,0,0,0,0
2026-08-13T03:51:14.891423,249,0,0,0,0,0
2026-08-13T03:51:14.895417,248,0,0,0,0,0
2026-08-13T03:51:14.895417,248,0,0,0,0,0
2026-08-13T03:51:14.896425,248,0,0,0,0,0
2026-08-13T03:51:14.896425,247,0,0,0,0,0
2026-08-13T03:51:14.898514,247,0,0,0,0,0
2026-08-13T03:51:14.899967,247,0,0,0,0,0
2026-08-13T03:51:14.899967,247,0,0,0,0,0
2026-08-13T03:51:14.903613,247,0,0,0,0,0
2026-08-13T03:51:14.903613,247,0,0,0,0,0
2026-08-13T03:51:14.903613,250,0,0,0,0,0
2026-08-13T03:51:14.904618,251,0,0,0,0,0
2026-08-13T03:51:14.907490,252,0,0,0,0,0
2026-08-13T03:51:14.907490,252,0,0,0,0,0
2026-08-13T03:51:14.908497,252,0,0,0,0,0
2026-08-13T03:51:14.910967,251,0,0,0,0,0
2026-08-13T03:51:14.912321,251,0,0,0,0,0
2026-08-13T03:51:14.912321,251,0,0,0,0,0
2026-08-13T03:51:14.912321,250,0,0,0,0,0
2026-08-13T03:51:14.915281,248,0,0,0,0,0
2026-08-13T03:51:14.916341,249,0,0,0,0,0
2026-08-13T03:51:14.916341,247,0,0,0,0,0
2026-08-13T03:51:14.919705,246,0,0,0,0,0
2026-08-13T03:51:14.920706,244,0,0,0,0,0
2026-08-13T03:51:14.920706,245,0,0,0,0,0
2026-08-13T03:51:14.920706,245,0,0,0,0,0
2026-08-13T03:51:14.923718,246,0,0,0,0,0
2026-08-13T03:51:14.923718,248,0,0,0,0,0
2026-08-13T03:51:14.925010,249,0,0,0,0,0
2026-08-13T03:51:14.927446,250,0,0,0,0,0
2026-08-13T03:51:14.928846,250,0,0,0,0,0
2026-08-13T03:51:14.928846,252,0,0,0,0,0
2026-08-13T03:51:14.931622,252,0,0,0,0,0
2026-08-13T03:51:14.932752,251,0,0,0,0,0
2026-08-13T03:51:14.932752,254,0,0,0,0,0
2026-08-13T03:51:14.932752,253,0,0,0,0,0
2026-08-13T03:51:14.935930,254,0,0,0,0,0
2026-08-13T03:51:14.936936,254,0,0,0,0,0
2026-08-13T03:51:14.936936,253,0,0,0,0,0
2026-08-13T03:51:14.940817,253,0,0,0,0,0
2026-08-13T03:51:14.940817,253,0,0,0,0,0
2026-08-13T03:51:14.940817,254,0,0,0,0,0
2026-08-13T03:51:14.941823,253,0,0,0,0,0
2026-08-13T03:51:14.944790,255,0,0,0,0,0
2026-08-13T03:51:14.944790,255,0,0,0,0,0
2026-08-13T03:51:14.944790,256,0,0,0,0,0
2026-08-13T03:51:14.948225,257,0,0,0,0,0
2026-08-13T03:51:14.949207,257,0,0,0,0,0
2026-08-13T03:51:14.949207,255,0,0,0,0,0
2026-08-13T03:51:14.949207,252,0,0,0,0,0
2026-08-13T03:51:14.952149,250,0,0,0,0,0
2026-08-13T03:51:14.952149,249,0,0,0,0,0
2026-08-13T03:51:14.953661,246,0,0,0,0,0
2026-08-13T03:51:14.956812,248,0,0,0,0,0
2026-08-13T03:51:14.956812,247,0,0,0,0,0
2026-08-13T03:51:14.957951,248,0,0,0,0,0
2026-08-13T03:51:14.960441,244,0,0,0,0,0
2026-08-13T03:51:14.961447,241,0,0,0,0,0
2026-08-13T03:51:14.961447,239,0,0,0,0,0
2026-08-13T03:51:14.961447,235,0,0,0,0,0
2026-08-13T03:51:14.964670,235,0,0,0,0,0
2026-08-13T03:51:14.964670,234,0,0,0,0,0
2026-08-13T03:51:14.965804,234,0,0,0,0,0
2026-08-13T03:51:14.969359,234,0,0,0,0,0
2026-08-13T03:51:14.969359,231,0,0,0,0,0
2026-08-13T03:51:14.969359,229,0,0,0,0,0
2026-08-13T03:51:14.970359,225,0,0,0,0,0
2026-08-13T03:51:14.972746,224,0,0,0,0,0
2026-08-13T03:51:14.973732,223,0,0,0,0,0
2026-08-13T03:51:14.973732,223,0,0,0,0,0
2026-08-13T03:51:14.976344,223,0,0,0,0,0
2026-08-13T03:51:14.977732,221,0,0,0,0,0
2026-08-13T03:51:14.977732,220,0,0,0,0,0
2026-08-13T03:51:14.978739,218,0,0,0,0,0
2026-08-13T03:51:14.981415,214,0,0,0,0,0
2026-08-13T03:51:14.981415,210,0,0,0,0,0
2026-08-13T03:51:14.981415,207,0,0,0,0,0
2026-08-13T03:51:14.985031,207,0,0,0,0,0
2026-08-13T03:51:14.985031,205,0,0,0,0,0
2026-08-13T03:51:14.986330,202,0,0,0,0,0
2026-08-13T03:51:14.986330,200,0,0,0,0,0
2026-08-13T03:51:14.988697,198,0,0,0,0,0
2026-08-13T03:51:14.990074,196,0,0,0,0,0
2026-08-13T03:51:14.991112,194,0,0,0,0,0
2026-08-13T03:51:14.993686,194,0,0,0,0,0
2026-08-13T03:51:14.993686,192,0,0,0,0,0
2026-08-13T03:51:14.994702,190,0,0,0,0,0
2026-08-13T03:51:14.997109,190,0,0,0,0,0
2026-08-13T03:51:14.998342,188,0,0,0,0,0
2026-08-13T03:51:14.998342,186,0,0,0,0,0
2026-08-13T03:51:14.998342,184,0,0,0,0,0
2026-08-13T03:51:15.001898,184,0,0,0,0,0
2026-08-13T03:51:15.001898,182,0,0,0,0,0
2026-08-13T03:51:15.002906,181,0,0,0,0,0
2026-08-13T03:51:15.005778,182,0,0,0,0,0
2026-08-13T03:51:15.005778,179,0,0,0,0,0
2026-08-13T03:51:15.006788,179,0,0,0,0,0
2026-08-13T03:51:15.006788,181,0,0,0,0,0
2026-08-13T03:51:15.010000,183,0,0,0,0,0
2026-08-13T03:51:15.010000,186,0,0,0,0,0
2026-08-13T03:51:15.011006,189,0,0,0,0,0
2026-08-13T03:51:15.014011,194,0,0,0,0,0
2026-08-13T03:51:15.015018,197,0,0,0,0,0
2026-08-13T03:51:15.015018,200,0,0,0,0,0
2026-08-13T03:51:15.015018,205,0,0,0,0,0
2026-08-13T03:51:15.018022,207,0,0,0,0,0
2026-08-13T03:51:15.018022,211,0,0,0,0,0
2026-08-13T03:51:15.019022,213,0,0,0,0,0
2026-08-13T03:51:15.022389,217,0,0,0,0,0
2026-08-13T03:51:15.022389,219,0,0,0,0,0
2026-08-13T03:51:15.022389,223,0,0,0,0,0
2026-08-13T03:51:15.026598,227,0,0,0,0,0
2026-08-13T03:51:15.026598,229,0,0,0,0,0
2026-08-13T03:51:15.027599,233,0,0,0,0,0
2026-08-13T03:51:15.027599,234,0,0,0,0,0
2026-08-13T03:51:15.030495,236,0,0,0,0,0
2026-08-13T03:51:15.030495,237,0,0,0,0,0
2026-08-13T03:51:15.030495,239,0,0,0,0,0
2026-08-13T03:51:15.034542,241,0,0,0,0,0
2026-08-13T03:51:15.034542,242,0,0,0,0,0
2026-08-13T03:51:15.034542,242,0,0,0,0,0
2026-08-13T03:51:15.035977,244,0,0,0,0,0
2026-08-13T03:51:15.039002,242,0,0,0,0,0
2026-08-13T03:51:15.039002,241,0,0,0,0,0
2026-08-13T03:51:15.039002,240,0,0,0,0,0
2026-08-13T03:51:15.042313,241,0,0,0,0,0
2026-08-13T03:51:15.042313,240,0,0,0,0,0
2026-08-13T03:51:15.043821,241,0,0,0,0,0
2026-08-13T03:51:15.043821,243,0,0,0,0,0
2026-08-13T03:51:15.047183,243,0,0,0,0,0
2026-08-13T03:51:15.047183,243,0,0,0,0,0
2026-08-13T03:51:15.047183,243,0,0,0,0,0
2026-08-13T03:51:15.050821,242,0,0,0,0,0
2026-08-13T03:51:15.050821,241,0,0,0,0,0
2026-08-13T03:51:15.051787,242,0,0,0,0,0
2026-08-13T03:51:15.051787,242,0,0,0,0,0
2026-08-13T03:51:15.054751,241,0,0,0,0,0
2026-08-13T03:51:15.055761,241,0,0,0,0,0
2026-08-13T03:51:15.055761,241,0,0,0,0,0
2026-08-13T03:51:15.058283,242,0,0,0,0,0
2026-08-13T03:51:15.059719,241,0,0,0,0,0
2026-08-13T03:51:15.059719,242,0,0,0,0,0
2026-08-13T03:51:15.063664,244,0,0,0,0,0
2026-08-13T03:51:15.063664,244,0,0,0,0,0
2026-08-13T03:51:15.063664,246,0,0,0,0,0
2026-08-13T03:51:15.063664,247,0,0,0,0,0
2026-08-13T03:51:15.066780,249,0,0,0,0,0
2026-08-13T03:51:15.068223,250,0,0,0,0,0
2026-08-13T03:51:15.068223,250,0,0,0,0,0
2026-08-13T03:51:15.070636,251,0,0,0,0,0
2026-08-13T03:51:15.072086,250,0,0,0,0,0
2026-08-13T03:51:15.072086,251,0,0,0,0,0
2026-08-13T03:51:15.072086,252,0,0,0,0,0
2026-08-13T03:51:15.075038,252,0,0,0,0,0
2026-08-13T03:51:15.076036,252,0,0,0,0,0
2026-08-13T03:51:15.076036,250,0,0,0,0,0
2026-08-13T03:51:15.079946,251,0,0,0,0,0
2026-08-13T03:51:15.079946,249,0,0,0,0,0
2026-08-13T03:51:15.079946,250,0,0,0,0,0
2026-08-13T03:51:15.079946,249,0,0,0,0,0
2026-08-13T03:51:15.083913,249,0,0,0,0,0
2026-08-13T03:51:15.083913,251,0,0,0,0,0
2026-08-13T03:51:15.083913,253,0,0,0,0,0
2026-08-13T03:51:15.088172,254,0,0,0,0,0
2026-08-13T03:51:15.088172,254,0,0,0,0,0
2026-08-13T03:51:15.088172,254,0,0,0,0,0
2026-08-13T03:51:15.091600,252,0,0,0,0,0
2026-08-13T03:51:15.092699,252,0,0,0,0,0
2026-08-13T03:51:15.092699,252,0,0,0,0,0
2026-08-13T03:51:15.093704,250,0,0,0,0,0
2026-08-13T03:51:15.096043,249,0,0,0,0,0
2026-08-13T03:51:15.096871,249,0,0,0,0,0
2026-08-13T03:51:15.096871,247,0,0,0,0,0
2026-08-13T03:51:15.099557,246,0,0,0,0,0
2026-08-13T03:51:15.099557,245,0,0,0,0,0
2026-08-13T03:51:15.100972,246,0,0,0,0,0
2026-08-13T03:51:15.100972,245,0,0,0,0,0
2026-08-13T03:51:15.103754,246,0,0,0,0,0
2026-08-13T03:51:15.104840,246,0,0,0,0,0
2026-08-13T03:51:15.104840,246,0,0,0,0,0
2026-08-13T03:51:15.108316,247,0,0,0,0,0
2026-08-13T03:51:15.108316,246,0,0,0,0,0
2026-08-13T03:51:15.108316,245,0,0,0,0,0
2026-08-13T03:51:15.109576,245,0,0,0,0,0
2026-08-13T03:51:15.112326,245,0,0,0,0,0
2026-08-13T03:51:15.112326,245,0,0,0,0,0
2026-08-13T03:51:15.112326,243,0,0,0,0,0
2026-08-13T03:51:15.116287,243,0,0,0,0,0
2026-08-13T03:51:15.116287,242,0,0,0,0,0
2026-08-13T03:51:15.116287,241,0,0,0,0,0
2026-08-13T03:51:15.117725,239,0,0,0,0,0
2026-08-13T03:51:15.120491,239,0,0,0,0,0
2026-08-13T03:51:15.120491,239,0,0,0,0,0
2026-08-13T03:51:15.120491,238,0,0,0,0,0
2026-08-13T03:51:15.123957,239,0,0,0,0,0
2026-08-13T03:51:15.125454,240,0,0,0,0,0
2026-08-13T03:51:15.125454,239,0,0,0,0,0
2026-08-13T03:51:15.128867,238,0,0,0,0,0
2026-08-13T03:51:15.128867,238,0,0,0,0,0
2026-08-13T03:51:15.129869,238,0,0,0,0,0
2026-08-13T03:51:15.129869,237,0,0,0,0,0
2026-08-13T03:51:15.133106,239,0,0,0,0,0
2026-08-13T03:51:15.133611,240,0,0,0,0,0
2026-08-13T03:51:15.133611,239,0,0,0,0,0
2026-08-13T03:51:15.136850,239,0,0,0,0,0
2026-08-13T03:51:15.136850,241,0,0,0,0,0
2026-08-13T03:51:15.136850,241,0,0,0,0,0
2026-08-13T03:51:15.138244,242,0,0,0,0,0
2026-08-13T03:51:15.141256,242,0,0,0,0,0
2026-08-13T03:51:15.141256,242,0,0,0,0,0
2026-08-13T03:51:15.141256,242,0,0,0,0,0
2026-08-13T03:51:15.145004,243,0,0,0,0,0
2026-08-13T03:51:15.145004,245,0,0,0,0,0
2026-08-13T03:51:15.145004,244,0,0,0,0,0
2026-08-13T03:51:15.146327,243,0,0,0,0,0
2026-08-13T03:51:15.149495,243,0,0,0,0,0
2026-08-13T03:51:15.149495,242,0,0,0,0,0
2026-08-13T03:51:15.149495,240,0,0,0,0,0
2026-08-13T03:51:15.152855,239,0,0,0,0,0
2026-08-13T03:51:15.153854,238,0,0,0,0,0
2026-08-13T03:51:15.154361,235,0,0,0,0,0
2026-08-13T03:51:15.154361,235,0,0,0,0,0
2026-08-13T03:51:15.157871,233,0,0,0,0,0
2026-08-13T03:51:15.157871,232,0,0,0,0,0
2026-08-13T03:51:15.157871,230,0,0,0,0,0
2026-08-13T03:51:15.161375,229,0,0,0,0,0
2026-08-13T03:51:15.161375,229,0,0,0,0,0
2026-08-13T03:51:15.162484,228,0,0,0,0,0
2026-08-13T03:51:15.165964,230,0,0,0,0,0
2026-08-13T03:51:15.165964,231,0,0,0,0,0
2026-08-13T03:51:15.165964,232,0,0,0,0,0
2026-08-13T03:51:15.165964,232,0,0,0,0,0
2026-08-13T03:51:15.170024,233,0,0,0,0,0
2026-08-13T03:51:15.170024,234,0,0,0,0,0
2026-08-13T03:51:15.170024,233,0,0,0,0,0
2026-08-13T03:51:15.173602,234,0,0,0,0,0
2026-08-13T03:51:15.174613,234,0,0,0,0,0
2026-08-13T03:51:15.174613,234,0,0,0,0,0
2026-08-13T03:51:15.174613,235,0,0,0,0,0
2026-08-13T03:51:15.177099,234,0,0,0,0,0
2026-08-13T03:51:15.178507,235,0,0,0,0,0
2026-08-13T03:51:15.178507,235,0,0,0,0,0
2026-08-13T03:51:15.182416,237,0,0,0,0,0
2026-08-13T03:51:15.182416,238,0,0,0,0,0
2026-08-13T03:51:15.182416,239,0,0,0,0,0
2026-08-13T03:51:15.182416,241,0,0,0,0,0
2026-08-13T03:51:15.186356,243,0,0,0,0,0
2026-08-13T03:51:15.186356,244,0,0,0,0,0
2026-08-13T03:51:15.186356,244,0,0,0,0,0
2026-08-13T03:51:15.189861,243,0,0,0,0,0
2026-08-13T03:51:15.189861,243,0,0,0,0,0
2026-08-13T03:51:15.191085,242,0,0,0,0,0
2026-08-13T03:51:15.193598,243,0,0,0,0,0
2026-08-13T03:51:15.195085,242,0,0,0,0,0
2026-08-13T03:51:15.195085,241,0,0,0,0,0
2026-08-13T03:51:15.195085,241,0,0,0,0,0
2026-08-13T03:51:15.198015,240,0,0,0,0,0
2026-08-13T03:51:15.198015,240,0,0,0,0,0
2026-08-13T03:51:15.199347,239,0,0,0,0,0
2026-08-13T03:51:15.201998,239,0,0,0,0,0
2026-08-13T03:51:15.203018,239,0,0,0,0,0
2026-08-13T03:51:15.203018,240,0,0,0,0,0
2026-08-13T03:51:15.203018,243,0,0,0,0,0
2026-08-13T03:51:15.206486,242,0,0,0,0,0
2026-08-13T03:51:15.207464,243,0,0,0,0,0
2026-08-13T03:51:15.207464,242,0,0,0,0,0
2026-08-13T03:51:15.210923,242,0,0,0,0,0
2026-08-13T03:51:15.210923,241,0,0,0,0,0
2026-08-13T03:51:15.210923,241,0,0,0,0,0
2026-08-13T03:51:15.210923,241,0,0,0,0,0
2026-08-13T03:51:15.214759,239,0,0,0,0,0
2026-08-13T03:51:15.214759,239,0,0,0,0,0
2026-08-13T03:51:15.214759,239,0,0,0,0,0
2026-08-13T03:51:15.218695,238,0,0,0,0,0
2026-08-13T03:51:15.218695,237,0,0,0,0,0
2026-08-13T03:51:15.218695,237,0,0,0,0,0
2026-08-13T03:51:15.220112,238,0,0,0,0,0
2026-08-13T03:51:15.222449,239,0,0,0,0,0
2026-08-13T03:51:15.222449,242,0,0,0,0,0
2026-08-13T03:51:15.223955,243,0,0,0,0,0
2026-08-13T03:51:15.226500,245,0,0,0,0,0
2026-08-13T03:51:15.226500,247,0,0,0,0,0
2026-08-13T03:51:15.227982,248,0,0,0,0,0
2026-08-13T03:51:15.230445,250,0,0,0,0,0
2026-08-13T03:51:15.231753,250,0,0,0,0,0
2026-08-13T03:51:15.231753,252,0,0,0,0,0
2026-08-13T03:51:15.231753,254,0,0,0,0,0
2026-08-13T03:51:15.234815,254,0,0,0,0,0
2026-08-13T03:51:15.234815,257,0,0,0,0,0
2026-08-13T03:51:15.236096,259,0,0,0,0,0
2026-08-13T03:51:15.238763,262,0,0,0,0,0
2026-08-13T03:51:15.238763,263,0,0,0,0,0
2026-08-13T03:51:15.240259,264,0,0,0,0,0
2026-08-13T03:51:15.240259,265,0,0,0,0,0
2026-08-13T03:51:15.243836,265,0,0,0,0,0
2026-08-13T03:51:15.243836,268,0,0,0,0,0
2026-08-13T03:51:15.243836,270,0,0,0,0,0
2026-08-13T03:51:15.247867,272,0,0,0,0,0
2026-08-13T03:51:15.247867,272,0,0,0,0,0
2026-08-13T03:51:15.247867,273,0,0,0,0,0
2026-08-13T03:51:15.248855,274,0,0,0,0,0
2026-08-13T03:51:15.251050,275,0,0,0,0,0
2026-08-13T03:51:15.251050,276,0,0,0,0,0
2026-08-13T03:51:15.252529,276,0,0,0,0,0
2026-08-13T03:51:15.255359,274,0,0,0,0,0
2026-08-13T03:51:15.255359,273,0,0,0,0,0
2026-08-13T03:51:15.256784,272,0,0,0,0,0
2026-08-13T03:51:15.259790,271,0,0,0,0,0
2026-08-13T03:51:15.259790,269,0,0,0,0,0
2026-08-13T03:51:15.260790,268,0,0,0,0,0
2026-08-13T03:51:15.260790,267,0,0,0,0,0
2026-08-13T03:51:15.264298,266,0,0,0,0,0
2026-08-13T03:51:15.264298,268,0,0,0,0,0
2026-08-13T03:51:15.264298,266,0,0,0,0,0
2026-08-13T03:51:15.267806,265,0,0,0,0,0
2026-08-13T03:51:15.268775,264,0,0,0,0,0
2026-08-13T03:51:15.268775,263,0,0,0,0,0
2026-08-13T03:51:15.268775,262,0,0,0,0,0
2026-08-13T03:51:15.271863,261,0,0,0,0,0
2026-08-13T03:51:15.271863,262,0,0,0,0,0
2026-08-13T03:51:15.273153,261,0,0,0,0,0
2026-08-13T03:51:15.276362,263,0,0,0,0,0
2026-08-13T03:51:15.276891,264,0,0,0,0,0
2026-08-13T03:51:15.277410,264,0,0,0,0,0
2026-08-13T03:51:15.277410,264,0,0,0,0,0
2026-08-13T03:51:15.280061,264,0,0,0,0,0
2026-08-13T03:51:15.281062,264,0,0,0,0,0
2026-08-13T03:51:15.281062,263,0,0,0,0,0
2026-08-13T03:51:15.284252,263,0,0,0,0,0
2026-08-13T03:51:15.285258,265,0,0,0,0,0
2026-08-13T03:51:15.285258,265,0,0,0,0,0
2026-08-13T03:51:15.285258,265,0,0,0,0,0
2026-08-13T03:51:15.288503,264,0,0,0,0,0
2026-08-13T03:51:15.288503,263,0,0,0,0,0
2026-08-13T03:51:15.289510,262,0,0,0,0,0
2026-08-13T03:51:15.292536,262,0,0,0,0,0
2026-08-13T03:51:15.292536,266,0,0,0,0,0
2026-08-13T03:51:15.292536,268,0,0,0,0,0
2026-08-13T03:51:15.296619,269,0,0,0,0,0
2026-08-13T03:51:15.296619,271,0,0,0,0,0
2026-08-13T03:51:15.297627,270,0,0,0,0,0
2026-08-13T03:51:15.297627,270,0,0,0,0,0
2026-08-13T03:51:15.301084,270,0,0,0,0,0
2026-08-13T03:51:15.301084,271,0,0,0,0,0
2026-08-13T03:51:15.301084,271,0,0,0,0,0
2026-08-13T03:51:15.304726,274,0,0,0,0,0
2026-08-13T03:51:15.304726,274,0,0,0,0,0
2026-08-13T03:51:15.305878,274,0,0,0,0,0
2026-08-13T03:51:15.305878,275,0,0,0,0,0
2026-08-13T03:51:15.309177,274,0,0,0,0,0
2026-08-13T03:51:15.309177,274,0,0,0,0,0
2026-08-13T03:51:15.309177,272,0,0,0,0,0
2026-08-13T03:51:15.312188,270,0,0,0,0,0
2026-08-13T03:51:15.313695,269,0,0,0,0,0
2026-08-13T03:51:15.313695,264,0,0,0,0,0
2026-08-13T03:51:15.313695,264,0,0,0,0,0
2026-08-13T03:51:15.316703,264,0,0,0,0,0
2026-08-13T03:51:15.317702,265,0,0,0,0,0
2026-08-13T03:51:15.317702,266,0,0,0,0,0
2026-08-13T03:51:15.320980,266,0,0,0,0,0
2026-08-13T03:51:15.321961,267,0,0,0,0,0
2026-08-13T03:51:15.321961,267,0,0,0,0,0
2026-08-13T03:51:15.324472,269,0,0,0,0,0
2026-08-13T03:51:15.325918,270,0,0,0,0,0
2026-08-13T03:51:15.325918,268,0,0,0,0,0
2026-08-13T03:51:15.325918,264,0,0,0,0,0
2026-08-13T03:51:15.329447,261,0,0,0,0,0
2026-08-13T03:51:15.329447,259,0,0,0,0,0
2026-08-13T03:51:15.329447,258,0,0,0,0,0
2026-08-13T03:51:15.333664,260,0,0,0,0,0
2026-08-13T03:51:15.333664,261,0,0,0,0,0
2026-08-13T03:51:15.333664,259,0,0,0,0,0
2026-08-13T03:51:15.335059,260,0,0,0,0,0
2026-08-13T03:51:15.338090,260,0,0,0,0,0
2026-08-13T03:51:15.338090,259,0,0,0,0,0
2026-08-13T03:51:15.338090,257,0,0,0,0,0
2026-08-13T03:51:15.342256,257,0,0,0,0,0
2026-08-13T03:51:15.342256,257,0,0,0,0,0
2026-08-13T03:51:15.342256,256,0,0,0,0,0
2026-08-13T03:51:15.342256,258,0,0,0,0,0
2026-08-13T03:51:15.345785,260,0,0,0,0,0
2026-08-13T03:51:15.345785,261,0,0,0,0,0
2026-08-13T03:51:15.346785,262,0,0,0,0,0
2026-08-13T03:51:15.349783,261,0,0,0,0,0
2026-08-13T03:51:15.349783,260,0,0,0,0,0
2026-08-13T03:51:15.350767,260,0,0,0,0,0
2026-08-13T03:51:15.350767,261,0,0,0,0,0
2026-08-13T03:51:15.354321,261,0,0,0,0,0
2026-08-13T03:51:15.354321,261,0,0,0,0,0
2026-08-13T03:51:15.355320,262,0,0,0,0,0
2026-08-13T03:51:15.357318,261,0,0,0,0,0
2026-08-13T03:51:15.358739,261,0,0,0,0,0
2026-08-13T03:51:15.358739,262,0,0,0,0,0
2026-08-13T03:51:15.361896,264,0,0,0,0,0
2026-08-13T03:51:15.361896,265,0,0,0,0,0
2026-08-13T03:51:15.363069,266,0,0,0,0,0
2026-08-13T03:51:15.363069,270,0,0,0,0,0
2026-08-13T03:51:15.366600,271,0,0,0,0,0
2026-08-13T03:51:15.366600,272,0,0,0,0,0
2026-08-13T03:51:15.366600,272,0,0,0,0,0
2026-08-13T03:51:15.370130,272,0,0,0,0,0
2026-08-13T03:51:15.371115,271,0,0,0,0,0
2026-08-13T03:51:15.371115,271,0,0,0,0,0
2026-08-13T03:51:15.371115,272,0,0,0,0,0
2026-08-13T03:51:15.374688,271,0,0,0,0,0
2026-08-13T03:51:15.374688,269,0,0,0,0,0
2026-08-13T03:51:15.375687,269,0,0,0,0,0
2026-08-13T03:51:15.378700,268,0,0,0,0,0
2026-08-13T03:51:15.379689,266,0,0,0,0,0
2026-08-13T03:51:15.379689,265,0,0,0,0,0
2026-08-13T03:51:15.380691,263,0,0,0,0,0
2026-08-13T03:51:15.383147,259,0,0,0,0,0
2026-08-13T03:51:15.383727,258,0,0,0,0,0
2026-08-13T03:51:15.383727,259,0,0,0,0,0
2026-08-13T03:51:15.387219,262,0,0,0,0,0
2026-08-13T03:51:15.387219,266,0,0,0,0,0
2026-08-13T03:51:15.388265,269,0,0,0,0,0
2026-08-13T03:51:15.388265,272,0,0,0,0,0
2026-08-13T03:51:15.391267,274,0,0,0,0,0
2026-08-13T03:51:15.391267,275,0,0,0,0,0
2026-08-13T03:51:15.392282,277,0,0,0,0,0
2026-08-13T03:51:15.394821,276,0,0,0,0,0
2026-08-13T03:51:15.395804,277,0,0,0,0,0
2026-08-13T03:51:15.396818,276,0,0,0,0,0
2026-08-13T03:51:15.398827,274,0,0,0,0,0
2026-08-13T03:51:15.399813,274,0,0,0,0,0
2026-08-13T03:51:15.399813,272,0,0,0,0,0
2026-08-13T03:51:15.400827,272,0,0,0,0,0
2026-08-13T03:51:15.402826,271,0,0,0,0,0
2026-08-13T03:51:15.403812,273,0,0,0,0,0
2026-08-13T03:51:15.403812,274,0,0,0,0,0
2026-08-13T03:51:15.407267,274,0,0,0,0,0
2026-08-13T03:51:15.407267,274,0,0,0,0,0
2026-08-13T03:51:15.408252,274,0,0,0,0,0
2026-08-13T03:51:15.408252,273,0,0,0,0,0
2026-08-13T03:51:15.411255,272,0,0,0,0,0
2026-08-13T03:51:15.412254,271,0,0,0,0,0
2026-08-13T03:51:15.412254,271,0,0,0,0,0
2026-08-13T03:51:15.415842,270,0,0,0,0,0
2026-08-13T03:51:15.415842,270,0,0,0,0,0
2026-08-13T03:51:15.415842,270,0,0,0,0,0
2026-08-13T03:51:15.416860,270,0,0,0,0,0
2026-08-13T03:51:15.419804,270,0,0,0,0,0
2026-08-13T03:51:15.419804,270,0,0,0,0,0
2026-08-13T03:51:15.420789,271,0,0,0,0,0
2026-08-13T03:51:15.423792,272,0,0,0,0,0
2026-08-13T03:51:15.423792,273,0,0,0,0,0
2026-08-13T03:51:15.424864,276,0,0,0,0,0
2026-08-13T03:51:15.427873,277,0,0,0,0,0
2026-08-13T03:51:15.427873,278,0,0,0,0,0
2026-08-13T03:51:15.428874,278,0,0,0,0,0
2026-08-13T03:51:15.428874,278,0,0,0,0,0
2026-08-13T03:51:15.431857,278,0,0,0,0,0
2026-08-13T03:51:15.431857,278,0,0,0,0,0
2026-08-13T03:51:15.432875,278,0,0,0,0,0
2026-08-13T03:51:15.436425,278,0,0,0,0,0
2026-08-13T03:51:15.436425,279,0,0,0,0,0
2026-08-13T03:51:15.436425,278,0,0,0,0,0
2026-08-13T03:51:15.437410,279,0,0,0,0,0
2026-08-13T03:51:15.440425,278,0,0,0,0,0
2026-08-13T03:51:15.440425,279,0,0,0,0,0
2026-08-13T03:51:15.441412,280,0,0,0,0,0
2026-08-13T03:51:15.443951,280,0,0,0,0,0
2026-08-13T03:51:15.444968,283,0,0,0,0,0
2026-08-13T03:51:15.444968,284,0,0,0,0,0
2026-08-13T03:51:15.444968,284,0,0,0,0,0
2026-08-13T03:51:15.447980,283,0,0,0,0,0
2026-08-13T03:51:15.448965,284,0,0,0,0,0
2026-08-13T03:51:15.448965,283,0,0,0,0,0
2026-08-13T03:51:15.452794,281,0,0,0,0,0
2026-08-13T03:51:15.452794,282,0,0,0,0,0
2026-08-13T03:51:15.452794,281,0,0,0,0,0
2026-08-13T03:51:15.453844,280,0,0,0,0,0
2026-08-13T03:51:15.456868,280,0,0,0,0,0
2026-08-13T03:51:15.456868,279,0,0,0,0,0
2026-08-13T03:51:15.456868,279,0,0,0,0,0
2026-08-13T03:51:15.460949,278,0,0,0,0,0
2026-08-13T03:51:15.460949,280,0,0,0,0,0
2026-08-13T03:51:15.460949,280,0,0,0,0,0
2026-08-13T03:51:15.465006,280,0,0,0,0,0
2026-08-13T03:51:15.465006,282,0,0,0,0,0
2026-08-13T03:51:15.466008,283,0,0,0,0,0
2026-08-13T03:51:15.466008,283,0,0,0,0,0
2026-08-13T03:51:15.469021,284,0,0,0,0,0
2026-08-13T03:51:15.469533,283,0,0,0,0,0
2026-08-13T03:51:15.469533,282,0,0,0,0,0
2026-08-13T03:51:15.472556,280,0,0,0,0,0
2026-08-13T03:51:15.472556,281,0,0,0,0,0
2026-08-13T03:51:15.474066,280,0,0,0,0,0
2026-08-13T03:51:15.475079,279,0,0,0,0,0
2026-08-13T03:51:15.477091,278,0,0,0,0,0
2026-08-13T03:51:15.477091,277,0,0,0,0,0
2026-08-13T03:51:15.478077,276,0,0,0,0,0
2026-08-13T03:51:15.481097,275,0,0,0,0,0
2026-08-13T03:51:15.482093,275,0,0,0,0,0
2026-08-13T03:51:15.482093,274,0,0,0,0,0
2026-08-13T03:51:15.483076,275,0,0,0,0,0
2026-08-13T03:51:15.485625,277,0,0,0,0,0
2026-08-13T03:51:15.485625,277,0,0,0,0,0
2026-08-13T03:51:15.486624,278,0,0,0,0,0
2026-08-13T03:51:15.489625,277,0,0,0,0,0
2026-08-13T03:51:15.489625,277,0,0,0,0,0
2026-08-13T03:51:15.490641,277,0,0,0,0,0
2026-08-13T03:51:15.493624,277,0,0,0,0,0
2026-08-13T03:51:15.493624,278,0,0,0,0,0
2026-08-13T03:51:15.494801,276,0,0,0,0,0
2026-08-13T03:51:15.494801,276,0,0,0,0,0
2026-08-13T03:51:15.497922,276,0,0,0,0,0
2026-08-13T03:51:15.497922,276,0,0,0,0,0
2026-08-13T03:51:15.498946,275,0,0,0,0,0
2026-08-13T03:51:15.501958,275,0,0,0,0,0
2026-08-13T03:51:15.501958,276,0,0,0,0,0
2026-08-13T03:51:15.502947,275,0,0,0,0,0
2026-08-13T03:51:15.502947,277,0,0,0,0,0
2026-08-13T03:51:15.506019,279,0,0,0,0,0
2026-08-13T03:51:15.506019,279,0,0,0,0,0
2026-08-13T03:51:15.507060,280,0,0,0,0,0
2026-08-13T03:51:15.510095,280,0,0,0,0,0
2026-08-13T03:51:15.510095,280,0,0,0,0,0
2026-08-13T03:51:15.511140,278,0,0,0,0,0
2026-08-13T03:51:15.511140,278,0,0,0,0,0
2026-08-13T03:51:15.514017,277,0,0,0,0,0
2026-08-13T03:51:15.514017,277,0,0,0,0,0
2026-08-13T03:51:15.515033,276,0,0,0,0,0
2026-08-13T03:51:15.518051,275,0,0,0,0,0
2026-08-13T03:51:15.518051,275,0,0,0,0,0
2026-08-13T03:51:15.519032,273,0,0,0,0,0
2026-08-13T03:51:15.520047,274,0,0,0,0,0
2026-08-13T03:51:15.522047,275,0,0,0,0,0
2026-08-13T03:51:15.523048,276,0,0,0,0,0
2026-08-13T03:51:15.523048,278,0,0,0,0,0
2026-08-13T03:51:15.526554,278,0,0,0,0,0
2026-08-13T03:51:15.526554,279,0,0,0,0,0
2026-08-13T03:51:15.527555,280,0,0,0,0,0
2026-08-13T03:51:15.530566,280,0,0,0,0,0
2026-08-13T03:51:15.530566,279,0,0,0,0,0
2026-08-13T03:51:15.531552,277,0,0,0,0,0
2026-08-13T03:51:15.531552,278,0,0,0,0,0
2026-08-13T03:51:15.534003,278,0,0,0,0,0
2026-08-13T03:51:15.535010,277,0,0,0,0,0
2026-08-13T03:51:15.535010,278,0,0,0,0,0
2026-08-13T03:51:15.538025,275,0,0,0,0,0
2026-08-13T03:51:15.539009,275,0,0,0,0,0
2026-08-13T03:51:15.539009,275,0,0,0,0,0
2026-08-13T03:51:15.539009,276,0,0,0,0,0
2026-08-13T03:51:15.542858,275,0,0,0,0,0
2026-08-13T03:51:15.542858,275,0,0,0,0,0
2026-08-13T03:51:15.542858,278,0,0,0,0,0
2026-08-13T03:51:15.546976,279,0,0,0,0,0
2026-08-13T03:51:15.546976,279,0,0,0,0,0
2026-08-13T03:51:15.546976,279,0,0,0,0,0
2026-08-13T03:51:15.548027,279,0,0,0,0,0
2026-08-13T03:51:15.551070,278,0,0,0,0,0
2026-08-13T03:51:15.551070,277,0,0,0,0,0
2026-08-13T03:51:15.551070,278,0,0,0,0,0
2026-08-13T03:51:15.554755,277,0,0,0,0,0
2026-08-13T03:51:15.555761,276,0,0,0,0,0
2026-08-13T03:51:15.555761,276,0,0,0,0,0
2026-08-13T03:51:15.558765,276,0,0,0,0,0
2026-08-13T03:51:15.559745,276,0,0,0,0,0
2026-08-13T03:51:15.559745,274,0,0,0,0,0
2026-08-13T03:51:15.560746,275,0,0,0,0,0
2026-08-13T03:51:15.562767,274,0,0,0,0,0
2026-08-13T03:51:15.563746,275,0,0,0,0,0
2026-08-13T03:51:15.563746,278,0,0,0,0,0
2026-08-13T03:51:15.566896,278,0,0,0,0,0
2026-08-13T03:51:15.567902,279,0,0,0,0,0
2026-08-13T03:51:15.567902,278,0,0,0,0,0
2026-08-13T03:51:15.567902,279,0,0,0,0,0
2026-08-13T03:51:15.571651,278,0,0,0,0,0
2026-08-13T03:51:15.571651,278,0,0,0,0,0
2026-08-13T03:51:15.571651,278,0,0,0,0,0
2026-08-13T03:51:15.575026,277,0,0,0,0,0
2026-08-13T03:51:15.576026,277,0,0,0,0,0
2026-08-13T03:51:15.576026,276,0,0,0,0,0
2026-08-13T03:51:15.577029,275,0,0,0,0,0
2026-08-13T03:51:15.579045,275,0,0,0,0,0
2026-08-13T03:51:15.580027,274,0,0,0,0,0
2026-08-13T03:51:15.580027,275,0,0,0,0,0
2026-08-13T03:51:15.583041,275,0,0,0,0,0
2026-08-13T03:51:15.584027,276,0,0,0,0,0
2026-08-13T03:51:15.584027,278,0,0,0,0,0
2026-08-13T03:51:15.584027,278,0,0,0,0,0
2026-08-13T03:51:15.587518,279,0,0,0,0,0
2026-08-13T03:51:15.588520,279,0,0,0,0,0
2026-08-13T03:51:15.588520,279,0,0,0,0,0
2026-08-13T03:51:15.591506,277,0,0,0,0,0
2026-08-13T03:51:15.592520,278,0,0,0,0,0
2026-08-13T03:51:15.592520,277,0,0,0,0,0
2026-08-13T03:51:15.596086,277,0,0,0,0,0
2026-08-13T03:51:15.596086,277,0,0,0,0,0
2026-08-13T03:51:15.597072,276,0,0,0,0,0
2026-08-13T03:51:15.597072,275,0,0,0,0,0
2026-08-13T03:51:15.599979,275,0,0,0,0,0
2026-08-13T03:51:15.599979,275,0,0,0,0,0
2026-08-13T03:51:15.600963,276,0,0,0,0,0
2026-08-13T03:51:15.603977,276,0,0,0,0,0
2026-08-13T03:51:15.603977,277,0,0,0,0,0
2026-08-13T03:51:15.605081,277,0,0,0,0,0
2026-08-13T03:51:15.605081,278,0,0,0,0,0
2026-08-13T03:51:15.608089,279,0,0,0,0,0
2026-08-13T03:51:15.619927,279,0,0,0,0,0
2026-08-13T03:51:15.619927,278,0,0,0,0,0
2026-08-13T03:51:15.620927,277,0,0,0,0,0
2026-08-13T03:51:15.620927,278,0,0,0,0,0
2026-08-13T03:51:15.620927,278,0,0,0,0,0
2026-08-13T03:51:15.620927,277,0,0,0,0,0
2026-08-13T03:51:15.621925,278,0,0,0,0,0
2026-08-13T03:51:15.621925,276,0,0,0,0,0
2026-08-13T03:51:15.621925,276,0,0,0,0,0
2026-08-13T03:51:15.621925,275,0,0,0,0,0
2026-08-13T03:51:15.622926,275,0,0,0,0,0
2026-08-13T03:51:15.622926,275,0,0,0,0,0
2026-08-13T03:51:15.622926,275,0,0,0,0,0
2026-08-13T03:51:15.624430,278,0,0,0,0,0
2026-08-13T03:51:15.625440,279,0,0,0,0,0
2026-08-13T03:51:15.625440,280,0,0,0,0,0
2026-08-13T03:51:15.628882,279,0,0,0,0,0
2026-08-13T03:51:15.628882,279,0,0,0,0,0
2026-08-13T03:51:15.628882,279,0,0,0,0,0
2026-08-13T03:51:15.632993,278,0,0,0,0,0
2026-08-13T03:51:15.632993,278,0,0,0,0,0
2026-08-13T03:51:15.632993,278,0,0,0,0,0
2026-08-13T03:51:15.634047,277,0,0,0,0,0
2026-08-13T03:51:15.637069,277,0,0,0,0,0
2026-08-13T03:51:15.637069,276,0,0,0,0,0
2026-08-13T03:51:15.637069,276,0,0,0,0,0
2026-08-13T03:51:15.641108,275,0,0,0,0,0
2026-08-13T03:51:15.641108,275,0,0,0,0,0
2026-08-13T03:51:15.642131,275,0,0,0,0,0
2026-08-13T03:51:15.642131,276,0,0,0,0,0
2026-08-13T03:51:15.644654,278,0,0,0,0,0
2026-08-13T03:51:15.645653,279,0,0,0,0,0
2026-08-13T03:51:15.645653,279,0,0,0,0,0
2026-08-13T03:51:15.648666,279,0,0,0,0,0
2026-08-13T03:51:15.649651,279,0,0,0,0,0
2026-08-13T03:51:15.649651,278,0,0,0,0,0
2026-08-13T03:51:15.649651,277,0,0,0,0,0
2026-08-13T03:51:15.653577,278,0,0,0,0,0
2026-08-13T03:51:15.653577,277,0,0,0,0,0
2026-08-13T03:51:15.654088,278,0,0,0,0,0
2026-08-13T03:51:15.657094,278,0,0,0,0,0
2026-08-13T03:51:15.658098,277,0,0,0,0,0
2026-08-13T03:51:15.658098,276,0,0,0,0,0
2026-08-13T03:51:15.661110,275,0,0,0,0,0
2026-08-13T03:51:15.662099,276,0,0,0,0,0
2026-08-13T03:51:15.662099,275,0,0,0,0,0
2026-08-13T03:51:15.662099,276,0,0,0,0,0
2026-08-13T03:51:15.665616,277,0,0,0,0,0
2026-08-13T03:51:15.665616,277,0,0,0,0,0
2026-08-13T03:51:15.666617,277,0,0,0,0,0
2026-08-13T03:51:15.669119,277,0,0,0,0,0
2026-08-13T03:51:15.670127,276,0,0,0,0,0
2026-08-13T03:51:15.670127,276,0,0,0,0,0
2026-08-13T03:51:15.671134,276,0,0,0,0,0
2026-08-13T03:51:15.673945,276,0,0,0,0,0
2026-08-13T03:51:15.673945,275,0,0,0,0,0
2026-08-13T03:51:15.675018,274,0,0,0,0,0
2026-08-13T03:51:15.678048,273,0,0,0,0,0
2026-08-13T03:51:15.678048,273,0,0,0,0,0
2026-08-13T03:51:15.679096,272,0,0,0,0,0
2026-08-13T03:51:15.679096,272,0,0,0,0,0
2026-08-13T03:51:15.682128,272,0,0,0,0,0
2026-08-13T03:51:15.682128,272,0,0,0,0,0
2026-08-13T03:51:15.682128,273,0,0,0,0,0
2026-08-13T03:51:15.685658,275,0,0,0,0,0
2026-08-13T03:51:15.686658,276,0,0,0,0,0
2026-08-13T03:51:15.687656,275,0,0,0,0,0
2026-08-13T03:51:15.687656,276,0,0,0,0,0
2026-08-13T03:51:15.689691,275,0,0,0,0,0
2026-08-13T03:51:15.690657,274,0,0,0,0,0
2026-08-13T03:51:15.691660,274,0,0,0,0,0
2026-08-13T03:51:15.694166,274,0,0,0,0,0
2026-08-13T03:51:15.695175,273,0,0,0,0,0
2026-08-13T03:51:15.695175,274,0,0,0,0,0
2026-08-13T03:51:15.698183,273,0,0,0,0,0
2026-08-13T03:51:15.698183,273,0,0,0,0,0
2026-08-13T03:51:15.699181,272,0,0,0,0,0
2026-08-13T03:51:15.699181,272,0,0,0,0,0
2026-08-13T03:51:15.702180,272,0,0,0,0,0
2026-08-13T03:51:15.702180,272,0,0,0,0,0
2026-08-13T03:51:15.702180,274,0,0,0,0,0
2026-08-13T03:51:15.706700,275,0,0,0,0,0
2026-08-13T03:51:15.706700,275,0,0,0,0,0
2026-08-13T03:51:15.706700,276,0,0,0,0,0
2026-08-13T03:51:15.706700,275,0,0,0,0,0
2026-08-13T03:51:15.710714,275,0,0,0,0,0
2026-08-13T03:51:15.710714,274,0,0,0,0,0
2026-08-13T03:51:15.710714,273,0,0,0,0,0
2026-08-13T03:51:15.714838,273,0,0,0,0,0
2026-08-13T03:51:15.714838,274,0,0,0,0,0
2026-08-13T03:51:15.714838,274,0,0,0,0,0
2026-08-13T03:51:15.715816,273,0,0,0,0,0
2026-08-13T03:51:15.718895,273,0,0,0,0,0
2026-08-13T03:51:15.718895,272,0,0,0,0,0
2026-08-13T03:51:15.719904,272,0,0,0,0,0
2026-08-13T03:51:15.723107,272,0,0,0,0,0
2026-08-13T03:51:15.723107,272,0,0,0,0,0
2026-08-13T03:51:15.724721,275,0,0,0,0,0
2026-08-13T03:51:15.726728,275,0,0,0,0,0
2026-08-13T03:51:15.727715,275,0,0,0,0,0
2026-08-13T03:51:15.727715,276,0,0,0,0,0
2026-08-13T03:51:15.727715,275,0,0,0,0,0
2026-08-13T03:51:15.730742,275,0,0,0,0,0
2026-08-13T03:51:15.731726,273,0,0,0,0,0
2026-08-13T03:51:15.731726,274,0,0,0,0,0
2026-08-13T03:51:15.734221,274,0,0,0,0,0
2026-08-13T03:51:15.735711,274,0,0,0,0,0
2026-08-13T03:51:15.735711,274,0,0,0,0,0
2026-08-13T03:51:15.735711,273,0,0,0,0,0
2026-08-13T03:51:15.738720,273,0,0,0,0,0
2026-08-13T03:51:15.739725,272,0,0,0,0,0
2026-08-13T03:51:15.739725,272,0,0,0,0,0
2026-08-13T03:51:15.743570,271,0,0,0,0,0
2026-08-13T03:51:15.743570,272,0,0,0,0,0
2026-08-13T03:51:15.744151,275,0,0,0,0,0
2026-08-13T03:51:15.744151,275,0,0,0,0,0
2026-08-13T03:51:15.747427,275,0,0,0,0,0
2026-08-13T03:51:15.747427,275,0,0,0,0,0
2026-08-13T03:51:15.748428,275,0,0,0,0,0
2026-08-13T03:51:15.751440,274,0,0,0,0,0
2026-08-13T03:51:15.751440,275,0,0,0,0,0
2026-08-13T03:51:15.752429,274,0,0,0,0,0
2026-08-13T03:51:15.752429,274,0,0,0,0,0
2026-08-13T03:51:15.755945,273,0,0,0,0,0
2026-08-13T03:51:15.755945,273,0,0,0,0,0
2026-08-13T03:51:15.755945,273,0,0,0,0,0
2026-08-13T03:51:15.759959,272,0,0,0,0,0
2026-08-13T03:51:15.759959,271,0,0,0,0,0
2026-08-13T03:51:15.760951,272,0,0,0,0,0
2026-08-13T03:51:15.763948,271,0,0,0,0,0
2026-08-13T03:51:15.764487,273,0,0,0,0,0
2026-08-13T03:51:15.764487,275,0,0,0,0,0
2026-08-13T03:51:15.765485,275,0,0,0,0,0
2026-08-13T03:51:15.768149,276,0,0,0,0,0
2026-08-13T03:51:15.768149,276,0,0,0,0,0
2026-08-13T03:51:15.769212,276,0,0,0,0,0
2026-08-13T03:51:15.771645,274,0,0,0,0,0
2026-08-13T03:51:15.772631,273,0,0,0,0,0
2026-08-13T03:51:15.773645,274,0,0,0,0,0
2026-08-13T03:51:15.773645,273,0,0,0,0,0
2026-08-13T03:51:15.775783,274,0,0,0,0,0
2026-08-13T03:51:15.776755,273,0,0,0,0,0
2026-08-13T03:51:15.776755,272,0,0,0,0,0
2026-08-13T03:51:15.780272,272,0,0,0,0,0
2026-08-13T03:51:15.780808,272,0,0,0,0,0
2026-08-13T03:51:15.780808,272,0,0,0,0,0
2026-08-13T03:51:15.781818,272,0,0,0,0,0
2026-08-13T03:51:15.783819,273,0,0,0,0,0
2026-08-13T03:51:15.784829,274,0,0,0,0,0
2026-08-13T03:51:15.785833,274,0,0,0,0,0
2026-08-13T03:51:15.788235,275,0,0,0,0,0
2026-08-13T03:51:15.788973,274,0,0,0,0,0
2026-08-13T03:51:15.788973,274,0,0,0,0,0
2026-08-13T03:51:15.792792,273,0,0,0,0,0
2026-08-13T03:51:15.792792,273,0,0,0,0,0
2026-08-13T03:51:15.792792,274,0,0,0,0,0
2026-08-13T03:51:15.793799,274,0,0,0,0,0
2026-08-13T03:51:15.796334,273,0,0,0,0,0
2026-08-13T03:51:15.797332,273,0,0,0,0,0
2026-08-13T03:51:15.797332,273,0,0,0,0,0
2026-08-13T03:51:15.800332,272,0,0,0,0,0
2026-08-13T03:51:15.801330,272,0,0,0,0,0
2026-08-13T03:51:15.801330,272,0,0,0,0,0
2026-08-13T03:51:15.801330,271,0,0,0,0,0
2026-08-13T03:51:15.804861,273,0,0,0,0,0
2026-08-13T03:51:15.804861,275,0,0,0,0,0
2026-08-13T03:51:15.804861,274,0,0,0,0,0
2026-08-13T03:51:15.809159,275,0,0,0,0,0
2026-08-13T03:51:15.809159,274,0,0,0,0,0
2026-08-13T03:51:15.809159,274,0,0,0,0,0
2026-08-13T03:51:15.810160,273,0,0,0,0,0
2026-08-13T03:51:15.812251,274,0,0,0,0,0
2026-08-13T03:51:15.813764,274,0,0,0,0,0
2026-08-13T03:51:15.813764,273,0,0,0,0,0
2026-08-13T03:51:15.816877,274,0,0,0,0,0
2026-08-13T03:51:15.817833,273,0,0,0,0,0
2026-08-13T03:51:15.817833,272,0,0,0,0,0
2026-08-13T03:51:15.817833,271,0,0,0,0,0
2026-08-13T03:51:15.821399,272,0,0,0,0,0
2026-08-13T03:51:15.821399,271,0,0,0,0,0
2026-08-13T03:51:15.821399,272,0,0,0,0,0
2026-08-13T03:51:15.824982,274,0,0,0,0,0
2026-08-13T03:51:15.825998,275,0,0,0,0,0
2026-08-13T03:51:15.825998,275,0,0,0,0,0
2026-08-13T03:51:15.828943,276,0,0,0,0,0
2026-08-13T03:51:15.829958,274,0,0,0,0,0
2026-08-13T03:51:15.829958,274,0,0,0,0,0
2026-08-13T03:51:15.830958,273,0,0,0,0,0
2026-08-13T03:51:15.832957,273,0,0,0,0,0
2026-08-13T03:51:15.833957,274,0,0,0,0,0
2026-08-13T03:51:15.833957,273,0,0,0,0,0
2026-08-13T03:51:15.837403,274,0,0,0,0,0
2026-08-13T03:51:15.838419,272,0,0,0,0,0
2026-08-13T03:51:15.838419,272,0,0,0,0,0
2026-08-13T03:51:15.839418,271,0,0,0,0,0
2026-08-13T03:51:15.841813,271,0,0,0,0,0
2026-08-13T03:51:15.841813,271,0,0,0,0,0
2026-08-13T03:51:15.842812,272,0,0,0,0,0
2026-08-13T03:51:15.845958,274,0,0,0,0,0
2026-08-13T03:51:15.845958,276,0,0,0,0,0
2026-08-13T03:51:15.846972,275,0,0,0,0,0
2026-08-13T03:51:15.846972,274,0,0,0,0,0
2026-08-13T03:51:15.850068,274,0,0,0,0,0
2026-08-13T03:51:15.850068,273,0,0,0,0,0
2026-08-13T03:51:15.851106,273,0,0,0,0,0
2026-08-13T03:51:15.854018,273,0,0,0,0,0
2026-08-13T03:51:15.854018,273,0,0,0,0,0
2026-08-13T03:51:15.855041,273,0,0,0,0,0
2026-08-13T03:51:15.856039,274,0,0,0,0,0
2026-08-13T03:51:15.858052,273,0,0,0,0,0
2026-08-13T03:51:15.859052,271,0,0,0,0,0
2026-08-13T03:51:15.859052,271,0,0,0,0,0
2026-08-13T03:51:15.862050,271,0,0,0,0,0
2026-08-13T03:51:15.862050,271,0,0,0,0,0
2026-08-13T03:51:15.863052,273,0,0,0,0,0
2026-08-13T03:51:15.866209,274,0,0,0,0,0
2026-08-13T03:51:15.866209,274,0,0,0,0,0
2026-08-13T03:51:15.867190,274,0,0,0,0,0
2026-08-13T03:51:15.867190,274,0,0,0,0,0
2026-08-13T03:51:15.869725,274,0,0,0,0,0
2026-08-13T03:51:15.870719,273,0,0,0,0,0
2026-08-13T03:51:15.870719,273,0,0,0,0,0
2026-08-13T03:51:15.873974,273,0,0,0,0,0
2026-08-13T03:51:15.875046,273,0,0,0,0,0
2026-08-13T03:51:15.876046,274,0,0,0,0,0
2026-08-13T03:51:15.877057,273,0,0,0,0,0
2026-08-13T03:51:15.878798,272,0,0,0,0,0
2026-08-13T03:51:15.878798,271,0,0,0,0,0
2026-08-13T03:51:15.879846,271,0,0,0,0,0
2026-08-13T03:51:15.882849,271,0,0,0,0,0
2026-08-13T03:51:15.882849,271,0,0,0,0,0
2026-08-13T03:51:15.883900,273,0,0,0,0,0
2026-08-13T03:51:15.884910,274,0,0,0,0,0
2026-08-13T03:51:15.886914,274,0,0,0,0,0
2026-08-13T03:51:15.886914,275,0,0,0,0,0
2026-08-13T03:51:15.887912,274,0,0,0,0,0
2026-08-13T03:51:15.890637,274,0,0,0,0,0
2026-08-13T03:51:15.891687,273,0,0,0,0,0
2026-08-13T03:51:15.891687,274,0,0,0,0,0
2026-08-13T03:51:15.894872,274,0,0,0,0,0
2026-08-13T03:51:15.895875,273,0,0,0,0,0
2026-08-13T03:51:15.895875,273,0,0,0,0,0
2026-08-13T03:51:15.896917,273,0,0,0,0,0
2026-08-13T03:51:15.898898,273,0,0,0,0,0
2026-08-13T03:51:15.899899,272,0,0,0,0,0
2026-08-13T03:51:15.899899,271,0,0,0,0,0
2026-08-13T03:51:15.902904,270,0,0,0,0,0
2026-08-13T03:51:15.903883,271,0,0,0,0,0
2026-08-13T03:51:15.903883,274,0,0,0,0,0
2026-08-13T03:51:15.904392,275,0,0,0,0,0
2026-08-13T03:51:15.907308,275,0,0,0,0,0
2026-08-13T03:51:15.907308,275,0,0,0,0,0
2026-08-13T03:51:15.908362,274,0,0,0,0,0
2026-08-13T03:51:15.911532,273,0,0,0,0,0
2026-08-13T03:51:15.911532,273,0,0,0,0,0
2026-08-13T03:51:15.912583,273,0,0,0,0,0
2026-08-13T03:51:15.912583,273,0,0,0,0,0
2026-08-13T03:51:15.915007,273,0,0,0,0,0
2026-08-13T03:51:15.916006,273,0,0,0,0,0
2026-08-13T03:51:15.916006,273,0,0,0,0,0
2026-08-13T03:51:15.919021,272,0,0,0,0,0
2026-08-13T03:51:15.920006,271,0,0,0,0,0
2026-08-13T03:51:15.920006,271,0,0,0,0,0
2026-08-13T03:51:15.921006,271,0,0,0,0,0
2026-08-13T03:51:15.923022,272,0,0,0,0,0
2026-08-13T03:51:15.924007,274,0,0,0,0,0
2026-08-13T03:51:15.925197,274,0,0,0,0,0
2026-08-13T03:51:15.927212,275,0,0,0,0,0
2026-08-13T03:51:15.928196,274,0,0,0,0,0
2026-08-13T03:51:15.929196,274,0,0,0,0,0
2026-08-13T03:51:15.931993,273,0,0,0,0,0
2026-08-13T03:51:15.931993,271,0,0,0,0,0
2026-08-13T03:51:15.933043,273,0,0,0,0,0
2026-08-13T03:51:15.933043,273,0,0,0,0,0
2026-08-13T03:51:15.935406,274,0,0,0,0,0
2026-08-13T03:51:15.936389,274,0,0,0,0,0
2026-08-13T03:51:15.937390,272,0,0,0,0,0
2026-08-13T03:51:15.940086,272,0,0,0,0,0
2026-08-13T03:51:15.940086,271,0,0,0,0,0
2026-08-13T03:51:15.941102,271,0,0,0,0,0
2026-08-13T03:51:15.942102,271,0,0,0,0,0
2026-08-13T03:51:15.944099,272,0,0,0,0,0
2026-08-13T03:51:15.944607,273,0,0,0,0,0
2026-08-13T03:51:15.945618,274,0,0,0,0,0
2026-08-13T03:51:15.947627,274,0,0,0,0,0
2026-08-13T03:51:15.948625,274,0,0,0,0,0
2026-08-13T03:51:15.948625,273,0,0,0,0,0
2026-08-13T03:51:15.950099,272,0,0,0,0,0
2026-08-13T03:51:15.952112,272,0,0,0,0,0
2026-08-13T03:51:15.952112,274,0,0,0,0,0
2026-08-13T03:51:15.953621,273,0,0,0,0,0
2026-08-13T03:51:15.956641,273,0,0,0,0,0
2026-08-13T03:51:15.956641,273,0,0,0,0,0
2026-08-13T03:51:15.958647,273,0,0,0,0,0
2026-08-13T03:51:15.960642,272,0,0,0,0,0
2026-08-13T03:51:15.960642,271,0,0,0,0,0
2026-08-13T03:51:15.961640,271,0,0,0,0,0
2026-08-13T03:51:15.961640,270,0,0,0,0,0
2026-08-13T03:51:15.963936,272,0,0,0,0,0
2026-08-13T03:51:15.964947,274,0,0,0,0,0
2026-08-13T03:51:15.964947,274,0,0,0,0,0
2026-08-13T03:51:15.967981,275,0,0,0,0,0
2026-08-13T03:51:15.969490,274,0,0,0,0,0
2026-08-13T03:51:15.969490,274,0,0,0,0,0
2026-08-13T03:51:15.970499,272,0,0,0,0,0
2026-08-13T03:51:15.972513,272,0,0,0,0,0
2026-08-13T03:51:15.972513,273,0,0,0,0,0
2026-08-13T03:51:15.975036,273,0,0,0,0,0
2026-08-13T03:51:15.977045,273,0,0,0,0,0
2026-08-13T03:51:15.978046,273,0,0,0,0,0
2026-08-13T03:51:15.979047,272,0,0,0,0,0
2026-08-13T03:51:15.980048,271,0,0,0,0,0
2026-08-13T03:51:15.981045,270,0,0,0,0,0
2026-08-13T03:51:15.981045,271,0,0,0,0,0
2026-08-13T03:51:15.982047,271,0,0,0,0,0
2026-08-13T03:51:15.984606,273,0,0,0,0,0
2026-08-13T03:51:15.985601,274,0,0,0,0,0
2026-08-13T03:51:15.985601,274,0,0,0,0,0
2026-08-13T03:51:15.985601,275,0,0,0,0,0
2026-08-13T03:51:15.988614,274,0,0,0,0,0
2026-08-13T03:51:15.989600,273,0,0,0,0,0
2026-08-13T03:51:15.989600,272,0,0,0,0,0
2026-08-13T03:51:15.992721,272,0,0,0,0,0
2026-08-13T03:51:15.993746,273,0,0,0,0,0
2026-08-13T03:51:15.993746,273,0,0,0,0,0
2026-08-13T03:51:15.996829,273,0,0,0,0,0
2026-08-13T03:51:15.997826,272,0,0,0,0,0
2026-08-13T03:51:15.997826,272,0,0,0,0,0
2026-08-13T03:51:15.997826,271,0,0,0,0,0
2026-08-13T03:51:16.000839,271,0,0,0,0,0
2026-08-13T03:51:16.001840,270,0,0,0,0,0
2026-08-13T03:51:16.001840,271,0,0,0,0,0
2026-08-13T03:51:16.005381,273,0,0,0,0,0
2026-08-13T03:51:16.005381,274,0,0,0,0,0
2026-08-13T03:51:16.006381,275,0,0,0,0,0
2026-08-13T03:51:16.006381,275,0,0,0,0,0
2026-08-13T03:51:16.009395,274,0,0,0,0,0
2026-08-13T03:51:16.010382,273,0,0,0,0,0
2026-08-13T03:51:16.010382,272,0,0,0,0,0
2026-08-13T03:51:16.013904,273,0,0,0,0,0
2026-08-13T03:51:16.013904,273,0,0,0,0,0
2026-08-13T03:51:16.013904,273,0,0,0,0,0
2026-08-13T03:51:16.013904,273,0,0,0,0,0
2026-08-13T03:51:16.017965,273,0,0,0,0,0
2026-08-13T03:51:16.017965,272,0,0,0,0,0
2026-08-13T03:51:16.017965,271,0,0,0,0,0
2026-08-13T03:51:16.021964,271,0,0,0,0,0
2026-08-13T03:51:16.021964,270,0,0,0,0,0
2026-08-13T03:51:16.022965,272,0,0,0,0,0
2026-08-13T03:51:16.025540,274,0,0,0,0,0
2026-08-13T03:51:16.026483,274,0,0,0,0,0
2026-08-13T03:51:16.027484,274,0,0,0,0,0
2026-08-13T03:51:16.027484,274,0,0,0,0,0
2026-08-13T03:51:16.030496,274,0,0,0,0,0
2026-08-13T03:51:16.030496,273,0,0,0,0,0
2026-08-13T03:51:16.031487,271,0,0,0,0,0
2026-08-13T03:51:16.034104,273,0,0,0,0,0
2026-08-13T03:51:16.035124,272,0,0,0,0,0
2026-08-13T03:51:16.035124,274,0,0,0,0,0
2026-08-13T03:51:16.036120,273,0,0,0,0,0
2026-08-13T03:51:16.038128,272,0,0,0,0,0
2026-08-13T03:51:16.039131,271,0,0,0,0,0
2026-08-13T03:51:16.039131,271,0,0,0,0,0
2026-08-13T03:51:16.042517,270,0,0,0,0,0
2026-08-13T03:51:16.043171,271,0,0,0,0,0
2026-08-13T03:51:16.043677,271,0,0,0,0,0
2026-08-13T03:51:16.043677,274,0,0,0,0,0
2026-08-13T03:51:16.046774,274,0,0,0,0,0
2026-08-13T03:51:16.046774,274,0,0,0,0,0
2026-08-13T03:51:16.047775,274,0,0,0,0,0
2026-08-13T03:51:16.050793,273,0,0,0,0,0
2026-08-13T03:51:16.050793,272,0,0,0,0,0
2026-08-13T03:51:16.051786,272,0,0,0,0,0
2026-08-13T03:51:16.051786,273,0,0,0,0,0
2026-08-13T03:51:16.054328,272,0,0,0,0,0
2026-08-13T03:51:16.055323,273,0,0,0,0,0
2026-08-13T03:51:16.055323,272,0,0,0,0,0
2026-08-13T03:51:16.058324,272,0,0,0,0,0
2026-08-13T03:51:16.058324,271,0,0,0,0,0
2026-08-13T03:51:16.059457,271,0,0,0,0,0
2026-08-13T03:51:16.062475,271,0,0,0,0,0
2026-08-13T03:51:16.062475,270,0,0,0,0,0
2026-08-13T03:51:16.063981,272,0,0,0,0,0
2026-08-13T03:51:16.063981,274,0,0,0,0,0
2026-08-13T03:51:16.067008,274,0,0,0,0,0
2026-08-13T03:51:16.067008,274,0,0,0,0,0
2026-08-13T03:51:16.067008,274,0,0,0,0,0
2026-08-13T03:51:16.070527,273,0,0,0,0,0
2026-08-13T03:51:16.071527,272,0,0,0,0,0
2026-08-13T03:51:16.071527,272,0,0,0,0,0
2026-08-13T03:51:16.072529,272,0,0,0,0,0
2026-08-13T03:51:16.075048,273,0,0,0,0,0
2026-08-13T03:51:16.075048,273,0,0,0,0,0
2026-08-13T03:51:16.076055,273,0,0,0,0,0
2026-08-13T03:51:16.079071,272,0,0,0,0,0
2026-08-13T03:51:16.080079,271,0,0,0,0,0
2026-08-13T03:51:16.080079,270,0,0,0,0,0
2026-08-13T03:51:16.080079,270,0,0,0,0,0
2026-08-13T03:51:16.083069,271,0,0,0,0,0
2026-08-13T03:51:16.084056,273,0,0,0,0,0
2026-08-13T03:51:16.084056,273,0,0,0,0,0
2026-08-13T03:51:16.087505,275,0,0,0,0,0
2026-08-13T03:51:16.087505,275,0,0,0,0,0
2026-08-13T03:51:16.088495,273,0,0,0,0,0
2026-08-13T03:51:16.088495,273,0,0,0,0,0
2026-08-13T03:51:16.090846,272,0,0,0,0,0
2026-08-13T03:51:16.091972,272,0,0,0,0,0
2026-08-13T03:51:16.091972,273,0,0,0,0,0
2026-08-13T03:51:16.095819,273,0,0,0,0,0
2026-08-13T03:51:16.095819,273,0,0,0,0,0
2026-08-13T03:51:16.095819,273,0,0,0,0,0
2026-08-13T03:51:16.099862,272,0,0,0,0,0
2026-08-13T03:51:16.099862,271,0,0,0,0,0
2026-08-13T03:51:16.099862,270,0,0,0,0,0
2026-08-13T03:51:16.100862,270,0,0,0,0,0
2026-08-13T03:51:16.103865,271,0,0,0,0,0
2026-08-13T03:51:16.103865,273,0,0,0,0,0
2026-08-13T03:51:16.105031,274,0,0,0,0,0
2026-08-13T03:51:16.107357,274,0,0,0,0,0
2026-08-13T03:51:16.108346,274,0,0,0,0,0
2026-08-13T03:51:16.108346,274,0,0,0,0,0
2026-08-13T03:51:16.109362,272,0,0,0,0,0
2026-08-13T03:51:16.111369,272,0,0,0,0,0
2026-08-13T03:51:16.112394,273,0,0,0,0,0
2026-08-13T03:51:16.112394,273,0,0,0,0,0
2026-08-13T03:51:16.115909,273,0,0,0,0,0
2026-08-13T03:51:16.116416,272,0,0,0,0,0
2026-08-13T03:51:16.116416,272,0,0,0,0,0
2026-08-13T03:51:16.116416,272,0,0,0,0,0
2026-08-13T03:51:16.119955,271,0,0,0,0,0
2026-08-13T03:51:16.119955,271,0,0,0,0,0
2026-08-13T03:51:16.120961,270,0,0,0,0,0
2026-08-13T03:51:16.123993,272,0,0,0,0,0
2026-08-13T03:51:16.125109,274,0,0,0,0,0
2026-08-13T03:51:16.125109,275,0,0,0,0,0
2026-08-13T03:51:16.127878,275,0,0,0,0,0
2026-08-13T03:51:16.127878,274,0,0,0,0,0
2026-08-13T03:51:16.129072,273,0,0,0,0,0
2026-08-13T03:51:16.129072,272,0,0,0,0,0
2026-08-13T03:51:16.132506,272,0,0,0,0,0
2026-08-13T03:51:16.133012,272,0,0,0,0,0
2026-08-13T03:51:16.133012,273,0,0,0,0,0
2026-08-13T03:51:16.136484,273,0,0,0,0,0
2026-08-13T03:51:16.136484,273,0,0,0,0,0
2026-08-13T03:51:16.137480,272,0,0,0,0,0
2026-08-13T03:51:16.137480,271,0,0,0,0,0
2026-08-13T03:51:16.140478,271,0,0,0,0,0
2026-08-13T03:51:16.140478,270,0,0,0,0,0
2026-08-13T03:51:16.141764,270,0,0,0,0,0
2026-08-13T03:51:16.144278,272,0,0,0,0,0
2026-08-13T03:51:16.145284,274,0,0,0,0,0
2026-08-13T03:51:16.145284,273,0,0,0,0,0
2026-08-13T03:51:16.145284,275,0,0,0,0,0
2026-08-13T03:51:16.148799,274,0,0,0,0,0
2026-08-13T03:51:16.148799,273,0,0,0,0,0
2026-08-13T03:51:16.148799,271,0,0,0,0,0
2026-08-13T03:51:16.153036,272,0,0,0,0,0
2026-08-13T03:51:16.153036,272,0,0,0,0,0
2026-08-13T03:51:16.154034,272,0,0,0,0,0
2026-08-13T03:51:16.154034,273,0,0,0,0,0
2026-08-13T03:51:16.156563,273,0,0,0,0,0
2026-08-13T03:51:16.157561,272,0,0,0,0,0
2026-08-13T03:51:16.157561,272,0,0,0,0,0
2026-08-13T03:51:16.161071,271,0,0,0,0,0
2026-08-13T03:51:16.161071,270,0,0,0,0,0
2026-08-13T03:51:16.162081,271,0,0,0,0,0
2026-08-13T03:51:16.164598,273,0,0,0,0,0
2026-08-13T03:51:16.165609,274,0,0,0,0,0
2026-08-13T03:51:16.165609,274,0,0,0,0,0
2026-08-13T03:51:16.165609,274,0,0,0,0,0
2026-08-13T03:51:16.169617,274,0,0,0,0,0
2026-08-13T03:51:16.169617,273,0,0,0,0,0
2026-08-13T03:51:16.170125,271,0,0,0,0,0
2026-08-13T03:51:16.173697,272,0,0,0,0,0
2026-08-13T03:51:16.173697,273,0,0,0,0,0
2026-08-13T03:51:16.174721,273,0,0,0,0,0
2026-08-13T03:51:16.174721,273,0,0,0,0,0
2026-08-13T03:51:16.177727,273,0,0,0,0,0
2026-08-13T03:51:16.177727,272,0,0,0,0,0
2026-08-13T03:51:16.177727,271,0,0,0,0,0
2026-08-13T03:51:16.181892,270,0,0,0,0,0
2026-08-13T03:51:16.181892,269,0,0,0,0,0
2026-08-13T03:51:16.181892,271,0,0,0,0,0
2026-08-13T03:51:16.182889,273,0,0,0,0,0
2026-08-13T03:51:16.185405,274,0,0,0,0,0
2026-08-13T03:51:16.185405,274,0,0,0,0,0
2026-08-13T03:51:16.186411,274,0,0,0,0,0
2026-08-13T03:51:16.189411,274,0,0,0,0,0
2026-08-13T03:51:16.190412,273,0,0,0,0,0
2026-08-13T03:51:16.190412,273,0,0,0,0,0
2026-08-13T03:51:16.193923,272,0,0,0,0,0
2026-08-13T03:51:16.193923,273,0,0,0,0,0
2026-08-13T03:51:16.193923,273,0,0,0,0,0
2026-08-13T03:51:16.194934,274,0,0,0,0,0
2026-08-13T03:51:16.197448,273,0,0,0,0,0
2026-08-13T03:51:16.198446,271,0,0,0,0,0
2026-08-13T03:51:16.198446,270,0,0,0,0,0
2026-08-13T03:51:16.201470,270,0,0,0,0,0
2026-08-13T03:51:16.202467,270,0,0,0,0,0
2026-08-13T03:51:16.202467,271,0,0,0,0,0
2026-08-13T03:51:16.202467,273,0,0,0,0,0
2026-08-13T03:51:16.206002,274,0,0,0,0,0
2026-08-13T03:51:16.206002,275,0,0,0,0,0
2026-08-13T03:51:16.206981,274,0,0,0,0,0
2026-08-13T03:51:16.209998,273,0,0,0,0,0
2026-08-13T03:51:16.210983,272,0,0,0,0,0
2026-08-13T03:51:16.210983,272,0,0,0,0,0
2026-08-13T03:51:16.210983,272,0,0,0,0,0
2026-08-13T03:51:16.214007,273,0,0,0,0,0
2026-08-13T03:51:16.215019,273,0,0,0,0,0
2026-08-13T03:51:16.215019,273,0,0,0,0,0
2026-08-13T03:51:16.218040,272,0,0,0,0,0
2026-08-13T03:51:16.219022,272,0,0,0,0,0
2026-08-13T03:51:16.219022,271,0,0,0,0,0
2026-08-13T03:51:16.220023,270,0,0,0,0,0
2026-08-13T03:51:16.222043,270,0,0,0,0,0
2026-08-13T03:51:16.223021,272,0,0,0,0,0
2026-08-13T03:51:16.224024,273,0,0,0,0,0
2026-08-13T03:51:16.226549,274,0,0,0,0,0
2026-08-13T03:51:16.226549,274,0,0,0,0,0
2026-08-13T03:51:16.227547,273,0,0,0,0,0
2026-08-13T03:51:16.230569,273,0,0,0,0,0
2026-08-13T03:51:16.230569,272,0,0,0,0,0
2026-08-13T03:51:16.231547,272,0,0,0,0,0
2026-08-13T03:51:16.231547,272,0,0,0,0,0
2026-08-13T03:51:16.234785,272,0,0,0,0,0
2026-08-13T03:51:16.234785,273,0,0,0,0,0
2026-08-13T03:51:16.234785,273,0,0,0,0,0
2026-08-13T03:51:16.239239,272,0,0,0,0,0
2026-08-13T03:51:16.239239,271,0,0,0,0,0
2026-08-13T03:51:16.239239,271,0,0,0,0,0
2026-08-13T03:51:16.239239,271,0,0,0,0,0
2026-08-13T03:51:16.243082,270,0,0,0,0,0
2026-08-13T03:51:16.243082,272,0,0,0,0,0
2026-08-13T03:51:16.243766,274,0,0,0,0,0
2026-08-13T03:51:16.247280,274,0,0,0,0,0
2026-08-13T03:51:16.247280,274,0,0,0,0,0
2026-08-13T03:51:16.247280,273,0,0,0,0,0
2026-08-13T03:51:16.248277,273,0,0,0,0,0
2026-08-13T03:51:16.251314,271,0,0,0,0,0
2026-08-13T03:51:16.251314,272,0,0,0,0,0
2026-08-13T03:51:16.251314,272,0,0,0,0,0
2026-08-13T03:51:16.254829,273,0,0,0,0,0
2026-08-13T03:51:16.255830,273,0,0,0,0,0
2026-08-13T03:51:16.255830,273,0,0,0,0,0
2026-08-13T03:51:16.258850,272,0,0,0,0,0
2026-08-13T03:51:16.259860,271,0,0,0,0,0
2026-08-13T03:51:16.259860,271,0,0,0,0,0
2026-08-13T03:51:16.260859,270,0,0,0,0,0
2026-08-13T03:51:16.263858,270,0,0,0,0,0
2026-08-13T03:51:16.264366,272,0,0,0,0,0
2026-08-13T03:51:16.264366,275,0,0,0,0,0
2026-08-13T03:51:16.267405,274,0,0,0,0,0
2026-08-13T03:51:16.267405,275,0,0,0,0,0
2026-08-13T03:51:16.268404,274,0,0,0,0,0
2026-08-13T03:51:16.268404,272,0,0,0,0,0
2026-08-13T03:51:16.271950,272,0,0,0,0,0
2026-08-13T03:51:16.271950,272,0,0,0,0,0
2026-08-13T03:51:16.271950,273,0,0,0,0,0
2026-08-13T03:51:16.275470,273,0,0,0,0,0
2026-08-13T03:51:16.276478,273,0,0,0,0,0
2026-08-13T03:51:16.276478,272,0,0,0,0,0
2026-08-13T03:51:16.276478,272,0,0,0,0,0
2026-08-13T03:51:16.279479,271,0,0,0,0,0
2026-08-13T03:51:16.280478,271,0,0,0,0,0
2026-08-13T03:51:16.280478,270,0,0,0,0,0
2026-08-13T03:51:16.283970,271,0,0,0,0,0
2026-08-13T03:51:16.283970,273,0,0,0,0,0
2026-08-13T03:51:16.285044,274,0,0,0,0,0
2026-08-13T03:51:16.285044,274,0,0,0,0,0
2026-08-13T03:51:16.288066,274,0,0,0,0,0
2026-08-13T03:51:16.288066,273,0,0,0,0,0
2026-08-13T03:51:16.289090,272,0,0,0,0,0
2026-08-13T03:51:16.291548,271,0,0,0,0,0
2026-08-13T03:51:16.292556,272,0,0,0,0,0
2026-08-13T03:51:16.292556,273,0,0,0,0,0
2026-08-13T03:51:16.295868,273,0,0,0,0,0
2026-08-13T03:51:16.296874,274,0,0,0,0,0
2026-08-13T03:51:16.296874,273,0,0,0,0,0
2026-08-13T03:51:16.296874,271,0,0,0,0,0
2026-08-13T03:51:16.299893,271,0,0,0,0,0
2026-08-13T03:51:16.300892,271,0,0,0,0,0
2026-08-13T03:51:16.300892,270,0,0,0,0,0
2026-08-13T03:51:16.304673,272,0,0,0,0,0
2026-08-13T03:51:16.305042,273,0,0,0,0,0
2026-08-13T03:51:16.305042,274,0,0,0,0,0
2026-08-13T03:51:16.306002,275,0,0,0,0,0
2026-08-13T03:51:16.308462,274,0,0,0,0,0
2026-08-13T03:51:16.308462,273,0,0,0,0,0
2026-08-13T03:51:16.309437,271,0,0,0,0,0
2026-08-13T03:51:16.312451,271,0,0,0,0,0
2026-08-13T03:51:16.312451,273,0,0,0,0,0
2026-08-13T03:51:16.312451,273,0,0,0,0,0
2026-08-13T03:51:16.313958,273,0,0,0,0,0
2026-08-13T03:51:16.316979,273,0,0,0,0,0
2026-08-13T03:51:16.316979,272,0,0,0,0,0
2026-08-13T03:51:16.316979,272,0,0,0,0,0
2026-08-13T03:51:16.320821,271,0,0,0,0,0
2026-08-13T03:51:16.320821,270,0,0,0,0,0
2026-08-13T03:51:16.321819,270,0,0,0,0,0
2026-08-13T03:51:16.321819,272,0,0,0,0,0
2026-08-13T03:51:16.324951,273,0,0,0,0,0
2026-08-13T03:51:16.324951,274,0,0,0,0,0
2026-08-13T03:51:16.325947,274,0,0,0,0,0
2026-08-13T03:51:16.328962,273,0,0,0,0,0
2026-08-13T03:51:16.329947,273,0,0,0,0,0
2026-08-13T03:51:16.329947,272,0,0,0,0,0
2026-08-13T03:51:16.332961,272,0,0,0,0,0
2026-08-13T03:51:16.333963,273,0,0,0,0,0
2026-08-13T03:51:16.333963,272,0,0,0,0,0
2026-08-13T03:51:16.335142,273,0,0,0,0,0
2026-08-13T03:51:16.337508,273,0,0,0,0,0
2026-08-13T03:51:16.337508,273,0,0,0,0,0
2026-08-13T03:51:16.338576,271,0,0,0,0,0
2026-08-13T03:51:16.341587,271,0,0,0,0,0
2026-08-13T03:51:16.341587,270,0,0,0,0,0
2026-08-13T03:51:16.342624,271,0,0,0,0,0
2026-08-13T03:51:16.343608,272,0,0,0,0,0
2026-08-13T03:51:16.345678,273,0,0,0,0,0
2026-08-13T03:51:16.345678,274,0,0,0,0,0
2026-08-13T03:51:16.346689,275,0,0,0,0,0
2026-08-13T03:51:16.349792,274,0,0,0,0,0
2026-08-13T03:51:16.349792,273,0,0,0,0,0
2026-08-13T03:51:16.350848,272,0,0,0,0,0
2026-08-13T03:51:16.351835,272,0,0,0,0,0
2026-08-13T03:51:16.353847,272,0,0,0,0,0
2026-08-13T03:51:16.354384,273,0,0,0,0,0
2026-08-13T03:51:16.355382,273,0,0,0,0,0
2026-08-13T03:51:16.357380,273,0,0,0,0,0
2026-08-13T03:51:16.358387,272,0,0,0,0,0
2026-08-13T03:51:16.359400,272,0,0,0,0,0
2026-08-13T03:51:16.361382,270,0,0,0,0,0
2026-08-13T03:51:16.362380,270,0,0,0,0,0
2026-08-13T03:51:16.362380,271,0,0,0,0,0
2026-08-13T03:51:16.363889,273,0,0,0,0,0
2026-08-13T03:51:16.365903,274,0,0,0,0,0
2026-08-13T03:51:16.366902,274,0,0,0,0,0
2026-08-13T03:51:16.366902,274,0,0,0,0,0
2026-08-13T03:51:16.369902,273,0,0,0,0,0
2026-08-13T03:51:16.370409,273,0,0,0,0,0
2026-08-13T03:51:16.371422,271,0,0,0,0,0
2026-08-13T03:51:16.371422,272,0,0,0,0,0
2026-08-13T03:51:16.374058,273,0,0,0,0,0
2026-08-13T03:51:16.375067,272,0,0,0,0,0
2026-08-13T03:51:16.375067,274,0,0,0,0,0
2026-08-13T03:51:16.378435,273,0,0,0,0,0
2026-08-13T03:51:16.378435,272,0,0,0,0,0
2026-08-13T03:51:16.378435,271,0,0,0,0,0
2026-08-13T03:51:16.379451,271,0,0,0,0,0
2026-08-13T03:51:16.382451,270,0,0,0,0,0
2026-08-13T03:51:16.382451,272,0,0,0,0,0
2026-08-13T03:51:16.382451,273,0,0,0,0,0
2026-08-13T03:51:16.386642,274,0,0,0,0,0
2026-08-13T03:51:16.386642,274,0,0,0,0,0
2026-08-13T03:51:16.387682,274,0,0,0,0,0
2026-08-13T03:51:16.387682,273,0,0,0,0,0
2026-08-13T03:51:16.390685,272,0,0,0,0,0
2026-08-13T03:51:16.390685,272,0,0,0,0,0
2026-08-13T03:51:16.391692,272,0,0,0,0,0
2026-08-13T03:51:16.394194,273,0,0,0,0,0
2026-08-13T03:51:16.395197,273,0,0,0,0,0
2026-08-13T03:51:16.395197,273,0,0,0,0,0
2026-08-13T03:51:16.398217,272,0,0,0,0,0
2026-08-13T03:51:16.399195,272,0,0,0,0,0
2026-08-13T03:51:16.399195,270,0,0,0,0,0
2026-08-13T03:51:16.399195,271,0,0,0,0,0
2026-08-13T03:51:16.402211,270,0,0,0,0,0
2026-08-13T03:51:16.402211,271,0,0,0,0,0
2026-08-13T03:51:16.403735,273,0,0,0,0,0
2026-08-13T03:51:16.407118,274,0,0,0,0,0
2026-08-13T03:51:16.407118,275,0,0,0,0,0
2026-08-13T03:51:16.407118,274,0,0,0,0,0
2026-08-13T03:51:16.408157,274,0,0,0,0,0
2026-08-13T03:51:16.410725,272,0,0,0,0,0
2026-08-13T03:51:16.411705,272,0,0,0,0,0
2026-08-13T03:51:16.411705,273,0,0,0,0,0
2026-08-13T03:51:16.414849,273,0,0,0,0,0
2026-08-13T03:51:16.415850,273,0,0,0,0,0
2026-08-13T03:51:16.415850,272,0,0,0,0,0
2026-08-13T03:51:16.415850,272,0,0,0,0,0
2026-08-13T03:51:16.418837,271,0,0,0,0,0
2026-08-13T03:51:16.419850,270,0,0,0,0,0
2026-08-13T03:51:16.419850,270,0,0,0,0,0
2026-08-13T03:51:16.422849,270,0,0,0,0,0
2026-08-13T03:51:16.423839,272,0,0,0,0,0
2026-08-13T03:51:16.423839,275,0,0,0,0,0
2026-08-13T03:51:16.427608,274,0,0,0,0,0
2026-08-13T03:51:16.427608,274,0,0,0,0,0
2026-08-13T03:51:16.428655,274,0,0,0,0,0
2026-08-13T03:51:16.428655,273,0,0,0,0,0
2026-08-13T03:51:16.431037,272,0,0,0,0,0
2026-08-13T03:51:16.432021,272,0,0,0,0,0
2026-08-13T03:51:16.432021,272,0,0,0,0,0
2026-08-13T03:51:16.435138,272,0,0,0,0,0
2026-08-13T03:51:16.436149,273,0,0,0,0,0
2026-08-13T03:51:16.437149,273,0,0,0,0,0
2026-08-13T03:51:16.437149,272,0,0,0,0,0
2026-08-13T03:51:16.439163,271,0,0,0,0,0
2026-08-13T03:51:16.440148,270,0,0,0,0,0
2026-08-13T03:51:16.441152,270,0,0,0,0,0
2026-08-13T03:51:16.443691,271,0,0,0,0,0
2026-08-13T03:51:16.444712,273,0,0,0,0,0
2026-08-13T03:51:16.444712,274,0,0,0,0,0
2026-08-13T03:51:16.445708,274,0,0,0,0,0
2026-08-13T03:51:16.447717,274,0,0,0,0,0
2026-08-13T03:51:16.447717,274,0,0,0,0,0
2026-08-13T03:51:16.448719,272,0,0,0,0,0
2026-08-13T03:51:16.451923,271,0,0,0,0,0
2026-08-13T03:51:16.452895,271,0,0,0,0,0
2026-08-13T03:51:16.452895,272,0,0,0,0,0
2026-08-13T03:51:16.454404,273,0,0,0,0,0
2026-08-13T03:51:16.455415,273,0,0,0,0,0
2026-08-13T03:51:16.456424,273,0,0,0,0,0
2026-08-13T03:51:16.457423,272,0,0,0,0,0
2026-08-13T03:51:16.460430,271,0,0,0,0,0
2026-08-13T03:51:16.460430,271,0,0,0,0,0
2026-08-13T03:51:16.460430,270,0,0,0,0,0
2026-08-13T03:51:16.464335,271,0,0,0,0,0
2026-08-13T03:51:16.464335,273,0,0,0,0,0
2026-08-13T03:51:16.465536,273,0,0,0,0,0
2026-08-13T03:51:16.465536,275,0,0,0,0,0
2026-08-13T03:51:16.468543,274,0,0,0,0,0
2026-08-13T03:51:16.468543,273,0,0,0,0,0
2026-08-13T03:51:16.468543,272,0,0,0,0,0
2026-08-13T03:51:16.472057,272,0,0,0,0,0
2026-08-13T03:51:16.473058,272,0,0,0,0,0
2026-08-13T03:51:16.473058,273,0,0,0,0,0
2026-08-13T03:51:16.474057,273,0,0,0,0,0
2026-08-13T03:51:16.476123,273,0,0,0,0,0
2026-08-13T03:51:16.477134,273,0,0,0,0,0
2026-08-13T03:51:16.477134,272,0,0,0,0,0
2026-08-13T03:51:16.480648,271,0,0,0,0,0
2026-08-13T03:51:16.480648,269,0,0,0,0,0
2026-08-13T03:51:16.480648,270,0,0,0,0,0
2026-08-13T03:51:16.481647,271,0,0,0,0,0
2026-08-13T03:51:16.484153,274,0,0,0,0,0
2026-08-13T03:51:16.485160,274,0,0,0,0,0
2026-08-13T03:51:16.485160,274,0,0,0,0,0
2026-08-13T03:51:16.488416,274,0,0,0,0,0
2026-08-13T03:51:16.488416,273,0,0,0,0,0
2026-08-13T03:51:16.489730,273,0,0,0,0,0
2026-08-13T03:51:16.492615,272,0,0,0,0,0
2026-08-13T03:51:16.492615,273,0,0,0,0,0
2026-08-13T03:51:16.493619,272,0,0,0,0,0
2026-08-13T03:51:16.494126,273,0,0,0,0,0
2026-08-13T03:51:16.497142,273,0,0,0,0,0
2026-08-13T03:51:16.497142,272,0,0,0,0,0
2026-08-13T03:51:16.497142,271,0,0,0,0,0
2026-08-13T03:51:16.501141,271,0,0,0,0,0
2026-08-13T03:51:16.501141,270,0,0,0,0,0
2026-08-13T03:51:16.501141,270,0,0,0,0,0
2026-08-13T03:51:16.502141,271,0,0,0,0,0
2026-08-13T03:51:16.505136,274,0,0,0,0,0
2026-08-13T03:51:16.505136,275,0,0,0,0,0
2026-08-13T03:51:16.506144,275,0,0,0,0,0
2026-08-13T03:51:16.508678,274,0,0,0,0,0
2026-08-13T03:51:16.509685,272,0,0,0,0,0
2026-08-13T03:51:16.509685,272,0,0,0,0,0
2026-08-13T03:51:16.509685,272,0,0,0,0,0
2026-08-13T03:51:16.513620,273,0,0,0,0,0
2026-08-13T03:51:16.513620,273,0,0,0,0,0
2026-08-13T03:51:16.513620,273,0,0,0,0,0
2026-08-13T03:51:16.517719,273,0,0,0,0,0
2026-08-13T03:51:16.517719,272,0,0,0,0,0
2026-08-13T03:51:16.517719,272,0,0,0,0,0
2026-08-13T03:51:16.518758,270,0,0,0,0,0
2026-08-13T03:51:16.521561,270,0,0,0,0,0
2026-08-13T03:51:16.521561,271,0,0,0,0,0
2026-08-13T03:51:16.522571,272,0,0,0,0,0
2026-08-13T03:51:16.525086,274,0,0,0,0,0
2026-08-13T03:51:16.526093,273,0,0,0,0,0
2026-08-13T03:51:16.526093,274,0,0,0,0,0
2026-08-13T03:51:16.529492,274,0,0,0,0,0
2026-08-13T03:51:16.530500,273,0,0,0,0,0
2026-08-13T03:51:16.530500,271,0,0,0,0,0
2026-08-13T03:51:16.530500,271,0,0,0,0,0
2026-08-13T03:51:16.533956,272,0,0,0,0,0
2026-08-13T03:51:16.533956,273,0,0,0,0,0
2026-08-13T03:51:16.534970,274,0,0,0,0,0
2026-08-13T03:51:16.538208,273,0,0,0,0,0
2026-08-13T03:51:16.538208,272,0,0,0,0,0
2026-08-13T03:51:16.538208,271,0,0,0,0,0
2026-08-13T03:51:16.539262,271,0,0,0,0,0
2026-08-13T03:51:16.541884,270,0,0,0,0,0
2026-08-13T03:51:16.541884,271,0,0,0,0,0
2026-08-13T03:51:16.541884,273,0,0,0,0,0
2026-08-13T03:51:16.546101,274,0,0,0,0,0
2026-08-13T03:51:16.546101,274,0,0,0,0,0
2026-08-13T03:51:16.547193,274,0,0,0,0,0
2026-08-13T03:51:16.547193,273,0,0,0,0,0
2026-08-13T03:51:16.549822,272,0,0,0,0,0
2026-08-13T03:51:16.550843,272,0,0,0,0,0
2026-08-13T03:51:16.550843,272,0,0,0,0,0
2026-08-13T03:51:16.553755,273,0,0,0,0,0
2026-08-13T03:51:16.554930,273,0,0,0,0,0
2026-08-13T03:51:16.554930,275,0,0,0,0,0
2026-08-13T03:51:16.558601,272,0,0,0,0,0
2026-08-13T03:51:16.558601,272,0,0,0,0,0
2026-08-13T03:51:16.558601,271,0,0,0,0,0
2026-08-13T03:51:16.559577,270,0,0,0,0,0
2026-08-13T03:51:16.562278,270,0,0,0,0,0
2026-08-13T03:51:16.562278,271,0,0,0,0,0
2026-08-13T03:51:16.562278,273,0,0,0,0,0
2026-08-13T03:51:16.566356,274,0,0,0,0,0
2026-08-13T03:51:16.566356,275,0,0,0,0,0
2026-08-13T03:51:16.566356,274,0,0,0,0,0
2026-08-13T03:51:16.567572,274,0,0,0,0,0
2026-08-13T03:51:16.569953,272,0,0,0,0,0
2026-08-13T03:51:16.569953,271,0,0,0,0,0
2026-08-13T03:51:16.571403,272,0,0,0,0,0
2026-08-13T03:51:16.573965,272,0,0,0,0,0
2026-08-13T03:51:16.575364,273,0,0,0,0,0
2026-08-13T03:51:16.575364,273,0,0,0,0,0
2026-08-13T03:51:16.575364,272,0,0,0,0,0
2026-08-13T03:51:16.578929,271,0,0,0,0,0
2026-08-13T03:51:16.578929,271,0,0,0,0,0
2026-08-13T03:51:16.578929,270,0,0,0,0,0
2026-08-13T03:51:16.582929,271,0,0,0,0,0
2026-08-13T03:51:16.584433,272,0,0,0,0,0
2026-08-13T03:51:16.585442,274,0,0,0,0,0
2026-08-13T03:51:16.585442,274,0,0,0,0,0
2026-08-13T03:51:16.587448,275,0,0,0,0,0
2026-08-13T03:51:16.587448,274,0,0,0,0,0
2026-08-13T03:51:16.587448,273,0,0,0,0,0
2026-08-13T03:51:16.591448,272,0,0,0,0,0
2026-08-13T03:51:16.591448,271,0,0,0,0,0
2026-08-13T03:51:16.591448,272,0,0,0,0,0
2026-08-13T03:51:16.594961,272,0,0,0,0,0
2026-08-13T03:51:16.596965,274,0,0,0,0,0
2026-08-13T03:51:16.596965,274,0,0,0,0,0
2026-08-13T03:51:16.596965,272,0,0,0,0,0
2026-08-13T03:51:16.598970,271,0,0,0,0,0
2026-08-13T03:51:16.599966,271,0,0,0,0,0
2026-08-13T03:51:16.599966,270,0,0,0,0,0
2026-08-13T03:51:16.602967,270,0,0,0,0,0
2026-08-13T03:51:16.603967,272,0,0,0,0,0
2026-08-13T03:51:16.604472,273,0,0,0,0,0
2026-08-13T03:51:16.604472,274,0,0,0,0,0
2026-08-13T03:51:16.607483,274,0,0,0,0,0
2026-08-13T03:51:16.607483,273,0,0,0,0,0
2026-08-13T03:51:16.608485,272,0,0,0,0,0
2026-08-13T03:51:16.611484,272,0,0,0,0,0
2026-08-13T03:51:16.611484,272,0,0,0,0,0
2026-08-13T03:51:16.612486,273,0,0,0,0,0
2026-08-13T03:51:16.612486,274,0,0,0,0,0
2026-08-13T03:51:16.618041,273,0,0,0,0,0
2026-08-13T03:51:16.618041,273,0,0,0,0,0
2026-08-13T03:51:16.619043,272,0,0,0,0,0
2026-08-13T03:51:16.620042,271,0,0,0,0,0
2026-08-13T03:51:16.620042,271,0,0,0,0,0
2026-08-13T03:51:16.621045,270,0,0,0,0,0
2026-08-13T03:51:16.621045,270,0,0,0,0,0
2026-08-13T03:51:16.623983,273,0,0,0,0,0
2026-08-13T03:51:16.623983,274,0,0,0,0,0
2026-08-13T03:51:16.624990,273,0,0,0,0,0
2026-08-13T03:51:16.627993,274,0,0,0,0,0
2026-08-13T03:51:16.627993,274,0,0,0,0,0
2026-08-13T03:51:16.628993,273,0,0,0,0,0
2026-08-13T03:51:16.631995,272,0,0,0,0,0
2026-08-13T03:51:16.632994,272,0,0,0,0,0
2026-08-13T03:51:16.632994,273,0,0,0,0,0
2026-08-13T03:51:16.633998,273,0,0,0,0,0
2026-08-13T03:51:16.636527,274,0,0,0,0,0
2026-08-13T03:51:16.636527,273,0,0,0,0,0
2026-08-13T03:51:16.636527,272,0,0,0,0,0
2026-08-13T03:51:16.640076,271,0,0,0,0,0
2026-08-13T03:51:16.641082,270,0,0,0,0,0
2026-08-13T03:51:16.641082,270,0,0,0,0,0
2026-08-13T03:51:16.641082,271,0,0,0,0,0
2026-08-13T03:51:16.644081,272,0,0,0,0,0
2026-08-13T03:51:16.644081,274,0,0,0,0,0
2026-08-13T03:51:16.645379,274,0,0,0,0,0
2026-08-13T03:51:16.648855,275,0,0,0,0,0
2026-08-13T03:51:16.648855,274,0,0,0,0,0
2026-08-13T03:51:16.648855,272,0,0,0,0,0
2026-08-13T03:51:16.648855,272,0,0,0,0,0
2026-08-13T03:51:16.652787,272,0,0,0,0,0
2026-08-13T03:51:16.652787,274,0,0,0,0,0
2026-08-13T03:51:16.652787,273,0,0,0,0,0
2026-08-13T03:51:16.656960,273,0,0,0,0,0
2026-08-13T03:51:16.656960,272,0,0,0,0,0
2026-08-13T03:51:16.657957,272,0,0,0,0,0
2026-08-13T03:51:16.660464,271,0,0,0,0,0
2026-08-13T03:51:16.661495,270,0,0,0,0,0
2026-08-13T03:51:16.661495,270,0,0,0,0,0
2026-08-13T03:51:16.661495,271,0,0,0,0,0
2026-08-13T03:51:16.665005,273,0,0,0,0,0
2026-08-13T03:51:16.665005,274,0,0,0,0,0
2026-08-13T03:51:16.665005,274,0,0,0,0,0
2026-08-13T03:51:16.669271,273,0,0,0,0,0
2026-08-13T03:51:16.669271,273,0,0,0,0,0
2026-08-13T03:51:16.669848,272,0,0,0,0,0
2026-08-13T03:51:16.669848,272,0,0,0,0,0
2026-08-13T03:51:16.672264,272,0,0,0,0,0
2026-08-13T03:51:16.672264,273,0,0,0,0,0
2026-08-13T03:51:16.673790,273,0,0,0,0,0
2026-08-13T03:51:16.676966,273,0,0,0,0,0
2026-08-13T03:51:16.676966,273,0,0,0,0,0
2026-08-13T03:51:16.677949,271,0,0,0,0,0
2026-08-13T03:51:16.678456,271,0,0,0,0,0
2026-08-13T03:51:16.681272,270,0,0,0,0,0
2026-08-13T03:51:16.681272,270,0,0,0,0,0
2026-08-13T03:51:16.681272,272,0,0,0,0,0
2026-08-13T03:51:16.684832,274,0,0,0,0,0
2026-08-13T03:51:16.684832,274,0,0,0,0,0
2026-08-13T03:51:16.686159,274,0,0,0,0,0
2026-08-13T03:51:16.686159,274,0,0,0,0,0
2026-08-13T03:51:16.689799,273,0,0,0,0,0
2026-08-13T03:51:16.689799,272,0,0,0,0,0
2026-08-13T03:51:16.689799,271,0,0,0,0,0
2026-08-13T03:51:16.693857,272,0,0,0,0,0
2026-08-13T03:51:16.693857,273,0,0,0,0,0
2026-08-13T03:51:16.694364,274,0,0,0,0,0
2026-08-13T03:51:16.697381,274,0,0,0,0,0
2026-08-13T03:51:16.697381,273,0,0,0,0,0
2026-08-13T03:51:16.698381,271,0,0,0,0,0
2026-08-13T03:51:16.698381,271,0,0,0,0,0
2026-08-13T03:51:16.702098,270,0,0,0,0,0
2026-08-13T03:51:16.702098,271,0,0,0,0,0
2026-08-13T03:51:16.702098,272,0,0,0,0,0
2026-08-13T03:51:16.706099,274,0,0,0,0,0
2026-08-13T03:51:16.706099,273,0,0,0,0,0
2026-08-13T03:51:16.706099,274,0,0,0,0,0
2026-08-13T03:51:16.707079,274,0,0,0,0,0
2026-08-13T03:51:16.710103,273,0,0,0,0,0
2026-08-13T03:51:16.710103,272,0,0,0,0,0
2026-08-13T03:51:16.711082,272,0,0,0,0,0
2026-08-13T03:51:16.714093,273,0,0,0,0,0
2026-08-13T03:51:16.714093,274,0,0,0,0,0
2026-08-13T03:51:16.715208,274,0,0,0,0,0
2026-08-13T03:51:16.715208,273,0,0,0,0,0
2026-08-13T03:51:16.718229,273,0,0,0,0,0
2026-08-13T03:51:16.718229,271,0,0,0,0,0
2026-08-13T03:51:16.719222,270,0,0,0,0,0
2026-08-13T03:51:16.722087,270,0,0,0,0,0
2026-08-13T03:51:16.723104,271,0,0,0,0,0
2026-08-13T03:51:16.724104,273,0,0,0,0,0
2026-08-13T03:51:16.726622,274,0,0,0,0,0
2026-08-13T03:51:16.726622,275,0,0,0,0,0
2026-08-13T03:51:16.727622,275,0,0,0,0,0
2026-08-13T03:51:16.727622,274,0,0,0,0,0
2026-08-13T03:51:16.730639,273,0,0,0,0,0
2026-08-13T03:51:16.730639,272,0,0,0,0,0
2026-08-13T03:51:16.731638,272,0,0,0,0,0
2026-08-13T03:51:16.734175,273,0,0,0,0,0
2026-08-13T03:51:16.735171,273,0,0,0,0,0
2026-08-13T03:51:16.736169,274,0,0,0,0,0
2026-08-13T03:51:16.736169,273,0,0,0,0,0
2026-08-13T03:51:16.738171,272,0,0,0,0,0
2026-08-13T03:51:16.739172,271,0,0,0,0,0
2026-08-13T03:51:16.739172,270,0,0,0,0,0
2026-08-13T03:51:16.742170,271,0,0,0,0,0
2026-08-13T03:51:16.742170,271,0,0,0,0,0
2026-08-13T03:51:16.743676,274,0,0,0,0,0
2026-08-13T03:51:16.743676,274,0,0,0,0,0
2026-08-13T03:51:16.747101,275,0,0,0,0,0
2026-08-13T03:51:16.747101,274,0,0,0,0,0
2026-08-13T03:51:16.748158,274,0,0,0,0,0
2026-08-13T03:51:16.751157,272,0,0,0,0,0
2026-08-13T03:51:16.751157,271,0,0,0,0,0
2026-08-13T03:51:16.752157,272,0,0,0,0,0
2026-08-13T03:51:16.752157,272,0,0,0,0,0
2026-08-13T03:51:16.755259,274,0,0,0,0,0
2026-08-13T03:51:16.755259,274,0,0,0,0,0
2026-08-13T03:51:16.756272,273,0,0,0,0,0
2026-08-13T03:51:16.758512,272,0,0,0,0,0
2026-08-13T03:51:16.759546,271,0,0,0,0,0
2026-08-13T03:51:16.760545,271,0,0,0,0,0
2026-08-13T03:51:16.762558,271,0,0,0,0,0
2026-08-13T03:51:16.764082,271,0,0,0,0,0
2026-08-13T03:51:16.764082,273,0,0,0,0,0
2026-08-13T03:51:16.765101,275,0,0,0,0,0
2026-08-13T03:51:16.767112,275,0,0,0,0,0
2026-08-13T03:51:16.768112,274,0,0,0,0,0
2026-08-13T03:51:16.768112,273,0,0,0,0,0
2026-08-13T03:51:16.771216,271,0,0,0,0,0
2026-08-13T03:51:16.772203,272,0,0,0,0,0
2026-08-13T03:51:16.772203,273,0,0,0,0,0
2026-08-13T03:51:16.772203,273,0,0,0,0,0
2026-08-13T03:51:16.775737,273,0,0,0,0,0
2026-08-13T03:51:16.775737,273,0,0,0,0,0
2026-08-13T03:51:16.776721,273,0,0,0,0,0
2026-08-13T03:51:16.779733,272,0,0,0,0,0
2026-08-13T03:51:16.779733,271,0,0,0,0,0
2026-08-13T03:51:16.780735,270,0,0,0,0,0
2026-08-13T03:51:16.780735,271,0,0,0,0,0
2026-08-13T03:51:16.783733,273,0,0,0,0,0
2026-08-13T03:51:16.784244,274,0,0,0,0,0
2026-08-13T03:51:16.784244,274,0,0,0,0,0
2026-08-13T03:51:16.788035,274,0,0,0,0,0
2026-08-13T03:51:16.788035,274,0,0,0,0,0
2026-08-13T03:51:16.788035,274,0,0,0,0,0
2026-08-13T03:51:16.792047,272,0,0,0,0,0
2026-08-13T03:51:16.792047,272,0,0,0,0,0
2026-08-13T03:51:16.793046,272,0,0,0,0,0
2026-08-13T03:51:16.793046,273,0,0,0,0,0
2026-08-13T03:51:16.796292,274,0,0,0,0,0
2026-08-13T03:51:16.796292,273,0,0,0,0,0
2026-08-13T03:51:16.796909,273,0,0,0,0,0
2026-08-13T03:51:16.800235,271,0,0,0,0,0
2026-08-13T03:51:16.800828,270,0,0,0,0,0
2026-08-13T03:51:16.801367,270,0,0,0,0,0
2026-08-13T03:51:16.801913,271,0,0,0,0,0
2026-08-13T03:51:16.803987,272,0,0,0,0,0
2026-08-13T03:51:16.805011,274,0,0,0,0,0
2026-08-13T03:51:16.805011,275,0,0,0,0,0
2026-08-13T03:51:16.808022,275,0,0,0,0,0
2026-08-13T03:51:16.809024,274,0,0,0,0,0
2026-08-13T03:51:16.809024,273,0,0,0,0,0
2026-08-13T03:51:16.810024,272,0,0,0,0,0
2026-08-13T03:51:16.812044,272,0,0,0,0,0
2026-08-13T03:51:16.813022,273,0,0,0,0,0
2026-08-13T03:51:16.813022,273,0,0,0,0,0
2026-08-13T03:51:16.816528,273,0,0,0,0,0
2026-08-13T03:51:16.816528,272,0,0,0,0,0
2026-08-13T03:51:16.817504,272,0,0,0,0,0
2026-08-13T03:51:16.817504,271,0,0,0,0,0
2026-08-13T03:51:16.820499,271,0,0,0,0,0
2026-08-13T03:51:16.820499,270,0,0,0,0,0
2026-08-13T03:51:16.821499,271,0,0,0,0,0
2026-08-13T03:51:16.824053,273,0,0,0,0,0
2026-08-13T03:51:16.825061,274,0,0,0,0,0
2026-08-13T03:51:16.825061,275,0,0,0,0,0
2026-08-13T03:51:16.828157,274,0,0,0,0,0
2026-08-13T03:51:16.829172,273,0,0,0,0,0
2026-08-13T03:51:16.829172,272,0,0,0,0,0
2026-08-13T03:51:16.830174,272,0,0,0,0,0
2026-08-13T03:51:16.832182,271,0,0,0,0,0
2026-08-13T03:51:16.833699,274,0,0,0,0,0
2026-08-13T03:51:16.833699,274,0,0,0,0,0
2026-08-13T03:51:16.837058,274,0,0,0,0,0
2026-08-13T03:51:16.837058,273,0,0,0,0,0
2026-08-13T03:51:16.838056,273,0,0,0,0,0
2026-08-13T03:51:16.838056,271,0,0,0,0,0
2026-08-13T03:51:16.841054,270,0,0,0,0,0
2026-08-13T03:51:16.841054,270,0,0,0,0,0
2026-08-13T03:51:16.842057,271,0,0,0,0,0
2026-08-13T03:51:16.844719,274,0,0,0,0,0
2026-08-13T03:51:16.845715,275,0,0,0,0,0
2026-08-13T03:51:16.845715,275,0,0,0,0,0
2026-08-13T03:51:16.846714,274,0,0,0,0,0
2026-08-13T03:51:16.849147,273,0,0,0,0,0
2026-08-13T03:51:16.850133,272,0,0,0,0,0
2026-08-13T03:51:16.850133,271,0,0,0,0,0
2026-08-13T03:51:16.853584,273,0,0,0,0,0
2026-08-13T03:51:16.854154,273,0,0,0,0,0
2026-08-13T03:51:16.854154,274,0,0,0,0,0
2026-08-13T03:51:16.855172,274,0,0,0,0,0
2026-08-13T03:51:16.857305,273,0,0,0,0,0
2026-08-13T03:51:16.858370,272,0,0,0,0,0
2026-08-13T03:51:16.858370,271,0,0,0,0,0
2026-08-13T03:51:16.861359,270,0,0,0,0,0
2026-08-13T03:51:16.862367,270,0,0,0,0,0
2026-08-13T03:51:16.862367,272,0,0,0,0,0
2026-08-13T03:51:16.865798,273,0,0,0,0,0
2026-08-13T03:51:16.865798,275,0,0,0,0,0
2026-08-13T03:51:16.866781,275,0,0,0,0,0
2026-08-13T03:51:16.866781,275,0,0,0,0,0
2026-08-13T03:51:16.868792,273,0,0,0,0,0
2026-08-13T03:51:16.870299,272,0,0,0,0,0
2026-08-13T03:51:16.870299,272,0,0,0,0,0
2026-08-13T03:51:16.874088,272,0,0,0,0,0
2026-08-13T03:51:16.874598,273,0,0,0,0,0
2026-08-13T03:51:16.874598,273,0,0,0,0,0
2026-08-13T03:51:16.875608,273,0,0,0,0,0
2026-08-13T03:51:16.877629,273,0,0,0,0,0
2026-08-13T03:51:16.878619,272,0,0,0,0,0
2026-08-13T03:51:16.878619,271,0,0,0,0,0
2026-08-13T03:51:16.881628,270,0,0,0,0,0
2026-08-13T03:51:16.882617,271,0,0,0,0,0
2026-08-13T03:51:16.882617,273,0,0,0,0,0
2026-08-13T03:51:16.882617,275,0,0,0,0,0
2026-08-13T03:51:16.886172,275,0,0,0,0,0
2026-08-13T03:51:16.886172,275,0,0,0,0,0
2026-08-13T03:51:16.887149,274,0,0,0,0,0
2026-08-13T03:51:16.890343,273,0,0,0,0,0
2026-08-13T03:51:16.891327,271,0,0,0,0,0
2026-08-13T03:51:16.891327,272,0,0,0,0,0
2026-08-13T03:51:16.893844,273,0,0,0,0,0
2026-08-13T03:51:16.895063,273,0,0,0,0,0
2026-08-13T03:51:16.896078,274,0,0,0,0,0
2026-08-13T03:51:16.896078,273,0,0,0,0,0
2026-08-13T03:51:16.898364,273,0,0,0,0,0
2026-08-13T03:51:16.898364,272,0,0,0,0,0
2026-08-13T03:51:16.899402,271,0,0,0,0,0
2026-08-13T03:51:16.902412,270,0,0,0,0,0
2026-08-13T03:51:16.902412,271,0,0,0,0,0
2026-08-13T03:51:16.902412,273,0,0,0,0,0
2026-08-13T03:51:16.902412,275,0,0,0,0,0
2026-08-13T03:51:16.906824,274,0,0,0,0,0
2026-08-13T03:51:16.906824,275,0,0,0,0,0
2026-08-13T03:51:16.906824,274,0,0,0,0,0
2026-08-13T03:51:16.910892,273,0,0,0,0,0
2026-08-13T03:51:16.910892,272,0,0,0,0,0
2026-08-13T03:51:16.910892,272,0,0,0,0,0
2026-08-13T03:51:16.911876,273,0,0,0,0,0
2026-08-13T03:51:16.914432,274,0,0,0,0,0
2026-08-13T03:51:16.915445,274,0,0,0,0,0
2026-08-13T03:51:16.915445,274,0,0,0,0,0
2026-08-13T03:51:16.918992,272,0,0,0,0,0
2026-08-13T03:51:16.918992,271,0,0,0,0,0
2026-08-13T03:51:16.918992,271,0,0,0,0,0
2026-08-13T03:51:16.919977,270,0,0,0,0,0
2026-08-13T03:51:16.922992,271,0,0,0,0,0
2026-08-13T03:51:16.922992,273,0,0,0,0,0
2026-08-13T03:51:16.923979,275,0,0,0,0,0
2026-08-13T03:51:16.927054,275,0,0,0,0,0
2026-08-13T03:51:16.927054,275,0,0,0,0,0
2026-08-13T03:51:16.928054,275,0,0,0,0,0
2026-08-13T03:51:16.931037,273,0,0,0,0,0
2026-08-13T03:51:16.932038,272,0,0,0,0,0
2026-08-13T03:51:16.932038,273,0,0,0,0,0
2026-08-13T03:51:16.933038,273,0,0,0,0,0
2026-08-13T03:51:16.935287,273,0,0,0,0,0
2026-08-13T03:51:16.935287,274,0,0,0,0,0
2026-08-13T03:51:16.936310,273,0,0,0,0,0
2026-08-13T03:51:16.939315,272,0,0,0,0,0
2026-08-13T03:51:16.939315,271,0,0,0,0,0
2026-08-13T03:51:16.941302,271,0,0,0,0,0
2026-08-13T03:51:16.941302,270,0,0,0,0,0
2026-08-13T03:51:16.942320,272,0,0,0,0,0
2026-08-13T03:51:16.943831,274,0,0,0,0,0
2026-08-13T03:51:16.944839,275,0,0,0,0,0
2026-08-13T03:51:16.947851,275,0,0,0,0,0
2026-08-13T03:51:16.947851,275,0,0,0,0,0
2026-08-13T03:51:16.948849,274,0,0,0,0,0
2026-08-13T03:51:16.948849,272,0,0,0,0,0
2026-08-13T03:51:16.951863,272,0,0,0,0,0
2026-08-13T03:51:16.951863,273,0,0,0,0,0
2026-08-13T03:51:16.952849,273,0,0,0,0,0
2026-08-13T03:51:16.955398,274,0,0,0,0,0
2026-08-13T03:51:16.956381,274,0,0,0,0,0
2026-08-13T03:51:16.956381,275,0,0,0,0,0
2026-08-13T03:51:16.959715,272,0,0,0,0,0
2026-08-13T03:51:16.960727,271,0,0,0,0,0
2026-08-13T03:51:16.960727,271,0,0,0,0,0
2026-08-13T03:51:16.961737,271,0,0,0,0,0
2026-08-13T03:51:16.964172,273,0,0,0,0,0
2026-08-13T03:51:16.964172,275,0,0,0,0,0
2026-08-13T03:51:16.965237,275,0,0,0,0,0
2026-08-13T03:51:16.968271,276,0,0,0,0,0
2026-08-13T03:51:16.968271,274,0,0,0,0,0
2026-08-13T03:51:16.969322,273,0,0,0,0,0
2026-08-13T03:51:16.969322,272,0,0,0,0,0
2026-08-13T03:51:16.971882,272,0,0,0,0,0
2026-08-13T03:51:16.977097,273,0,0,0,0,0
2026-08-13T03:51:16.977097,274,0,0,0,0,0
2026-08-13T03:51:16.978099,274,0,0,0,0,0
2026-08-13T03:51:16.978099,274,0,0,0,0,0
2026-08-13T03:51:16.979094,273,0,0,0,0,0
2026-08-13T03:51:16.979094,272,0,0,0,0,0
2026-08-13T03:51:16.980094,271,0,0,0,0,0
2026-08-13T03:51:16.981093,271,0,0,0,0,0
2026-08-13T03:51:16.981093,271,0,0,0,0,0
2026-08-13T03:51:16.984898,273,0,0,0,0,0
2026-08-13T03:51:16.984898,275,0,0,0,0,0
2026-08-13T03:51:16.985792,274,0,0,0,0,0
2026-08-13T03:51:16.985792,275,0,0,0,0,0
2026-08-13T03:51:16.988845,274,0,0,0,0,0
2026-08-13T03:51:16.988845,273,0,0,0,0,0
2026-08-13T03:51:16.988845,272,0,0,0,0,0
2026-08-13T03:51:16.992834,272,0,0,0,0,0
2026-08-13T03:51:16.992834,273,0,0,0,0,0
2026-08-13T03:51:16.992834,274,0,0,0,0,0
2026-08-13T03:51:16.996944,275,0,0,0,0,0
2026-08-13T03:51:16.996944,274,0,0,0,0,0
2026-08-13T03:51:16.997985,273,0,0,0,0,0
2026-08-13T03:51:16.997985,272,0,0,0,0,0
2026-08-13T03:51:17.001043,270,0,0,0,0,0
2026-08-13T03:51:17.001043,271,0,0,0,0,0
2026-08-13T03:51:17.002081,271,0,0,0,0,0
2026-08-13T03:51:17.004902,274,0,0,0,0,0
2026-08-13T03:51:17.004902,275,0,0,0,0,0
2026-08-13T03:51:17.005897,275,0,0,0,0,0
2026-08-13T03:51:17.006911,275,0,0,0,0,0
2026-08-13T03:51:17.008929,274,0,0,0,0,0
2026-08-13T03:51:17.008929,273,0,0,0,0,0
2026-08-13T03:51:17.009913,272,0,0,0,0,0
2026-08-13T03:51:17.012921,273,0,0,0,0,0
2026-08-13T03:51:17.013911,274,0,0,0,0,0
2026-08-13T03:51:17.014423,274,0,0,0,0,0
2026-08-13T03:51:17.014423,274,0,0,0,0,0
2026-08-13T03:51:17.017465,273,0,0,0,0,0
2026-08-13T03:51:17.017465,273,0,0,0,0,0
2026-08-13T03:51:17.018454,271,0,0,0,0,0
2026-08-13T03:51:17.021463,270,0,0,0,0,0
2026-08-13T03:51:17.021463,270,0,0,0,0,0
2026-08-13T03:51:17.022454,272,0,0,0,0,0
2026-08-13T03:51:17.024981,274,0,0,0,0,0
2026-08-13T03:51:17.025977,276,0,0,0,0,0
2026-08-13T03:51:17.026988,276,0,0,0,0,0
2026-08-13T03:51:17.026988,276,0,0,0,0,0
2026-08-13T03:51:17.028988,274,0,0,0,0,0
2026-08-13T03:51:17.029986,272,0,0,0,0,0
2026-08-13T03:51:17.029986,272,0,0,0,0,0
2026-08-13T03:51:17.032987,273,0,0,0,0,0
2026-08-13T03:51:17.033985,273,0,0,0,0,0
2026-08-13T03:51:17.034491,273,0,0,0,0,0
2026-08-13T03:51:17.034491,274,0,0,0,0,0
2026-08-13T03:51:17.037917,273,0,0,0,0,0
2026-08-13T03:51:17.037917,272,0,0,0,0,0
2026-08-13T03:51:17.037917,271,0,0,0,0,0
2026-08-13T03:51:17.041089,270,0,0,0,0,0
2026-08-13T03:51:17.042082,270,0,0,0,0,0
2026-08-13T03:51:17.042082,273,0,0,0,0,0
2026-08-13T03:51:17.043084,275,0,0,0,0,0
2026-08-13T03:51:17.045709,275,0,0,0,0,0
2026-08-13T03:51:17.045709,275,0,0,0,0,0
2026-08-13T03:51:17.046725,274,0,0,0,0,0
2026-08-13T03:51:17.049722,273,0,0,0,0,0
2026-08-13T03:51:17.049722,272,0,0,0,0,0
2026-08-13T03:51:17.050876,271,0,0,0,0,0
2026-08-13T03:51:17.051891,273,0,0,0,0,0
2026-08-13T03:51:17.053902,273,0,0,0,0,0
2026-08-13T03:51:17.053902,274,0,0,0,0,0
2026-08-13T03:51:17.055095,274,0,0,0,0,0
2026-08-13T03:51:17.058096,274,0,0,0,0,0
2026-08-13T03:51:17.058096,271,0,0,0,0,0
2026-08-13T03:51:17.059096,271,0,0,0,0,0
2026-08-13T03:51:17.062117,271,0,0,0,0,0
2026-08-13T03:51:17.063094,271,0,0,0,0,0
2026-08-13T03:51:17.063094,273,0,0,0,0,0
2026-08-13T03:51:17.063094,275,0,0,0,0,0
2026-08-13T03:51:17.066333,275,0,0,0,0,0
2026-08-13T03:51:17.066333,275,0,0,0,0,0
2026-08-13T03:51:17.067336,274,0,0,0,0,0
2026-08-13T03:51:17.070365,273,0,0,0,0,0
2026-08-13T03:51:17.070880,271,0,0,0,0,0
2026-08-13T03:51:17.070880,272,0,0,0,0,0
2026-08-13T03:51:17.071882,273,0,0,0,0,0
2026-08-13T03:51:17.073973,274,0,0,0,0,0
2026-08-13T03:51:17.075035,274,0,0,0,0,0
2026-08-13T03:51:17.076042,274,0,0,0,0,0
2026-08-13T03:51:17.078856,273,0,0,0,0,0
2026-08-13T03:51:17.078856,272,0,0,0,0,0
2026-08-13T03:51:17.079904,271,0,0,0,0,0
2026-08-13T03:51:17.079904,270,0,0,0,0,0
2026-08-13T03:51:17.082388,270,0,0,0,0,0
2026-08-13T03:51:17.082388,273,0,0,0,0,0
2026-08-13T03:51:17.083904,275,0,0,0,0,0
2026-08-13T03:51:17.086930,276,0,0,0,0,0
2026-08-13T03:51:17.086930,276,0,0,0,0,0
2026-08-13T03:51:17.088152,274,0,0,0,0,0
2026-08-13T03:51:17.088152,273,0,0,0,0,0
2026-08-13T03:51:17.091164,272,0,0,0,0,0
2026-08-13T03:51:17.091164,272,0,0,0,0,0
2026-08-13T03:51:17.092164,273,0,0,0,0,0
2026-08-13T03:51:17.094684,274,0,0,0,0,0
2026-08-13T03:51:17.095780,275,0,0,0,0,0
2026-08-13T03:51:17.095780,274,0,0,0,0,0
2026-08-13T03:51:17.098771,273,0,0,0,0,0
2026-08-13T03:51:17.099755,271,0,0,0,0,0
2026-08-13T03:51:17.099755,270,0,0,0,0,0
2026-08-13T03:51:17.100755,270,0,0,0,0,0
2026-08-13T03:51:17.103447,271,0,0,0,0,0
2026-08-13T03:51:17.104024,274,0,0,0,0,0
2026-08-13T03:51:17.104024,275,0,0,0,0,0
2026-08-13T03:51:17.107305,276,0,0,0,0,0
2026-08-13T03:51:17.108346,275,0,0,0,0,0
2026-08-13T03:51:17.108346,274,0,0,0,0,0
2026-08-13T03:51:17.109345,273,0,0,0,0,0
2026-08-13T03:51:17.111345,272,0,0,0,0,0
2026-08-13T03:51:17.112343,273,0,0,0,0,0
2026-08-13T03:51:17.112343,273,0,0,0,0,0
2026-08-13T03:51:17.114865,273,0,0,0,0,0
2026-08-13T03:51:17.115864,274,0,0,0,0,0
2026-08-13T03:51:17.116864,274,0,0,0,0,0
2026-08-13T03:51:17.116864,272,0,0,0,0,0
2026-08-13T03:51:17.119864,271,0,0,0,0,0
2026-08-13T03:51:17.119864,271,0,0,0,0,0
2026-08-13T03:51:17.119864,270,0,0,0,0,0
2026-08-13T03:51:17.123920,272,0,0,0,0,0
2026-08-13T03:51:17.123920,275,0,0,0,0,0
2026-08-13T03:51:17.124994,275,0,0,0,0,0
2026-08-13T03:51:17.128022,276,0,0,0,0,0
2026-08-13T03:51:17.128022,275,0,0,0,0,0
2026-08-13T03:51:17.129077,274,0,0,0,0,0
2026-08-13T03:51:17.129077,272,0,0,0,0,0
2026-08-13T03:51:17.132077,272,0,0,0,0,0
2026-08-13T03:51:17.132077,273,0,0,0,0,0
2026-08-13T03:51:17.133077,273,0,0,0,0,0
2026-08-13T03:51:17.136145,274,0,0,0,0,0
2026-08-13T03:51:17.136145,274,0,0,0,0,0
2026-08-13T03:51:17.137132,274,0,0,0,0,0
2026-08-13T03:51:17.137132,272,0,0,0,0,0
2026-08-13T03:51:17.140131,271,0,0,0,0,0
2026-08-13T03:51:17.141135,270,0,0,0,0,0
2026-08-13T03:51:17.142132,270,0,0,0,0,0
2026-08-13T03:51:17.143654,272,0,0,0,0,0
2026-08-13T03:51:17.145676,275,0,0,0,0,0
2026-08-13T03:51:17.145676,275,0,0,0,0,0
2026-08-13T03:51:17.146685,275,0,0,0,0,0
2026-08-13T03:51:17.147685,274,0,0,0,0,0
2026-08-13T03:51:17.148684,274,0,0,0,0,0
2026-08-13T03:51:17.148684,272,0,0,0,0,0
2026-08-13T03:51:17.152683,272,0,0,0,0,0
2026-08-13T03:51:17.152683,273,0,0,0,0,0
2026-08-13T03:51:17.152683,273,0,0,0,0,0
2026-08-13T03:51:17.153683,275,0,0,0,0,0
2026-08-13T03:51:17.156637,274,0,0,0,0,0
2026-08-13T03:51:17.157142,274,0,0,0,0,0
2026-08-13T03:51:17.157142,272,0,0,0,0,0
2026-08-13T03:51:17.160655,271,0,0,0,0,0
2026-08-13T03:51:17.160655,270,0,0,0,0,0
2026-08-13T03:51:17.161663,271,0,0,0,0,0
2026-08-13T03:51:17.164224,273,0,0,0,0,0
2026-08-13T03:51:17.165211,274,0,0,0,0,0
2026-08-13T03:51:17.165211,275,0,0,0,0,0
2026-08-13T03:51:17.166219,275,0,0,0,0,0
2026-08-13T03:51:17.168233,274,0,0,0,0,0
2026-08-13T03:51:17.169217,273,0,0,0,0,0
2026-08-13T03:51:17.169217,271,0,0,0,0,0
2026-08-13T03:51:17.172265,272,0,0,0,0,0
2026-08-13T03:51:17.172265,273,0,0,0,0,0
2026-08-13T03:51:17.173774,274,0,0,0,0,0
2026-08-13T03:51:17.174788,274,0,0,0,0,0
2026-08-13T03:51:17.177197,273,0,0,0,0,0
2026-08-13T03:51:17.177197,273,0,0,0,0,0
2026-08-13T03:51:17.178197,272,0,0,0,0,0
2026-08-13T03:51:17.181197,270,0,0,0,0,0
2026-08-13T03:51:17.181197,270,0,0,0,0,0
2026-08-13T03:51:17.182193,270,0,0,0,0,0
2026-08-13T03:51:17.182193,273,0,0,0,0,0
2026-08-13T03:51:17.184731,275,0,0,0,0,0
2026-08-13T03:51:17.185727,276,0,0,0,0,0
2026-08-13T03:51:17.185727,275,0,0,0,0,0
2026-08-13T03:51:17.189298,274,0,0,0,0,0
2026-08-13T03:51:17.189298,273,0,0,0,0,0
2026-08-13T03:51:17.190181,272,0,0,0,0,0
2026-08-13T03:51:17.192682,272,0,0,0,0,0
2026-08-13T03:51:17.193688,273,0,0,0,0,0
2026-08-13T03:51:17.193688,273,0,0,0,0,0
2026-08-13T03:51:17.193688,274,0,0,0,0,0
2026-08-13T03:51:17.197711,274,0,0,0,0,0
2026-08-13T03:51:17.197711,273,0,0,0,0,0
2026-08-13T03:51:17.197711,271,0,0,0,0,0
2026-08-13T03:51:17.201886,271,0,0,0,0,0
2026-08-13T03:51:17.201886,270,0,0,0,0,0
2026-08-13T03:51:17.201886,271,0,0,0,0,0
2026-08-13T03:51:17.202813,274,0,0,0,0,0
2026-08-13T03:51:17.204595,276,0,0,0,0,0
2026-08-13T03:51:17.206086,276,0,0,0,0,0
2026-08-13T03:51:17.206086,275,0,0,0,0,0
2026-08-13T03:51:17.209106,274,0,0,0,0,0
2026-08-13T03:51:17.210112,273,0,0,0,0,0
2026-08-13T03:51:17.210617,272,0,0,0,0,0
2026-08-13T03:51:17.210617,273,0,0,0,0,0
2026-08-13T03:51:17.213626,274,0,0,0,0,0
2026-08-13T03:51:17.214132,273,0,0,0,0,0
2026-08-13T03:51:17.214132,274,0,0,0,0,0
2026-08-13T03:51:17.218239,273,0,0,0,0,0
2026-08-13T03:51:17.218239,273,0,0,0,0,0
2026-08-13T03:51:17.218239,270,0,0,0,0,0
2026-08-13T03:51:17.219142,270,0,0,0,0,0
2026-08-13T03:51:17.222154,271,0,0,0,0,0
2026-08-13T03:51:17.222154,272,0,0,0,0,0
2026-08-13T03:51:17.222154,274,0,0,0,0,0
2026-08-13T03:51:17.226178,275,0,0,0,0,0
2026-08-13T03:51:17.226178,276,0,0,0,0,0
2026-08-13T03:51:17.227187,275,0,0,0,0,0
2026-08-13T03:51:17.230205,274,0,0,0,0,0
2026-08-13T03:51:17.230205,271,0,0,0,0,0
2026-08-13T03:51:17.231186,271,0,0,0,0,0
2026-08-13T03:51:17.231186,273,0,0,0,0,0
2026-08-13T03:51:17.233706,273,0,0,0,0,0
2026-08-13T03:51:17.234723,274,0,0,0,0,0
2026-08-13T03:51:17.234723,274,0,0,0,0,0
2026-08-13T03:51:17.238723,273,0,0,0,0,0
2026-08-13T03:51:17.238723,272,0,0,0,0,0
2026-08-13T03:51:17.238723,271,0,0,0,0,0
2026-08-13T03:51:17.238723,270,0,0,0,0,0
2026-08-13T03:51:17.242723,271,0,0,0,0,0
2026-08-13T03:51:17.242723,273,0,0,0,0,0
2026-08-13T03:51:17.242723,275,0,0,0,0,0
2026-08-13T03:51:17.246251,275,0,0,0,0,0
2026-08-13T03:51:17.247254,275,0,0,0,0,0
2026-08-13T03:51:17.247254,274,0,0,0,0,0
2026-08-13T03:51:17.247254,273,0,0,0,0,0
2026-08-13T03:51:17.250269,272,0,0,0,0,0
2026-08-13T03:51:17.251256,272,0,0,0,0,0
2026-08-13T03:51:17.251256,274,0,0,0,0,0
2026-08-13T03:51:17.254463,274,0,0,0,0,0
2026-08-13T03:51:17.254463,274,0,0,0,0,0
2026-08-13T03:51:17.255474,274,0,0,0,0,0
2026-08-13T03:51:17.258985,274,0,0,0,0,0
2026-08-13T03:51:17.258985,272,0,0,0,0,0
2026-08-13T03:51:17.258985,271,0,0,0,0,0
2026-08-13T03:51:17.259998,270,0,0,0,0,0
2026-08-13T03:51:17.263199,270,0,0,0,0,0
2026-08-13T03:51:17.263199,273,0,0,0,0,0
2026-08-13T03:51:17.263709,275,0,0,0,0,0
2026-08-13T03:51:17.266731,275,0,0,0,0,0
2026-08-13T03:51:17.267722,275,0,0,0,0,0
2026-08-13T03:51:17.267722,274,0,0,0,0,0
2026-08-13T03:51:17.268722,273,0,0,0,0,0
2026-08-13T03:51:17.271291,272,0,0,0,0,0
2026-08-13T03:51:17.271291,272,0,0,0,0,0
2026-08-13T03:51:17.272279,273,0,0,0,0,0
2026-08-13T03:51:17.274833,274,0,0,0,0,0
2026-08-13T03:51:17.275832,274,0,0,0,0,0
2026-08-13T03:51:17.276842,274,0,0,0,0,0
2026-08-13T03:51:17.276842,273,0,0,0,0,0
2026-08-13T03:51:17.278841,272,0,0,0,0,0
2026-08-13T03:51:17.279841,270,0,0,0,0,0
2026-08-13T03:51:17.279841,270,0,0,0,0,0
2026-08-13T03:51:17.282840,271,0,0,0,0,0
2026-08-13T03:51:17.283840,273,0,0,0,0,0
2026-08-13T03:51:17.284346,275,0,0,0,0,0
2026-08-13T03:51:17.284346,276,0,0,0,0,0
2026-08-13T03:51:17.287732,276,0,0,0,0,0
2026-08-13T03:51:17.287732,274,0,0,0,0,0
2026-08-13T03:51:17.288720,273,0,0,0,0,0
2026-08-13T03:51:17.291252,272,0,0,0,0,0
2026-08-13T03:51:17.292259,272,0,0,0,0,0
2026-08-13T03:51:17.292259,274,0,0,0,0,0
2026-08-13T03:51:17.295807,274,0,0,0,0,0
2026-08-13T03:51:17.295807,274,0,0,0,0,0
2026-08-13T03:51:17.296774,273,0,0,0,0,0
2026-08-13T03:51:17.296774,273,0,0,0,0,0
2026-08-13T03:51:17.299772,271,0,0,0,0,0
2026-08-13T03:51:17.299772,271,0,0,0,0,0
2026-08-13T03:51:17.299772,270,0,0,0,0,0
2026-08-13T03:51:17.303848,272,0,0,0,0,0
2026-08-13T03:51:17.304880,274,0,0,0,0,0
2026-08-13T03:51:17.305636,276,0,0,0,0,0
2026-08-13T03:51:17.306142,276,0,0,0,0,0
2026-08-13T03:51:17.307632,275,0,0,0,0,0
2026-08-13T03:51:17.308642,274,0,0,0,0,0
2026-08-13T03:51:17.308642,272,0,0,0,0,0
2026-08-13T03:51:17.311641,272,0,0,0,0,0
2026-08-13T03:51:17.312642,272,0,0,0,0,0
2026-08-13T03:51:17.312642,273,0,0,0,0,0
2026-08-13T03:51:17.312642,275,0,0,0,0,0
2026-08-13T03:51:17.316162,274,0,0,0,0,0
2026-08-13T03:51:17.316162,274,0,0,0,0,0
2026-08-13T03:51:17.317162,272,0,0,0,0,0
2026-08-13T03:51:17.320566,271,0,0,0,0,0
2026-08-13T03:51:17.320566,270,0,0,0,0,0
2026-08-13T03:51:17.321099,271,0,0,0,0,0
2026-08-13T03:51:17.321605,273,0,0,0,0,0
2026-08-13T03:51:17.324705,275,0,0,0,0,0
2026-08-13T03:51:17.324705,275,0,0,0,0,0
2026-08-13T03:51:17.325709,276,0,0,0,0,0
2026-08-13T03:51:17.328713,275,0,0,0,0,0
2026-08-13T03:51:17.328713,274,0,0,0,0,0
2026-08-13T03:51:17.328713,272,0,0,0,0,0
2026-08-13T03:51:17.332496,272,0,0,0,0,0
2026-08-13T03:51:17.332496,272,0,0,0,0,0
2026-08-13T03:51:17.333668,274,0,0,0,0,0
2026-08-13T03:51:17.333668,274,0,0,0,0,0
2026-08-13T03:51:17.336691,274,0,0,0,0,0
2026-08-13T03:51:17.336691,274,0,0,0,0,0
2026-08-13T03:51:17.337677,272,0,0,0,0,0
2026-08-13T03:51:17.340691,271,0,0,0,0,0
2026-08-13T03:51:17.340691,271,0,0,0,0,0
2026-08-13T03:51:17.341677,271,0,0,0,0,0
2026-08-13T03:51:17.341677,273,0,0,0,0,0
2026-08-13T03:51:17.344183,274,0,0,0,0,0
2026-08-13T03:51:17.345188,275,0,0,0,0,0
2026-08-13T03:51:17.345188,276,0,0,0,0,0
2026-08-13T03:51:17.349196,275,0,0,0,0,0
2026-08-13T03:51:17.349196,274,0,0,0,0,0
2026-08-13T03:51:17.349196,272,0,0,0,0,0
2026-08-13T03:51:17.350195,273,0,0,0,0,0
2026-08-13T03:51:17.352196,273,0,0,0,0,0
2026-08-13T03:51:17.353705,274,0,0,0,0,0
2026-08-13T03:51:17.353705,275,0,0,0,0,0
2026-08-13T03:51:17.356726,274,0,0,0,0,0
2026-08-13T03:51:17.357725,273,0,0,0,0,0
2026-08-13T03:51:17.357725,272,0,0,0,0,0
2026-08-13T03:51:17.360441,271,0,0,0,0,0
2026-08-13T03:51:17.361686,270,0,0,0,0,0
2026-08-13T03:51:17.361686,271,0,0,0,0,0
2026-08-13T03:51:17.361686,274,0,0,0,0,0
2026-08-13T03:51:17.364749,275,0,0,0,0,0
2026-08-13T03:51:17.365748,275,0,0,0,0,0
2026-08-13T03:51:17.365748,276,0,0,0,0,0
2026-08-13T03:51:17.369030,275,0,0,0,0,0
2026-08-13T03:51:17.369030,273,0,0,0,0,0
2026-08-13T03:51:17.369030,271,0,0,0,0,0
2026-08-13T03:51:17.370536,272,0,0,0,0,0
2026-08-13T03:51:17.372559,274,0,0,0,0,0
2026-08-13T03:51:17.374068,274,0,0,0,0,0
2026-08-13T03:51:17.374068,275,0,0,0,0,0
2026-08-13T03:51:17.377594,274,0,0,0,0,0
2026-08-13T03:51:17.377594,273,0,0,0,0,0
2026-08-13T03:51:17.378602,272,0,0,0,0,0
2026-08-13T03:51:17.378602,270,0,0,0,0,0
2026-08-13T03:51:17.381602,270,0,0,0,0,0
2026-08-13T03:51:17.381602,271,0,0,0,0,0
2026-08-13T03:51:17.382603,274,0,0,0,0,0
2026-08-13T03:51:17.385118,275,0,0,0,0,0
2026-08-13T03:51:17.386123,276,0,0,0,0,0
2026-08-13T03:51:17.386123,275,0,0,0,0,0
2026-08-13T03:51:17.386123,275,0,0,0,0,0
2026-08-13T03:51:17.390123,272,0,0,0,0,0
2026-08-13T03:51:17.390123,272,0,0,0,0,0
2026-08-13T03:51:17.391124,273,0,0,0,0,0
2026-08-13T03:51:17.393631,274,0,0,0,0,0
2026-08-13T03:51:17.394639,274,0,0,0,0,0
2026-08-13T03:51:17.394639,275,0,0,0,0,0
2026-08-13T03:51:17.397644,274,0,0,0,0,0
2026-08-13T03:51:17.398643,273,0,0,0,0,0
2026-08-13T03:51:17.398643,271,0,0,0,0,0
2026-08-13T03:51:17.399643,271,0,0,0,0,0
2026-08-13T03:51:17.401645,270,0,0,0,0,0
2026-08-13T03:51:17.402646,272,0,0,0,0,0
2026-08-13T03:51:17.402646,275,0,0,0,0,0
2026-08-13T03:51:17.405774,275,0,0,0,0,0
2026-08-13T03:51:17.406774,275,0,0,0,0,0
2026-08-13T03:51:17.406774,275,0,0,0,0,0
2026-08-13T03:51:17.406774,273,0,0,0,0,0
2026-08-13T03:51:17.410787,272,0,0,0,0,0
2026-08-13T03:51:17.410787,271,0,0,0,0,0
2026-08-13T03:51:17.410787,273,0,0,0,0,0
2026-08-13T03:51:17.414895,274,0,0,0,0,0
2026-08-13T03:51:17.415403,275,0,0,0,0,0
2026-08-13T03:51:17.415403,275,0,0,0,0,0
2026-08-13T03:51:17.415403,274,0,0,0,0,0
2026-08-13T03:51:17.418411,272,0,0,0,0,0
2026-08-13T03:51:17.419412,271,0,0,0,0,0
2026-08-13T03:51:17.419412,270,0,0,0,0,0
2026-08-13T03:51:17.422435,271,0,0,0,0,0
2026-08-13T03:51:17.422435,273,0,0,0,0,0
2026-08-13T03:51:17.422435,275,0,0,0,0,0
2026-08-13T03:51:17.426968,275,0,0,0,0,0
2026-08-13T03:51:17.426968,275,0,0,0,0,0
2026-08-13T03:51:17.426968,275,0,0,0,0,0
2026-08-13T03:51:17.427955,274,0,0,0,0,0
2026-08-13T03:51:17.430968,271,0,0,0,0,0
2026-08-13T03:51:17.430968,272,0,0,0,0,0
2026-08-13T03:51:17.430968,274,0,0,0,0,0
2026-08-13T03:51:17.435207,274,0,0,0,0,0
2026-08-13T03:51:17.435207,275,0,0,0,0,0
2026-08-13T03:51:17.436206,274,0,0,0,0,0
2026-08-13T03:51:17.436206,274,0,0,0,0,0
2026-08-13T03:51:17.438578,272,0,0,0,0,0
2026-08-13T03:51:17.439580,271,0,0,0,0,0
2026-08-13T03:51:17.439580,270,0,0,0,0,0
2026-08-13T03:51:17.442580,270,0,0,0,0,0
2026-08-13T03:51:17.442580,273,0,0,0,0,0
2026-08-13T03:51:17.444088,275,0,0,0,0,0
2026-08-13T03:51:17.444088,276,0,0,0,0,0
2026-08-13T03:51:17.447104,276,0,0,0,0,0
2026-08-13T03:51:17.447104,275,0,0,0,0,0
2026-08-13T03:51:17.448102,273,0,0,0,0,0
2026-08-13T03:51:17.451585,272,0,0,0,0,0
2026-08-13T03:51:17.451585,272,0,0,0,0,0
2026-08-13T03:51:17.451585,273,0,0,0,0,0
2026-08-13T03:51:17.452585,274,0,0,0,0,0
2026-08-13T03:51:17.455097,275,0,0,0,0,0
2026-08-13T03:51:17.456103,274,0,0,0,0,0
2026-08-13T03:51:17.456103,273,0,0,0,0,0
2026-08-13T03:51:17.459795,271,0,0,0,0,0
2026-08-13T03:51:17.459795,270,0,0,0,0,0
2026-08-13T03:51:17.459795,270,0,0,0,0,0
2026-08-13T03:51:17.463795,271,0,0,0,0,0
2026-08-13T03:51:17.463795,274,0,0,0,0,0
2026-08-13T03:51:17.463795,275,0,0,0,0,0
2026-08-13T03:51:17.463795,276,0,0,0,0,0
2026-08-13T03:51:17.467397,276,0,0,0,0,0
2026-08-13T03:51:17.468404,274,0,0,0,0,0
2026-08-13T03:51:17.468404,273,0,0,0,0,0
2026-08-13T03:51:17.471806,272,0,0,0,0,0
2026-08-13T03:51:17.471806,272,0,0,0,0,0
2026-08-13T03:51:17.472804,273,0,0,0,0,0
2026-08-13T03:51:17.472804,274,0,0,0,0,0
2026-08-13T03:51:17.475389,275,0,0,0,0,0
2026-08-13T03:51:17.476397,274,0,0,0,0,0
2026-08-13T03:51:17.476397,273,0,0,0,0,0
2026-08-13T03:51:17.479412,271,0,0,0,0,0
2026-08-13T03:51:17.480398,270,0,0,0,0,0
2026-08-13T03:51:17.480398,270,0,0,0,0,0
2026-08-13T03:51:17.480398,272,0,0,0,0,0
2026-08-13T03:51:17.483780,274,0,0,0,0,0
2026-08-13T03:51:17.484788,275,0,0,0,0,0
2026-08-13T03:51:17.484788,276,0,0,0,0,0
2026-08-13T03:51:17.488099,275,0,0,0,0,0
2026-08-13T03:51:17.488099,274,0,0,0,0,0
2026-08-13T03:51:17.489106,272,0,0,0,0,0
2026-08-13T03:51:17.491685,271,0,0,0,0,0
2026-08-13T03:51:17.492706,272,0,0,0,0,0
2026-08-13T03:51:17.492706,274,0,0,0,0,0
2026-08-13T03:51:17.492706,274,0,0,0,0,0
2026-08-13T03:51:17.496225,275,0,0,0,0,0
2026-08-13T03:51:17.496225,274,0,0,0,0,0
2026-08-13T03:51:17.497225,272,0,0,0,0,0
2026-08-13T03:51:17.500225,271,0,0,0,0,0
2026-08-13T03:51:17.501227,271,0,0,0,0,0
2026-08-13T03:51:17.501227,270,0,0,0,0,0
2026-08-13T03:51:17.501227,273,0,0,0,0,0
2026-08-13T03:51:17.504742,275,0,0,0,0,0
2026-08-13T03:51:17.504742,275,0,0,0,0,0
2026-08-13T03:51:17.504742,276,0,0,0,0,0
2026-08-13T03:51:17.508280,274,0,0,0,0,0
2026-08-13T03:51:17.509258,274,0,0,0,0,0
2026-08-13T03:51:17.509258,272,0,0,0,0,0
2026-08-13T03:51:17.509258,272,0,0,0,0,0
2026-08-13T03:51:17.512301,273,0,0,0,0,0
2026-08-13T03:51:17.512301,274,0,0,0,0,0
2026-08-13T03:51:17.512301,274,0,0,0,0,0
2026-08-13T03:51:17.516868,274,0,0,0,0,0
2026-08-13T03:51:17.516868,274,0,0,0,0,0
2026-08-13T03:51:17.516868,272,0,0,0,0,0
2026-08-13T03:51:17.516868,271,0,0,0,0,0
2026-08-13T03:51:17.520112,270,0,0,0,0,0
2026-08-13T03:51:17.521519,271,0,0,0,0,0
2026-08-13T03:51:17.521519,273,0,0,0,0,0
2026-08-13T03:51:17.524901,275,0,0,0,0,0
2026-08-13T03:51:17.524901,275,0,0,0,0,0
2026-08-13T03:51:17.525899,276,0,0,0,0,0
2026-08-13T03:51:17.528905,275,0,0,0,0,0
2026-08-13T03:51:17.528905,274,0,0,0,0,0
2026-08-13T03:51:17.529905,272,0,0,0,0,0
2026-08-13T03:51:17.529905,272,0,0,0,0,0
2026-08-13T03:51:17.533274,273,0,0,0,0,0
2026-08-13T03:51:17.533781,274,0,0,0,0,0
2026-08-13T03:51:17.533781,275,0,0,0,0,0
2026-08-13T03:51:17.537701,274,0,0,0,0,0
2026-08-13T03:51:17.537701,273,0,0,0,0,0
2026-08-13T03:51:17.537701,272,0,0,0,0,0
2026-08-13T03:51:17.538701,271,0,0,0,0,0
2026-08-13T03:51:17.541702,270,0,0,0,0,0
2026-08-13T03:51:17.542742,271,0,0,0,0,0
2026-08-13T03:51:17.542742,273,0,0,0,0,0
2026-08-13T03:51:17.545760,275,0,0,0,0,0
2026-08-13T03:51:17.545760,276,0,0,0,0,0
2026-08-13T03:51:17.545760,276,0,0,0,0,0
2026-08-13T03:51:17.546766,275,0,0,0,0,0
2026-08-13T03:51:17.549769,273,0,0,0,0,0
2026-08-13T03:51:17.549769,272,0,0,0,0,0
2026-08-13T03:51:17.549769,272,0,0,0,0,0
2026-08-13T03:51:17.553766,274,0,0,0,0,0
2026-08-13T03:51:17.554273,274,0,0,0,0,0
2026-08-13T03:51:17.554273,274,0,0,0,0,0
2026-08-13T03:51:17.555281,273,0,0,0,0,0
2026-08-13T03:51:17.557301,273,0,0,0,0,0
2026-08-13T03:51:17.558290,272,0,0,0,0,0
2026-08-13T03:51:17.558290,270,0,0,0,0,0
2026-08-13T03:51:17.561287,269,0,0,0,0,0
2026-08-13T03:51:17.562288,271,0,0,0,0,0
2026-08-13T03:51:17.562288,274,0,0,0,0,0
2026-08-13T03:51:17.565801,276,0,0,0,0,0
2026-08-13T03:51:17.565801,276,0,0,0,0,0
2026-08-13T03:51:17.566806,275,0,0,0,0,0
2026-08-13T03:51:17.566806,274,0,0,0,0,0
2026-08-13T03:51:17.570328,273,0,0,0,0,0
2026-08-13T03:51:17.570328,272,0,0,0,0,0
2026-08-13T03:51:17.570328,272,0,0,0,0,0
2026-08-13T03:51:17.573978,273,0,0,0,0,0
2026-08-13T03:51:17.575000,274,0,0,0,0,0
2026-08-13T03:51:17.575000,275,0,0,0,0,0
2026-08-13T03:51:17.575000,274,0,0,0,0,0
2026-08-13T03:51:17.578023,273,0,0,0,0,0
2026-08-13T03:51:17.578023,270,0,0,0,0,0
2026-08-13T03:51:17.579168,270,0,0,0,0,0
2026-08-13T03:51:17.582189,270,0,0,0,0,0
2026-08-13T03:51:17.582189,272,0,0,0,0,0
2026-08-13T03:51:17.582189,275,0,0,0,0,0
2026-08-13T03:51:17.583702,275,0,0,0,0,0
2026-08-13T03:51:17.586711,276,0,0,0,0,0
2026-08-13T03:51:17.586711,275,0,0,0,0,0
2026-08-13T03:51:17.586711,274,0,0,0,0,0
2026-08-13T03:51:17.590733,272,0,0,0,0,0
2026-08-13T03:51:17.590733,271,0,0,0,0,0
2026-08-13T03:51:17.590733,273,0,0,0,0,0
2026-08-13T03:51:17.594688,274,0,0,0,0,0
2026-08-13T03:51:17.594688,274,0,0,0,0,0
2026-08-13T03:51:17.595658,274,0,0,0,0,0
2026-08-13T03:51:17.595658,273,0,0,0,0,0
2026-08-13T03:51:17.598657,273,0,0,0,0,0
2026-08-13T03:51:17.598657,271,0,0,0,0,0
2026-08-13T03:51:17.599661,270,0,0,0,0,0
2026-08-13T03:51:17.602673,271,0,0,0,0,0
2026-08-13T03:51:17.603662,272,0,0,0,0,0
2026-08-13T03:51:17.604169,275,0,0,0,0,0
2026-08-13T03:51:17.604169,275,0,0,0,0,0
2026-08-13T03:51:17.607192,276,0,0,0,0,0
2026-08-13T03:51:17.608177,274,0,0,0,0,0
2026-08-13T03:51:17.608177,273,0,0,0,0,0
2026-08-13T03:51:17.611175,272,0,0,0,0,0
2026-08-13T03:51:17.611175,272,0,0,0,0,0
2026-08-13T03:51:17.611175,273,0,0,0,0,0
2026-08-13T03:51:17.612174,274,0,0,0,0,0
2026-08-13T03:51:17.614688,274,0,0,0,0,0
2026-08-13T03:51:17.615687,275,0,0,0,0,0
2026-08-13T03:51:17.615687,274,0,0,0,0,0
2026-08-13T03:51:17.618725,272,0,0,0,0,0
2026-08-13T03:51:17.619692,271,0,0,0,0,0
2026-08-13T03:51:17.619692,270,0,0,0,0,0
2026-08-13T03:51:17.620695,270,0,0,0,0,0
2026-08-13T03:51:17.622696,273,0,0,0,0,0
2026-08-13T03:51:17.624202,275,0,0,0,0,0
2026-08-13T03:51:17.624202,275,0,0,0,0,0
2026-08-13T03:51:17.627218,275,0,0,0,0,0
2026-08-13T03:51:17.627218,274,0,0,0,0,0
2026-08-13T03:51:17.628219,273,0,0,0,0,0
2026-08-13T03:51:17.631218,272,0,0,0,0,0
2026-08-13T03:51:17.632217,272,0,0,0,0,0
2026-08-13T03:51:17.632217,273,0,0,0,0,0
2026-08-13T03:51:17.632217,274,0,0,0,0,0
2026-08-13T03:51:17.635738,275,0,0,0,0,0
2026-08-13T03:51:17.635738,274,0,0,0,0,0
2026-08-13T03:51:17.636746,273,0,0,0,0,0
2026-08-13T03:51:17.639747,271,0,0,0,0,0
2026-08-13T03:51:17.639747,270,0,0,0,0,0
2026-08-13T03:51:17.640745,270,0,0,0,0,0
2026-08-13T03:51:17.641748,271,0,0,0,0,0
2026-08-13T03:51:17.643746,274,0,0,0,0,0
2026-08-13T03:51:17.644251,275,0,0,0,0,0
2026-08-13T03:51:17.644251,276,0,0,0,0,0
2026-08-13T03:51:17.647602,276,0,0,0,0,0
2026-08-13T03:51:17.648608,275,0,0,0,0,0
2026-08-13T03:51:17.648608,273,0,0,0,0,0
2026-08-13T03:51:17.648608,272,0,0,0,0,0
2026-08-13T03:51:17.652608,272,0,0,0,0,0
2026-08-13T03:51:17.653610,273,0,0,0,0,0
2026-08-13T03:51:17.653610,274,0,0,0,0,0
2026-08-13T03:51:17.656141,275,0,0,0,0,0
2026-08-13T03:51:17.656141,274,0,0,0,0,0
2026-08-13T03:51:17.657127,273,0,0,0,0,0
2026-08-13T03:51:17.660127,271,0,0,0,0,0
2026-08-13T03:51:17.662128,270,0,0,0,0,0
2026-08-13T03:51:17.662128,270,0,0,0,0,0
2026-08-13T03:51:17.662128,271,0,0,0,0,0
2026-08-13T03:51:17.664639,274,0,0,0,0,0
2026-08-13T03:51:17.664639,276,0,0,0,0,0
2026-08-13T03:51:17.664639,276,0,0,0,0,0
2026-08-13T03:51:17.668642,275,0,0,0,0,0
2026-08-13T03:51:17.668642,274,0,0,0,0,0
2026-08-13T03:51:17.668642,273,0,0,0,0,0
2026-08-13T03:51:17.668642,272,0,0,0,0,0
2026-08-13T03:51:17.672195,272,0,0,0,0,0
2026-08-13T03:51:17.672195,273,0,0,0,0,0
2026-08-13T03:51:17.673709,274,0,0,0,0,0
2026-08-13T03:51:17.675981,275,0,0,0,0,0
2026-08-13T03:51:17.676988,274,0,0,0,0,0
2026-08-13T03:51:17.676988,272,0,0,0,0,0
2026-08-13T03:51:17.677989,271,0,0,0,0,0
2026-08-13T03:51:17.681005,271,0,0,0,0,0
2026-08-13T03:51:17.681005,271,0,0,0,0,0
2026-08-13T03:51:17.681989,272,0,0,0,0,0
2026-08-13T03:51:17.684546,275,0,0,0,0,0
2026-08-13T03:51:17.685539,275,0,0,0,0,0
2026-08-13T03:51:17.685539,276,0,0,0,0,0
2026-08-13T03:51:17.686539,275,0,0,0,0,0
2026-08-13T03:51:17.688554,274,0,0,0,0,0
2026-08-13T03:51:17.689541,272,0,0,0,0,0
2026-08-13T03:51:17.689541,271,0,0,0,0,0
2026-08-13T03:51:17.693117,273,0,0,0,0,0
2026-08-13T03:51:17.693626,274,0,0,0,0,0
2026-08-13T03:51:17.693626,275,0,0,0,0,0
2026-08-13T03:51:17.696648,275,0,0,0,0,0
2026-08-13T03:51:17.697648,274,0,0,0,0,0
2026-08-13T03:51:17.697648,272,0,0,0,0,0
2026-08-13T03:51:17.697648,271,0,0,0,0,0
2026-08-13T03:51:17.701146,270,0,0,0,0,0
2026-08-13T03:51:17.701146,271,0,0,0,0,0
2026-08-13T03:51:17.702146,272,0,0,0,0,0
2026-08-13T03:51:17.704665,275,0,0,0,0,0
2026-08-13T03:51:17.705828,275,0,0,0,0,0
2026-08-13T03:51:17.705828,276,0,0,0,0,0
2026-08-13T03:51:17.705828,275,0,0,0,0,0
2026-08-13T03:51:17.708838,273,0,0,0,0,0
2026-08-13T03:51:17.709837,272,0,0,0,0,0
2026-08-13T03:51:17.709837,272,0,0,0,0,0
2026-08-13T03:51:17.713837,274,0,0,0,0,0
2026-08-13T03:51:17.713837,274,0,0,0,0,0
2026-08-13T03:51:17.715158,275,0,0,0,0,0
2026-08-13T03:51:17.715158,275,0,0,0,0,0
2026-08-13T03:51:17.717184,273,0,0,0,0,0
2026-08-13T03:51:17.718182,272,0,0,0,0,0
2026-08-13T03:51:17.718182,271,0,0,0,0,0
2026-08-13T03:51:17.721080,270,0,0,0,0,0
2026-08-13T03:51:17.722146,271,0,0,0,0,0
2026-08-13T03:51:17.722146,273,0,0,0,0,0
2026-08-13T03:51:17.725691,276,0,0,0,0,0
2026-08-13T03:51:17.725691,276,0,0,0,0,0
2026-08-13T03:51:17.726700,276,0,0,0,0,0
2026-08-13T03:51:17.726700,275,0,0,0,0,0
2026-08-13T03:51:17.729317,273,0,0,0,0,0
2026-08-13T03:51:17.730326,272,0,0,0,0,0
2026-08-13T03:51:17.730326,272,0,0,0,0,0
2026-08-13T03:51:17.733834,273,0,0,0,0,0
2026-08-13T03:51:17.734843,274,0,0,0,0,0
2026-08-13T03:51:17.734843,275,0,0,0,0,0
2026-08-13T03:51:17.734843,274,0,0,0,0,0
2026-08-13T03:51:17.738386,274,0,0,0,0,0
2026-08-13T03:51:17.738386,271,0,0,0,0,0
2026-08-13T03:51:17.738386,271,0,0,0,0,0
2026-08-13T03:51:17.742440,271,0,0,0,0,0
2026-08-13T03:51:17.742440,272,0,0,0,0,0
2026-08-13T03:51:17.742946,275,0,0,0,0,0
2026-08-13T03:51:17.742946,276,0,0,0,0,0
2026-08-13T03:51:17.746481,276,0,0,0,0,0
2026-08-13T03:51:17.746481,276,0,0,0,0,0
2026-08-13T03:51:17.746481,275,0,0,0,0,0
2026-08-13T03:51:17.750501,273,0,0,0,0,0
2026-08-13T03:51:17.750501,271,0,0,0,0,0
2026-08-13T03:51:17.751482,272,0,0,0,0,0
2026-08-13T03:51:17.751482,274,0,0,0,0,0
2026-08-13T03:51:17.754020,276,0,0,0,0,0
2026-08-13T03:51:17.755052,275,0,0,0,0,0
2026-08-13T03:51:17.755052,275,0,0,0,0,0
2026-08-13T03:51:17.758388,273,0,0,0,0,0
2026-08-13T03:51:17.758388,272,0,0,0,0,0
2026-08-13T03:51:17.759803,271,0,0,0,0,0
2026-08-13T03:51:17.762968,270,0,0,0,0,0
2026-08-13T03:51:17.762968,271,0,0,0,0,0
2026-08-13T03:51:17.762968,275,0,0,0,0,0
2026-08-13T03:51:17.763953,276,0,0,0,0,0
2026-08-13T03:51:17.766337,276,0,0,0,0,0
2026-08-13T03:51:17.767361,276,0,0,0,0,0
2026-08-13T03:51:17.767361,274,0,0,0,0,0
2026-08-13T03:51:17.770898,272,0,0,0,0,0
2026-08-13T03:51:17.770898,272,0,0,0,0,0
2026-08-13T03:51:17.771908,273,0,0,0,0,0
2026-08-13T03:51:17.771908,274,0,0,0,0,0
2026-08-13T03:51:17.775055,275,0,0,0,0,0
2026-08-13T03:51:17.775055,275,0,0,0,0,0
2026-08-13T03:51:17.776056,274,0,0,0,0,0
2026-08-13T03:51:17.779066,273,0,0,0,0,0
2026-08-13T03:51:17.779066,271,0,0,0,0,0
2026-08-13T03:51:17.780102,270,0,0,0,0,0
2026-08-13T03:51:17.780102,270,0,0,0,0,0
2026-08-13T03:51:17.783063,273,0,0,0,0,0
2026-08-13T03:51:17.783063,276,0,0,0,0,0
2026-08-13T03:51:17.784065,276,0,0,0,0,0
2026-08-13T03:51:17.787062,277,0,0,0,0,0
2026-08-13T03:51:17.787062,275,0,0,0,0,0
2026-08-13T03:51:17.787062,274,0,0,0,0,0
2026-08-13T03:51:17.788638,272,0,0,0,0,0
2026-08-13T03:51:17.790718,271,0,0,0,0,0
2026-08-13T03:51:17.791732,273,0,0,0,0,0
2026-08-13T03:51:17.791732,274,0,0,0,0,0
2026-08-13T03:51:17.795190,275,0,0,0,0,0
2026-08-13T03:51:17.796193,276,0,0,0,0,0
2026-08-13T03:51:17.796193,274,0,0,0,0,0
2026-08-13T03:51:17.799206,272,0,0,0,0,0
2026-08-13T03:51:17.800204,271,0,0,0,0,0
2026-08-13T03:51:17.800204,271,0,0,0,0,0
2026-08-13T03:51:17.800204,271,0,0,0,0,0
2026-08-13T03:51:17.803729,273,0,0,0,0,0
2026-08-13T03:51:17.803729,275,0,0,0,0,0
2026-08-13T03:51:17.804759,276,0,0,0,0,0
2026-08-13T03:51:17.807760,276,0,0,0,0,0
2026-08-13T03:51:17.808777,275,0,0,0,0,0
2026-08-13T03:51:17.808777,274,0,0,0,0,0
2026-08-13T03:51:17.809760,272,0,0,0,0,0
2026-08-13T03:51:17.811167,272,0,0,0,0,0
2026-08-13T03:51:17.812611,273,0,0,0,0,0
2026-08-13T03:51:17.812611,274,0,0,0,0,0
2026-08-13T03:51:17.815652,276,0,0,0,0,0
2026-08-13T03:51:17.816648,275,0,0,0,0,0
2026-08-13T03:51:17.816648,274,0,0,0,0,0
2026-08-13T03:51:17.817633,272,0,0,0,0,0
2026-08-13T03:51:17.819648,271,0,0,0,0,0
2026-08-13T03:51:17.820648,270,0,0,0,0,0
2026-08-13T03:51:17.820648,271,0,0,0,0,0
2026-08-13T03:51:17.824342,275,0,0,0,0,0
2026-08-13T03:51:17.824342,276,0,0,0,0,0
2026-08-13T03:51:17.824342,277,0,0,0,0,0
2026-08-13T03:51:17.828442,276,0,0,0,0,0
2026-08-13T03:51:17.828948,275,0,0,0,0,0
2026-08-13T03:51:17.828948,273,0,0,0,0,0
2026-08-13T03:51:17.828948,272,0,0,0,0,0
2026-08-13T03:51:17.832163,272,0,0,0,0,0
2026-08-13T03:51:17.832163,274,0,0,0,0,0
2026-08-13T03:51:17.833673,275,0,0,0,0,0
2026-08-13T03:51:17.836698,276,0,0,0,0,0
2026-08-13T03:51:17.836698,275,0,0,0,0,0
2026-08-13T03:51:17.836698,273,0,0,0,0,0
2026-08-13T03:51:17.837698,271,0,0,0,0,0
2026-08-13T03:51:17.840698,271,0,0,0,0,0
2026-08-13T03:51:17.840698,271,0,0,0,0,0
2026-08-13T03:51:17.842117,271,0,0,0,0,0
2026-08-13T03:51:17.844062,275,0,0,0,0,0
2026-08-13T03:51:17.845103,276,0,0,0,0,0
2026-08-13T03:51:17.845103,277,0,0,0,0,0
2026-08-13T03:51:17.846082,277,0,0,0,0,0
2026-08-13T03:51:17.848288,275,0,0,0,0,0
2026-08-13T03:51:17.849295,273,0,0,0,0,0
2026-08-13T03:51:17.849295,272,0,0,0,0,0
2026-08-13T03:51:17.852309,273,0,0,0,0,0
2026-08-13T03:51:17.852309,274,0,0,0,0,0
2026-08-13T03:51:17.853817,275,0,0,0,0,0
2026-08-13T03:51:17.853817,275,0,0,0,0,0
2026-08-13T03:51:17.856824,275,0,0,0,0,0
2026-08-13T03:51:17.857825,273,0,0,0,0,0
2026-08-13T03:51:17.857825,271,0,0,0,0,0
2026-08-13T03:51:17.860324,271,0,0,0,0,0
2026-08-13T03:51:17.861325,271,0,0,0,0,0
2026-08-13T03:51:17.861325,272,0,0,0,0,0
2026-08-13T03:51:17.864132,275,0,0,0,0,0
2026-08-13T03:51:17.865568,277,0,0,0,0,0
2026-08-13T03:51:17.865568,277,0,0,0,0,0
2026-08-13T03:51:17.866577,275,0,0,0,0,0
2026-08-13T03:51:17.868594,274,0,0,0,0,0
2026-08-13T03:51:17.869592,273,0,0,0,0,0
2026-08-13T03:51:17.869592,272,0,0,0,0,0
2026-08-13T03:51:17.872123,273,0,0,0,0,0
2026-08-13T03:51:17.873645,274,0,0,0,0,0
2026-08-13T03:51:17.873645,274,0,0,0,0,0
2026-08-13T03:51:17.874659,275,0,0,0,0,0
2026-08-13T03:51:17.877305,275,0,0,0,0,0
2026-08-13T03:51:17.878305,273,0,0,0,0,0
2026-08-13T03:51:17.878305,271,0,0,0,0,0
2026-08-13T03:51:17.881304,271,0,0,0,0,0
2026-08-13T03:51:17.881304,271,0,0,0,0,0
2026-08-13T03:51:17.882322,273,0,0,0,0,0
2026-08-13T03:51:17.882322,276,0,0,0,0,0
2026-08-13T03:51:17.885854,276,0,0,0,0,0
2026-08-13T03:51:17.885854,276,0,0,0,0,0
2026-08-13T03:51:17.885854,276,0,0,0,0,0
2026-08-13T03:51:17.889856,273,0,0,0,0,0
2026-08-13T03:51:17.889856,272,0,0,0,0,0
2026-08-13T03:51:17.890854,272,0,0,0,0,0
2026-08-13T03:51:17.893854,273,0,0,0,0,0
2026-08-13T03:51:17.893854,274,0,0,0,0,0
2026-08-13T03:51:17.894989,276,0,0,0,0,0
2026-08-13T03:51:17.894989,276,0,0,0,0,0
2026-08-13T03:51:17.897997,275,0,0,0,0,0
2026-08-13T03:51:17.897997,272,0,0,0,0,0
2026-08-13T03:51:17.898982,271,0,0,0,0,0
2026-08-13T03:51:17.901997,270,0,0,0,0,0
2026-08-13T03:51:17.901997,272,0,0,0,0,0
2026-08-13T03:51:17.901997,274,0,0,0,0,0
2026-08-13T03:51:17.902982,276,0,0,0,0,0
2026-08-13T03:51:17.905530,275,0,0,0,0,0
2026-08-13T03:51:17.906552,276,0,0,0,0,0
2026-08-13T03:51:17.906552,275,0,0,0,0,0
2026-08-13T03:51:17.909950,274,0,0,0,0,0
2026-08-13T03:51:17.909950,272,0,0,0,0,0
2026-08-13T03:51:17.910959,272,0,0,0,0,0
2026-08-13T03:51:17.910959,273,0,0,0,0,0
2026-08-13T03:51:17.914551,275,0,0,0,0,0
2026-08-13T03:51:17.914551,276,0,0,0,0,0
2026-08-13T03:51:17.915570,275,0,0,0,0,0
2026-08-13T03:51:17.918583,274,0,0,0,0,0
2026-08-13T03:51:17.918583,272,0,0,0,0,0
2026-08-13T03:51:17.918583,270,0,0,0,0,0
2026-08-13T03:51:17.919580,271,0,0,0,0,0
2026-08-13T03:51:17.922579,271,0,0,0,0,0
2026-08-13T03:51:17.922579,274,0,0,0,0,0
2026-08-13T03:51:17.922579,276,0,0,0,0,0
2026-08-13T03:51:17.926108,277,0,0,0,0,0
2026-08-13T03:51:17.927106,277,0,0,0,0,0
2026-08-13T03:51:17.927106,275,0,0,0,0,0
2026-08-13T03:51:17.930107,273,0,0,0,0,0
2026-08-13T03:51:17.931105,272,0,0,0,0,0
2026-08-13T03:51:17.931105,273,0,0,0,0,0
2026-08-13T03:51:17.932107,274,0,0,0,0,0
2026-08-13T03:51:17.934628,275,0,0,0,0,0
2026-08-13T03:51:17.935627,275,0,0,0,0,0
2026-08-13T03:51:17.935627,274,0,0,0,0,0
2026-08-13T03:51:17.938643,273,0,0,0,0,0
2026-08-13T03:51:17.939644,272,0,0,0,0,0
2026-08-13T03:51:17.939644,271,0,0,0,0,0
2026-08-13T03:51:17.940638,270,0,0,0,0,0
2026-08-13T03:51:17.942977,272,0,0,0,0,0
2026-08-13T03:51:17.943887,275,0,0,0,0,0
2026-08-13T03:51:17.944394,276,0,0,0,0,0
2026-08-13T03:51:17.946481,276,0,0,0,0,0
2026-08-13T03:51:17.947520,276,0,0,0,0,0
2026-08-13T03:51:17.947520,274,0,0,0,0,0
2026-08-13T03:51:17.948508,272,0,0,0,0,0
2026-08-13T03:51:17.950518,272,0,0,0,0,0
2026-08-13T03:51:17.951515,273,0,0,0,0,0
2026-08-13T03:51:17.951515,273,0,0,0,0,0
2026-08-13T03:51:17.954940,274,0,0,0,0,0
2026-08-13T03:51:17.955940,274,0,0,0,0,0
2026-08-13T03:51:17.955940,275,0,0,0,0,0
2026-08-13T03:51:17.958987,273,0,0,0,0,0
2026-08-13T03:51:17.958987,271,0,0,0,0,0
2026-08-13T03:51:17.960357,270,0,0,0,0,0
2026-08-13T03:51:17.960357,270,0,0,0,0,0
2026-08-13T03:51:17.962516,272,0,0,0,0,0
2026-08-13T03:51:17.964137,274,0,0,0,0,0
2026-08-13T03:51:17.964137,275,0,0,0,0,0
2026-08-13T03:51:17.967171,275,0,0,0,0,0
2026-08-13T03:51:17.968170,275,0,0,0,0,0
2026-08-13T03:51:17.968170,274,0,0,0,0,0
2026-08-13T03:51:17.969170,272,0,0,0,0,0
2026-08-13T03:51:17.971693,271,0,0,0,0,0
2026-08-13T03:51:17.971693,273,0,0,0,0,0
2026-08-13T03:51:17.971693,274,0,0,0,0,0
2026-08-13T03:51:17.975228,274,0,0,0,0,0
2026-08-13T03:51:17.976209,274,0,0,0,0,0
2026-08-13T03:51:17.977214,273,0,0,0,0,0
2026-08-13T03:51:17.977214,272,0,0,0,0,0
2026-08-13T03:51:17.979234,271,0,0,0,0,0
2026-08-13T03:51:17.980213,270,0,0,0,0,0
2026-08-13T03:51:17.980213,271,0,0,0,0,0
2026-08-13T03:51:17.983720,272,0,0,0,0,0
2026-08-13T03:51:17.983720,274,0,0,0,0,0
2026-08-13T03:51:17.984734,276,0,0,0,0,0
2026-08-13T03:51:17.984734,276,0,0,0,0,0
2026-08-13T03:51:17.987881,275,0,0,0,0,0
2026-08-13T03:51:17.987881,273,0,0,0,0,0
2026-08-13T03:51:17.988864,272,0,0,0,0,0
2026-08-13T03:51:17.991867,272,0,0,0,0,0
2026-08-13T03:51:17.991867,273,0,0,0,0,0
2026-08-13T03:51:17.992892,274,0,0,0,0,0
2026-08-13T03:51:17.996396,274,0,0,0,0,0
2026-08-13T03:51:17.996396,274,0,0,0,0,0
2026-08-13T03:51:17.996396,273,0,0,0,0,0
2026-08-13T03:51:17.997392,272,0,0,0,0,0
2026-08-13T03:51:18.000411,270,0,0,0,0,0
2026-08-13T03:51:18.000411,270,0,0,0,0,0
2026-08-13T03:51:18.001393,271,0,0,0,0,0
2026-08-13T03:51:18.003905,273,0,0,0,0,0
2026-08-13T03:51:18.004916,275,0,0,0,0,0
2026-08-13T03:51:18.006163,276,0,0,0,0,0
2026-08-13T03:51:18.006163,276,0,0,0,0,0
2026-08-13T03:51:18.008179,275,0,0,0,0,0
2026-08-13T03:51:18.009194,273,0,0,0,0,0
2026-08-13T03:51:18.009194,272,0,0,0,0,0
2026-08-13T03:51:18.012191,272,0,0,0,0,0
2026-08-13T03:51:18.012191,274,0,0,0,0,0
2026-08-13T03:51:18.013700,273,0,0,0,0,0
2026-08-13T03:51:18.013700,274,0,0,0,0,0
2026-08-13T03:51:18.016724,274,0,0,0,0,0
2026-08-13T03:51:18.016724,273,0,0,0,0,0
2026-08-13T03:51:18.017723,271,0,0,0,0,0
2026-08-13T03:51:18.020723,270,0,0,0,0,0
2026-08-13T03:51:18.020723,270,0,0,0,0,0
2026-08-13T03:51:18.021723,272,0,0,0,0,0
2026-08-13T03:51:18.025072,274,0,0,0,0,0
2026-08-13T03:51:18.025072,275,0,0,0,0,0
2026-08-13T03:51:18.026069,276,0,0,0,0,0
2026-08-13T03:51:18.026069,276,0,0,0,0,0
2026-08-13T03:51:18.028493,274,0,0,0,0,0
2026-08-13T03:51:18.029493,273,0,0,0,0,0
2026-08-13T03:51:18.030492,271,0,0,0,0,0
2026-08-13T03:51:18.032725,272,0,0,0,0,0
2026-08-13T03:51:18.033725,273,0,0,0,0,0
2026-08-13T03:51:18.034232,274,0,0,0,0,0
2026-08-13T03:51:18.034232,274,0,0,0,0,0
2026-08-13T03:51:18.037254,273,0,0,0,0,0
2026-08-13T03:51:18.037254,273,0,0,0,0,0
2026-08-13T03:51:18.037254,271,0,0,0,0,0
2026-08-13T03:51:18.041243,271,0,0,0,0,0
2026-08-13T03:51:18.041243,270,0,0,0,0,0
2026-08-13T03:51:18.042241,272,0,0,0,0,0
2026-08-13T03:51:18.042241,275,0,0,0,0,0
2026-08-13T03:51:18.044770,275,0,0,0,0,0
2026-08-13T03:51:18.045755,276,0,0,0,0,0
2026-08-13T03:51:18.046757,275,0,0,0,0,0
2026-08-13T03:51:18.048794,273,0,0,0,0,0
2026-08-13T03:51:18.049770,272,0,0,0,0,0
2026-08-13T03:51:18.050757,272,0,0,0,0,0
2026-08-13T03:51:18.050757,273,0,0,0,0,0
2026-08-13T03:51:18.053772,274,0,0,0,0,0
2026-08-13T03:51:18.054311,274,0,0,0,0,0
2026-08-13T03:51:18.054311,274,0,0,0,0,0
2026-08-13T03:51:18.057294,274,0,0,0,0,0
2026-08-13T03:51:18.058274,273,0,0,0,0,0
2026-08-13T03:51:18.059284,271,0,0,0,0,0
2026-08-13T03:51:18.061271,270,0,0,0,0,0
2026-08-13T03:51:18.062635,271,0,0,0,0,0
2026-08-13T03:51:18.062635,273,0,0,0,0,0
2026-08-13T03:51:18.063663,274,0,0,0,0,0
2026-08-13T03:51:18.065681,275,0,0,0,0,0
2026-08-13T03:51:18.065681,276,0,0,0,0,0
2026-08-13T03:51:18.066692,275,0,0,0,0,0
2026-08-13T03:51:18.069691,274,0,0,0,0,0
2026-08-13T03:51:18.069691,272,0,0,0,0,0
2026-08-13T03:51:18.070692,272,0,0,0,0,0
2026-08-13T03:51:18.070692,273,0,0,0,0,0
2026-08-13T03:51:18.073729,274,0,0,0,0,0
2026-08-13T03:51:18.074736,275,0,0,0,0,0
2026-08-13T03:51:18.074736,274,0,0,0,0,0
2026-08-13T03:51:18.077749,274,0,0,0,0,0
2026-08-13T03:51:18.078752,272,0,0,0,0,0
2026-08-13T03:51:18.078752,270,0,0,0,0,0
2026-08-13T03:51:18.079737,270,0,0,0,0,0
2026-08-13T03:51:18.082377,271,0,0,0,0,0
2026-08-13T03:51:18.082377,274,0,0,0,0,0
2026-08-13T03:51:18.082377,275,0,0,0,0,0
2026-08-13T03:51:18.086310,275,0,0,0,0,0
2026-08-13T03:51:18.086310,276,0,0,0,0,0
2026-08-13T03:51:18.087348,275,0,0,0,0,0
2026-08-13T03:51:18.087348,274,0,0,0,0,0
2026-08-13T03:51:18.090339,272,0,0,0,0,0
2026-08-13T03:51:18.090339,272,0,0,0,0,0
2026-08-13T03:51:18.091326,273,0,0,0,0,0
2026-08-13T03:51:18.093855,274,0,0,0,0,0
2026-08-13T03:51:18.094862,275,0,0,0,0,0
2026-08-13T03:51:18.094862,274,0,0,0,0,0
2026-08-13T03:51:18.098862,273,0,0,0,0,0
2026-08-13T03:51:18.098862,272,0,0,0,0,0
2026-08-13T03:51:18.098862,271,0,0,0,0,0
2026-08-13T03:51:18.099877,270,0,0,0,0,0
2026-08-13T03:51:18.102928,271,0,0,0,0,0
2026-08-13T03:51:18.102928,274,0,0,0,0,0
2026-08-13T03:51:18.102928,275,0,0,0,0,0
2026-08-13T03:51:18.106955,276,0,0,0,0,0
2026-08-13T03:51:18.106955,276,0,0,0,0,0
2026-08-13T03:51:18.108965,275,0,0,0,0,0
2026-08-13T03:51:18.108965,273,0,0,0,0,0
2026-08-13T03:51:18.110960,271,0,0,0,0,0
2026-08-13T03:51:18.110960,273,0,0,0,0,0
2026-08-13T03:51:18.111961,273,0,0,0,0,0
2026-08-13T03:51:18.114500,275,0,0,0,0,0
2026-08-13T03:51:18.115502,275,0,0,0,0,0
2026-08-13T03:51:18.116495,274,0,0,0,0,0
2026-08-13T03:51:18.117496,274,0,0,0,0,0
2026-08-13T03:51:18.118495,271,0,0,0,0,0
2026-08-13T03:51:18.119496,271,0,0,0,0,0
2026-08-13T03:51:18.120499,270,0,0,0,0,0
2026-08-13T03:51:18.122498,272,0,0,0,0,0
2026-08-13T03:51:18.124014,275,0,0,0,0,0
2026-08-13T03:51:18.125040,277,0,0,0,0,0
2026-08-13T03:51:18.127048,276,0,0,0,0,0
2026-08-13T03:51:18.128031,275,0,0,0,0,0
2026-08-13T03:51:18.129030,274,0,0,0,0,0
2026-08-13T03:51:18.130030,273,0,0,0,0,0
2026-08-13T03:51:18.131029,272,0,0,0,0,0
2026-08-13T03:51:18.132035,272,0,0,0,0,0
2026-08-13T03:51:18.133033,274,0,0,0,0,0
2026-08-13T03:51:18.135676,275,0,0,0,0,0
2026-08-13T03:51:18.135676,275,0,0,0,0,0
2026-08-13T03:51:18.136704,274,0,0,0,0,0
2026-08-13T03:51:18.137702,273,0,0,0,0,0
2026-08-13T03:51:18.139715,271,0,0,0,0,0
2026-08-13T03:51:18.139715,270,0,0,0,0,0
2026-08-13T03:51:18.140703,271,0,0,0,0,0
2026-08-13T03:51:18.143708,273,0,0,0,0,0
2026-08-13T03:51:18.143708,275,0,0,0,0,0
2026-08-13T03:51:18.144878,276,0,0,0,0,0
2026-08-13T03:51:18.145877,276,0,0,0,0,0
2026-08-13T03:51:18.147889,275,0,0,0,0,0
2026-08-13T03:51:18.147889,274,0,0,0,0,0
2026-08-13T03:51:18.148888,272,0,0,0,0,0
2026-08-13T03:51:18.151888,272,0,0,0,0,0
2026-08-13T03:51:18.151888,273,0,0,0,0,0
2026-08-13T03:51:18.152890,274,0,0,0,0,0
2026-08-13T03:51:18.152890,275,0,0,0,0,0
2026-08-13T03:51:18.155428,275,0,0,0,0,0
2026-08-13T03:51:18.155428,274,0,0,0,0,0
2026-08-13T03:51:18.157077,272,0,0,0,0,0
2026-08-13T03:51:18.159107,271,0,0,0,0,0
2026-08-13T03:51:18.160676,271,0,0,0,0,0
2026-08-13T03:51:18.160676,271,0,0,0,0,0
2026-08-13T03:51:18.163707,273,0,0,0,0,0
2026-08-13T03:51:18.165040,275,0,0,0,0,0
2026-08-13T03:51:18.165040,276,0,0,0,0,0
2026-08-13T03:51:18.166041,276,0,0,0,0,0
2026-08-13T03:51:18.168063,274,0,0,0,0,0
2026-08-13T03:51:18.168063,274,0,0,0,0,0
2026-08-13T03:51:18.169042,272,0,0,0,0,0
2026-08-13T03:51:18.171619,272,0,0,0,0,0
2026-08-13T03:51:18.172597,273,0,0,0,0,0
2026-08-13T03:51:18.172597,274,0,0,0,0,0
2026-08-13T03:51:18.174110,275,0,0,0,0,0
2026-08-13T03:51:18.176161,274,0,0,0,0,0
2026-08-13T03:51:18.177138,274,0,0,0,0,0
2026-08-13T03:51:18.177138,272,0,0,0,0,0
2026-08-13T03:51:18.180162,270,0,0,0,0,0
2026-08-13T03:51:18.181138,270,0,0,0,0,0
2026-08-13T03:51:18.181138,271,0,0,0,0,0
2026-08-13T03:51:18.182139,274,0,0,0,0,0
2026-08-13T03:51:18.184713,275,0,0,0,0,0
2026-08-13T03:51:18.184713,276,0,0,0,0,0
2026-08-13T03:51:18.185697,276,0,0,0,0,0
2026-08-13T03:51:18.188712,275,0,0,0,0,0
2026-08-13T03:51:18.188712,274,0,0,0,0,0
2026-08-13T03:51:18.189700,272,0,0,0,0,0
2026-08-13T03:51:18.192703,272,0,0,0,0,0
2026-08-13T03:51:18.193697,273,0,0,0,0,0
2026-08-13T03:51:18.194208,274,0,0,0,0,0
2026-08-13T03:51:18.194208,275,0,0,0,0,0
2026-08-13T03:51:18.196230,273,0,0,0,0,0
2026-08-13T03:51:18.197232,273,0,0,0,0,0
2026-08-13T03:51:18.198230,271,0,0,0,0,0
2026-08-13T03:51:18.201238,271,0,0,0,0,0
2026-08-13T03:51:18.201238,270,0,0,0,0,0
2026-08-13T03:51:18.202231,271,0,0,0,0,0
2026-08-13T03:51:18.202231,274,0,0,0,0,0
2026-08-13T03:51:18.204775,275,0,0,0,0,0
2026-08-13T03:51:18.205758,276,0,0,0,0,0
2026-08-13T03:51:18.205758,275,0,0,0,0,0
2026-08-13T03:51:18.208762,274,0,0,0,0,0
2026-08-13T03:51:18.210756,272,0,0,0,0,0
2026-08-13T03:51:18.211756,272,0,0,0,0,0
2026-08-13T03:51:18.212755,272,0,0,0,0,0
2026-08-13T03:51:18.213756,274,0,0,0,0,0
2026-08-13T03:51:18.214265,274,0,0,0,0,0
2026-08-13T03:51:18.215278,275,0,0,0,0,0
2026-08-13T03:51:18.217310,274,0,0,0,0,0
2026-08-13T03:51:18.217310,273,0,0,0,0,0
2026-08-13T03:51:18.218290,272,0,0,0,0,0
2026-08-13T03:51:18.218290,271,0,0,0,0,0
2026-08-13T03:51:18.221300,270,0,0,0,0,0
2026-08-13T03:51:18.222290,272,0,0,0,0,0
2026-08-13T03:51:18.222290,275,0,0,0,0,0
2026-08-13T03:51:18.224853,275,0,0,0,0,0
2026-08-13T03:51:18.225846,275,0,0,0,0,0
2026-08-13T03:51:18.226852,275,0,0,0,0,0
2026-08-13T03:51:18.229871,274,0,0,0,0,0
2026-08-13T03:51:18.229871,272,0,0,0,0,0
2026-08-13T03:51:18.229871,272,0,0,0,0,0
2026-08-13T03:51:18.230845,272,0,0,0,0,0
2026-08-13T03:51:18.233859,273,0,0,0,0,0
2026-08-13T03:51:18.233859,274,0,0,0,0,0
2026-08-13T03:51:18.235046,275,0,0,0,0,0
2026-08-13T03:51:18.238065,274,0,0,0,0,0
2026-08-13T03:51:18.238065,272,0,0,0,0,0
2026-08-13T03:51:18.239048,271,0,0,0,0,0
2026-08-13T03:51:18.240048,270,0,0,0,0,0
2026-08-13T03:51:18.242044,271,0,0,0,0,0
2026-08-13T03:51:18.242044,272,0,0,0,0,0
2026-08-13T03:51:18.243039,274,0,0,0,0,0
2026-08-13T03:51:18.245599,275,0,0,0,0,0
2026-08-13T03:51:18.247620,275,0,0,0,0,0
2026-08-13T03:51:18.248601,275,0,0,0,0,0
2026-08-13T03:51:18.248601,274,0,0,0,0,0
2026-08-13T03:51:18.250616,272,0,0,0,0,0
2026-08-13T03:51:18.251607,272,0,0,0,0,0
2026-08-13T03:51:18.251607,273,0,0,0,0,0
2026-08-13T03:51:18.254110,274,0,0,0,0,0
2026-08-13T03:51:18.254110,275,0,0,0,0,0
2026-08-13T03:51:18.255122,274,0,0,0,0,0
2026-08-13T03:51:18.258121,273,0,0,0,0,0
2026-08-13T03:51:18.258121,272,0,0,0,0,0
2026-08-13T03:51:18.259122,270,0,0,0,0,0
2026-08-13T03:51:18.259122,271,0,0,0,0,0
2026-08-13T03:51:18.262135,270,0,0,0,0,0
2026-08-13T03:51:18.262135,272,0,0,0,0,0
2026-08-13T03:51:18.263650,274,0,0,0,0,0
2026-08-13T03:51:18.266683,275,0,0,0,0,0
2026-08-13T03:51:18.266683,275,0,0,0,0,0
2026-08-13T03:51:18.266683,275,0,0,0,0,0
2026-08-13T03:51:18.267662,273,0,0,0,0,0
2026-08-13T03:51:18.270675,272,0,0,0,0,0
2026-08-13T03:51:18.270675,272,0,0,0,0,0
2026-08-13T03:51:18.271850,273,0,0,0,0,0
2026-08-13T03:51:18.273857,274,0,0,0,0,0
2026-08-13T03:51:18.275055,274,0,0,0,0,0
2026-08-13T03:51:18.275055,273,0,0,0,0,0
2026-08-13T03:51:18.275055,273,0,0,0,0,0
2026-08-13T03:51:18.279076,272,0,0,0,0,0
2026-08-13T03:51:18.279076,271,0,0,0,0,0
2026-08-13T03:51:18.280069,270,0,0,0,0,0
2026-08-13T03:51:18.283068,271,0,0,0,0,0
2026-08-13T03:51:18.283068,273,0,0,0,0,0
2026-08-13T03:51:18.284062,275,0,0,0,0,0
2026-08-13T03:51:18.284062,275,0,0,0,0,0
2026-08-13T03:51:18.287146,275,0,0,0,0,0
2026-08-13T03:51:18.287146,274,0,0,0,0,0
2026-08-13T03:51:18.287146,273,0,0,0,0,0
2026-08-13T03:51:18.291151,272,0,0,0,0,0
2026-08-13T03:51:18.291151,272,0,0,0,0,0
2026-08-13T03:51:18.292149,273,0,0,0,0,0
2026-08-13T03:51:18.294718,274,0,0,0,0,0
2026-08-13T03:51:18.295704,274,0,0,0,0,0
2026-08-13T03:51:18.295704,274,0,0,0,0,0
2026-08-13T03:51:18.296706,273,0,0,0,0,0
2026-08-13T03:51:18.298742,271,0,0,0,0,0
2026-08-13T03:51:18.299704,271,0,0,0,0,0
2026-08-13T03:51:18.300708,271,0,0,0,0,0
2026-08-13T03:51:18.302715,272,0,0,0,0,0
2026-08-13T03:51:18.304215,274,0,0,0,0,0
2026-08-13T03:51:18.304215,275,0,0,0,0,0
2026-08-13T03:51:18.305232,275,0,0,0,0,0
2026-08-13T03:51:18.307241,275,0,0,0,0,0
2026-08-13T03:51:18.307241,274,0,0,0,0,0
2026-08-13T03:51:18.308240,272,0,0,0,0,0
2026-08-13T03:51:18.311241,271,0,0,0,0,0
2026-08-13T03:51:18.312241,273,0,0,0,0,0
2026-08-13T03:51:18.312241,273,0,0,0,0,0
2026-08-13T03:51:18.312241,274,0,0,0,0,0
2026-08-13T03:51:18.315754,274,0,0,0,0,0
2026-08-13T03:51:18.315754,273,0,0,0,0,0
2026-08-13T03:51:18.316759,272,0,0,0,0,0
2026-08-13T03:51:18.319762,271,0,0,0,0,0
2026-08-13T03:51:18.319762,271,0,0,0,0,0
2026-08-13T03:51:18.320764,270,0,0,0,0,0
2026-08-13T03:51:18.320764,272,0,0,0,0,0
2026-08-13T03:51:18.323776,274,0,0,0,0,0
2026-08-13T03:51:18.323776,275,0,0,0,0,0
2026-08-13T03:51:18.325054,275,0,0,0,0,0
2026-08-13T03:51:18.328049,275,0,0,0,0,0
2026-08-13T03:51:18.330233,273,0,0,0,0,0
2026-08-13T03:51:18.330233,272,0,0,0,0,0
2026-08-13T03:51:18.332257,272,0,0,0,0,0
2026-08-13T03:51:18.332257,273,0,0,0,0,0
2026-08-13T03:51:18.332257,274,0,0,0,0,0
2026-08-13T03:51:18.332257,274,0,0,0,0,0
2026-08-13T03:51:18.335780,274,0,0,0,0,0
2026-08-13T03:51:18.336783,273,0,0,0,0,0
2026-08-13T03:51:18.337333,272,0,0,0,0,0
2026-08-13T03:51:18.340511,271,0,0,0,0,0
2026-08-13T03:51:18.341056,271,0,0,0,0,0
2026-08-13T03:51:18.341614,271,0,0,0,0,0
2026-08-13T03:51:18.341614,272,0,0,0,0,0
2026-08-13T03:51:18.343897,275,0,0,0,0,0
2026-08-13T03:51:18.344904,275,0,0,0,0,0
2026-08-13T03:51:18.344904,275,0,0,0,0,0
2026-08-13T03:51:18.347925,274,0,0,0,0,0
2026-08-13T03:51:18.348912,274,0,0,0,0,0
2026-08-13T03:51:18.349914,272,0,0,0,0,0
2026-08-13T03:51:18.349914,272,0,0,0,0,0
2026-08-13T03:51:18.351933,274,0,0,0,0,0
2026-08-13T03:51:18.352911,274,0,0,0,0,0
2026-08-13T03:51:18.352911,274,0,0,0,0,0
2026-08-13T03:51:18.356452,274,0,0,0,0,0
2026-08-13T03:51:18.357441,273,0,0,0,0,0
2026-08-13T03:51:18.357441,272,0,0,0,0,0
2026-08-13T03:51:18.360436,271,0,0,0,0,0
2026-08-13T03:51:18.360436,271,0,0,0,0,0
2026-08-13T03:51:18.361437,271,0,0,0,0,0
2026-08-13T03:51:18.361437,273,0,0,0,0,0
2026-08-13T03:51:18.364975,274,0,0,0,0,0
2026-08-13T03:51:18.364975,275,0,0,0,0,0
2026-08-13T03:51:18.365975,276,0,0,0,0,0
2026-08-13T03:51:18.368972,275,0,0,0,0,0
2026-08-13T03:51:18.368972,273,0,0,0,0,0
2026-08-13T03:51:18.368972,272,0,0,0,0,0
2026-08-13T03:51:18.369975,273,0,0,0,0,0
2026-08-13T03:51:18.372567,273,0,0,0,0,0
2026-08-13T03:51:18.372567,274,0,0,0,0,0
2026-08-13T03:51:18.374079,274,0,0,0,0,0
2026-08-13T03:51:18.377099,273,0,0,0,0,0
2026-08-13T03:51:18.377099,273,0,0,0,0,0
2026-08-13T03:51:18.378103,271,0,0,0,0,0
2026-08-13T03:51:18.378103,271,0,0,0,0,0
2026-08-13T03:51:18.381101,270,0,0,0,0,0
2026-08-13T03:51:18.381101,271,0,0,0,0,0
2026-08-13T03:51:18.382102,274,0,0,0,0,0
2026-08-13T03:51:18.384671,276,0,0,0,0,0
2026-08-13T03:51:18.385656,276,0,0,0,0,0
2026-08-13T03:51:18.385656,275,0,0,0,0,0
2026-08-13T03:51:18.386656,274,0,0,0,0,0
2026-08-13T03:51:18.389655,273,0,0,0,0,0
2026-08-13T03:51:18.389655,272,0,0,0,0,0
2026-08-13T03:51:18.389655,273,0,0,0,0,0
2026-08-13T03:51:18.393654,273,0,0,0,0,0
2026-08-13T03:51:18.393654,274,0,0,0,0,0
2026-08-13T03:51:18.393654,274,0,0,0,0,0
2026-08-13T03:51:18.397673,273,0,0,0,0,0
2026-08-13T03:51:18.397673,272,0,0,0,0,0
2026-08-13T03:51:18.397673,272,0,0,0,0,0
2026-08-13T03:51:18.398674,271,0,0,0,0,0
2026-08-13T03:51:18.401673,271,0,0,0,0,0
2026-08-13T03:51:18.401673,272,0,0,0,0,0
2026-08-13T03:51:18.402676,274,0,0,0,0,0
2026-08-13T03:51:18.405907,275,0,0,0,0,0
2026-08-13T03:51:18.405907,275,0,0,0,0,0
2026-08-13T03:51:18.406909,275,0,0,0,0,0
2026-08-13T03:51:18.406909,274,0,0,0,0,0
2026-08-13T03:51:18.409906,272,0,0,0,0,0
2026-08-13T03:51:18.409906,271,0,0,0,0,0
2026-08-13T03:51:18.409906,272,0,0,0,0,0
2026-08-13T03:51:18.413938,274,0,0,0,0,0
2026-08-13T03:51:18.413938,274,0,0,0,0,0
2026-08-13T03:51:18.415157,274,0,0,0,0,0
2026-08-13T03:51:18.415157,273,0,0,0,0,0
2026-08-13T03:51:18.418167,272,0,0,0,0,0
2026-08-13T03:51:18.418167,271,0,0,0,0,0
2026-08-13T03:51:18.419168,271,0,0,0,0,0
2026-08-13T03:51:18.422185,271,0,0,0,0,0
2026-08-13T03:51:18.422185,272,0,0,0,0,0
2026-08-13T03:51:18.422185,275,0,0,0,0,0
2026-08-13T03:51:18.425734,275,0,0,0,0,0
2026-08-13T03:51:18.426706,275,0,0,0,0,0
2026-08-13T03:51:18.426706,275,0,0,0,0,0
2026-08-13T03:51:18.427712,273,0,0,0,0,0
2026-08-13T03:51:18.429725,273,0,0,0,0,0
2026-08-13T03:51:18.430706,272,0,0,0,0,0
2026-08-13T03:51:18.430706,273,0,0,0,0,0
2026-08-13T03:51:18.433708,274,0,0,0,0,0
2026-08-13T03:51:18.434975,274,0,0,0,0,0
2026-08-13T03:51:18.435973,273,0,0,0,0,0
2026-08-13T03:51:18.435973,273,0,0,0,0,0
2026-08-13T03:51:18.437995,272,0,0,0,0,0
2026-08-13T03:51:18.438973,271,0,0,0,0,0
2026-08-13T03:51:18.439974,271,0,0,0,0,0
2026-08-13T03:51:18.441996,271,0,0,0,0,0
2026-08-13T03:51:18.442970,272,0,0,0,0,0
2026-08-13T03:51:18.442970,275,0,0,0,0,0
2026-08-13T03:51:18.442970,275,0,0,0,0,0
2026-08-13T03:51:18.446165,275,0,0,0,0,0
2026-08-13T03:51:18.447140,275,0,0,0,0,0
2026-08-13T03:51:18.448143,273,0,0,0,0,0
2026-08-13T03:51:18.450141,272,0,0,0,0,0
2026-08-13T03:51:18.451138,272,0,0,0,0,0
2026-08-13T03:51:18.451138,273,0,0,0,0,0
2026-08-13T03:51:18.452141,273,0,0,0,0,0
2026-08-13T03:51:18.454702,274,0,0,0,0,0
2026-08-13T03:51:18.454702,274,0,0,0,0,0
2026-08-13T03:51:18.455684,273,0,0,0,0,0
2026-08-13T03:51:18.458680,272,0,0,0,0,0
2026-08-13T03:51:18.458680,271,0,0,0,0,0
2026-08-13T03:51:18.459682,271,0,0,0,0,0
2026-08-13T03:51:18.462681,271,0,0,0,0,0
2026-08-13T03:51:18.463683,274,0,0,0,0,0
2026-08-13T03:51:18.464194,275,0,0,0,0,0
2026-08-13T03:51:18.464194,275,0,0,0,0,0
2026-08-13T03:51:18.467218,276,0,0,0,0,0
2026-08-13T03:51:18.467218,275,0,0,0,0,0
2026-08-13T03:51:18.468209,273,0,0,0,0,0
2026-08-13T03:51:18.471218,272,0,0,0,0,0
2026-08-13T03:51:18.471218,272,0,0,0,0,0
2026-08-13T03:51:18.472537,273,0,0,0,0,0
2026-08-13T03:51:18.472537,274,0,0,0,0,0
2026-08-13T03:51:18.475062,273,0,0,0,0,0
2026-08-13T03:51:18.475062,273,0,0,0,0,0
2026-08-13T03:51:18.476062,273,0,0,0,0,0
2026-08-13T03:51:18.479064,272,0,0,0,0,0
2026-08-13T03:51:18.480065,271,0,0,0,0,0
2026-08-13T03:51:18.480065,271,0,0,0,0,0
2026-08-13T03:51:18.481067,271,0,0,0,0,0
2026-08-13T03:51:18.483081,274,0,0,0,0,0
2026-08-13T03:51:18.484063,276,0,0,0,0,0
2026-08-13T03:51:18.484573,276,0,0,0,0,0
2026-08-13T03:51:18.487596,275,0,0,0,0,0
2026-08-13T03:51:18.487596,274,0,0,0,0,0
2026-08-13T03:51:18.488584,273,0,0,0,0,0
2026-08-13T03:51:18.491611,271,0,0,0,0,0
2026-08-13T03:51:18.491611,273,0,0,0,0,0
2026-08-13T03:51:18.492583,273,0,0,0,0,0
2026-08-13T03:51:18.492583,274,0,0,0,0,0
2026-08-13T03:51:18.495135,274,0,0,0,0,0
2026-08-13T03:51:18.496134,273,0,0,0,0,0
2026-08-13T03:51:18.496134,273,0,0,0,0,0
2026-08-13T03:51:18.500152,271,0,0,0,0,0
2026-08-13T03:51:18.500152,271,0,0,0,0,0
2026-08-13T03:51:18.501139,271,0,0,0,0,0
2026-08-13T03:51:18.501139,272,0,0,0,0,0
2026-08-13T03:51:18.503653,274,0,0,0,0,0
2026-08-13T03:51:18.504664,275,0,0,0,0,0
2026-08-13T03:51:18.504664,275,0,0,0,0,0
2026-08-13T03:51:18.507664,275,0,0,0,0,0
2026-08-13T03:51:18.508663,274,0,0,0,0,0
2026-08-13T03:51:18.508663,273,0,0,0,0,0
2026-08-13T03:51:18.509666,272,0,0,0,0,0
2026-08-13T03:51:18.511677,273,0,0,0,0,0
2026-08-13T03:51:18.512664,273,0,0,0,0,0
2026-08-13T03:51:18.512664,274,0,0,0,0,0
2026-08-13T03:51:18.516050,275,0,0,0,0,0
2026-08-13T03:51:18.517024,273,0,0,0,0,0
2026-08-13T03:51:18.517531,272,0,0,0,0,0
2026-08-13T03:51:18.517531,271,0,0,0,0,0
2026-08-13T03:51:18.520539,270,0,0,0,0,0
2026-08-13T03:51:18.521539,271,0,0,0,0,0
2026-08-13T03:51:18.521539,272,0,0,0,0,0
2026-08-13T03:51:18.524045,274,0,0,0,0,0
2026-08-13T03:51:18.525056,274,0,0,0,0,0
2026-08-13T03:51:18.526057,275,0,0,0,0,0
2026-08-13T03:51:18.528057,274,0,0,0,0,0
2026-08-13T03:51:18.529055,274,0,0,0,0,0
2026-08-13T03:51:18.529055,272,0,0,0,0,0
2026-08-13T03:51:18.530054,272,0,0,0,0,0
2026-08-13T03:51:18.532055,274,0,0,0,0,0
2026-08-13T03:51:18.533054,274,0,0,0,0,0
2026-08-13T03:51:18.533054,274,0,0,0,0,0
2026-08-13T03:51:18.536573,274,0,0,0,0,0
2026-08-13T03:51:18.536573,273,0,0,0,0,0
2026-08-13T03:51:18.537573,272,0,0,0,0,0
2026-08-13T03:51:18.537573,271,0,0,0,0,0
2026-08-13T03:51:18.540588,271,0,0,0,0,0
2026-08-13T03:51:18.541574,271,0,0,0,0,0
2026-08-13T03:51:18.541574,272,0,0,0,0,0
2026-08-13T03:51:18.545100,275,0,0,0,0,0
2026-08-13T03:51:18.545100,276,0,0,0,0,0
2026-08-13T03:51:18.546106,275,0,0,0,0,0
2026-08-13T03:51:18.546106,274,0,0,0,0,0
2026-08-13T03:51:18.549105,273,0,0,0,0,0
2026-08-13T03:51:18.549105,272,0,0,0,0,0
2026-08-13T03:51:18.550106,273,0,0,0,0,0
2026-08-13T03:51:18.552380,273,0,0,0,0,0
2026-08-13T03:51:18.552380,273,0,0,0,0,0
2026-08-13T03:51:18.553886,274,0,0,0,0,0
2026-08-13T03:51:18.553886,274,0,0,0,0,0
2026-08-13T03:51:18.556929,273,0,0,0,0,0
2026-08-13T03:51:18.556929,271,0,0,0,0,0
2026-08-13T03:51:18.558146,271,0,0,0,0,0
2026-08-13T03:51:18.561452,271,0,0,0,0,0
2026-08-13T03:51:18.561452,271,0,0,0,0,0
2026-08-13T03:51:18.562453,274,0,0,0,0,0
2026-08-13T03:51:18.564965,275,0,0,0,0,0
2026-08-13T03:51:18.565965,275,0,0,0,0,0
2026-08-13T03:51:18.565965,275,0,0,0,0,0
2026-08-13T03:51:18.566971,274,0,0,0,0,0
2026-08-13T03:51:18.568971,273,0,0,0,0,0
2026-08-13T03:51:18.569972,272,0,0,0,0,0
2026-08-13T03:51:18.569972,272,0,0,0,0,0
2026-08-13T03:51:18.572488,273,0,0,0,0,0
2026-08-13T03:51:18.573998,273,0,0,0,0,0
2026-08-13T03:51:18.575009,274,0,0,0,0,0
2026-08-13T03:51:18.575009,274,0,0,0,0,0
2026-08-13T03:51:18.577199,273,0,0,0,0,0
2026-08-13T03:51:18.578204,271,0,0,0,0,0
2026-08-13T03:51:18.578204,271,0,0,0,0,0
2026-08-13T03:51:18.581234,271,0,0,0,0,0
2026-08-13T03:51:18.582204,272,0,0,0,0,0
2026-08-13T03:51:18.582204,274,0,0,0,0,0
2026-08-13T03:51:18.582204,275,0,0,0,0,0
2026-08-13T03:51:18.585721,275,0,0,0,0,0
2026-08-13T03:51:18.585721,275,0,0,0,0,0
2026-08-13T03:51:18.586722,274,0,0,0,0,0
2026-08-13T03:51:18.589738,273,0,0,0,0,0
2026-08-13T03:51:18.589738,272,0,0,0,0,0
2026-08-13T03:51:18.590722,274,0,0,0,0,0
2026-08-13T03:51:18.594228,274,0,0,0,0,0
2026-08-13T03:51:18.594228,274,0,0,0,0,0
2026-08-13T03:51:18.595236,274,0,0,0,0,0
2026-08-13T03:51:18.595236,274,0,0,0,0,0
2026-08-13T03:51:18.598242,272,0,0,0,0,0
2026-08-13T03:51:18.598242,271,0,0,0,0,0
2026-08-13T03:51:18.599243,271,0,0,0,0,0
2026-08-13T03:51:18.602246,270,0,0,0,0,0
2026-08-13T03:51:18.602246,272,0,0,0,0,0
2026-08-13T03:51:18.602246,273,0,0,0,0,0
2026-08-13T03:51:18.603753,275,0,0,0,0,0
2026-08-13T03:51:18.605769,275,0,0,0,0,0
2026-08-13T03:51:18.605769,274,0,0,0,0,0
2026-08-13T03:51:18.607124,274,0,0,0,0,0
2026-08-13T03:51:18.610147,272,0,0,0,0,0
2026-08-13T03:51:18.611146,272,0,0,0,0,0
2026-08-13T03:51:18.611146,273,0,0,0,0,0
2026-08-13T03:51:18.611146,274,0,0,0,0,0
2026-08-13T03:51:18.614659,274,0,0,0,0,0
2026-08-13T03:51:18.614659,274,0,0,0,0,0
2026-08-13T03:51:18.614659,273,0,0,0,0,0
2026-08-13T03:51:18.618668,272,0,0,0,0,0
2026-08-13T03:51:18.618668,271,0,0,0,0,0
2026-08-13T03:51:18.618668,270,0,0,0,0,0
2026-08-13T03:51:18.618668,270,0,0,0,0,0
2026-08-13T03:51:18.622172,273,0,0,0,0,0
2026-08-13T03:51:18.623679,274,0,0,0,0,0
2026-08-13T03:51:18.623679,274,0,0,0,0,0
2026-08-13T03:51:18.626684,274,0,0,0,0,0
2026-08-13T03:51:18.626684,274,0,0,0,0,0
2026-08-13T03:51:18.627687,274,0,0,0,0,0
2026-08-13T03:51:18.630684,272,0,0,0,0,0
2026-08-13T03:51:18.631685,273,0,0,0,0,0
2026-08-13T03:51:18.631685,273,0,0,0,0,0
2026-08-13T03:51:18.631685,274,0,0,0,0,0
2026-08-13T03:51:18.635320,274,0,0,0,0,0
2026-08-13T03:51:18.635320,273,0,0,0,0,0
2026-08-13T03:51:18.636330,272,0,0,0,0,0
2026-08-13T03:51:18.639342,272,0,0,0,0,0
2026-08-13T03:51:18.639342,271,0,0,0,0,0
2026-08-13T03:51:18.640331,271,0,0,0,0,0
2026-08-13T03:51:18.640331,271,0,0,0,0,0
2026-08-13T03:51:18.642406,273,0,0,0,0,0
2026-08-13T03:51:18.643606,274,0,0,0,0,0
2026-08-13T03:51:18.644616,275,0,0,0,0,0
2026-08-13T03:51:18.647677,276,0,0,0,0,0
2026-08-13T03:51:18.647677,274,0,0,0,0,0
2026-08-13T03:51:18.647677,273,0,0,0,0,0
2026-08-13T03:51:18.648677,273,0,0,0,0,0
2026-08-13T03:51:18.651676,272,0,0,0,0,0
2026-08-13T03:51:18.651676,273,0,0,0,0,0
2026-08-13T03:51:18.651676,273,0,0,0,0,0
2026-08-13T03:51:18.655234,274,0,0,0,0,0
2026-08-13T03:51:18.656232,273,0,0,0,0,0
2026-08-13T03:51:18.656232,274,0,0,0,0,0
2026-08-13T03:51:18.659900,271,0,0,0,0,0
2026-08-13T03:51:18.659900,271,0,0,0,0,0
2026-08-13T03:51:18.659900,271,0,0,0,0,0
2026-08-13T03:51:18.660899,271,0,0,0,0,0
2026-08-13T03:51:18.663946,274,0,0,0,0,0
2026-08-13T03:51:18.663946,275,0,0,0,0,0
2026-08-13T03:51:18.663946,275,0,0,0,0,0
2026-08-13T03:51:18.667469,274,0,0,0,0,0
2026-08-13T03:51:18.668445,274,0,0,0,0,0
2026-08-13T03:51:18.668445,273,0,0,0,0,0
2026-08-13T03:51:18.668445,271,0,0,0,0,0
2026-08-13T03:51:18.672000,272,0,0,0,0,0
2026-08-13T03:51:18.672000,273,0,0,0,0,0
2026-08-13T03:51:18.672998,274,0,0,0,0,0
2026-08-13T03:51:18.675382,274,0,0,0,0,0
2026-08-13T03:51:18.676390,274,0,0,0,0,0
2026-08-13T03:51:18.676390,273,0,0,0,0,0
2026-08-13T03:51:18.676390,271,0,0,0,0,0
2026-08-13T03:51:18.680399,271,0,0,0,0,0
2026-08-13T03:51:18.680399,271,0,0,0,0,0
2026-08-13T03:51:18.680399,272,0,0,0,0,0
2026-08-13T03:51:18.683934,273,0,0,0,0,0
2026-08-13T03:51:18.684949,274,0,0,0,0,0
2026-08-13T03:51:18.684949,275,0,0,0,0,0
2026-08-13T03:51:18.684949,274,0,0,0,0,0
2026-08-13T03:51:18.687973,274,0,0,0,0,0
2026-08-13T03:51:18.688950,272,0,0,0,0,0
2026-08-13T03:51:18.688950,272,0,0,0,0,0
2026-08-13T03:51:18.692154,273,0,0,0,0,0
2026-08-13T03:51:18.693082,273,0,0,0,0,0
2026-08-13T03:51:18.693588,273,0,0,0,0,0
2026-08-13T03:51:18.696103,274,0,0,0,0,0
2026-08-13T03:51:18.697103,273,0,0,0,0,0
2026-08-13T03:51:18.697103,272,0,0,0,0,0
2026-08-13T03:51:18.698103,271,0,0,0,0,0
2026-08-13T03:51:18.700145,271,0,0,0,0,0
2026-08-13T03:51:18.701104,270,0,0,0,0,0
2026-08-13T03:51:18.701104,272,0,0,0,0,0
2026-08-13T03:51:18.704689,274,0,0,0,0,0
2026-08-13T03:51:18.704689,275,0,0,0,0,0
2026-08-13T03:51:18.705672,275,0,0,0,0,0
2026-08-13T03:51:18.705672,274,0,0,0,0,0
2026-08-13T03:51:18.708067,274,0,0,0,0,0
2026-08-13T03:51:18.709501,272,0,0,0,0,0
2026-08-13T03:51:18.709501,272,0,0,0,0,0
2026-08-13T03:51:18.712914,273,0,0,0,0,0
2026-08-13T03:51:18.712914,273,0,0,0,0,0
2026-08-13T03:51:18.712914,274,0,0,0,0,0
2026-08-13T03:51:18.713915,273,0,0,0,0,0
2026-08-13T03:51:18.717136,273,0,0,0,0,0
2026-08-13T03:51:18.717136,272,0,0,0,0,0
2026-08-13T03:51:18.717136,271,0,0,0,0,0
2026-08-13T03:51:18.721039,271,0,0,0,0,0
2026-08-13T03:51:18.721039,271,0,0,0,0,0
2026-08-13T03:51:18.722040,273,0,0,0,0,0
2026-08-13T03:51:18.725552,274,0,0,0,0,0
2026-08-13T03:51:18.725552,274,0,0,0,0,0
2026-08-13T03:51:18.725552,276,0,0,0,0,0
2026-08-13T03:51:18.726560,274,0,0,0,0,0
2026-08-13T03:51:18.729560,273,0,0,0,0,0
2026-08-13T03:51:18.729560,272,0,0,0,0,0
2026-08-13T03:51:18.729560,272,0,0,0,0,0
2026-08-13T03:51:18.732558,273,0,0,0,0,0
2026-08-13T03:51:18.732558,273,0,0,0,0,0
2026-08-13T03:51:18.734064,273,0,0,0,0,0
2026-08-13T03:51:18.734064,273,0,0,0,0,0
2026-08-13T03:51:18.737101,273,0,0,0,0,0
2026-08-13T03:51:18.738082,272,0,0,0,0,0
2026-08-13T03:51:18.738082,271,0,0,0,0,0
2026-08-13T03:51:18.741080,271,0,0,0,0,0
2026-08-13T03:51:18.742080,271,0,0,0,0,0
2026-08-13T03:51:18.742080,273,0,0,0,0,0
2026-08-13T03:51:18.742080,274,0,0,0,0,0
2026-08-13T03:51:18.745412,275,0,0,0,0,0
2026-08-13T03:51:18.745412,275,0,0,0,0,0
2026-08-13T03:51:18.746410,274,0,0,0,0,0
2026-08-13T03:51:18.749512,273,0,0,0,0,0
2026-08-13T03:51:18.749512,272,0,0,0,0,0
2026-08-13T03:51:18.750516,272,0,0,0,0,0
2026-08-13T03:51:18.750516,273,0,0,0,0,0
2026-08-13T03:51:18.754051,273,0,0,0,0,0
2026-08-13T03:51:18.754051,274,0,0,0,0,0
2026-08-13T03:51:18.754051,274,0,0,0,0,0
2026-08-13T03:51:18.758079,273,0,0,0,0,0
2026-08-13T03:51:18.758079,271,0,0,0,0,0
2026-08-13T03:51:18.758079,271,0,0,0,0,0
2026-08-13T03:51:18.762091,271,0,0,0,0,0
2026-08-13T03:51:18.762091,272,0,0,0,0,0
2026-08-13T03:51:18.762091,274,0,0,0,0,0
2026-08-13T03:51:18.763600,274,0,0,0,0,0
2026-08-13T03:51:18.765608,275,0,0,0,0,0
2026-08-13T03:51:18.766607,274,0,0,0,0,0
2026-08-13T03:51:18.766607,274,0,0,0,0,0
2026-08-13T03:51:18.769610,272,0,0,0,0,0
2026-08-13T03:51:18.770608,272,0,0,0,0,0
2026-08-13T03:51:18.770608,272,0,0,0,0,0
2026-08-13T03:51:18.771608,273,0,0,0,0,0
2026-08-13T03:51:18.773890,274,0,0,0,0,0
2026-08-13T03:51:18.774974,273,0,0,0,0,0
2026-08-13T03:51:18.774974,273,0,0,0,0,0
2026-08-13T03:51:18.777970,272,0,0,0,0,0
2026-08-13T03:51:18.778970,272,0,0,0,0,0
2026-08-13T03:51:18.778970,271,0,0,0,0,0
2026-08-13T03:51:18.778970,271,0,0,0,0,0
2026-08-13T03:51:18.781970,272,0,0,0,0,0
2026-08-13T03:51:18.782969,273,0,0,0,0,0
2026-08-13T03:51:18.782969,275,0,0,0,0,0
2026-08-13T03:51:18.786810,275,0,0,0,0,0
2026-08-13T03:51:18.786810,274,0,0,0,0,0
2026-08-13T03:51:18.786810,274,0,0,0,0,0
2026-08-13T03:51:18.787841,272,0,0,0,0,0
2026-08-13T03:51:18.790895,272,0,0,0,0,0
2026-08-13T03:51:18.790895,273,0,0,0,0,0
2026-08-13T03:51:18.790895,273,0,0,0,0,0
2026-08-13T03:51:18.794680,273,0,0,0,0,0
2026-08-13T03:51:18.794680,273,0,0,0,0,0
2026-08-13T03:51:18.794680,273,0,0,0,0,0
2026-08-13T03:51:18.798219,272,0,0,0,0,0
2026-08-13T03:51:18.799234,271,0,0,0,0,0
2026-08-13T03:51:18.799234,271,0,0,0,0,0
2026-08-13T03:51:18.800234,271,0,0,0,0,0
2026-08-13T03:51:18.802249,272,0,0,0,0,0
2026-08-13T03:51:18.803757,274,0,0,0,0,0
2026-08-13T03:51:18.803757,274,0,0,0,0,0
2026-08-13T03:51:18.806775,274,0,0,0,0,0
2026-08-13T03:51:18.807766,274,0,0,0,0,0
2026-08-13T03:51:18.807766,273,0,0,0,0,0
2026-08-13T03:51:18.808768,272,0,0,0,0,0
2026-08-13T03:51:18.810788,272,0,0,0,0,0
2026-08-13T03:51:18.811764,273,0,0,0,0,0
2026-08-13T03:51:18.811764,273,0,0,0,0,0
2026-08-13T03:51:18.814968,274,0,0,0,0,0
2026-08-13T03:51:18.815968,273,0,0,0,0,0
2026-08-13T03:51:18.815968,273,0,0,0,0,0
2026-08-13T03:51:18.815968,272,0,0,0,0,0
2026-08-13T03:51:18.819735,271,0,0,0,0,0
2026-08-13T03:51:18.819735,271,0,0,0,0,0
2026-08-13T03:51:18.819735,272,0,0,0,0,0
2026-08-13T03:51:18.823786,273,0,0,0,0,0
2026-08-13T03:51:18.823786,274,0,0,0,0,0
2026-08-13T03:51:18.824839,275,0,0,0,0,0
2026-08-13T03:51:18.827828,274,0,0,0,0,0
2026-08-13T03:51:18.827828,274,0,0,0,0,0
2026-08-13T03:51:18.828921,273,0,0,0,0,0
2026-08-13T03:51:18.828921,271,0,0,0,0,0
2026-08-13T03:51:18.831936,272,0,0,0,0,0
2026-08-13T03:51:18.831936,273,0,0,0,0,0
2026-08-13T03:51:18.832981,273,0,0,0,0,0
2026-08-13T03:51:18.836068,274,0,0,0,0,0
2026-08-13T03:51:18.836068,273,0,0,0,0,0
2026-08-13T03:51:18.837080,273,0,0,0,0,0
2026-08-13T03:51:18.837080,271,0,0,0,0,0
2026-08-13T03:51:18.840066,271,0,0,0,0,0
2026-08-13T03:51:18.841069,270,0,0,0,0,0
2026-08-13T03:51:18.842067,271,0,0,0,0,0
2026-08-13T03:51:18.844105,274,0,0,0,0,0
2026-08-13T03:51:18.844105,274,0,0,0,0,0
2026-08-13T03:51:18.845141,275,0,0,0,0,0
2026-08-13T03:51:18.845141,274,0,0,0,0,0
2026-08-13T03:51:18.848427,274,0,0,0,0,0
2026-08-13T03:51:18.849031,272,0,0,0,0,0
2026-08-13T03:51:18.849590,272,0,0,0,0,0
2026-08-13T03:51:18.852401,272,0,0,0,0,0
2026-08-13T03:51:18.852401,273,0,0,0,0,0
2026-08-13T03:51:18.853935,273,0,0,0,0,0
2026-08-13T03:51:18.853935,273,0,0,0,0,0
2026-08-13T03:51:18.856502,273,0,0,0,0,0
2026-08-13T03:51:18.856502,272,0,0,0,0,0
2026-08-13T03:51:18.857519,272,0,0,0,0,0
2026-08-13T03:51:18.860521,271,0,0,0,0,0
2026-08-13T03:51:18.860521,271,0,0,0,0,0
2026-08-13T03:51:18.861521,272,0,0,0,0,0
2026-08-13T03:51:18.864036,274,0,0,0,0,0
2026-08-13T03:51:18.865048,274,0,0,0,0,0
2026-08-13T03:51:18.866048,275,0,0,0,0,0
2026-08-13T03:51:18.866048,273,0,0,0,0,0
2026-08-13T03:51:18.868064,273,0,0,0,0,0
2026-08-13T03:51:18.869049,272,0,0,0,0,0
2026-08-13T03:51:18.869049,272,0,0,0,0,0
2026-08-13T03:51:18.872565,272,0,0,0,0,0
2026-08-13T03:51:18.872565,273,0,0,0,0,0
2026-08-13T03:51:18.872565,273,0,0,0,0,0
2026-08-13T03:51:18.874071,274,0,0,0,0,0
2026-08-13T03:51:18.876982,273,0,0,0,0,0
2026-08-13T03:51:18.876982,273,0,0,0,0,0
2026-08-13T03:51:18.876982,272,0,0,0,0,0
2026-08-13T03:51:18.880684,271,0,0,0,0,0
2026-08-13T03:51:18.880684,272,0,0,0,0,0
2026-08-13T03:51:18.881684,272,0,0,0,0,0
2026-08-13T03:51:18.881684,274,0,0,0,0,0
2026-08-13T03:51:18.885066,274,0,0,0,0,0
2026-08-13T03:51:18.885066,274,0,0,0,0,0
2026-08-13T03:51:18.886066,274,0,0,0,0,0
2026-08-13T03:51:18.889064,273,0,0,0,0,0
2026-08-13T03:51:18.889064,271,0,0,0,0,0
2026-08-13T03:51:18.890064,272,0,0,0,0,0
2026-08-13T03:51:18.892303,273,0,0,0,0,0
2026-08-13T03:51:18.893812,273,0,0,0,0,0
2026-08-13T03:51:18.893812,274,0,0,0,0,0
2026-08-13T03:51:18.894821,274,0,0,0,0,0
2026-08-13T03:51:18.896683,273,0,0,0,0,0
2026-08-13T03:51:18.897671,273,0,0,0,0,0
2026-08-13T03:51:18.898657,272,0,0,0,0,0
2026-08-13T03:51:18.900670,271,0,0,0,0,0
2026-08-13T03:51:18.901672,271,0,0,0,0,0
2026-08-13T03:51:18.901672,273,0,0,0,0,0
2026-08-13T03:51:18.902655,273,0,0,0,0,0
2026-08-13T03:51:18.905219,274,0,0,0,0,0
2026-08-13T03:51:18.906231,274,0,0,0,0,0
2026-08-13T03:51:18.906231,273,0,0,0,0,0
2026-08-13T03:51:18.909228,273,0,0,0,0,0
2026-08-13T03:51:18.910241,272,0,0,0,0,0
2026-08-13T03:51:18.910241,272,0,0,0,0,0
2026-08-13T03:51:18.911232,273,0,0,0,0,0
2026-08-13T03:51:18.913851,273,0,0,0,0,0
2026-08-13T03:51:18.913851,273,0,0,0,0,0
2026-08-13T03:51:18.914986,273,0,0,0,0,0
2026-08-13T03:51:18.917929,273,0,0,0,0,0
2026-08-13T03:51:18.917929,272,0,0,0,0,0
2026-08-13T03:51:18.918959,271,0,0,0,0,0
2026-08-13T03:51:18.919959,271,0,0,0,0,0
2026-08-13T03:51:18.921959,272,0,0,0,0,0
2026-08-13T03:51:18.922946,273,0,0,0,0,0
2026-08-13T03:51:18.923959,274,0,0,0,0,0
2026-08-13T03:51:18.926137,274,0,0,0,0,0
2026-08-13T03:51:18.926137,274,0,0,0,0,0
2026-08-13T03:51:18.927170,274,0,0,0,0,0
2026-08-13T03:51:18.930316,273,0,0,0,0,0
2026-08-13T03:51:18.930316,272,0,0,0,0,0
2026-08-13T03:51:18.931332,271,0,0,0,0,0
2026-08-13T03:51:18.931332,273,0,0,0,0,0
2026-08-13T03:51:18.933841,273,0,0,0,0,0
2026-08-13T03:51:18.934850,274,0,0,0,0,0
2026-08-13T03:51:18.934850,273,0,0,0,0,0
2026-08-13T03:51:18.937863,272,0,0,0,0,0
2026-08-13T03:51:18.938851,271,0,0,0,0,0
2026-08-13T03:51:18.939864,272,0,0,0,0,0
2026-08-13T03:51:18.939864,271,0,0,0,0,0
2026-08-13T03:51:18.941869,272,0,0,0,0,0
2026-08-13T03:51:18.942850,273,0,0,0,0,0
2026-08-13T03:51:18.943850,274,0,0,0,0,0
2026-08-13T03:51:18.946382,274,0,0,0,0,0
2026-08-13T03:51:18.946382,274,0,0,0,0,0
2026-08-13T03:51:18.947382,273,0,0,0,0,0
2026-08-13T03:51:18.947382,271,0,0,0,0,0
2026-08-13T03:51:18.950380,272,0,0,0,0,0
2026-08-13T03:51:18.950380,272,0,0,0,0,0
2026-08-13T03:51:18.951366,273,0,0,0,0,0
2026-08-13T03:51:18.954916,274,0,0,0,0,0
2026-08-13T03:51:18.954916,273,0,0,0,0,0
2026-08-13T03:51:18.954916,274,0,0,0,0,0
2026-08-13T03:51:18.958387,272,0,0,0,0,0
2026-08-13T03:51:18.959361,272,0,0,0,0,0
2026-08-13T03:51:18.959361,272,0,0,0,0,0
2026-08-13T03:51:18.959361,271,0,0,0,0,0
2026-08-13T03:51:18.963010,272,0,0,0,0,0
2026-08-13T03:51:18.963010,273,0,0,0,0,0
2026-08-13T03:51:18.963010,274,0,0,0,0,0
2026-08-13T03:51:18.966369,274,0,0,0,0,0
2026-08-13T03:51:18.967349,273,0,0,0,0,0
2026-08-13T03:51:18.967349,273,0,0,0,0,0
2026-08-13T03:51:18.968349,272,0,0,0,0,0
2026-08-13T03:51:18.970349,271,0,0,0,0,0
2026-08-13T03:51:18.970349,273,0,0,0,0,0
2026-08-13T03:51:18.971870,273,0,0,0,0,0
2026-08-13T03:51:18.975097,274,0,0,0,0,0
2026-08-13T03:51:18.975097,274,0,0,0,0,0
2026-08-13T03:51:18.976110,273,0,0,0,0,0
2026-08-13T03:51:18.976110,273,0,0,0,0,0
2026-08-13T03:51:18.979094,272,0,0,0,0,0
2026-08-13T03:51:18.979094,271,0,0,0,0,0
2026-08-13T03:51:18.980115,271,0,0,0,0,0
2026-08-13T03:51:18.982114,272,0,0,0,0,0
2026-08-13T03:51:18.983622,274,0,0,0,0,0
2026-08-13T03:51:18.983622,274,0,0,0,0,0
2026-08-13T03:51:18.984641,274,0,0,0,0,0
2026-08-13T03:51:18.987681,273,0,0,0,0,0
2026-08-13T03:51:18.987681,273,0,0,0,0,0
2026-08-13T03:51:18.988891,272,0,0,0,0,0
2026-08-13T03:51:18.990901,272,0,0,0,0,0
2026-08-13T03:51:18.991901,272,0,0,0,0,0
2026-08-13T03:51:18.991901,273,0,0,0,0,0
2026-08-13T03:51:18.995468,274,0,0,0,0,0
2026-08-13T03:51:18.995468,273,0,0,0,0,0
2026-08-13T03:51:18.995468,273,0,0,0,0,0
2026-08-13T03:51:18.996936,271,0,0,0,0,0
2026-08-13T03:51:18.999865,271,0,0,0,0,0
2026-08-13T03:51:18.999865,271,0,0,0,0,0
2026-08-13T03:51:18.999865,271,0,0,0,0,0
2026-08-13T03:51:19.003967,273,0,0,0,0,0
2026-08-13T03:51:19.003967,274,0,0,0,0,0
2026-08-13T03:51:19.005028,274,0,0,0,0,0
2026-08-13T03:51:19.005028,274,0,0,0,0,0
2026-08-13T03:51:19.007308,274,0,0,0,0,0
2026-08-13T03:51:19.008356,273,0,0,0,0,0
2026-08-13T03:51:19.008356,272,0,0,0,0,0
2026-08-13T03:51:19.011355,272,0,0,0,0,0
2026-08-13T03:51:19.012354,273,0,0,0,0,0
2026-08-13T03:51:19.012354,273,0,0,0,0,0
2026-08-13T03:51:19.012354,273,0,0,0,0,0
2026-08-13T03:51:19.015943,273,0,0,0,0,0
2026-08-13T03:51:19.016964,273,0,0,0,0,0
2026-08-13T03:51:19.016964,272,0,0,0,0,0
2026-08-13T03:51:19.019977,271,0,0,0,0,0
2026-08-13T03:51:19.020965,271,0,0,0,0,0
2026-08-13T03:51:19.020965,271,0,0,0,0,0
2026-08-13T03:51:19.021964,273,0,0,0,0,0
2026-08-13T03:51:19.023977,274,0,0,0,0,0
2026-08-13T03:51:19.026099,274,0,0,0,0,0
2026-08-13T03:51:19.026099,274,0,0,0,0,0
2026-08-13T03:51:19.028096,274,0,0,0,0,0
2026-08-13T03:51:19.029097,272,0,0,0,0,0
2026-08-13T03:51:19.029097,271,0,0,0,0,0
2026-08-13T03:51:19.032096,272,0,0,0,0,0
2026-08-13T03:51:19.032096,273,0,0,0,0,0
2026-08-13T03:51:19.033514,273,0,0,0,0,0
2026-08-13T03:51:19.034025,274,0,0,0,0,0
2026-08-13T03:51:19.036067,274,0,0,0,0,0
2026-08-13T03:51:19.037033,273,0,0,0,0,0
2026-08-13T03:51:19.037033,272,0,0,0,0,0
2026-08-13T03:51:19.040124,271,0,0,0,0,0
2026-08-13T03:51:19.041100,271,0,0,0,0,0
2026-08-13T03:51:19.041100,272,0,0,0,0,0
2026-08-13T03:51:19.042101,273,0,0,0,0,0
2026-08-13T03:51:19.044683,274,0,0,0,0,0
2026-08-13T03:51:19.044683,274,0,0,0,0,0
2026-08-13T03:51:19.045736,273,0,0,0,0,0
2026-08-13T03:51:19.048736,273,0,0,0,0,0
2026-08-13T03:51:19.048736,273,0,0,0,0,0
2026-08-13T03:51:19.049735,272,0,0,0,0,0
2026-08-13T03:51:19.049735,272,0,0,0,0,0
2026-08-13T03:51:19.053114,273,0,0,0,0,0
2026-08-13T03:51:19.053114,274,0,0,0,0,0
2026-08-13T03:51:19.053698,274,0,0,0,0,0
2026-08-13T03:51:19.057125,273,0,0,0,0,0
2026-08-13T03:51:19.058114,273,0,0,0,0,0
2026-08-13T03:51:19.059115,271,0,0,0,0,0
2026-08-13T03:51:19.061112,271,0,0,0,0,0
2026-08-13T03:51:19.061112,271,0,0,0,0,0
2026-08-13T03:51:19.062111,272,0,0,0,0,0
2026-08-13T03:51:19.062111,273,0,0,0,0,0
2026-08-13T03:51:19.064629,274,0,0,0,0,0
2026-08-13T03:51:19.065628,275,0,0,0,0,0
2026-08-13T03:51:19.065628,274,0,0,0,0,0
2026-08-13T03:51:19.068634,274,0,0,0,0,0
2026-08-13T03:51:19.069633,272,0,0,0,0,0
2026-08-13T03:51:19.069633,272,0,0,0,0,0
2026-08-13T03:51:19.069633,273,0,0,0,0,0
2026-08-13T03:51:19.073579,274,0,0,0,0,0
2026-08-13T03:51:19.074119,274,0,0,0,0,0
2026-08-13T03:51:19.074119,274,0,0,0,0,0
2026-08-13T03:51:19.077125,273,0,0,0,0,0
2026-08-13T03:51:19.078144,272,0,0,0,0,0
2026-08-13T03:51:19.078144,271,0,0,0,0,0
2026-08-13T03:51:19.078144,271,0,0,0,0,0
2026-08-13T03:51:19.081787,271,0,0,0,0,0
2026-08-13T03:51:19.081787,272,0,0,0,0,0
2026-08-13T03:51:19.082836,274,0,0,0,0,0
2026-08-13T03:51:19.085108,274,0,0,0,0,0
2026-08-13T03:51:19.086107,274,0,0,0,0,0
2026-08-13T03:51:19.086107,274,0,0,0,0,0
2026-08-13T03:51:19.087107,273,0,0,0,0,0
2026-08-13T03:51:19.090107,272,0,0,0,0,0
2026-08-13T03:51:19.090107,273,0,0,0,0,0
2026-08-13T03:51:19.091108,272,0,0,0,0,0
2026-08-13T03:51:19.093944,273,0,0,0,0,0
2026-08-13T03:51:19.094978,273,0,0,0,0,0
2026-08-13T03:51:19.095995,273,0,0,0,0,0
2026-08-13T03:51:19.097426,273,0,0,0,0,0
2026-08-13T03:51:19.098435,272,0,0,0,0,0
2026-08-13T03:51:19.098435,272,0,0,0,0,0
2026-08-13T03:51:19.099435,271,0,0,0,0,0
2026-08-13T03:51:19.102278,272,0,0,0,0,0
2026-08-13T03:51:19.102278,273,0,0,0,0,0
2026-08-13T03:51:19.102278,274,0,0,0,0,0
2026-08-13T03:51:19.106343,274,0,0,0,0,0
2026-08-13T03:51:19.106343,274,0,0,0,0,0
2026-08-13T03:51:19.107330,274,0,0,0,0,0
2026-08-13T03:51:19.108401,273,0,0,0,0,0
2026-08-13T03:51:19.110410,272,0,0,0,0,0
2026-08-13T03:51:19.110410,272,0,0,0,0,0
2026-08-13T03:51:19.111412,273,0,0,0,0,0
2026-08-13T03:51:19.113953,273,0,0,0,0,0
2026-08-13T03:51:19.114969,274,0,0,0,0,0
2026-08-13T03:51:19.114969,274,0,0,0,0,0
2026-08-13T03:51:19.114969,273,0,0,0,0,0
2026-08-13T03:51:19.117983,272,0,0,0,0,0
2026-08-13T03:51:19.118968,272,0,0,0,0,0
2026-08-13T03:51:19.118968,271,0,0,0,0,0
2026-08-13T03:51:19.122794,272,0,0,0,0,0
2026-08-13T03:51:19.122794,273,0,0,0,0,0
2026-08-13T03:51:19.122794,274,0,0,0,0,0
2026-08-13T03:51:19.126827,275,0,0,0,0,0
2026-08-13T03:51:19.126827,274,0,0,0,0,0
2026-08-13T03:51:19.126827,273,0,0,0,0,0
2026-08-13T03:51:19.127894,272,0,0,0,0,0
2026-08-13T03:51:19.130985,272,0,0,0,0,0
2026-08-13T03:51:19.130985,272,0,0,0,0,0
2026-08-13T03:51:19.130985,273,0,0,0,0,0
2026-08-13T03:51:19.135103,273,0,0,0,0,0
2026-08-13T03:51:19.135103,274,0,0,0,0,0
2026-08-13T03:51:19.136102,273,0,0,0,0,0
2026-08-13T03:51:19.136102,273,0,0,0,0,0
2026-08-13T03:51:19.139105,272,0,0,0,0,0
2026-08-13T03:51:19.139105,271,0,0,0,0,0
2026-08-13T03:51:19.140106,271,0,0,0,0,0
2026-08-13T03:51:19.142615,272,0,0,0,0,0
2026-08-13T03:51:19.143588,274,0,0,0,0,0
2026-08-13T03:51:19.144096,274,0,0,0,0,0
2026-08-13T03:51:19.144096,274,0,0,0,0,0
2026-08-13T03:51:19.147134,273,0,0,0,0,0
2026-08-13T03:51:19.147134,273,0,0,0,0,0
2026-08-13T03:51:19.148114,272,0,0,0,0,0
2026-08-13T03:51:19.151129,272,0,0,0,0,0
2026-08-13T03:51:19.151129,272,0,0,0,0,0
2026-08-13T03:51:19.152130,273,0,0,0,0,0
2026-08-13T03:51:19.152130,273,0,0,0,0,0
2026-08-13T03:51:19.154692,274,0,0,0,0,0
2026-08-13T03:51:19.155671,273,0,0,0,0,0
2026-08-13T03:51:19.155671,272,0,0,0,0,0
2026-08-13T03:51:19.158688,272,0,0,0,0,0
2026-08-13T03:51:19.159671,271,0,0,0,0,0
2026-08-13T03:51:19.159671,271,0,0,0,0,0
2026-08-13T03:51:19.163786,272,0,0,0,0,0
2026-08-13T03:51:19.163786,274,0,0,0,0,0
2026-08-13T03:51:19.163786,274,0,0,0,0,0
2026-08-13T03:51:19.164795,274,0,0,0,0,0
2026-08-13T03:51:19.167809,274,0,0,0,0,0
2026-08-13T03:51:19.167809,273,0,0,0,0,0
2026-08-13T03:51:19.168796,272,0,0,0,0,0
2026-08-13T03:51:19.170809,272,0,0,0,0,0
2026-08-13T03:51:19.172320,273,0,0,0,0,0
2026-08-13T03:51:19.172320,273,0,0,0,0,0
2026-08-13T03:51:19.172320,273,0,0,0,0,0
2026-08-13T03:51:19.175931,273,0,0,0,0,0
2026-08-13T03:51:19.175931,273,0,0,0,0,0
2026-08-13T03:51:19.176912,272,0,0,0,0,0
2026-08-13T03:51:19.180087,272,0,0,0,0,0
2026-08-13T03:51:19.180087,271,0,0,0,0,0
2026-08-13T03:51:19.181132,271,0,0,0,0,0
2026-08-13T03:51:19.181132,273,0,0,0,0,0
2026-08-13T03:51:19.183989,274,0,0,0,0,0
2026-08-13T03:51:19.185003,275,0,0,0,0,0
2026-08-13T03:51:19.186002,275,0,0,0,0,0
2026-08-13T03:51:19.188012,274,0,0,0,0,0
2026-08-13T03:51:19.189012,273,0,0,0,0,0
2026-08-13T03:51:19.189012,273,0,0,0,0,0
2026-08-13T03:51:19.192017,272,0,0,0,0,0
2026-08-13T03:51:19.193017,273,0,0,0,0,0
2026-08-13T03:51:19.193017,274,0,0,0,0,0
2026-08-13T03:51:19.194017,274,0,0,0,0,0
2026-08-13T03:51:19.196541,274,0,0,0,0,0
2026-08-13T03:51:19.196541,274,0,0,0,0,0
2026-08-13T03:51:19.197547,272,0,0,0,0,0
2026-08-13T03:51:19.200543,272,0,0,0,0,0
2026-08-13T03:51:19.200543,272,0,0,0,0,0
2026-08-13T03:51:19.201540,272,0,0,0,0,0
2026-08-13T03:51:19.202539,273,0,0,0,0,0
2026-08-13T03:51:19.204047,274,0,0,0,0,0
2026-08-13T03:51:19.205058,275,0,0,0,0,0
2026-08-13T03:51:19.206056,274,0,0,0,0,0
2026-08-13T03:51:19.208066,273,0,0,0,0,0
2026-08-13T03:51:19.209066,273,0,0,0,0,0
2026-08-13T03:51:19.209066,271,0,0,0,0,0
2026-08-13T03:51:19.210065,272,0,0,0,0,0
2026-08-13T03:51:19.212061,273,0,0,0,0,0
2026-08-13T03:51:19.213062,274,0,0,0,0,0
2026-08-13T03:51:19.213062,274,0,0,0,0,0
2026-08-13T03:51:19.216574,274,0,0,0,0,0
2026-08-13T03:51:19.216574,273,0,0,0,0,0
2026-08-13T03:51:19.217574,272,0,0,0,0,0
2026-08-13T03:51:19.217574,272,0,0,0,0,0
2026-08-13T03:51:19.220574,271,0,0,0,0,0
2026-08-13T03:51:19.220574,272,0,0,0,0,0
2026-08-13T03:51:19.221574,274,0,0,0,0,0
2026-08-13T03:51:19.225084,274,0,0,0,0,0
2026-08-13T03:51:19.225084,275,0,0,0,0,0
2026-08-13T03:51:19.225084,274,0,0,0,0,0
2026-08-13T03:51:19.229090,274,0,0,0,0,0
2026-08-13T03:51:19.229090,273,0,0,0,0,0
2026-08-13T03:51:19.229090,272,0,0,0,0,0
2026-08-13T03:51:19.230089,273,0,0,0,0,0
2026-08-13T03:51:19.233089,274,0,0,0,0,0
2026-08-13T03:51:19.233089,274,0,0,0,0,0
2026-08-13T03:51:19.233089,274,0,0,0,0,0
2026-08-13T03:51:19.237535,273,0,0,0,0,0
2026-08-13T03:51:19.237535,273,0,0,0,0,0
2026-08-13T03:51:19.237535,272,0,0,0,0,0
2026-08-13T03:51:19.238553,271,0,0,0,0,0
2026-08-13T03:51:19.241338,271,0,0,0,0,0
2026-08-13T03:51:19.241338,273,0,0,0,0,0
2026-08-13T03:51:19.241338,274,0,0,0,0,0
2026-08-13T03:51:19.244882,275,0,0,0,0,0
2026-08-13T03:51:19.245881,275,0,0,0,0,0
2026-08-13T03:51:19.245881,274,0,0,0,0,0
2026-08-13T03:51:19.245881,274,0,0,0,0,0
2026-08-13T03:51:19.249892,273,0,0,0,0,0
2026-08-13T03:51:19.249892,272,0,0,0,0,0
2026-08-13T03:51:19.249892,273,0,0,0,0,0
2026-08-13T03:51:19.253884,273,0,0,0,0,0
2026-08-13T03:51:19.253884,274,0,0,0,0,0
2026-08-13T03:51:19.253884,274,0,0,0,0,0
2026-08-13T03:51:19.257161,274,0,0,0,0,0
2026-08-13T03:51:19.258147,273,0,0,0,0,0
2026-08-13T03:51:19.258147,272,0,0,0,0,0
2026-08-13T03:51:19.258147,272,0,0,0,0,0
2026-08-13T03:51:19.261161,272,0,0,0,0,0
2026-08-13T03:51:19.262146,273,0,0,0,0,0
2026-08-13T03:51:19.262146,274,0,0,0,0,0
2026-08-13T03:51:19.266026,275,0,0,0,0,0
2026-08-13T03:51:19.266026,275,0,0,0,0,0
2026-08-13T03:51:19.267026,274,0,0,0,0,0
2026-08-13T03:51:19.267026,273,0,0,0,0,0
2026-08-13T03:51:19.270025,272,0,0,0,0,0
2026-08-13T03:51:19.270025,273,0,0,0,0,0
2026-08-13T03:51:19.271010,273,0,0,0,0,0
2026-08-13T03:51:19.274127,274,0,0,0,0,0
2026-08-13T03:51:19.275142,274,0,0,0,0,0
2026-08-13T03:51:19.276151,274,0,0,0,0,0
2026-08-13T03:51:19.276151,273,0,0,0,0,0
2026-08-13T03:51:19.278152,273,0,0,0,0,0
2026-08-13T03:51:19.278152,272,0,0,0,0,0
2026-08-13T03:51:19.279153,272,0,0,0,0,0
2026-08-13T03:51:19.282164,272,0,0,0,0,0
2026-08-13T03:51:19.282164,273,0,0,0,0,0
2026-08-13T03:51:19.283675,274,0,0,0,0,0
2026-08-13T03:51:19.283675,275,0,0,0,0,0
2026-08-13T03:51:19.286206,275,0,0,0,0,0
2026-08-13T03:51:19.286206,274,0,0,0,0,0
2026-08-13T03:51:19.287464,273,0,0,0,0,0
2026-08-13T03:51:19.290472,272,0,0,0,0,0
2026-08-13T03:51:19.290472,273,0,0,0,0,0
2026-08-13T03:51:19.291472,273,0,0,0,0,0
2026-08-13T03:51:19.294022,274,0,0,0,0,0
2026-08-13T03:51:19.295043,274,0,0,0,0,0
2026-08-13T03:51:19.295043,274,0,0,0,0,0
2026-08-13T03:51:19.296037,273,0,0,0,0,0
2026-08-13T03:51:19.298422,272,0,0,0,0,0
2026-08-13T03:51:19.298422,271,0,0,0,0,0
2026-08-13T03:51:19.299444,271,0,0,0,0,0
2026-08-13T03:51:19.302095,271,0,0,0,0,0
2026-08-13T03:51:19.303125,273,0,0,0,0,0
2026-08-13T03:51:19.303633,275,0,0,0,0,0
2026-08-13T03:51:19.304154,275,0,0,0,0,0
2026-08-13T03:51:19.306394,275,0,0,0,0,0
2026-08-13T03:51:19.307414,274,0,0,0,0,0
2026-08-13T03:51:19.307414,273,0,0,0,0,0
2026-08-13T03:51:19.310417,272,0,0,0,0,0
2026-08-13T03:51:19.311557,273,0,0,0,0,0
2026-08-13T03:51:19.311557,273,0,0,0,0,0
2026-08-13T03:51:19.311557,274,0,0,0,0,0
2026-08-13T03:51:19.315161,274,0,0,0,0,0
2026-08-13T03:51:19.315161,274,0,0,0,0,0
2026-08-13T03:51:19.315161,273,0,0,0,0,0
2026-08-13T03:51:19.319190,271,0,0,0,0,0
2026-08-13T03:51:19.319190,272,0,0,0,0,0
2026-08-13T03:51:19.319190,271,0,0,0,0,0
2026-08-13T03:51:19.320177,273,0,0,0,0,0
2026-08-13T03:51:19.322189,274,0,0,0,0,0
2026-08-13T03:51:19.323702,275,0,0,0,0,0
2026-08-13T03:51:19.323702,275,0,0,0,0,0
2026-08-13T03:51:19.326719,274,0,0,0,0,0
2026-08-13T03:51:19.327718,274,0,0,0,0,0
2026-08-13T03:51:19.327718,273,0,0,0,0,0
2026-08-13T03:51:19.331736,272,0,0,0,0,0
2026-08-13T03:51:19.331736,272,0,0,0,0,0
2026-08-13T03:51:19.331736,273,0,0,0,0,0
2026-08-13T03:51:19.332728,274,0,0,0,0,0
2026-08-13T03:51:19.335785,274,0,0,0,0,0
2026-08-13T03:51:19.335785,274,0,0,0,0,0
2026-08-13T03:51:19.335785,273,0,0,0,0,0
2026-08-13T03:51:19.339867,271,0,0,0,0,0
2026-08-13T03:51:19.339867,272,0,0,0,0,0
2026-08-13T03:51:19.340860,272,0,0,0,0,0
2026-08-13T03:51:19.340860,273,0,0,0,0,0
2026-08-13T03:51:19.343843,274,0,0,0,0,0
2026-08-13T03:51:19.343843,275,0,0,0,0,0
2026-08-13T03:51:19.343843,275,0,0,0,0,0
2026-08-13T03:51:19.347860,274,0,0,0,0,0
2026-08-13T03:51:19.347860,273,0,0,0,0,0
2026-08-13T03:51:19.348862,272,0,0,0,0,0
2026-08-13T03:51:19.348862,272,0,0,0,0,0
2026-08-13T03:51:19.351531,273,0,0,0,0,0
2026-08-13T03:51:19.352516,274,0,0,0,0,0
2026-08-13T03:51:19.352516,274,0,0,0,0,0
2026-08-13T03:51:19.356332,274,0,0,0,0,0
2026-08-13T03:51:19.356885,274,0,0,0,0,0
2026-08-13T03:51:19.358445,274,0,0,0,0,0
2026-08-13T03:51:19.359447,272,0,0,0,0,0
2026-08-13T03:51:19.360445,272,0,0,0,0,0
2026-08-13T03:51:19.361446,272,0,0,0,0,0
2026-08-13T03:51:19.361446,273,0,0,0,0,0
