timestamp,sensor_0,sensor_1,sensor_2,sensor_3,sensor_4,sensor_5
2026-08-13T03:48:05.667732,153,0,0,0,0,0
2026-08-13T03:48:05.668732,154,0,0,0,0,0
2026-08-13T03:48:05.668732,153,0,0,0,0,0
2026-08-13T03:48:05.668732,151,0,0,0,0,0
2026-08-13T03:48:05.669732,150,0,0,0,0,0
2026-08-13T03:48:05.669732,151,0,0,0,0,0
2026-08-13T03:48:05.669732,152,0,0,0,0,0
2026-08-13T03:48:05.669732,153,0,0,0,0,0
2026-08-13T03:48:05.670731,153,0,0,0,0,0
2026-08-13T03:48:06.583749,153,0,0,0,0,0
2026-08-13T03:48:06.584759,153,0,0,0,0,0
2026-08-13T03:48:06.584759,153,0,0,0,0,0
2026-08-13T03:48:06.587760,153,0,0,0,0,0
2026-08-13T03:48:06.588760,152,0,0,0,0,0
2026-08-13T03:48:06.588760,152,0,0,0,0,0
2026-08-13T03:48:06.591758,152,0,0,0,0,0
2026-08-13T03:48:06.592759,151,0,0,0,0,0
2026-08-13T03:48:06.592759,152,0,0,0,0,0
2026-08-13T03:48:06.592759,151,0,0,0,0,0
2026-08-13T03:48:06.596285,154,0,0,0,0,0
2026-08-13T03:48:06.596285,155,0,0,0,0,0
2026-08-13T03:48:06.597286,156,0,0,0,0,0
2026-08-13T03:48:06.600290,156,0,0,0,0,0
2026-08-13T03:48:06.602497,156,0,0,0,0,0
2026-08-13T03:48:06.602497,154,0,0,0,0,0
2026-08-13T03:48:06.604003,153,0,0,0,0,0
2026-08-13T03:48:06.605011,154,0,0,0,0,0
2026-08-13T03:48:06.605011,154,0,0,0,0,0
2026-08-13T03:48:06.605011,154,0,0,0,0,0
2026-08-13T03:48:06.608047,154,0,0,0,0,0
2026-08-13T03:48:06.609019,153,0,0,0,0,0
2026-08-13T03:48:06.609019,152,0,0,0,0,0
2026-08-13T03:48:06.612036,151,0,0,0,0,0
2026-08-13T03:48:06.613017,151,0,0,0,0,0
2026-08-13T03:48:06.613017,151,0,0,0,0,0
2026-08-13T03:48:06.613017,152,0,0,0,0,0
2026-08-13T03:48:06.616170,155,0,0,0,0,0
2026-08-13T03:48:06.617171,156,0,0,0,0,0
2026-08-13T03:48:06.617171,155,0,0,0,0,0
2026-08-13T03:48:06.620429,155,0,0,0,0,0
2026-08-13T03:48:06.622433,156,0,0,0,0,0
2026-08-13T03:48:06.622433,154,0,0,0,0,0
2026-08-13T03:48:06.622433,153,0,0,0,0,0
2026-08-13T03:48:06.625078,155,0,0,0,0,0
2026-08-13T03:48:06.625078,154,0,0,0,0,0
2026-08-13T03:48:06.626091,153,0,0,0,0,0
2026-08-13T03:48:06.628084,154,0,0,0,0,0
2026-08-13T03:48:06.629501,153,0,0,0,0,0
2026-08-13T03:48:06.629501,151,0,0,0,0,0
2026-08-13T03:48:06.632510,151,0,0,0,0,0
2026-08-13T03:48:06.632510,151,0,0,0,0,0
2026-08-13T03:48:06.634017,151,0,0,0,0,0
2026-08-13T03:48:06.634017,154,0,0,0,0,0
2026-08-13T03:48:06.637032,155,0,0,0,0,0
2026-08-13T03:48:06.637032,155,0,0,0,0,0
2026-08-13T03:48:06.638032,156,0,0,0,0,0
2026-08-13T03:48:06.641030,156,0,0,0,0,0
2026-08-13T03:48:06.641030,155,0,0,0,0,0
2026-08-13T03:48:06.642030,153,0,0,0,0,0
2026-08-13T03:48:06.642030,153,0,0,0,0,0
2026-08-13T03:48:06.645202,153,0,0,0,0,0
2026-08-13T03:48:06.645202,153,0,0,0,0,0
2026-08-13T03:48:06.646204,154,0,0,0,0,0
2026-08-13T03:48:06.649229,153,0,0,0,0,0
2026-08-13T03:48:06.649229,152,0,0,0,0,0
2026-08-13T03:48:06.650205,151,0,0,0,0,0
2026-08-13T03:48:06.650205,151,0,0,0,0,0
2026-08-13T03:48:06.653725,151,0,0,0,0,0
2026-08-13T03:48:06.653725,151,0,0,0,0,0
2026-08-13T03:48:06.654750,153,0,0,0,0,0
2026-08-13T03:48:06.657745,155,0,0,0,0,0
2026-08-13T03:48:06.660739,155,0,0,0,0,0
2026-08-13T03:48:06.662739,155,0,0,0,0,0
2026-08-13T03:48:06.662739,155,0,0,0,0,0
2026-08-13T03:48:06.663739,155,0,0,0,0,0
2026-08-13T03:48:06.664247,153,0,0,0,0,0
2026-08-13T03:48:06.664247,153,0,0,0,0,0
2026-08-13T03:48:06.665755,154,0,0,0,0,0
2026-08-13T03:48:06.665755,153,0,0,0,0,0
2026-08-13T03:48:06.666762,154,0,0,0,0,0
2026-08-13T03:48:06.669959,153,0,0,0,0,0
2026-08-13T03:48:06.669959,152,0,0,0,0,0
2026-08-13T03:48:06.670972,152,0,0,0,0,0
2026-08-13T03:48:06.670972,151,0,0,0,0,0
2026-08-13T03:48:06.674478,151,0,0,0,0,0
2026-08-13T03:48:06.674478,151,0,0,0,0,0
2026-08-13T03:48:06.675487,154,0,0,0,0,0
2026-08-13T03:48:06.677494,155,0,0,0,0,0
2026-08-13T03:48:06.678493,155,0,0,0,0,0
2026-08-13T03:48:06.678493,155,0,0,0,0,0
2026-08-13T03:48:06.678493,155,0,0,0,0,0
2026-08-13T03:48:06.681610,154,0,0,0,0,0
2026-08-13T03:48:06.682611,153,0,0,0,0,0
2026-08-13T03:48:06.682611,154,0,0,0,0,0
2026-08-13T03:48:06.685649,154,0,0,0,0,0
2026-08-13T03:48:06.686649,153,0,0,0,0,0
2026-08-13T03:48:06.686649,153,0,0,0,0,0
2026-08-13T03:48:06.686649,153,0,0,0,0,0
2026-08-13T03:48:06.690649,152,0,0,0,0,0
2026-08-13T03:48:06.690649,151,0,0,0,0,0
2026-08-13T03:48:06.690649,150,0,0,0,0,0
2026-08-13T03:48:06.693651,150,0,0,0,0,0
2026-08-13T03:48:06.695095,151,0,0,0,0,0
2026-08-13T03:48:06.695095,154,0,0,0,0,0
2026-08-13T03:48:06.698264,154,0,0,0,0,0
2026-08-13T03:48:06.699265,155,0,0,0,0,0
2026-08-13T03:48:06.699265,155,0,0,0,0,0
2026-08-13T03:48:06.699265,156,0,0,0,0,0
2026-08-13T03:48:06.702263,154,0,0,0,0,0
2026-08-13T03:48:06.702263,153,0,0,0,0,0
2026-08-13T03:48:06.702263,153,0,0,0,0,0
2026-08-13T03:48:06.706788,153,0,0,0,0,0
2026-08-13T03:48:06.706788,154,0,0,0,0,0
2026-08-13T03:48:06.707773,153,0,0,0,0,0
2026-08-13T03:48:06.707773,152,0,0,0,0,0
2026-08-13T03:48:06.710774,151,0,0,0,0,0
2026-08-13T03:48:06.710774,150,0,0,0,0,0
2026-08-13T03:48:06.711774,151,0,0,0,0,0
2026-08-13T03:48:06.714994,151,0,0,0,0,0
2026-08-13T03:48:06.714994,151,0,0,0,0,0
2026-08-13T03:48:06.715961,154,0,0,0,0,0
2026-08-13T03:48:06.715961,155,0,0,0,0,0
2026-08-13T03:48:06.718961,156,0,0,0,0,0
2026-08-13T03:48:06.718961,156,0,0,0,0,0
2026-08-13T03:48:06.719960,155,0,0,0,0,0
2026-08-13T03:48:06.722961,153,0,0,0,0,0
2026-08-13T03:48:06.723960,153,0,0,0,0,0
2026-08-13T03:48:06.723960,153,0,0,0,0,0
2026-08-13T03:48:06.724465,153,0,0,0,0,0
2026-08-13T03:48:06.727479,153,0,0,0,0,0
2026-08-13T03:48:06.727479,153,0,0,0,0,0
2026-08-13T03:48:06.727479,152,0,0,0,0,0
2026-08-13T03:48:06.731479,151,0,0,0,0,0
2026-08-13T03:48:06.731479,151,0,0,0,0,0
2026-08-13T03:48:06.731479,152,0,0,0,0,0
2026-08-13T03:48:06.734989,150,0,0,0,0,0
2026-08-13T03:48:06.735990,152,0,0,0,0,0
2026-08-13T03:48:06.735990,154,0,0,0,0,0
2026-08-13T03:48:06.735990,155,0,0,0,0,0
2026-08-13T03:48:06.738989,156,0,0,0,0,0
2026-08-13T03:48:06.739989,155,0,0,0,0,0
2026-08-13T03:48:06.739989,155,0,0,0,0,0
2026-08-13T03:48:06.743658,153,0,0,0,0,0
2026-08-13T03:48:06.743658,153,0,0,0,0,0
2026-08-13T03:48:06.744664,154,0,0,0,0,0
2026-08-13T03:48:06.744664,153,0,0,0,0,0
2026-08-13T03:48:06.747665,153,0,0,0,0,0
2026-08-13T03:48:06.747665,152,0,0,0,0,0
2026-08-13T03:48:06.747665,152,0,0,0,0,0
2026-08-13T03:48:06.751664,151,0,0,0,0,0
2026-08-13T03:48:06.751664,151,0,0,0,0,0
2026-08-13T03:48:06.752691,151,0,0,0,0,0
2026-08-13T03:48:06.752691,151,0,0,0,0,0
2026-08-13T03:48:06.755710,154,0,0,0,0,0
2026-08-13T03:48:06.755710,155,0,0,0,0,0
2026-08-13T03:48:06.756711,155,0,0,0,0,0
2026-08-13T03:48:06.760048,155,0,0,0,0,0
2026-08-13T03:48:06.760048,155,0,0,0,0,0
2026-08-13T03:48:06.761048,156,0,0,0,0,0
2026-08-13T03:48:06.764048,153,0,0,0,0,0
2026-08-13T03:48:06.764048,153,0,0,0,0,0
2026-08-13T03:48:06.765099,153,0,0,0,0,0
2026-08-13T03:48:06.765099,153,0,0,0,0,0
2026-08-13T03:48:06.767612,153,0,0,0,0,0
2026-08-13T03:48:06.768610,152,0,0,0,0,0
2026-08-13T03:48:06.768610,152,0,0,0,0,0
2026-08-13T03:48:06.771610,151,0,0,0,0,0
2026-08-13T03:48:06.772610,151,0,0,0,0,0
2026-08-13T03:48:06.772610,151,0,0,0,0,0
2026-08-13T03:48:06.772610,151,0,0,0,0,0
2026-08-13T03:48:06.776118,154,0,0,0,0,0
2026-08-13T03:48:06.776118,155,0,0,0,0,0
2026-08-13T03:48:06.777120,155,0,0,0,0,0
2026-08-13T03:48:06.788639,156,0,0,0,0,0
2026-08-13T03:48:06.789640,156,0,0,0,0,0
2026-08-13T03:48:06.789640,154,0,0,0,0,0
2026-08-13T03:48:06.790640,153,0,0,0,0,0
2026-08-13T03:48:06.791641,154,0,0,0,0,0
2026-08-13T03:48:06.792642,153,0,0,0,0,0
2026-08-13T03:48:06.792642,153,0,0,0,0,0
2026-08-13T03:48:06.793640,153,0,0,0,0,0
2026-08-13T03:48:06.795156,152,0,0,0,0,0
2026-08-13T03:48:06.795156,151,0,0,0,0,0
2026-08-13T03:48:06.796164,151,0,0,0,0,0
2026-08-13T03:48:06.824231,151,0,0,0,0,0
2026-08-13T03:48:06.824231,151,0,0,0,0,0
2026-08-13T03:48:06.825589,151,0,0,0,0,0
2026-08-13T03:48:06.825589,154,0,0,0,0,0
2026-08-13T03:48:06.826329,155,0,0,0,0,0
2026-08-13T03:48:06.827339,156,0,0,0,0,0
2026-08-13T03:48:06.827339,156,0,0,0,0,0
2026-08-13T03:48:06.828341,154,0,0,0,0,0
2026-08-13T03:48:06.828341,154,0,0,0,0,0
2026-08-13T03:48:06.828341,153,0,0,0,0,0
2026-08-13T03:48:06.829343,154,0,0,0,0,0
2026-08-13T03:48:06.829343,154,0,0,0,0,0
2026-08-13T03:48:06.829343,153,0,0,0,0,0
2026-08-13T03:48:06.830341,153,0,0,0,0,0
2026-08-13T03:48:06.830341,151,0,0,0,0,0
2026-08-13T03:48:06.830341,151,0,0,0,0,0
2026-08-13T03:48:06.831339,150,0,0,0,0,0
2026-08-13T03:48:06.832338,151,0,0,0,0,0
2026-08-13T03:48:06.832338,151,0,0,0,0,0
2026-08-13T03:48:06.832338,152,0,0,0,0,0
2026-08-13T03:48:06.832338,154,0,0,0,0,0
2026-08-13T03:48:06.833845,155,0,0,0,0,0
2026-08-13T03:48:06.833845,156,0,0,0,0,0
2026-08-13T03:48:06.833845,155,0,0,0,0,0
2026-08-13T03:48:06.833845,155,0,0,0,0,0
2026-08-13T03:48:06.834853,154,0,0,0,0,0
2026-08-13T03:48:06.834853,153,0,0,0,0,0
2026-08-13T03:48:06.834853,154,0,0,0,0,0
2026-08-13T03:48:06.834853,153,0,0,0,0,0
2026-08-13T03:48:06.835853,154,0,0,0,0,0
2026-08-13T03:48:06.835853,152,0,0,0,0,0
2026-08-13T03:48:06.835853,152,0,0,0,0,0
2026-08-13T03:48:06.835853,151,0,0,0,0,0
2026-08-13T03:48:06.836854,151,0,0,0,0,0
2026-08-13T03:48:06.836854,151,0,0,0,0,0
2026-08-13T03:48:06.836854,151,0,0,0,0,0
2026-08-13T03:48:06.837852,153,0,0,0,0,0
2026-08-13T03:48:06.837852,154,0,0,0,0,0
2026-08-13T03:48:06.837852,154,0,0,0,0,0
2026-08-13T03:48:06.838852,155,0,0,0,0,0
2026-08-13T03:48:06.838852,155,0,0,0,0,0
2026-08-13T03:48:06.841855,155,0,0,0,0,0
2026-08-13T03:48:06.841855,153,0,0,0,0,0
2026-08-13T03:48:06.842855,154,0,0,0,0,0
2026-08-13T03:48:06.846051,153,0,0,0,0,0
2026-08-13T03:48:06.846051,153,0,0,0,0,0
2026-08-13T03:48:06.846051,154,0,0,0,0,0
2026-08-13T03:48:06.847052,152,0,0,0,0,0
2026-08-13T03:48:06.850069,152,0,0,0,0,0
2026-08-13T03:48:06.850069,151,0,0,0,0,0
2026-08-13T03:48:06.851055,151,0,0,0,0,0
2026-08-13T03:48:06.853894,151,0,0,0,0,0
2026-08-13T03:48:06.854674,151,0,0,0,0,0
2026-08-13T03:48:06.855182,154,0,0,0,0,0
2026-08-13T03:48:06.855182,154,0,0,0,0,0
2026-08-13T03:48:06.858189,155,0,0,0,0,0
2026-08-13T03:48:06.859189,156,0,0,0,0,0
2026-08-13T03:48:06.860189,155,0,0,0,0,0
2026-08-13T03:48:06.862189,154,0,0,0,0,0
2026-08-13T03:48:06.862189,153,0,0,0,0,0
2026-08-13T03:48:06.862189,154,0,0,0,0,0
2026-08-13T03:48:06.866208,154,0,0,0,0,0
2026-08-13T03:48:06.866208,153,0,0,0,0,0
2026-08-13T03:48:06.867213,153,0,0,0,0,0
2026-08-13T03:48:06.867213,152,0,0,0,0,0
2026-08-13T03:48:06.870217,152,0,0,0,0,0
2026-08-13T03:48:06.871215,151,0,0,0,0,0
2026-08-13T03:48:06.871215,151,0,0,0,0,0
2026-08-13T03:48:06.874764,150,0,0,0,0,0
2026-08-13T03:48:06.874764,151,0,0,0,0,0
2026-08-13T03:48:06.875765,154,0,0,0,0,0
2026-08-13T03:48:06.875765,155,0,0,0,0,0
2026-08-13T03:48:06.878762,156,0,0,0,0,0
2026-08-13T03:48:06.878762,155,0,0,0,0,0
2026-08-13T03:48:06.879762,156,0,0,0,0,0
2026-08-13T03:48:06.882761,154,0,0,0,0,0
2026-08-13T03:48:06.882761,153,0,0,0,0,0
2026-08-13T03:48:06.883762,154,0,0,0,0,0
2026-08-13T03:48:06.883762,154,0,0,0,0,0
2026-08-13T03:48:06.886861,153,0,0,0,0,0
2026-08-13T03:48:06.887862,153,0,0,0,0,0
2026-08-13T03:48:06.887862,152,0,0,0,0,0
2026-08-13T03:48:06.891270,151,0,0,0,0,0
2026-08-13T03:48:06.891270,150,0,0,0,0,0
2026-08-13T03:48:06.891270,151,0,0,0,0,0
2026-08-13T03:48:06.892269,151,0,0,0,0,0
2026-08-13T03:48:06.894779,152,0,0,0,0,0
2026-08-13T03:48:06.895781,154,0,0,0,0,0
2026-08-13T03:48:06.895781,155,0,0,0,0,0
2026-08-13T03:48:06.898781,155,0,0,0,0,0
2026-08-13T03:48:06.899782,155,0,0,0,0,0
2026-08-13T03:48:06.899782,155,0,0,0,0,0
2026-08-13T03:48:06.903611,154,0,0,0,0,0
2026-08-13T03:48:06.903611,153,0,0,0,0,0
2026-08-13T03:48:06.903611,154,0,0,0,0,0
2026-08-13T03:48:06.903611,153,0,0,0,0,0
2026-08-13T03:48:06.907420,153,0,0,0,0,0
2026-08-13T03:48:06.907420,153,0,0,0,0,0
2026-08-13T03:48:06.908423,152,0,0,0,0,0
2026-08-13T03:48:06.911436,151,0,0,0,0,0
2026-08-13T03:48:06.911436,151,0,0,0,0,0
2026-08-13T03:48:06.912436,152,0,0,0,0,0
2026-08-13T03:48:06.912436,151,0,0,0,0,0
2026-08-13T03:48:06.915994,152,0,0,0,0,0
2026-08-13T03:48:06.915994,154,0,0,0,0,0
2026-08-13T03:48:06.915994,155,0,0,0,0,0
2026-08-13T03:48:06.919994,155,0,0,0,0,0
2026-08-13T03:48:06.919994,155,0,0,0,0,0
2026-08-13T03:48:06.920981,155,0,0,0,0,0
2026-08-13T03:48:06.920981,154,0,0,0,0,0
2026-08-13T03:48:06.923979,154,0,0,0,0,0
2026-08-13T03:48:06.923979,154,0,0,0,0,0
2026-08-13T03:48:06.923979,152,0,0,0,0,0
2026-08-13T03:48:06.927321,153,0,0,0,0,0
2026-08-13T03:48:06.928334,152,0,0,0,0,0
2026-08-13T03:48:06.929330,152,0,0,0,0,0
2026-08-13T03:48:06.932329,151,0,0,0,0,0
2026-08-13T03:48:06.932329,151,0,0,0,0,0
2026-08-13T03:48:06.932329,151,0,0,0,0,0
2026-08-13T03:48:06.933854,151,0,0,0,0,0
2026-08-13T03:48:06.936439,153,0,0,0,0,0
2026-08-13T03:48:06.936439,154,0,0,0,0,0
2026-08-13T03:48:06.937463,155,0,0,0,0,0
2026-08-13T03:48:06.940333,155,0,0,0,0,0
2026-08-13T03:48:06.940333,156,0,0,0,0,0
2026-08-13T03:48:06.941471,156,0,0,0,0,0
2026-08-13T03:48:06.942467,154,0,0,0,0,0
2026-08-13T03:48:06.944005,153,0,0,0,0,0
2026-08-13T03:48:06.945032,154,0,0,0,0,0
2026-08-13T03:48:06.946031,153,0,0,0,0,0
2026-08-13T03:48:06.948046,153,0,0,0,0,0
2026-08-13T03:48:06.949032,151,0,0,0,0,0
2026-08-13T03:48:06.950036,151,0,0,0,0,0
2026-08-13T03:48:06.950036,150,0,0,0,0,0
2026-08-13T03:48:06.952032,151,0,0,0,0,0
2026-08-13T03:48:06.953030,151,0,0,0,0,0
2026-08-13T03:48:06.954032,151,0,0,0,0,0
2026-08-13T03:48:06.956847,154,0,0,0,0,0
2026-08-13T03:48:06.956847,154,0,0,0,0,0
2026-08-13T03:48:06.957937,155,0,0,0,0,0
2026-08-13T03:48:06.957937,156,0,0,0,0,0
2026-08-13T03:48:06.960928,155,0,0,0,0,0
2026-08-13T03:48:06.960928,154,0,0,0,0,0
2026-08-13T03:48:06.961930,153,0,0,0,0,0
2026-08-13T03:48:06.964492,154,0,0,0,0,0
2026-08-13T03:48:06.964492,153,0,0,0,0,0
2026-08-13T03:48:06.966002,152,0,0,0,0,0
2026-08-13T03:48:06.969027,153,0,0,0,0,0
2026-08-13T03:48:06.969027,151,0,0,0,0,0
2026-08-13T03:48:06.970019,151,0,0,0,0,0
2026-08-13T03:48:06.971021,151,0,0,0,0,0
2026-08-13T03:48:06.973028,151,0,0,0,0,0
2026-08-13T03:48:06.973028,151,0,0,0,0,0
2026-08-13T03:48:06.974538,151,0,0,0,0,0
2026-08-13T03:48:06.976571,154,0,0,0,0,0
2026-08-13T03:48:06.978198,154,0,0,0,0,0
2026-08-13T03:48:06.978198,155,0,0,0,0,0
2026-08-13T03:48:06.979211,155,0,0,0,0,0
2026-08-13T03:48:06.981210,155,0,0,0,0,0
2026-08-13T03:48:06.981210,154,0,0,0,0,0
2026-08-13T03:48:06.982663,153,0,0,0,0,0
2026-08-13T03:48:06.985164,154,0,0,0,0,0
2026-08-13T03:48:06.986179,153,0,0,0,0,0
2026-08-13T03:48:06.986179,153,0,0,0,0,0
2026-08-13T03:48:06.987162,153,0,0,0,0,0
2026-08-13T03:48:06.989176,152,0,0,0,0,0
2026-08-13T03:48:06.990176,151,0,0,0,0,0
2026-08-13T03:48:06.991166,150,0,0,0,0,0
2026-08-13T03:48:06.993679,151,0,0,0,0,0
2026-08-13T03:48:06.993679,151,0,0,0,0,0
2026-08-13T03:48:06.994692,153,0,0,0,0,0
2026-08-13T03:48:06.997728,153,0,0,0,0,0
2026-08-13T03:48:06.998717,154,0,0,0,0,0
2026-08-13T03:48:06.998717,155,0,0,0,0,0
2026-08-13T03:48:06.999703,155,0,0,0,0,0
2026-08-13T03:48:07.001716,155,0,0,0,0,0
2026-08-13T03:48:07.001716,154,0,0,0,0,0
2026-08-13T03:48:07.002717,153,0,0,0,0,0
2026-08-13T03:48:07.005271,154,0,0,0,0,0
2026-08-13T03:48:07.006255,153,0,0,0,0,0
2026-08-13T03:48:07.007255,153,0,0,0,0,0
2026-08-13T03:48:07.008257,153,0,0,0,0,0
2026-08-13T03:48:07.009261,151,0,0,0,0,0
2026-08-13T03:48:07.010256,151,0,0,0,0,0
2026-08-13T03:48:07.011258,151,0,0,0,0,0
2026-08-13T03:48:07.014160,151,0,0,0,0,0
2026-08-13T03:48:07.014160,150,0,0,0,0,0
2026-08-13T03:48:07.015351,152,0,0,0,0,0
2026-08-13T03:48:07.016347,154,0,0,0,0,0
2026-08-13T03:48:07.018289,155,0,0,0,0,0
2026-08-13T03:48:07.018289,156,0,0,0,0,0
2026-08-13T03:48:07.019305,155,0,0,0,0,0
2026-08-13T03:48:07.022394,155,0,0,0,0,0
2026-08-13T03:48:07.022394,153,0,0,0,0,0
2026-08-13T03:48:07.022394,153,0,0,0,0,0
2026-08-13T03:48:07.024075,154,0,0,0,0,0
2026-08-13T03:48:07.026092,153,0,0,0,0,0
2026-08-13T03:48:07.027090,152,0,0,0,0,0
2026-08-13T03:48:07.028093,152,0,0,0,0,0
2026-08-13T03:48:07.030577,152,0,0,0,0,0
2026-08-13T03:48:07.030577,151,0,0,0,0,0
2026-08-13T03:48:07.031607,150,0,0,0,0,0
2026-08-13T03:48:07.033848,150,0,0,0,0,0
2026-08-13T03:48:07.034894,151,0,0,0,0,0
2026-08-13T03:48:07.035883,153,0,0,0,0,0
2026-08-13T03:48:07.035883,155,0,0,0,0,0
2026-08-13T03:48:07.038881,155,0,0,0,0,0
2026-08-13T03:48:07.038881,156,0,0,0,0,0
2026-08-13T03:48:07.039885,155,0,0,0,0,0
2026-08-13T03:48:07.042903,155,0,0,0,0,0
2026-08-13T03:48:07.042903,153,0,0,0,0,0
2026-08-13T03:48:07.043884,153,0,0,0,0,0
2026-08-13T03:48:07.045137,153,0,0,0,0,0
2026-08-13T03:48:07.046150,153,0,0,0,0,0
2026-08-13T03:48:07.047146,153,0,0,0,0,0
2026-08-13T03:48:07.048151,152,0,0,0,0,0
2026-08-13T03:48:07.051147,151,0,0,0,0,0
2026-08-13T03:48:07.051147,150,0,0,0,0,0
2026-08-13T03:48:07.052150,151,0,0,0,0,0
2026-08-13T03:48:07.052150,151,0,0,0,0,0
2026-08-13T03:48:07.054774,151,0,0,0,0,0
2026-08-13T03:48:07.055786,154,0,0,0,0,0
2026-08-13T03:48:07.056296,154,0,0,0,0,0
2026-08-13T03:48:07.059305,156,0,0,0,0,0
2026-08-13T03:48:07.059305,155,0,0,0,0,0
2026-08-13T03:48:07.060306,155,0,0,0,0,0
2026-08-13T03:48:07.063342,154,0,0,0,0,0
2026-08-13T03:48:07.063870,153,0,0,0,0,0
2026-08-13T03:48:07.063870,154,0,0,0,0,0
2026-08-13T03:48:07.064889,154,0,0,0,0,0
2026-08-13T03:48:07.067445,152,0,0,0,0,0
2026-08-13T03:48:07.067445,153,0,0,0,0,0
2026-08-13T03:48:07.068470,152,0,0,0,0,0
2026-08-13T03:48:07.071474,152,0,0,0,0,0
2026-08-13T03:48:07.071474,151,0,0,0,0,0
2026-08-13T03:48:07.072473,151,0,0,0,0,0
2026-08-13T03:48:07.072473,151,0,0,0,0,0
2026-08-13T03:48:07.074997,152,0,0,0,0,0
2026-08-13T03:48:07.075997,154,0,0,0,0,0
2026-08-13T03:48:07.076997,154,0,0,0,0,0
2026-08-13T03:48:07.078997,155,0,0,0,0,0
2026-08-13T03:48:07.079994,155,0,0,0,0,0
2026-08-13T03:48:07.081007,155,0,0,0,0,0
2026-08-13T03:48:07.081007,154,0,0,0,0,0
2026-08-13T03:48:07.083008,153,0,0,0,0,0
2026-08-13T03:48:07.083993,154,0,0,0,0,0
2026-08-13T03:48:07.083993,153,0,0,0,0,0
2026-08-13T03:48:07.087675,153,0,0,0,0,0
2026-08-13T03:48:07.088670,153,0,0,0,0,0
2026-08-13T03:48:07.088670,151,0,0,0,0,0
2026-08-13T03:48:07.089669,151,0,0,0,0,0
2026-08-13T03:48:07.091657,150,0,0,0,0,0
2026-08-13T03:48:07.092655,151,0,0,0,0,0
2026-08-13T03:48:07.092655,151,0,0,0,0,0
2026-08-13T03:48:07.096108,152,0,0,0,0,0
2026-08-13T03:48:07.096108,154,0,0,0,0,0
2026-08-13T03:48:07.097141,154,0,0,0,0,0
2026-08-13T03:48:07.100211,155,0,0,0,0,0
2026-08-13T03:48:07.100211,156,0,0,0,0,0
2026-08-13T03:48:07.101354,155,0,0,0,0,0
2026-08-13T03:48:07.102361,154,0,0,0,0,0
2026-08-13T03:48:07.104316,153,0,0,0,0,0
2026-08-13T03:48:07.104316,154,0,0,0,0,0
2026-08-13T03:48:07.105443,152,0,0,0,0,0
2026-08-13T03:48:07.108443,153,0,0,0,0,0
2026-08-13T03:48:07.108443,151,0,0,0,0,0
2026-08-13T03:48:07.109465,151,0,0,0,0,0
2026-08-13T03:48:07.110442,151,0,0,0,0,0
2026-08-13T03:48:07.112454,151,0,0,0,0,0
2026-08-13T03:48:07.112454,151,0,0,0,0,0
2026-08-13T03:48:07.113977,151,0,0,0,0,0
2026-08-13T03:48:07.116012,152,0,0,0,0,0
2026-08-13T03:48:07.117002,154,0,0,0,0,0
2026-08-13T03:48:07.118012,155,0,0,0,0,0
2026-08-13T03:48:07.118012,155,0,0,0,0,0
2026-08-13T03:48:07.120146,155,0,0,0,0,0
2026-08-13T03:48:07.121265,154,0,0,0,0,0
2026-08-13T03:48:07.121265,153,0,0,0,0,0
2026-08-13T03:48:07.124893,154,0,0,0,0,0
2026-08-13T03:48:07.125900,154,0,0,0,0,0
2026-08-13T03:48:07.126893,152,0,0,0,0,0
2026-08-13T03:48:07.126893,153,0,0,0,0,0
2026-08-13T03:48:07.128891,152,0,0,0,0,0
2026-08-13T03:48:07.128891,152,0,0,0,0,0
2026-08-13T03:48:07.129892,150,0,0,0,0,0
2026-08-13T03:48:07.132890,151,0,0,0,0,0
2026-08-13T03:48:07.132890,150,0,0,0,0,0
2026-08-13T03:48:07.134402,151,0,0,0,0,0
2026-08-13T03:48:07.136533,153,0,0,0,0,0
2026-08-13T03:48:07.137533,154,0,0,0,0,0
2026-08-13T03:48:07.137533,155,0,0,0,0,0
2026-08-13T03:48:07.138520,155,0,0,0,0,0
2026-08-13T03:48:07.141520,156,0,0,0,0,0
2026-08-13T03:48:07.141520,154,0,0,0,0,0
2026-08-13T03:48:07.142519,153,0,0,0,0,0
2026-08-13T03:48:07.145049,154,0,0,0,0,0
2026-08-13T03:48:07.145049,153,0,0,0,0,0
2026-08-13T03:48:07.146031,152,0,0,0,0,0
2026-08-13T03:48:07.146031,153,0,0,0,0,0
2026-08-13T03:48:07.149359,151,0,0,0,0,0
2026-08-13T03:48:07.149359,151,0,0,0,0,0
2026-08-13T03:48:07.149359,150,0,0,0,0,0
2026-08-13T03:48:07.153447,150,0,0,0,0,0
2026-08-13T03:48:07.153957,150,0,0,0,0,0
2026-08-13T03:48:07.153957,151,0,0,0,0,0
2026-08-13T03:48:07.153957,154,0,0,0,0,0
2026-08-13T03:48:07.157474,154,0,0,0,0,0
2026-08-13T03:48:07.157474,156,0,0,0,0,0
2026-08-13T03:48:07.157474,155,0,0,0,0,0
2026-08-13T03:48:07.161489,155,0,0,0,0,0
2026-08-13T03:48:07.161489,153,0,0,0,0,0
2026-08-13T03:48:07.162477,153,0,0,0,0,0
2026-08-13T03:48:07.166075,154,0,0,0,0,0
2026-08-13T03:48:07.166075,153,0,0,0,0,0
2026-08-13T03:48:07.166075,151,0,0,0,0,0
2026-08-13T03:48:07.166075,152,0,0,0,0,0
2026-08-13T03:48:07.169321,151,0,0,0,0,0
2026-08-13T03:48:07.169321,151,0,0,0,0,0
2026-08-13T03:48:07.169321,150,0,0,0,0,0
2026-08-13T03:48:07.174041,151,0,0,0,0,0
2026-08-13T03:48:07.175050,150,0,0,0,0,0
2026-08-13T03:48:07.175050,152,0,0,0,0,0
2026-08-13T03:48:07.176057,153,0,0,0,0,0
2026-08-13T03:48:07.178057,154,0,0,0,0,0
2026-08-13T03:48:07.178057,155,0,0,0,0,0
2026-08-13T03:48:07.178057,155,0,0,0,0,0
2026-08-13T03:48:07.182072,155,0,0,0,0,0
2026-08-13T03:48:07.182072,154,0,0,0,0,0
2026-08-13T03:48:07.183056,154,0,0,0,0,0
2026-08-13T03:48:07.183056,154,0,0,0,0,0
2026-08-13T03:48:07.186194,152,0,0,0,0,0
2026-08-13T03:48:07.186194,152,0,0,0,0,0
2026-08-13T03:48:07.186194,152,0,0,0,0,0
2026-08-13T03:48:07.190318,151,0,0,0,0,0
2026-08-13T03:48:07.191049,151,0,0,0,0,0
2026-08-13T03:48:07.191049,149,0,0,0,0,0
2026-08-13T03:48:07.192062,151,0,0,0,0,0
2026-08-13T03:48:07.194708,150,0,0,0,0,0
2026-08-13T03:48:07.194708,153,0,0,0,0,0
2026-08-13T03:48:07.195692,153,0,0,0,0,0
2026-08-13T03:48:07.197707,154,0,0,0,0,0
2026-08-13T03:48:07.198707,155,0,0,0,0,0
2026-08-13T03:48:07.198707,156,0,0,0,0,0
2026-08-13T03:48:07.202305,155,0,0,0,0,0
2026-08-13T03:48:07.202305,153,0,0,0,0,0
2026-08-13T03:48:07.202305,153,0,0,0,0,0
2026-08-13T03:48:07.203832,153,0,0,0,0,0
2026-08-13T03:48:07.206860,153,0,0,0,0,0
2026-08-13T03:48:07.206860,153,0,0,0,0,0
2026-08-13T03:48:07.207851,151,0,0,0,0,0
2026-08-13T03:48:07.209850,151,0,0,0,0,0
2026-08-13T03:48:07.211273,151,0,0,0,0,0
2026-08-13T03:48:07.211273,150,0,0,0,0,0
2026-08-13T03:48:07.212286,150,0,0,0,0,0
2026-08-13T03:48:07.214828,150,0,0,0,0,0
2026-08-13T03:48:07.214828,153,0,0,0,0,0
2026-08-13T03:48:07.215815,154,0,0,0,0,0
2026-08-13T03:48:07.218837,155,0,0,0,0,0
2026-08-13T03:48:07.218837,155,0,0,0,0,0
2026-08-13T03:48:07.218837,155,0,0,0,0,0
2026-08-13T03:48:07.219820,154,0,0,0,0,0
2026-08-13T03:48:07.222837,153,0,0,0,0,0
2026-08-13T03:48:07.222837,153,0,0,0,0,0
2026-08-13T03:48:07.223872,153,0,0,0,0,0
2026-08-13T03:48:07.225879,152,0,0,0,0,0
2026-08-13T03:48:07.227352,152,0,0,0,0,0
2026-08-13T03:48:07.227352,151,0,0,0,0,0
2026-08-13T03:48:07.231291,151,0,0,0,0,0
2026-08-13T03:48:07.231291,150,0,0,0,0,0
2026-08-13T03:48:07.231291,150,0,0,0,0,0
2026-08-13T03:48:07.232309,151,0,0,0,0,0
2026-08-13T03:48:07.234938,151,0,0,0,0,0
2026-08-13T03:48:07.234938,154,0,0,0,0,0
2026-08-13T03:48:07.235938,154,0,0,0,0,0
2026-08-13T03:48:07.238951,155,0,0,0,0,0
2026-08-13T03:48:07.239939,155,0,0,0,0,0
2026-08-13T03:48:07.240937,155,0,0,0,0,0
2026-08-13T03:48:07.240937,154,0,0,0,0,0
2026-08-13T03:48:07.242937,153,0,0,0,0,0
2026-08-13T03:48:07.243936,153,0,0,0,0,0
2026-08-13T03:48:07.244442,153,0,0,0,0,0
2026-08-13T03:48:07.247454,153,0,0,0,0,0
2026-08-13T03:48:07.247454,153,0,0,0,0,0
2026-08-13T03:48:07.248454,151,0,0,0,0,0
2026-08-13T03:48:07.248454,151,0,0,0,0,0
2026-08-13T03:48:07.251468,150,0,0,0,0,0
2026-08-13T03:48:07.251468,151,0,0,0,0,0
2026-08-13T03:48:07.252457,151,0,0,0,0,0
2026-08-13T03:48:07.255011,151,0,0,0,0,0
2026-08-13T03:48:07.256008,154,0,0,0,0,0
2026-08-13T03:48:07.256008,154,0,0,0,0,0
2026-08-13T03:48:07.257008,156,0,0,0,0,0
2026-08-13T03:48:07.260009,155,0,0,0,0,0
2026-08-13T03:48:07.260009,155,0,0,0,0,0
2026-08-13T03:48:07.260009,154,0,0,0,0,0
2026-08-13T03:48:07.264057,153,0,0,0,0,0
2026-08-13T03:48:07.264057,154,0,0,0,0,0
2026-08-13T03:48:07.264057,153,0,0,0,0,0
2026-08-13T03:48:07.267433,152,0,0,0,0,0
2026-08-13T03:48:07.268425,152,0,0,0,0,0
2026-08-13T03:48:07.269413,152,0,0,0,0,0
2026-08-13T03:48:07.269413,151,0,0,0,0,0
2026-08-13T03:48:07.271768,150,0,0,0,0,0
2026-08-13T03:48:07.272776,151,0,0,0,0,0
2026-08-13T03:48:07.272776,150,0,0,0,0,0
2026-08-13T03:48:07.276321,152,0,0,0,0,0
2026-08-13T03:48:07.276321,154,0,0,0,0,0
2026-08-13T03:48:07.277294,155,0,0,0,0,0
2026-08-13T03:48:07.277294,155,0,0,0,0,0
2026-08-13T03:48:07.280305,155,0,0,0,0,0
2026-08-13T03:48:07.280305,156,0,0,0,0,0
2026-08-13T03:48:07.281293,154,0,0,0,0,0
2026-08-13T03:48:07.284535,154,0,0,0,0,0
2026-08-13T03:48:07.285049,154,0,0,0,0,0
2026-08-13T03:48:07.285049,153,0,0,0,0,0
2026-08-13T03:48:07.286068,153,0,0,0,0,0
2026-08-13T03:48:07.288080,152,0,0,0,0,0
2026-08-13T03:48:07.289061,151,0,0,0,0,0
2026-08-13T03:48:07.289061,150,0,0,0,0,0
2026-08-13T03:48:07.292060,151,0,0,0,0,0
2026-08-13T03:48:07.293059,151,0,0,0,0,0
2026-08-13T03:48:07.293059,151,0,0,0,0,0
2026-08-13T03:48:07.296587,153,0,0,0,0,0
2026-08-13T03:48:07.296587,155,0,0,0,0,0
2026-08-13T03:48:07.297588,155,0,0,0,0,0
2026-08-13T03:48:07.297588,156,0,0,0,0,0
2026-08-13T03:48:07.300600,156,0,0,0,0,0
2026-08-13T03:48:07.300600,156,0,0,0,0,0
2026-08-13T03:48:07.301590,154,0,0,0,0,0
2026-08-13T03:48:07.304114,155,0,0,0,0,0
2026-08-13T03:48:07.305116,155,0,0,0,0,0
2026-08-13T03:48:07.305116,153,0,0,0,0,0
2026-08-13T03:48:07.306114,154,0,0,0,0,0
2026-08-13T03:48:07.309112,152,0,0,0,0,0
2026-08-13T03:48:07.309112,152,0,0,0,0,0
2026-08-13T03:48:07.309112,151,0,0,0,0,0
2026-08-13T03:48:07.313213,151,0,0,0,0,0
2026-08-13T03:48:07.313720,151,0,0,0,0,0
2026-08-13T03:48:07.313720,152,0,0,0,0,0
2026-08-13T03:48:07.313720,154,0,0,0,0,0
2026-08-13T03:48:07.316744,156,0,0,0,0,0
2026-08-13T03:48:07.317741,156,0,0,0,0,0
2026-08-13T03:48:07.317741,156,0,0,0,0,0
2026-08-13T03:48:07.320742,156,0,0,0,0,0
2026-08-13T03:48:07.321729,155,0,0,0,0,0
2026-08-13T03:48:07.321729,154,0,0,0,0,0
2026-08-13T03:48:07.322732,155,0,0,0,0,0
2026-08-13T03:48:07.325245,155,0,0,0,0,0
2026-08-13T03:48:07.326254,153,0,0,0,0,0
2026-08-13T03:48:07.326254,154,0,0,0,0,0
2026-08-13T03:48:07.329253,153,0,0,0,0,0
2026-08-13T03:48:07.329253,153,0,0,0,0,0
2026-08-13T03:48:07.330252,151,0,0,0,0,0
2026-08-13T03:48:07.333758,152,0,0,0,0,0
2026-08-13T03:48:07.333758,152,0,0,0,0,0
2026-08-13T03:48:07.333758,152,0,0,0,0,0
2026-08-13T03:48:07.334763,155,0,0,0,0,0
2026-08-13T03:48:07.337781,155,0,0,0,0,0
2026-08-13T03:48:07.337781,156,0,0,0,0,0
2026-08-13T03:48:07.337781,157,0,0,0,0,0
2026-08-13T03:48:07.341764,157,0,0,0,0,0
2026-08-13T03:48:07.341764,155,0,0,0,0,0
2026-08-13T03:48:07.342765,154,0,0,0,0,0
2026-08-13T03:48:07.342765,156,0,0,0,0,0
2026-08-13T03:48:07.345977,155,0,0,0,0,0
2026-08-13T03:48:07.345977,154,0,0,0,0,0
2026-08-13T03:48:07.345977,154,0,0,0,0,0
2026-08-13T03:48:07.349998,153,0,0,0,0,0
2026-08-13T03:48:07.349998,153,0,0,0,0,0
2026-08-13T03:48:07.349998,152,0,0,0,0,0
2026-08-13T03:48:07.350992,152,0,0,0,0,0
2026-08-13T03:48:07.353993,152,0,0,0,0,0
2026-08-13T03:48:07.354497,154,0,0,0,0,0
2026-08-13T03:48:07.354497,155,0,0,0,0,0
2026-08-13T03:48:07.357843,156,0,0,0,0,0
2026-08-13T03:48:07.358557,157,0,0,0,0,0
2026-08-13T03:48:07.359063,156,0,0,0,0,0
2026-08-13T03:48:07.359063,156,0,0,0,0,0
2026-08-13T03:48:07.362342,155,0,0,0,0,0
2026-08-13T03:48:07.362342,155,0,0,0,0,0
2026-08-13T03:48:07.362342,156,0,0,0,0,0
2026-08-13T03:48:07.366388,155,0,0,0,0,0
2026-08-13T03:48:07.366388,154,0,0,0,0,0
2026-08-13T03:48:07.366388,153,0,0,0,0,0
2026-08-13T03:48:07.370550,153,0,0,0,0,0
2026-08-13T03:48:07.370550,153,0,0,0,0,0
2026-08-13T03:48:07.371569,152,0,0,0,0,0
2026-08-13T03:48:07.371569,153,0,0,0,0,0
2026-08-13T03:48:07.373955,152,0,0,0,0,0
2026-08-13T03:48:07.374964,154,0,0,0,0,0
2026-08-13T03:48:07.374964,156,0,0,0,0,0
2026-08-13T03:48:07.377971,156,0,0,0,0,0
2026-08-13T03:48:07.378984,157,0,0,0,0,0
2026-08-13T03:48:07.378984,156,0,0,0,0,0
2026-08-13T03:48:07.378984,156,0,0,0,0,0
2026-08-13T03:48:07.382391,155,0,0,0,0,0
2026-08-13T03:48:07.382391,156,0,0,0,0,0
2026-08-13T03:48:07.382391,155,0,0,0,0,0
2026-08-13T03:48:07.386934,154,0,0,0,0,0
2026-08-13T03:48:07.386934,154,0,0,0,0,0
2026-08-13T03:48:07.387956,154,0,0,0,0,0
2026-08-13T03:48:07.387956,153,0,0,0,0,0
2026-08-13T03:48:07.390954,151,0,0,0,0,0
2026-08-13T03:48:07.391954,151,0,0,0,0,0
2026-08-13T03:48:07.391954,152,0,0,0,0,0
2026-08-13T03:48:07.395068,152,0,0,0,0,0
2026-08-13T03:48:07.395068,156,0,0,0,0,0
2026-08-13T03:48:07.396075,156,0,0,0,0,0
2026-08-13T03:48:07.399090,156,0,0,0,0,0
2026-08-13T03:48:07.399090,157,0,0,0,0,0
2026-08-13T03:48:07.400080,157,0,0,0,0,0
2026-08-13T03:48:07.400080,156,0,0,0,0,0
2026-08-13T03:48:07.402100,155,0,0,0,0,0
2026-08-13T03:48:07.403612,155,0,0,0,0,0
2026-08-13T03:48:07.403612,155,0,0,0,0,0
2026-08-13T03:48:07.407000,154,0,0,0,0,0
2026-08-13T03:48:07.408024,154,0,0,0,0,0
2026-08-13T03:48:07.409021,154,0,0,0,0,0
2026-08-13T03:48:07.409021,153,0,0,0,0,0
2026-08-13T03:48:07.411017,152,0,0,0,0,0
2026-08-13T03:48:07.412017,152,0,0,0,0,0
2026-08-13T03:48:07.412017,153,0,0,0,0,0
2026-08-13T03:48:07.415539,153,0,0,0,0,0
2026-08-13T03:48:07.415539,155,0,0,0,0,0
2026-08-13T03:48:07.416546,156,0,0,0,0,0
2026-08-13T03:48:07.416546,157,0,0,0,0,0
2026-08-13T03:48:07.419660,157,0,0,0,0,0
2026-08-13T03:48:07.419660,157,0,0,0,0,0
2026-08-13T03:48:07.420664,155,0,0,0,0,0
2026-08-13T03:48:07.424009,155,0,0,0,0,0
2026-08-13T03:48:07.424009,156,0,0,0,0,0
2026-08-13T03:48:07.425026,155,0,0,0,0,0
2026-08-13T03:48:07.425026,154,0,0,0,0,0
2026-08-13T03:48:07.428039,155,0,0,0,0,0
2026-08-13T03:48:07.428039,154,0,0,0,0,0
2026-08-13T03:48:07.429042,154,0,0,0,0,0
2026-08-13T03:48:07.431981,152,0,0,0,0,0
2026-08-13T03:48:07.431981,153,0,0,0,0,0
2026-08-13T03:48:07.433006,153,0,0,0,0,0
2026-08-13T03:48:07.436085,154,0,0,0,0,0
2026-08-13T03:48:07.436085,156,0,0,0,0,0
2026-08-13T03:48:07.437107,156,0,0,0,0,0
2026-08-13T03:48:07.437107,158,0,0,0,0,0
2026-08-13T03:48:07.440115,157,0,0,0,0,0
2026-08-13T03:48:07.441105,157,0,0,0,0,0
2026-08-13T03:48:07.441105,156,0,0,0,0,0
2026-08-13T03:48:07.443636,155,0,0,0,0,0
2026-08-13T03:48:07.444657,156,0,0,0,0,0
2026-08-13T03:48:07.445661,155,0,0,0,0,0
2026-08-13T03:48:07.445661,155,0,0,0,0,0
2026-08-13T03:48:07.447698,155,0,0,0,0,0
2026-08-13T03:48:07.448672,154,0,0,0,0,0
2026-08-13T03:48:07.448672,153,0,0,0,0,0
2026-08-13T03:48:07.451684,152,0,0,0,0,0
2026-08-13T03:48:07.452671,153,0,0,0,0,0
2026-08-13T03:48:07.453676,153,0,0,0,0,0
2026-08-13T03:48:07.454187,154,0,0,0,0,0
2026-08-13T03:48:07.456564,156,0,0,0,0,0
2026-08-13T03:48:07.457584,156,0,0,0,0,0
2026-08-13T03:48:07.457584,157,0,0,0,0,0
2026-08-13T03:48:07.460580,158,0,0,0,0,0
2026-08-13T03:48:07.461141,158,0,0,0,0,0
2026-08-13T03:48:07.461141,156,0,0,0,0,0
2026-08-13T03:48:07.464152,155,0,0,0,0,0
2026-08-13T03:48:07.465171,156,0,0,0,0,0
2026-08-13T03:48:07.465681,154,0,0,0,0,0
2026-08-13T03:48:07.466191,154,0,0,0,0,0
2026-08-13T03:48:07.468773,154,0,0,0,0,0
2026-08-13T03:48:07.469782,153,0,0,0,0,0
2026-08-13T03:48:07.470782,152,0,0,0,0,0
2026-08-13T03:48:07.472780,152,0,0,0,0,0
2026-08-13T03:48:07.472780,153,0,0,0,0,0
2026-08-13T03:48:07.474293,152,0,0,0,0,0
2026-08-13T03:48:07.474293,154,0,0,0,0,0
2026-08-13T03:48:07.476312,156,0,0,0,0,0
2026-08-13T03:48:07.477312,156,0,0,0,0,0
2026-08-13T03:48:07.477312,157,0,0,0,0,0
2026-08-13T03:48:07.481138,156,0,0,0,0,0
2026-08-13T03:48:07.481138,156,0,0,0,0,0
2026-08-13T03:48:07.482160,154,0,0,0,0,0
2026-08-13T03:48:07.482160,155,0,0,0,0,0
2026-08-13T03:48:07.484613,155,0,0,0,0,0
2026-08-13T03:48:07.485629,153,0,0,0,0,0
2026-08-13T03:48:07.485629,153,0,0,0,0,0
2026-08-13T03:48:07.489312,152,0,0,0,0,0
2026-08-13T03:48:07.489312,152,0,0,0,0,0
2026-08-13T03:48:07.491334,150,0,0,0,0,0
2026-08-13T03:48:07.491334,150,0,0,0,0,0
2026-08-13T03:48:07.493283,151,0,0,0,0,0
2026-08-13T03:48:07.493789,150,0,0,0,0,0
2026-08-13T03:48:07.493789,152,0,0,0,0,0
2026-08-13T03:48:07.496840,154,0,0,0,0,0
2026-08-13T03:48:07.497805,153,0,0,0,0,0
2026-08-13T03:48:07.497805,154,0,0,0,0,0
2026-08-13T03:48:07.500819,154,0,0,0,0,0
2026-08-13T03:48:07.501805,154,0,0,0,0,0
2026-08-13T03:48:07.502808,153,0,0,0,0,0
2026-08-13T03:48:07.502808,154,0,0,0,0,0
2026-08-13T03:48:07.504883,153,0,0,0,0,0
2026-08-13T03:48:07.505883,152,0,0,0,0,0
2026-08-13T03:48:07.506886,154,0,0,0,0,0
2026-08-13T03:48:07.509882,152,0,0,0,0,0
2026-08-13T03:48:07.509882,152,0,0,0,0,0
2026-08-13T03:48:07.510883,152,0,0,0,0,0
2026-08-13T03:48:07.510883,152,0,0,0,0,0
2026-08-13T03:48:07.513909,152,0,0,0,0,0
2026-08-13T03:48:07.514424,152,0,0,0,0,0
2026-08-13T03:48:07.514424,155,0,0,0,0,0
2026-08-13T03:48:07.517455,156,0,0,0,0,0
2026-08-13T03:48:07.518444,157,0,0,0,0,0
2026-08-13T03:48:07.518444,157,0,0,0,0,0
2026-08-13T03:48:07.519442,157,0,0,0,0,0
2026-08-13T03:48:07.521457,156,0,0,0,0,0
2026-08-13T03:48:07.522522,155,0,0,0,0,0
2026-08-13T03:48:07.522522,156,0,0,0,0,0
2026-08-13T03:48:07.526051,156,0,0,0,0,0
2026-08-13T03:48:07.526051,154,0,0,0,0,0
2026-08-13T03:48:07.527054,155,0,0,0,0,0
2026-08-13T03:48:07.530050,153,0,0,0,0,0
2026-08-13T03:48:07.530050,152,0,0,0,0,0
2026-08-13T03:48:07.531050,151,0,0,0,0,0
2026-08-13T03:48:07.531050,151,0,0,0,0,0
2026-08-13T03:48:07.534388,151,0,0,0,0,0
2026-08-13T03:48:07.534388,153,0,0,0,0,0
2026-08-13T03:48:07.535404,155,0,0,0,0,0
2026-08-13T03:48:07.537916,156,0,0,0,0,0
2026-08-13T03:48:07.538954,156,0,0,0,0,0
2026-08-13T03:48:07.538954,156,0,0,0,0,0
2026-08-13T03:48:07.538954,156,0,0,0,0,0
2026-08-13T03:48:07.541930,155,0,0,0,0,0
2026-08-13T03:48:07.542927,154,0,0,0,0,0
2026-08-13T03:48:07.542927,154,0,0,0,0,0
2026-08-13T03:48:07.546446,154,0,0,0,0,0
2026-08-13T03:48:07.546446,153,0,0,0,0,0
2026-08-13T03:48:07.547447,154,0,0,0,0,0
2026-08-13T03:48:07.547447,152,0,0,0,0,0
2026-08-13T03:48:07.550446,151,0,0,0,0,0
2026-08-13T03:48:07.550446,152,0,0,0,0,0
2026-08-13T03:48:07.551448,152,0,0,0,0,0
2026-08-13T03:48:07.553953,152,0,0,0,0,0
2026-08-13T03:48:07.554960,154,0,0,0,0,0
2026-08-13T03:48:07.555960,155,0,0,0,0,0
2026-08-13T03:48:07.555960,156,0,0,0,0,0
2026-08-13T03:48:07.558966,157,0,0,0,0,0
2026-08-13T03:48:07.558966,156,0,0,0,0,0
2026-08-13T03:48:07.559966,156,0,0,0,0,0
2026-08-13T03:48:07.563070,154,0,0,0,0,0
2026-08-13T03:48:07.563583,155,0,0,0,0,0
2026-08-13T03:48:07.563583,155,0,0,0,0,0
2026-08-13T03:48:07.567138,155,0,0,0,0,0
2026-08-13T03:48:07.567138,154,0,0,0,0,0
2026-08-13T03:48:07.568260,153,0,0,0,0,0
2026-08-13T03:48:07.568260,153,0,0,0,0,0
2026-08-13T03:48:07.571257,152,0,0,0,0,0
2026-08-13T03:48:07.571257,152,0,0,0,0,0
2026-08-13T03:48:07.572262,152,0,0,0,0,0
2026-08-13T03:48:07.574780,151,0,0,0,0,0
2026-08-13T03:48:07.575782,153,0,0,0,0,0
2026-08-13T03:48:07.576796,156,0,0,0,0,0
2026-08-13T03:48:07.576796,156,0,0,0,0,0
2026-08-13T03:48:07.578793,157,0,0,0,0,0
2026-08-13T03:48:07.579793,156,0,0,0,0,0
2026-08-13T03:48:07.579793,156,0,0,0,0,0
2026-08-13T03:48:07.582804,155,0,0,0,0,0
2026-08-13T03:48:07.584300,156,0,0,0,0,0
2026-08-13T03:48:07.584300,155,0,0,0,0,0
2026-08-13T03:48:07.585311,154,0,0,0,0,0
2026-08-13T03:48:07.587321,153,0,0,0,0,0
2026-08-13T03:48:07.588325,153,0,0,0,0,0
2026-08-13T03:48:07.588325,153,0,0,0,0,0
2026-08-13T03:48:07.592323,151,0,0,0,0,0
2026-08-13T03:48:07.593835,151,0,0,0,0,0
2026-08-13T03:48:07.594847,151,0,0,0,0,0
2026-08-13T03:48:07.594847,152,0,0,0,0,0
2026-08-13T03:48:07.595846,156,0,0,0,0,0
2026-08-13T03:48:07.595846,156,0,0,0,0,0
2026-08-13T03:48:07.596848,156,0,0,0,0,0
2026-08-13T03:48:07.599860,157,0,0,0,0,0
2026-08-13T03:48:07.599860,156,0,0,0,0,0
2026-08-13T03:48:07.600851,156,0,0,0,0,0
2026-08-13T03:48:07.604014,155,0,0,0,0,0
2026-08-13T03:48:07.604014,155,0,0,0,0,0
2026-08-13T03:48:07.605153,155,0,0,0,0,0
2026-08-13T03:48:07.605153,154,0,0,0,0,0
2026-08-13T03:48:07.608146,154,0,0,0,0,0
2026-08-13T03:48:07.608146,153,0,0,0,0,0
2026-08-13T03:48:07.609151,152,0,0,0,0,0
2026-08-13T03:48:07.612212,151,0,0,0,0,0
2026-08-13T03:48:07.612212,152,0,0,0,0,0
2026-08-13T03:48:07.613729,152,0,0,0,0,0
2026-08-13T03:48:07.613729,152,0,0,0,0,0
2026-08-13T03:48:07.615743,154,0,0,0,0,0
2026-08-13T03:48:07.616743,154,0,0,0,0,0
2026-08-13T03:48:07.616743,156,0,0,0,0,0
2026-08-13T03:48:07.620388,156,0,0,0,0,0
2026-08-13T03:48:07.620388,155,0,0,0,0,0
2026-08-13T03:48:07.621410,154,0,0,0,0,0
2026-08-13T03:48:07.621410,154,0,0,0,0,0
2026-08-13T03:48:07.623923,155,0,0,0,0,0
2026-08-13T03:48:07.624934,154,0,0,0,0,0
2026-08-13T03:48:07.625946,153,0,0,0,0,0
2026-08-13T03:48:07.627945,154,0,0,0,0,0
2026-08-13T03:48:07.628942,152,0,0,0,0,0
2026-08-13T03:48:07.628942,152,0,0,0,0,0
2026-08-13T03:48:07.631947,151,0,0,0,0,0
2026-08-13T03:48:07.632946,151,0,0,0,0,0
2026-08-13T03:48:07.632946,151,0,0,0,0,0
2026-08-13T03:48:07.633944,153,0,0,0,0,0
2026-08-13T03:48:07.636480,155,0,0,0,0,0
2026-08-13T03:48:07.636480,156,0,0,0,0,0
2026-08-13T03:48:07.637476,156,0,0,0,0,0
2026-08-13T03:48:07.640477,155,0,0,0,0,0
2026-08-13T03:48:07.640477,156,0,0,0,0,0
2026-08-13T03:48:07.641909,155,0,0,0,0,0
2026-08-13T03:48:07.641909,154,0,0,0,0,0
2026-08-13T03:48:07.645027,154,0,0,0,0,0
2026-08-13T03:48:07.645027,153,0,0,0,0,0
2026-08-13T03:48:07.645027,153,0,0,0,0,0
2026-08-13T03:48:07.649127,152,0,0,0,0,0
2026-08-13T03:48:07.649127,151,0,0,0,0,0
2026-08-13T03:48:07.649127,151,0,0,0,0,0
2026-08-13T03:48:07.650130,151,0,0,0,0,0
2026-08-13T03:48:07.652133,151,0,0,0,0,0
2026-08-13T03:48:07.653644,151,0,0,0,0,0
2026-08-13T03:48:07.653644,153,0,0,0,0,0
2026-08-13T03:48:07.656670,155,0,0,0,0,0
2026-08-13T03:48:07.657657,156,0,0,0,0,0
2026-08-13T03:48:07.657657,156,0,0,0,0,0
2026-08-13T03:48:07.658658,156,0,0,0,0,0
2026-08-13T03:48:07.660661,156,0,0,0,0,0
2026-08-13T03:48:07.661656,154,0,0,0,0,0
2026-08-13T03:48:07.661656,155,0,0,0,0,0
2026-08-13T03:48:07.664762,154,0,0,0,0,0
2026-08-13T03:48:07.665763,153,0,0,0,0,0
2026-08-13T03:48:07.665763,153,0,0,0,0,0
2026-08-13T03:48:07.669296,153,0,0,0,0,0
2026-08-13T03:48:07.669296,151,0,0,0,0,0
2026-08-13T03:48:07.670276,152,0,0,0,0,0
2026-08-13T03:48:07.670276,152,0,0,0,0,0
2026-08-13T03:48:07.672291,152,0,0,0,0,0
2026-08-13T03:48:07.674806,151,0,0,0,0,0
2026-08-13T03:48:07.674806,154,0,0,0,0,0
2026-08-13T03:48:07.677808,156,0,0,0,0,0
2026-08-13T03:48:07.677808,156,0,0,0,0,0
2026-08-13T03:48:07.678807,155,0,0,0,0,0
2026-08-13T03:48:07.678807,156,0,0,0,0,0
2026-08-13T03:48:07.681059,155,0,0,0,0,0
2026-08-13T03:48:07.682075,154,0,0,0,0,0
2026-08-13T03:48:07.682075,155,0,0,0,0,0
2026-08-13T03:48:07.685596,154,0,0,0,0,0
2026-08-13T03:48:07.686598,153,0,0,0,0,0
2026-08-13T03:48:07.686598,153,0,0,0,0,0
2026-08-13T03:48:07.686598,153,0,0,0,0,0
2026-08-13T03:48:07.689609,152,0,0,0,0,0
2026-08-13T03:48:07.690596,151,0,0,0,0,0
2026-08-13T03:48:07.690596,151,0,0,0,0,0
2026-08-13T03:48:07.693594,151,0,0,0,0,0
2026-08-13T03:48:07.693594,152,0,0,0,0,0
2026-08-13T03:48:07.694920,155,0,0,0,0,0
2026-08-13T03:48:07.697380,155,0,0,0,0,0
2026-08-13T03:48:07.698515,156,0,0,0,0,0
2026-08-13T03:48:07.698515,155,0,0,0,0,0
2026-08-13T03:48:07.699526,156,0,0,0,0,0
2026-08-13T03:48:07.701983,154,0,0,0,0,0
2026-08-13T03:48:07.701983,154,0,0,0,0,0
2026-08-13T03:48:07.703195,155,0,0,0,0,0
2026-08-13T03:48:07.705709,154,0,0,0,0,0
2026-08-13T03:48:07.706707,154,0,0,0,0,0
2026-08-13T03:48:07.706707,154,0,0,0,0,0
2026-08-13T03:48:07.707712,153,0,0,0,0,0
2026-08-13T03:48:07.709708,152,0,0,0,0,0
2026-08-13T03:48:07.710811,151,0,0,0,0,0
2026-08-13T03:48:07.710811,151,0,0,0,0,0
2026-08-13T03:48:07.714206,151,0,0,0,0,0
2026-08-13T03:48:07.715199,152,0,0,0,0,0
2026-08-13T03:48:07.715199,155,0,0,0,0,0
2026-08-13T03:48:07.715199,155,0,0,0,0,0
2026-08-13T03:48:07.718747,156,0,0,0,0,0
2026-08-13T03:48:07.718747,156,0,0,0,0,0
2026-08-13T03:48:07.718747,156,0,0,0,0,0
2026-08-13T03:48:07.722441,155,0,0,0,0,0
2026-08-13T03:48:07.722441,154,0,0,0,0,0
2026-08-13T03:48:07.722441,154,0,0,0,0,0
2026-08-13T03:48:07.723948,154,0,0,0,0,0
2026-08-13T03:48:07.726973,153,0,0,0,0,0
2026-08-13T03:48:07.726973,153,0,0,0,0,0
2026-08-13T03:48:07.727956,152,0,0,0,0,0
2026-08-13T03:48:07.730955,151,0,0,0,0,0
2026-08-13T03:48:07.730955,151,0,0,0,0,0
2026-08-13T03:48:07.731956,151,0,0,0,0,0
2026-08-13T03:48:07.735077,151,0,0,0,0,0
2026-08-13T03:48:07.735077,153,0,0,0,0,0
2026-08-13T03:48:07.736075,154,0,0,0,0,0
2026-08-13T03:48:07.736075,156,0,0,0,0,0
2026-08-13T03:48:07.738456,156,0,0,0,0,0
2026-08-13T03:48:07.739472,156,0,0,0,0,0
2026-08-13T03:48:07.740472,156,0,0,0,0,0
2026-08-13T03:48:07.742510,154,0,0,0,0,0
2026-08-13T03:48:07.742510,154,0,0,0,0,0
2026-08-13T03:48:07.744021,155,0,0,0,0,0
2026-08-13T03:48:07.745031,153,0,0,0,0,0
2026-08-13T03:48:07.747042,153,0,0,0,0,0
2026-08-13T03:48:07.747042,152,0,0,0,0,0
2026-08-13T03:48:07.748038,152,0,0,0,0,0
2026-08-13T03:48:07.751037,151,0,0,0,0,0
2026-08-13T03:48:07.751037,151,0,0,0,0,0
2026-08-13T03:48:07.752037,152,0,0,0,0,0
2026-08-13T03:48:07.752037,151,0,0,0,0,0
2026-08-13T03:48:07.755546,154,0,0,0,0,0
2026-08-13T03:48:07.755546,155,0,0,0,0,0
2026-08-13T03:48:07.755546,156,0,0,0,0,0
2026-08-13T03:48:07.759653,156,0,0,0,0,0
2026-08-13T03:48:07.759653,156,0,0,0,0,0
2026-08-13T03:48:07.759653,156,0,0,0,0,0
2026-08-13T03:48:07.762949,154,0,0,0,0,0
2026-08-13T03:48:07.763983,155,0,0,0,0,0
2026-08-13T03:48:07.763983,154,0,0,0,0,0
2026-08-13T03:48:07.765000,153,0,0,0,0,0
2026-08-13T03:48:07.767544,154,0,0,0,0,0
2026-08-13T03:48:07.767544,153,0,0,0,0,0
2026-08-13T03:48:07.768558,153,0,0,0,0,0
2026-08-13T03:48:07.771572,152,0,0,0,0,0
2026-08-13T03:48:07.771572,152,0,0,0,0,0
2026-08-13T03:48:07.772563,151,0,0,0,0,0
2026-08-13T03:48:07.772563,152,0,0,0,0,0
2026-08-13T03:48:07.776101,155,0,0,0,0,0
2026-08-13T03:48:07.776101,155,0,0,0,0,0
2026-08-13T03:48:07.777087,156,0,0,0,0,0
2026-08-13T03:48:07.780139,156,0,0,0,0,0
2026-08-13T03:48:07.780139,156,0,0,0,0,0
2026-08-13T03:48:07.781162,155,0,0,0,0,0
2026-08-13T03:48:07.781162,153,0,0,0,0,0
2026-08-13T03:48:07.783814,154,0,0,0,0,0
2026-08-13T03:48:07.784838,154,0,0,0,0,0
2026-08-13T03:48:07.784838,153,0,0,0,0,0
2026-08-13T03:48:07.787867,153,0,0,0,0,0
2026-08-13T03:48:07.788861,153,0,0,0,0,0
2026-08-13T03:48:07.788861,152,0,0,0,0,0
2026-08-13T03:48:07.789849,152,0,0,0,0,0
2026-08-13T03:48:07.791849,152,0,0,0,0,0
2026-08-13T03:48:07.792849,152,0,0,0,0,0
2026-08-13T03:48:07.792849,152,0,0,0,0,0
2026-08-13T03:48:07.796402,155,0,0,0,0,0
2026-08-13T03:48:07.796402,155,0,0,0,0,0
2026-08-13T03:48:07.797382,157,0,0,0,0,0
2026-08-13T03:48:07.800381,156,0,0,0,0,0
2026-08-13T03:48:07.800381,156,0,0,0,0,0
2026-08-13T03:48:07.801385,155,0,0,0,0,0
2026-08-13T03:48:07.801385,154,0,0,0,0,0
2026-08-13T03:48:07.803893,155,0,0,0,0,0
2026-08-13T03:48:07.804902,154,0,0,0,0,0
2026-08-13T03:48:07.805902,153,0,0,0,0,0
2026-08-13T03:48:07.807929,153,0,0,0,0,0
2026-08-13T03:48:07.808908,152,0,0,0,0,0
2026-08-13T03:48:07.808908,152,0,0,0,0,0
2026-08-13T03:48:07.809912,152,0,0,0,0,0
2026-08-13T03:48:07.812913,152,0,0,0,0,0
2026-08-13T03:48:07.812913,152,0,0,0,0,0
2026-08-13T03:48:07.813927,153,0,0,0,0,0
2026-08-13T03:48:07.816246,156,0,0,0,0,0
2026-08-13T03:48:07.817254,156,0,0,0,0,0
2026-08-13T03:48:07.817254,156,0,0,0,0,0
2026-08-13T03:48:07.818257,156,0,0,0,0,0
2026-08-13T03:48:07.821251,155,0,0,0,0,0
2026-08-13T03:48:07.821251,154,0,0,0,0,0
2026-08-13T03:48:07.822256,154,0,0,0,0,0
2026-08-13T03:48:07.824773,154,0,0,0,0,0
2026-08-13T03:48:07.825773,154,0,0,0,0,0
2026-08-13T03:48:07.825773,153,0,0,0,0,0
2026-08-13T03:48:07.826780,153,0,0,0,0,0
2026-08-13T03:48:07.828781,153,0,0,0,0,0
2026-08-13T03:48:07.829783,153,0,0,0,0,0
2026-08-13T03:48:07.829783,152,0,0,0,0,0
2026-08-13T03:48:07.832794,153,0,0,0,0,0
2026-08-13T03:48:07.833784,153,0,0,0,0,0
2026-08-13T03:48:07.834293,154,0,0,0,0,0
2026-08-13T03:48:07.837314,156,0,0,0,0,0
2026-08-13T03:48:07.837314,156,0,0,0,0,0
2026-08-13T03:48:07.838312,156,0,0,0,0,0
2026-08-13T03:48:07.838312,156,0,0,0,0,0
2026-08-13T03:48:07.841459,156,0,0,0,0,0
2026-08-13T03:48:07.841459,153,0,0,0,0,0
2026-08-13T03:48:07.842455,154,0,0,0,0,0
2026-08-13T03:48:07.845651,154,0,0,0,0,0
2026-08-13T03:48:07.845651,154,0,0,0,0,0
2026-08-13T03:48:07.846662,154,0,0,0,0,0
2026-08-13T03:48:07.846662,153,0,0,0,0,0
2026-08-13T03:48:07.849688,154,0,0,0,0,0
2026-08-13T03:48:07.849688,153,0,0,0,0,0
2026-08-13T03:48:07.850705,153,0,0,0,0,0
2026-08-13T03:48:07.853703,153,0,0,0,0,0
2026-08-13T03:48:07.854211,153,0,0,0,0,0
2026-08-13T03:48:07.854211,155,0,0,0,0,0
2026-08-13T03:48:07.855223,156,0,0,0,0,0
2026-08-13T03:48:07.858020,156,0,0,0,0,0
2026-08-13T03:48:07.858020,157,0,0,0,0,0
2026-08-13T03:48:07.859024,156,0,0,0,0,0
2026-08-13T03:48:07.861231,155,0,0,0,0,0
2026-08-13T03:48:07.862244,153,0,0,0,0,0
2026-08-13T03:48:07.862244,154,0,0,0,0,0
2026-08-13T03:48:07.865959,154,0,0,0,0,0
2026-08-13T03:48:07.866466,153,0,0,0,0,0
2026-08-13T03:48:07.867012,153,0,0,0,0,0
2026-08-13T03:48:07.867528,153,0,0,0,0,0
2026-08-13T03:48:07.869557,153,0,0,0,0,0
2026-08-13T03:48:07.870537,152,0,0,0,0,0
2026-08-13T03:48:07.871542,152,0,0,0,0,0
2026-08-13T03:48:07.874048,152,0,0,0,0,0
2026-08-13T03:48:07.875059,152,0,0,0,0,0
2026-08-13T03:48:07.875059,155,0,0,0,0,0
2026-08-13T03:48:07.876069,156,0,0,0,0,0
2026-08-13T03:48:07.878068,157,0,0,0,0,0
2026-08-13T03:48:07.878068,157,0,0,0,0,0
2026-08-13T03:48:07.879066,156,0,0,0,0,0
2026-08-13T03:48:07.882068,156,0,0,0,0,0
2026-08-13T03:48:07.882068,155,0,0,0,0,0
2026-08-13T03:48:07.883577,155,0,0,0,0,0
2026-08-13T03:48:07.883577,155,0,0,0,0,0
2026-08-13T03:48:07.886600,156,0,0,0,0,0
2026-08-13T03:48:07.886600,155,0,0,0,0,0
2026-08-13T03:48:07.886600,154,0,0,0,0,0
2026-08-13T03:48:07.890064,153,0,0,0,0,0
2026-08-13T03:48:07.891081,152,0,0,0,0,0
2026-08-13T03:48:07.891081,153,0,0,0,0,0
2026-08-13T03:48:07.892083,153,0,0,0,0,0
2026-08-13T03:48:07.894610,154,0,0,0,0,0
2026-08-13T03:48:07.895121,157,0,0,0,0,0
2026-08-13T03:48:07.895121,157,0,0,0,0,0
2026-08-13T03:48:07.898913,158,0,0,0,0,0
2026-08-13T03:48:07.898913,159,0,0,0,0,0
2026-08-13T03:48:07.899942,159,0,0,0,0,0
2026-08-13T03:48:07.902086,158,0,0,0,0,0
2026-08-13T03:48:07.903611,158,0,0,0,0,0
2026-08-13T03:48:07.903611,159,0,0,0,0,0
2026-08-13T03:48:07.904631,158,0,0,0,0,0
2026-08-13T03:48:07.906630,158,0,0,0,0,0
2026-08-13T03:48:07.907633,158,0,0,0,0,0
2026-08-13T03:48:07.908633,156,0,0,0,0,0
2026-08-13T03:48:07.910644,156,0,0,0,0,0
2026-08-13T03:48:07.911634,156,0,0,0,0,0
2026-08-13T03:48:07.911634,157,0,0,0,0,0
2026-08-13T03:48:07.912635,156,0,0,0,0,0
2026-08-13T03:48:07.915150,158,0,0,0,0,0
2026-08-13T03:48:07.915150,161,0,0,0,0,0
2026-08-13T03:48:07.916152,162,0,0,0,0,0
2026-08-13T03:48:07.919165,163,0,0,0,0,0
2026-08-13T03:48:07.919165,163,0,0,0,0,0
2026-08-13T03:48:07.920150,163,0,0,0,0,0
2026-08-13T03:48:07.920150,162,0,0,0,0,0
2026-08-13T03:48:07.922165,163,0,0,0,0,0
2026-08-13T03:48:07.923697,164,0,0,0,0,0
2026-08-13T03:48:07.923697,162,0,0,0,0,0
2026-08-13T03:48:07.926716,163,0,0,0,0,0
2026-08-13T03:48:07.927731,163,0,0,0,0,0
2026-08-13T03:48:07.927731,163,0,0,0,0,0
2026-08-13T03:48:07.931757,162,0,0,0,0,0
2026-08-13T03:48:07.931757,162,0,0,0,0,0
2026-08-13T03:48:07.931757,164,0,0,0,0,0
2026-08-13T03:48:07.932779,164,0,0,0,0,0
2026-08-13T03:48:07.934996,166,0,0,0,0,0
2026-08-13T03:48:07.935990,167,0,0,0,0,0
2026-08-13T03:48:07.935990,168,0,0,0,0,0
2026-08-13T03:48:07.939990,169,0,0,0,0,0
2026-08-13T03:48:07.939990,170,0,0,0,0,0
2026-08-13T03:48:07.940996,170,0,0,0,0,0
2026-08-13T03:48:07.941992,169,0,0,0,0,0
2026-08-13T03:48:07.944008,170,0,0,0,0,0
2026-08-13T03:48:07.944522,170,0,0,0,0,0
2026-08-13T03:48:07.944522,171,0,0,0,0,0
2026-08-13T03:48:07.947560,172,0,0,0,0,0
2026-08-13T03:48:07.948549,171,0,0,0,0,0
2026-08-13T03:48:07.948549,171,0,0,0,0,0
2026-08-13T03:48:07.949551,171,0,0,0,0,0
2026-08-13T03:48:07.952063,170,0,0,0,0,0
2026-08-13T03:48:07.952063,172,0,0,0,0,0
2026-08-13T03:48:07.952063,172,0,0,0,0,0
2026-08-13T03:48:07.955598,174,0,0,0,0,0
2026-08-13T03:48:07.956594,175,0,0,0,0,0
2026-08-13T03:48:07.957588,176,0,0,0,0,0
2026-08-13T03:48:07.958582,177,0,0,0,0,0
2026-08-13T03:48:07.959583,177,0,0,0,0,0
2026-08-13T03:48:07.960584,177,0,0,0,0,0
2026-08-13T03:48:07.961582,176,0,0,0,0,0
2026-08-13T03:48:07.964616,177,0,0,0,0,0
2026-08-13T03:48:07.964616,177,0,0,0,0,0
2026-08-13T03:48:07.965419,176,0,0,0,0,0
2026-08-13T03:48:07.968440,176,0,0,0,0,0
2026-08-13T03:48:07.968440,176,0,0,0,0,0
2026-08-13T03:48:07.969437,176,0,0,0,0,0
2026-08-13T03:48:07.969437,175,0,0,0,0,0
2026-08-13T03:48:07.972452,176,0,0,0,0,0
2026-08-13T03:48:07.972452,176,0,0,0,0,0
2026-08-13T03:48:07.972452,175,0,0,0,0,0
2026-08-13T03:48:07.975980,178,0,0,0,0,0
2026-08-13T03:48:07.976981,179,0,0,0,0,0
2026-08-13T03:48:07.976981,179,0,0,0,0,0
2026-08-13T03:48:07.977982,180,0,0,0,0,0
2026-08-13T03:48:07.980838,180,0,0,0,0,0
2026-08-13T03:48:07.980838,179,0,0,0,0,0
2026-08-13T03:48:07.981858,178,0,0,0,0,0
2026-08-13T03:48:07.984615,178,0,0,0,0,0
2026-08-13T03:48:07.984615,178,0,0,0,0,0
2026-08-13T03:48:07.985923,178,0,0,0,0,0
2026-08-13T03:48:07.985923,178,0,0,0,0,0
2026-08-13T03:48:07.989039,176,0,0,0,0,0
2026-08-13T03:48:07.989039,175,0,0,0,0,0
2026-08-13T03:48:07.991062,175,0,0,0,0,0
2026-08-13T03:48:07.992060,175,0,0,0,0,0
2026-08-13T03:48:07.993567,175,0,0,0,0,0
2026-08-13T03:48:07.993567,177,0,0,0,0,0
2026-08-13T03:48:07.996590,178,0,0,0,0,0
2026-08-13T03:48:07.997587,179,0,0,0,0,0
2026-08-13T03:48:07.997587,180,0,0,0,0,0
2026-08-13T03:48:07.998590,180,0,0,0,0,0
2026-08-13T03:48:08.000601,179,0,0,0,0,0
2026-08-13T03:48:08.001587,178,0,0,0,0,0
2026-08-13T03:48:08.001587,177,0,0,0,0,0
2026-08-13T03:48:08.005141,179,0,0,0,0,0
2026-08-13T03:48:08.006144,178,0,0,0,0,0
2026-08-13T03:48:08.006144,178,0,0,0,0,0
2026-08-13T03:48:08.007141,177,0,0,0,0,0
2026-08-13T03:48:08.009177,177,0,0,0,0,0
2026-08-13T03:48:08.010142,176,0,0,0,0,0
2026-08-13T03:48:08.010142,176,0,0,0,0,0
2026-08-13T03:48:08.013611,176,0,0,0,0,0
2026-08-13T03:48:08.013611,176,0,0,0,0,0
2026-08-13T03:48:08.014754,178,0,0,0,0,0
2026-08-13T03:48:08.014754,180,0,0,0,0,0
2026-08-13T03:48:08.017736,180,0,0,0,0,0
2026-08-13T03:48:08.017736,181,0,0,0,0,0
2026-08-13T03:48:08.018758,180,0,0,0,0,0
2026-08-13T03:48:08.021784,181,0,0,0,0,0
2026-08-13T03:48:08.021784,179,0,0,0,0,0
2026-08-13T03:48:08.022805,179,0,0,0,0,0
2026-08-13T03:48:08.024312,180,0,0,0,0,0
2026-08-13T03:48:08.025323,179,0,0,0,0,0
2026-08-13T03:48:08.026326,179,0,0,0,0,0
2026-08-13T03:48:08.027325,178,0,0,0,0,0
2026-08-13T03:48:08.029990,179,0,0,0,0,0
2026-08-13T03:48:08.029990,177,0,0,0,0,0
2026-08-13T03:48:08.031015,177,0,0,0,0,0
2026-08-13T03:48:08.034106,177,0,0,0,0,0
2026-08-13T03:48:08.034106,177,0,0,0,0,0
2026-08-13T03:48:08.035106,180,0,0,0,0,0
2026-08-13T03:48:08.036119,182,0,0,0,0,0
2026-08-13T03:48:08.038118,181,0,0,0,0,0
2026-08-13T03:48:08.038118,183,0,0,0,0,0
2026-08-13T03:48:08.039118,182,0,0,0,0,0
2026-08-13T03:48:08.042117,181,0,0,0,0,0
2026-08-13T03:48:08.042117,180,0,0,0,0,0
2026-08-13T03:48:08.043627,181,0,0,0,0,0
2026-08-13T03:48:08.043627,180,0,0,0,0,0
2026-08-13T03:48:08.045639,180,0,0,0,0,0
2026-08-13T03:48:08.046647,180,0,0,0,0,0
2026-08-13T03:48:08.046647,179,0,0,0,0,0
2026-08-13T03:48:08.049660,179,0,0,0,0,0
2026-08-13T03:48:08.050645,177,0,0,0,0,0
2026-08-13T03:48:08.050645,177,0,0,0,0,0
2026-08-13T03:48:08.051650,178,0,0,0,0,0
2026-08-13T03:48:08.054552,177,0,0,0,0,0
2026-08-13T03:48:08.054552,180,0,0,0,0,0
2026-08-13T03:48:08.055561,181,0,0,0,0,0
2026-08-13T03:48:08.058558,182,0,0,0,0,0
2026-08-13T03:48:08.058558,182,0,0,0,0,0
2026-08-13T03:48:08.059561,182,0,0,0,0,0
2026-08-13T03:48:08.062763,180,0,0,0,0,0
2026-08-13T03:48:08.062763,180,0,0,0,0,0
2026-08-13T03:48:08.063777,181,0,0,0,0,0
2026-08-13T03:48:08.064791,180,0,0,0,0,0
2026-08-13T03:48:08.066864,180,0,0,0,0,0
2026-08-13T03:48:08.067378,180,0,0,0,0,0
2026-08-13T03:48:08.067378,179,0,0,0,0,0
2026-08-13T03:48:08.070388,178,0,0,0,0,0
2026-08-13T03:48:08.071391,178,0,0,0,0,0
2026-08-13T03:48:08.071391,178,0,0,0,0,0
2026-08-13T03:48:08.072394,177,0,0,0,0,0
2026-08-13T03:48:08.074915,178,0,0,0,0,0
2026-08-13T03:48:08.074915,181,0,0,0,0,0
2026-08-13T03:48:08.075915,181,0,0,0,0,0
2026-08-13T03:48:08.078922,181,0,0,0,0,0
2026-08-13T03:48:08.078922,181,0,0,0,0,0
2026-08-13T03:48:08.079925,180,0,0,0,0,0
2026-08-13T03:48:08.079925,179,0,0,0,0,0
2026-08-13T03:48:08.082937,178,0,0,0,0,0
2026-08-13T03:48:08.082937,179,0,0,0,0,0
2026-08-13T03:48:08.083925,178,0,0,0,0,0
2026-08-13T03:48:08.086904,178,0,0,0,0,0
2026-08-13T03:48:08.086904,178,0,0,0,0,0
2026-08-13T03:48:08.088012,177,0,0,0,0,0
2026-08-13T03:48:08.088012,177,0,0,0,0,0
2026-08-13T03:48:08.091011,176,0,0,0,0,0
2026-08-13T03:48:08.091011,177,0,0,0,0,0
2026-08-13T03:48:08.092012,177,0,0,0,0,0
2026-08-13T03:48:08.095512,179,0,0,0,0,0
2026-08-13T03:48:08.095512,180,0,0,0,0,0
2026-08-13T03:48:08.095512,181,0,0,0,0,0
2026-08-13T03:48:08.099335,181,0,0,0,0,0
2026-08-13T03:48:08.099335,181,0,0,0,0,0
2026-08-13T03:48:08.100340,180,0,0,0,0,0
2026-08-13T03:48:08.100340,179,0,0,0,0,0
2026-08-13T03:48:08.102359,179,0,0,0,0,0
2026-08-13T03:48:08.103867,179,0,0,0,0,0
2026-08-13T03:48:08.104878,178,0,0,0,0,0
2026-08-13T03:48:08.107881,178,0,0,0,0,0
2026-08-13T03:48:08.107881,177,0,0,0,0,0
2026-08-13T03:48:08.108882,176,0,0,0,0,0
2026-08-13T03:48:08.108882,175,0,0,0,0,0
2026-08-13T03:48:08.111889,175,0,0,0,0,0
2026-08-13T03:48:08.111889,175,0,0,0,0,0
2026-08-13T03:48:08.112881,175,0,0,0,0,0
2026-08-13T03:48:08.115637,177,0,0,0,0,0
2026-08-13T03:48:08.116642,179,0,0,0,0,0
2026-08-13T03:48:08.116642,179,0,0,0,0,0
2026-08-13T03:48:08.117641,180,0,0,0,0,0
2026-08-13T03:48:08.119615,179,0,0,0,0,0
2026-08-13T03:48:08.120658,179,0,0,0,0,0
2026-08-13T03:48:08.120658,177,0,0,0,0,0
2026-08-13T03:48:08.123642,178,0,0,0,0,0
2026-08-13T03:48:08.124747,178,0,0,0,0,0
2026-08-13T03:48:08.125746,177,0,0,0,0,0
2026-08-13T03:48:08.125746,178,0,0,0,0,0
2026-08-13T03:48:08.127760,177,0,0,0,0,0
2026-08-13T03:48:08.128757,177,0,0,0,0,0
2026-08-13T03:48:08.128757,175,0,0,0,0,0
2026-08-13T03:48:08.131768,175,0,0,0,0,0
2026-08-13T03:48:08.132756,175,0,0,0,0,0
2026-08-13T03:48:08.132756,176,0,0,0,0,0
2026-08-13T03:48:08.135934,178,0,0,0,0,0
2026-08-13T03:48:08.136907,178,0,0,0,0,0
2026-08-13T03:48:08.136907,179,0,0,0,0,0
2026-08-13T03:48:08.136907,179,0,0,0,0,0
2026-08-13T03:48:08.139921,179,0,0,0,0,0
2026-08-13T03:48:08.140908,178,0,0,0,0,0
2026-08-13T03:48:08.140908,177,0,0,0,0,0
2026-08-13T03:48:08.144601,177,0,0,0,0,0
2026-08-13T03:48:08.144601,177,0,0,0,0,0
2026-08-13T03:48:08.144601,177,0,0,0,0,0
2026-08-13T03:48:08.145611,178,0,0,0,0,0
2026-08-13T03:48:08.148608,176,0,0,0,0,0
2026-08-13T03:48:08.148608,175,0,0,0,0,0
2026-08-13T03:48:08.148608,175,0,0,0,0,0
2026-08-13T03:48:08.152864,174,0,0,0,0,0
2026-08-13T03:48:08.152864,175,0,0,0,0,0
2026-08-13T03:48:08.152864,175,0,0,0,0,0
2026-08-13T03:48:08.153875,177,0,0,0,0,0
2026-08-13T03:48:08.156970,177,0,0,0,0,0
2026-08-13T03:48:08.156970,179,0,0,0,0,0
2026-08-13T03:48:08.157972,179,0,0,0,0,0
2026-08-13T03:48:08.160994,178,0,0,0,0,0
2026-08-13T03:48:08.160994,177,0,0,0,0,0
2026-08-13T03:48:08.160994,176,0,0,0,0,0
2026-08-13T03:48:08.165103,177,0,0,0,0,0
2026-08-13T03:48:08.165103,176,0,0,0,0,0
2026-08-13T03:48:08.166106,175,0,0,0,0,0
2026-08-13T03:48:08.166106,174,0,0,0,0,0
2026-08-13T03:48:08.168675,174,0,0,0,0,0
2026-08-13T03:48:08.169662,173,0,0,0,0,0
2026-08-13T03:48:08.169662,172,0,0,0,0,0
2026-08-13T03:48:08.172803,173,0,0,0,0,0
2026-08-13T03:48:08.173791,171,0,0,0,0,0
2026-08-13T03:48:08.174298,173,0,0,0,0,0
2026-08-13T03:48:08.175308,175,0,0,0,0,0
2026-08-13T03:48:08.177464,176,0,0,0,0,0
2026-08-13T03:48:08.177971,176,0,0,0,0,0
2026-08-13T03:48:08.177971,175,0,0,0,0,0
2026-08-13T03:48:08.181300,176,0,0,0,0,0
2026-08-13T03:48:08.181300,174,0,0,0,0,0
2026-08-13T03:48:08.181300,174,0,0,0,0,0
2026-08-13T03:48:08.182725,174,0,0,0,0,0
2026-08-13T03:48:08.185396,173,0,0,0,0,0
2026-08-13T03:48:08.185396,171,0,0,0,0,0
2026-08-13T03:48:08.185396,171,0,0,0,0,0
2026-08-13T03:48:08.189695,171,0,0,0,0,0
2026-08-13T03:48:08.189695,170,0,0,0,0,0
2026-08-13T03:48:08.189695,170,0,0,0,0,0
2026-08-13T03:48:08.189695,170,0,0,0,0,0
2026-08-13T03:48:08.193793,170,0,0,0,0,0
2026-08-13T03:48:08.193793,171,0,0,0,0,0
2026-08-13T03:48:08.194803,173,0,0,0,0,0
2026-08-13T03:48:08.197805,173,0,0,0,0,0
2026-08-13T03:48:08.197805,174,0,0,0,0,0
2026-08-13T03:48:08.198805,173,0,0,0,0,0
2026-08-13T03:48:08.201816,173,0,0,0,0,0
2026-08-13T03:48:08.201816,171,0,0,0,0,0
2026-08-13T03:48:08.202806,171,0,0,0,0,0
2026-08-13T03:48:08.202806,171,0,0,0,0,0
2026-08-13T03:48:08.206114,170,0,0,0,0,0
2026-08-13T03:48:08.206114,171,0,0,0,0,0
2026-08-13T03:48:08.206736,170,0,0,0,0,0
2026-08-13T03:48:08.209760,170,0,0,0,0,0
2026-08-13T03:48:08.209760,168,0,0,0,0,0
2026-08-13T03:48:08.210743,168,0,0,0,0,0
2026-08-13T03:48:08.210743,168,0,0,0,0,0
2026-08-13T03:48:08.214301,167,0,0,0,0,0
2026-08-13T03:48:08.214301,169,0,0,0,0,0
2026-08-13T03:48:08.214301,170,0,0,0,0,0
2026-08-13T03:48:08.218305,169,0,0,0,0,0
2026-08-13T03:48:08.218305,171,0,0,0,0,0
2026-08-13T03:48:08.219291,171,0,0,0,0,0
2026-08-13T03:48:08.219291,170,0,0,0,0,0
2026-08-13T03:48:08.222305,169,0,0,0,0,0
2026-08-13T03:48:08.222305,169,0,0,0,0,0
2026-08-13T03:48:08.222305,169,0,0,0,0,0
2026-08-13T03:48:08.225822,169,0,0,0,0,0
2026-08-13T03:48:08.226830,169,0,0,0,0,0
2026-08-13T03:48:08.226830,169,0,0,0,0,0
2026-08-13T03:48:08.230739,168,0,0,0,0,0
2026-08-13T03:48:08.230739,166,0,0,0,0,0
2026-08-13T03:48:08.231761,166,0,0,0,0,0
2026-08-13T03:48:08.231761,166,0,0,0,0,0
2026-08-13T03:48:08.234610,165,0,0,0,0,0
2026-08-13T03:48:08.234610,168,0,0,0,0,0
2026-08-13T03:48:08.235943,169,0,0,0,0,0
2026-08-13T03:48:08.238888,169,0,0,0,0,0
2026-08-13T03:48:08.238888,170,0,0,0,0,0
2026-08-13T03:48:08.239919,169,0,0,0,0,0
2026-08-13T03:48:08.240909,168,0,0,0,0,0
2026-08-13T03:48:08.242907,166,0,0,0,0,0
2026-08-13T03:48:08.242907,167,0,0,0,0,0
2026-08-13T03:48:08.243906,166,0,0,0,0,0
2026-08-13T03:48:08.246909,165,0,0,0,0,0
2026-08-13T03:48:08.246909,165,0,0,0,0,0
2026-08-13T03:48:08.247970,165,0,0,0,0,0
2026-08-13T03:48:08.247970,163,0,0,0,0,0
2026-08-13T03:48:08.250983,162,0,0,0,0,0
2026-08-13T03:48:08.250983,162,0,0,0,0,0
2026-08-13T03:48:08.251968,161,0,0,0,0,0
2026-08-13T03:48:08.254522,162,0,0,0,0,0
2026-08-13T03:48:08.255533,164,0,0,0,0,0
2026-08-13T03:48:08.256524,164,0,0,0,0,0
2026-08-13T03:48:08.257520,165,0,0,0,0,0
2026-08-13T03:48:08.258521,164,0,0,0,0,0
2026-08-13T03:48:08.259516,164,0,0,0,0,0
2026-08-13T03:48:08.259516,163,0,0,0,0,0
2026-08-13T03:48:08.263466,162,0,0,0,0,0
2026-08-13T03:48:08.263979,163,0,0,0,0,0
2026-08-13T03:48:08.263979,162,0,0,0,0,0
2026-08-13T03:48:08.266826,162,0,0,0,0,0
2026-08-13T03:48:08.267821,162,0,0,0,0,0
2026-08-13T03:48:08.267821,160,0,0,0,0,0
2026-08-13T03:48:08.268981,160,0,0,0,0,0
2026-08-13T03:48:08.270996,159,0,0,0,0,0
2026-08-13T03:48:08.271996,159,0,0,0,0,0
2026-08-13T03:48:08.271996,159,0,0,0,0,0
2026-08-13T03:48:08.275442,160,0,0,0,0,0
2026-08-13T03:48:08.276442,161,0,0,0,0,0
2026-08-13T03:48:08.276442,162,0,0,0,0,0
2026-08-13T03:48:08.277457,162,0,0,0,0,0
2026-08-13T03:48:08.279441,161,0,0,0,0,0
2026-08-13T03:48:08.280456,160,0,0,0,0,0
2026-08-13T03:48:08.280456,159,0,0,0,0,0
2026-08-13T03:48:08.283940,158,0,0,0,0,0
2026-08-13T03:48:08.283940,159,0,0,0,0,0
2026-08-13T03:48:08.285079,158,0,0,0,0,0
2026-08-13T03:48:08.285079,157,0,0,0,0,0
2026-08-13T03:48:08.288087,157,0,0,0,0,0
2026-08-13T03:48:08.288087,156,0,0,0,0,0
2026-08-13T03:48:08.289087,156,0,0,0,0,0
2026-08-13T03:48:08.291242,155,0,0,0,0,0
2026-08-13T03:48:08.292249,154,0,0,0,0,0
2026-08-13T03:48:08.292249,154,0,0,0,0,0
2026-08-13T03:48:08.293761,156,0,0,0,0,0
2026-08-13T03:48:08.295795,158,0,0,0,0,0
2026-08-13T03:48:08.296775,158,0,0,0,0,0
2026-08-13T03:48:08.296775,159,0,0,0,0,0
2026-08-13T03:48:08.299786,160,0,0,0,0,0
2026-08-13T03:48:08.300776,159,0,0,0,0,0
2026-08-13T03:48:08.300776,158,0,0,0,0,0
2026-08-13T03:48:08.303788,158,0,0,0,0,0
2026-08-13T03:48:08.304973,159,0,0,0,0,0
2026-08-13T03:48:08.304973,158,0,0,0,0,0
2026-08-13T03:48:08.305986,158,0,0,0,0,0
2026-08-13T03:48:08.307987,158,0,0,0,0,0
2026-08-13T03:48:08.308984,156,0,0,0,0,0
2026-08-13T03:48:08.308984,155,0,0,0,0,0
2026-08-13T03:48:08.312610,155,0,0,0,0,0
2026-08-13T03:48:08.312610,155,0,0,0,0,0
2026-08-13T03:48:08.313624,155,0,0,0,0,0
2026-08-13T03:48:08.313624,156,0,0,0,0,0
2026-08-13T03:48:08.316828,158,0,0,0,0,0
2026-08-13T03:48:08.316828,157,0,0,0,0,0
2026-08-13T03:48:08.316828,158,0,0,0,0,0
2026-08-13T03:48:08.320015,158,0,0,0,0,0
2026-08-13T03:48:08.321021,156,0,0,0,0,0
2026-08-13T03:48:08.322017,155,0,0,0,0,0
2026-08-13T03:48:08.322017,156,0,0,0,0,0
2026-08-13T03:48:08.324003,155,0,0,0,0,0
2026-08-13T03:48:08.325115,155,0,0,0,0,0
2026-08-13T03:48:08.326114,155,0,0,0,0,0
2026-08-13T03:48:08.328112,153,0,0,0,0,0
2026-08-13T03:48:08.329126,153,0,0,0,0,0
2026-08-13T03:48:08.329126,152,0,0,0,0,0
2026-08-13T03:48:08.332124,153,0,0,0,0,0
2026-08-13T03:48:08.333637,153,0,0,0,0,0
2026-08-13T03:48:08.333637,153,0,0,0,0,0
2026-08-13T03:48:08.334646,156,0,0,0,0,0
2026-08-13T03:48:08.337163,157,0,0,0,0,0
2026-08-13T03:48:08.337163,158,0,0,0,0,0
2026-08-13T03:48:08.337163,158,0,0,0,0,0
2026-08-13T03:48:08.340657,158,0,0,0,0,0
2026-08-13T03:48:08.341680,157,0,0,0,0,0
2026-08-13T03:48:08.341680,157,0,0,0,0,0
2026-08-13T03:48:08.342656,158,0,0,0,0,0
2026-08-13T03:48:08.344614,158,0,0,0,0,0
2026-08-13T03:48:08.344614,157,0,0,0,0,0
2026-08-13T03:48:08.346095,157,0,0,0,0,0
2026-08-13T03:48:08.349487,155,0,0,0,0,0
2026-08-13T03:48:08.349487,154,0,0,0,0,0
2026-08-13T03:48:08.350508,153,0,0,0,0,0
2026-08-13T03:48:08.350508,153,0,0,0,0,0
2026-08-13T03:48:08.353563,153,0,0,0,0,0
2026-08-13T03:48:08.353563,154,0,0,0,0,0
2026-08-13T03:48:08.354704,155,0,0,0,0,0
2026-08-13T03:48:08.357001,155,0,0,0,0,0
2026-08-13T03:48:08.358022,155,0,0,0,0,0
2026-08-13T03:48:08.359023,155,0,0,0,0,0
2026-08-13T03:48:08.359023,155,0,0,0,0,0
2026-08-13T03:48:08.361022,153,0,0,0,0,0
2026-08-13T03:48:08.362037,152,0,0,0,0,0
2026-08-13T03:48:08.362037,153,0,0,0,0,0
2026-08-13T03:48:08.365218,152,0,0,0,0,0
2026-08-13T03:48:08.366513,152,0,0,0,0,0
2026-08-13T03:48:08.366513,151,0,0,0,0,0
2026-08-13T03:48:08.369053,150,0,0,0,0,0
2026-08-13T03:48:08.370052,149,0,0,0,0,0
2026-08-13T03:48:08.371053,147,0,0,0,0,0
2026-08-13T03:48:08.371762,148,0,0,0,0,0
2026-08-13T03:48:08.374044,148,0,0,0,0,0
2026-08-13T03:48:08.374044,149,0,0,0,0,0
2026-08-13T03:48:08.374737,151,0,0,0,0,0
2026-08-13T03:48:08.377744,152,0,0,0,0,0
2026-08-13T03:48:08.377744,152,0,0,0,0,0
2026-08-13T03:48:08.378746,151,0,0,0,0,0
2026-08-13T03:48:08.379747,152,0,0,0,0,0
2026-08-13T03:48:08.381759,150,0,0,0,0,0
2026-08-13T03:48:08.382748,151,0,0,0,0,0
2026-08-13T03:48:08.382748,151,0,0,0,0,0
2026-08-13T03:48:08.386232,150,0,0,0,0,0
2026-08-13T03:48:08.386232,150,0,0,0,0,0
2026-08-13T03:48:08.387223,149,0,0,0,0,0
2026-08-13T03:48:08.387223,149,0,0,0,0,0
2026-08-13T03:48:08.390233,148,0,0,0,0,0
2026-08-13T03:48:08.390233,147,0,0,0,0,0
2026-08-13T03:48:08.391222,147,0,0,0,0,0
2026-08-13T03:48:08.394739,147,0,0,0,0,0
2026-08-13T03:48:08.394739,149,0,0,0,0,0
2026-08-13T03:48:08.395738,150,0,0,0,0,0
2026-08-13T03:48:08.398746,151,0,0,0,0,0
2026-08-13T03:48:08.398746,151,0,0,0,0,0
2026-08-13T03:48:08.399751,151,0,0,0,0,0
2026-08-13T03:48:08.399751,150,0,0,0,0,0
2026-08-13T03:48:08.402737,150,0,0,0,0,0
2026-08-13T03:48:08.402737,150,0,0,0,0,0
2026-08-13T03:48:08.403752,150,0,0,0,0,0
2026-08-13T03:48:08.406913,149,0,0,0,0,0
2026-08-13T03:48:08.406913,150,0,0,0,0,0
2026-08-13T03:48:08.407892,149,0,0,0,0,0
2026-08-13T03:48:08.408891,148,0,0,0,0,0
2026-08-13T03:48:08.410890,147,0,0,0,0,0
2026-08-13T03:48:08.410890,148,0,0,0,0,0
2026-08-13T03:48:08.411890,148,0,0,0,0,0
2026-08-13T03:48:08.414398,150,0,0,0,0,0
2026-08-13T03:48:08.415405,152,0,0,0,0,0
2026-08-13T03:48:08.415405,154,0,0,0,0,0
2026-08-13T03:48:08.416412,154,0,0,0,0,0
2026-08-13T03:48:08.418412,155,0,0,0,0,0
2026-08-13T03:48:08.419412,154,0,0,0,0,0
2026-08-13T03:48:08.419412,153,0,0,0,0,0
2026-08-13T03:48:08.422411,151,0,0,0,0,0
2026-08-13T03:48:08.422411,152,0,0,0,0,0
2026-08-13T03:48:08.423921,151,0,0,0,0,0
2026-08-13T03:48:08.423921,151,0,0,0,0,0
2026-08-13T03:48:08.427294,150,0,0,0,0,0
2026-08-13T03:48:08.427294,150,0,0,0,0,0
2026-08-13T03:48:08.427294,149,0,0,0,0,0
2026-08-13T03:48:08.431389,149,0,0,0,0,0
2026-08-13T03:48:08.431389,149,0,0,0,0,0
2026-08-13T03:48:08.432409,148,0,0,0,0,0
2026-08-13T03:48:08.435476,149,0,0,0,0,0
2026-08-13T03:48:08.435476,151,0,0,0,0,0
2026-08-13T03:48:08.436491,152,0,0,0,0,0
2026-08-13T03:48:08.436491,153,0,0,0,0,0
2026-08-13T03:48:08.439507,152,0,0,0,0,0
2026-08-13T03:48:08.440489,152,0,0,0,0,0
2026-08-13T03:48:08.441488,151,0,0,0,0,0
2026-08-13T03:48:08.442487,150,0,0,0,0,0
2026-08-13T03:48:08.443996,151,0,0,0,0,0
2026-08-13T03:48:08.445011,151,0,0,0,0,0
2026-08-13T03:48:08.445011,150,0,0,0,0,0
2026-08-13T03:48:08.447788,150,0,0,0,0,0
2026-08-13T03:48:08.447788,150,0,0,0,0,0
2026-08-13T03:48:08.448810,149,0,0,0,0,0
2026-08-13T03:48:08.451631,149,0,0,0,0,0
2026-08-13T03:48:08.451631,149,0,0,0,0,0
2026-08-13T03:48:08.452631,149,0,0,0,0,0
2026-08-13T03:48:08.453618,151,0,0,0,0,0
2026-08-13T03:48:08.455801,152,0,0,0,0,0
2026-08-13T03:48:08.455801,153,0,0,0,0,0
2026-08-13T03:48:08.456815,153,0,0,0,0,0
2026-08-13T03:48:08.459803,152,0,0,0,0,0
2026-08-13T03:48:08.459803,153,0,0,0,0,0
2026-08-13T03:48:08.460807,152,0,0,0,0,0
2026-08-13T03:48:08.463815,151,0,0,0,0,0
2026-08-13T03:48:08.464973,151,0,0,0,0,0
2026-08-13T03:48:08.464973,151,0,0,0,0,0
2026-08-13T03:48:08.465963,152,0,0,0,0,0
2026-08-13T03:48:08.467974,151,0,0,0,0,0
2026-08-13T03:48:08.468513,150,0,0,0,0,0
2026-08-13T03:48:08.468513,149,0,0,0,0,0
2026-08-13T03:48:08.471520,149,0,0,0,0,0
2026-08-13T03:48:08.476041,149,0,0,0,0,0
2026-08-13T03:48:08.477042,149,0,0,0,0,0
2026-08-13T03:48:08.477042,151,0,0,0,0,0
2026-08-13T03:48:08.478040,152,0,0,0,0,0
2026-08-13T03:48:08.478040,152,0,0,0,0,0
2026-08-13T03:48:08.479044,153,0,0,0,0,0
2026-08-13T03:48:08.480540,153,0,0,0,0,0
2026-08-13T03:48:08.480540,153,0,0,0,0,0
2026-08-13T03:48:08.480540,151,0,0,0,0,0
2026-08-13T03:48:08.481560,152,0,0,0,0,0
2026-08-13T03:48:08.484616,152,0,0,0,0,0
2026-08-13T03:48:08.484616,151,0,0,0,0,0
2026-08-13T03:48:08.485873,151,0,0,0,0,0
2026-08-13T03:48:08.488736,151,0,0,0,0,0
2026-08-13T03:48:08.488736,150,0,0,0,0,0
2026-08-13T03:48:08.490043,148,0,0,0,0,0
2026-08-13T03:48:08.491061,149,0,0,0,0,0
2026-08-13T03:48:08.492061,148,0,0,0,0,0
2026-08-13T03:48:08.493571,148,0,0,0,0,0
2026-08-13T03:48:08.493571,151,0,0,0,0,0
2026-08-13T03:48:08.496584,153,0,0,0,0,0
2026-08-13T03:48:08.496584,153,0,0,0,0,0
2026-08-13T03:48:08.497581,154,0,0,0,0,0
2026-08-13T03:48:08.500595,153,0,0,0,0,0
2026-08-13T03:48:08.501585,153,0,0,0,0,0
2026-08-13T03:48:08.501585,152,0,0,0,0,0
2026-08-13T03:48:08.502585,151,0,0,0,0,0
2026-08-13T03:48:08.505109,151,0,0,0,0,0
2026-08-13T03:48:08.505109,151,0,0,0,0,0
2026-08-13T03:48:08.506119,152,0,0,0,0,0
2026-08-13T03:48:08.509132,150,0,0,0,0,0
2026-08-13T03:48:08.509132,150,0,0,0,0,0
2026-08-13T03:48:08.510120,149,0,0,0,0,0
2026-08-13T03:48:08.510120,149,0,0,0,0,0
2026-08-13T03:48:08.513313,149,0,0,0,0,0
2026-08-13T03:48:08.513826,149,0,0,0,0,0
2026-08-13T03:48:08.514839,151,0,0,0,0,0
2026-08-13T03:48:08.516818,153,0,0,0,0,0
2026-08-13T03:48:08.517807,153,0,0,0,0,0
2026-08-13T03:48:08.518866,154,0,0,0,0,0
2026-08-13T03:48:08.519885,153,0,0,0,0,0
2026-08-13T03:48:08.520881,152,0,0,0,0,0
2026-08-13T03:48:08.530841,151,0,0,0,0,0
2026-08-13T03:48:08.532004,151,0,0,0,0,0
2026-08-13T03:48:08.533541,152,0,0,0,0,0
2026-08-13T03:48:08.534561,151,0,0,0,0,0
2026-08-13T03:48:08.534561,151,0,0,0,0,0
2026-08-13T03:48:08.535558,150,0,0,0,0,0
2026-08-13T03:48:08.536572,150,0,0,0,0,0
2026-08-13T03:48:08.536572,149,0,0,0,0,0
2026-08-13T03:48:08.537573,149,0,0,0,0,0
2026-08-13T03:48:08.538571,149,0,0,0,0,0
2026-08-13T03:48:08.538571,150,0,0,0,0,0
2026-08-13T03:48:08.539678,153,0,0,0,0,0
2026-08-13T03:48:08.540691,153,0,0,0,0,0
2026-08-13T03:48:08.541689,153,0,0,0,0,0
2026-08-13T03:48:08.542700,153,0,0,0,0,0
2026-08-13T03:48:08.542700,153,0,0,0,0,0
2026-08-13T03:48:08.543711,152,0,0,0,0,0
2026-08-13T03:48:08.543711,152,0,0,0,0,0
2026-08-13T03:48:08.543711,152,0,0,0,0,0
2026-08-13T03:48:08.546128,151,0,0,0,0,0
2026-08-13T03:48:08.546128,151,0,0,0,0,0
2026-08-13T03:48:08.547137,151,0,0,0,0,0
2026-08-13T03:48:08.547137,150,0,0,0,0,0
2026-08-13T03:48:08.549135,149,0,0,0,0,0
2026-08-13T03:48:08.550479,149,0,0,0,0,0
2026-08-13T03:48:08.550479,149,0,0,0,0,0
2026-08-13T03:48:08.554039,149,0,0,0,0,0
2026-08-13T03:48:08.554039,151,0,0,0,0,0
2026-08-13T03:48:08.555055,153,0,0,0,0,0
2026-08-13T03:48:08.555055,152,0,0,0,0,0
2026-08-13T03:48:08.558060,153,0,0,0,0,0
2026-08-13T03:48:08.558060,153,0,0,0,0,0
2026-08-13T03:48:08.559059,153,0,0,0,0,0
2026-08-13T03:48:08.562464,151,0,0,0,0,0
2026-08-13T03:48:08.562464,151,0,0,0,0,0
2026-08-13T03:48:08.562464,151,0,0,0,0,0
2026-08-13T03:48:08.566216,151,0,0,0,0,0
2026-08-13T03:48:08.566216,151,0,0,0,0,0
2026-08-13T03:48:08.567232,150,0,0,0,0,0
2026-08-13T03:48:08.567232,150,0,0,0,0,0
2026-08-13T03:48:08.570758,149,0,0,0,0,0
2026-08-13T03:48:08.570758,149,0,0,0,0,0
2026-08-13T03:48:08.570758,149,0,0,0,0,0
2026-08-13T03:48:08.573758,148,0,0,0,0,0
2026-08-13T03:48:08.574845,151,0,0,0,0,0
2026-08-13T03:48:08.574845,151,0,0,0,0,0
2026-08-13T03:48:08.575847,153,0,0,0,0,0
2026-08-13T03:48:08.578859,154,0,0,0,0,0
2026-08-13T03:48:08.578859,154,0,0,0,0,0
2026-08-13T03:48:08.578859,152,0,0,0,0,0
2026-08-13T03:48:08.582869,151,0,0,0,0,0
2026-08-13T03:48:08.582869,152,0,0,0,0,0
2026-08-13T03:48:08.582869,152,0,0,0,0,0
2026-08-13T03:48:08.583849,151,0,0,0,0,0
2026-08-13T03:48:08.586379,151,0,0,0,0,0
2026-08-13T03:48:08.587365,150,0,0,0,0,0
2026-08-13T03:48:08.587365,150,0,0,0,0,0
2026-08-13T03:48:08.590568,149,0,0,0,0,0
2026-08-13T03:48:08.591572,149,0,0,0,0,0
2026-08-13T03:48:08.591572,149,0,0,0,0,0
2026-08-13T03:48:08.591572,148,0,0,0,0,0
2026-08-13T03:48:08.595101,151,0,0,0,0,0
2026-08-13T03:48:08.595101,152,0,0,0,0,0
2026-08-13T03:48:08.596106,154,0,0,0,0,0
2026-08-13T03:48:08.599115,153,0,0,0,0,0
2026-08-13T03:48:08.599115,153,0,0,0,0,0
2026-08-13T03:48:08.600106,152,0,0,0,0,0
2026-08-13T03:48:08.602115,152,0,0,0,0,0
2026-08-13T03:48:08.603622,152,0,0,0,0,0
2026-08-13T03:48:08.604633,151,0,0,0,0,0
2026-08-13T03:48:08.604633,151,0,0,0,0,0
2026-08-13T03:48:08.607003,151,0,0,0,0,0
2026-08-13T03:48:08.607003,150,0,0,0,0,0
2026-08-13T03:48:08.608323,150,0,0,0,0,0
2026-08-13T03:48:08.611342,149,0,0,0,0,0
2026-08-13T03:48:08.611342,149,0,0,0,0,0
2026-08-13T03:48:08.612357,148,0,0,0,0,0
2026-08-13T03:48:08.612357,150,0,0,0,0,0
2026-08-13T03:48:08.615742,152,0,0,0,0,0
2026-08-13T03:48:08.615742,153,0,0,0,0,0
2026-08-13T03:48:08.616765,153,0,0,0,0,0
2026-08-13T03:48:08.619772,153,0,0,0,0,0
2026-08-13T03:48:08.619772,153,0,0,0,0,0
2026-08-13T03:48:08.620765,152,0,0,0,0,0
2026-08-13T03:48:08.620765,151,0,0,0,0,0
2026-08-13T03:48:08.623760,151,0,0,0,0,0
2026-08-13T03:48:08.623760,151,0,0,0,0,0
2026-08-13T03:48:08.625186,151,0,0,0,0,0
2026-08-13T03:48:08.627184,151,0,0,0,0,0
2026-08-13T03:48:08.628184,150,0,0,0,0,0
2026-08-13T03:48:08.629187,150,0,0,0,0,0
2026-08-13T03:48:08.632183,148,0,0,0,0,0
2026-08-13T03:48:08.632183,149,0,0,0,0,0
2026-08-13T03:48:08.632183,149,0,0,0,0,0
2026-08-13T03:48:08.633694,150,0,0,0,0,0
2026-08-13T03:48:08.635738,153,0,0,0,0,0
2026-08-13T03:48:08.636707,153,0,0,0,0,0
2026-08-13T03:48:08.636707,154,0,0,0,0,0
2026-08-13T03:48:08.639718,153,0,0,0,0,0
2026-08-13T03:48:08.640705,153,0,0,0,0,0
2026-08-13T03:48:08.641711,151,0,0,0,0,0
2026-08-13T03:48:08.641711,151,0,0,0,0,0
2026-08-13T03:48:08.644379,152,0,0,0,0,0
2026-08-13T03:48:08.644379,151,0,0,0,0,0
2026-08-13T03:48:08.645390,151,0,0,0,0,0
2026-08-13T03:48:08.648488,151,0,0,0,0,0
2026-08-13T03:48:08.648488,150,0,0,0,0,0
2026-08-13T03:48:08.649512,150,0,0,0,0,0
2026-08-13T03:48:08.649512,150,0,0,0,0,0
2026-08-13T03:48:08.652563,150,0,0,0,0,0
2026-08-13T03:48:08.652563,149,0,0,0,0,0
2026-08-13T03:48:08.653577,153,0,0,0,0,0
2026-08-13T03:48:08.656737,154,0,0,0,0,0
2026-08-13T03:48:08.657757,154,0,0,0,0,0
2026-08-13T03:48:08.657757,154,0,0,0,0,0
2026-08-13T03:48:08.658758,155,0,0,0,0,0
2026-08-13T03:48:08.660757,155,0,0,0,0,0
2026-08-13T03:48:08.660757,154,0,0,0,0,0
2026-08-13T03:48:08.661759,153,0,0,0,0,0
2026-08-13T03:48:08.664292,154,0,0,0,0,0
2026-08-13T03:48:08.665286,154,0,0,0,0,0
2026-08-13T03:48:08.665286,154,0,0,0,0,0
2026-08-13T03:48:08.668839,154,0,0,0,0,0
2026-08-13T03:48:08.668839,154,0,0,0,0,0
2026-08-13T03:48:08.669840,153,0,0,0,0,0
2026-08-13T03:48:08.670839,153,0,0,0,0,0
2026-08-13T03:48:08.672848,154,0,0,0,0,0
2026-08-13T03:48:08.672848,154,0,0,0,0,0
2026-08-13T03:48:08.674347,155,0,0,0,0,0
2026-08-13T03:48:08.676371,157,0,0,0,0,0
2026-08-13T03:48:08.677367,158,0,0,0,0,0
2026-08-13T03:48:08.678371,159,0,0,0,0,0
2026-08-13T03:48:08.678371,159,0,0,0,0,0
2026-08-13T03:48:08.680769,159,0,0,0,0,0
2026-08-13T03:48:08.681793,158,0,0,0,0,0
2026-08-13T03:48:08.681793,158,0,0,0,0,0
2026-08-13T03:48:08.685118,158,0,0,0,0,0
2026-08-13T03:48:08.685118,158,0,0,0,0,0
2026-08-13T03:48:08.686131,157,0,0,0,0,0
2026-08-13T03:48:08.687132,157,0,0,0,0,0
2026-08-13T03:48:08.689143,157,0,0,0,0,0
2026-08-13T03:48:08.690131,156,0,0,0,0,0
2026-08-13T03:48:08.691133,156,0,0,0,0,0
2026-08-13T03:48:08.693636,156,0,0,0,0,0
2026-08-13T03:48:08.693636,157,0,0,0,0,0
2026-08-13T03:48:08.693636,160,0,0,0,0,0
2026-08-13T03:48:08.697639,161,0,0,0,0,0
2026-08-13T03:48:08.697639,162,0,0,0,0,0
2026-08-13T03:48:08.698664,161,0,0,0,0,0
2026-08-13T03:48:08.699662,162,0,0,0,0,0
2026-08-13T03:48:08.701739,161,0,0,0,0,0
2026-08-13T03:48:08.701739,160,0,0,0,0,0
2026-08-13T03:48:08.702763,161,0,0,0,0,0
2026-08-13T03:48:08.704615,161,0,0,0,0,0
2026-08-13T03:48:08.706098,160,0,0,0,0,0
2026-08-13T03:48:08.707097,160,0,0,0,0,0
2026-08-13T03:48:08.708756,160,0,0,0,0,0
2026-08-13T03:48:08.709773,159,0,0,0,0,0
2026-08-13T03:48:08.710771,159,0,0,0,0,0
2026-08-13T03:48:08.710771,158,0,0,0,0,0
2026-08-13T03:48:08.713931,158,0,0,0,0,0
2026-08-13T03:48:08.713931,160,0,0,0,0,0
2026-08-13T03:48:08.714942,162,0,0,0,0,0
2026-08-13T03:48:08.714942,162,0,0,0,0,0
2026-08-13T03:48:08.717765,163,0,0,0,0,0
2026-08-13T03:48:08.717765,162,0,0,0,0,0
2026-08-13T03:48:08.718773,162,0,0,0,0,0
2026-08-13T03:48:08.722220,161,0,0,0,0,0
2026-08-13T03:48:08.722220,160,0,0,0,0,0
2026-08-13T03:48:08.722220,160,0,0,0,0,0
2026-08-13T03:48:08.723730,160,0,0,0,0,0
2026-08-13T03:48:08.725739,160,0,0,0,0,0
2026-08-13T03:48:08.726741,160,0,0,0,0,0
2026-08-13T03:48:08.726741,158,0,0,0,0,0
2026-08-13T03:48:08.730413,158,0,0,0,0,0
2026-08-13T03:48:08.730413,157,0,0,0,0,0
2026-08-13T03:48:08.731437,157,0,0,0,0,0
2026-08-13T03:48:08.733772,156,0,0,0,0,0
2026-08-13T03:48:08.734824,157,0,0,0,0,0
2026-08-13T03:48:08.734824,160,0,0,0,0,0
2026-08-13T03:48:08.736325,159,0,0,0,0,0
2026-08-13T03:48:08.738336,160,0,0,0,0,0
2026-08-13T03:48:08.739336,160,0,0,0,0,0
2026-08-13T03:48:08.739336,160,0,0,0,0,0
2026-08-13T03:48:08.742576,157,0,0,0,0,0
2026-08-13T03:48:08.743576,157,0,0,0,0,0
2026-08-13T03:48:08.744083,157,0,0,0,0,0
2026-08-13T03:48:08.745094,155,0,0,0,0,0
2026-08-13T03:48:08.746531,155,0,0,0,0,0
2026-08-13T03:48:08.746531,154,0,0,0,0,0
2026-08-13T03:48:08.747540,153,0,0,0,0,0
2026-08-13T03:48:08.750538,152,0,0,0,0,0
2026-08-13T03:48:08.750538,152,0,0,0,0,0
2026-08-13T03:48:08.751541,151,0,0,0,0,0
2026-08-13T03:48:08.751541,151,0,0,0,0,0
2026-08-13T03:48:08.753981,153,0,0,0,0,0
2026-08-13T03:48:08.755277,154,0,0,0,0,0
2026-08-13T03:48:08.755277,155,0,0,0,0,0
2026-08-13T03:48:08.758287,155,0,0,0,0,0
2026-08-13T03:48:08.759286,155,0,0,0,0,0
2026-08-13T03:48:08.759286,155,0,0,0,0,0
2026-08-13T03:48:08.762409,154,0,0,0,0,0
2026-08-13T03:48:08.762409,154,0,0,0,0,0
2026-08-13T03:48:08.762409,154,0,0,0,0,0
2026-08-13T03:48:08.763915,153,0,0,0,0,0
2026-08-13T03:48:08.766921,153,0,0,0,0,0
2026-08-13T03:48:08.766921,153,0,0,0,0,0
2026-08-13T03:48:08.766921,152,0,0,0,0,0
2026-08-13T03:48:08.770858,151,0,0,0,0,0
2026-08-13T03:48:08.771858,150,0,0,0,0,0
2026-08-13T03:48:08.771858,150,0,0,0,0,0
2026-08-13T03:48:08.771858,149,0,0,0,0,0
2026-08-13T03:48:08.774972,151,0,0,0,0,0
2026-08-13T03:48:08.774972,153,0,0,0,0,0
2026-08-13T03:48:08.776128,153,0,0,0,0,0
2026-08-13T03:48:08.779544,153,0,0,0,0,0
2026-08-13T03:48:08.779544,152,0,0,0,0,0
2026-08-13T03:48:08.779544,151,0,0,0,0,0
2026-08-13T03:48:08.780562,149,0,0,0,0,0
2026-08-13T03:48:08.782341,149,0,0,0,0,0
2026-08-13T03:48:08.783846,149,0,0,0,0,0
2026-08-13T03:48:08.783846,149,0,0,0,0,0
2026-08-13T03:48:08.787054,150,0,0,0,0,0
2026-08-13T03:48:08.788075,149,0,0,0,0,0
2026-08-13T03:48:08.788075,149,0,0,0,0,0
2026-08-13T03:48:08.788075,149,0,0,0,0,0
2026-08-13T03:48:08.791060,149,0,0,0,0,0
2026-08-13T03:48:08.792061,149,0,0,0,0,0
2026-08-13T03:48:08.792061,150,0,0,0,0,0
2026-08-13T03:48:08.795574,153,0,0,0,0,0
2026-08-13T03:48:08.795574,154,0,0,0,0,0
2026-08-13T03:48:08.796574,155,0,0,0,0,0
2026-08-13T03:48:08.799983,154,0,0,0,0,0
2026-08-13T03:48:08.799983,153,0,0,0,0,0
2026-08-13T03:48:08.800961,152,0,0,0,0,0
2026-08-13T03:48:08.800961,152,0,0,0,0,0
2026-08-13T03:48:08.803962,152,0,0,0,0,0
2026-08-13T03:48:08.804501,152,0,0,0,0,0
2026-08-13T03:48:08.804501,151,0,0,0,0,0
2026-08-13T03:48:08.808020,151,0,0,0,0,0
2026-08-13T03:48:08.808020,151,0,0,0,0,0
2026-08-13T03:48:08.809020,151,0,0,0,0,0
2026-08-13T03:48:08.809020,150,0,0,0,0,0
2026-08-13T03:48:08.811546,150,0,0,0,0,0
2026-08-13T03:48:08.812564,151,0,0,0,0,0
2026-08-13T03:48:08.812564,151,0,0,0,0,0
2026-08-13T03:48:08.816074,154,0,0,0,0,0
2026-08-13T03:48:08.816074,154,0,0,0,0,0
2026-08-13T03:48:08.817072,155,0,0,0,0,0
2026-08-13T03:48:08.817072,155,0,0,0,0,0
2026-08-13T03:48:08.820072,155,0,0,0,0,0
2026-08-13T03:48:08.820072,154,0,0,0,0,0
2026-08-13T03:48:08.821237,154,0,0,0,0,0
2026-08-13T03:48:08.824787,155,0,0,0,0,0
2026-08-13T03:48:08.824787,155,0,0,0,0,0
2026-08-13T03:48:08.824787,156,0,0,0,0,0
2026-08-13T03:48:08.825784,156,0,0,0,0,0
2026-08-13T03:48:08.827789,154,0,0,0,0,0
2026-08-13T03:48:08.827789,152,0,0,0,0,0
2026-08-13T03:48:08.829287,152,0,0,0,0,0
2026-08-13T03:48:08.832292,152,0,0,0,0,0
2026-08-13T03:48:08.833797,151,0,0,0,0,0
2026-08-13T03:48:08.833797,152,0,0,0,0,0
2026-08-13T03:48:08.836136,154,0,0,0,0,0
2026-08-13T03:48:08.837137,155,0,0,0,0,0
2026-08-13T03:48:08.837137,155,0,0,0,0,0
2026-08-13T03:48:08.837137,155,0,0,0,0,0
2026-08-13T03:48:08.840213,154,0,0,0,0,0
2026-08-13T03:48:08.840213,153,0,0,0,0,0
2026-08-13T03:48:08.841655,153,0,0,0,0,0
2026-08-13T03:48:08.845056,154,0,0,0,0,0
2026-08-13T03:48:08.845056,153,0,0,0,0,0
2026-08-13T03:48:08.845056,154,0,0,0,0,0
2026-08-13T03:48:08.846063,152,0,0,0,0,0
2026-08-13T03:48:08.848985,152,0,0,0,0,0
2026-08-13T03:48:08.848985,152,0,0,0,0,0
2026-08-13T03:48:08.850001,151,0,0,0,0,0
2026-08-13T03:48:08.852385,151,0,0,0,0,0
2026-08-13T03:48:08.853637,151,0,0,0,0,0
2026-08-13T03:48:08.853637,153,0,0,0,0,0
2026-08-13T03:48:08.853637,154,0,0,0,0,0
2026-08-13T03:48:08.856111,154,0,0,0,0,0
2026-08-13T03:48:08.857434,154,0,0,0,0,0
2026-08-13T03:48:08.857434,154,0,0,0,0,0
2026-08-13T03:48:08.860919,152,0,0,0,0,0
2026-08-13T03:48:08.860919,152,0,0,0,0,0
2026-08-13T03:48:08.861899,152,0,0,0,0,0
2026-08-13T03:48:08.864892,151,0,0,0,0,0
2026-08-13T03:48:08.865876,150,0,0,0,0,0
2026-08-13T03:48:08.865876,150,0,0,0,0,0
2026-08-13T03:48:08.865876,149,0,0,0,0,0
2026-08-13T03:48:08.869404,149,0,0,0,0,0
2026-08-13T03:48:08.870572,147,0,0,0,0,0
2026-08-13T03:48:08.870572,147,0,0,0,0,0
2026-08-13T03:48:08.873675,147,0,0,0,0,0
2026-08-13T03:48:08.874184,148,0,0,0,0,0
2026-08-13T03:48:08.874687,150,0,0,0,0,0
2026-08-13T03:48:08.874687,152,0,0,0,0,0
2026-08-13T03:48:08.877208,153,0,0,0,0,0
2026-08-13T03:48:08.878215,153,0,0,0,0,0
2026-08-13T03:48:08.878215,153,0,0,0,0,0
2026-08-13T03:48:08.881939,151,0,0,0,0,0
2026-08-13T03:48:08.881939,150,0,0,0,0,0
2026-08-13T03:48:08.881939,151,0,0,0,0,0
2026-08-13T03:48:08.882946,150,0,0,0,0,0
2026-08-13T03:48:08.885492,149,0,0,0,0,0
2026-08-13T03:48:08.885492,149,0,0,0,0,0
2026-08-13T03:48:08.886492,148,0,0,0,0,0
2026-08-13T03:48:08.889600,147,0,0,0,0,0
2026-08-13T03:48:08.890597,146,0,0,0,0,0
2026-08-13T03:48:08.890597,145,0,0,0,0,0
2026-08-13T03:48:08.890597,147,0,0,0,0,0
2026-08-13T03:48:08.893863,148,0,0,0,0,0
2026-08-13T03:48:08.893863,151,0,0,0,0,0
2026-08-13T03:48:08.895016,153,0,0,0,0,0
2026-08-13T03:48:08.898031,154,0,0,0,0,0
2026-08-13T03:48:08.898031,155,0,0,0,0,0
2026-08-13T03:48:08.899032,155,0,0,0,0,0
2026-08-13T03:48:08.902016,154,0,0,0,0,0
2026-08-13T03:48:08.902016,153,0,0,0,0,0
2026-08-13T03:48:08.903032,154,0,0,0,0,0
2026-08-13T03:48:08.903554,152,0,0,0,0,0
2026-08-13T03:48:08.906607,151,0,0,0,0,0
2026-08-13T03:48:08.906607,151,0,0,0,0,0
2026-08-13T03:48:08.907611,149,0,0,0,0,0
2026-08-13T03:48:08.910608,148,0,0,0,0,0
2026-08-13T03:48:08.910608,146,0,0,0,0,0
2026-08-13T03:48:08.911612,145,0,0,0,0,0
2026-08-13T03:48:08.911612,144,0,0,0,0,0
2026-08-13T03:48:08.914185,145,0,0,0,0,0
2026-08-13T03:48:08.915186,146,0,0,0,0,0
2026-08-13T03:48:08.915186,146,0,0,0,0,0
2026-08-13T03:48:08.918208,146,0,0,0,0,0
2026-08-13T03:48:08.919197,146,0,0,0,0,0
2026-08-13T03:48:08.919197,146,0,0,0,0,0
2026-08-13T03:48:08.920198,144,0,0,0,0,0
2026-08-13T03:48:08.922210,143,0,0,0,0,0
2026-08-13T03:48:08.922210,144,0,0,0,0,0
2026-08-13T03:48:08.923720,143,0,0,0,0,0
2026-08-13T03:48:08.927012,143,0,0,0,0,0
2026-08-13T03:48:08.927012,143,0,0,0,0,0
2026-08-13T03:48:08.928035,143,0,0,0,0,0
2026-08-13T03:48:08.930314,142,0,0,0,0,0
2026-08-13T03:48:08.931361,141,0,0,0,0,0
2026-08-13T03:48:08.932333,141,0,0,0,0,0
2026-08-13T03:48:08.932333,141,0,0,0,0,0
2026-08-13T03:48:08.934876,143,0,0,0,0,0
2026-08-13T03:48:08.935857,145,0,0,0,0,0
2026-08-13T03:48:08.935857,146,0,0,0,0,0
2026-08-13T03:48:08.938854,146,0,0,0,0,0
2026-08-13T03:48:08.939856,146,0,0,0,0,0
2026-08-13T03:48:08.939856,146,0,0,0,0,0
2026-08-13T03:48:08.940851,144,0,0,0,0,0
2026-08-13T03:48:08.942866,144,0,0,0,0,0
2026-08-13T03:48:08.943862,145,0,0,0,0,0
2026-08-13T03:48:08.943862,144,0,0,0,0,0
2026-08-13T03:48:08.947490,144,0,0,0,0,0
2026-08-13T03:48:08.947490,143,0,0,0,0,0
2026-08-13T03:48:08.948515,142,0,0,0,0,0
2026-08-13T03:48:08.948515,141,0,0,0,0,0
2026-08-13T03:48:08.951544,141,0,0,0,0,0
2026-08-13T03:48:08.951544,141,0,0,0,0,0
2026-08-13T03:48:08.952517,141,0,0,0,0,0
2026-08-13T03:48:08.955079,143,0,0,0,0,0
2026-08-13T03:48:08.956073,144,0,0,0,0,0
2026-08-13T03:48:08.957074,144,0,0,0,0,0
2026-08-13T03:48:08.957074,145,0,0,0,0,0
2026-08-13T03:48:08.959074,145,0,0,0,0,0
2026-08-13T03:48:08.960060,143,0,0,0,0,0
2026-08-13T03:48:08.961060,143,0,0,0,0,0
2026-08-13T03:48:08.963583,143,0,0,0,0,0
2026-08-13T03:48:08.963583,143,0,0,0,0,0
2026-08-13T03:48:08.964614,142,0,0,0,0,0
2026-08-13T03:48:08.967611,143,0,0,0,0,0
2026-08-13T03:48:08.967611,142,0,0,0,0,0
2026-08-13T03:48:08.967611,142,0,0,0,0,0
2026-08-13T03:48:08.969136,141,0,0,0,0,0
2026-08-13T03:48:08.972165,141,0,0,0,0,0
2026-08-13T03:48:08.972165,140,0,0,0,0,0
2026-08-13T03:48:08.972165,141,0,0,0,0,0
2026-08-13T03:48:08.975699,144,0,0,0,0,0
2026-08-13T03:48:08.976696,145,0,0,0,0,0
2026-08-13T03:48:08.977701,145,0,0,0,0,0
2026-08-13T03:48:08.977701,145,0,0,0,0,0
2026-08-13T03:48:08.979682,144,0,0,0,0,0
2026-08-13T03:48:08.980696,143,0,0,0,0,0
2026-08-13T03:48:08.980696,143,0,0,0,0,0
2026-08-13T03:48:08.984042,143,0,0,0,0,0
2026-08-13T03:48:08.985063,143,0,0,0,0,0
2026-08-13T03:48:08.985063,142,0,0,0,0,0
2026-08-13T03:48:08.986074,143,0,0,0,0,0
2026-08-13T03:48:08.988087,142,0,0,0,0,0
2026-08-13T03:48:08.989088,142,0,0,0,0,0
2026-08-13T03:48:08.989088,140,0,0,0,0,0
2026-08-13T03:48:08.992090,141,0,0,0,0,0
2026-08-13T03:48:08.992090,140,0,0,0,0,0
2026-08-13T03:48:08.993600,143,0,0,0,0,0
2026-08-13T03:48:08.996622,144,0,0,0,0,0
2026-08-13T03:48:08.996622,144,0,0,0,0,0
2026-08-13T03:48:08.997622,144,0,0,0,0,0
2026-08-13T03:48:08.997622,144,0,0,0,0,0
2026-08-13T03:48:09.000621,144,0,0,0,0,0
2026-08-13T03:48:09.000621,143,0,0,0,0,0
2026-08-13T03:48:09.001622,143,0,0,0,0,0
2026-08-13T03:48:09.004148,143,0,0,0,0,0
2026-08-13T03:48:09.005142,142,0,0,0,0,0
2026-08-13T03:48:09.006151,143,0,0,0,0,0
2026-08-13T03:48:09.006151,142,0,0,0,0,0
2026-08-13T03:48:09.008149,142,0,0,0,0,0
2026-08-13T03:48:09.009165,140,0,0,0,0,0
2026-08-13T03:48:09.010150,140,0,0,0,0,0
2026-08-13T03:48:09.012164,141,0,0,0,0,0
2026-08-13T03:48:09.013690,140,0,0,0,0,0
2026-08-13T03:48:09.013690,141,0,0,0,0,0
2026-08-13T03:48:09.014708,143,0,0,0,0,0
2026-08-13T03:48:09.017115,143,0,0,0,0,0
2026-08-13T03:48:09.017416,144,0,0,0,0,0
2026-08-13T03:48:09.017416,144,0,0,0,0,0
2026-08-13T03:48:09.020668,144,0,0,0,0,0
2026-08-13T03:48:09.021665,142,0,0,0,0,0
2026-08-13T03:48:09.022666,142,0,0,0,0,0
2026-08-13T03:48:09.022666,143,0,0,0,0,0
2026-08-13T03:48:09.024770,142,0,0,0,0,0
2026-08-13T03:48:09.025777,141,0,0,0,0,0
2026-08-13T03:48:09.026777,141,0,0,0,0,0
2026-08-13T03:48:09.028764,140,0,0,0,0,0
2026-08-13T03:48:09.029876,140,0,0,0,0,0
2026-08-13T03:48:09.029876,139,0,0,0,0,0
2026-08-13T03:48:09.032884,139,0,0,0,0,0
2026-08-13T03:48:09.033884,139,0,0,0,0,0
2026-08-13T03:48:09.034422,141,0,0,0,0,0
2026-08-13T03:48:09.034422,143,0,0,0,0,0
2026-08-13T03:48:09.037587,143,0,0,0,0,0
2026-08-13T03:48:09.037587,143,0,0,0,0,0
2026-08-13T03:48:09.038609,143,0,0,0,0,0
2026-08-13T03:48:09.041621,142,0,0,0,0,0
2026-08-13T03:48:09.041621,141,0,0,0,0,0
2026-08-13T03:48:09.042609,142,0,0,0,0,0
2026-08-13T03:48:09.042609,141,0,0,0,0,0
2026-08-13T03:48:09.045008,141,0,0,0,0,0
2026-08-13T03:48:09.046003,140,0,0,0,0,0
2026-08-13T03:48:09.046003,139,0,0,0,0,0
2026-08-13T03:48:09.049008,139,0,0,0,0,0
2026-08-13T03:48:09.050003,139,0,0,0,0,0
2026-08-13T03:48:09.051002,137,0,0,0,0,0
2026-08-13T03:48:09.051002,138,0,0,0,0,0
2026-08-13T03:48:09.054011,138,0,0,0,0,0
2026-08-13T03:48:09.054523,141,0,0,0,0,0
2026-08-13T03:48:09.054523,142,0,0,0,0,0
2026-08-13T03:48:09.057544,142,0,0,0,0,0
2026-08-13T03:48:09.058547,143,0,0,0,0,0
2026-08-13T03:48:09.058547,142,0,0,0,0,0
2026-08-13T03:48:09.059547,141,0,0,0,0,0
2026-08-13T03:48:09.062152,140,0,0,0,0,0
2026-08-13T03:48:09.062152,139,0,0,0,0,0
2026-08-13T03:48:09.063163,139,0,0,0,0,0
2026-08-13T03:48:09.066348,138,0,0,0,0,0
2026-08-13T03:48:09.066348,138,0,0,0,0,0
2026-08-13T03:48:09.067353,137,0,0,0,0,0
2026-08-13T03:48:09.069904,135,0,0,0,0,0
2026-08-13T03:48:09.070903,135,0,0,0,0,0
2026-08-13T03:48:09.070903,136,0,0,0,0,0
2026-08-13T03:48:09.071903,135,0,0,0,0,0
2026-08-13T03:48:09.074410,136,0,0,0,0,0
2026-08-13T03:48:09.074410,139,0,0,0,0,0
2026-08-13T03:48:09.075420,139,0,0,0,0,0
2026-08-13T03:48:09.078419,140,0,0,0,0,0
2026-08-13T03:48:09.079423,140,0,0,0,0,0
2026-08-13T03:48:09.079423,140,0,0,0,0,0
2026-08-13T03:48:09.080650,138,0,0,0,0,0
2026-08-13T03:48:09.082205,138,0,0,0,0,0
2026-08-13T03:48:09.082205,138,0,0,0,0,0
2026-08-13T03:48:09.083714,138,0,0,0,0,0
2026-08-13T03:48:09.086736,138,0,0,0,0,0
2026-08-13T03:48:09.086736,138,0,0,0,0,0
2026-08-13T03:48:09.087730,137,0,0,0,0,0
2026-08-13T03:48:09.087730,136,0,0,0,0,0
2026-08-13T03:48:09.090725,136,0,0,0,0,0
2026-08-13T03:48:09.091728,136,0,0,0,0,0
2026-08-13T03:48:09.091728,135,0,0,0,0,0
2026-08-13T03:48:09.094610,136,0,0,0,0,0
2026-08-13T03:48:09.095629,139,0,0,0,0,0
2026-08-13T03:48:09.095629,140,0,0,0,0,0
2026-08-13T03:48:09.099045,140,0,0,0,0,0
2026-08-13T03:48:09.099045,139,0,0,0,0,0
2026-08-13T03:48:09.100068,139,0,0,0,0,0
2026-08-13T03:48:09.100068,138,0,0,0,0,0
2026-08-13T03:48:09.103085,138,0,0,0,0,0
2026-08-13T03:48:09.103614,138,0,0,0,0,0
2026-08-13T03:48:09.103614,137,0,0,0,0,0
2026-08-13T03:48:09.106630,137,0,0,0,0,0
2026-08-13T03:48:09.107632,137,0,0,0,0,0
2026-08-13T03:48:09.108646,136,0,0,0,0,0
2026-08-13T03:48:09.108646,135,0,0,0,0,0
2026-08-13T03:48:09.110646,135,0,0,0,0,0
2026-08-13T03:48:09.111643,136,0,0,0,0,0
2026-08-13T03:48:09.111643,136,0,0,0,0,0
2026-08-13T03:48:09.114720,137,0,0,0,0,0
2026-08-13T03:48:09.115722,139,0,0,0,0,0
2026-08-13T03:48:09.116732,139,0,0,0,0,0
2026-08-13T03:48:09.116732,139,0,0,0,0,0
2026-08-13T03:48:09.119104,139,0,0,0,0,0
2026-08-13T03:48:09.120126,140,0,0,0,0,0
2026-08-13T03:48:09.120126,138,0,0,0,0,0
2026-08-13T03:48:09.123652,138,0,0,0,0,0
2026-08-13T03:48:09.123652,138,0,0,0,0,0
2026-08-13T03:48:09.124663,137,0,0,0,0,0
2026-08-13T03:48:09.125663,138,0,0,0,0,0
2026-08-13T03:48:09.127673,136,0,0,0,0,0
2026-08-13T03:48:09.127673,135,0,0,0,0,0
2026-08-13T03:48:09.128674,135,0,0,0,0,0
2026-08-13T03:48:09.131688,135,0,0,0,0,0
2026-08-13T03:48:09.131688,135,0,0,0,0,0
2026-08-13T03:48:09.132677,135,0,0,0,0,0
2026-08-13T03:48:09.135882,138,0,0,0,0,0
2026-08-13T03:48:09.135882,139,0,0,0,0,0
2026-08-13T03:48:09.136864,140,0,0,0,0,0
2026-08-13T03:48:09.136864,140,0,0,0,0,0
2026-08-13T03:48:09.139872,140,0,0,0,0,0
2026-08-13T03:48:09.140860,139,0,0,0,0,0
2026-08-13T03:48:09.140860,137,0,0,0,0,0
2026-08-13T03:48:09.144077,137,0,0,0,0,0
2026-08-13T03:48:09.144077,138,0,0,0,0,0
2026-08-13T03:48:09.145088,137,0,0,0,0,0
2026-08-13T03:48:09.146102,137,0,0,0,0,0
2026-08-13T03:48:09.148111,137,0,0,0,0,0
2026-08-13T03:48:09.148111,136,0,0,0,0,0
2026-08-13T03:48:09.149101,135,0,0,0,0,0
2026-08-13T03:48:09.152277,135,0,0,0,0,0
2026-08-13T03:48:09.152277,135,0,0,0,0,0
2026-08-13T03:48:09.152277,136,0,0,0,0,0
2026-08-13T03:48:09.153790,138,0,0,0,0,0
2026-08-13T03:48:09.155825,139,0,0,0,0,0
2026-08-13T03:48:09.156804,140,0,0,0,0,0
2026-08-13T03:48:09.157805,139,0,0,0,0,0
2026-08-13T03:48:09.159821,139,0,0,0,0,0
2026-08-13T03:48:09.160802,138,0,0,0,0,0
2026-08-13T03:48:09.160802,138,0,0,0,0,0
2026-08-13T03:48:09.164360,138,0,0,0,0,0
2026-08-13T03:48:09.165356,137,0,0,0,0,0
2026-08-13T03:48:09.165356,137,0,0,0,0,0
2026-08-13T03:48:09.166355,137,0,0,0,0,0
2026-08-13T03:48:09.168366,137,0,0,0,0,0
2026-08-13T03:48:09.169358,135,0,0,0,0,0
2026-08-13T03:48:09.169870,135,0,0,0,0,0
2026-08-13T03:48:09.171900,135,0,0,0,0,0
2026-08-13T03:48:09.172881,135,0,0,0,0,0
2026-08-13T03:48:09.174897,136,0,0,0,0,0
2026-08-13T03:48:09.174897,138,0,0,0,0,0
2026-08-13T03:48:09.176495,139,0,0,0,0,0
2026-08-13T03:48:09.177505,139,0,0,0,0,0
2026-08-13T03:48:09.177505,139,0,0,0,0,0
2026-08-13T03:48:09.180605,139,0,0,0,0,0
2026-08-13T03:48:09.180605,138,0,0,0,0,0
2026-08-13T03:48:09.180605,137,0,0,0,0,0
2026-08-13T03:48:09.180605,137,0,0,0,0,0
2026-08-13T03:48:09.184879,137,0,0,0,0,0
2026-08-13T03:48:09.184879,137,0,0,0,0,0
2026-08-13T03:48:09.185880,137,0,0,0,0,0
2026-08-13T03:48:09.188881,136,0,0,0,0,0
2026-08-13T03:48:09.188881,135,0,0,0,0,0
2026-08-13T03:48:09.189881,134,0,0,0,0,0
2026-08-13T03:48:09.190888,136,0,0,0,0,0
2026-08-13T03:48:09.192895,135,0,0,0,0,0
2026-08-13T03:48:09.193880,136,0,0,0,0,0
2026-08-13T03:48:09.194392,138,0,0,0,0,0
2026-08-13T03:48:09.197408,138,0,0,0,0,0
2026-08-13T03:48:09.197408,140,0,0,0,0,0
2026-08-13T03:48:09.198395,139,0,0,0,0,0
2026-08-13T03:48:09.201438,139,0,0,0,0,0
2026-08-13T03:48:09.201438,137,0,0,0,0,0
2026-08-13T03:48:09.202721,137,0,0,0,0,0
2026-08-13T03:48:09.203734,138,0,0,0,0,0
2026-08-13T03:48:09.204746,137,0,0,0,0,0
2026-08-13T03:48:09.205748,137,0,0,0,0,0
2026-08-13T03:48:09.206748,137,0,0,0,0,0
2026-08-13T03:48:09.208773,136,0,0,0,0,0
2026-08-13T03:48:09.209745,136,0,0,0,0,0
2026-08-13T03:48:09.210747,135,0,0,0,0,0
2026-08-13T03:48:09.210747,135,0,0,0,0,0
2026-08-13T03:48:09.213762,134,0,0,0,0,0
2026-08-13T03:48:09.214274,137,0,0,0,0,0
2026-08-13T03:48:09.215288,139,0,0,0,0,0
2026-08-13T03:48:09.217311,139,0,0,0,0,0
2026-08-13T03:48:09.218301,139,0,0,0,0,0
2026-08-13T03:48:09.218301,139,0,0,0,0,0
2026-08-13T03:48:09.219299,139,0,0,0,0,0
2026-08-13T03:48:09.221311,138,0,0,0,0,0
2026-08-13T03:48:09.222299,138,0,0,0,0,0
2026-08-13T03:48:09.222299,137,0,0,0,0,0
2026-08-13T03:48:09.225822,137,0,0,0,0,0
2026-08-13T03:48:09.225822,137,0,0,0,0,0
2026-08-13T03:48:09.226821,138,0,0,0,0,0
2026-08-13T03:48:09.230103,137,0,0,0,0,0
2026-08-13T03:48:09.230103,135,0,0,0,0,0
2026-08-13T03:48:09.231117,135,0,0,0,0,0
2026-08-13T03:48:09.232118,135,0,0,0,0,0
2026-08-13T03:48:09.233628,136,0,0,0,0,0
2026-08-13T03:48:09.234640,138,0,0,0,0,0
2026-08-13T03:48:09.235638,139,0,0,0,0,0
2026-08-13T03:48:09.238281,140,0,0,0,0,0
2026-08-13T03:48:09.238281,141,0,0,0,0,0
2026-08-13T03:48:09.239290,140,0,0,0,0,0
2026-08-13T03:48:09.239290,139,0,0,0,0,0
2026-08-13T03:48:09.242304,139,0,0,0,0,0
2026-08-13T03:48:09.242304,139,0,0,0,0,0
2026-08-13T03:48:09.243817,139,0,0,0,0,0
2026-08-13T03:48:09.245829,139,0,0,0,0,0
2026-08-13T03:48:09.246828,139,0,0,0,0,0
2026-08-13T03:48:09.246828,139,0,0,0,0,0
2026-08-13T03:48:09.247830,139,0,0,0,0,0
2026-08-13T03:48:09.249852,137,0,0,0,0,0
2026-08-13T03:48:09.250827,138,0,0,0,0,0
2026-08-13T03:48:09.250827,139,0,0,0,0,0
2026-08-13T03:48:09.254386,139,0,0,0,0,0
2026-08-13T03:48:09.255382,142,0,0,0,0,0
2026-08-13T03:48:09.255382,142,0,0,0,0,0
2026-08-13T03:48:09.256383,144,0,0,0,0,0
2026-08-13T03:48:09.258400,143,0,0,0,0,0
2026-08-13T03:48:09.259385,143,0,0,0,0,0
2026-08-13T03:48:09.259385,143,0,0,0,0,0
2026-08-13T03:48:09.262878,142,0,0,0,0,0
2026-08-13T03:48:09.262878,143,0,0,0,0,0
2026-08-13T03:48:09.263890,144,0,0,0,0,0
2026-08-13T03:48:09.266973,143,0,0,0,0,0
2026-08-13T03:48:09.266973,144,0,0,0,0,0
2026-08-13T03:48:09.267994,143,0,0,0,0,0
2026-08-13T03:48:09.267994,143,0,0,0,0,0
2026-08-13T03:48:09.271063,142,0,0,0,0,0
2026-08-13T03:48:09.271063,142,0,0,0,0,0
2026-08-13T03:48:09.272095,142,0,0,0,0,0
2026-08-13T03:48:09.274601,144,0,0,0,0,0
2026-08-13T03:48:09.275614,146,0,0,0,0,0
2026-08-13T03:48:09.275614,146,0,0,0,0,0
2026-08-13T03:48:09.276614,148,0,0,0,0,0
2026-08-13T03:48:09.278633,147,0,0,0,0,0
2026-08-13T03:48:09.279611,146,0,0,0,0,0
2026-08-13T03:48:09.279611,146,0,0,0,0,0
2026-08-13T03:48:09.282624,145,0,0,0,0,0
2026-08-13T03:48:09.284121,146,0,0,0,0,0
2026-08-13T03:48:09.284121,145,0,0,0,0,0
2026-08-13T03:48:09.285135,145,0,0,0,0,0
2026-08-13T03:48:09.287161,145,0,0,0,0,0
2026-08-13T03:48:09.288148,145,0,0,0,0,0
2026-08-13T03:48:09.288148,145,0,0,0,0,0
2026-08-13T03:48:09.291146,144,0,0,0,0,0
2026-08-13T03:48:09.292149,145,0,0,0,0,0
2026-08-13T03:48:09.292149,145,0,0,0,0,0
2026-08-13T03:48:09.292149,147,0,0,0,0,0
2026-08-13T03:48:09.295673,149,0,0,0,0,0
2026-08-13T03:48:09.295673,150,0,0,0,0,0
2026-08-13T03:48:09.296684,150,0,0,0,0,0
2026-08-13T03:48:09.299693,150,0,0,0,0,0
2026-08-13T03:48:09.299693,150,0,0,0,0,0
2026-08-13T03:48:09.300685,149,0,0,0,0,0
2026-08-13T03:48:09.303694,149,0,0,0,0,0
2026-08-13T03:48:09.303694,149,0,0,0,0,0
2026-08-13T03:48:09.304839,149,0,0,0,0,0
2026-08-13T03:48:09.304839,149,0,0,0,0,0
2026-08-13T03:48:09.307859,148,0,0,0,0,0
2026-08-13T03:48:09.307859,147,0,0,0,0,0
2026-08-13T03:48:09.308860,147,0,0,0,0,0
2026-08-13T03:48:09.311874,148,0,0,0,0,0
2026-08-13T03:48:09.311874,148,0,0,0,0,0
2026-08-13T03:48:09.312856,148,0,0,0,0,0
2026-08-13T03:48:09.313856,151,0,0,0,0,0
2026-08-13T03:48:09.316113,152,0,0,0,0,0
2026-08-13T03:48:09.316113,153,0,0,0,0,0
2026-08-13T03:48:09.317136,154,0,0,0,0,0
2026-08-13T03:48:09.320215,153,0,0,0,0,0
2026-08-13T03:48:09.320215,152,0,0,0,0,0
2026-08-13T03:48:09.321243,151,0,0,0,0,0
2026-08-13T03:48:09.322241,152,0,0,0,0,0
2026-08-13T03:48:09.323751,151,0,0,0,0,0
2026-08-13T03:48:09.324764,150,0,0,0,0,0
2026-08-13T03:48:09.325767,150,0,0,0,0,0
2026-08-13T03:48:09.328467,149,0,0,0,0,0
2026-08-13T03:48:09.328467,149,0,0,0,0,0
2026-08-13T03:48:09.329479,148,0,0,0,0,0
2026-08-13T03:48:09.332105,148,0,0,0,0,0
2026-08-13T03:48:09.332105,148,0,0,0,0,0
2026-08-13T03:48:09.333617,149,0,0,0,0,0
2026-08-13T03:48:09.333617,151,0,0,0,0,0
2026-08-13T03:48:09.336635,152,0,0,0,0,0
2026-08-13T03:48:09.336635,153,0,0,0,0,0
2026-08-13T03:48:09.337635,153,0,0,0,0,0
2026-08-13T03:48:09.340635,153,0,0,0,0,0
2026-08-13T03:48:09.341635,152,0,0,0,0,0
2026-08-13T03:48:09.341635,151,0,0,0,0,0
2026-08-13T03:48:09.342634,151,0,0,0,0,0
2026-08-13T03:48:09.344141,151,0,0,0,0,0
2026-08-13T03:48:09.345147,151,0,0,0,0,0
2026-08-13T03:48:09.345147,151,0,0,0,0,0
2026-08-13T03:48:09.348897,151,0,0,0,0,0
2026-08-13T03:48:09.348897,150,0,0,0,0,0
2026-08-13T03:48:09.349919,150,0,0,0,0,0
2026-08-13T03:48:09.349919,150,0,0,0,0,0
2026-08-13T03:48:09.352989,150,0,0,0,0,0
2026-08-13T03:48:09.354006,152,0,0,0,0,0
2026-08-13T03:48:09.355024,153,0,0,0,0,0
2026-08-13T03:48:09.357023,155,0,0,0,0,0
2026-08-13T03:48:09.357023,155,0,0,0,0,0
2026-08-13T03:48:09.358021,155,0,0,0,0,0
2026-08-13T03:48:09.358021,155,0,0,0,0,0
2026-08-13T03:48:09.361282,153,0,0,0,0,0
2026-08-13T03:48:09.361282,153,0,0,0,0,0
2026-08-13T03:48:09.362280,154,0,0,0,0,0
2026-08-13T03:48:09.365037,153,0,0,0,0,0
2026-08-13T03:48:09.365933,153,0,0,0,0,0
2026-08-13T03:48:09.365933,152,0,0,0,0,0
2026-08-13T03:48:09.369364,152,0,0,0,0,0
2026-08-13T03:48:09.369881,151,0,0,0,0,0
2026-08-13T03:48:09.370900,151,0,0,0,0,0
2026-08-13T03:48:09.370900,151,0,0,0,0,0
2026-08-13T03:48:09.372920,151,0,0,0,0,0
2026-08-13T03:48:09.374408,153,0,0,0,0,0
2026-08-13T03:48:09.375420,155,0,0,0,0,0
2026-08-13T03:48:09.377430,156,0,0,0,0,0
2026-08-13T03:48:09.377430,157,0,0,0,0,0
2026-08-13T03:48:09.378433,157,0,0,0,0,0
2026-08-13T03:48:09.379434,158,0,0,0,0,0
2026-08-13T03:48:09.381721,157,0,0,0,0,0
2026-08-13T03:48:09.381721,157,0,0,0,0,0
2026-08-13T03:48:09.382729,158,0,0,0,0,0
2026-08-13T03:48:09.385726,157,0,0,0,0,0
2026-08-13T03:48:09.385726,158,0,0,0,0,0
2026-08-13T03:48:09.386300,157,0,0,0,0,0
2026-08-13T03:48:09.386300,157,0,0,0,0,0
2026-08-13T03:48:09.389959,157,0,0,0,0,0
2026-08-13T03:48:09.389959,157,0,0,0,0,0
2026-08-13T03:48:09.390957,157,0,0,0,0,0
2026-08-13T03:48:09.393937,158,0,0,0,0,0
2026-08-13T03:48:09.394450,160,0,0,0,0,0
2026-08-13T03:48:09.394450,162,0,0,0,0,0
2026-08-13T03:48:09.398039,163,0,0,0,0,0
2026-08-13T03:48:09.398039,163,0,0,0,0,0
2026-08-13T03:48:09.399061,164,0,0,0,0,0
2026-08-13T03:48:09.399061,164,0,0,0,0,0
2026-08-13T03:48:09.401449,162,0,0,0,0,0
2026-08-13T03:48:09.402433,162,0,0,0,0,0
2026-08-13T03:48:09.402433,163,0,0,0,0,0
2026-08-13T03:48:09.405953,161,0,0,0,0,0
2026-08-13T03:48:09.406960,162,0,0,0,0,0
2026-08-13T03:48:09.406960,161,0,0,0,0,0
2026-08-13T03:48:09.407961,161,0,0,0,0,0
2026-08-13T03:48:09.409973,159,0,0,0,0,0
2026-08-13T03:48:09.409973,160,0,0,0,0,0
2026-08-13T03:48:09.410963,160,0,0,0,0,0
2026-08-13T03:48:09.414515,160,0,0,0,0,0
2026-08-13T03:48:09.414515,164,0,0,0,0,0
2026-08-13T03:48:09.415512,164,0,0,0,0,0
2026-08-13T03:48:09.415512,164,0,0,0,0,0
2026-08-13T03:48:09.418534,165,0,0,0,0,0
2026-08-13T03:48:09.418534,164,0,0,0,0,0
2026-08-13T03:48:09.419522,164,0,0,0,0,0
2026-08-13T03:48:09.422540,162,0,0,0,0,0
2026-08-13T03:48:09.422540,163,0,0,0,0,0
2026-08-13T03:48:09.422540,163,0,0,0,0,0
2026-08-13T03:48:09.424056,162,0,0,0,0,0
2026-08-13T03:48:09.426087,162,0,0,0,0,0
2026-08-13T03:48:09.427088,162,0,0,0,0,0
2026-08-13T03:48:09.428088,161,0,0,0,0,0
2026-08-13T03:48:09.430815,161,0,0,0,0,0
2026-08-13T03:48:09.430815,161,0,0,0,0,0
2026-08-13T03:48:09.431841,161,0,0,0,0,0
2026-08-13T03:48:09.434612,162,0,0,0,0,0
2026-08-13T03:48:09.434612,165,0,0,0,0,0
2026-08-13T03:48:09.435906,166,0,0,0,0,0
2026-08-13T03:48:09.436927,167,0,0,0,0,0
2026-08-13T03:48:09.438920,167,0,0,0,0,0
2026-08-13T03:48:09.438920,166,0,0,0,0,0
2026-08-13T03:48:09.439920,165,0,0,0,0,0
2026-08-13T03:48:09.443088,165,0,0,0,0,0
2026-08-13T03:48:09.443602,166,0,0,0,0,0
2026-08-13T03:48:09.444616,166,0,0,0,0,0
2026-08-13T03:48:09.444616,166,0,0,0,0,0
2026-08-13T03:48:09.447190,167,0,0,0,0,0
2026-08-13T03:48:09.447190,166,0,0,0,0,0
2026-08-13T03:48:09.448214,166,0,0,0,0,0
2026-08-13T03:48:09.451339,165,0,0,0,0,0
2026-08-13T03:48:09.451339,166,0,0,0,0,0
2026-08-13T03:48:09.452343,166,0,0,0,0,0
2026-08-13T03:48:09.452343,167,0,0,0,0,0
2026-08-13T03:48:09.454899,170,0,0,0,0,0
2026-08-13T03:48:09.455898,171,0,0,0,0,0
2026-08-13T03:48:09.456898,171,0,0,0,0,0
2026-08-13T03:48:09.458906,172,0,0,0,0,0
2026-08-13T03:48:09.459899,173,0,0,0,0,0
2026-08-13T03:48:09.459899,173,0,0,0,0,0
2026-08-13T03:48:09.462902,172,0,0,0,0,0
2026-08-13T03:48:09.463883,173,0,0,0,0,0
2026-08-13T03:48:09.464388,173,0,0,0,0,0
2026-08-13T03:48:09.464388,173,0,0,0,0,0
2026-08-13T03:48:09.467396,174,0,0,0,0,0
2026-08-13T03:48:09.467396,173,0,0,0,0,0
2026-08-13T03:48:09.468394,173,0,0,0,0,0
2026-08-13T03:48:09.470946,173,0,0,0,0,0
2026-08-13T03:48:09.471945,174,0,0,0,0,0
2026-08-13T03:48:09.471945,174,0,0,0,0,0
2026-08-13T03:48:09.471945,175,0,0,0,0,0
2026-08-13T03:48:09.475281,178,0,0,0,0,0
2026-08-13T03:48:09.476304,178,0,0,0,0,0
2026-08-13T03:48:09.476304,178,0,0,0,0,0
2026-08-13T03:48:09.479963,178,0,0,0,0,0
2026-08-13T03:48:09.479963,177,0,0,0,0,0
2026-08-13T03:48:09.479963,176,0,0,0,0,0
2026-08-13T03:48:09.479963,176,0,0,0,0,0
2026-08-13T03:48:09.483980,176,0,0,0,0,0
2026-08-13T03:48:09.484485,175,0,0,0,0,0
2026-08-13T03:48:09.484485,175,0,0,0,0,0
2026-08-13T03:48:09.487853,174,0,0,0,0,0
2026-08-13T03:48:09.487853,174,0,0,0,0,0
2026-08-13T03:48:09.488863,172,0,0,0,0,0
2026-08-13T03:48:09.488863,173,0,0,0,0,0
2026-08-13T03:48:09.492113,173,0,0,0,0,0
2026-08-13T03:48:09.492113,173,0,0,0,0,0
2026-08-13T03:48:09.492113,175,0,0,0,0,0
2026-08-13T03:48:09.495676,178,0,0,0,0,0
2026-08-13T03:48:09.496634,177,0,0,0,0,0
2026-08-13T03:48:09.496634,178,0,0,0,0,0
2026-08-13T03:48:09.499633,178,0,0,0,0,0
2026-08-13T03:48:09.500633,178,0,0,0,0,0
2026-08-13T03:48:09.500633,177,0,0,0,0,0
2026-08-13T03:48:09.501637,177,0,0,0,0,0
2026-08-13T03:48:09.504528,177,0,0,0,0,0
2026-08-13T03:48:09.504528,176,0,0,0,0,0
2026-08-13T03:48:09.505538,177,0,0,0,0,0
2026-08-13T03:48:09.508559,176,0,0,0,0,0
2026-08-13T03:48:09.508559,175,0,0,0,0,0
2026-08-13T03:48:09.509539,175,0,0,0,0,0
2026-08-13T03:48:09.510539,175,0,0,0,0,0
2026-08-13T03:48:09.512089,176,0,0,0,0,0
2026-08-13T03:48:09.512089,176,0,0,0,0,0
2026-08-13T03:48:09.513604,179,0,0,0,0,0
2026-08-13T03:48:09.516259,180,0,0,0,0,0
2026-08-13T03:48:09.517240,180,0,0,0,0,0
2026-08-13T03:48:09.517240,181,0,0,0,0,0
2026-08-13T03:48:09.518242,180,0,0,0,0,0
2026-08-13T03:48:09.520254,180,0,0,0,0,0
2026-08-13T03:48:09.521239,179,0,0,0,0,0
2026-08-13T03:48:09.521239,180,0,0,0,0,0
2026-08-13T03:48:09.524762,180,0,0,0,0,0
2026-08-13T03:48:09.525763,179,0,0,0,0,0
2026-08-13T03:48:09.525763,179,0,0,0,0,0
2026-08-13T03:48:09.528774,179,0,0,0,0,0
2026-08-13T03:48:09.529766,179,0,0,0,0,0
2026-08-13T03:48:09.529766,178,0,0,0,0,0
2026-08-13T03:48:09.530762,179,0,0,0,0,0
2026-08-13T03:48:09.532761,179,0,0,0,0,0
2026-08-13T03:48:09.533766,180,0,0,0,0,0
2026-08-13T03:48:09.534279,182,0,0,0,0,0
2026-08-13T03:48:09.537290,183,0,0,0,0,0
2026-08-13T03:48:09.537290,183,0,0,0,0,0
2026-08-13T03:48:09.538315,183,0,0,0,0,0
2026-08-13T03:48:09.539313,183,0,0,0,0,0
2026-08-13T03:48:09.541310,183,0,0,0,0,0
2026-08-13T03:48:09.541310,183,0,0,0,0,0
2026-08-13T03:48:09.542308,183,0,0,0,0,0
2026-08-13T03:48:09.544828,183,0,0,0,0,0
2026-08-13T03:48:09.545829,183,0,0,0,0,0
2026-08-13T03:48:09.546839,183,0,0,0,0,0
2026-08-13T03:48:09.546839,182,0,0,0,0,0
2026-08-13T03:48:09.549146,181,0,0,0,0,0
2026-08-13T03:48:09.550165,180,0,0,0,0,0
2026-08-13T03:48:09.550165,180,0,0,0,0,0
2026-08-13T03:48:09.553701,180,0,0,0,0,0
2026-08-13T03:48:09.553701,181,0,0,0,0,0
2026-08-13T03:48:09.554722,183,0,0,0,0,0
2026-08-13T03:48:09.554722,184,0,0,0,0,0
2026-08-13T03:48:09.557724,183,0,0,0,0,0
2026-08-13T03:48:09.557724,184,0,0,0,0,0
2026-08-13T03:48:09.558720,183,0,0,0,0,0
2026-08-13T03:48:09.561721,183,0,0,0,0,0
2026-08-13T03:48:09.561721,182,0,0,0,0,0
2026-08-13T03:48:09.562722,184,0,0,0,0,0
2026-08-13T03:48:09.565743,182,0,0,0,0,0
2026-08-13T03:48:09.565743,182,0,0,0,0,0
2026-08-13T03:48:09.566753,180,0,0,0,0,0
2026-08-13T03:48:09.566753,180,0,0,0,0,0
2026-08-13T03:48:09.569766,179,0,0,0,0,0
2026-08-13T03:48:09.569766,178,0,0,0,0,0
2026-08-13T03:48:09.571061,179,0,0,0,0,0
2026-08-13T03:48:09.574060,178,0,0,0,0,0
2026-08-13T03:48:09.574568,180,0,0,0,0,0
2026-08-13T03:48:09.575581,182,0,0,0,0,0
2026-08-13T03:48:09.575581,182,0,0,0,0,0
2026-08-13T03:48:09.577590,182,0,0,0,0,0
2026-08-13T03:48:09.578588,182,0,0,0,0,0
2026-08-13T03:48:09.578588,182,0,0,0,0,0
2026-08-13T03:48:09.582103,181,0,0,0,0,0
2026-08-13T03:48:09.582103,181,0,0,0,0,0
2026-08-13T03:48:09.582103,181,0,0,0,0,0
2026-08-13T03:48:09.582103,180,0,0,0,0,0
2026-08-13T03:48:09.585755,180,0,0,0,0,0
2026-08-13T03:48:09.585755,180,0,0,0,0,0
2026-08-13T03:48:09.586982,180,0,0,0,0,0
2026-08-13T03:48:09.590338,179,0,0,0,0,0
2026-08-13T03:48:09.590338,179,0,0,0,0,0
2026-08-13T03:48:09.590338,179,0,0,0,0,0
2026-08-13T03:48:09.591683,180,0,0,0,0,0
2026-08-13T03:48:09.594621,182,0,0,0,0,0
2026-08-13T03:48:09.595653,183,0,0,0,0,0
2026-08-13T03:48:09.595653,184,0,0,0,0,0
2026-08-13T03:48:09.598737,184,0,0,0,0,0
2026-08-13T03:48:09.598737,184,0,0,0,0,0
2026-08-13T03:48:09.599757,184,0,0,0,0,0
2026-08-13T03:48:09.602900,182,0,0,0,0,0
2026-08-13T03:48:09.602900,182,0,0,0,0,0
2026-08-13T03:48:09.603905,182,0,0,0,0,0
2026-08-13T03:48:09.604416,182,0,0,0,0,0
2026-08-13T03:48:09.606441,181,0,0,0,0,0
2026-08-13T03:48:09.607426,181,0,0,0,0,0
2026-08-13T03:48:09.607426,180,0,0,0,0,0
2026-08-13T03:48:09.610616,179,0,0,0,0,0
2026-08-13T03:48:09.611604,180,0,0,0,0,0
2026-08-13T03:48:09.611604,179,0,0,0,0,0
2026-08-13T03:48:09.612606,180,0,0,0,0,0
2026-08-13T03:48:09.614822,182,0,0,0,0,0
2026-08-13T03:48:09.614822,183,0,0,0,0,0
2026-08-13T03:48:09.615813,184,0,0,0,0,0
2026-08-13T03:48:09.618487,183,0,0,0,0,0
2026-08-13T03:48:09.619498,183,0,0,0,0,0
2026-08-13T03:48:09.619498,182,0,0,0,0,0
2026-08-13T03:48:09.620487,181,0,0,0,0,0
2026-08-13T03:48:09.622499,182,0,0,0,0,0
2026-08-13T03:48:09.624010,182,0,0,0,0,0
2026-08-13T03:48:09.625021,181,0,0,0,0,0
2026-08-13T03:48:09.627033,181,0,0,0,0,0
2026-08-13T03:48:09.628033,180,0,0,0,0,0
2026-08-13T03:48:09.628033,180,0,0,0,0,0
2026-08-13T03:48:09.631043,180,0,0,0,0,0
2026-08-13T03:48:09.632044,180,0,0,0,0,0
2026-08-13T03:48:09.632044,180,0,0,0,0,0
2026-08-13T03:48:09.633030,181,0,0,0,0,0
2026-08-13T03:48:09.635598,183,0,0,0,0,0
2026-08-13T03:48:09.635598,183,0,0,0,0,0
2026-08-13T03:48:09.636580,184,0,0,0,0,0
2026-08-13T03:48:09.639594,184,0,0,0,0,0
2026-08-13T03:48:09.639594,184,0,0,0,0,0
2026-08-13T03:48:09.640582,183,0,0,0,0,0
2026-08-13T03:48:09.641582,183,0,0,0,0,0
2026-08-13T03:48:09.643582,183,0,0,0,0,0
2026-08-13T03:48:09.643582,183,0,0,0,0,0
2026-08-13T03:48:09.644681,182,0,0,0,0,0
2026-08-13T03:48:09.647893,182,0,0,0,0,0
2026-08-13T03:48:09.647893,181,0,0,0,0,0
2026-08-13T03:48:09.648915,180,0,0,0,0,0
2026-08-13T03:48:09.648915,180,0,0,0,0,0
2026-08-13T03:48:09.651988,180,0,0,0,0,0
2026-08-13T03:48:09.651988,179,0,0,0,0,0
2026-08-13T03:48:09.653009,181,0,0,0,0,0
2026-08-13T03:48:09.655664,183,0,0,0,0,0
2026-08-13T03:48:09.656689,183,0,0,0,0,0
2026-08-13T03:48:09.657676,183,0,0,0,0,0
2026-08-13T03:48:09.657676,184,0,0,0,0,0
2026-08-13T03:48:09.659689,183,0,0,0,0,0
2026-08-13T03:48:09.660677,182,0,0,0,0,0
2026-08-13T03:48:09.660677,182,0,0,0,0,0
2026-08-13T03:48:09.663696,184,0,0,0,0,0
2026-08-13T03:48:09.664798,182,0,0,0,0,0
2026-08-13T03:48:09.664798,182,0,0,0,0,0
2026-08-13T03:48:09.667800,181,0,0,0,0,0
2026-08-13T03:48:09.668806,181,0,0,0,0,0
2026-08-13T03:48:09.668806,180,0,0,0,0,0
2026-08-13T03:48:09.668806,179,0,0,0,0,0
2026-08-13T03:48:09.672174,180,0,0,0,0,0
2026-08-13T03:48:09.672680,179,0,0,0,0,0
2026-08-13T03:48:09.672680,182,0,0,0,0,0
2026-08-13T03:48:09.675695,183,0,0,0,0,0
2026-08-13T03:48:09.676694,184,0,0,0,0,0
2026-08-13T03:48:09.676694,184,0,0,0,0,0
2026-08-13T03:48:09.677694,184,0,0,0,0,0
2026-08-13T03:48:09.679813,184,0,0,0,0,0
2026-08-13T03:48:09.680820,182,0,0,0,0,0
2026-08-13T03:48:09.680820,182,0,0,0,0,0
2026-08-13T03:48:09.683834,182,0,0,0,0,0
2026-08-13T03:48:09.685009,181,0,0,0,0,0
2026-08-13T03:48:09.685009,181,0,0,0,0,0
2026-08-13T03:48:09.686009,180,0,0,0,0,0
2026-08-13T03:48:09.689008,180,0,0,0,0,0
2026-08-13T03:48:09.689008,180,0,0,0,0,0
2026-08-13T03:48:09.690011,180,0,0,0,0,0
2026-08-13T03:48:09.693008,180,0,0,0,0,0
2026-08-13T03:48:09.693008,180,0,0,0,0,0
2026-08-13T03:48:09.694012,184,0,0,0,0,0
2026-08-13T03:48:09.697037,183,0,0,0,0,0
2026-08-13T03:48:09.697037,183,0,0,0,0,0
2026-08-13T03:48:09.698059,185,0,0,0,0,0
2026-08-13T03:48:09.698059,184,0,0,0,0,0
2026-08-13T03:48:09.701139,183,0,0,0,0,0
2026-08-13T03:48:09.701139,181,0,0,0,0,0
2026-08-13T03:48:09.702164,182,0,0,0,0,0
2026-08-13T03:48:09.704727,183,0,0,0,0,0
2026-08-13T03:48:09.705728,183,0,0,0,0,0
2026-08-13T03:48:09.705728,182,0,0,0,0,0
2026-08-13T03:48:09.706729,181,0,0,0,0,0
2026-08-13T03:48:09.708728,181,0,0,0,0,0
2026-08-13T03:48:09.709726,180,0,0,0,0,0
2026-08-13T03:48:09.709726,181,0,0,0,0,0
2026-08-13T03:48:09.712744,180,0,0,0,0,0
2026-08-13T03:48:09.713726,181,0,0,0,0,0
2026-08-13T03:48:09.714236,184,0,0,0,0,0
2026-08-13T03:48:09.715248,184,0,0,0,0,0
2026-08-13T03:48:09.717278,185,0,0,0,0,0
2026-08-13T03:48:09.717278,185,0,0,0,0,0
2026-08-13T03:48:09.718260,184,0,0,0,0,0
2026-08-13T03:48:09.721270,184,0,0,0,0,0
2026-08-13T03:48:09.722259,183,0,0,0,0,0
2026-08-13T03:48:09.722259,184,0,0,0,0,0
2026-08-13T03:48:09.722259,184,0,0,0,0,0
2026-08-13T03:48:09.725778,183,0,0,0,0,0
2026-08-13T03:48:09.725778,183,0,0,0,0,0
2026-08-13T03:48:09.726787,182,0,0,0,0,0
2026-08-13T03:48:09.729302,182,0,0,0,0,0
2026-08-13T03:48:09.730303,181,0,0,0,0,0
2026-08-13T03:48:09.730303,181,0,0,0,0,0
2026-08-13T03:48:09.733927,181,0,0,0,0,0
2026-08-13T03:48:09.733927,182,0,0,0,0,0
2026-08-13T03:48:09.734959,185,0,0,0,0,0
2026-08-13T03:48:09.734959,186,0,0,0,0,0
2026-08-13T03:48:09.737961,186,0,0,0,0,0
2026-08-13T03:48:09.737961,186,0,0,0,0,0
2026-08-13T03:48:09.738963,186,0,0,0,0,0
2026-08-13T03:48:09.741465,184,0,0,0,0,0
2026-08-13T03:48:09.742483,184,0,0,0,0,0
2026-08-13T03:48:09.742483,185,0,0,0,0,0
2026-08-13T03:48:09.743434,184,0,0,0,0,0
2026-08-13T03:48:09.745952,184,0,0,0,0,0
2026-08-13T03:48:09.745952,183,0,0,0,0,0
2026-08-13T03:48:09.746963,182,0,0,0,0,0
2026-08-13T03:48:09.749975,182,0,0,0,0,0
2026-08-13T03:48:09.749975,181,0,0,0,0,0
2026-08-13T03:48:09.750964,182,0,0,0,0,0
2026-08-13T03:48:09.750964,182,0,0,0,0,0
2026-08-13T03:48:09.753975,183,0,0,0,0,0
2026-08-13T03:48:09.753975,186,0,0,0,0,0
2026-08-13T03:48:09.753975,186,0,0,0,0,0
2026-08-13T03:48:09.758423,186,0,0,0,0,0
2026-08-13T03:48:09.758423,186,0,0,0,0,0
2026-08-13T03:48:09.759406,186,0,0,0,0,0
2026-08-13T03:48:09.762413,184,0,0,0,0,0
2026-08-13T03:48:09.762413,184,0,0,0,0,0
2026-08-13T03:48:09.763926,185,0,0,0,0,0
2026-08-13T03:48:09.763926,184,0,0,0,0,0
2026-08-13T03:48:09.765942,184,0,0,0,0,0
2026-08-13T03:48:09.766936,183,0,0,0,0,0
2026-08-13T03:48:09.766936,183,0,0,0,0,0
2026-08-13T03:48:09.770492,182,0,0,0,0,0
2026-08-13T03:48:09.771491,182,0,0,0,0,0
2026-08-13T03:48:09.771491,182,0,0,0,0,0
2026-08-13T03:48:09.772490,181,0,0,0,0,0
2026-08-13T03:48:09.774001,184,0,0,0,0,0
2026-08-13T03:48:09.775013,186,0,0,0,0,0
2026-08-13T03:48:09.776015,187,0,0,0,0,0
2026-08-13T03:48:09.779024,187,0,0,0,0,0
2026-08-13T03:48:09.779024,187,0,0,0,0,0
2026-08-13T03:48:09.780025,185,0,0,0,0,0
2026-08-13T03:48:09.781025,184,0,0,0,0,0
2026-08-13T03:48:09.782033,185,0,0,0,0,0
2026-08-13T03:48:09.783379,185,0,0,0,0,0
2026-08-13T03:48:09.783885,185,0,0,0,0,0
2026-08-13T03:48:09.786404,185,0,0,0,0,0
2026-08-13T03:48:09.787416,184,0,0,0,0,0
2026-08-13T03:48:09.787416,184,0,0,0,0,0
2026-08-13T03:48:09.788422,183,0,0,0,0,0
2026-08-13T03:48:09.790412,183,0,0,0,0,0
2026-08-13T03:48:09.791414,183,0,0,0,0,0
2026-08-13T03:48:09.791414,184,0,0,0,0,0
2026-08-13T03:48:09.794936,187,0,0,0,0,0
2026-08-13T03:48:09.794936,187,0,0,0,0,0
2026-08-13T03:48:09.795936,188,0,0,0,0,0
2026-08-13T03:48:09.799463,188,0,0,0,0,0
2026-08-13T03:48:09.799463,188,0,0,0,0,0
2026-08-13T03:48:09.800465,187,0,0,0,0,0
2026-08-13T03:48:09.800465,186,0,0,0,0,0
2026-08-13T03:48:09.803530,186,0,0,0,0,0
2026-08-13T03:48:09.803530,186,0,0,0,0,0
2026-08-13T03:48:09.804038,186,0,0,0,0,0
2026-08-13T03:48:09.807574,186,0,0,0,0,0
2026-08-13T03:48:09.807574,186,0,0,0,0,0
2026-08-13T03:48:09.807574,184,0,0,0,0,0
2026-08-13T03:48:09.808574,184,0,0,0,0,0
2026-08-13T03:48:09.811571,185,0,0,0,0,0
2026-08-13T03:48:09.811571,184,0,0,0,0,0
2026-08-13T03:48:09.812572,185,0,0,0,0,0
2026-08-13T03:48:09.815643,187,0,0,0,0,0
2026-08-13T03:48:09.816643,187,0,0,0,0,0
2026-08-13T03:48:09.816643,188,0,0,0,0,0
2026-08-13T03:48:09.817646,188,0,0,0,0,0
2026-08-13T03:48:09.819643,188,0,0,0,0,0
2026-08-13T03:48:09.820643,187,0,0,0,0,0
2026-08-13T03:48:09.820643,186,0,0,0,0,0
2026-08-13T03:48:09.823596,188,0,0,0,0,0
2026-08-13T03:48:09.824611,186,0,0,0,0,0
2026-08-13T03:48:09.824611,186,0,0,0,0,0
2026-08-13T03:48:09.825612,186,0,0,0,0,0
2026-08-13T03:48:09.827629,185,0,0,0,0,0
2026-08-13T03:48:09.828611,184,0,0,0,0,0
2026-08-13T03:48:09.829611,183,0,0,0,0,0
2026-08-13T03:48:09.831609,183,0,0,0,0,0
2026-08-13T03:48:09.832608,183,0,0,0,0,0
2026-08-13T03:48:09.832608,185,0,0,0,0,0
2026-08-13T03:48:09.836135,187,0,0,0,0,0
2026-08-13T03:48:09.836135,187,0,0,0,0,0
2026-08-13T03:48:09.837125,188,0,0,0,0,0
2026-08-13T03:48:09.837125,188,0,0,0,0,0
2026-08-13T03:48:09.840134,188,0,0,0,0,0
2026-08-13T03:48:09.841126,186,0,0,0,0,0
2026-08-13T03:48:09.841126,186,0,0,0,0,0
2026-08-13T03:48:09.844666,187,0,0,0,0,0
2026-08-13T03:48:09.844666,185,0,0,0,0,0
2026-08-13T03:48:09.845667,185,0,0,0,0,0
2026-08-13T03:48:09.845667,185,0,0,0,0,0
2026-08-13T03:48:09.848675,184,0,0,0,0,0
2026-08-13T03:48:09.848675,183,0,0,0,0,0
2026-08-13T03:48:09.849692,183,0,0,0,0,0
2026-08-13T03:48:09.852738,183,0,0,0,0,0
2026-08-13T03:48:09.852738,183,0,0,0,0,0
2026-08-13T03:48:09.853752,186,0,0,0,0,0
2026-08-13T03:48:09.854765,187,0,0,0,0,0
2026-08-13T03:48:09.856149,187,0,0,0,0,0
2026-08-13T03:48:09.857142,188,0,0,0,0,0
2026-08-13T03:48:09.858157,188,0,0,0,0,0
2026-08-13T03:48:09.860211,188,0,0,0,0,0
2026-08-13T03:48:09.861252,186,0,0,0,0,0
2026-08-13T03:48:09.862224,185,0,0,0,0,0
2026-08-13T03:48:09.864973,185,0,0,0,0,0
2026-08-13T03:48:09.864973,185,0,0,0,0,0
2026-08-13T03:48:09.865961,186,0,0,0,0,0
2026-08-13T03:48:09.865961,184,0,0,0,0,0
2026-08-13T03:48:09.868972,184,0,0,0,0,0
2026-08-13T03:48:09.869973,183,0,0,0,0,0
2026-08-13T03:48:09.869973,184,0,0,0,0,0
2026-08-13T03:48:09.872131,184,0,0,0,0,0
2026-08-13T03:48:09.873651,183,0,0,0,0,0
2026-08-13T03:48:09.874671,186,0,0,0,0,0
2026-08-13T03:48:09.875670,187,0,0,0,0,0
2026-08-13T03:48:09.876683,188,0,0,0,0,0
2026-08-13T03:48:09.877682,188,0,0,0,0,0
2026-08-13T03:48:09.878686,188,0,0,0,0,0
2026-08-13T03:48:09.880680,186,0,0,0,0,0
2026-08-13T03:48:09.881698,186,0,0,0,0,0
2026-08-13T03:48:09.882680,186,0,0,0,0,0
2026-08-13T03:48:09.882680,186,0,0,0,0,0
2026-08-13T03:48:09.885194,185,0,0,0,0,0
2026-08-13T03:48:09.885194,185,0,0,0,0,0
2026-08-13T03:48:09.886195,184,0,0,0,0,0
2026-08-13T03:48:09.888701,184,0,0,0,0,0
2026-08-13T03:48:09.890711,184,0,0,0,0,0
2026-08-13T03:48:09.891713,183,0,0,0,0,0
2026-08-13T03:48:09.891713,182,0,0,0,0,0
2026-08-13T03:48:09.893710,184,0,0,0,0,0
2026-08-13T03:48:09.894221,186,0,0,0,0,0
2026-08-13T03:48:09.895235,187,0,0,0,0,0
2026-08-13T03:48:09.897450,187,0,0,0,0,0
2026-08-13T03:48:09.898010,187,0,0,0,0,0
2026-08-13T03:48:09.898010,187,0,0,0,0,0
2026-08-13T03:48:09.901043,186,0,0,0,0,0
2026-08-13T03:48:09.902038,186,0,0,0,0,0
2026-08-13T03:48:09.902038,186,0,0,0,0,0
2026-08-13T03:48:09.903026,186,0,0,0,0,0
2026-08-13T03:48:09.905577,185,0,0,0,0,0
2026-08-13T03:48:09.905577,186,0,0,0,0,0
2026-08-13T03:48:09.906592,184,0,0,0,0,0
2026-08-13T03:48:09.909578,183,0,0,0,0,0
2026-08-13T03:48:09.910582,183,0,0,0,0,0
2026-08-13T03:48:09.910582,183,0,0,0,0,0
2026-08-13T03:48:09.911580,183,0,0,0,0,0
2026-08-13T03:48:09.914134,184,0,0,0,0,0
2026-08-13T03:48:09.914134,186,0,0,0,0,0
2026-08-13T03:48:09.915131,187,0,0,0,0,0
2026-08-13T03:48:09.918142,187,0,0,0,0,0
2026-08-13T03:48:09.918142,187,0,0,0,0,0
2026-08-13T03:48:09.918142,188,0,0,0,0,0
2026-08-13T03:48:09.919127,186,0,0,0,0,0
2026-08-13T03:48:09.922144,185,0,0,0,0,0
2026-08-13T03:48:09.922144,186,0,0,0,0,0
2026-08-13T03:48:09.922144,186,0,0,0,0,0
2026-08-13T03:48:09.926414,185,0,0,0,0,0
2026-08-13T03:48:09.926414,185,0,0,0,0,0
2026-08-13T03:48:09.926414,185,0,0,0,0,0
2026-08-13T03:48:09.930558,183,0,0,0,0,0
2026-08-13T03:48:09.930558,184,0,0,0,0,0
2026-08-13T03:48:09.931551,183,0,0,0,0,0
2026-08-13T03:48:09.931551,183,0,0,0,0,0
2026-08-13T03:48:09.934776,185,0,0,0,0,0
2026-08-13T03:48:09.934776,188,0,0,0,0,0
2026-08-13T03:48:09.935775,188,0,0,0,0,0
2026-08-13T03:48:09.938774,189,0,0,0,0,0
2026-08-13T03:48:09.938774,189,0,0,0,0,0
2026-08-13T03:48:09.939776,188,0,0,0,0,0
2026-08-13T03:48:09.940775,188,0,0,0,0,0
2026-08-13T03:48:09.942798,188,0,0,0,0,0
2026-08-13T03:48:09.942798,188,0,0,0,0,0
2026-08-13T03:48:09.944291,187,0,0,0,0,0
2026-08-13T03:48:09.946887,187,0,0,0,0,0
2026-08-13T03:48:09.946887,187,0,0,0,0,0
2026-08-13T03:48:09.947909,188,0,0,0,0,0
2026-08-13T03:48:09.947909,187,0,0,0,0,0
2026-08-13T03:48:09.951015,187,0,0,0,0,0
2026-08-13T03:48:09.951015,189,0,0,0,0,0
2026-08-13T03:48:09.951991,189,0,0,0,0,0
2026-08-13T03:48:09.955123,192,0,0,0,0,0
2026-08-13T03:48:09.955123,193,0,0,0,0,0
2026-08-13T03:48:09.956123,193,0,0,0,0,0
2026-08-13T03:48:09.956123,194,0,0,0,0,0
2026-08-13T03:48:09.959123,194,0,0,0,0,0
2026-08-13T03:48:09.959123,193,0,0,0,0,0
2026-08-13T03:48:09.960126,193,0,0,0,0,0
2026-08-13T03:48:09.962141,192,0,0,0,0,0
2026-08-13T03:48:09.963652,193,0,0,0,0,0
2026-08-13T03:48:09.963652,193,0,0,0,0,0
2026-08-13T03:48:09.966676,192,0,0,0,0,0
2026-08-13T03:48:09.967661,192,0,0,0,0,0
2026-08-13T03:48:09.967661,191,0,0,0,0,0
2026-08-13T03:48:09.968661,191,0,0,0,0,0
2026-08-13T03:48:09.971180,192,0,0,0,0,0
2026-08-13T03:48:09.971180,192,0,0,0,0,0
2026-08-13T03:48:09.972180,192,0,0,0,0,0
2026-08-13T03:48:09.974706,195,0,0,0,0,0
2026-08-13T03:48:09.975702,196,0,0,0,0,0
2026-08-13T03:48:09.976703,197,0,0,0,0,0
2026-08-13T03:48:09.976703,197,0,0,0,0,0
2026-08-13T03:48:09.979663,196,0,0,0,0,0
2026-08-13T03:48:09.979663,197,0,0,0,0,0
2026-08-13T03:48:09.980683,195,0,0,0,0,0
2026-08-13T03:48:09.983647,197,0,0,0,0,0
2026-08-13T03:48:09.983647,198,0,0,0,0,0
2026-08-13T03:48:09.984664,198,0,0,0,0,0
2026-08-13T03:48:09.984664,199,0,0,0,0,0
2026-08-13T03:48:09.987676,199,0,0,0,0,0
2026-08-13T03:48:09.987676,199,0,0,0,0,0
2026-08-13T03:48:09.988661,198,0,0,0,0,0
2026-08-13T03:48:09.991667,200,0,0,0,0,0
2026-08-13T03:48:09.992667,199,0,0,0,0,0
2026-08-13T03:48:09.993669,201,0,0,0,0,0
2026-08-13T03:48:09.995202,203,0,0,0,0,0
2026-08-13T03:48:09.996193,205,0,0,0,0,0
2026-08-13T03:48:09.997192,205,0,0,0,0,0
2026-08-13T03:48:09.997192,204,0,0,0,0,0
2026-08-13T03:48:10.000192,204,0,0,0,0,0
2026-08-13T03:48:10.000192,203,0,0,0,0,0
2026-08-13T03:48:10.001193,203,0,0,0,0,0
2026-08-13T03:48:10.003701,203,0,0,0,0,0
2026-08-13T03:48:10.004713,203,0,0,0,0,0
2026-08-13T03:48:10.005715,202,0,0,0,0,0
2026-08-13T03:48:10.005715,203,0,0,0,0,0
2026-08-13T03:48:10.007724,202,0,0,0,0,0
2026-08-13T03:48:10.008723,201,0,0,0,0,0
2026-08-13T03:48:10.008723,200,0,0,0,0,0
2026-08-13T03:48:10.012438,200,0,0,0,0,0
2026-08-13T03:48:10.012438,200,0,0,0,0,0
2026-08-13T03:48:10.012438,202,0,0,0,0,0
2026-08-13T03:48:10.013956,204,0,0,0,0,0
2026-08-13T03:48:10.015996,203,0,0,0,0,0
2026-08-13T03:48:10.016969,205,0,0,0,0,0
2026-08-13T03:48:10.016969,204,0,0,0,0,0
2026-08-13T03:48:10.020636,204,0,0,0,0,0
2026-08-13T03:48:10.020636,203,0,0,0,0,0
2026-08-13T03:48:10.021659,203,0,0,0,0,0
2026-08-13T03:48:10.021659,203,0,0,0,0,0
2026-08-13T03:48:10.024597,201,0,0,0,0,0
2026-08-13T03:48:10.024597,202,0,0,0,0,0
2026-08-13T03:48:10.025608,202,0,0,0,0,0
2026-08-13T03:48:10.028818,201,0,0,0,0,0
2026-08-13T03:48:10.028818,199,0,0,0,0,0
2026-08-13T03:48:10.029843,200,0,0,0,0,0
2026-08-13T03:48:10.032041,199,0,0,0,0,0
2026-08-13T03:48:10.033053,199,0,0,0,0,0
2026-08-13T03:48:10.034053,201,0,0,0,0,0
2026-08-13T03:48:10.034053,202,0,0,0,0,0
2026-08-13T03:48:10.037014,203,0,0,0,0,0
2026-08-13T03:48:10.037014,203,0,0,0,0,0
2026-08-13T03:48:10.038037,203,0,0,0,0,0
2026-08-13T03:48:10.040338,202,0,0,0,0,0
2026-08-13T03:48:10.041357,201,0,0,0,0,0
2026-08-13T03:48:10.042361,201,0,0,0,0,0
2026-08-13T03:48:10.042361,201,0,0,0,0,0
2026-08-13T03:48:10.044887,200,0,0,0,0,0
2026-08-13T03:48:10.045889,199,0,0,0,0,0
2026-08-13T03:48:10.045889,198,0,0,0,0,0
2026-08-13T03:48:10.048900,198,0,0,0,0,0
2026-08-13T03:48:10.049889,198,0,0,0,0,0
2026-08-13T03:48:10.049889,197,0,0,0,0,0
2026-08-13T03:48:10.050889,198,0,0,0,0,0
2026-08-13T03:48:10.052900,198,0,0,0,0,0
2026-08-13T03:48:10.053890,201,0,0,0,0,0
2026-08-13T03:48:10.054405,203,0,0,0,0,0
2026-08-13T03:48:10.057416,204,0,0,0,0,0
2026-08-13T03:48:10.058422,204,0,0,0,0,0
2026-08-13T03:48:10.058422,204,0,0,0,0,0
2026-08-13T03:48:10.059420,204,0,0,0,0,0
2026-08-13T03:48:10.061436,203,0,0,0,0,0
2026-08-13T03:48:10.061436,203,0,0,0,0,0
2026-08-13T03:48:10.062416,203,0,0,0,0,0
2026-08-13T03:48:10.064615,201,0,0,0,0,0
2026-08-13T03:48:10.066092,202,0,0,0,0,0
2026-08-13T03:48:10.067095,202,0,0,0,0,0
2026-08-13T03:48:10.068747,201,0,0,0,0,0
2026-08-13T03:48:10.070259,200,0,0,0,0,0
2026-08-13T03:48:10.070259,200,0,0,0,0,0
2026-08-13T03:48:10.071275,200,0,0,0,0,0
2026-08-13T03:48:10.073781,201,0,0,0,0,0
2026-08-13T03:48:10.073781,203,0,0,0,0,0
2026-08-13T03:48:10.074791,204,0,0,0,0,0
2026-08-13T03:48:10.077812,204,0,0,0,0,0
2026-08-13T03:48:10.077812,204,0,0,0,0,0
2026-08-13T03:48:10.078797,204,0,0,0,0,0
2026-08-13T03:48:10.078797,204,0,0,0,0,0
2026-08-13T03:48:10.081825,203,0,0,0,0,0
2026-08-13T03:48:10.081825,206,0,0,0,0,0
2026-08-13T03:48:10.082794,206,0,0,0,0,0
2026-08-13T03:48:10.085961,206,0,0,0,0,0
2026-08-13T03:48:10.085961,206,0,0,0,0,0
2026-08-13T03:48:10.086944,206,0,0,0,0,0
2026-08-13T03:48:10.087949,205,0,0,0,0,0
2026-08-13T03:48:10.089953,205,0,0,0,0,0
2026-08-13T03:48:10.090944,204,0,0,0,0,0
2026-08-13T03:48:10.090944,204,0,0,0,0,0
2026-08-13T03:48:10.093651,205,0,0,0,0,0
2026-08-13T03:48:10.094817,206,0,0,0,0,0
2026-08-13T03:48:10.094817,207,0,0,0,0,0
2026-08-13T03:48:10.097848,207,0,0,0,0,0
2026-08-13T03:48:10.098837,206,0,0,0,0,0
2026-08-13T03:48:10.098837,205,0,0,0,0,0
2026-08-13T03:48:10.099839,203,0,0,0,0,0
2026-08-13T03:48:10.102537,202,0,0,0,0,0
2026-08-13T03:48:10.102537,202,0,0,0,0,0
2026-08-13T03:48:10.102537,201,0,0,0,0,0
2026-08-13T03:48:10.106642,201,0,0,0,0,0
2026-08-13T03:48:10.106993,201,0,0,0,0,0
2026-08-13T03:48:10.107994,200,0,0,0,0,0
2026-08-13T03:48:10.107994,199,0,0,0,0,0
2026-08-13T03:48:10.109986,198,0,0,0,0,0
2026-08-13T03:48:10.111001,198,0,0,0,0,0
2026-08-13T03:48:10.111986,198,0,0,0,0,0
2026-08-13T03:48:10.114612,201,0,0,0,0,0
2026-08-13T03:48:10.114612,202,0,0,0,0,0
2026-08-13T03:48:10.115633,203,0,0,0,0,0
2026-08-13T03:48:10.116630,203,0,0,0,0,0
2026-08-13T03:48:10.118642,204,0,0,0,0,0
2026-08-13T03:48:10.119634,204,0,0,0,0,0
2026-08-13T03:48:10.119634,202,0,0,0,0,0
2026-08-13T03:48:10.122644,203,0,0,0,0,0
2026-08-13T03:48:10.124152,203,0,0,0,0,0
2026-08-13T03:48:10.125164,201,0,0,0,0,0
2026-08-13T03:48:10.126177,202,0,0,0,0,0
2026-08-13T03:48:10.127174,201,0,0,0,0,0
2026-08-13T03:48:10.128174,200,0,0,0,0,0
2026-08-13T03:48:10.128174,199,0,0,0,0,0
2026-08-13T03:48:10.131209,198,0,0,0,0,0
2026-08-13T03:48:10.131209,199,0,0,0,0,0
2026-08-13T03:48:10.132221,198,0,0,0,0,0
2026-08-13T03:48:10.134776,200,0,0,0,0,0
2026-08-13T03:48:10.135779,201,0,0,0,0,0
2026-08-13T03:48:10.135779,201,0,0,0,0,0
2026-08-13T03:48:10.135779,202,0,0,0,0,0
2026-08-13T03:48:10.138791,202,0,0,0,0,0
2026-08-13T03:48:10.139779,201,0,0,0,0,0
2026-08-13T03:48:10.140777,201,0,0,0,0,0
2026-08-13T03:48:10.143502,201,0,0,0,0,0
2026-08-13T03:48:10.144010,200,0,0,0,0,0
2026-08-13T03:48:10.144010,199,0,0,0,0,0
2026-08-13T03:48:10.145020,199,0,0,0,0,0
2026-08-13T03:48:10.147027,198,0,0,0,0,0
2026-08-13T03:48:10.148028,197,0,0,0,0,0
2026-08-13T03:48:10.148028,195,0,0,0,0,0
2026-08-13T03:48:10.151746,195,0,0,0,0,0
2026-08-13T03:48:10.151746,194,0,0,0,0,0
2026-08-13T03:48:10.151746,193,0,0,0,0,0
2026-08-13T03:48:10.152764,195,0,0,0,0,0
2026-08-13T03:48:10.155654,195,0,0,0,0,0
2026-08-13T03:48:10.155654,195,0,0,0,0,0
2026-08-13T03:48:10.156632,195,0,0,0,0,0
2026-08-13T03:48:10.159631,194,0,0,0,0,0
2026-08-13T03:48:10.159631,193,0,0,0,0,0
2026-08-13T03:48:10.160630,191,0,0,0,0,0
2026-08-13T03:48:10.163630,192,0,0,0,0,0
2026-08-13T03:48:10.164134,191,0,0,0,0,0
2026-08-13T03:48:10.164134,190,0,0,0,0,0
2026-08-13T03:48:10.164134,190,0,0,0,0,0
2026-08-13T03:48:10.167145,189,0,0,0,0,0
2026-08-13T03:48:10.168144,189,0,0,0,0,0
2026-08-13T03:48:10.168144,188,0,0,0,0,0
2026-08-13T03:48:10.171719,187,0,0,0,0,0
2026-08-13T03:48:10.171719,187,0,0,0,0,0
2026-08-13T03:48:10.172689,187,0,0,0,0,0
2026-08-13T03:48:10.172689,190,0,0,0,0,0
2026-08-13T03:48:10.176256,190,0,0,0,0,0
2026-08-13T03:48:10.176256,191,0,0,0,0,0
2026-08-13T03:48:10.176256,189,0,0,0,0,0
2026-08-13T03:48:10.180155,189,0,0,0,0,0
2026-08-13T03:48:10.180155,188,0,0,0,0,0
2026-08-13T03:48:10.180155,188,0,0,0,0,0
2026-08-13T03:48:10.180155,188,0,0,0,0,0
2026-08-13T03:48:10.183895,187,0,0,0,0,0
2026-08-13T03:48:10.184905,188,0,0,0,0,0
2026-08-13T03:48:10.184905,188,0,0,0,0,0
2026-08-13T03:48:10.187921,186,0,0,0,0,0
2026-08-13T03:48:10.188911,186,0,0,0,0,0
2026-08-13T03:48:10.188911,184,0,0,0,0,0
2026-08-13T03:48:10.189912,185,0,0,0,0,0
2026-08-13T03:48:10.191928,185,0,0,0,0,0
2026-08-13T03:48:10.192926,187,0,0,0,0,0
2026-08-13T03:48:10.192926,190,0,0,0,0,0
2026-08-13T03:48:10.195960,190,0,0,0,0,0
2026-08-13T03:48:10.196958,192,0,0,0,0,0
2026-08-13T03:48:10.196958,192,0,0,0,0,0
2026-08-13T03:48:10.200866,192,0,0,0,0,0
2026-08-13T03:48:10.200866,191,0,0,0,0,0
2026-08-13T03:48:10.200866,191,0,0,0,0,0
2026-08-13T03:48:10.202378,192,0,0,0,0,0
2026-08-13T03:48:10.204951,191,0,0,0,0,0
2026-08-13T03:48:10.204951,191,0,0,0,0,0
2026-08-13T03:48:10.205941,191,0,0,0,0,0
2026-08-13T03:48:10.208964,191,0,0,0,0,0
2026-08-13T03:48:10.208964,189,0,0,0,0,0
2026-08-13T03:48:10.209954,190,0,0,0,0,0
2026-08-13T03:48:10.209954,190,0,0,0,0,0
2026-08-13T03:48:10.212949,190,0,0,0,0,0
2026-08-13T03:48:10.212949,192,0,0,0,0,0
2026-08-13T03:48:10.213950,194,0,0,0,0,0
2026-08-13T03:48:10.217112,195,0,0,0,0,0
2026-08-13T03:48:10.217112,195,0,0,0,0,0
2026-08-13T03:48:10.217112,195,0,0,0,0,0
2026-08-13T03:48:10.218099,194,0,0,0,0,0
2026-08-13T03:48:10.221112,193,0,0,0,0,0
2026-08-13T03:48:10.221112,193,0,0,0,0,0
2026-08-13T03:48:10.221112,193,0,0,0,0,0
2026-08-13T03:48:10.224646,192,0,0,0,0,0
2026-08-13T03:48:10.225647,192,0,0,0,0,0
2026-08-13T03:48:10.225647,191,0,0,0,0,0
2026-08-13T03:48:10.229514,191,0,0,0,0,0
2026-08-13T03:48:10.229514,190,0,0,0,0,0
2026-08-13T03:48:10.229514,190,0,0,0,0,0
2026-08-13T03:48:10.230530,191,0,0,0,0,0
2026-08-13T03:48:10.233408,191,0,0,0,0,0
2026-08-13T03:48:10.233945,193,0,0,0,0,0
2026-08-13T03:48:10.233945,194,0,0,0,0,0
2026-08-13T03:48:10.237743,195,0,0,0,0,0
2026-08-13T03:48:10.237743,195,0,0,0,0,0
2026-08-13T03:48:10.238766,195,0,0,0,0,0
2026-08-13T03:48:10.238766,194,0,0,0,0,0
2026-08-13T03:48:10.241762,193,0,0,0,0,0
2026-08-13T03:48:10.241762,193,0,0,0,0,0
2026-08-13T03:48:10.242764,193,0,0,0,0,0
2026-08-13T03:48:10.245274,192,0,0,0,0,0
2026-08-13T03:48:10.246282,192,0,0,0,0,0
2026-08-13T03:48:10.246282,193,0,0,0,0,0
2026-08-13T03:48:10.246282,192,0,0,0,0,0
2026-08-13T03:48:10.249295,191,0,0,0,0,0
2026-08-13T03:48:10.250282,192,0,0,0,0,0
2026-08-13T03:48:10.250282,191,0,0,0,0,0
2026-08-13T03:48:10.254019,191,0,0,0,0,0
2026-08-13T03:48:10.254019,194,0,0,0,0,0
2026-08-13T03:48:10.254019,194,0,0,0,0,0
2026-08-13T03:48:10.255026,196,0,0,0,0,0
2026-08-13T03:48:10.257345,195,0,0,0,0,0
2026-08-13T03:48:10.258345,195,0,0,0,0,0
2026-08-13T03:48:10.258345,195,0,0,0,0,0
2026-08-13T03:48:10.262288,193,0,0,0,0,0
2026-08-13T03:48:10.262288,194,0,0,0,0,0
2026-08-13T03:48:10.262288,194,0,0,0,0,0
2026-08-13T03:48:10.266378,193,0,0,0,0,0
2026-08-13T03:48:10.266378,193,0,0,0,0,0
2026-08-13T03:48:10.266378,192,0,0,0,0,0
2026-08-13T03:48:10.267387,191,0,0,0,0,0
2026-08-13T03:48:10.270398,191,0,0,0,0,0
2026-08-13T03:48:10.270398,191,0,0,0,0,0
2026-08-13T03:48:10.271525,191,0,0,0,0,0
2026-08-13T03:48:10.274032,192,0,0,0,0,0
2026-08-13T03:48:10.275043,195,0,0,0,0,0
2026-08-13T03:48:10.275043,195,0,0,0,0,0
2026-08-13T03:48:10.276052,195,0,0,0,0,0
2026-08-13T03:48:10.278063,195,0,0,0,0,0
2026-08-13T03:48:10.279053,195,0,0,0,0,0
2026-08-13T03:48:10.280055,194,0,0,0,0,0
2026-08-13T03:48:10.282052,194,0,0,0,0,0
2026-08-13T03:48:10.283051,194,0,0,0,0,0
2026-08-13T03:48:10.284057,193,0,0,0,0,0
2026-08-13T03:48:10.284569,193,0,0,0,0,0
2026-08-13T03:48:10.286863,193,0,0,0,0,0
2026-08-13T03:48:10.286863,192,0,0,0,0,0
2026-08-13T03:48:10.287886,191,0,0,0,0,0
2026-08-13T03:48:10.290341,191,0,0,0,0,0
2026-08-13T03:48:10.291362,191,0,0,0,0,0
2026-08-13T03:48:10.291362,191,0,0,0,0,0
2026-08-13T03:48:10.292362,193,0,0,0,0,0
2026-08-13T03:48:10.294884,194,0,0,0,0,0
2026-08-13T03:48:10.294884,195,0,0,0,0,0
2026-08-13T03:48:10.295886,196,0,0,0,0,0
2026-08-13T03:48:10.298909,196,0,0,0,0,0
2026-08-13T03:48:10.298909,195,0,0,0,0,0
2026-08-13T03:48:10.299897,195,0,0,0,0,0
2026-08-13T03:48:10.302907,194,0,0,0,0,0
2026-08-13T03:48:10.302907,195,0,0,0,0,0
2026-08-13T03:48:10.303897,193,0,0,0,0,0
2026-08-13T03:48:10.304406,193,0,0,0,0,0
2026-08-13T03:48:10.307007,192,0,0,0,0,0
2026-08-13T03:48:10.308028,192,0,0,0,0,0
2026-08-13T03:48:10.308028,191,0,0,0,0,0
2026-08-13T03:48:10.311437,191,0,0,0,0,0
2026-08-13T03:48:10.311437,191,0,0,0,0,0
2026-08-13T03:48:10.312457,191,0,0,0,0,0
2026-08-13T03:48:10.312457,193,0,0,0,0,0
2026-08-13T03:48:10.315531,195,0,0,0,0,0
2026-08-13T03:48:10.315531,196,0,0,0,0,0
2026-08-13T03:48:10.316545,196,0,0,0,0,0
2026-08-13T03:48:10.319511,196,0,0,0,0,0
2026-08-13T03:48:10.319511,195,0,0,0,0,0
2026-08-13T03:48:10.320517,193,0,0,0,0,0
2026-08-13T03:48:10.321516,194,0,0,0,0,0
2026-08-13T03:48:10.324022,193,0,0,0,0,0
2026-08-13T03:48:10.325035,194,0,0,0,0,0
2026-08-13T03:48:10.326038,193,0,0,0,0,0
2026-08-13T03:48:10.327050,192,0,0,0,0,0
2026-08-13T03:48:10.328050,192,0,0,0,0,0
2026-08-13T03:48:10.329053,192,0,0,0,0,0
2026-08-13T03:48:10.331061,192,0,0,0,0,0
2026-08-13T03:48:10.332048,191,0,0,0,0,0
2026-08-13T03:48:10.333047,192,0,0,0,0,0
2026-08-13T03:48:10.333047,194,0,0,0,0,0
2026-08-13T03:48:10.335606,196,0,0,0,0,0
2026-08-13T03:48:10.336588,196,0,0,0,0,0
2026-08-13T03:48:10.336588,196,0,0,0,0,0
2026-08-13T03:48:10.339597,195,0,0,0,0,0
2026-08-13T03:48:10.340585,194,0,0,0,0,0
2026-08-13T03:48:10.341586,193,0,0,0,0,0
2026-08-13T03:48:10.342589,194,0,0,0,0,0
2026-08-13T03:48:10.344102,194,0,0,0,0,0
2026-08-13T03:48:10.345116,193,0,0,0,0,0
2026-08-13T03:48:10.345116,194,0,0,0,0,0
2026-08-13T03:48:10.348143,193,0,0,0,0,0
2026-08-13T03:48:10.348143,192,0,0,0,0,0
2026-08-13T03:48:10.349129,191,0,0,0,0,0
2026-08-13T03:48:10.349129,192,0,0,0,0,0
2026-08-13T03:48:10.352389,192,0,0,0,0,0
2026-08-13T03:48:10.352389,192,0,0,0,0,0
2026-08-13T03:48:10.352389,195,0,0,0,0,0
2026-08-13T03:48:10.356491,195,0,0,0,0,0
2026-08-13T03:48:10.357513,196,0,0,0,0,0
2026-08-13T03:48:10.357513,195,0,0,0,0,0
2026-08-13T03:48:10.358509,195,0,0,0,0,0
2026-08-13T03:48:10.360511,194,0,0,0,0,0
2026-08-13T03:48:10.361509,193,0,0,0,0,0
2026-08-13T03:48:10.361509,194,0,0,0,0,0
2026-08-13T03:48:10.364031,194,0,0,0,0,0
2026-08-13T03:48:10.365055,194,0,0,0,0,0
2026-08-13T03:48:10.366056,194,0,0,0,0,0
2026-08-13T03:48:10.368691,193,0,0,0,0,0
2026-08-13T03:48:10.368691,191,0,0,0,0,0
2026-08-13T03:48:10.369705,191,0,0,0,0,0
2026-08-13T03:48:10.370228,192,0,0,0,0,0
2026-08-13T03:48:10.372250,191,0,0,0,0,0
2026-08-13T03:48:10.372250,192,0,0,0,0,0
2026-08-13T03:48:10.373759,194,0,0,0,0,0
2026-08-13T03:48:10.376261,195,0,0,0,0,0
2026-08-13T03:48:10.377281,196,0,0,0,0,0
2026-08-13T03:48:10.377281,196,0,0,0,0,0
2026-08-13T03:48:10.378282,195,0,0,0,0,0
2026-08-13T03:48:10.380298,194,0,0,0,0,0
2026-08-13T03:48:10.381291,194,0,0,0,0,0
2026-08-13T03:48:10.381291,194,0,0,0,0,0
2026-08-13T03:48:10.384830,194,0,0,0,0,0
2026-08-13T03:48:10.384830,193,0,0,0,0,0
2026-08-13T03:48:10.385814,193,0,0,0,0,0
2026-08-13T03:48:10.385814,192,0,0,0,0,0
2026-08-13T03:48:10.389277,191,0,0,0,0,0
2026-08-13T03:48:10.389277,191,0,0,0,0,0
2026-08-13T03:48:10.389277,192,0,0,0,0,0
2026-08-13T03:48:10.393284,191,0,0,0,0,0
2026-08-13T03:48:10.393795,193,0,0,0,0,0
2026-08-13T03:48:10.393795,196,0,0,0,0,0
2026-08-13T03:48:10.396693,195,0,0,0,0,0
2026-08-13T03:48:10.397667,196,0,0,0,0,0
2026-08-13T03:48:10.398174,196,0,0,0,0,0
2026-08-13T03:48:10.398174,196,0,0,0,0,0
2026-08-13T03:48:10.401113,193,0,0,0,0,0
2026-08-13T03:48:10.401699,194,0,0,0,0,0
2026-08-13T03:48:10.402247,194,0,0,0,0,0
2026-08-13T03:48:10.405322,193,0,0,0,0,0
2026-08-13T03:48:10.405322,194,0,0,0,0,0
2026-08-13T03:48:10.406324,193,0,0,0,0,0
2026-08-13T03:48:10.407322,193,0,0,0,0,0
2026-08-13T03:48:10.409323,192,0,0,0,0,0
2026-08-13T03:48:10.409323,193,0,0,0,0,0
2026-08-13T03:48:10.410321,193,0,0,0,0,0
2026-08-13T03:48:10.413827,193,0,0,0,0,0
2026-08-13T03:48:10.413827,195,0,0,0,0,0
2026-08-13T03:48:10.413827,197,0,0,0,0,0
2026-08-13T03:48:10.413827,198,0,0,0,0,0
2026-08-13T03:48:10.417942,199,0,0,0,0,0
2026-08-13T03:48:10.417942,198,0,0,0,0,0
2026-08-13T03:48:10.417942,198,0,0,0,0,0
2026-08-13T03:48:10.421708,197,0,0,0,0,0
2026-08-13T03:48:10.421708,198,0,0,0,0,0
2026-08-13T03:48:10.422697,198,0,0,0,0,0
2026-08-13T03:48:10.422697,198,0,0,0,0,0
2026-08-13T03:48:10.425211,198,0,0,0,0,0
2026-08-13T03:48:10.426209,198,0,0,0,0,0
2026-08-13T03:48:10.426209,198,0,0,0,0,0
2026-08-13T03:48:10.430210,198,0,0,0,0,0
2026-08-13T03:48:10.430210,198,0,0,0,0,0
2026-08-13T03:48:10.431210,198,0,0,0,0,0
2026-08-13T03:48:10.433747,199,0,0,0,0,0
2026-08-13T03:48:10.434761,202,0,0,0,0,0
2026-08-13T03:48:10.434761,204,0,0,0,0,0
2026-08-13T03:48:10.435764,205,0,0,0,0,0
2026-08-13T03:48:10.437776,205,0,0,0,0,0
2026-08-13T03:48:10.438766,205,0,0,0,0,0
2026-08-13T03:48:10.438766,205,0,0,0,0,0
2026-08-13T03:48:10.441798,206,0,0,0,0,0
2026-08-13T03:48:10.442777,206,0,0,0,0,0
2026-08-13T03:48:10.442777,206,0,0,0,0,0
2026-08-13T03:48:10.443784,206,0,0,0,0,0
2026-08-13T03:48:10.446616,207,0,0,0,0,0
2026-08-13T03:48:10.446616,207,0,0,0,0,0
2026-08-13T03:48:10.447636,207,0,0,0,0,0
2026-08-13T03:48:10.450739,206,0,0,0,0,0
2026-08-13T03:48:10.450739,207,0,0,0,0,0
2026-08-13T03:48:10.451756,207,0,0,0,0,0
2026-08-13T03:48:10.451756,208,0,0,0,0,0
2026-08-13T03:48:10.453767,210,0,0,0,0,0
2026-08-13T03:48:10.455258,210,0,0,0,0,0
2026-08-13T03:48:10.455258,211,0,0,0,0,0
2026-08-13T03:48:10.458279,211,0,0,0,0,0
2026-08-13T03:48:10.459259,212,0,0,0,0,0
2026-08-13T03:48:10.459259,211,0,0,0,0,0
2026-08-13T03:48:10.462256,211,0,0,0,0,0
2026-08-13T03:48:10.462256,212,0,0,0,0,0
2026-08-13T03:48:10.463762,211,0,0,0,0,0
2026-08-13T03:48:10.463762,213,0,0,0,0,0
2026-08-13T03:48:10.466769,212,0,0,0,0,0
2026-08-13T03:48:10.466769,211,0,0,0,0,0
2026-08-13T03:48:10.467770,211,0,0,0,0,0
2026-08-13T03:48:10.470275,211,0,0,0,0,0
2026-08-13T03:48:10.471280,212,0,0,0,0,0
2026-08-13T03:48:10.471280,212,0,0,0,0,0
2026-08-13T03:48:10.471280,214,0,0,0,0,0
2026-08-13T03:48:10.474791,215,0,0,0,0,0
2026-08-13T03:48:10.475789,216,0,0,0,0,0
2026-08-13T03:48:10.475789,218,0,0,0,0,0
2026-08-13T03:48:10.479362,217,0,0,0,0,0
2026-08-13T03:48:10.479362,217,0,0,0,0,0
2026-08-13T03:48:10.479362,215,0,0,0,0,0
2026-08-13T03:48:10.479362,216,0,0,0,0,0
2026-08-13T03:48:10.482796,216,0,0,0,0,0
2026-08-13T03:48:10.483783,214,0,0,0,0,0
2026-08-13T03:48:10.484290,215,0,0,0,0,0
2026-08-13T03:48:10.487297,213,0,0,0,0,0
2026-08-13T03:48:10.487297,213,0,0,0,0,0
2026-08-13T03:48:10.488300,212,0,0,0,0,0
2026-08-13T03:48:10.488300,212,0,0,0,0,0
2026-08-13T03:48:10.491299,211,0,0,0,0,0
2026-08-13T03:48:10.491299,211,0,0,0,0,0
2026-08-13T03:48:10.492300,213,0,0,0,0,0
2026-08-13T03:48:10.495818,214,0,0,0,0,0
2026-08-13T03:48:10.495818,214,0,0,0,0,0
2026-08-13T03:48:10.495818,214,0,0,0,0,0
2026-08-13T03:48:10.499842,214,0,0,0,0,0
2026-08-13T03:48:10.499842,212,0,0,0,0,0
2026-08-13T03:48:10.499842,211,0,0,0,0,0
2026-08-13T03:48:10.500823,210,0,0,0,0,0
2026-08-13T03:48:10.503821,209,0,0,0,0,0
2026-08-13T03:48:10.504328,208,0,0,0,0,0
2026-08-13T03:48:10.504328,208,0,0,0,0,0
2026-08-13T03:48:10.507340,208,0,0,0,0,0
2026-08-13T03:48:10.508340,207,0,0,0,0,0
2026-08-13T03:48:10.508340,207,0,0,0,0,0
2026-08-13T03:48:10.509340,206,0,0,0,0,0
2026-08-13T03:48:10.512138,206,0,0,0,0,0
2026-08-13T03:48:10.512138,206,0,0,0,0,0
2026-08-13T03:48:10.512138,207,0,0,0,0,0
2026-08-13T03:48:10.515629,207,0,0,0,0,0
2026-08-13T03:48:10.516631,208,0,0,0,0,0
2026-08-13T03:48:10.516631,207,0,0,0,0,0
2026-08-13T03:48:10.517632,206,0,0,0,0,0
2026-08-13T03:48:10.519627,205,0,0,0,0,0
2026-08-13T03:48:10.520628,202,0,0,0,0,0
2026-08-13T03:48:10.520628,203,0,0,0,0,0
2026-08-13T03:48:10.524158,202,0,0,0,0,0
2026-08-13T03:48:10.525161,202,0,0,0,0,0
2026-08-13T03:48:10.525161,202,0,0,0,0,0
2026-08-13T03:48:10.526162,200,0,0,0,0,0
2026-08-13T03:48:10.528173,200,0,0,0,0,0
2026-08-13T03:48:10.529164,198,0,0,0,0,0
2026-08-13T03:48:10.529164,198,0,0,0,0,0
2026-08-13T03:48:10.531832,198,0,0,0,0,0
2026-08-13T03:48:10.532846,198,0,0,0,0,0
2026-08-13T03:48:10.533849,200,0,0,0,0,0
2026-08-13T03:48:10.536376,200,0,0,0,0,0
2026-08-13T03:48:10.537377,201,0,0,0,0,0
2026-08-13T03:48:10.538376,201,0,0,0,0,0
2026-08-13T03:48:10.538376,199,0,0,0,0,0
2026-08-13T03:48:10.540343,199,0,0,0,0,0
2026-08-13T03:48:10.541362,198,0,0,0,0,0
2026-08-13T03:48:10.541362,199,0,0,0,0,0
2026-08-13T03:48:10.544882,198,0,0,0,0,0
2026-08-13T03:48:10.544882,198,0,0,0,0,0
2026-08-13T03:48:10.545883,198,0,0,0,0,0
2026-08-13T03:48:10.545883,196,0,0,0,0,0
2026-08-13T03:48:10.548905,196,0,0,0,0,0
2026-08-13T03:48:10.548905,194,0,0,0,0,0
2026-08-13T03:48:10.548905,194,0,0,0,0,0
2026-08-13T03:48:10.553114,193,0,0,0,0,0
2026-08-13T03:48:10.553624,195,0,0,0,0,0
2026-08-13T03:48:10.553624,196,0,0,0,0,0
2026-08-13T03:48:10.553624,197,0,0,0,0,0
2026-08-13T03:48:10.556646,197,0,0,0,0,0
2026-08-13T03:48:10.557636,197,0,0,0,0,0
2026-08-13T03:48:10.557636,198,0,0,0,0,0
2026-08-13T03:48:10.560632,197,0,0,0,0,0
2026-08-13T03:48:10.561632,197,0,0,0,0,0
2026-08-13T03:48:10.561632,199,0,0,0,0,0
2026-08-13T03:48:10.565191,197,0,0,0,0,0
2026-08-13T03:48:10.565191,198,0,0,0,0,0
2026-08-13T03:48:10.566192,198,0,0,0,0,0
2026-08-13T03:48:10.566192,197,0,0,0,0,0
2026-08-13T03:48:10.569478,197,0,0,0,0,0
2026-08-13T03:48:10.569478,196,0,0,0,0,0
2026-08-13T03:48:10.570489,196,0,0,0,0,0
2026-08-13T03:48:10.572993,195,0,0,0,0,0
2026-08-13T03:48:10.574492,197,0,0,0,0,0
2026-08-13T03:48:10.575505,199,0,0,0,0,0
2026-08-13T03:48:10.575505,198,0,0,0,0,0
2026-08-13T03:48:10.577515,199,0,0,0,0,0
2026-08-13T03:48:10.578514,198,0,0,0,0,0
2026-08-13T03:48:10.578514,196,0,0,0,0,0
2026-08-13T03:48:10.581515,194,0,0,0,0,0
2026-08-13T03:48:10.581515,193,0,0,0,0,0
2026-08-13T03:48:10.582513,193,0,0,0,0,0
2026-08-13T03:48:10.582513,191,0,0,0,0,0
2026-08-13T03:48:10.585028,190,0,0,0,0,0
2026-08-13T03:48:10.586033,187,0,0,0,0,0
2026-08-13T03:48:10.586033,187,0,0,0,0,0
2026-08-13T03:48:10.589657,185,0,0,0,0,0
2026-08-13T03:48:10.590497,185,0,0,0,0,0
2026-08-13T03:48:10.590497,185,0,0,0,0,0
2026-08-13T03:48:10.590497,185,0,0,0,0,0
2026-08-13T03:48:10.594026,187,0,0,0,0,0
2026-08-13T03:48:10.594026,188,0,0,0,0,0
2026-08-13T03:48:10.594026,188,0,0,0,0,0
2026-08-13T03:48:10.598045,188,0,0,0,0,0
2026-08-13T03:48:10.598045,187,0,0,0,0,0
2026-08-13T03:48:10.599044,186,0,0,0,0,0
2026-08-13T03:48:10.602046,185,0,0,0,0,0
2026-08-13T03:48:10.603045,185,0,0,0,0,0
2026-08-13T03:48:10.603045,184,0,0,0,0,0
2026-08-13T03:48:10.604045,185,0,0,0,0,0
2026-08-13T03:48:10.605567,184,0,0,0,0,0
2026-08-13T03:48:10.606573,183,0,0,0,0,0
2026-08-13T03:48:10.607574,183,0,0,0,0,0
2026-08-13T03:48:10.609590,181,0,0,0,0,0
2026-08-13T03:48:10.610572,181,0,0,0,0,0
2026-08-13T03:48:10.611576,180,0,0,0,0,0
2026-08-13T03:48:10.611576,180,0,0,0,0,0
2026-08-13T03:48:10.614082,182,0,0,0,0,0
2026-08-13T03:48:10.615089,181,0,0,0,0,0
2026-08-13T03:48:10.615089,181,0,0,0,0,0
2026-08-13T03:48:10.618111,180,0,0,0,0,0
2026-08-13T03:48:10.619098,180,0,0,0,0,0
2026-08-13T03:48:10.619098,178,0,0,0,0,0
2026-08-13T03:48:10.620097,176,0,0,0,0,0
2026-08-13T03:48:10.622467,176,0,0,0,0,0
2026-08-13T03:48:10.622467,175,0,0,0,0,0
2026-08-13T03:48:10.623578,174,0,0,0,0,0
2026-08-13T03:48:10.626586,174,0,0,0,0,0
2026-08-13T03:48:10.626586,172,0,0,0,0,0
2026-08-13T03:48:10.627586,171,0,0,0,0,0
2026-08-13T03:48:10.630585,168,0,0,0,0,0
2026-08-13T03:48:10.630585,168,0,0,0,0,0
2026-08-13T03:48:10.630585,167,0,0,0,0,0
2026-08-13T03:48:10.631584,167,0,0,0,0,0
2026-08-13T03:48:10.634624,169,0,0,0,0,0
2026-08-13T03:48:10.635132,169,0,0,0,0,0
2026-08-13T03:48:10.635132,169,0,0,0,0,0
2026-08-13T03:48:10.638382,168,0,0,0,0,0
2026-08-13T03:48:10.639384,166,0,0,0,0,0
2026-08-13T03:48:10.639384,165,0,0,0,0,0
2026-08-13T03:48:10.639384,163,0,0,0,0,0
2026-08-13T03:48:10.642385,165,0,0,0,0,0
2026-08-13T03:48:10.642385,164,0,0,0,0,0
2026-08-13T03:48:10.643919,163,0,0,0,0,0
2026-08-13T03:48:10.646940,163,0,0,0,0,0
2026-08-13T03:48:10.646940,163,0,0,0,0,0
2026-08-13T03:48:10.647947,162,0,0,0,0,0
2026-08-13T03:48:10.647947,162,0,0,0,0,0
2026-08-13T03:48:10.650939,163,0,0,0,0,0
2026-08-13T03:48:10.651941,162,0,0,0,0,0
2026-08-13T03:48:10.651941,164,0,0,0,0,0
2026-08-13T03:48:10.655487,166,0,0,0,0,0
2026-08-13T03:48:10.655487,167,0,0,0,0,0
2026-08-13T03:48:10.655487,167,0,0,0,0,0
2026-08-13T03:48:10.656507,169,0,0,0,0,0
2026-08-13T03:48:10.659522,168,0,0,0,0,0
2026-08-13T03:48:10.659522,167,0,0,0,0,0
2026-08-13T03:48:10.660507,168,0,0,0,0,0
2026-08-13T03:48:10.662502,168,0,0,0,0,0
2026-08-13T03:48:10.664007,167,0,0,0,0,0
2026-08-13T03:48:10.664007,168,0,0,0,0,0
2026-08-13T03:48:10.667021,167,0,0,0,0,0
2026-08-13T03:48:10.668020,166,0,0,0,0,0
2026-08-13T03:48:10.668020,165,0,0,0,0,0
2026-08-13T03:48:10.668020,165,0,0,0,0,0
2026-08-13T03:48:10.671529,165,0,0,0,0,0
2026-08-13T03:48:10.671529,165,0,0,0,0,0
2026-08-13T03:48:10.672529,167,0,0,0,0,0
2026-08-13T03:48:10.675532,167,0,0,0,0,0
2026-08-13T03:48:10.675532,167,0,0,0,0,0
2026-08-13T03:48:10.676543,168,0,0,0,0,0
2026-08-13T03:48:10.676543,167,0,0,0,0,0
2026-08-13T03:48:10.679586,166,0,0,0,0,0
2026-08-13T03:48:10.679586,165,0,0,0,0,0
2026-08-13T03:48:10.679586,164,0,0,0,0,0
2026-08-13T03:48:10.684162,164,0,0,0,0,0
2026-08-13T03:48:10.684162,164,0,0,0,0,0
2026-08-13T03:48:10.684762,164,0,0,0,0,0
2026-08-13T03:48:10.684762,163,0,0,0,0,0
2026-08-13T03:48:10.688079,163,0,0,0,0,0
2026-08-13T03:48:10.688079,161,0,0,0,0,0
2026-08-13T03:48:10.689096,162,0,0,0,0,0
2026-08-13T03:48:10.692082,162,0,0,0,0,0
2026-08-13T03:48:10.692082,162,0,0,0,0,0
2026-08-13T03:48:10.692082,166,0,0,0,0,0
2026-08-13T03:48:10.695617,166,0,0,0,0,0
2026-08-13T03:48:10.696616,167,0,0,0,0,0
2026-08-13T03:48:10.696616,168,0,0,0,0,0
2026-08-13T03:48:10.697605,167,0,0,0,0,0
2026-08-13T03:48:10.700616,166,0,0,0,0,0
2026-08-13T03:48:10.700616,165,0,0,0,0,0
2026-08-13T03:48:10.700616,166,0,0,0,0,0
2026-08-13T03:48:10.704724,165,0,0,0,0,0
2026-08-13T03:48:10.704724,163,0,0,0,0,0
2026-08-13T03:48:10.705719,165,0,0,0,0,0
2026-08-13T03:48:10.705719,163,0,0,0,0,0
2026-08-13T03:48:10.708724,162,0,0,0,0,0
2026-08-13T03:48:10.708724,162,0,0,0,0,0
2026-08-13T03:48:10.709712,162,0,0,0,0,0
2026-08-13T03:48:10.712726,160,0,0,0,0,0
2026-08-13T03:48:10.712726,161,0,0,0,0,0
2026-08-13T03:48:10.713711,164,0,0,0,0,0
2026-08-13T03:48:10.714217,164,0,0,0,0,0
2026-08-13T03:48:10.716240,165,0,0,0,0,0
2026-08-13T03:48:10.717225,164,0,0,0,0,0
2026-08-13T03:48:10.717225,163,0,0,0,0,0
2026-08-13T03:48:10.720226,163,0,0,0,0,0
2026-08-13T03:48:10.721227,162,0,0,0,0,0
2026-08-13T03:48:10.722232,162,0,0,0,0,0
2026-08-13T03:48:10.722232,161,0,0,0,0,0
2026-08-13T03:48:10.724764,161,0,0,0,0,0
2026-08-13T03:48:10.725765,162,0,0,0,0,0
2026-08-13T03:48:10.726774,161,0,0,0,0,0
2026-08-13T03:48:10.729036,160,0,0,0,0,0
2026-08-13T03:48:10.729036,160,0,0,0,0,0
2026-08-13T03:48:10.730038,160,0,0,0,0,0
2026-08-13T03:48:10.733328,160,0,0,0,0,0
2026-08-13T03:48:10.733852,161,0,0,0,0,0
2026-08-13T03:48:10.733852,163,0,0,0,0,0
2026-08-13T03:48:10.733852,163,0,0,0,0,0
2026-08-13T03:48:10.736884,164,0,0,0,0,0
2026-08-13T03:48:10.737876,164,0,0,0,0,0
2026-08-13T03:48:10.737876,164,0,0,0,0,0
2026-08-13T03:48:10.740758,162,0,0,0,0,0
2026-08-13T03:48:10.741769,162,0,0,0,0,0
2026-08-13T03:48:10.741769,163,0,0,0,0,0
2026-08-13T03:48:10.742768,162,0,0,0,0,0
2026-08-13T03:48:10.745288,162,0,0,0,0,0
2026-08-13T03:48:10.745288,161,0,0,0,0,0
2026-08-13T03:48:10.746287,161,0,0,0,0,0
2026-08-13T03:48:10.749303,160,0,0,0,0,0
2026-08-13T03:48:10.750292,160,0,0,0,0,0
2026-08-13T03:48:10.750292,160,0,0,0,0,0
2026-08-13T03:48:10.751290,159,0,0,0,0,0
2026-08-13T03:48:10.753812,162,0,0,0,0,0
2026-08-13T03:48:10.754836,164,0,0,0,0,0
2026-08-13T03:48:10.754836,164,0,0,0,0,0
2026-08-13T03:48:10.757836,165,0,0,0,0,0
2026-08-13T03:48:10.757836,164,0,0,0,0,0
2026-08-13T03:48:10.758838,164,0,0,0,0,0
2026-08-13T03:48:10.758838,162,0,0,0,0,0
2026-08-13T03:48:10.761988,163,0,0,0,0,0
2026-08-13T03:48:10.761988,164,0,0,0,0,0
2026-08-13T03:48:10.763008,161,0,0,0,0,0
2026-08-13T03:48:10.766090,163,0,0,0,0,0
2026-08-13T03:48:10.766090,161,0,0,0,0,0
2026-08-13T03:48:10.767112,161,0,0,0,0,0
2026-08-13T03:48:10.769129,160,0,0,0,0,0
2026-08-13T03:48:10.770644,160,0,0,0,0,0
2026-08-13T03:48:10.770644,161,0,0,0,0,0
2026-08-13T03:48:10.771660,161,0,0,0,0,0
2026-08-13T03:48:10.774195,162,0,0,0,0,0
2026-08-13T03:48:10.774195,164,0,0,0,0,0
2026-08-13T03:48:10.775197,164,0,0,0,0,0
2026-08-13T03:48:10.778218,165,0,0,0,0,0
2026-08-13T03:48:10.779212,164,0,0,0,0,0
2026-08-13T03:48:10.779212,164,0,0,0,0,0
2026-08-13T03:48:10.780212,162,0,0,0,0,0
2026-08-13T03:48:10.782219,163,0,0,0,0,0
2026-08-13T03:48:10.782219,163,0,0,0,0,0
2026-08-13T03:48:10.783732,162,0,0,0,0,0
2026-08-13T03:48:10.785746,162,0,0,0,0,0
2026-08-13T03:48:10.786744,162,0,0,0,0,0
2026-08-13T03:48:10.787748,162,0,0,0,0,0
2026-08-13T03:48:10.787748,160,0,0,0,0,0
2026-08-13T03:48:10.790746,160,0,0,0,0,0
2026-08-13T03:48:10.790746,160,0,0,0,0,0
2026-08-13T03:48:10.791748,161,0,0,0,0,0
2026-08-13T03:48:10.794251,163,0,0,0,0,0
2026-08-13T03:48:10.795260,164,0,0,0,0,0
2026-08-13T03:48:10.795260,164,0,0,0,0,0
2026-08-13T03:48:10.798314,164,0,0,0,0,0
2026-08-13T03:48:10.799313,164,0,0,0,0,0
2026-08-13T03:48:10.799313,163,0,0,0,0,0
2026-08-13T03:48:10.800313,162,0,0,0,0,0
2026-08-13T03:48:10.802785,163,0,0,0,0,0
2026-08-13T03:48:10.802785,163,0,0,0,0,0
2026-08-13T03:48:10.803788,162,0,0,0,0,0
2026-08-13T03:48:10.807006,162,0,0,0,0,0
2026-08-13T03:48:10.807006,162,0,0,0,0,0
2026-08-13T03:48:10.808023,161,0,0,0,0,0
2026-08-13T03:48:10.808023,160,0,0,0,0,0
2026-08-13T03:48:10.811139,160,0,0,0,0,0
2026-08-13T03:48:10.811139,160,0,0,0,0,0
2026-08-13T03:48:10.812158,161,0,0,0,0,0
2026-08-13T03:48:10.814680,163,0,0,0,0,0
2026-08-13T03:48:10.815699,164,0,0,0,0,0
2026-08-13T03:48:10.815699,165,0,0,0,0,0
2026-08-13T03:48:10.816683,163,0,0,0,0,0
2026-08-13T03:48:10.818694,163,0,0,0,0,0
2026-08-13T03:48:10.819683,163,0,0,0,0,0
2026-08-13T03:48:10.820686,163,0,0,0,0,0
2026-08-13T03:48:10.822697,163,0,0,0,0,0
2026-08-13T03:48:10.824191,163,0,0,0,0,0
2026-08-13T03:48:10.825203,162,0,0,0,0,0
2026-08-13T03:48:10.825203,162,0,0,0,0,0
2026-08-13T03:48:10.827212,162,0,0,0,0,0
2026-08-13T03:48:10.828210,161,0,0,0,0,0
2026-08-13T03:48:10.828210,159,0,0,0,0,0
2026-08-13T03:48:10.831215,160,0,0,0,0,0
2026-08-13T03:48:10.832211,160,0,0,0,0,0
2026-08-13T03:48:10.832211,162,0,0,0,0,0
2026-08-13T03:48:10.835736,164,0,0,0,0,0
2026-08-13T03:48:10.835736,164,0,0,0,0,0
2026-08-13T03:48:10.835736,164,0,0,0,0,0
2026-08-13T03:48:10.836743,164,0,0,0,0,0
2026-08-13T03:48:10.839814,164,0,0,0,0,0
2026-08-13T03:48:10.839814,163,0,0,0,0,0
2026-08-13T03:48:10.840832,163,0,0,0,0,0
2026-08-13T03:48:10.843905,163,0,0,0,0,0
2026-08-13T03:48:10.843905,162,0,0,0,0,0
2026-08-13T03:48:10.844917,162,0,0,0,0,0
2026-08-13T03:48:10.844917,162,0,0,0,0,0
2026-08-13T03:48:10.848017,161,0,0,0,0,0
2026-08-13T03:48:10.848017,160,0,0,0,0,0
2026-08-13T03:48:10.849038,160,0,0,0,0,0
2026-08-13T03:48:10.852113,160,0,0,0,0,0
2026-08-13T03:48:10.852113,160,0,0,0,0,0
2026-08-13T03:48:10.852113,162,0,0,0,0,0
2026-08-13T03:48:10.853629,164,0,0,0,0,0
2026-08-13T03:48:10.855647,164,0,0,0,0,0
2026-08-13T03:48:10.856611,165,0,0,0,0,0
2026-08-13T03:48:10.857612,164,0,0,0,0,0
2026-08-13T03:48:10.859610,163,0,0,0,0,0
2026-08-13T03:48:10.860609,163,0,0,0,0,0
2026-08-13T03:48:10.861612,164,0,0,0,0,0
2026-08-13T03:48:10.864127,163,0,0,0,0,0
2026-08-13T03:48:10.865404,162,0,0,0,0,0
2026-08-13T03:48:10.865404,162,0,0,0,0,0
2026-08-13T03:48:10.866416,161,0,0,0,0,0
2026-08-13T03:48:10.868421,162,0,0,0,0,0
2026-08-13T03:48:10.868421,160,0,0,0,0,0
2026-08-13T03:48:10.869418,160,0,0,0,0,0
2026-08-13T03:48:10.872634,160,0,0,0,0,0
2026-08-13T03:48:10.872634,160,0,0,0,0,0
2026-08-13T03:48:10.873629,163,0,0,0,0,0
2026-08-13T03:48:10.874138,164,0,0,0,0,0
2026-08-13T03:48:10.876156,164,0,0,0,0,0
2026-08-13T03:48:10.877155,164,0,0,0,0,0
2026-08-13T03:48:10.877155,163,0,0,0,0,0
2026-08-13T03:48:10.880533,163,0,0,0,0,0
2026-08-13T03:48:10.880533,163,0,0,0,0,0
2026-08-13T03:48:10.880533,163,0,0,0,0,0
2026-08-13T03:48:10.881545,162,0,0,0,0,0
2026-08-13T03:48:10.884069,162,0,0,0,0,0
2026-08-13T03:48:10.885085,162,0,0,0,0,0
2026-08-13T03:48:10.885085,162,0,0,0,0,0
2026-08-13T03:48:10.888129,161,0,0,0,0,0
2026-08-13T03:48:10.889090,160,0,0,0,0,0
2026-08-13T03:48:10.889090,160,0,0,0,0,0
2026-08-13T03:48:10.889090,160,0,0,0,0,0
2026-08-13T03:48:10.892107,161,0,0,0,0,0
2026-08-13T03:48:10.893617,163,0,0,0,0,0
2026-08-13T03:48:10.893617,164,0,0,0,0,0
2026-08-13T03:48:10.896972,164,0,0,0,0,0
2026-08-13T03:48:10.896972,164,0,0,0,0,0
2026-08-13T03:48:10.896972,164,0,0,0,0,0
2026-08-13T03:48:10.900970,164,0,0,0,0,0
2026-08-13T03:48:10.900970,162,0,0,0,0,0
2026-08-13T03:48:10.901957,163,0,0,0,0,0
2026-08-13T03:48:10.901957,163,0,0,0,0,0
2026-08-13T03:48:10.904115,162,0,0,0,0,0
2026-08-13T03:48:10.905458,162,0,0,0,0,0
2026-08-13T03:48:10.905458,161,0,0,0,0,0
2026-08-13T03:48:10.909216,161,0,0,0,0,0
2026-08-13T03:48:10.909216,160,0,0,0,0,0
2026-08-13T03:48:10.909216,160,0,0,0,0,0
2026-08-13T03:48:10.910630,160,0,0,0,0,0
2026-08-13T03:48:10.912608,161,0,0,0,0,0
2026-08-13T03:48:10.913608,163,0,0,0,0,0
2026-08-13T03:48:10.914114,164,0,0,0,0,0
2026-08-13T03:48:10.917164,164,0,0,0,0,0
2026-08-13T03:48:10.918132,164,0,0,0,0,0
2026-08-13T03:48:10.918132,164,0,0,0,0,0
2026-08-13T03:48:10.918132,164,0,0,0,0,0
2026-08-13T03:48:10.921643,163,0,0,0,0,0
2026-08-13T03:48:10.929615,164,0,0,0,0,0
2026-08-13T03:48:10.930627,164,0,0,0,0,0
2026-08-13T03:48:10.930627,164,0,0,0,0,0
2026-08-13T03:48:10.931627,163,0,0,0,0,0
2026-08-13T03:48:10.931627,164,0,0,0,0,0
2026-08-13T03:48:10.931627,163,0,0,0,0,0
2026-08-13T03:48:10.931627,163,0,0,0,0,0
2026-08-13T03:48:10.932626,163,0,0,0,0,0
2026-08-13T03:48:10.932626,164,0,0,0,0,0
2026-08-13T03:48:10.933626,167,0,0,0,0,0
2026-08-13T03:48:10.933626,169,0,0,0,0,0
2026-08-13T03:48:10.934771,170,0,0,0,0,0
2026-08-13T03:48:10.937788,171,0,0,0,0,0
2026-08-13T03:48:10.937788,171,0,0,0,0,0
2026-08-13T03:48:10.938775,171,0,0,0,0,0
2026-08-13T03:48:10.938775,170,0,0,0,0,0
2026-08-13T03:48:10.941166,172,0,0,0,0,0
2026-08-13T03:48:10.942365,171,0,0,0,0,0
2026-08-13T03:48:10.942365,171,0,0,0,0,0
2026-08-13T03:48:10.945943,171,0,0,0,0,0
2026-08-13T03:48:10.945943,171,0,0,0,0,0
2026-08-13T03:48:10.946919,171,0,0,0,0,0
2026-08-13T03:48:10.946919,171,0,0,0,0,0
2026-08-13T03:48:10.949937,170,0,0,0,0,0
2026-08-13T03:48:10.950919,171,0,0,0,0,0
2026-08-13T03:48:10.950919,172,0,0,0,0,0
2026-08-13T03:48:10.954444,174,0,0,0,0,0
2026-08-13T03:48:10.954444,176,0,0,0,0,0
2026-08-13T03:48:10.955449,177,0,0,0,0,0
2026-08-13T03:48:10.955449,178,0,0,0,0,0
2026-08-13T03:48:10.958712,178,0,0,0,0,0
2026-08-13T03:48:10.958712,178,0,0,0,0,0
2026-08-13T03:48:10.958712,177,0,0,0,0,0
2026-08-13T03:48:10.962712,178,0,0,0,0,0
2026-08-13T03:48:10.962712,177,0,0,0,0,0
2026-08-13T03:48:10.962712,176,0,0,0,0,0
2026-08-13T03:48:10.966233,176,0,0,0,0,0
2026-08-13T03:48:10.967234,175,0,0,0,0,0
2026-08-13T03:48:10.967234,175,0,0,0,0,0
2026-08-13T03:48:10.967234,174,0,0,0,0,0
2026-08-13T03:48:10.970947,174,0,0,0,0,0
2026-08-13T03:48:10.970947,174,0,0,0,0,0
2026-08-13T03:48:10.970947,175,0,0,0,0,0
2026-08-13T03:48:10.974966,178,0,0,0,0,0
2026-08-13T03:48:10.974966,180,0,0,0,0,0
2026-08-13T03:48:10.974966,181,0,0,0,0,0
2026-08-13T03:48:10.975975,182,0,0,0,0,0
2026-08-13T03:48:10.978971,183,0,0,0,0,0
2026-08-13T03:48:10.978971,183,0,0,0,0,0
2026-08-13T03:48:10.978971,183,0,0,0,0,0
2026-08-13T03:48:10.982134,184,0,0,0,0,0
2026-08-13T03:48:10.982134,184,0,0,0,0,0
2026-08-13T03:48:10.983639,184,0,0,0,0,0
2026-08-13T03:48:10.983639,185,0,0,0,0,0
2026-08-13T03:48:10.986654,184,0,0,0,0,0
2026-08-13T03:48:10.987656,184,0,0,0,0,0
2026-08-13T03:48:10.987656,184,0,0,0,0,0
2026-08-13T03:48:10.991194,183,0,0,0,0,0
2026-08-13T03:48:10.991194,181,0,0,0,0,0
2026-08-13T03:48:10.992193,183,0,0,0,0,0
2026-08-13T03:48:10.994706,184,0,0,0,0,0
2026-08-13T03:48:10.995709,183,0,0,0,0,0
2026-08-13T03:48:10.995709,183,0,0,0,0,0
2026-08-13T03:48:10.995709,183,0,0,0,0,0
2026-08-13T03:48:10.998755,183,0,0,0,0,0
2026-08-13T03:48:10.999715,181,0,0,0,0,0
2026-08-13T03:48:10.999715,180,0,0,0,0,0
2026-08-13T03:48:11.003717,181,0,0,0,0,0
2026-08-13T03:48:11.003717,180,0,0,0,0,0
2026-08-13T03:48:11.004224,179,0,0,0,0,0
2026-08-13T03:48:11.004224,179,0,0,0,0,0
2026-08-13T03:48:11.007529,177,0,0,0,0,0
2026-08-13T03:48:11.007529,175,0,0,0,0,0
2026-08-13T03:48:11.008528,175,0,0,0,0,0
2026-08-13T03:48:11.011812,175,0,0,0,0,0
2026-08-13T03:48:11.011812,174,0,0,0,0,0
2026-08-13T03:48:11.011812,176,0,0,0,0,0
2026-08-13T03:48:11.012810,179,0,0,0,0,0
2026-08-13T03:48:11.014977,179,0,0,0,0,0
2026-08-13T03:48:11.015973,181,0,0,0,0,0
2026-08-13T03:48:11.015973,180,0,0,0,0,0
2026-08-13T03:48:11.019996,180,0,0,0,0,0
2026-08-13T03:48:11.019996,178,0,0,0,0,0
2026-08-13T03:48:11.019996,178,0,0,0,0,0
2026-08-13T03:48:11.020975,178,0,0,0,0,0
2026-08-13T03:48:11.023974,176,0,0,0,0,0
2026-08-13T03:48:11.023974,175,0,0,0,0,0
2026-08-13T03:48:11.023974,174,0,0,0,0,0
2026-08-13T03:48:11.027496,172,0,0,0,0,0
2026-08-13T03:48:11.028482,170,0,0,0,0,0
2026-08-13T03:48:11.028482,170,0,0,0,0,0
2026-08-13T03:48:11.031498,170,0,0,0,0,0
2026-08-13T03:48:11.032481,169,0,0,0,0,0
2026-08-13T03:48:11.032481,171,0,0,0,0,0
2026-08-13T03:48:11.032481,172,0,0,0,0,0
2026-08-13T03:48:11.036025,173,0,0,0,0,0
2026-08-13T03:48:11.037003,174,0,0,0,0,0
2026-08-13T03:48:11.037003,174,0,0,0,0,0
2026-08-13T03:48:11.040014,173,0,0,0,0,0
2026-08-13T03:48:11.041003,173,0,0,0,0,0
2026-08-13T03:48:11.041003,173,0,0,0,0,0
2026-08-13T03:48:11.041003,174,0,0,0,0,0
2026-08-13T03:48:11.044507,173,0,0,0,0,0
2026-08-13T03:48:11.044507,174,0,0,0,0,0
2026-08-13T03:48:11.045516,172,0,0,0,0,0
2026-08-13T03:48:11.048521,172,0,0,0,0,0
2026-08-13T03:48:11.049112,172,0,0,0,0,0
2026-08-13T03:48:11.049112,171,0,0,0,0,0
2026-08-13T03:48:11.049112,171,0,0,0,0,0
2026-08-13T03:48:11.052156,171,0,0,0,0,0
2026-08-13T03:48:11.052156,173,0,0,0,0,0
2026-08-13T03:48:11.053662,174,0,0,0,0,0
2026-08-13T03:48:11.056675,174,0,0,0,0,0
2026-08-13T03:48:11.056675,174,0,0,0,0,0
2026-08-13T03:48:11.057670,173,0,0,0,0,0
2026-08-13T03:48:11.057670,172,0,0,0,0,0
2026-08-13T03:48:11.060669,171,0,0,0,0,0
2026-08-13T03:48:11.060669,170,0,0,0,0,0
2026-08-13T03:48:11.061669,170,0,0,0,0,0
2026-08-13T03:48:11.064208,169,0,0,0,0,0
2026-08-13T03:48:11.065202,169,0,0,0,0,0
2026-08-13T03:48:11.065202,169,0,0,0,0,0
2026-08-13T03:48:11.069214,168,0,0,0,0,0
2026-08-13T03:48:11.069214,167,0,0,0,0,0
2026-08-13T03:48:11.069214,168,0,0,0,0,0
2026-08-13T03:48:11.070726,168,0,0,0,0,0
2026-08-13T03:48:11.072750,169,0,0,0,0,0
2026-08-13T03:48:11.074246,171,0,0,0,0,0
2026-08-13T03:48:11.074246,173,0,0,0,0,0
2026-08-13T03:48:11.077267,173,0,0,0,0,0
2026-08-13T03:48:11.077267,174,0,0,0,0,0
2026-08-13T03:48:11.078266,173,0,0,0,0,0
2026-08-13T03:48:11.078266,172,0,0,0,0,0
2026-08-13T03:48:11.081263,172,0,0,0,0,0
2026-08-13T03:48:11.081263,172,0,0,0,0,0
2026-08-13T03:48:11.082265,172,0,0,0,0,0
2026-08-13T03:48:11.084811,171,0,0,0,0,0
2026-08-13T03:48:11.085811,171,0,0,0,0,0
2026-08-13T03:48:11.085811,169,0,0,0,0,0
2026-08-13T03:48:11.086813,169,0,0,0,0,0
2026-08-13T03:48:11.088824,169,0,0,0,0,0
2026-08-13T03:48:11.089810,170,0,0,0,0,0
2026-08-13T03:48:11.090811,169,0,0,0,0,0
2026-08-13T03:48:11.093813,170,0,0,0,0,0
2026-08-13T03:48:11.094321,173,0,0,0,0,0
2026-08-13T03:48:11.094321,173,0,0,0,0,0
2026-08-13T03:48:11.097353,174,0,0,0,0,0
2026-08-13T03:48:11.098342,174,0,0,0,0,0
2026-08-13T03:48:11.098342,173,0,0,0,0,0
2026-08-13T03:48:11.099342,172,0,0,0,0,0
2026-08-13T03:48:11.101354,172,0,0,0,0,0
2026-08-13T03:48:11.102340,172,0,0,0,0,0
2026-08-13T03:48:11.102340,172,0,0,0,0,0
2026-08-13T03:48:11.105860,172,0,0,0,0,0
2026-08-13T03:48:11.105860,171,0,0,0,0,0
2026-08-13T03:48:11.106863,171,0,0,0,0,0
2026-08-13T03:48:11.107860,171,0,0,0,0,0
2026-08-13T03:48:11.109882,170,0,0,0,0,0
2026-08-13T03:48:11.109882,171,0,0,0,0,0
2026-08-13T03:48:11.110862,170,0,0,0,0,0
2026-08-13T03:48:11.113874,172,0,0,0,0,0
2026-08-13T03:48:11.113874,174,0,0,0,0,0
2026-08-13T03:48:11.115105,174,0,0,0,0,0
2026-08-13T03:48:11.116116,174,0,0,0,0,0
2026-08-13T03:48:11.118127,173,0,0,0,0,0
2026-08-13T03:48:11.118127,173,0,0,0,0,0
2026-08-13T03:48:11.119118,172,0,0,0,0,0
2026-08-13T03:48:11.122126,171,0,0,0,0,0
2026-08-13T03:48:11.122126,171,0,0,0,0,0
2026-08-13T03:48:11.122126,171,0,0,0,0,0
2026-08-13T03:48:11.123640,171,0,0,0,0,0
2026-08-13T03:48:11.125876,171,0,0,0,0,0
2026-08-13T03:48:11.126887,171,0,0,0,0,0
2026-08-13T03:48:11.126887,169,0,0,0,0,0
2026-08-13T03:48:11.129887,169,0,0,0,0,0
2026-08-13T03:48:11.130885,169,0,0,0,0,0
2026-08-13T03:48:11.130885,169,0,0,0,0,0
2026-08-13T03:48:11.134394,172,0,0,0,0,0
2026-08-13T03:48:11.134394,173,0,0,0,0,0
2026-08-13T03:48:11.135397,173,0,0,0,0,0
2026-08-13T03:48:11.135397,173,0,0,0,0,0
2026-08-13T03:48:11.138814,173,0,0,0,0,0
2026-08-13T03:48:11.138814,172,0,0,0,0,0
2026-08-13T03:48:11.139834,170,0,0,0,0,0
2026-08-13T03:48:11.142830,171,0,0,0,0,0
2026-08-13T03:48:11.142830,170,0,0,0,0,0
2026-08-13T03:48:11.143835,169,0,0,0,0,0
2026-08-13T03:48:11.144346,170,0,0,0,0,0
2026-08-13T03:48:11.146378,167,0,0,0,0,0
2026-08-13T03:48:11.147357,167,0,0,0,0,0
2026-08-13T03:48:11.147357,166,0,0,0,0,0
2026-08-13T03:48:11.151115,166,0,0,0,0,0
2026-08-13T03:48:11.151115,166,0,0,0,0,0
2026-08-13T03:48:11.152136,166,0,0,0,0,0
2026-08-13T03:48:11.152136,169,0,0,0,0,0
2026-08-13T03:48:11.154719,169,0,0,0,0,0
2026-08-13T03:48:11.155719,170,0,0,0,0,0
2026-08-13T03:48:11.156716,170,0,0,0,0,0
2026-08-13T03:48:11.158716,170,0,0,0,0,0
2026-08-13T03:48:11.159716,169,0,0,0,0,0
2026-08-13T03:48:11.159716,168,0,0,0,0,0
2026-08-13T03:48:11.162715,168,0,0,0,0,0
2026-08-13T03:48:11.163714,169,0,0,0,0,0
2026-08-13T03:48:11.164218,167,0,0,0,0,0
2026-08-13T03:48:11.164218,168,0,0,0,0,0
2026-08-13T03:48:11.167230,167,0,0,0,0,0
2026-08-13T03:48:11.167230,166,0,0,0,0,0
2026-08-13T03:48:11.167230,165,0,0,0,0,0
2026-08-13T03:48:11.170733,165,0,0,0,0,0
2026-08-13T03:48:11.171753,165,0,0,0,0,0
2026-08-13T03:48:11.171753,166,0,0,0,0,0
2026-08-13T03:48:11.172760,168,0,0,0,0,0
2026-08-13T03:48:11.175273,169,0,0,0,0,0
2026-08-13T03:48:11.176273,169,0,0,0,0,0
2026-08-13T03:48:11.176273,169,0,0,0,0,0
2026-08-13T03:48:11.178974,169,0,0,0,0,0
2026-08-13T03:48:11.179946,168,0,0,0,0,0
2026-08-13T03:48:11.179946,167,0,0,0,0,0
2026-08-13T03:48:11.180945,168,0,0,0,0,0
2026-08-13T03:48:11.183960,167,0,0,0,0,0
2026-08-13T03:48:11.183960,168,0,0,0,0,0
2026-08-13T03:48:11.183960,167,0,0,0,0,0
2026-08-13T03:48:11.187177,166,0,0,0,0,0
2026-08-13T03:48:11.188175,165,0,0,0,0,0
2026-08-13T03:48:11.189161,164,0,0,0,0,0
2026-08-13T03:48:11.189161,165,0,0,0,0,0
2026-08-13T03:48:11.192175,165,0,0,0,0,0
2026-08-13T03:48:11.192175,167,0,0,0,0,0
2026-08-13T03:48:11.192175,169,0,0,0,0,0
2026-08-13T03:48:11.195656,169,0,0,0,0,0
2026-08-13T03:48:11.196632,170,0,0,0,0,0
2026-08-13T03:48:11.196632,170,0,0,0,0,0
2026-08-13T03:48:11.199641,170,0,0,0,0,0
2026-08-13T03:48:11.200631,168,0,0,0,0,0
2026-08-13T03:48:11.200631,167,0,0,0,0,0
2026-08-13T03:48:11.201633,169,0,0,0,0,0
2026-08-13T03:48:11.203644,168,0,0,0,0,0
2026-08-13T03:48:11.204845,168,0,0,0,0,0
2026-08-13T03:48:11.205848,167,0,0,0,0,0
2026-08-13T03:48:11.207850,167,0,0,0,0,0
2026-08-13T03:48:11.208846,167,0,0,0,0,0
2026-08-13T03:48:11.208846,166,0,0,0,0,0
2026-08-13T03:48:11.209848,167,0,0,0,0,0
2026-08-13T03:48:11.211846,166,0,0,0,0,0
2026-08-13T03:48:11.212843,168,0,0,0,0,0
2026-08-13T03:48:11.212843,170,0,0,0,0,0
2026-08-13T03:48:11.216360,170,0,0,0,0,0
2026-08-13T03:48:11.216360,171,0,0,0,0,0
2026-08-13T03:48:11.217359,170,0,0,0,0,0
2026-08-13T03:48:11.217359,170,0,0,0,0,0
2026-08-13T03:48:11.220399,169,0,0,0,0,0
2026-08-13T03:48:11.220399,169,0,0,0,0,0
2026-08-13T03:48:11.221398,169,0,0,0,0,0
2026-08-13T03:48:11.224911,168,0,0,0,0,0
2026-08-13T03:48:11.224911,168,0,0,0,0,0
2026-08-13T03:48:11.225911,168,0,0,0,0,0
2026-08-13T03:48:11.228916,167,0,0,0,0,0
2026-08-13T03:48:11.228916,166,0,0,0,0,0
2026-08-13T03:48:11.228916,166,0,0,0,0,0
2026-08-13T03:48:11.229917,165,0,0,0,0,0
2026-08-13T03:48:11.232363,166,0,0,0,0,0
2026-08-13T03:48:11.232363,168,0,0,0,0,0
2026-08-13T03:48:11.233877,169,0,0,0,0,0
2026-08-13T03:48:11.237124,169,0,0,0,0,0
2026-08-13T03:48:11.237124,169,0,0,0,0,0
2026-08-13T03:48:11.238145,169,0,0,0,0,0
2026-08-13T03:48:11.238145,168,0,0,0,0,0
2026-08-13T03:48:11.241143,166,0,0,0,0,0
2026-08-13T03:48:11.241143,166,0,0,0,0,0
2026-08-13T03:48:11.242145,167,0,0,0,0,0
2026-08-13T03:48:11.244662,166,0,0,0,0,0
2026-08-13T03:48:11.245662,167,0,0,0,0,0
2026-08-13T03:48:11.245662,166,0,0,0,0,0
2026-08-13T03:48:11.245662,165,0,0,0,0,0
2026-08-13T03:48:11.248662,164,0,0,0,0,0
2026-08-13T03:48:11.249661,165,0,0,0,0,0
2026-08-13T03:48:11.249661,164,0,0,0,0,0
2026-08-13T03:48:11.252676,165,0,0,0,0,0
2026-08-13T03:48:11.253661,167,0,0,0,0,0
2026-08-13T03:48:11.254169,168,0,0,0,0,0
2026-08-13T03:48:11.254169,169,0,0,0,0,0
2026-08-13T03:48:11.257007,169,0,0,0,0,0
2026-08-13T03:48:11.258027,168,0,0,0,0,0
2026-08-13T03:48:11.258027,168,0,0,0,0,0
2026-08-13T03:48:11.261704,166,0,0,0,0,0
2026-08-13T03:48:11.261704,168,0,0,0,0,0
2026-08-13T03:48:11.262720,167,0,0,0,0,0
2026-08-13T03:48:11.265278,166,0,0,0,0,0
2026-08-13T03:48:11.266276,167,0,0,0,0,0
2026-08-13T03:48:11.266276,165,0,0,0,0,0
2026-08-13T03:48:11.267279,165,0,0,0,0,0
2026-08-13T03:48:11.269888,164,0,0,0,0,0
2026-08-13T03:48:11.269888,164,0,0,0,0,0
2026-08-13T03:48:11.270900,165,0,0,0,0,0
2026-08-13T03:48:11.274018,166,0,0,0,0,0
2026-08-13T03:48:11.274018,168,0,0,0,0,0
2026-08-13T03:48:11.275034,168,0,0,0,0,0
2026-08-13T03:48:11.276035,169,0,0,0,0,0
2026-08-13T03:48:11.278091,168,0,0,0,0,0
2026-08-13T03:48:11.278091,168,0,0,0,0,0
2026-08-13T03:48:11.279081,168,0,0,0,0,0
2026-08-13T03:48:11.282106,167,0,0,0,0,0
2026-08-13T03:48:11.282106,167,0,0,0,0,0
2026-08-13T03:48:11.282106,167,0,0,0,0,0
2026-08-13T03:48:11.283629,166,0,0,0,0,0
2026-08-13T03:48:11.286289,166,0,0,0,0,0
2026-08-13T03:48:11.286289,166,0,0,0,0,0
2026-08-13T03:48:11.287316,165,0,0,0,0,0
2026-08-13T03:48:11.290040,165,0,0,0,0,0
2026-08-13T03:48:11.291070,164,0,0,0,0,0
2026-08-13T03:48:11.292062,164,0,0,0,0,0
2026-08-13T03:48:11.292062,166,0,0,0,0,0
2026-08-13T03:48:11.294584,168,0,0,0,0,0
2026-08-13T03:48:11.295589,168,0,0,0,0,0
2026-08-13T03:48:11.295589,169,0,0,0,0,0
2026-08-13T03:48:11.297697,168,0,0,0,0,0
2026-08-13T03:48:11.298704,168,0,0,0,0,0
2026-08-13T03:48:11.299709,167,0,0,0,0,0
2026-08-13T03:48:11.302704,167,0,0,0,0,0
2026-08-13T03:48:11.302704,167,0,0,0,0,0
2026-08-13T03:48:11.302704,166,0,0,0,0,0
2026-08-13T03:48:11.303707,167,0,0,0,0,0
2026-08-13T03:48:11.306769,165,0,0,0,0,0
2026-08-13T03:48:11.306769,166,0,0,0,0,0
2026-08-13T03:48:11.307792,165,0,0,0,0,0
2026-08-13T03:48:11.310838,164,0,0,0,0,0
2026-08-13T03:48:11.310838,165,0,0,0,0,0
2026-08-13T03:48:11.311860,164,0,0,0,0,0
2026-08-13T03:48:11.311860,167,0,0,0,0,0
2026-08-13T03:48:11.314425,168,0,0,0,0,0
2026-08-13T03:48:11.315424,168,0,0,0,0,0
2026-08-13T03:48:11.315424,169,0,0,0,0,0
2026-08-13T03:48:11.318433,169,0,0,0,0,0
2026-08-13T03:48:11.319422,167,0,0,0,0,0
2026-08-13T03:48:11.320426,167,0,0,0,0,0
2026-08-13T03:48:11.320426,167,0,0,0,0,0
2026-08-13T03:48:11.322422,167,0,0,0,0,0
2026-08-13T03:48:11.323933,167,0,0,0,0,0
2026-08-13T03:48:11.324950,166,0,0,0,0,0
2026-08-13T03:48:11.326959,166,0,0,0,0,0
2026-08-13T03:48:11.327960,166,0,0,0,0,0
2026-08-13T03:48:11.327960,165,0,0,0,0,0
2026-08-13T03:48:11.331374,164,0,0,0,0,0
2026-08-13T03:48:11.331374,164,0,0,0,0,0
2026-08-13T03:48:11.332386,164,0,0,0,0,0
2026-08-13T03:48:11.332386,167,0,0,0,0,0
2026-08-13T03:48:11.334905,167,0,0,0,0,0
2026-08-13T03:48:11.335906,169,0,0,0,0,0
2026-08-13T03:48:11.335906,169,0,0,0,0,0
2026-08-13T03:48:11.338917,168,0,0,0,0,0
2026-08-13T03:48:11.339905,168,0,0,0,0,0
2026-08-13T03:48:11.340906,167,0,0,0,0,0
2026-08-13T03:48:11.340906,167,0,0,0,0,0
2026-08-13T03:48:11.343612,167,0,0,0,0,0
2026-08-13T03:48:11.343612,167,0,0,0,0,0
2026-08-13T03:48:11.343612,167,0,0,0,0,0
2026-08-13T03:48:11.347748,166,0,0,0,0,0
2026-08-13T03:48:11.347748,165,0,0,0,0,0
2026-08-13T03:48:11.347748,163,0,0,0,0,0
2026-08-13T03:48:11.348767,165,0,0,0,0,0
2026-08-13T03:48:11.351709,164,0,0,0,0,0
2026-08-13T03:48:11.351709,165,0,0,0,0,0
2026-08-13T03:48:11.352695,167,0,0,0,0,0
2026-08-13T03:48:11.355866,169,0,0,0,0,0
2026-08-13T03:48:11.355866,169,0,0,0,0,0
2026-08-13T03:48:11.357857,169,0,0,0,0,0
2026-08-13T03:48:11.358859,168,0,0,0,0,0
2026-08-13T03:48:11.359855,167,0,0,0,0,0
2026-08-13T03:48:11.359855,167,0,0,0,0,0
2026-08-13T03:48:11.360852,168,0,0,0,0,0
2026-08-13T03:48:11.363851,167,0,0,0,0,0
2026-08-13T03:48:11.363851,166,0,0,0,0,0
2026-08-13T03:48:11.364931,166,0,0,0,0,0
2026-08-13T03:48:11.368189,165,0,0,0,0,0
2026-08-13T03:48:11.368189,165,0,0,0,0,0
2026-08-13T03:48:11.369215,164,0,0,0,0,0
2026-08-13T03:48:11.369215,164,0,0,0,0,0
2026-08-13T03:48:11.372014,164,0,0,0,0,0
2026-08-13T03:48:11.372994,166,0,0,0,0,0
2026-08-13T03:48:11.373991,168,0,0,0,0,0
2026-08-13T03:48:11.375513,170,0,0,0,0,0
2026-08-13T03:48:11.376512,170,0,0,0,0,0
2026-08-13T03:48:11.377512,170,0,0,0,0,0
2026-08-13T03:48:11.377512,172,0,0,0,0,0
2026-08-13T03:48:11.380513,171,0,0,0,0,0
2026-08-13T03:48:11.380513,172,0,0,0,0,0
2026-08-13T03:48:11.380513,173,0,0,0,0,0
2026-08-13T03:48:11.383718,173,0,0,0,0,0
2026-08-13T03:48:11.384794,173,0,0,0,0,0
2026-08-13T03:48:11.384794,173,0,0,0,0,0
2026-08-13T03:48:11.385800,174,0,0,0,0,0
2026-08-13T03:48:11.388794,174,0,0,0,0,0
2026-08-13T03:48:11.388794,173,0,0,0,0,0
2026-08-13T03:48:11.388794,173,0,0,0,0,0
2026-08-13T03:48:11.392794,173,0,0,0,0,0
2026-08-13T03:48:11.392794,176,0,0,0,0,0
2026-08-13T03:48:11.392794,179,0,0,0,0,0
2026-08-13T03:48:11.396864,178,0,0,0,0,0
2026-08-13T03:48:11.396864,179,0,0,0,0,0
2026-08-13T03:48:11.397883,179,0,0,0,0,0
2026-08-13T03:48:11.397883,179,0,0,0,0,0
2026-08-13T03:48:11.400965,178,0,0,0,0,0
2026-08-13T03:48:11.400965,178,0,0,0,0,0
2026-08-13T03:48:11.401987,178,0,0,0,0,0
2026-08-13T03:48:11.404848,178,0,0,0,0,0
2026-08-13T03:48:11.404848,178,0,0,0,0,0
2026-08-13T03:48:11.405850,178,0,0,0,0,0
2026-08-13T03:48:11.405850,178,0,0,0,0,0
2026-08-13T03:48:11.408851,177,0,0,0,0,0
2026-08-13T03:48:11.409358,178,0,0,0,0,0
2026-08-13T03:48:11.410371,179,0,0,0,0,0
2026-08-13T03:48:11.412357,179,0,0,0,0,0
2026-08-13T03:48:11.412357,181,0,0,0,0,0
2026-08-13T03:48:11.413882,183,0,0,0,0,0
2026-08-13T03:48:11.414889,185,0,0,0,0,0
2026-08-13T03:48:11.417744,185,0,0,0,0,0
2026-08-13T03:48:11.418149,187,0,0,0,0,0
2026-08-13T03:48:11.418654,186,0,0,0,0,0
2026-08-13T03:48:11.420694,186,0,0,0,0,0
2026-08-13T03:48:11.421660,186,0,0,0,0,0
2026-08-13T03:48:11.421660,186,0,0,0,0,0
2026-08-13T03:48:11.422664,186,0,0,0,0,0
2026-08-13T03:48:11.425179,188,0,0,0,0,0
2026-08-13T03:48:11.425179,186,0,0,0,0,0
2026-08-13T03:48:11.426186,187,0,0,0,0,0
2026-08-13T03:48:11.429634,185,0,0,0,0,0
2026-08-13T03:48:11.429634,187,0,0,0,0,0
2026-08-13T03:48:11.430651,187,0,0,0,0,0
2026-08-13T03:48:11.433751,186,0,0,0,0,0
2026-08-13T03:48:11.433751,189,0,0,0,0,0
2026-08-13T03:48:11.434803,190,0,0,0,0,0
2026-08-13T03:48:11.435816,190,0,0,0,0,0
2026-08-13T03:48:11.437827,191,0,0,0,0,0
2026-08-13T03:48:11.437827,191,0,0,0,0,0
2026-08-13T03:48:11.438846,190,0,0,0,0,0
2026-08-13T03:48:11.441913,189,0,0,0,0,0
2026-08-13T03:48:11.441913,191,0,0,0,0,0
2026-08-13T03:48:11.442939,190,0,0,0,0,0
2026-08-13T03:48:11.442939,189,0,0,0,0,0
2026-08-13T03:48:11.445467,189,0,0,0,0,0
2026-08-13T03:48:11.446461,189,0,0,0,0,0
2026-08-13T03:48:11.446461,189,0,0,0,0,0
2026-08-13T03:48:11.449471,189,0,0,0,0,0
2026-08-13T03:48:11.450459,190,0,0,0,0,0
2026-08-13T03:48:11.450459,189,0,0,0,0,0
2026-08-13T03:48:11.451457,191,0,0,0,0,0
2026-08-13T03:48:11.453982,194,0,0,0,0,0
2026-08-13T03:48:11.455001,194,0,0,0,0,0
2026-08-13T03:48:11.455001,196,0,0,0,0,0
2026-08-13T03:48:11.458015,194,0,0,0,0,0
2026-08-13T03:48:11.459013,193,0,0,0,0,0
2026-08-13T03:48:11.459013,191,0,0,0,0,0
2026-08-13T03:48:11.462012,191,0,0,0,0,0
2026-08-13T03:48:11.463013,191,0,0,0,0,0
2026-08-13T03:48:11.463013,189,0,0,0,0,0
2026-08-13T03:48:11.463013,189,0,0,0,0,0
2026-08-13T03:48:11.466523,188,0,0,0,0,0
2026-08-13T03:48:11.466523,186,0,0,0,0,0
2026-08-13T03:48:11.466523,187,0,0,0,0,0
2026-08-13T03:48:11.469530,187,0,0,0,0,0
2026-08-13T03:48:11.471040,187,0,0,0,0,0
2026-08-13T03:48:11.471040,187,0,0,0,0,0
2026-08-13T03:48:11.472052,190,0,0,0,0,0
2026-08-13T03:48:11.474628,192,0,0,0,0,0
2026-08-13T03:48:11.474628,193,0,0,0,0,0
2026-08-13T03:48:11.475622,194,0,0,0,0,0
2026-08-13T03:48:11.478788,194,0,0,0,0,0
2026-08-13T03:48:11.478788,193,0,0,0,0,0
2026-08-13T03:48:11.478788,193,0,0,0,0,0
2026-08-13T03:48:11.479809,193,0,0,0,0,0
2026-08-13T03:48:11.482804,193,0,0,0,0,0
2026-08-13T03:48:11.482804,192,0,0,0,0,0
2026-08-13T03:48:11.483803,191,0,0,0,0,0
2026-08-13T03:48:11.486990,192,0,0,0,0,0
2026-08-13T03:48:11.486990,191,0,0,0,0,0
2026-08-13T03:48:11.488008,191,0,0,0,0,0
2026-08-13T03:48:11.488008,191,0,0,0,0,0
2026-08-13T03:48:11.490340,191,0,0,0,0,0
2026-08-13T03:48:11.491358,190,0,0,0,0,0
2026-08-13T03:48:11.491358,192,0,0,0,0,0
2026-08-13T03:48:11.494873,194,0,0,0,0,0
2026-08-13T03:48:11.494873,192,0,0,0,0,0
2026-08-13T03:48:11.495873,193,0,0,0,0,0
2026-08-13T03:48:11.498911,192,0,0,0,0,0
2026-08-13T03:48:11.498911,191,0,0,0,0,0
2026-08-13T03:48:11.499881,189,0,0,0,0,0
2026-08-13T03:48:11.499881,190,0,0,0,0,0
2026-08-13T03:48:11.502893,190,0,0,0,0,0
2026-08-13T03:48:11.502893,190,0,0,0,0,0
2026-08-13T03:48:11.503884,190,0,0,0,0,0
2026-08-13T03:48:11.507009,190,0,0,0,0,0
2026-08-13T03:48:11.508064,190,0,0,0,0,0
2026-08-13T03:48:11.508064,189,0,0,0,0,0
2026-08-13T03:48:11.508064,189,0,0,0,0,0
2026-08-13T03:48:11.511537,189,0,0,0,0,0
2026-08-13T03:48:11.511537,189,0,0,0,0,0
2026-08-13T03:48:11.512558,191,0,0,0,0,0
2026-08-13T03:48:11.515010,193,0,0,0,0,0
2026-08-13T03:48:11.516008,193,0,0,0,0,0
2026-08-13T03:48:11.517011,194,0,0,0,0,0
2026-08-13T03:48:11.517011,193,0,0,0,0,0
2026-08-13T03:48:11.519738,192,0,0,0,0,0
2026-08-13T03:48:11.519738,190,0,0,0,0,0
2026-08-13T03:48:11.520758,191,0,0,0,0,0
2026-08-13T03:48:11.523707,191,0,0,0,0,0
2026-08-13T03:48:11.524217,190,0,0,0,0,0
2026-08-13T03:48:11.525227,190,0,0,0,0,0
2026-08-13T03:48:11.525227,189,0,0,0,0,0
2026-08-13T03:48:11.527243,188,0,0,0,0,0
2026-08-13T03:48:11.528226,187,0,0,0,0,0
2026-08-13T03:48:11.529231,188,0,0,0,0,0
2026-08-13T03:48:11.531248,186,0,0,0,0,0
2026-08-13T03:48:11.532225,187,0,0,0,0,0
2026-08-13T03:48:11.532225,190,0,0,0,0,0
2026-08-13T03:48:11.535770,191,0,0,0,0,0
2026-08-13T03:48:11.536754,192,0,0,0,0,0
2026-08-13T03:48:11.536754,190,0,0,0,0,0
2026-08-13T03:48:11.537753,191,0,0,0,0,0
2026-08-13T03:48:11.540214,190,0,0,0,0,0
2026-08-13T03:48:11.541247,189,0,0,0,0,0
2026-08-13T03:48:11.541247,189,0,0,0,0,0
2026-08-13T03:48:11.543753,189,0,0,0,0,0
2026-08-13T03:48:11.544761,188,0,0,0,0,0
2026-08-13T03:48:11.545765,188,0,0,0,0,0
2026-08-13T03:48:11.545765,187,0,0,0,0,0
2026-08-13T03:48:11.547816,186,0,0,0,0,0
2026-08-13T03:48:11.548774,185,0,0,0,0,0
2026-08-13T03:48:11.548774,186,0,0,0,0,0
2026-08-13T03:48:11.551787,186,0,0,0,0,0
2026-08-13T03:48:11.552773,187,0,0,0,0,0
2026-08-13T03:48:11.552773,189,0,0,0,0,0
2026-08-13T03:48:11.553777,188,0,0,0,0,0
2026-08-13T03:48:11.556614,190,0,0,0,0,0
2026-08-13T03:48:11.556614,189,0,0,0,0,0
2026-08-13T03:48:11.557634,189,0,0,0,0,0
2026-08-13T03:48:11.560984,188,0,0,0,0,0
2026-08-13T03:48:11.571017,187,0,0,0,0,0
2026-08-13T03:48:11.572050,189,0,0,0,0,0
2026-08-13T03:48:11.573036,188,0,0,0,0,0
2026-08-13T03:48:11.574555,188,0,0,0,0,0
2026-08-13T03:48:11.574555,189,0,0,0,0,0
2026-08-13T03:48:11.575997,188,0,0,0,0,0
2026-08-13T03:48:11.576505,188,0,0,0,0,0
2026-08-13T03:48:11.577515,189,0,0,0,0,0
2026-08-13T03:48:11.577515,190,0,0,0,0,0
2026-08-13T03:48:11.577515,190,0,0,0,0,0
2026-08-13T03:48:11.578516,192,0,0,0,0,0
2026-08-13T03:48:11.578516,194,0,0,0,0,0
2026-08-13T03:48:11.579515,194,0,0,0,0,0
2026-08-13T03:48:11.579515,194,0,0,0,0,0
2026-08-13T03:48:11.579515,193,0,0,0,0,0
2026-08-13T03:48:11.580514,192,0,0,0,0,0
2026-08-13T03:48:11.580514,191,0,0,0,0,0
2026-08-13T03:48:11.580514,190,0,0,0,0,0
2026-08-13T03:48:11.581775,190,0,0,0,0,0
2026-08-13T03:48:11.581775,189,0,0,0,0,0
2026-08-13T03:48:11.584842,189,0,0,0,0,0
2026-08-13T03:48:11.584842,189,0,0,0,0,0
2026-08-13T03:48:11.585837,190,0,0,0,0,0
2026-08-13T03:48:11.588973,189,0,0,0,0,0
2026-08-13T03:48:11.588973,190,0,0,0,0,0
2026-08-13T03:48:11.589862,190,0,0,0,0,0
2026-08-13T03:48:11.590845,190,0,0,0,0,0
2026-08-13T03:48:11.592843,192,0,0,0,0,0
2026-08-13T03:48:11.593844,193,0,0,0,0,0
2026-08-13T03:48:11.594352,194,0,0,0,0,0
2026-08-13T03:48:11.597527,193,0,0,0,0,0
2026-08-13T03:48:11.598388,193,0,0,0,0,0
2026-08-13T03:48:11.598388,192,0,0,0,0,0
2026-08-13T03:48:11.601515,190,0,0,0,0,0
2026-08-13T03:48:11.601515,190,0,0,0,0,0
2026-08-13T03:48:11.602384,189,0,0,0,0,0
2026-08-13T03:48:11.602384,189,0,0,0,0,0
2026-08-13T03:48:11.605054,189,0,0,0,0,0
2026-08-13T03:48:11.606047,188,0,0,0,0,0
2026-08-13T03:48:11.606047,188,0,0,0,0,0
2026-08-13T03:48:11.609645,188,0,0,0,0,0
2026-08-13T03:48:11.609645,189,0,0,0,0,0
2026-08-13T03:48:11.610639,189,0,0,0,0,0
2026-08-13T03:48:11.610639,190,0,0,0,0,0
2026-08-13T03:48:11.613646,193,0,0,0,0,0
2026-08-13T03:48:11.614157,194,0,0,0,0,0
2026-08-13T03:48:11.615170,194,0,0,0,0,0
2026-08-13T03:48:11.617178,195,0,0,0,0,0
2026-08-13T03:48:11.618178,193,0,0,0,0,0
2026-08-13T03:48:11.619178,193,0,0,0,0,0
2026-08-13T03:48:11.619178,192,0,0,0,0,0
2026-08-13T03:48:11.622178,193,0,0,0,0,0
2026-08-13T03:48:11.622178,192,0,0,0,0,0
2026-08-13T03:48:11.622178,191,0,0,0,0,0
2026-08-13T03:48:11.625996,191,0,0,0,0,0
2026-08-13T03:48:11.625996,191,0,0,0,0,0
2026-08-13T03:48:11.626994,191,0,0,0,0,0
2026-08-13T03:48:11.629237,189,0,0,0,0,0
2026-08-13T03:48:11.630537,189,0,0,0,0,0
2026-08-13T03:48:11.630537,189,0,0,0,0,0
2026-08-13T03:48:11.630537,190,0,0,0,0,0
2026-08-13T03:48:11.634022,192,0,0,0,0,0
2026-08-13T03:48:11.636039,194,0,0,0,0,0
2026-08-13T03:48:11.636039,193,0,0,0,0,0
2026-08-13T03:48:11.638548,194,0,0,0,0,0
2026-08-13T03:48:11.638548,193,0,0,0,0,0
2026-08-13T03:48:11.638548,192,0,0,0,0,0
2026-08-13T03:48:11.639356,192,0,0,0,0,0
2026-08-13T03:48:11.642361,192,0,0,0,0,0
2026-08-13T03:48:11.642361,191,0,0,0,0,0
2026-08-13T03:48:11.642361,191,0,0,0,0,0
2026-08-13T03:48:11.646671,191,0,0,0,0,0
2026-08-13T03:48:11.646671,190,0,0,0,0,0
2026-08-13T03:48:11.646671,189,0,0,0,0,0
2026-08-13T03:48:11.647821,190,0,0,0,0,0
2026-08-13T03:48:11.650198,191,0,0,0,0,0
2026-08-13T03:48:11.650198,191,0,0,0,0,0
2026-08-13T03:48:11.650198,192,0,0,0,0,0
2026-08-13T03:48:11.653836,194,0,0,0,0,0
2026-08-13T03:48:11.654995,195,0,0,0,0,0
2026-08-13T03:48:11.654995,196,0,0,0,0,0
2026-08-13T03:48:11.656003,195,0,0,0,0,0
2026-08-13T03:48:11.658401,195,0,0,0,0,0
2026-08-13T03:48:11.659295,193,0,0,0,0,0
2026-08-13T03:48:11.659295,194,0,0,0,0,0
2026-08-13T03:48:11.662292,194,0,0,0,0,0
2026-08-13T03:48:11.662292,193,0,0,0,0,0
2026-08-13T03:48:11.663798,194,0,0,0,0,0
2026-08-13T03:48:11.666806,192,0,0,0,0,0
2026-08-13T03:48:11.666806,192,0,0,0,0,0
2026-08-13T03:48:11.667804,191,0,0,0,0,0
2026-08-13T03:48:11.667804,192,0,0,0,0,0
2026-08-13T03:48:11.671312,192,0,0,0,0,0
2026-08-13T03:48:11.671312,192,0,0,0,0,0
2026-08-13T03:48:11.671312,194,0,0,0,0,0
2026-08-13T03:48:11.674831,196,0,0,0,0,0
2026-08-13T03:48:11.674831,196,0,0,0,0,0
2026-08-13T03:48:11.676044,197,0,0,0,0,0
2026-08-13T03:48:11.676044,197,0,0,0,0,0
2026-08-13T03:48:11.679053,196,0,0,0,0,0
2026-08-13T03:48:11.680050,195,0,0,0,0,0
2026-08-13T03:48:11.680050,196,0,0,0,0,0
2026-08-13T03:48:11.682161,196,0,0,0,0,0
2026-08-13T03:48:11.683773,195,0,0,0,0,0
2026-08-13T03:48:11.683773,196,0,0,0,0,0
2026-08-13T03:48:11.683773,194,0,0,0,0,0
2026-08-13T03:48:11.687136,194,0,0,0,0,0
2026-08-13T03:48:11.688136,193,0,0,0,0,0
2026-08-13T03:48:11.688136,193,0,0,0,0,0
2026-08-13T03:48:11.691143,193,0,0,0,0,0
2026-08-13T03:48:11.692137,194,0,0,0,0,0
2026-08-13T03:48:11.692137,196,0,0,0,0,0
2026-08-13T03:48:11.695918,197,0,0,0,0,0
2026-08-13T03:48:11.695918,199,0,0,0,0,0
2026-08-13T03:48:11.695918,199,0,0,0,0,0
2026-08-13T03:48:11.695918,199,0,0,0,0,0
2026-08-13T03:48:11.699804,198,0,0,0,0,0
2026-08-13T03:48:11.699804,197,0,0,0,0,0
2026-08-13T03:48:11.699804,198,0,0,0,0,0
2026-08-13T03:48:11.703789,198,0,0,0,0,0
2026-08-13T03:48:11.704299,198,0,0,0,0,0
2026-08-13T03:48:11.704299,198,0,0,0,0,0
2026-08-13T03:48:11.705310,196,0,0,0,0,0
2026-08-13T03:48:11.707319,195,0,0,0,0,0
2026-08-13T03:48:11.708345,195,0,0,0,0,0
2026-08-13T03:48:11.708345,195,0,0,0,0,0
2026-08-13T03:48:11.711925,195,0,0,0,0,0
2026-08-13T03:48:11.711925,195,0,0,0,0,0
2026-08-13T03:48:11.712924,197,0,0,0,0,0
2026-08-13T03:48:11.712924,198,0,0,0,0,0
2026-08-13T03:48:11.715442,199,0,0,0,0,0
2026-08-13T03:48:11.716443,199,0,0,0,0,0
2026-08-13T03:48:11.716443,199,0,0,0,0,0
2026-08-13T03:48:11.720443,198,0,0,0,0,0
2026-08-13T03:48:11.720443,197,0,0,0,0,0
2026-08-13T03:48:11.720443,198,0,0,0,0,0
2026-08-13T03:48:11.721441,198,0,0,0,0,0
2026-08-13T03:48:11.723947,197,0,0,0,0,0
2026-08-13T03:48:11.724975,197,0,0,0,0,0
2026-08-13T03:48:11.724975,196,0,0,0,0,0
2026-08-13T03:48:11.727968,196,0,0,0,0,0
2026-08-13T03:48:11.728968,195,0,0,0,0,0
2026-08-13T03:48:11.729954,195,0,0,0,0,0
2026-08-13T03:48:11.732419,195,0,0,0,0,0
2026-08-13T03:48:11.732419,196,0,0,0,0,0
2026-08-13T03:48:11.733558,198,0,0,0,0,0
2026-08-13T03:48:11.734570,199,0,0,0,0,0
2026-08-13T03:48:11.736590,200,0,0,0,0,0
2026-08-13T03:48:11.736590,199,0,0,0,0,0
2026-08-13T03:48:11.737600,199,0,0,0,0,0
2026-08-13T03:48:11.740343,198,0,0,0,0,0
2026-08-13T03:48:11.740343,197,0,0,0,0,0
2026-08-13T03:48:11.741560,198,0,0,0,0,0
2026-08-13T03:48:11.741560,196,0,0,0,0,0
2026-08-13T03:48:11.744041,196,0,0,0,0,0
2026-08-13T03:48:11.745303,196,0,0,0,0,0
2026-08-13T03:48:11.745303,195,0,0,0,0,0
2026-08-13T03:48:11.748313,195,0,0,0,0,0
2026-08-13T03:48:11.749313,194,0,0,0,0,0
2026-08-13T03:48:11.749313,195,0,0,0,0,0
2026-08-13T03:48:11.750312,195,0,0,0,0,0
2026-08-13T03:48:11.752327,197,0,0,0,0,0
2026-08-13T03:48:11.752327,198,0,0,0,0,0
2026-08-13T03:48:11.753835,198,0,0,0,0,0
2026-08-13T03:48:11.756788,199,0,0,0,0,0
2026-08-13T03:48:11.756788,199,0,0,0,0,0
2026-08-13T03:48:11.758215,199,0,0,0,0,0
2026-08-13T03:48:11.758215,197,0,0,0,0,0
2026-08-13T03:48:11.761376,197,0,0,0,0,0
2026-08-13T03:48:11.761376,197,0,0,0,0,0
2026-08-13T03:48:11.761376,197,0,0,0,0,0
2026-08-13T03:48:11.765479,197,0,0,0,0,0
2026-08-13T03:48:11.765479,196,0,0,0,0,0
2026-08-13T03:48:11.765479,196,0,0,0,0,0
2026-08-13T03:48:11.768484,195,0,0,0,0,0
2026-08-13T03:48:11.769712,196,0,0,0,0,0
2026-08-13T03:48:11.769712,196,0,0,0,0,0
2026-08-13T03:48:11.769712,195,0,0,0,0,0
2026-08-13T03:48:11.772624,197,0,0,0,0,0
2026-08-13T03:48:11.774128,198,0,0,0,0,0
2026-08-13T03:48:11.774128,199,0,0,0,0,0
2026-08-13T03:48:11.777533,200,0,0,0,0,0
2026-08-13T03:48:11.777533,199,0,0,0,0,0
2026-08-13T03:48:11.778513,198,0,0,0,0,0
2026-08-13T03:48:11.778513,196,0,0,0,0,0
2026-08-13T03:48:11.781877,197,0,0,0,0,0
2026-08-13T03:48:11.781877,197,0,0,0,0,0
2026-08-13T03:48:11.781877,196,0,0,0,0,0
2026-08-13T03:48:11.785834,197,0,0,0,0,0
2026-08-13T03:48:11.785834,196,0,0,0,0,0
2026-08-13T03:48:11.785834,195,0,0,0,0,0
2026-08-13T03:48:11.786850,194,0,0,0,0,0
2026-08-13T03:48:11.789848,195,0,0,0,0,0
2026-08-13T03:48:11.789848,194,0,0,0,0,0
2026-08-13T03:48:11.790849,194,0,0,0,0,0
2026-08-13T03:48:11.793587,197,0,0,0,0,0
2026-08-13T03:48:11.794594,198,0,0,0,0,0
2026-08-13T03:48:11.794594,198,0,0,0,0,0
2026-08-13T03:48:11.797618,198,0,0,0,0,0
2026-08-13T03:48:11.798595,198,0,0,0,0,0
2026-08-13T03:48:11.798595,197,0,0,0,0,0
2026-08-13T03:48:11.798595,196,0,0,0,0,0
2026-08-13T03:48:11.801594,197,0,0,0,0,0
2026-08-13T03:48:11.802595,196,0,0,0,0,0
2026-08-13T03:48:11.802595,196,0,0,0,0,0
2026-08-13T03:48:11.806049,196,0,0,0,0,0
2026-08-13T03:48:11.807035,195,0,0,0,0,0
2026-08-13T03:48:11.807035,194,0,0,0,0,0
2026-08-13T03:48:11.807035,193,0,0,0,0,0
2026-08-13T03:48:11.810033,194,0,0,0,0,0
2026-08-13T03:48:11.811033,192,0,0,0,0,0
2026-08-13T03:48:11.811033,194,0,0,0,0,0
2026-08-13T03:48:11.813983,197,0,0,0,0,0
2026-08-13T03:48:11.814989,197,0,0,0,0,0
2026-08-13T03:48:11.814989,198,0,0,0,0,0
2026-08-13T03:48:11.814989,197,0,0,0,0,0
2026-08-13T03:48:11.818020,197,0,0,0,0,0
2026-08-13T03:48:11.818996,196,0,0,0,0,0
2026-08-13T03:48:11.818996,196,0,0,0,0,0
2026-08-13T03:48:11.821554,196,0,0,0,0,0
2026-08-13T03:48:11.822960,194,0,0,0,0,0
2026-08-13T03:48:11.822960,194,0,0,0,0,0
2026-08-13T03:48:11.823966,194,0,0,0,0,0
2026-08-13T03:48:11.826040,193,0,0,0,0,0
2026-08-13T03:48:11.827371,192,0,0,0,0,0
2026-08-13T03:48:11.827371,192,0,0,0,0,0
2026-08-13T03:48:11.830337,191,0,0,0,0,0
2026-08-13T03:48:11.831349,192,0,0,0,0,0
2026-08-13T03:48:11.831349,194,0,0,0,0,0
2026-08-13T03:48:11.834946,196,0,0,0,0,0
2026-08-13T03:48:11.834946,195,0,0,0,0,0
2026-08-13T03:48:11.834946,196,0,0,0,0,0
2026-08-13T03:48:11.835954,196,0,0,0,0,0
2026-08-13T03:48:11.837953,196,0,0,0,0,0
2026-08-13T03:48:11.839350,195,0,0,0,0,0
2026-08-13T03:48:11.839350,194,0,0,0,0,0
2026-08-13T03:48:11.842366,195,0,0,0,0,0
2026-08-13T03:48:11.843873,194,0,0,0,0,0
2026-08-13T03:48:11.843873,194,0,0,0,0,0
2026-08-13T03:48:11.843873,193,0,0,0,0,0
2026-08-13T03:48:11.846889,192,0,0,0,0,0
2026-08-13T03:48:11.847889,192,0,0,0,0,0
2026-08-13T03:48:11.847889,192,0,0,0,0,0
2026-08-13T03:48:11.850915,192,0,0,0,0,0
2026-08-13T03:48:11.851908,192,0,0,0,0,0
2026-08-13T03:48:11.851908,193,0,0,0,0,0
2026-08-13T03:48:11.851908,195,0,0,0,0,0
2026-08-13T03:48:11.855467,196,0,0,0,0,0
2026-08-13T03:48:11.855467,196,0,0,0,0,0
2026-08-13T03:48:11.856450,196,0,0,0,0,0
2026-08-13T03:48:11.859456,196,0,0,0,0,0
2026-08-13T03:48:11.859456,194,0,0,0,0,0
2026-08-13T03:48:11.860472,196,0,0,0,0,0
2026-08-13T03:48:11.862465,195,0,0,0,0,0
2026-08-13T03:48:11.863989,194,0,0,0,0,0
2026-08-13T03:48:11.865027,194,0,0,0,0,0
2026-08-13T03:48:11.865027,193,0,0,0,0,0
2026-08-13T03:48:11.868024,193,0,0,0,0,0
2026-08-13T03:48:11.868024,192,0,0,0,0,0
2026-08-13T03:48:11.869013,192,0,0,0,0,0
2026-08-13T03:48:11.871544,192,0,0,0,0,0
2026-08-13T03:48:11.872575,191,0,0,0,0,0
2026-08-13T03:48:11.872575,195,0,0,0,0,0
2026-08-13T03:48:11.872575,195,0,0,0,0,0
2026-08-13T03:48:11.876111,196,0,0,0,0,0
2026-08-13T03:48:11.876111,195,0,0,0,0,0
2026-08-13T03:48:11.877101,196,0,0,0,0,0
2026-08-13T03:48:11.880110,196,0,0,0,0,0
2026-08-13T03:48:11.881111,194,0,0,0,0,0
2026-08-13T03:48:11.881111,195,0,0,0,0,0
2026-08-13T03:48:11.882097,195,0,0,0,0,0
2026-08-13T03:48:11.883619,194,0,0,0,0,0
2026-08-13T03:48:11.884653,194,0,0,0,0,0
2026-08-13T03:48:11.885639,193,0,0,0,0,0
2026-08-13T03:48:11.887649,193,0,0,0,0,0
2026-08-13T03:48:11.888649,191,0,0,0,0,0
2026-08-13T03:48:11.889636,191,0,0,0,0,0
2026-08-13T03:48:11.890639,192,0,0,0,0,0
2026-08-13T03:48:11.892650,192,0,0,0,0,0
2026-08-13T03:48:11.892650,195,0,0,0,0,0
2026-08-13T03:48:11.893636,195,0,0,0,0,0
2026-08-13T03:48:11.896409,196,0,0,0,0,0
2026-08-13T03:48:11.896409,196,0,0,0,0,0
2026-08-13T03:48:11.897448,196,0,0,0,0,0
2026-08-13T03:48:11.900425,195,0,0,0,0,0
2026-08-13T03:48:11.901436,194,0,0,0,0,0
2026-08-13T03:48:11.901436,196,0,0,0,0,0
2026-08-13T03:48:11.902436,195,0,0,0,0,0
2026-08-13T03:48:11.904604,194,0,0,0,0,0
2026-08-13T03:48:11.904604,194,0,0,0,0,0
2026-08-13T03:48:11.905631,193,0,0,0,0,0
2026-08-13T03:48:11.908863,193,0,0,0,0,0
2026-08-13T03:48:11.909896,191,0,0,0,0,0
2026-08-13T03:48:11.909896,192,0,0,0,0,0
2026-08-13T03:48:11.910911,192,0,0,0,0,0
2026-08-13T03:48:11.912459,193,0,0,0,0,0
2026-08-13T03:48:11.912459,195,0,0,0,0,0
2026-08-13T03:48:11.913901,196,0,0,0,0,0
2026-08-13T03:48:11.916930,197,0,0,0,0,0
2026-08-13T03:48:11.916930,196,0,0,0,0,0
2026-08-13T03:48:11.917932,196,0,0,0,0,0
2026-08-13T03:48:11.918665,195,0,0,0,0,0
2026-08-13T03:48:11.920696,195,0,0,0,0,0
2026-08-13T03:48:11.921680,195,0,0,0,0,0
2026-08-13T03:48:11.921680,194,0,0,0,0,0
2026-08-13T03:48:11.925449,193,0,0,0,0,0
2026-08-13T03:48:11.926025,193,0,0,0,0,0
2026-08-13T03:48:11.927056,194,0,0,0,0,0
2026-08-13T03:48:11.929054,192,0,0,0,0,0
2026-08-13T03:48:11.930056,192,0,0,0,0,0
2026-08-13T03:48:11.930056,192,0,0,0,0,0
2026-08-13T03:48:11.931058,192,0,0,0,0,0
2026-08-13T03:48:11.932055,194,0,0,0,0,0
2026-08-13T03:48:11.933578,196,0,0,0,0,0
2026-08-13T03:48:11.933578,196,0,0,0,0,0
2026-08-13T03:48:11.937606,196,0,0,0,0,0
2026-08-13T03:48:11.937606,196,0,0,0,0,0
2026-08-13T03:48:11.938606,196,0,0,0,0,0
2026-08-13T03:48:11.938606,194,0,0,0,0,0
2026-08-13T03:48:11.941607,194,0,0,0,0,0
2026-08-13T03:48:11.941607,195,0,0,0,0,0
2026-08-13T03:48:11.942607,193,0,0,0,0,0
2026-08-13T03:48:11.945154,194,0,0,0,0,0
2026-08-13T03:48:11.946154,194,0,0,0,0,0
2026-08-13T03:48:11.946154,193,0,0,0,0,0
2026-08-13T03:48:11.947152,192,0,0,0,0,0
2026-08-13T03:48:11.949816,192,0,0,0,0,0
2026-08-13T03:48:11.949816,192,0,0,0,0,0
2026-08-13T03:48:11.950839,192,0,0,0,0,0
2026-08-13T03:48:11.953583,194,0,0,0,0,0
2026-08-13T03:48:11.954607,195,0,0,0,0,0
2026-08-13T03:48:11.954607,196,0,0,0,0,0
2026-08-13T03:48:11.955606,196,0,0,0,0,0
2026-08-13T03:48:11.957616,196,0,0,0,0,0
2026-08-13T03:48:11.958619,196,0,0,0,0,0
2026-08-13T03:48:11.958619,194,0,0,0,0,0
2026-08-13T03:48:11.962003,195,0,0,0,0,0
2026-08-13T03:48:11.962003,195,0,0,0,0,0
2026-08-13T03:48:11.963024,194,0,0,0,0,0
2026-08-13T03:48:11.965553,194,0,0,0,0,0
2026-08-13T03:48:11.966553,193,0,0,0,0,0
2026-08-13T03:48:11.966553,193,0,0,0,0,0
2026-08-13T03:48:11.967556,191,0,0,0,0,0
2026-08-13T03:48:11.969566,192,0,0,0,0,0
2026-08-13T03:48:11.970552,192,0,0,0,0,0
2026-08-13T03:48:11.970552,191,0,0,0,0,0
2026-08-13T03:48:11.974010,195,0,0,0,0,0
2026-08-13T03:48:11.974517,196,0,0,0,0,0
2026-08-13T03:48:11.975532,197,0,0,0,0,0
2026-08-13T03:48:11.975532,197,0,0,0,0,0
2026-08-13T03:48:11.978538,197,0,0,0,0,0
2026-08-13T03:48:11.978538,196,0,0,0,0,0
2026-08-13T03:48:11.979544,195,0,0,0,0,0
2026-08-13T03:48:11.982590,196,0,0,0,0,0
2026-08-13T03:48:11.982590,196,0,0,0,0,0
2026-08-13T03:48:11.983605,195,0,0,0,0,0
2026-08-13T03:48:11.983605,195,0,0,0,0,0
2026-08-13T03:48:11.986336,195,0,0,0,0,0
2026-08-13T03:48:11.987354,194,0,0,0,0,0
2026-08-13T03:48:11.987354,193,0,0,0,0,0
2026-08-13T03:48:11.990365,194,0,0,0,0,0
2026-08-13T03:48:11.991354,193,0,0,0,0,0
2026-08-13T03:48:11.991354,195,0,0,0,0,0
2026-08-13T03:48:11.992352,198,0,0,0,0,0
2026-08-13T03:48:11.994886,198,0,0,0,0,0
2026-08-13T03:48:11.994886,199,0,0,0,0,0
2026-08-13T03:48:11.995877,198,0,0,0,0,0
2026-08-13T03:48:11.998886,199,0,0,0,0,0
2026-08-13T03:48:11.999879,198,0,0,0,0,0
2026-08-13T03:48:11.999879,198,0,0,0,0,0
2026-08-13T03:48:12.003064,198,0,0,0,0,0
2026-08-13T03:48:12.003579,198,0,0,0,0,0
2026-08-13T03:48:12.004614,197,0,0,0,0,0
2026-08-13T03:48:12.004614,198,0,0,0,0,0
2026-08-13T03:48:12.006591,197,0,0,0,0,0
2026-08-13T03:48:12.007961,196,0,0,0,0,0
2026-08-13T03:48:12.008471,196,0,0,0,0,0
2026-08-13T03:48:12.010482,197,0,0,0,0,0
2026-08-13T03:48:12.011481,197,0,0,0,0,0
2026-08-13T03:48:12.012486,198,0,0,0,0,0
2026-08-13T03:48:12.012486,200,0,0,0,0,0
2026-08-13T03:48:12.015036,201,0,0,0,0,0
2026-08-13T03:48:12.016048,202,0,0,0,0,0
2026-08-13T03:48:12.016048,202,0,0,0,0,0
2026-08-13T03:48:12.019046,202,0,0,0,0,0
2026-08-13T03:48:12.020034,201,0,0,0,0,0
2026-08-13T03:48:12.020034,201,0,0,0,0,0
2026-08-13T03:48:12.021047,202,0,0,0,0,0
2026-08-13T03:48:12.023569,202,0,0,0,0,0
2026-08-13T03:48:12.023569,202,0,0,0,0,0
2026-08-13T03:48:12.024580,202,0,0,0,0,0
2026-08-13T03:48:12.027633,202,0,0,0,0,0
2026-08-13T03:48:12.027633,202,0,0,0,0,0
2026-08-13T03:48:12.028661,202,0,0,0,0,0
2026-08-13T03:48:12.031425,202,0,0,0,0,0
2026-08-13T03:48:12.032426,202,0,0,0,0,0
2026-08-13T03:48:12.032426,204,0,0,0,0,0
2026-08-13T03:48:12.032426,207,0,0,0,0,0
2026-08-13T03:48:12.034966,206,0,0,0,0,0
2026-08-13T03:48:12.035966,207,0,0,0,0,0
2026-08-13T03:48:12.036979,208,0,0,0,0,0
2026-08-13T03:48:12.039976,207,0,0,0,0,0
2026-08-13T03:48:12.039976,207,0,0,0,0,0
2026-08-13T03:48:12.040970,208,0,0,0,0,0
2026-08-13T03:48:12.041969,207,0,0,0,0,0
2026-08-13T03:48:12.043969,207,0,0,0,0,0
2026-08-13T03:48:12.044479,208,0,0,0,0,0
2026-08-13T03:48:12.045490,209,0,0,0,0,0
2026-08-13T03:48:12.047499,209,0,0,0,0,0
2026-08-13T03:48:12.048498,209,0,0,0,0,0
2026-08-13T03:48:12.048498,209,0,0,0,0,0
2026-08-13T03:48:12.049500,210,0,0,0,0,0
2026-08-13T03:48:12.051500,210,0,0,0,0,0
2026-08-13T03:48:12.052498,213,0,0,0,0,0
2026-08-13T03:48:12.052498,214,0,0,0,0,0
2026-08-13T03:48:12.056022,214,0,0,0,0,0
2026-08-13T03:48:12.057030,215,0,0,0,0,0
2026-08-13T03:48:12.057030,214,0,0,0,0,0
2026-08-13T03:48:12.058031,215,0,0,0,0,0
2026-08-13T03:48:12.060048,214,0,0,0,0,0
2026-08-13T03:48:12.061033,214,0,0,0,0,0
2026-08-13T03:48:12.061033,215,0,0,0,0,0
2026-08-13T03:48:12.064520,215,0,0,0,0,0
2026-08-13T03:48:12.064520,216,0,0,0,0,0
2026-08-13T03:48:12.065757,216,0,0,0,0,0
2026-08-13T03:48:12.068586,217,0,0,0,0,0
2026-08-13T03:48:12.069617,215,0,0,0,0,0
2026-08-13T03:48:12.069617,216,0,0,0,0,0
2026-08-13T03:48:12.070707,216,0,0,0,0,0
2026-08-13T03:48:12.072737,217,0,0,0,0,0
2026-08-13T03:48:12.072737,219,0,0,0,0,0
2026-08-13T03:48:12.074040,220,0,0,0,0,0
2026-08-13T03:48:12.076813,221,0,0,0,0,0
2026-08-13T03:48:12.076813,221,0,0,0,0,0
2026-08-13T03:48:12.077845,220,0,0,0,0,0
2026-08-13T03:48:12.078844,219,0,0,0,0,0
2026-08-13T03:48:12.080887,218,0,0,0,0,0
2026-08-13T03:48:12.080887,218,0,0,0,0,0
2026-08-13T03:48:12.081916,218,0,0,0,0,0
2026-08-13T03:48:12.084623,217,0,0,0,0,0
2026-08-13T03:48:12.085608,217,0,0,0,0,0
2026-08-13T03:48:12.085608,217,0,0,0,0,0
2026-08-13T03:48:12.086743,216,0,0,0,0,0
2026-08-13T03:48:12.088770,216,0,0,0,0,0
2026-08-13T03:48:12.089762,215,0,0,0,0,0
2026-08-13T03:48:12.090763,216,0,0,0,0,0
2026-08-13T03:48:12.092756,218,0,0,0,0,0
2026-08-13T03:48:12.093759,220,0,0,0,0,0
2026-08-13T03:48:12.094271,222,0,0,0,0,0
2026-08-13T03:48:12.097314,222,0,0,0,0,0
2026-08-13T03:48:12.097314,222,0,0,0,0,0
2026-08-13T03:48:12.098306,221,0,0,0,0,0
2026-08-13T03:48:12.099304,220,0,0,0,0,0
2026-08-13T03:48:12.101313,219,0,0,0,0,0
2026-08-13T03:48:12.101313,220,0,0,0,0,0
2026-08-13T03:48:12.102305,220,0,0,0,0,0
2026-08-13T03:48:12.104866,219,0,0,0,0,0
2026-08-13T03:48:12.105858,219,0,0,0,0,0
2026-08-13T03:48:12.106857,219,0,0,0,0,0
2026-08-13T03:48:12.106857,218,0,0,0,0,0
2026-08-13T03:48:12.108884,217,0,0,0,0,0
2026-08-13T03:48:12.109859,218,0,0,0,0,0
2026-08-13T03:48:12.110860,218,0,0,0,0,0
2026-08-13T03:48:12.113663,220,0,0,0,0,0
2026-08-13T03:48:12.113663,223,0,0,0,0,0
2026-08-13T03:48:12.114848,224,0,0,0,0,0
2026-08-13T03:48:12.115862,225,0,0,0,0,0
2026-08-13T03:48:12.116857,226,0,0,0,0,0
2026-08-13T03:48:12.118359,226,0,0,0,0,0
2026-08-13T03:48:12.118359,225,0,0,0,0,0
2026-08-13T03:48:12.121829,226,0,0,0,0,0
2026-08-13T03:48:12.121829,227,0,0,0,0,0
2026-08-13T03:48:12.122853,226,0,0,0,0,0
2026-08-13T03:48:12.123840,227,0,0,0,0,0
2026-08-13T03:48:12.125296,226,0,0,0,0,0
2026-08-13T03:48:12.126307,225,0,0,0,0,0
2026-08-13T03:48:12.127310,224,0,0,0,0,0
2026-08-13T03:48:12.129307,223,0,0,0,0,0
2026-08-13T03:48:12.130305,223,0,0,0,0,0
2026-08-13T03:48:12.130305,223,0,0,0,0,0
2026-08-13T03:48:12.133909,226,0,0,0,0,0
2026-08-13T03:48:12.133909,227,0,0,0,0,0
2026-08-13T03:48:12.134928,229,0,0,0,0,0
2026-08-13T03:48:12.135943,231,0,0,0,0,0
2026-08-13T03:48:12.137938,231,0,0,0,0,0
2026-08-13T03:48:12.137938,231,0,0,0,0,0
2026-08-13T03:48:12.138939,231,0,0,0,0,0
2026-08-13T03:48:12.141926,233,0,0,0,0,0
2026-08-13T03:48:12.142925,234,0,0,0,0,0
2026-08-13T03:48:12.142925,233,0,0,0,0,0
2026-08-13T03:48:12.144440,234,0,0,0,0,0
2026-08-13T03:48:12.146465,233,0,0,0,0,0
2026-08-13T03:48:12.146465,234,0,0,0,0,0
2026-08-13T03:48:12.147477,232,0,0,0,0,0
2026-08-13T03:48:12.150527,231,0,0,0,0,0
2026-08-13T03:48:12.150527,230,0,0,0,0,0
2026-08-13T03:48:12.151534,230,0,0,0,0,0
2026-08-13T03:48:12.151534,232,0,0,0,0,0
2026-08-13T03:48:12.154001,233,0,0,0,0,0
2026-08-13T03:48:12.155016,233,0,0,0,0,0
2026-08-13T03:48:12.155016,233,0,0,0,0,0
2026-08-13T03:48:12.158017,233,0,0,0,0,0
2026-08-13T03:48:12.159015,232,0,0,0,0,0
2026-08-13T03:48:12.160029,230,0,0,0,0,0
2026-08-13T03:48:12.162030,230,0,0,0,0,0
2026-08-13T03:48:12.163016,230,0,0,0,0,0
2026-08-13T03:48:12.164031,228,0,0,0,0,0
2026-08-13T03:48:12.164031,228,0,0,0,0,0
2026-08-13T03:48:12.166336,226,0,0,0,0,0
2026-08-13T03:48:12.167321,225,0,0,0,0,0
2026-08-13T03:48:12.167321,223,0,0,0,0,0
2026-08-13T03:48:12.170983,224,0,0,0,0,0
2026-08-13T03:48:12.170983,223,0,0,0,0,0
2026-08-13T03:48:12.172005,224,0,0,0,0,0
2026-08-13T03:48:12.172005,227,0,0,0,0,0
2026-08-13T03:48:12.175103,228,0,0,0,0,0
2026-08-13T03:48:12.175103,229,0,0,0,0,0
2026-08-13T03:48:12.176089,230,0,0,0,0,0
2026-08-13T03:48:12.179098,230,0,0,0,0,0
2026-08-13T03:48:12.179098,230,0,0,0,0,0
2026-08-13T03:48:12.180332,230,0,0,0,0,0
2026-08-13T03:48:12.180332,232,0,0,0,0,0
2026-08-13T03:48:12.182342,231,0,0,0,0,0
2026-08-13T03:48:12.183871,231,0,0,0,0,0
2026-08-13T03:48:12.183871,231,0,0,0,0,0
2026-08-13T03:48:12.186962,230,0,0,0,0,0
2026-08-13T03:48:12.186962,229,0,0,0,0,0
2026-08-13T03:48:12.188548,228,0,0,0,0,0
2026-08-13T03:48:12.188548,229,0,0,0,0,0
2026-08-13T03:48:12.190840,229,0,0,0,0,0
2026-08-13T03:48:12.192367,230,0,0,0,0,0
2026-08-13T03:48:12.192875,232,0,0,0,0,0
2026-08-13T03:48:12.195051,232,0,0,0,0,0
2026-08-13T03:48:12.196051,231,0,0,0,0,0
2026-08-13T03:48:12.197067,231,0,0,0,0,0
2026-08-13T03:48:12.199063,231,0,0,0,0,0
2026-08-13T03:48:12.200047,230,0,0,0,0,0
2026-08-13T03:48:12.200047,229,0,0,0,0,0
2026-08-13T03:48:12.200047,230,0,0,0,0,0
2026-08-13T03:48:12.203585,229,0,0,0,0,0
2026-08-13T03:48:12.203585,228,0,0,0,0,0
2026-08-13T03:48:12.203585,228,0,0,0,0,0
2026-08-13T03:48:12.207601,228,0,0,0,0,0
2026-08-13T03:48:12.207601,226,0,0,0,0,0
2026-08-13T03:48:12.208600,226,0,0,0,0,0
2026-08-13T03:48:12.208600,226,0,0,0,0,0
2026-08-13T03:48:12.211600,226,0,0,0,0,0
2026-08-13T03:48:12.211600,228,0,0,0,0,0
2026-08-13T03:48:12.212599,229,0,0,0,0,0
2026-08-13T03:48:12.216112,229,0,0,0,0,0
2026-08-13T03:48:12.216112,229,0,0,0,0,0
2026-08-13T03:48:12.216112,228,0,0,0,0,0
2026-08-13T03:48:12.216112,228,0,0,0,0,0
2026-08-13T03:48:12.220112,226,0,0,0,0,0
2026-08-13T03:48:12.220112,227,0,0,0,0,0
2026-08-13T03:48:12.220112,227,0,0,0,0,0
2026-08-13T03:48:12.223615,226,0,0,0,0,0
2026-08-13T03:48:12.224629,226,0,0,0,0,0
2026-08-13T03:48:12.224629,225,0,0,0,0,0
2026-08-13T03:48:12.225676,225,0,0,0,0,0
2026-08-13T03:48:12.227623,223,0,0,0,0,0
2026-08-13T03:48:12.228723,223,0,0,0,0,0
2026-08-13T03:48:12.228723,222,0,0,0,0,0
2026-08-13T03:48:12.232540,221,0,0,0,0,0
2026-08-13T03:48:12.232540,224,0,0,0,0,0
2026-08-13T03:48:12.232540,224,0,0,0,0,0
2026-08-13T03:48:12.235802,224,0,0,0,0,0
2026-08-13T03:48:12.236839,224,0,0,0,0,0
2026-08-13T03:48:12.237852,223,0,0,0,0,0
2026-08-13T03:48:12.237852,222,0,0,0,0,0
2026-08-13T03:48:12.239842,221,0,0,0,0,0
2026-08-13T03:48:12.240841,220,0,0,0,0,0
2026-08-13T03:48:12.241841,220,0,0,0,0,0
2026-08-13T03:48:12.243992,218,0,0,0,0,0
2026-08-13T03:48:12.245001,217,0,0,0,0,0
2026-08-13T03:48:12.246005,216,0,0,0,0,0
2026-08-13T03:48:12.246005,215,0,0,0,0,0
2026-08-13T03:48:12.248015,213,0,0,0,0,0
2026-08-13T03:48:12.249001,213,0,0,0,0,0
2026-08-13T03:48:12.250005,213,0,0,0,0,0
2026-08-13T03:48:12.252912,212,0,0,0,0,0
2026-08-13T03:48:12.252912,216,0,0,0,0,0
2026-08-13T03:48:12.253923,216,0,0,0,0,0
2026-08-13T03:48:12.254933,217,0,0,0,0,0
2026-08-13T03:48:12.257037,217,0,0,0,0,0
2026-08-13T03:48:12.258011,217,0,0,0,0,0
2026-08-13T03:48:12.259011,217,0,0,0,0,0
2026-08-13T03:48:12.261018,216,0,0,0,0,0
2026-08-13T03:48:12.261018,216,0,0,0,0,0
2026-08-13T03:48:12.262013,215,0,0,0,0,0
2026-08-13T03:48:12.264553,216,0,0,0,0,0
2026-08-13T03:48:12.265551,216,0,0,0,0,0
2026-08-13T03:48:12.266552,215,0,0,0,0,0
2026-08-13T03:48:12.266552,214,0,0,0,0,0
2026-08-13T03:48:12.268569,213,0,0,0,0,0
2026-08-13T03:48:12.269548,214,0,0,0,0,0
2026-08-13T03:48:12.269548,214,0,0,0,0,0
2026-08-13T03:48:12.272081,214,0,0,0,0,0
2026-08-13T03:48:12.274643,216,0,0,0,0,0
2026-08-13T03:48:12.275642,216,0,0,0,0,0
2026-08-13T03:48:12.276656,217,0,0,0,0,0
2026-08-13T03:48:12.276656,216,0,0,0,0,0
2026-08-13T03:48:12.277651,215,0,0,0,0,0
2026-08-13T03:48:12.278653,214,0,0,0,0,0
2026-08-13T03:48:12.281649,213,0,0,0,0,0
2026-08-13T03:48:12.281649,213,0,0,0,0,0
2026-08-13T03:48:12.281649,212,0,0,0,0,0
2026-08-13T03:48:12.282653,213,0,0,0,0,0
2026-08-13T03:48:12.285187,211,0,0,0,0,0
2026-08-13T03:48:12.286187,210,0,0,0,0,0
2026-08-13T03:48:12.286187,209,0,0,0,0,0
2026-08-13T03:48:12.289782,208,0,0,0,0,0
2026-08-13T03:48:12.289782,209,0,0,0,0,0
2026-08-13T03:48:12.290824,207,0,0,0,0,0
2026-08-13T03:48:12.290824,209,0,0,0,0,0
2026-08-13T03:48:12.293820,211,0,0,0,0,0
2026-08-13T03:48:12.294363,211,0,0,0,0,0
2026-08-13T03:48:12.294363,211,0,0,0,0,0
2026-08-13T03:48:12.297369,210,0,0,0,0,0
2026-08-13T03:48:12.298360,210,0,0,0,0,0
2026-08-13T03:48:12.298360,207,0,0,0,0,0
2026-08-13T03:48:12.301370,208,0,0,0,0,0
2026-08-13T03:48:12.302357,208,0,0,0,0,0
2026-08-13T03:48:12.302357,207,0,0,0,0,0
2026-08-13T03:48:12.302357,207,0,0,0,0,0
2026-08-13T03:48:12.305884,206,0,0,0,0,0
2026-08-13T03:48:12.306882,205,0,0,0,0,0
2026-08-13T03:48:12.306882,204,0,0,0,0,0
2026-08-13T03:48:12.309892,203,0,0,0,0,0
2026-08-13T03:48:12.310882,203,0,0,0,0,0
2026-08-13T03:48:12.310882,202,0,0,0,0,0
2026-08-13T03:48:12.311883,204,0,0,0,0,0
2026-08-13T03:48:12.313725,206,0,0,0,0,0
2026-08-13T03:48:12.314735,206,0,0,0,0,0
2026-08-13T03:48:12.315738,206,0,0,0,0,0
2026-08-13T03:48:12.317760,206,0,0,0,0,0
2026-08-13T03:48:12.318747,205,0,0,0,0,0
2026-08-13T03:48:12.319751,204,0,0,0,0,0
2026-08-13T03:48:12.319751,204,0,0,0,0,0
2026-08-13T03:48:12.322117,203,0,0,0,0,0
2026-08-13T03:48:12.322117,203,0,0,0,0,0
2026-08-13T03:48:12.323630,202,0,0,0,0,0
2026-08-13T03:48:12.326655,202,0,0,0,0,0
2026-08-13T03:48:12.326655,200,0,0,0,0,0
2026-08-13T03:48:12.327648,201,0,0,0,0,0
2026-08-13T03:48:12.330736,199,0,0,0,0,0
2026-08-13T03:48:12.330736,199,0,0,0,0,0
2026-08-13T03:48:12.331753,199,0,0,0,0,0
2026-08-13T03:48:12.331753,201,0,0,0,0,0
2026-08-13T03:48:12.334610,203,0,0,0,0,0
2026-08-13T03:48:12.334610,203,0,0,0,0,0
2026-08-13T03:48:12.335645,204,0,0,0,0,0
2026-08-13T03:48:12.338641,204,0,0,0,0,0
2026-08-13T03:48:12.339641,203,0,0,0,0,0
2026-08-13T03:48:12.339641,201,0,0,0,0,0
2026-08-13T03:48:12.340629,202,0,0,0,0,0
2026-08-13T03:48:12.342629,203,0,0,0,0,0
2026-08-13T03:48:12.343627,202,0,0,0,0,0
2026-08-13T03:48:12.344135,204,0,0,0,0,0
2026-08-13T03:48:12.347153,203,0,0,0,0,0
2026-08-13T03:48:12.347153,203,0,0,0,0,0
2026-08-13T03:48:12.348155,202,0,0,0,0,0
2026-08-13T03:48:12.348155,204,0,0,0,0,0
2026-08-13T03:48:12.351155,203,0,0,0,0,0
2026-08-13T03:48:12.351155,203,0,0,0,0,0
2026-08-13T03:48:12.352155,205,0,0,0,0,0
2026-08-13T03:48:12.354680,206,0,0,0,0,0
2026-08-13T03:48:12.355675,207,0,0,0,0,0
2026-08-13T03:48:12.356700,205,0,0,0,0,0
2026-08-13T03:48:12.356700,205,0,0,0,0,0
2026-08-13T03:48:12.358685,203,0,0,0,0,0
2026-08-13T03:48:12.359682,203,0,0,0,0,0
2026-08-13T03:48:12.360684,202,0,0,0,0,0
2026-08-13T03:48:12.363518,202,0,0,0,0,0
2026-08-13T03:48:12.364042,202,0,0,0,0,0
2026-08-13T03:48:12.364042,202,0,0,0,0,0
2026-08-13T03:48:12.367128,202,0,0,0,0,0
2026-08-13T03:48:12.368111,201,0,0,0,0,0
2026-08-13T03:48:12.368111,201,0,0,0,0,0
2026-08-13T03:48:12.369114,201,0,0,0,0,0
2026-08-13T03:48:12.371126,201,0,0,0,0,0
2026-08-13T03:48:12.372113,202,0,0,0,0,0
2026-08-13T03:48:12.372628,204,0,0,0,0,0
2026-08-13T03:48:12.375669,204,0,0,0,0,0
2026-08-13T03:48:12.375669,205,0,0,0,0,0
2026-08-13T03:48:12.376670,204,0,0,0,0,0
2026-08-13T03:48:12.377671,204,0,0,0,0,0
2026-08-13T03:48:12.379685,202,0,0,0,0,0
2026-08-13T03:48:12.380669,202,0,0,0,0,0
2026-08-13T03:48:12.380669,203,0,0,0,0,0
2026-08-13T03:48:12.383672,202,0,0,0,0,0
2026-08-13T03:48:12.384181,201,0,0,0,0,0
2026-08-13T03:48:12.385191,201,0,0,0,0,0
2026-08-13T03:48:12.385191,201,0,0,0,0,0
2026-08-13T03:48:12.388200,200,0,0,0,0,0
2026-08-13T03:48:12.388200,200,0,0,0,0,0
2026-08-13T03:48:12.389209,200,0,0,0,0,0
2026-08-13T03:48:12.392199,200,0,0,0,0,0
2026-08-13T03:48:12.392199,202,0,0,0,0,0
2026-08-13T03:48:12.392199,204,0,0,0,0,0
2026-08-13T03:48:12.396278,204,0,0,0,0,0
2026-08-13T03:48:12.396278,204,0,0,0,0,0
2026-08-13T03:48:12.397288,204,0,0,0,0,0
2026-08-13T03:48:12.397288,204,0,0,0,0,0
2026-08-13T03:48:12.400289,202,0,0,0,0,0
2026-08-13T03:48:12.400289,202,0,0,0,0,0
2026-08-13T03:48:12.401286,203,0,0,0,0,0
2026-08-13T03:48:12.404474,202,0,0,0,0,0
2026-08-13T03:48:12.404474,202,0,0,0,0,0
2026-08-13T03:48:12.405749,201,0,0,0,0,0
2026-08-13T03:48:12.406755,201,0,0,0,0,0
2026-08-13T03:48:12.407746,200,0,0,0,0,0
2026-08-13T03:48:12.408745,199,0,0,0,0,0
2026-08-13T03:48:12.409745,200,0,0,0,0,0
2026-08-13T03:48:12.411854,199,0,0,0,0,0
2026-08-13T03:48:12.412838,202,0,0,0,0,0
2026-08-13T03:48:12.413840,204,0,0,0,0,0
2026-08-13T03:48:12.413840,204,0,0,0,0,0
2026-08-13T03:48:12.416139,205,0,0,0,0,0
2026-08-13T03:48:12.417133,204,0,0,0,0,0
2026-08-13T03:48:12.418133,204,0,0,0,0,0
2026-08-13T03:48:12.420134,203,0,0,0,0,0
2026-08-13T03:48:12.421133,203,0,0,0,0,0
2026-08-13T03:48:12.422134,202,0,0,0,0,0
2026-08-13T03:48:12.422134,201,0,0,0,0,0
2026-08-13T03:48:12.424654,203,0,0,0,0,0
2026-08-13T03:48:12.426166,202,0,0,0,0,0
2026-08-13T03:48:12.426166,201,0,0,0,0,0
2026-08-13T03:48:12.428983,200,0,0,0,0,0
2026-08-13T03:48:12.429506,200,0,0,0,0,0
2026-08-13T03:48:12.429506,200,0,0,0,0,0
2026-08-13T03:48:12.432533,201,0,0,0,0,0
2026-08-13T03:48:12.432533,204,0,0,0,0,0
2026-08-13T03:48:12.432533,204,0,0,0,0,0
2026-08-13T03:48:12.434659,205,0,0,0,0,0
2026-08-13T03:48:12.437330,205,0,0,0,0,0
2026-08-13T03:48:12.437330,205,0,0,0,0,0
2026-08-13T03:48:12.438354,204,0,0,0,0,0
2026-08-13T03:48:12.441355,203,0,0,0,0,0
2026-08-13T03:48:12.441355,203,0,0,0,0,0
2026-08-13T03:48:12.442350,203,0,0,0,0,0
2026-08-13T03:48:12.442350,203,0,0,0,0,0
2026-08-13T03:48:12.444614,203,0,0,0,0,0
2026-08-13T03:48:12.445660,202,0,0,0,0,0
2026-08-13T03:48:12.446674,201,0,0,0,0,0
2026-08-13T03:48:12.449530,201,0,0,0,0,0
2026-08-13T03:48:12.449530,202,0,0,0,0,0
2026-08-13T03:48:12.450553,201,0,0,0,0,0
2026-08-13T03:48:12.450553,202,0,0,0,0,0
2026-08-13T03:48:12.453697,204,0,0,0,0,0
2026-08-13T03:48:12.453697,205,0,0,0,0,0
2026-08-13T03:48:12.454706,206,0,0,0,0,0
2026-08-13T03:48:12.457711,205,0,0,0,0,0
2026-08-13T03:48:12.457711,205,0,0,0,0,0
2026-08-13T03:48:12.458714,205,0,0,0,0,0
2026-08-13T03:48:12.461721,203,0,0,0,0,0
2026-08-13T03:48:12.462709,205,0,0,0,0,0
2026-08-13T03:48:12.462709,204,0,0,0,0,0
2026-08-13T03:48:12.463710,204,0,0,0,0,0
2026-08-13T03:48:12.465335,204,0,0,0,0,0
2026-08-13T03:48:12.466343,203,0,0,0,0,0
2026-08-13T03:48:12.466343,202,0,0,0,0,0
2026-08-13T03:48:12.469358,202,0,0,0,0,0
2026-08-13T03:48:12.470342,202,0,0,0,0,0
2026-08-13T03:48:12.470342,201,0,0,0,0,0
2026-08-13T03:48:12.471343,203,0,0,0,0,0
2026-08-13T03:48:12.473908,205,0,0,0,0,0
2026-08-13T03:48:12.473908,206,0,0,0,0,0
2026-08-13T03:48:12.474916,206,0,0,0,0,0
2026-08-13T03:48:12.477954,206,0,0,0,0,0
2026-08-13T03:48:12.477954,206,0,0,0,0,0
2026-08-13T03:48:12.478923,205,0,0,0,0,0
2026-08-13T03:48:12.478923,204,0,0,0,0,0
2026-08-13T03:48:12.482380,205,0,0,0,0,0
2026-08-13T03:48:12.482380,204,0,0,0,0,0
2026-08-13T03:48:12.482380,204,0,0,0,0,0
2026-08-13T03:48:12.486210,204,0,0,0,0,0
2026-08-13T03:48:12.486210,203,0,0,0,0,0
2026-08-13T03:48:12.487194,202,0,0,0,0,0
2026-08-13T03:48:12.487194,201,0,0,0,0,0
2026-08-13T03:48:12.490208,202,0,0,0,0,0
2026-08-13T03:48:12.491196,202,0,0,0,0,0
2026-08-13T03:48:12.491196,204,0,0,0,0,0
2026-08-13T03:48:12.494740,206,0,0,0,0,0
2026-08-13T03:48:12.494740,206,0,0,0,0,0
2026-08-13T03:48:12.495739,206,0,0,0,0,0
2026-08-13T03:48:12.498751,206,0,0,0,0,0
2026-08-13T03:48:12.498751,206,0,0,0,0,0
2026-08-13T03:48:12.499755,205,0,0,0,0,0
2026-08-13T03:48:12.500741,205,0,0,0,0,0
2026-08-13T03:48:12.502762,205,0,0,0,0,0
2026-08-13T03:48:12.502762,204,0,0,0,0,0
2026-08-13T03:48:12.503771,204,0,0,0,0,0
2026-08-13T03:48:12.506774,203,0,0,0,0,0
2026-08-13T03:48:12.506774,203,0,0,0,0,0
2026-08-13T03:48:12.507792,202,0,0,0,0,0
2026-08-13T03:48:12.508793,202,0,0,0,0,0
2026-08-13T03:48:12.510975,202,0,0,0,0,0
2026-08-13T03:48:12.510975,202,0,0,0,0,0
2026-08-13T03:48:12.511982,204,0,0,0,0,0
2026-08-13T03:48:12.514539,206,0,0,0,0,0
2026-08-13T03:48:12.515550,206,0,0,0,0,0
2026-08-13T03:48:12.515550,207,0,0,0,0,0
2026-08-13T03:48:12.516535,207,0,0,0,0,0
2026-08-13T03:48:12.518549,205,0,0,0,0,0
2026-08-13T03:48:12.519534,205,0,0,0,0,0
2026-08-13T03:48:12.519534,206,0,0,0,0,0
2026-08-13T03:48:12.522547,205,0,0,0,0,0
2026-08-13T03:48:12.524061,205,0,0,0,0,0
2026-08-13T03:48:12.525073,205,0,0,0,0,0
2026-08-13T03:48:12.526083,205,0,0,0,0,0
2026-08-13T03:48:12.527499,205,0,0,0,0,0
2026-08-13T03:48:12.527499,204,0,0,0,0,0
2026-08-13T03:48:12.528509,205,0,0,0,0,0
2026-08-13T03:48:12.531508,205,0,0,0,0,0
2026-08-13T03:48:12.531508,206,0,0,0,0,0
2026-08-13T03:48:12.532509,209,0,0,0,0,0
2026-08-13T03:48:12.535538,210,0,0,0,0,0
2026-08-13T03:48:12.535538,211,0,0,0,0,0
2026-08-13T03:48:12.536554,211,0,0,0,0,0
2026-08-13T03:48:12.537568,212,0,0,0,0,0
2026-08-13T03:48:12.539566,211,0,0,0,0,0
2026-08-13T03:48:12.539566,210,0,0,0,0,0
2026-08-13T03:48:12.541556,211,0,0,0,0,0
2026-08-13T03:48:12.542554,211,0,0,0,0,0
2026-08-13T03:48:12.544063,212,0,0,0,0,0
2026-08-13T03:48:12.545090,212,0,0,0,0,0
2026-08-13T03:48:12.545090,212,0,0,0,0,0
2026-08-13T03:48:12.547277,211,0,0,0,0,0
2026-08-13T03:48:12.548290,210,0,0,0,0,0
2026-08-13T03:48:12.548290,210,0,0,0,0,0
2026-08-13T03:48:12.551287,210,0,0,0,0,0
2026-08-13T03:48:12.552288,211,0,0,0,0,0
2026-08-13T03:48:12.552288,213,0,0,0,0,0
2026-08-13T03:48:12.552288,214,0,0,0,0,0
2026-08-13T03:48:12.556043,215,0,0,0,0,0
2026-08-13T03:48:12.556043,215,0,0,0,0,0
2026-08-13T03:48:12.557066,214,0,0,0,0,0
2026-08-13T03:48:12.559054,213,0,0,0,0,0
2026-08-13T03:48:12.560688,213,0,0,0,0,0
2026-08-13T03:48:12.560688,214,0,0,0,0,0
2026-08-13T03:48:12.563966,212,0,0,0,0,0
2026-08-13T03:48:12.564483,212,0,0,0,0,0
2026-08-13T03:48:12.564483,212,0,0,0,0,0
2026-08-13T03:48:12.565491,212,0,0,0,0,0
2026-08-13T03:48:12.566944,212,0,0,0,0,0
2026-08-13T03:48:12.568553,211,0,0,0,0,0
2026-08-13T03:48:12.568553,211,0,0,0,0,0
2026-08-13T03:48:12.572415,211,0,0,0,0,0
2026-08-13T03:48:12.572415,213,0,0,0,0,0
2026-08-13T03:48:12.572415,215,0,0,0,0,0
2026-08-13T03:48:12.572415,216,0,0,0,0,0
2026-08-13T03:48:12.576109,217,0,0,0,0,0
2026-08-13T03:48:12.577087,217,0,0,0,0,0
2026-08-13T03:48:12.577087,217,0,0,0,0,0
2026-08-13T03:48:12.580098,216,0,0,0,0,0
2026-08-13T03:48:12.581086,218,0,0,0,0,0
2026-08-13T03:48:12.581086,218,0,0,0,0,0
2026-08-13T03:48:12.582087,218,0,0,0,0,0
2026-08-13T03:48:12.584640,220,0,0,0,0,0
2026-08-13T03:48:12.584640,220,0,0,0,0,0
2026-08-13T03:48:12.585640,220,0,0,0,0,0
2026-08-13T03:48:12.588653,220,0,0,0,0,0
2026-08-13T03:48:12.589639,220,0,0,0,0,0
2026-08-13T03:48:12.589639,219,0,0,0,0,0
2026-08-13T03:48:12.590642,220,0,0,0,0,0
2026-08-13T03:48:12.592644,222,0,0,0,0,0
2026-08-13T03:48:12.593645,223,0,0,0,0,0
2026-08-13T03:48:12.594158,224,0,0,0,0,0
2026-08-13T03:48:12.596190,224,0,0,0,0,0
2026-08-13T03:48:12.597170,224,0,0,0,0,0
2026-08-13T03:48:12.598172,223,0,0,0,0,0
2026-08-13T03:48:12.601169,222,0,0,0,0,0
2026-08-13T03:48:12.601169,222,0,0,0,0,0
2026-08-13T03:48:12.602175,221,0,0,0,0,0
2026-08-13T03:48:12.602175,220,0,0,0,0,0
2026-08-13T03:48:12.604722,219,0,0,0,0,0
2026-08-13T03:48:12.605705,217,0,0,0,0,0
2026-08-13T03:48:12.606704,214,0,0,0,0,0
2026-08-13T03:48:12.608705,212,0,0,0,0,0
2026-08-13T03:48:12.609705,211,0,0,0,0,0
2026-08-13T03:48:12.610704,210,0,0,0,0,0
2026-08-13T03:48:12.611703,209,0,0,0,0,0
2026-08-13T03:48:12.613354,210,0,0,0,0,0
2026-08-13T03:48:12.613885,209,0,0,0,0,0
2026-08-13T03:48:12.614906,209,0,0,0,0,0
2026-08-13T03:48:12.616919,209,0,0,0,0,0
2026-08-13T03:48:12.617921,208,0,0,0,0,0
2026-08-13T03:48:12.618909,206,0,0,0,0,0
2026-08-13T03:48:12.618909,205,0,0,0,0,0
2026-08-13T03:48:12.621184,205,0,0,0,0,0
2026-08-13T03:48:12.622198,204,0,0,0,0,0
2026-08-13T03:48:12.622198,202,0,0,0,0,0
2026-08-13T03:48:12.625717,202,0,0,0,0,0
2026-08-13T03:48:12.625717,200,0,0,0,0,0
2026-08-13T03:48:12.626718,200,0,0,0,0,0
2026-08-13T03:48:12.629731,198,0,0,0,0,0
2026-08-13T03:48:12.629731,197,0,0,0,0,0
2026-08-13T03:48:12.630718,196,0,0,0,0,0
2026-08-13T03:48:12.630718,197,0,0,0,0,0
2026-08-13T03:48:12.633718,199,0,0,0,0,0
2026-08-13T03:48:12.633718,198,0,0,0,0,0
2026-08-13T03:48:12.633718,198,0,0,0,0,0
2026-08-13T03:48:12.637903,197,0,0,0,0,0
2026-08-13T03:48:12.637903,197,0,0,0,0,0
2026-08-13T03:48:12.638927,195,0,0,0,0,0
2026-08-13T03:48:12.638927,195,0,0,0,0,0
2026-08-13T03:48:12.641925,195,0,0,0,0,0
2026-08-13T03:48:12.641925,194,0,0,0,0,0
2026-08-13T03:48:12.642923,194,0,0,0,0,0
2026-08-13T03:48:12.645634,195,0,0,0,0,0
2026-08-13T03:48:12.646647,193,0,0,0,0,0
2026-08-13T03:48:12.646647,193,0,0,0,0,0
2026-08-13T03:48:12.647632,193,0,0,0,0,0
2026-08-13T03:48:12.649633,193,0,0,0,0,0
2026-08-13T03:48:12.650632,192,0,0,0,0,0
2026-08-13T03:48:12.650632,194,0,0,0,0,0
2026-08-13T03:48:12.654186,197,0,0,0,0,0
2026-08-13T03:48:12.654186,197,0,0,0,0,0
2026-08-13T03:48:12.655184,199,0,0,0,0,0
2026-08-13T03:48:12.655184,199,0,0,0,0,0
2026-08-13T03:48:12.658403,199,0,0,0,0,0
2026-08-13T03:48:12.658403,199,0,0,0,0,0
2026-08-13T03:48:12.659415,199,0,0,0,0,0
2026-08-13T03:48:12.662424,200,0,0,0,0,0
2026-08-13T03:48:12.662424,199,0,0,0,0,0
2026-08-13T03:48:12.662424,198,0,0,0,0,0
2026-08-13T03:48:12.665953,198,0,0,0,0,0
2026-08-13T03:48:12.666963,197,0,0,0,0,0
2026-08-13T03:48:12.666963,196,0,0,0,0,0
2026-08-13T03:48:12.667977,196,0,0,0,0,0
2026-08-13T03:48:12.669977,196,0,0,0,0,0
2026-08-13T03:48:12.670962,195,0,0,0,0,0
2026-08-13T03:48:12.670962,196,0,0,0,0,0
2026-08-13T03:48:12.675024,198,0,0,0,0,0
2026-08-13T03:48:12.675024,197,0,0,0,0,0
2026-08-13T03:48:12.676030,197,0,0,0,0,0
2026-08-13T03:48:12.676030,196,0,0,0,0,0
2026-08-13T03:48:12.678040,195,0,0,0,0,0
2026-08-13T03:48:12.679038,193,0,0,0,0,0
2026-08-13T03:48:12.680039,192,0,0,0,0,0
2026-08-13T03:48:12.682976,192,0,0,0,0,0
2026-08-13T03:48:12.682976,190,0,0,0,0,0
2026-08-13T03:48:12.683983,189,0,0,0,0,0
2026-08-13T03:48:12.683983,188,0,0,0,0,0
2026-08-13T03:48:12.686809,187,0,0,0,0,0
2026-08-13T03:48:12.686809,185,0,0,0,0,0
2026-08-13T03:48:12.687818,184,0,0,0,0,0
2026-08-13T03:48:12.690815,184,0,0,0,0,0
2026-08-13T03:48:12.690815,183,0,0,0,0,0
2026-08-13T03:48:12.691817,186,0,0,0,0,0
2026-08-13T03:48:12.694619,187,0,0,0,0,0
2026-08-13T03:48:12.695662,187,0,0,0,0,0
2026-08-13T03:48:12.695662,187,0,0,0,0,0
2026-08-13T03:48:12.696670,186,0,0,0,0,0
2026-08-13T03:48:12.699388,186,0,0,0,0,0
2026-08-13T03:48:12.699388,184,0,0,0,0,0
2026-08-13T03:48:12.700406,184,0,0,0,0,0
2026-08-13T03:48:12.703461,183,0,0,0,0,0
2026-08-13T03:48:12.703986,183,0,0,0,0,0
2026-08-13T03:48:12.703986,183,0,0,0,0,0
2026-08-13T03:48:12.705008,182,0,0,0,0,0
2026-08-13T03:48:12.707042,181,0,0,0,0,0
2026-08-13T03:48:12.708030,181,0,0,0,0,0
2026-08-13T03:48:12.709027,181,0,0,0,0,0
2026-08-13T03:48:12.711028,182,0,0,0,0,0
2026-08-13T03:48:12.712028,182,0,0,0,0,0
2026-08-13T03:48:12.712028,184,0,0,0,0,0
2026-08-13T03:48:12.713040,185,0,0,0,0,0
2026-08-13T03:48:12.715590,186,0,0,0,0,0
2026-08-13T03:48:12.715590,187,0,0,0,0,0
2026-08-13T03:48:12.716574,186,0,0,0,0,0
2026-08-13T03:48:12.719590,184,0,0,0,0,0
2026-08-13T03:48:12.719590,183,0,0,0,0,0
2026-08-13T03:48:12.720573,184,0,0,0,0,0
2026-08-13T03:48:12.720573,184,0,0,0,0,0
2026-08-13T03:48:12.723676,183,0,0,0,0,0
2026-08-13T03:48:12.723676,183,0,0,0,0,0
2026-08-13T03:48:12.724921,183,0,0,0,0,0
2026-08-13T03:48:12.728040,182,0,0,0,0,0
2026-08-13T03:48:12.728040,182,0,0,0,0,0
2026-08-13T03:48:12.728040,182,0,0,0,0,0
2026-08-13T03:48:12.732189,181,0,0,0,0,0
2026-08-13T03:48:12.732189,182,0,0,0,0,0
2026-08-13T03:48:12.732189,184,0,0,0,0,0
2026-08-13T03:48:12.733702,185,0,0,0,0,0
2026-08-13T03:48:12.735717,185,0,0,0,0,0
2026-08-13T03:48:12.736720,185,0,0,0,0,0
2026-08-13T03:48:12.737725,185,0,0,0,0,0
2026-08-13T03:48:12.739715,183,0,0,0,0,0
2026-08-13T03:48:12.740717,183,0,0,0,0,0
2026-08-13T03:48:12.741718,183,0,0,0,0,0
2026-08-13T03:48:12.742723,182,0,0,0,0,0
2026-08-13T03:48:12.743717,182,0,0,0,0,0
2026-08-13T03:48:12.744933,182,0,0,0,0,0
2026-08-13T03:48:12.745945,181,0,0,0,0,0
2026-08-13T03:48:12.748539,180,0,0,0,0,0
2026-08-13T03:48:12.749574,180,0,0,0,0,0
2026-08-13T03:48:12.749574,180,0,0,0,0,0
2026-08-13T03:48:12.750568,180,0,0,0,0,0
2026-08-13T03:48:12.752637,181,0,0,0,0,0
2026-08-13T03:48:12.752637,183,0,0,0,0,0
2026-08-13T03:48:12.753648,183,0,0,0,0,0
2026-08-13T03:48:12.756672,184,0,0,0,0,0
2026-08-13T03:48:12.756672,184,0,0,0,0,0
2026-08-13T03:48:12.757662,183,0,0,0,0,0
2026-08-13T03:48:12.758666,182,0,0,0,0,0
2026-08-13T03:48:12.760663,183,0,0,0,0,0
2026-08-13T03:48:12.761667,183,0,0,0,0,0
2026-08-13T03:48:12.761667,182,0,0,0,0,0
2026-08-13T03:48:12.764204,182,0,0,0,0,0
2026-08-13T03:48:12.765198,181,0,0,0,0,0
2026-08-13T03:48:12.765198,181,0,0,0,0,0
2026-08-13T03:48:12.768218,180,0,0,0,0,0
2026-08-13T03:48:12.769205,180,0,0,0,0,0
2026-08-13T03:48:12.770205,180,0,0,0,0,0
2026-08-13T03:48:12.770205,179,0,0,0,0,0
2026-08-13T03:48:12.773113,182,0,0,0,0,0
2026-08-13T03:48:12.773113,184,0,0,0,0,0
2026-08-13T03:48:12.774220,184,0,0,0,0,0
2026-08-13T03:48:12.777047,184,0,0,0,0,0
2026-08-13T03:48:12.777047,184,0,0,0,0,0
2026-08-13T03:48:12.778046,184,0,0,0,0,0
2026-08-13T03:48:12.779033,183,0,0,0,0,0
2026-08-13T03:48:12.781313,182,0,0,0,0,0
2026-08-13T03:48:12.781313,183,0,0,0,0,0
2026-08-13T03:48:12.782342,182,0,0,0,0,0
2026-08-13T03:48:12.784617,182,0,0,0,0,0
2026-08-13T03:48:12.785637,181,0,0,0,0,0
2026-08-13T03:48:12.786635,181,0,0,0,0,0
2026-08-13T03:48:12.787649,180,0,0,0,0,0
2026-08-13T03:48:12.789380,179,0,0,0,0,0
2026-08-13T03:48:12.789380,180,0,0,0,0,0
2026-08-13T03:48:12.790401,180,0,0,0,0,0
2026-08-13T03:48:12.792404,183,0,0,0,0,0
2026-08-13T03:48:12.793913,184,0,0,0,0,0
2026-08-13T03:48:12.794929,185,0,0,0,0,0
2026-08-13T03:48:12.796928,185,0,0,0,0,0
2026-08-13T03:48:12.797924,185,0,0,0,0,0
2026-08-13T03:48:12.798930,184,0,0,0,0,0
2026-08-13T03:48:12.798930,182,0,0,0,0,0
2026-08-13T03:48:12.800925,183,0,0,0,0,0
2026-08-13T03:48:12.801925,183,0,0,0,0,0
2026-08-13T03:48:12.801925,182,0,0,0,0,0
2026-08-13T03:48:12.805443,182,0,0,0,0,0
2026-08-13T03:48:12.806450,182,0,0,0,0,0
2026-08-13T03:48:12.806450,180,0,0,0,0,0
2026-08-13T03:48:12.807455,179,0,0,0,0,0
2026-08-13T03:48:12.809476,180,0,0,0,0,0
2026-08-13T03:48:12.810497,180,0,0,0,0,0
2026-08-13T03:48:12.810497,181,0,0,0,0,0
2026-08-13T03:48:12.814064,183,0,0,0,0,0
2026-08-13T03:48:12.814064,183,0,0,0,0,0
2026-08-13T03:48:12.815192,184,0,0,0,0,0
2026-08-13T03:48:12.816204,184,0,0,0,0,0
2026-08-13T03:48:12.818162,183,0,0,0,0,0
2026-08-13T03:48:12.818162,182,0,0,0,0,0
2026-08-13T03:48:12.819193,181,0,0,0,0,0
2026-08-13T03:48:12.822079,181,0,0,0,0,0
2026-08-13T03:48:12.822079,181,0,0,0,0,0
2026-08-13T03:48:12.823602,180,0,0,0,0,0
2026-08-13T03:48:12.824640,180,0,0,0,0,0
2026-08-13T03:48:12.825622,179,0,0,0,0,0
2026-08-13T03:48:12.826620,179,0,0,0,0,0
2026-08-13T03:48:12.827620,178,0,0,0,0,0
2026-08-13T03:48:12.829634,179,0,0,0,0,0
2026-08-13T03:48:12.830619,178,0,0,0,0,0
2026-08-13T03:48:12.831633,180,0,0,0,0,0
2026-08-13T03:48:12.834741,182,0,0,0,0,0
2026-08-13T03:48:12.834741,182,0,0,0,0,0
2026-08-13T03:48:12.835747,183,0,0,0,0,0
2026-08-13T03:48:12.836743,182,0,0,0,0,0
2026-08-13T03:48:12.838744,182,0,0,0,0,0
2026-08-13T03:48:12.838744,181,0,0,0,0,0
2026-08-13T03:48:12.839757,181,0,0,0,0,0
2026-08-13T03:48:12.842755,181,0,0,0,0,0
2026-08-13T03:48:12.842755,181,0,0,0,0,0
2026-08-13T03:48:12.844258,181,0,0,0,0,0
2026-08-13T03:48:12.844258,180,0,0,0,0,0
2026-08-13T03:48:12.846279,180,0,0,0,0,0
2026-08-13T03:48:12.847292,179,0,0,0,0,0
2026-08-13T03:48:12.847292,178,0,0,0,0,0
2026-08-13T03:48:12.850291,179,0,0,0,0,0
2026-08-13T03:48:12.851280,178,0,0,0,0,0
2026-08-13T03:48:12.852281,180,0,0,0,0,0
2026-08-13T03:48:12.852281,182,0,0,0,0,0
2026-08-13T03:48:12.854619,182,0,0,0,0,0
2026-08-13T03:48:12.855658,183,0,0,0,0,0
2026-08-13T03:48:12.855658,183,0,0,0,0,0
2026-08-13T03:48:12.858637,182,0,0,0,0,0
2026-08-13T03:48:12.859636,180,0,0,0,0,0
2026-08-13T03:48:12.859636,182,0,0,0,0,0
2026-08-13T03:48:12.862350,181,0,0,0,0,0
2026-08-13T03:48:12.863877,180,0,0,0,0,0
2026-08-13T03:48:12.863877,181,0,0,0,0,0
2026-08-13T03:48:12.864901,180,0,0,0,0,0
2026-08-13T03:48:12.866901,180,0,0,0,0,0
2026-08-13T03:48:12.867898,179,0,0,0,0,0
2026-08-13T03:48:12.867898,178,0,0,0,0,0
2026-08-13T03:48:12.870911,179,0,0,0,0,0
2026-08-13T03:48:12.871912,178,0,0,0,0,0
2026-08-13T03:48:12.871912,179,0,0,0,0,0
2026-08-13T03:48:12.873436,182,0,0,0,0,0
2026-08-13T03:48:12.875134,183,0,0,0,0,0
2026-08-13T03:48:12.876146,183,0,0,0,0,0
2026-08-13T03:48:12.876146,183,0,0,0,0,0
2026-08-13T03:48:12.879148,182,0,0,0,0,0
2026-08-13T03:48:12.880146,180,0,0,0,0,0
2026-08-13T03:48:12.880146,181,0,0,0,0,0
2026-08-13T03:48:12.881147,180,0,0,0,0,0
2026-08-13T03:48:12.883799,181,0,0,0,0,0
2026-08-13T03:48:12.883799,180,0,0,0,0,0
2026-08-13T03:48:12.884819,180,0,0,0,0,0
2026-08-13T03:48:12.887821,179,0,0,0,0,0
2026-08-13T03:48:12.887821,178,0,0,0,0,0
2026-08-13T03:48:12.888823,177,0,0,0,0,0
2026-08-13T03:48:12.888823,178,0,0,0,0,0
2026-08-13T03:48:12.891823,178,0,0,0,0,0
2026-08-13T03:48:12.891823,181,0,0,0,0,0
2026-08-13T03:48:12.892823,182,0,0,0,0,0
2026-08-13T03:48:12.895343,183,0,0,0,0,0
2026-08-13T03:48:12.896343,182,0,0,0,0,0
2026-08-13T03:48:12.896343,182,0,0,0,0,0
2026-08-13T03:48:12.899357,181,0,0,0,0,0
2026-08-13T03:48:12.900344,180,0,0,0,0,0
2026-08-13T03:48:12.901344,181,0,0,0,0,0
2026-08-13T03:48:12.901344,181,0,0,0,0,0
2026-08-13T03:48:12.904189,179,0,0,0,0,0
2026-08-13T03:48:12.904189,181,0,0,0,0,0
2026-08-13T03:48:12.905307,179,0,0,0,0,0
2026-08-13T03:48:12.908262,179,0,0,0,0,0
2026-08-13T03:48:12.908262,178,0,0,0,0,0
2026-08-13T03:48:12.909295,178,0,0,0,0,0
2026-08-13T03:48:12.910279,178,0,0,0,0,0
2026-08-13T03:48:12.912292,179,0,0,0,0,0
2026-08-13T03:48:12.925841,181,0,0,0,0,0
2026-08-13T03:48:12.926861,181,0,0,0,0,0
2026-08-13T03:48:12.927857,183,0,0,0,0,0
2026-08-13T03:48:12.927857,182,0,0,0,0,0
2026-08-13T03:48:12.929855,182,0,0,0,0,0
2026-08-13T03:48:12.929855,181,0,0,0,0,0
2026-08-13T03:48:12.930854,180,0,0,0,0,0
2026-08-13T03:48:12.931856,180,0,0,0,0,0
2026-08-13T03:48:12.932856,180,0,0,0,0,0
2026-08-13T03:48:12.932856,179,0,0,0,0,0
2026-08-13T03:48:12.933855,179,0,0,0,0,0
2026-08-13T03:48:12.934363,179,0,0,0,0,0
2026-08-13T03:48:12.935375,178,0,0,0,0,0
2026-08-13T03:48:12.936376,178,0,0,0,0,0
2026-08-13T03:48:12.936885,178,0,0,0,0,0
2026-08-13T03:48:12.937897,178,0,0,0,0,0
2026-08-13T03:48:12.937897,180,0,0,0,0,0
2026-08-13T03:48:12.938896,181,0,0,0,0,0
2026-08-13T03:48:12.938896,182,0,0,0,0,0
2026-08-13T03:48:12.939896,182,0,0,0,0,0
2026-08-13T03:48:12.940894,181,0,0,0,0,0
2026-08-13T03:48:12.941894,181,0,0,0,0,0
2026-08-13T03:48:12.943895,180,0,0,0,0,0
2026-08-13T03:48:12.944402,180,0,0,0,0,0
2026-08-13T03:48:12.944402,180,0,0,0,0,0
2026-08-13T03:48:12.945410,179,0,0,0,0,0
2026-08-13T03:48:12.945410,179,0,0,0,0,0
2026-08-13T03:48:12.946415,179,0,0,0,0,0
2026-08-13T03:48:12.946856,179,0,0,0,0,0
2026-08-13T03:48:12.946856,178,0,0,0,0,0
2026-08-13T03:48:12.948969,178,0,0,0,0,0
2026-08-13T03:48:12.948969,178,0,0,0,0,0
2026-08-13T03:48:12.950026,177,0,0,0,0,0
2026-08-13T03:48:12.952975,180,0,0,0,0,0
2026-08-13T03:48:12.952975,181,0,0,0,0,0
2026-08-13T03:48:12.953975,181,0,0,0,0,0
2026-08-13T03:48:12.953975,181,0,0,0,0,0
2026-08-13T03:48:12.957174,181,0,0,0,0,0
2026-08-13T03:48:12.957174,181,0,0,0,0,0
2026-08-13T03:48:12.958194,179,0,0,0,0,0
2026-08-13T03:48:12.961174,180,0,0,0,0,0
2026-08-13T03:48:12.961174,180,0,0,0,0,0
2026-08-13T03:48:12.962173,179,0,0,0,0,0
2026-08-13T03:48:12.964693,180,0,0,0,0,0
2026-08-13T03:48:12.965693,179,0,0,0,0,0
2026-08-13T03:48:12.966702,178,0,0,0,0,0
2026-08-13T03:48:12.966702,177,0,0,0,0,0
2026-08-13T03:48:12.969738,177,0,0,0,0,0
2026-08-13T03:48:12.969738,178,0,0,0,0,0
2026-08-13T03:48:12.970753,177,0,0,0,0,0
2026-08-13T03:48:12.973562,179,0,0,0,0,0
2026-08-13T03:48:12.974585,181,0,0,0,0,0
2026-08-13T03:48:12.975583,181,0,0,0,0,0
2026-08-13T03:48:12.975583,181,0,0,0,0,0
2026-08-13T03:48:12.977593,181,0,0,0,0,0
2026-08-13T03:48:12.978594,180,0,0,0,0,0
2026-08-13T03:48:12.978594,179,0,0,0,0,0
2026-08-13T03:48:12.981592,180,0,0,0,0,0
2026-08-13T03:48:12.982592,180,0,0,0,0,0
2026-08-13T03:48:12.982592,179,0,0,0,0,0
2026-08-13T03:48:12.983580,179,0,0,0,0,0
2026-08-13T03:48:12.986130,178,0,0,0,0,0
2026-08-13T03:48:12.986130,178,0,0,0,0,0
2026-08-13T03:48:12.987130,176,0,0,0,0,0
2026-08-13T03:48:12.990188,177,0,0,0,0,0
2026-08-13T03:48:12.990188,177,0,0,0,0,0
2026-08-13T03:48:12.991587,177,0,0,0,0,0
2026-08-13T03:48:12.991587,180,0,0,0,0,0
2026-08-13T03:48:12.994289,181,0,0,0,0,0
2026-08-13T03:48:12.994289,181,0,0,0,0,0
2026-08-13T03:48:12.995461,181,0,0,0,0,0
2026-08-13T03:48:12.998389,181,0,0,0,0,0
2026-08-13T03:48:12.998389,180,0,0,0,0,0
2026-08-13T03:48:12.999420,180,0,0,0,0,0
2026-08-13T03:48:13.002255,180,0,0,0,0,0
2026-08-13T03:48:13.002255,180,0,0,0,0,0
2026-08-13T03:48:13.003782,179,0,0,0,0,0
2026-08-13T03:48:13.004803,180,0,0,0,0,0
2026-08-13T03:48:13.005803,179,0,0,0,0,0
2026-08-13T03:48:13.006803,179,0,0,0,0,0
2026-08-13T03:48:13.007799,177,0,0,0,0,0
2026-08-13T03:48:13.010800,177,0,0,0,0,0
2026-08-13T03:48:13.010800,178,0,0,0,0,0
2026-08-13T03:48:13.011798,180,0,0,0,0,0
2026-08-13T03:48:13.011798,181,0,0,0,0,0
2026-08-13T03:48:13.014347,182,0,0,0,0,0
2026-08-13T03:48:13.014347,183,0,0,0,0,0
2026-08-13T03:48:13.015346,183,0,0,0,0,0
2026-08-13T03:48:13.018864,183,0,0,0,0,0
2026-08-13T03:48:13.018864,182,0,0,0,0,0
2026-08-13T03:48:13.019879,181,0,0,0,0,0
2026-08-13T03:48:13.019879,182,0,0,0,0,0
2026-08-13T03:48:13.022892,181,0,0,0,0,0
2026-08-13T03:48:13.022892,181,0,0,0,0,0
2026-08-13T03:48:13.023878,180,0,0,0,0,0
2026-08-13T03:48:13.026425,179,0,0,0,0,0
2026-08-13T03:48:13.027407,179,0,0,0,0,0
2026-08-13T03:48:13.027407,179,0,0,0,0,0
2026-08-13T03:48:13.030406,180,0,0,0,0,0
2026-08-13T03:48:13.031406,179,0,0,0,0,0
2026-08-13T03:48:13.032421,180,0,0,0,0,0
2026-08-13T03:48:13.032421,183,0,0,0,0,0
2026-08-13T03:48:13.035233,184,0,0,0,0,0
2026-08-13T03:48:13.035233,184,0,0,0,0,0
2026-08-13T03:48:13.036240,183,0,0,0,0,0
2026-08-13T03:48:13.039255,183,0,0,0,0,0
2026-08-13T03:48:13.039255,181,0,0,0,0,0
2026-08-13T03:48:13.040257,181,0,0,0,0,0
2026-08-13T03:48:13.041242,182,0,0,0,0,0
2026-08-13T03:48:13.042244,181,0,0,0,0,0
2026-08-13T03:48:13.043752,181,0,0,0,0,0
2026-08-13T03:48:13.043752,181,0,0,0,0,0
2026-08-13T03:48:13.046761,181,0,0,0,0,0
2026-08-13T03:48:13.047761,180,0,0,0,0,0
2026-08-13T03:48:13.047761,180,0,0,0,0,0
2026-08-13T03:48:13.048763,180,0,0,0,0,0
2026-08-13T03:48:13.050762,179,0,0,0,0,0
2026-08-13T03:48:13.051761,182,0,0,0,0,0
2026-08-13T03:48:13.051761,183,0,0,0,0,0
2026-08-13T03:48:13.054840,182,0,0,0,0,0
2026-08-13T03:48:13.055838,183,0,0,0,0,0
2026-08-13T03:48:13.056840,183,0,0,0,0,0
2026-08-13T03:48:13.057844,182,0,0,0,0,0
2026-08-13T03:48:13.059840,180,0,0,0,0,0
2026-08-13T03:48:13.059840,180,0,0,0,0,0
2026-08-13T03:48:13.060842,180,0,0,0,0,0
2026-08-13T03:48:13.063913,179,0,0,0,0,0
2026-08-13T03:48:13.063913,180,0,0,0,0,0
2026-08-13T03:48:13.065088,179,0,0,0,0,0
2026-08-13T03:48:13.067480,178,0,0,0,0,0
2026-08-13T03:48:13.068486,177,0,0,0,0,0
2026-08-13T03:48:13.068486,177,0,0,0,0,0
2026-08-13T03:48:13.069915,177,0,0,0,0,0
2026-08-13T03:48:13.071942,177,0,0,0,0,0
2026-08-13T03:48:13.071942,179,0,0,0,0,0
2026-08-13T03:48:13.071942,180,0,0,0,0,0
2026-08-13T03:48:13.076051,180,0,0,0,0,0
2026-08-13T03:48:13.077037,179,0,0,0,0,0
2026-08-13T03:48:13.077037,178,0,0,0,0,0
2026-08-13T03:48:13.078037,176,0,0,0,0,0
2026-08-13T03:48:13.080036,174,0,0,0,0,0
2026-08-13T03:48:13.080036,174,0,0,0,0,0
2026-08-13T03:48:13.081050,173,0,0,0,0,0
2026-08-13T03:48:13.084050,172,0,0,0,0,0
2026-08-13T03:48:13.084560,170,0,0,0,0,0
2026-08-13T03:48:13.085817,169,0,0,0,0,0
2026-08-13T03:48:13.085817,168,0,0,0,0,0
2026-08-13T03:48:13.087828,167,0,0,0,0,0
2026-08-13T03:48:13.088827,166,0,0,0,0,0
2026-08-13T03:48:13.089827,166,0,0,0,0,0
2026-08-13T03:48:13.091843,167,0,0,0,0,0
2026-08-13T03:48:13.092829,169,0,0,0,0,0
2026-08-13T03:48:13.093830,170,0,0,0,0,0
2026-08-13T03:48:13.096365,169,0,0,0,0,0
2026-08-13T03:48:13.097350,168,0,0,0,0,0
2026-08-13T03:48:13.097350,166,0,0,0,0,0
2026-08-13T03:48:13.098351,165,0,0,0,0,0
2026-08-13T03:48:13.100350,163,0,0,0,0,0
2026-08-13T03:48:13.101350,163,0,0,0,0,0
2026-08-13T03:48:13.101350,161,0,0,0,0,0
2026-08-13T03:48:13.104625,160,0,0,0,0,0
2026-08-13T03:48:13.104625,159,0,0,0,0,0
2026-08-13T03:48:13.105884,157,0,0,0,0,0
2026-08-13T03:48:13.105884,156,0,0,0,0,0
2026-08-13T03:48:13.108882,156,0,0,0,0,0
2026-08-13T03:48:13.108882,155,0,0,0,0,0
2026-08-13T03:48:13.109897,155,0,0,0,0,0
2026-08-13T03:48:13.113053,158,0,0,0,0,0
2026-08-13T03:48:13.113053,159,0,0,0,0,0
2026-08-13T03:48:13.114061,159,0,0,0,0,0
2026-08-13T03:48:13.114061,160,0,0,0,0,0
2026-08-13T03:48:13.116971,159,0,0,0,0,0
2026-08-13T03:48:13.116971,159,0,0,0,0,0
2026-08-13T03:48:13.117988,157,0,0,0,0,0
2026-08-13T03:48:13.121263,157,0,0,0,0,0
2026-08-13T03:48:13.121263,157,0,0,0,0,0
2026-08-13T03:48:13.122290,154,0,0,0,0,0
2026-08-13T03:48:13.122290,155,0,0,0,0,0
2026-08-13T03:48:13.124811,154,0,0,0,0,0
2026-08-13T03:48:13.125824,154,0,0,0,0,0
2026-08-13T03:48:13.125824,152,0,0,0,0,0
2026-08-13T03:48:13.128809,153,0,0,0,0,0
2026-08-13T03:48:13.129808,154,0,0,0,0,0
2026-08-13T03:48:13.129808,153,0,0,0,0,0
2026-08-13T03:48:13.132823,154,0,0,0,0,0
2026-08-13T03:48:13.133808,156,0,0,0,0,0
2026-08-13T03:48:13.134314,156,0,0,0,0,0
2026-08-13T03:48:13.134314,156,0,0,0,0,0
2026-08-13T03:48:13.137322,155,0,0,0,0,0
2026-08-13T03:48:13.137322,155,0,0,0,0,0
2026-08-13T03:48:13.138322,153,0,0,0,0,0
2026-08-13T03:48:13.141322,153,0,0,0,0,0
2026-08-13T03:48:13.142322,153,0,0,0,0,0
2026-08-13T03:48:13.142322,152,0,0,0,0,0
2026-08-13T03:48:13.142322,152,0,0,0,0,0
2026-08-13T03:48:13.145838,151,0,0,0,0,0
2026-08-13T03:48:13.145838,150,0,0,0,0,0
2026-08-13T03:48:13.146844,149,0,0,0,0,0
2026-08-13T03:48:13.149929,149,0,0,0,0,0
2026-08-13T03:48:13.149929,148,0,0,0,0,0
2026-08-13T03:48:13.150937,148,0,0,0,0,0
2026-08-13T03:48:13.150937,149,0,0,0,0,0
2026-08-13T03:48:13.154052,151,0,0,0,0,0
2026-08-13T03:48:13.154052,151,0,0,0,0,0
2026-08-13T03:48:13.155079,151,0,0,0,0,0
2026-08-13T03:48:13.158079,151,0,0,0,0,0
2026-08-13T03:48:13.158079,150,0,0,0,0,0
2026-08-13T03:48:13.159082,149,0,0,0,0,0
2026-08-13T03:48:13.162074,150,0,0,0,0,0
2026-08-13T03:48:13.163583,150,0,0,0,0,0
2026-08-13T03:48:13.163583,149,0,0,0,0,0
2026-08-13T03:48:13.164595,150,0,0,0,0,0
2026-08-13T03:48:13.165598,149,0,0,0,0,0
2026-08-13T03:48:13.166595,148,0,0,0,0,0
2026-08-13T03:48:13.167602,148,0,0,0,0,0
2026-08-13T03:48:13.170413,148,0,0,0,0,0
2026-08-13T03:48:13.170413,147,0,0,0,0,0
2026-08-13T03:48:13.171429,147,0,0,0,0,0
2026-08-13T03:48:13.171429,151,0,0,0,0,0
2026-08-13T03:48:13.174099,151,0,0,0,0,0
2026-08-13T03:48:13.175110,151,0,0,0,0,0
2026-08-13T03:48:13.175110,151,0,0,0,0,0
2026-08-13T03:48:13.178111,150,0,0,0,0,0
2026-08-13T03:48:13.179112,149,0,0,0,0,0
2026-08-13T03:48:13.179112,148,0,0,0,0,0
2026-08-13T03:48:13.180111,148,0,0,0,0,0
2026-08-13T03:48:13.182934,147,0,0,0,0,0
2026-08-13T03:48:13.182934,147,0,0,0,0,0
2026-08-13T03:48:13.184112,147,0,0,0,0,0
2026-08-13T03:48:13.186651,146,0,0,0,0,0
2026-08-13T03:48:13.187158,144,0,0,0,0,0
2026-08-13T03:48:13.187666,143,0,0,0,0,0
2026-08-13T03:48:13.187666,144,0,0,0,0,0
2026-08-13T03:48:13.193586,144,0,0,0,0,0
2026-08-13T03:48:13.193586,145,0,0,0,0,0
2026-08-13T03:48:13.194595,147,0,0,0,0,0
2026-08-13T03:48:13.194595,147,0,0,0,0,0
2026-08-13T03:48:13.195596,148,0,0,0,0,0
2026-08-13T03:48:13.195596,147,0,0,0,0,0
2026-08-13T03:48:13.198603,148,0,0,0,0,0
2026-08-13T03:48:13.198603,146,0,0,0,0,0
2026-08-13T03:48:13.199604,145,0,0,0,0,0
2026-08-13T03:48:13.199604,145,0,0,0,0,0
2026-08-13T03:48:13.202603,144,0,0,0,0,0
2026-08-13T03:48:13.203603,144,0,0,0,0,0
2026-08-13T03:48:13.203603,143,0,0,0,0,0
2026-08-13T03:48:13.207124,142,0,0,0,0,0
2026-08-13T03:48:13.207124,141,0,0,0,0,0
2026-08-13T03:48:13.208126,141,0,0,0,0,0
2026-08-13T03:48:13.208126,142,0,0,0,0,0
2026-08-13T03:48:13.211126,141,0,0,0,0,0
2026-08-13T03:48:13.211126,144,0,0,0,0,0
2026-08-13T03:48:13.211126,145,0,0,0,0,0
2026-08-13T03:48:13.214643,147,0,0,0,0,0
2026-08-13T03:48:13.215644,148,0,0,0,0,0
2026-08-13T03:48:13.215644,148,0,0,0,0,0
2026-08-13T03:48:13.215644,147,0,0,0,0,0
2026-08-13T03:48:13.219649,145,0,0,0,0,0
2026-08-13T03:48:13.219649,146,0,0,0,0,0
2026-08-13T03:48:13.219649,146,0,0,0,0,0
2026-08-13T03:48:13.223651,145,0,0,0,0,0
2026-08-13T03:48:13.224157,145,0,0,0,0,0
2026-08-13T03:48:13.224157,144,0,0,0,0,0
2026-08-13T03:48:13.224157,144,0,0,0,0,0
2026-08-13T03:48:13.227171,143,0,0,0,0,0
2026-08-13T03:48:13.228172,142,0,0,0,0,0
2026-08-13T03:48:13.228172,143,0,0,0,0,0
2026-08-13T03:48:13.231171,143,0,0,0,0,0
2026-08-13T03:48:13.232171,145,0,0,0,0,0
2026-08-13T03:48:13.232171,146,0,0,0,0,0
2026-08-13T03:48:13.235689,146,0,0,0,0,0
2026-08-13T03:48:13.235689,146,0,0,0,0,0
2026-08-13T03:48:13.236697,145,0,0,0,0,0
2026-08-13T03:48:13.236697,145,0,0,0,0,0
2026-08-13T03:48:13.239700,143,0,0,0,0,0
2026-08-13T03:48:13.240695,143,0,0,0,0,0
2026-08-13T03:48:13.240695,142,0,0,0,0,0
2026-08-13T03:48:13.243873,143,0,0,0,0,0
2026-08-13T03:48:13.243873,143,0,0,0,0,0
2026-08-13T03:48:13.243873,142,0,0,0,0,0
2026-08-13T03:48:13.245265,142,0,0,0,0,0
2026-08-13T03:48:13.248277,141,0,0,0,0,0
2026-08-13T03:48:13.248277,141,0,0,0,0,0
2026-08-13T03:48:13.248277,140,0,0,0,0,0
2026-08-13T03:48:13.252278,141,0,0,0,0,0
2026-08-13T03:48:13.252278,144,0,0,0,0,0
2026-08-13T03:48:13.252278,145,0,0,0,0,0
2026-08-13T03:48:13.252278,145,0,0,0,0,0
2026-08-13T03:48:13.257799,145,0,0,0,0,0
2026-08-13T03:48:13.257799,145,0,0,0,0,0
2026-08-13T03:48:13.258803,144,0,0,0,0,0
2026-08-13T03:48:13.259803,143,0,0,0,0,0
2026-08-13T03:48:13.260799,144,0,0,0,0,0
2026-08-13T03:48:13.260799,143,0,0,0,0,0
2026-08-13T03:48:13.264544,143,0,0,0,0,0
2026-08-13T03:48:13.264544,143,0,0,0,0,0
2026-08-13T03:48:13.264544,142,0,0,0,0,0
2026-08-13T03:48:13.265546,141,0,0,0,0,0
2026-08-13T03:48:13.268914,140,0,0,0,0,0
2026-08-13T03:48:13.268914,141,0,0,0,0,0
2026-08-13T03:48:13.268914,140,0,0,0,0,0
2026-08-13T03:48:13.271983,141,0,0,0,0,0
2026-08-13T03:48:13.271983,144,0,0,0,0,0
2026-08-13T03:48:13.273357,145,0,0,0,0,0
2026-08-13T03:48:13.273357,145,0,0,0,0,0
2026-08-13T03:48:13.276913,145,0,0,0,0,0
2026-08-13T03:48:13.276913,145,0,0,0,0,0
2026-08-13T03:48:13.276913,143,0,0,0,0,0
2026-08-13T03:48:13.280675,143,0,0,0,0,0
2026-08-13T03:48:13.280675,144,0,0,0,0,0
2026-08-13T03:48:13.281676,143,0,0,0,0,0
2026-08-13T03:48:13.281676,143,0,0,0,0,0
2026-08-13T03:48:13.284768,142,0,0,0,0,0
2026-08-13T03:48:13.284768,141,0,0,0,0,0
2026-08-13T03:48:13.285772,141,0,0,0,0,0
2026-08-13T03:48:13.288787,139,0,0,0,0,0
2026-08-13T03:48:13.289786,139,0,0,0,0,0
2026-08-13T03:48:13.289786,139,0,0,0,0,0
2026-08-13T03:48:13.290773,141,0,0,0,0,0
2026-08-13T03:48:13.292769,143,0,0,0,0,0
2026-08-13T03:48:13.293770,143,0,0,0,0,0
2026-08-13T03:48:13.294307,144,0,0,0,0,0
2026-08-13T03:48:13.297315,144,0,0,0,0,0
2026-08-13T03:48:13.297315,144,0,0,0,0,0
2026-08-13T03:48:13.297315,143,0,0,0,0,0
2026-08-13T03:48:13.301509,143,0,0,0,0,0
2026-08-13T03:48:13.301509,143,0,0,0,0,0
2026-08-13T03:48:13.302533,142,0,0,0,0,0
2026-08-13T03:48:13.302533,142,0,0,0,0,0
2026-08-13T03:48:13.305055,142,0,0,0,0,0
2026-08-13T03:48:13.306067,141,0,0,0,0,0
2026-08-13T03:48:13.306067,141,0,0,0,0,0
2026-08-13T03:48:13.309057,140,0,0,0,0,0
2026-08-13T03:48:13.310054,141,0,0,0,0,0
2026-08-13T03:48:13.310054,142,0,0,0,0,0
2026-08-13T03:48:13.311059,143,0,0,0,0,0
2026-08-13T03:48:13.313053,145,0,0,0,0,0
2026-08-13T03:48:13.314053,145,0,0,0,0,0
2026-08-13T03:48:13.314563,146,0,0,0,0,0
2026-08-13T03:48:13.317864,146,0,0,0,0,0
2026-08-13T03:48:13.317864,145,0,0,0,0,0
2026-08-13T03:48:13.318900,144,0,0,0,0,0
2026-08-13T03:48:13.318900,144,0,0,0,0,0
2026-08-13T03:48:13.321599,144,0,0,0,0,0
2026-08-13T03:48:13.322610,143,0,0,0,0,0
2026-08-13T03:48:13.322610,143,0,0,0,0,0
2026-08-13T03:48:13.325694,142,0,0,0,0,0
2026-08-13T03:48:13.326690,142,0,0,0,0,0
2026-08-13T03:48:13.326690,142,0,0,0,0,0
2026-08-13T03:48:13.329676,142,0,0,0,0,0
2026-08-13T03:48:13.330691,141,0,0,0,0,0
2026-08-13T03:48:13.330691,141,0,0,0,0,0
2026-08-13T03:48:13.331698,144,0,0,0,0,0
2026-08-13T03:48:13.333677,145,0,0,0,0,0
2026-08-13T03:48:13.334843,145,0,0,0,0,0
2026-08-13T03:48:13.334843,145,0,0,0,0,0
2026-08-13T03:48:13.338354,145,0,0,0,0,0
2026-08-13T03:48:13.338354,144,0,0,0,0,0
2026-08-13T03:48:13.339377,143,0,0,0,0,0
2026-08-13T03:48:13.340363,143,0,0,0,0,0
2026-08-13T03:48:13.342365,143,0,0,0,0,0
2026-08-13T03:48:13.342365,143,0,0,0,0,0
2026-08-13T03:48:13.342365,143,0,0,0,0,0
2026-08-13T03:48:13.345882,142,0,0,0,0,0
2026-08-13T03:48:13.346889,142,0,0,0,0,0
2026-08-13T03:48:13.346889,141,0,0,0,0,0
2026-08-13T03:48:13.347891,140,0,0,0,0,0
2026-08-13T03:48:13.349890,140,0,0,0,0,0
2026-08-13T03:48:13.350888,141,0,0,0,0,0
2026-08-13T03:48:13.350888,143,0,0,0,0,0
2026-08-13T03:48:13.354433,144,0,0,0,0,0
2026-08-13T03:48:13.354433,145,0,0,0,0,0
2026-08-13T03:48:13.355518,144,0,0,0,0,0
2026-08-13T03:48:13.355518,145,0,0,0,0,0
2026-08-13T03:48:13.358525,143,0,0,0,0,0
2026-08-13T03:48:13.359526,143,0,0,0,0,0
2026-08-13T03:48:13.359526,144,0,0,0,0,0
2026-08-13T03:48:13.362914,143,0,0,0,0,0
2026-08-13T03:48:13.362914,142,0,0,0,0,0
2026-08-13T03:48:13.362914,143,0,0,0,0,0
2026-08-13T03:48:13.366933,142,0,0,0,0,0
2026-08-13T03:48:13.366933,141,0,0,0,0,0
2026-08-13T03:48:13.367927,141,0,0,0,0,0
2026-08-13T03:48:13.367927,141,0,0,0,0,0
2026-08-13T03:48:13.371115,141,0,0,0,0,0
2026-08-13T03:48:13.371115,142,0,0,0,0,0
2026-08-13T03:48:13.371115,143,0,0,0,0,0
2026-08-13T03:48:13.374681,144,0,0,0,0,0
2026-08-13T03:48:13.375696,145,0,0,0,0,0
2026-08-13T03:48:13.375696,144,0,0,0,0,0
2026-08-13T03:48:13.376681,144,0,0,0,0,0
2026-08-13T03:48:13.378717,143,0,0,0,0,0
2026-08-13T03:48:13.379680,143,0,0,0,0,0
2026-08-13T03:48:13.379680,143,0,0,0,0,0
2026-08-13T03:48:13.382753,142,0,0,0,0,0
2026-08-13T03:48:13.383724,143,0,0,0,0,0
2026-08-13T03:48:13.384231,142,0,0,0,0,0
2026-08-13T03:48:13.384231,141,0,0,0,0,0
2026-08-13T03:48:13.387374,141,0,0,0,0,0
2026-08-13T03:48:13.387374,140,0,0,0,0,0
2026-08-13T03:48:13.387374,140,0,0,0,0,0
2026-08-13T03:48:13.391387,140,0,0,0,0,0
2026-08-13T03:48:13.391387,142,0,0,0,0,0
2026-08-13T03:48:13.392385,143,0,0,0,0,0
2026-08-13T03:48:13.394930,144,0,0,0,0,0
2026-08-13T03:48:13.395931,145,0,0,0,0,0
2026-08-13T03:48:13.395931,145,0,0,0,0,0
2026-08-13T03:48:13.396952,144,0,0,0,0,0
2026-08-13T03:48:13.398945,143,0,0,0,0,0
2026-08-13T03:48:13.399931,143,0,0,0,0,0
2026-08-13T03:48:13.399931,143,0,0,0,0,0
2026-08-13T03:48:13.403942,143,0,0,0,0,0
2026-08-13T03:48:13.403942,143,0,0,0,0,0
2026-08-13T03:48:13.403942,142,0,0,0,0,0
2026-08-13T03:48:13.405011,142,0,0,0,0,0
2026-08-13T03:48:13.407980,140,0,0,0,0,0
2026-08-13T03:48:13.407980,140,0,0,0,0,0
2026-08-13T03:48:13.408990,140,0,0,0,0,0
2026-08-13T03:48:13.411521,140,0,0,0,0,0
2026-08-13T03:48:13.412536,143,0,0,0,0,0
2026-08-13T03:48:13.412536,144,0,0,0,0,0
2026-08-13T03:48:13.414044,144,0,0,0,0,0
2026-08-13T03:48:13.416188,145,0,0,0,0,0
2026-08-13T03:48:13.416188,145,0,0,0,0,0
2026-08-13T03:48:13.417219,144,0,0,0,0,0
2026-08-13T03:48:13.420209,143,0,0,0,0,0
2026-08-13T03:48:13.420209,143,0,0,0,0,0
2026-08-13T03:48:13.421205,143,0,0,0,0,0
2026-08-13T03:48:13.422218,143,0,0,0,0,0
2026-08-13T03:48:13.423726,143,0,0,0,0,0
2026-08-13T03:48:13.424737,141,0,0,0,0,0
2026-08-13T03:48:13.425736,142,0,0,0,0,0
2026-08-13T03:48:13.427739,141,0,0,0,0,0
2026-08-13T03:48:13.428736,141,0,0,0,0,0
2026-08-13T03:48:13.429737,140,0,0,0,0,0
2026-08-13T03:48:13.431735,140,0,0,0,0,0
2026-08-13T03:48:13.432734,143,0,0,0,0,0
2026-08-13T03:48:13.433737,144,0,0,0,0,0
2026-08-13T03:48:13.434246,145,0,0,0,0,0
2026-08-13T03:48:13.436279,145,0,0,0,0,0
2026-08-13T03:48:13.436279,144,0,0,0,0,0
2026-08-13T03:48:13.437254,144,0,0,0,0,0
2026-08-13T03:48:13.440345,143,0,0,0,0,0
2026-08-13T03:48:13.441364,143,0,0,0,0,0
2026-08-13T03:48:13.441364,143,0,0,0,0,0
2026-08-13T03:48:13.442371,143,0,0,0,0,0
2026-08-13T03:48:13.444893,143,0,0,0,0,0
2026-08-13T03:48:13.444893,142,0,0,0,0,0
2026-08-13T03:48:13.446389,142,0,0,0,0,0
2026-08-13T03:48:13.448931,140,0,0,0,0,0
2026-08-13T03:48:13.448931,141,0,0,0,0,0
2026-08-13T03:48:13.449946,140,0,0,0,0,0
2026-08-13T03:48:13.449946,141,0,0,0,0,0
2026-08-13T03:48:13.452956,143,0,0,0,0,0
2026-08-13T03:48:13.453484,143,0,0,0,0,0
2026-08-13T03:48:13.454009,145,0,0,0,0,0
2026-08-13T03:48:13.456764,144,0,0,0,0,0
2026-08-13T03:48:13.457752,144,0,0,0,0,0
2026-08-13T03:48:13.458756,143,0,0,0,0,0
2026-08-13T03:48:13.459754,143,0,0,0,0,0
2026-08-13T03:48:13.460754,143,0,0,0,0,0
2026-08-13T03:48:13.461754,143,0,0,0,0,0
2026-08-13T03:48:13.461754,143,0,0,0,0,0
2026-08-13T03:48:13.464763,143,0,0,0,0,0
2026-08-13T03:48:13.464763,142,0,0,0,0,0
2026-08-13T03:48:13.466010,142,0,0,0,0,0
2026-08-13T03:48:13.469026,142,0,0,0,0,0
2026-08-13T03:48:13.469026,142,0,0,0,0,0
2026-08-13T03:48:13.470024,143,0,0,0,0,0
2026-08-13T03:48:13.470024,144,0,0,0,0,0
2026-08-13T03:48:13.472297,145,0,0,0,0,0
2026-08-13T03:48:13.473805,146,0,0,0,0,0
2026-08-13T03:48:13.473805,147,0,0,0,0,0
2026-08-13T03:48:13.477613,146,0,0,0,0,0
2026-08-13T03:48:13.477613,147,0,0,0,0,0
2026-08-13T03:48:13.477613,146,0,0,0,0,0
2026-08-13T03:48:13.478626,147,0,0,0,0,0
2026-08-13T03:48:13.481820,147,0,0,0,0,0
2026-08-13T03:48:13.481820,146,0,0,0,0,0
2026-08-13T03:48:13.481820,147,0,0,0,0,0
2026-08-13T03:48:13.485789,146,0,0,0,0,0
2026-08-13T03:48:13.485789,145,0,0,0,0,0
2026-08-13T03:48:13.486812,144,0,0,0,0,0
2026-08-13T03:48:13.486812,145,0,0,0,0,0
2026-08-13T03:48:13.489805,146,0,0,0,0,0
2026-08-13T03:48:13.490313,145,0,0,0,0,0
2026-08-13T03:48:13.491326,148,0,0,0,0,0
2026-08-13T03:48:13.493829,151,0,0,0,0,0
2026-08-13T03:48:13.493829,152,0,0,0,0,0
2026-08-13T03:48:13.494838,152,0,0,0,0,0
2026-08-13T03:48:13.497850,153,0,0,0,0,0
2026-08-13T03:48:13.497850,152,0,0,0,0,0
2026-08-13T03:48:13.498852,152,0,0,0,0,0
2026-08-13T03:48:13.499837,152,0,0,0,0,0
2026-08-13T03:48:13.502191,152,0,0,0,0,0
2026-08-13T03:48:13.502191,151,0,0,0,0,0
2026-08-13T03:48:13.503208,153,0,0,0,0,0
2026-08-13T03:48:13.505728,151,0,0,0,0,0
2026-08-13T03:48:13.506723,151,0,0,0,0,0
2026-08-13T03:48:13.507727,150,0,0,0,0,0
2026-08-13T03:48:13.508724,151,0,0,0,0,0
2026-08-13T03:48:13.509725,151,0,0,0,0,0
2026-08-13T03:48:13.510726,151,0,0,0,0,0
2026-08-13T03:48:13.510726,153,0,0,0,0,0
2026-08-13T03:48:13.514234,155,0,0,0,0,0
2026-08-13T03:48:13.515242,156,0,0,0,0,0
2026-08-13T03:48:13.515242,156,0,0,0,0,0
2026-08-13T03:48:13.516249,155,0,0,0,0,0
2026-08-13T03:48:13.518263,153,0,0,0,0,0
2026-08-13T03:48:13.518263,152,0,0,0,0,0
2026-08-13T03:48:13.519253,153,0,0,0,0,0
2026-08-13T03:48:13.522288,151,0,0,0,0,0
2026-08-13T03:48:13.531119,151,0,0,0,0,0
2026-08-13T03:48:13.531119,150,0,0,0,0,0
2026-08-13T03:48:13.532273,150,0,0,0,0,0
2026-08-13T03:48:13.532273,150,0,0,0,0,0
2026-08-13T03:48:13.532273,150,0,0,0,0,0
2026-08-13T03:48:13.533783,150,0,0,0,0,0
2026-08-13T03:48:13.533783,150,0,0,0,0,0
2026-08-13T03:48:13.534790,150,0,0,0,0,0
2026-08-13T03:48:13.534790,153,0,0,0,0,0
2026-08-13T03:48:13.535792,155,0,0,0,0,0
2026-08-13T03:48:13.535792,155,0,0,0,0,0
2026-08-13T03:48:13.536798,155,0,0,0,0,0
2026-08-13T03:48:13.536798,156,0,0,0,0,0
2026-08-13T03:48:13.537798,156,0,0,0,0,0
2026-08-13T03:48:13.539132,155,0,0,0,0,0
2026-08-13T03:48:13.539132,158,0,0,0,0,0
2026-08-13T03:48:13.542141,158,0,0,0,0,0
2026-08-13T03:48:13.542141,158,0,0,0,0,0
2026-08-13T03:48:13.543648,159,0,0,0,0,0
2026-08-13T03:48:13.543648,159,0,0,0,0,0
2026-08-13T03:48:13.546932,159,0,0,0,0,0
2026-08-13T03:48:13.546932,159,0,0,0,0,0
2026-08-13T03:48:13.547934,161,0,0,0,0,0
2026-08-13T03:48:13.550923,162,0,0,0,0,0
2026-08-13T03:48:13.550923,164,0,0,0,0,0
2026-08-13T03:48:13.551907,166,0,0,0,0,0
2026-08-13T03:48:13.551907,167,0,0,0,0,0
2026-08-13T03:48:13.555455,168,0,0,0,0,0
2026-08-13T03:48:13.555455,168,0,0,0,0,0
2026-08-13T03:48:13.555455,169,0,0,0,0,0
2026-08-13T03:48:13.559456,167,0,0,0,0,0
2026-08-13T03:48:13.559456,167,0,0,0,0,0
2026-08-13T03:48:13.559456,170,0,0,0,0,0
2026-08-13T03:48:13.562472,169,0,0,0,0,0
2026-08-13T03:48:13.563980,170,0,0,0,0,0
2026-08-13T03:48:13.563980,171,0,0,0,0,0
2026-08-13T03:48:13.563980,170,0,0,0,0,0
2026-08-13T03:48:13.567003,171,0,0,0,0,0
2026-08-13T03:48:13.567988,172,0,0,0,0,0
2026-08-13T03:48:13.568987,173,0,0,0,0,0
2026-08-13T03:48:13.571001,174,0,0,0,0,0
2026-08-13T03:48:13.571989,176,0,0,0,0,0
2026-08-13T03:48:13.572989,179,0,0,0,0,0
2026-08-13T03:48:13.572989,180,0,0,0,0,0
2026-08-13T03:48:13.575521,182,0,0,0,0,0
2026-08-13T03:48:13.576512,181,0,0,0,0,0
2026-08-13T03:48:13.576512,181,0,0,0,0,0
2026-08-13T03:48:13.579517,180,0,0,0,0,0
2026-08-13T03:48:13.580523,181,0,0,0,0,0
2026-08-13T03:48:13.580523,183,0,0,0,0,0
2026-08-13T03:48:13.581503,182,0,0,0,0,0
2026-08-13T03:48:13.584015,183,0,0,0,0,0
2026-08-13T03:48:13.584015,183,0,0,0,0,0
2026-08-13T03:48:13.585026,184,0,0,0,0,0
2026-08-13T03:48:13.587321,184,0,0,0,0,0
2026-08-13T03:48:13.588333,185,0,0,0,0,0
2026-08-13T03:48:13.589343,186,0,0,0,0,0
2026-08-13T03:48:13.589343,186,0,0,0,0,0
2026-08-13T03:48:13.592331,190,0,0,0,0,0
2026-08-13T03:48:13.592331,193,0,0,0,0,0
2026-08-13T03:48:13.592331,194,0,0,0,0,0
2026-08-13T03:48:13.596322,196,0,0,0,0,0
2026-08-13T03:48:13.596322,197,0,0,0,0,0
2026-08-13T03:48:13.597333,197,0,0,0,0,0
2026-08-13T03:48:13.600458,197,0,0,0,0,0
2026-08-13T03:48:13.600458,198,0,0,0,0,0
2026-08-13T03:48:13.600458,198,0,0,0,0,0
2026-08-13T03:48:13.601929,198,0,0,0,0,0
2026-08-13T03:48:13.603985,199,0,0,0,0,0
2026-08-13T03:48:13.605004,198,0,0,0,0,0
2026-08-13T03:48:13.605004,199,0,0,0,0,0
2026-08-13T03:48:13.608372,199,0,0,0,0,0
2026-08-13T03:48:13.608372,200,0,0,0,0,0
2026-08-13T03:48:13.609389,201,0,0,0,0,0
2026-08-13T03:48:13.609389,202,0,0,0,0,0
2026-08-13T03:48:13.612391,205,0,0,0,0,0
2026-08-13T03:48:13.612391,206,0,0,0,0,0
2026-08-13T03:48:13.612391,206,0,0,0,0,0
2026-08-13T03:48:13.616909,207,0,0,0,0,0
2026-08-13T03:48:13.616909,207,0,0,0,0,0
2026-08-13T03:48:13.616909,207,0,0,0,0,0
2026-08-13T03:48:13.617908,206,0,0,0,0,0
2026-08-13T03:48:13.620907,207,0,0,0,0,0
2026-08-13T03:48:13.620907,208,0,0,0,0,0
2026-08-13T03:48:13.621908,208,0,0,0,0,0
2026-08-13T03:48:13.624414,210,0,0,0,0,0
2026-08-13T03:48:13.625423,210,0,0,0,0,0
2026-08-13T03:48:13.625423,211,0,0,0,0,0
2026-08-13T03:48:13.628935,211,0,0,0,0,0
2026-08-13T03:48:13.628935,212,0,0,0,0,0
2026-08-13T03:48:13.629945,213,0,0,0,0,0
2026-08-13T03:48:13.629945,215,0,0,0,0,0
2026-08-13T03:48:13.632417,218,0,0,0,0,0
2026-08-13T03:48:13.632417,219,0,0,0,0,0
2026-08-13T03:48:13.633925,220,0,0,0,0,0
2026-08-13T03:48:13.636950,220,0,0,0,0,0
2026-08-13T03:48:13.636950,219,0,0,0,0,0
2026-08-13T03:48:13.637935,219,0,0,0,0,0
2026-08-13T03:48:13.638935,219,0,0,0,0,0
2026-08-13T03:48:13.640936,220,0,0,0,0,0
2026-08-13T03:48:13.640936,219,0,0,0,0,0
2026-08-13T03:48:13.641934,219,0,0,0,0,0
2026-08-13T03:48:13.644492,219,0,0,0,0,0
2026-08-13T03:48:13.645627,219,0,0,0,0,0
2026-08-13T03:48:13.645627,218,0,0,0,0,0
2026-08-13T03:48:13.646718,217,0,0,0,0,0
2026-08-13T03:48:13.649299,217,0,0,0,0,0
2026-08-13T03:48:13.649299,217,0,0,0,0,0
2026-08-13T03:48:13.650300,219,0,0,0,0,0
2026-08-13T03:48:13.653807,221,0,0,0,0,0
2026-08-13T03:48:13.653807,222,0,0,0,0,0
2026-08-13T03:48:13.654816,222,0,0,0,0,0
2026-08-13T03:48:13.654816,222,0,0,0,0,0
2026-08-13T03:48:13.657816,223,0,0,0,0,0
2026-08-13T03:48:13.657816,222,0,0,0,0,0
2026-08-13T03:48:13.657816,222,0,0,0,0,0
2026-08-13T03:48:13.661819,222,0,0,0,0,0
2026-08-13T03:48:13.661819,221,0,0,0,0,0
2026-08-13T03:48:13.662817,221,0,0,0,0,0
2026-08-13T03:48:13.666014,221,0,0,0,0,0
2026-08-13T03:48:13.666014,220,0,0,0,0,0
2026-08-13T03:48:13.667026,219,0,0,0,0,0
2026-08-13T03:48:13.667026,218,0,0,0,0,0
2026-08-13T03:48:13.669212,220,0,0,0,0,0
2026-08-13T03:48:13.670212,219,0,0,0,0,0
2026-08-13T03:48:13.671214,220,0,0,0,0,0
2026-08-13T03:48:13.674317,222,0,0,0,0,0
2026-08-13T03:48:13.675339,223,0,0,0,0,0
2026-08-13T03:48:13.676354,223,0,0,0,0,0
2026-08-13T03:48:13.677357,223,0,0,0,0,0
2026-08-13T03:48:13.678351,223,0,0,0,0,0
2026-08-13T03:48:13.678351,221,0,0,0,0,0
2026-08-13T03:48:13.679356,222,0,0,0,0,0
2026-08-13T03:48:13.682354,221,0,0,0,0,0
2026-08-13T03:48:13.682354,221,0,0,0,0,0
2026-08-13T03:48:13.683865,221,0,0,0,0,0
2026-08-13T03:48:13.684878,221,0,0,0,0,0
2026-08-13T03:48:13.685879,220,0,0,0,0,0
2026-08-13T03:48:13.686889,219,0,0,0,0,0
2026-08-13T03:48:13.686889,219,0,0,0,0,0
2026-08-13T03:48:13.690409,219,0,0,0,0,0
2026-08-13T03:48:13.690409,219,0,0,0,0,0
2026-08-13T03:48:13.691464,221,0,0,0,0,0
2026-08-13T03:48:13.691464,222,0,0,0,0,0
2026-08-13T03:48:13.694660,223,0,0,0,0,0
2026-08-13T03:48:13.694660,223,0,0,0,0,0
2026-08-13T03:48:13.695607,223,0,0,0,0,0
2026-08-13T03:48:13.698132,221,0,0,0,0,0
2026-08-13T03:48:13.699130,221,0,0,0,0,0
2026-08-13T03:48:13.699130,221,0,0,0,0,0
2026-08-13T03:48:13.702132,220,0,0,0,0,0
2026-08-13T03:48:13.702132,220,0,0,0,0,0
2026-08-13T03:48:13.703641,220,0,0,0,0,0
2026-08-13T03:48:13.703641,220,0,0,0,0,0
2026-08-13T03:48:13.706766,219,0,0,0,0,0
2026-08-13T03:48:13.706766,217,0,0,0,0,0
2026-08-13T03:48:13.708167,217,0,0,0,0,0
2026-08-13T03:48:13.710984,217,0,0,0,0,0
2026-08-13T03:48:13.710984,217,0,0,0,0,0
2026-08-13T03:48:13.710984,220,0,0,0,0,0
2026-08-13T03:48:13.712182,221,0,0,0,0,0
2026-08-13T03:48:13.715211,221,0,0,0,0,0
2026-08-13T03:48:13.715211,221,0,0,0,0,0
2026-08-13T03:48:13.715211,222,0,0,0,0,0
2026-08-13T03:48:13.719253,220,0,0,0,0,0
2026-08-13T03:48:13.719253,219,0,0,0,0,0
2026-08-13T03:48:13.719253,219,0,0,0,0,0
2026-08-13T03:48:13.720257,219,0,0,0,0,0
2026-08-13T03:48:13.722552,219,0,0,0,0,0
2026-08-13T03:48:13.722552,219,0,0,0,0,0
2026-08-13T03:48:13.724062,217,0,0,0,0,0
2026-08-13T03:48:13.727119,217,0,0,0,0,0
2026-08-13T03:48:13.727119,216,0,0,0,0,0
2026-08-13T03:48:13.728158,217,0,0,0,0,0
2026-08-13T03:48:13.731142,216,0,0,0,0,0
2026-08-13T03:48:13.732141,217,0,0,0,0,0
2026-08-13T03:48:13.732141,219,0,0,0,0,0
2026-08-13T03:48:13.732141,220,0,0,0,0,0
2026-08-13T03:48:13.735656,221,0,0,0,0,0
2026-08-13T03:48:13.735656,221,0,0,0,0,0
2026-08-13T03:48:13.736655,220,0,0,0,0,0
2026-08-13T03:48:13.739672,219,0,0,0,0,0
2026-08-13T03:48:13.739672,218,0,0,0,0,0
2026-08-13T03:48:13.740657,219,0,0,0,0,0
2026-08-13T03:48:13.741680,218,0,0,0,0,0
2026-08-13T03:48:13.743838,217,0,0,0,0,0
2026-08-13T03:48:13.743838,217,0,0,0,0,0
2026-08-13T03:48:13.744859,215,0,0,0,0,0
2026-08-13T03:48:13.747853,214,0,0,0,0,0
2026-08-13T03:48:13.747853,214,0,0,0,0,0
2026-08-13T03:48:13.748854,214,0,0,0,0,0
2026-08-13T03:48:13.748854,215,0,0,0,0,0
2026-08-13T03:48:13.751854,216,0,0,0,0,0
2026-08-13T03:48:13.751854,218,0,0,0,0,0
2026-08-13T03:48:13.752855,220,0,0,0,0,0
2026-08-13T03:48:13.756121,220,0,0,0,0,0
2026-08-13T03:48:13.756121,219,0,0,0,0,0
2026-08-13T03:48:13.757106,219,0,0,0,0,0
2026-08-13T03:48:13.758109,217,0,0,0,0,0
2026-08-13T03:48:13.760109,218,0,0,0,0,0
2026-08-13T03:48:13.761112,219,0,0,0,0,0
2026-08-13T03:48:13.761112,216,0,0,0,0,0
2026-08-13T03:48:13.763644,217,0,0,0,0,0
2026-08-13T03:48:13.764655,216,0,0,0,0,0
2026-08-13T03:48:13.765658,215,0,0,0,0,0
2026-08-13T03:48:13.767666,215,0,0,0,0,0
2026-08-13T03:48:13.768665,215,0,0,0,0,0
2026-08-13T03:48:13.768665,215,0,0,0,0,0
2026-08-13T03:48:13.769872,216,0,0,0,0,0
2026-08-13T03:48:13.771902,217,0,0,0,0,0
2026-08-13T03:48:13.772883,219,0,0,0,0,0
2026-08-13T03:48:13.773883,219,0,0,0,0,0
2026-08-13T03:48:13.776418,219,0,0,0,0,0
2026-08-13T03:48:13.777404,220,0,0,0,0,0
2026-08-13T03:48:13.777404,219,0,0,0,0,0
2026-08-13T03:48:13.778418,218,0,0,0,0,0
2026-08-13T03:48:13.780737,218,0,0,0,0,0
2026-08-13T03:48:13.780737,217,0,0,0,0,0
2026-08-13T03:48:13.781766,217,0,0,0,0,0
2026-08-13T03:48:13.784284,218,0,0,0,0,0
2026-08-13T03:48:13.785302,217,0,0,0,0,0
2026-08-13T03:48:13.786304,216,0,0,0,0,0
2026-08-13T03:48:13.786304,215,0,0,0,0,0
2026-08-13T03:48:13.788888,215,0,0,0,0,0
2026-08-13T03:48:13.788888,216,0,0,0,0,0
2026-08-13T03:48:13.789918,215,0,0,0,0,0
2026-08-13T03:48:13.792905,218,0,0,0,0,0
2026-08-13T03:48:13.793909,218,0,0,0,0,0
2026-08-13T03:48:13.794423,220,0,0,0,0,0
2026-08-13T03:48:13.796434,219,0,0,0,0,0
2026-08-13T03:48:13.797433,219,0,0,0,0,0
2026-08-13T03:48:13.797433,218,0,0,0,0,0
2026-08-13T03:48:13.798437,218,0,0,0,0,0
2026-08-13T03:48:13.800435,219,0,0,0,0,0
2026-08-13T03:48:13.801433,218,0,0,0,0,0
2026-08-13T03:48:13.802435,217,0,0,0,0,0
2026-08-13T03:48:13.804615,217,0,0,0,0,0
2026-08-13T03:48:13.805631,216,0,0,0,0,0
2026-08-13T03:48:13.806634,216,0,0,0,0,0
2026-08-13T03:48:13.806634,215,0,0,0,0,0
2026-08-13T03:48:13.808634,215,0,0,0,0,0
2026-08-13T03:48:13.809632,215,0,0,0,0,0
2026-08-13T03:48:13.810633,215,0,0,0,0,0
2026-08-13T03:48:13.812550,218,0,0,0,0,0
2026-08-13T03:48:13.814075,219,0,0,0,0,0
2026-08-13T03:48:13.814075,220,0,0,0,0,0
2026-08-13T03:48:13.815092,220,0,0,0,0,0
2026-08-13T03:48:13.817107,219,0,0,0,0,0
2026-08-13T03:48:13.818106,218,0,0,0,0,0
2026-08-13T03:48:13.818106,217,0,0,0,0,0
2026-08-13T03:48:13.821104,218,0,0,0,0,0
2026-08-13T03:48:13.822094,217,0,0,0,0,0
2026-08-13T03:48:13.822094,216,0,0,0,0,0
2026-08-13T03:48:13.823615,217,0,0,0,0,0
2026-08-13T03:48:13.825646,216,0,0,0,0,0
2026-08-13T03:48:13.825646,215,0,0,0,0,0
2026-08-13T03:48:13.826646,214,0,0,0,0,0
2026-08-13T03:48:13.829864,215,0,0,0,0,0
2026-08-13T03:48:13.829864,215,0,0,0,0,0
2026-08-13T03:48:13.830959,217,0,0,0,0,0
2026-08-13T03:48:13.833964,218,0,0,0,0,0
2026-08-13T03:48:13.833964,219,0,0,0,0,0
2026-08-13T03:48:13.835486,220,0,0,0,0,0
2026-08-13T03:48:13.835486,219,0,0,0,0,0
2026-08-13T03:48:13.838065,219,0,0,0,0,0
2026-08-13T03:48:13.838065,218,0,0,0,0,0
2026-08-13T03:48:13.839095,218,0,0,0,0,0
2026-08-13T03:48:13.842090,218,0,0,0,0,0
2026-08-13T03:48:13.842090,218,0,0,0,0,0
2026-08-13T03:48:13.842090,217,0,0,0,0,0
2026-08-13T03:48:13.843603,217,0,0,0,0,0
2026-08-13T03:48:13.845616,216,0,0,0,0,0
2026-08-13T03:48:13.846627,215,0,0,0,0,0
2026-08-13T03:48:13.847627,215,0,0,0,0,0
2026-08-13T03:48:13.849639,216,0,0,0,0,0
2026-08-13T03:48:13.850624,216,0,0,0,0,0
2026-08-13T03:48:13.850624,217,0,0,0,0,0
2026-08-13T03:48:13.851639,218,0,0,0,0,0
2026-08-13T03:48:13.854177,219,0,0,0,0,0
2026-08-13T03:48:13.855174,220,0,0,0,0,0
2026-08-13T03:48:13.855174,220,0,0,0,0,0
2026-08-13T03:48:13.858175,218,0,0,0,0,0
2026-08-13T03:48:13.859188,216,0,0,0,0,0
2026-08-13T03:48:13.859188,219,0,0,0,0,0
2026-08-13T03:48:13.862187,218,0,0,0,0,0
2026-08-13T03:48:13.863701,217,0,0,0,0,0
2026-08-13T03:48:13.863701,217,0,0,0,0,0
2026-08-13T03:48:13.864715,217,0,0,0,0,0
2026-08-13T03:48:13.866729,216,0,0,0,0,0
2026-08-13T03:48:13.866729,216,0,0,0,0,0
2026-08-13T03:48:13.867714,215,0,0,0,0,0
2026-08-13T03:48:13.870666,215,0,0,0,0,0
2026-08-13T03:48:13.870666,215,0,0,0,0,0
2026-08-13T03:48:13.871648,217,0,0,0,0,0
2026-08-13T03:48:13.872648,219,0,0,0,0,0
2026-08-13T03:48:13.874799,220,0,0,0,0,0
2026-08-13T03:48:13.874799,220,0,0,0,0,0
2026-08-13T03:48:13.875810,219,0,0,0,0,0
2026-08-13T03:48:13.878810,219,0,0,0,0,0
2026-08-13T03:48:13.878810,218,0,0,0,0,0
2026-08-13T03:48:13.879813,218,0,0,0,0,0
2026-08-13T03:48:13.879813,217,0,0,0,0,0
2026-08-13T03:48:13.882824,217,0,0,0,0,0
2026-08-13T03:48:13.882824,217,0,0,0,0,0
2026-08-13T03:48:13.883814,217,0,0,0,0,0
2026-08-13T03:48:13.886352,216,0,0,0,0,0
2026-08-13T03:48:13.887336,215,0,0,0,0,0
2026-08-13T03:48:13.888338,215,0,0,0,0,0
2026-08-13T03:48:13.888338,215,0,0,0,0,0
2026-08-13T03:48:13.891337,216,0,0,0,0,0
2026-08-13T03:48:13.891337,219,0,0,0,0,0
2026-08-13T03:48:13.892340,219,0,0,0,0,0
2026-08-13T03:48:13.894865,219,0,0,0,0,0
2026-08-13T03:48:13.895864,220,0,0,0,0,0
2026-08-13T03:48:13.895864,220,0,0,0,0,0
2026-08-13T03:48:13.898878,218,0,0,0,0,0
2026-08-13T03:48:13.899881,217,0,0,0,0,0
2026-08-13T03:48:13.900875,218,0,0,0,0,0
2026-08-13T03:48:13.900875,217,0,0,0,0,0
2026-08-13T03:48:13.902874,217,0,0,0,0,0
2026-08-13T03:48:13.904382,218,0,0,0,0,0
2026-08-13T03:48:13.904382,215,0,0,0,0,0
2026-08-13T03:48:13.906904,215,0,0,0,0,0
2026-08-13T03:48:13.907904,215,0,0,0,0,0
2026-08-13T03:48:13.907904,216,0,0,0,0,0
2026-08-13T03:48:13.907904,216,0,0,0,0,0
2026-08-13T03:48:13.911906,216,0,0,0,0,0
2026-08-13T03:48:13.911906,219,0,0,0,0,0
2026-08-13T03:48:13.911906,219,0,0,0,0,0
2026-08-13T03:48:13.915446,220,0,0,0,0,0
2026-08-13T03:48:13.916463,220,0,0,0,0,0
2026-08-13T03:48:13.917459,219,0,0,0,0,0
2026-08-13T03:48:13.917459,218,0,0,0,0,0
2026-08-13T03:48:13.919459,217,0,0,0,0,0
2026-08-13T03:48:13.920457,219,0,0,0,0,0
2026-08-13T03:48:13.920457,218,0,0,0,0,0
2026-08-13T03:48:13.923971,218,0,0,0,0,0
2026-08-13T03:48:13.923971,218,0,0,0,0,0
2026-08-13T03:48:13.924981,217,0,0,0,0,0
2026-08-13T03:48:13.927264,217,0,0,0,0,0
2026-08-13T03:48:13.928274,216,0,0,0,0,0
2026-08-13T03:48:13.928274,217,0,0,0,0,0
2026-08-13T03:48:13.928274,216,0,0,0,0,0
2026-08-13T03:48:13.932290,217,0,0,0,0,0
2026-08-13T03:48:13.932290,219,0,0,0,0,0
2026-08-13T03:48:13.932290,220,0,0,0,0,0
2026-08-13T03:48:13.935866,220,0,0,0,0,0
2026-08-13T03:48:13.936849,221,0,0,0,0,0
2026-08-13T03:48:13.936849,220,0,0,0,0,0
2026-08-13T03:48:13.936849,218,0,0,0,0,0
2026-08-13T03:48:13.939849,219,0,0,0,0,0
2026-08-13T03:48:13.940855,219,0,0,0,0,0
2026-08-13T03:48:13.940855,218,0,0,0,0,0
2026-08-13T03:48:13.944803,218,0,0,0,0,0
2026-08-13T03:48:13.944803,218,0,0,0,0,0
2026-08-13T03:48:13.944803,217,0,0,0,0,0
2026-08-13T03:48:13.946105,217,0,0,0,0,0
2026-08-13T03:48:13.948628,216,0,0,0,0,0
2026-08-13T03:48:13.948628,217,0,0,0,0,0
2026-08-13T03:48:13.949626,217,0,0,0,0,0
2026-08-13T03:48:13.952630,219,0,0,0,0,0
2026-08-13T03:48:13.952630,221,0,0,0,0,0
2026-08-13T03:48:13.953627,221,0,0,0,0,0
2026-08-13T03:48:13.953627,222,0,0,0,0,0
2026-08-13T03:48:13.956448,222,0,0,0,0,0
2026-08-13T03:48:13.957464,222,0,0,0,0,0
2026-08-13T03:48:13.958466,221,0,0,0,0,0
2026-08-13T03:48:13.960823,222,0,0,0,0,0
2026-08-13T03:48:13.961334,222,0,0,0,0,0
2026-08-13T03:48:13.961755,221,0,0,0,0,0
2026-08-13T03:48:13.964926,221,0,0,0,0,0
2026-08-13T03:48:13.964926,220,0,0,0,0,0
2026-08-13T03:48:13.964926,220,0,0,0,0,0
2026-08-13T03:48:13.965927,219,0,0,0,0,0
2026-08-13T03:48:13.968941,219,0,0,0,0,0
2026-08-13T03:48:13.968941,220,0,0,0,0,0
2026-08-13T03:48:13.969930,221,0,0,0,0,0
2026-08-13T03:48:13.972942,223,0,0,0,0,0
2026-08-13T03:48:13.973926,225,0,0,0,0,0
2026-08-13T03:48:13.974434,226,0,0,0,0,0
2026-08-13T03:48:13.974939,226,0,0,0,0,0
2026-08-13T03:48:13.977404,227,0,0,0,0,0
2026-08-13T03:48:13.977404,226,0,0,0,0,0
2026-08-13T03:48:13.978432,225,0,0,0,0,0
2026-08-13T03:48:13.981513,226,0,0,0,0,0
2026-08-13T03:48:13.981513,226,0,0,0,0,0
2026-08-13T03:48:13.982567,226,0,0,0,0,0
2026-08-13T03:48:13.982567,227,0,0,0,0,0
2026-08-13T03:48:13.984919,227,0,0,0,0,0
2026-08-13T03:48:13.985907,226,0,0,0,0,0
2026-08-13T03:48:13.985907,226,0,0,0,0,0
2026-08-13T03:48:13.988917,226,0,0,0,0,0
2026-08-13T03:48:13.989907,226,0,0,0,0,0
2026-08-13T03:48:13.990907,227,0,0,0,0,0
2026-08-13T03:48:13.991918,230,0,0,0,0,0
2026-08-13T03:48:13.993903,231,0,0,0,0,0
2026-08-13T03:48:13.994417,232,0,0,0,0,0
2026-08-13T03:48:13.994417,232,0,0,0,0,0
2026-08-13T03:48:13.997463,233,0,0,0,0,0
2026-08-13T03:48:13.998451,232,0,0,0,0,0
2026-08-13T03:48:13.998451,231,0,0,0,0,0
2026-08-13T03:48:14.001890,232,0,0,0,0,0
2026-08-13T03:48:14.001890,231,0,0,0,0,0
2026-08-13T03:48:14.002912,230,0,0,0,0,0
2026-08-13T03:48:14.002912,230,0,0,0,0,0
2026-08-13T03:48:14.005280,228,0,0,0,0,0
2026-08-13T03:48:14.006276,227,0,0,0,0,0
2026-08-13T03:48:14.007279,225,0,0,0,0,0
2026-08-13T03:48:14.009277,226,0,0,0,0,0
2026-08-13T03:48:14.010277,226,0,0,0,0,0
2026-08-13T03:48:14.011280,227,0,0,0,0,0
2026-08-13T03:48:14.012293,230,0,0,0,0,0
2026-08-13T03:48:14.013819,229,0,0,0,0,0
2026-08-13T03:48:14.013819,231,0,0,0,0,0
2026-08-13T03:48:14.014839,230,0,0,0,0,0
2026-08-13T03:48:14.018280,231,0,0,0,0,0
2026-08-13T03:48:14.018280,230,0,0,0,0,0
2026-08-13T03:48:14.019284,231,0,0,0,0,0
2026-08-13T03:48:14.019284,233,0,0,0,0,0
2026-08-13T03:48:14.022365,232,0,0,0,0,0
2026-08-13T03:48:14.022365,233,0,0,0,0,0
2026-08-13T03:48:14.023876,233,0,0,0,0,0
2026-08-13T03:48:14.025904,232,0,0,0,0,0
2026-08-13T03:48:14.026885,231,0,0,0,0,0
2026-08-13T03:48:14.026885,232,0,0,0,0,0
2026-08-13T03:48:14.029901,232,0,0,0,0,0
2026-08-13T03:48:14.030887,232,0,0,0,0,0
2026-08-13T03:48:14.030887,234,0,0,0,0,0
2026-08-13T03:48:14.031888,236,0,0,0,0,0
2026-08-13T03:48:14.033889,237,0,0,0,0,0
2026-08-13T03:48:14.035083,238,0,0,0,0,0
2026-08-13T03:48:14.035083,238,0,0,0,0,0
2026-08-13T03:48:14.038765,237,0,0,0,0,0
2026-08-13T03:48:14.038765,237,0,0,0,0,0
2026-08-13T03:48:14.039782,238,0,0,0,0,0
2026-08-13T03:48:14.039782,240,0,0,0,0,0
2026-08-13T03:48:14.042783,240,0,0,0,0,0
2026-08-13T03:48:14.042783,241,0,0,0,0,0
2026-08-13T03:48:14.043786,241,0,0,0,0,0
2026-08-13T03:48:14.046333,242,0,0,0,0,0
2026-08-13T03:48:14.047313,242,0,0,0,0,0
2026-08-13T03:48:14.047313,242,0,0,0,0,0
2026-08-13T03:48:14.048313,244,0,0,0,0,0
2026-08-13T03:48:14.050313,244,0,0,0,0,0
2026-08-13T03:48:14.051313,247,0,0,0,0,0
2026-08-13T03:48:14.052316,249,0,0,0,0,0
2026-08-13T03:48:14.054872,250,0,0,0,0,0
2026-08-13T03:48:14.055872,249,0,0,0,0,0
2026-08-13T03:48:14.055872,249,0,0,0,0,0
2026-08-13T03:48:14.056871,248,0,0,0,0,0
2026-08-13T03:48:14.058873,246,0,0,0,0,0
2026-08-13T03:48:14.059878,247,0,0,0,0,0
2026-08-13T03:48:14.059878,246,0,0,0,0,0
2026-08-13T03:48:14.063339,245,0,0,0,0,0
2026-08-13T03:48:14.063863,246,0,0,0,0,0
2026-08-13T03:48:14.063863,245,0,0,0,0,0
2026-08-13T03:48:14.067438,245,0,0,0,0,0
2026-08-13T03:48:14.067438,244,0,0,0,0,0
2026-08-13T03:48:14.068470,243,0,0,0,0,0
2026-08-13T03:48:14.069469,244,0,0,0,0,0
2026-08-13T03:48:14.071539,245,0,0,0,0,0
2026-08-13T03:48:14.071539,247,0,0,0,0,0
2026-08-13T03:48:14.072892,247,0,0,0,0,0
2026-08-13T03:48:14.074913,248,0,0,0,0,0
2026-08-13T03:48:14.076106,249,0,0,0,0,0
2026-08-13T03:48:14.077107,249,0,0,0,0,0
2026-08-13T03:48:14.077107,247,0,0,0,0,0
2026-08-13T03:48:14.079107,246,0,0,0,0,0
2026-08-13T03:48:14.080092,246,0,0,0,0,0
2026-08-13T03:48:14.080092,244,0,0,0,0,0
2026-08-13T03:48:14.083620,242,0,0,0,0,0
2026-08-13T03:48:14.084642,242,0,0,0,0,0
2026-08-13T03:48:14.084642,239,0,0,0,0,0
2026-08-13T03:48:14.085634,237,0,0,0,0,0
2026-08-13T03:48:14.087645,234,0,0,0,0,0
2026-08-13T03:48:14.088646,234,0,0,0,0,0
2026-08-13T03:48:14.088646,233,0,0,0,0,0
2026-08-13T03:48:14.091774,234,0,0,0,0,0
2026-08-13T03:48:14.091774,235,0,0,0,0,0
2026-08-13T03:48:14.092845,235,0,0,0,0,0
2026-08-13T03:48:14.095365,235,0,0,0,0,0
2026-08-13T03:48:14.096367,234,0,0,0,0,0
2026-08-13T03:48:14.096367,234,0,0,0,0,0
2026-08-13T03:48:14.097365,232,0,0,0,0,0
2026-08-13T03:48:14.099365,231,0,0,0,0,0
2026-08-13T03:48:14.100366,232,0,0,0,0,0
2026-08-13T03:48:14.100366,230,0,0,0,0,0
2026-08-13T03:48:14.103681,230,0,0,0,0,0
2026-08-13T03:48:14.104697,231,0,0,0,0,0
2026-08-13T03:48:14.104697,229,0,0,0,0,0
2026-08-13T03:48:14.105697,229,0,0,0,0,0
2026-08-13T03:48:14.107967,229,0,0,0,0,0
2026-08-13T03:48:14.108473,229,0,0,0,0,0
2026-08-13T03:48:14.108980,229,0,0,0,0,0
2026-08-13T03:48:14.111989,231,0,0,0,0,0
2026-08-13T03:48:14.113002,234,0,0,0,0,0
2026-08-13T03:48:14.113002,234,0,0,0,0,0
2026-08-13T03:48:14.113989,235,0,0,0,0,0
2026-08-13T03:48:14.116457,234,0,0,0,0,0
2026-08-13T03:48:14.116457,234,0,0,0,0,0
2026-08-13T03:48:14.117457,232,0,0,0,0,0
2026-08-13T03:48:14.120456,232,0,0,0,0,0
2026-08-13T03:48:14.120456,232,0,0,0,0,0
2026-08-13T03:48:14.121446,230,0,0,0,0,0
2026-08-13T03:48:14.121446,229,0,0,0,0,0
2026-08-13T03:48:14.123949,229,0,0,0,0,0
2026-08-13T03:48:14.125241,228,0,0,0,0,0
2026-08-13T03:48:14.125241,228,0,0,0,0,0
2026-08-13T03:48:14.127757,227,0,0,0,0,0
2026-08-13T03:48:14.128980,228,0,0,0,0,0
2026-08-13T03:48:14.128980,228,0,0,0,0,0
2026-08-13T03:48:14.132999,231,0,0,0,0,0
2026-08-13T03:48:14.132999,233,0,0,0,0,0
2026-08-13T03:48:14.132999,233,0,0,0,0,0
2026-08-13T03:48:14.133988,235,0,0,0,0,0
2026-08-13T03:48:14.137074,235,0,0,0,0,0
2026-08-13T03:48:14.137074,236,0,0,0,0,0
2026-08-13T03:48:14.138075,234,0,0,0,0,0
2026-08-13T03:48:14.141225,235,0,0,0,0,0
2026-08-13T03:48:14.141225,235,0,0,0,0,0
2026-08-13T03:48:14.141225,236,0,0,0,0,0
2026-08-13T03:48:14.142233,236,0,0,0,0,0
2026-08-13T03:48:14.144761,235,0,0,0,0,0
2026-08-13T03:48:14.145776,235,0,0,0,0,0
2026-08-13T03:48:14.145776,234,0,0,0,0,0
2026-08-13T03:48:14.148780,234,0,0,0,0,0
2026-08-13T03:48:14.149774,233,0,0,0,0,0
2026-08-13T03:48:14.149774,233,0,0,0,0,0
2026-08-13T03:48:14.150759,234,0,0,0,0,0
2026-08-13T03:48:14.152773,235,0,0,0,0,0
2026-08-13T03:48:14.153759,235,0,0,0,0,0
2026-08-13T03:48:14.153759,234,0,0,0,0,0
2026-08-13T03:48:14.157207,233,0,0,0,0,0
2026-08-13T03:48:14.157207,231,0,0,0,0,0
2026-08-13T03:48:14.158231,231,0,0,0,0,0
2026-08-13T03:48:14.161207,230,0,0,0,0,0
2026-08-13T03:48:14.161207,229,0,0,0,0,0
2026-08-13T03:48:14.162206,228,0,0,0,0,0
2026-08-13T03:48:14.162206,228,0,0,0,0,0
2026-08-13T03:48:14.165720,227,0,0,0,0,0
2026-08-13T03:48:14.165720,226,0,0,0,0,0
2026-08-13T03:48:14.165720,225,0,0,0,0,0
2026-08-13T03:48:14.169727,226,0,0,0,0,0
2026-08-13T03:48:14.169727,226,0,0,0,0,0
2026-08-13T03:48:14.170727,227,0,0,0,0,0
2026-08-13T03:48:14.170727,230,0,0,0,0,0
2026-08-13T03:48:14.173727,231,0,0,0,0,0
2026-08-13T03:48:14.174234,232,0,0,0,0,0
2026-08-13T03:48:14.175241,232,0,0,0,0,0
2026-08-13T03:48:14.177252,232,0,0,0,0,0
2026-08-13T03:48:14.178329,231,0,0,0,0,0
2026-08-13T03:48:14.178329,230,0,0,0,0,0
2026-08-13T03:48:14.179343,230,0,0,0,0,0
2026-08-13T03:48:14.181402,230,0,0,0,0,0
2026-08-13T03:48:14.182341,230,0,0,0,0,0
2026-08-13T03:48:14.182341,230,0,0,0,0,0
2026-08-13T03:48:14.184879,229,0,0,0,0,0
2026-08-13T03:48:14.186897,228,0,0,0,0,0
2026-08-13T03:48:14.186897,227,0,0,0,0,0
2026-08-13T03:48:14.187919,227,0,0,0,0,0
2026-08-13T03:48:14.190202,228,0,0,0,0,0
2026-08-13T03:48:14.191178,229,0,0,0,0,0
2026-08-13T03:48:14.192178,231,0,0,0,0,0
2026-08-13T03:48:14.193711,231,0,0,0,0,0
2026-08-13T03:48:14.194729,232,0,0,0,0,0
2026-08-13T03:48:14.195729,231,0,0,0,0,0
2026-08-13T03:48:14.197743,231,0,0,0,0,0
2026-08-13T03:48:14.198729,230,0,0,0,0,0
2026-08-13T03:48:14.198729,230,0,0,0,0,0
2026-08-13T03:48:14.199729,230,0,0,0,0,0
2026-08-13T03:48:14.201744,229,0,0,0,0,0
2026-08-13T03:48:14.202729,230,0,0,0,0,0
2026-08-13T03:48:14.203730,229,0,0,0,0,0
2026-08-13T03:48:14.206263,229,0,0,0,0,0
2026-08-13T03:48:14.207248,228,0,0,0,0,0
2026-08-13T03:48:14.208245,228,0,0,0,0,0
2026-08-13T03:48:14.208245,228,0,0,0,0,0
2026-08-13T03:48:14.210542,228,0,0,0,0,0
2026-08-13T03:48:14.211047,229,0,0,0,0,0
2026-08-13T03:48:14.211047,232,0,0,0,0,0
2026-08-13T03:48:14.214810,232,0,0,0,0,0
2026-08-13T03:48:14.214810,232,0,0,0,0,0
2026-08-13T03:48:14.215817,231,0,0,0,0,0
2026-08-13T03:48:14.216827,231,0,0,0,0,0
2026-08-13T03:48:14.218840,230,0,0,0,0,0
2026-08-13T03:48:14.218840,230,0,0,0,0,0
2026-08-13T03:48:14.218840,231,0,0,0,0,0
2026-08-13T03:48:14.222899,230,0,0,0,0,0
2026-08-13T03:48:14.222899,230,0,0,0,0,0
2026-08-13T03:48:14.224398,229,0,0,0,0,0
2026-08-13T03:48:14.224398,229,0,0,0,0,0
2026-08-13T03:48:14.227165,228,0,0,0,0,0
2026-08-13T03:48:14.227165,228,0,0,0,0,0
2026-08-13T03:48:14.228201,228,0,0,0,0,0
2026-08-13T03:48:14.230623,228,0,0,0,0,0
2026-08-13T03:48:14.231609,230,0,0,0,0,0
2026-08-13T03:48:14.231609,231,0,0,0,0,0
2026-08-13T03:48:14.235169,231,0,0,0,0,0
2026-08-13T03:48:14.236147,231,0,0,0,0,0
2026-08-13T03:48:14.236147,232,0,0,0,0,0
2026-08-13T03:48:14.237147,232,0,0,0,0,0
2026-08-13T03:48:14.239157,230,0,0,0,0,0
2026-08-13T03:48:14.240156,231,0,0,0,0,0
2026-08-13T03:48:14.241147,231,0,0,0,0,0
2026-08-13T03:48:14.243660,230,0,0,0,0,0
2026-08-13T03:48:14.243660,231,0,0,0,0,0
2026-08-13T03:48:14.244671,230,0,0,0,0,0
2026-08-13T03:48:14.245671,229,0,0,0,0,0
2026-08-13T03:48:14.247665,227,0,0,0,0,0
2026-08-13T03:48:14.247665,228,0,0,0,0,0
2026-08-13T03:48:14.248683,228,0,0,0,0,0
2026-08-13T03:48:14.250697,229,0,0,0,0,0
2026-08-13T03:48:14.251999,231,0,0,0,0,0
2026-08-13T03:48:14.251999,232,0,0,0,0,0
2026-08-13T03:48:14.253293,233,0,0,0,0,0
2026-08-13T03:48:14.255839,233,0,0,0,0,0
2026-08-13T03:48:14.255839,234,0,0,0,0,0
2026-08-13T03:48:14.256824,233,0,0,0,0,0
2026-08-13T03:48:14.259808,231,0,0,0,0,0
2026-08-13T03:48:14.259808,232,0,0,0,0,0
2026-08-13T03:48:14.260812,232,0,0,0,0,0
2026-08-13T03:48:14.263822,231,0,0,0,0,0
2026-08-13T03:48:14.263822,231,0,0,0,0,0
2026-08-13T03:48:14.265039,229,0,0,0,0,0
2026-08-13T03:48:14.266042,230,0,0,0,0,0
2026-08-13T03:48:14.268103,228,0,0,0,0,0
2026-08-13T03:48:14.268103,229,0,0,0,0,0
2026-08-13T03:48:14.269118,229,0,0,0,0,0
2026-08-13T03:48:14.272229,230,0,0,0,0,0
2026-08-13T03:48:14.272229,232,0,0,0,0,0
2026-08-13T03:48:14.273238,233,0,0,0,0,0
2026-08-13T03:48:14.273744,234,0,0,0,0,0
2026-08-13T03:48:14.276312,233,0,0,0,0,0
2026-08-13T03:48:14.276312,234,0,0,0,0,0
2026-08-13T03:48:14.277290,232,0,0,0,0,0
2026-08-13T03:48:14.279934,231,0,0,0,0,0
2026-08-13T03:48:14.280933,233,0,0,0,0,0
2026-08-13T03:48:14.280933,232,0,0,0,0,0
2026-08-13T03:48:14.285154,231,0,0,0,0,0
2026-08-13T03:48:14.286131,231,0,0,0,0,0
2026-08-13T03:48:14.287131,231,0,0,0,0,0
2026-08-13T03:48:14.287131,230,0,0,0,0,0
2026-08-13T03:48:14.288131,230,0,0,0,0,0
2026-08-13T03:48:14.289129,230,0,0,0,0,0
2026-08-13T03:48:14.289129,229,0,0,0,0,0
2026-08-13T03:48:14.291496,232,0,0,0,0,0
2026-08-13T03:48:14.291496,234,0,0,0,0,0
2026-08-13T03:48:14.292992,234,0,0,0,0,0
2026-08-13T03:48:14.292992,235,0,0,0,0,0
2026-08-13T03:48:14.296015,233,0,0,0,0,0
2026-08-13T03:48:14.297015,234,0,0,0,0,0
2026-08-13T03:48:14.297015,232,0,0,0,0,0
2026-08-13T03:48:14.300015,233,0,0,0,0,0
2026-08-13T03:48:14.301014,233,0,0,0,0,0
2026-08-13T03:48:14.301014,231,0,0,0,0,0
2026-08-13T03:48:14.302014,233,0,0,0,0,0
2026-08-13T03:48:14.304615,232,0,0,0,0,0
2026-08-13T03:48:14.304615,231,0,0,0,0,0
2026-08-13T03:48:14.305986,230,0,0,0,0,0
2026-08-13T03:48:14.309000,230,0,0,0,0,0
2026-08-13T03:48:14.309000,230,0,0,0,0,0
2026-08-13T03:48:14.309986,230,0,0,0,0,0
2026-08-13T03:48:14.309986,232,0,0,0,0,0
2026-08-13T03:48:14.313025,234,0,0,0,0,0
2026-08-13T03:48:14.313025,233,0,0,0,0,0
2026-08-13T03:48:14.314056,235,0,0,0,0,0
2026-08-13T03:48:14.317239,234,0,0,0,0,0
2026-08-13T03:48:14.317239,234,0,0,0,0,0
2026-08-13T03:48:14.318265,233,0,0,0,0,0
2026-08-13T03:48:14.319265,232,0,0,0,0,0
2026-08-13T03:48:14.321260,233,0,0,0,0,0
2026-08-13T03:48:14.322260,232,0,0,0,0,0
2026-08-13T03:48:14.322260,232,0,0,0,0,0
2026-08-13T03:48:14.324777,231,0,0,0,0,0
2026-08-13T03:48:14.325940,231,0,0,0,0,0
2026-08-13T03:48:14.325940,232,0,0,0,0,0
2026-08-13T03:48:14.329448,230,0,0,0,0,0
2026-08-13T03:48:14.330428,230,0,0,0,0,0
2026-08-13T03:48:14.331430,230,0,0,0,0,0
2026-08-13T03:48:14.331430,232,0,0,0,0,0
2026-08-13T03:48:14.333654,233,0,0,0,0,0
2026-08-13T03:48:14.333654,234,0,0,0,0,0
2026-08-13T03:48:14.333654,235,0,0,0,0,0
2026-08-13T03:48:14.337422,234,0,0,0,0,0
2026-08-13T03:48:14.337422,234,0,0,0,0,0
2026-08-13T03:48:14.338591,232,0,0,0,0,0
2026-08-13T03:48:14.338591,234,0,0,0,0,0
2026-08-13T03:48:14.341646,233,0,0,0,0,0
2026-08-13T03:48:14.341646,233,0,0,0,0,0
2026-08-13T03:48:14.342652,232,0,0,0,0,0
2026-08-13T03:48:14.345431,231,0,0,0,0,0
2026-08-13T03:48:14.345431,231,0,0,0,0,0
2026-08-13T03:48:14.346488,230,0,0,0,0,0
2026-08-13T03:48:14.346488,230,0,0,0,0,0
2026-08-13T03:48:14.349216,230,0,0,0,0,0
2026-08-13T03:48:14.350223,231,0,0,0,0,0
2026-08-13T03:48:14.350223,233,0,0,0,0,0
2026-08-13T03:48:14.353798,234,0,0,0,0,0
2026-08-13T03:48:14.353798,235,0,0,0,0,0
2026-08-13T03:48:14.353798,235,0,0,0,0,0
2026-08-13T03:48:14.353798,234,0,0,0,0,0
2026-08-13T03:48:14.357904,234,0,0,0,0,0
2026-08-13T03:48:14.357904,232,0,0,0,0,0
2026-08-13T03:48:14.358910,234,0,0,0,0,0
2026-08-13T03:48:14.361454,233,0,0,0,0,0
2026-08-13T03:48:14.362475,232,0,0,0,0,0
2026-08-13T03:48:14.362475,232,0,0,0,0,0
2026-08-13T03:48:14.366296,231,0,0,0,0,0
2026-08-13T03:48:14.366296,231,0,0,0,0,0
2026-08-13T03:48:14.366296,230,0,0,0,0,0
2026-08-13T03:48:14.366296,230,0,0,0,0,0
2026-08-13T03:48:14.369997,230,0,0,0,0,0
2026-08-13T03:48:14.369997,232,0,0,0,0,0
2026-08-13T03:48:14.369997,234,0,0,0,0,0
2026-08-13T03:48:14.374007,234,0,0,0,0,0
2026-08-13T03:48:14.374007,235,0,0,0,0,0
2026-08-13T03:48:14.375543,234,0,0,0,0,0
2026-08-13T03:48:14.375543,234,0,0,0,0,0
2026-08-13T03:48:14.378435,233,0,0,0,0,0
2026-08-13T03:48:14.378435,232,0,0,0,0,0
2026-08-13T03:48:14.379440,233,0,0,0,0,0
2026-08-13T03:48:14.382099,232,0,0,0,0,0
2026-08-13T03:48:14.382099,232,0,0,0,0,0
2026-08-13T03:48:14.383417,231,0,0,0,0,0
2026-08-13T03:48:14.383923,231,0,0,0,0,0
2026-08-13T03:48:14.386327,230,0,0,0,0,0
2026-08-13T03:48:14.387343,230,0,0,0,0,0
2026-08-13T03:48:14.387343,230,0,0,0,0,0
2026-08-13T03:48:14.390346,230,0,0,0,0,0
2026-08-13T03:48:14.391344,231,0,0,0,0,0
2026-08-13T03:48:14.391344,234,0,0,0,0,0
2026-08-13T03:48:14.393875,233,0,0,0,0,0
2026-08-13T03:48:14.395365,234,0,0,0,0,0
2026-08-13T03:48:14.395365,233,0,0,0,0,0
2026-08-13T03:48:14.396378,233,0,0,0,0,0
2026-08-13T03:48:14.398668,231,0,0,0,0,0
2026-08-13T03:48:14.399812,232,0,0,0,0,0
2026-08-13T03:48:14.399812,232,0,0,0,0,0
2026-08-13T03:48:14.403288,231,0,0,0,0,0
2026-08-13T03:48:14.403288,231,0,0,0,0,0
2026-08-13T03:48:14.403794,231,0,0,0,0,0
2026-08-13T03:48:14.403794,231,0,0,0,0,0
2026-08-13T03:48:14.407014,230,0,0,0,0,0
2026-08-13T03:48:14.407014,229,0,0,0,0,0
2026-08-13T03:48:14.408149,229,0,0,0,0,0
2026-08-13T03:48:14.411275,229,0,0,0,0,0
2026-08-13T03:48:14.411275,231,0,0,0,0,0
2026-08-13T03:48:14.412292,233,0,0,0,0,0
2026-08-13T03:48:14.413799,233,0,0,0,0,0
2026-08-13T03:48:14.415079,233,0,0,0,0,0
2026-08-13T03:48:14.415079,234,0,0,0,0,0
2026-08-13T03:48:14.416342,233,0,0,0,0,0
2026-08-13T03:48:14.419114,232,0,0,0,0,0
2026-08-13T03:48:14.419114,232,0,0,0,0,0
2026-08-13T03:48:14.419114,233,0,0,0,0,0
2026-08-13T03:48:14.420575,232,0,0,0,0,0
2026-08-13T03:48:14.423712,232,0,0,0,0,0
2026-08-13T03:48:14.423712,232,0,0,0,0,0
2026-08-13T03:48:14.423712,231,0,0,0,0,0
2026-08-13T03:48:14.426742,230,0,0,0,0,0
2026-08-13T03:48:14.426742,230,0,0,0,0,0
2026-08-13T03:48:14.428268,231,0,0,0,0,0
2026-08-13T03:48:14.431590,229,0,0,0,0,0
2026-08-13T03:48:14.431590,232,0,0,0,0,0
2026-08-13T03:48:14.432592,234,0,0,0,0,0
2026-08-13T03:48:14.432592,234,0,0,0,0,0
2026-08-13T03:48:14.434658,234,0,0,0,0,0
2026-08-13T03:48:14.436139,235,0,0,0,0,0
2026-08-13T03:48:14.436139,234,0,0,0,0,0
2026-08-13T03:48:14.439791,233,0,0,0,0,0
2026-08-13T03:48:14.439791,234,0,0,0,0,0
2026-08-13T03:48:14.439791,234,0,0,0,0,0
2026-08-13T03:48:14.441254,233,0,0,0,0,0
2026-08-13T03:48:14.444375,233,0,0,0,0,0
2026-08-13T03:48:14.444375,232,0,0,0,0,0
2026-08-13T03:48:14.444375,231,0,0,0,0,0
2026-08-13T03:48:14.448357,231,0,0,0,0,0
2026-08-13T03:48:14.448357,232,0,0,0,0,0
2026-08-13T03:48:14.448357,232,0,0,0,0,0
2026-08-13T03:48:14.449371,233,0,0,0,0,0
2026-08-13T03:48:14.452091,235,0,0,0,0,0
2026-08-13T03:48:14.452091,237,0,0,0,0,0
2026-08-13T03:48:14.452091,238,0,0,0,0,0
2026-08-13T03:48:14.456539,238,0,0,0,0,0
2026-08-13T03:48:14.456539,238,0,0,0,0,0
2026-08-13T03:48:14.456539,237,0,0,0,0,0
2026-08-13T03:48:14.457555,236,0,0,0,0,0
2026-08-13T03:48:14.460568,237,0,0,0,0,0
2026-08-13T03:48:14.460568,236,0,0,0,0,0
2026-08-13T03:48:14.460568,235,0,0,0,0,0
2026-08-13T03:48:14.464626,234,0,0,0,0,0
2026-08-13T03:48:14.464626,233,0,0,0,0,0
2026-08-13T03:48:14.465614,232,0,0,0,0,0
2026-08-13T03:48:14.468419,231,0,0,0,0,0
2026-08-13T03:48:14.468992,231,0,0,0,0,0
2026-08-13T03:48:14.468992,229,0,0,0,0,0
2026-08-13T03:48:14.469998,229,0,0,0,0,0
2026-08-13T03:48:14.472946,230,0,0,0,0,0
2026-08-13T03:48:14.472946,229,0,0,0,0,0
2026-08-13T03:48:14.472946,227,0,0,0,0,0
2026-08-13T03:48:14.476466,224,0,0,0,0,0
2026-08-13T03:48:14.477469,223,0,0,0,0,0
2026-08-13T03:48:14.477469,219,0,0,0,0,0
2026-08-13T03:48:14.478470,218,0,0,0,0,0
2026-08-13T03:48:14.480479,218,0,0,0,0,0
2026-08-13T03:48:14.481467,215,0,0,0,0,0
2026-08-13T03:48:14.481467,214,0,0,0,0,0
2026-08-13T03:48:14.485025,213,0,0,0,0,0
2026-08-13T03:48:14.485025,212,0,0,0,0,0
2026-08-13T03:48:14.486027,210,0,0,0,0,0
2026-08-13T03:48:14.486027,208,0,0,0,0,0
2026-08-13T03:48:14.489315,208,0,0,0,0,0
2026-08-13T03:48:14.489315,206,0,0,0,0,0
2026-08-13T03:48:14.490364,208,0,0,0,0,0
2026-08-13T03:48:14.492524,209,0,0,0,0,0
2026-08-13T03:48:14.494045,207,0,0,0,0,0
2026-08-13T03:48:14.494045,208,0,0,0,0,0
2026-08-13T03:48:14.497078,208,0,0,0,0,0
2026-08-13T03:48:14.498063,208,0,0,0,0,0
2026-08-13T03:48:14.498063,206,0,0,0,0,0
2026-08-13T03:48:14.499061,206,0,0,0,0,0
2026-08-13T03:48:14.501078,206,0,0,0,0,0
2026-08-13T03:48:14.502063,206,0,0,0,0,0
2026-08-13T03:48:14.502063,206,0,0,0,0,0
2026-08-13T03:48:14.504582,205,0,0,0,0,0
2026-08-13T03:48:14.506015,205,0,0,0,0,0
2026-08-13T03:48:14.506015,203,0,0,0,0,0
2026-08-13T03:48:14.507022,203,0,0,0,0,0
2026-08-13T03:48:14.509024,203,0,0,0,0,0
2026-08-13T03:48:14.510024,203,0,0,0,0,0
2026-08-13T03:48:14.511027,206,0,0,0,0,0
2026-08-13T03:48:14.513567,208,0,0,0,0,0
2026-08-13T03:48:14.513567,209,0,0,0,0,0
2026-08-13T03:48:14.514588,210,0,0,0,0,0
2026-08-13T03:48:14.514588,210,0,0,0,0,0
2026-08-13T03:48:14.517990,209,0,0,0,0,0
2026-08-13T03:48:14.517990,208,0,0,0,0,0
2026-08-13T03:48:14.519008,209,0,0,0,0,0
2026-08-13T03:48:14.522148,209,0,0,0,0,0
2026-08-13T03:48:14.522148,209,0,0,0,0,0
2026-08-13T03:48:14.522148,208,0,0,0,0,0
2026-08-13T03:48:14.522148,208,0,0,0,0,0
2026-08-13T03:48:14.526053,207,0,0,0,0,0
2026-08-13T03:48:14.527052,206,0,0,0,0,0
2026-08-13T03:48:14.527052,205,0,0,0,0,0
2026-08-13T03:48:14.530047,205,0,0,0,0,0
2026-08-13T03:48:14.530047,206,0,0,0,0,0
2026-08-13T03:48:14.531051,208,0,0,0,0,0
2026-08-13T03:48:14.533580,208,0,0,0,0,0
2026-08-13T03:48:14.534600,209,0,0,0,0,0
2026-08-13T03:48:14.535606,208,0,0,0,0,0
2026-08-13T03:48:14.535606,208,0,0,0,0,0
2026-08-13T03:48:14.537641,206,0,0,0,0,0
2026-08-13T03:48:14.538616,205,0,0,0,0,0
2026-08-13T03:48:14.538616,206,0,0,0,0,0
2026-08-13T03:48:14.542628,205,0,0,0,0,0
2026-08-13T03:48:14.542628,204,0,0,0,0,0
2026-08-13T03:48:14.543623,204,0,0,0,0,0
2026-08-13T03:48:14.544136,203,0,0,0,0,0
2026-08-13T03:48:14.546150,202,0,0,0,0,0
2026-08-13T03:48:14.547145,201,0,0,0,0,0
2026-08-13T03:48:14.547145,201,0,0,0,0,0
2026-08-13T03:48:14.550145,200,0,0,0,0,0
2026-08-13T03:48:14.551144,201,0,0,0,0,0
2026-08-13T03:48:14.551144,204,0,0,0,0,0
2026-08-13T03:48:14.551144,205,0,0,0,0,0
2026-08-13T03:48:14.554698,205,0,0,0,0,0
2026-08-13T03:48:14.554698,203,0,0,0,0,0
2026-08-13T03:48:14.554698,203,0,0,0,0,0
2026-08-13T03:48:14.558680,202,0,0,0,0,0
2026-08-13T03:48:14.558680,201,0,0,0,0,0
2026-08-13T03:48:14.559679,202,0,0,0,0,0
2026-08-13T03:48:14.562679,200,0,0,0,0,0
2026-08-13T03:48:14.562679,200,0,0,0,0,0
2026-08-13T03:48:14.563677,200,0,0,0,0,0
2026-08-13T03:48:14.564182,199,0,0,0,0,0
2026-08-13T03:48:14.567191,199,0,0,0,0,0
2026-08-13T03:48:14.567191,199,0,0,0,0,0
2026-08-13T03:48:14.567191,199,0,0,0,0,0
2026-08-13T03:48:14.571223,199,0,0,0,0,0
2026-08-13T03:48:14.571223,200,0,0,0,0,0
2026-08-13T03:48:14.571223,202,0,0,0,0,0
2026-08-13T03:48:14.572240,204,0,0,0,0,0
2026-08-13T03:48:14.574309,205,0,0,0,0,0
2026-08-13T03:48:14.575765,204,0,0,0,0,0
2026-08-13T03:48:14.575765,204,0,0,0,0,0
2026-08-13T03:48:14.579245,203,0,0,0,0,0
2026-08-13T03:48:14.579245,203,0,0,0,0,0
2026-08-13T03:48:14.580228,204,0,0,0,0,0
2026-08-13T03:48:14.580228,203,0,0,0,0,0
2026-08-13T03:48:14.582227,202,0,0,0,0,0
2026-08-13T03:48:14.583732,202,0,0,0,0,0
2026-08-13T03:48:14.583732,201,0,0,0,0,0
2026-08-13T03:48:14.587737,200,0,0,0,0,0
2026-08-13T03:48:14.587737,199,0,0,0,0,0
2026-08-13T03:48:14.588739,199,0,0,0,0,0
2026-08-13T03:48:14.588739,199,0,0,0,0,0
2026-08-13T03:48:14.591739,201,0,0,0,0,0
2026-08-13T03:48:14.591739,202,0,0,0,0,0
2026-08-13T03:48:14.592741,202,0,0,0,0,0
2026-08-13T03:48:14.594912,202,0,0,0,0,0
2026-08-13T03:48:14.595912,201,0,0,0,0,0
2026-08-13T03:48:14.595912,200,0,0,0,0,0
2026-08-13T03:48:14.599913,199,0,0,0,0,0
2026-08-13T03:48:14.599913,198,0,0,0,0,0
2026-08-13T03:48:14.600911,198,0,0,0,0,0
2026-08-13T03:48:14.600911,197,0,0,0,0,0
2026-08-13T03:48:14.603910,197,0,0,0,0,0
2026-08-13T03:48:14.604416,196,0,0,0,0,0
2026-08-13T03:48:14.604416,196,0,0,0,0,0
2026-08-13T03:48:14.607426,195,0,0,0,0,0
2026-08-13T03:48:14.608426,195,0,0,0,0,0
2026-08-13T03:48:14.609426,195,0,0,0,0,0
2026-08-13T03:48:14.609426,195,0,0,0,0,0
2026-08-13T03:48:14.611445,198,0,0,0,0,0
2026-08-13T03:48:14.612424,199,0,0,0,0,0
2026-08-13T03:48:14.612424,199,0,0,0,0,0
2026-08-13T03:48:14.616289,200,0,0,0,0,0
2026-08-13T03:48:14.616289,199,0,0,0,0,0
2026-08-13T03:48:14.617306,198,0,0,0,0,0
2026-08-13T03:48:14.617306,198,0,0,0,0,0
2026-08-13T03:48:14.620388,198,0,0,0,0,0
2026-08-13T03:48:14.620388,197,0,0,0,0,0
2026-08-13T03:48:14.620388,197,0,0,0,0,0
2026-08-13T03:48:14.624043,197,0,0,0,0,0
2026-08-13T03:48:14.625056,196,0,0,0,0,0
2026-08-13T03:48:14.626066,195,0,0,0,0,0
2026-08-13T03:48:14.628067,194,0,0,0,0,0
2026-08-13T03:48:14.629065,194,0,0,0,0,0
2026-08-13T03:48:14.629065,195,0,0,0,0,0
2026-08-13T03:48:14.630067,195,0,0,0,0,0
2026-08-13T03:48:14.632071,198,0,0,0,0,0
2026-08-13T03:48:14.632071,199,0,0,0,0,0
2026-08-13T03:48:14.633593,199,0,0,0,0,0
2026-08-13T03:48:14.636623,200,0,0,0,0,0
2026-08-13T03:48:14.636623,200,0,0,0,0,0
2026-08-13T03:48:14.637610,199,0,0,0,0,0
2026-08-13T03:48:14.638613,198,0,0,0,0,0
2026-08-13T03:48:14.640916,199,0,0,0,0,0
2026-08-13T03:48:14.641935,199,0,0,0,0,0
2026-08-13T03:48:14.641935,198,0,0,0,0,0
2026-08-13T03:48:14.644442,197,0,0,0,0,0
2026-08-13T03:48:14.644442,197,0,0,0,0,0
2026-08-13T03:48:14.645907,197,0,0,0,0,0
2026-08-13T03:48:14.645907,196,0,0,0,0,0
2026-08-13T03:48:14.648921,196,0,0,0,0,0
2026-08-13T03:48:14.648921,195,0,0,0,0,0
2026-08-13T03:48:14.649920,197,0,0,0,0,0
2026-08-13T03:48:14.652947,199,0,0,0,0,0
2026-08-13T03:48:14.653925,200,0,0,0,0,0
2026-08-13T03:48:14.653925,200,0,0,0,0,0
2026-08-13T03:48:14.655309,199,0,0,0,0,0
2026-08-13T03:48:14.657304,199,0,0,0,0,0
2026-08-13T03:48:14.658318,200,0,0,0,0,0
2026-08-13T03:48:14.658318,200,0,0,0,0,0
2026-08-13T03:48:14.661340,201,0,0,0,0,0
2026-08-13T03:48:14.661340,199,0,0,0,0,0
2026-08-13T03:48:14.662372,200,0,0,0,0,0
2026-08-13T03:48:14.665351,201,0,0,0,0,0
2026-08-13T03:48:14.666363,201,0,0,0,0,0
2026-08-13T03:48:14.667362,200,0,0,0,0,0
2026-08-13T03:48:14.667362,200,0,0,0,0,0
2026-08-13T03:48:14.669368,201,0,0,0,0,0
2026-08-13T03:48:14.669368,202,0,0,0,0,0
2026-08-13T03:48:14.670361,204,0,0,0,0,0
2026-08-13T03:48:14.672361,207,0,0,0,0,0
2026-08-13T03:48:14.674881,206,0,0,0,0,0
2026-08-13T03:48:14.674881,207,0,0,0,0,0
2026-08-13T03:48:14.676395,208,0,0,0,0,0
2026-08-13T03:48:14.677408,207,0,0,0,0,0
2026-08-13T03:48:14.678408,205,0,0,0,0,0
2026-08-13T03:48:14.678408,206,0,0,0,0,0
2026-08-13T03:48:14.681419,206,0,0,0,0,0
2026-08-13T03:48:14.682411,205,0,0,0,0,0
2026-08-13T03:48:14.682411,206,0,0,0,0,0
2026-08-13T03:48:14.682411,205,0,0,0,0,0
2026-08-13T03:48:14.685937,204,0,0,0,0,0
2026-08-13T03:48:14.685937,202,0,0,0,0,0
2026-08-13T03:48:14.686947,201,0,0,0,0,0
2026-08-13T03:48:14.689916,202,0,0,0,0,0
2026-08-13T03:48:14.689916,202,0,0,0,0,0
2026-08-13T03:48:14.691650,203,0,0,0,0,0
2026-08-13T03:48:14.692155,206,0,0,0,0,0
2026-08-13T03:48:14.694054,206,0,0,0,0,0
2026-08-13T03:48:14.694594,207,0,0,0,0,0
2026-08-13T03:48:14.694594,208,0,0,0,0,0
2026-08-13T03:48:14.698071,208,0,0,0,0,0
2026-08-13T03:48:14.699091,207,0,0,0,0,0
2026-08-13T03:48:14.699091,208,0,0,0,0,0
2026-08-13T03:48:14.702196,209,0,0,0,0,0
2026-08-13T03:48:14.702196,209,0,0,0,0,0
2026-08-13T03:48:14.702196,210,0,0,0,0,0
2026-08-13T03:48:14.703703,209,0,0,0,0,0
2026-08-13T03:48:14.706414,210,0,0,0,0,0
2026-08-13T03:48:14.706414,209,0,0,0,0,0
2026-08-13T03:48:14.707431,210,0,0,0,0,0
2026-08-13T03:48:14.710432,211,0,0,0,0,0
2026-08-13T03:48:14.710432,210,0,0,0,0,0
2026-08-13T03:48:14.710432,213,0,0,0,0,0
2026-08-13T03:48:14.711436,214,0,0,0,0,0
2026-08-13T03:48:14.713971,215,0,0,0,0,0
2026-08-13T03:48:14.714989,215,0,0,0,0,0
2026-08-13T03:48:14.714989,214,0,0,0,0,0
2026-08-13T03:48:14.717988,213,0,0,0,0,0
2026-08-13T03:48:14.718987,211,0,0,0,0,0
2026-08-13T03:48:14.718987,213,0,0,0,0,0
2026-08-13T03:48:14.719988,212,0,0,0,0,0
2026-08-13T03:48:14.722003,211,0,0,0,0,0
2026-08-13T03:48:14.722987,212,0,0,0,0,0
2026-08-13T03:48:14.723992,211,0,0,0,0,0
2026-08-13T03:48:14.726771,210,0,0,0,0,0
2026-08-13T03:48:14.726771,210,0,0,0,0,0
2026-08-13T03:48:14.727757,210,0,0,0,0,0
2026-08-13T03:48:14.730754,209,0,0,0,0,0
2026-08-13T03:48:14.730754,210,0,0,0,0,0
2026-08-13T03:48:14.731755,213,0,0,0,0,0
2026-08-13T03:48:14.731755,213,0,0,0,0,0
2026-08-13T03:48:14.734960,214,0,0,0,0,0
2026-08-13T03:48:14.734960,213,0,0,0,0,0
2026-08-13T03:48:14.735962,213,0,0,0,0,0
2026-08-13T03:48:14.738958,212,0,0,0,0,0
2026-08-13T03:48:14.738958,212,0,0,0,0,0
2026-08-13T03:48:14.738958,212,0,0,0,0,0
2026-08-13T03:48:14.739956,211,0,0,0,0,0
2026-08-13T03:48:14.743265,211,0,0,0,0,0
2026-08-13T03:48:14.743794,212,0,0,0,0,0
2026-08-13T03:48:14.743794,211,0,0,0,0,0
2026-08-13T03:48:14.746828,210,0,0,0,0,0
2026-08-13T03:48:14.747827,209,0,0,0,0,0
2026-08-13T03:48:14.747827,209,0,0,0,0,0
2026-08-13T03:48:14.747827,210,0,0,0,0,0
2026-08-13T03:48:14.751448,211,0,0,0,0,0
2026-08-13T03:48:14.751448,213,0,0,0,0,0
2026-08-13T03:48:14.752464,213,0,0,0,0,0
2026-08-13T03:48:14.755001,213,0,0,0,0,0
2026-08-13T03:48:14.756001,214,0,0,0,0,0
2026-08-13T03:48:14.756001,213,0,0,0,0,0
2026-08-13T03:48:14.757003,212,0,0,0,0,0
2026-08-13T03:48:14.759021,211,0,0,0,0,0
2026-08-13T03:48:14.760006,212,0,0,0,0,0
2026-08-13T03:48:14.760006,212,0,0,0,0,0
2026-08-13T03:48:14.763843,212,0,0,0,0,0
2026-08-13T03:48:14.763843,212,0,0,0,0,0
2026-08-13T03:48:14.764850,211,0,0,0,0,0
2026-08-13T03:48:14.767860,210,0,0,0,0,0
2026-08-13T03:48:14.767860,209,0,0,0,0,0
2026-08-13T03:48:14.768851,210,0,0,0,0,0
2026-08-13T03:48:14.768851,209,0,0,0,0,0
2026-08-13T03:48:14.771865,211,0,0,0,0,0
2026-08-13T03:48:14.771865,213,0,0,0,0,0
2026-08-13T03:48:14.772851,213,0,0,0,0,0
2026-08-13T03:48:14.775867,214,0,0,0,0,0
2026-08-13T03:48:14.775867,214,0,0,0,0,0
2026-08-13T03:48:14.776875,214,0,0,0,0,0
2026-08-13T03:48:14.776875,212,0,0,0,0,0
2026-08-13T03:48:14.780114,213,0,0,0,0,0
2026-08-13T03:48:14.780114,212,0,0,0,0,0
2026-08-13T03:48:14.781130,212,0,0,0,0,0
2026-08-13T03:48:14.783666,212,0,0,0,0,0
2026-08-13T03:48:14.784685,211,0,0,0,0,0
2026-08-13T03:48:14.784685,211,0,0,0,0,0
2026-08-13T03:48:14.785686,210,0,0,0,0,0
2026-08-13T03:48:14.787697,210,0,0,0,0,0
2026-08-13T03:48:14.788682,210,0,0,0,0,0
2026-08-13T03:48:14.788682,209,0,0,0,0,0
2026-08-13T03:48:14.791686,212,0,0,0,0,0
2026-08-13T03:48:14.792683,214,0,0,0,0,0
2026-08-13T03:48:14.793685,214,0,0,0,0,0
2026-08-13T03:48:14.796222,215,0,0,0,0,0
2026-08-13T03:48:14.797223,214,0,0,0,0,0
2026-08-13T03:48:14.797223,212,0,0,0,0,0
2026-08-13T03:48:14.798225,212,0,0,0,0,0
2026-08-13T03:48:14.800233,212,0,0,0,0,0
2026-08-13T03:48:14.801220,212,0,0,0,0,0
2026-08-13T03:48:14.801220,211,0,0,0,0,0
2026-08-13T03:48:14.804749,211,0,0,0,0,0
2026-08-13T03:48:14.804749,211,0,0,0,0,0
2026-08-13T03:48:14.805741,210,0,0,0,0,0
2026-08-13T03:48:14.806750,208,0,0,0,0,0
2026-08-13T03:48:14.808751,209,0,0,0,0,0
2026-08-13T03:48:14.809262,209,0,0,0,0,0
2026-08-13T03:48:14.809771,210,0,0,0,0,0
2026-08-13T03:48:14.812781,212,0,0,0,0,0
2026-08-13T03:48:14.813784,212,0,0,0,0,0
2026-08-13T03:48:14.814300,213,0,0,0,0,0
2026-08-13T03:48:14.814300,212,0,0,0,0,0
2026-08-13T03:48:14.816992,213,0,0,0,0,0
2026-08-13T03:48:14.816992,211,0,0,0,0,0
2026-08-13T03:48:14.818013,211,0,0,0,0,0
2026-08-13T03:48:14.821088,211,0,0,0,0,0
2026-08-13T03:48:14.821088,211,0,0,0,0,0
2026-08-13T03:48:14.822103,210,0,0,0,0,0
2026-08-13T03:48:14.822103,212,0,0,0,0,0
2026-08-13T03:48:14.824849,211,0,0,0,0,0
2026-08-13T03:48:14.825860,210,0,0,0,0,0
2026-08-13T03:48:14.825860,209,0,0,0,0,0
2026-08-13T03:48:14.829263,210,0,0,0,0,0
2026-08-13T03:48:14.829263,210,0,0,0,0,0
2026-08-13T03:48:14.830293,211,0,0,0,0,0
2026-08-13T03:48:14.833229,214,0,0,0,0,0
2026-08-13T03:48:14.833747,214,0,0,0,0,0
2026-08-13T03:48:14.834765,214,0,0,0,0,0
2026-08-13T03:48:14.834765,213,0,0,0,0,0
2026-08-13T03:48:14.836800,213,0,0,0,0,0
2026-08-13T03:48:14.837778,211,0,0,0,0,0
2026-08-13T03:48:14.838781,211,0,0,0,0,0
2026-08-13T03:48:14.840780,211,0,0,0,0,0
2026-08-13T03:48:14.841778,210,0,0,0,0,0
2026-08-13T03:48:14.842782,210,0,0,0,0,0
2026-08-13T03:48:14.843784,208,0,0,0,0,0
2026-08-13T03:48:14.845309,208,0,0,0,0,0
2026-08-13T03:48:14.846319,207,0,0,0,0,0
2026-08-13T03:48:14.846319,206,0,0,0,0,0
2026-08-13T03:48:14.849332,206,0,0,0,0,0
2026-08-13T03:48:14.850320,206,0,0,0,0,0
2026-08-13T03:48:14.850320,207,0,0,0,0,0
2026-08-13T03:48:14.851320,209,0,0,0,0,0
2026-08-13T03:48:14.853841,209,0,0,0,0,0
2026-08-13T03:48:14.853841,209,0,0,0,0,0
2026-08-13T03:48:14.854865,209,0,0,0,0,0
2026-08-13T03:48:14.857098,209,0,0,0,0,0
2026-08-13T03:48:14.858072,208,0,0,0,0,0
2026-08-13T03:48:14.859069,209,0,0,0,0,0
2026-08-13T03:48:14.862084,209,0,0,0,0,0
2026-08-13T03:48:14.862084,208,0,0,0,0,0
2026-08-13T03:48:14.863597,209,0,0,0,0,0
2026-08-13T03:48:14.864612,208,0,0,0,0,0
2026-08-13T03:48:14.865612,208,0,0,0,0,0
2026-08-13T03:48:14.866615,208,0,0,0,0,0
2026-08-13T03:48:14.866615,207,0,0,0,0,0
2026-08-13T03:48:14.870242,207,0,0,0,0,0
2026-08-13T03:48:14.870242,208,0,0,0,0,0
2026-08-13T03:48:14.871289,210,0,0,0,0,0
2026-08-13T03:48:14.872267,212,0,0,0,0,0
2026-08-13T03:48:14.873776,213,0,0,0,0,0
2026-08-13T03:48:14.874788,214,0,0,0,0,0
2026-08-13T03:48:14.875790,214,0,0,0,0,0
2026-08-13T03:48:14.878315,214,0,0,0,0,0
2026-08-13T03:48:14.878315,213,0,0,0,0,0
2026-08-13T03:48:14.879315,213,0,0,0,0,0
2026-08-13T03:48:14.880313,213,0,0,0,0,0
2026-08-13T03:48:14.882312,212,0,0,0,0,0
2026-08-13T03:48:14.882312,212,0,0,0,0,0
2026-08-13T03:48:14.883824,211,0,0,0,0,0
2026-08-13T03:48:14.885838,210,0,0,0,0,0
2026-08-13T03:48:14.886919,209,0,0,0,0,0
2026-08-13T03:48:14.886919,209,0,0,0,0,0
2026-08-13T03:48:14.887931,209,0,0,0,0,0
2026-08-13T03:48:14.890929,208,0,0,0,0,0
2026-08-13T03:48:14.890929,211,0,0,0,0,0
2026-08-13T03:48:14.891931,211,0,0,0,0,0
2026-08-13T03:48:14.894467,211,0,0,0,0,0
2026-08-13T03:48:14.895461,210,0,0,0,0,0
2026-08-13T03:48:14.895461,209,0,0,0,0,0
2026-08-13T03:48:14.898914,206,0,0,0,0,0
2026-08-13T03:48:14.898914,205,0,0,0,0,0
2026-08-13T03:48:14.899933,205,0,0,0,0,0
2026-08-13T03:48:14.899933,204,0,0,0,0,0
2026-08-13T03:48:14.902933,203,0,0,0,0,0
2026-08-13T03:48:14.902933,204,0,0,0,0,0
2026-08-13T03:48:14.903932,202,0,0,0,0,0
2026-08-13T03:48:14.907013,202,0,0,0,0,0
2026-08-13T03:48:14.907013,202,0,0,0,0,0
2026-08-13T03:48:14.908034,202,0,0,0,0,0
2026-08-13T03:48:14.909044,202,0,0,0,0,0
2026-08-13T03:48:14.911189,203,0,0,0,0,0
2026-08-13T03:48:14.911189,205,0,0,0,0,0
2026-08-13T03:48:14.912206,206,0,0,0,0,0
2026-08-13T03:48:14.914613,207,0,0,0,0,0
2026-08-13T03:48:14.915629,207,0,0,0,0,0
2026-08-13T03:48:14.916643,206,0,0,0,0,0
2026-08-13T03:48:14.916643,205,0,0,0,0,0
2026-08-13T03:48:14.918629,204,0,0,0,0,0
2026-08-13T03:48:14.919629,204,0,0,0,0,0
2026-08-13T03:48:14.920630,203,0,0,0,0,0
2026-08-13T03:48:14.922642,201,0,0,0,0,0
2026-08-13T03:48:14.923628,201,0,0,0,0,0
2026-08-13T03:48:14.924859,200,0,0,0,0,0
2026-08-13T03:48:14.925849,199,0,0,0,0,0
2026-08-13T03:48:14.926859,198,0,0,0,0,0
2026-08-13T03:48:14.927865,197,0,0,0,0,0
2026-08-13T03:48:14.927865,197,0,0,0,0,0
2026-08-13T03:48:14.930859,197,0,0,0,0,0
2026-08-13T03:48:14.931855,198,0,0,0,0,0
2026-08-13T03:48:14.931855,198,0,0,0,0,0
2026-08-13T03:48:14.935371,198,0,0,0,0,0
2026-08-13T03:48:14.935371,196,0,0,0,0,0
2026-08-13T03:48:14.936377,196,0,0,0,0,0
2026-08-13T03:48:14.936377,194,0,0,0,0,0
2026-08-13T03:48:14.939377,193,0,0,0,0,0
2026-08-13T03:48:14.939377,192,0,0,0,0,0
2026-08-13T03:48:14.940376,191,0,0,0,0,0
2026-08-13T03:48:14.943964,191,0,0,0,0,0
2026-08-13T03:48:14.943964,190,0,0,0,0,0
2026-08-13T03:48:14.943964,189,0,0,0,0,0
2026-08-13T03:48:14.945105,189,0,0,0,0,0
2026-08-13T03:48:14.947235,188,0,0,0,0,0
2026-08-13T03:48:14.948214,189,0,0,0,0,0
2026-08-13T03:48:14.948214,188,0,0,0,0,0
2026-08-13T03:48:14.952225,190,0,0,0,0,0
2026-08-13T03:48:14.952225,192,0,0,0,0,0
2026-08-13T03:48:14.952225,192,0,0,0,0,0
2026-08-13T03:48:14.953731,193,0,0,0,0,0
2026-08-13T03:48:14.955740,192,0,0,0,0,0
2026-08-13T03:48:14.956753,192,0,0,0,0,0
2026-08-13T03:48:14.957742,190,0,0,0,0,0
2026-08-13T03:48:14.959759,189,0,0,0,0,0
2026-08-13T03:48:14.960742,190,0,0,0,0,0
2026-08-13T03:48:14.960742,190,0,0,0,0,0
2026-08-13T03:48:14.964248,190,0,0,0,0,0
2026-08-13T03:48:14.965391,189,0,0,0,0,0
2026-08-13T03:48:14.965391,190,0,0,0,0,0
2026-08-13T03:48:14.966405,188,0,0,0,0,0
2026-08-13T03:48:14.967653,187,0,0,0,0,0
2026-08-13T03:48:14.968658,187,0,0,0,0,0
2026-08-13T03:48:14.968658,186,0,0,0,0,0
2026-08-13T03:48:14.972285,187,0,0,0,0,0
2026-08-13T03:48:14.972792,187,0,0,0,0,0
2026-08-13T03:48:14.973801,186,0,0,0,0,0
2026-08-13T03:48:14.974813,185,0,0,0,0,0
2026-08-13T03:48:14.977116,184,0,0,0,0,0
2026-08-13T03:48:14.977116,182,0,0,0,0,0
2026-08-13T03:48:14.977647,181,0,0,0,0,0
2026-08-13T03:48:14.980814,181,0,0,0,0,0
2026-08-13T03:48:14.980814,180,0,0,0,0,0
2026-08-13T03:48:14.980814,179,0,0,0,0,0
2026-08-13T03:48:14.981829,179,0,0,0,0,0
2026-08-13T03:48:14.984701,177,0,0,0,0,0
2026-08-13T03:48:14.984701,177,0,0,0,0,0
2026-08-13T03:48:14.985698,175,0,0,0,0,0
2026-08-13T03:48:14.988711,175,0,0,0,0,0
2026-08-13T03:48:14.988711,175,0,0,0,0,0
2026-08-13T03:48:14.989720,175,0,0,0,0,0
2026-08-13T03:48:14.990700,178,0,0,0,0,0
2026-08-13T03:48:14.992717,178,0,0,0,0,0
2026-08-13T03:48:14.993713,179,0,0,0,0,0
2026-08-13T03:48:14.993713,178,0,0,0,0,0
2026-08-13T03:48:14.997087,179,0,0,0,0,0
2026-08-13T03:48:14.997087,177,0,0,0,0,0
2026-08-13T03:48:14.998088,177,0,0,0,0,0
2026-08-13T03:48:15.001314,178,0,0,0,0,0
2026-08-13T03:48:15.001314,177,0,0,0,0,0
2026-08-13T03:48:15.002330,177,0,0,0,0,0
2026-08-13T03:48:15.002330,177,0,0,0,0,0
2026-08-13T03:48:15.005148,176,0,0,0,0,0
2026-08-13T03:48:15.005148,175,0,0,0,0,0
2026-08-13T03:48:15.006143,174,0,0,0,0,0
2026-08-13T03:48:15.009162,174,0,0,0,0,0
2026-08-13T03:48:15.010145,174,0,0,0,0,0
2026-08-13T03:48:15.010145,175,0,0,0,0,0
2026-08-13T03:48:15.010145,177,0,0,0,0,0
2026-08-13T03:48:15.013651,177,0,0,0,0,0
2026-08-13T03:48:15.013651,177,0,0,0,0,0
2026-08-13T03:48:15.013651,177,0,0,0,0,0
2026-08-13T03:48:15.017672,177,0,0,0,0,0
2026-08-13T03:48:15.017672,176,0,0,0,0,0
2026-08-13T03:48:15.017672,175,0,0,0,0,0
2026-08-13T03:48:15.018669,175,0,0,0,0,0
2026-08-13T03:48:15.021673,175,0,0,0,0,0
2026-08-13T03:48:15.021673,174,0,0,0,0,0
2026-08-13T03:48:15.021673,173,0,0,0,0,0
2026-08-13T03:48:15.025154,172,0,0,0,0,0
2026-08-13T03:48:15.026160,171,0,0,0,0,0
2026-08-13T03:48:15.026160,171,0,0,0,0,0
2026-08-13T03:48:15.029989,171,0,0,0,0,0
2026-08-13T03:48:15.029989,170,0,0,0,0,0
2026-08-13T03:48:15.031004,172,0,0,0,0,0
2026-08-13T03:48:15.031004,174,0,0,0,0,0
2026-08-13T03:48:15.034064,173,0,0,0,0,0
2026-08-13T03:48:15.034064,174,0,0,0,0,0
2026-08-13T03:48:15.034064,173,0,0,0,0,0
2026-08-13T03:48:15.037789,173,0,0,0,0,0
2026-08-13T03:48:15.038777,171,0,0,0,0,0
2026-08-13T03:48:15.038777,171,0,0,0,0,0
2026-08-13T03:48:15.039776,172,0,0,0,0,0
2026-08-13T03:48:15.041779,172,0,0,0,0,0
2026-08-13T03:48:15.042781,172,0,0,0,0,0
2026-08-13T03:48:15.042781,170,0,0,0,0,0
2026-08-13T03:48:15.046313,170,0,0,0,0,0
2026-08-13T03:48:15.046313,169,0,0,0,0,0
2026-08-13T03:48:15.047316,169,0,0,0,0,0
2026-08-13T03:48:15.047316,169,0,0,0,0,0
2026-08-13T03:48:15.049549,169,0,0,0,0,0
2026-08-13T03:48:15.050549,170,0,0,0,0,0
2026-08-13T03:48:15.051550,172,0,0,0,0,0
2026-08-13T03:48:15.054054,173,0,0,0,0,0
2026-08-13T03:48:15.055064,174,0,0,0,0,0
2026-08-13T03:48:15.055064,173,0,0,0,0,0
2026-08-13T03:48:15.056063,173,0,0,0,0,0
2026-08-13T03:48:15.058065,171,0,0,0,0,0
2026-08-13T03:48:15.059063,172,0,0,0,0,0
2026-08-13T03:48:15.059063,172,0,0,0,0,0
2026-08-13T03:48:15.062093,172,0,0,0,0,0
2026-08-13T03:48:15.062093,172,0,0,0,0,0
2026-08-13T03:48:15.063600,172,0,0,0,0,0
2026-08-13T03:48:15.066843,171,0,0,0,0,0
2026-08-13T03:48:15.066843,171,0,0,0,0,0
2026-08-13T03:48:15.067860,171,0,0,0,0,0
2026-08-13T03:48:15.067860,170,0,0,0,0,0
2026-08-13T03:48:15.070939,171,0,0,0,0,0
2026-08-13T03:48:15.070939,174,0,0,0,0,0
2026-08-13T03:48:15.070939,175,0,0,0,0,0
2026-08-13T03:48:15.075020,176,0,0,0,0,0
2026-08-13T03:48:15.075020,177,0,0,0,0,0
2026-08-13T03:48:15.076018,176,0,0,0,0,0
2026-08-13T03:48:15.076018,176,0,0,0,0,0
2026-08-13T03:48:15.078292,175,0,0,0,0,0
2026-08-13T03:48:15.079291,176,0,0,0,0,0
2026-08-13T03:48:15.079291,176,0,0,0,0,0
2026-08-13T03:48:15.082305,176,0,0,0,0,0
2026-08-13T03:48:15.082305,176,0,0,0,0,0
2026-08-13T03:48:15.083830,175,0,0,0,0,0
2026-08-13T03:48:15.084846,175,0,0,0,0,0
2026-08-13T03:48:15.086862,174,0,0,0,0,0
2026-08-13T03:48:15.087859,174,0,0,0,0,0
2026-08-13T03:48:15.089889,174,0,0,0,0,0
2026-08-13T03:48:15.091913,176,0,0,0,0,0
2026-08-13T03:48:15.091913,179,0,0,0,0,0
2026-08-13T03:48:15.092915,180,0,0,0,0,0
2026-08-13T03:48:15.094998,180,0,0,0,0,0
2026-08-13T03:48:15.095997,179,0,0,0,0,0
2026-08-13T03:48:15.095997,179,0,0,0,0,0
2026-08-13T03:48:15.096996,178,0,0,0,0,0
2026-08-13T03:48:15.098995,177,0,0,0,0,0
2026-08-13T03:48:15.099994,177,0,0,0,0,0
2026-08-13T03:48:15.099994,177,0,0,0,0,0
2026-08-13T03:48:15.102994,175,0,0,0,0,0
2026-08-13T03:48:15.103995,176,0,0,0,0,0
2026-08-13T03:48:15.104502,175,0,0,0,0,0
2026-08-13T03:48:15.105509,174,0,0,0,0,0
2026-08-13T03:48:15.107514,174,0,0,0,0,0
2026-08-13T03:48:15.107514,175,0,0,0,0,0
2026-08-13T03:48:15.108514,175,0,0,0,0,0
2026-08-13T03:48:15.111513,177,0,0,0,0,0
2026-08-13T03:48:15.111513,179,0,0,0,0,0
2026-08-13T03:48:15.112513,179,0,0,0,0,0
2026-08-13T03:48:15.112513,181,0,0,0,0,0
2026-08-13T03:48:15.115846,181,0,0,0,0,0
2026-08-13T03:48:15.115846,181,0,0,0,0,0
2026-08-13T03:48:15.115846,180,0,0,0,0,0
2026-08-13T03:48:15.119858,180,0,0,0,0,0
2026-08-13T03:48:15.119858,181,0,0,0,0,0
2026-08-13T03:48:15.120855,180,0,0,0,0,0
2026-08-13T03:48:15.120855,182,0,0,0,0,0
2026-08-13T03:48:15.123856,181,0,0,0,0,0
2026-08-13T03:48:15.124363,180,0,0,0,0,0
2026-08-13T03:48:15.125372,179,0,0,0,0,0
2026-08-13T03:48:15.127381,179,0,0,0,0,0
2026-08-13T03:48:15.128379,179,0,0,0,0,0
2026-08-13T03:48:15.128379,179,0,0,0,0,0
2026-08-13T03:48:15.132389,180,0,0,0,0,0
2026-08-13T03:48:15.132389,182,0,0,0,0,0
2026-08-13T03:48:15.132389,181,0,0,0,0,0
2026-08-13T03:48:15.132389,182,0,0,0,0,0
2026-08-13T03:48:15.135924,182,0,0,0,0,0
2026-08-13T03:48:15.136906,181,0,0,0,0,0
2026-08-13T03:48:15.136906,180,0,0,0,0,0
2026-08-13T03:48:15.139906,180,0,0,0,0,0
2026-08-13T03:48:15.140908,180,0,0,0,0,0
2026-08-13T03:48:15.140908,180,0,0,0,0,0
2026-08-13T03:48:15.141915,180,0,0,0,0,0
2026-08-13T03:48:15.144613,178,0,0,0,0,0
2026-08-13T03:48:15.144613,178,0,0,0,0,0
2026-08-13T03:48:15.145630,178,0,0,0,0,0
2026-08-13T03:48:15.148645,178,0,0,0,0,0
2026-08-13T03:48:15.148645,178,0,0,0,0,0
2026-08-13T03:48:15.149632,177,0,0,0,0,0
2026-08-13T03:48:15.149632,181,0,0,0,0,0
2026-08-13T03:48:15.152867,182,0,0,0,0,0
2026-08-13T03:48:15.152867,183,0,0,0,0,0
2026-08-13T03:48:15.153880,185,0,0,0,0,0
2026-08-13T03:48:15.156964,184,0,0,0,0,0
2026-08-13T03:48:15.156964,184,0,0,0,0,0
2026-08-13T03:48:15.158091,183,0,0,0,0,0
2026-08-13T03:48:15.161040,184,0,0,0,0,0
2026-08-13T03:48:15.161040,184,0,0,0,0,0
2026-08-13T03:48:15.162076,183,0,0,0,0,0
2026-08-13T03:48:15.162076,184,0,0,0,0,0
2026-08-13T03:48:15.164881,182,0,0,0,0,0
2026-08-13T03:48:15.165883,182,0,0,0,0,0
2026-08-13T03:48:15.165883,181,0,0,0,0,0
2026-08-13T03:48:15.168896,180,0,0,0,0,0
2026-08-13T03:48:15.169896,179,0,0,0,0,0
2026-08-13T03:48:15.169896,180,0,0,0,0,0
2026-08-13T03:48:15.170897,184,0,0,0,0,0
2026-08-13T03:48:15.173338,186,0,0,0,0,0
2026-08-13T03:48:15.173972,186,0,0,0,0,0
2026-08-13T03:48:15.174987,187,0,0,0,0,0
2026-08-13T03:48:15.176536,186,0,0,0,0,0
2026-08-13T03:48:15.177530,186,0,0,0,0,0
2026-08-13T03:48:15.178531,184,0,0,0,0,0
2026-08-13T03:48:15.178531,186,0,0,0,0,0
2026-08-13T03:48:15.180528,184,0,0,0,0,0
2026-08-13T03:48:15.181649,184,0,0,0,0,0
2026-08-13T03:48:15.182662,184,0,0,0,0,0
2026-08-13T03:48:15.185178,184,0,0,0,0,0
2026-08-13T03:48:15.185178,183,0,0,0,0,0
2026-08-13T03:48:15.186187,182,0,0,0,0,0
2026-08-13T03:48:15.186187,182,0,0,0,0,0
2026-08-13T03:48:15.189203,182,0,0,0,0,0
2026-08-13T03:48:15.190226,184,0,0,0,0,0
2026-08-13T03:48:15.190226,186,0,0,0,0,0
2026-08-13T03:48:15.193803,186,0,0,0,0,0
2026-08-13T03:48:15.193803,186,0,0,0,0,0
2026-08-13T03:48:15.193803,186,0,0,0,0,0
2026-08-13T03:48:15.197914,186,0,0,0,0,0
2026-08-13T03:48:15.197914,184,0,0,0,0,0
2026-08-13T03:48:15.197914,183,0,0,0,0,0
2026-08-13T03:48:15.198929,184,0,0,0,0,0
2026-08-13T03:48:15.201262,184,0,0,0,0,0
2026-08-13T03:48:15.202245,184,0,0,0,0,0
2026-08-13T03:48:15.202245,184,0,0,0,0,0
2026-08-13T03:48:15.205757,182,0,0,0,0,0
2026-08-13T03:48:15.206772,182,0,0,0,0,0
2026-08-13T03:48:15.206772,182,0,0,0,0,0
2026-08-13T03:48:15.207758,182,0,0,0,0,0
2026-08-13T03:48:15.209771,182,0,0,0,0,0
2026-08-13T03:48:15.209771,183,0,0,0,0,0
2026-08-13T03:48:15.210757,185,0,0,0,0,0
2026-08-13T03:48:15.213787,185,0,0,0,0,0
2026-08-13T03:48:15.213787,186,0,0,0,0,0
2026-08-13T03:48:15.214984,186,0,0,0,0,0
2026-08-13T03:48:15.214984,185,0,0,0,0,0
2026-08-13T03:48:15.217993,183,0,0,0,0,0
2026-08-13T03:48:15.217993,184,0,0,0,0,0
2026-08-13T03:48:15.218993,184,0,0,0,0,0
2026-08-13T03:48:15.221993,183,0,0,0,0,0
2026-08-13T03:48:15.222993,184,0,0,0,0,0
2026-08-13T03:48:15.222993,183,0,0,0,0,0
2026-08-13T03:48:15.223994,182,0,0,0,0,0
2026-08-13T03:48:15.226518,182,0,0,0,0,0
2026-08-13T03:48:15.226518,181,0,0,0,0,0
2026-08-13T03:48:15.227518,181,0,0,0,0,0
2026-08-13T03:48:15.230845,181,0,0,0,0,0
2026-08-13T03:48:15.230845,183,0,0,0,0,0
2026-08-13T03:48:15.230845,185,0,0,0,0,0
2026-08-13T03:48:15.234814,185,0,0,0,0,0
2026-08-13T03:48:15.234814,186,0,0,0,0,0
2026-08-13T03:48:15.235816,186,0,0,0,0,0
2026-08-13T03:48:15.235816,185,0,0,0,0,0
2026-08-13T03:48:15.238839,184,0,0,0,0,0
2026-08-13T03:48:15.238839,184,0,0,0,0,0
2026-08-13T03:48:15.239817,184,0,0,0,0,0
2026-08-13T03:48:15.242829,183,0,0,0,0,0
2026-08-13T03:48:15.242829,184,0,0,0,0,0
2026-08-13T03:48:15.244336,182,0,0,0,0,0
2026-08-13T03:48:15.244336,182,0,0,0,0,0
2026-08-13T03:48:15.246389,181,0,0,0,0,0
2026-08-13T03:48:15.247363,181,0,0,0,0,0
2026-08-13T03:48:15.248366,181,0,0,0,0,0
2026-08-13T03:48:15.251165,181,0,0,0,0,0
2026-08-13T03:48:15.251165,183,0,0,0,0,0
2026-08-13T03:48:15.252186,184,0,0,0,0,0
2026-08-13T03:48:15.252186,184,0,0,0,0,0
2026-08-13T03:48:15.254602,184,0,0,0,0,0
2026-08-13T03:48:15.255610,183,0,0,0,0,0
2026-08-13T03:48:15.256624,182,0,0,0,0,0
2026-08-13T03:48:15.258628,181,0,0,0,0,0
2026-08-13T03:48:15.259639,181,0,0,0,0,0
2026-08-13T03:48:15.259639,181,0,0,0,0,0
2026-08-13T03:48:15.262646,180,0,0,0,0,0
2026-08-13T03:48:15.263648,180,0,0,0,0,0
2026-08-13T03:48:15.263648,179,0,0,0,0,0
2026-08-13T03:48:15.264709,179,0,0,0,0,0
2026-08-13T03:48:15.266709,177,0,0,0,0,0
2026-08-13T03:48:15.267709,178,0,0,0,0,0
2026-08-13T03:48:15.267709,177,0,0,0,0,0
2026-08-13T03:48:15.271710,178,0,0,0,0,0
2026-08-13T03:48:15.271710,181,0,0,0,0,0
2026-08-13T03:48:15.272711,180,0,0,0,0,0
2026-08-13T03:48:15.272711,181,0,0,0,0,0
2026-08-13T03:48:15.275227,181,0,0,0,0,0
2026-08-13T03:48:15.276737,181,0,0,0,0,0
2026-08-13T03:48:15.276737,179,0,0,0,0,0
2026-08-13T03:48:15.279839,179,0,0,0,0,0
2026-08-13T03:48:15.279839,179,0,0,0,0,0
2026-08-13T03:48:15.280854,179,0,0,0,0,0
2026-08-13T03:48:15.280854,179,0,0,0,0,0
2026-08-13T03:48:15.283912,178,0,0,0,0,0
2026-08-13T03:48:15.283912,178,0,0,0,0,0
2026-08-13T03:48:15.285082,178,0,0,0,0,0
2026-08-13T03:48:15.287230,177,0,0,0,0,0
2026-08-13T03:48:15.288211,178,0,0,0,0,0
2026-08-13T03:48:15.289212,177,0,0,0,0,0
2026-08-13T03:48:15.290213,179,0,0,0,0,0
2026-08-13T03:48:15.292213,180,0,0,0,0,0
2026-08-13T03:48:15.292213,181,0,0,0,0,0
2026-08-13T03:48:15.292213,181,0,0,0,0,0
2026-08-13T03:48:15.295737,180,0,0,0,0,0
2026-08-13T03:48:15.296747,179,0,0,0,0,0
2026-08-13T03:48:15.296747,178,0,0,0,0,0
2026-08-13T03:48:15.300060,177,0,0,0,0,0
2026-08-13T03:48:15.300060,177,0,0,0,0,0
2026-08-13T03:48:15.301070,175,0,0,0,0,0
2026-08-13T03:48:15.301070,175,0,0,0,0,0
2026-08-13T03:48:15.303824,175,0,0,0,0,0
2026-08-13T03:48:15.304832,175,0,0,0,0,0
2026-08-13T03:48:15.304832,174,0,0,0,0,0
2026-08-13T03:48:15.308462,174,0,0,0,0,0
2026-08-13T03:48:15.308462,175,0,0,0,0,0
2026-08-13T03:48:15.309477,174,0,0,0,0,0
2026-08-13T03:48:15.309477,177,0,0,0,0,0
2026-08-13T03:48:15.312473,180,0,0,0,0,0
2026-08-13T03:48:15.312473,180,0,0,0,0,0
2026-08-13T03:48:15.312473,181,0,0,0,0,0
2026-08-13T03:48:15.316039,181,0,0,0,0,0
2026-08-13T03:48:15.317022,181,0,0,0,0,0
2026-08-13T03:48:15.317022,181,0,0,0,0,0
2026-08-13T03:48:15.317022,182,0,0,0,0,0
2026-08-13T03:48:15.320038,182,0,0,0,0,0
2026-08-13T03:48:15.321022,182,0,0,0,0,0
2026-08-13T03:48:15.321022,182,0,0,0,0,0
2026-08-13T03:48:15.324532,181,0,0,0,0,0
2026-08-13T03:48:15.324532,182,0,0,0,0,0
2026-08-13T03:48:15.325804,180,0,0,0,0,0
2026-08-13T03:48:15.328816,179,0,0,0,0,0
2026-08-13T03:48:15.328816,181,0,0,0,0,0
2026-08-13T03:48:15.329804,180,0,0,0,0,0
2026-08-13T03:48:15.329804,183,0,0,0,0,0
2026-08-13T03:48:15.332816,185,0,0,0,0,0
2026-08-13T03:48:15.333803,186,0,0,0,0,0
2026-08-13T03:48:15.333803,187,0,0,0,0,0
2026-08-13T03:48:15.336982,188,0,0,0,0,0
2026-08-13T03:48:15.336982,189,0,0,0,0,0
2026-08-13T03:48:15.337977,189,0,0,0,0,0
2026-08-13T03:48:15.337977,191,0,0,0,0,0
2026-08-13T03:48:15.340219,192,0,0,0,0,0
2026-08-13T03:48:15.341528,192,0,0,0,0,0
2026-08-13T03:48:15.342538,193,0,0,0,0,0
2026-08-13T03:48:15.345059,193,0,0,0,0,0
2026-08-13T03:48:15.345059,193,0,0,0,0,0
2026-08-13T03:48:15.346068,192,0,0,0,0,0
2026-08-13T03:48:15.346068,193,0,0,0,0,0
2026-08-13T03:48:15.349066,193,0,0,0,0,0
2026-08-13T03:48:15.349066,194,0,0,0,0,0
2026-08-13T03:48:15.350068,196,0,0,0,0,0
2026-08-13T03:48:15.353607,197,0,0,0,0,0
2026-08-13T03:48:15.353607,198,0,0,0,0,0
2026-08-13T03:48:15.353607,197,0,0,0,0,0
2026-08-13T03:48:15.354635,197,0,0,0,0,0
2026-08-13T03:48:15.357626,195,0,0,0,0,0
2026-08-13T03:48:15.357626,194,0,0,0,0,0
2026-08-13T03:48:15.357626,194,0,0,0,0,0
2026-08-13T03:48:15.361642,194,0,0,0,0,0
2026-08-13T03:48:15.361642,193,0,0,0,0,0
2026-08-13T03:48:15.361642,194,0,0,0,0,0
2026-08-13T03:48:15.365166,193,0,0,0,0,0
2026-08-13T03:48:15.366156,194,0,0,0,0,0
2026-08-13T03:48:15.366156,193,0,0,0,0,0
2026-08-13T03:48:15.367155,195,0,0,0,0,0
2026-08-13T03:48:15.369170,195,0,0,0,0,0
2026-08-13T03:48:15.370157,196,0,0,0,0,0
2026-08-13T03:48:15.371157,198,0,0,0,0,0
2026-08-13T03:48:15.373662,200,0,0,0,0,0
2026-08-13T03:48:15.373662,201,0,0,0,0,0
2026-08-13T03:48:15.374878,201,0,0,0,0,0
2026-08-13T03:48:15.374878,203,0,0,0,0,0
2026-08-13T03:48:15.377395,202,0,0,0,0,0
2026-08-13T03:48:15.378394,201,0,0,0,0,0
2026-08-13T03:48:15.378394,203,0,0,0,0,0
2026-08-13T03:48:15.381410,202,0,0,0,0,0
2026-08-13T03:48:15.382395,203,0,0,0,0,0
2026-08-13T03:48:15.382395,202,0,0,0,0,0
2026-08-13T03:48:15.382395,202,0,0,0,0,0
2026-08-13T03:48:15.385925,202,0,0,0,0,0
2026-08-13T03:48:15.385925,201,0,0,0,0,0
2026-08-13T03:48:15.386907,201,0,0,0,0,0
2026-08-13T03:48:15.389922,200,0,0,0,0,0
2026-08-13T03:48:15.389922,200,0,0,0,0,0
2026-08-13T03:48:15.391345,201,0,0,0,0,0
2026-08-13T03:48:15.393961,201,0,0,0,0,0
2026-08-13T03:48:15.394977,201,0,0,0,0,0
2026-08-13T03:48:15.394977,201,0,0,0,0,0
2026-08-13T03:48:15.395975,201,0,0,0,0,0
2026-08-13T03:48:15.397990,199,0,0,0,0,0
2026-08-13T03:48:15.398976,201,0,0,0,0,0
2026-08-13T03:48:15.398976,201,0,0,0,0,0
2026-08-13T03:48:15.402036,201,0,0,0,0,0
2026-08-13T03:48:15.403022,201,0,0,0,0,0
2026-08-13T03:48:15.404022,200,0,0,0,0,0
2026-08-13T03:48:15.404539,199,0,0,0,0,0
2026-08-13T03:48:15.406564,199,0,0,0,0,0
2026-08-13T03:48:15.406564,198,0,0,0,0,0
2026-08-13T03:48:15.407547,197,0,0,0,0,0
2026-08-13T03:48:15.410562,196,0,0,0,0,0
2026-08-13T03:48:15.410562,198,0,0,0,0,0
2026-08-13T03:48:15.411547,199,0,0,0,0,0
2026-08-13T03:48:15.411547,198,0,0,0,0,0
2026-08-13T03:48:15.415076,198,0,0,0,0,0
2026-08-13T03:48:15.415076,198,0,0,0,0,0
2026-08-13T03:48:15.415076,197,0,0,0,0,0
2026-08-13T03:48:15.419100,195,0,0,0,0,0
2026-08-13T03:48:15.419100,196,0,0,0,0,0
2026-08-13T03:48:15.420082,196,0,0,0,0,0
2026-08-13T03:48:15.420082,194,0,0,0,0,0
2026-08-13T03:48:15.423190,194,0,0,0,0,0
2026-08-13T03:48:15.423568,193,0,0,0,0,0
2026-08-13T03:48:15.424576,193,0,0,0,0,0
2026-08-13T03:48:15.426590,192,0,0,0,0,0
2026-08-13T03:48:15.427575,191,0,0,0,0,0
2026-08-13T03:48:15.428584,192,0,0,0,0,0
2026-08-13T03:48:15.430595,192,0,0,0,0,0
2026-08-13T03:48:15.431575,195,0,0,0,0,0
2026-08-13T03:48:15.431575,196,0,0,0,0,0
2026-08-13T03:48:15.432586,196,0,0,0,0,0
2026-08-13T03:48:15.435125,197,0,0,0,0,0
2026-08-13T03:48:15.435125,196,0,0,0,0,0
2026-08-13T03:48:15.436126,196,0,0,0,0,0
2026-08-13T03:48:15.439139,196,0,0,0,0,0
2026-08-13T03:48:15.439139,197,0,0,0,0,0
2026-08-13T03:48:15.440126,196,0,0,0,0,0
2026-08-13T03:48:15.440126,196,0,0,0,0,0
2026-08-13T03:48:15.443632,196,0,0,0,0,0
2026-08-13T03:48:15.443632,195,0,0,0,0,0
2026-08-13T03:48:15.443632,194,0,0,0,0,0
2026-08-13T03:48:15.447642,192,0,0,0,0,0
2026-08-13T03:48:15.447642,192,0,0,0,0,0
2026-08-13T03:48:15.447642,192,0,0,0,0,0
2026-08-13T03:48:15.448644,192,0,0,0,0,0
2026-08-13T03:48:15.451980,194,0,0,0,0,0
2026-08-13T03:48:15.451980,194,0,0,0,0,0
2026-08-13T03:48:15.451980,195,0,0,0,0,0
2026-08-13T03:48:15.455700,194,0,0,0,0,0
2026-08-13T03:48:15.456715,194,0,0,0,0,0
2026-08-13T03:48:15.456715,193,0,0,0,0,0
2026-08-13T03:48:15.457704,192,0,0,0,0,0
2026-08-13T03:48:15.459719,192,0,0,0,0,0
2026-08-13T03:48:15.460701,191,0,0,0,0,0
2026-08-13T03:48:15.460701,192,0,0,0,0,0
2026-08-13T03:48:15.463714,192,0,0,0,0,0
2026-08-13T03:48:15.463714,192,0,0,0,0,0
2026-08-13T03:48:15.465040,191,0,0,0,0,0
2026-08-13T03:48:15.468051,191,0,0,0,0,0
2026-08-13T03:48:15.468051,191,0,0,0,0,0
2026-08-13T03:48:15.469049,191,0,0,0,0,0
2026-08-13T03:48:15.469049,193,0,0,0,0,0
2026-08-13T03:48:15.472061,194,0,0,0,0,0
2026-08-13T03:48:15.472061,194,0,0,0,0,0
2026-08-13T03:48:15.472061,195,0,0,0,0,0
2026-08-13T03:48:15.475592,194,0,0,0,0,0
2026-08-13T03:48:15.476575,194,0,0,0,0,0
2026-08-13T03:48:15.476575,192,0,0,0,0,0
2026-08-13T03:48:15.476575,191,0,0,0,0,0
2026-08-13T03:48:15.480096,193,0,0,0,0,0
2026-08-13T03:48:15.480096,192,0,0,0,0,0
2026-08-13T03:48:15.481114,191,0,0,0,0,0
2026-08-13T03:48:15.484605,190,0,0,0,0,0
2026-08-13T03:48:15.485617,190,0,0,0,0,0
2026-08-13T03:48:15.485617,189,0,0,0,0,0
2026-08-13T03:48:15.486611,189,0,0,0,0,0
2026-08-13T03:48:15.488625,189,0,0,0,0,0
2026-08-13T03:48:15.488625,188,0,0,0,0,0
2026-08-13T03:48:15.489636,190,0,0,0,0,0
2026-08-13T03:48:15.492626,191,0,0,0,0,0
2026-08-13T03:48:15.493627,192,0,0,0,0,0
2026-08-13T03:48:15.493627,192,0,0,0,0,0
2026-08-13T03:48:15.496957,191,0,0,0,0,0
2026-08-13T03:48:15.496957,191,0,0,0,0,0
2026-08-13T03:48:15.497963,191,0,0,0,0,0
2026-08-13T03:48:15.498950,190,0,0,0,0,0
2026-08-13T03:48:15.500997,191,0,0,0,0,0
2026-08-13T03:48:15.500997,190,0,0,0,0,0
2026-08-13T03:48:15.502024,190,0,0,0,0,0
2026-08-13T03:48:15.504614,189,0,0,0,0,0
2026-08-13T03:48:15.506124,189,0,0,0,0,0
2026-08-13T03:48:15.507137,188,0,0,0,0,0
2026-08-13T03:48:15.508141,188,0,0,0,0,0
2026-08-13T03:48:15.509134,188,0,0,0,0,0
2026-08-13T03:48:15.509134,189,0,0,0,0,0
2026-08-13T03:48:15.510155,191,0,0,0,0,0
2026-08-13T03:48:15.512472,193,0,0,0,0,0
2026-08-13T03:48:15.513983,194,0,0,0,0,0
2026-08-13T03:48:15.513983,194,0,0,0,0,0
2026-08-13T03:48:15.514998,195,0,0,0,0,0
2026-08-13T03:48:15.517042,195,0,0,0,0,0
2026-08-13T03:48:15.518026,195,0,0,0,0,0
2026-08-13T03:48:15.518026,195,0,0,0,0,0
2026-08-13T03:48:15.521024,195,0,0,0,0,0
2026-08-13T03:48:15.522024,196,0,0,0,0,0
2026-08-13T03:48:15.522024,196,0,0,0,0,0
2026-08-13T03:48:15.523011,195,0,0,0,0,0
2026-08-13T03:48:15.525535,195,0,0,0,0,0
2026-08-13T03:48:15.525535,194,0,0,0,0,0
2026-08-13T03:48:15.526547,195,0,0,0,0,0
2026-08-13T03:48:15.529561,194,0,0,0,0,0
2026-08-13T03:48:15.530548,195,0,0,0,0,0
2026-08-13T03:48:15.530548,198,0,0,0,0,0
2026-08-13T03:48:15.533789,199,0,0,0,0,0
2026-08-13T03:48:15.533789,200,0,0,0,0,0
2026-08-13T03:48:15.534958,201,0,0,0,0,0
2026-08-13T03:48:15.534958,201,0,0,0,0,0
2026-08-13T03:48:15.537889,200,0,0,0,0,0
2026-08-13T03:48:15.538920,200,0,0,0,0,0
2026-08-13T03:48:15.538920,200,0,0,0,0,0
2026-08-13T03:48:15.541998,201,0,0,0,0,0
2026-08-13T03:48:15.541998,200,0,0,0,0,0
2026-08-13T03:48:15.543024,200,0,0,0,0,0
2026-08-13T03:48:15.544023,200,0,0,0,0,0
2026-08-13T03:48:15.545367,200,0,0,0,0,0
2026-08-13T03:48:15.546365,199,0,0,0,0,0
2026-08-13T03:48:15.547365,199,0,0,0,0,0
2026-08-13T03:48:15.549368,198,0,0,0,0,0
2026-08-13T03:48:15.550365,200,0,0,0,0,0
2026-08-13T03:48:15.551364,203,0,0,0,0,0
2026-08-13T03:48:15.551364,204,0,0,0,0,0
2026-08-13T03:48:15.553872,204,0,0,0,0,0
2026-08-13T03:48:15.554881,204,0,0,0,0,0
2026-08-13T03:48:15.554881,204,0,0,0,0,0
2026-08-13T03:48:15.558020,203,0,0,0,0,0
2026-08-13T03:48:15.559034,202,0,0,0,0,0
2026-08-13T03:48:15.559034,203,0,0,0,0,0
2026-08-13T03:48:15.562491,201,0,0,0,0,0
2026-08-13T03:48:15.562491,201,0,0,0,0,0
2026-08-13T03:48:15.562491,201,0,0,0,0,0
2026-08-13T03:48:15.564000,201,0,0,0,0,0
2026-08-13T03:48:15.566016,200,0,0,0,0,0
2026-08-13T03:48:15.567015,199,0,0,0,0,0
2026-08-13T03:48:15.567015,199,0,0,0,0,0
2026-08-13T03:48:15.570015,199,0,0,0,0,0
2026-08-13T03:48:15.571015,201,0,0,0,0,0
2026-08-13T03:48:15.571015,203,0,0,0,0,0
2026-08-13T03:48:15.572015,203,0,0,0,0,0
2026-08-13T03:48:15.574593,204,0,0,0,0,0
2026-08-13T03:48:15.574593,204,0,0,0,0,0
2026-08-13T03:48:15.575611,203,0,0,0,0,0
2026-08-13T03:48:15.578138,202,0,0,0,0,0
2026-08-13T03:48:15.579138,201,0,0,0,0,0
2026-08-13T03:48:15.580138,203,0,0,0,0,0
2026-08-13T03:48:15.580138,201,0,0,0,0,0
2026-08-13T03:48:15.582939,202,0,0,0,0,0
2026-08-13T03:48:15.582939,201,0,0,0,0,0
2026-08-13T03:48:15.583962,199,0,0,0,0,0
2026-08-13T03:48:15.587013,200,0,0,0,0,0
2026-08-13T03:48:15.587013,199,0,0,0,0,0
2026-08-13T03:48:15.588031,200,0,0,0,0,0
2026-08-13T03:48:15.588031,200,0,0,0,0,0
2026-08-13T03:48:15.591032,202,0,0,0,0,0
2026-08-13T03:48:15.591032,203,0,0,0,0,0
2026-08-13T03:48:15.592033,203,0,0,0,0,0
2026-08-13T03:48:15.594542,204,0,0,0,0,0
2026-08-13T03:48:15.595552,204,0,0,0,0,0
2026-08-13T03:48:15.595552,203,0,0,0,0,0
2026-08-13T03:48:15.598552,201,0,0,0,0,0
2026-08-13T03:48:15.599551,202,0,0,0,0,0
2026-08-13T03:48:15.600550,201,0,0,0,0,0
2026-08-13T03:48:15.600550,202,0,0,0,0,0
2026-08-13T03:48:15.602582,201,0,0,0,0,0
2026-08-13T03:48:15.603550,201,0,0,0,0,0
2026-08-13T03:48:15.604060,201,0,0,0,0,0
2026-08-13T03:48:15.607110,200,0,0,0,0,0
2026-08-13T03:48:15.608114,200,0,0,0,0,0
2026-08-13T03:48:15.608114,200,0,0,0,0,0
2026-08-13T03:48:15.609111,199,0,0,0,0,0
2026-08-13T03:48:15.611127,202,0,0,0,0,0
2026-08-13T03:48:15.612125,204,0,0,0,0,0
2026-08-13T03:48:15.612125,203,0,0,0,0,0
2026-08-13T03:48:15.615661,204,0,0,0,0,0
2026-08-13T03:48:15.615661,203,0,0,0,0,0
2026-08-13T03:48:15.616643,203,0,0,0,0,0
2026-08-13T03:48:15.616643,202,0,0,0,0,0
2026-08-13T03:48:15.619780,203,0,0,0,0,0
2026-08-13T03:48:15.619780,202,0,0,0,0,0
2026-08-13T03:48:15.619780,201,0,0,0,0,0
2026-08-13T03:48:15.623837,202,0,0,0,0,0
2026-08-13T03:48:15.623837,201,0,0,0,0,0
2026-08-13T03:48:15.624846,200,0,0,0,0,0
2026-08-13T03:48:15.627844,199,0,0,0,0,0
2026-08-13T03:48:15.627844,199,0,0,0,0,0
2026-08-13T03:48:15.628851,199,0,0,0,0,0
2026-08-13T03:48:15.629849,200,0,0,0,0,0
2026-08-13T03:48:15.631858,203,0,0,0,0,0
2026-08-13T03:48:15.631858,203,0,0,0,0,0
2026-08-13T03:48:15.632863,203,0,0,0,0,0
2026-08-13T03:48:15.635410,203,0,0,0,0,0
2026-08-13T03:48:15.636398,204,0,0,0,0,0
2026-08-13T03:48:15.637393,203,0,0,0,0,0
2026-08-13T03:48:15.637393,202,0,0,0,0,0
2026-08-13T03:48:15.639408,202,0,0,0,0,0
2026-08-13T03:48:15.640393,202,0,0,0,0,0
2026-08-13T03:48:15.641396,201,0,0,0,0,0
2026-08-13T03:48:15.643924,202,0,0,0,0,0
2026-08-13T03:48:15.644943,201,0,0,0,0,0
2026-08-13T03:48:15.645947,199,0,0,0,0,0
2026-08-13T03:48:15.646957,199,0,0,0,0,0
2026-08-13T03:48:15.648464,199,0,0,0,0,0
2026-08-13T03:48:15.648464,199,0,0,0,0,0
2026-08-13T03:48:15.649481,200,0,0,0,0,0
2026-08-13T03:48:15.652483,202,0,0,0,0,0
2026-08-13T03:48:15.662935,202,0,0,0,0,0
2026-08-13T03:48:15.664039,203,0,0,0,0,0
2026-08-13T03:48:15.665676,203,0,0,0,0,0
2026-08-13T03:48:15.665676,204,0,0,0,0,0
2026-08-13T03:48:15.666669,201,0,0,0,0,0
2026-08-13T03:48:15.667671,200,0,0,0,0,0
2026-08-13T03:48:15.667671,201,0,0,0,0,0
2026-08-13T03:48:15.668682,200,0,0,0,0,0
2026-08-13T03:48:15.669682,199,0,0,0,0,0
2026-08-13T03:48:15.669682,198,0,0,0,0,0
2026-08-13T03:48:15.670682,198,0,0,0,0,0
2026-08-13T03:48:15.670682,197,0,0,0,0,0
2026-08-13T03:48:15.671682,197,0,0,0,0,0
2026-08-13T03:48:15.671682,197,0,0,0,0,0
2026-08-13T03:48:15.672683,196,0,0,0,0,0
2026-08-13T03:48:15.672683,198,0,0,0,0,0
2026-08-13T03:48:15.673682,201,0,0,0,0,0
2026-08-13T03:48:15.674197,201,0,0,0,0,0
2026-08-13T03:48:15.675214,201,0,0,0,0,0
2026-08-13T03:48:15.675214,200,0,0,0,0,0
2026-08-13T03:48:15.676720,199,0,0,0,0,0
2026-08-13T03:48:15.676720,197,0,0,0,0,0
2026-08-13T03:48:15.677729,198,0,0,0,0,0
2026-08-13T03:48:15.680729,198,0,0,0,0,0
2026-08-13T03:48:15.681730,198,0,0,0,0,0
2026-08-13T03:48:15.681730,197,0,0,0,0,0
2026-08-13T03:48:15.682730,197,0,0,0,0,0
2026-08-13T03:48:15.685246,197,0,0,0,0,0
2026-08-13T03:48:15.686253,197,0,0,0,0,0
2026-08-13T03:48:15.686253,196,0,0,0,0,0
2026-08-13T03:48:15.689253,197,0,0,0,0,0
2026-08-13T03:48:15.689253,196,0,0,0,0,0
2026-08-13T03:48:15.690253,199,0,0,0,0,0
2026-08-13T03:48:15.691257,200,0,0,0,0,0
2026-08-13T03:48:15.692254,200,0,0,0,0,0
2026-08-13T03:48:15.693762,200,0,0,0,0,0
2026-08-13T03:48:15.693762,200,0,0,0,0,0
2026-08-13T03:48:15.697255,200,0,0,0,0,0
2026-08-13T03:48:15.697255,198,0,0,0,0,0
2026-08-13T03:48:15.698389,198,0,0,0,0,0
2026-08-13T03:48:15.701739,198,0,0,0,0,0
2026-08-13T03:48:15.701739,198,0,0,0,0,0
2026-08-13T03:48:15.702756,198,0,0,0,0,0
2026-08-13T03:48:15.702756,198,0,0,0,0,0
2026-08-13T03:48:15.705628,198,0,0,0,0,0
2026-08-13T03:48:15.705628,196,0,0,0,0,0
2026-08-13T03:48:15.706613,196,0,0,0,0,0
2026-08-13T03:48:15.709795,196,0,0,0,0,0
2026-08-13T03:48:15.709795,196,0,0,0,0,0
2026-08-13T03:48:15.710805,198,0,0,0,0,0
2026-08-13T03:48:15.710805,198,0,0,0,0,0
2026-08-13T03:48:15.713805,199,0,0,0,0,0
2026-08-13T03:48:15.714313,199,0,0,0,0,0
2026-08-13T03:48:15.714313,199,0,0,0,0,0
2026-08-13T03:48:15.717773,198,0,0,0,0,0
2026-08-13T03:48:15.717773,197,0,0,0,0,0
2026-08-13T03:48:15.718773,198,0,0,0,0,0
2026-08-13T03:48:15.718773,198,0,0,0,0,0
2026-08-13T03:48:15.721771,198,0,0,0,0,0
2026-08-13T03:48:15.722773,198,0,0,0,0,0
2026-08-13T03:48:15.722773,197,0,0,0,0,0
2026-08-13T03:48:15.726270,196,0,0,0,0,0
2026-08-13T03:48:15.726270,195,0,0,0,0,0
2026-08-13T03:48:15.726270,197,0,0,0,0,0
2026-08-13T03:48:15.730379,196,0,0,0,0,0
2026-08-13T03:48:15.730379,197,0,0,0,0,0
2026-08-13T03:48:15.730379,201,0,0,0,0,0
2026-08-13T03:48:15.731385,201,0,0,0,0,0
2026-08-13T03:48:15.734494,203,0,0,0,0,0
2026-08-13T03:48:15.734494,203,0,0,0,0,0
2026-08-13T03:48:15.735770,203,0,0,0,0,0
2026-08-13T03:48:15.738587,202,0,0,0,0,0
2026-08-13T03:48:15.738587,202,0,0,0,0,0
2026-08-13T03:48:15.739617,203,0,0,0,0,0
2026-08-13T03:48:15.740606,202,0,0,0,0,0
2026-08-13T03:48:15.742739,202,0,0,0,0,0
2026-08-13T03:48:15.742739,203,0,0,0,0,0
2026-08-13T03:48:15.743628,201,0,0,0,0,0
2026-08-13T03:48:15.746659,200,0,0,0,0,0
2026-08-13T03:48:15.746659,200,0,0,0,0,0
2026-08-13T03:48:15.747647,200,0,0,0,0,0
2026-08-13T03:48:15.748648,199,0,0,0,0,0
2026-08-13T03:48:15.750660,201,0,0,0,0,0
2026-08-13T03:48:15.750660,204,0,0,0,0,0
2026-08-13T03:48:15.751660,204,0,0,0,0,0
2026-08-13T03:48:15.754202,205,0,0,0,0,0
2026-08-13T03:48:15.755198,204,0,0,0,0,0
2026-08-13T03:48:15.756196,204,0,0,0,0,0
2026-08-13T03:48:15.756196,203,0,0,0,0,0
2026-08-13T03:48:15.759196,204,0,0,0,0,0
2026-08-13T03:48:15.759196,205,0,0,0,0,0
2026-08-13T03:48:15.760197,204,0,0,0,0,0
2026-08-13T03:48:15.763012,204,0,0,0,0,0
2026-08-13T03:48:15.763992,204,0,0,0,0,0
2026-08-13T03:48:15.764506,204,0,0,0,0,0
2026-08-13T03:48:15.766529,204,0,0,0,0,0
2026-08-13T03:48:15.767526,204,0,0,0,0,0
2026-08-13T03:48:15.767526,206,0,0,0,0,0
2026-08-13T03:48:15.768524,207,0,0,0,0,0
2026-08-13T03:48:15.770524,210,0,0,0,0,0
2026-08-13T03:48:15.771524,213,0,0,0,0,0
2026-08-13T03:48:15.771524,214,0,0,0,0,0
2026-08-13T03:48:15.775041,215,0,0,0,0,0
2026-08-13T03:48:15.775041,217,0,0,0,0,0
2026-08-13T03:48:15.776552,218,0,0,0,0,0
2026-08-13T03:48:15.776552,217,0,0,0,0,0
2026-08-13T03:48:15.779303,218,0,0,0,0,0
2026-08-13T03:48:15.779303,219,0,0,0,0,0
2026-08-13T03:48:15.780318,219,0,0,0,0,0
2026-08-13T03:48:15.782333,220,0,0,0,0,0
2026-08-13T03:48:15.783841,220,0,0,0,0,0
2026-08-13T03:48:15.783841,221,0,0,0,0,0
2026-08-13T03:48:15.784848,219,0,0,0,0,0
2026-08-13T03:48:15.787728,220,0,0,0,0,0
2026-08-13T03:48:15.787728,220,0,0,0,0,0
2026-08-13T03:48:15.787728,220,0,0,0,0,0
2026-08-13T03:48:15.791761,223,0,0,0,0,0
2026-08-13T03:48:15.791761,224,0,0,0,0,0
2026-08-13T03:48:15.792734,225,0,0,0,0,0
2026-08-13T03:48:15.795919,226,0,0,0,0,0
2026-08-13T03:48:15.795919,226,0,0,0,0,0
2026-08-13T03:48:15.796901,226,0,0,0,0,0
2026-08-13T03:48:15.796901,225,0,0,0,0,0
2026-08-13T03:48:15.799897,227,0,0,0,0,0
2026-08-13T03:48:15.799897,228,0,0,0,0,0
2026-08-13T03:48:15.800897,228,0,0,0,0,0
2026-08-13T03:48:15.803898,229,0,0,0,0,0
2026-08-13T03:48:15.804404,228,0,0,0,0,0
2026-08-13T03:48:15.804404,229,0,0,0,0,0
2026-08-13T03:48:15.805412,229,0,0,0,0,0
2026-08-13T03:48:15.807414,230,0,0,0,0,0
2026-08-13T03:48:15.808414,231,0,0,0,0,0
2026-08-13T03:48:15.808414,233,0,0,0,0,0
2026-08-13T03:48:15.811412,237,0,0,0,0,0
2026-08-13T03:48:15.812412,239,0,0,0,0,0
2026-08-13T03:48:15.812412,241,0,0,0,0,0
2026-08-13T03:48:15.812412,242,0,0,0,0,0
2026-08-13T03:48:15.816389,244,0,0,0,0,0
2026-08-13T03:48:15.816389,246,0,0,0,0,0
2026-08-13T03:48:15.816389,248,0,0,0,0,0
2026-08-13T03:48:15.820101,250,0,0,0,0,0
2026-08-13T03:48:15.821093,251,0,0,0,0,0
2026-08-13T03:48:15.821093,251,0,0,0,0,0
2026-08-13T03:48:15.822089,253,0,0,0,0,0
2026-08-13T03:48:15.824614,253,0,0,0,0,0
2026-08-13T03:48:15.825615,254,0,0,0,0,0
2026-08-13T03:48:15.825615,255,0,0,0,0,0
2026-08-13T03:48:15.828624,256,0,0,0,0,0
2026-08-13T03:48:15.829625,258,0,0,0,0,0
2026-08-13T03:48:15.829625,261,0,0,0,0,0
2026-08-13T03:48:15.832630,264,0,0,0,0,0
2026-08-13T03:48:15.833626,266,0,0,0,0,0
2026-08-13T03:48:15.834164,267,0,0,0,0,0
2026-08-13T03:48:15.834164,268,0,0,0,0,0
2026-08-13T03:48:15.836892,268,0,0,0,0,0
2026-08-13T03:48:15.837194,268,0,0,0,0,0
2026-08-13T03:48:15.838195,267,0,0,0,0,0
2026-08-13T03:48:15.840204,267,0,0,0,0,0
2026-08-13T03:48:15.841195,265,0,0,0,0,0
2026-08-13T03:48:15.842195,265,0,0,0,0,0
2026-08-13T03:48:15.842195,264,0,0,0,0,0
2026-08-13T03:48:15.844723,263,0,0,0,0,0
2026-08-13T03:48:15.845721,262,0,0,0,0,0
2026-08-13T03:48:15.846729,261,0,0,0,0,0
2026-08-13T03:48:15.848729,261,0,0,0,0,0
2026-08-13T03:48:15.849729,262,0,0,0,0,0
2026-08-13T03:48:15.849729,263,0,0,0,0,0
2026-08-13T03:48:15.851729,265,0,0,0,0,0
2026-08-13T03:48:15.852729,266,0,0,0,0,0
2026-08-13T03:48:15.853730,267,0,0,0,0,0
2026-08-13T03:48:15.854237,267,0,0,0,0,0
2026-08-13T03:48:15.857253,266,0,0,0,0,0
2026-08-13T03:48:15.857253,265,0,0,0,0,0
2026-08-13T03:48:15.858254,267,0,0,0,0,0
2026-08-13T03:48:15.861257,267,0,0,0,0,0
2026-08-13T03:48:15.861257,266,0,0,0,0,0
2026-08-13T03:48:15.862257,266,0,0,0,0,0
2026-08-13T03:48:15.862257,266,0,0,0,0,0
2026-08-13T03:48:15.864781,265,0,0,0,0,0
2026-08-13T03:48:15.865780,264,0,0,0,0,0
2026-08-13T03:48:15.865780,263,0,0,0,0,0
2026-08-13T03:48:15.869358,263,0,0,0,0,0
2026-08-13T03:48:15.869358,263,0,0,0,0,0
2026-08-13T03:48:15.870372,264,0,0,0,0,0
2026-08-13T03:48:15.870372,266,0,0,0,0,0
2026-08-13T03:48:15.873683,266,0,0,0,0,0
2026-08-13T03:48:15.874197,266,0,0,0,0,0
2026-08-13T03:48:15.875209,266,0,0,0,0,0
2026-08-13T03:48:15.877772,265,0,0,0,0,0
2026-08-13T03:48:15.877772,263,0,0,0,0,0
2026-08-13T03:48:15.878771,264,0,0,0,0,0
2026-08-13T03:48:15.878771,263,0,0,0,0,0
2026-08-13T03:48:15.881782,262,0,0,0,0,0
2026-08-13T03:48:15.881782,262,0,0,0,0,0
2026-08-13T03:48:15.882769,262,0,0,0,0,0
2026-08-13T03:48:15.885847,261,0,0,0,0,0
2026-08-13T03:48:15.885847,260,0,0,0,0,0
2026-08-13T03:48:15.886826,260,0,0,0,0,0
2026-08-13T03:48:15.886826,261,0,0,0,0,0
2026-08-13T03:48:15.890139,262,0,0,0,0,0
2026-08-13T03:48:15.890139,264,0,0,0,0,0
2026-08-13T03:48:15.891208,266,0,0,0,0,0
2026-08-13T03:48:15.894214,266,0,0,0,0,0
2026-08-13T03:48:15.894214,267,0,0,0,0,0
2026-08-13T03:48:15.895338,267,0,0,0,0,0
2026-08-13T03:48:15.898314,266,0,0,0,0,0
2026-08-13T03:48:15.898314,265,0,0,0,0,0
2026-08-13T03:48:15.899345,266,0,0,0,0,0
2026-08-13T03:48:15.900487,265,0,0,0,0,0
2026-08-13T03:48:15.902496,265,0,0,0,0,0
2026-08-13T03:48:15.902496,265,0,0,0,0,0
2026-08-13T03:48:15.902496,264,0,0,0,0,0
2026-08-13T03:48:15.906032,263,0,0,0,0,0
2026-08-13T03:48:15.907037,260,0,0,0,0,0
2026-08-13T03:48:15.908035,261,0,0,0,0,0
2026-08-13T03:48:15.909033,260,0,0,0,0,0
2026-08-13T03:48:15.910032,262,0,0,0,0,0
2026-08-13T03:48:15.911031,263,0,0,0,0,0
2026-08-13T03:48:15.912046,264,0,0,0,0,0
2026-08-13T03:48:15.914045,265,0,0,0,0,0
2026-08-13T03:48:15.915259,264,0,0,0,0,0
2026-08-13T03:48:15.915259,264,0,0,0,0,0
2026-08-13T03:48:15.916246,262,0,0,0,0,0
2026-08-13T03:48:15.918261,261,0,0,0,0,0
2026-08-13T03:48:15.919245,261,0,0,0,0,0
2026-08-13T03:48:15.920259,260,0,0,0,0,0
2026-08-13T03:48:15.922915,259,0,0,0,0,0
2026-08-13T03:48:15.922915,259,0,0,0,0,0
2026-08-13T03:48:15.924047,257,0,0,0,0,0
2026-08-13T03:48:15.925059,257,0,0,0,0,0
2026-08-13T03:48:15.926070,257,0,0,0,0,0
2026-08-13T03:48:15.927175,257,0,0,0,0,0
2026-08-13T03:48:15.928191,256,0,0,0,0,0
2026-08-13T03:48:15.930442,258,0,0,0,0,0
2026-08-13T03:48:15.931441,260,0,0,0,0,0
2026-08-13T03:48:15.931441,261,0,0,0,0,0
2026-08-13T03:48:15.934996,262,0,0,0,0,0
2026-08-13T03:48:15.934996,262,0,0,0,0,0
2026-08-13T03:48:15.935995,262,0,0,0,0,0
2026-08-13T03:48:15.937004,261,0,0,0,0,0
2026-08-13T03:48:15.939033,261,0,0,0,0,0
2026-08-13T03:48:15.939033,263,0,0,0,0,0
2026-08-13T03:48:15.940005,262,0,0,0,0,0
2026-08-13T03:48:15.943006,263,0,0,0,0,0
2026-08-13T03:48:15.944006,263,0,0,0,0,0
2026-08-13T03:48:15.944006,263,0,0,0,0,0
2026-08-13T03:48:15.944006,263,0,0,0,0,0
2026-08-13T03:48:15.947178,263,0,0,0,0,0
2026-08-13T03:48:15.947178,263,0,0,0,0,0
2026-08-13T03:48:15.947178,263,0,0,0,0,0
2026-08-13T03:48:15.950828,265,0,0,0,0,0
2026-08-13T03:48:15.951824,267,0,0,0,0,0
2026-08-13T03:48:15.951824,267,0,0,0,0,0
2026-08-13T03:48:15.952821,268,0,0,0,0,0
2026-08-13T03:48:15.955390,267,0,0,0,0,0
2026-08-13T03:48:15.955390,268,0,0,0,0,0
2026-08-13T03:48:15.956372,267,0,0,0,0,0
2026-08-13T03:48:15.959404,267,0,0,0,0,0
2026-08-13T03:48:15.959404,267,0,0,0,0,0
2026-08-13T03:48:15.960408,266,0,0,0,0,0
2026-08-13T03:48:15.963910,266,0,0,0,0,0
2026-08-13T03:48:15.963910,266,0,0,0,0,0
2026-08-13T03:48:15.963910,265,0,0,0,0,0
2026-08-13T03:48:15.964916,264,0,0,0,0,0
2026-08-13T03:48:15.967939,264,0,0,0,0,0
2026-08-13T03:48:15.967939,264,0,0,0,0,0
2026-08-13T03:48:15.968917,264,0,0,0,0,0
2026-08-13T03:48:15.972111,266,0,0,0,0,0
2026-08-13T03:48:15.972111,267,0,0,0,0,0
2026-08-13T03:48:15.972111,267,0,0,0,0,0
2026-08-13T03:48:15.973625,267,0,0,0,0,0
2026-08-13T03:48:15.975638,268,0,0,0,0,0
2026-08-13T03:48:15.975638,268,0,0,0,0,0
2026-08-13T03:48:15.977146,266,0,0,0,0,0
2026-08-13T03:48:15.980169,267,0,0,0,0,0
2026-08-13T03:48:15.980169,268,0,0,0,0,0
2026-08-13T03:48:15.981155,268,0,0,0,0,0
2026-08-13T03:48:15.981155,268,0,0,0,0,0
2026-08-13T03:48:15.983678,267,0,0,0,0,0
2026-08-13T03:48:15.985208,266,0,0,0,0,0
2026-08-13T03:48:15.985208,265,0,0,0,0,0
2026-08-13T03:48:15.987729,266,0,0,0,0,0
2026-08-13T03:48:15.988738,265,0,0,0,0,0
2026-08-13T03:48:15.989480,265,0,0,0,0,0
2026-08-13T03:48:15.989989,269,0,0,0,0,0
2026-08-13T03:48:15.992286,270,0,0,0,0,0
2026-08-13T03:48:15.992286,271,0,0,0,0,0
2026-08-13T03:48:15.993843,271,0,0,0,0,0
2026-08-13T03:48:15.995915,271,0,0,0,0,0
2026-08-13T03:48:15.996894,270,0,0,0,0,0
2026-08-13T03:48:15.996894,268,0,0,0,0,0
2026-08-13T03:48:15.999922,269,0,0,0,0,0
2026-08-13T03:48:16.000892,269,0,0,0,0,0
2026-08-13T03:48:16.001896,267,0,0,0,0,0
2026-08-13T03:48:16.001896,267,0,0,0,0,0
2026-08-13T03:48:16.004465,267,0,0,0,0,0
2026-08-13T03:48:16.005461,266,0,0,0,0,0
2026-08-13T03:48:16.005461,265,0,0,0,0,0
2026-08-13T03:48:16.008968,266,0,0,0,0,0
2026-08-13T03:48:16.008968,265,0,0,0,0,0
2026-08-13T03:48:16.009994,266,0,0,0,0,0
2026-08-13T03:48:16.009994,269,0,0,0,0,0
2026-08-13T03:48:16.012994,269,0,0,0,0,0
2026-08-13T03:48:16.012994,270,0,0,0,0,0
2026-08-13T03:48:16.013995,270,0,0,0,0,0
2026-08-13T03:48:16.016526,270,0,0,0,0,0
2026-08-13T03:48:16.017524,269,0,0,0,0,0
2026-08-13T03:48:16.017524,268,0,0,0,0,0
2026-08-13T03:48:16.018525,269,0,0,0,0,0
2026-08-13T03:48:16.020526,267,0,0,0,0,0
2026-08-13T03:48:16.021526,267,0,0,0,0,0
2026-08-13T03:48:16.021526,267,0,0,0,0,0
2026-08-13T03:48:16.025044,267,0,0,0,0,0
2026-08-13T03:48:16.025044,265,0,0,0,0,0
2026-08-13T03:48:16.026050,267,0,0,0,0,0
2026-08-13T03:48:16.029056,266,0,0,0,0,0
2026-08-13T03:48:16.029056,266,0,0,0,0,0
2026-08-13T03:48:16.029056,268,0,0,0,0,0
2026-08-13T03:48:16.029056,270,0,0,0,0,0
2026-08-13T03:48:16.032813,269,0,0,0,0,0
2026-08-13T03:48:16.033798,270,0,0,0,0,0
2026-08-13T03:48:16.034305,270,0,0,0,0,0
2026-08-13T03:48:16.037316,269,0,0,0,0,0
2026-08-13T03:48:16.037316,267,0,0,0,0,0
2026-08-13T03:48:16.038313,268,0,0,0,0,0
2026-08-13T03:48:16.038313,269,0,0,0,0,0
2026-08-13T03:48:16.041313,268,0,0,0,0,0
2026-08-13T03:48:16.041313,268,0,0,0,0,0
2026-08-13T03:48:16.042311,268,0,0,0,0,0
2026-08-13T03:48:16.044828,268,0,0,0,0,0
2026-08-13T03:48:16.045845,266,0,0,0,0,0
2026-08-13T03:48:16.045845,266,0,0,0,0,0
2026-08-13T03:48:16.045845,266,0,0,0,0,0
2026-08-13T03:48:16.049862,266,0,0,0,0,0
2026-08-13T03:48:16.049862,267,0,0,0,0,0
2026-08-13T03:48:16.049862,269,0,0,0,0,0
2026-08-13T03:48:16.053856,269,0,0,0,0,0
2026-08-13T03:48:16.053856,270,0,0,0,0,0
2026-08-13T03:48:16.053856,269,0,0,0,0,0
2026-08-13T03:48:16.053856,269,0,0,0,0,0
2026-08-13T03:48:16.056998,268,0,0,0,0,0
2026-08-13T03:48:16.058324,268,0,0,0,0,0
2026-08-13T03:48:16.058324,268,0,0,0,0,0
2026-08-13T03:48:16.061954,268,0,0,0,0,0
2026-08-13T03:48:16.061954,268,0,0,0,0,0
2026-08-13T03:48:16.062974,267,0,0,0,0,0
2026-08-13T03:48:16.066031,267,0,0,0,0,0
2026-08-13T03:48:16.066031,266,0,0,0,0,0
2026-08-13T03:48:16.067013,265,0,0,0,0,0
2026-08-13T03:48:16.067013,266,0,0,0,0,0
2026-08-13T03:48:16.070028,265,0,0,0,0,0
2026-08-13T03:48:16.070028,269,0,0,0,0,0
2026-08-13T03:48:16.071031,270,0,0,0,0,0
2026-08-13T03:48:16.074523,270,0,0,0,0,0
2026-08-13T03:48:16.074523,270,0,0,0,0,0
2026-08-13T03:48:16.074523,270,0,0,0,0,0
2026-08-13T03:48:16.075531,269,0,0,0,0,0
2026-08-13T03:48:16.078047,268,0,0,0,0,0
2026-08-13T03:48:16.079049,269,0,0,0,0,0
2026-08-13T03:48:16.079049,268,0,0,0,0,0
2026-08-13T03:48:16.082050,268,0,0,0,0,0
2026-08-13T03:48:16.083048,268,0,0,0,0,0
2026-08-13T03:48:16.083048,267,0,0,0,0,0
2026-08-13T03:48:16.084048,267,0,0,0,0,0
2026-08-13T03:48:16.086575,265,0,0,0,0,0
2026-08-13T03:48:16.086575,265,0,0,0,0,0
2026-08-13T03:48:16.087574,265,0,0,0,0,0
2026-08-13T03:48:16.090571,266,0,0,0,0,0
2026-08-13T03:48:16.090571,269,0,0,0,0,0
2026-08-13T03:48:16.091572,269,0,0,0,0,0
2026-08-13T03:48:16.094080,270,0,0,0,0,0
2026-08-13T03:48:16.095088,270,0,0,0,0,0
2026-08-13T03:48:16.096095,270,0,0,0,0,0
2026-08-13T03:48:16.096095,269,0,0,0,0,0
2026-08-13T03:48:16.099095,268,0,0,0,0,0
2026-08-13T03:48:16.099095,269,0,0,0,0,0
2026-08-13T03:48:16.100094,268,0,0,0,0,0
2026-08-13T03:48:16.102095,268,0,0,0,0,0
2026-08-13T03:48:16.103602,267,0,0,0,0,0
2026-08-13T03:48:16.103602,267,0,0,0,0,0
2026-08-13T03:48:16.104611,266,0,0,0,0,0
2026-08-13T03:48:16.106617,266,0,0,0,0,0
2026-08-13T03:48:16.107617,266,0,0,0,0,0
2026-08-13T03:48:16.107617,266,0,0,0,0,0
2026-08-13T03:48:16.110630,267,0,0,0,0,0
2026-08-13T03:48:16.111617,269,0,0,0,0,0
2026-08-13T03:48:16.111617,270,0,0,0,0,0
2026-08-13T03:48:16.111617,271,0,0,0,0,0
2026-08-13T03:48:16.114820,270,0,0,0,0,0
2026-08-13T03:48:16.115828,270,0,0,0,0,0
2026-08-13T03:48:16.115828,268,0,0,0,0,0
2026-08-13T03:48:16.118823,268,0,0,0,0,0
2026-08-13T03:48:16.119820,269,0,0,0,0,0
2026-08-13T03:48:16.120820,268,0,0,0,0,0
2026-08-13T03:48:16.120820,267,0,0,0,0,0
2026-08-13T03:48:16.123809,267,0,0,0,0,0
2026-08-13T03:48:16.123809,267,0,0,0,0,0
2026-08-13T03:48:16.125048,266,0,0,0,0,0
2026-08-13T03:48:16.127058,266,0,0,0,0,0
2026-08-13T03:48:16.128056,266,0,0,0,0,0
2026-08-13T03:48:16.129056,266,0,0,0,0,0
2026-08-13T03:48:16.131054,267,0,0,0,0,0
2026-08-13T03:48:16.132054,269,0,0,0,0,0
2026-08-13T03:48:16.132054,269,0,0,0,0,0
2026-08-13T03:48:16.133566,270,0,0,0,0,0
2026-08-13T03:48:16.135577,270,0,0,0,0,0
2026-08-13T03:48:16.136586,269,0,0,0,0,0
2026-08-13T03:48:16.136586,268,0,0,0,0,0
2026-08-13T03:48:16.139585,268,0,0,0,0,0
2026-08-13T03:48:16.140584,268,0,0,0,0,0
2026-08-13T03:48:16.140584,268,0,0,0,0,0
2026-08-13T03:48:16.140584,268,0,0,0,0,0
2026-08-13T03:48:16.144066,268,0,0,0,0,0
2026-08-13T03:48:16.144066,268,0,0,0,0,0
2026-08-13T03:48:16.144066,267,0,0,0,0,0
2026-08-13T03:48:16.148203,266,0,0,0,0,0
2026-08-13T03:48:16.148203,267,0,0,0,0,0
2026-08-13T03:48:16.149194,268,0,0,0,0,0
2026-08-13T03:48:16.149194,270,0,0,0,0,0
2026-08-13T03:48:16.152265,271,0,0,0,0,0
2026-08-13T03:48:16.152265,273,0,0,0,0,0
2026-08-13T03:48:16.153791,273,0,0,0,0,0
2026-08-13T03:48:16.156363,273,0,0,0,0,0
2026-08-13T03:48:16.156363,273,0,0,0,0,0
2026-08-13T03:48:16.157591,272,0,0,0,0,0
2026-08-13T03:48:16.160466,273,0,0,0,0,0
2026-08-13T03:48:16.160466,274,0,0,0,0,0
2026-08-13T03:48:16.161506,273,0,0,0,0,0
2026-08-13T03:48:16.161506,274,0,0,0,0,0
2026-08-13T03:48:16.164007,274,0,0,0,0,0
2026-08-13T03:48:16.165015,273,0,0,0,0,0
2026-08-13T03:48:16.165015,272,0,0,0,0,0
2026-08-13T03:48:16.168524,273,0,0,0,0,0
2026-08-13T03:48:16.169525,274,0,0,0,0,0
2026-08-13T03:48:16.169525,274,0,0,0,0,0
2026-08-13T03:48:16.170522,277,0,0,0,0,0
2026-08-13T03:48:16.172738,278,0,0,0,0,0
2026-08-13T03:48:16.172738,279,0,0,0,0,0
2026-08-13T03:48:16.173619,279,0,0,0,0,0
2026-08-13T03:48:16.175651,279,0,0,0,0,0
2026-08-13T03:48:16.177163,278,0,0,0,0,0
2026-08-13T03:48:16.177163,276,0,0,0,0,0
2026-08-13T03:48:16.178196,277,0,0,0,0,0
2026-08-13T03:48:16.180173,276,0,0,0,0,0
2026-08-13T03:48:16.181175,276,0,0,0,0,0
2026-08-13T03:48:16.182176,276,0,0,0,0,0
2026-08-13T03:48:16.184695,275,0,0,0,0,0
2026-08-13T03:48:16.184695,274,0,0,0,0,0
2026-08-13T03:48:16.185700,274,0,0,0,0,0
2026-08-13T03:48:16.185700,274,0,0,0,0,0
2026-08-13T03:48:16.188712,274,0,0,0,0,0
2026-08-13T03:48:16.189698,276,0,0,0,0,0
2026-08-13T03:48:16.189698,278,0,0,0,0,0
2026-08-13T03:48:16.192693,279,0,0,0,0,0
2026-08-13T03:48:16.193718,280,0,0,0,0,0
2026-08-13T03:48:16.193718,279,0,0,0,0,0
2026-08-13T03:48:16.197089,278,0,0,0,0,0
2026-08-13T03:48:16.197089,276,0,0,0,0,0
2026-08-13T03:48:16.198089,275,0,0,0,0,0
2026-08-13T03:48:16.198089,276,0,0,0,0,0
2026-08-13T03:48:16.201416,275,0,0,0,0,0
2026-08-13T03:48:16.201416,275,0,0,0,0,0
2026-08-13T03:48:16.202433,274,0,0,0,0,0
2026-08-13T03:48:16.205424,274,0,0,0,0,0
2026-08-13T03:48:16.205424,272,0,0,0,0,0
2026-08-13T03:48:16.206437,271,0,0,0,0,0
2026-08-13T03:48:16.207425,270,0,0,0,0,0
2026-08-13T03:48:16.209437,269,0,0,0,0,0
2026-08-13T03:48:16.209437,270,0,0,0,0,0
2026-08-13T03:48:16.210424,271,0,0,0,0,0
2026-08-13T03:48:16.213832,270,0,0,0,0,0
2026-08-13T03:48:16.213832,270,0,0,0,0,0
2026-08-13T03:48:16.214839,268,0,0,0,0,0
2026-08-13T03:48:16.214839,266,0,0,0,0,0
2026-08-13T03:48:16.217839,263,0,0,0,0,0
2026-08-13T03:48:16.217839,262,0,0,0,0,0
2026-08-13T03:48:16.217839,262,0,0,0,0,0
2026-08-13T03:48:16.221841,261,0,0,0,0,0
2026-08-13T03:48:16.221841,262,0,0,0,0,0
2026-08-13T03:48:16.222840,260,0,0,0,0,0
2026-08-13T03:48:16.222840,260,0,0,0,0,0
2026-08-13T03:48:16.225358,259,0,0,0,0,0
2026-08-13T03:48:16.226367,259,0,0,0,0,0
2026-08-13T03:48:16.227370,260,0,0,0,0,0
2026-08-13T03:48:16.230079,261,0,0,0,0,0
2026-08-13T03:48:16.230079,263,0,0,0,0,0
2026-08-13T03:48:16.231085,265,0,0,0,0,0
2026-08-13T03:48:16.233991,266,0,0,0,0,0
2026-08-13T03:48:16.233991,267,0,0,0,0,0
2026-08-13T03:48:16.235008,267,0,0,0,0,0
2026-08-13T03:48:16.235008,266,0,0,0,0,0
2026-08-13T03:48:16.238029,265,0,0,0,0,0
2026-08-13T03:48:16.238029,265,0,0,0,0,0
2026-08-13T03:48:16.239034,265,0,0,0,0,0
2026-08-13T03:48:16.242034,264,0,0,0,0,0
2026-08-13T03:48:16.243041,263,0,0,0,0,0
2026-08-13T03:48:16.243041,263,0,0,0,0,0
2026-08-13T03:48:16.244533,262,0,0,0,0,0
2026-08-13T03:48:16.246042,261,0,0,0,0,0
2026-08-13T03:48:16.247060,260,0,0,0,0,0
2026-08-13T03:48:16.247060,259,0,0,0,0,0
2026-08-13T03:48:16.250563,260,0,0,0,0,0
2026-08-13T03:48:16.250563,263,0,0,0,0,0
2026-08-13T03:48:16.251596,263,0,0,0,0,0
2026-08-13T03:48:16.252595,264,0,0,0,0,0
2026-08-13T03:48:16.254611,264,0,0,0,0,0
2026-08-13T03:48:16.254611,264,0,0,0,0,0
2026-08-13T03:48:16.255875,262,0,0,0,0,0
2026-08-13T03:48:16.258860,261,0,0,0,0,0
2026-08-13T03:48:16.258860,262,0,0,0,0,0
2026-08-13T03:48:16.259866,262,0,0,0,0,0
2026-08-13T03:48:16.262009,260,0,0,0,0,0
2026-08-13T03:48:16.263008,261,0,0,0,0,0
2026-08-13T03:48:16.264020,260,0,0,0,0,0
2026-08-13T03:48:16.264566,258,0,0,0,0,0
2026-08-13T03:48:16.266597,257,0,0,0,0,0
2026-08-13T03:48:16.267621,257,0,0,0,0,0
2026-08-13T03:48:16.267621,258,0,0,0,0,0
2026-08-13T03:48:16.270617,257,0,0,0,0,0
2026-08-13T03:48:16.271618,260,0,0,0,0,0
2026-08-13T03:48:16.271618,261,0,0,0,0,0
2026-08-13T03:48:16.272617,261,0,0,0,0,0
2026-08-13T03:48:16.275143,261,0,0,0,0,0
2026-08-13T03:48:16.275143,260,0,0,0,0,0
2026-08-13T03:48:16.276161,260,0,0,0,0,0
2026-08-13T03:48:16.279242,259,0,0,0,0,0
2026-08-13T03:48:16.279242,259,0,0,0,0,0
2026-08-13T03:48:16.280259,259,0,0,0,0,0
2026-08-13T03:48:16.280259,259,0,0,0,0,0
2026-08-13T03:48:16.283339,259,0,0,0,0,0
2026-08-13T03:48:16.283863,258,0,0,0,0,0
2026-08-13T03:48:16.283863,257,0,0,0,0,0
2026-08-13T03:48:16.286893,256,0,0,0,0,0
2026-08-13T03:48:16.287878,257,0,0,0,0,0
2026-08-13T03:48:16.288878,256,0,0,0,0,0
2026-08-13T03:48:16.288878,258,0,0,0,0,0
2026-08-13T03:48:16.290790,260,0,0,0,0,0
2026-08-13T03:48:16.291802,260,0,0,0,0,0
2026-08-13T03:48:16.292800,261,0,0,0,0,0
2026-08-13T03:48:16.295321,260,0,0,0,0,0
2026-08-13T03:48:16.295321,260,0,0,0,0,0
2026-08-13T03:48:16.296318,259,0,0,0,0,0
2026-08-13T03:48:16.299318,259,0,0,0,0,0
2026-08-13T03:48:16.300319,259,0,0,0,0,0
2026-08-13T03:48:16.300319,258,0,0,0,0,0
2026-08-13T03:48:16.300319,259,0,0,0,0,0
2026-08-13T03:48:16.303826,257,0,0,0,0,0
2026-08-13T03:48:16.303826,257,0,0,0,0,0
2026-08-13T03:48:16.304835,256,0,0,0,0,0
2026-08-13T03:48:16.307849,255,0,0,0,0,0
2026-08-13T03:48:16.307849,256,0,0,0,0,0
2026-08-13T03:48:16.308851,256,0,0,0,0,0
2026-08-13T03:48:16.308851,257,0,0,0,0,0
2026-08-13T03:48:16.312114,260,0,0,0,0,0
2026-08-13T03:48:16.312114,260,0,0,0,0,0
2026-08-13T03:48:16.313138,260,0,0,0,0,0
2026-08-13T03:48:16.315703,259,0,0,0,0,0
2026-08-13T03:48:16.316758,260,0,0,0,0,0
2026-08-13T03:48:16.316758,259,0,0,0,0,0
2026-08-13T03:48:16.317741,260,0,0,0,0,0
2026-08-13T03:48:16.319754,260,0,0,0,0,0
2026-08-13T03:48:16.320753,259,0,0,0,0,0
2026-08-13T03:48:16.320753,261,0,0,0,0,0
2026-08-13T03:48:16.323752,260,0,0,0,0,0
2026-08-13T03:48:16.324762,260,0,0,0,0,0
2026-08-13T03:48:16.324762,259,0,0,0,0,0
2026-08-13T03:48:16.327774,258,0,0,0,0,0
2026-08-13T03:48:16.328760,258,0,0,0,0,0
2026-08-13T03:48:16.328760,258,0,0,0,0,0
2026-08-13T03:48:16.329774,260,0,0,0,0,0
2026-08-13T03:48:16.332225,261,0,0,0,0,0
2026-08-13T03:48:16.332225,262,0,0,0,0,0
2026-08-13T03:48:16.333777,261,0,0,0,0,0
2026-08-13T03:48:16.335800,261,0,0,0,0,0
2026-08-13T03:48:16.336786,260,0,0,0,0,0
2026-08-13T03:48:16.337787,259,0,0,0,0,0
2026-08-13T03:48:16.337787,259,0,0,0,0,0
2026-08-13T03:48:16.340786,259,0,0,0,0,0
2026-08-13T03:48:16.340786,258,0,0,0,0,0
2026-08-13T03:48:16.341791,258,0,0,0,0,0
2026-08-13T03:48:16.344296,257,0,0,0,0,0
2026-08-13T03:48:16.345307,257,0,0,0,0,0
2026-08-13T03:48:16.346319,256,0,0,0,0,0
2026-08-13T03:48:16.346319,255,0,0,0,0,0
2026-08-13T03:48:16.348318,254,0,0,0,0,0
2026-08-13T03:48:16.349316,255,0,0,0,0,0
2026-08-13T03:48:16.349316,257,0,0,0,0,0
2026-08-13T03:48:16.352317,258,0,0,0,0,0
2026-08-13T03:48:16.353570,259,0,0,0,0,0
2026-08-13T03:48:16.353570,259,0,0,0,0,0
2026-08-13T03:48:16.354581,258,0,0,0,0,0
2026-08-13T03:48:16.357580,256,0,0,0,0,0
2026-08-13T03:48:16.358591,254,0,0,0,0,0
2026-08-13T03:48:16.358591,254,0,0,0,0,0
2026-08-13T03:48:16.360582,253,0,0,0,0,0
2026-08-13T03:48:16.361580,252,0,0,0,0,0
2026-08-13T03:48:16.361580,251,0,0,0,0,0
2026-08-13T03:48:16.365166,249,0,0,0,0,0
2026-08-13T03:48:16.365166,249,0,0,0,0,0
2026-08-13T03:48:16.366164,249,0,0,0,0,0
2026-08-13T03:48:16.367163,250,0,0,0,0,0
2026-08-13T03:48:16.369165,250,0,0,0,0,0
2026-08-13T03:48:16.369165,250,0,0,0,0,0
2026-08-13T03:48:16.370177,253,0,0,0,0,0
2026-08-13T03:48:16.373438,253,0,0,0,0,0
2026-08-13T03:48:16.374094,253,0,0,0,0,0
2026-08-13T03:48:16.375111,252,0,0,0,0,0
2026-08-13T03:48:16.376108,251,0,0,0,0,0
2026-08-13T03:48:16.378254,250,0,0,0,0,0
2026-08-13T03:48:16.378254,249,0,0,0,0,0
2026-08-13T03:48:16.379252,249,0,0,0,0,0
2026-08-13T03:48:16.381253,247,0,0,0,0,0
2026-08-13T03:48:16.382252,247,0,0,0,0,0
2026-08-13T03:48:16.382252,247,0,0,0,0,0
2026-08-13T03:48:16.382252,247,0,0,0,0,0
2026-08-13T03:48:16.385772,246,0,0,0,0,0
2026-08-13T03:48:16.385772,246,0,0,0,0,0
2026-08-13T03:48:16.386782,246,0,0,0,0,0
2026-08-13T03:48:16.389782,246,0,0,0,0,0
2026-08-13T03:48:16.390780,249,0,0,0,0,0
2026-08-13T03:48:16.392779,250,0,0,0,0,0
2026-08-13T03:48:16.392779,251,0,0,0,0,0
2026-08-13T03:48:16.393779,252,0,0,0,0,0
2026-08-13T03:48:16.394284,252,0,0,0,0,0
2026-08-13T03:48:16.395292,252,0,0,0,0,0
2026-08-13T03:48:16.397298,250,0,0,0,0,0
2026-08-13T03:48:16.398298,250,0,0,0,0,0
2026-08-13T03:48:16.398298,249,0,0,0,0,0
2026-08-13T03:48:16.401300,249,0,0,0,0,0
2026-08-13T03:48:16.402297,249,0,0,0,0,0
2026-08-13T03:48:16.402297,249,0,0,0,0,0
2026-08-13T03:48:16.402297,247,0,0,0,0,0
2026-08-13T03:48:16.405814,247,0,0,0,0,0
2026-08-13T03:48:16.405814,247,0,0,0,0,0
2026-08-13T03:48:16.406822,247,0,0,0,0,0
2026-08-13T03:48:16.409821,247,0,0,0,0,0
2026-08-13T03:48:16.409821,249,0,0,0,0,0
2026-08-13T03:48:16.410822,251,0,0,0,0,0
2026-08-13T03:48:16.410822,251,0,0,0,0,0
2026-08-13T03:48:16.414326,251,0,0,0,0,0
2026-08-13T03:48:16.414326,251,0,0,0,0,0
2026-08-13T03:48:16.415335,251,0,0,0,0,0
2026-08-13T03:48:16.418341,249,0,0,0,0,0
2026-08-13T03:48:16.418341,250,0,0,0,0,0
2026-08-13T03:48:16.418341,250,0,0,0,0,0
2026-08-13T03:48:16.419343,249,0,0,0,0,0
2026-08-13T03:48:16.422339,249,0,0,0,0,0
2026-08-13T03:48:16.422339,249,0,0,0,0,0
2026-08-13T03:48:16.422339,249,0,0,0,0,0
2026-08-13T03:48:16.425852,248,0,0,0,0,0
2026-08-13T03:48:16.426857,248,0,0,0,0,0
2026-08-13T03:48:16.426857,247,0,0,0,0,0
2026-08-13T03:48:16.430350,247,0,0,0,0,0
2026-08-13T03:48:16.430350,249,0,0,0,0,0
2026-08-13T03:48:16.431349,251,0,0,0,0,0
2026-08-13T03:48:16.431349,251,0,0,0,0,0
2026-08-13T03:48:16.434866,251,0,0,0,0,0
2026-08-13T03:48:16.434866,251,0,0,0,0,0
2026-08-13T03:48:16.434866,250,0,0,0,0,0
2026-08-13T03:48:16.438875,250,0,0,0,0,0
2026-08-13T03:48:16.438875,250,0,0,0,0,0
2026-08-13T03:48:16.438875,250,0,0,0,0,0
2026-08-13T03:48:16.439877,249,0,0,0,0,0
2026-08-13T03:48:16.442873,250,0,0,0,0,0
2026-08-13T03:48:16.442873,249,0,0,0,0,0
2026-08-13T03:48:16.442873,248,0,0,0,0,0
2026-08-13T03:48:16.446393,247,0,0,0,0,0
2026-08-13T03:48:16.447628,247,0,0,0,0,0
2026-08-13T03:48:16.447628,247,0,0,0,0,0
2026-08-13T03:48:16.447628,247,0,0,0,0,0
2026-08-13T03:48:16.451369,250,0,0,0,0,0
2026-08-13T03:48:16.451369,251,0,0,0,0,0
2026-08-13T03:48:16.451369,251,0,0,0,0,0
2026-08-13T03:48:16.455395,251,0,0,0,0,0
2026-08-13T03:48:16.455395,252,0,0,0,0,0
2026-08-13T03:48:16.455395,250,0,0,0,0,0
2026-08-13T03:48:16.455395,250,0,0,0,0,0
2026-08-13T03:48:16.459026,250,0,0,0,0,0
2026-08-13T03:48:16.460010,250,0,0,0,0,0
2026-08-13T03:48:16.460010,249,0,0,0,0,0
2026-08-13T03:48:16.463030,249,0,0,0,0,0
2026-08-13T03:48:16.464012,249,0,0,0,0,0
2026-08-13T03:48:16.464012,247,0,0,0,0,0
2026-08-13T03:48:16.467535,247,0,0,0,0,0
2026-08-13T03:48:16.467535,247,0,0,0,0,0
2026-08-13T03:48:16.468521,247,0,0,0,0,0
2026-08-13T03:48:16.468521,247,0,0,0,0,0
2026-08-13T03:48:16.471840,250,0,0,0,0,0
2026-08-13T03:48:16.471840,251,0,0,0,0,0
2026-08-13T03:48:16.471840,252,0,0,0,0,0
2026-08-13T03:48:16.475377,251,0,0,0,0,0
2026-08-13T03:48:16.476378,251,0,0,0,0,0
2026-08-13T03:48:16.476378,249,0,0,0,0,0
2026-08-13T03:48:16.477377,250,0,0,0,0,0
2026-08-13T03:48:16.479303,250,0,0,0,0,0
2026-08-13T03:48:16.480281,249,0,0,0,0,0
2026-08-13T03:48:16.480281,250,0,0,0,0,0
2026-08-13T03:48:16.483802,249,0,0,0,0,0
2026-08-13T03:48:16.483802,248,0,0,0,0,0
2026-08-13T03:48:16.484819,248,0,0,0,0,0
2026-08-13T03:48:16.484819,247,0,0,0,0,0
2026-08-13T03:48:16.487832,247,0,0,0,0,0
2026-08-13T03:48:16.487832,247,0,0,0,0,0
2026-08-13T03:48:16.488833,249,0,0,0,0,0
2026-08-13T03:48:16.492328,251,0,0,0,0,0
2026-08-13T03:48:16.492328,251,0,0,0,0,0
2026-08-13T03:48:16.492990,251,0,0,0,0,0
2026-08-13T03:48:16.495795,251,0,0,0,0,0
2026-08-13T03:48:16.496792,251,0,0,0,0,0
2026-08-13T03:48:16.496792,249,0,0,0,0,0
2026-08-13T03:48:16.497729,249,0,0,0,0,0
2026-08-13T03:48:16.500462,249,0,0,0,0,0
2026-08-13T03:48:16.501109,248,0,0,0,0,0
2026-08-13T03:48:16.501109,248,0,0,0,0,0
2026-08-13T03:48:16.504520,248,0,0,0,0,0
2026-08-13T03:48:16.504520,248,0,0,0,0,0
2026-08-13T03:48:16.505748,246,0,0,0,0,0
2026-08-13T03:48:16.506762,246,0,0,0,0,0
2026-08-13T03:48:16.507748,247,0,0,0,0,0
2026-08-13T03:48:16.508798,246,0,0,0,0,0
2026-08-13T03:48:16.509810,248,0,0,0,0,0
2026-08-13T03:48:16.512807,249,0,0,0,0,0
2026-08-13T03:48:16.512807,249,0,0,0,0,0
2026-08-13T03:48:16.513823,250,0,0,0,0,0
2026-08-13T03:48:16.514364,250,0,0,0,0,0
2026-08-13T03:48:16.516373,248,0,0,0,0,0
2026-08-13T03:48:16.517373,247,0,0,0,0,0
2026-08-13T03:48:16.517373,248,0,0,0,0,0
2026-08-13T03:48:16.520371,248,0,0,0,0,0
2026-08-13T03:48:16.521358,248,0,0,0,0,0
2026-08-13T03:48:16.521358,247,0,0,0,0,0
2026-08-13T03:48:16.522372,247,0,0,0,0,0
2026-08-13T03:48:16.524891,246,0,0,0,0,0
2026-08-13T03:48:16.525892,245,0,0,0,0,0
2026-08-13T03:48:16.525892,245,0,0,0,0,0
2026-08-13T03:48:16.529118,246,0,0,0,0,0
2026-08-13T03:48:16.529118,245,0,0,0,0,0
2026-08-13T03:48:16.530157,248,0,0,0,0,0
2026-08-13T03:48:16.533189,249,0,0,0,0,0
2026-08-13T03:48:16.533711,250,0,0,0,0,0
2026-08-13T03:48:16.533711,249,0,0,0,0,0
2026-08-13T03:48:16.534727,249,0,0,0,0,0
2026-08-13T03:48:16.537290,248,0,0,0,0,0
2026-08-13T03:48:16.537290,248,0,0,0,0,0
2026-08-13T03:48:16.538321,249,0,0,0,0,0
2026-08-13T03:48:16.541308,248,0,0,0,0,0
2026-08-13T03:48:16.541308,247,0,0,0,0,0
2026-08-13T03:48:16.542308,247,0,0,0,0,0
2026-08-13T03:48:16.542308,246,0,0,0,0,0
2026-08-13T03:48:16.544827,246,0,0,0,0,0
2026-08-13T03:48:16.545828,245,0,0,0,0,0
2026-08-13T03:48:16.545828,245,0,0,0,0,0
2026-08-13T03:48:16.548829,245,0,0,0,0,0
2026-08-13T03:48:16.549827,247,0,0,0,0,0
2026-08-13T03:48:16.549827,249,0,0,0,0,0
2026-08-13T03:48:16.550829,250,0,0,0,0,0
2026-08-13T03:48:16.552828,251,0,0,0,0,0
2026-08-13T03:48:16.553827,250,0,0,0,0,0
2026-08-13T03:48:16.554334,250,0,0,0,0,0
2026-08-13T03:48:16.557352,249,0,0,0,0,0
2026-08-13T03:48:16.558358,248,0,0,0,0,0
2026-08-13T03:48:16.558358,250,0,0,0,0,0
2026-08-13T03:48:16.561875,248,0,0,0,0,0
2026-08-13T03:48:16.561875,247,0,0,0,0,0
2026-08-13T03:48:16.562912,248,0,0,0,0,0
2026-08-13T03:48:16.563909,247,0,0,0,0,0
2026-08-13T03:48:16.565955,246,0,0,0,0,0
2026-08-13T03:48:16.565955,246,0,0,0,0,0
2026-08-13T03:48:16.566979,247,0,0,0,0,0
2026-08-13T03:48:16.570064,247,0,0,0,0,0
2026-08-13T03:48:16.570064,248,0,0,0,0,0
2026-08-13T03:48:16.571094,250,0,0,0,0,0
2026-08-13T03:48:16.571094,251,0,0,0,0,0
2026-08-13T03:48:16.573682,252,0,0,0,0,0
2026-08-13T03:48:16.573682,252,0,0,0,0,0
2026-08-13T03:48:16.574951,251,0,0,0,0,0
2026-08-13T03:48:16.578264,250,0,0,0,0,0
2026-08-13T03:48:16.578264,250,0,0,0,0,0
2026-08-13T03:48:16.579395,250,0,0,0,0,0
2026-08-13T03:48:16.580395,249,0,0,0,0,0
2026-08-13T03:48:16.582322,250,0,0,0,0,0
2026-08-13T03:48:16.582322,249,0,0,0,0,0
2026-08-13T03:48:16.583856,247,0,0,0,0,0
2026-08-13T03:48:16.585879,247,0,0,0,0,0
2026-08-13T03:48:16.586875,247,0,0,0,0,0
2026-08-13T03:48:16.587875,247,0,0,0,0,0
2026-08-13T03:48:16.587875,248,0,0,0,0,0
2026-08-13T03:48:16.589886,250,0,0,0,0,0
2026-08-13T03:48:16.590874,252,0,0,0,0,0
2026-08-13T03:48:16.591877,252,0,0,0,0,0
2026-08-13T03:48:16.594380,253,0,0,0,0,0
2026-08-13T03:48:16.595408,253,0,0,0,0,0
2026-08-13T03:48:16.595408,252,0,0,0,0,0
2026-08-13T03:48:16.598403,251,0,0,0,0,0
2026-08-13T03:48:16.599393,251,0,0,0,0,0
2026-08-13T03:48:16.599393,252,0,0,0,0,0
2026-08-13T03:48:16.600406,251,0,0,0,0,0
2026-08-13T03:48:16.602404,250,0,0,0,0,0
2026-08-13T03:48:16.602404,250,0,0,0,0,0
2026-08-13T03:48:16.603915,250,0,0,0,0,0
2026-08-13T03:48:16.606932,248,0,0,0,0,0
2026-08-13T03:48:16.607926,248,0,0,0,0,0
2026-08-13T03:48:16.607926,248,0,0,0,0,0
2026-08-13T03:48:16.608929,248,0,0,0,0,0
2026-08-13T03:48:16.610925,251,0,0,0,0,0
2026-08-13T03:48:16.610925,252,0,0,0,0,0
2026-08-13T03:48:16.611939,253,0,0,0,0,0
2026-08-13T03:48:16.614612,253,0,0,0,0,0
2026-08-13T03:48:16.614612,253,0,0,0,0,0
2026-08-13T03:48:16.616149,252,0,0,0,0,0
2026-08-13T03:48:16.617136,251,0,0,0,0,0
2026-08-13T03:48:16.619135,252,0,0,0,0,0
2026-08-13T03:48:16.620140,252,0,0,0,0,0
2026-08-13T03:48:16.620140,251,0,0,0,0,0
2026-08-13T03:48:16.623319,251,0,0,0,0,0
2026-08-13T03:48:16.623941,251,0,0,0,0,0
2026-08-13T03:48:16.624956,250,0,0,0,0,0
2026-08-13T03:48:16.625952,249,0,0,0,0,0
2026-08-13T03:48:16.626953,249,0,0,0,0,0
2026-08-13T03:48:16.627956,249,0,0,0,0,0
2026-08-13T03:48:16.628955,249,0,0,0,0,0
2026-08-13T03:48:16.630966,252,0,0,0,0,0
2026-08-13T03:48:16.631965,252,0,0,0,0,0
2026-08-13T03:48:16.631965,253,0,0,0,0,0
2026-08-13T03:48:16.635487,253,0,0,0,0,0
2026-08-13T03:48:16.635487,252,0,0,0,0,0
2026-08-13T03:48:16.636487,251,0,0,0,0,0
2026-08-13T03:48:16.636487,250,0,0,0,0,0
2026-08-13T03:48:16.639485,252,0,0,0,0,0
2026-08-13T03:48:16.639485,251,0,0,0,0,0
2026-08-13T03:48:16.640485,250,0,0,0,0,0
2026-08-13T03:48:16.642500,250,0,0,0,0,0
2026-08-13T03:48:16.644010,249,0,0,0,0,0
2026-08-13T03:48:16.645021,249,0,0,0,0,0
2026-08-13T03:48:16.645021,248,0,0,0,0,0
2026-08-13T03:48:16.647889,248,0,0,0,0,0
2026-08-13T03:48:16.647889,248,0,0,0,0,0
2026-08-13T03:48:16.648923,248,0,0,0,0,0
2026-08-13T03:48:16.651929,251,0,0,0,0,0
2026-08-13T03:48:16.651929,252,0,0,0,0,0
2026-08-13T03:48:16.652921,252,0,0,0,0,0
2026-08-13T03:48:16.653911,251,0,0,0,0,0
2026-08-13T03:48:16.655335,251,0,0,0,0,0
2026-08-13T03:48:16.656335,250,0,0,0,0,0
2026-08-13T03:48:16.657337,250,0,0,0,0,0
2026-08-13T03:48:16.660164,250,0,0,0,0,0
2026-08-13T03:48:16.660164,248,0,0,0,0,0
2026-08-13T03:48:16.661197,247,0,0,0,0,0
2026-08-13T03:48:16.663720,247,0,0,0,0,0
2026-08-13T03:48:16.664737,247,0,0,0,0,0
2026-08-13T03:48:16.664737,246,0,0,0,0,0
2026-08-13T03:48:16.665919,246,0,0,0,0,0
2026-08-13T03:48:16.667946,246,0,0,0,0,0
2026-08-13T03:48:16.668950,245,0,0,0,0,0
2026-08-13T03:48:16.668950,247,0,0,0,0,0
2026-08-13T03:48:16.671936,250,0,0,0,0,0
2026-08-13T03:48:16.683622,249,0,0,0,0,0
2026-08-13T03:48:16.683622,250,0,0,0,0,0
2026-08-13T03:48:16.684630,250,0,0,0,0,0
2026-08-13T03:48:16.684630,249,0,0,0,0,0
2026-08-13T03:48:16.685973,249,0,0,0,0,0
2026-08-13T03:48:16.685973,248,0,0,0,0,0
2026-08-13T03:48:16.686981,249,0,0,0,0,0
2026-08-13T03:48:16.687987,248,0,0,0,0,0
2026-08-13T03:48:16.687987,249,0,0,0,0,0
2026-08-13T03:48:16.688984,249,0,0,0,0,0
2026-08-13T03:48:16.688984,248,0,0,0,0,0
2026-08-13T03:48:16.688984,247,0,0,0,0,0
2026-08-13T03:48:16.689984,247,0,0,0,0,0
2026-08-13T03:48:16.689984,248,0,0,0,0,0
2026-08-13T03:48:16.690981,248,0,0,0,0,0
2026-08-13T03:48:16.690981,250,0,0,0,0,0
2026-08-13T03:48:16.691982,251,0,0,0,0,0
2026-08-13T03:48:16.691982,252,0,0,0,0,0
2026-08-13T03:48:16.693423,253,0,0,0,0,0
2026-08-13T03:48:16.693423,253,0,0,0,0,0
2026-08-13T03:48:16.696943,251,0,0,0,0,0
2026-08-13T03:48:16.697449,251,0,0,0,0,0
2026-08-13T03:48:16.697449,252,0,0,0,0,0
2026-08-13T03:48:16.700469,253,0,0,0,0,0
2026-08-13T03:48:16.701456,253,0,0,0,0,0
2026-08-13T03:48:16.701456,252,0,0,0,0,0
2026-08-13T03:48:16.702456,251,0,0,0,0,0
2026-08-13T03:48:16.704992,252,0,0,0,0,0
2026-08-13T03:48:16.704992,251,0,0,0,0,0
2026-08-13T03:48:16.706008,251,0,0,0,0,0
2026-08-13T03:48:16.709010,251,0,0,0,0,0
2026-08-13T03:48:16.709993,251,0,0,0,0,0
2026-08-13T03:48:16.709993,252,0,0,0,0,0
2026-08-13T03:48:16.710999,252,0,0,0,0,0
2026-08-13T03:48:16.712995,251,0,0,0,0,0
2026-08-13T03:48:16.713994,250,0,0,0,0,0
2026-08-13T03:48:16.713994,247,0,0,0,0,0
2026-08-13T03:48:16.717202,245,0,0,0,0,0
2026-08-13T03:48:16.717202,243,0,0,0,0,0
2026-08-13T03:48:16.718207,243,0,0,0,0,0
2026-08-13T03:48:16.718207,242,0,0,0,0,0
2026-08-13T03:48:16.721201,241,0,0,0,0,0
2026-08-13T03:48:16.721201,241,0,0,0,0,0
2026-08-13T03:48:16.722186,241,0,0,0,0,0
2026-08-13T03:48:16.725721,239,0,0,0,0,0
2026-08-13T03:48:16.725721,237,0,0,0,0,0
2026-08-13T03:48:16.725721,237,0,0,0,0,0
2026-08-13T03:48:16.729723,235,0,0,0,0,0
2026-08-13T03:48:16.729723,235,0,0,0,0,0
2026-08-13T03:48:16.730725,237,0,0,0,0,0
2026-08-13T03:48:16.730725,236,0,0,0,0,0
2026-08-13T03:48:16.733892,237,0,0,0,0,0
2026-08-13T03:48:16.733892,235,0,0,0,0,0
2026-08-13T03:48:16.735200,236,0,0,0,0,0
2026-08-13T03:48:16.737211,235,0,0,0,0,0
2026-08-13T03:48:16.738197,235,0,0,0,0,0
2026-08-13T03:48:16.739214,236,0,0,0,0,0
2026-08-13T03:48:16.739214,236,0,0,0,0,0
2026-08-13T03:48:16.742197,236,0,0,0,0,0
2026-08-13T03:48:16.742197,235,0,0,0,0,0
2026-08-13T03:48:16.742197,234,0,0,0,0,0
2026-08-13T03:48:16.745738,233,0,0,0,0,0
2026-08-13T03:48:16.746752,233,0,0,0,0,0
2026-08-13T03:48:16.746752,233,0,0,0,0,0
2026-08-13T03:48:16.747756,232,0,0,0,0,0
2026-08-13T03:48:16.749980,232,0,0,0,0,0
2026-08-13T03:48:16.749980,235,0,0,0,0,0
2026-08-13T03:48:16.750957,235,0,0,0,0,0
2026-08-13T03:48:16.753964,235,0,0,0,0,0
2026-08-13T03:48:16.753964,235,0,0,0,0,0
2026-08-13T03:48:16.755364,234,0,0,0,0,0
2026-08-13T03:48:16.755364,233,0,0,0,0,0
2026-08-13T03:48:16.758377,233,0,0,0,0,0
2026-08-13T03:48:16.758377,236,0,0,0,0,0
2026-08-13T03:48:16.759374,234,0,0,0,0,0
2026-08-13T03:48:16.762025,235,0,0,0,0,0
2026-08-13T03:48:16.763036,233,0,0,0,0,0
2026-08-13T03:48:16.763036,234,0,0,0,0,0
2026-08-13T03:48:16.766282,234,0,0,0,0,0
2026-08-13T03:48:16.767284,234,0,0,0,0,0
2026-08-13T03:48:16.767284,234,0,0,0,0,0
2026-08-13T03:48:16.768285,234,0,0,0,0,0
2026-08-13T03:48:16.770766,236,0,0,0,0,0
2026-08-13T03:48:16.770766,238,0,0,0,0,0
2026-08-13T03:48:16.770766,239,0,0,0,0,0
2026-08-13T03:48:16.774025,239,0,0,0,0,0
2026-08-13T03:48:16.775039,239,0,0,0,0,0
2026-08-13T03:48:16.776036,239,0,0,0,0,0
2026-08-13T03:48:16.777037,237,0,0,0,0,0
2026-08-13T03:48:16.778689,237,0,0,0,0,0
2026-08-13T03:48:16.779701,237,0,0,0,0,0
2026-08-13T03:48:16.779701,237,0,0,0,0,0
2026-08-13T03:48:16.782699,237,0,0,0,0,0
2026-08-13T03:48:16.783698,236,0,0,0,0,0
2026-08-13T03:48:16.784207,236,0,0,0,0,0
2026-08-13T03:48:16.784207,234,0,0,0,0,0
2026-08-13T03:48:16.787233,234,0,0,0,0,0
2026-08-13T03:48:16.787233,234,0,0,0,0,0
2026-08-13T03:48:16.788235,234,0,0,0,0,0
2026-08-13T03:48:16.791233,236,0,0,0,0,0
2026-08-13T03:48:16.791233,237,0,0,0,0,0
2026-08-13T03:48:16.791233,239,0,0,0,0,0
2026-08-13T03:48:16.794651,237,0,0,0,0,0
2026-08-13T03:48:16.795651,237,0,0,0,0,0
2026-08-13T03:48:16.795651,236,0,0,0,0,0
2026-08-13T03:48:16.795651,235,0,0,0,0,0
2026-08-13T03:48:16.798679,235,0,0,0,0,0
2026-08-13T03:48:16.799655,235,0,0,0,0,0
2026-08-13T03:48:16.799655,235,0,0,0,0,0
2026-08-13T03:48:16.803623,235,0,0,0,0,0
2026-08-13T03:48:16.803623,234,0,0,0,0,0
2026-08-13T03:48:16.804135,234,0,0,0,0,0
2026-08-13T03:48:16.804135,232,0,0,0,0,0
2026-08-13T03:48:16.807154,233,0,0,0,0,0
2026-08-13T03:48:16.807154,232,0,0,0,0,0
2026-08-13T03:48:16.808143,233,0,0,0,0,0
2026-08-13T03:48:16.811729,236,0,0,0,0,0
2026-08-13T03:48:16.811729,238,0,0,0,0,0
2026-08-13T03:48:16.812736,238,0,0,0,0,0
2026-08-13T03:48:16.812736,238,0,0,0,0,0
2026-08-13T03:48:16.815813,238,0,0,0,0,0
2026-08-13T03:48:16.815813,237,0,0,0,0,0
2026-08-13T03:48:16.816826,237,0,0,0,0,0
2026-08-13T03:48:16.819840,238,0,0,0,0,0
2026-08-13T03:48:16.819840,237,0,0,0,0,0
2026-08-13T03:48:16.820827,237,0,0,0,0,0
2026-08-13T03:48:16.820827,238,0,0,0,0,0
2026-08-13T03:48:16.823827,236,0,0,0,0,0
2026-08-13T03:48:16.824333,236,0,0,0,0,0
2026-08-13T03:48:16.824841,235,0,0,0,0,0
2026-08-13T03:48:16.827864,234,0,0,0,0,0
2026-08-13T03:48:16.827864,234,0,0,0,0,0
2026-08-13T03:48:16.828849,235,0,0,0,0,0
2026-08-13T03:48:16.832181,237,0,0,0,0,0
2026-08-13T03:48:16.832181,238,0,0,0,0,0
2026-08-13T03:48:16.833205,238,0,0,0,0,0
2026-08-13T03:48:16.833728,237,0,0,0,0,0
2026-08-13T03:48:16.836363,237,0,0,0,0,0
2026-08-13T03:48:16.836363,236,0,0,0,0,0
2026-08-13T03:48:16.837376,235,0,0,0,0,0
2026-08-13T03:48:16.840373,235,0,0,0,0,0
2026-08-13T03:48:16.840373,235,0,0,0,0,0
2026-08-13T03:48:16.841366,234,0,0,0,0,0
2026-08-13T03:48:16.842365,235,0,0,0,0,0
2026-08-13T03:48:16.843874,233,0,0,0,0,0
2026-08-13T03:48:16.844886,232,0,0,0,0,0
2026-08-13T03:48:16.845906,232,0,0,0,0,0
2026-08-13T03:48:16.847899,233,0,0,0,0,0
2026-08-13T03:48:16.848885,233,0,0,0,0,0
2026-08-13T03:48:16.849899,234,0,0,0,0,0
2026-08-13T03:48:16.849899,236,0,0,0,0,0
2026-08-13T03:48:16.851899,236,0,0,0,0,0
2026-08-13T03:48:16.852884,237,0,0,0,0,0
2026-08-13T03:48:16.853890,236,0,0,0,0,0
2026-08-13T03:48:16.856439,236,0,0,0,0,0
2026-08-13T03:48:16.857428,234,0,0,0,0,0
2026-08-13T03:48:16.858426,234,0,0,0,0,0
2026-08-13T03:48:16.860441,235,0,0,0,0,0
2026-08-13T03:48:16.861437,233,0,0,0,0,0
2026-08-13T03:48:16.861437,234,0,0,0,0,0
2026-08-13T03:48:16.862423,233,0,0,0,0,0
2026-08-13T03:48:16.864616,232,0,0,0,0,0
2026-08-13T03:48:16.865633,232,0,0,0,0,0
2026-08-13T03:48:16.865633,232,0,0,0,0,0
2026-08-13T03:48:16.868652,232,0,0,0,0,0
2026-08-13T03:48:16.869669,232,0,0,0,0,0
2026-08-13T03:48:16.869669,234,0,0,0,0,0
2026-08-13T03:48:16.870688,235,0,0,0,0,0
2026-08-13T03:48:16.873165,236,0,0,0,0,0
2026-08-13T03:48:16.873695,236,0,0,0,0,0
2026-08-13T03:48:16.874714,235,0,0,0,0,0
2026-08-13T03:48:16.876731,235,0,0,0,0,0
2026-08-13T03:48:16.877716,234,0,0,0,0,0
2026-08-13T03:48:16.877716,234,0,0,0,0,0
2026-08-13T03:48:16.879227,234,0,0,0,0,0
2026-08-13T03:48:16.881249,233,0,0,0,0,0
2026-08-13T03:48:16.881249,233,0,0,0,0,0
2026-08-13T03:48:16.882237,232,0,0,0,0,0
2026-08-13T03:48:16.884777,231,0,0,0,0,0
2026-08-13T03:48:16.885777,230,0,0,0,0,0
2026-08-13T03:48:16.885777,230,0,0,0,0,0
2026-08-13T03:48:16.885777,230,0,0,0,0,0
2026-08-13T03:48:16.888893,230,0,0,0,0,0
2026-08-13T03:48:16.889877,232,0,0,0,0,0
2026-08-13T03:48:16.889877,233,0,0,0,0,0
2026-08-13T03:48:16.892863,233,0,0,0,0,0
2026-08-13T03:48:16.893883,233,0,0,0,0,0
2026-08-13T03:48:16.894424,233,0,0,0,0,0
2026-08-13T03:48:16.897431,232,0,0,0,0,0
2026-08-13T03:48:16.897431,230,0,0,0,0,0
2026-08-13T03:48:16.898433,231,0,0,0,0,0
2026-08-13T03:48:16.898433,231,0,0,0,0,0
2026-08-13T03:48:16.901421,230,0,0,0,0,0
2026-08-13T03:48:16.902437,230,0,0,0,0,0
2026-08-13T03:48:16.902437,229,0,0,0,0,0
2026-08-13T03:48:16.904996,227,0,0,0,0,0
2026-08-13T03:48:16.905981,227,0,0,0,0,0
2026-08-13T03:48:16.906979,228,0,0,0,0,0
2026-08-13T03:48:16.906979,227,0,0,0,0,0
2026-08-13T03:48:16.910017,228,0,0,0,0,0
2026-08-13T03:48:16.910017,229,0,0,0,0,0
2026-08-13T03:48:16.910017,229,0,0,0,0,0
2026-08-13T03:48:16.913789,231,0,0,0,0,0
2026-08-13T03:48:16.913789,230,0,0,0,0,0
2026-08-13T03:48:16.914888,229,0,0,0,0,0
2026-08-13T03:48:16.914888,228,0,0,0,0,0
2026-08-13T03:48:16.917901,227,0,0,0,0,0
2026-08-13T03:48:16.918901,227,0,0,0,0,0
2026-08-13T03:48:16.918901,225,0,0,0,0,0
2026-08-13T03:48:16.921900,225,0,0,0,0,0
2026-08-13T03:48:16.922899,224,0,0,0,0,0
2026-08-13T03:48:16.922899,223,0,0,0,0,0
2026-08-13T03:48:16.924397,223,0,0,0,0,0
2026-08-13T03:48:16.926435,223,0,0,0,0,0
2026-08-13T03:48:16.926435,224,0,0,0,0,0
2026-08-13T03:48:16.927416,224,0,0,0,0,0
2026-08-13T03:48:16.930434,226,0,0,0,0,0
2026-08-13T03:48:16.930434,229,0,0,0,0,0
2026-08-13T03:48:16.931415,230,0,0,0,0,0
2026-08-13T03:48:16.933932,230,0,0,0,0,0
2026-08-13T03:48:16.934944,230,0,0,0,0,0
2026-08-13T03:48:16.935949,230,0,0,0,0,0
2026-08-13T03:48:16.935949,228,0,0,0,0,0
2026-08-13T03:48:16.937962,227,0,0,0,0,0
2026-08-13T03:48:16.938958,227,0,0,0,0,0
2026-08-13T03:48:16.938958,225,0,0,0,0,0
2026-08-13T03:48:16.941958,224,0,0,0,0,0
2026-08-13T03:48:16.942957,223,0,0,0,0,0
2026-08-13T03:48:16.943959,222,0,0,0,0,0
2026-08-13T03:48:16.943959,221,0,0,0,0,0
2026-08-13T03:48:16.946401,219,0,0,0,0,0
2026-08-13T03:48:16.947381,220,0,0,0,0,0
2026-08-13T03:48:16.948386,219,0,0,0,0,0
2026-08-13T03:48:16.950993,221,0,0,0,0,0
2026-08-13T03:48:16.950993,222,0,0,0,0,0
2026-08-13T03:48:16.952037,222,0,0,0,0,0
2026-08-13T03:48:16.953011,223,0,0,0,0,0
2026-08-13T03:48:16.954612,223,0,0,0,0,0
2026-08-13T03:48:16.955678,223,0,0,0,0,0
2026-08-13T03:48:16.955678,222,0,0,0,0,0
2026-08-13T03:48:16.958718,222,0,0,0,0,0
2026-08-13T03:48:16.959700,222,0,0,0,0,0
2026-08-13T03:48:16.959700,223,0,0,0,0,0
2026-08-13T03:48:16.962904,222,0,0,0,0,0
2026-08-13T03:48:16.963911,220,0,0,0,0,0
2026-08-13T03:48:16.963911,220,0,0,0,0,0
2026-08-13T03:48:16.964923,219,0,0,0,0,0
2026-08-13T03:48:16.967201,218,0,0,0,0,0
2026-08-13T03:48:16.967201,218,0,0,0,0,0
2026-08-13T03:48:16.968216,217,0,0,0,0,0
2026-08-13T03:48:16.971211,220,0,0,0,0,0
2026-08-13T03:48:16.971211,221,0,0,0,0,0
2026-08-13T03:48:16.972211,221,0,0,0,0,0
2026-08-13T03:48:16.972211,222,0,0,0,0,0
2026-08-13T03:48:16.974811,221,0,0,0,0,0
2026-08-13T03:48:16.975740,220,0,0,0,0,0
2026-08-13T03:48:16.976736,219,0,0,0,0,0
2026-08-13T03:48:16.979239,220,0,0,0,0,0
2026-08-13T03:48:16.980360,219,0,0,0,0,0
2026-08-13T03:48:16.980360,218,0,0,0,0,0
2026-08-13T03:48:16.981354,218,0,0,0,0,0
2026-08-13T03:48:16.982253,218,0,0,0,0,0
2026-08-13T03:48:16.983894,217,0,0,0,0,0
2026-08-13T03:48:16.983894,215,0,0,0,0,0
2026-08-13T03:48:16.987442,215,0,0,0,0,0
2026-08-13T03:48:16.988435,215,0,0,0,0,0
2026-08-13T03:48:16.988435,214,0,0,0,0,0
2026-08-13T03:48:16.989421,218,0,0,0,0,0
2026-08-13T03:48:16.991437,219,0,0,0,0,0
2026-08-13T03:48:16.992434,219,0,0,0,0,0
2026-08-13T03:48:16.993612,219,0,0,0,0,0
2026-08-13T03:48:16.995463,219,0,0,0,0,0
2026-08-13T03:48:16.996620,218,0,0,0,0,0
2026-08-13T03:48:16.996620,216,0,0,0,0,0
2026-08-13T03:48:16.999038,216,0,0,0,0,0
2026-08-13T03:48:17.000642,216,0,0,0,0,0
2026-08-13T03:48:17.001312,216,0,0,0,0,0
2026-08-13T03:48:17.001830,215,0,0,0,0,0
2026-08-13T03:48:17.003917,215,0,0,0,0,0
2026-08-13T03:48:17.003917,214,0,0,0,0,0
2026-08-13T03:48:17.004933,212,0,0,0,0,0
2026-08-13T03:48:17.008164,213,0,0,0,0,0
2026-08-13T03:48:17.010042,214,0,0,0,0,0
2026-08-13T03:48:17.011053,214,0,0,0,0,0
2026-08-13T03:48:17.011904,216,0,0,0,0,0
2026-08-13T03:48:17.012414,216,0,0,0,0,0
2026-08-13T03:48:17.012414,217,0,0,0,0,0
2026-08-13T03:48:17.012414,217,0,0,0,0,0
2026-08-13T03:48:17.016163,216,0,0,0,0,0
2026-08-13T03:48:17.016163,216,0,0,0,0,0
2026-08-13T03:48:17.017174,215,0,0,0,0,0
2026-08-13T03:48:17.017174,215,0,0,0,0,0
2026-08-13T03:48:17.020690,214,0,0,0,0,0
2026-08-13T03:48:17.020690,214,0,0,0,0,0
2026-08-13T03:48:17.020690,214,0,0,0,0,0
2026-08-13T03:48:17.024773,213,0,0,0,0,0
2026-08-13T03:48:17.024773,212,0,0,0,0,0
2026-08-13T03:48:17.025767,213,0,0,0,0,0
2026-08-13T03:48:17.028824,212,0,0,0,0,0
2026-08-13T03:48:17.028824,213,0,0,0,0,0
2026-08-13T03:48:17.029844,214,0,0,0,0,0
2026-08-13T03:48:17.029844,216,0,0,0,0,0
2026-08-13T03:48:17.032497,216,0,0,0,0,0
2026-08-13T03:48:17.032497,217,0,0,0,0,0
2026-08-13T03:48:17.034012,216,0,0,0,0,0
2026-08-13T03:48:17.037040,216,0,0,0,0,0
2026-08-13T03:48:17.037040,215,0,0,0,0,0
2026-08-13T03:48:17.038028,215,0,0,0,0,0
2026-08-13T03:48:17.038028,215,0,0,0,0,0
2026-08-13T03:48:17.041026,214,0,0,0,0,0
2026-08-13T03:48:17.041026,215,0,0,0,0,0
2026-08-13T03:48:17.042027,214,0,0,0,0,0
2026-08-13T03:48:17.045107,214,0,0,0,0,0
2026-08-13T03:48:17.045107,213,0,0,0,0,0
2026-08-13T03:48:17.046109,212,0,0,0,0,0
2026-08-13T03:48:17.046109,213,0,0,0,0,0
2026-08-13T03:48:17.049122,212,0,0,0,0,0
2026-08-13T03:48:17.049122,214,0,0,0,0,0
2026-08-13T03:48:17.050109,216,0,0,0,0,0
2026-08-13T03:48:17.052120,216,0,0,0,0,0
2026-08-13T03:48:17.053629,216,0,0,0,0,0
2026-08-13T03:48:17.053629,216,0,0,0,0,0
2026-08-13T03:48:17.054642,215,0,0,0,0,0
2026-08-13T03:48:17.056713,214,0,0,0,0,0
2026-08-13T03:48:17.057730,214,0,0,0,0,0
2026-08-13T03:48:17.058727,214,0,0,0,0,0
2026-08-13T03:48:17.061655,214,0,0,0,0,0
2026-08-13T03:48:17.061655,214,0,0,0,0,0
2026-08-13T03:48:17.062679,214,0,0,0,0,0
2026-08-13T03:48:17.065632,213,0,0,0,0,0
2026-08-13T03:48:17.065632,213,0,0,0,0,0
2026-08-13T03:48:17.066629,212,0,0,0,0,0
2026-08-13T03:48:17.066629,212,0,0,0,0,0
2026-08-13T03:48:17.069643,212,0,0,0,0,0
2026-08-13T03:48:17.069643,215,0,0,0,0,0
2026-08-13T03:48:17.070628,216,0,0,0,0,0
2026-08-13T03:48:17.073641,216,0,0,0,0,0
2026-08-13T03:48:17.074152,217,0,0,0,0,0
2026-08-13T03:48:17.075163,215,0,0,0,0,0
2026-08-13T03:48:17.076176,215,0,0,0,0,0
2026-08-13T03:48:17.077162,215,0,0,0,0,0
2026-08-13T03:48:17.078684,215,0,0,0,0,0
2026-08-13T03:48:17.078684,215,0,0,0,0,0
2026-08-13T03:48:17.082040,214,0,0,0,0,0
2026-08-13T03:48:17.082040,214,0,0,0,0,0
2026-08-13T03:48:17.083057,214,0,0,0,0,0
2026-08-13T03:48:17.083057,213,0,0,0,0,0
2026-08-13T03:48:17.086283,212,0,0,0,0,0
2026-08-13T03:48:17.086283,213,0,0,0,0,0
2026-08-13T03:48:17.087288,212,0,0,0,0,0
2026-08-13T03:48:17.090283,213,0,0,0,0,0
2026-08-13T03:48:17.091286,215,0,0,0,0,0
2026-08-13T03:48:17.091286,217,0,0,0,0,0
2026-08-13T03:48:17.093795,217,0,0,0,0,0
2026-08-13T03:48:17.094822,217,0,0,0,0,0
2026-08-13T03:48:17.095807,217,0,0,0,0,0
2026-08-13T03:48:17.095807,215,0,0,0,0,0
2026-08-13T03:48:17.097837,214,0,0,0,0,0
2026-08-13T03:48:17.098814,216,0,0,0,0,0
2026-08-13T03:48:17.098814,214,0,0,0,0,0
2026-08-13T03:48:17.101815,214,0,0,0,0,0
2026-08-13T03:48:17.102813,214,0,0,0,0,0
2026-08-13T03:48:17.102813,213,0,0,0,0,0
2026-08-13T03:48:17.103815,213,0,0,0,0,0
2026-08-13T03:48:17.106612,212,0,0,0,0,0
2026-08-13T03:48:17.106612,212,0,0,0,0,0
2026-08-13T03:48:17.107629,212,0,0,0,0,0
2026-08-13T03:48:17.110739,214,0,0,0,0,0
2026-08-13T03:48:17.110739,215,0,0,0,0,0
2026-08-13T03:48:17.111757,216,0,0,0,0,0
2026-08-13T03:48:17.111757,217,0,0,0,0,0
2026-08-13T03:48:17.114614,216,0,0,0,0,0
2026-08-13T03:48:17.114614,216,0,0,0,0,0
2026-08-13T03:48:17.115795,214,0,0,0,0,0
2026-08-13T03:48:17.118915,214,0,0,0,0,0
2026-08-13T03:48:17.118915,215,0,0,0,0,0
2026-08-13T03:48:17.119948,213,0,0,0,0,0
2026-08-13T03:48:17.119948,213,0,0,0,0,0
2026-08-13T03:48:17.122944,214,0,0,0,0,0
2026-08-13T03:48:17.123932,212,0,0,0,0,0
2026-08-13T03:48:17.124440,211,0,0,0,0,0
2026-08-13T03:48:17.126463,211,0,0,0,0,0
2026-08-13T03:48:17.127460,211,0,0,0,0,0
2026-08-13T03:48:17.128461,211,0,0,0,0,0
2026-08-13T03:48:17.130473,213,0,0,0,0,0
2026-08-13T03:48:17.131459,214,0,0,0,0,0
2026-08-13T03:48:17.131459,215,0,0,0,0,0
2026-08-13T03:48:17.132459,215,0,0,0,0,0
2026-08-13T03:48:17.134982,215,0,0,0,0,0
2026-08-13T03:48:17.135982,216,0,0,0,0,0
2026-08-13T03:48:17.135982,214,0,0,0,0,0
2026-08-13T03:48:17.139187,214,0,0,0,0,0
2026-08-13T03:48:17.139187,214,0,0,0,0,0
2026-08-13T03:48:17.140157,213,0,0,0,0,0
2026-08-13T03:48:17.141153,214,0,0,0,0,0
2026-08-13T03:48:17.142156,214,0,0,0,0,0
2026-08-13T03:48:17.143662,213,0,0,0,0,0
2026-08-13T03:48:17.143662,212,0,0,0,0,0
2026-08-13T03:48:17.147675,212,0,0,0,0,0
2026-08-13T03:48:17.148676,212,0,0,0,0,0
2026-08-13T03:48:17.148676,212,0,0,0,0,0
2026-08-13T03:48:17.149677,214,0,0,0,0,0
2026-08-13T03:48:17.150897,215,0,0,0,0,0
2026-08-13T03:48:17.151902,216,0,0,0,0,0
2026-08-13T03:48:17.151902,216,0,0,0,0,0
2026-08-13T03:48:17.155020,216,0,0,0,0,0
2026-08-13T03:48:17.156026,215,0,0,0,0,0
2026-08-13T03:48:17.156026,214,0,0,0,0,0
2026-08-13T03:48:17.156026,215,0,0,0,0,0
2026-08-13T03:48:17.160025,215,0,0,0,0,0
2026-08-13T03:48:17.160025,214,0,0,0,0,0
2026-08-13T03:48:17.160025,215,0,0,0,0,0
2026-08-13T03:48:17.163040,214,0,0,0,0,0
2026-08-13T03:48:17.164026,214,0,0,0,0,0
2026-08-13T03:48:17.164535,213,0,0,0,0,0
2026-08-13T03:48:17.167558,213,0,0,0,0,0
2026-08-13T03:48:17.168544,213,0,0,0,0,0
2026-08-13T03:48:17.168544,213,0,0,0,0,0
2026-08-13T03:48:17.169549,216,0,0,0,0,0
2026-08-13T03:48:17.172166,216,0,0,0,0,0
2026-08-13T03:48:17.172166,218,0,0,0,0,0
2026-08-13T03:48:17.172166,218,0,0,0,0,0
2026-08-13T03:48:17.175709,218,0,0,0,0,0
2026-08-13T03:48:17.176703,217,0,0,0,0,0
2026-08-13T03:48:17.176703,216,0,0,0,0,0
2026-08-13T03:48:17.177691,217,0,0,0,0,0
2026-08-13T03:48:17.180212,216,0,0,0,0,0
2026-08-13T03:48:17.180212,215,0,0,0,0,0
2026-08-13T03:48:17.180212,216,0,0,0,0,0
2026-08-13T03:48:17.184109,215,0,0,0,0,0
2026-08-13T03:48:17.185126,214,0,0,0,0,0
2026-08-13T03:48:17.185126,214,0,0,0,0,0
2026-08-13T03:48:17.185126,214,0,0,0,0,0
2026-08-13T03:48:17.188132,214,0,0,0,0,0
2026-08-13T03:48:17.188132,216,0,0,0,0,0
2026-08-13T03:48:17.189132,218,0,0,0,0,0
2026-08-13T03:48:17.192175,219,0,0,0,0,0
2026-08-13T03:48:17.192175,220,0,0,0,0,0
2026-08-13T03:48:17.192175,219,0,0,0,0,0
2026-08-13T03:48:17.196750,219,0,0,0,0,0
2026-08-13T03:48:17.196750,217,0,0,0,0,0
2026-08-13T03:48:17.196750,217,0,0,0,0,0
2026-08-13T03:48:17.197768,219,0,0,0,0,0
2026-08-13T03:48:17.200914,217,0,0,0,0,0
2026-08-13T03:48:17.200914,217,0,0,0,0,0
2026-08-13T03:48:17.200914,217,0,0,0,0,0
2026-08-13T03:48:17.204614,215,0,0,0,0,0
2026-08-13T03:48:17.204614,215,0,0,0,0,0
2026-08-13T03:48:17.205940,215,0,0,0,0,0
2026-08-13T03:48:17.205940,215,0,0,0,0,0
2026-08-13T03:48:17.208957,215,0,0,0,0,0
2026-08-13T03:48:17.208957,217,0,0,0,0,0
2026-08-13T03:48:17.209939,218,0,0,0,0,0
2026-08-13T03:48:17.212960,219,0,0,0,0,0
2026-08-13T03:48:17.212960,219,0,0,0,0,0
2026-08-13T03:48:17.213938,219,0,0,0,0,0
2026-08-13T03:48:17.213938,218,0,0,0,0,0
2026-08-13T03:48:17.216357,217,0,0,0,0,0
2026-08-13T03:48:17.217340,218,0,0,0,0,0
2026-08-13T03:48:17.217340,217,0,0,0,0,0
2026-08-13T03:48:17.221349,217,0,0,0,0,0
2026-08-13T03:48:17.221349,217,0,0,0,0,0
2026-08-13T03:48:17.221349,216,0,0,0,0,0
2026-08-13T03:48:17.221349,216,0,0,0,0,0
2026-08-13T03:48:17.224851,216,0,0,0,0,0
2026-08-13T03:48:17.224851,215,0,0,0,0,0
2026-08-13T03:48:17.225851,216,0,0,0,0,0
2026-08-13T03:48:17.229513,215,0,0,0,0,0
2026-08-13T03:48:17.229513,217,0,0,0,0,0
2026-08-13T03:48:17.229513,218,0,0,0,0,0
2026-08-13T03:48:17.232541,218,0,0,0,0,0
2026-08-13T03:48:17.232541,219,0,0,0,0,0
2026-08-13T03:48:17.234064,219,0,0,0,0,0
2026-08-13T03:48:17.234064,218,0,0,0,0,0
2026-08-13T03:48:17.237095,217,0,0,0,0,0
2026-08-13T03:48:17.238080,218,0,0,0,0,0
2026-08-13T03:48:17.238080,218,0,0,0,0,0
2026-08-13T03:48:17.241089,217,0,0,0,0,0
2026-08-13T03:48:17.242083,217,0,0,0,0,0
2026-08-13T03:48:17.242083,216,0,0,0,0,0
2026-08-13T03:48:17.243605,216,0,0,0,0,0
2026-08-13T03:48:17.245879,215,0,0,0,0,0
2026-08-13T03:48:17.245879,215,0,0,0,0,0
2026-08-13T03:48:17.246886,215,0,0,0,0,0
2026-08-13T03:48:17.249898,215,0,0,0,0,0
2026-08-13T03:48:17.249898,217,0,0,0,0,0
2026-08-13T03:48:17.250885,219,0,0,0,0,0
2026-08-13T03:48:17.251899,219,0,0,0,0,0
2026-08-13T03:48:17.253898,220,0,0,0,0,0
2026-08-13T03:48:17.253898,219,0,0,0,0,0
2026-08-13T03:48:17.255010,218,0,0,0,0,0
2026-08-13T03:48:17.258008,218,0,0,0,0,0
2026-08-13T03:48:17.259005,218,0,0,0,0,0
2026-08-13T03:48:17.259005,218,0,0,0,0,0
2026-08-13T03:48:17.262007,217,0,0,0,0,0
2026-08-13T03:48:17.263009,217,0,0,0,0,0
2026-08-13T03:48:17.263009,216,0,0,0,0,0
2026-08-13T03:48:17.264004,216,0,0,0,0,0
2026-08-13T03:48:17.266349,214,0,0,0,0,0
2026-08-13T03:48:17.266349,215,0,0,0,0,0
2026-08-13T03:48:17.267329,215,0,0,0,0,0
2026-08-13T03:48:17.270330,215,0,0,0,0,0
2026-08-13T03:48:17.270330,217,0,0,0,0,0
2026-08-13T03:48:17.271328,219,0,0,0,0,0
2026-08-13T03:48:17.272334,220,0,0,0,0,0
2026-08-13T03:48:17.274777,220,0,0,0,0,0
2026-08-13T03:48:17.274777,220,0,0,0,0,0
2026-08-13T03:48:17.275777,218,0,0,0,0,0
2026-08-13T03:48:17.278522,217,0,0,0,0,0
2026-08-13T03:48:17.278522,218,0,0,0,0,0
2026-08-13T03:48:17.279664,217,0,0,0,0,0
2026-08-13T03:48:17.279664,217,0,0,0,0,0
2026-08-13T03:48:17.282832,217,0,0,0,0,0
2026-08-13T03:48:17.282832,215,0,0,0,0,0
2026-08-13T03:48:17.283847,215,0,0,0,0,0
2026-08-13T03:48:17.286634,215,0,0,0,0,0
2026-08-13T03:48:17.286634,215,0,0,0,0,0
2026-08-13T03:48:17.287640,215,0,0,0,0,0
2026-08-13T03:48:17.287640,216,0,0,0,0,0
2026-08-13T03:48:17.290622,218,0,0,0,0,0
2026-08-13T03:48:17.291623,219,0,0,0,0,0
2026-08-13T03:48:17.291623,219,0,0,0,0,0
2026-08-13T03:48:17.294134,219,0,0,0,0,0
2026-08-13T03:48:17.295142,219,0,0,0,0,0
2026-08-13T03:48:17.295142,218,0,0,0,0,0
2026-08-13T03:48:17.299158,217,0,0,0,0,0
2026-08-13T03:48:17.299158,218,0,0,0,0,0
2026-08-13T03:48:17.300149,217,0,0,0,0,0
2026-08-13T03:48:17.300149,217,0,0,0,0,0
2026-08-13T03:48:17.302167,217,0,0,0,0,0
2026-08-13T03:48:17.303678,216,0,0,0,0,0
2026-08-13T03:48:17.303678,215,0,0,0,0,0
2026-08-13T03:48:17.306864,215,0,0,0,0,0
2026-08-13T03:48:17.307864,215,0,0,0,0,0
2026-08-13T03:48:17.307864,215,0,0,0,0,0
2026-08-13T03:48:17.307864,216,0,0,0,0,0
2026-08-13T03:48:17.311416,219,0,0,0,0,0
2026-08-13T03:48:17.311416,219,0,0,0,0,0
2026-08-13T03:48:17.311416,219,0,0,0,0,0
2026-08-13T03:48:17.315515,219,0,0,0,0,0
2026-08-13T03:48:17.315515,218,0,0,0,0,0
2026-08-13T03:48:17.316531,217,0,0,0,0,0
2026-08-13T03:48:17.316531,218,0,0,0,0,0
2026-08-13T03:48:17.319545,218,0,0,0,0,0
2026-08-13T03:48:17.319545,217,0,0,0,0,0
2026-08-13T03:48:17.320531,218,0,0,0,0,0
2026-08-13T03:48:17.322546,216,0,0,0,0,0
2026-08-13T03:48:17.324056,216,0,0,0,0,0
2026-08-13T03:48:17.325067,216,0,0,0,0,0
2026-08-13T03:48:17.327816,215,0,0,0,0,0
2026-08-13T03:48:17.327816,215,0,0,0,0,0
2026-08-13T03:48:17.328834,215,0,0,0,0,0
2026-08-13T03:48:17.328834,217,0,0,0,0,0
2026-08-13T03:48:17.331677,218,0,0,0,0,0
2026-08-13T03:48:17.331677,219,0,0,0,0,0
2026-08-13T03:48:17.332702,220,0,0,0,0,0
2026-08-13T03:48:17.335930,219,0,0,0,0,0
2026-08-13T03:48:17.335930,219,0,0,0,0,0
2026-08-13T03:48:17.336929,217,0,0,0,0,0
2026-08-13T03:48:17.337916,218,0,0,0,0,0
2026-08-13T03:48:17.339915,218,0,0,0,0,0
2026-08-13T03:48:17.340919,217,0,0,0,0,0
2026-08-13T03:48:17.341917,217,0,0,0,0,0
2026-08-13T03:48:17.343930,216,0,0,0,0,0
2026-08-13T03:48:17.343930,216,0,0,0,0,0
2026-08-13T03:48:17.345123,215,0,0,0,0,0
2026-08-13T03:48:17.346139,215,0,0,0,0,0
2026-08-13T03:48:17.348138,215,0,0,0,0,0
2026-08-13T03:48:17.348138,215,0,0,0,0,0
2026-08-13T03:48:17.349136,217,0,0,0,0,0
2026-08-13T03:48:17.352146,219,0,0,0,0,0
2026-08-13T03:48:17.352146,220,0,0,0,0,0
2026-08-13T03:48:17.352146,220,0,0,0,0,0
2026-08-13T03:48:17.352146,219,0,0,0,0,0
2026-08-13T03:48:17.355685,219,0,0,0,0,0
2026-08-13T03:48:17.356662,217,0,0,0,0,0
2026-08-13T03:48:17.356662,218,0,0,0,0,0
2026-08-13T03:48:17.360566,218,0,0,0,0,0
2026-08-13T03:48:17.360566,217,0,0,0,0,0
2026-08-13T03:48:17.360566,217,0,0,0,0,0
2026-08-13T03:48:17.364168,217,0,0,0,0,0
2026-08-13T03:48:17.365182,215,0,0,0,0,0
2026-08-13T03:48:17.365182,214,0,0,0,0,0
2026-08-13T03:48:17.366184,215,0,0,0,0,0
2026-08-13T03:48:17.368765,215,0,0,0,0,0
2026-08-13T03:48:17.368765,216,0,0,0,0,0
2026-08-13T03:48:17.369779,218,0,0,0,0,0
2026-08-13T03:48:17.372445,218,0,0,0,0,0
2026-08-13T03:48:17.372445,218,0,0,0,0,0
2026-08-13T03:48:17.373957,218,0,0,0,0,0
2026-08-13T03:48:17.374969,217,0,0,0,0,0
2026-08-13T03:48:17.376967,216,0,0,0,0,0
2026-08-13T03:48:17.376967,215,0,0,0,0,0
2026-08-13T03:48:17.376967,216,0,0,0,0,0
2026-08-13T03:48:17.380493,215,0,0,0,0,0
2026-08-13T03:48:17.381491,215,0,0,0,0,0
2026-08-13T03:48:17.381491,216,0,0,0,0,0
2026-08-13T03:48:17.382493,214,0,0,0,0,0
2026-08-13T03:48:17.385013,214,0,0,0,0,0
2026-08-13T03:48:17.385013,214,0,0,0,0,0
2026-08-13T03:48:17.386015,215,0,0,0,0,0
2026-08-13T03:48:17.389013,215,0,0,0,0,0
2026-08-13T03:48:17.389013,216,0,0,0,0,0
2026-08-13T03:48:17.390013,218,0,0,0,0,0
2026-08-13T03:48:17.391014,218,0,0,0,0,0
2026-08-13T03:48:17.393012,219,0,0,0,0,0
2026-08-13T03:48:17.394014,219,0,0,0,0,0
2026-08-13T03:48:17.394014,218,0,0,0,0,0
2026-08-13T03:48:17.397440,215,0,0,0,0,0
2026-08-13T03:48:17.397440,215,0,0,0,0,0
2026-08-13T03:48:17.397440,216,0,0,0,0,0
2026-08-13T03:48:17.401539,215,0,0,0,0,0
2026-08-13T03:48:17.401539,214,0,0,0,0,0
2026-08-13T03:48:17.402553,214,0,0,0,0,0
2026-08-13T03:48:17.402553,214,0,0,0,0,0
2026-08-13T03:48:17.405622,213,0,0,0,0,0
2026-08-13T03:48:17.405622,213,0,0,0,0,0
2026-08-13T03:48:17.406622,213,0,0,0,0,0
2026-08-13T03:48:17.409636,213,0,0,0,0,0
2026-08-13T03:48:17.409636,217,0,0,0,0,0
2026-08-13T03:48:17.410627,218,0,0,0,0,0
2026-08-13T03:48:17.410627,219,0,0,0,0,0
2026-08-13T03:48:17.413640,219,0,0,0,0,0
2026-08-13T03:48:17.413640,219,0,0,0,0,0
2026-08-13T03:48:17.414827,219,0,0,0,0,0
2026-08-13T03:48:17.417905,218,0,0,0,0,0
2026-08-13T03:48:17.417905,220,0,0,0,0,0
2026-08-13T03:48:17.418913,219,0,0,0,0,0
2026-08-13T03:48:17.418913,218,0,0,0,0,0
2026-08-13T03:48:17.421996,218,0,0,0,0,0
2026-08-13T03:48:17.421996,217,0,0,0,0,0
2026-08-13T03:48:17.422982,216,0,0,0,0,0
2026-08-13T03:48:17.425335,215,0,0,0,0,0
2026-08-13T03:48:17.426335,215,0,0,0,0,0
2026-08-13T03:48:17.427338,214,0,0,0,0,0
2026-08-13T03:48:17.429337,213,0,0,0,0,0
2026-08-13T03:48:17.430334,216,0,0,0,0,0
2026-08-13T03:48:17.430334,217,0,0,0,0,0
2026-08-13T03:48:17.431334,216,0,0,0,0,0
2026-08-13T03:48:17.433669,216,0,0,0,0,0
2026-08-13T03:48:17.434686,215,0,0,0,0,0
2026-08-13T03:48:17.434686,213,0,0,0,0,0
2026-08-13T03:48:17.437711,212,0,0,0,0,0
2026-08-13T03:48:17.438694,210,0,0,0,0,0
2026-08-13T03:48:17.438694,209,0,0,0,0,0
2026-08-13T03:48:17.438694,208,0,0,0,0,0
2026-08-13T03:48:17.442693,207,0,0,0,0,0
2026-08-13T03:48:17.442693,206,0,0,0,0,0
2026-08-13T03:48:17.443694,204,0,0,0,0,0
2026-08-13T03:48:17.446578,202,0,0,0,0,0
2026-08-13T03:48:17.446578,202,0,0,0,0,0
2026-08-13T03:48:17.446578,203,0,0,0,0,0
2026-08-13T03:48:17.447583,202,0,0,0,0,0
2026-08-13T03:48:17.450810,204,0,0,0,0,0
2026-08-13T03:48:17.450810,204,0,0,0,0,0
2026-08-13T03:48:17.450810,203,0,0,0,0,0
2026-08-13T03:48:17.453938,201,0,0,0,0,0
2026-08-13T03:48:17.454947,202,0,0,0,0,0
2026-08-13T03:48:17.455948,199,0,0,0,0,0
2026-08-13T03:48:17.455948,199,0,0,0,0,0
2026-08-13T03:48:17.458956,198,0,0,0,0,0
2026-08-13T03:48:17.458956,199,0,0,0,0,0
2026-08-13T03:48:17.458956,198,0,0,0,0,0
2026-08-13T03:48:17.462863,198,0,0,0,0,0
2026-08-13T03:48:17.462863,196,0,0,0,0,0
2026-08-13T03:48:17.462863,195,0,0,0,0,0
2026-08-13T03:48:17.466890,194,0,0,0,0,0
2026-08-13T03:48:17.466890,193,0,0,0,0,0
2026-08-13T03:48:17.467877,192,0,0,0,0,0
2026-08-13T03:48:17.467877,192,0,0,0,0,0
2026-08-13T03:48:17.470877,192,0,0,0,0,0
2026-08-13T03:48:17.470877,191,0,0,0,0,0
2026-08-13T03:48:17.471875,191,0,0,0,0,0
2026-08-13T03:48:17.475388,190,0,0,0,0,0
2026-08-13T03:48:17.476389,189,0,0,0,0,0
2026-08-13T03:48:17.476389,187,0,0,0,0,0
2026-08-13T03:48:17.477388,186,0,0,0,0,0
2026-08-13T03:48:17.478389,186,0,0,0,0,0
2026-08-13T03:48:17.479630,184,0,0,0,0,0
2026-08-13T03:48:17.479630,183,0,0,0,0,0
2026-08-13T03:48:17.482631,181,0,0,0,0,0
2026-08-13T03:48:17.483629,180,0,0,0,0,0
2026-08-13T03:48:17.484137,180,0,0,0,0,0
2026-08-13T03:48:17.484137,178,0,0,0,0,0
2026-08-13T03:48:17.487540,179,0,0,0,0,0
2026-08-13T03:48:17.487540,179,0,0,0,0,0
2026-08-13T03:48:17.487540,181,0,0,0,0,0
2026-08-13T03:48:17.491645,184,0,0,0,0,0
2026-08-13T03:48:17.491645,185,0,0,0,0,0
2026-08-13T03:48:17.492662,187,0,0,0,0,0
2026-08-13T03:48:17.494851,186,0,0,0,0,0
2026-08-13T03:48:17.495850,186,0,0,0,0,0
2026-08-13T03:48:17.495850,186,0,0,0,0,0
2026-08-13T03:48:17.496851,186,0,0,0,0,0
2026-08-13T03:48:17.499863,186,0,0,0,0,0
2026-08-13T03:48:17.499863,186,0,0,0,0,0
2026-08-13T03:48:17.499863,185,0,0,0,0,0
2026-08-13T03:48:17.503852,184,0,0,0,0,0
2026-08-13T03:48:17.504943,183,0,0,0,0,0
2026-08-13T03:48:17.505941,182,0,0,0,0,0
2026-08-13T03:48:17.507951,179,0,0,0,0,0
2026-08-13T03:48:17.507951,180,0,0,0,0,0
2026-08-13T03:48:17.509044,180,0,0,0,0,0
2026-08-13T03:48:17.509044,182,0,0,0,0,0
2026-08-13T03:48:17.512055,183,0,0,0,0,0
2026-08-13T03:48:17.512055,183,0,0,0,0,0
2026-08-13T03:48:17.512055,184,0,0,0,0,0
2026-08-13T03:48:17.512055,184,0,0,0,0,0
2026-08-13T03:48:17.516095,183,0,0,0,0,0
2026-08-13T03:48:17.516095,182,0,0,0,0,0
2026-08-13T03:48:17.516095,182,0,0,0,0,0
2026-08-13T03:48:17.519826,181,0,0,0,0,0
2026-08-13T03:48:17.520567,181,0,0,0,0,0
2026-08-13T03:48:17.520567,180,0,0,0,0,0
2026-08-13T03:48:17.520567,179,0,0,0,0,0
2026-08-13T03:48:17.524712,179,0,0,0,0,0
2026-08-13T03:48:17.524712,177,0,0,0,0,0
2026-08-13T03:48:17.524712,176,0,0,0,0,0
2026-08-13T03:48:17.527937,175,0,0,0,0,0
2026-08-13T03:48:17.528767,176,0,0,0,0,0
2026-08-13T03:48:17.528767,179,0,0,0,0,0
2026-08-13T03:48:17.532510,180,0,0,0,0,0
2026-08-13T03:48:17.532510,180,0,0,0,0,0
2026-08-13T03:48:17.532510,180,0,0,0,0,0
2026-08-13T03:48:17.532510,181,0,0,0,0,0
2026-08-13T03:48:17.536844,180,0,0,0,0,0
2026-08-13T03:48:17.536844,180,0,0,0,0,0
2026-08-13T03:48:17.536844,180,0,0,0,0,0
2026-08-13T03:48:17.540637,180,0,0,0,0,0
2026-08-13T03:48:17.540637,179,0,0,0,0,0
2026-08-13T03:48:17.540637,179,0,0,0,0,0
2026-08-13T03:48:17.541690,179,0,0,0,0,0
2026-08-13T03:48:17.543891,178,0,0,0,0,0
2026-08-13T03:48:17.543891,176,0,0,0,0,0
2026-08-13T03:48:17.545353,177,0,0,0,0,0
2026-08-13T03:48:17.548628,177,0,0,0,0,0
2026-08-13T03:48:17.549629,178,0,0,0,0,0
2026-08-13T03:48:17.549629,180,0,0,0,0,0
2026-08-13T03:48:17.549629,181,0,0,0,0,0
2026-08-13T03:48:17.552647,181,0,0,0,0,0
2026-08-13T03:48:17.552647,181,0,0,0,0,0
2026-08-13T03:48:17.553656,182,0,0,0,0,0
2026-08-13T03:48:17.556663,180,0,0,0,0,0
2026-08-13T03:48:17.556663,179,0,0,0,0,0
2026-08-13T03:48:17.557666,180,0,0,0,0,0
2026-08-13T03:48:17.561279,179,0,0,0,0,0
2026-08-13T03:48:17.561279,179,0,0,0,0,0
2026-08-13T03:48:17.561279,178,0,0,0,0,0
2026-08-13T03:48:17.561279,177,0,0,0,0,0
2026-08-13T03:48:17.564613,176,0,0,0,0,0
2026-08-13T03:48:17.564613,175,0,0,0,0,0
2026-08-13T03:48:17.564613,176,0,0,0,0,0
2026-08-13T03:48:17.569491,175,0,0,0,0,0
2026-08-13T03:48:17.569491,176,0,0,0,0,0
2026-08-13T03:48:17.569491,178,0,0,0,0,0
2026-08-13T03:48:17.569491,178,0,0,0,0,0
2026-08-13T03:48:17.572276,180,0,0,0,0,0
2026-08-13T03:48:17.573602,178,0,0,0,0,0
2026-08-13T03:48:17.573602,179,0,0,0,0,0
2026-08-13T03:48:17.577210,178,0,0,0,0,0
2026-08-13T03:48:17.577210,177,0,0,0,0,0
2026-08-13T03:48:17.578219,178,0,0,0,0,0
2026-08-13T03:48:17.578219,176,0,0,0,0,0
2026-08-13T03:48:17.580867,176,0,0,0,0,0
2026-08-13T03:48:17.582029,176,0,0,0,0,0
2026-08-13T03:48:17.582029,176,0,0,0,0,0
2026-08-13T03:48:17.585293,175,0,0,0,0,0
2026-08-13T03:48:17.585293,174,0,0,0,0,0
2026-08-13T03:48:17.585293,174,0,0,0,0,0
2026-08-13T03:48:17.586737,175,0,0,0,0,0
2026-08-13T03:48:17.589187,176,0,0,0,0,0
2026-08-13T03:48:17.590250,178,0,0,0,0,0
2026-08-13T03:48:17.590250,178,0,0,0,0,0
2026-08-13T03:48:17.593756,178,0,0,0,0,0
2026-08-13T03:48:17.593756,179,0,0,0,0,0
2026-08-13T03:48:17.594828,178,0,0,0,0,0
2026-08-13T03:48:17.597839,177,0,0,0,0,0
2026-08-13T03:48:17.597839,178,0,0,0,0,0
2026-08-13T03:48:17.598839,178,0,0,0,0,0
2026-08-13T03:48:17.598839,177,0,0,0,0,0
2026-08-13T03:48:17.601267,177,0,0,0,0,0
2026-08-13T03:48:17.602740,177,0,0,0,0,0
2026-08-13T03:48:17.602740,176,0,0,0,0,0
2026-08-13T03:48:17.606184,175,0,0,0,0,0
2026-08-13T03:48:17.606184,175,0,0,0,0,0
2026-08-13T03:48:17.607168,176,0,0,0,0,0
2026-08-13T03:48:17.607168,175,0,0,0,0,0
2026-08-13T03:48:17.609673,178,0,0,0,0,0
2026-08-13T03:48:17.610678,178,0,0,0,0,0
2026-08-13T03:48:17.610678,178,0,0,0,0,0
2026-08-13T03:48:17.614654,179,0,0,0,0,0
2026-08-13T03:48:17.614654,178,0,0,0,0,0
2026-08-13T03:48:17.614654,177,0,0,0,0,0
2026-08-13T03:48:17.616027,175,0,0,0,0,0
2026-08-13T03:48:17.617461,176,0,0,0,0,0
2026-08-13T03:48:17.618920,176,0,0,0,0,0
2026-08-13T03:48:17.618920,176,0,0,0,0,0
2026-08-13T03:48:17.622622,176,0,0,0,0,0
2026-08-13T03:48:17.622622,175,0,0,0,0,0
2026-08-13T03:48:17.622622,174,0,0,0,0,0
2026-08-13T03:48:17.626710,173,0,0,0,0,0
2026-08-13T03:48:17.626710,174,0,0,0,0,0
2026-08-13T03:48:17.627711,173,0,0,0,0,0
2026-08-13T03:48:17.627711,173,0,0,0,0,0
2026-08-13T03:48:17.630713,176,0,0,0,0,0
2026-08-13T03:48:17.631711,177,0,0,0,0,0
2026-08-13T03:48:17.631711,178,0,0,0,0,0
2026-08-13T03:48:17.633889,177,0,0,0,0,0
2026-08-13T03:48:17.635197,176,0,0,0,0,0
2026-08-13T03:48:17.635197,175,0,0,0,0,0
2026-08-13T03:48:17.635197,174,0,0,0,0,0
2026-08-13T03:48:17.638122,174,0,0,0,0,0
2026-08-13T03:48:17.639138,174,0,0,0,0,0
2026-08-13T03:48:17.639138,173,0,0,0,0,0
2026-08-13T03:48:17.642296,172,0,0,0,0,0
2026-08-13T03:48:17.642296,171,0,0,0,0,0
2026-08-13T03:48:17.643803,170,0,0,0,0,0
2026-08-13T03:48:17.643803,169,0,0,0,0,0
2026-08-13T03:48:17.646825,169,0,0,0,0,0
2026-08-13T03:48:17.646825,167,0,0,0,0,0
2026-08-13T03:48:17.647812,169,0,0,0,0,0
2026-08-13T03:48:17.650824,172,0,0,0,0,0
2026-08-13T03:48:17.651811,172,0,0,0,0,0
2026-08-13T03:48:17.651811,173,0,0,0,0,0
2026-08-13T03:48:17.651811,172,0,0,0,0,0
2026-08-13T03:48:17.654744,172,0,0,0,0,0
2026-08-13T03:48:17.655726,171,0,0,0,0,0
2026-08-13T03:48:17.655726,172,0,0,0,0,0
2026-08-13T03:48:17.658754,172,0,0,0,0,0
2026-08-13T03:48:17.659730,171,0,0,0,0,0
2026-08-13T03:48:17.659730,172,0,0,0,0,0
2026-08-13T03:48:17.662727,172,0,0,0,0,0
2026-08-13T03:48:17.663728,172,0,0,0,0,0
2026-08-13T03:48:17.663728,172,0,0,0,0,0
2026-08-13T03:48:17.663728,173,0,0,0,0,0
2026-08-13T03:48:17.667082,174,0,0,0,0,0
2026-08-13T03:48:17.668069,174,0,0,0,0,0
2026-08-13T03:48:17.668069,177,0,0,0,0,0
2026-08-13T03:48:17.671082,179,0,0,0,0,0
2026-08-13T03:48:17.672068,180,0,0,0,0,0
2026-08-13T03:48:17.672068,180,0,0,0,0,0
2026-08-13T03:48:17.672068,180,0,0,0,0,0
2026-08-13T03:48:17.675590,180,0,0,0,0,0
2026-08-13T03:48:17.675590,177,0,0,0,0,0
2026-08-13T03:48:17.676590,177,0,0,0,0,0
2026-08-13T03:48:17.680159,177,0,0,0,0,0
2026-08-13T03:48:17.680159,176,0,0,0,0,0
2026-08-13T03:48:17.680159,176,0,0,0,0,0
2026-08-13T03:48:17.681141,175,0,0,0,0,0
2026-08-13T03:48:17.683692,175,0,0,0,0,0
2026-08-13T03:48:17.683692,174,0,0,0,0,0
2026-08-13T03:48:17.684712,174,0,0,0,0,0
2026-08-13T03:48:17.687733,174,0,0,0,0,0
2026-08-13T03:48:17.687733,174,0,0,0,0,0
2026-08-13T03:48:17.688718,176,0,0,0,0,0
2026-08-13T03:48:17.688718,178,0,0,0,0,0
2026-08-13T03:48:17.691899,178,0,0,0,0,0
2026-08-13T03:48:17.691899,179,0,0,0,0,0
2026-08-13T03:48:17.692903,178,0,0,0,0,0
2026-08-13T03:48:17.695984,178,0,0,0,0,0
2026-08-13T03:48:17.695984,176,0,0,0,0,0
2026-08-13T03:48:17.695984,177,0,0,0,0,0
2026-08-13T03:48:17.700582,176,0,0,0,0,0
2026-08-13T03:48:17.701089,176,0,0,0,0,0
2026-08-13T03:48:17.701089,176,0,0,0,0,0
2026-08-13T03:48:17.702097,176,0,0,0,0,0
2026-08-13T03:48:17.704610,175,0,0,0,0,0
2026-08-13T03:48:17.704610,174,0,0,0,0,0
2026-08-13T03:48:17.704610,174,0,0,0,0,0
2026-08-13T03:48:17.708658,175,0,0,0,0,0
2026-08-13T03:48:17.708658,175,0,0,0,0,0
2026-08-13T03:48:17.708658,177,0,0,0,0,0
2026-08-13T03:48:17.709638,178,0,0,0,0,0
2026-08-13T03:48:17.712650,178,0,0,0,0,0
2026-08-13T03:48:17.712650,179,0,0,0,0,0
2026-08-13T03:48:17.712650,178,0,0,0,0,0
2026-08-13T03:48:17.716077,178,0,0,0,0,0
2026-08-13T03:48:17.717062,176,0,0,0,0,0
2026-08-13T03:48:17.717062,177,0,0,0,0,0
2026-08-13T03:48:17.717062,177,0,0,0,0,0
2026-08-13T03:48:17.721071,176,0,0,0,0,0
2026-08-13T03:48:17.721071,176,0,0,0,0,0
2026-08-13T03:48:17.721071,175,0,0,0,0,0
2026-08-13T03:48:17.724623,175,0,0,0,0,0
2026-08-13T03:48:17.724623,174,0,0,0,0,0
2026-08-13T03:48:17.725607,175,0,0,0,0,0
2026-08-13T03:48:17.729214,174,0,0,0,0,0
2026-08-13T03:48:17.729214,175,0,0,0,0,0
2026-08-13T03:48:17.729214,177,0,0,0,0,0
2026-08-13T03:48:17.730245,177,0,0,0,0,0
2026-08-13T03:48:17.733314,179,0,0,0,0,0
2026-08-13T03:48:17.733844,178,0,0,0,0,0
2026-08-13T03:48:17.733844,178,0,0,0,0,0
2026-08-13T03:48:17.737297,177,0,0,0,0,0
2026-08-13T03:48:17.738277,176,0,0,0,0,0
2026-08-13T03:48:17.738277,178,0,0,0,0,0
2026-08-13T03:48:17.739276,177,0,0,0,0,0
2026-08-13T03:48:17.741275,176,0,0,0,0,0
2026-08-13T03:48:17.742275,176,0,0,0,0,0
2026-08-13T03:48:17.742275,175,0,0,0,0,0
2026-08-13T03:48:17.744798,175,0,0,0,0,0
2026-08-13T03:48:17.745801,174,0,0,0,0,0
2026-08-13T03:48:17.746805,174,0,0,0,0,0
2026-08-13T03:48:17.746805,174,0,0,0,0,0
2026-08-13T03:48:17.749823,176,0,0,0,0,0
2026-08-13T03:48:17.749823,177,0,0,0,0,0
2026-08-13T03:48:17.750805,178,0,0,0,0,0
2026-08-13T03:48:17.753667,179,0,0,0,0,0
2026-08-13T03:48:17.754676,178,0,0,0,0,0
2026-08-13T03:48:17.754676,177,0,0,0,0,0
2026-08-13T03:48:17.755681,177,0,0,0,0,0
2026-08-13T03:48:17.757678,177,0,0,0,0,0
2026-08-13T03:48:17.757678,177,0,0,0,0,0
2026-08-13T03:48:17.758678,176,0,0,0,0,0
2026-08-13T03:48:17.761678,175,0,0,0,0,0
2026-08-13T03:48:17.761678,175,0,0,0,0,0
2026-08-13T03:48:17.762677,176,0,0,0,0,0
2026-08-13T03:48:17.765189,174,0,0,0,0,0
2026-08-13T03:48:17.766196,174,0,0,0,0,0
2026-08-13T03:48:17.766196,175,0,0,0,0,0
2026-08-13T03:48:17.767226,174,0,0,0,0,0
2026-08-13T03:48:17.770112,176,0,0,0,0,0
2026-08-13T03:48:17.770112,178,0,0,0,0,0
2026-08-13T03:48:17.770112,178,0,0,0,0,0
2026-08-13T03:48:17.774191,178,0,0,0,0,0
2026-08-13T03:48:17.774191,178,0,0,0,0,0
2026-08-13T03:48:17.774191,178,0,0,0,0,0
2026-08-13T03:48:17.775201,176,0,0,0,0,0
2026-08-13T03:48:17.778206,177,0,0,0,0,0
2026-08-13T03:48:17.778714,176,0,0,0,0,0
2026-08-13T03:48:17.778714,175,0,0,0,0,0
2026-08-13T03:48:17.781741,176,0,0,0,0,0
2026-08-13T03:48:17.782724,175,0,0,0,0,0
2026-08-13T03:48:17.782724,175,0,0,0,0,0
2026-08-13T03:48:17.782724,174,0,0,0,0,0
2026-08-13T03:48:17.786716,174,0,0,0,0,0
2026-08-13T03:48:17.786716,174,0,0,0,0,0
2026-08-13T03:48:17.786716,175,0,0,0,0,0
2026-08-13T03:48:17.789732,177,0,0,0,0,0
2026-08-13T03:48:17.790716,178,0,0,0,0,0
2026-08-13T03:48:17.790716,179,0,0,0,0,0
2026-08-13T03:48:17.794813,179,0,0,0,0,0
2026-08-13T03:48:17.794813,178,0,0,0,0,0
2026-08-13T03:48:17.794813,177,0,0,0,0,0
2026-08-13T03:48:17.795814,176,0,0,0,0,0
2026-08-13T03:48:17.797823,177,0,0,0,0,0
2026-08-13T03:48:17.799133,177,0,0,0,0,0
2026-08-13T03:48:17.799133,176,0,0,0,0,0
2026-08-13T03:48:17.802632,176,0,0,0,0,0
2026-08-13T03:48:17.803644,175,0,0,0,0,0
2026-08-13T03:48:17.803644,175,0,0,0,0,0
2026-08-13T03:48:17.804653,174,0,0,0,0,0
2026-08-13T03:48:17.806652,175,0,0,0,0,0
2026-08-13T03:48:17.807652,174,0,0,0,0,0
2026-08-13T03:48:17.807652,175,0,0,0,0,0
2026-08-13T03:48:17.810266,177,0,0,0,0,0
2026-08-13T03:48:17.811288,178,0,0,0,0,0
2026-08-13T03:48:17.811288,178,0,0,0,0,0
2026-08-13T03:48:17.811288,179,0,0,0,0,0
2026-08-13T03:48:17.814835,177,0,0,0,0,0
2026-08-13T03:48:17.814835,177,0,0,0,0,0
2026-08-13T03:48:17.815846,176,0,0,0,0,0
2026-08-13T03:48:17.818857,178,0,0,0,0,0
2026-08-13T03:48:17.818857,177,0,0,0,0,0
2026-08-13T03:48:17.819844,176,0,0,0,0,0
2026-08-13T03:48:17.819844,177,0,0,0,0,0
2026-08-13T03:48:17.822856,176,0,0,0,0,0
2026-08-13T03:48:17.823844,175,0,0,0,0,0
2026-08-13T03:48:17.824353,174,0,0,0,0,0
2026-08-13T03:48:17.827424,174,0,0,0,0,0
2026-08-13T03:48:17.827424,175,0,0,0,0,0
2026-08-13T03:48:17.827424,175,0,0,0,0,0
2026-08-13T03:48:17.831418,177,0,0,0,0,0
2026-08-13T03:48:17.831418,177,0,0,0,0,0
2026-08-13T03:48:17.831418,179,0,0,0,0,0
2026-08-13T03:48:17.832414,178,0,0,0,0,0
2026-08-13T03:48:17.834935,178,0,0,0,0,0
2026-08-13T03:48:17.835930,177,0,0,0,0,0
2026-08-13T03:48:17.835930,176,0,0,0,0,0
2026-08-13T03:48:17.839935,177,0,0,0,0,0
2026-08-13T03:48:17.839935,176,0,0,0,0,0
2026-08-13T03:48:17.839935,176,0,0,0,0,0
2026-08-13T03:48:17.840930,176,0,0,0,0,0
2026-08-13T03:48:17.843931,175,0,0,0,0,0
2026-08-13T03:48:17.843931,174,0,0,0,0,0
2026-08-13T03:48:17.844435,174,0,0,0,0,0
2026-08-13T03:48:17.847151,174,0,0,0,0,0
2026-08-13T03:48:17.848147,174,0,0,0,0,0
2026-08-13T03:48:17.848147,175,0,0,0,0,0
2026-08-13T03:48:17.848147,178,0,0,0,0,0
2026-08-13T03:48:17.852151,178,0,0,0,0,0
2026-08-13T03:48:17.852151,180,0,0,0,0,0
2026-08-13T03:48:17.852151,179,0,0,0,0,0
2026-08-13T03:48:17.855692,179,0,0,0,0,0
2026-08-13T03:48:17.855692,178,0,0,0,0,0
2026-08-13T03:48:17.856664,178,0,0,0,0,0
2026-08-13T03:48:17.856664,179,0,0,0,0,0
2026-08-13T03:48:17.859663,178,0,0,0,0,0
2026-08-13T03:48:17.860663,178,0,0,0,0,0
2026-08-13T03:48:17.860663,178,0,0,0,0,0
2026-08-13T03:48:17.864186,178,0,0,0,0,0
2026-08-13T03:48:17.864186,177,0,0,0,0,0
2026-08-13T03:48:17.865189,176,0,0,0,0,0
2026-08-13T03:48:17.868200,177,0,0,0,0,0
2026-08-13T03:48:17.868200,176,0,0,0,0,0
2026-08-13T03:48:17.869187,179,0,0,0,0,0
2026-08-13T03:48:17.869187,181,0,0,0,0,0
2026-08-13T03:48:17.872199,182,0,0,0,0,0
2026-08-13T03:48:17.872199,182,0,0,0,0,0
2026-08-13T03:48:17.872199,182,0,0,0,0,0
2026-08-13T03:48:17.875717,181,0,0,0,0,0
2026-08-13T03:48:17.876717,180,0,0,0,0,0
2026-08-13T03:48:17.877506,180,0,0,0,0,0
2026-08-13T03:48:17.877506,179,0,0,0,0,0
2026-08-13T03:48:17.880043,179,0,0,0,0,0
2026-08-13T03:48:17.881051,179,0,0,0,0,0
2026-08-13T03:48:17.881051,178,0,0,0,0,0
2026-08-13T03:48:17.884566,178,0,0,0,0,0
2026-08-13T03:48:17.884566,175,0,0,0,0,0
2026-08-13T03:48:17.885569,176,0,0,0,0,0
2026-08-13T03:48:17.885569,176,0,0,0,0,0
2026-08-13T03:48:17.888563,176,0,0,0,0,0
2026-08-13T03:48:17.888563,179,0,0,0,0,0
2026-08-13T03:48:17.889566,180,0,0,0,0,0
2026-08-13T03:48:17.892071,179,0,0,0,0,0
2026-08-13T03:48:17.892071,180,0,0,0,0,0
2026-08-13T03:48:17.893578,180,0,0,0,0,0
2026-08-13T03:48:17.896601,179,0,0,0,0,0
2026-08-13T03:48:17.897588,177,0,0,0,0,0
2026-08-13T03:48:17.897588,179,0,0,0,0,0
2026-08-13T03:48:17.897588,179,0,0,0,0,0
2026-08-13T03:48:17.900600,178,0,0,0,0,0
2026-08-13T03:48:17.901588,177,0,0,0,0,0
2026-08-13T03:48:17.901588,177,0,0,0,0,0
2026-08-13T03:48:17.905140,176,0,0,0,0,0
2026-08-13T03:48:17.905140,176,0,0,0,0,0
2026-08-13T03:48:17.906139,176,0,0,0,0,0
2026-08-13T03:48:17.906139,176,0,0,0,0,0
2026-08-13T03:48:17.909346,177,0,0,0,0,0
2026-08-13T03:48:17.909346,180,0,0,0,0,0
2026-08-13T03:48:17.909346,180,0,0,0,0,0
2026-08-13T03:48:17.912347,182,0,0,0,0,0
2026-08-13T03:48:17.913857,181,0,0,0,0,0
2026-08-13T03:48:17.913857,181,0,0,0,0,0
2026-08-13T03:48:17.914871,180,0,0,0,0,0
2026-08-13T03:48:17.916887,179,0,0,0,0,0
2026-08-13T03:48:17.917868,180,0,0,0,0,0
2026-08-13T03:48:17.917868,179,0,0,0,0,0
2026-08-13T03:48:17.921180,178,0,0,0,0,0
2026-08-13T03:48:17.922170,178,0,0,0,0,0
2026-08-13T03:48:17.922170,177,0,0,0,0,0
2026-08-13T03:48:17.922170,176,0,0,0,0,0
2026-08-13T03:48:17.925694,175,0,0,0,0,0
2026-08-13T03:48:17.925694,175,0,0,0,0,0
2026-08-13T03:48:17.925694,175,0,0,0,0,0
2026-08-13T03:48:17.929700,177,0,0,0,0,0
2026-08-13T03:48:17.929700,179,0,0,0,0,0
2026-08-13T03:48:17.929700,179,0,0,0,0,0
2026-08-13T03:48:17.933699,180,0,0,0,0,0
2026-08-13T03:48:17.934203,180,0,0,0,0,0
2026-08-13T03:48:17.934203,180,0,0,0,0,0
2026-08-13T03:48:17.934203,178,0,0,0,0,0
2026-08-13T03:48:17.938207,177,0,0,0,0,0
2026-08-13T03:48:17.938207,176,0,0,0,0,0
2026-08-13T03:48:17.938207,176,0,0,0,0,0
2026-08-13T03:48:17.942208,176,0,0,0,0,0
2026-08-13T03:48:17.942208,175,0,0,0,0,0
2026-08-13T03:48:17.942208,175,0,0,0,0,0
2026-08-13T03:48:17.942208,175,0,0,0,0,0
2026-08-13T03:48:17.945718,175,0,0,0,0,0
2026-08-13T03:48:17.946721,176,0,0,0,0,0
2026-08-13T03:48:17.946721,176,0,0,0,0,0
2026-08-13T03:48:17.949733,179,0,0,0,0,0
2026-08-13T03:48:17.950722,179,0,0,0,0,0
2026-08-13T03:48:17.950722,180,0,0,0,0,0
2026-08-13T03:48:17.951725,182,0,0,0,0,0
2026-08-13T03:48:17.954249,181,0,0,0,0,0
2026-08-13T03:48:17.955261,180,0,0,0,0,0
2026-08-13T03:48:17.956280,179,0,0,0,0,0
2026-08-13T03:48:17.958271,180,0,0,0,0,0
2026-08-13T03:48:17.959269,180,0,0,0,0,0
2026-08-13T03:48:17.959269,181,0,0,0,0,0
2026-08-13T03:48:17.962291,181,0,0,0,0,0
2026-08-13T03:48:17.962291,181,0,0,0,0,0
2026-08-13T03:48:17.963802,182,0,0,0,0,0
2026-08-13T03:48:17.963802,181,0,0,0,0,0
2026-08-13T03:48:17.966826,182,0,0,0,0,0
2026-08-13T03:48:17.966826,183,0,0,0,0,0
2026-08-13T03:48:17.966826,183,0,0,0,0,0
2026-08-13T03:48:17.970811,186,0,0,0,0,0
2026-08-13T03:48:17.970811,188,0,0,0,0,0
2026-08-13T03:48:17.971812,188,0,0,0,0,0
2026-08-13T03:48:17.971812,188,0,0,0,0,0
2026-08-13T03:48:17.974315,187,0,0,0,0,0
2026-08-13T03:48:17.975322,186,0,0,0,0,0
2026-08-13T03:48:17.975322,185,0,0,0,0,0
2026-08-13T03:48:17.979164,186,0,0,0,0,0
2026-08-13T03:48:17.979164,187,0,0,0,0,0
2026-08-13T03:48:17.979164,187,0,0,0,0,0
2026-08-13T03:48:17.980192,187,0,0,0,0,0
2026-08-13T03:48:17.983164,187,0,0,0,0,0
2026-08-13T03:48:17.983164,188,0,0,0,0,0
2026-08-13T03:48:17.983814,188,0,0,0,0,0
2026-08-13T03:48:17.987266,189,0,0,0,0,0
2026-08-13T03:48:17.987266,190,0,0,0,0,0
2026-08-13T03:48:17.988305,190,0,0,0,0,0
2026-08-13T03:48:17.988305,193,0,0,0,0,0
2026-08-13T03:48:17.991284,194,0,0,0,0,0
2026-08-13T03:48:17.991284,194,0,0,0,0,0
2026-08-13T03:48:17.992300,194,0,0,0,0,0
2026-08-13T03:48:17.994841,193,0,0,0,0,0
2026-08-13T03:48:17.995846,192,0,0,0,0,0
2026-08-13T03:48:17.995846,192,0,0,0,0,0
2026-08-13T03:48:17.998855,192,0,0,0,0,0
2026-08-13T03:48:17.999842,191,0,0,0,0,0
2026-08-13T03:48:18.001008,191,0,0,0,0,0
2026-08-13T03:48:18.001008,191,0,0,0,0,0
2026-08-13T03:48:18.003644,190,0,0,0,0,0
2026-08-13T03:48:18.003644,190,0,0,0,0,0
2026-08-13T03:48:18.004780,190,0,0,0,0,0
2026-08-13T03:48:18.007289,191,0,0,0,0,0
2026-08-13T03:48:18.008302,191,0,0,0,0,0
2026-08-13T03:48:18.009303,192,0,0,0,0,0
2026-08-13T03:48:18.010305,195,0,0,0,0,0
2026-08-13T03:48:18.011304,196,0,0,0,0,0
2026-08-13T03:48:18.012305,196,0,0,0,0,0
2026-08-13T03:48:18.012305,196,0,0,0,0,0
2026-08-13T03:48:18.015832,196,0,0,0,0,0
2026-08-13T03:48:18.015832,195,0,0,0,0,0
2026-08-13T03:48:18.016831,195,0,0,0,0,0
2026-08-13T03:48:18.016831,196,0,0,0,0,0
2026-08-13T03:48:18.019950,196,0,0,0,0,0
2026-08-13T03:48:18.019950,196,0,0,0,0,0
2026-08-13T03:48:18.020946,196,0,0,0,0,0
2026-08-13T03:48:18.023601,195,0,0,0,0,0
2026-08-13T03:48:18.024629,195,0,0,0,0,0
2026-08-13T03:48:18.024629,194,0,0,0,0,0
2026-08-13T03:48:18.028128,195,0,0,0,0,0
2026-08-13T03:48:18.028128,194,0,0,0,0,0
2026-08-13T03:48:18.028773,196,0,0,0,0,0
2026-08-13T03:48:18.028773,198,0,0,0,0,0
2026-08-13T03:48:18.032092,198,0,0,0,0,0
2026-08-13T03:48:18.032695,198,0,0,0,0,0
2026-08-13T03:48:18.032695,198,0,0,0,0,0
2026-08-13T03:48:18.035796,198,0,0,0,0,0
2026-08-13T03:48:18.036775,196,0,0,0,0,0
2026-08-13T03:48:18.036775,196,0,0,0,0,0
2026-08-13T03:48:18.036775,196,0,0,0,0,0
2026-08-13T03:48:18.039791,195,0,0,0,0,0
2026-08-13T03:48:18.040779,195,0,0,0,0,0
2026-08-13T03:48:18.040779,194,0,0,0,0,0
2026-08-13T03:48:18.044489,194,0,0,0,0,0
2026-08-13T03:48:18.044994,193,0,0,0,0,0
2026-08-13T03:48:18.044994,192,0,0,0,0,0
2026-08-13T03:48:18.044994,193,0,0,0,0,0
2026-08-13T03:48:18.048477,192,0,0,0,0,0
2026-08-13T03:48:18.048477,196,0,0,0,0,0
2026-08-13T03:48:18.049459,197,0,0,0,0,0
2026-08-13T03:48:18.052469,197,0,0,0,0,0
2026-08-13T03:48:18.052469,198,0,0,0,0,0
2026-08-13T03:48:18.052469,197,0,0,0,0,0
2026-08-13T03:48:18.052469,197,0,0,0,0,0
2026-08-13T03:48:18.056890,196,0,0,0,0,0
2026-08-13T03:48:18.056890,196,0,0,0,0,0
2026-08-13T03:48:18.057906,196,0,0,0,0,0
2026-08-13T03:48:18.060990,196,0,0,0,0,0
2026-08-13T03:48:18.060990,196,0,0,0,0,0
2026-08-13T03:48:18.060990,195,0,0,0,0,0
2026-08-13T03:48:18.064527,194,0,0,0,0,0
2026-08-13T03:48:18.065541,193,0,0,0,0,0
2026-08-13T03:48:18.066539,194,0,0,0,0,0
2026-08-13T03:48:18.066539,194,0,0,0,0,0
2026-08-13T03:48:18.068555,194,0,0,0,0,0
2026-08-13T03:48:18.069538,196,0,0,0,0,0
2026-08-13T03:48:18.070541,197,0,0,0,0,0
2026-08-13T03:48:18.072551,198,0,0,0,0,0
2026-08-13T03:48:18.074048,198,0,0,0,0,0
2026-08-13T03:48:18.074048,197,0,0,0,0,0
2026-08-13T03:48:18.075058,197,0,0,0,0,0
2026-08-13T03:48:18.077073,195,0,0,0,0,0
2026-08-13T03:48:18.077073,197,0,0,0,0,0
2026-08-13T03:48:18.077073,196,0,0,0,0,0
2026-08-13T03:48:18.081360,195,0,0,0,0,0
2026-08-13T03:48:18.081873,195,0,0,0,0,0
2026-08-13T03:48:18.082888,194,0,0,0,0,0
2026-08-13T03:48:18.083397,194,0,0,0,0,0
2026-08-13T03:48:18.085092,192,0,0,0,0,0
2026-08-13T03:48:18.086102,192,0,0,0,0,0
2026-08-13T03:48:18.086102,192,0,0,0,0,0
2026-08-13T03:48:18.089101,193,0,0,0,0,0
2026-08-13T03:48:18.090101,196,0,0,0,0,0
2026-08-13T03:48:18.090101,196,0,0,0,0,0
2026-08-13T03:48:18.093613,197,0,0,0,0,0
2026-08-13T03:48:18.093613,196,0,0,0,0,0
2026-08-13T03:48:18.094644,197,0,0,0,0,0
2026-08-13T03:48:18.094644,195,0,0,0,0,0
2026-08-13T03:48:18.097651,194,0,0,0,0,0
2026-08-13T03:48:18.097651,195,0,0,0,0,0
2026-08-13T03:48:18.097651,195,0,0,0,0,0
2026-08-13T03:48:18.101654,194,0,0,0,0,0
2026-08-13T03:48:18.101654,194,0,0,0,0,0
2026-08-13T03:48:18.102651,194,0,0,0,0,0
2026-08-13T03:48:18.102651,192,0,0,0,0,0
2026-08-13T03:48:18.105217,192,0,0,0,0,0
2026-08-13T03:48:18.106217,192,0,0,0,0,0
2026-08-13T03:48:18.106217,192,0,0,0,0,0
2026-08-13T03:48:18.109510,194,0,0,0,0,0
2026-08-13T03:48:18.110510,196,0,0,0,0,0
2026-08-13T03:48:18.110510,196,0,0,0,0,0
2026-08-13T03:48:18.110510,196,0,0,0,0,0
2026-08-13T03:48:18.114325,196,0,0,0,0,0
2026-08-13T03:48:18.114325,196,0,0,0,0,0
2026-08-13T03:48:18.114325,195,0,0,0,0,0
2026-08-13T03:48:18.118342,194,0,0,0,0,0
2026-08-13T03:48:18.118342,195,0,0,0,0,0
2026-08-13T03:48:18.118342,194,0,0,0,0,0
2026-08-13T03:48:18.119336,194,0,0,0,0,0
2026-08-13T03:48:18.122343,194,0,0,0,0,0
2026-08-13T03:48:18.122343,193,0,0,0,0,0
2026-08-13T03:48:18.123853,191,0,0,0,0,0
2026-08-13T03:48:18.125974,191,0,0,0,0,0
2026-08-13T03:48:18.126982,192,0,0,0,0,0
2026-08-13T03:48:18.126982,191,0,0,0,0,0
2026-08-13T03:48:18.129984,192,0,0,0,0,0
2026-08-13T03:48:18.130984,193,0,0,0,0,0
2026-08-13T03:48:18.130984,194,0,0,0,0,0
2026-08-13T03:48:18.130984,195,0,0,0,0,0
2026-08-13T03:48:18.133982,195,0,0,0,0,0
2026-08-13T03:48:18.135093,194,0,0,0,0,0
2026-08-13T03:48:18.135093,192,0,0,0,0,0
2026-08-13T03:48:18.138114,192,0,0,0,0,0
2026-08-13T03:48:18.139104,193,0,0,0,0,0
2026-08-13T03:48:18.139104,192,0,0,0,0,0
2026-08-13T03:48:18.139104,191,0,0,0,0,0
2026-08-13T03:48:18.142524,190,0,0,0,0,0
2026-08-13T03:48:18.143074,190,0,0,0,0,0
2026-08-13T03:48:18.143583,189,0,0,0,0,0
2026-08-13T03:48:18.146709,188,0,0,0,0,0
2026-08-13T03:48:18.146709,188,0,0,0,0,0
2026-08-13T03:48:18.147693,187,0,0,0,0,0
2026-08-13T03:48:18.147693,190,0,0,0,0,0
2026-08-13T03:48:18.150718,191,0,0,0,0,0
2026-08-13T03:48:18.150718,191,0,0,0,0,0
2026-08-13T03:48:18.151696,191,0,0,0,0,0
2026-08-13T03:48:18.154790,190,0,0,0,0,0
2026-08-13T03:48:18.154790,189,0,0,0,0,0
2026-08-13T03:48:18.155806,187,0,0,0,0,0
2026-08-13T03:48:18.155806,188,0,0,0,0,0
2026-08-13T03:48:18.158592,187,0,0,0,0,0
2026-08-13T03:48:18.159600,187,0,0,0,0,0
2026-08-13T03:48:18.159600,187,0,0,0,0,0
2026-08-13T03:48:18.162814,187,0,0,0,0,0
2026-08-13T03:48:18.163820,186,0,0,0,0,0
2026-08-13T03:48:18.163820,186,0,0,0,0,0
2026-08-13T03:48:18.166883,185,0,0,0,0,0
2026-08-13T03:48:18.167885,185,0,0,0,0,0
2026-08-13T03:48:18.167885,186,0,0,0,0,0
2026-08-13T03:48:18.168885,188,0,0,0,0,0
2026-08-13T03:48:18.170884,189,0,0,0,0,0
2026-08-13T03:48:18.171883,189,0,0,0,0,0
2026-08-13T03:48:18.171883,189,0,0,0,0,0
2026-08-13T03:48:18.175478,188,0,0,0,0,0
2026-08-13T03:48:18.175478,188,0,0,0,0,0
2026-08-13T03:48:18.176460,186,0,0,0,0,0
2026-08-13T03:48:18.176460,187,0,0,0,0,0
2026-08-13T03:48:18.179462,187,0,0,0,0,0
2026-08-13T03:48:18.179968,187,0,0,0,0,0
2026-08-13T03:48:18.179968,188,0,0,0,0,0
2026-08-13T03:48:18.182974,187,0,0,0,0,0
2026-08-13T03:48:18.184044,187,0,0,0,0,0
2026-08-13T03:48:18.184044,186,0,0,0,0,0
2026-08-13T03:48:18.185056,187,0,0,0,0,0
2026-08-13T03:48:18.188082,186,0,0,0,0,0
2026-08-13T03:48:18.188082,188,0,0,0,0,0
2026-08-13T03:48:18.188082,190,0,0,0,0,0
2026-08-13T03:48:18.192081,190,0,0,0,0,0
2026-08-13T03:48:18.192081,191,0,0,0,0,0
2026-08-13T03:48:18.192081,192,0,0,0,0,0
2026-08-13T03:48:18.195621,190,0,0,0,0,0
2026-08-13T03:48:18.196593,189,0,0,0,0,0
2026-08-13T03:48:18.196593,189,0,0,0,0,0
2026-08-13T03:48:18.196593,189,0,0,0,0,0
2026-08-13T03:48:18.199775,188,0,0,0,0,0
2026-08-13T03:48:18.199775,189,0,0,0,0,0
2026-08-13T03:48:18.200776,187,0,0,0,0,0
2026-08-13T03:48:18.204309,187,0,0,0,0,0
2026-08-13T03:48:18.204309,187,0,0,0,0,0
2026-08-13T03:48:18.204309,186,0,0,0,0,0
2026-08-13T03:48:18.205302,186,0,0,0,0,0
2026-08-13T03:48:18.208308,186,0,0,0,0,0
2026-08-13T03:48:18.208815,188,0,0,0,0,0
2026-08-13T03:48:18.208815,189,0,0,0,0,0
2026-08-13T03:48:18.211615,190,0,0,0,0,0
2026-08-13T03:48:18.212623,191,0,0,0,0,0
2026-08-13T03:48:18.212623,190,0,0,0,0,0
2026-08-13T03:48:18.212623,190,0,0,0,0,0
2026-08-13T03:48:18.216143,187,0,0,0,0,0
2026-08-13T03:48:18.216143,188,0,0,0,0,0
2026-08-13T03:48:18.217141,189,0,0,0,0,0
2026-08-13T03:48:18.220575,188,0,0,0,0,0
2026-08-13T03:48:18.220575,188,0,0,0,0,0
2026-08-13T03:48:18.220575,187,0,0,0,0,0
2026-08-13T03:48:18.221557,187,0,0,0,0,0
2026-08-13T03:48:18.224679,186,0,0,0,0,0
2026-08-13T03:48:18.224679,186,0,0,0,0,0
2026-08-13T03:48:18.224679,186,0,0,0,0,0
2026-08-13T03:48:18.228685,186,0,0,0,0,0
2026-08-13T03:48:18.228685,187,0,0,0,0,0
2026-08-13T03:48:18.229684,190,0,0,0,0,0
2026-08-13T03:48:18.232718,190,0,0,0,0,0
2026-08-13T03:48:18.232718,190,0,0,0,0,0
2026-08-13T03:48:18.233685,191,0,0,0,0,0
2026-08-13T03:48:18.234193,189,0,0,0,0,0
2026-08-13T03:48:18.237203,188,0,0,0,0,0
2026-08-13T03:48:18.237203,188,0,0,0,0,0
2026-08-13T03:48:18.238204,188,0,0,0,0,0
2026-08-13T03:48:18.241207,188,0,0,0,0,0
2026-08-13T03:48:18.241207,188,0,0,0,0,0
2026-08-13T03:48:18.241207,188,0,0,0,0,0
2026-08-13T03:48:18.242200,187,0,0,0,0,0
2026-08-13T03:48:18.244752,186,0,0,0,0,0
2026-08-13T03:48:18.245738,185,0,0,0,0,0
2026-08-13T03:48:18.245738,185,0,0,0,0,0
2026-08-13T03:48:18.248753,186,0,0,0,0,0
2026-08-13T03:48:18.249739,188,0,0,0,0,0
2026-08-13T03:48:18.250741,189,0,0,0,0,0
2026-08-13T03:48:18.250741,190,0,0,0,0,0
2026-08-13T03:48:18.252754,190,0,0,0,0,0
2026-08-13T03:48:18.254277,190,0,0,0,0,0
2026-08-13T03:48:18.254277,188,0,0,0,0,0
2026-08-13T03:48:18.257269,188,0,0,0,0,0
2026-08-13T03:48:18.257269,189,0,0,0,0,0
2026-08-13T03:48:18.258270,190,0,0,0,0,0
2026-08-13T03:48:18.261286,188,0,0,0,0,0
2026-08-13T03:48:18.262285,188,0,0,0,0,0
2026-08-13T03:48:18.262285,187,0,0,0,0,0
2026-08-13T03:48:18.263795,187,0,0,0,0,0
2026-08-13T03:48:18.265802,186,0,0,0,0,0
2026-08-13T03:48:18.265802,185,0,0,0,0,0
2026-08-13T03:48:18.265802,185,0,0,0,0,0
2026-08-13T03:48:18.269128,186,0,0,0,0,0
2026-08-13T03:48:18.270128,189,0,0,0,0,0
2026-08-13T03:48:18.270128,190,0,0,0,0,0
2026-08-13T03:48:18.270128,190,0,0,0,0,0
2026-08-13T03:48:18.273636,190,0,0,0,0,0
2026-08-13T03:48:18.273636,190,0,0,0,0,0
2026-08-13T03:48:18.274737,189,0,0,0,0,0
2026-08-13T03:48:18.277747,188,0,0,0,0,0
2026-08-13T03:48:18.278760,189,0,0,0,0,0
2026-08-13T03:48:18.278760,188,0,0,0,0,0
2026-08-13T03:48:18.279824,188,0,0,0,0,0
2026-08-13T03:48:18.281810,187,0,0,0,0,0
2026-08-13T03:48:18.282813,186,0,0,0,0,0
2026-08-13T03:48:18.283814,186,0,0,0,0,0
2026-08-13T03:48:18.285951,186,0,0,0,0,0
2026-08-13T03:48:18.286950,186,0,0,0,0,0
2026-08-13T03:48:18.286950,185,0,0,0,0,0
2026-08-13T03:48:18.287951,187,0,0,0,0,0
2026-08-13T03:48:18.289950,189,0,0,0,0,0
2026-08-13T03:48:18.290941,190,0,0,0,0,0
2026-08-13T03:48:18.290941,190,0,0,0,0,0
2026-08-13T03:48:18.294498,190,0,0,0,0,0
2026-08-13T03:48:18.294498,189,0,0,0,0,0
2026-08-13T03:48:18.295494,188,0,0,0,0,0
2026-08-13T03:48:18.298502,188,0,0,0,0,0
2026-08-13T03:48:18.298502,189,0,0,0,0,0
2026-08-13T03:48:18.298502,187,0,0,0,0,0
2026-08-13T03:48:18.299500,187,0,0,0,0,0
2026-08-13T03:48:18.302634,187,0,0,0,0,0
2026-08-13T03:48:18.302634,187,0,0,0,0,0
2026-08-13T03:48:18.302634,186,0,0,0,0,0
2026-08-13T03:48:18.306643,186,0,0,0,0,0
2026-08-13T03:48:18.306643,186,0,0,0,0,0
2026-08-13T03:48:18.307630,186,0,0,0,0,0
2026-08-13T03:48:18.308633,188,0,0,0,0,0
2026-08-13T03:48:18.310652,190,0,0,0,0,0
2026-08-13T03:48:18.310652,189,0,0,0,0,0
2026-08-13T03:48:18.311645,190,0,0,0,0,0
2026-08-13T03:48:18.314189,190,0,0,0,0,0
2026-08-13T03:48:18.315185,189,0,0,0,0,0
2026-08-13T03:48:18.316197,188,0,0,0,0,0
2026-08-13T03:48:18.316197,188,0,0,0,0,0
2026-08-13T03:48:18.319183,189,0,0,0,0,0
2026-08-13T03:48:18.319183,187,0,0,0,0,0
2026-08-13T03:48:18.320197,187,0,0,0,0,0
2026-08-13T03:48:18.323139,187,0,0,0,0,0
2026-08-13T03:48:18.323663,186,0,0,0,0,0
2026-08-13T03:48:18.324697,186,0,0,0,0,0
2026-08-13T03:48:18.327216,186,0,0,0,0,0
2026-08-13T03:48:18.328249,186,0,0,0,0,0
2026-08-13T03:48:18.328249,187,0,0,0,0,0
2026-08-13T03:48:18.329257,189,0,0,0,0,0
2026-08-13T03:48:18.331248,190,0,0,0,0,0
2026-08-13T03:48:18.331248,191,0,0,0,0,0
2026-08-13T03:48:18.332247,192,0,0,0,0,0
2026-08-13T03:48:18.335405,192,0,0,0,0,0
2026-08-13T03:48:18.335405,192,0,0,0,0,0
2026-08-13T03:48:18.336428,189,0,0,0,0,0
2026-08-13T03:48:18.337429,190,0,0,0,0,0
2026-08-13T03:48:18.339428,191,0,0,0,0,0
2026-08-13T03:48:18.339428,190,0,0,0,0,0
2026-08-13T03:48:18.340413,190,0,0,0,0,0
2026-08-13T03:48:18.342428,190,0,0,0,0,0
2026-08-13T03:48:18.343939,190,0,0,0,0,0
2026-08-13T03:48:18.344953,189,0,0,0,0,0
2026-08-13T03:48:18.344953,189,0,0,0,0,0
2026-08-13T03:48:18.347570,189,0,0,0,0,0
2026-08-13T03:48:18.347570,190,0,0,0,0,0
2026-08-13T03:48:18.348545,193,0,0,0,0,0
2026-08-13T03:48:18.351558,193,0,0,0,0,0
2026-08-13T03:48:18.351558,194,0,0,0,0,0
2026-08-13T03:48:18.352542,195,0,0,0,0,0
2026-08-13T03:48:18.352542,194,0,0,0,0,0
2026-08-13T03:48:18.356079,194,0,0,0,0,0
2026-08-13T03:48:18.356079,193,0,0,0,0,0
2026-08-13T03:48:18.357080,194,0,0,0,0,0
2026-08-13T03:48:18.360081,194,0,0,0,0,0
2026-08-13T03:48:18.360081,194,0,0,0,0,0
2026-08-13T03:48:18.361100,194,0,0,0,0,0
2026-08-13T03:48:18.364090,193,0,0,0,0,0
2026-08-13T03:48:18.364090,193,0,0,0,0,0
2026-08-13T03:48:18.365209,192,0,0,0,0,0
2026-08-13T03:48:18.365209,193,0,0,0,0,0
2026-08-13T03:48:18.368189,192,0,0,0,0,0
2026-08-13T03:48:18.369220,194,0,0,0,0,0
2026-08-13T03:48:18.369220,198,0,0,0,0,0
2026-08-13T03:48:18.372264,198,0,0,0,0,0
2026-08-13T03:48:18.372264,198,0,0,0,0,0
2026-08-13T03:48:18.373996,197,0,0,0,0,0
2026-08-13T03:48:18.379532,197,0,0,0,0,0
2026-08-13T03:48:18.380545,196,0,0,0,0,0
2026-08-13T03:48:18.381544,196,0,0,0,0,0
2026-08-13T03:48:18.381544,196,0,0,0,0,0
2026-08-13T03:48:18.382543,195,0,0,0,0,0
2026-08-13T03:48:18.382543,195,0,0,0,0,0
2026-08-13T03:48:18.382543,195,0,0,0,0,0
2026-08-13T03:48:18.384051,194,0,0,0,0,0
2026-08-13T03:48:18.384051,193,0,0,0,0,0
2026-08-13T03:48:18.385061,193,0,0,0,0,0
2026-08-13T03:48:18.385061,193,0,0,0,0,0
2026-08-13T03:48:18.388068,194,0,0,0,0,0
2026-08-13T03:48:18.389068,195,0,0,0,0,0
2026-08-13T03:48:18.389068,196,0,0,0,0,0
2026-08-13T03:48:18.390069,197,0,0,0,0,0
2026-08-13T03:48:18.392520,197,0,0,0,0,0
2026-08-13T03:48:18.393658,198,0,0,0,0,0
2026-08-13T03:48:18.393658,197,0,0,0,0,0
2026-08-13T03:48:18.396911,195,0,0,0,0,0
2026-08-13T03:48:18.396911,195,0,0,0,0,0
2026-08-13T03:48:18.397901,197,0,0,0,0,0
2026-08-13T03:48:18.400913,197,0,0,0,0,0
2026-08-13T03:48:18.400913,197,0,0,0,0,0
2026-08-13T03:48:18.401900,196,0,0,0,0,0
2026-08-13T03:48:18.401900,196,0,0,0,0,0
2026-08-13T03:48:18.404455,196,0,0,0,0,0
2026-08-13T03:48:18.405450,196,0,0,0,0,0
2026-08-13T03:48:18.405450,196,0,0,0,0,0
2026-08-13T03:48:18.408971,194,0,0,0,0,0
2026-08-13T03:48:18.408971,195,0,0,0,0,0
2026-08-13T03:48:18.409964,196,0,0,0,0,0
2026-08-13T03:48:18.410965,194,0,0,0,0,0
2026-08-13T03:48:18.412961,194,0,0,0,0,0
2026-08-13T03:48:18.413962,193,0,0,0,0,0
2026-08-13T03:48:18.414470,191,0,0,0,0,0
2026-08-13T03:48:18.416491,190,0,0,0,0,0
2026-08-13T03:48:18.417543,190,0,0,0,0,0
2026-08-13T03:48:18.418494,189,0,0,0,0,0
2026-08-13T03:48:18.418494,188,0,0,0,0,0
2026-08-13T03:48:18.421493,189,0,0,0,0,0
2026-08-13T03:48:18.421493,188,0,0,0,0,0
2026-08-13T03:48:18.422492,188,0,0,0,0,0
2026-08-13T03:48:18.425011,188,0,0,0,0,0
2026-08-13T03:48:18.426017,187,0,0,0,0,0
2026-08-13T03:48:18.426017,189,0,0,0,0,0
2026-08-13T03:48:18.429019,188,0,0,0,0,0
2026-08-13T03:48:18.430016,191,0,0,0,0,0
2026-08-13T03:48:18.430016,193,0,0,0,0,0
2026-08-13T03:48:18.430016,193,0,0,0,0,0
2026-08-13T03:48:18.433015,194,0,0,0,0,0
2026-08-13T03:48:18.434015,195,0,0,0,0,0
2026-08-13T03:48:18.434015,194,0,0,0,0,0
2026-08-13T03:48:18.437528,192,0,0,0,0,0
2026-08-13T03:48:18.437528,193,0,0,0,0,0
2026-08-13T03:48:18.437528,192,0,0,0,0,0
2026-08-13T03:48:18.438528,191,0,0,0,0,0
2026-08-13T03:48:18.441530,191,0,0,0,0,0
2026-08-13T03:48:18.441530,190,0,0,0,0,0
2026-08-13T03:48:18.442530,189,0,0,0,0,0
2026-08-13T03:48:18.446018,187,0,0,0,0,0
2026-08-13T03:48:18.446018,187,0,0,0,0,0
2026-08-13T03:48:18.446018,186,0,0,0,0,0
2026-08-13T03:48:18.447061,187,0,0,0,0,0
2026-08-13T03:48:18.449857,190,0,0,0,0,0
2026-08-13T03:48:18.449857,190,0,0,0,0,0
2026-08-13T03:48:18.450858,191,0,0,0,0,0
2026-08-13T03:48:18.453844,190,0,0,0,0,0
2026-08-13T03:48:18.454920,190,0,0,0,0,0
2026-08-13T03:48:18.454920,189,0,0,0,0,0
2026-08-13T03:48:18.455920,188,0,0,0,0,0
2026-08-13T03:48:18.457921,189,0,0,0,0,0
2026-08-13T03:48:18.458933,188,0,0,0,0,0
2026-08-13T03:48:18.458933,188,0,0,0,0,0
2026-08-13T03:48:18.461920,189,0,0,0,0,0
2026-08-13T03:48:18.462935,187,0,0,0,0,0
2026-08-13T03:48:18.462935,186,0,0,0,0,0
2026-08-13T03:48:18.466491,186,0,0,0,0,0
2026-08-13T03:48:18.466491,186,0,0,0,0,0
2026-08-13T03:48:18.467484,185,0,0,0,0,0
2026-08-13T03:48:18.468478,187,0,0,0,0,0
2026-08-13T03:48:18.470498,189,0,0,0,0,0
2026-08-13T03:48:18.470498,190,0,0,0,0,0
2026-08-13T03:48:18.471493,190,0,0,0,0,0
2026-08-13T03:48:18.473995,190,0,0,0,0,0
2026-08-13T03:48:18.475006,190,0,0,0,0,0
2026-08-13T03:48:18.476004,188,0,0,0,0,0
2026-08-13T03:48:18.476004,188,0,0,0,0,0
2026-08-13T03:48:18.478764,188,0,0,0,0,0
2026-08-13T03:48:18.479272,188,0,0,0,0,0
2026-08-13T03:48:18.479272,188,0,0,0,0,0
2026-08-13T03:48:18.482341,188,0,0,0,0,0
2026-08-13T03:48:18.482341,186,0,0,0,0,0
2026-08-13T03:48:18.483868,186,0,0,0,0,0
2026-08-13T03:48:18.484892,185,0,0,0,0,0
2026-08-13T03:48:18.486900,185,0,0,0,0,0
2026-08-13T03:48:18.486900,186,0,0,0,0,0
2026-08-13T03:48:18.487899,187,0,0,0,0,0
2026-08-13T03:48:18.490890,189,0,0,0,0,0
2026-08-13T03:48:18.491899,189,0,0,0,0,0
2026-08-13T03:48:18.491899,191,0,0,0,0,0
2026-08-13T03:48:18.495110,190,0,0,0,0,0
2026-08-13T03:48:18.496110,190,0,0,0,0,0
2026-08-13T03:48:18.497097,188,0,0,0,0,0
2026-08-13T03:48:18.497097,188,0,0,0,0,0
2026-08-13T03:48:18.499096,189,0,0,0,0,0
2026-08-13T03:48:18.500110,188,0,0,0,0,0
2026-08-13T03:48:18.500110,188,0,0,0,0,0
2026-08-13T03:48:18.502097,187,0,0,0,0,0
2026-08-13T03:48:18.503619,187,0,0,0,0,0
2026-08-13T03:48:18.504639,186,0,0,0,0,0
2026-08-13T03:48:18.505641,186,0,0,0,0,0
2026-08-13T03:48:18.506644,187,0,0,0,0,0
2026-08-13T03:48:18.507638,186,0,0,0,0,0
2026-08-13T03:48:18.508645,189,0,0,0,0,0
2026-08-13T03:48:18.510641,190,0,0,0,0,0
2026-08-13T03:48:18.512642,191,0,0,0,0,0
2026-08-13T03:48:18.512642,192,0,0,0,0,0
2026-08-13T03:48:18.514149,191,0,0,0,0,0
2026-08-13T03:48:18.515159,190,0,0,0,0,0
2026-08-13T03:48:18.516167,189,0,0,0,0,0
2026-08-13T03:48:18.517168,189,0,0,0,0,0
2026-08-13T03:48:18.519168,189,0,0,0,0,0
2026-08-13T03:48:18.520168,189,0,0,0,0,0
2026-08-13T03:48:18.520168,188,0,0,0,0,0
2026-08-13T03:48:18.521171,188,0,0,0,0,0
2026-08-13T03:48:18.523681,188,0,0,0,0,0
2026-08-13T03:48:18.524695,187,0,0,0,0,0
2026-08-13T03:48:18.525697,187,0,0,0,0,0
2026-08-13T03:48:18.527915,186,0,0,0,0,0
2026-08-13T03:48:18.527915,188,0,0,0,0,0
2026-08-13T03:48:18.528953,190,0,0,0,0,0
2026-08-13T03:48:18.531929,191,0,0,0,0,0
2026-08-13T03:48:18.531929,192,0,0,0,0,0
2026-08-13T03:48:18.532928,191,0,0,0,0,0
2026-08-13T03:48:18.533931,191,0,0,0,0,0
2026-08-13T03:48:18.535468,190,0,0,0,0,0
2026-08-13T03:48:18.536448,190,0,0,0,0,0
2026-08-13T03:48:18.537447,190,0,0,0,0,0
2026-08-13T03:48:18.539823,190,0,0,0,0,0
2026-08-13T03:48:18.540426,189,0,0,0,0,0
2026-08-13T03:48:18.541295,190,0,0,0,0,0
2026-08-13T03:48:18.541806,190,0,0,0,0,0
2026-08-13T03:48:18.543966,189,0,0,0,0,0
2026-08-13T03:48:18.544977,188,0,0,0,0,0
2026-08-13T03:48:18.544977,188,0,0,0,0,0
2026-08-13T03:48:18.548000,188,0,0,0,0,0
2026-08-13T03:48:18.548977,189,0,0,0,0,0
2026-08-13T03:48:18.548977,191,0,0,0,0,0
2026-08-13T03:48:18.548977,192,0,0,0,0,0
2026-08-13T03:48:18.551995,193,0,0,0,0,0
2026-08-13T03:48:18.552989,192,0,0,0,0,0
2026-08-13T03:48:18.552989,192,0,0,0,0,0
2026-08-13T03:48:18.556441,191,0,0,0,0,0
2026-08-13T03:48:18.556441,190,0,0,0,0,0
2026-08-13T03:48:18.557458,192,0,0,0,0,0
2026-08-13T03:48:18.560730,191,0,0,0,0,0
2026-08-13T03:48:18.560730,191,0,0,0,0,0
2026-08-13T03:48:18.561753,191,0,0,0,0,0
2026-08-13T03:48:18.561753,189,0,0,0,0,0
2026-08-13T03:48:18.563984,189,0,0,0,0,0
2026-08-13T03:48:18.565128,188,0,0,0,0,0
2026-08-13T03:48:18.566139,188,0,0,0,0,0
2026-08-13T03:48:18.568149,188,0,0,0,0,0
2026-08-13T03:48:18.569138,189,0,0,0,0,0
2026-08-13T03:48:18.570144,191,0,0,0,0,0
2026-08-13T03:48:18.571142,192,0,0,0,0,0
2026-08-13T03:48:18.572140,193,0,0,0,0,0
2026-08-13T03:48:18.573653,193,0,0,0,0,0
2026-08-13T03:48:18.574666,192,0,0,0,0,0
2026-08-13T03:48:18.576681,191,0,0,0,0,0
2026-08-13T03:48:18.577671,191,0,0,0,0,0
2026-08-13T03:48:18.577671,191,0,0,0,0,0
2026-08-13T03:48:18.579185,191,0,0,0,0,0
2026-08-13T03:48:18.580313,190,0,0,0,0,0
2026-08-13T03:48:18.581437,189,0,0,0,0,0
2026-08-13T03:48:18.581437,189,0,0,0,0,0
2026-08-13T03:48:18.584823,188,0,0,0,0,0
2026-08-13T03:48:18.585827,188,0,0,0,0,0
2026-08-13T03:48:18.586841,188,0,0,0,0,0
2026-08-13T03:48:18.586841,187,0,0,0,0,0
2026-08-13T03:48:18.588836,189,0,0,0,0,0
2026-08-13T03:48:18.589821,191,0,0,0,0,0
2026-08-13T03:48:18.589821,191,0,0,0,0,0
2026-08-13T03:48:18.592844,192,0,0,0,0,0
2026-08-13T03:48:18.593822,191,0,0,0,0,0
2026-08-13T03:48:18.593822,190,0,0,0,0,0
2026-08-13T03:48:18.597115,189,0,0,0,0,0
2026-08-13T03:48:18.598107,189,0,0,0,0,0
2026-08-13T03:48:18.598107,189,0,0,0,0,0
2026-08-13T03:48:18.599093,188,0,0,0,0,0
2026-08-13T03:48:18.601106,188,0,0,0,0,0
2026-08-13T03:48:18.602106,187,0,0,0,0,0
2026-08-13T03:48:18.602106,187,0,0,0,0,0
2026-08-13T03:48:18.605625,185,0,0,0,0,0
2026-08-13T03:48:18.605625,186,0,0,0,0,0
2026-08-13T03:48:18.606627,185,0,0,0,0,0
2026-08-13T03:48:18.607625,186,0,0,0,0,0
2026-08-13T03:48:18.609685,188,0,0,0,0,0
2026-08-13T03:48:18.609685,189,0,0,0,0,0
2026-08-13T03:48:18.610703,189,0,0,0,0,0
2026-08-13T03:48:18.613940,189,0,0,0,0,0
2026-08-13T03:48:18.613940,188,0,0,0,0,0
2026-08-13T03:48:18.615075,188,0,0,0,0,0
2026-08-13T03:48:18.616087,187,0,0,0,0,0
2026-08-13T03:48:18.618039,187,0,0,0,0,0
2026-08-13T03:48:18.618039,187,0,0,0,0,0
2026-08-13T03:48:18.619068,187,0,0,0,0,0
2026-08-13T03:48:18.622066,187,0,0,0,0,0
2026-08-13T03:48:18.622066,186,0,0,0,0,0
2026-08-13T03:48:18.622066,186,0,0,0,0,0
2026-08-13T03:48:18.623589,184,0,0,0,0,0
2026-08-13T03:48:18.625608,184,0,0,0,0,0
2026-08-13T03:48:18.626616,184,0,0,0,0,0
2026-08-13T03:48:18.627617,185,0,0,0,0,0
2026-08-13T03:48:18.629636,187,0,0,0,0,0
2026-08-13T03:48:18.630616,189,0,0,0,0,0
2026-08-13T03:48:18.630616,189,0,0,0,0,0
2026-08-13T03:48:18.634123,189,0,0,0,0,0
2026-08-13T03:48:18.635131,188,0,0,0,0,0
2026-08-13T03:48:18.635131,187,0,0,0,0,0
2026-08-13T03:48:18.636138,186,0,0,0,0,0
2026-08-13T03:48:18.638139,187,0,0,0,0,0
2026-08-13T03:48:18.639141,186,0,0,0,0,0
2026-08-13T03:48:18.639141,186,0,0,0,0,0
2026-08-13T03:48:18.642141,186,0,0,0,0,0
2026-08-13T03:48:18.642766,185,0,0,0,0,0
2026-08-13T03:48:18.643863,184,0,0,0,0,0
2026-08-13T03:48:18.643863,184,0,0,0,0,0
2026-08-13T03:48:18.646703,184,0,0,0,0,0
2026-08-13T03:48:18.646703,183,0,0,0,0,0
2026-08-13T03:48:18.647719,185,0,0,0,0,0
2026-08-13T03:48:18.650921,187,0,0,0,0,0
2026-08-13T03:48:18.650921,187,0,0,0,0,0
2026-08-13T03:48:18.652047,188,0,0,0,0,0
2026-08-13T03:48:18.653049,188,0,0,0,0,0
2026-08-13T03:48:18.654303,188,0,0,0,0,0
2026-08-13T03:48:18.655569,187,0,0,0,0,0
2026-08-13T03:48:18.655569,187,0,0,0,0,0
2026-08-13T03:48:18.659101,187,0,0,0,0,0
2026-08-13T03:48:18.659101,186,0,0,0,0,0
2026-08-13T03:48:18.660221,186,0,0,0,0,0
2026-08-13T03:48:18.662498,185,0,0,0,0,0
2026-08-13T03:48:18.662498,185,0,0,0,0,0
2026-08-13T03:48:18.664007,184,0,0,0,0,0
2026-08-13T03:48:18.665018,183,0,0,0,0,0
2026-08-13T03:48:18.667030,183,0,0,0,0,0
2026-08-13T03:48:18.667030,183,0,0,0,0,0
2026-08-13T03:48:18.668030,185,0,0,0,0,0
2026-08-13T03:48:18.671016,187,0,0,0,0,0
2026-08-13T03:48:18.672041,188,0,0,0,0,0
2026-08-13T03:48:18.672041,188,0,0,0,0,0
2026-08-13T03:48:18.673039,188,0,0,0,0,0
2026-08-13T03:48:18.674537,188,0,0,0,0,0
2026-08-13T03:48:18.675549,186,0,0,0,0,0
2026-08-13T03:48:18.676547,186,0,0,0,0,0
2026-08-13T03:48:18.679060,186,0,0,0,0,0
2026-08-13T03:48:18.680085,186,0,0,0,0,0
2026-08-13T03:48:18.680085,186,0,0,0,0,0
2026-08-13T03:48:18.681069,185,0,0,0,0,0
2026-08-13T03:48:18.683594,185,0,0,0,0,0
2026-08-13T03:48:18.683594,184,0,0,0,0,0
2026-08-13T03:48:18.684615,183,0,0,0,0,0
2026-08-13T03:48:18.687618,184,0,0,0,0,0
2026-08-13T03:48:18.687618,183,0,0,0,0,0
2026-08-13T03:48:18.688606,185,0,0,0,0,0
2026-08-13T03:48:18.688606,187,0,0,0,0,0
2026-08-13T03:48:18.691604,188,0,0,0,0,0
2026-08-13T03:48:18.692606,189,0,0,0,0,0
2026-08-13T03:48:18.692606,188,0,0,0,0,0
2026-08-13T03:48:18.695854,187,0,0,0,0,0
2026-08-13T03:48:18.695854,185,0,0,0,0,0
2026-08-13T03:48:18.696864,187,0,0,0,0,0
2026-08-13T03:48:18.699086,186,0,0,0,0,0
2026-08-13T03:48:18.700437,186,0,0,0,0,0
2026-08-13T03:48:18.700437,186,0,0,0,0,0
2026-08-13T03:48:18.701451,185,0,0,0,0,0
2026-08-13T03:48:18.703986,185,0,0,0,0,0
2026-08-13T03:48:18.703986,184,0,0,0,0,0
2026-08-13T03:48:18.705010,184,0,0,0,0,0
2026-08-13T03:48:18.707425,184,0,0,0,0,0
2026-08-13T03:48:18.708425,184,0,0,0,0,0
2026-08-13T03:48:18.709424,187,0,0,0,0,0
2026-08-13T03:48:18.709424,188,0,0,0,0,0
2026-08-13T03:48:18.711448,188,0,0,0,0,0
2026-08-13T03:48:18.712439,188,0,0,0,0,0
2026-08-13T03:48:18.712439,187,0,0,0,0,0
2026-08-13T03:48:18.715973,187,0,0,0,0,0
2026-08-13T03:48:18.715973,186,0,0,0,0,0
2026-08-13T03:48:18.716956,187,0,0,0,0,0
2026-08-13T03:48:18.716956,186,0,0,0,0,0
2026-08-13T03:48:18.719958,186,0,0,0,0,0
2026-08-13T03:48:18.720960,186,0,0,0,0,0
2026-08-13T03:48:18.720960,185,0,0,0,0,0
2026-08-13T03:48:18.724304,184,0,0,0,0,0
2026-08-13T03:48:18.725314,184,0,0,0,0,0
2026-08-13T03:48:18.725314,184,0,0,0,0,0
2026-08-13T03:48:18.728614,183,0,0,0,0,0
2026-08-13T03:48:18.728614,185,0,0,0,0,0
2026-08-13T03:48:18.729630,187,0,0,0,0,0
2026-08-13T03:48:18.729630,188,0,0,0,0,0
2026-08-13T03:48:18.732639,188,0,0,0,0,0
2026-08-13T03:48:18.732639,189,0,0,0,0,0
2026-08-13T03:48:18.733626,189,0,0,0,0,0
2026-08-13T03:48:18.736133,188,0,0,0,0,0
2026-08-13T03:48:18.737143,187,0,0,0,0,0
2026-08-13T03:48:18.737143,188,0,0,0,0,0
2026-08-13T03:48:18.738142,188,0,0,0,0,0
2026-08-13T03:48:18.740353,188,0,0,0,0,0
2026-08-13T03:48:18.741371,188,0,0,0,0,0
2026-08-13T03:48:18.741371,187,0,0,0,0,0
2026-08-13T03:48:18.744615,186,0,0,0,0,0
2026-08-13T03:48:18.744615,185,0,0,0,0,0
2026-08-13T03:48:18.746029,185,0,0,0,0,0
2026-08-13T03:48:18.746029,185,0,0,0,0,0
2026-08-13T03:48:18.749026,187,0,0,0,0,0
2026-08-13T03:48:18.749026,188,0,0,0,0,0
2026-08-13T03:48:18.750031,189,0,0,0,0,0
2026-08-13T03:48:18.753190,190,0,0,0,0,0
2026-08-13T03:48:18.753699,190,0,0,0,0,0
2026-08-13T03:48:18.754709,190,0,0,0,0,0
2026-08-13T03:48:18.754709,188,0,0,0,0,0
2026-08-13T03:48:18.757322,188,0,0,0,0,0
2026-08-13T03:48:18.757322,189,0,0,0,0,0
2026-08-13T03:48:18.758327,188,0,0,0,0,0
2026-08-13T03:48:18.761324,188,0,0,0,0,0
2026-08-13T03:48:18.762332,187,0,0,0,0,0
2026-08-13T03:48:18.762332,187,0,0,0,0,0
2026-08-13T03:48:18.764864,186,0,0,0,0,0
2026-08-13T03:48:18.765866,186,0,0,0,0,0
2026-08-13T03:48:18.766867,186,0,0,0,0,0
2026-08-13T03:48:18.767863,185,0,0,0,0,0
2026-08-13T03:48:18.768876,187,0,0,0,0,0
2026-08-13T03:48:18.769861,190,0,0,0,0,0
2026-08-13T03:48:18.770875,190,0,0,0,0,0
2026-08-13T03:48:18.772875,190,0,0,0,0,0
2026-08-13T03:48:18.774372,190,0,0,0,0,0
2026-08-13T03:48:18.774372,190,0,0,0,0,0
2026-08-13T03:48:18.775387,188,0,0,0,0,0
2026-08-13T03:48:18.777400,189,0,0,0,0,0
2026-08-13T03:48:18.777400,189,0,0,0,0,0
2026-08-13T03:48:18.778911,187,0,0,0,0,0
2026-08-13T03:48:18.781920,188,0,0,0,0,0
2026-08-13T03:48:18.782923,187,0,0,0,0,0
2026-08-13T03:48:18.782923,188,0,0,0,0,0
2026-08-13T03:48:18.783923,185,0,0,0,0,0
2026-08-13T03:48:18.785115,186,0,0,0,0,0
2026-08-13T03:48:18.786127,186,0,0,0,0,0
2026-08-13T03:48:18.787126,186,0,0,0,0,0
2026-08-13T03:48:18.790126,189,0,0,0,0,0
2026-08-13T03:48:18.790126,190,0,0,0,0,0
2026-08-13T03:48:18.791127,192,0,0,0,0,0
2026-08-13T03:48:18.793669,191,0,0,0,0,0
2026-08-13T03:48:18.794682,191,0,0,0,0,0
2026-08-13T03:48:18.795683,190,0,0,0,0,0
2026-08-13T03:48:18.795683,189,0,0,0,0,0
2026-08-13T03:48:18.797684,189,0,0,0,0,0
2026-08-13T03:48:18.798682,189,0,0,0,0,0
2026-08-13T03:48:18.798682,188,0,0,0,0,0
2026-08-13T03:48:18.801883,188,0,0,0,0,0
2026-08-13T03:48:18.802859,188,0,0,0,0,0
2026-08-13T03:48:18.802859,187,0,0,0,0,0
2026-08-13T03:48:18.802859,186,0,0,0,0,0
2026-08-13T03:48:18.806196,187,0,0,0,0,0
2026-08-13T03:48:18.806196,187,0,0,0,0,0
2026-08-13T03:48:18.807179,188,0,0,0,0,0
2026-08-13T03:48:18.810647,191,0,0,0,0,0
2026-08-13T03:48:18.810647,191,0,0,0,0,0
2026-08-13T03:48:18.810647,191,0,0,0,0,0
2026-08-13T03:48:18.810647,192,0,0,0,0,0
2026-08-13T03:48:18.814201,192,0,0,0,0,0
2026-08-13T03:48:18.815197,191,0,0,0,0,0
2026-08-13T03:48:18.815197,190,0,0,0,0,0
2026-08-13T03:48:18.818741,191,0,0,0,0,0
2026-08-13T03:48:18.818741,192,0,0,0,0,0
2026-08-13T03:48:18.819757,192,0,0,0,0,0
2026-08-13T03:48:18.819757,192,0,0,0,0,0
2026-08-13T03:48:18.822768,191,0,0,0,0,0
2026-08-13T03:48:18.822768,190,0,0,0,0,0
2026-08-13T03:48:18.823756,190,0,0,0,0,0
2026-08-13T03:48:18.826289,191,0,0,0,0,0
2026-08-13T03:48:18.827274,191,0,0,0,0,0
2026-08-13T03:48:18.828277,193,0,0,0,0,0
2026-08-13T03:48:18.830289,196,0,0,0,0,0
2026-08-13T03:48:18.831274,197,0,0,0,0,0
2026-08-13T03:48:18.832274,198,0,0,0,0,0
2026-08-13T03:48:18.832274,198,0,0,0,0,0
2026-08-13T03:48:18.834799,198,0,0,0,0,0
2026-08-13T03:48:18.835796,198,0,0,0,0,0
2026-08-13T03:48:18.835796,198,0,0,0,0,0
2026-08-13T03:48:18.839244,199,0,0,0,0,0
2026-08-13T03:48:18.839244,197,0,0,0,0,0
2026-08-13T03:48:18.840241,198,0,0,0,0,0
2026-08-13T03:48:18.840241,199,0,0,0,0,0
2026-08-13T03:48:18.842261,198,0,0,0,0,0
2026-08-13T03:48:18.843774,198,0,0,0,0,0
2026-08-13T03:48:18.843774,198,0,0,0,0,0
2026-08-13T03:48:18.847081,199,0,0,0,0,0
2026-08-13T03:48:18.848080,199,0,0,0,0,0
2026-08-13T03:48:18.848080,202,0,0,0,0,0
2026-08-13T03:48:18.849079,203,0,0,0,0,0
2026-08-13T03:48:18.851079,204,0,0,0,0,0
2026-08-13T03:48:18.852079,204,0,0,0,0,0
2026-08-13T03:48:18.852079,204,0,0,0,0,0
2026-08-13T03:48:18.855603,204,0,0,0,0,0
2026-08-13T03:48:18.855603,202,0,0,0,0,0
2026-08-13T03:48:18.856611,202,0,0,0,0,0
2026-08-13T03:48:18.856611,203,0,0,0,0,0
2026-08-13T03:48:18.859612,201,0,0,0,0,0
2026-08-13T03:48:18.859612,201,0,0,0,0,0
2026-08-13T03:48:18.860613,200,0,0,0,0,0
2026-08-13T03:48:18.863792,199,0,0,0,0,0
2026-08-13T03:48:18.863792,199,0,0,0,0,0
2026-08-13T03:48:18.864823,198,0,0,0,0,0
2026-08-13T03:48:18.867630,199,0,0,0,0,0
2026-08-13T03:48:18.867630,198,0,0,0,0,0
2026-08-13T03:48:18.868630,201,0,0,0,0,0
2026-08-13T03:48:18.868630,202,0,0,0,0,0
2026-08-13T03:48:18.871644,203,0,0,0,0,0
2026-08-13T03:48:18.871644,204,0,0,0,0,0
2026-08-13T03:48:18.872645,203,0,0,0,0,0
2026-08-13T03:48:18.875707,202,0,0,0,0,0
2026-08-13T03:48:18.876688,201,0,0,0,0,0
2026-08-13T03:48:18.876688,202,0,0,0,0,0
2026-08-13T03:48:18.876688,202,0,0,0,0,0
2026-08-13T03:48:18.880235,203,0,0,0,0,0
2026-08-13T03:48:18.880235,202,0,0,0,0,0
2026-08-13T03:48:18.881236,201,0,0,0,0,0
2026-08-13T03:48:18.883756,201,0,0,0,0,0
2026-08-13T03:48:18.884771,200,0,0,0,0,0
2026-08-13T03:48:18.884771,200,0,0,0,0,0
2026-08-13T03:48:18.885776,199,0,0,0,0,0
2026-08-13T03:48:18.887785,199,0,0,0,0,0
2026-08-13T03:48:18.888772,201,0,0,0,0,0
2026-08-13T03:48:18.888772,203,0,0,0,0,0
2026-08-13T03:48:18.891789,203,0,0,0,0,0
2026-08-13T03:48:18.892772,203,0,0,0,0,0
2026-08-13T03:48:18.893833,203,0,0,0,0,0
2026-08-13T03:48:18.896565,203,0,0,0,0,0
2026-08-13T03:48:18.896565,202,0,0,0,0,0
2026-08-13T03:48:18.897601,203,0,0,0,0,0
2026-08-13T03:48:18.898582,202,0,0,0,0,0
2026-08-13T03:48:18.900664,202,0,0,0,0,0
2026-08-13T03:48:18.900664,203,0,0,0,0,0
2026-08-13T03:48:18.901680,203,0,0,0,0,0
2026-08-13T03:48:18.904794,203,0,0,0,0,0
2026-08-13T03:48:18.904794,203,0,0,0,0,0
2026-08-13T03:48:18.905795,203,0,0,0,0,0
2026-08-13T03:48:18.906798,204,0,0,0,0,0
2026-08-13T03:48:18.908819,207,0,0,0,0,0
2026-08-13T03:48:18.908819,210,0,0,0,0,0
2026-08-13T03:48:18.909811,211,0,0,0,0,0
2026-08-13T03:48:18.912808,212,0,0,0,0,0
2026-08-13T03:48:18.913797,211,0,0,0,0,0
2026-08-13T03:48:18.913797,212,0,0,0,0,0
2026-08-13T03:48:18.915274,210,0,0,0,0,0
2026-08-13T03:48:18.916284,209,0,0,0,0,0
2026-08-13T03:48:18.917283,210,0,0,0,0,0
2026-08-13T03:48:18.918283,209,0,0,0,0,0
2026-08-13T03:48:18.920521,208,0,0,0,0,0
2026-08-13T03:48:18.921503,209,0,0,0,0,0
2026-08-13T03:48:18.922505,209,0,0,0,0,0
2026-08-13T03:48:18.922505,207,0,0,0,0,0
2026-08-13T03:48:18.925037,208,0,0,0,0,0
2026-08-13T03:48:18.925037,209,0,0,0,0,0
2026-08-13T03:48:18.925037,210,0,0,0,0,0
2026-08-13T03:48:18.929265,212,0,0,0,0,0
2026-08-13T03:48:18.929265,214,0,0,0,0,0
2026-08-13T03:48:18.929265,215,0,0,0,0,0
2026-08-13T03:48:18.933010,216,0,0,0,0,0
2026-08-13T03:48:18.934003,216,0,0,0,0,0
2026-08-13T03:48:18.934516,216,0,0,0,0,0
2026-08-13T03:48:18.934516,215,0,0,0,0,0
2026-08-13T03:48:18.937569,215,0,0,0,0,0
2026-08-13T03:48:18.937569,217,0,0,0,0,0
2026-08-13T03:48:18.938546,216,0,0,0,0,0
2026-08-13T03:48:18.941545,217,0,0,0,0,0
2026-08-13T03:48:18.941545,217,0,0,0,0,0
2026-08-13T03:48:18.942543,218,0,0,0,0,0
2026-08-13T03:48:18.942543,220,0,0,0,0,0
2026-08-13T03:48:18.945067,219,0,0,0,0,0
2026-08-13T03:48:18.946076,220,0,0,0,0,0
2026-08-13T03:48:18.946076,220,0,0,0,0,0
2026-08-13T03:48:18.949805,222,0,0,0,0,0
2026-08-13T03:48:18.949805,223,0,0,0,0,0
2026-08-13T03:48:18.950826,224,0,0,0,0,0
2026-08-13T03:48:18.950826,224,0,0,0,0,0
2026-08-13T03:48:18.953863,223,0,0,0,0,0
2026-08-13T03:48:18.953863,224,0,0,0,0,0
2026-08-13T03:48:18.954880,222,0,0,0,0,0
2026-08-13T03:48:18.957993,222,0,0,0,0,0
2026-08-13T03:48:18.957993,222,0,0,0,0,0
2026-08-13T03:48:18.957993,222,0,0,0,0,0
2026-08-13T03:48:18.961356,222,0,0,0,0,0
2026-08-13T03:48:18.962354,220,0,0,0,0,0
2026-08-13T03:48:18.962354,220,0,0,0,0,0
2026-08-13T03:48:18.962354,218,0,0,0,0,0
2026-08-13T03:48:18.965884,217,0,0,0,0,0
2026-08-13T03:48:18.965884,217,0,0,0,0,0
2026-08-13T03:48:18.966868,216,0,0,0,0,0
2026-08-13T03:48:18.969868,219,0,0,0,0,0
2026-08-13T03:48:18.969868,219,0,0,0,0,0
2026-08-13T03:48:18.970869,220,0,0,0,0,0
2026-08-13T03:48:18.970869,220,0,0,0,0,0
2026-08-13T03:48:18.973868,220,0,0,0,0,0
2026-08-13T03:48:18.974975,220,0,0,0,0,0
2026-08-13T03:48:18.974975,218,0,0,0,0,0
2026-08-13T03:48:18.978492,219,0,0,0,0,0
2026-08-13T03:48:18.978492,219,0,0,0,0,0
2026-08-13T03:48:18.979504,220,0,0,0,0,0
2026-08-13T03:48:18.979504,219,0,0,0,0,0
2026-08-13T03:48:18.982566,219,0,0,0,0,0
2026-08-13T03:48:18.982566,218,0,0,0,0,0
2026-08-13T03:48:18.982566,217,0,0,0,0,0
2026-08-13T03:48:18.986657,217,0,0,0,0,0
2026-08-13T03:48:18.986657,217,0,0,0,0,0
2026-08-13T03:48:18.987673,216,0,0,0,0,0
2026-08-13T03:48:18.987673,219,0,0,0,0,0
2026-08-13T03:48:18.990352,222,0,0,0,0,0
2026-08-13T03:48:18.991386,222,0,0,0,0,0
2026-08-13T03:48:18.991386,222,0,0,0,0,0
2026-08-13T03:48:18.994612,221,0,0,0,0,0
2026-08-13T03:48:18.994612,221,0,0,0,0,0
2026-08-13T03:48:18.995854,219,0,0,0,0,0
2026-08-13T03:48:18.998964,219,0,0,0,0,0
2026-08-13T03:48:18.999994,219,0,0,0,0,0
2026-08-13T03:48:19.000983,217,0,0,0,0,0
2026-08-13T03:48:19.001984,217,0,0,0,0,0
2026-08-13T03:48:19.003064,217,0,0,0,0,0
2026-08-13T03:48:19.003572,216,0,0,0,0,0
2026-08-13T03:48:19.004586,215,0,0,0,0,0
2026-08-13T03:48:19.006958,216,0,0,0,0,0
2026-08-13T03:48:19.007969,216,0,0,0,0,0
2026-08-13T03:48:19.009293,218,0,0,0,0,0
2026-08-13T03:48:19.009293,220,0,0,0,0,0
2026-08-13T03:48:19.010166,220,0,0,0,0,0
2026-08-13T03:48:19.012340,221,0,0,0,0,0
2026-08-13T03:48:19.012340,221,0,0,0,0,0
2026-08-13T03:48:19.014861,220,0,0,0,0,0
2026-08-13T03:48:19.015863,220,0,0,0,0,0
2026-08-13T03:48:19.015863,218,0,0,0,0,0
2026-08-13T03:48:19.016861,219,0,0,0,0,0
2026-08-13T03:48:19.018861,219,0,0,0,0,0
2026-08-13T03:48:19.019875,219,0,0,0,0,0
2026-08-13T03:48:19.019875,219,0,0,0,0,0
2026-08-13T03:48:19.022879,218,0,0,0,0,0
2026-08-13T03:48:19.024363,218,0,0,0,0,0
2026-08-13T03:48:19.024363,218,0,0,0,0,0
2026-08-13T03:48:19.027648,218,0,0,0,0,0
2026-08-13T03:48:19.027648,218,0,0,0,0,0
2026-08-13T03:48:19.027648,220,0,0,0,0,0
2026-08-13T03:48:19.028663,222,0,0,0,0,0
2026-08-13T03:48:19.031299,222,0,0,0,0,0
2026-08-13T03:48:19.031299,224,0,0,0,0,0
2026-08-13T03:48:19.032326,223,0,0,0,0,0
2026-08-13T03:48:19.035877,222,0,0,0,0,0
2026-08-13T03:48:19.035877,220,0,0,0,0,0
2026-08-13T03:48:19.036867,221,0,0,0,0,0
2026-08-13T03:48:19.036867,222,0,0,0,0,0
2026-08-13T03:48:19.039880,222,0,0,0,0,0
2026-08-13T03:48:19.040869,221,0,0,0,0,0
2026-08-13T03:48:19.040869,220,0,0,0,0,0
2026-08-13T03:48:19.044030,219,0,0,0,0,0
2026-08-13T03:48:19.045052,219,0,0,0,0,0
2026-08-13T03:48:19.046046,218,0,0,0,0,0
2026-08-13T03:48:19.046046,219,0,0,0,0,0
2026-08-13T03:48:19.048060,219,0,0,0,0,0
2026-08-13T03:48:19.048060,222,0,0,0,0,0
2026-08-13T03:48:19.049059,224,0,0,0,0,0
2026-08-13T03:48:19.051317,225,0,0,0,0,0
2026-08-13T03:48:19.052326,226,0,0,0,0,0
2026-08-13T03:48:19.052326,226,0,0,0,0,0
2026-08-13T03:48:19.052326,225,0,0,0,0,0
2026-08-13T03:48:19.056470,224,0,0,0,0,0
2026-08-13T03:48:19.056470,224,0,0,0,0,0
2026-08-13T03:48:19.057470,224,0,0,0,0,0
2026-08-13T03:48:19.060470,223,0,0,0,0,0
2026-08-13T03:48:19.060470,224,0,0,0,0,0
2026-08-13T03:48:19.060470,223,0,0,0,0,0
2026-08-13T03:48:19.064502,224,0,0,0,0,0
2026-08-13T03:48:19.064502,223,0,0,0,0,0
2026-08-13T03:48:19.065764,224,0,0,0,0,0
2026-08-13T03:48:19.065764,224,0,0,0,0,0
2026-08-13T03:48:19.068590,225,0,0,0,0,0
2026-08-13T03:48:19.068590,227,0,0,0,0,0
2026-08-13T03:48:19.069604,228,0,0,0,0,0
2026-08-13T03:48:19.072738,228,0,0,0,0,0
2026-08-13T03:48:19.072738,229,0,0,0,0,0
2026-08-13T03:48:19.073747,228,0,0,0,0,0
2026-08-13T03:48:19.074763,228,0,0,0,0,0
2026-08-13T03:48:19.076805,227,0,0,0,0,0
2026-08-13T03:48:19.076805,227,0,0,0,0,0
2026-08-13T03:48:19.077778,228,0,0,0,0,0
2026-08-13T03:48:19.080911,227,0,0,0,0,0
2026-08-13T03:48:19.080911,227,0,0,0,0,0
2026-08-13T03:48:19.081905,227,0,0,0,0,0
2026-08-13T03:48:19.081905,227,0,0,0,0,0
2026-08-13T03:48:19.085019,226,0,0,0,0,0
2026-08-13T03:48:19.085019,226,0,0,0,0,0
2026-08-13T03:48:19.086035,226,0,0,0,0,0
2026-08-13T03:48:19.089033,226,0,0,0,0,0
2026-08-13T03:48:19.089033,229,0,0,0,0,0
2026-08-13T03:48:19.090035,229,0,0,0,0,0
2026-08-13T03:48:19.093041,230,0,0,0,0,0
2026-08-13T03:48:19.094028,229,0,0,0,0,0
2026-08-13T03:48:19.094544,229,0,0,0,0,0
2026-08-13T03:48:19.095557,227,0,0,0,0,0
2026-08-13T03:48:19.096560,225,0,0,0,0,0
2026-08-13T03:48:19.097559,226,0,0,0,0,0
2026-08-13T03:48:19.098563,225,0,0,0,0,0
2026-08-13T03:48:19.100556,224,0,0,0,0,0
2026-08-13T03:48:19.101556,224,0,0,0,0,0
2026-08-13T03:48:19.102557,223,0,0,0,0,0
2026-08-13T03:48:19.102557,222,0,0,0,0,0
2026-08-13T03:48:19.105078,221,0,0,0,0,0
2026-08-13T03:48:19.106116,220,0,0,0,0,0
2026-08-13T03:48:19.106116,220,0,0,0,0,0
2026-08-13T03:48:19.109485,222,0,0,0,0,0
2026-08-13T03:48:19.109485,224,0,0,0,0,0
2026-08-13T03:48:19.110497,225,0,0,0,0,0
2026-08-13T03:48:19.111498,225,0,0,0,0,0
2026-08-13T03:48:19.112494,226,0,0,0,0,0
2026-08-13T03:48:19.114000,226,0,0,0,0,0
2026-08-13T03:48:19.114000,226,0,0,0,0,0
2026-08-13T03:48:19.117022,225,0,0,0,0,0
2026-08-13T03:48:19.118010,226,0,0,0,0,0
2026-08-13T03:48:19.119023,224,0,0,0,0,0
2026-08-13T03:48:19.119023,224,0,0,0,0,0
2026-08-13T03:48:19.121841,223,0,0,0,0,0
2026-08-13T03:48:19.121841,222,0,0,0,0,0
2026-08-13T03:48:19.123095,220,0,0,0,0,0
2026-08-13T03:48:19.126021,219,0,0,0,0,0
2026-08-13T03:48:19.126021,219,0,0,0,0,0
2026-08-13T03:48:19.127021,218,0,0,0,0,0
2026-08-13T03:48:19.130048,219,0,0,0,0,0
2026-08-13T03:48:19.130048,221,0,0,0,0,0
2026-08-13T03:48:19.131020,221,0,0,0,0,0
2026-08-13T03:48:19.131020,222,0,0,0,0,0
2026-08-13T03:48:19.134020,222,0,0,0,0,0
2026-08-13T03:48:19.134525,221,0,0,0,0,0
2026-08-13T03:48:19.134525,220,0,0,0,0,0
2026-08-13T03:48:19.137533,220,0,0,0,0,0
2026-08-13T03:48:19.138532,220,0,0,0,0,0
2026-08-13T03:48:19.138532,218,0,0,0,0,0
2026-08-13T03:48:19.139533,218,0,0,0,0,0
2026-08-13T03:48:19.141538,217,0,0,0,0,0
2026-08-13T03:48:19.142533,217,0,0,0,0,0
2026-08-13T03:48:19.142533,216,0,0,0,0,0
2026-08-13T03:48:19.146101,215,0,0,0,0,0
2026-08-13T03:48:19.146101,214,0,0,0,0,0
2026-08-13T03:48:19.147074,214,0,0,0,0,0
2026-08-13T03:48:19.147074,216,0,0,0,0,0
2026-08-13T03:48:19.150516,218,0,0,0,0,0
2026-08-13T03:48:19.150516,217,0,0,0,0,0
2026-08-13T03:48:19.151533,217,0,0,0,0,0
2026-08-13T03:48:19.154051,216,0,0,0,0,0
2026-08-13T03:48:19.155074,216,0,0,0,0,0
2026-08-13T03:48:19.156083,213,0,0,0,0,0
2026-08-13T03:48:19.156083,213,0,0,0,0,0
2026-08-13T03:48:19.158095,213,0,0,0,0,0
2026-08-13T03:48:19.159083,211,0,0,0,0,0
2026-08-13T03:48:19.160088,212,0,0,0,0,0
2026-08-13T03:48:19.162096,210,0,0,0,0,0
2026-08-13T03:48:19.162096,209,0,0,0,0,0
2026-08-13T03:48:19.163612,207,0,0,0,0,0
2026-08-13T03:48:19.166624,207,0,0,0,0,0
2026-08-13T03:48:19.166624,207,0,0,0,0,0
2026-08-13T03:48:19.167629,207,0,0,0,0,0
2026-08-13T03:48:19.168628,208,0,0,0,0,0
2026-08-13T03:48:19.170637,209,0,0,0,0,0
2026-08-13T03:48:19.171627,209,0,0,0,0,0
2026-08-13T03:48:19.172624,209,0,0,0,0,0
2026-08-13T03:48:19.174756,209,0,0,0,0,0
2026-08-13T03:48:19.175759,208,0,0,0,0,0
2026-08-13T03:48:19.175759,207,0,0,0,0,0
2026-08-13T03:48:19.176760,207,0,0,0,0,0
2026-08-13T03:48:19.178754,208,0,0,0,0,0
2026-08-13T03:48:19.179757,206,0,0,0,0,0
2026-08-13T03:48:19.180268,207,0,0,0,0,0
2026-08-13T03:48:19.182290,206,0,0,0,0,0
2026-08-13T03:48:19.183801,205,0,0,0,0,0
2026-08-13T03:48:19.183801,205,0,0,0,0,0
2026-08-13T03:48:19.184820,205,0,0,0,0,0
2026-08-13T03:48:19.186827,205,0,0,0,0,0
2026-08-13T03:48:19.187828,206,0,0,0,0,0
2026-08-13T03:48:19.187828,209,0,0,0,0,0
2026-08-13T03:48:19.190825,209,0,0,0,0,0
2026-08-13T03:48:19.191825,209,0,0,0,0,0
2026-08-13T03:48:19.192823,210,0,0,0,0,0
2026-08-13T03:48:19.195060,209,0,0,0,0,0
2026-08-13T03:48:19.196045,209,0,0,0,0,0
2026-08-13T03:48:19.196045,209,0,0,0,0,0
2026-08-13T03:48:19.197026,210,0,0,0,0,0
2026-08-13T03:48:19.199039,210,0,0,0,0,0
2026-08-13T03:48:19.200038,209,0,0,0,0,0
2026-08-13T03:48:19.200038,209,0,0,0,0,0
2026-08-13T03:48:19.202943,208,0,0,0,0,0
2026-08-13T03:48:19.203942,207,0,0,0,0,0
2026-08-13T03:48:19.203942,207,0,0,0,0,0
2026-08-13T03:48:19.203942,207,0,0,0,0,0
2026-08-13T03:48:19.207813,207,0,0,0,0,0
2026-08-13T03:48:19.207813,209,0,0,0,0,0
2026-08-13T03:48:19.208815,212,0,0,0,0,0
2026-08-13T03:48:19.212333,212,0,0,0,0,0
2026-08-13T03:48:19.212333,213,0,0,0,0,0
2026-08-13T03:48:19.212333,212,0,0,0,0,0
2026-08-13T03:48:19.213841,212,0,0,0,0,0
2026-08-13T03:48:19.215392,210,0,0,0,0,0
2026-08-13T03:48:19.216389,210,0,0,0,0,0
2026-08-13T03:48:19.217074,211,0,0,0,0,0
2026-08-13T03:48:19.219741,209,0,0,0,0,0
2026-08-13T03:48:19.220732,210,0,0,0,0,0
2026-08-13T03:48:19.220732,209,0,0,0,0,0
2026-08-13T03:48:19.221726,208,0,0,0,0,0
2026-08-13T03:48:19.223843,207,0,0,0,0,0
2026-08-13T03:48:19.224855,207,0,0,0,0,0
2026-08-13T03:48:19.224855,207,0,0,0,0,0
2026-08-13T03:48:19.228320,207,0,0,0,0,0
2026-08-13T03:48:19.228320,209,0,0,0,0,0
2026-08-13T03:48:19.229297,211,0,0,0,0,0
2026-08-13T03:48:19.231822,211,0,0,0,0,0
2026-08-13T03:48:19.232849,212,0,0,0,0,0
2026-08-13T03:48:19.232849,211,0,0,0,0,0
2026-08-13T03:48:19.232849,210,0,0,0,0,0
2026-08-13T03:48:19.236542,209,0,0,0,0,0
2026-08-13T03:48:19.236542,210,0,0,0,0,0
2026-08-13T03:48:19.237557,209,0,0,0,0,0
2026-08-13T03:48:19.240084,209,0,0,0,0,0
2026-08-13T03:48:19.241361,209,0,0,0,0,0
2026-08-13T03:48:19.242392,208,0,0,0,0,0
2026-08-13T03:48:19.242392,208,0,0,0,0,0
2026-08-13T03:48:19.243915,207,0,0,0,0,0
2026-08-13T03:48:19.244932,207,0,0,0,0,0
2026-08-13T03:48:19.244932,206,0,0,0,0,0
2026-08-13T03:48:19.248236,207,0,0,0,0,0
2026-08-13T03:48:19.249738,209,0,0,0,0,0
2026-08-13T03:48:19.249738,210,0,0,0,0,0
2026-08-13T03:48:19.250747,211,0,0,0,0,0
2026-08-13T03:48:19.252917,211,0,0,0,0,0
2026-08-13T03:48:19.253333,211,0,0,0,0,0
2026-08-13T03:48:19.253856,209,0,0,0,0,0
2026-08-13T03:48:19.257021,209,0,0,0,0,0
2026-08-13T03:48:19.257643,209,0,0,0,0,0
2026-08-13T03:48:19.258245,210,0,0,0,0,0
2026-08-13T03:48:19.260274,209,0,0,0,0,0
2026-08-13T03:48:19.261254,209,0,0,0,0,0
2026-08-13T03:48:19.262776,209,0,0,0,0,0
2026-08-13T03:48:19.262776,208,0,0,0,0,0
2026-08-13T03:48:19.265093,207,0,0,0,0,0
2026-08-13T03:48:19.265093,208,0,0,0,0,0
2026-08-13T03:48:19.266108,206,0,0,0,0,0
2026-08-13T03:48:19.268640,208,0,0,0,0,0
2026-08-13T03:48:19.269644,210,0,0,0,0,0
2026-08-13T03:48:19.270648,210,0,0,0,0,0
2026-08-13T03:48:19.270648,211,0,0,0,0,0
2026-08-13T03:48:19.272159,212,0,0,0,0,0
2026-08-13T03:48:19.274702,211,0,0,0,0,0
2026-08-13T03:48:19.274702,210,0,0,0,0,0
2026-08-13T03:48:19.277227,210,0,0,0,0,0
2026-08-13T03:48:19.277227,210,0,0,0,0,0
2026-08-13T03:48:19.278230,210,0,0,0,0,0
2026-08-13T03:48:19.278943,210,0,0,0,0,0
2026-08-13T03:48:19.281484,209,0,0,0,0,0
2026-08-13T03:48:19.281484,208,0,0,0,0,0
2026-08-13T03:48:19.282471,208,0,0,0,0,0
2026-08-13T03:48:19.285656,207,0,0,0,0,0
2026-08-13T03:48:19.285656,207,0,0,0,0,0
2026-08-13T03:48:19.285656,207,0,0,0,0,0
2026-08-13T03:48:19.286665,207,0,0,0,0,0
2026-08-13T03:48:19.288828,210,0,0,0,0,0
2026-08-13T03:48:19.289961,211,0,0,0,0,0
2026-08-13T03:48:19.290850,212,0,0,0,0,0
2026-08-13T03:48:19.293864,210,0,0,0,0,0
2026-08-13T03:48:19.293864,211,0,0,0,0,0
2026-08-13T03:48:19.294875,210,0,0,0,0,0
2026-08-13T03:48:19.297976,210,0,0,0,0,0
2026-08-13T03:48:19.297976,210,0,0,0,0,0
2026-08-13T03:48:19.298975,209,0,0,0,0,0
2026-08-13T03:48:19.298975,210,0,0,0,0,0
2026-08-13T03:48:19.301706,209,0,0,0,0,0
2026-08-13T03:48:19.301706,208,0,0,0,0,0
2026-08-13T03:48:19.302812,207,0,0,0,0,0
2026-08-13T03:48:19.305776,207,0,0,0,0,0
2026-08-13T03:48:19.306585,207,0,0,0,0,0
2026-08-13T03:48:19.306585,207,0,0,0,0,0
2026-08-13T03:48:19.307480,209,0,0,0,0,0
2026-08-13T03:48:19.310120,212,0,0,0,0,0
2026-08-13T03:48:19.310120,212,0,0,0,0,0
2026-08-13T03:48:19.311132,211,0,0,0,0,0
2026-08-13T03:48:19.314340,212,0,0,0,0,0
2026-08-13T03:48:19.314340,211,0,0,0,0,0
2026-08-13T03:48:19.315359,210,0,0,0,0,0
2026-08-13T03:48:19.316358,209,0,0,0,0,0
2026-08-13T03:48:19.317937,209,0,0,0,0,0
2026-08-13T03:48:19.318966,209,0,0,0,0,0
2026-08-13T03:48:19.318966,209,0,0,0,0,0
2026-08-13T03:48:19.321964,208,0,0,0,0,0
2026-08-13T03:48:19.321964,209,0,0,0,0,0
2026-08-13T03:48:19.323795,207,0,0,0,0,0
2026-08-13T03:48:19.324812,207,0,0,0,0,0
2026-08-13T03:48:19.327159,207,0,0,0,0,0
2026-08-13T03:48:19.327768,207,0,0,0,0,0
2026-08-13T03:48:19.327768,209,0,0,0,0,0
2026-08-13T03:48:19.329798,211,0,0,0,0,0
2026-08-13T03:48:19.331322,211,0,0,0,0,0
2026-08-13T03:48:19.331322,212,0,0,0,0,0
2026-08-13T03:48:19.333875,211,0,0,0,0,0
2026-08-13T03:48:19.335439,210,0,0,0,0,0
2026-08-13T03:48:19.335439,209,0,0,0,0,0
2026-08-13T03:48:19.336469,209,0,0,0,0,0
2026-08-13T03:48:19.338469,210,0,0,0,0,0
2026-08-13T03:48:19.339699,209,0,0,0,0,0
2026-08-13T03:48:19.339699,210,0,0,0,0,0
2026-08-13T03:48:19.342732,208,0,0,0,0,0
2026-08-13T03:48:19.343713,208,0,0,0,0,0
2026-08-13T03:48:19.344221,207,0,0,0,0,0
2026-08-13T03:48:19.344221,207,0,0,0,0,0
2026-08-13T03:48:19.346592,207,0,0,0,0,0
2026-08-13T03:48:19.347265,207,0,0,0,0,0
2026-08-13T03:48:19.348241,210,0,0,0,0,0
2026-08-13T03:48:19.350778,210,0,0,0,0,0
2026-08-13T03:48:19.351809,211,0,0,0,0,0
2026-08-13T03:48:19.351809,211,0,0,0,0,0
2026-08-13T03:48:19.352809,211,0,0,0,0,0
2026-08-13T03:48:19.354825,210,0,0,0,0,0
2026-08-13T03:48:19.355540,210,0,0,0,0,0
2026-08-13T03:48:19.356549,210,0,0,0,0,0
2026-08-13T03:48:19.359057,210,0,0,0,0,0
2026-08-13T03:48:19.360067,209,0,0,0,0,0
2026-08-13T03:48:19.360067,210,0,0,0,0,0
2026-08-13T03:48:19.363506,209,0,0,0,0,0
2026-08-13T03:48:19.364036,208,0,0,0,0,0
2026-08-13T03:48:19.364036,207,0,0,0,0,0
2026-08-13T03:48:19.365054,208,0,0,0,0,0
2026-08-13T03:48:19.367600,207,0,0,0,0,0
2026-08-13T03:48:19.367600,207,0,0,0,0,0
2026-08-13T03:48:19.368616,210,0,0,0,0,0
2026-08-13T03:48:19.370381,211,0,0,0,0,0
2026-08-13T03:48:19.371900,211,0,0,0,0,0
2026-08-13T03:48:19.372923,212,0,0,0,0,0
2026-08-13T03:48:19.373911,212,0,0,0,0,0
2026-08-13T03:48:19.374421,210,0,0,0,0,0
2026-08-13T03:48:19.375929,209,0,0,0,0,0
2026-08-13T03:48:19.376938,210,0,0,0,0,0
2026-08-13T03:48:19.379939,210,0,0,0,0,0
2026-08-13T03:48:19.380452,209,0,0,0,0,0
2026-08-13T03:48:19.381469,209,0,0,0,0,0
2026-08-13T03:48:19.381469,207,0,0,0,0,0
2026-08-13T03:48:19.384007,207,0,0,0,0,0
2026-08-13T03:48:19.384543,207,0,0,0,0,0
2026-08-13T03:48:19.384543,207,0,0,0,0,0
2026-08-13T03:48:19.387849,207,0,0,0,0,0
2026-08-13T03:48:19.388829,208,0,0,0,0,0
2026-08-13T03:48:19.389337,210,0,0,0,0,0
2026-08-13T03:48:19.390348,212,0,0,0,0,0
2026-08-13T03:48:19.391348,212,0,0,0,0,0
2026-08-13T03:48:19.392346,211,0,0,0,0,0
2026-08-13T03:48:19.393349,211,0,0,0,0,0
2026-08-13T03:48:19.395864,209,0,0,0,0,0
2026-08-13T03:48:19.396880,210,0,0,0,0,0
2026-08-13T03:48:19.396880,210,0,0,0,0,0
2026-08-13T03:48:19.400421,209,0,0,0,0,0
2026-08-13T03:48:19.400421,209,0,0,0,0,0
2026-08-13T03:48:19.400421,208,0,0,0,0,0
2026-08-13T03:48:19.400421,208,0,0,0,0,0
2026-08-13T03:48:19.404471,207,0,0,0,0,0
2026-08-13T03:48:19.404471,206,0,0,0,0,0
2026-08-13T03:48:19.404471,207,0,0,0,0,0
2026-08-13T03:48:19.408567,207,0,0,0,0,0
2026-08-13T03:48:19.408567,209,0,0,0,0,0
2026-08-13T03:48:19.409595,212,0,0,0,0,0
2026-08-13T03:48:19.410580,211,0,0,0,0,0
2026-08-13T03:48:19.412452,212,0,0,0,0,0
2026-08-13T03:48:19.412452,212,0,0,0,0,0
2026-08-13T03:48:19.412452,212,0,0,0,0,0
2026-08-13T03:48:19.415984,211,0,0,0,0,0
2026-08-13T03:48:19.416969,211,0,0,0,0,0
2026-08-13T03:48:19.417983,211,0,0,0,0,0
2026-08-13T03:48:19.417983,211,0,0,0,0,0
2026-08-13T03:48:19.420969,212,0,0,0,0,0
2026-08-13T03:48:19.420969,211,0,0,0,0,0
2026-08-13T03:48:19.421970,210,0,0,0,0,0
2026-08-13T03:48:19.423970,209,0,0,0,0,0
2026-08-13T03:48:19.425128,209,0,0,0,0,0
2026-08-13T03:48:19.426140,210,0,0,0,0,0
2026-08-13T03:48:19.428136,209,0,0,0,0,0
2026-08-13T03:48:19.429136,211,0,0,0,0,0
2026-08-13T03:48:19.430140,212,0,0,0,0,0
2026-08-13T03:48:19.430140,213,0,0,0,0,0
2026-08-13T03:48:19.432161,213,0,0,0,0,0
2026-08-13T03:48:19.433676,212,0,0,0,0,0
2026-08-13T03:48:19.433676,211,0,0,0,0,0
2026-08-13T03:48:19.436202,210,0,0,0,0,0
2026-08-13T03:48:19.436202,211,0,0,0,0,0
2026-08-13T03:48:19.437789,210,0,0,0,0,0
2026-08-13T03:48:19.437789,210,0,0,0,0,0
2026-08-13T03:48:19.439835,211,0,0,0,0,0
2026-08-13T03:48:19.441398,210,0,0,0,0,0
2026-08-13T03:48:19.441398,209,0,0,0,0,0
2026-08-13T03:48:19.444775,209,0,0,0,0,0
2026-08-13T03:48:19.445766,208,0,0,0,0,0
2026-08-13T03:48:19.445766,208,0,0,0,0,0
2026-08-13T03:48:19.446775,210,0,0,0,0,0
2026-08-13T03:48:19.448797,212,0,0,0,0,0
2026-08-13T03:48:19.449786,212,0,0,0,0,0
2026-08-13T03:48:19.449786,213,0,0,0,0,0
2026-08-13T03:48:19.453627,213,0,0,0,0,0
2026-08-13T03:48:19.453627,214,0,0,0,0,0
2026-08-13T03:48:19.453627,213,0,0,0,0,0
2026-08-13T03:48:19.454761,212,0,0,0,0,0
2026-08-13T03:48:19.456943,214,0,0,0,0,0
2026-08-13T03:48:19.457920,213,0,0,0,0,0
2026-08-13T03:48:19.457920,212,0,0,0,0,0
2026-08-13T03:48:19.460918,213,0,0,0,0,0
2026-08-13T03:48:19.461917,211,0,0,0,0,0
2026-08-13T03:48:19.461917,210,0,0,0,0,0
2026-08-13T03:48:19.465737,209,0,0,0,0,0
2026-08-13T03:48:19.465737,210,0,0,0,0,0
2026-08-13T03:48:19.465737,209,0,0,0,0,0
2026-08-13T03:48:19.466757,210,0,0,0,0,0
2026-08-13T03:48:19.469795,212,0,0,0,0,0
2026-08-13T03:48:19.469795,211,0,0,0,0,0
2026-08-13T03:48:19.470756,211,0,0,0,0,0
2026-08-13T03:48:19.473689,209,0,0,0,0,0
2026-08-13T03:48:19.473689,207,0,0,0,0,0
2026-08-13T03:48:19.474954,204,0,0,0,0,0
2026-08-13T03:48:19.474954,203,0,0,0,0,0
2026-08-13T03:48:19.478200,202,0,0,0,0,0
2026-08-13T03:48:19.478200,201,0,0,0,0,0
2026-08-13T03:48:19.479220,200,0,0,0,0,0
2026-08-13T03:48:19.482290,199,0,0,0,0,0
2026-08-13T03:48:19.482290,197,0,0,0,0,0
2026-08-13T03:48:19.482290,197,0,0,0,0,0
2026-08-13T03:48:19.483800,196,0,0,0,0,0
2026-08-13T03:48:19.486041,196,0,0,0,0,0
2026-08-13T03:48:19.487107,196,0,0,0,0,0
2026-08-13T03:48:19.487107,197,0,0,0,0,0
2026-08-13T03:48:19.490104,198,0,0,0,0,0
2026-08-13T03:48:19.491095,198,0,0,0,0,0
2026-08-13T03:48:19.492108,199,0,0,0,0,0
2026-08-13T03:48:19.494648,196,0,0,0,0,0
2026-08-13T03:48:19.494648,196,0,0,0,0,0
2026-08-13T03:48:19.495651,194,0,0,0,0,0
2026-08-13T03:48:19.496653,194,0,0,0,0,0
2026-08-13T03:48:19.497656,193,0,0,0,0,0
2026-08-13T03:48:19.498782,191,0,0,0,0,0
2026-08-13T03:48:19.499792,192,0,0,0,0,0
2026-08-13T03:48:19.502765,190,0,0,0,0,0
2026-08-13T03:48:19.502765,189,0,0,0,0,0
2026-08-13T03:48:19.503775,187,0,0,0,0,0
2026-08-13T03:48:19.503775,187,0,0,0,0,0
2026-08-13T03:48:19.506866,187,0,0,0,0,0
2026-08-13T03:48:19.507886,186,0,0,0,0,0
2026-08-13T03:48:19.507886,189,0,0,0,0,0
2026-08-13T03:48:19.510885,189,0,0,0,0,0
2026-08-13T03:48:19.510885,189,0,0,0,0,0
2026-08-13T03:48:19.511882,190,0,0,0,0,0
2026-08-13T03:48:19.512882,189,0,0,0,0,0
2026-08-13T03:48:19.514899,188,0,0,0,0,0
2026-08-13T03:48:19.514899,187,0,0,0,0,0
2026-08-13T03:48:19.515910,188,0,0,0,0,0
2026-08-13T03:48:19.518921,187,0,0,0,0,0
2026-08-13T03:48:19.518921,187,0,0,0,0,0
2026-08-13T03:48:19.519908,188,0,0,0,0,0
2026-08-13T03:48:19.519908,188,0,0,0,0,0
2026-08-13T03:48:19.523240,187,0,0,0,0,0
2026-08-13T03:48:19.523872,185,0,0,0,0,0
2026-08-13T03:48:19.524883,185,0,0,0,0,0
2026-08-13T03:48:19.527334,185,0,0,0,0,0
2026-08-13T03:48:19.527334,185,0,0,0,0,0
2026-08-13T03:48:19.528352,187,0,0,0,0,0
2026-08-13T03:48:19.531086,189,0,0,0,0,0
2026-08-13T03:48:19.531086,190,0,0,0,0,0
2026-08-13T03:48:19.532131,191,0,0,0,0,0
2026-08-13T03:48:19.532131,190,0,0,0,0,0
2026-08-13T03:48:19.534661,189,0,0,0,0,0
2026-08-13T03:48:19.535647,187,0,0,0,0,0
2026-08-13T03:48:19.536647,188,0,0,0,0,0
2026-08-13T03:48:19.539653,186,0,0,0,0,0
2026-08-13T03:48:19.539653,186,0,0,0,0,0
2026-08-13T03:48:19.540649,186,0,0,0,0,0
2026-08-13T03:48:19.541650,185,0,0,0,0,0
2026-08-13T03:48:19.543653,184,0,0,0,0,0
2026-08-13T03:48:19.544165,182,0,0,0,0,0
2026-08-13T03:48:19.544165,182,0,0,0,0,0
2026-08-13T03:48:19.547189,180,0,0,0,0,0
2026-08-13T03:48:19.548188,181,0,0,0,0,0
2026-08-13T03:48:19.548188,183,0,0,0,0,0
2026-08-13T03:48:19.549191,182,0,0,0,0,0
2026-08-13T03:48:19.551961,181,0,0,0,0,0
2026-08-13T03:48:19.551961,181,0,0,0,0,0
2026-08-13T03:48:19.551961,180,0,0,0,0,0
2026-08-13T03:48:19.556077,178,0,0,0,0,0
2026-08-13T03:48:19.556598,177,0,0,0,0,0
2026-08-13T03:48:19.557136,177,0,0,0,0,0
2026-08-13T03:48:19.560116,176,0,0,0,0,0
2026-08-13T03:48:19.560116,175,0,0,0,0,0
2026-08-13T03:48:19.561130,175,0,0,0,0,0
2026-08-13T03:48:19.561130,173,0,0,0,0,0
2026-08-13T03:48:19.563629,171,0,0,0,0,0
2026-08-13T03:48:19.564652,169,0,0,0,0,0
2026-08-13T03:48:19.564652,169,0,0,0,0,0
2026-08-13T03:48:19.567658,168,0,0,0,0,0
2026-08-13T03:48:19.568644,170,0,0,0,0,0
2026-08-13T03:48:19.568644,172,0,0,0,0,0
2026-08-13T03:48:19.569644,171,0,0,0,0,0
2026-08-13T03:48:19.571658,172,0,0,0,0,0
2026-08-13T03:48:19.572644,172,0,0,0,0,0
2026-08-13T03:48:19.574164,171,0,0,0,0,0
2026-08-13T03:48:19.576189,170,0,0,0,0,0
2026-08-13T03:48:19.577188,169,0,0,0,0,0
2026-08-13T03:48:19.577188,170,0,0,0,0,0
2026-08-13T03:48:19.578187,169,0,0,0,0,0
2026-08-13T03:48:19.580590,170,0,0,0,0,0
2026-08-13T03:48:19.580590,169,0,0,0,0,0
2026-08-13T03:48:19.581606,169,0,0,0,0,0
2026-08-13T03:48:19.584616,169,0,0,0,0,0
2026-08-13T03:48:19.584616,168,0,0,0,0,0
2026-08-13T03:48:19.585838,169,0,0,0,0,0
2026-08-13T03:48:19.585838,169,0,0,0,0,0
2026-08-13T03:48:19.588839,171,0,0,0,0,0
2026-08-13T03:48:19.588839,172,0,0,0,0,0
2026-08-13T03:48:19.589839,172,0,0,0,0,0
2026-08-13T03:48:19.592860,172,0,0,0,0,0
2026-08-13T03:48:19.592860,171,0,0,0,0,0
2026-08-13T03:48:19.593843,169,0,0,0,0,0
2026-08-13T03:48:19.596380,166,0,0,0,0,0
2026-08-13T03:48:19.597377,166,0,0,0,0,0
2026-08-13T03:48:19.597377,164,0,0,0,0,0
2026-08-13T03:48:19.598378,163,0,0,0,0,0
2026-08-13T03:48:19.600377,162,0,0,0,0,0
2026-08-13T03:48:19.601376,161,0,0,0,0,0
2026-08-13T03:48:19.601376,160,0,0,0,0,0
2026-08-13T03:48:19.604894,158,0,0,0,0,0
2026-08-13T03:48:19.604894,158,0,0,0,0,0
2026-08-13T03:48:19.605894,157,0,0,0,0,0
2026-08-13T03:48:19.606905,157,0,0,0,0,0
2026-08-13T03:48:19.608903,159,0,0,0,0,0
2026-08-13T03:48:19.608903,160,0,0,0,0,0
2026-08-13T03:48:19.609902,160,0,0,0,0,0
2026-08-13T03:48:19.613369,160,0,0,0,0,0
2026-08-13T03:48:19.613893,160,0,0,0,0,0
2026-08-13T03:48:19.613893,158,0,0,0,0,0
2026-08-13T03:48:19.613893,158,0,0,0,0,0
2026-08-13T03:48:19.617524,159,0,0,0,0,0
2026-08-13T03:48:19.617524,159,0,0,0,0,0
2026-08-13T03:48:19.617524,158,0,0,0,0,0
2026-08-13T03:48:19.620635,160,0,0,0,0,0
2026-08-13T03:48:19.621673,159,0,0,0,0,0
2026-08-13T03:48:19.622673,159,0,0,0,0,0
2026-08-13T03:48:19.622673,159,0,0,0,0,0
2026-08-13T03:48:19.625221,160,0,0,0,0,0
2026-08-13T03:48:19.626224,161,0,0,0,0,0
2026-08-13T03:48:19.626224,162,0,0,0,0,0
2026-08-13T03:48:19.629240,166,0,0,0,0,0
2026-08-13T03:48:19.630221,167,0,0,0,0,0
2026-08-13T03:48:19.630221,167,0,0,0,0,0
2026-08-13T03:48:19.633728,169,0,0,0,0,0
2026-08-13T03:48:19.633728,169,0,0,0,0,0
2026-08-13T03:48:19.634737,168,0,0,0,0,0
2026-08-13T03:48:19.634737,168,0,0,0,0,0
2026-08-13T03:48:19.637271,169,0,0,0,0,0
2026-08-13T03:48:19.638238,170,0,0,0,0,0
2026-08-13T03:48:19.638238,170,0,0,0,0,0
2026-08-13T03:48:19.641377,169,0,0,0,0,0
2026-08-13T03:48:19.642371,168,0,0,0,0,0
2026-08-13T03:48:19.642371,168,0,0,0,0,0
2026-08-13T03:48:19.642371,167,0,0,0,0,0
2026-08-13T03:48:19.645354,167,0,0,0,0,0
2026-08-13T03:48:19.646353,167,0,0,0,0,0
2026-08-13T03:48:19.646353,167,0,0,0,0,0
2026-08-13T03:48:19.649368,170,0,0,0,0,0
2026-08-13T03:48:19.650354,170,0,0,0,0,0
2026-08-13T03:48:19.650354,172,0,0,0,0,0
2026-08-13T03:48:19.651369,171,0,0,0,0,0
2026-08-13T03:48:19.653894,171,0,0,0,0,0
2026-08-13T03:48:19.654912,170,0,0,0,0,0
2026-08-13T03:48:19.654912,169,0,0,0,0,0
2026-08-13T03:48:19.657912,170,0,0,0,0,0
2026-08-13T03:48:19.658923,169,0,0,0,0,0
2026-08-13T03:48:19.658923,169,0,0,0,0,0
2026-08-13T03:48:19.662515,168,0,0,0,0,0
2026-08-13T03:48:19.662515,167,0,0,0,0,0
2026-08-13T03:48:19.662515,167,0,0,0,0,0
2026-08-13T03:48:19.664025,166,0,0,0,0,0
2026-08-13T03:48:19.666037,167,0,0,0,0,0
2026-08-13T03:48:19.667033,165,0,0,0,0,0
2026-08-13T03:48:19.668034,168,0,0,0,0,0
2026-08-13T03:48:19.670740,170,0,0,0,0,0
2026-08-13T03:48:19.670740,170,0,0,0,0,0
2026-08-13T03:48:19.671758,170,0,0,0,0,0
2026-08-13T03:48:19.671758,170,0,0,0,0,0
2026-08-13T03:48:19.674267,169,0,0,0,0,0
2026-08-13T03:48:19.675284,168,0,0,0,0,0
2026-08-13T03:48:19.676282,167,0,0,0,0,0
2026-08-13T03:48:19.678279,167,0,0,0,0,0
2026-08-13T03:48:19.679279,166,0,0,0,0,0
2026-08-13T03:48:19.679279,166,0,0,0,0,0
2026-08-13T03:48:19.680277,165,0,0,0,0,0
2026-08-13T03:48:19.682592,164,0,0,0,0,0
2026-08-13T03:48:19.683594,162,0,0,0,0,0
2026-08-13T03:48:19.684105,161,0,0,0,0,0
2026-08-13T03:48:19.687126,162,0,0,0,0,0
2026-08-13T03:48:19.687126,162,0,0,0,0,0
2026-08-13T03:48:19.688122,163,0,0,0,0,0
2026-08-13T03:48:19.688122,166,0,0,0,0,0
2026-08-13T03:48:19.690354,166,0,0,0,0,0
2026-08-13T03:48:19.691426,167,0,0,0,0,0
2026-08-13T03:48:19.691426,167,0,0,0,0,0
2026-08-13T03:48:19.694985,167,0,0,0,0,0
2026-08-13T03:48:19.694985,166,0,0,0,0,0
2026-08-13T03:48:19.695979,167,0,0,0,0,0
2026-08-13T03:48:19.698979,168,0,0,0,0,0
2026-08-13T03:48:19.699981,167,0,0,0,0,0
2026-08-13T03:48:19.699981,167,0,0,0,0,0
2026-08-13T03:48:19.700977,167,0,0,0,0,0
2026-08-13T03:48:19.701977,166,0,0,0,0,0
2026-08-13T03:48:19.703693,165,0,0,0,0,0
2026-08-13T03:48:19.703693,165,0,0,0,0,0
2026-08-13T03:48:19.707314,165,0,0,0,0,0
2026-08-13T03:48:19.708337,165,0,0,0,0,0
2026-08-13T03:48:19.708337,168,0,0,0,0,0
2026-08-13T03:48:19.709353,169,0,0,0,0,0
2026-08-13T03:48:19.710879,169,0,0,0,0,0
2026-08-13T03:48:19.711876,169,0,0,0,0,0
2026-08-13T03:48:19.712876,169,0,0,0,0,0
2026-08-13T03:48:19.714932,168,0,0,0,0,0
2026-08-13T03:48:19.715941,167,0,0,0,0,0
2026-08-13T03:48:19.715941,167,0,0,0,0,0
2026-08-13T03:48:19.716942,167,0,0,0,0,0
2026-08-13T03:48:19.719936,166,0,0,0,0,0
2026-08-13T03:48:19.719936,167,0,0,0,0,0
2026-08-13T03:48:19.719936,166,0,0,0,0,0
2026-08-13T03:48:19.723688,166,0,0,0,0,0
2026-08-13T03:48:19.724299,165,0,0,0,0,0
2026-08-13T03:48:19.724299,166,0,0,0,0,0
2026-08-13T03:48:19.727319,165,0,0,0,0,0
2026-08-13T03:48:19.730095,166,0,0,0,0,0
2026-08-13T03:48:19.731105,169,0,0,0,0,0
2026-08-13T03:48:19.731105,169,0,0,0,0,0
2026-08-13T03:48:19.732102,170,0,0,0,0,0
2026-08-13T03:48:19.732102,170,0,0,0,0,0
2026-08-13T03:48:19.732102,170,0,0,0,0,0
2026-08-13T03:48:19.735630,170,0,0,0,0,0
2026-08-13T03:48:19.736630,168,0,0,0,0,0
2026-08-13T03:48:19.736630,169,0,0,0,0,0
2026-08-13T03:48:19.737616,169,0,0,0,0,0
2026-08-13T03:48:19.739629,169,0,0,0,0,0
2026-08-13T03:48:19.740616,169,0,0,0,0,0
2026-08-13T03:48:19.741620,168,0,0,0,0,0
2026-08-13T03:48:19.744142,167,0,0,0,0,0
2026-08-13T03:48:19.745151,167,0,0,0,0,0
2026-08-13T03:48:19.745151,168,0,0,0,0,0
2026-08-13T03:48:19.746160,167,0,0,0,0,0
2026-08-13T03:48:19.748519,168,0,0,0,0,0
2026-08-13T03:48:19.748519,170,0,0,0,0,0
2026-08-13T03:48:19.749535,171,0,0,0,0,0
2026-08-13T03:48:19.752537,171,0,0,0,0,0
2026-08-13T03:48:19.752537,171,0,0,0,0,0
2026-08-13T03:48:19.752537,170,0,0,0,0,0
2026-08-13T03:48:19.754052,169,0,0,0,0,0
2026-08-13T03:48:19.756079,169,0,0,0,0,0
2026-08-13T03:48:19.757066,170,0,0,0,0,0
2026-08-13T03:48:19.758067,168,0,0,0,0,0
2026-08-13T03:48:19.760066,169,0,0,0,0,0
2026-08-13T03:48:19.761067,168,0,0,0,0,0
2026-08-13T03:48:19.762065,168,0,0,0,0,0
2026-08-13T03:48:19.764626,167,0,0,0,0,0
2026-08-13T03:48:19.765622,166,0,0,0,0,0
2026-08-13T03:48:19.765622,166,0,0,0,0,0
2026-08-13T03:48:19.766630,166,0,0,0,0,0
2026-08-13T03:48:19.768672,168,0,0,0,0,0
2026-08-13T03:48:19.768672,171,0,0,0,0,0
2026-08-13T03:48:19.769670,170,0,0,0,0,0
2026-08-13T03:48:19.772840,171,0,0,0,0,0
2026-08-13T03:48:19.772840,171,0,0,0,0,0
2026-08-13T03:48:19.774333,171,0,0,0,0,0
2026-08-13T03:48:19.775344,169,0,0,0,0,0
2026-08-13T03:48:19.776353,170,0,0,0,0,0
2026-08-13T03:48:19.777351,169,0,0,0,0,0
2026-08-13T03:48:19.777351,168,0,0,0,0,0
2026-08-13T03:48:19.780365,169,0,0,0,0,0
2026-08-13T03:48:19.781470,168,0,0,0,0,0
2026-08-13T03:48:19.782472,168,0,0,0,0,0
2026-08-13T03:48:19.782472,166,0,0,0,0,0
2026-08-13T03:48:19.784988,167,0,0,0,0,0
2026-08-13T03:48:19.785989,167,0,0,0,0,0
2026-08-13T03:48:19.785989,167,0,0,0,0,0
2026-08-13T03:48:19.789490,170,0,0,0,0,0
2026-08-13T03:48:19.790510,170,0,0,0,0,0
2026-08-13T03:48:19.791509,171,0,0,0,0,0
2026-08-13T03:48:19.792896,172,0,0,0,0,0
2026-08-13T03:48:19.793905,172,0,0,0,0,0
2026-08-13T03:48:19.794915,170,0,0,0,0,0
2026-08-13T03:48:19.794915,168,0,0,0,0,0
2026-08-13T03:48:19.796929,169,0,0,0,0,0
2026-08-13T03:48:19.797926,169,0,0,0,0,0
2026-08-13T03:48:19.797926,169,0,0,0,0,0
2026-08-13T03:48:19.800940,169,0,0,0,0,0
2026-08-13T03:48:19.801925,167,0,0,0,0,0
2026-08-13T03:48:19.801925,167,0,0,0,0,0
2026-08-13T03:48:19.802925,166,0,0,0,0,0
2026-08-13T03:48:19.805434,167,0,0,0,0,0
2026-08-13T03:48:19.805434,167,0,0,0,0,0
2026-08-13T03:48:19.806439,167,0,0,0,0,0
2026-08-13T03:48:19.809954,170,0,0,0,0,0
2026-08-13T03:48:19.809954,171,0,0,0,0,0
2026-08-13T03:48:19.809954,172,0,0,0,0,0
2026-08-13T03:48:19.810959,172,0,0,0,0,0
2026-08-13T03:48:19.813811,170,0,0,0,0,0
2026-08-13T03:48:19.813811,169,0,0,0,0,0
2026-08-13T03:48:19.813811,168,0,0,0,0,0
2026-08-13T03:48:19.817978,169,0,0,0,0,0
2026-08-13T03:48:19.817978,169,0,0,0,0,0
2026-08-13T03:48:19.818982,169,0,0,0,0,0
2026-08-13T03:48:19.820015,168,0,0,0,0,0
2026-08-13T03:48:19.822014,168,0,0,0,0,0
2026-08-13T03:48:19.822014,168,0,0,0,0,0
2026-08-13T03:48:19.823030,166,0,0,0,0,0
2026-08-13T03:48:19.825528,167,0,0,0,0,0
2026-08-13T03:48:19.826528,166,0,0,0,0,0
2026-08-13T03:48:19.827529,168,0,0,0,0,0
2026-08-13T03:48:19.829845,170,0,0,0,0,0
2026-08-13T03:48:19.830830,171,0,0,0,0,0
2026-08-13T03:48:19.830830,171,0,0,0,0,0
2026-08-13T03:48:19.831845,170,0,0,0,0,0
2026-08-13T03:48:19.833830,171,0,0,0,0,0
2026-08-13T03:48:19.834908,170,0,0,0,0,0
2026-08-13T03:48:19.834908,169,0,0,0,0,0
2026-08-13T03:48:19.837911,170,0,0,0,0,0
2026-08-13T03:48:19.838909,169,0,0,0,0,0
2026-08-13T03:48:19.839910,168,0,0,0,0,0
2026-08-13T03:48:19.840911,168,0,0,0,0,0
2026-08-13T03:48:19.841913,168,0,0,0,0,0
2026-08-13T03:48:19.842909,167,0,0,0,0,0
2026-08-13T03:48:19.843912,167,0,0,0,0,0
2026-08-13T03:48:19.846442,167,0,0,0,0,0
2026-08-13T03:48:19.847442,167,0,0,0,0,0
2026-08-13T03:48:19.847442,168,0,0,0,0,0
2026-08-13T03:48:19.848444,170,0,0,0,0,0
2026-08-13T03:48:19.850454,171,0,0,0,0,0
2026-08-13T03:48:19.851440,171,0,0,0,0,0
2026-08-13T03:48:19.851440,170,0,0,0,0,0
2026-08-13T03:48:19.854990,171,0,0,0,0,0
2026-08-13T03:48:19.854990,169,0,0,0,0,0
2026-08-13T03:48:19.854990,169,0,0,0,0,0
2026-08-13T03:48:19.855996,170,0,0,0,0,0
2026-08-13T03:48:19.858997,169,0,0,0,0,0
2026-08-13T03:48:19.858997,169,0,0,0,0,0
2026-08-13T03:48:19.858997,168,0,0,0,0,0
2026-08-13T03:48:19.863102,168,0,0,0,0,0
2026-08-13T03:48:19.863627,167,0,0,0,0,0
2026-08-13T03:48:19.863627,168,0,0,0,0,0
2026-08-13T03:48:19.866656,167,0,0,0,0,0
2026-08-13T03:48:19.867641,167,0,0,0,0,0
2026-08-13T03:48:19.867641,168,0,0,0,0,0
2026-08-13T03:48:19.867641,169,0,0,0,0,0
2026-08-13T03:48:19.871125,170,0,0,0,0,0
2026-08-13T03:48:19.871125,172,0,0,0,0,0
2026-08-13T03:48:19.872111,171,0,0,0,0,0
2026-08-13T03:48:19.874666,171,0,0,0,0,0
2026-08-13T03:48:19.876172,169,0,0,0,0,0
2026-08-13T03:48:19.876172,170,0,0,0,0,0
2026-08-13T03:48:19.876172,169,0,0,0,0,0
2026-08-13T03:48:19.879183,169,0,0,0,0,0
2026-08-13T03:48:19.879183,170,0,0,0,0,0
2026-08-13T03:48:19.880180,169,0,0,0,0,0
2026-08-13T03:48:19.883697,169,0,0,0,0,0
2026-08-13T03:48:19.884207,168,0,0,0,0,0
2026-08-13T03:48:19.885223,168,0,0,0,0,0
2026-08-13T03:48:19.885223,169,0,0,0,0,0
2026-08-13T03:48:19.887234,169,0,0,0,0,0
2026-08-13T03:48:19.888233,172,0,0,0,0,0
2026-08-13T03:48:19.888233,174,0,0,0,0,0
2026-08-13T03:48:19.891234,175,0,0,0,0,0
2026-08-13T03:48:19.892230,175,0,0,0,0,0
2026-08-13T03:48:19.892230,175,0,0,0,0,0
2026-08-13T03:48:19.895982,174,0,0,0,0,0
2026-08-13T03:48:19.895982,174,0,0,0,0,0
2026-08-13T03:48:19.895982,175,0,0,0,0,0
2026-08-13T03:48:19.896989,176,0,0,0,0,0
2026-08-13T03:48:19.899233,175,0,0,0,0,0
2026-08-13T03:48:19.900293,175,0,0,0,0,0
2026-08-13T03:48:19.900293,175,0,0,0,0,0
2026-08-13T03:48:19.903857,175,0,0,0,0,0
2026-08-13T03:48:19.903857,175,0,0,0,0,0
2026-08-13T03:48:19.905024,175,0,0,0,0,0
2026-08-13T03:48:19.905024,175,0,0,0,0,0
2026-08-13T03:48:19.908025,177,0,0,0,0,0
2026-08-13T03:48:19.908025,180,0,0,0,0,0
2026-08-13T03:48:19.909038,181,0,0,0,0,0
2026-08-13T03:48:19.912036,182,0,0,0,0,0
2026-08-13T03:48:19.913023,181,0,0,0,0,0
2026-08-13T03:48:19.913023,182,0,0,0,0,0
2026-08-13T03:48:19.914037,182,0,0,0,0,0
2026-08-13T03:48:19.916565,182,0,0,0,0,0
2026-08-13T03:48:19.916565,184,0,0,0,0,0
2026-08-13T03:48:19.917564,184,0,0,0,0,0
2026-08-13T03:48:19.920566,185,0,0,0,0,0
2026-08-13T03:48:19.920566,186,0,0,0,0,0
2026-08-13T03:48:19.921594,184,0,0,0,0,0
2026-08-13T03:48:19.921594,186,0,0,0,0,0
2026-08-13T03:48:19.924666,186,0,0,0,0,0
2026-08-13T03:48:19.925678,187,0,0,0,0,0
2026-08-13T03:48:19.925678,187,0,0,0,0,0
2026-08-13T03:48:19.928668,189,0,0,0,0,0
2026-08-13T03:48:19.928668,191,0,0,0,0,0
2026-08-13T03:48:19.929673,191,0,0,0,0,0
2026-08-13T03:48:19.932666,192,0,0,0,0,0
2026-08-13T03:48:19.932666,193,0,0,0,0,0
2026-08-13T03:48:19.933665,193,0,0,0,0,0
2026-08-13T03:48:19.934173,192,0,0,0,0,0
2026-08-13T03:48:19.936207,194,0,0,0,0,0
2026-08-13T03:48:19.937188,195,0,0,0,0,0
2026-08-13T03:48:19.937188,194,0,0,0,0,0
2026-08-13T03:48:19.940995,196,0,0,0,0,0
2026-08-13T03:48:19.940995,195,0,0,0,0,0
2026-08-13T03:48:19.941998,195,0,0,0,0,0
2026-08-13T03:48:19.941998,194,0,0,0,0,0
2026-08-13T03:48:19.945088,194,0,0,0,0,0
2026-08-13T03:48:19.945088,194,0,0,0,0,0
2026-08-13T03:48:19.946067,194,0,0,0,0,0
2026-08-13T03:48:19.949354,197,0,0,0,0,0
2026-08-13T03:48:19.949354,198,0,0,0,0,0
2026-08-13T03:48:19.950355,200,0,0,0,0,0
2026-08-13T03:48:19.950355,202,0,0,0,0,0
2026-08-13T03:48:19.952355,203,0,0,0,0,0
2026-08-13T03:48:19.953876,203,0,0,0,0,0
2026-08-13T03:48:19.953876,202,0,0,0,0,0
2026-08-13T03:48:19.957036,203,0,0,0,0,0
2026-08-13T03:48:19.958014,204,0,0,0,0,0
2026-08-13T03:48:19.959015,203,0,0,0,0,0
2026-08-13T03:48:19.961013,202,0,0,0,0,0
2026-08-13T03:48:19.962014,201,0,0,0,0,0
2026-08-13T03:48:19.962014,201,0,0,0,0,0
2026-08-13T03:48:19.963014,199,0,0,0,0,0
2026-08-13T03:48:19.965532,198,0,0,0,0,0
2026-08-13T03:48:19.965532,198,0,0,0,0,0
2026-08-13T03:48:19.966530,198,0,0,0,0,0
2026-08-13T03:48:19.969544,201,0,0,0,0,0
2026-08-13T03:48:19.969544,202,0,0,0,0,0
2026-08-13T03:48:19.970531,203,0,0,0,0,0
2026-08-13T03:48:19.970531,204,0,0,0,0,0
2026-08-13T03:48:19.974098,204,0,0,0,0,0
2026-08-13T03:48:19.975110,204,0,0,0,0,0
2026-08-13T03:48:19.975110,202,0,0,0,0,0
2026-08-13T03:48:19.977883,202,0,0,0,0,0
2026-08-13T03:48:19.977883,202,0,0,0,0,0
2026-08-13T03:48:19.978893,200,0,0,0,0,0
2026-08-13T03:48:19.978893,201,0,0,0,0,0
2026-08-13T03:48:19.981424,200,0,0,0,0,0
2026-08-13T03:48:19.982416,199,0,0,0,0,0
2026-08-13T03:48:19.982416,198,0,0,0,0,0
2026-08-13T03:48:19.985947,199,0,0,0,0,0
2026-08-13T03:48:19.985947,198,0,0,0,0,0
2026-08-13T03:48:19.986946,197,0,0,0,0,0
2026-08-13T03:48:19.986946,199,0,0,0,0,0
2026-08-13T03:48:19.989945,200,0,0,0,0,0
2026-08-13T03:48:19.990934,201,0,0,0,0,0
2026-08-13T03:48:19.991938,200,0,0,0,0,0
2026-08-13T03:48:19.993937,200,0,0,0,0,0
2026-08-13T03:48:19.993937,198,0,0,0,0,0
2026-08-13T03:48:19.995294,196,0,0,0,0,0
2026-08-13T03:48:19.998360,197,0,0,0,0,0
2026-08-13T03:48:19.998360,196,0,0,0,0,0
2026-08-13T03:48:19.999379,196,0,0,0,0,0
2026-08-13T03:48:19.999379,195,0,0,0,0,0
2026-08-13T03:48:20.002466,195,0,0,0,0,0
2026-08-13T03:48:20.002466,195,0,0,0,0,0
2026-08-13T03:48:20.002466,193,0,0,0,0,0
2026-08-13T03:48:20.005998,195,0,0,0,0,0
2026-08-13T03:48:20.006983,195,0,0,0,0,0
2026-08-13T03:48:20.006983,196,0,0,0,0,0
2026-08-13T03:48:20.007986,198,0,0,0,0,0
2026-08-13T03:48:20.009985,198,0,0,0,0,0
2026-08-13T03:48:20.010984,199,0,0,0,0,0
2026-08-13T03:48:20.011986,198,0,0,0,0,0
2026-08-13T03:48:20.014016,198,0,0,0,0,0
2026-08-13T03:48:20.014016,197,0,0,0,0,0
2026-08-13T03:48:20.015444,197,0,0,0,0,0
2026-08-13T03:48:20.015444,197,0,0,0,0,0
2026-08-13T03:48:20.018456,197,0,0,0,0,0
2026-08-13T03:48:20.018456,197,0,0,0,0,0
2026-08-13T03:48:20.019443,198,0,0,0,0,0
2026-08-13T03:48:20.022087,197,0,0,0,0,0
2026-08-13T03:48:20.022087,198,0,0,0,0,0
2026-08-13T03:48:20.024636,198,0,0,0,0,0
2026-08-13T03:48:20.026637,199,0,0,0,0,0
2026-08-13T03:48:20.026637,199,0,0,0,0,0
2026-08-13T03:48:20.027656,201,0,0,0,0,0
2026-08-13T03:48:20.027656,204,0,0,0,0,0
2026-08-13T03:48:20.030654,204,0,0,0,0,0
2026-08-13T03:48:20.031653,205,0,0,0,0,0
2026-08-13T03:48:20.031653,204,0,0,0,0,0
2026-08-13T03:48:20.034670,204,0,0,0,0,0
2026-08-13T03:48:20.035687,202,0,0,0,0,0
2026-08-13T03:48:20.035687,202,0,0,0,0,0
2026-08-13T03:48:20.036673,202,0,0,0,0,0
2026-08-13T03:48:20.039078,201,0,0,0,0,0
2026-08-13T03:48:20.040069,202,0,0,0,0,0
2026-08-13T03:48:20.041065,200,0,0,0,0,0
2026-08-13T03:48:20.042070,200,0,0,0,0,0
2026-08-13T03:48:20.043580,198,0,0,0,0,0
2026-08-13T03:48:20.044592,198,0,0,0,0,0
2026-08-13T03:48:20.044592,200,0,0,0,0,0
2026-08-13T03:48:20.046601,198,0,0,0,0,0
2026-08-13T03:48:20.047600,200,0,0,0,0,0
2026-08-13T03:48:20.048601,201,0,0,0,0,0
2026-08-13T03:48:20.051648,201,0,0,0,0,0
2026-08-13T03:48:20.051648,201,0,0,0,0,0
2026-08-13T03:48:20.052646,200,0,0,0,0,0
2026-08-13T03:48:20.052646,200,0,0,0,0,0
2026-08-13T03:48:20.055160,197,0,0,0,0,0
2026-08-13T03:48:20.056160,197,0,0,0,0,0
2026-08-13T03:48:20.056160,197,0,0,0,0,0
2026-08-13T03:48:20.059414,196,0,0,0,0,0
2026-08-13T03:48:20.059414,196,0,0,0,0,0
2026-08-13T03:48:20.060401,195,0,0,0,0,0
2026-08-13T03:48:20.063920,194,0,0,0,0,0
2026-08-13T03:48:20.063920,193,0,0,0,0,0
2026-08-13T03:48:20.065085,193,0,0,0,0,0
2026-08-13T03:48:20.065085,193,0,0,0,0,0
2026-08-13T03:48:20.068092,193,0,0,0,0,0
2026-08-13T03:48:20.068092,195,0,0,0,0,0
2026-08-13T03:48:20.069092,196,0,0,0,0,0
2026-08-13T03:48:20.072096,197,0,0,0,0,0
2026-08-13T03:48:20.072096,198,0,0,0,0,0
2026-08-13T03:48:20.072096,197,0,0,0,0,0
2026-08-13T03:48:20.073606,196,0,0,0,0,0
2026-08-13T03:48:20.075619,195,0,0,0,0,0
2026-08-13T03:48:20.076629,196,0,0,0,0,0
2026-08-13T03:48:20.076629,195,0,0,0,0,0
2026-08-13T03:48:20.079641,194,0,0,0,0,0
2026-08-13T03:48:20.080627,194,0,0,0,0,0
2026-08-13T03:48:20.080627,193,0,0,0,0,0
2026-08-13T03:48:20.081769,193,0,0,0,0,0
2026-08-13T03:48:20.084324,191,0,0,0,0,0
2026-08-13T03:48:20.084324,192,0,0,0,0,0
2026-08-13T03:48:20.085318,192,0,0,0,0,0
2026-08-13T03:48:20.088319,192,0,0,0,0,0
2026-08-13T03:48:20.088319,195,0,0,0,0,0
2026-08-13T03:48:20.089319,196,0,0,0,0,0
2026-08-13T03:48:20.089319,196,0,0,0,0,0
2026-08-13T03:48:20.092317,196,0,0,0,0,0
2026-08-13T03:48:20.092317,195,0,0,0,0,0
2026-08-13T03:48:20.092317,194,0,0,0,0,0
2026-08-13T03:48:20.095868,193,0,0,0,0,0
2026-08-13T03:48:20.096835,194,0,0,0,0,0
2026-08-13T03:48:20.096835,193,0,0,0,0,0
2026-08-13T03:48:20.100834,192,0,0,0,0,0
2026-08-13T03:48:20.100834,193,0,0,0,0,0
2026-08-13T03:48:20.100834,192,0,0,0,0,0
2026-08-13T03:48:20.101836,191,0,0,0,0,0
2026-08-13T03:48:20.104783,190,0,0,0,0,0
2026-08-13T03:48:20.104783,190,0,0,0,0,0
2026-08-13T03:48:20.104783,190,0,0,0,0,0
2026-08-13T03:48:20.109039,192,0,0,0,0,0
2026-08-13T03:48:20.109039,193,0,0,0,0,0
2026-08-13T03:48:20.109039,194,0,0,0,0,0
2026-08-13T03:48:20.110041,194,0,0,0,0,0
2026-08-13T03:48:20.113066,194,0,0,0,0,0
2026-08-13T03:48:20.113592,193,0,0,0,0,0
2026-08-13T03:48:20.113592,192,0,0,0,0,0
2026-08-13T03:48:20.117108,192,0,0,0,0,0
2026-08-13T03:48:20.117108,192,0,0,0,0,0
2026-08-13T03:48:20.118147,191,0,0,0,0,0
2026-08-13T03:48:20.118654,191,0,0,0,0,0
2026-08-13T03:48:20.120676,191,0,0,0,0,0
2026-08-13T03:48:20.121676,190,0,0,0,0,0
2026-08-13T03:48:20.121676,190,0,0,0,0,0
2026-08-13T03:48:20.124776,189,0,0,0,0,0
2026-08-13T03:48:20.125780,190,0,0,0,0,0
2026-08-13T03:48:20.125780,189,0,0,0,0,0
2026-08-13T03:48:20.128789,190,0,0,0,0,0
2026-08-13T03:48:20.129789,192,0,0,0,0,0
2026-08-13T03:48:20.130778,192,0,0,0,0,0
2026-08-13T03:48:20.131791,192,0,0,0,0,0
2026-08-13T03:48:20.132776,191,0,0,0,0,0
2026-08-13T03:48:20.133776,192,0,0,0,0,0
2026-08-13T03:48:20.133776,190,0,0,0,0,0
2026-08-13T03:48:20.137638,189,0,0,0,0,0
2026-08-13T03:48:20.137638,190,0,0,0,0,0
2026-08-13T03:48:20.138658,189,0,0,0,0,0
2026-08-13T03:48:20.138658,189,0,0,0,0,0
2026-08-13T03:48:20.141674,188,0,0,0,0,0
2026-08-13T03:48:20.141674,188,0,0,0,0,0
2026-08-13T03:48:20.142655,188,0,0,0,0,0
2026-08-13T03:48:20.145174,187,0,0,0,0,0
2026-08-13T03:48:20.146181,187,0,0,0,0,0
2026-08-13T03:48:20.146181,187,0,0,0,0,0
2026-08-13T03:48:20.147182,189,0,0,0,0,0
2026-08-13T03:48:20.149181,192,0,0,0,0,0
2026-08-13T03:48:20.150181,192,0,0,0,0,0
2026-08-13T03:48:20.150181,192,0,0,0,0,0
2026-08-13T03:48:20.153704,192,0,0,0,0,0
2026-08-13T03:48:20.153704,192,0,0,0,0,0
2026-08-13T03:48:20.154717,190,0,0,0,0,0
2026-08-13T03:48:20.154717,190,0,0,0,0,0
2026-08-13T03:48:20.157747,191,0,0,0,0,0
2026-08-13T03:48:20.158746,190,0,0,0,0,0
2026-08-13T03:48:20.158746,191,0,0,0,0,0
2026-08-13T03:48:20.161745,190,0,0,0,0,0
2026-08-13T03:48:20.161745,189,0,0,0,0,0
2026-08-13T03:48:20.162745,188,0,0,0,0,0
2026-08-13T03:48:20.166286,188,0,0,0,0,0
2026-08-13T03:48:20.166286,188,0,0,0,0,0
2026-08-13T03:48:20.167273,189,0,0,0,0,0
2026-08-13T03:48:20.167273,192,0,0,0,0,0
2026-08-13T03:48:20.169806,193,0,0,0,0,0
2026-08-13T03:48:20.170798,193,0,0,0,0,0
2026-08-13T03:48:20.170798,194,0,0,0,0,0
2026-08-13T03:48:20.174309,193,0,0,0,0,0
2026-08-13T03:48:20.174309,192,0,0,0,0,0
2026-08-13T03:48:20.175319,191,0,0,0,0,0
2026-08-13T03:48:20.175319,191,0,0,0,0,0
2026-08-13T03:48:20.178330,191,0,0,0,0,0
2026-08-13T03:48:20.178330,191,0,0,0,0,0
2026-08-13T03:48:20.179328,191,0,0,0,0,0
2026-08-13T03:48:20.181857,190,0,0,0,0,0
2026-08-13T03:48:20.182854,189,0,0,0,0,0
2026-08-13T03:48:20.182854,189,0,0,0,0,0
2026-08-13T03:48:20.182854,189,0,0,0,0,0
2026-08-13T03:48:20.186690,188,0,0,0,0,0
2026-08-13T03:48:20.186690,190,0,0,0,0,0
2026-08-13T03:48:20.186690,192,0,0,0,0,0
2026-08-13T03:48:20.190261,193,0,0,0,0,0
2026-08-13T03:48:20.191144,194,0,0,0,0,0
2026-08-13T03:48:20.191144,192,0,0,0,0,0
2026-08-13T03:48:20.194663,192,0,0,0,0,0
2026-08-13T03:48:20.194663,191,0,0,0,0,0
2026-08-13T03:48:20.195659,191,0,0,0,0,0
2026-08-13T03:48:20.195659,192,0,0,0,0,0
2026-08-13T03:48:20.198730,190,0,0,0,0,0
2026-08-13T03:48:20.198730,191,0,0,0,0,0
2026-08-13T03:48:20.199667,190,0,0,0,0,0
2026-08-13T03:48:20.202993,190,0,0,0,0,0
2026-08-13T03:48:20.202993,189,0,0,0,0,0
2026-08-13T03:48:20.204003,188,0,0,0,0,0
2026-08-13T03:48:20.204003,189,0,0,0,0,0
2026-08-13T03:48:20.206541,188,0,0,0,0,0
2026-08-13T03:48:20.206541,191,0,0,0,0,0
2026-08-13T03:48:20.206541,192,0,0,0,0,0
2026-08-13T03:48:20.210544,193,0,0,0,0,0
2026-08-13T03:48:20.211750,193,0,0,0,0,0
2026-08-13T03:48:20.211750,191,0,0,0,0,0
2026-08-13T03:48:20.211750,193,0,0,0,0,0
2026-08-13T03:48:20.214635,192,0,0,0,0,0
2026-08-13T03:48:20.215627,191,0,0,0,0,0
2026-08-13T03:48:20.215627,192,0,0,0,0,0
2026-08-13T03:48:20.219627,191,0,0,0,0,0
2026-08-13T03:48:20.219627,191,0,0,0,0,0
2026-08-13T03:48:20.219627,190,0,0,0,0,0
2026-08-13T03:48:20.219627,190,0,0,0,0,0
2026-08-13T03:48:20.223665,189,0,0,0,0,0
2026-08-13T03:48:20.223665,189,0,0,0,0,0
2026-08-13T03:48:20.224675,189,0,0,0,0,0
2026-08-13T03:48:20.227682,188,0,0,0,0,0
2026-08-13T03:48:20.227682,191,0,0,0,0,0
2026-08-13T03:48:20.227682,192,0,0,0,0,0
2026-08-13T03:48:20.231682,192,0,0,0,0,0
2026-08-13T03:48:20.231682,193,0,0,0,0,0
2026-08-13T03:48:20.231682,193,0,0,0,0,0
2026-08-13T03:48:20.232682,192,0,0,0,0,0
2026-08-13T03:48:20.235941,191,0,0,0,0,0
2026-08-13T03:48:20.235941,191,0,0,0,0,0
2026-08-13T03:48:20.235941,192,0,0,0,0,0
2026-08-13T03:48:20.239969,191,0,0,0,0,0
2026-08-13T03:48:20.239969,191,0,0,0,0,0
2026-08-13T03:48:20.240960,190,0,0,0,0,0
2026-08-13T03:48:20.240960,190,0,0,0,0,0
2026-08-13T03:48:20.243957,189,0,0,0,0,0
2026-08-13T03:48:20.244467,188,0,0,0,0,0
2026-08-13T03:48:20.244467,188,0,0,0,0,0
2026-08-13T03:48:20.247902,188,0,0,0,0,0
2026-08-13T03:48:20.247902,191,0,0,0,0,0
2026-08-13T03:48:20.248868,193,0,0,0,0,0
2026-08-13T03:48:20.249867,193,0,0,0,0,0
2026-08-13T03:48:20.251869,194,0,0,0,0,0
2026-08-13T03:48:20.252871,192,0,0,0,0,0
2026-08-13T03:48:20.252871,192,0,0,0,0,0
2026-08-13T03:48:20.255931,191,0,0,0,0,0
2026-08-13T03:48:20.256928,192,0,0,0,0,0
2026-08-13T03:48:20.257914,193,0,0,0,0,0
2026-08-13T03:48:20.259918,191,0,0,0,0,0
2026-08-13T03:48:20.260917,191,0,0,0,0,0
2026-08-13T03:48:20.260917,190,0,0,0,0,0
2026-08-13T03:48:20.261917,190,0,0,0,0,0
2026-08-13T03:48:20.264421,188,0,0,0,0,0
2026-08-13T03:48:20.264421,189,0,0,0,0,0
2026-08-13T03:48:20.264421,188,0,0,0,0,0
2026-08-13T03:48:20.268231,190,0,0,0,0,0
2026-08-13T03:48:20.268231,192,0,0,0,0,0
2026-08-13T03:48:20.269219,193,0,0,0,0,0
2026-08-13T03:48:20.269219,193,0,0,0,0,0
2026-08-13T03:48:20.272239,193,0,0,0,0,0
2026-08-13T03:48:20.272239,193,0,0,0,0,0
2026-08-13T03:48:20.272239,192,0,0,0,0,0
2026-08-13T03:48:20.276764,191,0,0,0,0,0
2026-08-13T03:48:20.276764,191,0,0,0,0,0
2026-08-13T03:48:20.277759,191,0,0,0,0,0
2026-08-13T03:48:20.277759,191,0,0,0,0,0
2026-08-13T03:48:20.280761,191,0,0,0,0,0
2026-08-13T03:48:20.281270,189,0,0,0,0,0
2026-08-13T03:48:20.281270,189,0,0,0,0,0
2026-08-13T03:48:20.284816,188,0,0,0,0,0
2026-08-13T03:48:20.284816,189,0,0,0,0,0
2026-08-13T03:48:20.285814,188,0,0,0,0,0
2026-08-13T03:48:20.285814,190,0,0,0,0,0
2026-08-13T03:48:20.288823,192,0,0,0,0,0
2026-08-13T03:48:20.288823,193,0,0,0,0,0
2026-08-13T03:48:20.289816,193,0,0,0,0,0
2026-08-13T03:48:20.292820,193,0,0,0,0,0
2026-08-13T03:48:20.292820,193,0,0,0,0,0
2026-08-13T03:48:20.293811,192,0,0,0,0,0
2026-08-13T03:48:20.297367,191,0,0,0,0,0
2026-08-13T03:48:20.297367,192,0,0,0,0,0
2026-08-13T03:48:20.297367,191,0,0,0,0,0
2026-08-13T03:48:20.298383,191,0,0,0,0,0
2026-08-13T03:48:20.301539,191,0,0,0,0,0
2026-08-13T03:48:20.301539,190,0,0,0,0,0
2026-08-13T03:48:20.302561,190,0,0,0,0,0
2026-08-13T03:48:20.305076,190,0,0,0,0,0
2026-08-13T03:48:20.306089,190,0,0,0,0,0
2026-08-13T03:48:20.307105,191,0,0,0,0,0
2026-08-13T03:48:20.308086,192,0,0,0,0,0
2026-08-13T03:48:20.309086,195,0,0,0,0,0
2026-08-13T03:48:20.310087,195,0,0,0,0,0
2026-08-13T03:48:20.310087,197,0,0,0,0,0
2026-08-13T03:48:20.313618,197,0,0,0,0,0
2026-08-13T03:48:20.313618,196,0,0,0,0,0
2026-08-13T03:48:20.314640,196,0,0,0,0,0
2026-08-13T03:48:20.314640,196,0,0,0,0,0
2026-08-13T03:48:20.317662,197,0,0,0,0,0
2026-08-13T03:48:20.317662,196,0,0,0,0,0
2026-08-13T03:48:20.318654,197,0,0,0,0,0
2026-08-13T03:48:20.321663,197,0,0,0,0,0
2026-08-13T03:48:20.322653,196,0,0,0,0,0
2026-08-13T03:48:20.322653,195,0,0,0,0,0
2026-08-13T03:48:20.323652,195,0,0,0,0,0
2026-08-13T03:48:20.326189,196,0,0,0,0,0
2026-08-13T03:48:20.326189,196,0,0,0,0,0
2026-08-13T03:48:20.327191,198,0,0,0,0,0
2026-08-13T03:48:20.330141,199,0,0,0,0,0
2026-08-13T03:48:20.330141,201,0,0,0,0,0
2026-08-13T03:48:20.331160,201,0,0,0,0,0
2026-08-13T03:48:20.333677,202,0,0,0,0,0
2026-08-13T03:48:20.334689,202,0,0,0,0,0
2026-08-13T03:48:20.334689,202,0,0,0,0,0
2026-08-13T03:48:20.335696,203,0,0,0,0,0
2026-08-13T03:48:20.337686,203,0,0,0,0,0
2026-08-13T03:48:20.338685,204,0,0,0,0,0
2026-08-13T03:48:20.338685,204,0,0,0,0,0
2026-08-13T03:48:20.341703,204,0,0,0,0,0
2026-08-13T03:48:20.342685,205,0,0,0,0,0
2026-08-13T03:48:20.343688,205,0,0,0,0,0
2026-08-13T03:48:20.344197,206,0,0,0,0,0
2026-08-13T03:48:20.346221,207,0,0,0,0,0
2026-08-13T03:48:20.347216,208,0,0,0,0,0
2026-08-13T03:48:20.347216,212,0,0,0,0,0
2026-08-13T03:48:20.350217,213,0,0,0,0,0
2026-08-13T03:48:20.351216,215,0,0,0,0,0
2026-08-13T03:48:20.351216,215,0,0,0,0,0
2026-08-13T03:48:20.352217,216,0,0,0,0,0
2026-08-13T03:48:20.354749,215,0,0,0,0,0
2026-08-13T03:48:20.354749,216,0,0,0,0,0
2026-08-13T03:48:20.355738,218,0,0,0,0,0
2026-08-13T03:48:20.358745,218,0,0,0,0,0
2026-08-13T03:48:20.358745,218,0,0,0,0,0
2026-08-13T03:48:20.359746,219,0,0,0,0,0
2026-08-13T03:48:20.362921,219,0,0,0,0,0
2026-08-13T03:48:20.362921,218,0,0,0,0,0
2026-08-13T03:48:20.363931,218,0,0,0,0,0
2026-08-13T03:48:20.363931,218,0,0,0,0,0
2026-08-13T03:48:20.366955,218,0,0,0,0,0
2026-08-13T03:48:20.366955,220,0,0,0,0,0
2026-08-13T03:48:20.367948,223,0,0,0,0,0
2026-08-13T03:48:20.371091,224,0,0,0,0,0
2026-08-13T03:48:20.371091,226,0,0,0,0,0
2026-08-13T03:48:20.372108,225,0,0,0,0,0
2026-08-13T03:48:20.372108,226,0,0,0,0,0
2026-08-13T03:48:20.375206,226,0,0,0,0,0
2026-08-13T03:48:20.375206,226,0,0,0,0,0
2026-08-13T03:48:20.376215,227,0,0,0,0,0
2026-08-13T03:48:20.379289,228,0,0,0,0,0
2026-08-13T03:48:20.379289,228,0,0,0,0,0
2026-08-13T03:48:20.379289,229,0,0,0,0,0
2026-08-13T03:48:20.380802,228,0,0,0,0,0
2026-08-13T03:48:20.382811,227,0,0,0,0,0
2026-08-13T03:48:20.383813,227,0,0,0,0,0
2026-08-13T03:48:20.384938,228,0,0,0,0,0
2026-08-13T03:48:20.387491,228,0,0,0,0,0
2026-08-13T03:48:20.387491,230,0,0,0,0,0
2026-08-13T03:48:20.388509,231,0,0,0,0,0
2026-08-13T03:48:20.388509,232,0,0,0,0,0
2026-08-13T03:48:20.391530,233,0,0,0,0,0
2026-08-13T03:48:20.392511,232,0,0,0,0,0
2026-08-13T03:48:20.392511,233,0,0,0,0,0
2026-08-13T03:48:20.395036,231,0,0,0,0,0
2026-08-13T03:48:20.396034,231,0,0,0,0,0
2026-08-13T03:48:20.397034,231,0,0,0,0,0
2026-08-13T03:48:20.399050,231,0,0,0,0,0
2026-08-13T03:48:20.400035,230,0,0,0,0,0
2026-08-13T03:48:20.400035,230,0,0,0,0,0
2026-08-13T03:48:20.401049,229,0,0,0,0,0
2026-08-13T03:48:20.403855,228,0,0,0,0,0
2026-08-13T03:48:20.403855,228,0,0,0,0,0
2026-08-13T03:48:20.404938,228,0,0,0,0,0
2026-08-13T03:48:20.407940,228,0,0,0,0,0
2026-08-13T03:48:20.407940,229,0,0,0,0,0
2026-08-13T03:48:20.408939,232,0,0,0,0,0
2026-08-13T03:48:20.409940,232,0,0,0,0,0
2026-08-13T03:48:20.412143,233,0,0,0,0,0
2026-08-13T03:48:20.412143,231,0,0,0,0,0
2026-08-13T03:48:20.413661,231,0,0,0,0,0
2026-08-13T03:48:20.415694,229,0,0,0,0,0
2026-08-13T03:48:20.416679,230,0,0,0,0,0
2026-08-13T03:48:20.416679,230,0,0,0,0,0
2026-08-13T03:48:20.417678,229,0,0,0,0,0
2026-08-13T03:48:20.419688,230,0,0,0,0,0
2026-08-13T03:48:20.420676,229,0,0,0,0,0
2026-08-13T03:48:20.420676,229,0,0,0,0,0
2026-08-13T03:48:20.423686,227,0,0,0,0,0
2026-08-13T03:48:20.424794,226,0,0,0,0,0
2026-08-13T03:48:20.425793,226,0,0,0,0,0
2026-08-13T03:48:20.427830,224,0,0,0,0,0
2026-08-13T03:48:20.428804,226,0,0,0,0,0
2026-08-13T03:48:20.428804,227,0,0,0,0,0
2026-08-13T03:48:20.429806,226,0,0,0,0,0
2026-08-13T03:48:20.431822,225,0,0,0,0,0
2026-08-13T03:48:20.432801,224,0,0,0,0,0
2026-08-13T03:48:20.433825,223,0,0,0,0,0
2026-08-13T03:48:20.436640,221,0,0,0,0,0
2026-08-13T03:48:20.436640,221,0,0,0,0,0
2026-08-13T03:48:20.437666,220,0,0,0,0,0
2026-08-13T03:48:20.438660,219,0,0,0,0,0
2026-08-13T03:48:20.440780,218,0,0,0,0,0
2026-08-13T03:48:20.440780,218,0,0,0,0,0
2026-08-13T03:48:20.441791,217,0,0,0,0,0
2026-08-13T03:48:20.444294,215,0,0,0,0,0
2026-08-13T03:48:20.445305,214,0,0,0,0,0
2026-08-13T03:48:20.446317,214,0,0,0,0,0
2026-08-13T03:48:20.446317,214,0,0,0,0,0
2026-08-13T03:48:20.448916,216,0,0,0,0,0
2026-08-13T03:48:20.448916,217,0,0,0,0,0
2026-08-13T03:48:20.449935,218,0,0,0,0,0
2026-08-13T03:48:20.452947,218,0,0,0,0,0
2026-08-13T03:48:20.452947,218,0,0,0,0,0
2026-08-13T03:48:20.453937,216,0,0,0,0,0
2026-08-13T03:48:20.454473,215,0,0,0,0,0
2026-08-13T03:48:20.456483,217,0,0,0,0,0
2026-08-13T03:48:20.457470,216,0,0,0,0,0
2026-08-13T03:48:20.458485,215,0,0,0,0,0
2026-08-13T03:48:20.460479,215,0,0,0,0,0
2026-08-13T03:48:20.461470,214,0,0,0,0,0
2026-08-13T03:48:20.462469,214,0,0,0,0,0
2026-08-13T03:48:20.465008,213,0,0,0,0,0
2026-08-13T03:48:20.466009,214,0,0,0,0,0
2026-08-13T03:48:20.466009,213,0,0,0,0,0
2026-08-13T03:48:20.467022,215,0,0,0,0,0
2026-08-13T03:48:20.469415,217,0,0,0,0,0
2026-08-13T03:48:20.469415,217,0,0,0,0,0
2026-08-13T03:48:20.470432,218,0,0,0,0,0
2026-08-13T03:48:20.472588,217,0,0,0,0,0
2026-08-13T03:48:20.473629,217,0,0,0,0,0
2026-08-13T03:48:20.474648,215,0,0,0,0,0
2026-08-13T03:48:20.475648,214,0,0,0,0,0
2026-08-13T03:48:20.477046,215,0,0,0,0,0
2026-08-13T03:48:20.478064,214,0,0,0,0,0
2026-08-13T03:48:20.479311,213,0,0,0,0,0
2026-08-13T03:48:20.481832,212,0,0,0,0,0
2026-08-13T03:48:20.481832,212,0,0,0,0,0
2026-08-13T03:48:20.482833,210,0,0,0,0,0
2026-08-13T03:48:20.483832,210,0,0,0,0,0
2026-08-13T03:48:20.485351,210,0,0,0,0,0
2026-08-13T03:48:20.486360,209,0,0,0,0,0
2026-08-13T03:48:20.486360,211,0,0,0,0,0
2026-08-13T03:48:20.489893,213,0,0,0,0,0
2026-08-13T03:48:20.490523,213,0,0,0,0,0
2026-08-13T03:48:20.490523,213,0,0,0,0,0
2026-08-13T03:48:20.494056,213,0,0,0,0,0
2026-08-13T03:48:20.494056,213,0,0,0,0,0
2026-08-13T03:48:20.495083,211,0,0,0,0,0
2026-08-13T03:48:20.495083,211,0,0,0,0,0
2026-08-13T03:48:20.498093,212,0,0,0,0,0
2026-08-13T03:48:20.498093,210,0,0,0,0,0
2026-08-13T03:48:20.499108,211,0,0,0,0,0
2026-08-13T03:48:20.502165,210,0,0,0,0,0
2026-08-13T03:48:20.502165,209,0,0,0,0,0
2026-08-13T03:48:20.502165,208,0,0,0,0,0
2026-08-13T03:48:20.503674,208,0,0,0,0,0
2026-08-13T03:48:20.505687,209,0,0,0,0,0
2026-08-13T03:48:20.506696,207,0,0,0,0,0
2026-08-13T03:48:20.507687,210,0,0,0,0,0
2026-08-13T03:48:20.509924,211,0,0,0,0,0
2026-08-13T03:48:20.510922,212,0,0,0,0,0
2026-08-13T03:48:20.510922,212,0,0,0,0,0
2026-08-13T03:48:20.511924,212,0,0,0,0,0
2026-08-13T03:48:20.514490,212,0,0,0,0,0
2026-08-13T03:48:20.514490,210,0,0,0,0,0
2026-08-13T03:48:20.515491,210,0,0,0,0,0
2026-08-13T03:48:20.518566,210,0,0,0,0,0
2026-08-13T03:48:20.518566,209,0,0,0,0,0
2026-08-13T03:48:20.518566,209,0,0,0,0,0
2026-08-13T03:48:20.519580,208,0,0,0,0,0
2026-08-13T03:48:20.522581,208,0,0,0,0,0
2026-08-13T03:48:20.522581,207,0,0,0,0,0
2026-08-13T03:48:20.522581,207,0,0,0,0,0
2026-08-13T03:48:20.526716,207,0,0,0,0,0
2026-08-13T03:48:20.526716,206,0,0,0,0,0
2026-08-13T03:48:20.527695,210,0,0,0,0,0
2026-08-13T03:48:20.530708,211,0,0,0,0,0
2026-08-13T03:48:20.530708,211,0,0,0,0,0
2026-08-13T03:48:20.531695,211,0,0,0,0,0
2026-08-13T03:48:20.531695,210,0,0,0,0,0
2026-08-13T03:48:20.534886,209,0,0,0,0,0
2026-08-13T03:48:20.534886,208,0,0,0,0,0
2026-08-13T03:48:20.535887,208,0,0,0,0,0
2026-08-13T03:48:20.538230,208,0,0,0,0,0
2026-08-13T03:48:20.539274,207,0,0,0,0,0
2026-08-13T03:48:20.540250,208,0,0,0,0,0
2026-08-13T03:48:20.541255,207,0,0,0,0,0
2026-08-13T03:48:20.542250,206,0,0,0,0,0
2026-08-13T03:48:20.543775,206,0,0,0,0,0
2026-08-13T03:48:20.543775,206,0,0,0,0,0
2026-08-13T03:48:20.546806,206,0,0,0,0,0
2026-08-13T03:48:20.547805,207,0,0,0,0,0
2026-08-13T03:48:20.547805,210,0,0,0,0,0
2026-08-13T03:48:20.548793,210,0,0,0,0,0
2026-08-13T03:48:20.550792,210,0,0,0,0,0
2026-08-13T03:48:20.551805,210,0,0,0,0,0
2026-08-13T03:48:20.551805,210,0,0,0,0,0
2026-08-13T03:48:20.555240,209,0,0,0,0,0
2026-08-13T03:48:20.555240,208,0,0,0,0,0
2026-08-13T03:48:20.556239,208,0,0,0,0,0
2026-08-13T03:48:20.559253,208,0,0,0,0,0
2026-08-13T03:48:20.560238,208,0,0,0,0,0
2026-08-13T03:48:20.560238,208,0,0,0,0,0
2026-08-13T03:48:20.561240,207,0,0,0,0,0
2026-08-13T03:48:20.562240,207,0,0,0,0,0
2026-08-13T03:48:20.563766,206,0,0,0,0,0
2026-08-13T03:48:20.564432,207,0,0,0,0,0
2026-08-13T03:48:20.566959,207,0,0,0,0,0
2026-08-13T03:48:20.567966,207,0,0,0,0,0
2026-08-13T03:48:20.568973,209,0,0,0,0,0
2026-08-13T03:48:20.568973,210,0,0,0,0,0
2026-08-13T03:48:20.571971,211,0,0,0,0,0
2026-08-13T03:48:20.572503,210,0,0,0,0,0
2026-08-13T03:48:20.572503,210,0,0,0,0,0
2026-08-13T03:48:20.575036,209,0,0,0,0,0
2026-08-13T03:48:20.576064,209,0,0,0,0,0
2026-08-13T03:48:20.577045,210,0,0,0,0,0
2026-08-13T03:48:20.578047,209,0,0,0,0,0
2026-08-13T03:48:20.579981,208,0,0,0,0,0
2026-08-13T03:48:20.579981,208,0,0,0,0,0
2026-08-13T03:48:20.580990,207,0,0,0,0,0
2026-08-13T03:48:20.583683,207,0,0,0,0,0
2026-08-13T03:48:20.584707,206,0,0,0,0,0
2026-08-13T03:48:20.585709,207,0,0,0,0,0
2026-08-13T03:48:20.585709,206,0,0,0,0,0
2026-08-13T03:48:20.588186,208,0,0,0,0,0
2026-08-13T03:48:20.588186,210,0,0,0,0,0
2026-08-13T03:48:20.589228,210,0,0,0,0,0
2026-08-13T03:48:20.592211,211,0,0,0,0,0
2026-08-13T03:48:20.592211,211,0,0,0,0,0
2026-08-13T03:48:20.592211,210,0,0,0,0,0
2026-08-13T03:48:20.595753,209,0,0,0,0,0
2026-08-13T03:48:20.596731,209,0,0,0,0,0
2026-08-13T03:48:20.596731,209,0,0,0,0,0
2026-08-13T03:48:20.597732,209,0,0,0,0,0
2026-08-13T03:48:20.599748,208,0,0,0,0,0
2026-08-13T03:48:20.600735,208,0,0,0,0,0
2026-08-13T03:48:20.600735,207,0,0,0,0,0
2026-08-13T03:48:20.604242,206,0,0,0,0,0
2026-08-13T03:48:20.605255,206,0,0,0,0,0
2026-08-13T03:48:20.605255,206,0,0,0,0,0
2026-08-13T03:48:20.606264,207,0,0,0,0,0
2026-08-13T03:48:20.608267,210,0,0,0,0,0
2026-08-13T03:48:20.609264,210,0,0,0,0,0
2026-08-13T03:48:20.609264,211,0,0,0,0,0
2026-08-13T03:48:20.612765,211,0,0,0,0,0
2026-08-13T03:48:20.612765,211,0,0,0,0,0
2026-08-13T03:48:20.613774,210,0,0,0,0,0
2026-08-13T03:48:20.613774,208,0,0,0,0,0
2026-08-13T03:48:20.616785,209,0,0,0,0,0
2026-08-13T03:48:20.616785,209,0,0,0,0,0
2026-08-13T03:48:20.617783,208,0,0,0,0,0
2026-08-13T03:48:20.620930,208,0,0,0,0,0
2026-08-13T03:48:20.620930,208,0,0,0,0,0
2026-08-13T03:48:20.621961,207,0,0,0,0,0
2026-08-13T03:48:20.621961,206,0,0,0,0,0
2026-08-13T03:48:20.623947,206,0,0,0,0,0
2026-08-13T03:48:20.625321,206,0,0,0,0,0
2026-08-13T03:48:20.626322,207,0,0,0,0,0
2026-08-13T03:48:20.628334,209,0,0,0,0,0
2026-08-13T03:48:20.629320,210,0,0,0,0,0
2026-08-13T03:48:20.630321,211,0,0,0,0,0
2026-08-13T03:48:20.632329,211,0,0,0,0,0
2026-08-13T03:48:20.633852,210,0,0,0,0,0
2026-08-13T03:48:20.634872,209,0,0,0,0,0
2026-08-13T03:48:20.634872,208,0,0,0,0,0
2026-08-13T03:48:20.637340,210,0,0,0,0,0
2026-08-13T03:48:20.637340,208,0,0,0,0,0
2026-08-13T03:48:20.638372,208,0,0,0,0,0
2026-08-13T03:48:20.641376,208,0,0,0,0,0
2026-08-13T03:48:20.642364,208,0,0,0,0,0
2026-08-13T03:48:20.642364,207,0,0,0,0,0
2026-08-13T03:48:20.643880,206,0,0,0,0,0
2026-08-13T03:48:20.644896,207,0,0,0,0,0
2026-08-13T03:48:20.645892,206,0,0,0,0,0
2026-08-13T03:48:20.645892,208,0,0,0,0,0
2026-08-13T03:48:20.648915,210,0,0,0,0,0
2026-08-13T03:48:20.649900,210,0,0,0,0,0
2026-08-13T03:48:20.650901,211,0,0,0,0,0
2026-08-13T03:48:20.650901,210,0,0,0,0,0
2026-08-13T03:48:20.653730,210,0,0,0,0,0
2026-08-13T03:48:20.653730,209,0,0,0,0,0
2026-08-13T03:48:20.654833,210,0,0,0,0,0
2026-08-13T03:48:20.657824,209,0,0,0,0,0
2026-08-13T03:48:20.658824,209,0,0,0,0,0
2026-08-13T03:48:20.658824,209,0,0,0,0,0
2026-08-13T03:48:20.661837,208,0,0,0,0,0
2026-08-13T03:48:20.661837,208,0,0,0,0,0
2026-08-13T03:48:20.662843,207,0,0,0,0,0
2026-08-13T03:48:20.663824,205,0,0,0,0,0
2026-08-13T03:48:20.666006,207,0,0,0,0,0
2026-08-13T03:48:20.666006,206,0,0,0,0,0
2026-08-13T03:48:20.667015,208,0,0,0,0,0
2026-08-13T03:48:20.670036,210,0,0,0,0,0
2026-08-13T03:48:20.670036,210,0,0,0,0,0
2026-08-13T03:48:20.671037,211,0,0,0,0,0
2026-08-13T03:48:20.671037,211,0,0,0,0,0
2026-08-13T03:48:20.674038,210,0,0,0,0,0
2026-08-13T03:48:20.674038,209,0,0,0,0,0
2026-08-13T03:48:20.675087,209,0,0,0,0,0
2026-08-13T03:48:20.678188,209,0,0,0,0,0
2026-08-13T03:48:20.678188,208,0,0,0,0,0
2026-08-13T03:48:20.679199,208,0,0,0,0,0
2026-08-13T03:48:20.679199,207,0,0,0,0,0
2026-08-13T03:48:20.681754,208,0,0,0,0,0
2026-08-13T03:48:20.682748,207,0,0,0,0,0
2026-08-13T03:48:20.682748,206,0,0,0,0,0
2026-08-13T03:48:20.685926,206,0,0,0,0,0
2026-08-13T03:48:20.686923,206,0,0,0,0,0
2026-08-13T03:48:20.686923,208,0,0,0,0,0
2026-08-13T03:48:20.687923,210,0,0,0,0,0
2026-08-13T03:48:20.690356,210,0,0,0,0,0
2026-08-13T03:48:20.691375,211,0,0,0,0,0
2026-08-13T03:48:20.691375,210,0,0,0,0,0
2026-08-13T03:48:20.693887,209,0,0,0,0,0
2026-08-13T03:48:20.694897,209,0,0,0,0,0
2026-08-13T03:48:20.695897,207,0,0,0,0,0
2026-08-13T03:48:20.698759,208,0,0,0,0,0
2026-08-13T03:48:20.698759,208,0,0,0,0,0
2026-08-13T03:48:20.698759,209,0,0,0,0,0
2026-08-13T03:48:20.699895,207,0,0,0,0,0
2026-08-13T03:48:20.702892,208,0,0,0,0,0
2026-08-13T03:48:20.702892,207,0,0,0,0,0
2026-08-13T03:48:20.702892,207,0,0,0,0,0
2026-08-13T03:48:20.706089,207,0,0,0,0,0
2026-08-13T03:48:20.707109,208,0,0,0,0,0
2026-08-13T03:48:20.708113,212,0,0,0,0,0
2026-08-13T03:48:20.709107,212,0,0,0,0,0
2026-08-13T03:48:20.711125,213,0,0,0,0,0
2026-08-13T03:48:20.711125,213,0,0,0,0,0
2026-08-13T03:48:20.712112,213,0,0,0,0,0
2026-08-13T03:48:20.714628,212,0,0,0,0,0
2026-08-13T03:48:20.715633,211,0,0,0,0,0
2026-08-13T03:48:20.715633,211,0,0,0,0,0
2026-08-13T03:48:20.716632,211,0,0,0,0,0
2026-08-13T03:48:20.719268,209,0,0,0,0,0
2026-08-13T03:48:20.719268,210,0,0,0,0,0
2026-08-13T03:48:20.720283,210,0,0,0,0,0
2026-08-13T03:48:20.722294,208,0,0,0,0,0
2026-08-13T03:48:20.723802,207,0,0,0,0,0
2026-08-13T03:48:20.723802,209,0,0,0,0,0
2026-08-13T03:48:20.726971,207,0,0,0,0,0
2026-08-13T03:48:20.727970,207,0,0,0,0,0
2026-08-13T03:48:20.727970,210,0,0,0,0,0
2026-08-13T03:48:20.728969,210,0,0,0,0,0
2026-08-13T03:48:20.730983,211,0,0,0,0,0
2026-08-13T03:48:20.731968,211,0,0,0,0,0
2026-08-13T03:48:20.731968,211,0,0,0,0,0
2026-08-13T03:48:20.735533,209,0,0,0,0,0
2026-08-13T03:48:20.735533,209,0,0,0,0,0
2026-08-13T03:48:20.736517,210,0,0,0,0,0
2026-08-13T03:48:20.736517,209,0,0,0,0,0
2026-08-13T03:48:20.739730,208,0,0,0,0,0
2026-08-13T03:48:20.739730,208,0,0,0,0,0
2026-08-13T03:48:20.740825,208,0,0,0,0,0
2026-08-13T03:48:20.743848,206,0,0,0,0,0
2026-08-13T03:48:20.744357,206,0,0,0,0,0
2026-08-13T03:48:20.744357,206,0,0,0,0,0
2026-08-13T03:48:20.745367,207,0,0,0,0,0
2026-08-13T03:48:20.747941,208,0,0,0,0,0
2026-08-13T03:48:20.747941,210,0,0,0,0,0
2026-08-13T03:48:20.748959,211,0,0,0,0,0
2026-08-13T03:48:20.752133,211,0,0,0,0,0
2026-08-13T03:48:20.752133,212,0,0,0,0,0
2026-08-13T03:48:20.752133,211,0,0,0,0,0
2026-08-13T03:48:20.753644,209,0,0,0,0,0
2026-08-13T03:48:20.755675,209,0,0,0,0,0
2026-08-13T03:48:20.756670,210,0,0,0,0,0
2026-08-13T03:48:20.757659,208,0,0,0,0,0
2026-08-13T03:48:20.759657,207,0,0,0,0,0
2026-08-13T03:48:20.760659,207,0,0,0,0,0
2026-08-13T03:48:20.761659,207,0,0,0,0,0
2026-08-13T03:48:20.764207,206,0,0,0,0,0
2026-08-13T03:48:20.764207,206,0,0,0,0,0
2026-08-13T03:48:20.765204,206,0,0,0,0,0
2026-08-13T03:48:20.765204,206,0,0,0,0,0
2026-08-13T03:48:20.768257,209,0,0,0,0,0
2026-08-13T03:48:20.768257,210,0,0,0,0,0
2026-08-13T03:48:20.769254,210,0,0,0,0,0
2026-08-13T03:48:20.772266,211,0,0,0,0,0
2026-08-13T03:48:20.772266,211,0,0,0,0,0
2026-08-13T03:48:20.773776,210,0,0,0,0,0
2026-08-13T03:48:20.774802,208,0,0,0,0,0
2026-08-13T03:48:20.775789,207,0,0,0,0,0
2026-08-13T03:48:20.776797,206,0,0,0,0,0
2026-08-13T03:48:20.776797,205,0,0,0,0,0
2026-08-13T03:48:20.780741,204,0,0,0,0,0
2026-08-13T03:48:20.781267,203,0,0,0,0,0
2026-08-13T03:48:20.781267,202,0,0,0,0,0
2026-08-13T03:48:20.782284,201,0,0,0,0,0
2026-08-13T03:48:20.784615,200,0,0,0,0,0
2026-08-13T03:48:20.784615,200,0,0,0,0,0
2026-08-13T03:48:20.785969,200,0,0,0,0,0
2026-08-13T03:48:20.788892,202,0,0,0,0,0
2026-08-13T03:48:20.788892,203,0,0,0,0,0
2026-08-13T03:48:20.789929,202,0,0,0,0,0
2026-08-13T03:48:20.792992,202,0,0,0,0,0
2026-08-13T03:48:20.794018,202,0,0,0,0,0
2026-08-13T03:48:20.794018,201,0,0,0,0,0
2026-08-13T03:48:20.795040,199,0,0,0,0,0
2026-08-13T03:48:20.797090,200,0,0,0,0,0
2026-08-13T03:48:20.797090,199,0,0,0,0,0
2026-08-13T03:48:20.798108,199,0,0,0,0,0
2026-08-13T03:48:20.801119,199,0,0,0,0,0
2026-08-13T03:48:20.802119,198,0,0,0,0,0
2026-08-13T03:48:20.802119,197,0,0,0,0,0
2026-08-13T03:48:20.803647,196,0,0,0,0,0
2026-08-13T03:48:20.804670,196,0,0,0,0,0
2026-08-13T03:48:20.805669,196,0,0,0,0,0
2026-08-13T03:48:20.805669,195,0,0,0,0,0
2026-08-13T03:48:20.808685,199,0,0,0,0,0
2026-08-13T03:48:20.809668,200,0,0,0,0,0
2026-08-13T03:48:20.810669,200,0,0,0,0,0
2026-08-13T03:48:20.810669,200,0,0,0,0,0
2026-08-13T03:48:20.812687,200,0,0,0,0,0
2026-08-13T03:48:20.813666,199,0,0,0,0,0
2026-08-13T03:48:20.813666,198,0,0,0,0,0
2026-08-13T03:48:20.816811,200,0,0,0,0,0
2026-08-13T03:48:20.817811,199,0,0,0,0,0
2026-08-13T03:48:20.818812,199,0,0,0,0,0
2026-08-13T03:48:20.818812,200,0,0,0,0,0
2026-08-13T03:48:20.820812,199,0,0,0,0,0
2026-08-13T03:48:20.821811,198,0,0,0,0,0
2026-08-13T03:48:20.822812,197,0,0,0,0,0
2026-08-13T03:48:20.825330,197,0,0,0,0,0
2026-08-13T03:48:20.826328,195,0,0,0,0,0
2026-08-13T03:48:20.826328,198,0,0,0,0,0
2026-08-13T03:48:20.829841,200,0,0,0,0,0
2026-08-13T03:48:20.829841,199,0,0,0,0,0
2026-08-13T03:48:20.830871,199,0,0,0,0,0
2026-08-13T03:48:20.831856,199,0,0,0,0,0
2026-08-13T03:48:20.833857,200,0,0,0,0,0
2026-08-13T03:48:20.833857,197,0,0,0,0,0
2026-08-13T03:48:20.834944,196,0,0,0,0,0
2026-08-13T03:48:20.838041,195,0,0,0,0,0
2026-08-13T03:48:20.838041,194,0,0,0,0,0
2026-08-13T03:48:20.839058,194,0,0,0,0,0
2026-08-13T03:48:20.839058,193,0,0,0,0,0
2026-08-13T03:48:20.842075,192,0,0,0,0,0
2026-08-13T03:48:20.842075,191,0,0,0,0,0
2026-08-13T03:48:20.842075,192,0,0,0,0,0
2026-08-13T03:48:20.845600,191,0,0,0,0,0
2026-08-13T03:48:20.846597,192,0,0,0,0,0
2026-08-13T03:48:20.846597,193,0,0,0,0,0
2026-08-13T03:48:20.847597,195,0,0,0,0,0
2026-08-13T03:48:20.849613,196,0,0,0,0,0
2026-08-13T03:48:20.850598,196,0,0,0,0,0
2026-08-13T03:48:20.850598,196,0,0,0,0,0
2026-08-13T03:48:20.854105,195,0,0,0,0,0
2026-08-13T03:48:20.855114,193,0,0,0,0,0
2026-08-13T03:48:20.855114,193,0,0,0,0,0
2026-08-13T03:48:20.856123,194,0,0,0,0,0
2026-08-13T03:48:20.858123,192,0,0,0,0,0
2026-08-13T03:48:20.859122,192,0,0,0,0,0
2026-08-13T03:48:20.859122,191,0,0,0,0,0
2026-08-13T03:48:20.862602,191,0,0,0,0,0
2026-08-13T03:48:20.862602,190,0,0,0,0,0
2026-08-13T03:48:20.863609,190,0,0,0,0,0
2026-08-13T03:48:20.866631,190,0,0,0,0,0
2026-08-13T03:48:20.866631,190,0,0,0,0,0
2026-08-13T03:48:20.867618,193,0,0,0,0,0
2026-08-13T03:48:20.868621,194,0,0,0,0,0
2026-08-13T03:48:20.870818,194,0,0,0,0,0
2026-08-13T03:48:20.870818,195,0,0,0,0,0
2026-08-13T03:48:20.871862,195,0,0,0,0,0
2026-08-13T03:48:20.874571,194,0,0,0,0,0
2026-08-13T03:48:20.875583,193,0,0,0,0,0
2026-08-13T03:48:20.875583,193,0,0,0,0,0
2026-08-13T03:48:20.876582,193,0,0,0,0,0
2026-08-13T03:48:20.878592,191,0,0,0,0,0
2026-08-13T03:48:20.879591,193,0,0,0,0,0
2026-08-13T03:48:20.879591,191,0,0,0,0,0
2026-08-13T03:48:20.882134,191,0,0,0,0,0
2026-08-13T03:48:20.883659,190,0,0,0,0,0
2026-08-13T03:48:20.883659,190,0,0,0,0,0
2026-08-13T03:48:20.884676,190,0,0,0,0,0
2026-08-13T03:48:20.886691,190,0,0,0,0,0
2026-08-13T03:48:20.887688,193,0,0,0,0,0
2026-08-13T03:48:20.887688,194,0,0,0,0,0
2026-08-13T03:48:20.890677,194,0,0,0,0,0
2026-08-13T03:48:20.891679,194,0,0,0,0,0
2026-08-13T03:48:20.892681,193,0,0,0,0,0
2026-08-13T03:48:20.895211,193,0,0,0,0,0
2026-08-13T03:48:20.896225,191,0,0,0,0,0
2026-08-13T03:48:20.896225,193,0,0,0,0,0
2026-08-13T03:48:20.897227,192,0,0,0,0,0
2026-08-13T03:48:20.899234,192,0,0,0,0,0
2026-08-13T03:48:20.900234,192,0,0,0,0,0
2026-08-13T03:48:20.900234,191,0,0,0,0,0
2026-08-13T03:48:20.902237,190,0,0,0,0,0
2026-08-13T03:48:20.903762,189,0,0,0,0,0
2026-08-13T03:48:20.904779,190,0,0,0,0,0
2026-08-13T03:48:20.904779,189,0,0,0,0,0
2026-08-13T03:48:20.907781,190,0,0,0,0,0
2026-08-13T03:48:20.908782,192,0,0,0,0,0
2026-08-13T03:48:20.908782,193,0,0,0,0,0
2026-08-13T03:48:20.911782,193,0,0,0,0,0
2026-08-13T03:48:20.911782,194,0,0,0,0,0
2026-08-13T03:48:20.912782,194,0,0,0,0,0
2026-08-13T03:48:20.913783,192,0,0,0,0,0
2026-08-13T03:48:20.915624,191,0,0,0,0,0
2026-08-13T03:48:20.916232,192,0,0,0,0,0
2026-08-13T03:48:20.916232,192,0,0,0,0,0
2026-08-13T03:48:20.919255,191,0,0,0,0,0
2026-08-13T03:48:20.920254,191,0,0,0,0,0
2026-08-13T03:48:20.921244,189,0,0,0,0,0
2026-08-13T03:48:20.921244,189,0,0,0,0,0
2026-08-13T03:48:20.923764,188,0,0,0,0,0
2026-08-13T03:48:20.924786,189,0,0,0,0,0
2026-08-13T03:48:20.924786,188,0,0,0,0,0
2026-08-13T03:48:20.927793,190,0,0,0,0,0
2026-08-13T03:48:20.928795,192,0,0,0,0,0
2026-08-13T03:48:20.928795,192,0,0,0,0,0
2026-08-13T03:48:20.930826,193,0,0,0,0,0
2026-08-13T03:48:20.932474,193,0,0,0,0,0
2026-08-13T03:48:20.932474,192,0,0,0,0,0
2026-08-13T03:48:20.932474,191,0,0,0,0,0
2026-08-13T03:48:20.936400,191,0,0,0,0,0
2026-08-13T03:48:20.936400,192,0,0,0,0,0
2026-08-13T03:48:20.936400,191,0,0,0,0,0
2026-08-13T03:48:20.939786,190,0,0,0,0,0
2026-08-13T03:48:20.940805,190,0,0,0,0,0
2026-08-13T03:48:20.940805,189,0,0,0,0,0
2026-08-13T03:48:20.941806,189,0,0,0,0,0
2026-08-13T03:48:20.944547,188,0,0,0,0,0
2026-08-13T03:48:20.945058,188,0,0,0,0,0
2026-08-13T03:48:20.946066,189,0,0,0,0,0
2026-08-13T03:48:20.948067,191,0,0,0,0,0
2026-08-13T03:48:20.949214,194,0,0,0,0,0
2026-08-13T03:48:20.949214,194,0,0,0,0,0
2026-08-13T03:48:20.950228,194,0,0,0,0,0
2026-08-13T03:48:20.952731,194,0,0,0,0,0
2026-08-13T03:48:20.952731,194,0,0,0,0,0
2026-08-13T03:48:20.953737,193,0,0,0,0,0
2026-08-13T03:48:20.956588,193,0,0,0,0,0
2026-08-13T03:48:20.956588,192,0,0,0,0,0
2026-08-13T03:48:20.957576,192,0,0,0,0,0
2026-08-13T03:48:20.960589,191,0,0,0,0,0
2026-08-13T03:48:20.961574,190,0,0,0,0,0
2026-08-13T03:48:20.961574,190,0,0,0,0,0
2026-08-13T03:48:20.961574,189,0,0,0,0,0
2026-08-13T03:48:20.964727,189,0,0,0,0,0
2026-08-13T03:48:20.964727,190,0,0,0,0,0
2026-08-13T03:48:20.965714,190,0,0,0,0,0
2026-08-13T03:48:20.968726,192,0,0,0,0,0
2026-08-13T03:48:20.969713,194,0,0,0,0,0
2026-08-13T03:48:20.969713,194,0,0,0,0,0
2026-08-13T03:48:20.970717,196,0,0,0,0,0
2026-08-13T03:48:20.972715,196,0,0,0,0,0
2026-08-13T03:48:20.974234,194,0,0,0,0,0
2026-08-13T03:48:20.975246,193,0,0,0,0,0
2026-08-13T03:48:20.977257,194,0,0,0,0,0
2026-08-13T03:48:20.977257,193,0,0,0,0,0
2026-08-13T03:48:20.978258,193,0,0,0,0,0
2026-08-13T03:48:20.978258,194,0,0,0,0,0
2026-08-13T03:48:20.981098,193,0,0,0,0,0
2026-08-13T03:48:20.981098,194,0,0,0,0,0
2026-08-13T03:48:20.982161,193,0,0,0,0,0
2026-08-13T03:48:20.984749,194,0,0,0,0,0
2026-08-13T03:48:20.985774,194,0,0,0,0,0
2026-08-13T03:48:20.985774,194,0,0,0,0,0
2026-08-13T03:48:20.985774,197,0,0,0,0,0
2026-08-13T03:48:20.988748,197,0,0,0,0,0
2026-08-13T03:48:20.990223,199,0,0,0,0,0
2026-08-13T03:48:20.990223,199,0,0,0,0,0
2026-08-13T03:48:20.993580,199,0,0,0,0,0
2026-08-13T03:48:20.994086,197,0,0,0,0,0
2026-08-13T03:48:20.994086,196,0,0,0,0,0
2026-08-13T03:48:20.997201,197,0,0,0,0,0
2026-08-13T03:48:20.998218,197,0,0,0,0,0
2026-08-13T03:48:20.998218,196,0,0,0,0,0
2026-08-13T03:48:20.999219,196,0,0,0,0,0
2026-08-13T03:48:21.001806,195,0,0,0,0,0
2026-08-13T03:48:21.001806,194,0,0,0,0,0
2026-08-13T03:48:21.001806,193,0,0,0,0,0
2026-08-13T03:48:21.005297,194,0,0,0,0,0
2026-08-13T03:48:21.006321,193,0,0,0,0,0
2026-08-13T03:48:21.006321,195,0,0,0,0,0
2026-08-13T03:48:21.006321,197,0,0,0,0,0
2026-08-13T03:48:21.009435,198,0,0,0,0,0
2026-08-13T03:48:21.010438,197,0,0,0,0,0
2026-08-13T03:48:21.010438,198,0,0,0,0,0
2026-08-13T03:48:21.013821,198,0,0,0,0,0
2026-08-13T03:48:21.013821,197,0,0,0,0,0
2026-08-13T03:48:21.014840,196,0,0,0,0,0
2026-08-13T03:48:21.014840,198,0,0,0,0,0
2026-08-13T03:48:21.018283,196,0,0,0,0,0
2026-08-13T03:48:21.018283,196,0,0,0,0,0
2026-08-13T03:48:21.018283,196,0,0,0,0,0
2026-08-13T03:48:21.021890,195,0,0,0,0,0
2026-08-13T03:48:21.021890,194,0,0,0,0,0
2026-08-13T03:48:21.022848,193,0,0,0,0,0
2026-08-13T03:48:21.025869,194,0,0,0,0,0
2026-08-13T03:48:21.026876,194,0,0,0,0,0
2026-08-13T03:48:21.026876,196,0,0,0,0,0
2026-08-13T03:48:21.026876,198,0,0,0,0,0
2026-08-13T03:48:21.029273,198,0,0,0,0,0
2026-08-13T03:48:21.030623,199,0,0,0,0,0
2026-08-13T03:48:21.030623,198,0,0,0,0,0
2026-08-13T03:48:21.035162,198,0,0,0,0,0
2026-08-13T03:48:21.035162,197,0,0,0,0,0
2026-08-13T03:48:21.036174,197,0,0,0,0,0
2026-08-13T03:48:21.036174,197,0,0,0,0,0
2026-08-13T03:48:21.037719,196,0,0,0,0,0
2026-08-13T03:48:21.039131,196,0,0,0,0,0
2026-08-13T03:48:21.039131,195,0,0,0,0,0
2026-08-13T03:48:21.042760,195,0,0,0,0,0
2026-08-13T03:48:21.042760,194,0,0,0,0,0
2026-08-13T03:48:21.042760,194,0,0,0,0,0
2026-08-13T03:48:21.042760,194,0,0,0,0,0
2026-08-13T03:48:21.046947,194,0,0,0,0,0
2026-08-13T03:48:21.046947,196,0,0,0,0,0
2026-08-13T03:48:21.046947,198,0,0,0,0,0
2026-08-13T03:48:21.050471,198,0,0,0,0,0
2026-08-13T03:48:21.051476,199,0,0,0,0,0
2026-08-13T03:48:21.051476,198,0,0,0,0,0
2026-08-13T03:48:21.051476,198,0,0,0,0,0
2026-08-13T03:48:21.055133,195,0,0,0,0,0
2026-08-13T03:48:21.055133,196,0,0,0,0,0
2026-08-13T03:48:21.055133,196,0,0,0,0,0
2026-08-13T03:48:21.058469,195,0,0,0,0,0
2026-08-13T03:48:21.059471,197,0,0,0,0,0
2026-08-13T03:48:21.059471,195,0,0,0,0,0
2026-08-13T03:48:21.063051,195,0,0,0,0,0
2026-08-13T03:48:21.063554,194,0,0,0,0,0
2026-08-13T03:48:21.063554,194,0,0,0,0,0
2026-08-13T03:48:21.063554,194,0,0,0,0,0
2026-08-13T03:48:21.067063,195,0,0,0,0,0
2026-08-13T03:48:21.067063,197,0,0,0,0,0
2026-08-13T03:48:21.067063,198,0,0,0,0,0
2026-08-13T03:48:21.070963,198,0,0,0,0,0
2026-08-13T03:48:21.070963,199,0,0,0,0,0
2026-08-13T03:48:21.072466,197,0,0,0,0,0
2026-08-13T03:48:21.072466,197,0,0,0,0,0
2026-08-13T03:48:21.075672,196,0,0,0,0,0
2026-08-13T03:48:21.075672,196,0,0,0,0,0
2026-08-13T03:48:21.076196,196,0,0,0,0,0
2026-08-13T03:48:21.078465,195,0,0,0,0,0
2026-08-13T03:48:21.079953,196,0,0,0,0,0
2026-08-13T03:48:21.079953,196,0,0,0,0,0
2026-08-13T03:48:21.079953,194,0,0,0,0,0
2026-08-13T03:48:21.083765,194,0,0,0,0,0
2026-08-13T03:48:21.083765,194,0,0,0,0,0
2026-08-13T03:48:21.083765,194,0,0,0,0,0
2026-08-13T03:48:21.087244,194,0,0,0,0,0
2026-08-13T03:48:21.087244,197,0,0,0,0,0
2026-08-13T03:48:21.088576,196,0,0,0,0,0
2026-08-13T03:48:21.088576,198,0,0,0,0,0
2026-08-13T03:48:21.091993,198,0,0,0,0,0
2026-08-13T03:48:21.092993,198,0,0,0,0,0
2026-08-13T03:48:21.092993,197,0,0,0,0,0
2026-08-13T03:48:21.095525,196,0,0,0,0,0
2026-08-13T03:48:21.097978,197,0,0,0,0,0
2026-08-13T03:48:21.097978,197,0,0,0,0,0
2026-08-13T03:48:21.099974,196,0,0,0,0,0
2026-08-13T03:48:21.099974,196,0,0,0,0,0
2026-08-13T03:48:21.099974,195,0,0,0,0,0
2026-08-13T03:48:21.101023,194,0,0,0,0,0
2026-08-13T03:48:21.104297,194,0,0,0,0,0
2026-08-13T03:48:21.104297,194,0,0,0,0,0
2026-08-13T03:48:21.104297,193,0,0,0,0,0
2026-08-13T03:48:21.107804,195,0,0,0,0,0
2026-08-13T03:48:21.107804,198,0,0,0,0,0
2026-08-13T03:48:21.108820,198,0,0,0,0,0
2026-08-13T03:48:21.108820,199,0,0,0,0,0
2026-08-13T03:48:21.111915,198,0,0,0,0,0
2026-08-13T03:48:21.111915,197,0,0,0,0,0
2026-08-13T03:48:21.113368,195,0,0,0,0,0
2026-08-13T03:48:21.116322,195,0,0,0,0,0
2026-08-13T03:48:21.116322,196,0,0,0,0,0
2026-08-13T03:48:21.116322,195,0,0,0,0,0
2026-08-13T03:48:21.117711,194,0,0,0,0,0
2026-08-13T03:48:21.119715,193,0,0,0,0,0
2026-08-13T03:48:21.119715,192,0,0,0,0,0
2026-08-13T03:48:21.121206,191,0,0,0,0,0
2026-08-13T03:48:21.123882,191,0,0,0,0,0
2026-08-13T03:48:21.124892,191,0,0,0,0,0
2026-08-13T03:48:21.124892,191,0,0,0,0,0
2026-08-13T03:48:21.127942,192,0,0,0,0,0
2026-08-13T03:48:21.129318,194,0,0,0,0,0
2026-08-13T03:48:21.129318,194,0,0,0,0,0
2026-08-13T03:48:21.129318,194,0,0,0,0,0
2026-08-13T03:48:21.132540,193,0,0,0,0,0
2026-08-13T03:48:21.132540,193,0,0,0,0,0
2026-08-13T03:48:21.133536,191,0,0,0,0,0
2026-08-13T03:48:21.137060,191,0,0,0,0,0
2026-08-13T03:48:21.137060,191,0,0,0,0,0
2026-08-13T03:48:21.137060,190,0,0,0,0,0
2026-08-13T03:48:21.138047,190,0,0,0,0,0
2026-08-13T03:48:21.140770,190,0,0,0,0,0
2026-08-13T03:48:21.140770,190,0,0,0,0,0
2026-08-13T03:48:21.140770,188,0,0,0,0,0
2026-08-13T03:48:21.144476,189,0,0,0,0,0
2026-08-13T03:48:21.145476,189,0,0,0,0,0
2026-08-13T03:48:21.145476,190,0,0,0,0,0
2026-08-13T03:48:21.145476,192,0,0,0,0,0
2026-08-13T03:48:21.148749,194,0,0,0,0,0
2026-08-13T03:48:21.148749,194,0,0,0,0,0
2026-08-13T03:48:21.150200,195,0,0,0,0,0
2026-08-13T03:48:21.152221,195,0,0,0,0,0
2026-08-13T03:48:21.153728,194,0,0,0,0,0
2026-08-13T03:48:21.153728,192,0,0,0,0,0
2026-08-13T03:48:21.153728,193,0,0,0,0,0
2026-08-13T03:48:21.157231,193,0,0,0,0,0
2026-08-13T03:48:21.157231,192,0,0,0,0,0
2026-08-13T03:48:21.158233,192,0,0,0,0,0
2026-08-13T03:48:21.161335,191,0,0,0,0,0
2026-08-13T03:48:21.162672,191,0,0,0,0,0
2026-08-13T03:48:21.162672,190,0,0,0,0,0
2026-08-13T03:48:21.164965,190,0,0,0,0,0
2026-08-13T03:48:21.166084,190,0,0,0,0,0
2026-08-13T03:48:21.166084,190,0,0,0,0,0
2026-08-13T03:48:21.166084,193,0,0,0,0,0
2026-08-13T03:48:21.169256,194,0,0,0,0,0
2026-08-13T03:48:21.169256,195,0,0,0,0,0
2026-08-13T03:48:21.170535,195,0,0,0,0,0
2026-08-13T03:48:21.173551,195,0,0,0,0,0
2026-08-13T03:48:21.173551,194,0,0,0,0,0
2026-08-13T03:48:21.175019,193,0,0,0,0,0
2026-08-13T03:48:21.175019,194,0,0,0,0,0
2026-08-13T03:48:21.177025,193,0,0,0,0,0
2026-08-13T03:48:21.178259,193,0,0,0,0,0
2026-08-13T03:48:21.178259,193,0,0,0,0,0
2026-08-13T03:48:21.181820,192,0,0,0,0,0
2026-08-13T03:48:21.181820,192,0,0,0,0,0
2026-08-13T03:48:21.182819,191,0,0,0,0,0
2026-08-13T03:48:21.182819,191,0,0,0,0,0
2026-08-13T03:48:21.185337,191,0,0,0,0,0
2026-08-13T03:48:21.185337,193,0,0,0,0,0
2026-08-13T03:48:21.186714,195,0,0,0,0,0
2026-08-13T03:48:21.189728,196,0,0,0,0,0
2026-08-13T03:48:21.190734,196,0,0,0,0,0
2026-08-13T03:48:21.190734,195,0,0,0,0,0
2026-08-13T03:48:21.194243,193,0,0,0,0,0
2026-08-13T03:48:21.194243,191,0,0,0,0,0
2026-08-13T03:48:21.194243,190,0,0,0,0,0
2026-08-13T03:48:21.195251,189,0,0,0,0,0
2026-08-13T03:48:21.198263,187,0,0,0,0,0
2026-08-13T03:48:21.198263,187,0,0,0,0,0
2026-08-13T03:48:21.198263,185,0,0,0,0,0
2026-08-13T03:48:21.202258,184,0,0,0,0,0
2026-08-13T03:48:21.202258,184,0,0,0,0,0
2026-08-13T03:48:21.202258,182,0,0,0,0,0
2026-08-13T03:48:21.202258,183,0,0,0,0,0
2026-08-13T03:48:21.205775,183,0,0,0,0,0
2026-08-13T03:48:21.206782,186,0,0,0,0,0
2026-08-13T03:48:21.206782,188,0,0,0,0,0
2026-08-13T03:48:21.210780,187,0,0,0,0,0
2026-08-13T03:48:21.210780,188,0,0,0,0,0
2026-08-13T03:48:21.210780,188,0,0,0,0,0
2026-08-13T03:48:21.210780,188,0,0,0,0,0
2026-08-13T03:48:21.214336,185,0,0,0,0,0
2026-08-13T03:48:21.215332,185,0,0,0,0,0
2026-08-13T03:48:21.215332,184,0,0,0,0,0
2026-08-13T03:48:21.218330,182,0,0,0,0,0
2026-08-13T03:48:21.219331,182,0,0,0,0,0
2026-08-13T03:48:21.219331,179,0,0,0,0,0
2026-08-13T03:48:21.219331,179,0,0,0,0,0
2026-08-13T03:48:21.222467,177,0,0,0,0,0
2026-08-13T03:48:21.222467,176,0,0,0,0,0
2026-08-13T03:48:21.223981,175,0,0,0,0,0
2026-08-13T03:48:21.227004,174,0,0,0,0,0
2026-08-13T03:48:21.227004,176,0,0,0,0,0
2026-08-13T03:48:21.227004,177,0,0,0,0,0
2026-08-13T03:48:21.231018,177,0,0,0,0,0
2026-08-13T03:48:21.231018,177,0,0,0,0,0
2026-08-13T03:48:21.232002,176,0,0,0,0,0
2026-08-13T03:48:21.232002,175,0,0,0,0,0
2026-08-13T03:48:21.234580,173,0,0,0,0,0
2026-08-13T03:48:21.235567,172,0,0,0,0,0
2026-08-13T03:48:21.235567,171,0,0,0,0,0
2026-08-13T03:48:21.238574,170,0,0,0,0,0
2026-08-13T03:48:21.239575,169,0,0,0,0,0
2026-08-13T03:48:21.239575,168,0,0,0,0,0
2026-08-13T03:48:21.240573,168,0,0,0,0,0
2026-08-13T03:48:21.243595,166,0,0,0,0,0
2026-08-13T03:48:21.243595,166,0,0,0,0,0
2026-08-13T03:48:21.243595,166,0,0,0,0,0
2026-08-13T03:48:21.247110,165,0,0,0,0,0
2026-08-13T03:48:21.248111,168,0,0,0,0,0
2026-08-13T03:48:21.248111,168,0,0,0,0,0
2026-08-13T03:48:21.249096,168,0,0,0,0,0
2026-08-13T03:48:21.251097,169,0,0,0,0,0
2026-08-13T03:48:21.252097,167,0,0,0,0,0
2026-08-13T03:48:21.252097,166,0,0,0,0,0
2026-08-13T03:48:21.255614,165,0,0,0,0,0
2026-08-13T03:48:21.255614,165,0,0,0,0,0
2026-08-13T03:48:21.256627,164,0,0,0,0,0
2026-08-13T03:48:21.259623,164,0,0,0,0,0
2026-08-13T03:48:21.259623,164,0,0,0,0,0
2026-08-13T03:48:21.260622,164,0,0,0,0,0
2026-08-13T03:48:21.260622,163,0,0,0,0,0
2026-08-13T03:48:21.263623,162,0,0,0,0,0
2026-08-13T03:48:21.264130,163,0,0,0,0,0
2026-08-13T03:48:21.264130,161,0,0,0,0,0
2026-08-13T03:48:21.268217,163,0,0,0,0,0
2026-08-13T03:48:21.268217,165,0,0,0,0,0
2026-08-13T03:48:21.268217,165,0,0,0,0,0
2026-08-13T03:48:21.268217,165,0,0,0,0,0
2026-08-13T03:48:21.272229,165,0,0,0,0,0
2026-08-13T03:48:21.272229,165,0,0,0,0,0
2026-08-13T03:48:21.272229,164,0,0,0,0,0
2026-08-13T03:48:21.275783,162,0,0,0,0,0
2026-08-13T03:48:21.275783,163,0,0,0,0,0
2026-08-13T03:48:21.276792,163,0,0,0,0,0
2026-08-13T03:48:21.276792,162,0,0,0,0,0
2026-08-13T03:48:21.279792,162,0,0,0,0,0
2026-08-13T03:48:21.280792,161,0,0,0,0,0
2026-08-13T03:48:21.280792,160,0,0,0,0,0
2026-08-13T03:48:21.284654,160,0,0,0,0,0
2026-08-13T03:48:21.284654,160,0,0,0,0,0
2026-08-13T03:48:21.284654,159,0,0,0,0,0
2026-08-13T03:48:21.285630,161,0,0,0,0,0
2026-08-13T03:48:21.288652,162,0,0,0,0,0
2026-08-13T03:48:21.288652,163,0,0,0,0,0
2026-08-13T03:48:21.288652,164,0,0,0,0,0
2026-08-13T03:48:21.292652,164,0,0,0,0,0
2026-08-13T03:48:21.292652,165,0,0,0,0,0
2026-08-13T03:48:21.292652,164,0,0,0,0,0
2026-08-13T03:48:21.296179,164,0,0,0,0,0
2026-08-13T03:48:21.297180,166,0,0,0,0,0
2026-08-13T03:48:21.297180,164,0,0,0,0,0
2026-08-13T03:48:21.297180,165,0,0,0,0,0
2026-08-13T03:48:21.300170,163,0,0,0,0,0
2026-08-13T03:48:21.301167,163,0,0,0,0,0
2026-08-13T03:48:21.301167,162,0,0,0,0,0
2026-08-13T03:48:21.304683,162,0,0,0,0,0
2026-08-13T03:48:21.304683,163,0,0,0,0,0
2026-08-13T03:48:21.305681,162,0,0,0,0,0
2026-08-13T03:48:21.305681,164,0,0,0,0,0
2026-08-13T03:48:21.308688,167,0,0,0,0,0
2026-08-13T03:48:21.308688,168,0,0,0,0,0
2026-08-13T03:48:21.309688,169,0,0,0,0,0
2026-08-13T03:48:21.312689,169,0,0,0,0,0
2026-08-13T03:48:21.312689,169,0,0,0,0,0
2026-08-13T03:48:21.313688,168,0,0,0,0,0
2026-08-13T03:48:21.313688,168,0,0,0,0,0
2026-08-13T03:48:21.317210,169,0,0,0,0,0
2026-08-13T03:48:21.317210,168,0,0,0,0,0
2026-08-13T03:48:21.317210,168,0,0,0,0,0
2026-08-13T03:48:21.321221,167,0,0,0,0,0
2026-08-13T03:48:21.321221,167,0,0,0,0,0
2026-08-13T03:48:21.321221,166,0,0,0,0,0
2026-08-13T03:48:21.322225,166,0,0,0,0,0
2026-08-13T03:48:21.324777,166,0,0,0,0,0
2026-08-13T03:48:21.325781,165,0,0,0,0,0
2026-08-13T03:48:21.325781,168,0,0,0,0,0
2026-08-13T03:48:21.329421,169,0,0,0,0,0
2026-08-13T03:48:21.329421,169,0,0,0,0,0
2026-08-13T03:48:21.329421,169,0,0,0,0,0
2026-08-13T03:48:21.332416,169,0,0,0,0,0
2026-08-13T03:48:21.333942,168,0,0,0,0,0
2026-08-13T03:48:21.333942,166,0,0,0,0,0
2026-08-13T03:48:21.334959,166,0,0,0,0,0
2026-08-13T03:48:21.336972,165,0,0,0,0,0
2026-08-13T03:48:21.337972,165,0,0,0,0,0
2026-08-13T03:48:21.337972,166,0,0,0,0,0
2026-08-13T03:48:21.340957,165,0,0,0,0,0
2026-08-13T03:48:21.341955,165,0,0,0,0,0
2026-08-13T03:48:21.341955,164,0,0,0,0,0
2026-08-13T03:48:21.341955,164,0,0,0,0,0
2026-08-13T03:48:21.345477,164,0,0,0,0,0
2026-08-13T03:48:21.345477,165,0,0,0,0,0
2026-08-13T03:48:21.346479,167,0,0,0,0,0
2026-08-13T03:48:21.349492,168,0,0,0,0,0
2026-08-13T03:48:21.350477,168,0,0,0,0,0
2026-08-13T03:48:21.350477,169,0,0,0,0,0
2026-08-13T03:48:21.350477,169,0,0,0,0,0
2026-08-13T03:48:21.354016,167,0,0,0,0,0
2026-08-13T03:48:21.354016,167,0,0,0,0,0
2026-08-13T03:48:21.354016,168,0,0,0,0,0
2026-08-13T03:48:21.358054,168,0,0,0,0,0
2026-08-13T03:48:21.358054,167,0,0,0,0,0
2026-08-13T03:48:21.358054,167,0,0,0,0,0
2026-08-13T03:48:21.362031,167,0,0,0,0,0
2026-08-13T03:48:21.362031,166,0,0,0,0,0
2026-08-13T03:48:21.362031,165,0,0,0,0,0
2026-08-13T03:48:21.363537,166,0,0,0,0,0
2026-08-13T03:48:21.365543,165,0,0,0,0,0
2026-08-13T03:48:21.366549,166,0,0,0,0,0
2026-08-13T03:48:21.366549,169,0,0,0,0,0
2026-08-13T03:48:21.370550,170,0,0,0,0,0
2026-08-13T03:48:21.370550,171,0,0,0,0,0
2026-08-13T03:48:21.370550,170,0,0,0,0,0
2026-08-13T03:48:21.371550,171,0,0,0,0,0
2026-08-13T03:48:21.374055,170,0,0,0,0,0
2026-08-13T03:48:21.375061,170,0,0,0,0,0
2026-08-13T03:48:21.375061,171,0,0,0,0,0
2026-08-13T03:48:21.378067,170,0,0,0,0,0
2026-08-13T03:48:21.379066,169,0,0,0,0,0
2026-08-13T03:48:21.379066,169,0,0,0,0,0
2026-08-13T03:48:21.379066,168,0,0,0,0,0
2026-08-13T03:48:21.382577,167,0,0,0,0,0
2026-08-13T03:48:21.382577,167,0,0,0,0,0
2026-08-13T03:48:21.382577,167,0,0,0,0,0
2026-08-13T03:48:21.386094,166,0,0,0,0,0
2026-08-13T03:48:21.387094,168,0,0,0,0,0
2026-08-13T03:48:21.387094,170,0,0,0,0,0
2026-08-13T03:48:21.387094,170,0,0,0,0,0
2026-08-13T03:48:21.390094,171,0,0,0,0,0
2026-08-13T03:48:21.391094,171,0,0,0,0,0
2026-08-13T03:48:21.391094,171,0,0,0,0,0
2026-08-13T03:48:21.394605,170,0,0,0,0,0
2026-08-13T03:48:21.394605,169,0,0,0,0,0
2026-08-13T03:48:21.395605,169,0,0,0,0,0
2026-08-13T03:48:21.398670,169,0,0,0,0,0
2026-08-13T03:48:21.399677,169,0,0,0,0,0
2026-08-13T03:48:21.399677,169,0,0,0,0,0
2026-08-13T03:48:21.399677,169,0,0,0,0,0
2026-08-13T03:48:21.402677,167,0,0,0,0,0
2026-08-13T03:48:21.403679,167,0,0,0,0,0
2026-08-13T03:48:21.403679,168,0,0,0,0,0
2026-08-13T03:48:21.406879,167,0,0,0,0,0
2026-08-13T03:48:21.407879,169,0,0,0,0,0
2026-08-13T03:48:21.407879,172,0,0,0,0,0
2026-08-13T03:48:21.407879,172,0,0,0,0,0
2026-08-13T03:48:21.410900,172,0,0,0,0,0
2026-08-13T03:48:21.411877,172,0,0,0,0,0
2026-08-13T03:48:21.411877,171,0,0,0,0,0
2026-08-13T03:48:21.415388,170,0,0,0,0,0
2026-08-13T03:48:21.415388,170,0,0,0,0,0
2026-08-13T03:48:21.415388,171,0,0,0,0,0
2026-08-13T03:48:21.416393,170,0,0,0,0,0
2026-08-13T03:48:21.419393,169,0,0,0,0,0
2026-08-13T03:48:21.419393,169,0,0,0,0,0
2026-08-13T03:48:21.420392,169,0,0,0,0,0
2026-08-13T03:48:21.422392,168,0,0,0,0,0
2026-08-13T03:48:21.423896,168,0,0,0,0,0
2026-08-13T03:48:21.423896,169,0,0,0,0,0
2026-08-13T03:48:21.427905,168,0,0,0,0,0
2026-08-13T03:48:21.427905,171,0,0,0,0,0
2026-08-13T03:48:21.427905,172,0,0,0,0,0
2026-08-13T03:48:21.428904,172,0,0,0,0,0
2026-08-13T03:48:21.431921,173,0,0,0,0,0
2026-08-13T03:48:21.431921,172,0,0,0,0,0
2026-08-13T03:48:21.431921,171,0,0,0,0,0
2026-08-13T03:48:21.435493,171,0,0,0,0,0
2026-08-13T03:48:21.436465,172,0,0,0,0,0
2026-08-13T03:48:21.436465,171,0,0,0,0,0
2026-08-13T03:48:21.436465,170,0,0,0,0,0
2026-08-13T03:48:21.439476,170,0,0,0,0,0
2026-08-13T03:48:21.440459,170,0,0,0,0,0
2026-08-13T03:48:21.440459,169,0,0,0,0,0
2026-08-13T03:48:21.443981,168,0,0,0,0,0
2026-08-13T03:48:21.443981,168,0,0,0,0,0
2026-08-13T03:48:21.444997,168,0,0,0,0,0
2026-08-13T03:48:21.444997,168,0,0,0,0,0
2026-08-13T03:48:21.448010,171,0,0,0,0,0
2026-08-13T03:48:21.448010,172,0,0,0,0,0
2026-08-13T03:48:21.448996,173,0,0,0,0,0
2026-08-13T03:48:21.452009,172,0,0,0,0,0
2026-08-13T03:48:21.452999,172,0,0,0,0,0
2026-08-13T03:48:21.452999,171,0,0,0,0,0
2026-08-13T03:48:21.453998,170,0,0,0,0,0
2026-08-13T03:48:21.456095,172,0,0,0,0,0
2026-08-13T03:48:21.457103,171,0,0,0,0,0
2026-08-13T03:48:21.457103,171,0,0,0,0,0
2026-08-13T03:48:21.460096,170,0,0,0,0,0
2026-08-13T03:48:21.461097,169,0,0,0,0,0
2026-08-13T03:48:21.461097,168,0,0,0,0,0
2026-08-13T03:48:21.464642,167,0,0,0,0,0
2026-08-13T03:48:21.464642,168,0,0,0,0,0
2026-08-13T03:48:21.465628,168,0,0,0,0,0
2026-08-13T03:48:21.465628,169,0,0,0,0,0
2026-08-13T03:48:21.468640,172,0,0,0,0,0
2026-08-13T03:48:21.469632,172,0,0,0,0,0
2026-08-13T03:48:21.470629,173,0,0,0,0,0
2026-08-13T03:48:21.472645,172,0,0,0,0,0
2026-08-13T03:48:21.473638,172,0,0,0,0,0
2026-08-13T03:48:21.473638,171,0,0,0,0,0
2026-08-13T03:48:21.473638,171,0,0,0,0,0
2026-08-13T03:48:21.477041,171,0,0,0,0,0
2026-08-13T03:48:21.477041,170,0,0,0,0,0
2026-08-13T03:48:21.477041,170,0,0,0,0,0
2026-08-13T03:48:21.481038,170,0,0,0,0,0
2026-08-13T03:48:21.481577,169,0,0,0,0,0
2026-08-13T03:48:21.481577,169,0,0,0,0,0
2026-08-13T03:48:21.482577,168,0,0,0,0,0
2026-08-13T03:48:21.485105,168,0,0,0,0,0
2026-08-13T03:48:21.486109,168,0,0,0,0,0
2026-08-13T03:48:21.486109,170,0,0,0,0,0
2026-08-13T03:48:21.489116,172,0,0,0,0,0
2026-08-13T03:48:21.490103,172,0,0,0,0,0
2026-08-13T03:48:21.490103,173,0,0,0,0,0
2026-08-13T03:48:21.492129,172,0,0,0,0,0
2026-08-13T03:48:21.493654,171,0,0,0,0,0
2026-08-13T03:48:21.493654,170,0,0,0,0,0
2026-08-13T03:48:21.493654,171,0,0,0,0,0
2026-08-13T03:48:21.497494,171,0,0,0,0,0
2026-08-13T03:48:21.497494,170,0,0,0,0,0
2026-08-13T03:48:21.498538,170,0,0,0,0,0
2026-08-13T03:48:21.501589,170,0,0,0,0,0
2026-08-13T03:48:21.502622,170,0,0,0,0,0
2026-08-13T03:48:21.503621,168,0,0,0,0,0
2026-08-13T03:48:21.504163,168,0,0,0,0,0
2026-08-13T03:48:21.505731,168,0,0,0,0,0
2026-08-13T03:48:21.505731,168,0,0,0,0,0
2026-08-13T03:48:21.507111,171,0,0,0,0,0
2026-08-13T03:48:21.509134,172,0,0,0,0,0
2026-08-13T03:48:21.510119,172,0,0,0,0,0
2026-08-13T03:48:21.511119,173,0,0,0,0,0
2026-08-13T03:48:21.511119,173,0,0,0,0,0
2026-08-13T03:48:21.513627,172,0,0,0,0,0
2026-08-13T03:48:21.514641,170,0,0,0,0,0
2026-08-13T03:48:21.514641,171,0,0,0,0,0
2026-08-13T03:48:21.517666,171,0,0,0,0,0
2026-08-13T03:48:21.518666,170,0,0,0,0,0
2026-08-13T03:48:21.518666,171,0,0,0,0,0
2026-08-13T03:48:21.519662,170,0,0,0,0,0
2026-08-13T03:48:21.521664,170,0,0,0,0,0
2026-08-13T03:48:21.522664,168,0,0,0,0,0
2026-08-13T03:48:21.522664,168,0,0,0,0,0
2026-08-13T03:48:21.526182,168,0,0,0,0,0
2026-08-13T03:48:21.526182,169,0,0,0,0,0
2026-08-13T03:48:21.527166,171,0,0,0,0,0
2026-08-13T03:48:21.530180,171,0,0,0,0,0
2026-08-13T03:48:21.530180,173,0,0,0,0,0
2026-08-13T03:48:21.531166,173,0,0,0,0,0
2026-08-13T03:48:21.531166,172,0,0,0,0,0
2026-08-13T03:48:21.533691,171,0,0,0,0,0
2026-08-13T03:48:21.534707,171,0,0,0,0,0
2026-08-13T03:48:21.534707,171,0,0,0,0,0
2026-08-13T03:48:21.538441,171,0,0,0,0,0
2026-08-13T03:48:21.538441,170,0,0,0,0,0
2026-08-13T03:48:21.539472,171,0,0,0,0,0
2026-08-13T03:48:21.539472,170,0,0,0,0,0
2026-08-13T03:48:21.542543,169,0,0,0,0,0
2026-08-13T03:48:21.542543,168,0,0,0,0,0
2026-08-13T03:48:21.543571,168,0,0,0,0,0
2026-08-13T03:48:21.546637,167,0,0,0,0,0
2026-08-13T03:48:21.546637,169,0,0,0,0,0
2026-08-13T03:48:21.547619,171,0,0,0,0,0
2026-08-13T03:48:21.548628,171,0,0,0,0,0
2026-08-13T03:48:21.550627,173,0,0,0,0,0
2026-08-13T03:48:21.551627,172,0,0,0,0,0
2026-08-13T03:48:21.551627,171,0,0,0,0,0
2026-08-13T03:48:21.554613,170,0,0,0,0,0
2026-08-13T03:48:21.554613,169,0,0,0,0,0
2026-08-13T03:48:21.555853,169,0,0,0,0,0
2026-08-13T03:48:21.556851,169,0,0,0,0,0
2026-08-13T03:48:21.558853,168,0,0,0,0,0
2026-08-13T03:48:21.558853,167,0,0,0,0,0
2026-08-13T03:48:21.559852,166,0,0,0,0,0
2026-08-13T03:48:21.561839,165,0,0,0,0,0
2026-08-13T03:48:21.563677,165,0,0,0,0,0
2026-08-13T03:48:21.563677,165,0,0,0,0,0
2026-08-13T03:48:21.566700,164,0,0,0,0,0
2026-08-13T03:48:21.567700,167,0,0,0,0,0
2026-08-13T03:48:21.567700,169,0,0,0,0,0
2026-08-13T03:48:21.568687,168,0,0,0,0,0
2026-08-13T03:48:21.570699,169,0,0,0,0,0
2026-08-13T03:48:21.571701,169,0,0,0,0,0
2026-08-13T03:48:21.571701,169,0,0,0,0,0
2026-08-13T03:48:21.574972,167,0,0,0,0,0
2026-08-13T03:48:21.575972,167,0,0,0,0,0
2026-08-13T03:48:21.575972,168,0,0,0,0,0
2026-08-13T03:48:21.576970,167,0,0,0,0,0
2026-08-13T03:48:21.579132,168,0,0,0,0,0
2026-08-13T03:48:21.579132,167,0,0,0,0,0
2026-08-13T03:48:21.580142,167,0,0,0,0,0
2026-08-13T03:48:21.582697,167,0,0,0,0,0
2026-08-13T03:48:21.583681,166,0,0,0,0,0
2026-08-13T03:48:21.584373,166,0,0,0,0,0
2026-08-13T03:48:21.584933,166,0,0,0,0,0
2026-08-13T03:48:21.587590,168,0,0,0,0,0
2026-08-13T03:48:21.587590,169,0,0,0,0,0
2026-08-13T03:48:21.588623,168,0,0,0,0,0
2026-08-13T03:48:21.591624,169,0,0,0,0,0
2026-08-13T03:48:21.592610,169,0,0,0,0,0
2026-08-13T03:48:21.592610,169,0,0,0,0,0
2026-08-13T03:48:21.595127,167,0,0,0,0,0
2026-08-13T03:48:21.596125,167,0,0,0,0,0
2026-08-13T03:48:21.597139,167,0,0,0,0,0
2026-08-13T03:48:21.597139,167,0,0,0,0,0
2026-08-13T03:48:21.599139,167,0,0,0,0,0
2026-08-13T03:48:21.600124,166,0,0,0,0,0
2026-08-13T03:48:21.601139,166,0,0,0,0,0
2026-08-13T03:48:21.603646,165,0,0,0,0,0
2026-08-13T03:48:21.603646,166,0,0,0,0,0
2026-08-13T03:48:21.604662,165,0,0,0,0,0
2026-08-13T03:48:21.604662,165,0,0,0,0,0
2026-08-13T03:48:21.607660,168,0,0,0,0,0
2026-08-13T03:48:21.608664,168,0,0,0,0,0
2026-08-13T03:48:21.608664,169,0,0,0,0,0
2026-08-13T03:48:21.612194,170,0,0,0,0,0
2026-08-13T03:48:21.612194,169,0,0,0,0,0
2026-08-13T03:48:21.613724,167,0,0,0,0,0
2026-08-13T03:48:21.613724,166,0,0,0,0,0
2026-08-13T03:48:21.616265,166,0,0,0,0,0
2026-08-13T03:48:21.616265,166,0,0,0,0,0
2026-08-13T03:48:21.617297,166,0,0,0,0,0
2026-08-13T03:48:21.620416,166,0,0,0,0,0
2026-08-13T03:48:21.620416,166,0,0,0,0,0
2026-08-13T03:48:21.621381,166,0,0,0,0,0
2026-08-13T03:48:21.621381,165,0,0,0,0,0
2026-08-13T03:48:21.623910,166,0,0,0,0,0
2026-08-13T03:48:21.624945,165,0,0,0,0,0
2026-08-13T03:48:21.625921,166,0,0,0,0,0
2026-08-13T03:48:21.627933,169,0,0,0,0,0
2026-08-13T03:48:21.628934,170,0,0,0,0,0
2026-08-13T03:48:21.628934,171,0,0,0,0,0
2026-08-13T03:48:21.631932,170,0,0,0,0,0
2026-08-13T03:48:21.632934,169,0,0,0,0,0
2026-08-13T03:48:21.633921,168,0,0,0,0,0
2026-08-13T03:48:21.633921,167,0,0,0,0,0
2026-08-13T03:48:21.636767,168,0,0,0,0,0
2026-08-13T03:48:21.636767,167,0,0,0,0,0
2026-08-13T03:48:21.636767,166,0,0,0,0,0
2026-08-13T03:48:21.640209,167,0,0,0,0,0
2026-08-13T03:48:21.641214,165,0,0,0,0,0
2026-08-13T03:48:21.642223,165,0,0,0,0,0
2026-08-13T03:48:21.643736,165,0,0,0,0,0
2026-08-13T03:48:21.644753,165,0,0,0,0,0
2026-08-13T03:48:21.645754,166,0,0,0,0,0
2026-08-13T03:48:21.646782,167,0,0,0,0,0
2026-08-13T03:48:21.648778,170,0,0,0,0,0
2026-08-13T03:48:21.649777,170,0,0,0,0,0
2026-08-13T03:48:21.649777,172,0,0,0,0,0
2026-08-13T03:48:21.650770,172,0,0,0,0,0
2026-08-13T03:48:21.652777,172,0,0,0,0,0
2026-08-13T03:48:21.653777,171,0,0,0,0,0
2026-08-13T03:48:21.654289,171,0,0,0,0,0
2026-08-13T03:48:21.657300,172,0,0,0,0,0
2026-08-13T03:48:21.657300,171,0,0,0,0,0
2026-08-13T03:48:21.658305,172,0,0,0,0,0
2026-08-13T03:48:21.661346,171,0,0,0,0,0
2026-08-13T03:48:21.661346,169,0,0,0,0,0
2026-08-13T03:48:21.662387,170,0,0,0,0,0
2026-08-13T03:48:21.662387,169,0,0,0,0,0
2026-08-13T03:48:21.664606,169,0,0,0,0,0
2026-08-13T03:48:21.665615,170,0,0,0,0,0
2026-08-13T03:48:21.666616,171,0,0,0,0,0
2026-08-13T03:48:21.669056,174,0,0,0,0,0
2026-08-13T03:48:21.670044,174,0,0,0,0,0
2026-08-13T03:48:21.671057,174,0,0,0,0,0
2026-08-13T03:48:21.671057,174,0,0,0,0,0
2026-08-13T03:48:21.673586,174,0,0,0,0,0
2026-08-13T03:48:21.674611,172,0,0,0,0,0
2026-08-13T03:48:21.675610,172,0,0,0,0,0
2026-08-13T03:48:21.677621,172,0,0,0,0,0
2026-08-13T03:48:21.678630,171,0,0,0,0,0
2026-08-13T03:48:21.678630,171,0,0,0,0,0
2026-08-13T03:48:21.679626,170,0,0,0,0,0
2026-08-13T03:48:21.681163,170,0,0,0,0,0
2026-08-13T03:48:21.682174,168,0,0,0,0,0
2026-08-13T03:48:21.682174,169,0,0,0,0,0
2026-08-13T03:48:21.685715,168,0,0,0,0,0
2026-08-13T03:48:21.685715,168,0,0,0,0,0
2026-08-13T03:48:21.686725,170,0,0,0,0,0
2026-08-13T03:48:21.686725,172,0,0,0,0,0
2026-08-13T03:48:21.689992,171,0,0,0,0,0
2026-08-13T03:48:21.689992,172,0,0,0,0,0
2026-08-13T03:48:21.691011,172,0,0,0,0,0
2026-08-13T03:48:21.694091,170,0,0,0,0,0
2026-08-13T03:48:21.694091,169,0,0,0,0,0
2026-08-13T03:48:21.694091,169,0,0,0,0,0
2026-08-13T03:48:21.698031,169,0,0,0,0,0
2026-08-13T03:48:21.698031,168,0,0,0,0,0
2026-08-13T03:48:21.699017,168,0,0,0,0,0
2026-08-13T03:48:21.700032,166,0,0,0,0,0
2026-08-13T03:48:21.702384,166,0,0,0,0,0
2026-08-13T03:48:21.702384,165,0,0,0,0,0
2026-08-13T03:48:21.702384,166,0,0,0,0,0
2026-08-13T03:48:21.706406,165,0,0,0,0,0
2026-08-13T03:48:21.706406,164,0,0,0,0,0
2026-08-13T03:48:21.707417,167,0,0,0,0,0
2026-08-13T03:48:21.708447,168,0,0,0,0,0
2026-08-13T03:48:21.710529,168,0,0,0,0,0
2026-08-13T03:48:21.710529,167,0,0,0,0,0
2026-08-13T03:48:21.710529,166,0,0,0,0,0
2026-08-13T03:48:21.714831,165,0,0,0,0,0
2026-08-13T03:48:21.714831,164,0,0,0,0,0
2026-08-13T03:48:21.715844,166,0,0,0,0,0
2026-08-13T03:48:21.716830,164,0,0,0,0,0
2026-08-13T03:48:21.717828,164,0,0,0,0,0
2026-08-13T03:48:21.718827,163,0,0,0,0,0
2026-08-13T03:48:21.719826,163,0,0,0,0,0
2026-08-13T03:48:21.722005,163,0,0,0,0,0
2026-08-13T03:48:21.722989,162,0,0,0,0,0
2026-08-13T03:48:21.723979,163,0,0,0,0,0
2026-08-13T03:48:21.726515,161,0,0,0,0,0
2026-08-13T03:48:21.727514,163,0,0,0,0,0
2026-08-13T03:48:21.728513,165,0,0,0,0,0
2026-08-13T03:48:21.728513,166,0,0,0,0,0
2026-08-13T03:48:21.730529,167,0,0,0,0,0
2026-08-13T03:48:21.731527,166,0,0,0,0,0
2026-08-13T03:48:21.732519,166,0,0,0,0,0
2026-08-13T03:48:21.735072,165,0,0,0,0,0
2026-08-13T03:48:21.735072,164,0,0,0,0,0
2026-08-13T03:48:21.736066,165,0,0,0,0,0
2026-08-13T03:48:21.737083,164,0,0,0,0,0
2026-08-13T03:48:21.739079,164,0,0,0,0,0
2026-08-13T03:48:21.739079,164,0,0,0,0,0
2026-08-13T03:48:21.740066,162,0,0,0,0,0
2026-08-13T03:48:21.742069,161,0,0,0,0,0
2026-08-13T03:48:21.743581,161,0,0,0,0,0
2026-08-13T03:48:21.744602,161,0,0,0,0,0
2026-08-13T03:48:21.744602,161,0,0,0,0,0
2026-08-13T03:48:21.746594,162,0,0,0,0,0
2026-08-13T03:48:21.747605,164,0,0,0,0,0
2026-08-13T03:48:21.748595,165,0,0,0,0,0
2026-08-13T03:48:21.750593,165,0,0,0,0,0
2026-08-13T03:48:21.751592,165,0,0,0,0,0
2026-08-13T03:48:21.752592,164,0,0,0,0,0
2026-08-13T03:48:21.753591,163,0,0,0,0,0
2026-08-13T03:48:21.755539,164,0,0,0,0,0
2026-08-13T03:48:21.755539,164,0,0,0,0,0
2026-08-13T03:48:21.756586,164,0,0,0,0,0
2026-08-13T03:48:21.759568,164,0,0,0,0,0
2026-08-13T03:48:21.759568,164,0,0,0,0,0
2026-08-13T03:48:21.760555,163,0,0,0,0,0
2026-08-13T03:48:21.763555,163,0,0,0,0,0
2026-08-13T03:48:21.764063,163,0,0,0,0,0
2026-08-13T03:48:21.764063,165,0,0,0,0,0
2026-08-13T03:48:21.765073,165,0,0,0,0,0
2026-08-13T03:48:21.767426,168,0,0,0,0,0
2026-08-13T03:48:21.768412,172,0,0,0,0,0
2026-08-13T03:48:21.768412,173,0,0,0,0,0
2026-08-13T03:48:21.771426,175,0,0,0,0,0
2026-08-13T03:48:21.772410,176,0,0,0,0,0
2026-08-13T03:48:21.772410,177,0,0,0,0,0
2026-08-13T03:48:21.772410,176,0,0,0,0,0
2026-08-13T03:48:21.775925,177,0,0,0,0,0
2026-08-13T03:48:21.775925,177,0,0,0,0,0
2026-08-13T03:48:21.776935,176,0,0,0,0,0
2026-08-13T03:48:21.780152,176,0,0,0,0,0
2026-08-13T03:48:21.780152,175,0,0,0,0,0
2026-08-13T03:48:21.780152,174,0,0,0,0,0
2026-08-13T03:48:21.781164,172,0,0,0,0,0
2026-08-13T03:48:21.783697,172,0,0,0,0,0
2026-08-13T03:48:21.784721,171,0,0,0,0,0
2026-08-13T03:48:21.784721,172,0,0,0,0,0
2026-08-13T03:48:21.787717,174,0,0,0,0,0
2026-08-13T03:48:21.788703,175,0,0,0,0,0
2026-08-13T03:48:21.788703,175,0,0,0,0,0
2026-08-13T03:48:21.789703,176,0,0,0,0,0
2026-08-13T03:48:21.791722,176,0,0,0,0,0
2026-08-13T03:48:21.792703,175,0,0,0,0,0
2026-08-13T03:48:21.792703,173,0,0,0,0,0
2026-08-13T03:48:21.796539,174,0,0,0,0,0
2026-08-13T03:48:21.796539,175,0,0,0,0,0
2026-08-13T03:48:21.797541,174,0,0,0,0,0
2026-08-13T03:48:21.800555,173,0,0,0,0,0
2026-08-13T03:48:21.800555,172,0,0,0,0,0
2026-08-13T03:48:21.801541,172,0,0,0,0,0
2026-08-13T03:48:21.801541,171,0,0,0,0,0
2026-08-13T03:48:21.804615,171,0,0,0,0,0
2026-08-13T03:48:21.804615,170,0,0,0,0,0
2026-08-13T03:48:21.805842,170,0,0,0,0,0
2026-08-13T03:48:21.808840,171,0,0,0,0,0
2026-08-13T03:48:21.808840,171,0,0,0,0,0
2026-08-13T03:48:21.809843,171,0,0,0,0,0
2026-08-13T03:48:21.809843,171,0,0,0,0,0
2026-08-13T03:48:21.812863,170,0,0,0,0,0
2026-08-13T03:48:21.812863,169,0,0,0,0,0
2026-08-13T03:48:21.813844,167,0,0,0,0,0
2026-08-13T03:48:21.817029,168,0,0,0,0,0
2026-08-13T03:48:21.817029,167,0,0,0,0,0
2026-08-13T03:48:21.818024,166,0,0,0,0,0
2026-08-13T03:48:21.818024,166,0,0,0,0,0
2026-08-13T03:48:21.821038,164,0,0,0,0,0
2026-08-13T03:48:21.821038,163,0,0,0,0,0
2026-08-13T03:48:21.822025,162,0,0,0,0,0
2026-08-13T03:48:21.824534,162,0,0,0,0,0
2026-08-13T03:48:21.825544,162,0,0,0,0,0
2026-08-13T03:48:21.825544,163,0,0,0,0,0
2026-08-13T03:48:21.828824,166,0,0,0,0,0
2026-08-13T03:48:21.829816,166,0,0,0,0,0
2026-08-13T03:48:21.830810,167,0,0,0,0,0
2026-08-13T03:48:21.830810,167,0,0,0,0,0
2026-08-13T03:48:21.833366,168,0,0,0,0,0
2026-08-13T03:48:21.833875,167,0,0,0,0,0
2026-08-13T03:48:21.833875,166,0,0,0,0,0
2026-08-13T03:48:21.837350,166,0,0,0,0,0
2026-08-13T03:48:21.837350,165,0,0,0,0,0
2026-08-13T03:48:21.838325,164,0,0,0,0,0
2026-08-13T03:48:21.839324,164,0,0,0,0,0
2026-08-13T03:48:21.841327,163,0,0,0,0,0
2026-08-13T03:48:21.842327,161,0,0,0,0,0
2026-08-13T03:48:21.842327,162,0,0,0,0,0
2026-08-13T03:48:21.844849,161,0,0,0,0,0
2026-08-13T03:48:21.845850,162,0,0,0,0,0
2026-08-13T03:48:21.846852,164,0,0,0,0,0
2026-08-13T03:48:21.846852,166,0,0,0,0,0
2026-08-13T03:48:21.849863,167,0,0,0,0,0
2026-08-13T03:48:21.849863,167,0,0,0,0,0
2026-08-13T03:48:21.850850,167,0,0,0,0,0
2026-08-13T03:48:21.853862,167,0,0,0,0,0
2026-08-13T03:48:21.853862,165,0,0,0,0,0
2026-08-13T03:48:21.855137,165,0,0,0,0,0
2026-08-13T03:48:21.855137,165,0,0,0,0,0
2026-08-13T03:48:21.857160,165,0,0,0,0,0
2026-08-13T03:48:21.858153,164,0,0,0,0,0
2026-08-13T03:48:21.859148,164,0,0,0,0,0
2026-08-13T03:48:21.862045,164,0,0,0,0,0
2026-08-13T03:48:21.862045,163,0,0,0,0,0
2026-08-13T03:48:21.862045,162,0,0,0,0,0
2026-08-13T03:48:21.866187,164,0,0,0,0,0
2026-08-13T03:48:21.866187,164,0,0,0,0,0
2026-08-13T03:48:21.867185,166,0,0,0,0,0
2026-08-13T03:48:21.867185,167,0,0,0,0,0
2026-08-13T03:48:21.870219,168,0,0,0,0,0
2026-08-13T03:48:21.870219,168,0,0,0,0,0
2026-08-13T03:48:21.871185,168,0,0,0,0,0
2026-08-13T03:48:21.873565,168,0,0,0,0,0
2026-08-13T03:48:21.874576,166,0,0,0,0,0
2026-08-13T03:48:21.875584,167,0,0,0,0,0
2026-08-13T03:48:21.875584,167,0,0,0,0,0
2026-08-13T03:48:21.877588,166,0,0,0,0,0
2026-08-13T03:48:21.878573,166,0,0,0,0,0
2026-08-13T03:48:21.879574,166,0,0,0,0,0
2026-08-13T03:48:21.882584,165,0,0,0,0,0
2026-08-13T03:48:21.882584,164,0,0,0,0,0
2026-08-13T03:48:21.882584,164,0,0,0,0,0
2026-08-13T03:48:21.884102,164,0,0,0,0,0
2026-08-13T03:48:21.886074,164,0,0,0,0,0
2026-08-13T03:48:21.887106,168,0,0,0,0,0
2026-08-13T03:48:21.887106,168,0,0,0,0,0
2026-08-13T03:48:21.890106,168,0,0,0,0,0
2026-08-13T03:48:21.891092,169,0,0,0,0,0
2026-08-13T03:48:21.892094,169,0,0,0,0,0
2026-08-13T03:48:21.894633,167,0,0,0,0,0
2026-08-13T03:48:21.894633,166,0,0,0,0,0
2026-08-13T03:48:21.895619,166,0,0,0,0,0
2026-08-13T03:48:21.896631,167,0,0,0,0,0
2026-08-13T03:48:21.898632,166,0,0,0,0,0
2026-08-13T03:48:21.898632,166,0,0,0,0,0
2026-08-13T03:48:21.899629,165,0,0,0,0,0
2026-08-13T03:48:21.902641,165,0,0,0,0,0
2026-08-13T03:48:21.903641,164,0,0,0,0,0
2026-08-13T03:48:21.904153,164,0,0,0,0,0
2026-08-13T03:48:21.904663,164,0,0,0,0,0
2026-08-13T03:48:21.907097,165,0,0,0,0,0
2026-08-13T03:48:21.907097,167,0,0,0,0,0
2026-08-13T03:48:21.908099,167,0,0,0,0,0
2026-08-13T03:48:21.911181,168,0,0,0,0,0
2026-08-13T03:48:21.911181,167,0,0,0,0,0
2026-08-13T03:48:21.912191,167,0,0,0,0,0
2026-08-13T03:48:21.912191,166,0,0,0,0,0
2026-08-13T03:48:21.915281,166,0,0,0,0,0
2026-08-13T03:48:21.915281,167,0,0,0,0,0
2026-08-13T03:48:21.916289,166,0,0,0,0,0
2026-08-13T03:48:21.919250,166,0,0,0,0,0
2026-08-13T03:48:21.920254,166,0,0,0,0,0
2026-08-13T03:48:21.920254,164,0,0,0,0,0
2026-08-13T03:48:21.921253,164,0,0,0,0,0
2026-08-13T03:48:21.922260,164,0,0,0,0,0
2026-08-13T03:48:21.923792,164,0,0,0,0,0
2026-08-13T03:48:21.924822,163,0,0,0,0,0
2026-08-13T03:48:21.926832,165,0,0,0,0,0
2026-08-13T03:48:21.927829,167,0,0,0,0,0
2026-08-13T03:48:21.928833,167,0,0,0,0,0
2026-08-13T03:48:21.931840,168,0,0,0,0,0
2026-08-13T03:48:21.931840,167,0,0,0,0,0
2026-08-13T03:48:21.932827,167,0,0,0,0,0
2026-08-13T03:48:21.933826,166,0,0,0,0,0
2026-08-13T03:48:21.935346,166,0,0,0,0,0
2026-08-13T03:48:21.936341,167,0,0,0,0,0
2026-08-13T03:48:21.937343,166,0,0,0,0,0
2026-08-13T03:48:21.939866,166,0,0,0,0,0
2026-08-13T03:48:21.940868,165,0,0,0,0,0
2026-08-13T03:48:21.941871,165,0,0,0,0,0
2026-08-13T03:48:21.942870,164,0,0,0,0,0
2026-08-13T03:48:21.943869,163,0,0,0,0,0
2026-08-13T03:48:21.944380,163,0,0,0,0,0
2026-08-13T03:48:21.944380,163,0,0,0,0,0
2026-08-13T03:48:21.947402,166,0,0,0,0,0
2026-08-13T03:48:21.948407,167,0,0,0,0,0
2026-08-13T03:48:21.948407,167,0,0,0,0,0
2026-08-13T03:48:21.949409,167,0,0,0,0,0
2026-08-13T03:48:21.951405,168,0,0,0,0,0
2026-08-13T03:48:21.952433,168,0,0,0,0,0
2026-08-13T03:48:21.952433,166,0,0,0,0,0
2026-08-13T03:48:21.955971,166,0,0,0,0,0
2026-08-13T03:48:21.956948,167,0,0,0,0,0
2026-08-13T03:48:21.956948,167,0,0,0,0,0
2026-08-13T03:48:21.959948,167,0,0,0,0,0
2026-08-13T03:48:21.960951,165,0,0,0,0,0
2026-08-13T03:48:21.960951,165,0,0,0,0,0
2026-08-13T03:48:21.961952,163,0,0,0,0,0
2026-08-13T03:48:21.963950,163,0,0,0,0,0
2026-08-13T03:48:21.964996,164,0,0,0,0,0
2026-08-13T03:48:21.966014,164,0,0,0,0,0
2026-08-13T03:48:21.968008,166,0,0,0,0,0
2026-08-13T03:48:21.969009,167,0,0,0,0,0
2026-08-13T03:48:21.969009,168,0,0,0,0,0
2026-08-13T03:48:21.970009,168,0,0,0,0,0
2026-08-13T03:48:21.972007,168,0,0,0,0,0
2026-08-13T03:48:21.973006,168,0,0,0,0,0
2026-08-13T03:48:21.973006,166,0,0,0,0,0
2026-08-13T03:48:21.976465,166,0,0,0,0,0
2026-08-13T03:48:21.976465,166,0,0,0,0,0
2026-08-13T03:48:21.977462,166,0,0,0,0,0
2026-08-13T03:48:21.977462,165,0,0,0,0,0
2026-08-13T03:48:21.979477,165,0,0,0,0,0
2026-08-13T03:48:21.981001,165,0,0,0,0,0
2026-08-13T03:48:21.981001,163,0,0,0,0,0
2026-08-13T03:48:21.984618,164,0,0,0,0,0
2026-08-13T03:48:21.984618,164,0,0,0,0,0
2026-08-13T03:48:21.985648,164,0,0,0,0,0
2026-08-13T03:48:21.985648,167,0,0,0,0,0
2026-08-13T03:48:21.989016,168,0,0,0,0,0
2026-08-13T03:48:21.989016,168,0,0,0,0,0
2026-08-13T03:48:21.990032,168,0,0,0,0,0
2026-08-13T03:48:21.993035,168,0,0,0,0,0
2026-08-13T03:48:21.993035,167,0,0,0,0,0
2026-08-13T03:48:21.994034,165,0,0,0,0,0
2026-08-13T03:48:21.997205,167,0,0,0,0,0
2026-08-13T03:48:21.997205,166,0,0,0,0,0
2026-08-13T03:48:21.998187,165,0,0,0,0,0
2026-08-13T03:48:21.998187,165,0,0,0,0,0
2026-08-13T03:48:22.001200,165,0,0,0,0,0
2026-08-13T03:48:22.001200,164,0,0,0,0,0
2026-08-13T03:48:22.002187,164,0,0,0,0,0
2026-08-13T03:48:22.004705,164,0,0,0,0,0
2026-08-13T03:48:22.005705,164,0,0,0,0,0
2026-08-13T03:48:22.006706,165,0,0,0,0,0
2026-08-13T03:48:22.006706,167,0,0,0,0,0
2026-08-13T03:48:22.008722,168,0,0,0,0,0
2026-08-13T03:48:22.009704,168,0,0,0,0,0
2026-08-13T03:48:22.010707,167,0,0,0,0,0
2026-08-13T03:48:22.012709,167,0,0,0,0,0
2026-08-13T03:48:22.014217,167,0,0,0,0,0
2026-08-13T03:48:22.015229,166,0,0,0,0,0
2026-08-13T03:48:22.015229,167,0,0,0,0,0
2026-08-13T03:48:22.017238,166,0,0,0,0,0
2026-08-13T03:48:22.018256,166,0,0,0,0,0
2026-08-13T03:48:22.018256,166,0,0,0,0,0
2026-08-13T03:48:22.021237,165,0,0,0,0,0
2026-08-13T03:48:22.022239,164,0,0,0,0,0
2026-08-13T03:48:22.022239,163,0,0,0,0,0
2026-08-13T03:48:22.025758,164,0,0,0,0,0
2026-08-13T03:48:22.025758,164,0,0,0,0,0
2026-08-13T03:48:22.026756,166,0,0,0,0,0
2026-08-13T03:48:22.027758,167,0,0,0,0,0
2026-08-13T03:48:22.029755,167,0,0,0,0,0
2026-08-13T03:48:22.029755,168,0,0,0,0,0
2026-08-13T03:48:22.030760,167,0,0,0,0,0
2026-08-13T03:48:22.033759,168,0,0,0,0,0
2026-08-13T03:48:22.034266,165,0,0,0,0,0
2026-08-13T03:48:22.035277,166,0,0,0,0,0
2026-08-13T03:48:22.035277,167,0,0,0,0,0
2026-08-13T03:48:22.037288,166,0,0,0,0,0
2026-08-13T03:48:22.038283,166,0,0,0,0,0
2026-08-13T03:48:22.038283,165,0,0,0,0,0
2026-08-13T03:48:22.042283,164,0,0,0,0,0
2026-08-13T03:48:22.042283,164,0,0,0,0,0
2026-08-13T03:48:22.042283,164,0,0,0,0,0
2026-08-13T03:48:22.042283,164,0,0,0,0,0
2026-08-13T03:48:22.045801,164,0,0,0,0,0
2026-08-13T03:48:22.046809,166,0,0,0,0,0
2026-08-13T03:48:22.046809,167,0,0,0,0,0
2026-08-13T03:48:22.049808,167,0,0,0,0,0
2026-08-13T03:48:22.050808,168,0,0,0,0,0
2026-08-13T03:48:22.050808,168,0,0,0,0,0
2026-08-13T03:48:22.050808,167,0,0,0,0,0
2026-08-13T03:48:22.066845,166,0,0,0,0,0
2026-08-13T03:48:22.066845,166,0,0,0,0,0
2026-08-13T03:48:22.066845,166,0,0,0,0,0
2026-08-13T03:48:22.067847,166,0,0,0,0,0
2026-08-13T03:48:22.067847,165,0,0,0,0,0
2026-08-13T03:48:22.067847,165,0,0,0,0,0
2026-08-13T03:48:22.067847,165,0,0,0,0,0
2026-08-13T03:48:22.068847,164,0,0,0,0,0
2026-08-13T03:48:22.068847,163,0,0,0,0,0
2026-08-13T03:48:22.068847,163,0,0,0,0,0
2026-08-13T03:48:22.068847,163,0,0,0,0,0
2026-08-13T03:48:22.068847,167,0,0,0,0,0
2026-08-13T03:48:22.069847,167,0,0,0,0,0
2026-08-13T03:48:22.070846,168,0,0,0,0,0
2026-08-13T03:48:22.070846,168,0,0,0,0,0
2026-08-13T03:48:22.070846,168,0,0,0,0,0
2026-08-13T03:48:22.071848,167,0,0,0,0,0
2026-08-13T03:48:22.074352,166,0,0,0,0,0
2026-08-13T03:48:22.075358,167,0,0,0,0,0
2026-08-13T03:48:22.075358,166,0,0,0,0,0
2026-08-13T03:48:22.078363,166,0,0,0,0,0
2026-08-13T03:48:22.079363,166,0,0,0,0,0
2026-08-13T03:48:22.079363,165,0,0,0,0,0
2026-08-13T03:48:22.079363,164,0,0,0,0,0
2026-08-13T03:48:22.082907,163,0,0,0,0,0
2026-08-13T03:48:22.082907,164,0,0,0,0,0
2026-08-13T03:48:22.083908,164,0,0,0,0,0
2026-08-13T03:48:22.087001,164,0,0,0,0,0
2026-08-13T03:48:22.087001,167,0,0,0,0,0
2026-08-13T03:48:22.088006,167,0,0,0,0,0
2026-08-13T03:48:22.088006,168,0,0,0,0,0
2026-08-13T03:48:22.091454,168,0,0,0,0,0
2026-08-13T03:48:22.091454,168,0,0,0,0,0
2026-08-13T03:48:22.091454,167,0,0,0,0,0
2026-08-13T03:48:22.094978,166,0,0,0,0,0
2026-08-13T03:48:22.094978,167,0,0,0,0,0
2026-08-13T03:48:22.095977,166,0,0,0,0,0
2026-08-13T03:48:22.098983,166,0,0,0,0,0
2026-08-13T03:48:22.098983,165,0,0,0,0,0
2026-08-13T03:48:22.099982,164,0,0,0,0,0
2026-08-13T03:48:22.099982,164,0,0,0,0,0
2026-08-13T03:48:22.102983,164,0,0,0,0,0
2026-08-13T03:48:22.103982,164,0,0,0,0,0
2026-08-13T03:48:22.104488,164,0,0,0,0,0
2026-08-13T03:48:22.107005,165,0,0,0,0,0
2026-08-13T03:48:22.108028,167,0,0,0,0,0
2026-08-13T03:48:22.108028,167,0,0,0,0,0
2026-08-13T03:48:22.108028,168,0,0,0,0,0
2026-08-13T03:48:22.111881,168,0,0,0,0,0
2026-08-13T03:48:22.111881,167,0,0,0,0,0
2026-08-13T03:48:22.111881,167,0,0,0,0,0
2026-08-13T03:48:22.115990,165,0,0,0,0,0
2026-08-13T03:48:22.115990,167,0,0,0,0,0
2026-08-13T03:48:22.115990,166,0,0,0,0,0
2026-08-13T03:48:22.115990,166,0,0,0,0,0
2026-08-13T03:48:22.119744,165,0,0,0,0,0
2026-08-13T03:48:22.119744,165,0,0,0,0,0
2026-08-13T03:48:22.119744,164,0,0,0,0,0
2026-08-13T03:48:22.123744,164,0,0,0,0,0
2026-08-13T03:48:22.124266,164,0,0,0,0,0
2026-08-13T03:48:22.124771,165,0,0,0,0,0
2026-08-13T03:48:22.128295,165,0,0,0,0,0
2026-08-13T03:48:22.128295,168,0,0,0,0,0
2026-08-13T03:48:22.129301,168,0,0,0,0,0
2026-08-13T03:48:22.129301,167,0,0,0,0,0
2026-08-13T03:48:22.132299,167,0,0,0,0,0
2026-08-13T03:48:22.132299,167,0,0,0,0,0
2026-08-13T03:48:22.132299,166,0,0,0,0,0
2026-08-13T03:48:22.135643,166,0,0,0,0,0
2026-08-13T03:48:22.136627,166,0,0,0,0,0
2026-08-13T03:48:22.136627,166,0,0,0,0,0
2026-08-13T03:48:22.137642,166,0,0,0,0,0
2026-08-13T03:48:22.139643,165,0,0,0,0,0
2026-08-13T03:48:22.140629,166,0,0,0,0,0
2026-08-13T03:48:22.141631,164,0,0,0,0,0
2026-08-13T03:48:22.144743,163,0,0,0,0,0
2026-08-13T03:48:22.144743,164,0,0,0,0,0
2026-08-13T03:48:22.145749,164,0,0,0,0,0
2026-08-13T03:48:22.146758,166,0,0,0,0,0
2026-08-13T03:48:22.148766,167,0,0,0,0,0
2026-08-13T03:48:22.148766,167,0,0,0,0,0
2026-08-13T03:48:22.149757,167,0,0,0,0,0
2026-08-13T03:48:22.152769,168,0,0,0,0,0
2026-08-13T03:48:22.152769,167,0,0,0,0,0
2026-08-13T03:48:22.153757,165,0,0,0,0,0
2026-08-13T03:48:22.153757,167,0,0,0,0,0
2026-08-13T03:48:22.156647,166,0,0,0,0,0
2026-08-13T03:48:22.157667,166,0,0,0,0,0
2026-08-13T03:48:22.157667,166,0,0,0,0,0
2026-08-13T03:48:22.160678,165,0,0,0,0,0
2026-08-13T03:48:22.161678,165,0,0,0,0,0
2026-08-13T03:48:22.161678,163,0,0,0,0,0
2026-08-13T03:48:22.165132,164,0,0,0,0,0
2026-08-13T03:48:22.165132,164,0,0,0,0,0
2026-08-13T03:48:22.166133,164,0,0,0,0,0
2026-08-13T03:48:22.166133,166,0,0,0,0,0
2026-08-13T03:48:22.169241,167,0,0,0,0,0
2026-08-13T03:48:22.169241,168,0,0,0,0,0
2026-08-13T03:48:22.170271,168,0,0,0,0,0
2026-08-13T03:48:22.172256,168,0,0,0,0,0
2026-08-13T03:48:22.173768,167,0,0,0,0,0
2026-08-13T03:48:22.174780,166,0,0,0,0,0
2026-08-13T03:48:22.174780,167,0,0,0,0,0
2026-08-13T03:48:22.176796,166,0,0,0,0,0
2026-08-13T03:48:22.177791,166,0,0,0,0,0
2026-08-13T03:48:22.178796,165,0,0,0,0,0
2026-08-13T03:48:22.181345,165,0,0,0,0,0
2026-08-13T03:48:22.182341,164,0,0,0,0,0
2026-08-13T03:48:22.182341,164,0,0,0,0,0
2026-08-13T03:48:22.183855,164,0,0,0,0,0
2026-08-13T03:48:22.184868,164,0,0,0,0,0
2026-08-13T03:48:22.185868,165,0,0,0,0,0
2026-08-13T03:48:22.186878,167,0,0,0,0,0
2026-08-13T03:48:22.188879,168,0,0,0,0,0
2026-08-13T03:48:22.189877,168,0,0,0,0,0
2026-08-13T03:48:22.190878,169,0,0,0,0,0
2026-08-13T03:48:22.193880,168,0,0,0,0,0
2026-08-13T03:48:22.194391,166,0,0,0,0,0
2026-08-13T03:48:22.194391,166,0,0,0,0,0
2026-08-13T03:48:22.195434,167,0,0,0,0,0
2026-08-13T03:48:22.197917,166,0,0,0,0,0
2026-08-13T03:48:22.197917,165,0,0,0,0,0
2026-08-13T03:48:22.198949,165,0,0,0,0,0
2026-08-13T03:48:22.201936,165,0,0,0,0,0
2026-08-13T03:48:22.201936,164,0,0,0,0,0
2026-08-13T03:48:22.202950,164,0,0,0,0,0
2026-08-13T03:48:22.203939,164,0,0,0,0,0
2026-08-13T03:48:22.205463,164,0,0,0,0,0
2026-08-13T03:48:22.206462,165,0,0,0,0,0
2026-08-13T03:48:22.206462,167,0,0,0,0,0
2026-08-13T03:48:22.209669,167,0,0,0,0,0
2026-08-13T03:48:22.210716,167,0,0,0,0,0
2026-08-13T03:48:22.210716,166,0,0,0,0,0
2026-08-13T03:48:22.211822,166,0,0,0,0,0
2026-08-13T03:48:22.213895,163,0,0,0,0,0
2026-08-13T03:48:22.213895,163,0,0,0,0,0
2026-08-13T03:48:22.213895,163,0,0,0,0,0
2026-08-13T03:48:22.217754,162,0,0,0,0,0
2026-08-13T03:48:22.218868,162,0,0,0,0,0
2026-08-13T03:48:22.219883,160,0,0,0,0,0
2026-08-13T03:48:22.219883,159,0,0,0,0,0
2026-08-13T03:48:22.222506,158,0,0,0,0,0
2026-08-13T03:48:22.222506,157,0,0,0,0,0
2026-08-13T03:48:22.224020,158,0,0,0,0,0
2026-08-13T03:48:22.226058,157,0,0,0,0,0
2026-08-13T03:48:22.227038,159,0,0,0,0,0
2026-08-13T03:48:22.227038,161,0,0,0,0,0
2026-08-13T03:48:22.230044,161,0,0,0,0,0
2026-08-13T03:48:22.231031,161,0,0,0,0,0
2026-08-13T03:48:22.232031,161,0,0,0,0,0
2026-08-13T03:48:22.232031,160,0,0,0,0,0
2026-08-13T03:48:22.234572,159,0,0,0,0,0
2026-08-13T03:48:22.234572,159,0,0,0,0,0
2026-08-13T03:48:22.235571,158,0,0,0,0,0
2026-08-13T03:48:22.238583,157,0,0,0,0,0
2026-08-13T03:48:22.239585,156,0,0,0,0,0
2026-08-13T03:48:22.239585,156,0,0,0,0,0
2026-08-13T03:48:22.240573,156,0,0,0,0,0
2026-08-13T03:48:22.242586,155,0,0,0,0,0
2026-08-13T03:48:22.242586,155,0,0,0,0,0
2026-08-13T03:48:22.243569,155,0,0,0,0,0
2026-08-13T03:48:22.246930,155,0,0,0,0,0
2026-08-13T03:48:22.247438,158,0,0,0,0,0
2026-08-13T03:48:22.247438,158,0,0,0,0,0
2026-08-13T03:48:22.248449,159,0,0,0,0,0
2026-08-13T03:48:22.250456,160,0,0,0,0,0
2026-08-13T03:48:22.251451,160,0,0,0,0,0
2026-08-13T03:48:22.251451,159,0,0,0,0,0
2026-08-13T03:48:22.254983,158,0,0,0,0,0
2026-08-13T03:48:22.255986,159,0,0,0,0,0
2026-08-13T03:48:22.255986,160,0,0,0,0,0
2026-08-13T03:48:22.258527,158,0,0,0,0,0
2026-08-13T03:48:22.259538,159,0,0,0,0,0
2026-08-13T03:48:22.260539,159,0,0,0,0,0
2026-08-13T03:48:22.260539,158,0,0,0,0,0
2026-08-13T03:48:22.262541,157,0,0,0,0,0
2026-08-13T03:48:22.264051,157,0,0,0,0,0
2026-08-13T03:48:22.264051,158,0,0,0,0,0
2026-08-13T03:48:22.267150,159,0,0,0,0,0
2026-08-13T03:48:22.268152,161,0,0,0,0,0
2026-08-13T03:48:22.269150,162,0,0,0,0,0
2026-08-13T03:48:22.269150,163,0,0,0,0,0
2026-08-13T03:48:22.271150,162,0,0,0,0,0
2026-08-13T03:48:22.272149,162,0,0,0,0,0
2026-08-13T03:48:22.272149,160,0,0,0,0,0
2026-08-13T03:48:22.275676,159,0,0,0,0,0
2026-08-13T03:48:22.275676,159,0,0,0,0,0
2026-08-13T03:48:22.276685,159,0,0,0,0,0
2026-08-13T03:48:22.276685,158,0,0,0,0,0
2026-08-13T03:48:22.279687,158,0,0,0,0,0
2026-08-13T03:48:22.279687,157,0,0,0,0,0
2026-08-13T03:48:22.279687,156,0,0,0,0,0
2026-08-13T03:48:22.283710,156,0,0,0,0,0
2026-08-13T03:48:22.283710,156,0,0,0,0,0
2026-08-13T03:48:22.284719,156,0,0,0,0,0
2026-08-13T03:48:22.284719,158,0,0,0,0,0
2026-08-13T03:48:22.287723,160,0,0,0,0,0
2026-08-13T03:48:22.287723,161,0,0,0,0,0
2026-08-13T03:48:22.288720,162,0,0,0,0,0
2026-08-13T03:48:22.291736,162,0,0,0,0,0
2026-08-13T03:48:22.292721,162,0,0,0,0,0
2026-08-13T03:48:22.292721,161,0,0,0,0,0
2026-08-13T03:48:22.296250,160,0,0,0,0,0
2026-08-13T03:48:22.296250,159,0,0,0,0,0
2026-08-13T03:48:22.296250,159,0,0,0,0,0
2026-08-13T03:48:22.297253,159,0,0,0,0,0
2026-08-13T03:48:22.300265,157,0,0,0,0,0
2026-08-13T03:48:22.300265,156,0,0,0,0,0
2026-08-13T03:48:22.301252,156,0,0,0,0,0
2026-08-13T03:48:22.303777,155,0,0,0,0,0
2026-08-13T03:48:22.304796,155,0,0,0,0,0
2026-08-13T03:48:22.305797,155,0,0,0,0,0
2026-08-13T03:48:22.305797,156,0,0,0,0,0
2026-08-13T03:48:22.307797,158,0,0,0,0,0
2026-08-13T03:48:22.308795,159,0,0,0,0,0
2026-08-13T03:48:22.309798,159,0,0,0,0,0
2026-08-13T03:48:22.311796,160,0,0,0,0,0
2026-08-13T03:48:22.313303,159,0,0,0,0,0
2026-08-13T03:48:22.313815,157,0,0,0,0,0
2026-08-13T03:48:22.313815,158,0,0,0,0,0
2026-08-13T03:48:22.316824,159,0,0,0,0,0
2026-08-13T03:48:22.317335,159,0,0,0,0,0
2026-08-13T03:48:22.317335,160,0,0,0,0,0
2026-08-13T03:48:22.320358,159,0,0,0,0,0
2026-08-13T03:48:22.321361,159,0,0,0,0,0
2026-08-13T03:48:22.321361,157,0,0,0,0,0
2026-08-13T03:48:22.322360,157,0,0,0,0,0
2026-08-13T03:48:22.324877,157,0,0,0,0,0
2026-08-13T03:48:22.324877,157,0,0,0,0,0
2026-08-13T03:48:22.325879,158,0,0,0,0,0
2026-08-13T03:48:22.328955,160,0,0,0,0,0
2026-08-13T03:48:22.328955,161,0,0,0,0,0
2026-08-13T03:48:22.329986,162,0,0,0,0,0
2026-08-13T03:48:22.332776,162,0,0,0,0,0
2026-08-13T03:48:22.333761,160,0,0,0,0,0
2026-08-13T03:48:22.334281,160,0,0,0,0,0
2026-08-13T03:48:22.335284,161,0,0,0,0,0
2026-08-13T03:48:22.336283,161,0,0,0,0,0
2026-08-13T03:48:22.337283,161,0,0,0,0,0
2026-08-13T03:48:22.338283,161,0,0,0,0,0
2026-08-13T03:48:22.341287,161,0,0,0,0,0
2026-08-13T03:48:22.341287,161,0,0,0,0,0
2026-08-13T03:48:22.342602,160,0,0,0,0,0
2026-08-13T03:48:22.342602,160,0,0,0,0,0
2026-08-13T03:48:22.344629,159,0,0,0,0,0
2026-08-13T03:48:22.345629,160,0,0,0,0,0
2026-08-13T03:48:22.346639,163,0,0,0,0,0
2026-08-13T03:48:22.348665,163,0,0,0,0,0
2026-08-13T03:48:22.349654,164,0,0,0,0,0
2026-08-13T03:48:22.350637,164,0,0,0,0,0
2026-08-13T03:48:22.350637,163,0,0,0,0,0
2026-08-13T03:48:22.353651,162,0,0,0,0,0
2026-08-13T03:48:22.353651,161,0,0,0,0,0
2026-08-13T03:48:22.353651,162,0,0,0,0,0
2026-08-13T03:48:22.357153,161,0,0,0,0,0
2026-08-13T03:48:22.358141,161,0,0,0,0,0
2026-08-13T03:48:22.359139,160,0,0,0,0,0
2026-08-13T03:48:22.361752,160,0,0,0,0,0
2026-08-13T03:48:22.361752,159,0,0,0,0,0
2026-08-13T03:48:22.362797,158,0,0,0,0,0
2026-08-13T03:48:22.364315,159,0,0,0,0,0
2026-08-13T03:48:22.365317,159,0,0,0,0,0
2026-08-13T03:48:22.366328,160,0,0,0,0,0
2026-08-13T03:48:22.366328,162,0,0,0,0,0
2026-08-13T03:48:22.369941,162,0,0,0,0,0
2026-08-13T03:48:22.369941,163,0,0,0,0,0
2026-08-13T03:48:22.370971,163,0,0,0,0,0
2026-08-13T03:48:22.371970,163,0,0,0,0,0
2026-08-13T03:48:22.373957,161,0,0,0,0,0
2026-08-13T03:48:22.374475,160,0,0,0,0,0
2026-08-13T03:48:22.374475,161,0,0,0,0,0
2026-08-13T03:48:22.378116,160,0,0,0,0,0
2026-08-13T03:48:22.378116,160,0,0,0,0,0
2026-08-13T03:48:22.379146,159,0,0,0,0,0
2026-08-13T03:48:22.379146,158,0,0,0,0,0
2026-08-13T03:48:22.381710,156,0,0,0,0,0
2026-08-13T03:48:22.382704,156,0,0,0,0,0
2026-08-13T03:48:22.382704,157,0,0,0,0,0
2026-08-13T03:48:22.385891,156,0,0,0,0,0
2026-08-13T03:48:22.386872,158,0,0,0,0,0
2026-08-13T03:48:22.386872,160,0,0,0,0,0
2026-08-13T03:48:22.387873,161,0,0,0,0,0
2026-08-13T03:48:22.389891,162,0,0,0,0,0
2026-08-13T03:48:22.390875,163,0,0,0,0,0
2026-08-13T03:48:22.390875,163,0,0,0,0,0
2026-08-13T03:48:22.394389,163,0,0,0,0,0
2026-08-13T03:48:22.395391,164,0,0,0,0,0
2026-08-13T03:48:22.395391,165,0,0,0,0,0
2026-08-13T03:48:22.398403,164,0,0,0,0,0
2026-08-13T03:48:22.399393,166,0,0,0,0,0
2026-08-13T03:48:22.399393,165,0,0,0,0,0
2026-08-13T03:48:22.400396,165,0,0,0,0,0
2026-08-13T03:48:22.402412,166,0,0,0,0,0
2026-08-13T03:48:22.402412,164,0,0,0,0,0
2026-08-13T03:48:22.403923,165,0,0,0,0,0
2026-08-13T03:48:22.405946,165,0,0,0,0,0
2026-08-13T03:48:22.406947,168,0,0,0,0,0
2026-08-13T03:48:22.407935,170,0,0,0,0,0
2026-08-13T03:48:22.408935,171,0,0,0,0,0
2026-08-13T03:48:22.410947,171,0,0,0,0,0
2026-08-13T03:48:22.410947,173,0,0,0,0,0
2026-08-13T03:48:22.411935,173,0,0,0,0,0
2026-08-13T03:48:22.414958,173,0,0,0,0,0
2026-08-13T03:48:22.414958,173,0,0,0,0,0
2026-08-13T03:48:22.415978,173,0,0,0,0,0
2026-08-13T03:48:22.416963,174,0,0,0,0,0
2026-08-13T03:48:22.418973,175,0,0,0,0,0
2026-08-13T03:48:22.418973,175,0,0,0,0,0
2026-08-13T03:48:22.419963,175,0,0,0,0,0
2026-08-13T03:48:22.423025,174,0,0,0,0,0
2026-08-13T03:48:22.424042,174,0,0,0,0,0
2026-08-13T03:48:22.425066,175,0,0,0,0,0
2026-08-13T03:48:22.427057,176,0,0,0,0,0
2026-08-13T03:48:22.428057,179,0,0,0,0,0
2026-08-13T03:48:22.428057,180,0,0,0,0,0
2026-08-13T03:48:22.429056,180,0,0,0,0,0
2026-08-13T03:48:22.431055,181,0,0,0,0,0
2026-08-13T03:48:22.432055,182,0,0,0,0,0
2026-08-13T03:48:22.432055,180,0,0,0,0,0
2026-08-13T03:48:22.434578,179,0,0,0,0,0
2026-08-13T03:48:22.435577,180,0,0,0,0,0
2026-08-13T03:48:22.436588,180,0,0,0,0,0
2026-08-13T03:48:22.436588,180,0,0,0,0,0
2026-08-13T03:48:22.439587,179,0,0,0,0,0
2026-08-13T03:48:22.439587,178,0,0,0,0,0
2026-08-13T03:48:22.440589,177,0,0,0,0,0
2026-08-13T03:48:22.443699,176,0,0,0,0,0
2026-08-13T03:48:22.443699,177,0,0,0,0,0
2026-08-13T03:48:22.443699,176,0,0,0,0,0
2026-08-13T03:48:22.445163,178,0,0,0,0,0
2026-08-13T03:48:22.447768,180,0,0,0,0,0
2026-08-13T03:48:22.447768,181,0,0,0,0,0
2026-08-13T03:48:22.448792,182,0,0,0,0,0
2026-08-13T03:48:22.451357,182,0,0,0,0,0
2026-08-13T03:48:22.452409,182,0,0,0,0,0
2026-08-13T03:48:22.452409,181,0,0,0,0,0
2026-08-13T03:48:22.453919,180,0,0,0,0,0
2026-08-13T03:48:22.455947,181,0,0,0,0,0
2026-08-13T03:48:22.455947,180,0,0,0,0,0
2026-08-13T03:48:22.456947,179,0,0,0,0,0
2026-08-13T03:48:22.459941,179,0,0,0,0,0
2026-08-13T03:48:22.459941,178,0,0,0,0,0
2026-08-13T03:48:22.460943,177,0,0,0,0,0
2026-08-13T03:48:22.463941,176,0,0,0,0,0
2026-08-13T03:48:22.463941,177,0,0,0,0,0
2026-08-13T03:48:22.477413,177,0,0,0,0,0
2026-08-13T03:48:22.479415,178,0,0,0,0,0
2026-08-13T03:48:22.479415,180,0,0,0,0,0
2026-08-13T03:48:22.480928,182,0,0,0,0,0
2026-08-13T03:48:22.481949,182,0,0,0,0,0
2026-08-13T03:48:22.482947,181,0,0,0,0,0
2026-08-13T03:48:22.483943,182,0,0,0,0,0
2026-08-13T03:48:22.484454,180,0,0,0,0,0
2026-08-13T03:48:22.485470,180,0,0,0,0,0
2026-08-13T03:48:22.486489,181,0,0,0,0,0
2026-08-13T03:48:22.487486,180,0,0,0,0,0
2026-08-13T03:48:22.487486,180,0,0,0,0,0
2026-08-13T03:48:22.488488,180,0,0,0,0,0
2026-08-13T03:48:22.489489,179,0,0,0,0,0
2026-08-13T03:48:22.489489,179,0,0,0,0,0
2026-08-13T03:48:22.491483,178,0,0,0,0,0
2026-08-13T03:48:22.491483,178,0,0,0,0,0
2026-08-13T03:48:22.492481,178,0,0,0,0,0
2026-08-13T03:48:22.492481,181,0,0,0,0,0
2026-08-13T03:48:22.493990,182,0,0,0,0,0
2026-08-13T03:48:22.493990,182,0,0,0,0,0
2026-08-13T03:48:22.495000,183,0,0,0,0,0
2026-08-13T03:48:22.495000,183,0,0,0,0,0
2026-08-13T03:48:22.495999,182,0,0,0,0,0
2026-08-13T03:48:22.495999,181,0,0,0,0,0
2026-08-13T03:48:22.496999,181,0,0,0,0,0
2026-08-13T03:48:22.497999,182,0,0,0,0,0
2026-08-13T03:48:22.497999,181,0,0,0,0,0
2026-08-13T03:48:22.499009,180,0,0,0,0,0
2026-08-13T03:48:22.500991,180,0,0,0,0,0
2026-08-13T03:48:22.500991,180,0,0,0,0,0
2026-08-13T03:48:22.502010,180,0,0,0,0,0
2026-08-13T03:48:22.502010,178,0,0,0,0,0
2026-08-13T03:48:22.504615,179,0,0,0,0,0
2026-08-13T03:48:22.504615,179,0,0,0,0,0
2026-08-13T03:48:22.506091,181,0,0,0,0,0
2026-08-13T03:48:22.509103,182,0,0,0,0,0
2026-08-13T03:48:22.509103,183,0,0,0,0,0
2026-08-13T03:48:22.510090,183,0,0,0,0,0
2026-08-13T03:48:22.510090,183,0,0,0,0,0
2026-08-13T03:48:22.512089,182,0,0,0,0,0
2026-08-13T03:48:22.513594,181,0,0,0,0,0
2026-08-13T03:48:22.513594,182,0,0,0,0,0
2026-08-13T03:48:22.516659,181,0,0,0,0,0
2026-08-13T03:48:22.517643,180,0,0,0,0,0
2026-08-13T03:48:22.517643,181,0,0,0,0,0
2026-08-13T03:48:22.518648,181,0,0,0,0,0
2026-08-13T03:48:22.521643,180,0,0,0,0,0
2026-08-13T03:48:22.521643,179,0,0,0,0,0
2026-08-13T03:48:22.521643,178,0,0,0,0,0
2026-08-13T03:48:22.525178,179,0,0,0,0,0
2026-08-13T03:48:22.525178,179,0,0,0,0,0
2026-08-13T03:48:22.526186,182,0,0,0,0,0
2026-08-13T03:48:22.529657,183,0,0,0,0,0
2026-08-13T03:48:22.529657,183,0,0,0,0,0
2026-08-13T03:48:22.530693,183,0,0,0,0,0
2026-08-13T03:48:22.530693,183,0,0,0,0,0
2026-08-13T03:48:22.533765,182,0,0,0,0,0
2026-08-13T03:48:22.533765,181,0,0,0,0,0
2026-08-13T03:48:22.534878,181,0,0,0,0,0
2026-08-13T03:48:22.537151,181,0,0,0,0,0
2026-08-13T03:48:22.538139,181,0,0,0,0,0
2026-08-13T03:48:22.538139,181,0,0,0,0,0
2026-08-13T03:48:22.539139,180,0,0,0,0,0
2026-08-13T03:48:22.541129,179,0,0,0,0,0
2026-08-13T03:48:22.542139,178,0,0,0,0,0
2026-08-13T03:48:22.542139,179,0,0,0,0,0
2026-08-13T03:48:22.544683,177,0,0,0,0,0
2026-08-13T03:48:22.546163,179,0,0,0,0,0
2026-08-13T03:48:22.547173,181,0,0,0,0,0
2026-08-13T03:48:22.547173,182,0,0,0,0,0
2026-08-13T03:48:22.550186,183,0,0,0,0,0
2026-08-13T03:48:22.550186,183,0,0,0,0,0
2026-08-13T03:48:22.551185,183,0,0,0,0,0
2026-08-13T03:48:22.553959,181,0,0,0,0,0
2026-08-13T03:48:22.554983,181,0,0,0,0,0
2026-08-13T03:48:22.554983,181,0,0,0,0,0
2026-08-13T03:48:22.555980,180,0,0,0,0,0
2026-08-13T03:48:22.557985,179,0,0,0,0,0
2026-08-13T03:48:22.558981,179,0,0,0,0,0
2026-08-13T03:48:22.558981,179,0,0,0,0,0
2026-08-13T03:48:22.562348,178,0,0,0,0,0
2026-08-13T03:48:22.562348,177,0,0,0,0,0
2026-08-13T03:48:22.562348,177,0,0,0,0,0
2026-08-13T03:48:22.565885,177,0,0,0,0,0
2026-08-13T03:48:22.566877,179,0,0,0,0,0
2026-08-13T03:48:22.566877,181,0,0,0,0,0
2026-08-13T03:48:22.567863,182,0,0,0,0,0
2026-08-13T03:48:22.569876,182,0,0,0,0,0
2026-08-13T03:48:22.570876,181,0,0,0,0,0
2026-08-13T03:48:22.570876,180,0,0,0,0,0
2026-08-13T03:48:22.574371,178,0,0,0,0,0
2026-08-13T03:48:22.575381,178,0,0,0,0,0
2026-08-13T03:48:22.575381,178,0,0,0,0,0
2026-08-13T03:48:22.576383,176,0,0,0,0,0
2026-08-13T03:48:22.578818,176,0,0,0,0,0
2026-08-13T03:48:22.578818,175,0,0,0,0,0
2026-08-13T03:48:22.579838,174,0,0,0,0,0
2026-08-13T03:48:22.582917,173,0,0,0,0,0
2026-08-13T03:48:22.582917,172,0,0,0,0,0
2026-08-13T03:48:22.583927,173,0,0,0,0,0
2026-08-13T03:48:22.583927,172,0,0,0,0,0
2026-08-13T03:48:22.586811,173,0,0,0,0,0
2026-08-13T03:48:22.586811,174,0,0,0,0,0
2026-08-13T03:48:22.587794,174,0,0,0,0,0
2026-08-13T03:48:22.590794,173,0,0,0,0,0
2026-08-13T03:48:22.591805,173,0,0,0,0,0
2026-08-13T03:48:22.591805,172,0,0,0,0,0
2026-08-13T03:48:22.594305,169,0,0,0,0,0
2026-08-13T03:48:22.595314,169,0,0,0,0,0
2026-08-13T03:48:22.596323,169,0,0,0,0,0
2026-08-13T03:48:22.596323,169,0,0,0,0,0
2026-08-13T03:48:22.599322,169,0,0,0,0,0
2026-08-13T03:48:22.599322,168,0,0,0,0,0
2026-08-13T03:48:22.600326,168,0,0,0,0,0
2026-08-13T03:48:22.602324,167,0,0,0,0,0
2026-08-13T03:48:22.603832,168,0,0,0,0,0
2026-08-13T03:48:22.603832,167,0,0,0,0,0
2026-08-13T03:48:22.604844,167,0,0,0,0,0
2026-08-13T03:48:22.606825,170,0,0,0,0,0
2026-08-13T03:48:22.607806,171,0,0,0,0,0
2026-08-13T03:48:22.608804,172,0,0,0,0,0
2026-08-13T03:48:22.611437,172,0,0,0,0,0
2026-08-13T03:48:22.612051,172,0,0,0,0,0
2026-08-13T03:48:22.612678,170,0,0,0,0,0
2026-08-13T03:48:22.613287,170,0,0,0,0,0
2026-08-13T03:48:22.615741,171,0,0,0,0,0
2026-08-13T03:48:22.615741,170,0,0,0,0,0
2026-08-13T03:48:22.616767,170,0,0,0,0,0
2026-08-13T03:48:22.618948,170,0,0,0,0,0
2026-08-13T03:48:22.619934,169,0,0,0,0,0
2026-08-13T03:48:22.620934,168,0,0,0,0,0
2026-08-13T03:48:22.620934,167,0,0,0,0,0
2026-08-13T03:48:22.623934,167,0,0,0,0,0
2026-08-13T03:48:22.623934,168,0,0,0,0,0
2026-08-13T03:48:22.623934,168,0,0,0,0,0
2026-08-13T03:48:22.627444,171,0,0,0,0,0
2026-08-13T03:48:22.628445,171,0,0,0,0,0
2026-08-13T03:48:22.628445,172,0,0,0,0,0
2026-08-13T03:48:22.631432,172,0,0,0,0,0
2026-08-13T03:48:22.632436,172,0,0,0,0,0
2026-08-13T03:48:22.632436,171,0,0,0,0,0
2026-08-13T03:48:22.633947,170,0,0,0,0,0
2026-08-13T03:48:22.636156,170,0,0,0,0,0
2026-08-13T03:48:22.636156,170,0,0,0,0,0
2026-08-13T03:48:22.637165,169,0,0,0,0,0
2026-08-13T03:48:22.640178,170,0,0,0,0,0
2026-08-13T03:48:22.640178,169,0,0,0,0,0
2026-08-13T03:48:22.641167,167,0,0,0,0,0
2026-08-13T03:48:22.642167,167,0,0,0,0,0
2026-08-13T03:48:22.643677,168,0,0,0,0,0
2026-08-13T03:48:22.644687,167,0,0,0,0,0
2026-08-13T03:48:22.645687,169,0,0,0,0,0
2026-08-13T03:48:22.647688,172,0,0,0,0,0
2026-08-13T03:48:22.648688,171,0,0,0,0,0
2026-08-13T03:48:22.648688,172,0,0,0,0,0
2026-08-13T03:48:22.649690,172,0,0,0,0,0
2026-08-13T03:48:22.652689,172,0,0,0,0,0
2026-08-13T03:48:22.652689,170,0,0,0,0,0
2026-08-13T03:48:22.654199,170,0,0,0,0,0
2026-08-13T03:48:22.656640,171,0,0,0,0,0
2026-08-13T03:48:22.656640,170,0,0,0,0,0
2026-08-13T03:48:22.657660,171,0,0,0,0,0
2026-08-13T03:48:22.660658,169,0,0,0,0,0
2026-08-13T03:48:22.660658,169,0,0,0,0,0
2026-08-13T03:48:22.661678,169,0,0,0,0,0
2026-08-13T03:48:22.662658,168,0,0,0,0,0
2026-08-13T03:48:22.664615,168,0,0,0,0,0
2026-08-13T03:48:22.665634,167,0,0,0,0,0
2026-08-13T03:48:22.665634,170,0,0,0,0,0
2026-08-13T03:48:22.668942,172,0,0,0,0,0
2026-08-13T03:48:22.668942,172,0,0,0,0,0
2026-08-13T03:48:22.669963,172,0,0,0,0,0
2026-08-13T03:48:22.671323,173,0,0,0,0,0
2026-08-13T03:48:22.673016,171,0,0,0,0,0
2026-08-13T03:48:22.673690,170,0,0,0,0,0
2026-08-13T03:48:22.674713,171,0,0,0,0,0
2026-08-13T03:48:22.676709,171,0,0,0,0,0
2026-08-13T03:48:22.677713,169,0,0,0,0,0
2026-08-13T03:48:22.678709,170,0,0,0,0,0
2026-08-13T03:48:22.678709,169,0,0,0,0,0
2026-08-13T03:48:22.680741,169,0,0,0,0,0
2026-08-13T03:48:22.680741,169,0,0,0,0,0
2026-08-13T03:48:22.682238,167,0,0,0,0,0
2026-08-13T03:48:22.684775,168,0,0,0,0,0
2026-08-13T03:48:22.685777,168,0,0,0,0,0
2026-08-13T03:48:22.686789,170,0,0,0,0,0
2026-08-13T03:48:22.686789,172,0,0,0,0,0
2026-08-13T03:48:22.688786,172,0,0,0,0,0
2026-08-13T03:48:22.689785,172,0,0,0,0,0
2026-08-13T03:48:22.690794,172,0,0,0,0,0
2026-08-13T03:48:22.692790,171,0,0,0,0,0
2026-08-13T03:48:22.694299,170,0,0,0,0,0
2026-08-13T03:48:22.694299,170,0,0,0,0,0
2026-08-13T03:48:22.697605,170,0,0,0,0,0
2026-08-13T03:48:22.697605,170,0,0,0,0,0
2026-08-13T03:48:22.698625,170,0,0,0,0,0
2026-08-13T03:48:22.699616,169,0,0,0,0,0
2026-08-13T03:48:22.701620,168,0,0,0,0,0
2026-08-13T03:48:22.702616,167,0,0,0,0,0
2026-08-13T03:48:22.702616,168,0,0,0,0,0
2026-08-13T03:48:22.705136,168,0,0,0,0,0
2026-08-13T03:48:22.706146,168,0,0,0,0,0
2026-08-13T03:48:22.706146,170,0,0,0,0,0
2026-08-13T03:48:22.706146,171,0,0,0,0,0
2026-08-13T03:48:22.709535,171,0,0,0,0,0
2026-08-13T03:48:22.710577,172,0,0,0,0,0
2026-08-13T03:48:22.711095,171,0,0,0,0,0
2026-08-13T03:48:22.713656,170,0,0,0,0,0
2026-08-13T03:48:22.714665,169,0,0,0,0,0
2026-08-13T03:48:22.714665,171,0,0,0,0,0
2026-08-13T03:48:22.714665,171,0,0,0,0,0
2026-08-13T03:48:22.717603,171,0,0,0,0,0
2026-08-13T03:48:22.718622,171,0,0,0,0,0
2026-08-13T03:48:22.718622,170,0,0,0,0,0
2026-08-13T03:48:22.721748,169,0,0,0,0,0
2026-08-13T03:48:22.722724,169,0,0,0,0,0
2026-08-13T03:48:22.722724,169,0,0,0,0,0
2026-08-13T03:48:22.726249,168,0,0,0,0,0
2026-08-13T03:48:22.726249,169,0,0,0,0,0
2026-08-13T03:48:22.727248,172,0,0,0,0,0
2026-08-13T03:48:22.727248,172,0,0,0,0,0
2026-08-13T03:48:22.730245,174,0,0,0,0,0
2026-08-13T03:48:22.730245,173,0,0,0,0,0
2026-08-13T03:48:22.730245,172,0,0,0,0,0
2026-08-13T03:48:22.733786,171,0,0,0,0,0
2026-08-13T03:48:22.734802,171,0,0,0,0,0
2026-08-13T03:48:22.734802,171,0,0,0,0,0
2026-08-13T03:48:22.734802,171,0,0,0,0,0
2026-08-13T03:48:22.738567,171,0,0,0,0,0
2026-08-13T03:48:22.738567,171,0,0,0,0,0
2026-08-13T03:48:22.739589,170,0,0,0,0,0
2026-08-13T03:48:22.742600,170,0,0,0,0,0
2026-08-13T03:48:22.742600,170,0,0,0,0,0
2026-08-13T03:48:22.743584,170,0,0,0,0,0
2026-08-13T03:48:22.743584,170,0,0,0,0,0
2026-08-13T03:48:22.746766,171,0,0,0,0,0
2026-08-13T03:48:22.746766,174,0,0,0,0,0
2026-08-13T03:48:22.747783,174,0,0,0,0,0
2026-08-13T03:48:22.750098,175,0,0,0,0,0
2026-08-13T03:48:22.751080,175,0,0,0,0,0
2026-08-13T03:48:22.751080,176,0,0,0,0,0
2026-08-13T03:48:22.752095,174,0,0,0,0,0
2026-08-13T03:48:22.754660,174,0,0,0,0,0
2026-08-13T03:48:22.755656,175,0,0,0,0,0
2026-08-13T03:48:22.755656,174,0,0,0,0,0
2026-08-13T03:48:22.758659,174,0,0,0,0,0
2026-08-13T03:48:22.759653,174,0,0,0,0,0
2026-08-13T03:48:22.759653,172,0,0,0,0,0
2026-08-13T03:48:22.762640,172,0,0,0,0,0
2026-08-13T03:48:22.763655,170,0,0,0,0,0
2026-08-13T03:48:22.764168,170,0,0,0,0,0
2026-08-13T03:48:22.764168,169,0,0,0,0,0
2026-08-13T03:48:22.767179,170,0,0,0,0,0
2026-08-13T03:48:22.767179,171,0,0,0,0,0
2026-08-13T03:48:22.768183,169,0,0,0,0,0
2026-08-13T03:48:22.771191,170,0,0,0,0,0
2026-08-13T03:48:22.771191,170,0,0,0,0,0
2026-08-13T03:48:22.772196,169,0,0,0,0,0
2026-08-13T03:48:22.772196,167,0,0,0,0,0
2026-08-13T03:48:22.774743,168,0,0,0,0,0
2026-08-13T03:48:22.775726,169,0,0,0,0,0
2026-08-13T03:48:22.775726,168,0,0,0,0,0
2026-08-13T03:48:22.779030,169,0,0,0,0,0
2026-08-13T03:48:22.780008,168,0,0,0,0,0
2026-08-13T03:48:22.780901,168,0,0,0,0,0
2026-08-13T03:48:22.781479,168,0,0,0,0,0
2026-08-13T03:48:22.782483,168,0,0,0,0,0
2026-08-13T03:48:22.784091,167,0,0,0,0,0
2026-08-13T03:48:22.784091,167,0,0,0,0,0
2026-08-13T03:48:22.787746,170,0,0,0,0,0
2026-08-13T03:48:22.787746,171,0,0,0,0,0
2026-08-13T03:48:22.788762,171,0,0,0,0,0
2026-08-13T03:48:22.788762,171,0,0,0,0,0
2026-08-13T03:48:22.791817,171,0,0,0,0,0
2026-08-13T03:48:22.791817,170,0,0,0,0,0
2026-08-13T03:48:22.792833,170,0,0,0,0,0
2026-08-13T03:48:22.795929,170,0,0,0,0,0
2026-08-13T03:48:22.795929,170,0,0,0,0,0
2026-08-13T03:48:22.796910,169,0,0,0,0,0
2026-08-13T03:48:22.799909,169,0,0,0,0,0
2026-08-13T03:48:22.799909,169,0,0,0,0,0
2026-08-13T03:48:22.800910,169,0,0,0,0,0
2026-08-13T03:48:22.800910,168,0,0,0,0,0
2026-08-13T03:48:22.803923,168,0,0,0,0,0
2026-08-13T03:48:22.803923,168,0,0,0,0,0
2026-08-13T03:48:22.805021,169,0,0,0,0,0
2026-08-13T03:48:22.808022,172,0,0,0,0,0
2026-08-13T03:48:22.809020,172,0,0,0,0,0
2026-08-13T03:48:22.809020,172,0,0,0,0,0
2026-08-13T03:48:22.810023,172,0,0,0,0,0
2026-08-13T03:48:22.812022,172,0,0,0,0,0
2026-08-13T03:48:22.812022,171,0,0,0,0,0
2026-08-13T03:48:22.813021,170,0,0,0,0,0
2026-08-13T03:48:22.815555,171,0,0,0,0,0
2026-08-13T03:48:22.816538,170,0,0,0,0,0
2026-08-13T03:48:22.817540,171,0,0,0,0,0
2026-08-13T03:48:22.817540,171,0,0,0,0,0
2026-08-13T03:48:22.820537,171,0,0,0,0,0
2026-08-13T03:48:22.820537,170,0,0,0,0,0
2026-08-13T03:48:22.821540,171,0,0,0,0,0
2026-08-13T03:48:22.824048,173,0,0,0,0,0
2026-08-13T03:48:22.825061,173,0,0,0,0,0
2026-08-13T03:48:22.826070,175,0,0,0,0,0
2026-08-13T03:48:22.828667,177,0,0,0,0,0
2026-08-13T03:48:22.828667,178,0,0,0,0,0
2026-08-13T03:48:22.829680,179,0,0,0,0,0
2026-08-13T03:48:22.829680,178,0,0,0,0,0
2026-08-13T03:48:22.832412,179,0,0,0,0,0
2026-08-13T03:48:22.832412,177,0,0,0,0,0
2026-08-13T03:48:22.833925,178,0,0,0,0,0
2026-08-13T03:48:22.836949,178,0,0,0,0,0
2026-08-13T03:48:22.836949,178,0,0,0,0,0
2026-08-13T03:48:22.837937,178,0,0,0,0,0
2026-08-13T03:48:22.837937,178,0,0,0,0,0
2026-08-13T03:48:22.840940,177,0,0,0,0,0
2026-08-13T03:48:22.841936,177,0,0,0,0,0
2026-08-13T03:48:22.841936,177,0,0,0,0,0
2026-08-13T03:48:22.844448,177,0,0,0,0,0
2026-08-13T03:48:22.845458,176,0,0,0,0,0
2026-08-13T03:48:22.845458,179,0,0,0,0,0
2026-08-13T03:48:22.846468,180,0,0,0,0,0
2026-08-13T03:48:22.848468,181,0,0,0,0,0
2026-08-13T03:48:22.849468,182,0,0,0,0,0
2026-08-13T03:48:22.849468,182,0,0,0,0,0
2026-08-13T03:48:22.853244,183,0,0,0,0,0
2026-08-13T03:48:22.853779,181,0,0,0,0,0
2026-08-13T03:48:22.853779,182,0,0,0,0,0
2026-08-13T03:48:22.854799,182,0,0,0,0,0
2026-08-13T03:48:22.856505,181,0,0,0,0,0
2026-08-13T03:48:22.857521,181,0,0,0,0,0
2026-08-13T03:48:22.858552,180,0,0,0,0,0
2026-08-13T03:48:22.860995,179,0,0,0,0,0
2026-08-13T03:48:22.862009,178,0,0,0,0,0
2026-08-13T03:48:22.862009,177,0,0,0,0,0
2026-08-13T03:48:22.865068,177,0,0,0,0,0
2026-08-13T03:48:22.866088,177,0,0,0,0,0
2026-08-13T03:48:22.866088,179,0,0,0,0,0
2026-08-13T03:48:22.867071,182,0,0,0,0,0
2026-08-13T03:48:22.869082,181,0,0,0,0,0
2026-08-13T03:48:22.870068,182,0,0,0,0,0
2026-08-13T03:48:22.871068,181,0,0,0,0,0
2026-08-13T03:48:22.873617,181,0,0,0,0,0
2026-08-13T03:48:22.874636,180,0,0,0,0,0
2026-08-13T03:48:22.874636,181,0,0,0,0,0
2026-08-13T03:48:22.875654,180,0,0,0,0,0
2026-08-13T03:48:22.877635,179,0,0,0,0,0
2026-08-13T03:48:22.878650,180,0,0,0,0,0
2026-08-13T03:48:22.879637,179,0,0,0,0,0
2026-08-13T03:48:22.881907,179,0,0,0,0,0
2026-08-13T03:48:22.881907,177,0,0,0,0,0
2026-08-13T03:48:22.882916,178,0,0,0,0,0
2026-08-13T03:48:22.882916,178,0,0,0,0,0
2026-08-13T03:48:22.886007,180,0,0,0,0,0
2026-08-13T03:48:22.886007,180,0,0,0,0,0
2026-08-13T03:48:22.887030,181,0,0,0,0,0
2026-08-13T03:48:22.890028,182,0,0,0,0,0
2026-08-13T03:48:22.891018,182,0,0,0,0,0
2026-08-13T03:48:22.891018,182,0,0,0,0,0
2026-08-13T03:48:22.894035,180,0,0,0,0,0
2026-08-13T03:48:22.895049,179,0,0,0,0,0
2026-08-13T03:48:22.896067,179,0,0,0,0,0
2026-08-13T03:48:22.896067,179,0,0,0,0,0
2026-08-13T03:48:22.898268,178,0,0,0,0,0
2026-08-13T03:48:22.898268,179,0,0,0,0,0
2026-08-13T03:48:22.899278,178,0,0,0,0,0
2026-08-13T03:48:22.902289,178,0,0,0,0,0
2026-08-13T03:48:22.902289,177,0,0,0,0,0
2026-08-13T03:48:22.902289,178,0,0,0,0,0
2026-08-13T03:48:22.902289,177,0,0,0,0,0
2026-08-13T03:48:22.906304,178,0,0,0,0,0
2026-08-13T03:48:22.906304,180,0,0,0,0,0
2026-08-13T03:48:22.907286,181,0,0,0,0,0
2026-08-13T03:48:22.910692,182,0,0,0,0,0
2026-08-13T03:48:22.910692,181,0,0,0,0,0
2026-08-13T03:48:22.910692,181,0,0,0,0,0
2026-08-13T03:48:22.911713,180,0,0,0,0,0
2026-08-13T03:48:22.914615,180,0,0,0,0,0
2026-08-13T03:48:22.914615,181,0,0,0,0,0
2026-08-13T03:48:22.914615,180,0,0,0,0,0
2026-08-13T03:48:22.918859,180,0,0,0,0,0
2026-08-13T03:48:22.918859,180,0,0,0,0,0
2026-08-13T03:48:22.919883,177,0,0,0,0,0
2026-08-13T03:48:22.919883,178,0,0,0,0,0
2026-08-13T03:48:22.922893,178,0,0,0,0,0
2026-08-13T03:48:22.922893,178,0,0,0,0,0
2026-08-13T03:48:22.923882,177,0,0,0,0,0
2026-08-13T03:48:22.926415,179,0,0,0,0,0
2026-08-13T03:48:22.927414,181,0,0,0,0,0
2026-08-13T03:48:22.927414,182,0,0,0,0,0
2026-08-13T03:48:22.930427,182,0,0,0,0,0
2026-08-13T03:48:22.931414,182,0,0,0,0,0
2026-08-13T03:48:22.932416,182,0,0,0,0,0
2026-08-13T03:48:22.932416,181,0,0,0,0,0
2026-08-13T03:48:22.934954,180,0,0,0,0,0
2026-08-13T03:48:22.934954,181,0,0,0,0,0
2026-08-13T03:48:22.935947,180,0,0,0,0,0
2026-08-13T03:48:22.939084,180,0,0,0,0,0
2026-08-13T03:48:22.939084,180,0,0,0,0,0
2026-08-13T03:48:22.940200,179,0,0,0,0,0
2026-08-13T03:48:22.940200,178,0,0,0,0,0
2026-08-13T03:48:22.942202,178,0,0,0,0,0
2026-08-13T03:48:22.943713,177,0,0,0,0,0
2026-08-13T03:48:22.943713,178,0,0,0,0,0
2026-08-13T03:48:22.947468,180,0,0,0,0,0
2026-08-13T03:48:22.947468,182,0,0,0,0,0
2026-08-13T03:48:22.948486,181,0,0,0,0,0
2026-08-13T03:48:22.948486,182,0,0,0,0,0
2026-08-13T03:48:22.951494,182,0,0,0,0,0
2026-08-13T03:48:22.952510,181,0,0,0,0,0
2026-08-13T03:48:22.952510,180,0,0,0,0,0
2026-08-13T03:48:22.955646,180,0,0,0,0,0
2026-08-13T03:48:22.955646,180,0,0,0,0,0
2026-08-13T03:48:22.956676,180,0,0,0,0,0
2026-08-13T03:48:22.959740,180,0,0,0,0,0
2026-08-13T03:48:22.959740,179,0,0,0,0,0
2026-08-13T03:48:22.960768,179,0,0,0,0,0
2026-08-13T03:48:22.961758,178,0,0,0,0,0
2026-08-13T03:48:22.963771,178,0,0,0,0,0
2026-08-13T03:48:22.963771,178,0,0,0,0,0
2026-08-13T03:48:22.964936,178,0,0,0,0,0
2026-08-13T03:48:22.967944,181,0,0,0,0,0
2026-08-13T03:48:22.968940,182,0,0,0,0,0
2026-08-13T03:48:22.969938,183,0,0,0,0,0
2026-08-13T03:48:22.969938,183,0,0,0,0,0
2026-08-13T03:48:22.971951,182,0,0,0,0,0
2026-08-13T03:48:22.971951,182,0,0,0,0,0
2026-08-13T03:48:22.972937,181,0,0,0,0,0
2026-08-13T03:48:22.975496,181,0,0,0,0,0
2026-08-13T03:48:22.976463,180,0,0,0,0,0
2026-08-13T03:48:22.977462,180,0,0,0,0,0
2026-08-13T03:48:22.977462,180,0,0,0,0,0
2026-08-13T03:48:22.979464,180,0,0,0,0,0
2026-08-13T03:48:22.979464,179,0,0,0,0,0
2026-08-13T03:48:22.980972,178,0,0,0,0,0
2026-08-13T03:48:22.984003,178,0,0,0,0,0
2026-08-13T03:48:22.984003,177,0,0,0,0,0
2026-08-13T03:48:22.985315,177,0,0,0,0,0
2026-08-13T03:48:22.985315,181,0,0,0,0,0
2026-08-13T03:48:22.988336,182,0,0,0,0,0
2026-08-13T03:48:22.988336,182,0,0,0,0,0
2026-08-13T03:48:22.988336,181,0,0,0,0,0
2026-08-13T03:48:22.992322,181,0,0,0,0,0
2026-08-13T03:48:22.992322,181,0,0,0,0,0
2026-08-13T03:48:22.992322,180,0,0,0,0,0
2026-08-13T03:48:22.996609,181,0,0,0,0,0
2026-08-13T03:48:22.996609,180,0,0,0,0,0
2026-08-13T03:48:22.997596,180,0,0,0,0,0
2026-08-13T03:48:22.997596,180,0,0,0,0,0
2026-08-13T03:48:23.000596,179,0,0,0,0,0
2026-08-13T03:48:23.000596,178,0,0,0,0,0
2026-08-13T03:48:23.001597,177,0,0,0,0,0
2026-08-13T03:48:23.004149,178,0,0,0,0,0
2026-08-13T03:48:23.005147,177,0,0,0,0,0
2026-08-13T03:48:23.005147,179,0,0,0,0,0
2026-08-13T03:48:23.006158,181,0,0,0,0,0
2026-08-13T03:48:23.008180,182,0,0,0,0,0
2026-08-13T03:48:23.009156,182,0,0,0,0,0
2026-08-13T03:48:23.009156,181,0,0,0,0,0
2026-08-13T03:48:23.012187,182,0,0,0,0,0
2026-08-13T03:48:23.013695,180,0,0,0,0,0
2026-08-13T03:48:23.013695,180,0,0,0,0,0
2026-08-13T03:48:23.014702,180,0,0,0,0,0
2026-08-13T03:48:23.016819,179,0,0,0,0,0
2026-08-13T03:48:23.016819,178,0,0,0,0,0
2026-08-13T03:48:23.017829,178,0,0,0,0,0
2026-08-13T03:48:23.020274,177,0,0,0,0,0
2026-08-13T03:48:23.021307,176,0,0,0,0,0
2026-08-13T03:48:23.021307,175,0,0,0,0,0
2026-08-13T03:48:23.022282,175,0,0,0,0,0
2026-08-13T03:48:23.024843,175,0,0,0,0,0
2026-08-13T03:48:23.025842,176,0,0,0,0,0
2026-08-13T03:48:23.025842,177,0,0,0,0,0
2026-08-13T03:48:23.029366,177,0,0,0,0,0
2026-08-13T03:48:23.029366,179,0,0,0,0,0
2026-08-13T03:48:23.029366,178,0,0,0,0,0
2026-08-13T03:48:23.033493,177,0,0,0,0,0
2026-08-13T03:48:23.034017,176,0,0,0,0,0
2026-08-13T03:48:23.034017,175,0,0,0,0,0
2026-08-13T03:48:23.035033,175,0,0,0,0,0
2026-08-13T03:48:23.037070,174,0,0,0,0,0
2026-08-13T03:48:23.038053,175,0,0,0,0,0
2026-08-13T03:48:23.038053,173,0,0,0,0,0
2026-08-13T03:48:23.041055,173,0,0,0,0,0
2026-08-13T03:48:23.042054,172,0,0,0,0,0
2026-08-13T03:48:23.043054,172,0,0,0,0,0
2026-08-13T03:48:23.043054,172,0,0,0,0,0
2026-08-13T03:48:23.045302,172,0,0,0,0,0
2026-08-13T03:48:23.046302,175,0,0,0,0,0
2026-08-13T03:48:23.046302,176,0,0,0,0,0
2026-08-13T03:48:23.049300,177,0,0,0,0,0
2026-08-13T03:48:23.050287,178,0,0,0,0,0
2026-08-13T03:48:23.050287,178,0,0,0,0,0
2026-08-13T03:48:23.051301,178,0,0,0,0,0
2026-08-13T03:48:23.053941,177,0,0,0,0,0
2026-08-13T03:48:23.053941,177,0,0,0,0,0
2026-08-13T03:48:23.055061,178,0,0,0,0,0
2026-08-13T03:48:23.058060,178,0,0,0,0,0
2026-08-13T03:48:23.058060,178,0,0,0,0,0
2026-08-13T03:48:23.059061,178,0,0,0,0,0
2026-08-13T03:48:23.062060,178,0,0,0,0,0
2026-08-13T03:48:23.062060,177,0,0,0,0,0
2026-08-13T03:48:23.063061,178,0,0,0,0,0
2026-08-13T03:48:23.063061,178,0,0,0,0,0
2026-08-13T03:48:23.065962,178,0,0,0,0,0
2026-08-13T03:48:23.065962,181,0,0,0,0,0
2026-08-13T03:48:23.066968,182,0,0,0,0,0
2026-08-13T03:48:23.070079,183,0,0,0,0,0
2026-08-13T03:48:23.070079,182,0,0,0,0,0
2026-08-13T03:48:23.071113,183,0,0,0,0,0
2026-08-13T03:48:23.071624,182,0,0,0,0,0
2026-08-13T03:48:23.073942,182,0,0,0,0,0
2026-08-13T03:48:23.075401,182,0,0,0,0,0
2026-08-13T03:48:23.075401,182,0,0,0,0,0
2026-08-13T03:48:23.078081,182,0,0,0,0,0
2026-08-13T03:48:23.079120,182,0,0,0,0,0
2026-08-13T03:48:23.079120,182,0,0,0,0,0
2026-08-13T03:48:23.080090,182,0,0,0,0,0
2026-08-13T03:48:23.082630,181,0,0,0,0,0
2026-08-13T03:48:23.082630,181,0,0,0,0,0
2026-08-13T03:48:23.083612,181,0,0,0,0,0
2026-08-13T03:48:23.086143,182,0,0,0,0,0
2026-08-13T03:48:23.087137,185,0,0,0,0,0
2026-08-13T03:48:23.087137,185,0,0,0,0,0
2026-08-13T03:48:23.088127,187,0,0,0,0,0
2026-08-13T03:48:23.090140,187,0,0,0,0,0
2026-08-13T03:48:23.091129,187,0,0,0,0,0
2026-08-13T03:48:23.092129,186,0,0,0,0,0
2026-08-13T03:48:23.094651,185,0,0,0,0,0
2026-08-13T03:48:23.094651,186,0,0,0,0,0
2026-08-13T03:48:23.095648,184,0,0,0,0,0
2026-08-13T03:48:23.098664,185,0,0,0,0,0
2026-08-13T03:48:23.098664,184,0,0,0,0,0
2026-08-13T03:48:23.099652,183,0,0,0,0,0
2026-08-13T03:48:23.099652,182,0,0,0,0,0
2026-08-13T03:48:23.103214,182,0,0,0,0,0
2026-08-13T03:48:23.103726,182,0,0,0,0,0
2026-08-13T03:48:23.103726,182,0,0,0,0,0
2026-08-13T03:48:23.107169,183,0,0,0,0,0
2026-08-13T03:48:23.107169,185,0,0,0,0,0
2026-08-13T03:48:23.108173,186,0,0,0,0,0
2026-08-13T03:48:23.108173,187,0,0,0,0,0
2026-08-13T03:48:23.111391,186,0,0,0,0,0
2026-08-13T03:48:23.111391,186,0,0,0,0,0
2026-08-13T03:48:23.112391,185,0,0,0,0,0
2026-08-13T03:48:23.114906,185,0,0,0,0,0
2026-08-13T03:48:23.115909,185,0,0,0,0,0
2026-08-13T03:48:23.115909,184,0,0,0,0,0
2026-08-13T03:48:23.116917,183,0,0,0,0,0
2026-08-13T03:48:23.119140,184,0,0,0,0,0
2026-08-13T03:48:23.119707,183,0,0,0,0,0
2026-08-13T03:48:23.120791,183,0,0,0,0,0
2026-08-13T03:48:23.123602,182,0,0,0,0,0
2026-08-13T03:48:23.124637,183,0,0,0,0,0
2026-08-13T03:48:23.125634,184,0,0,0,0,0
2026-08-13T03:48:23.127000,185,0,0,0,0,0
2026-08-13T03:48:23.128015,186,0,0,0,0,0
2026-08-13T03:48:23.129014,187,0,0,0,0,0
2026-08-13T03:48:23.129014,187,0,0,0,0,0
2026-08-13T03:48:23.131791,187,0,0,0,0,0
2026-08-13T03:48:23.131791,187,0,0,0,0,0
2026-08-13T03:48:23.132819,186,0,0,0,0,0
2026-08-13T03:48:23.135865,186,0,0,0,0,0
2026-08-13T03:48:23.135865,185,0,0,0,0,0
2026-08-13T03:48:23.136881,185,0,0,0,0,0
2026-08-13T03:48:23.136881,185,0,0,0,0,0
2026-08-13T03:48:23.139884,185,0,0,0,0,0
2026-08-13T03:48:23.140882,184,0,0,0,0,0
2026-08-13T03:48:23.141881,184,0,0,0,0,0
2026-08-13T03:48:23.143881,183,0,0,0,0,0
2026-08-13T03:48:23.145402,183,0,0,0,0,0
2026-08-13T03:48:23.145402,183,0,0,0,0,0
2026-08-13T03:48:23.145402,186,0,0,0,0,0
2026-08-13T03:48:23.147409,187,0,0,0,0,0
2026-08-13T03:48:23.148408,187,0,0,0,0,0
2026-08-13T03:48:23.148408,187,0,0,0,0,0
2026-08-13T03:48:23.151410,187,0,0,0,0,0
2026-08-13T03:48:23.152408,187,0,0,0,0,0
2026-08-13T03:48:23.152408,186,0,0,0,0,0
2026-08-13T03:48:23.152408,186,0,0,0,0,0
2026-08-13T03:48:23.155919,186,0,0,0,0,0
2026-08-13T03:48:23.156921,185,0,0,0,0,0
2026-08-13T03:48:23.156921,186,0,0,0,0,0
2026-08-13T03:48:23.159938,184,0,0,0,0,0
2026-08-13T03:48:23.160937,184,0,0,0,0,0
2026-08-13T03:48:23.160937,183,0,0,0,0,0
2026-08-13T03:48:23.164474,183,0,0,0,0,0
2026-08-13T03:48:23.164474,183,0,0,0,0,0
2026-08-13T03:48:23.165470,183,0,0,0,0,0
2026-08-13T03:48:23.165470,186,0,0,0,0,0
2026-08-13T03:48:23.168482,187,0,0,0,0,0
2026-08-13T03:48:23.168482,188,0,0,0,0,0
2026-08-13T03:48:23.169469,188,0,0,0,0,0
2026-08-13T03:48:23.172468,188,0,0,0,0,0
2026-08-13T03:48:23.172468,186,0,0,0,0,0
2026-08-13T03:48:23.173973,185,0,0,0,0,0
2026-08-13T03:48:23.173973,186,0,0,0,0,0
2026-08-13T03:48:23.175988,185,0,0,0,0,0
2026-08-13T03:48:23.177176,186,0,0,0,0,0
2026-08-13T03:48:23.177176,186,0,0,0,0,0
2026-08-13T03:48:23.180184,184,0,0,0,0,0
2026-08-13T03:48:23.181182,183,0,0,0,0,0
2026-08-13T03:48:23.181692,183,0,0,0,0,0
2026-08-13T03:48:23.181692,183,0,0,0,0,0
2026-08-13T03:48:23.184275,183,0,0,0,0,0
2026-08-13T03:48:23.185267,184,0,0,0,0,0
2026-08-13T03:48:23.185267,186,0,0,0,0,0
2026-08-13T03:48:23.188282,187,0,0,0,0,0
2026-08-13T03:48:23.189266,188,0,0,0,0,0
2026-08-13T03:48:23.189266,188,0,0,0,0,0
2026-08-13T03:48:23.193218,187,0,0,0,0,0
2026-08-13T03:48:23.193746,186,0,0,0,0,0
2026-08-13T03:48:23.193746,185,0,0,0,0,0
2026-08-13T03:48:23.193746,187,0,0,0,0,0
2026-08-13T03:48:23.197154,185,0,0,0,0,0
2026-08-13T03:48:23.197154,185,0,0,0,0,0
2026-08-13T03:48:23.198137,185,0,0,0,0,0
2026-08-13T03:48:23.201151,184,0,0,0,0,0
2026-08-13T03:48:23.202140,184,0,0,0,0,0
2026-08-13T03:48:23.202140,183,0,0,0,0,0
2026-08-13T03:48:23.202140,183,0,0,0,0,0
2026-08-13T03:48:23.204660,183,0,0,0,0,0
2026-08-13T03:48:23.205660,186,0,0,0,0,0
2026-08-13T03:48:23.205660,188,0,0,0,0,0
2026-08-13T03:48:23.208680,188,0,0,0,0,0
2026-08-13T03:48:23.209659,187,0,0,0,0,0
2026-08-13T03:48:23.209659,187,0,0,0,0,0
2026-08-13T03:48:23.210658,187,0,0,0,0,0
2026-08-13T03:48:23.213627,186,0,0,0,0,0
2026-08-13T03:48:23.213627,186,0,0,0,0,0
2026-08-13T03:48:23.214645,187,0,0,0,0,0
2026-08-13T03:48:23.217658,185,0,0,0,0,0
2026-08-13T03:48:23.217658,186,0,0,0,0,0
2026-08-13T03:48:23.218643,185,0,0,0,0,0
2026-08-13T03:48:23.218643,185,0,0,0,0,0
2026-08-13T03:48:23.221657,183,0,0,0,0,0
2026-08-13T03:48:23.221657,183,0,0,0,0,0
2026-08-13T03:48:23.222652,184,0,0,0,0,0
2026-08-13T03:48:23.225687,184,0,0,0,0,0
2026-08-13T03:48:23.226690,187,0,0,0,0,0
2026-08-13T03:48:23.226690,187,0,0,0,0,0
2026-08-13T03:48:23.229719,188,0,0,0,0,0
2026-08-13T03:48:23.230688,188,0,0,0,0,0
2026-08-13T03:48:23.230688,188,0,0,0,0,0
2026-08-13T03:48:23.230688,188,0,0,0,0,0
2026-08-13T03:48:23.234200,186,0,0,0,0,0
2026-08-13T03:48:23.234200,187,0,0,0,0,0
2026-08-13T03:48:23.234200,186,0,0,0,0,0
2026-08-13T03:48:23.238269,186,0,0,0,0,0
2026-08-13T03:48:23.238269,187,0,0,0,0,0
2026-08-13T03:48:23.238269,186,0,0,0,0,0
2026-08-13T03:48:23.239288,185,0,0,0,0,0
2026-08-13T03:48:23.242286,184,0,0,0,0,0
2026-08-13T03:48:23.242286,185,0,0,0,0,0
2026-08-13T03:48:23.242286,185,0,0,0,0,0
2026-08-13T03:48:23.246467,185,0,0,0,0,0
2026-08-13T03:48:23.246467,187,0,0,0,0,0
2026-08-13T03:48:23.246467,189,0,0,0,0,0
2026-08-13T03:48:23.247587,190,0,0,0,0,0
2026-08-13T03:48:23.250236,191,0,0,0,0,0
2026-08-13T03:48:23.251206,190,0,0,0,0,0
2026-08-13T03:48:23.251206,190,0,0,0,0,0
2026-08-13T03:48:23.254767,190,0,0,0,0,0
2026-08-13T03:48:23.254767,191,0,0,0,0,0
2026-08-13T03:48:23.255744,190,0,0,0,0,0
2026-08-13T03:48:23.255744,190,0,0,0,0,0
2026-08-13T03:48:23.258762,191,0,0,0,0,0
2026-08-13T03:48:23.258762,191,0,0,0,0,0
2026-08-13T03:48:23.259749,189,0,0,0,0,0
2026-08-13T03:48:23.262763,190,0,0,0,0,0
2026-08-13T03:48:23.262763,190,0,0,0,0,0
2026-08-13T03:48:23.262763,190,0,0,0,0,0
2026-08-13T03:48:23.266286,192,0,0,0,0,0
2026-08-13T03:48:23.267268,195,0,0,0,0,0
2026-08-13T03:48:23.267268,196,0,0,0,0,0
2026-08-13T03:48:23.267268,198,0,0,0,0,0
2026-08-13T03:48:23.271150,197,0,0,0,0,0
2026-08-13T03:48:23.271150,197,0,0,0,0,0
2026-08-13T03:48:23.271150,196,0,0,0,0,0
2026-08-13T03:48:23.274711,196,0,0,0,0,0
2026-08-13T03:48:23.274711,196,0,0,0,0,0
2026-08-13T03:48:23.275708,196,0,0,0,0,0
2026-08-13T03:48:23.275708,195,0,0,0,0,0
2026-08-13T03:48:23.278710,195,0,0,0,0,0
2026-08-13T03:48:23.279719,195,0,0,0,0,0
2026-08-13T03:48:23.279719,195,0,0,0,0,0
2026-08-13T03:48:23.283300,194,0,0,0,0,0
2026-08-13T03:48:23.283811,195,0,0,0,0,0
2026-08-13T03:48:23.283811,195,0,0,0,0,0
2026-08-13T03:48:23.284820,198,0,0,0,0,0
2026-08-13T03:48:23.286832,201,0,0,0,0,0
2026-08-13T03:48:23.287818,201,0,0,0,0,0
2026-08-13T03:48:23.287818,202,0,0,0,0,0
2026-08-13T03:48:23.290823,202,0,0,0,0,0
2026-08-13T03:48:23.291819,203,0,0,0,0,0
2026-08-13T03:48:23.291819,202,0,0,0,0,0
2026-08-13T03:48:23.295357,202,0,0,0,0,0
2026-08-13T03:48:23.295357,203,0,0,0,0,0
2026-08-13T03:48:23.296371,202,0,0,0,0,0
2026-08-13T03:48:23.297357,203,0,0,0,0,0
2026-08-13T03:48:23.299742,204,0,0,0,0,0
2026-08-13T03:48:23.299742,204,0,0,0,0,0
2026-08-13T03:48:23.300774,203,0,0,0,0,0
2026-08-13T03:48:23.303711,204,0,0,0,0,0
2026-08-13T03:48:23.303711,205,0,0,0,0,0
2026-08-13T03:48:23.304746,206,0,0,0,0,0
2026-08-13T03:48:23.305729,207,0,0,0,0,0
2026-08-13T03:48:23.307731,209,0,0,0,0,0
2026-08-13T03:48:23.307731,209,0,0,0,0,0
2026-08-13T03:48:23.308727,210,0,0,0,0,0
2026-08-13T03:48:23.311883,211,0,0,0,0,0
2026-08-13T03:48:23.311883,211,0,0,0,0,0
2026-08-13T03:48:23.312894,210,0,0,0,0,0
2026-08-13T03:48:23.312894,209,0,0,0,0,0
2026-08-13T03:48:23.315410,211,0,0,0,0,0
2026-08-13T03:48:23.316417,210,0,0,0,0,0
2026-08-13T03:48:23.316417,212,0,0,0,0,0
2026-08-13T03:48:23.320209,211,0,0,0,0,0
2026-08-13T03:48:23.320209,210,0,0,0,0,0
2026-08-13T03:48:23.321233,209,0,0,0,0,0
2026-08-13T03:48:23.321233,210,0,0,0,0,0
2026-08-13T03:48:23.323735,210,0,0,0,0,0
2026-08-13T03:48:23.324746,210,0,0,0,0,0
2026-08-13T03:48:23.325750,212,0,0,0,0,0
2026-08-13T03:48:23.328383,213,0,0,0,0,0
2026-08-13T03:48:23.328383,214,0,0,0,0,0
2026-08-13T03:48:23.329392,214,0,0,0,0,0
2026-08-13T03:48:23.332550,213,0,0,0,0,0
2026-08-13T03:48:23.332550,211,0,0,0,0,0
2026-08-13T03:48:23.332550,211,0,0,0,0,0
2026-08-13T03:48:23.334067,211,0,0,0,0,0
2026-08-13T03:48:23.336198,210,0,0,0,0,0
2026-08-13T03:48:23.336198,209,0,0,0,0,0
2026-08-13T03:48:23.337213,208,0,0,0,0,0
2026-08-13T03:48:23.340211,207,0,0,0,0,0
2026-08-13T03:48:23.341203,207,0,0,0,0,0
2026-08-13T03:48:23.341203,205,0,0,0,0,0
2026-08-13T03:48:23.342203,205,0,0,0,0,0
2026-08-13T03:48:23.344727,205,0,0,0,0,0
2026-08-13T03:48:23.345730,205,0,0,0,0,0
2026-08-13T03:48:23.345730,208,0,0,0,0,0
2026-08-13T03:48:23.348106,209,0,0,0,0,0
2026-08-13T03:48:23.349121,209,0,0,0,0,0
2026-08-13T03:48:23.349121,209,0,0,0,0,0
2026-08-13T03:48:23.350124,209,0,0,0,0,0
2026-08-13T03:48:23.352986,208,0,0,0,0,0
2026-08-13T03:48:23.352986,207,0,0,0,0,0
2026-08-13T03:48:23.352986,207,0,0,0,0,0
2026-08-13T03:48:23.357108,207,0,0,0,0,0
2026-08-13T03:48:23.357108,207,0,0,0,0,0
2026-08-13T03:48:23.358108,208,0,0,0,0,0
2026-08-13T03:48:23.361131,206,0,0,0,0,0
2026-08-13T03:48:23.361131,205,0,0,0,0,0
2026-08-13T03:48:23.362108,205,0,0,0,0,0
2026-08-13T03:48:23.362108,205,0,0,0,0,0
2026-08-13T03:48:23.364640,204,0,0,0,0,0
2026-08-13T03:48:23.365627,206,0,0,0,0,0
2026-08-13T03:48:23.366625,208,0,0,0,0,0
2026-08-13T03:48:23.368636,209,0,0,0,0,0
2026-08-13T03:48:23.369637,209,0,0,0,0,0
2026-08-13T03:48:23.370625,208,0,0,0,0,0
2026-08-13T03:48:23.371634,208,0,0,0,0,0
2026-08-13T03:48:23.372625,207,0,0,0,0,0
2026-08-13T03:48:23.374133,206,0,0,0,0,0
2026-08-13T03:48:23.375598,207,0,0,0,0,0
2026-08-13T03:48:23.377560,205,0,0,0,0,0
2026-08-13T03:48:23.377560,206,0,0,0,0,0
2026-08-13T03:48:23.378608,206,0,0,0,0,0
2026-08-13T03:48:23.379582,204,0,0,0,0,0
2026-08-13T03:48:23.381628,203,0,0,0,0,0
2026-08-13T03:48:23.381628,203,0,0,0,0,0
2026-08-13T03:48:23.382637,203,0,0,0,0,0
2026-08-13T03:48:23.384818,202,0,0,0,0,0
2026-08-13T03:48:23.385821,204,0,0,0,0,0
2026-08-13T03:48:23.386819,205,0,0,0,0,0
2026-08-13T03:48:23.386819,206,0,0,0,0,0
2026-08-13T03:48:23.389881,207,0,0,0,0,0
2026-08-13T03:48:23.390882,207,0,0,0,0,0
2026-08-13T03:48:23.390882,207,0,0,0,0,0
2026-08-13T03:48:23.393883,206,0,0,0,0,0
2026-08-13T03:48:23.394392,207,0,0,0,0,0
2026-08-13T03:48:23.394392,207,0,0,0,0,0
2026-08-13T03:48:23.397426,207,0,0,0,0,0
2026-08-13T03:48:23.398407,208,0,0,0,0,0
2026-08-13T03:48:23.398407,207,0,0,0,0,0
2026-08-13T03:48:23.399407,206,0,0,0,0,0
2026-08-13T03:48:23.402106,206,0,0,0,0,0
2026-08-13T03:48:23.402106,206,0,0,0,0,0
2026-08-13T03:48:23.402106,206,0,0,0,0,0
2026-08-13T03:48:23.405820,205,0,0,0,0,0
2026-08-13T03:48:23.405820,207,0,0,0,0,0
2026-08-13T03:48:23.406819,209,0,0,0,0,0
2026-08-13T03:48:23.406819,209,0,0,0,0,0
2026-08-13T03:48:23.409802,210,0,0,0,0,0
2026-08-13T03:48:23.410803,210,0,0,0,0,0
2026-08-13T03:48:23.410803,209,0,0,0,0,0
2026-08-13T03:48:23.413817,208,0,0,0,0,0
2026-08-13T03:48:23.413817,209,0,0,0,0,0
2026-08-13T03:48:23.415009,209,0,0,0,0,0
2026-08-13T03:48:23.415009,208,0,0,0,0,0
2026-08-13T03:48:23.418024,209,0,0,0,0,0
2026-08-13T03:48:23.419025,207,0,0,0,0,0
2026-08-13T03:48:23.419025,208,0,0,0,0,0
2026-08-13T03:48:23.422592,207,0,0,0,0,0
2026-08-13T03:48:23.422592,207,0,0,0,0,0
2026-08-13T03:48:23.423827,208,0,0,0,0,0
2026-08-13T03:48:23.426850,207,0,0,0,0,0
2026-08-13T03:48:23.426850,210,0,0,0,0,0
2026-08-13T03:48:23.427855,211,0,0,0,0,0
2026-08-13T03:48:23.427855,212,0,0,0,0,0
2026-08-13T03:48:23.430849,211,0,0,0,0,0
2026-08-13T03:48:23.430849,212,0,0,0,0,0
2026-08-13T03:48:23.430849,210,0,0,0,0,0
2026-08-13T03:48:23.434869,210,0,0,0,0,0
2026-08-13T03:48:23.434869,210,0,0,0,0,0
2026-08-13T03:48:23.434869,211,0,0,0,0,0
2026-08-13T03:48:23.435870,209,0,0,0,0,0
2026-08-13T03:48:23.438951,210,0,0,0,0,0
2026-08-13T03:48:23.438951,210,0,0,0,0,0
2026-08-13T03:48:23.438951,209,0,0,0,0,0
2026-08-13T03:48:23.442965,209,0,0,0,0,0
2026-08-13T03:48:23.442965,209,0,0,0,0,0
2026-08-13T03:48:23.443965,209,0,0,0,0,0
2026-08-13T03:48:23.444474,210,0,0,0,0,0
2026-08-13T03:48:23.447230,212,0,0,0,0,0
2026-08-13T03:48:23.447230,213,0,0,0,0,0
2026-08-13T03:48:23.447230,214,0,0,0,0,0
2026-08-13T03:48:23.451214,213,0,0,0,0,0
2026-08-13T03:48:23.451214,213,0,0,0,0,0
2026-08-13T03:48:23.452213,212,0,0,0,0,0
2026-08-13T03:48:23.452213,211,0,0,0,0,0
2026-08-13T03:48:23.454750,213,0,0,0,0,0
2026-08-13T03:48:23.455765,213,0,0,0,0,0
2026-08-13T03:48:23.455765,212,0,0,0,0,0
2026-08-13T03:48:23.458766,212,0,0,0,0,0
2026-08-13T03:48:23.459750,212,0,0,0,0,0
2026-08-13T03:48:23.459750,211,0,0,0,0,0
2026-08-13T03:48:23.463540,211,0,0,0,0,0
2026-08-13T03:48:23.464063,212,0,0,0,0,0
2026-08-13T03:48:23.464063,211,0,0,0,0,0
2026-08-13T03:48:23.465079,213,0,0,0,0,0
2026-08-13T03:48:23.467083,216,0,0,0,0,0
2026-08-13T03:48:23.468086,216,0,0,0,0,0
2026-08-13T03:48:23.469084,217,0,0,0,0,0
2026-08-13T03:48:23.471095,216,0,0,0,0,0
2026-08-13T03:48:23.472078,216,0,0,0,0,0
2026-08-13T03:48:23.472078,216,0,0,0,0,0
2026-08-13T03:48:23.473078,216,0,0,0,0,0
2026-08-13T03:48:23.475599,217,0,0,0,0,0
2026-08-13T03:48:23.475599,216,0,0,0,0,0
2026-08-13T03:48:23.476596,216,0,0,0,0,0
2026-08-13T03:48:23.479621,216,0,0,0,0,0
2026-08-13T03:48:23.479621,216,0,0,0,0,0
2026-08-13T03:48:23.480594,214,0,0,0,0,0
2026-08-13T03:48:23.480594,214,0,0,0,0,0
2026-08-13T03:48:23.483615,214,0,0,0,0,0
2026-08-13T03:48:23.483615,215,0,0,0,0,0
2026-08-13T03:48:23.484630,216,0,0,0,0,0
2026-08-13T03:48:23.487631,218,0,0,0,0,0
2026-08-13T03:48:23.488630,219,0,0,0,0,0
2026-08-13T03:48:23.488630,219,0,0,0,0,0
2026-08-13T03:48:23.489632,219,0,0,0,0,0
2026-08-13T03:48:23.491631,219,0,0,0,0,0
2026-08-13T03:48:23.492631,218,0,0,0,0,0
2026-08-13T03:48:23.492631,218,0,0,0,0,0
2026-08-13T03:48:23.496414,217,0,0,0,0,0
2026-08-13T03:48:23.496414,217,0,0,0,0,0
2026-08-13T03:48:23.497415,216,0,0,0,0,0
2026-08-13T03:48:23.500420,216,0,0,0,0,0
2026-08-13T03:48:23.500420,215,0,0,0,0,0
2026-08-13T03:48:23.501439,214,0,0,0,0,0
2026-08-13T03:48:23.501439,213,0,0,0,0,0
2026-08-13T03:48:23.503971,214,0,0,0,0,0
2026-08-13T03:48:23.504987,214,0,0,0,0,0
2026-08-13T03:48:23.504987,215,0,0,0,0,0
2026-08-13T03:48:23.507985,218,0,0,0,0,0
2026-08-13T03:48:23.508980,217,0,0,0,0,0
2026-08-13T03:48:23.509982,218,0,0,0,0,0
2026-08-13T03:48:23.509982,217,0,0,0,0,0
2026-08-13T03:48:23.511981,217,0,0,0,0,0
2026-08-13T03:48:23.512980,215,0,0,0,0,0
2026-08-13T03:48:23.512980,216,0,0,0,0,0
2026-08-13T03:48:23.516019,215,0,0,0,0,0
2026-08-13T03:48:23.516980,215,0,0,0,0,0
2026-08-13T03:48:23.516980,215,0,0,0,0,0
2026-08-13T03:48:23.517979,213,0,0,0,0,0
2026-08-13T03:48:23.520979,213,0,0,0,0,0
2026-08-13T03:48:23.520979,211,0,0,0,0,0
2026-08-13T03:48:23.520979,212,0,0,0,0,0
2026-08-13T03:48:23.524989,212,0,0,0,0,0
2026-08-13T03:48:23.524989,212,0,0,0,0,0
2026-08-13T03:48:23.524989,215,0,0,0,0,0
2026-08-13T03:48:23.529044,216,0,0,0,0,0
2026-08-13T03:48:23.529044,216,0,0,0,0,0
2026-08-13T03:48:23.529044,217,0,0,0,0,0
2026-08-13T03:48:23.530053,215,0,0,0,0,0
2026-08-13T03:48:23.533067,214,0,0,0,0,0
2026-08-13T03:48:23.533067,214,0,0,0,0,0
2026-08-13T03:48:23.534053,214,0,0,0,0,0
2026-08-13T03:48:23.536409,214,0,0,0,0,0
2026-08-13T03:48:23.537394,213,0,0,0,0,0
2026-08-13T03:48:23.538396,212,0,0,0,0,0
2026-08-13T03:48:23.538396,213,0,0,0,0,0
2026-08-13T03:48:23.540672,212,0,0,0,0,0
2026-08-13T03:48:23.541673,211,0,0,0,0,0
2026-08-13T03:48:23.541673,211,0,0,0,0,0
2026-08-13T03:48:23.544181,211,0,0,0,0,0
2026-08-13T03:48:23.554911,212,0,0,0,0,0
2026-08-13T03:48:23.555927,215,0,0,0,0,0
2026-08-13T03:48:23.556930,216,0,0,0,0,0
2026-08-13T03:48:23.557928,215,0,0,0,0,0
2026-08-13T03:48:23.557928,215,0,0,0,0,0
2026-08-13T03:48:23.558927,215,0,0,0,0,0
2026-08-13T03:48:23.558927,214,0,0,0,0,0
2026-08-13T03:48:23.559925,214,0,0,0,0,0
2026-08-13T03:48:23.559925,214,0,0,0,0,0
2026-08-13T03:48:23.560927,213,0,0,0,0,0
2026-08-13T03:48:23.562924,214,0,0,0,0,0
2026-08-13T03:48:23.562924,213,0,0,0,0,0
2026-08-13T03:48:23.563923,212,0,0,0,0,0
2026-08-13T03:48:23.565438,212,0,0,0,0,0
2026-08-13T03:48:23.565438,211,0,0,0,0,0
2026-08-13T03:48:23.566447,211,0,0,0,0,0
2026-08-13T03:48:23.566447,211,0,0,0,0,0
2026-08-13T03:48:23.567445,213,0,0,0,0,0
2026-08-13T03:48:23.567445,215,0,0,0,0,0
2026-08-13T03:48:23.568444,215,0,0,0,0,0
2026-08-13T03:48:23.569445,215,0,0,0,0,0
2026-08-13T03:48:23.570444,215,0,0,0,0,0
2026-08-13T03:48:23.570444,216,0,0,0,0,0
2026-08-13T03:48:23.574062,214,0,0,0,0,0
2026-08-13T03:48:23.575073,214,0,0,0,0,0
2026-08-13T03:48:23.575073,214,0,0,0,0,0
2026-08-13T03:48:23.576083,214,0,0,0,0,0
2026-08-13T03:48:23.578232,214,0,0,0,0,0
2026-08-13T03:48:23.578232,213,0,0,0,0,0
2026-08-13T03:48:23.578232,212,0,0,0,0,0
2026-08-13T03:48:23.581623,212,0,0,0,0,0
2026-08-13T03:48:23.582642,211,0,0,0,0,0
2026-08-13T03:48:23.582642,212,0,0,0,0,0
2026-08-13T03:48:23.582642,212,0,0,0,0,0
2026-08-13T03:48:23.586185,214,0,0,0,0,0
2026-08-13T03:48:23.586185,215,0,0,0,0,0
2026-08-13T03:48:23.587168,215,0,0,0,0,0
2026-08-13T03:48:23.590179,217,0,0,0,0,0
2026-08-13T03:48:23.591170,216,0,0,0,0,0
2026-08-13T03:48:23.591170,216,0,0,0,0,0
2026-08-13T03:48:23.594692,214,0,0,0,0,0
2026-08-13T03:48:23.594692,215,0,0,0,0,0
2026-08-13T03:48:23.595692,215,0,0,0,0,0
2026-08-13T03:48:23.595692,214,0,0,0,0,0
2026-08-13T03:48:23.598699,214,0,0,0,0,0
2026-08-13T03:48:23.598699,214,0,0,0,0,0
2026-08-13T03:48:23.598699,213,0,0,0,0,0
2026-08-13T03:48:23.602168,212,0,0,0,0,0
2026-08-13T03:48:23.602168,212,0,0,0,0,0
2026-08-13T03:48:23.603674,212,0,0,0,0,0
2026-08-13T03:48:23.603674,213,0,0,0,0,0
2026-08-13T03:48:23.606704,215,0,0,0,0,0
2026-08-13T03:48:23.606704,216,0,0,0,0,0
2026-08-13T03:48:23.607682,217,0,0,0,0,0
2026-08-13T03:48:23.610696,217,0,0,0,0,0
2026-08-13T03:48:23.610696,217,0,0,0,0,0
2026-08-13T03:48:23.611679,215,0,0,0,0,0
2026-08-13T03:48:23.611679,215,0,0,0,0,0
2026-08-13T03:48:23.614795,216,0,0,0,0,0
2026-08-13T03:48:23.614795,215,0,0,0,0,0
2026-08-13T03:48:23.615795,215,0,0,0,0,0
2026-08-13T03:48:23.619196,215,0,0,0,0,0
2026-08-13T03:48:23.619196,214,0,0,0,0,0
2026-08-13T03:48:23.620216,214,0,0,0,0,0
2026-08-13T03:48:23.620216,213,0,0,0,0,0
2026-08-13T03:48:23.622266,213,0,0,0,0,0
2026-08-13T03:48:23.623789,213,0,0,0,0,0
2026-08-13T03:48:23.624801,214,0,0,0,0,0
2026-08-13T03:48:23.627414,216,0,0,0,0,0
2026-08-13T03:48:23.628010,217,0,0,0,0,0
2026-08-13T03:48:23.628550,217,0,0,0,0,0
2026-08-13T03:48:23.631491,217,0,0,0,0,0
2026-08-13T03:48:23.631491,217,0,0,0,0,0
2026-08-13T03:48:23.631491,216,0,0,0,0,0
2026-08-13T03:48:23.632528,215,0,0,0,0,0
2026-08-13T03:48:23.634706,216,0,0,0,0,0
2026-08-13T03:48:23.635709,215,0,0,0,0,0
2026-08-13T03:48:23.635709,215,0,0,0,0,0
2026-08-13T03:48:23.639761,216,0,0,0,0,0
2026-08-13T03:48:23.639761,214,0,0,0,0,0
2026-08-13T03:48:23.640743,214,0,0,0,0,0
2026-08-13T03:48:23.641745,213,0,0,0,0,0
2026-08-13T03:48:23.643744,213,0,0,0,0,0
2026-08-13T03:48:23.644254,213,0,0,0,0,0
2026-08-13T03:48:23.644254,214,0,0,0,0,0
2026-08-13T03:48:23.647288,217,0,0,0,0,0
2026-08-13T03:48:23.648276,217,0,0,0,0,0
2026-08-13T03:48:23.648276,218,0,0,0,0,0
2026-08-13T03:48:23.649276,218,0,0,0,0,0
2026-08-13T03:48:23.651289,218,0,0,0,0,0
2026-08-13T03:48:23.652272,217,0,0,0,0,0
2026-08-13T03:48:23.652829,216,0,0,0,0,0
2026-08-13T03:48:23.656066,217,0,0,0,0,0
2026-08-13T03:48:23.656066,216,0,0,0,0,0
2026-08-13T03:48:23.656066,216,0,0,0,0,0
2026-08-13T03:48:23.660166,215,0,0,0,0,0
2026-08-13T03:48:23.660166,214,0,0,0,0,0
2026-08-13T03:48:23.660166,213,0,0,0,0,0
2026-08-13T03:48:23.661182,214,0,0,0,0,0
2026-08-13T03:48:23.663701,214,0,0,0,0,0
2026-08-13T03:48:23.664728,213,0,0,0,0,0
2026-08-13T03:48:23.664728,215,0,0,0,0,0
2026-08-13T03:48:23.667731,217,0,0,0,0,0
2026-08-13T03:48:23.668720,218,0,0,0,0,0
2026-08-13T03:48:23.668720,219,0,0,0,0,0
2026-08-13T03:48:23.669719,218,0,0,0,0,0
2026-08-13T03:48:23.671731,218,0,0,0,0,0
2026-08-13T03:48:23.672716,216,0,0,0,0,0
2026-08-13T03:48:23.672716,217,0,0,0,0,0
2026-08-13T03:48:23.676244,217,0,0,0,0,0
2026-08-13T03:48:23.676244,215,0,0,0,0,0
2026-08-13T03:48:23.677244,216,0,0,0,0,0
2026-08-13T03:48:23.677244,215,0,0,0,0,0
2026-08-13T03:48:23.680274,216,0,0,0,0,0
2026-08-13T03:48:23.680274,214,0,0,0,0,0
2026-08-13T03:48:23.680274,215,0,0,0,0,0
2026-08-13T03:48:23.684300,214,0,0,0,0,0
2026-08-13T03:48:23.685308,215,0,0,0,0,0
2026-08-13T03:48:23.685308,217,0,0,0,0,0
2026-08-13T03:48:23.685308,218,0,0,0,0,0
2026-08-13T03:48:23.688315,219,0,0,0,0,0
2026-08-13T03:48:23.689319,220,0,0,0,0,0
2026-08-13T03:48:23.689319,220,0,0,0,0,0
2026-08-13T03:48:23.692315,219,0,0,0,0,0
2026-08-13T03:48:23.692315,218,0,0,0,0,0
2026-08-13T03:48:23.693669,218,0,0,0,0,0
2026-08-13T03:48:23.696692,219,0,0,0,0,0
2026-08-13T03:48:23.697676,218,0,0,0,0,0
2026-08-13T03:48:23.697676,218,0,0,0,0,0
2026-08-13T03:48:23.697676,218,0,0,0,0,0
2026-08-13T03:48:23.700677,217,0,0,0,0,0
2026-08-13T03:48:23.701676,216,0,0,0,0,0
2026-08-13T03:48:23.701676,217,0,0,0,0,0
2026-08-13T03:48:23.705138,217,0,0,0,0,0
2026-08-13T03:48:23.705138,218,0,0,0,0,0
2026-08-13T03:48:23.705138,221,0,0,0,0,0
2026-08-13T03:48:23.706144,222,0,0,0,0,0
2026-08-13T03:48:23.708684,223,0,0,0,0,0
2026-08-13T03:48:23.709655,224,0,0,0,0,0
2026-08-13T03:48:23.709655,223,0,0,0,0,0
2026-08-13T03:48:23.712668,222,0,0,0,0,0
2026-08-13T03:48:23.713654,221,0,0,0,0,0
2026-08-13T03:48:23.714163,222,0,0,0,0,0
2026-08-13T03:48:23.714163,221,0,0,0,0,0
2026-08-13T03:48:23.717184,220,0,0,0,0,0
2026-08-13T03:48:23.717184,220,0,0,0,0,0
2026-08-13T03:48:23.718174,219,0,0,0,0,0
2026-08-13T03:48:23.721184,218,0,0,0,0,0
2026-08-13T03:48:23.721184,217,0,0,0,0,0
2026-08-13T03:48:23.722174,219,0,0,0,0,0
2026-08-13T03:48:23.725746,218,0,0,0,0,0
2026-08-13T03:48:23.725746,220,0,0,0,0,0
2026-08-13T03:48:23.726731,222,0,0,0,0,0
2026-08-13T03:48:23.726731,222,0,0,0,0,0
2026-08-13T03:48:23.729726,223,0,0,0,0,0
2026-08-13T03:48:23.729726,222,0,0,0,0,0
2026-08-13T03:48:23.730725,221,0,0,0,0,0
2026-08-13T03:48:23.733724,220,0,0,0,0,0
2026-08-13T03:48:23.734228,219,0,0,0,0,0
2026-08-13T03:48:23.734228,219,0,0,0,0,0
2026-08-13T03:48:23.734228,218,0,0,0,0,0
2026-08-13T03:48:23.737236,218,0,0,0,0,0
2026-08-13T03:48:23.738236,217,0,0,0,0,0
2026-08-13T03:48:23.738236,217,0,0,0,0,0
2026-08-13T03:48:23.741239,216,0,0,0,0,0
2026-08-13T03:48:23.742238,216,0,0,0,0,0
2026-08-13T03:48:23.742238,216,0,0,0,0,0
2026-08-13T03:48:23.742238,216,0,0,0,0,0
2026-08-13T03:48:23.746159,217,0,0,0,0,0
2026-08-13T03:48:23.746159,219,0,0,0,0,0
2026-08-13T03:48:23.746159,219,0,0,0,0,0
2026-08-13T03:48:23.750196,219,0,0,0,0,0
2026-08-13T03:48:23.750196,219,0,0,0,0,0
2026-08-13T03:48:23.750196,219,0,0,0,0,0
2026-08-13T03:48:23.750196,219,0,0,0,0,0
2026-08-13T03:48:23.753723,219,0,0,0,0,0
2026-08-13T03:48:23.754740,219,0,0,0,0,0
2026-08-13T03:48:23.754740,218,0,0,0,0,0
2026-08-13T03:48:23.757740,219,0,0,0,0,0
2026-08-13T03:48:23.758741,218,0,0,0,0,0
2026-08-13T03:48:23.758741,218,0,0,0,0,0
2026-08-13T03:48:23.761762,217,0,0,0,0,0
2026-08-13T03:48:23.762739,217,0,0,0,0,0
2026-08-13T03:48:23.762739,217,0,0,0,0,0
2026-08-13T03:48:23.763741,217,0,0,0,0,0
2026-08-13T03:48:23.766144,219,0,0,0,0,0
2026-08-13T03:48:23.766144,220,0,0,0,0,0
2026-08-13T03:48:23.767120,219,0,0,0,0,0
2026-08-13T03:48:23.770133,220,0,0,0,0,0
2026-08-13T03:48:23.771119,220,0,0,0,0,0
2026-08-13T03:48:23.771119,220,0,0,0,0,0
2026-08-13T03:48:23.771119,217,0,0,0,0,0
2026-08-13T03:48:23.774805,217,0,0,0,0,0
2026-08-13T03:48:23.774805,216,0,0,0,0,0
2026-08-13T03:48:23.774805,216,0,0,0,0,0
2026-08-13T03:48:23.778944,216,0,0,0,0,0
2026-08-13T03:48:23.778944,214,0,0,0,0,0
2026-08-13T03:48:23.778944,213,0,0,0,0,0
2026-08-13T03:48:23.779957,213,0,0,0,0,0
2026-08-13T03:48:23.783075,212,0,0,0,0,0
2026-08-13T03:48:23.783075,213,0,0,0,0,0
2026-08-13T03:48:23.783075,214,0,0,0,0,0
2026-08-13T03:48:23.786310,216,0,0,0,0,0
2026-08-13T03:48:23.787291,218,0,0,0,0,0
2026-08-13T03:48:23.787291,219,0,0,0,0,0
2026-08-13T03:48:23.788291,221,0,0,0,0,0
2026-08-13T03:48:23.791293,220,0,0,0,0,0
2026-08-13T03:48:23.791293,219,0,0,0,0,0
2026-08-13T03:48:23.792292,219,0,0,0,0,0
2026-08-13T03:48:23.794831,220,0,0,0,0,0
2026-08-13T03:48:23.795834,220,0,0,0,0,0
2026-08-13T03:48:23.795834,219,0,0,0,0,0
2026-08-13T03:48:23.799418,219,0,0,0,0,0
2026-08-13T03:48:23.799418,217,0,0,0,0,0
2026-08-13T03:48:23.800434,217,0,0,0,0,0
2026-08-13T03:48:23.800434,215,0,0,0,0,0
2026-08-13T03:48:23.803412,215,0,0,0,0,0
2026-08-13T03:48:23.803938,215,0,0,0,0,0
2026-08-13T03:48:23.803938,218,0,0,0,0,0
2026-08-13T03:48:23.806970,221,0,0,0,0,0
2026-08-13T03:48:23.807956,222,0,0,0,0,0
2026-08-13T03:48:23.807956,222,0,0,0,0,0
2026-08-13T03:48:23.808956,222,0,0,0,0,0
2026-08-13T03:48:23.811192,222,0,0,0,0,0
2026-08-13T03:48:23.812204,222,0,0,0,0,0
2026-08-13T03:48:23.812204,221,0,0,0,0,0
2026-08-13T03:48:23.815726,221,0,0,0,0,0
2026-08-13T03:48:23.815726,221,0,0,0,0,0
2026-08-13T03:48:23.816734,221,0,0,0,0,0
2026-08-13T03:48:23.816734,222,0,0,0,0,0
2026-08-13T03:48:23.819735,221,0,0,0,0,0
2026-08-13T03:48:23.819735,220,0,0,0,0,0
2026-08-13T03:48:23.820734,219,0,0,0,0,0
2026-08-13T03:48:23.823740,219,0,0,0,0,0
2026-08-13T03:48:23.824248,218,0,0,0,0,0
2026-08-13T03:48:23.825263,219,0,0,0,0,0
2026-08-13T03:48:23.827272,220,0,0,0,0,0
2026-08-13T03:48:23.831271,219,0,0,0,0,0
2026-08-13T03:48:23.832278,219,0,0,0,0,0
2026-08-13T03:48:23.832278,217,0,0,0,0,0
2026-08-13T03:48:23.832278,216,0,0,0,0,0
2026-08-13T03:48:23.832278,213,0,0,0,0,0
2026-08-13T03:48:23.833787,211,0,0,0,0,0
2026-08-13T03:48:23.836399,211,0,0,0,0,0
2026-08-13T03:48:23.836399,209,0,0,0,0,0
2026-08-13T03:48:23.836399,208,0,0,0,0,0
2026-08-13T03:48:23.837426,207,0,0,0,0,0
2026-08-13T03:48:23.840457,206,0,0,0,0,0
2026-08-13T03:48:23.840457,205,0,0,0,0,0
2026-08-13T03:48:23.841459,204,0,0,0,0,0
2026-08-13T03:48:23.843967,204,0,0,0,0,0
2026-08-13T03:48:23.844975,204,0,0,0,0,0
2026-08-13T03:48:23.844975,205,0,0,0,0,0
2026-08-13T03:48:23.845982,207,0,0,0,0,0
2026-08-13T03:48:23.847982,208,0,0,0,0,0
2026-08-13T03:48:23.848981,208,0,0,0,0,0
2026-08-13T03:48:23.848981,207,0,0,0,0,0
2026-08-13T03:48:23.851982,207,0,0,0,0,0
2026-08-13T03:48:23.852980,206,0,0,0,0,0
2026-08-13T03:48:23.852980,205,0,0,0,0,0
2026-08-13T03:48:23.852980,206,0,0,0,0,0
2026-08-13T03:48:23.856516,205,0,0,0,0,0
2026-08-13T03:48:23.856516,206,0,0,0,0,0
2026-08-13T03:48:23.857494,204,0,0,0,0,0
2026-08-13T03:48:23.860867,204,0,0,0,0,0
2026-08-13T03:48:23.860867,203,0,0,0,0,0
2026-08-13T03:48:23.860867,202,0,0,0,0,0
2026-08-13T03:48:23.864615,202,0,0,0,0,0
2026-08-13T03:48:23.864615,202,0,0,0,0,0
2026-08-13T03:48:23.865981,204,0,0,0,0,0
2026-08-13T03:48:23.865981,206,0,0,0,0,0
2026-08-13T03:48:23.869066,205,0,0,0,0,0
2026-08-13T03:48:23.869066,205,0,0,0,0,0
2026-08-13T03:48:23.870082,205,0,0,0,0,0
2026-08-13T03:48:23.872165,205,0,0,0,0,0
2026-08-13T03:48:23.873727,204,0,0,0,0,0
2026-08-13T03:48:23.874753,204,0,0,0,0,0
2026-08-13T03:48:23.875744,204,0,0,0,0,0
2026-08-13T03:48:23.876756,203,0,0,0,0,0
2026-08-13T03:48:23.877768,203,0,0,0,0,0
2026-08-13T03:48:23.878768,202,0,0,0,0,0
2026-08-13T03:48:23.880630,201,0,0,0,0,0
2026-08-13T03:48:23.882139,199,0,0,0,0,0
2026-08-13T03:48:23.882139,200,0,0,0,0,0
2026-08-13T03:48:23.882139,200,0,0,0,0,0
2026-08-13T03:48:23.884723,200,0,0,0,0,0
2026-08-13T03:48:23.885724,203,0,0,0,0,0
2026-08-13T03:48:23.886723,203,0,0,0,0,0
2026-08-13T03:48:23.888739,204,0,0,0,0,0
2026-08-13T03:48:23.890726,204,0,0,0,0,0
2026-08-13T03:48:23.891726,204,0,0,0,0,0
2026-08-13T03:48:23.893723,203,0,0,0,0,0
2026-08-13T03:48:23.894233,202,0,0,0,0,0
2026-08-13T03:48:23.895246,203,0,0,0,0,0
2026-08-13T03:48:23.896260,203,0,0,0,0,0
2026-08-13T03:48:23.897260,203,0,0,0,0,0
2026-08-13T03:48:23.898269,203,0,0,0,0,0
2026-08-13T03:48:23.899283,201,0,0,0,0,0
2026-08-13T03:48:23.901268,201,0,0,0,0,0
2026-08-13T03:48:23.902269,200,0,0,0,0,0
2026-08-13T03:48:23.902269,201,0,0,0,0,0
2026-08-13T03:48:23.903785,199,0,0,0,0,0
2026-08-13T03:48:23.905831,202,0,0,0,0,0
2026-08-13T03:48:23.906840,205,0,0,0,0,0
2026-08-13T03:48:23.907842,206,0,0,0,0,0
2026-08-13T03:48:23.909840,207,0,0,0,0,0
2026-08-13T03:48:23.910840,207,0,0,0,0,0
2026-08-13T03:48:23.910840,208,0,0,0,0,0
2026-08-13T03:48:23.911846,207,0,0,0,0,0
2026-08-13T03:48:23.914118,206,0,0,0,0,0
2026-08-13T03:48:23.914118,208,0,0,0,0,0
2026-08-13T03:48:23.915258,208,0,0,0,0,0
2026-08-13T03:48:23.918183,208,0,0,0,0,0
2026-08-13T03:48:23.918183,209,0,0,0,0,0
2026-08-13T03:48:23.919193,208,0,0,0,0,0
2026-08-13T03:48:23.919193,208,0,0,0,0,0
2026-08-13T03:48:23.922229,208,0,0,0,0,0
2026-08-13T03:48:23.922229,209,0,0,0,0,0
2026-08-13T03:48:23.923740,209,0,0,0,0,0
2026-08-13T03:48:23.925774,211,0,0,0,0,0
2026-08-13T03:48:23.926750,212,0,0,0,0,0
2026-08-13T03:48:23.927750,211,0,0,0,0,0
2026-08-13T03:48:23.929751,211,0,0,0,0,0
2026-08-13T03:48:23.930749,210,0,0,0,0,0
2026-08-13T03:48:23.930749,209,0,0,0,0,0
2026-08-13T03:48:23.931764,207,0,0,0,0,0
2026-08-13T03:48:23.934273,206,0,0,0,0,0
2026-08-13T03:48:23.935328,206,0,0,0,0,0
2026-08-13T03:48:23.935328,205,0,0,0,0,0
2026-08-13T03:48:23.938337,205,0,0,0,0,0
2026-08-13T03:48:23.939337,204,0,0,0,0,0
2026-08-13T03:48:23.939337,203,0,0,0,0,0
2026-08-13T03:48:23.940336,203,0,0,0,0,0
2026-08-13T03:48:23.942359,202,0,0,0,0,0
2026-08-13T03:48:23.942359,204,0,0,0,0,0
2026-08-13T03:48:23.943874,202,0,0,0,0,0
2026-08-13T03:48:23.946892,203,0,0,0,0,0
2026-08-13T03:48:23.946892,205,0,0,0,0,0
2026-08-13T03:48:23.947881,205,0,0,0,0,0
2026-08-13T03:48:23.947881,206,0,0,0,0,0
2026-08-13T03:48:23.950967,205,0,0,0,0,0
2026-08-13T03:48:23.950967,204,0,0,0,0,0
2026-08-13T03:48:23.951984,202,0,0,0,0,0
2026-08-13T03:48:23.954614,202,0,0,0,0,0
2026-08-13T03:48:23.954614,202,0,0,0,0,0
2026-08-13T03:48:23.956073,202,0,0,0,0,0
2026-08-13T03:48:23.958438,202,0,0,0,0,0
2026-08-13T03:48:23.959487,202,0,0,0,0,0
2026-08-13T03:48:23.960459,202,0,0,0,0,0
2026-08-13T03:48:23.961458,202,0,0,0,0,0
2026-08-13T03:48:23.962457,201,0,0,0,0,0
2026-08-13T03:48:23.963964,203,0,0,0,0,0
2026-08-13T03:48:23.963964,201,0,0,0,0,0
2026-08-13T03:48:23.967155,204,0,0,0,0,0
2026-08-13T03:48:23.968150,206,0,0,0,0,0
2026-08-13T03:48:23.968150,207,0,0,0,0,0
2026-08-13T03:48:23.969152,206,0,0,0,0,0
2026-08-13T03:48:23.971164,205,0,0,0,0,0
2026-08-13T03:48:23.972148,205,0,0,0,0,0
2026-08-13T03:48:23.972148,204,0,0,0,0,0
2026-08-13T03:48:23.974671,204,0,0,0,0,0
2026-08-13T03:48:23.975684,204,0,0,0,0,0
2026-08-13T03:48:23.976667,203,0,0,0,0,0
2026-08-13T03:48:23.976667,203,0,0,0,0,0
2026-08-13T03:48:23.979665,202,0,0,0,0,0
2026-08-13T03:48:23.979665,201,0,0,0,0,0
2026-08-13T03:48:23.979665,199,0,0,0,0,0
2026-08-13T03:48:23.983730,200,0,0,0,0,0
2026-08-13T03:48:23.983730,199,0,0,0,0,0
2026-08-13T03:48:23.984748,199,0,0,0,0,0
2026-08-13T03:48:23.984748,202,0,0,0,0,0
2026-08-13T03:48:23.987776,203,0,0,0,0,0
2026-08-13T03:48:23.987776,203,0,0,0,0,0
2026-08-13T03:48:23.988762,203,0,0,0,0,0
2026-08-13T03:48:23.991780,202,0,0,0,0,0
2026-08-13T03:48:23.991780,201,0,0,0,0,0
2026-08-13T03:48:23.992767,200,0,0,0,0,0
2026-08-13T03:48:23.995304,201,0,0,0,0,0
2026-08-13T03:48:23.996317,200,0,0,0,0,0
2026-08-13T03:48:23.997305,200,0,0,0,0,0
2026-08-13T03:48:23.997305,199,0,0,0,0,0
2026-08-13T03:48:23.999302,199,0,0,0,0,0
2026-08-13T03:48:24.000301,199,0,0,0,0,0
2026-08-13T03:48:24.001307,198,0,0,0,0,0
2026-08-13T03:48:24.003836,199,0,0,0,0,0
2026-08-13T03:48:24.004854,199,0,0,0,0,0
2026-08-13T03:48:24.004854,200,0,0,0,0,0
2026-08-13T03:48:24.006135,202,0,0,0,0,0
2026-08-13T03:48:24.008053,202,0,0,0,0,0
2026-08-13T03:48:24.008561,204,0,0,0,0,0
2026-08-13T03:48:24.009572,203,0,0,0,0,0
2026-08-13T03:48:24.011570,203,0,0,0,0,0
2026-08-13T03:48:24.012569,202,0,0,0,0,0
2026-08-13T03:48:24.013570,201,0,0,0,0,0
2026-08-13T03:48:24.013570,203,0,0,0,0,0
2026-08-13T03:48:24.016089,202,0,0,0,0,0
2026-08-13T03:48:24.017089,202,0,0,0,0,0
2026-08-13T03:48:24.017089,201,0,0,0,0,0
2026-08-13T03:48:24.020113,201,0,0,0,0,0
2026-08-13T03:48:24.021089,201,0,0,0,0,0
2026-08-13T03:48:24.021089,200,0,0,0,0,0
2026-08-13T03:48:24.021089,201,0,0,0,0,0
2026-08-13T03:48:24.024605,201,0,0,0,0,0
2026-08-13T03:48:24.024605,202,0,0,0,0,0
2026-08-13T03:48:24.025606,204,0,0,0,0,0
2026-08-13T03:48:24.028793,204,0,0,0,0,0
2026-08-13T03:48:24.028793,205,0,0,0,0,0
2026-08-13T03:48:24.029807,204,0,0,0,0,0
2026-08-13T03:48:24.032891,203,0,0,0,0,0
2026-08-13T03:48:24.032891,202,0,0,0,0,0
2026-08-13T03:48:24.033900,202,0,0,0,0,0
2026-08-13T03:48:24.033900,202,0,0,0,0,0
2026-08-13T03:48:24.036992,201,0,0,0,0,0
2026-08-13T03:48:24.036992,202,0,0,0,0,0
2026-08-13T03:48:24.038017,202,0,0,0,0,0
2026-08-13T03:48:24.040567,201,0,0,0,0,0
2026-08-13T03:48:24.041583,200,0,0,0,0,0
2026-08-13T03:48:24.042567,200,0,0,0,0,0
2026-08-13T03:48:24.042567,200,0,0,0,0,0
2026-08-13T03:48:24.045128,200,0,0,0,0,0
2026-08-13T03:48:24.045128,202,0,0,0,0,0
2026-08-13T03:48:24.046142,204,0,0,0,0,0
2026-08-13T03:48:24.049153,203,0,0,0,0,0
2026-08-13T03:48:24.049153,205,0,0,0,0,0
2026-08-13T03:48:24.050142,205,0,0,0,0,0
2026-08-13T03:48:24.050142,204,0,0,0,0,0
2026-08-13T03:48:24.052140,203,0,0,0,0,0
2026-08-13T03:48:24.053646,204,0,0,0,0,0
2026-08-13T03:48:24.053646,203,0,0,0,0,0
2026-08-13T03:48:24.056670,203,0,0,0,0,0
2026-08-13T03:48:24.057656,203,0,0,0,0,0
2026-08-13T03:48:24.058662,202,0,0,0,0,0
2026-08-13T03:48:24.061655,202,0,0,0,0,0
2026-08-13T03:48:24.061655,201,0,0,0,0,0
2026-08-13T03:48:24.062658,201,0,0,0,0,0
2026-08-13T03:48:24.063657,200,0,0,0,0,0
2026-08-13T03:48:24.065137,200,0,0,0,0,0
2026-08-13T03:48:24.066133,203,0,0,0,0,0
2026-08-13T03:48:24.066133,204,0,0,0,0,0
2026-08-13T03:48:24.069145,205,0,0,0,0,0
2026-08-13T03:48:24.070133,205,0,0,0,0,0
2026-08-13T03:48:24.070133,204,0,0,0,0,0
2026-08-13T03:48:24.071147,203,0,0,0,0,0
2026-08-13T03:48:24.073674,203,0,0,0,0,0
2026-08-13T03:48:24.074698,204,0,0,0,0,0
2026-08-13T03:48:24.075697,204,0,0,0,0,0
2026-08-13T03:48:24.077209,203,0,0,0,0,0
2026-08-13T03:48:24.078059,203,0,0,0,0,0
2026-08-13T03:48:24.078059,202,0,0,0,0,0
2026-08-13T03:48:24.079218,201,0,0,0,0,0
2026-08-13T03:48:24.082116,200,0,0,0,0,0
2026-08-13T03:48:24.082623,201,0,0,0,0,0
2026-08-13T03:48:24.082623,201,0,0,0,0,0
2026-08-13T03:48:24.086131,201,0,0,0,0,0
2026-08-13T03:48:24.086131,204,0,0,0,0,0
2026-08-13T03:48:24.087140,203,0,0,0,0,0
2026-08-13T03:48:24.087140,205,0,0,0,0,0
2026-08-13T03:48:24.090153,206,0,0,0,0,0
2026-08-13T03:48:24.091142,206,0,0,0,0,0
2026-08-13T03:48:24.091142,204,0,0,0,0,0
2026-08-13T03:48:24.093663,204,0,0,0,0,0
2026-08-13T03:48:24.094685,205,0,0,0,0,0
2026-08-13T03:48:24.094685,203,0,0,0,0,0
2026-08-13T03:48:24.097703,204,0,0,0,0,0
2026-08-13T03:48:24.098688,204,0,0,0,0,0
2026-08-13T03:48:24.098688,202,0,0,0,0,0
2026-08-13T03:48:24.099704,201,0,0,0,0,0
2026-08-13T03:48:24.101703,201,0,0,0,0,0
2026-08-13T03:48:24.102688,201,0,0,0,0,0
2026-08-13T03:48:24.102688,202,0,0,0,0,0
2026-08-13T03:48:24.105960,203,0,0,0,0,0
2026-08-13T03:48:24.106943,205,0,0,0,0,0
2026-08-13T03:48:24.106943,206,0,0,0,0,0
2026-08-13T03:48:24.106943,207,0,0,0,0,0
2026-08-13T03:48:24.110841,206,0,0,0,0,0
2026-08-13T03:48:24.110841,206,0,0,0,0,0
2026-08-13T03:48:24.110841,205,0,0,0,0,0
2026-08-13T03:48:24.113991,204,0,0,0,0,0
2026-08-13T03:48:24.114996,205,0,0,0,0,0
2026-08-13T03:48:24.114996,204,0,0,0,0,0
2026-08-13T03:48:24.114996,204,0,0,0,0,0
2026-08-13T03:48:24.118998,203,0,0,0,0,0
2026-08-13T03:48:24.118998,203,0,0,0,0,0
2026-08-13T03:48:24.119998,202,0,0,0,0,0
2026-08-13T03:48:24.121998,202,0,0,0,0,0
2026-08-13T03:48:24.123697,202,0,0,0,0,0
2026-08-13T03:48:24.124720,202,0,0,0,0,0
2026-08-13T03:48:24.126729,204,0,0,0,0,0
2026-08-13T03:48:24.127728,206,0,0,0,0,0
2026-08-13T03:48:24.128728,206,0,0,0,0,0
2026-08-13T03:48:24.129240,206,0,0,0,0,0
2026-08-13T03:48:24.131305,206,0,0,0,0,0
2026-08-13T03:48:24.131305,205,0,0,0,0,0
2026-08-13T03:48:24.132304,203,0,0,0,0,0
2026-08-13T03:48:24.135018,204,0,0,0,0,0
2026-08-13T03:48:24.135578,205,0,0,0,0,0
2026-08-13T03:48:24.136111,203,0,0,0,0,0
2026-08-13T03:48:24.136648,203,0,0,0,0,0
2026-08-13T03:48:24.138672,203,0,0,0,0,0
2026-08-13T03:48:24.139657,204,0,0,0,0,0
2026-08-13T03:48:24.140661,202,0,0,0,0,0
2026-08-13T03:48:24.142657,202,0,0,0,0,0
2026-08-13T03:48:24.143657,202,0,0,0,0,0
2026-08-13T03:48:24.144713,203,0,0,0,0,0
2026-08-13T03:48:24.144713,205,0,0,0,0,0
2026-08-13T03:48:24.146721,206,0,0,0,0,0
2026-08-13T03:48:24.147719,207,0,0,0,0,0
2026-08-13T03:48:24.147719,207,0,0,0,0,0
2026-08-13T03:48:24.151718,207,0,0,0,0,0
2026-08-13T03:48:24.151718,206,0,0,0,0,0
2026-08-13T03:48:24.151718,205,0,0,0,0,0
2026-08-13T03:48:24.152719,205,0,0,0,0,0
2026-08-13T03:48:24.155231,205,0,0,0,0,0
2026-08-13T03:48:24.156236,204,0,0,0,0,0
2026-08-13T03:48:24.156236,205,0,0,0,0,0
2026-08-13T03:48:24.159857,204,0,0,0,0,0
2026-08-13T03:48:24.159857,204,0,0,0,0,0
2026-08-13T03:48:24.160864,202,0,0,0,0,0
2026-08-13T03:48:24.163967,203,0,0,0,0,0
2026-08-13T03:48:24.163967,203,0,0,0,0,0
2026-08-13T03:48:24.165097,203,0,0,0,0,0
2026-08-13T03:48:24.165097,206,0,0,0,0,0
2026-08-13T03:48:24.168116,206,0,0,0,0,0
2026-08-13T03:48:24.168116,206,0,0,0,0,0
2026-08-13T03:48:24.168116,207,0,0,0,0,0
2026-08-13T03:48:24.171480,206,0,0,0,0,0
2026-08-13T03:48:24.172488,205,0,0,0,0,0
2026-08-13T03:48:24.172488,204,0,0,0,0,0
2026-08-13T03:48:24.173998,205,0,0,0,0,0
2026-08-13T03:48:24.176011,205,0,0,0,0,0
2026-08-13T03:48:24.176011,204,0,0,0,0,0
2026-08-13T03:48:24.177021,204,0,0,0,0,0
2026-08-13T03:48:24.180041,203,0,0,0,0,0
2026-08-13T03:48:24.181035,203,0,0,0,0,0
2026-08-13T03:48:24.181035,201,0,0,0,0,0
2026-08-13T03:48:24.182020,203,0,0,0,0,0
2026-08-13T03:48:24.183826,203,0,0,0,0,0
2026-08-13T03:48:24.184834,203,0,0,0,0,0
2026-08-13T03:48:24.185835,205,0,0,0,0,0
2026-08-13T03:48:24.187849,206,0,0,0,0,0
2026-08-13T03:48:24.188835,207,0,0,0,0,0
2026-08-13T03:48:24.189834,207,0,0,0,0,0
2026-08-13T03:48:24.191836,206,0,0,0,0,0
2026-08-13T03:48:24.192834,205,0,0,0,0,0
2026-08-13T03:48:24.193833,205,0,0,0,0,0
2026-08-13T03:48:24.194341,206,0,0,0,0,0
2026-08-13T03:48:24.196350,205,0,0,0,0,0
2026-08-13T03:48:24.197364,204,0,0,0,0,0
2026-08-13T03:48:24.197364,204,0,0,0,0,0
2026-08-13T03:48:24.200817,204,0,0,0,0,0
2026-08-13T03:48:24.200817,203,0,0,0,0,0
2026-08-13T03:48:24.201837,203,0,0,0,0,0
2026-08-13T03:48:24.201837,203,0,0,0,0,0
2026-08-13T03:48:24.204615,203,0,0,0,0,0
2026-08-13T03:48:24.204615,204,0,0,0,0,0
2026-08-13T03:48:24.205918,207,0,0,0,0,0
2026-08-13T03:48:24.209017,206,0,0,0,0,0
2026-08-13T03:48:24.209017,207,0,0,0,0,0
2026-08-13T03:48:24.210053,208,0,0,0,0,0
2026-08-13T03:48:24.211033,207,0,0,0,0,0
2026-08-13T03:48:24.213115,207,0,0,0,0,0
2026-08-13T03:48:24.213639,207,0,0,0,0,0
2026-08-13T03:48:24.213639,207,0,0,0,0,0
2026-08-13T03:48:24.216654,206,0,0,0,0,0
2026-08-13T03:48:24.217655,206,0,0,0,0,0
2026-08-13T03:48:24.218660,206,0,0,0,0,0
2026-08-13T03:48:24.218660,205,0,0,0,0,0
2026-08-13T03:48:24.220544,205,0,0,0,0,0
2026-08-13T03:48:24.221567,205,0,0,0,0,0
2026-08-13T03:48:24.222566,205,0,0,0,0,0
2026-08-13T03:48:24.224763,204,0,0,0,0,0
2026-08-13T03:48:24.225784,207,0,0,0,0,0
2026-08-13T03:48:24.225784,209,0,0,0,0,0
2026-08-13T03:48:24.228785,209,0,0,0,0,0
2026-08-13T03:48:24.229777,210,0,0,0,0,0
2026-08-13T03:48:24.229777,210,0,0,0,0,0
2026-08-13T03:48:24.230762,209,0,0,0,0,0
2026-08-13T03:48:24.232250,208,0,0,0,0,0
2026-08-13T03:48:24.233791,209,0,0,0,0,0
2026-08-13T03:48:24.233791,209,0,0,0,0,0
2026-08-13T03:48:24.237804,208,0,0,0,0,0
2026-08-13T03:48:24.237804,208,0,0,0,0,0
2026-08-13T03:48:24.238805,207,0,0,0,0,0
2026-08-13T03:48:24.238805,207,0,0,0,0,0
2026-08-13T03:48:24.241807,206,0,0,0,0,0
2026-08-13T03:48:24.241807,207,0,0,0,0,0
2026-08-13T03:48:24.242807,207,0,0,0,0,0
2026-08-13T03:48:24.245335,207,0,0,0,0,0
2026-08-13T03:48:24.246346,210,0,0,0,0,0
2026-08-13T03:48:24.246346,211,0,0,0,0,0
2026-08-13T03:48:24.247350,212,0,0,0,0,0
2026-08-13T03:48:24.249972,212,0,0,0,0,0
2026-08-13T03:48:24.249972,210,0,0,0,0,0
2026-08-13T03:48:24.250993,209,0,0,0,0,0
2026-08-13T03:48:24.254067,208,0,0,0,0,0
2026-08-13T03:48:24.254067,209,0,0,0,0,0
2026-08-13T03:48:24.255184,207,0,0,0,0,0
2026-08-13T03:48:24.255184,207,0,0,0,0,0
2026-08-13T03:48:24.258045,207,0,0,0,0,0
2026-08-13T03:48:24.258045,206,0,0,0,0,0
2026-08-13T03:48:24.259042,205,0,0,0,0,0
2026-08-13T03:48:24.262044,204,0,0,0,0,0
2026-08-13T03:48:24.262044,204,0,0,0,0,0
2026-08-13T03:48:24.263046,203,0,0,0,0,0
2026-08-13T03:48:24.265558,204,0,0,0,0,0
2026-08-13T03:48:24.266565,205,0,0,0,0,0
2026-08-13T03:48:24.267566,205,0,0,0,0,0
2026-08-13T03:48:24.267566,206,0,0,0,0,0
2026-08-13T03:48:24.269566,206,0,0,0,0,0
2026-08-13T03:48:24.270564,206,0,0,0,0,0
2026-08-13T03:48:24.270564,206,0,0,0,0,0
2026-08-13T03:48:24.274071,204,0,0,0,0,0
2026-08-13T03:48:24.275084,206,0,0,0,0,0
2026-08-13T03:48:24.276087,206,0,0,0,0,0
2026-08-13T03:48:24.276087,206,0,0,0,0,0
2026-08-13T03:48:24.278101,206,0,0,0,0,0
2026-08-13T03:48:24.279081,206,0,0,0,0,0
2026-08-13T03:48:24.279081,205,0,0,0,0,0
2026-08-13T03:48:24.282666,205,0,0,0,0,0
2026-08-13T03:48:24.282666,205,0,0,0,0,0
2026-08-13T03:48:24.283662,206,0,0,0,0,0
2026-08-13T03:48:24.284203,208,0,0,0,0,0
2026-08-13T03:48:24.286842,209,0,0,0,0,0
2026-08-13T03:48:24.286842,209,0,0,0,0,0
2026-08-13T03:48:24.287859,209,0,0,0,0,0
2026-08-13T03:48:24.290361,208,0,0,0,0,0
2026-08-13T03:48:24.291393,207,0,0,0,0,0
2026-08-13T03:48:24.291393,204,0,0,0,0,0
2026-08-13T03:48:24.294915,203,0,0,0,0,0
2026-08-13T03:48:24.294915,204,0,0,0,0,0
2026-08-13T03:48:24.295929,202,0,0,0,0,0
2026-08-13T03:48:24.295929,201,0,0,0,0,0
2026-08-13T03:48:24.299121,199,0,0,0,0,0
2026-08-13T03:48:24.299121,197,0,0,0,0,0
2026-08-13T03:48:24.300141,196,0,0,0,0,0
2026-08-13T03:48:24.302276,194,0,0,0,0,0
2026-08-13T03:48:24.303799,194,0,0,0,0,0
2026-08-13T03:48:24.303799,192,0,0,0,0,0
2026-08-13T03:48:24.304815,194,0,0,0,0,0
2026-08-13T03:48:24.306830,195,0,0,0,0,0
2026-08-13T03:48:24.307817,195,0,0,0,0,0
2026-08-13T03:48:24.308831,194,0,0,0,0,0
2026-08-13T03:48:24.311210,193,0,0,0,0,0
2026-08-13T03:48:24.312224,192,0,0,0,0,0
2026-08-13T03:48:24.312224,190,0,0,0,0,0
2026-08-13T03:48:24.312224,190,0,0,0,0,0
2026-08-13T03:48:24.314751,189,0,0,0,0,0
2026-08-13T03:48:24.315753,187,0,0,0,0,0
2026-08-13T03:48:24.316752,186,0,0,0,0,0
2026-08-13T03:48:24.318766,185,0,0,0,0,0
2026-08-13T03:48:24.319752,184,0,0,0,0,0
2026-08-13T03:48:24.320752,181,0,0,0,0,0
2026-08-13T03:48:24.320752,180,0,0,0,0,0
2026-08-13T03:48:24.323750,179,0,0,0,0,0
2026-08-13T03:48:24.325273,178,0,0,0,0,0
2026-08-13T03:48:24.326285,180,0,0,0,0,0
2026-08-13T03:48:24.327286,180,0,0,0,0,0
2026-08-13T03:48:24.328285,179,0,0,0,0,0
2026-08-13T03:48:24.328285,178,0,0,0,0,0
2026-08-13T03:48:24.331296,177,0,0,0,0,0
2026-08-13T03:48:24.332282,176,0,0,0,0,0
2026-08-13T03:48:24.332282,173,0,0,0,0,0
2026-08-13T03:48:24.332282,173,0,0,0,0,0
2026-08-13T03:48:24.335818,171,0,0,0,0,0
2026-08-13T03:48:24.335818,171,0,0,0,0,0
2026-08-13T03:48:24.336802,170,0,0,0,0,0
2026-08-13T03:48:24.339814,170,0,0,0,0,0
2026-08-13T03:48:24.340804,167,0,0,0,0,0
2026-08-13T03:48:24.340804,167,0,0,0,0,0
2026-08-13T03:48:24.341803,168,0,0,0,0,0
2026-08-13T03:48:24.343817,168,0,0,0,0,0
2026-08-13T03:48:24.344840,168,0,0,0,0,0
2026-08-13T03:48:24.344840,170,0,0,0,0,0
2026-08-13T03:48:24.347737,172,0,0,0,0,0
2026-08-13T03:48:24.348749,173,0,0,0,0,0
2026-08-13T03:48:24.348749,173,0,0,0,0,0
2026-08-13T03:48:24.349750,173,0,0,0,0,0
2026-08-13T03:48:24.351748,172,0,0,0,0,0
2026-08-13T03:48:24.352746,171,0,0,0,0,0
2026-08-13T03:48:24.352746,172,0,0,0,0,0
2026-08-13T03:48:24.356272,172,0,0,0,0,0
2026-08-13T03:48:24.356272,172,0,0,0,0,0
2026-08-13T03:48:24.357266,173,0,0,0,0,0
2026-08-13T03:48:24.360271,171,0,0,0,0,0
2026-08-13T03:48:24.360271,171,0,0,0,0,0
2026-08-13T03:48:24.361270,170,0,0,0,0,0
2026-08-13T03:48:24.361270,172,0,0,0,0,0
2026-08-13T03:48:24.364795,170,0,0,0,0,0
2026-08-13T03:48:24.364795,172,0,0,0,0,0
2026-08-13T03:48:24.364795,173,0,0,0,0,0
2026-08-13T03:48:24.368460,173,0,0,0,0,0
2026-08-13T03:48:24.368460,174,0,0,0,0,0
2026-08-13T03:48:24.369459,173,0,0,0,0,0
2026-08-13T03:48:24.369459,173,0,0,0,0,0
2026-08-13T03:48:24.372592,172,0,0,0,0,0
2026-08-13T03:48:24.373503,171,0,0,0,0,0
2026-08-13T03:48:24.374012,172,0,0,0,0,0
2026-08-13T03:48:24.376144,171,0,0,0,0,0
2026-08-13T03:48:24.377025,170,0,0,0,0,0
2026-08-13T03:48:24.377025,170,0,0,0,0,0
2026-08-13T03:48:24.378022,169,0,0,0,0,0
2026-08-13T03:48:24.381044,168,0,0,0,0,0
2026-08-13T03:48:24.381044,167,0,0,0,0,0
2026-08-13T03:48:24.382023,167,0,0,0,0,0
2026-08-13T03:48:24.384982,166,0,0,0,0,0
2026-08-13T03:48:24.384982,168,0,0,0,0,0
2026-08-13T03:48:24.385982,169,0,0,0,0,0
2026-08-13T03:48:24.386984,170,0,0,0,0,0
2026-08-13T03:48:24.388984,170,0,0,0,0,0
2026-08-13T03:48:24.389988,169,0,0,0,0,0
2026-08-13T03:48:24.389988,168,0,0,0,0,0
2026-08-13T03:48:24.392979,166,0,0,0,0,0
2026-08-13T03:48:24.393984,166,0,0,0,0,0
2026-08-13T03:48:24.393984,166,0,0,0,0,0
2026-08-13T03:48:24.397101,165,0,0,0,0,0
2026-08-13T03:48:24.397101,164,0,0,0,0,0
2026-08-13T03:48:24.398101,164,0,0,0,0,0
2026-08-13T03:48:24.398101,163,0,0,0,0,0
2026-08-13T03:48:24.401107,161,0,0,0,0,0
2026-08-13T03:48:24.401107,161,0,0,0,0,0
2026-08-13T03:48:24.402101,161,0,0,0,0,0
2026-08-13T03:48:24.404649,160,0,0,0,0,0
2026-08-13T03:48:24.405648,162,0,0,0,0,0
2026-08-13T03:48:24.405648,163,0,0,0,0,0
2026-08-13T03:48:24.406648,163,0,0,0,0,0
2026-08-13T03:48:24.408677,163,0,0,0,0,0
2026-08-13T03:48:24.410081,163,0,0,0,0,0
2026-08-13T03:48:24.410081,162,0,0,0,0,0
2026-08-13T03:48:24.413817,161,0,0,0,0,0
2026-08-13T03:48:24.414414,161,0,0,0,0,0
2026-08-13T03:48:24.414414,160,0,0,0,0,0
2026-08-13T03:48:24.414414,160,0,0,0,0,0
2026-08-13T03:48:24.417919,160,0,0,0,0,0
2026-08-13T03:48:24.417919,159,0,0,0,0,0
2026-08-13T03:48:24.418957,159,0,0,0,0,0
2026-08-13T03:48:24.421921,157,0,0,0,0,0
2026-08-13T03:48:24.421921,158,0,0,0,0,0
2026-08-13T03:48:24.422922,158,0,0,0,0,0
2026-08-13T03:48:24.426042,158,0,0,0,0,0
2026-08-13T03:48:24.426042,161,0,0,0,0,0
2026-08-13T03:48:24.427040,161,0,0,0,0,0
2026-08-13T03:48:24.428037,162,0,0,0,0,0
2026-08-13T03:48:24.430041,162,0,0,0,0,0
2026-08-13T03:48:24.430041,162,0,0,0,0,0
2026-08-13T03:48:24.431036,162,0,0,0,0,0
2026-08-13T03:48:24.433598,161,0,0,0,0,0
2026-08-13T03:48:24.434627,161,0,0,0,0,0
2026-08-13T03:48:24.434627,162,0,0,0,0,0
2026-08-13T03:48:24.435616,160,0,0,0,0,0
2026-08-13T03:48:24.437629,160,0,0,0,0,0
2026-08-13T03:48:24.438614,159,0,0,0,0,0
2026-08-13T03:48:24.438614,159,0,0,0,0,0
2026-08-13T03:48:24.441615,158,0,0,0,0,0
2026-08-13T03:48:24.442613,159,0,0,0,0,0
2026-08-13T03:48:24.442613,158,0,0,0,0,0
2026-08-13T03:48:24.442613,159,0,0,0,0,0
2026-08-13T03:48:24.446567,162,0,0,0,0,0
2026-08-13T03:48:24.446567,162,0,0,0,0,0
2026-08-13T03:48:24.446567,162,0,0,0,0,0
2026-08-13T03:48:24.449909,162,0,0,0,0,0
2026-08-13T03:48:24.450891,161,0,0,0,0,0
2026-08-13T03:48:24.450891,160,0,0,0,0,0
2026-08-13T03:48:24.451891,159,0,0,0,0,0
2026-08-13T03:48:24.453907,159,0,0,0,0,0
2026-08-13T03:48:24.455001,157,0,0,0,0,0
2026-08-13T03:48:24.455001,157,0,0,0,0,0
2026-08-13T03:48:24.458008,157,0,0,0,0,0
2026-08-13T03:48:24.459008,155,0,0,0,0,0
2026-08-13T03:48:24.460008,153,0,0,0,0,0
2026-08-13T03:48:24.463024,153,0,0,0,0,0
2026-08-13T03:48:24.463024,152,0,0,0,0,0
2026-08-13T03:48:24.464009,151,0,0,0,0,0
2026-08-13T03:48:24.464009,152,0,0,0,0,0
2026-08-13T03:48:24.466486,154,0,0,0,0,0
2026-08-13T03:48:24.467470,153,0,0,0,0,0
2026-08-13T03:48:24.467470,153,0,0,0,0,0
2026-08-13T03:48:24.471141,152,0,0,0,0,0
2026-08-13T03:48:24.471141,152,0,0,0,0,0
2026-08-13T03:48:24.472159,150,0,0,0,0,0
2026-08-13T03:48:24.472159,149,0,0,0,0,0
2026-08-13T03:48:24.474709,149,0,0,0,0,0
2026-08-13T03:48:24.475717,147,0,0,0,0,0
2026-08-13T03:48:24.475717,148,0,0,0,0,0
2026-08-13T03:48:24.478732,147,0,0,0,0,0
2026-08-13T03:48:24.479709,147,0,0,0,0,0
2026-08-13T03:48:24.480708,146,0,0,0,0,0
2026-08-13T03:48:24.480708,146,0,0,0,0,0
2026-08-13T03:48:24.482255,146,0,0,0,0,0
2026-08-13T03:48:24.483837,145,0,0,0,0,0
2026-08-13T03:48:24.483837,147,0,0,0,0,0
2026-08-13T03:48:24.486867,148,0,0,0,0,0
2026-08-13T03:48:24.487854,148,0,0,0,0,0
2026-08-13T03:48:24.488855,148,0,0,0,0,0
2026-08-13T03:48:24.488855,147,0,0,0,0,0
2026-08-13T03:48:24.490858,147,0,0,0,0,0
2026-08-13T03:48:24.491855,145,0,0,0,0,0
2026-08-13T03:48:24.492855,145,0,0,0,0,0
2026-08-13T03:48:24.495731,146,0,0,0,0,0
2026-08-13T03:48:24.495731,145,0,0,0,0,0
2026-08-13T03:48:24.496739,145,0,0,0,0,0
2026-08-13T03:48:24.499893,144,0,0,0,0,0
2026-08-13T03:48:24.499893,144,0,0,0,0,0
2026-08-13T03:48:24.499893,143,0,0,0,0,0
2026-08-13T03:48:24.500918,143,0,0,0,0,0
2026-08-13T03:48:24.504010,143,0,0,0,0,0
2026-08-13T03:48:24.504010,144,0,0,0,0,0
2026-08-13T03:48:24.504010,147,0,0,0,0,0
2026-08-13T03:48:24.508037,149,0,0,0,0,0
2026-08-13T03:48:24.508037,148,0,0,0,0,0
2026-08-13T03:48:24.509047,150,0,0,0,0,0
2026-08-13T03:48:24.510041,149,0,0,0,0,0
2026-08-13T03:48:24.512024,148,0,0,0,0,0
2026-08-13T03:48:24.512024,148,0,0,0,0,0
2026-08-13T03:48:24.513031,148,0,0,0,0,0
2026-08-13T03:48:24.515577,148,0,0,0,0,0
2026-08-13T03:48:24.516558,147,0,0,0,0,0
2026-08-13T03:48:24.516558,147,0,0,0,0,0
2026-08-13T03:48:24.517573,146,0,0,0,0,0
2026-08-13T03:48:24.519573,145,0,0,0,0,0
2026-08-13T03:48:24.520559,143,0,0,0,0,0
2026-08-13T03:48:24.521559,143,0,0,0,0,0
2026-08-13T03:48:24.524065,144,0,0,0,0,0
2026-08-13T03:48:24.525078,144,0,0,0,0,0
2026-08-13T03:48:24.525078,146,0,0,0,0,0
2026-08-13T03:48:24.528189,147,0,0,0,0,0
2026-08-13T03:48:24.529197,148,0,0,0,0,0
2026-08-13T03:48:24.529197,147,0,0,0,0,0
2026-08-13T03:48:24.530197,147,0,0,0,0,0
2026-08-13T03:48:24.532211,146,0,0,0,0,0
2026-08-13T03:48:24.532211,145,0,0,0,0,0
2026-08-13T03:48:24.532211,146,0,0,0,0,0
2026-08-13T03:48:24.536742,145,0,0,0,0,0
2026-08-13T03:48:24.536742,144,0,0,0,0,0
2026-08-13T03:48:24.537757,145,0,0,0,0,0
2026-08-13T03:48:24.537757,143,0,0,0,0,0
2026-08-13T03:48:24.540080,143,0,0,0,0,0
2026-08-13T03:48:24.541053,142,0,0,0,0,0
2026-08-13T03:48:24.541053,143,0,0,0,0,0
2026-08-13T03:48:24.544620,143,0,0,0,0,0
2026-08-13T03:48:24.544620,143,0,0,0,0,0
2026-08-13T03:48:24.545607,145,0,0,0,0,0
2026-08-13T03:48:24.545607,145,0,0,0,0,0
2026-08-13T03:48:24.548618,146,0,0,0,0,0
2026-08-13T03:48:24.549605,146,0,0,0,0,0
2026-08-13T03:48:24.549605,146,0,0,0,0,0
2026-08-13T03:48:24.552617,143,0,0,0,0,0
2026-08-13T03:48:24.553604,143,0,0,0,0,0
2026-08-13T03:48:24.554117,144,0,0,0,0,0
2026-08-13T03:48:24.554117,143,0,0,0,0,0
2026-08-13T03:48:24.557141,143,0,0,0,0,0
2026-08-13T03:48:24.557141,143,0,0,0,0,0
2026-08-13T03:48:24.558123,141,0,0,0,0,0
2026-08-13T03:48:24.561122,141,0,0,0,0,0
2026-08-13T03:48:24.561122,142,0,0,0,0,0
2026-08-13T03:48:24.562122,142,0,0,0,0,0
2026-08-13T03:48:24.564664,141,0,0,0,0,0
2026-08-13T03:48:24.565646,142,0,0,0,0,0
2026-08-13T03:48:24.566645,144,0,0,0,0,0
2026-08-13T03:48:24.566645,145,0,0,0,0,0
2026-08-13T03:48:24.568663,145,0,0,0,0,0
2026-08-13T03:48:24.569658,144,0,0,0,0,0
2026-08-13T03:48:24.570644,144,0,0,0,0,0
2026-08-13T03:48:24.572657,143,0,0,0,0,0
2026-08-13T03:48:24.574157,143,0,0,0,0,0
2026-08-13T03:48:24.575207,143,0,0,0,0,0
2026-08-13T03:48:24.575207,142,0,0,0,0,0
2026-08-13T03:48:24.577444,143,0,0,0,0,0
2026-08-13T03:48:24.577444,142,0,0,0,0,0
2026-08-13T03:48:24.578453,142,0,0,0,0,0
2026-08-13T03:48:24.581465,142,0,0,0,0,0
2026-08-13T03:48:24.581465,141,0,0,0,0,0
2026-08-13T03:48:24.582452,142,0,0,0,0,0
2026-08-13T03:48:24.582452,141,0,0,0,0,0
2026-08-13T03:48:24.585831,144,0,0,0,0,0
2026-08-13T03:48:24.585831,145,0,0,0,0,0
2026-08-13T03:48:24.585831,144,0,0,0,0,0
2026-08-13T03:48:24.589883,145,0,0,0,0,0
2026-08-13T03:48:24.589883,145,0,0,0,0,0
2026-08-13T03:48:24.590866,145,0,0,0,0,0
2026-08-13T03:48:24.593863,143,0,0,0,0,0
2026-08-13T03:48:24.594373,143,0,0,0,0,0
2026-08-13T03:48:24.595387,143,0,0,0,0,0
2026-08-13T03:48:24.596398,143,0,0,0,0,0
2026-08-13T03:48:24.597398,143,0,0,0,0,0
2026-08-13T03:48:24.598396,143,0,0,0,0,0
2026-08-13T03:48:24.599396,142,0,0,0,0,0
2026-08-13T03:48:24.601395,141,0,0,0,0,0
2026-08-13T03:48:24.602395,141,0,0,0,0,0
2026-08-13T03:48:24.602395,141,0,0,0,0,0
2026-08-13T03:48:24.603907,141,0,0,0,0,0
2026-08-13T03:48:24.605916,144,0,0,0,0,0
2026-08-13T03:48:24.606423,145,0,0,0,0,0
2026-08-13T03:48:24.606423,145,0,0,0,0,0
2026-08-13T03:48:24.610436,145,0,0,0,0,0
2026-08-13T03:48:24.610436,144,0,0,0,0,0
2026-08-13T03:48:24.611433,143,0,0,0,0,0
2026-08-13T03:48:24.611433,143,0,0,0,0,0
2026-08-13T03:48:24.613954,144,0,0,0,0,0
2026-08-13T03:48:24.614975,144,0,0,0,0,0
2026-08-13T03:48:24.614975,143,0,0,0,0,0
2026-08-13T03:48:24.618614,143,0,0,0,0,0
2026-08-13T03:48:24.618614,143,0,0,0,0,0
2026-08-13T03:48:24.619631,141,0,0,0,0,0
2026-08-13T03:48:24.619631,141,0,0,0,0,0
2026-08-13T03:48:24.622119,142,0,0,0,0,0
2026-08-13T03:48:24.622119,141,0,0,0,0,0
2026-08-13T03:48:24.624667,141,0,0,0,0,0
2026-08-13T03:48:24.626682,144,0,0,0,0,0
2026-08-13T03:48:24.626682,145,0,0,0,0,0
2026-08-13T03:48:24.627681,146,0,0,0,0,0
2026-08-13T03:48:24.630677,146,0,0,0,0,0
2026-08-13T03:48:24.630677,145,0,0,0,0,0
2026-08-13T03:48:24.631679,145,0,0,0,0,0
2026-08-13T03:48:24.632666,144,0,0,0,0,0
2026-08-13T03:48:24.634758,145,0,0,0,0,0
2026-08-13T03:48:24.635743,145,0,0,0,0,0
2026-08-13T03:48:24.635743,144,0,0,0,0,0
2026-08-13T03:48:24.638267,144,0,0,0,0,0
2026-08-13T03:48:24.639266,144,0,0,0,0,0
2026-08-13T03:48:24.640266,143,0,0,0,0,0
2026-08-13T03:48:24.640266,143,0,0,0,0,0
2026-08-13T03:48:24.642952,143,0,0,0,0,0
2026-08-13T03:48:24.643562,143,0,0,0,0,0
2026-08-13T03:48:24.644185,145,0,0,0,0,0
2026-08-13T03:48:24.647258,147,0,0,0,0,0
2026-08-13T03:48:24.648516,148,0,0,0,0,0
2026-08-13T03:48:24.648516,148,0,0,0,0,0
2026-08-13T03:48:24.649533,148,0,0,0,0,0
2026-08-13T03:48:24.651528,148,0,0,0,0,0
2026-08-13T03:48:24.651528,146,0,0,0,0,0
2026-08-13T03:48:24.652527,146,0,0,0,0,0
2026-08-13T03:48:24.655081,147,0,0,0,0,0
2026-08-13T03:48:24.656080,145,0,0,0,0,0
2026-08-13T03:48:24.656080,145,0,0,0,0,0
2026-08-13T03:48:24.659068,145,0,0,0,0,0
2026-08-13T03:48:24.660067,145,0,0,0,0,0
2026-08-13T03:48:24.660067,143,0,0,0,0,0
2026-08-13T03:48:24.661068,144,0,0,0,0,0
2026-08-13T03:48:24.663603,144,0,0,0,0,0
2026-08-13T03:48:24.663603,144,0,0,0,0,0
2026-08-13T03:48:24.664632,146,0,0,0,0,0
2026-08-13T03:48:24.667758,148,0,0,0,0,0
2026-08-13T03:48:24.667758,148,0,0,0,0,0
2026-08-13T03:48:24.668770,148,0,0,0,0,0
2026-08-13T03:48:24.668770,148,0,0,0,0,0
2026-08-13T03:48:24.671174,148,0,0,0,0,0
2026-08-13T03:48:24.672217,145,0,0,0,0,0
2026-08-13T03:48:24.672217,145,0,0,0,0,0
2026-08-13T03:48:24.675766,146,0,0,0,0,0
2026-08-13T03:48:24.675766,146,0,0,0,0,0
2026-08-13T03:48:24.676743,146,0,0,0,0,0
2026-08-13T03:48:24.676743,145,0,0,0,0,0
2026-08-13T03:48:24.679762,145,0,0,0,0,0
2026-08-13T03:48:24.679762,143,0,0,0,0,0
2026-08-13T03:48:24.680737,144,0,0,0,0,0
2026-08-13T03:48:24.683785,144,0,0,0,0,0
2026-08-13T03:48:24.684805,143,0,0,0,0,0
2026-08-13T03:48:24.684805,145,0,0,0,0,0
2026-08-13T03:48:24.685805,147,0,0,0,0,0
2026-08-13T03:48:24.687818,148,0,0,0,0,0
2026-08-13T03:48:24.688815,148,0,0,0,0,0
2026-08-13T03:48:24.688815,147,0,0,0,0,0
2026-08-13T03:48:24.691801,147,0,0,0,0,0
2026-08-13T03:48:24.692804,146,0,0,0,0,0
2026-08-13T03:48:24.692804,147,0,0,0,0,0
2026-08-13T03:48:24.696341,146,0,0,0,0,0
2026-08-13T03:48:24.696341,146,0,0,0,0,0
2026-08-13T03:48:24.697327,146,0,0,0,0,0
2026-08-13T03:48:24.697833,145,0,0,0,0,0
2026-08-13T03:48:24.699898,145,0,0,0,0,0
2026-08-13T03:48:24.700932,144,0,0,0,0,0
2026-08-13T03:48:24.700932,144,0,0,0,0,0
2026-08-13T03:48:24.704443,144,0,0,0,0,0
2026-08-13T03:48:24.704443,144,0,0,0,0,0
2026-08-13T03:48:24.705440,147,0,0,0,0,0
2026-08-13T03:48:24.705440,147,0,0,0,0,0
2026-08-13T03:48:24.708331,148,0,0,0,0,0
2026-08-13T03:48:24.708838,147,0,0,0,0,0
2026-08-13T03:48:24.709358,148,0,0,0,0,0
2026-08-13T03:48:24.712370,147,0,0,0,0,0
2026-08-13T03:48:24.713571,146,0,0,0,0,0
2026-08-13T03:48:24.714143,147,0,0,0,0,0
2026-08-13T03:48:24.714463,147,0,0,0,0,0
2026-08-13T03:48:24.716977,146,0,0,0,0,0
2026-08-13T03:48:24.716977,146,0,0,0,0,0
2026-08-13T03:48:24.716977,145,0,0,0,0,0
2026-08-13T03:48:24.720866,144,0,0,0,0,0
2026-08-13T03:48:24.721399,144,0,0,0,0,0
2026-08-13T03:48:24.721399,144,0,0,0,0,0
2026-08-13T03:48:24.724728,143,0,0,0,0,0
2026-08-13T03:48:24.724728,145,0,0,0,0,0
2026-08-13T03:48:24.725735,147,0,0,0,0,0
2026-08-13T03:48:24.725735,148,0,0,0,0,0
2026-08-13T03:48:24.729177,148,0,0,0,0,0
2026-08-13T03:48:24.729177,148,0,0,0,0,0
2026-08-13T03:48:24.729177,148,0,0,0,0,0
2026-08-13T03:48:24.732253,147,0,0,0,0,0
2026-08-13T03:48:24.732253,146,0,0,0,0,0
2026-08-13T03:48:24.733772,147,0,0,0,0,0
2026-08-13T03:48:24.733772,146,0,0,0,0,0
2026-08-13T03:48:24.736793,145,0,0,0,0,0
2026-08-13T03:48:24.736793,146,0,0,0,0,0
2026-08-13T03:48:24.737777,144,0,0,0,0,0
2026-08-13T03:48:24.741176,144,0,0,0,0,0
2026-08-13T03:48:24.741176,143,0,0,0,0,0
2026-08-13T03:48:24.742174,144,0,0,0,0,0
2026-08-13T03:48:24.742174,143,0,0,0,0,0
2026-08-13T03:48:24.744737,145,0,0,0,0,0
2026-08-13T03:48:24.745720,147,0,0,0,0,0
2026-08-13T03:48:24.745720,148,0,0,0,0,0
2026-08-13T03:48:24.749745,148,0,0,0,0,0
2026-08-13T03:48:24.749745,148,0,0,0,0,0
2026-08-13T03:48:24.749745,148,0,0,0,0,0
2026-08-13T03:48:24.750721,146,0,0,0,0,0
2026-08-13T03:48:24.753736,147,0,0,0,0,0
2026-08-13T03:48:24.753736,147,0,0,0,0,0
2026-08-13T03:48:24.753736,146,0,0,0,0,0
2026-08-13T03:48:24.757656,146,0,0,0,0,0
2026-08-13T03:48:24.758668,144,0,0,0,0,0
2026-08-13T03:48:24.758668,145,0,0,0,0,0
2026-08-13T03:48:24.761666,144,0,0,0,0,0
2026-08-13T03:48:24.762667,143,0,0,0,0,0
2026-08-13T03:48:24.762667,144,0,0,0,0,0
2026-08-13T03:48:24.764176,143,0,0,0,0,0
2026-08-13T03:48:24.766194,146,0,0,0,0,0
2026-08-13T03:48:24.766194,148,0,0,0,0,0
2026-08-13T03:48:24.767194,148,0,0,0,0,0
2026-08-13T03:48:24.770193,148,0,0,0,0,0
2026-08-13T03:48:24.770193,148,0,0,0,0,0
2026-08-13T03:48:24.771194,148,0,0,0,0,0
2026-08-13T03:48:24.771194,146,0,0,0,0,0
2026-08-13T03:48:24.773702,147,0,0,0,0,0
2026-08-13T03:48:24.774713,146,0,0,0,0,0
2026-08-13T03:48:24.774713,145,0,0,0,0,0
2026-08-13T03:48:24.777721,145,0,0,0,0,0
2026-08-13T03:48:24.778720,145,0,0,0,0,0
2026-08-13T03:48:24.778720,145,0,0,0,0,0
2026-08-13T03:48:24.779720,143,0,0,0,0,0
2026-08-13T03:48:24.782442,143,0,0,0,0,0
2026-08-13T03:48:24.782973,144,0,0,0,0,0
2026-08-13T03:48:24.782973,144,0,0,0,0,0
2026-08-13T03:48:24.786615,147,0,0,0,0,0
2026-08-13T03:48:24.786615,148,0,0,0,0,0
2026-08-13T03:48:24.787625,148,0,0,0,0,0
2026-08-13T03:48:24.788617,149,0,0,0,0,0
2026-08-13T03:48:24.790616,148,0,0,0,0,0
2026-08-13T03:48:24.790616,147,0,0,0,0,0
2026-08-13T03:48:24.791641,146,0,0,0,0,0
2026-08-13T03:48:24.794841,147,0,0,0,0,0
2026-08-13T03:48:24.794841,147,0,0,0,0,0
2026-08-13T03:48:24.795862,146,0,0,0,0,0
2026-08-13T03:48:24.798855,146,0,0,0,0,0
2026-08-13T03:48:24.798855,144,0,0,0,0,0
2026-08-13T03:48:24.799856,144,0,0,0,0,0
2026-08-13T03:48:24.800842,144,0,0,0,0,0
2026-08-13T03:48:24.802917,144,0,0,0,0,0
2026-08-13T03:48:24.802917,143,0,0,0,0,0
2026-08-13T03:48:24.803927,145,0,0,0,0,0
2026-08-13T03:48:24.806606,147,0,0,0,0,0
2026-08-13T03:48:24.807668,148,0,0,0,0,0
2026-08-13T03:48:24.807668,149,0,0,0,0,0
2026-08-13T03:48:24.808683,148,0,0,0,0,0
2026-08-13T03:48:24.810666,148,0,0,0,0,0
2026-08-13T03:48:24.811666,146,0,0,0,0,0
2026-08-13T03:48:24.811666,146,0,0,0,0,0
2026-08-13T03:48:24.814762,147,0,0,0,0,0
2026-08-13T03:48:24.815776,146,0,0,0,0,0
2026-08-13T03:48:24.815776,145,0,0,0,0,0
2026-08-13T03:48:24.816768,146,0,0,0,0,0
2026-08-13T03:48:24.818777,145,0,0,0,0,0
2026-08-13T03:48:24.819775,144,0,0,0,0,0
2026-08-13T03:48:24.819775,143,0,0,0,0,0
2026-08-13T03:48:24.822775,144,0,0,0,0,0
2026-08-13T03:48:24.823762,144,0,0,0,0,0
2026-08-13T03:48:24.824270,145,0,0,0,0,0
2026-08-13T03:48:24.827289,148,0,0,0,0,0
2026-08-13T03:48:24.827289,147,0,0,0,0,0
2026-08-13T03:48:24.828535,149,0,0,0,0,0
2026-08-13T03:48:24.829550,147,0,0,0,0,0
2026-08-13T03:48:24.831581,148,0,0,0,0,0
2026-08-13T03:48:24.831581,148,0,0,0,0,0
2026-08-13T03:48:24.832588,148,0,0,0,0,0
2026-08-13T03:48:24.835641,149,0,0,0,0,0
2026-08-13T03:48:24.835641,148,0,0,0,0,0
2026-08-13T03:48:24.836656,148,0,0,0,0,0
2026-08-13T03:48:24.837641,147,0,0,0,0,0
2026-08-13T03:48:24.839654,146,0,0,0,0,0
2026-08-13T03:48:24.840745,146,0,0,0,0,0
2026-08-13T03:48:24.842090,145,0,0,0,0,0
2026-08-13T03:48:24.843638,146,0,0,0,0,0
2026-08-13T03:48:24.843638,145,0,0,0,0,0
2026-08-13T03:48:24.844652,147,0,0,0,0,0
2026-08-13T03:48:24.844652,149,0,0,0,0,0
2026-08-13T03:48:24.847674,149,0,0,0,0,0
2026-08-13T03:48:24.848674,150,0,0,0,0,0
2026-08-13T03:48:24.848674,150,0,0,0,0,0
2026-08-13T03:48:24.851673,150,0,0,0,0,0
2026-08-13T03:48:24.852660,148,0,0,0,0,0
2026-08-13T03:48:24.852660,148,0,0,0,0,0
2026-08-13T03:48:24.853674,149,0,0,0,0,0
2026-08-13T03:48:24.855824,148,0,0,0,0,0
2026-08-13T03:48:24.856799,148,0,0,0,0,0
2026-08-13T03:48:24.856799,147,0,0,0,0,0
2026-08-13T03:48:24.860267,147,0,0,0,0,0
2026-08-13T03:48:24.860267,145,0,0,0,0,0
2026-08-13T03:48:24.860267,146,0,0,0,0,0
2026-08-13T03:48:24.864366,146,0,0,0,0,0
2026-08-13T03:48:24.864366,145,0,0,0,0,0
2026-08-13T03:48:24.865708,148,0,0,0,0,0
2026-08-13T03:48:24.865708,150,0,0,0,0,0
2026-08-13T03:48:24.868466,150,0,0,0,0,0
2026-08-13T03:48:24.868466,151,0,0,0,0,0
2026-08-13T03:48:24.869482,151,0,0,0,0,0
2026-08-13T03:48:24.871928,150,0,0,0,0,0
2026-08-13T03:48:24.872916,149,0,0,0,0,0
2026-08-13T03:48:24.874416,150,0,0,0,0,0
2026-08-13T03:48:24.874416,150,0,0,0,0,0
2026-08-13T03:48:24.876427,149,0,0,0,0,0
2026-08-13T03:48:24.877427,150,0,0,0,0,0
2026-08-13T03:48:24.877427,149,0,0,0,0,0
2026-08-13T03:48:24.880439,149,0,0,0,0,0
2026-08-13T03:48:24.881426,148,0,0,0,0,0
2026-08-13T03:48:24.881426,147,0,0,0,0,0
2026-08-13T03:48:24.881426,147,0,0,0,0,0
2026-08-13T03:48:24.883944,148,0,0,0,0,0
2026-08-13T03:48:24.885172,151,0,0,0,0,0
2026-08-13T03:48:24.886183,152,0,0,0,0,0
2026-08-13T03:48:24.888650,153,0,0,0,0,0
2026-08-13T03:48:24.888650,153,0,0,0,0,0
2026-08-13T03:48:24.889770,153,0,0,0,0,0
2026-08-13T03:48:24.892667,151,0,0,0,0,0
2026-08-13T03:48:24.893669,150,0,0,0,0,0
2026-08-13T03:48:24.894179,151,0,0,0,0,0
2026-08-13T03:48:24.895193,150,0,0,0,0,0
2026-08-13T03:48:24.897201,149,0,0,0,0,0
2026-08-13T03:48:24.897201,150,0,0,0,0,0
2026-08-13T03:48:24.898202,149,0,0,0,0,0
2026-08-13T03:48:24.901202,147,0,0,0,0,0
2026-08-13T03:48:24.901202,146,0,0,0,0,0
2026-08-13T03:48:24.902203,148,0,0,0,0,0
2026-08-13T03:48:24.902203,148,0,0,0,0,0
2026-08-13T03:48:24.904724,149,0,0,0,0,0
2026-08-13T03:48:24.905724,151,0,0,0,0,0
2026-08-13T03:48:24.906732,152,0,0,0,0,0
2026-08-13T03:48:24.909388,153,0,0,0,0,0
2026-08-13T03:48:24.909388,153,0,0,0,0,0
2026-08-13T03:48:24.910400,153,0,0,0,0,0
2026-08-13T03:48:24.910400,151,0,0,0,0,0
2026-08-13T03:48:24.913517,151,0,0,0,0,0
2026-08-13T03:48:24.914050,152,0,0,0,0,0
2026-08-13T03:48:24.914050,152,0,0,0,0,0
2026-08-13T03:48:24.917188,152,0,0,0,0,0
2026-08-13T03:48:24.918209,151,0,0,0,0,0
2026-08-13T03:48:24.919209,150,0,0,0,0,0
2026-08-13T03:48:24.919209,151,0,0,0,0,0
2026-08-13T03:48:24.921207,151,0,0,0,0,0
2026-08-13T03:48:24.922206,151,0,0,0,0,0
2026-08-13T03:48:24.922206,151,0,0,0,0,0
2026-08-13T03:48:24.925733,152,0,0,0,0,0
2026-08-13T03:48:24.925733,154,0,0,0,0,0
2026-08-13T03:48:24.926743,154,0,0,0,0,0
2026-08-13T03:48:24.929742,154,0,0,0,0,0
2026-08-13T03:48:24.929742,154,0,0,0,0,0
2026-08-13T03:48:24.930740,153,0,0,0,0,0
2026-08-13T03:48:24.930740,153,0,0,0,0,0
2026-08-13T03:48:24.933743,154,0,0,0,0,0
2026-08-13T03:48:24.934247,154,0,0,0,0,0
2026-08-13T03:48:24.934247,153,0,0,0,0,0
2026-08-13T03:48:24.937291,155,0,0,0,0,0
2026-08-13T03:48:24.938288,155,0,0,0,0,0
2026-08-13T03:48:24.938288,156,0,0,0,0,0
2026-08-13T03:48:24.938288,156,0,0,0,0,0
2026-08-13T03:48:24.941526,156,0,0,0,0,0
2026-08-13T03:48:24.942502,157,0,0,0,0,0
2026-08-13T03:48:24.942502,157,0,0,0,0,0
2026-08-13T03:48:24.945535,160,0,0,0,0,0
2026-08-13T03:48:24.946542,163,0,0,0,0,0
2026-08-13T03:48:24.946542,164,0,0,0,0,0
2026-08-13T03:48:24.947766,165,0,0,0,0,0
2026-08-13T03:48:24.950152,166,0,0,0,0,0
2026-08-13T03:48:24.950152,166,0,0,0,0,0
2026-08-13T03:48:24.951158,166,0,0,0,0,0
2026-08-13T03:48:24.953680,167,0,0,0,0,0
2026-08-13T03:48:24.954715,168,0,0,0,0,0
2026-08-13T03:48:24.954715,168,0,0,0,0,0
2026-08-13T03:48:24.955696,170,0,0,0,0,0
2026-08-13T03:48:24.958722,170,0,0,0,0,0
2026-08-13T03:48:24.958722,171,0,0,0,0,0
2026-08-13T03:48:24.958722,171,0,0,0,0,0
2026-08-13T03:48:24.962132,173,0,0,0,0,0
2026-08-13T03:48:24.962132,174,0,0,0,0,0
2026-08-13T03:48:24.962132,174,0,0,0,0,0
2026-08-13T03:48:24.966057,177,0,0,0,0,0
2026-08-13T03:48:24.966057,179,0,0,0,0,0
2026-08-13T03:48:24.967484,180,0,0,0,0,0
2026-08-13T03:48:24.967484,181,0,0,0,0,0
2026-08-13T03:48:24.970207,182,0,0,0,0,0
2026-08-13T03:48:24.970207,182,0,0,0,0,0
2026-08-13T03:48:24.971290,181,0,0,0,0,0
2026-08-13T03:48:24.974928,184,0,0,0,0,0
2026-08-13T03:48:24.974928,183,0,0,0,0,0
2026-08-13T03:48:24.974928,183,0,0,0,0,0
2026-08-13T03:48:24.975937,184,0,0,0,0,0
2026-08-13T03:48:24.978935,185,0,0,0,0,0
2026-08-13T03:48:24.978935,186,0,0,0,0,0
2026-08-13T03:48:24.979934,187,0,0,0,0,0
2026-08-13T03:48:24.982962,188,0,0,0,0,0
2026-08-13T03:48:24.982962,189,0,0,0,0,0
2026-08-13T03:48:24.982962,191,0,0,0,0,0
2026-08-13T03:48:24.984198,194,0,0,0,0,0
2026-08-13T03:48:24.986205,196,0,0,0,0,0
2026-08-13T03:48:24.987555,197,0,0,0,0,0
2026-08-13T03:48:24.987555,197,0,0,0,0,0
2026-08-13T03:48:24.991873,197,0,0,0,0,0
2026-08-13T03:48:24.991873,196,0,0,0,0,0
2026-08-13T03:48:24.991873,195,0,0,0,0,0
2026-08-13T03:48:24.995043,196,0,0,0,0,0
2026-08-13T03:48:24.995043,195,0,0,0,0,0
2026-08-13T03:48:24.996045,195,0,0,0,0,0
2026-08-13T03:48:24.996045,195,0,0,0,0,0
2026-08-13T03:48:24.998562,193,0,0,0,0,0
2026-08-13T03:48:24.999732,193,0,0,0,0,0
2026-08-13T03:48:24.999732,192,0,0,0,0,0
2026-08-13T03:48:25.003534,192,0,0,0,0,0
2026-08-13T03:48:25.004043,192,0,0,0,0,0
2026-08-13T03:48:25.004043,193,0,0,0,0,0
2026-08-13T03:48:25.004043,196,0,0,0,0,0
2026-08-13T03:48:25.007485,196,0,0,0,0,0
2026-08-13T03:48:25.007485,196,0,0,0,0,0
2026-08-13T03:48:25.007485,195,0,0,0,0,0
2026-08-13T03:48:25.011490,195,0,0,0,0,0
2026-08-13T03:48:25.011490,193,0,0,0,0,0
2026-08-13T03:48:25.012491,193,0,0,0,0,0
2026-08-13T03:48:25.012491,194,0,0,0,0,0
2026-08-13T03:48:25.015179,194,0,0,0,0,0
2026-08-13T03:48:25.016184,196,0,0,0,0,0
2026-08-13T03:48:25.016184,196,0,0,0,0,0
2026-08-13T03:48:25.020009,196,0,0,0,0,0
2026-08-13T03:48:25.020009,197,0,0,0,0,0
2026-08-13T03:48:25.020009,197,0,0,0,0,0
2026-08-13T03:48:25.020009,198,0,0,0,0,0
2026-08-13T03:48:25.023828,198,0,0,0,0,0
2026-08-13T03:48:25.023828,201,0,0,0,0,0
2026-08-13T03:48:25.025042,204,0,0,0,0,0
2026-08-13T03:48:25.027416,205,0,0,0,0,0
2026-08-13T03:48:25.028421,205,0,0,0,0,0
2026-08-13T03:48:25.028421,206,0,0,0,0,0
2026-08-13T03:48:25.030897,206,0,0,0,0,0
2026-08-13T03:48:25.032385,204,0,0,0,0,0
2026-08-13T03:48:25.032385,205,0,0,0,0,0
2026-08-13T03:48:25.032385,206,0,0,0,0,0
2026-08-13T03:48:25.036020,206,0,0,0,0,0
2026-08-13T03:48:25.036020,207,0,0,0,0,0
2026-08-13T03:48:25.036020,206,0,0,0,0,0
2026-08-13T03:48:25.039845,207,0,0,0,0,0
2026-08-13T03:48:25.040851,206,0,0,0,0,0
2026-08-13T03:48:25.040851,206,0,0,0,0,0
2026-08-13T03:48:25.040851,206,0,0,0,0,0
2026-08-13T03:48:25.044356,206,0,0,0,0,0
2026-08-13T03:48:25.045027,208,0,0,0,0,0
2026-08-13T03:48:25.045027,209,0,0,0,0,0
2026-08-13T03:48:25.048071,209,0,0,0,0,0
2026-08-13T03:48:25.048071,209,0,0,0,0,0
2026-08-13T03:48:25.049513,209,0,0,0,0,0
2026-08-13T03:48:25.049513,209,0,0,0,0,0
2026-08-13T03:48:25.051990,208,0,0,0,0,0
2026-08-13T03:48:25.053000,210,0,0,0,0,0
2026-08-13T03:48:25.053000,210,0,0,0,0,0
2026-08-13T03:48:25.055971,209,0,0,0,0,0
2026-08-13T03:48:25.055971,209,0,0,0,0,0
2026-08-13T03:48:25.057342,209,0,0,0,0,0
2026-08-13T03:48:25.060347,209,0,0,0,0,0
2026-08-13T03:48:25.061349,208,0,0,0,0,0
2026-08-13T03:48:25.061349,209,0,0,0,0,0
2026-08-13T03:48:25.061349,208,0,0,0,0,0
2026-08-13T03:48:25.064891,208,0,0,0,0,0
2026-08-13T03:48:25.064891,212,0,0,0,0,0
2026-08-13T03:48:25.065891,213,0,0,0,0,0
2026-08-13T03:48:25.069171,214,0,0,0,0,0
2026-08-13T03:48:25.069171,214,0,0,0,0,0
2026-08-13T03:48:25.069171,214,0,0,0,0,0
2026-08-13T03:48:25.070160,214,0,0,0,0,0
2026-08-13T03:48:25.072584,212,0,0,0,0,0
2026-08-13T03:48:25.073589,214,0,0,0,0,0
2026-08-13T03:48:25.073589,213,0,0,0,0,0
2026-08-13T03:48:25.077470,212,0,0,0,0,0
2026-08-13T03:48:25.077470,212,0,0,0,0,0
2026-08-13T03:48:25.077470,211,0,0,0,0,0
2026-08-13T03:48:25.077470,210,0,0,0,0,0
2026-08-13T03:48:25.080898,208,0,0,0,0,0
2026-08-13T03:48:25.081901,209,0,0,0,0,0
2026-08-13T03:48:25.081901,208,0,0,0,0,0
2026-08-13T03:48:25.085014,210,0,0,0,0,0
2026-08-13T03:48:25.086012,212,0,0,0,0,0
2026-08-13T03:48:25.086012,212,0,0,0,0,0
2026-08-13T03:48:25.086012,213,0,0,0,0,0
2026-08-13T03:48:25.089025,212,0,0,0,0,0
2026-08-13T03:48:25.091010,213,0,0,0,0,0
2026-08-13T03:48:25.091010,211,0,0,0,0,0
2026-08-13T03:48:25.093609,211,0,0,0,0,0
2026-08-13T03:48:25.094114,211,0,0,0,0,0
2026-08-13T03:48:25.094619,211,0,0,0,0,0
2026-08-13T03:48:25.097783,211,0,0,0,0,0
2026-08-13T03:48:25.097783,210,0,0,0,0,0
2026-08-13T03:48:25.097783,210,0,0,0,0,0
2026-08-13T03:48:25.098811,209,0,0,0,0,0
2026-08-13T03:48:25.101228,208,0,0,0,0,0
2026-08-13T03:48:25.102242,208,0,0,0,0,0
2026-08-13T03:48:25.102242,208,0,0,0,0,0
2026-08-13T03:48:25.104931,210,0,0,0,0,0
2026-08-13T03:48:25.106367,212,0,0,0,0,0
2026-08-13T03:48:25.106367,212,0,0,0,0,0
2026-08-13T03:48:25.106367,213,0,0,0,0,0
2026-08-13T03:48:25.110121,212,0,0,0,0,0
2026-08-13T03:48:25.110121,211,0,0,0,0,0
2026-08-13T03:48:25.111408,209,0,0,0,0,0
2026-08-13T03:48:25.113973,209,0,0,0,0,0
2026-08-13T03:48:25.113973,209,0,0,0,0,0
2026-08-13T03:48:25.113973,208,0,0,0,0,0
2026-08-13T03:48:25.114978,207,0,0,0,0,0
2026-08-13T03:48:25.118456,207,0,0,0,0,0
2026-08-13T03:48:25.118456,207,0,0,0,0,0
2026-08-13T03:48:25.119438,206,0,0,0,0,0
2026-08-13T03:48:25.121437,206,0,0,0,0,0
2026-08-13T03:48:25.122502,206,0,0,0,0,0
2026-08-13T03:48:25.122502,206,0,0,0,0,0
2026-08-13T03:48:25.126328,207,0,0,0,0,0
2026-08-13T03:48:25.126328,208,0,0,0,0,0
2026-08-13T03:48:25.127303,208,0,0,0,0,0
2026-08-13T03:48:25.127303,209,0,0,0,0,0
2026-08-13T03:48:25.130700,209,0,0,0,0,0
2026-08-13T03:48:25.130700,208,0,0,0,0,0
2026-08-13T03:48:25.130700,206,0,0,0,0,0
2026-08-13T03:48:25.134007,207,0,0,0,0,0
2026-08-13T03:48:25.134007,207,0,0,0,0,0
2026-08-13T03:48:25.135220,206,0,0,0,0,0
2026-08-13T03:48:25.135220,206,0,0,0,0,0
2026-08-13T03:48:25.138620,206,0,0,0,0,0
2026-08-13T03:48:25.138620,205,0,0,0,0,0
2026-08-13T03:48:25.139603,204,0,0,0,0,0
2026-08-13T03:48:25.142066,204,0,0,0,0,0
2026-08-13T03:48:25.143361,204,0,0,0,0,0
2026-08-13T03:48:25.143361,204,0,0,0,0,0
2026-08-13T03:48:25.143867,207,0,0,0,0,0
2026-08-13T03:48:25.146875,208,0,0,0,0,0
2026-08-13T03:48:25.146875,209,0,0,0,0,0
2026-08-13T03:48:25.146875,210,0,0,0,0,0
2026-08-13T03:48:25.150852,208,0,0,0,0,0
2026-08-13T03:48:25.150852,208,0,0,0,0,0
2026-08-13T03:48:25.150852,206,0,0,0,0,0
2026-08-13T03:48:25.151858,207,0,0,0,0,0
2026-08-13T03:48:25.154908,207,0,0,0,0,0
2026-08-13T03:48:25.154908,207,0,0,0,0,0
2026-08-13T03:48:25.154908,208,0,0,0,0,0
2026-08-13T03:48:25.159044,206,0,0,0,0,0
2026-08-13T03:48:25.159044,206,0,0,0,0,0
2026-08-13T03:48:25.160046,205,0,0,0,0,0
2026-08-13T03:48:25.163373,206,0,0,0,0,0
2026-08-13T03:48:25.163904,206,0,0,0,0,0
2026-08-13T03:48:25.163904,207,0,0,0,0,0
2026-08-13T03:48:25.163904,210,0,0,0,0,0
2026-08-13T03:48:25.167569,211,0,0,0,0,0
2026-08-13T03:48:25.167569,212,0,0,0,0,0
2026-08-13T03:48:25.167569,212,0,0,0,0,0
2026-08-13T03:48:25.171603,212,0,0,0,0,0
2026-08-13T03:48:25.171603,212,0,0,0,0,0
2026-08-13T03:48:25.171603,211,0,0,0,0,0
2026-08-13T03:48:25.172589,211,0,0,0,0,0
2026-08-13T03:48:25.175693,211,0,0,0,0,0
2026-08-13T03:48:25.175693,210,0,0,0,0,0
2026-08-13T03:48:25.176678,210,0,0,0,0,0
2026-08-13T03:48:25.179678,209,0,0,0,0,0
2026-08-13T03:48:25.179678,207,0,0,0,0,0
2026-08-13T03:48:25.180676,206,0,0,0,0,0
2026-08-13T03:48:25.180676,207,0,0,0,0,0
2026-08-13T03:48:25.183793,207,0,0,0,0,0
2026-08-13T03:48:25.183793,207,0,0,0,0,0
2026-08-13T03:48:25.184801,209,0,0,0,0,0
2026-08-13T03:48:25.187823,210,0,0,0,0,0
2026-08-13T03:48:25.187823,210,0,0,0,0,0
2026-08-13T03:48:25.188808,210,0,0,0,0,0
2026-08-13T03:48:25.191827,210,0,0,0,0,0
2026-08-13T03:48:25.191827,208,0,0,0,0,0
2026-08-13T03:48:25.192809,208,0,0,0,0,0
2026-08-13T03:48:25.192809,209,0,0,0,0,0
2026-08-13T03:48:25.196149,207,0,0,0,0,0
2026-08-13T03:48:25.198452,207,0,0,0,0,0
2026-08-13T03:48:25.198452,207,0,0,0,0,0
2026-08-13T03:48:25.199451,207,0,0,0,0,0
2026-08-13T03:48:25.200451,206,0,0,0,0,0
2026-08-13T03:48:25.200451,206,0,0,0,0,0
2026-08-13T03:48:25.201466,206,0,0,0,0,0
2026-08-13T03:48:25.203991,206,0,0,0,0,0
2026-08-13T03:48:25.203991,207,0,0,0,0,0
2026-08-13T03:48:25.205008,210,0,0,0,0,0
2026-08-13T03:48:25.208010,210,0,0,0,0,0
2026-08-13T03:48:25.209022,210,0,0,0,0,0
2026-08-13T03:48:25.209022,209,0,0,0,0,0
2026-08-13T03:48:25.210008,209,0,0,0,0,0
2026-08-13T03:48:25.212355,208,0,0,0,0,0
2026-08-13T03:48:25.212355,208,0,0,0,0,0
2026-08-13T03:48:25.212355,208,0,0,0,0,0
2026-08-13T03:48:25.216617,207,0,0,0,0,0
2026-08-13T03:48:25.216617,208,0,0,0,0,0
2026-08-13T03:48:25.217634,207,0,0,0,0,0
2026-08-13T03:48:25.217634,207,0,0,0,0,0
2026-08-13T03:48:25.220042,206,0,0,0,0,0
2026-08-13T03:48:25.221040,205,0,0,0,0,0
2026-08-13T03:48:25.221040,205,0,0,0,0,0
2026-08-13T03:48:25.224599,205,0,0,0,0,0
2026-08-13T03:48:25.224599,208,0,0,0,0,0
2026-08-13T03:48:25.225583,209,0,0,0,0,0
2026-08-13T03:48:25.228580,210,0,0,0,0,0
2026-08-13T03:48:25.228580,210,0,0,0,0,0
2026-08-13T03:48:25.229584,210,0,0,0,0,0
2026-08-13T03:48:25.229584,210,0,0,0,0,0
2026-08-13T03:48:25.232595,208,0,0,0,0,0
2026-08-13T03:48:25.232595,209,0,0,0,0,0
2026-08-13T03:48:25.233581,208,0,0,0,0,0
2026-08-13T03:48:25.237106,208,0,0,0,0,0
2026-08-13T03:48:25.237106,208,0,0,0,0,0
2026-08-13T03:48:25.237106,207,0,0,0,0,0
2026-08-13T03:48:25.237106,207,0,0,0,0,0
2026-08-13T03:48:25.241088,206,0,0,0,0,0
2026-08-13T03:48:25.241088,205,0,0,0,0,0
2026-08-13T03:48:25.241088,205,0,0,0,0,0
2026-08-13T03:48:25.244527,206,0,0,0,0,0
2026-08-13T03:48:25.244527,208,0,0,0,0,0
2026-08-13T03:48:25.244527,210,0,0,0,0,0
2026-08-13T03:48:25.246008,211,0,0,0,0,0
2026-08-13T03:48:25.249162,210,0,0,0,0,0
2026-08-13T03:48:25.249162,210,0,0,0,0,0
2026-08-13T03:48:25.250147,209,0,0,0,0,0
2026-08-13T03:48:25.252162,208,0,0,0,0,0
2026-08-13T03:48:25.253668,209,0,0,0,0,0
2026-08-13T03:48:25.253668,209,0,0,0,0,0
2026-08-13T03:48:25.254675,208,0,0,0,0,0
2026-08-13T03:48:25.256691,208,0,0,0,0,0
2026-08-13T03:48:25.258136,206,0,0,0,0,0
2026-08-13T03:48:25.258136,205,0,0,0,0,0
2026-08-13T03:48:25.261153,205,0,0,0,0,0
2026-08-13T03:48:25.262173,206,0,0,0,0,0
2026-08-13T03:48:25.262173,206,0,0,0,0,0
2026-08-13T03:48:25.265734,206,0,0,0,0,0
2026-08-13T03:48:25.265734,209,0,0,0,0,0
2026-08-13T03:48:25.266717,209,0,0,0,0,0
2026-08-13T03:48:25.266717,210,0,0,0,0,0
2026-08-13T03:48:25.269730,210,0,0,0,0,0
2026-08-13T03:48:25.269730,210,0,0,0,0,0
2026-08-13T03:48:25.270716,208,0,0,0,0,0
2026-08-13T03:48:25.273715,208,0,0,0,0,0
2026-08-13T03:48:25.273715,209,0,0,0,0,0
2026-08-13T03:48:25.274893,208,0,0,0,0,0
2026-08-13T03:48:25.274893,207,0,0,0,0,0
2026-08-13T03:48:25.278068,208,0,0,0,0,0
2026-08-13T03:48:25.278068,206,0,0,0,0,0
2026-08-13T03:48:25.279085,206,0,0,0,0,0
2026-08-13T03:48:25.282142,206,0,0,0,0,0
2026-08-13T03:48:25.282142,206,0,0,0,0,0
2026-08-13T03:48:25.283150,206,0,0,0,0,0
2026-08-13T03:48:25.283697,207,0,0,0,0,0
2026-08-13T03:48:25.286241,209,0,0,0,0,0
2026-08-13T03:48:25.286241,209,0,0,0,0,0
2026-08-13T03:48:25.287270,210,0,0,0,0,0
2026-08-13T03:48:25.290257,209,0,0,0,0,0
2026-08-13T03:48:25.291258,209,0,0,0,0,0
2026-08-13T03:48:25.291258,208,0,0,0,0,0
2026-08-13T03:48:25.294450,208,0,0,0,0,0
2026-08-13T03:48:25.294450,209,0,0,0,0,0
2026-08-13T03:48:25.295715,207,0,0,0,0,0
2026-08-13T03:48:25.296711,207,0,0,0,0,0
2026-08-13T03:48:25.297700,207,0,0,0,0,0
2026-08-13T03:48:25.298696,207,0,0,0,0,0
2026-08-13T03:48:25.299696,206,0,0,0,0,0
2026-08-13T03:48:25.302699,205,0,0,0,0,0
2026-08-13T03:48:25.302699,205,0,0,0,0,0
2026-08-13T03:48:25.303698,205,0,0,0,0,0
2026-08-13T03:48:25.304955,208,0,0,0,0,0
2026-08-13T03:48:25.305955,209,0,0,0,0,0
2026-08-13T03:48:25.306954,209,0,0,0,0,0
2026-08-13T03:48:25.307956,209,0,0,0,0,0
2026-08-13T03:48:25.309968,210,0,0,0,0,0
2026-08-13T03:48:25.310956,210,0,0,0,0,0
2026-08-13T03:48:25.311955,208,0,0,0,0,0
2026-08-13T03:48:25.312956,208,0,0,0,0,0
2026-08-13T03:48:25.313956,208,0,0,0,0,0
2026-08-13T03:48:25.315050,208,0,0,0,0,0
2026-08-13T03:48:25.316051,208,0,0,0,0,0
2026-08-13T03:48:25.319059,207,0,0,0,0,0
2026-08-13T03:48:25.319059,207,0,0,0,0,0
2026-08-13T03:48:25.320061,206,0,0,0,0,0
2026-08-13T03:48:25.320061,207,0,0,0,0,0
2026-08-13T03:48:25.322060,207,0,0,0,0,0
2026-08-13T03:48:25.323569,206,0,0,0,0,0
2026-08-13T03:48:25.324582,210,0,0,0,0,0
2026-08-13T03:48:25.326657,211,0,0,0,0,0
2026-08-13T03:48:25.327593,211,0,0,0,0,0
2026-08-13T03:48:25.328591,212,0,0,0,0,0
2026-08-13T03:48:25.330590,212,0,0,0,0,0
2026-08-13T03:48:25.331590,210,0,0,0,0,0
2026-08-13T03:48:25.332593,210,0,0,0,0,0
2026-08-13T03:48:25.332593,211,0,0,0,0,0
2026-08-13T03:48:25.335013,211,0,0,0,0,0
2026-08-13T03:48:25.336015,211,0,0,0,0,0
2026-08-13T03:48:25.336015,210,0,0,0,0,0
2026-08-13T03:48:25.339493,210,0,0,0,0,0
2026-08-13T03:48:25.339493,210,0,0,0,0,0
2026-08-13T03:48:25.340576,210,0,0,0,0,0
2026-08-13T03:48:25.341593,211,0,0,0,0,0
2026-08-13T03:48:25.343606,211,0,0,0,0,0
2026-08-13T03:48:25.344116,213,0,0,0,0,0
2026-08-13T03:48:25.345138,217,0,0,0,0,0
2026-08-13T03:48:25.347765,219,0,0,0,0,0
2026-08-13T03:48:25.347765,221,0,0,0,0,0
2026-08-13T03:48:25.348775,221,0,0,0,0,0
2026-08-13T03:48:25.349776,221,0,0,0,0,0
2026-08-13T03:48:25.351794,220,0,0,0,0,0
2026-08-13T03:48:25.351794,219,0,0,0,0,0
2026-08-13T03:48:25.352791,220,0,0,0,0,0
2026-08-13T03:48:25.355324,219,0,0,0,0,0
2026-08-13T03:48:25.356331,218,0,0,0,0,0
2026-08-13T03:48:25.356331,217,0,0,0,0,0
2026-08-13T03:48:25.359333,217,0,0,0,0,0
2026-08-13T03:48:25.360331,218,0,0,0,0,0
2026-08-13T03:48:25.360331,218,0,0,0,0,0
2026-08-13T03:48:25.361372,219,0,0,0,0,0
2026-08-13T03:48:25.364076,220,0,0,0,0,0
2026-08-13T03:48:25.364076,223,0,0,0,0,0
2026-08-13T03:48:25.364076,226,0,0,0,0,0
2026-08-13T03:48:25.368171,227,0,0,0,0,0
2026-08-13T03:48:25.368171,229,0,0,0,0,0
2026-08-13T03:48:25.369214,230,0,0,0,0,0
2026-08-13T03:48:25.370189,232,0,0,0,0,0
2026-08-13T03:48:25.372266,232,0,0,0,0,0
2026-08-13T03:48:25.372266,232,0,0,0,0,0
2026-08-13T03:48:25.373776,233,0,0,0,0,0
2026-08-13T03:48:25.375801,232,0,0,0,0,0
2026-08-13T03:48:25.376786,233,0,0,0,0,0
2026-08-13T03:48:25.377787,233,0,0,0,0,0
2026-08-13T03:48:25.378786,232,0,0,0,0,0
2026-08-13T03:48:25.379786,231,0,0,0,0,0
2026-08-13T03:48:25.380785,231,0,0,0,0,0
2026-08-13T03:48:25.381800,232,0,0,0,0,0
2026-08-13T03:48:25.384076,231,0,0,0,0,0
2026-08-13T03:48:25.385565,233,0,0,0,0,0
2026-08-13T03:48:25.385565,234,0,0,0,0,0
2026-08-13T03:48:25.386565,235,0,0,0,0,0
2026-08-13T03:48:25.388628,235,0,0,0,0,0
2026-08-13T03:48:25.388628,235,0,0,0,0,0
2026-08-13T03:48:25.389783,235,0,0,0,0,0
2026-08-13T03:48:25.392791,234,0,0,0,0,0
2026-08-13T03:48:25.392791,235,0,0,0,0,0
2026-08-13T03:48:25.393795,236,0,0,0,0,0
2026-08-13T03:48:25.396064,236,0,0,0,0,0
2026-08-13T03:48:25.397048,238,0,0,0,0,0
2026-08-13T03:48:25.397048,237,0,0,0,0,0
2026-08-13T03:48:25.398050,238,0,0,0,0,0
2026-08-13T03:48:25.400379,237,0,0,0,0,0
2026-08-13T03:48:25.401382,237,0,0,0,0,0
2026-08-13T03:48:25.401382,238,0,0,0,0,0
2026-08-13T03:48:25.404916,238,0,0,0,0,0
2026-08-13T03:48:25.404916,239,0,0,0,0,0
2026-08-13T03:48:25.405922,240,0,0,0,0,0
2026-08-13T03:48:25.405922,240,0,0,0,0,0
2026-08-13T03:48:25.408915,240,0,0,0,0,0
2026-08-13T03:48:25.408915,239,0,0,0,0,0
2026-08-13T03:48:25.409915,238,0,0,0,0,0
2026-08-13T03:48:25.412934,236,0,0,0,0,0
2026-08-13T03:48:25.412934,236,0,0,0,0,0
2026-08-13T03:48:25.413933,236,0,0,0,0,0
2026-08-13T03:48:25.413933,234,0,0,0,0,0
2026-08-13T03:48:25.417395,235,0,0,0,0,0
2026-08-13T03:48:25.417395,233,0,0,0,0,0
2026-08-13T03:48:25.418417,233,0,0,0,0,0
2026-08-13T03:48:25.421418,231,0,0,0,0,0
2026-08-13T03:48:25.421418,231,0,0,0,0,0
2026-08-13T03:48:25.422504,231,0,0,0,0,0
2026-08-13T03:48:25.425035,229,0,0,0,0,0
2026-08-13T03:48:25.426036,231,0,0,0,0,0
2026-08-13T03:48:25.426036,231,0,0,0,0,0
2026-08-13T03:48:25.427035,230,0,0,0,0,0
2026-08-13T03:48:25.429039,229,0,0,0,0,0
2026-08-13T03:48:25.430034,228,0,0,0,0,0
2026-08-13T03:48:25.430034,226,0,0,0,0,0
2026-08-13T03:48:25.433575,225,0,0,0,0,0
2026-08-13T03:48:25.433575,225,0,0,0,0,0
2026-08-13T03:48:25.434591,224,0,0,0,0,0
2026-08-13T03:48:25.435595,224,0,0,0,0,0
2026-08-13T03:48:25.437604,224,0,0,0,0,0
2026-08-13T03:48:25.437604,223,0,0,0,0,0
2026-08-13T03:48:25.438609,221,0,0,0,0,0
2026-08-13T03:48:25.441610,220,0,0,0,0,0
2026-08-13T03:48:25.442607,220,0,0,0,0,0
2026-08-13T03:48:25.442607,220,0,0,0,0,0
2026-08-13T03:48:25.443609,220,0,0,0,0,0
2026-08-13T03:48:25.445129,221,0,0,0,0,0
2026-08-13T03:48:25.446136,221,0,0,0,0,0
2026-08-13T03:48:25.447139,221,0,0,0,0,0
2026-08-13T03:48:25.450169,219,0,0,0,0,0
2026-08-13T03:48:25.450169,218,0,0,0,0,0
2026-08-13T03:48:25.450169,215,0,0,0,0,0
2026-08-13T03:48:25.451189,212,0,0,0,0,0
2026-08-13T03:48:25.454192,212,0,0,0,0,0
2026-08-13T03:48:25.454192,209,0,0,0,0,0
2026-08-13T03:48:25.455314,208,0,0,0,0,0
2026-08-13T03:48:25.458047,206,0,0,0,0,0
2026-08-13T03:48:25.459060,205,0,0,0,0,0
2026-08-13T03:48:25.459060,203,0,0,0,0,0
2026-08-13T03:48:25.462045,201,0,0,0,0,0
2026-08-13T03:48:25.462045,202,0,0,0,0,0
2026-08-13T03:48:25.463557,202,0,0,0,0,0
2026-08-13T03:48:25.463557,203,0,0,0,0,0
2026-08-13T03:48:25.466572,206,0,0,0,0,0
2026-08-13T03:48:25.466572,207,0,0,0,0,0
2026-08-13T03:48:25.467573,208,0,0,0,0,0
2026-08-13T03:48:25.470583,208,0,0,0,0,0
2026-08-13T03:48:25.470583,207,0,0,0,0,0
2026-08-13T03:48:25.471574,206,0,0,0,0,0
2026-08-13T03:48:25.471574,204,0,0,0,0,0
2026-08-13T03:48:25.474652,206,0,0,0,0,0
2026-08-13T03:48:25.475658,203,0,0,0,0,0
2026-08-13T03:48:25.475658,204,0,0,0,0,0
2026-08-13T03:48:25.478668,202,0,0,0,0,0
2026-08-13T03:48:25.478668,201,0,0,0,0,0
2026-08-13T03:48:25.479714,200,0,0,0,0,0
2026-08-13T03:48:25.480783,199,0,0,0,0,0
2026-08-13T03:48:25.481806,198,0,0,0,0,0
2026-08-13T03:48:25.483321,198,0,0,0,0,0
2026-08-13T03:48:25.483906,198,0,0,0,0,0
2026-08-13T03:48:25.486921,200,0,0,0,0,0
2026-08-13T03:48:25.486921,199,0,0,0,0,0
2026-08-13T03:48:25.487921,199,0,0,0,0,0
2026-08-13T03:48:25.487921,197,0,0,0,0,0
2026-08-13T03:48:25.490921,197,0,0,0,0,0
2026-08-13T03:48:25.490921,195,0,0,0,0,0
2026-08-13T03:48:25.491924,194,0,0,0,0,0
2026-08-13T03:48:25.495132,194,0,0,0,0,0
2026-08-13T03:48:25.495132,193,0,0,0,0,0
2026-08-13T03:48:25.496159,193,0,0,0,0,0
2026-08-13T03:48:25.499066,192,0,0,0,0,0
2026-08-13T03:48:25.499066,192,0,0,0,0,0
2026-08-13T03:48:25.500054,190,0,0,0,0,0
2026-08-13T03:48:25.500054,190,0,0,0,0,0
2026-08-13T03:48:25.502052,191,0,0,0,0,0
2026-08-13T03:48:25.503559,191,0,0,0,0,0
2026-08-13T03:48:25.504581,194,0,0,0,0,0
2026-08-13T03:48:25.506570,195,0,0,0,0,0
2026-08-13T03:48:25.507568,196,0,0,0,0,0
2026-08-13T03:48:25.508571,196,0,0,0,0,0
2026-08-13T03:48:25.509569,197,0,0,0,0,0
2026-08-13T03:48:25.511567,196,0,0,0,0,0
2026-08-13T03:48:25.511567,195,0,0,0,0,0
2026-08-13T03:48:25.512576,196,0,0,0,0,0
2026-08-13T03:48:25.514880,196,0,0,0,0,0
2026-08-13T03:48:25.515879,195,0,0,0,0,0
2026-08-13T03:48:25.516880,195,0,0,0,0,0
2026-08-13T03:48:25.517879,194,0,0,0,0,0
2026-08-13T03:48:25.518878,193,0,0,0,0,0
2026-08-13T03:48:25.519877,192,0,0,0,0,0
2026-08-13T03:48:25.520878,192,0,0,0,0,0
2026-08-13T03:48:25.523879,192,0,0,0,0,0
2026-08-13T03:48:25.524389,192,0,0,0,0,0
2026-08-13T03:48:25.525398,194,0,0,0,0,0
2026-08-13T03:48:25.527405,194,0,0,0,0,0
2026-08-13T03:48:25.528406,195,0,0,0,0,0
2026-08-13T03:48:25.528406,194,0,0,0,0,0
2026-08-13T03:48:25.529406,194,0,0,0,0,0
2026-08-13T03:48:25.531405,192,0,0,0,0,0
2026-08-13T03:48:25.532405,191,0,0,0,0,0
2026-08-13T03:48:25.532405,192,0,0,0,0,0
2026-08-13T03:48:25.535337,191,0,0,0,0,0
2026-08-13T03:48:25.536337,190,0,0,0,0,0
2026-08-13T03:48:25.536337,189,0,0,0,0,0
2026-08-13T03:48:25.537351,189,0,0,0,0,0
2026-08-13T03:48:25.539343,188,0,0,0,0,0
2026-08-13T03:48:25.540338,187,0,0,0,0,0
2026-08-13T03:48:25.541339,188,0,0,0,0,0
2026-08-13T03:48:25.543857,187,0,0,0,0,0
2026-08-13T03:48:25.544878,189,0,0,0,0,0
2026-08-13T03:48:25.544878,192,0,0,0,0,0
2026-08-13T03:48:25.545875,193,0,0,0,0,0
2026-08-13T03:48:25.547888,194,0,0,0,0,0
2026-08-13T03:48:25.548888,194,0,0,0,0,0
2026-08-13T03:48:25.548888,194,0,0,0,0,0
2026-08-13T03:48:25.552492,194,0,0,0,0,0
2026-08-13T03:48:25.552492,193,0,0,0,0,0
2026-08-13T03:48:25.552492,193,0,0,0,0,0
2026-08-13T03:48:25.553911,192,0,0,0,0,0
2026-08-13T03:48:25.555942,192,0,0,0,0,0
2026-08-13T03:48:25.556927,191,0,0,0,0,0
2026-08-13T03:48:25.557930,191,0,0,0,0,0
2026-08-13T03:48:25.559940,190,0,0,0,0,0
2026-08-13T03:48:25.560928,190,0,0,0,0,0
2026-08-13T03:48:25.561929,190,0,0,0,0,0
2026-08-13T03:48:25.564484,188,0,0,0,0,0
2026-08-13T03:48:25.565479,191,0,0,0,0,0
2026-08-13T03:48:25.565479,193,0,0,0,0,0
2026-08-13T03:48:25.566479,194,0,0,0,0,0
2026-08-13T03:48:25.568493,194,0,0,0,0,0
2026-08-13T03:48:25.569493,193,0,0,0,0,0
2026-08-13T03:48:25.569493,193,0,0,0,0,0
2026-08-13T03:48:25.572492,192,0,0,0,0,0
2026-08-13T03:48:25.572492,192,0,0,0,0,0
2026-08-13T03:48:25.574003,193,0,0,0,0,0
2026-08-13T03:48:25.574003,191,0,0,0,0,0
2026-08-13T03:48:25.577049,192,0,0,0,0,0
2026-08-13T03:48:25.578029,191,0,0,0,0,0
2026-08-13T03:48:25.578029,191,0,0,0,0,0
2026-08-13T03:48:25.581039,191,0,0,0,0,0
2026-08-13T03:48:25.581039,191,0,0,0,0,0
2026-08-13T03:48:25.582040,191,0,0,0,0,0
2026-08-13T03:48:25.582040,191,0,0,0,0,0
2026-08-13T03:48:25.584619,193,0,0,0,0,0
2026-08-13T03:48:25.586047,195,0,0,0,0,0
2026-08-13T03:48:25.586047,195,0,0,0,0,0
2026-08-13T03:48:25.589342,195,0,0,0,0,0
2026-08-13T03:48:25.589342,195,0,0,0,0,0
2026-08-13T03:48:25.591371,195,0,0,0,0,0
2026-08-13T03:48:25.592359,193,0,0,0,0,0
2026-08-13T03:48:25.593866,193,0,0,0,0,0
2026-08-13T03:48:25.594878,193,0,0,0,0,0
2026-08-13T03:48:25.595884,193,0,0,0,0,0
2026-08-13T03:48:25.596895,193,0,0,0,0,0
2026-08-13T03:48:25.597893,192,0,0,0,0,0
2026-08-13T03:48:25.597893,192,0,0,0,0,0
2026-08-13T03:48:25.600912,190,0,0,0,0,0
2026-08-13T03:48:25.601892,190,0,0,0,0,0
2026-08-13T03:48:25.601892,191,0,0,0,0,0
2026-08-13T03:48:25.602897,191,0,0,0,0,0
2026-08-13T03:48:25.605404,194,0,0,0,0,0
2026-08-13T03:48:25.605404,195,0,0,0,0,0
2026-08-13T03:48:25.606410,195,0,0,0,0,0
2026-08-13T03:48:25.609413,195,0,0,0,0,0
2026-08-13T03:48:25.610433,195,0,0,0,0,0
2026-08-13T03:48:25.610433,194,0,0,0,0,0
2026-08-13T03:48:25.611427,193,0,0,0,0,0
2026-08-13T03:48:25.613612,194,0,0,0,0,0
2026-08-13T03:48:25.613612,193,0,0,0,0,0
2026-08-13T03:48:25.614635,193,0,0,0,0,0
2026-08-13T03:48:25.617621,193,0,0,0,0,0
2026-08-13T03:48:25.618621,192,0,0,0,0,0
2026-08-13T03:48:25.618621,192,0,0,0,0,0
2026-08-13T03:48:25.619622,191,0,0,0,0,0
2026-08-13T03:48:25.621634,191,0,0,0,0,0
2026-08-13T03:48:25.622635,191,0,0,0,0,0
2026-08-13T03:48:25.622635,191,0,0,0,0,0
2026-08-13T03:48:25.625696,194,0,0,0,0,0
2026-08-13T03:48:25.626710,194,0,0,0,0,0
2026-08-13T03:48:25.626710,195,0,0,0,0,0
2026-08-13T03:48:25.630318,195,0,0,0,0,0
2026-08-13T03:48:25.630318,195,0,0,0,0,0
2026-08-13T03:48:25.630318,194,0,0,0,0,0
2026-08-13T03:48:25.631719,193,0,0,0,0,0
2026-08-13T03:48:25.633735,194,0,0,0,0,0
2026-08-13T03:48:25.634893,194,0,0,0,0,0
2026-08-13T03:48:25.634893,193,0,0,0,0,0
2026-08-13T03:48:25.638493,193,0,0,0,0,0
2026-08-13T03:48:25.638493,192,0,0,0,0,0
2026-08-13T03:48:25.639630,191,0,0,0,0,0
2026-08-13T03:48:25.640639,191,0,0,0,0,0
2026-08-13T03:48:25.642638,191,0,0,0,0,0
2026-08-13T03:48:25.642638,190,0,0,0,0,0
2026-08-13T03:48:25.643639,192,0,0,0,0,0
2026-08-13T03:48:25.646766,194,0,0,0,0,0
2026-08-13T03:48:25.646766,195,0,0,0,0,0
2026-08-13T03:48:25.647767,195,0,0,0,0,0
2026-08-13T03:48:25.647767,195,0,0,0,0,0
2026-08-13T03:48:25.650765,195,0,0,0,0,0
2026-08-13T03:48:25.650765,194,0,0,0,0,0
2026-08-13T03:48:25.650765,194,0,0,0,0,0
2026-08-13T03:48:25.655047,194,0,0,0,0,0
2026-08-13T03:48:25.655047,193,0,0,0,0,0
2026-08-13T03:48:25.656056,193,0,0,0,0,0
2026-08-13T03:48:25.658056,192,0,0,0,0,0
2026-08-13T03:48:25.659052,192,0,0,0,0,0
2026-08-13T03:48:25.659052,190,0,0,0,0,0
2026-08-13T03:48:25.659052,190,0,0,0,0,0
2026-08-13T03:48:25.662054,191,0,0,0,0,0
2026-08-13T03:48:25.662054,191,0,0,0,0,0
2026-08-13T03:48:25.663560,193,0,0,0,0,0
2026-08-13T03:48:25.666797,194,0,0,0,0,0
2026-08-13T03:48:25.667304,195,0,0,0,0,0
2026-08-13T03:48:25.667304,196,0,0,0,0,0
2026-08-13T03:48:25.667304,196,0,0,0,0,0
2026-08-13T03:48:25.671240,194,0,0,0,0,0
2026-08-13T03:48:25.671751,193,0,0,0,0,0
2026-08-13T03:48:25.671751,193,0,0,0,0,0
2026-08-13T03:48:25.675269,193,0,0,0,0,0
2026-08-13T03:48:25.675269,193,0,0,0,0,0
2026-08-13T03:48:25.675269,193,0,0,0,0,0
2026-08-13T03:48:25.676277,192,0,0,0,0,0
2026-08-13T03:48:25.679275,191,0,0,0,0,0
2026-08-13T03:48:25.679275,192,0,0,0,0,0
2026-08-13T03:48:25.679275,191,0,0,0,0,0
2026-08-13T03:48:25.682275,191,0,0,0,0,0
2026-08-13T03:48:25.683780,191,0,0,0,0,0
2026-08-13T03:48:25.683780,194,0,0,0,0,0
2026-08-13T03:48:25.683780,195,0,0,0,0,0
2026-08-13T03:48:25.687790,195,0,0,0,0,0
2026-08-13T03:48:25.687790,196,0,0,0,0,0
2026-08-13T03:48:25.688792,195,0,0,0,0,0
2026-08-13T03:48:25.691145,193,0,0,0,0,0
2026-08-13T03:48:25.691865,193,0,0,0,0,0
2026-08-13T03:48:25.691865,193,0,0,0,0,0
2026-08-13T03:48:25.694959,194,0,0,0,0,0
2026-08-13T03:48:25.696250,193,0,0,0,0,0
2026-08-13T03:48:25.696250,193,0,0,0,0,0
2026-08-13T03:48:25.696250,192,0,0,0,0,0
2026-08-13T03:48:25.699265,192,0,0,0,0,0
2026-08-13T03:48:25.700294,192,0,0,0,0,0
2026-08-13T03:48:25.700294,192,0,0,0,0,0
2026-08-13T03:48:25.703750,191,0,0,0,0,0
2026-08-13T03:48:25.703750,191,0,0,0,0,0
2026-08-13T03:48:25.704757,194,0,0,0,0,0
2026-08-13T03:48:25.704757,195,0,0,0,0,0
2026-08-13T03:48:25.708167,195,0,0,0,0,0
2026-08-13T03:48:25.708167,195,0,0,0,0,0
2026-08-13T03:48:25.708672,195,0,0,0,0,0
2026-08-13T03:48:25.712240,193,0,0,0,0,0
2026-08-13T03:48:25.712240,193,0,0,0,0,0
2026-08-13T03:48:25.712883,194,0,0,0,0,0
2026-08-13T03:48:25.712883,194,0,0,0,0,0
2026-08-13T03:48:25.715699,193,0,0,0,0,0
2026-08-13T03:48:25.716744,194,0,0,0,0,0
2026-08-13T03:48:25.716744,193,0,0,0,0,0
2026-08-13T03:48:25.720300,192,0,0,0,0,0
2026-08-13T03:48:25.720300,191,0,0,0,0,0
2026-08-13T03:48:25.720300,191,0,0,0,0,0
2026-08-13T03:48:25.721308,191,0,0,0,0,0
2026-08-13T03:48:25.723953,192,0,0,0,0,0
2026-08-13T03:48:25.724961,194,0,0,0,0,0
2026-08-13T03:48:25.724961,195,0,0,0,0,0
2026-08-13T03:48:25.727966,195,0,0,0,0,0
2026-08-13T03:48:25.728965,195,0,0,0,0,0
2026-08-13T03:48:25.728965,195,0,0,0,0,0
2026-08-13T03:48:25.732247,193,0,0,0,0,0
2026-08-13T03:48:25.732247,192,0,0,0,0,0
2026-08-13T03:48:25.732247,194,0,0,0,0,0
2026-08-13T03:48:25.733754,193,0,0,0,0,0
2026-08-13T03:48:25.736773,194,0,0,0,0,0
2026-08-13T03:48:25.736773,193,0,0,0,0,0
2026-08-13T03:48:25.736773,192,0,0,0,0,0
2026-08-13T03:48:25.740769,191,0,0,0,0,0
2026-08-13T03:48:25.740769,191,0,0,0,0,0
2026-08-13T03:48:25.740769,191,0,0,0,0,0
2026-08-13T03:48:25.741793,191,0,0,0,0,0
2026-08-13T03:48:25.744330,193,0,0,0,0,0
2026-08-13T03:48:25.745324,194,0,0,0,0,0
2026-08-13T03:48:25.745324,195,0,0,0,0,0
2026-08-13T03:48:25.748330,196,0,0,0,0,0
2026-08-13T03:48:25.749330,195,0,0,0,0,0
2026-08-13T03:48:25.749330,195,0,0,0,0,0
2026-08-13T03:48:25.749330,193,0,0,0,0,0
2026-08-13T03:48:25.752330,193,0,0,0,0,0
2026-08-13T03:48:25.752330,194,0,0,0,0,0
2026-08-13T03:48:25.753837,193,0,0,0,0,0
2026-08-13T03:48:25.756854,193,0,0,0,0,0
2026-08-13T03:48:25.756854,193,0,0,0,0,0
2026-08-13T03:48:25.757919,191,0,0,0,0,0
2026-08-13T03:48:25.761431,191,0,0,0,0,0
2026-08-13T03:48:25.761431,191,0,0,0,0,0
2026-08-13T03:48:25.761431,191,0,0,0,0,0
2026-08-13T03:48:25.761431,191,0,0,0,0,0
2026-08-13T03:48:25.764965,193,0,0,0,0,0
2026-08-13T03:48:25.764965,194,0,0,0,0,0
2026-08-13T03:48:25.765982,196,0,0,0,0,0
2026-08-13T03:48:25.768980,195,0,0,0,0,0
2026-08-13T03:48:25.769967,195,0,0,0,0,0
2026-08-13T03:48:25.769967,194,0,0,0,0,0
2026-08-13T03:48:25.769967,193,0,0,0,0,0
2026-08-13T03:48:25.772966,193,0,0,0,0,0
2026-08-13T03:48:25.773966,193,0,0,0,0,0
2026-08-13T03:48:25.774475,193,0,0,0,0,0
2026-08-13T03:48:25.777483,193,0,0,0,0,0
2026-08-13T03:48:25.778483,192,0,0,0,0,0
2026-08-13T03:48:25.778483,192,0,0,0,0,0
2026-08-13T03:48:25.779483,191,0,0,0,0,0
2026-08-13T03:48:25.781483,191,0,0,0,0,0
2026-08-13T03:48:25.782483,191,0,0,0,0,0
2026-08-13T03:48:25.782483,191,0,0,0,0,0
2026-08-13T03:48:25.785999,194,0,0,0,0,0
2026-08-13T03:48:25.785999,195,0,0,0,0,0
2026-08-13T03:48:25.787006,195,0,0,0,0,0
2026-08-13T03:48:25.788006,196,0,0,0,0,0
2026-08-13T03:48:25.790005,195,0,0,0,0,0
2026-08-13T03:48:25.790005,194,0,0,0,0,0
2026-08-13T03:48:25.791008,193,0,0,0,0,0
2026-08-13T03:48:25.794011,193,0,0,0,0,0
2026-08-13T03:48:25.794520,193,0,0,0,0,0
2026-08-13T03:48:25.794520,193,0,0,0,0,0
2026-08-13T03:48:25.797647,193,0,0,0,0,0
2026-08-13T03:48:25.797647,193,0,0,0,0,0
2026-08-13T03:48:25.798693,192,0,0,0,0,0
2026-08-13T03:48:25.798693,191,0,0,0,0,0
2026-08-13T03:48:25.801687,191,0,0,0,0,0
2026-08-13T03:48:25.802671,191,0,0,0,0,0
2026-08-13T03:48:25.802671,192,0,0,0,0,0
2026-08-13T03:48:25.806219,195,0,0,0,0,0
2026-08-13T03:48:25.807222,195,0,0,0,0,0
2026-08-13T03:48:25.807222,195,0,0,0,0,0
2026-08-13T03:48:25.808221,195,0,0,0,0,0
2026-08-13T03:48:25.810223,195,0,0,0,0,0
2026-08-13T03:48:25.810223,193,0,0,0,0,0
2026-08-13T03:48:25.811223,192,0,0,0,0,0
2026-08-13T03:48:25.814761,194,0,0,0,0,0
2026-08-13T03:48:25.814761,194,0,0,0,0,0
2026-08-13T03:48:25.815757,194,0,0,0,0,0
2026-08-13T03:48:25.815757,193,0,0,0,0,0
2026-08-13T03:48:25.818766,192,0,0,0,0,0
2026-08-13T03:48:25.818766,191,0,0,0,0,0
2026-08-13T03:48:25.818766,191,0,0,0,0,0
2026-08-13T03:48:25.821769,191,0,0,0,0,0
2026-08-13T03:48:25.822963,191,0,0,0,0,0
2026-08-13T03:48:25.822963,193,0,0,0,0,0
2026-08-13T03:48:25.826978,194,0,0,0,0,0
2026-08-13T03:48:25.826978,195,0,0,0,0,0
2026-08-13T03:48:25.826978,196,0,0,0,0,0
2026-08-13T03:48:25.827978,196,0,0,0,0,0
2026-08-13T03:48:25.830979,195,0,0,0,0,0
2026-08-13T03:48:25.831979,194,0,0,0,0,0
2026-08-13T03:48:25.831979,194,0,0,0,0,0
2026-08-13T03:48:25.834490,194,0,0,0,0,0
2026-08-13T03:48:25.835503,193,0,0,0,0,0
2026-08-13T03:48:25.836516,193,0,0,0,0,0
2026-08-13T03:48:25.836516,192,0,0,0,0,0
2026-08-13T03:48:25.838515,191,0,0,0,0,0
2026-08-13T03:48:25.839511,191,0,0,0,0,0
2026-08-13T03:48:25.839511,191,0,0,0,0,0
2026-08-13T03:48:25.842521,191,0,0,0,0,0
2026-08-13T03:48:25.842521,191,0,0,0,0,0
2026-08-13T03:48:25.842521,193,0,0,0,0,0
2026-08-13T03:48:25.844026,195,0,0,0,0,0
2026-08-13T03:48:25.847214,195,0,0,0,0,0
2026-08-13T03:48:25.847214,196,0,0,0,0,0
2026-08-13T03:48:25.847214,196,0,0,0,0,0
2026-08-13T03:48:25.851210,195,0,0,0,0,0
2026-08-13T03:48:25.851210,194,0,0,0,0,0
2026-08-13T03:48:25.851210,193,0,0,0,0,0
2026-08-13T03:48:25.851210,194,0,0,0,0,0
2026-08-13T03:48:25.855226,193,0,0,0,0,0
2026-08-13T03:48:25.855226,193,0,0,0,0,0
2026-08-13T03:48:25.856597,192,0,0,0,0,0
2026-08-13T03:48:25.858942,192,0,0,0,0,0
2026-08-13T03:48:25.860278,191,0,0,0,0,0
2026-08-13T03:48:25.860278,191,0,0,0,0,0
2026-08-13T03:48:25.863833,191,0,0,0,0,0
2026-08-13T03:48:25.863833,191,0,0,0,0,0
2026-08-13T03:48:25.863833,194,0,0,0,0,0
2026-08-13T03:48:25.864849,195,0,0,0,0,0
2026-08-13T03:48:25.867865,196,0,0,0,0,0
2026-08-13T03:48:25.867865,196,0,0,0,0,0
2026-08-13T03:48:25.867865,195,0,0,0,0,0
2026-08-13T03:48:25.871898,195,0,0,0,0,0
2026-08-13T03:48:25.871898,193,0,0,0,0,0
2026-08-13T03:48:25.872892,193,0,0,0,0,0
2026-08-13T03:48:25.872892,193,0,0,0,0,0
2026-08-13T03:48:25.876216,193,0,0,0,0,0
2026-08-13T03:48:25.876216,193,0,0,0,0,0
2026-08-13T03:48:25.876216,193,0,0,0,0,0
2026-08-13T03:48:25.880220,192,0,0,0,0,0
2026-08-13T03:48:25.880220,191,0,0,0,0,0
2026-08-13T03:48:25.880220,191,0,0,0,0,0
2026-08-13T03:48:25.881216,191,0,0,0,0,0
2026-08-13T03:48:25.884325,192,0,0,0,0,0
2026-08-13T03:48:25.884325,195,0,0,0,0,0
2026-08-13T03:48:25.884325,195,0,0,0,0,0
2026-08-13T03:48:25.888348,197,0,0,0,0,0
2026-08-13T03:48:25.888348,196,0,0,0,0,0
2026-08-13T03:48:25.888348,196,0,0,0,0,0
2026-08-13T03:48:25.892348,195,0,0,0,0,0
2026-08-13T03:48:25.892348,194,0,0,0,0,0
2026-08-13T03:48:25.892348,196,0,0,0,0,0
2026-08-13T03:48:25.893860,196,0,0,0,0,0
2026-08-13T03:48:25.895889,196,0,0,0,0,0
2026-08-13T03:48:25.896884,196,0,0,0,0,0
2026-08-13T03:48:25.896884,196,0,0,0,0,0
2026-08-13T03:48:25.899872,196,0,0,0,0,0
2026-08-13T03:48:25.900899,194,0,0,0,0,0
2026-08-13T03:48:25.900899,196,0,0,0,0,0
2026-08-13T03:48:25.901872,196,0,0,0,0,0
2026-08-13T03:48:25.904381,197,0,0,0,0,0
2026-08-13T03:48:25.904381,199,0,0,0,0,0
2026-08-13T03:48:25.905390,200,0,0,0,0,0
2026-08-13T03:48:25.908397,201,0,0,0,0,0
2026-08-13T03:48:25.908397,201,0,0,0,0,0
2026-08-13T03:48:25.909395,201,0,0,0,0,0
2026-08-13T03:48:25.909395,199,0,0,0,0,0
2026-08-13T03:48:25.912432,200,0,0,0,0,0
2026-08-13T03:48:25.912432,202,0,0,0,0,0
2026-08-13T03:48:25.912432,200,0,0,0,0,0
2026-08-13T03:48:25.916962,201,0,0,0,0,0
2026-08-13T03:48:25.916962,201,0,0,0,0,0
2026-08-13T03:48:25.917963,201,0,0,0,0,0
2026-08-13T03:48:25.918956,202,0,0,0,0,0
2026-08-13T03:48:25.920962,202,0,0,0,0,0
2026-08-13T03:48:25.921964,203,0,0,0,0,0
2026-08-13T03:48:25.921964,203,0,0,0,0,0
2026-08-13T03:48:25.924459,205,0,0,0,0,0
2026-08-13T03:48:25.925467,208,0,0,0,0,0
2026-08-13T03:48:25.925467,209,0,0,0,0,0
2026-08-13T03:48:25.928468,209,0,0,0,0,0
2026-08-13T03:48:25.929468,209,0,0,0,0,0
2026-08-13T03:48:25.929468,210,0,0,0,0,0
2026-08-13T03:48:25.930471,208,0,0,0,0,0
2026-08-13T03:48:25.932844,209,0,0,0,0,0
2026-08-13T03:48:25.933654,210,0,0,0,0,0
2026-08-13T03:48:25.933654,208,0,0,0,0,0
2026-08-13T03:48:25.936679,209,0,0,0,0,0
2026-08-13T03:48:25.937679,208,0,0,0,0,0
2026-08-13T03:48:25.937679,208,0,0,0,0,0
2026-08-13T03:48:25.938670,207,0,0,0,0,0
2026-08-13T03:48:25.940663,206,0,0,0,0,0
2026-08-13T03:48:25.940663,207,0,0,0,0,0
2026-08-13T03:48:25.942089,205,0,0,0,0,0
2026-08-13T03:48:25.945641,208,0,0,0,0,0
2026-08-13T03:48:25.945641,210,0,0,0,0,0
2026-08-13T03:48:25.946650,210,0,0,0,0,0
2026-08-13T03:48:25.946650,211,0,0,0,0,0
2026-08-13T03:48:25.949649,211,0,0,0,0,0
2026-08-13T03:48:25.949649,211,0,0,0,0,0
2026-08-13T03:48:25.950648,210,0,0,0,0,0
2026-08-13T03:48:25.953649,210,0,0,0,0,0
2026-08-13T03:48:25.954155,210,0,0,0,0,0
2026-08-13T03:48:25.955170,209,0,0,0,0,0
2026-08-13T03:48:25.955170,211,0,0,0,0,0
2026-08-13T03:48:25.957165,210,0,0,0,0,0
2026-08-13T03:48:25.958209,209,0,0,0,0,0
2026-08-13T03:48:25.958716,207,0,0,0,0,0
2026-08-13T03:48:25.961740,208,0,0,0,0,0
2026-08-13T03:48:25.961740,208,0,0,0,0,0
2026-08-13T03:48:25.962726,208,0,0,0,0,0
2026-08-13T03:48:25.965293,211,0,0,0,0,0
2026-08-13T03:48:25.966310,212,0,0,0,0,0
2026-08-13T03:48:25.966310,213,0,0,0,0,0
2026-08-13T03:48:25.966310,212,0,0,0,0,0
2026-08-13T03:48:25.970304,212,0,0,0,0,0
2026-08-13T03:48:25.970304,211,0,0,0,0,0
2026-08-13T03:48:25.971298,210,0,0,0,0,0
2026-08-13T03:48:25.973815,210,0,0,0,0,0
2026-08-13T03:48:25.974829,210,0,0,0,0,0
2026-08-13T03:48:25.974829,209,0,0,0,0,0
2026-08-13T03:48:25.974829,209,0,0,0,0,0
2026-08-13T03:48:25.978450,208,0,0,0,0,0
2026-08-13T03:48:25.978450,208,0,0,0,0,0
2026-08-13T03:48:25.979467,207,0,0,0,0,0
2026-08-13T03:48:25.982472,207,0,0,0,0,0
2026-08-13T03:48:25.982472,207,0,0,0,0,0
2026-08-13T03:48:25.982472,209,0,0,0,0,0
2026-08-13T03:48:25.983985,211,0,0,0,0,0
2026-08-13T03:48:25.986556,212,0,0,0,0,0
2026-08-13T03:48:25.986556,212,0,0,0,0,0
2026-08-13T03:48:25.987556,212,0,0,0,0,0
2026-08-13T03:48:25.990555,211,0,0,0,0,0
2026-08-13T03:48:25.990555,211,0,0,0,0,0
2026-08-13T03:48:25.991552,209,0,0,0,0,0
2026-08-13T03:48:25.994066,210,0,0,0,0,0
2026-08-13T03:48:25.995075,209,0,0,0,0,0
2026-08-13T03:48:25.995075,209,0,0,0,0,0
2026-08-13T03:48:25.996086,209,0,0,0,0,0
2026-08-13T03:48:25.998088,208,0,0,0,0,0
2026-08-13T03:48:25.999088,208,0,0,0,0,0
2026-08-13T03:48:26.000088,207,0,0,0,0,0
2026-08-13T03:48:26.002088,208,0,0,0,0,0
2026-08-13T03:48:26.003600,207,0,0,0,0,0
2026-08-13T03:48:26.003600,209,0,0,0,0,0
2026-08-13T03:48:26.004614,210,0,0,0,0,0
2026-08-13T03:48:26.006631,211,0,0,0,0,0
2026-08-13T03:48:26.007624,212,0,0,0,0,0
2026-08-13T03:48:26.007624,211,0,0,0,0,0
2026-08-13T03:48:26.010647,211,0,0,0,0,0
2026-08-13T03:48:26.010647,209,0,0,0,0,0
2026-08-13T03:48:26.011675,210,0,0,0,0,0
2026-08-13T03:48:26.011675,211,0,0,0,0,0
2026-08-13T03:48:26.015211,210,0,0,0,0,0
2026-08-13T03:48:26.015211,210,0,0,0,0,0
2026-08-13T03:48:26.015211,209,0,0,0,0,0
2026-08-13T03:48:26.019208,208,0,0,0,0,0
2026-08-13T03:48:26.019208,208,0,0,0,0,0
2026-08-13T03:48:26.020194,207,0,0,0,0,0
2026-08-13T03:48:26.020194,207,0,0,0,0,0
2026-08-13T03:48:26.022196,208,0,0,0,0,0
2026-08-13T03:48:26.023810,209,0,0,0,0,0
2026-08-13T03:48:26.023810,211,0,0,0,0,0
2026-08-13T03:48:26.026825,211,0,0,0,0,0
2026-08-13T03:48:26.027825,212,0,0,0,0,0
2026-08-13T03:48:26.028824,211,0,0,0,0,0
2026-08-13T03:48:26.031831,212,0,0,0,0,0
2026-08-13T03:48:26.031831,210,0,0,0,0,0
2026-08-13T03:48:26.031831,210,0,0,0,0,0
2026-08-13T03:48:26.032826,211,0,0,0,0,0
2026-08-13T03:48:26.035360,210,0,0,0,0,0
2026-08-13T03:48:26.036374,210,0,0,0,0,0
2026-08-13T03:48:26.036374,209,0,0,0,0,0
2026-08-13T03:48:26.039369,209,0,0,0,0,0
2026-08-13T03:48:26.040373,208,0,0,0,0,0
2026-08-13T03:48:26.040373,207,0,0,0,0,0
2026-08-13T03:48:26.040373,207,0,0,0,0,0
2026-08-13T03:48:26.043899,207,0,0,0,0,0
2026-08-13T03:48:26.043899,210,0,0,0,0,0
2026-08-13T03:48:26.044997,211,0,0,0,0,0
2026-08-13T03:48:26.047993,211,0,0,0,0,0
2026-08-13T03:48:26.047993,212,0,0,0,0,0
2026-08-13T03:48:26.048992,212,0,0,0,0,0
2026-08-13T03:48:26.049992,211,0,0,0,0,0
2026-08-13T03:48:26.051992,210,0,0,0,0,0
2026-08-13T03:48:26.051992,210,0,0,0,0,0
2026-08-13T03:48:26.053010,210,0,0,0,0,0
2026-08-13T03:48:26.056052,210,0,0,0,0,0
2026-08-13T03:48:26.056052,210,0,0,0,0,0
2026-08-13T03:48:26.057047,209,0,0,0,0,0
2026-08-13T03:48:26.060045,208,0,0,0,0,0
2026-08-13T03:48:26.061044,208,0,0,0,0,0
2026-08-13T03:48:26.061044,208,0,0,0,0,0
2026-08-13T03:48:26.061044,207,0,0,0,0,0
2026-08-13T03:48:26.064548,208,0,0,0,0,0
2026-08-13T03:48:26.064548,211,0,0,0,0,0
2026-08-13T03:48:26.064548,212,0,0,0,0,0
2026-08-13T03:48:26.067931,213,0,0,0,0,0
2026-08-13T03:48:26.068927,213,0,0,0,0,0
2026-08-13T03:48:26.068927,212,0,0,0,0,0
2026-08-13T03:48:26.068927,211,0,0,0,0,0
2026-08-13T03:48:26.071959,210,0,0,0,0,0
2026-08-13T03:48:26.072928,211,0,0,0,0,0
2026-08-13T03:48:26.072928,210,0,0,0,0,0
2026-08-13T03:48:26.076456,209,0,0,0,0,0
2026-08-13T03:48:26.076456,210,0,0,0,0,0
2026-08-13T03:48:26.077452,209,0,0,0,0,0
2026-08-13T03:48:26.077452,208,0,0,0,0,0
2026-08-13T03:48:26.080456,207,0,0,0,0,0
2026-08-13T03:48:26.080456,208,0,0,0,0,0
2026-08-13T03:48:26.081466,208,0,0,0,0,0
2026-08-13T03:48:26.084611,209,0,0,0,0,0
2026-08-13T03:48:26.084611,212,0,0,0,0,0
2026-08-13T03:48:26.085621,212,0,0,0,0,0
2026-08-13T03:48:26.085621,212,0,0,0,0,0
2026-08-13T03:48:26.088633,212,0,0,0,0,0
2026-08-13T03:48:26.089633,211,0,0,0,0,0
2026-08-13T03:48:26.090627,210,0,0,0,0,0
2026-08-13T03:48:26.092632,209,0,0,0,0,0
2026-08-13T03:48:26.092632,210,0,0,0,0,0
2026-08-13T03:48:26.093628,209,0,0,0,0,0
2026-08-13T03:48:26.097155,210,0,0,0,0,0
2026-08-13T03:48:26.097155,209,0,0,0,0,0
2026-08-13T03:48:26.098153,207,0,0,0,0,0
2026-08-13T03:48:26.098153,207,0,0,0,0,0
2026-08-13T03:48:26.101347,207,0,0,0,0,0
2026-08-13T03:48:26.101347,208,0,0,0,0,0
2026-08-13T03:48:26.101347,208,0,0,0,0,0
2026-08-13T03:48:26.104866,209,0,0,0,0,0
2026-08-13T03:48:26.105869,211,0,0,0,0,0
2026-08-13T03:48:26.105869,211,0,0,0,0,0
2026-08-13T03:48:26.105869,212,0,0,0,0,0
2026-08-13T03:48:26.108876,211,0,0,0,0,0
2026-08-13T03:48:26.109878,212,0,0,0,0,0
2026-08-13T03:48:26.109878,209,0,0,0,0,0
2026-08-13T03:48:26.113667,209,0,0,0,0,0
2026-08-13T03:48:26.113667,211,0,0,0,0,0
2026-08-13T03:48:26.113667,209,0,0,0,0,0
2026-08-13T03:48:26.114682,209,0,0,0,0,0
2026-08-13T03:48:26.117802,209,0,0,0,0,0
2026-08-13T03:48:26.117802,208,0,0,0,0,0
2026-08-13T03:48:26.117802,207,0,0,0,0,0
2026-08-13T03:48:26.121298,207,0,0,0,0,0
2026-08-13T03:48:26.122298,208,0,0,0,0,0
2026-08-13T03:48:26.122298,207,0,0,0,0,0
2026-08-13T03:48:26.125818,209,0,0,0,0,0
2026-08-13T03:48:26.125818,211,0,0,0,0,0
2026-08-13T03:48:26.125818,211,0,0,0,0,0
2026-08-13T03:48:26.126829,212,0,0,0,0,0
2026-08-13T03:48:26.129834,212,0,0,0,0,0
2026-08-13T03:48:26.129834,211,0,0,0,0,0
2026-08-13T03:48:26.129834,210,0,0,0,0,0
2026-08-13T03:48:26.133834,210,0,0,0,0,0
2026-08-13T03:48:26.134346,210,0,0,0,0,0
2026-08-13T03:48:26.134346,210,0,0,0,0,0
2026-08-13T03:48:26.134346,210,0,0,0,0,0
2026-08-13T03:48:26.137729,209,0,0,0,0,0
2026-08-13T03:48:26.137729,209,0,0,0,0,0
2026-08-13T03:48:26.138743,208,0,0,0,0,0
2026-08-13T03:48:26.141741,207,0,0,0,0,0
2026-08-13T03:48:26.141741,207,0,0,0,0,0
2026-08-13T03:48:26.143205,208,0,0,0,0,0
2026-08-13T03:48:26.143205,210,0,0,0,0,0
2026-08-13T03:48:26.146122,212,0,0,0,0,0
2026-08-13T03:48:26.146629,212,0,0,0,0,0
2026-08-13T03:48:26.146629,212,0,0,0,0,0
2026-08-13T03:48:26.149637,211,0,0,0,0,0
2026-08-13T03:48:26.150671,211,0,0,0,0,0
2026-08-13T03:48:26.150671,210,0,0,0,0,0
2026-08-13T03:48:26.151638,210,0,0,0,0,0
2026-08-13T03:48:26.154148,210,0,0,0,0,0
2026-08-13T03:48:26.155156,209,0,0,0,0,0
2026-08-13T03:48:26.155156,209,0,0,0,0,0
2026-08-13T03:48:26.158227,208,0,0,0,0,0
2026-08-13T03:48:26.158227,208,0,0,0,0,0
2026-08-13T03:48:26.159251,206,0,0,0,0,0
2026-08-13T03:48:26.162252,207,0,0,0,0,0
2026-08-13T03:48:26.162252,207,0,0,0,0,0
2026-08-13T03:48:26.162252,208,0,0,0,0,0
2026-08-13T03:48:26.163757,210,0,0,0,0,0
2026-08-13T03:48:26.165982,211,0,0,0,0,0
2026-08-13T03:48:26.167267,212,0,0,0,0,0
2026-08-13T03:48:26.167267,212,0,0,0,0,0
2026-08-13T03:48:26.170709,212,0,0,0,0,0
2026-08-13T03:48:26.171221,210,0,0,0,0,0
2026-08-13T03:48:26.171221,209,0,0,0,0,0
2026-08-13T03:48:26.171221,210,0,0,0,0,0
2026-08-13T03:48:26.174731,209,0,0,0,0,0
2026-08-13T03:48:26.175236,209,0,0,0,0,0
2026-08-13T03:48:26.175768,209,0,0,0,0,0
2026-08-13T03:48:26.179047,208,0,0,0,0,0
2026-08-13T03:48:26.179047,207,0,0,0,0,0
2026-08-13T03:48:26.179047,207,0,0,0,0,0
2026-08-13T03:48:26.180050,207,0,0,0,0,0
2026-08-13T03:48:26.182254,207,0,0,0,0,0
2026-08-13T03:48:26.182254,208,0,0,0,0,0
2026-08-13T03:48:26.183761,211,0,0,0,0,0
2026-08-13T03:48:26.186279,211,0,0,0,0,0
2026-08-13T03:48:26.187617,212,0,0,0,0,0
2026-08-13T03:48:26.187617,211,0,0,0,0,0
2026-08-13T03:48:26.187617,211,0,0,0,0,0
2026-08-13T03:48:26.191024,209,0,0,0,0,0
2026-08-13T03:48:26.192024,209,0,0,0,0,0
2026-08-13T03:48:26.192024,211,0,0,0,0,0
2026-08-13T03:48:26.195540,209,0,0,0,0,0
2026-08-13T03:48:26.196157,209,0,0,0,0,0
2026-08-13T03:48:26.196157,208,0,0,0,0,0
2026-08-13T03:48:26.199723,208,0,0,0,0,0
2026-08-13T03:48:26.199723,208,0,0,0,0,0
2026-08-13T03:48:26.199723,207,0,0,0,0,0
2026-08-13T03:48:26.200690,207,0,0,0,0,0
2026-08-13T03:48:26.203707,207,0,0,0,0,0
2026-08-13T03:48:26.204250,209,0,0,0,0,0
2026-08-13T03:48:26.204250,211,0,0,0,0,0
2026-08-13T03:48:26.207245,211,0,0,0,0,0
2026-08-13T03:48:26.207245,211,0,0,0,0,0
2026-08-13T03:48:26.207245,211,0,0,0,0,0
2026-08-13T03:48:26.208694,211,0,0,0,0,0
2026-08-13T03:48:26.211808,209,0,0,0,0,0
2026-08-13T03:48:26.211808,210,0,0,0,0,0
2026-08-13T03:48:26.211808,210,0,0,0,0,0
2026-08-13T03:48:26.215697,209,0,0,0,0,0
2026-08-13T03:48:26.215697,209,0,0,0,0,0
2026-08-13T03:48:26.216709,208,0,0,0,0,0
2026-08-13T03:48:26.216709,208,0,0,0,0,0
2026-08-13T03:48:26.219741,207,0,0,0,0,0
2026-08-13T03:48:26.219741,207,0,0,0,0,0
2026-08-13T03:48:26.220723,207,0,0,0,0,0
2026-08-13T03:48:26.224219,207,0,0,0,0,0
2026-08-13T03:48:26.224219,210,0,0,0,0,0
2026-08-13T03:48:26.224219,211,0,0,0,0,0
2026-08-13T03:48:26.227753,211,0,0,0,0,0
2026-08-13T03:48:26.228749,211,0,0,0,0,0
2026-08-13T03:48:26.228749,212,0,0,0,0,0
2026-08-13T03:48:26.228749,210,0,0,0,0,0
2026-08-13T03:48:26.231594,209,0,0,0,0,0
2026-08-13T03:48:26.232593,210,0,0,0,0,0
2026-08-13T03:48:26.232593,210,0,0,0,0,0
2026-08-13T03:48:26.236130,209,0,0,0,0,0
2026-08-13T03:48:26.236130,209,0,0,0,0,0
2026-08-13T03:48:26.237123,209,0,0,0,0,0
2026-08-13T03:48:26.237123,208,0,0,0,0,0
2026-08-13T03:48:26.239852,206,0,0,0,0,0
2026-08-13T03:48:26.240852,207,0,0,0,0,0
2026-08-13T03:48:26.240852,206,0,0,0,0,0
2026-08-13T03:48:26.244825,207,0,0,0,0,0
2026-08-13T03:48:26.244825,211,0,0,0,0,0
2026-08-13T03:48:26.244825,211,0,0,0,0,0
2026-08-13T03:48:26.245826,212,0,0,0,0,0
2026-08-13T03:48:26.248840,212,0,0,0,0,0
2026-08-13T03:48:26.248840,211,0,0,0,0,0
2026-08-13T03:48:26.248840,210,0,0,0,0,0
2026-08-13T03:48:26.252840,209,0,0,0,0,0
2026-08-13T03:48:26.252840,210,0,0,0,0,0
2026-08-13T03:48:26.253833,209,0,0,0,0,0
2026-08-13T03:48:26.253833,209,0,0,0,0,0
2026-08-13T03:48:26.257076,209,0,0,0,0,0
2026-08-13T03:48:26.257076,209,0,0,0,0,0
2026-08-13T03:48:26.257076,208,0,0,0,0,0
2026-08-13T03:48:26.260085,206,0,0,0,0,0
2026-08-13T03:48:26.261517,207,0,0,0,0,0
2026-08-13T03:48:26.261517,207,0,0,0,0,0
2026-08-13T03:48:26.265050,208,0,0,0,0,0
2026-08-13T03:48:26.265050,210,0,0,0,0,0
2026-08-13T03:48:26.265050,211,0,0,0,0,0
2026-08-13T03:48:26.266059,212,0,0,0,0,0
2026-08-13T03:48:26.269060,211,0,0,0,0,0
2026-08-13T03:48:26.269060,211,0,0,0,0,0
2026-08-13T03:48:26.269060,210,0,0,0,0,0
2026-08-13T03:48:26.272065,209,0,0,0,0,0
2026-08-13T03:48:26.273577,210,0,0,0,0,0
2026-08-13T03:48:26.273577,210,0,0,0,0,0
2026-08-13T03:48:26.273577,209,0,0,0,0,0
2026-08-13T03:48:26.277294,209,0,0,0,0,0
2026-08-13T03:48:26.277294,208,0,0,0,0,0
2026-08-13T03:48:26.278293,207,0,0,0,0,0
2026-08-13T03:48:26.281294,207,0,0,0,0,0
2026-08-13T03:48:26.281294,207,0,0,0,0,0
2026-08-13T03:48:26.282294,207,0,0,0,0,0
2026-08-13T03:48:26.282294,209,0,0,0,0,0
2026-08-13T03:48:26.284857,211,0,0,0,0,0
2026-08-13T03:48:26.286061,211,0,0,0,0,0
2026-08-13T03:48:26.286061,211,0,0,0,0,0
2026-08-13T03:48:26.289063,212,0,0,0,0,0
2026-08-13T03:48:26.290061,211,0,0,0,0,0
2026-08-13T03:48:26.290061,210,0,0,0,0,0
2026-08-13T03:48:26.293597,209,0,0,0,0,0
2026-08-13T03:48:26.293597,210,0,0,0,0,0
2026-08-13T03:48:26.293597,210,0,0,0,0,0
2026-08-13T03:48:26.294612,209,0,0,0,0,0
2026-08-13T03:48:26.297626,208,0,0,0,0,0
2026-08-13T03:48:26.297626,208,0,0,0,0,0
2026-08-13T03:48:26.298625,207,0,0,0,0,0
2026-08-13T03:48:26.301623,207,0,0,0,0,0
2026-08-13T03:48:26.302629,208,0,0,0,0,0
2026-08-13T03:48:26.302629,207,0,0,0,0,0
2026-08-13T03:48:26.303629,208,0,0,0,0,0
2026-08-13T03:48:26.306168,211,0,0,0,0,0
2026-08-13T03:48:26.306168,211,0,0,0,0,0
2026-08-13T03:48:26.306168,211,0,0,0,0,0
2026-08-13T03:48:26.309682,211,0,0,0,0,0
2026-08-13T03:48:26.310682,210,0,0,0,0,0
2026-08-13T03:48:26.310682,210,0,0,0,0,0
2026-08-13T03:48:26.310682,210,0,0,0,0,0
2026-08-13T03:48:26.314234,210,0,0,0,0,0
2026-08-13T03:48:26.314234,209,0,0,0,0,0
2026-08-13T03:48:26.314234,209,0,0,0,0,0
2026-08-13T03:48:26.317871,208,0,0,0,0,0
2026-08-13T03:48:26.318872,208,0,0,0,0,0
2026-08-13T03:48:26.318872,206,0,0,0,0,0
2026-08-13T03:48:26.318872,207,0,0,0,0,0
2026-08-13T03:48:26.321873,206,0,0,0,0,0
2026-08-13T03:48:26.322872,207,0,0,0,0,0
2026-08-13T03:48:26.322872,210,0,0,0,0,0
2026-08-13T03:48:26.326396,211,0,0,0,0,0
2026-08-13T03:48:26.326396,211,0,0,0,0,0
2026-08-13T03:48:26.327396,212,0,0,0,0,0
2026-08-13T03:48:26.330397,211,0,0,0,0,0
2026-08-13T03:48:26.330397,210,0,0,0,0,0
2026-08-13T03:48:26.330397,210,0,0,0,0,0
2026-08-13T03:48:26.331609,210,0,0,0,0,0
2026-08-13T03:48:26.334634,210,0,0,0,0,0
2026-08-13T03:48:26.334634,208,0,0,0,0,0
2026-08-13T03:48:26.335632,209,0,0,0,0,0
2026-08-13T03:48:26.338640,208,0,0,0,0,0
2026-08-13T03:48:26.338640,207,0,0,0,0,0
2026-08-13T03:48:26.339640,206,0,0,0,0,0
2026-08-13T03:48:26.339640,207,0,0,0,0,0
2026-08-13T03:48:26.342640,207,0,0,0,0,0
2026-08-13T03:48:26.342640,208,0,0,0,0,0
2026-08-13T03:48:26.343643,210,0,0,0,0,0
2026-08-13T03:48:26.346668,211,0,0,0,0,0
2026-08-13T03:48:26.347674,212,0,0,0,0,0
2026-08-13T03:48:26.347674,211,0,0,0,0,0
2026-08-13T03:48:26.347674,212,0,0,0,0,0
2026-08-13T03:48:26.350674,210,0,0,0,0,0
2026-08-13T03:48:26.350674,209,0,0,0,0,0
2026-08-13T03:48:26.351674,209,0,0,0,0,0
2026-08-13T03:48:26.355166,209,0,0,0,0,0
2026-08-13T03:48:26.355166,209,0,0,0,0,0
2026-08-13T03:48:26.356215,209,0,0,0,0,0
2026-08-13T03:48:26.359044,208,0,0,0,0,0
2026-08-13T03:48:26.359044,207,0,0,0,0,0
2026-08-13T03:48:26.360053,207,0,0,0,0,0
2026-08-13T03:48:26.360053,207,0,0,0,0,0
2026-08-13T03:48:26.362908,207,0,0,0,0,0
2026-08-13T03:48:26.363871,208,0,0,0,0,0
2026-08-13T03:48:26.363871,211,0,0,0,0,0
2026-08-13T03:48:26.366782,211,0,0,0,0,0
2026-08-13T03:48:26.367791,211,0,0,0,0,0
2026-08-13T03:48:26.367791,212,0,0,0,0,0
2026-08-13T03:48:26.368791,211,0,0,0,0,0
2026-08-13T03:48:26.371238,209,0,0,0,0,0
2026-08-13T03:48:26.371238,209,0,0,0,0,0
2026-08-13T03:48:26.372217,210,0,0,0,0,0
2026-08-13T03:48:26.375751,209,0,0,0,0,0
2026-08-13T03:48:26.375751,209,0,0,0,0,0
2026-08-13T03:48:26.375751,209,0,0,0,0,0
2026-08-13T03:48:26.375751,208,0,0,0,0,0
2026-08-13T03:48:26.379123,207,0,0,0,0,0
2026-08-13T03:48:26.380123,207,0,0,0,0,0
2026-08-13T03:48:26.380123,207,0,0,0,0,0
2026-08-13T03:48:26.383655,207,0,0,0,0,0
2026-08-13T03:48:26.383655,209,0,0,0,0,0
2026-08-13T03:48:26.383655,209,0,0,0,0,0
2026-08-13T03:48:26.383655,211,0,0,0,0,0
2026-08-13T03:48:26.388222,211,0,0,0,0,0
2026-08-13T03:48:26.388222,211,0,0,0,0,0
2026-08-13T03:48:26.388222,210,0,0,0,0,0
2026-08-13T03:48:26.392224,209,0,0,0,0,0
2026-08-13T03:48:26.392224,210,0,0,0,0,0
2026-08-13T03:48:26.392224,210,0,0,0,0,0
2026-08-13T03:48:26.395750,209,0,0,0,0,0
2026-08-13T03:48:26.395750,209,0,0,0,0,0
2026-08-13T03:48:26.396764,209,0,0,0,0,0
2026-08-13T03:48:26.396764,208,0,0,0,0,0
2026-08-13T03:48:26.399756,207,0,0,0,0,0
2026-08-13T03:48:26.400757,206,0,0,0,0,0
2026-08-13T03:48:26.400757,208,0,0,0,0,0
2026-08-13T03:48:26.404262,207,0,0,0,0,0
2026-08-13T03:48:26.404262,209,0,0,0,0,0
2026-08-13T03:48:26.405268,210,0,0,0,0,0
2026-08-13T03:48:26.405268,211,0,0,0,0,0
2026-08-13T03:48:26.408271,211,0,0,0,0,0
2026-08-13T03:48:26.408271,211,0,0,0,0,0
2026-08-13T03:48:26.408271,211,0,0,0,0,0
2026-08-13T03:48:26.412103,209,0,0,0,0,0
2026-08-13T03:48:26.412103,210,0,0,0,0,0
2026-08-13T03:48:26.413611,210,0,0,0,0,0
2026-08-13T03:48:26.413611,209,0,0,0,0,0
2026-08-13T03:48:26.416131,210,0,0,0,0,0
2026-08-13T03:48:26.417142,209,0,0,0,0,0
2026-08-13T03:48:26.417142,208,0,0,0,0,0
2026-08-13T03:48:26.420656,207,0,0,0,0,0
2026-08-13T03:48:26.420656,207,0,0,0,0,0
2026-08-13T03:48:26.421656,207,0,0,0,0,0
2026-08-13T03:48:26.424164,207,0,0,0,0,0
2026-08-13T03:48:26.425171,210,0,0,0,0,0
2026-08-13T03:48:26.425171,211,0,0,0,0,0
2026-08-13T03:48:26.425171,211,0,0,0,0,0
2026-08-13T03:48:26.428178,212,0,0,0,0,0
2026-08-13T03:48:26.429175,212,0,0,0,0,0
2026-08-13T03:48:26.429175,210,0,0,0,0,0
2026-08-13T03:48:26.432178,209,0,0,0,0,0
2026-08-13T03:48:26.432178,210,0,0,0,0,0
2026-08-13T03:48:26.433688,210,0,0,0,0,0
2026-08-13T03:48:26.433688,209,0,0,0,0,0
2026-08-13T03:48:26.436724,209,0,0,0,0,0
2026-08-13T03:48:26.437714,208,0,0,0,0,0
2026-08-13T03:48:26.437714,207,0,0,0,0,0
2026-08-13T03:48:26.441159,207,0,0,0,0,0
2026-08-13T03:48:26.441666,207,0,0,0,0,0
2026-08-13T03:48:26.441666,207,0,0,0,0,0
2026-08-13T03:48:26.442770,208,0,0,0,0,0
2026-08-13T03:48:26.444797,210,0,0,0,0,0
2026-08-13T03:48:26.444797,212,0,0,0,0,0
2026-08-13T03:48:26.444797,212,0,0,0,0,0
2026-08-13T03:48:26.449293,212,0,0,0,0,0
2026-08-13T03:48:26.449293,212,0,0,0,0,0
2026-08-13T03:48:26.450295,210,0,0,0,0,0
2026-08-13T03:48:26.450295,209,0,0,0,0,0
2026-08-13T03:48:26.452297,211,0,0,0,0,0
2026-08-13T03:48:26.453802,210,0,0,0,0,0
2026-08-13T03:48:26.453802,209,0,0,0,0,0
2026-08-13T03:48:26.457828,209,0,0,0,0,0
2026-08-13T03:48:26.457828,208,0,0,0,0,0
2026-08-13T03:48:26.457828,208,0,0,0,0,0
2026-08-13T03:48:26.461074,207,0,0,0,0,0
2026-08-13T03:48:26.462076,207,0,0,0,0,0
2026-08-13T03:48:26.462076,207,0,0,0,0,0
2026-08-13T03:48:26.462076,209,0,0,0,0,0
2026-08-13T03:48:26.465592,211,0,0,0,0,0
2026-08-13T03:48:26.465592,212,0,0,0,0,0
2026-08-13T03:48:26.465592,212,0,0,0,0,0
2026-08-13T03:48:26.469594,211,0,0,0,0,0
2026-08-13T03:48:26.469594,211,0,0,0,0,0
2026-08-13T03:48:26.470592,210,0,0,0,0,0
2026-08-13T03:48:26.470592,210,0,0,0,0,0
2026-08-13T03:48:26.473593,210,0,0,0,0,0
2026-08-13T03:48:26.473593,209,0,0,0,0,0
2026-08-13T03:48:26.473593,209,0,0,0,0,0
2026-08-13T03:48:26.477824,209,0,0,0,0,0
2026-08-13T03:48:26.477824,209,0,0,0,0,0
2026-08-13T03:48:26.478828,207,0,0,0,0,0
2026-08-13T03:48:26.478828,207,0,0,0,0,0
2026-08-13T03:48:26.481823,207,0,0,0,0,0
2026-08-13T03:48:26.481823,207,0,0,0,0,0
2026-08-13T03:48:26.482831,210,0,0,0,0,0
2026-08-13T03:48:26.486416,211,0,0,0,0,0
2026-08-13T03:48:26.486416,211,0,0,0,0,0
2026-08-13T03:48:26.486416,211,0,0,0,0,0
2026-08-13T03:48:26.487420,212,0,0,0,0,0
2026-08-13T03:48:26.490416,211,0,0,0,0,0
2026-08-13T03:48:26.490416,210,0,0,0,0,0
2026-08-13T03:48:26.491407,209,0,0,0,0,0
2026-08-13T03:48:26.493946,209,0,0,0,0,0
2026-08-13T03:48:26.494973,209,0,0,0,0,0
2026-08-13T03:48:26.495982,210,0,0,0,0,0
2026-08-13T03:48:26.497977,209,0,0,0,0,0
2026-08-13T03:48:26.498977,209,0,0,0,0,0
2026-08-13T03:48:26.499978,207,0,0,0,0,0
2026-08-13T03:48:26.499978,207,0,0,0,0,0
2026-08-13T03:48:26.501978,207,0,0,0,0,0
2026-08-13T03:48:26.502977,207,0,0,0,0,0
2026-08-13T03:48:26.503979,210,0,0,0,0,0
2026-08-13T03:48:26.506531,211,0,0,0,0,0
2026-08-13T03:48:26.507517,211,0,0,0,0,0
2026-08-13T03:48:26.507517,212,0,0,0,0,0
2026-08-13T03:48:26.507517,211,0,0,0,0,0
2026-08-13T03:48:26.510532,211,0,0,0,0,0
2026-08-13T03:48:26.511523,210,0,0,0,0,0
2026-08-13T03:48:26.512538,211,0,0,0,0,0
2026-08-13T03:48:26.515091,210,0,0,0,0,0
2026-08-13T03:48:26.515091,210,0,0,0,0,0
2026-08-13T03:48:26.516088,209,0,0,0,0,0
2026-08-13T03:48:26.517106,209,0,0,0,0,0
2026-08-13T03:48:26.519114,208,0,0,0,0,0
2026-08-13T03:48:26.520112,207,0,0,0,0,0
2026-08-13T03:48:26.520112,208,0,0,0,0,0
2026-08-13T03:48:26.522112,207,0,0,0,0,0
2026-08-13T03:48:26.523636,208,0,0,0,0,0
2026-08-13T03:48:26.523636,212,0,0,0,0,0
2026-08-13T03:48:26.526666,212,0,0,0,0,0
2026-08-13T03:48:26.527665,212,0,0,0,0,0
2026-08-13T03:48:26.527665,212,0,0,0,0,0
2026-08-13T03:48:26.527665,212,0,0,0,0,0
2026-08-13T03:48:26.530664,211,0,0,0,0,0
2026-08-13T03:48:26.531666,210,0,0,0,0,0
2026-08-13T03:48:26.531666,211,0,0,0,0,0
2026-08-13T03:48:26.534995,210,0,0,0,0,0
2026-08-13T03:48:26.536139,209,0,0,0,0,0
2026-08-13T03:48:26.536139,210,0,0,0,0,0
2026-08-13T03:48:26.537147,209,0,0,0,0,0
2026-08-13T03:48:26.539154,208,0,0,0,0,0
2026-08-13T03:48:26.540152,207,0,0,0,0,0
2026-08-13T03:48:26.540152,208,0,0,0,0,0
2026-08-13T03:48:26.543663,207,0,0,0,0,0
2026-08-13T03:48:26.543663,209,0,0,0,0,0
2026-08-13T03:48:26.544672,211,0,0,0,0,0
2026-08-13T03:48:26.545675,211,0,0,0,0,0
2026-08-13T03:48:26.547722,212,0,0,0,0,0
2026-08-13T03:48:26.547722,212,0,0,0,0,0
2026-08-13T03:48:26.547722,212,0,0,0,0,0
2026-08-13T03:48:26.551605,210,0,0,0,0,0
2026-08-13T03:48:26.553063,210,0,0,0,0,0
2026-08-13T03:48:26.553572,211,0,0,0,0,0
2026-08-13T03:48:26.553572,210,0,0,0,0,0
2026-08-13T03:48:26.555585,210,0,0,0,0,0
2026-08-13T03:48:26.555585,209,0,0,0,0,0
2026-08-13T03:48:26.556587,207,0,0,0,0,0
2026-08-13T03:48:26.560102,208,0,0,0,0,0
2026-08-13T03:48:26.560102,207,0,0,0,0,0
2026-08-13T03:48:26.561100,208,0,0,0,0,0
2026-08-13T03:48:26.563620,207,0,0,0,0,0
2026-08-13T03:48:26.564645,209,0,0,0,0,0
2026-08-13T03:48:26.564645,211,0,0,0,0,0
2026-08-13T03:48:26.565641,212,0,0,0,0,0
2026-08-13T03:48:26.567661,213,0,0,0,0,0
2026-08-13T03:48:26.568662,212,0,0,0,0,0
2026-08-13T03:48:26.568662,211,0,0,0,0,0
2026-08-13T03:48:26.571661,209,0,0,0,0,0
2026-08-13T03:48:26.572662,209,0,0,0,0,0
2026-08-13T03:48:26.572662,211,0,0,0,0,0
2026-08-13T03:48:26.573647,210,0,0,0,0,0
2026-08-13T03:48:26.575792,209,0,0,0,0,0
2026-08-13T03:48:26.576775,209,0,0,0,0,0
2026-08-13T03:48:26.576775,208,0,0,0,0,0
2026-08-13T03:48:26.579790,208,0,0,0,0,0
2026-08-13T03:48:26.580791,207,0,0,0,0,0
2026-08-13T03:48:26.580791,207,0,0,0,0,0
2026-08-13T03:48:26.581789,208,0,0,0,0,0
2026-08-13T03:48:26.584317,210,0,0,0,0,0
2026-08-13T03:48:26.584317,212,0,0,0,0,0
2026-08-13T03:48:26.585325,212,0,0,0,0,0
2026-08-13T03:48:26.588347,212,0,0,0,0,0
2026-08-13T03:48:26.589349,212,0,0,0,0,0
2026-08-13T03:48:26.589349,212,0,0,0,0,0
2026-08-13T03:48:26.592350,210,0,0,0,0,0
2026-08-13T03:48:26.592350,210,0,0,0,0,0
2026-08-13T03:48:26.593860,210,0,0,0,0,0
2026-08-13T03:48:26.594885,210,0,0,0,0,0
2026-08-13T03:48:26.596884,210,0,0,0,0,0
2026-08-13T03:48:26.596884,209,0,0,0,0,0
2026-08-13T03:48:26.596884,209,0,0,0,0,0
2026-08-13T03:48:26.600886,207,0,0,0,0,0
2026-08-13T03:48:26.600886,207,0,0,0,0,0
2026-08-13T03:48:26.601870,207,0,0,0,0,0
2026-08-13T03:48:26.601870,208,0,0,0,0,0
2026-08-13T03:48:26.604421,211,0,0,0,0,0
2026-08-13T03:48:26.605432,211,0,0,0,0,0
2026-08-13T03:48:26.605432,212,0,0,0,0,0
2026-08-13T03:48:26.608432,212,0,0,0,0,0
2026-08-13T03:48:26.609431,212,0,0,0,0,0
2026-08-13T03:48:26.610431,211,0,0,0,0,0
2026-08-13T03:48:26.610431,210,0,0,0,0,0
2026-08-13T03:48:26.612431,210,0,0,0,0,0
2026-08-13T03:48:26.613954,210,0,0,0,0,0
2026-08-13T03:48:26.613954,209,0,0,0,0,0
2026-08-13T03:48:26.616983,209,0,0,0,0,0
2026-08-13T03:48:26.617983,208,0,0,0,0,0
2026-08-13T03:48:26.617983,206,0,0,0,0,0
2026-08-13T03:48:26.618983,206,0,0,0,0,0
2026-08-13T03:48:26.620984,208,0,0,0,0,0
2026-08-13T03:48:26.621984,207,0,0,0,0,0
2026-08-13T03:48:26.621984,208,0,0,0,0,0
2026-08-13T03:48:26.625102,211,0,0,0,0,0
2026-08-13T03:48:26.626100,211,0,0,0,0,0
2026-08-13T03:48:26.626100,212,0,0,0,0,0
2026-08-13T03:48:26.629098,212,0,0,0,0,0
2026-08-13T03:48:26.630099,213,0,0,0,0,0
2026-08-13T03:48:26.631085,212,0,0,0,0,0
2026-08-13T03:48:26.631085,211,0,0,0,0,0
2026-08-13T03:48:26.633622,213,0,0,0,0,0
2026-08-13T03:48:26.633622,212,0,0,0,0,0
2026-08-13T03:48:26.634639,212,0,0,0,0,0
2026-08-13T03:48:26.637652,211,0,0,0,0,0
2026-08-13T03:48:26.638652,210,0,0,0,0,0
2026-08-13T03:48:26.638652,210,0,0,0,0,0
2026-08-13T03:48:26.639652,208,0,0,0,0,0
2026-08-13T03:48:26.641665,209,0,0,0,0,0
2026-08-13T03:48:26.641665,209,0,0,0,0,0
2026-08-13T03:48:26.642636,211,0,0,0,0,0
2026-08-13T03:48:26.646182,212,0,0,0,0,0
2026-08-13T03:48:26.646182,213,0,0,0,0,0
2026-08-13T03:48:26.647181,214,0,0,0,0,0
2026-08-13T03:48:26.648164,213,0,0,0,0,0
2026-08-13T03:48:26.650180,212,0,0,0,0,0
2026-08-13T03:48:26.650180,211,0,0,0,0,0
2026-08-13T03:48:26.651168,211,0,0,0,0,0
2026-08-13T03:48:26.653704,211,0,0,0,0,0
2026-08-13T03:48:26.654724,210,0,0,0,0,0
2026-08-13T03:48:26.655727,210,0,0,0,0,0
2026-08-13T03:48:26.658218,209,0,0,0,0,0
2026-08-13T03:48:26.658729,208,0,0,0,0,0
2026-08-13T03:48:26.659744,208,0,0,0,0,0
2026-08-13T03:48:26.660740,207,0,0,0,0,0
2026-08-13T03:48:26.661743,207,0,0,0,0,0
2026-08-13T03:48:26.662739,207,0,0,0,0,0
2026-08-13T03:48:26.663629,209,0,0,0,0,0
2026-08-13T03:48:26.665853,212,0,0,0,0,0
2026-08-13T03:48:26.666982,211,0,0,0,0,0
2026-08-13T03:48:26.666982,211,0,0,0,0,0
2026-08-13T03:48:26.667978,211,0,0,0,0,0
2026-08-13T03:48:26.669978,211,0,0,0,0,0
2026-08-13T03:48:26.670976,209,0,0,0,0,0
2026-08-13T03:48:26.670976,209,0,0,0,0,0
2026-08-13T03:48:26.673776,210,0,0,0,0,0
2026-08-13T03:48:26.674956,209,0,0,0,0,0
2026-08-13T03:48:26.675549,209,0,0,0,0,0
2026-08-13T03:48:26.676058,208,0,0,0,0,0
2026-08-13T03:48:26.678076,208,0,0,0,0,0
2026-08-13T03:48:26.679590,207,0,0,0,0,0
2026-08-13T03:48:26.679590,207,0,0,0,0,0
2026-08-13T03:48:26.682746,207,0,0,0,0,0
2026-08-13T03:48:26.683331,207,0,0,0,0,0
2026-08-13T03:48:26.683839,210,0,0,0,0,0
2026-08-13T03:48:26.684374,211,0,0,0,0,0
2026-08-13T03:48:26.687459,211,0,0,0,0,0
2026-08-13T03:48:26.687459,212,0,0,0,0,0
2026-08-13T03:48:26.687459,211,0,0,0,0,0
2026-08-13T03:48:26.690805,211,0,0,0,0,0
2026-08-13T03:48:26.690805,209,0,0,0,0,0
2026-08-13T03:48:26.691803,210,0,0,0,0,0
2026-08-13T03:48:26.694826,210,0,0,0,0,0
2026-08-13T03:48:26.694826,209,0,0,0,0,0
2026-08-13T03:48:26.695826,209,0,0,0,0,0
2026-08-13T03:48:26.695826,208,0,0,0,0,0
2026-08-13T03:48:26.698841,208,0,0,0,0,0
2026-08-13T03:48:26.699836,207,0,0,0,0,0
2026-08-13T03:48:26.699836,207,0,0,0,0,0
2026-08-13T03:48:26.702836,207,0,0,0,0,0
2026-08-13T03:48:26.702836,207,0,0,0,0,0
2026-08-13T03:48:26.703834,210,0,0,0,0,0
2026-08-13T03:48:26.703834,211,0,0,0,0,0
2026-08-13T03:48:26.707227,211,0,0,0,0,0
2026-08-13T03:48:26.707227,212,0,0,0,0,0
2026-08-13T03:48:26.708222,212,0,0,0,0,0
2026-08-13T03:48:26.711736,210,0,0,0,0,0
2026-08-13T03:48:26.711736,209,0,0,0,0,0
2026-08-13T03:48:26.712737,210,0,0,0,0,0
2026-08-13T03:48:26.712737,210,0,0,0,0,0
2026-08-13T03:48:26.715251,209,0,0,0,0,0
2026-08-13T03:48:26.716258,209,0,0,0,0,0
2026-08-13T03:48:26.716258,208,0,0,0,0,0
2026-08-13T03:48:26.719748,207,0,0,0,0,0
2026-08-13T03:48:26.720256,207,0,0,0,0,0
2026-08-13T03:48:26.720256,207,0,0,0,0,0
2026-08-13T03:48:26.720256,206,0,0,0,0,0
2026-08-13T03:48:26.723949,207,0,0,0,0,0
2026-08-13T03:48:26.723949,210,0,0,0,0,0
2026-08-13T03:48:26.724958,211,0,0,0,0,0
2026-08-13T03:48:26.728033,212,0,0,0,0,0
2026-08-13T03:48:26.728033,211,0,0,0,0,0
2026-08-13T03:48:26.728541,211,0,0,0,0,0
2026-08-13T03:48:26.731966,209,0,0,0,0,0
2026-08-13T03:48:26.731966,210,0,0,0,0,0
2026-08-13T03:48:26.731966,210,0,0,0,0,0
2026-08-13T03:48:26.732966,209,0,0,0,0,0
2026-08-13T03:48:26.735482,209,0,0,0,0,0
2026-08-13T03:48:26.736493,209,0,0,0,0,0
2026-08-13T03:48:26.736493,208,0,0,0,0,0
2026-08-13T03:48:26.740493,207,0,0,0,0,0
2026-08-13T03:48:26.740493,206,0,0,0,0,0
2026-08-13T03:48:26.740493,206,0,0,0,0,0
2026-08-13T03:48:26.741644,207,0,0,0,0,0
2026-08-13T03:48:26.744156,209,0,0,0,0,0
2026-08-13T03:48:26.744662,211,0,0,0,0,0
2026-08-13T03:48:26.744662,211,0,0,0,0,0
2026-08-13T03:48:26.748080,211,0,0,0,0,0
2026-08-13T03:48:26.749016,211,0,0,0,0,0
2026-08-13T03:48:26.749016,211,0,0,0,0,0
2026-08-13T03:48:26.749016,209,0,0,0,0,0
2026-08-13T03:48:26.752477,209,0,0,0,0,0
2026-08-13T03:48:26.752477,209,0,0,0,0,0
2026-08-13T03:48:26.752477,208,0,0,0,0,0
2026-08-13T03:48:26.755996,208,0,0,0,0,0
2026-08-13T03:48:26.757005,207,0,0,0,0,0
2026-08-13T03:48:26.757005,207,0,0,0,0,0
2026-08-13T03:48:26.760022,206,0,0,0,0,0
2026-08-13T03:48:26.761030,206,0,0,0,0,0
2026-08-13T03:48:26.761030,206,0,0,0,0,0
2026-08-13T03:48:26.761030,206,0,0,0,0,0
2026-08-13T03:48:26.764040,208,0,0,0,0,0
2026-08-13T03:48:26.765045,209,0,0,0,0,0
2026-08-13T03:48:26.765045,209,0,0,0,0,0
2026-08-13T03:48:26.768767,209,0,0,0,0,0
2026-08-13T03:48:26.768767,209,0,0,0,0,0
2026-08-13T03:48:26.768767,208,0,0,0,0,0
2026-08-13T03:48:26.769774,206,0,0,0,0,0
2026-08-13T03:48:26.772290,207,0,0,0,0,0
2026-08-13T03:48:26.772290,207,0,0,0,0,0
2026-08-13T03:48:26.773796,206,0,0,0,0,0
2026-08-13T03:48:26.776825,206,0,0,0,0,0
2026-08-13T03:48:26.776825,205,0,0,0,0,0
2026-08-13T03:48:26.777819,206,0,0,0,0,0
2026-08-13T03:48:26.777819,205,0,0,0,0,0
2026-08-13T03:48:26.780819,205,0,0,0,0,0
2026-08-13T03:48:26.780819,206,0,0,0,0,0
2026-08-13T03:48:26.781819,206,0,0,0,0,0
2026-08-13T03:48:26.785361,209,0,0,0,0,0
2026-08-13T03:48:26.785361,210,0,0,0,0,0
2026-08-13T03:48:26.785361,210,0,0,0,0,0
2026-08-13T03:48:26.786367,211,0,0,0,0,0
2026-08-13T03:48:26.789382,209,0,0,0,0,0
2026-08-13T03:48:26.789382,210,0,0,0,0,0
2026-08-13T03:48:26.789382,209,0,0,0,0,0
2026-08-13T03:48:26.792383,210,0,0,0,0,0
2026-08-13T03:48:26.793890,210,0,0,0,0,0
2026-08-13T03:48:26.793890,210,0,0,0,0,0
2026-08-13T03:48:26.796913,211,0,0,0,0,0
2026-08-13T03:48:26.797898,210,0,0,0,0,0
2026-08-13T03:48:26.798912,209,0,0,0,0,0
2026-08-13T03:48:26.798912,208,0,0,0,0,0
2026-08-13T03:48:26.800913,208,0,0,0,0,0
2026-08-13T03:48:26.801898,206,0,0,0,0,0
2026-08-13T03:48:26.801898,207,0,0,0,0,0
2026-08-13T03:48:26.805448,208,0,0,0,0,0
2026-08-13T03:48:26.806466,207,0,0,0,0,0
2026-08-13T03:48:26.806466,208,0,0,0,0,0
2026-08-13T03:48:26.807449,207,0,0,0,0,0
2026-08-13T03:48:26.809448,206,0,0,0,0,0
2026-08-13T03:48:26.810454,205,0,0,0,0,0
2026-08-13T03:48:26.810454,204,0,0,0,0,0
2026-08-13T03:48:26.813971,205,0,0,0,0,0
2026-08-13T03:48:26.813971,204,0,0,0,0,0
2026-08-13T03:48:26.815003,204,0,0,0,0,0
2026-08-13T03:48:26.815989,204,0,0,0,0,0
2026-08-13T03:48:26.818002,203,0,0,0,0,0
2026-08-13T03:48:26.818002,202,0,0,0,0,0
2026-08-13T03:48:26.819002,201,0,0,0,0,0
2026-08-13T03:48:26.822001,202,0,0,0,0,0
2026-08-13T03:48:26.823002,201,0,0,0,0,0
2026-08-13T03:48:26.823002,203,0,0,0,0,0
2026-08-13T03:48:26.826360,206,0,0,0,0,0
2026-08-13T03:48:26.826360,207,0,0,0,0,0
2026-08-13T03:48:26.826360,207,0,0,0,0,0
2026-08-13T03:48:26.827359,206,0,0,0,0,0
2026-08-13T03:48:26.830374,206,0,0,0,0,0
2026-08-13T03:48:26.830374,204,0,0,0,0,0
2026-08-13T03:48:26.831374,203,0,0,0,0,0
2026-08-13T03:48:26.833900,204,0,0,0,0,0
2026-08-13T03:48:26.834934,201,0,0,0,0,0
2026-08-13T03:48:26.835919,201,0,0,0,0,0
2026-08-13T03:48:26.835919,199,0,0,0,0,0
2026-08-13T03:48:26.837933,198,0,0,0,0,0
2026-08-13T03:48:26.838932,196,0,0,0,0,0
2026-08-13T03:48:26.839933,194,0,0,0,0,0
2026-08-13T03:48:26.841937,194,0,0,0,0,0
2026-08-13T03:48:26.842918,193,0,0,0,0,0
2026-08-13T03:48:26.842918,194,0,0,0,0,0
2026-08-13T03:48:26.842918,196,0,0,0,0,0
2026-08-13T03:48:26.846444,195,0,0,0,0,0
2026-08-13T03:48:26.847442,196,0,0,0,0,0
2026-08-13T03:48:26.848443,196,0,0,0,0,0
2026-08-13T03:48:26.850442,196,0,0,0,0,0
2026-08-13T03:48:26.851442,195,0,0,0,0,0
2026-08-13T03:48:26.851442,196,0,0,0,0,0
2026-08-13T03:48:26.852442,196,0,0,0,0,0
2026-08-13T03:48:26.854964,196,0,0,0,0,0
2026-08-13T03:48:26.855968,196,0,0,0,0,0
2026-08-13T03:48:26.855968,195,0,0,0,0,0
2026-08-13T03:48:26.858975,195,0,0,0,0,0
2026-08-13T03:48:26.858975,193,0,0,0,0,0
2026-08-13T03:48:26.858975,193,0,0,0,0,0
2026-08-13T03:48:26.862990,193,0,0,0,0,0
2026-08-13T03:48:26.863991,194,0,0,0,0,0
2026-08-13T03:48:26.863991,196,0,0,0,0,0
2026-08-13T03:48:26.865297,197,0,0,0,0,0
2026-08-13T03:48:26.867209,197,0,0,0,0,0
2026-08-13T03:48:26.867721,197,0,0,0,0,0
2026-08-13T03:48:26.869513,197,0,0,0,0,0
2026-08-13T03:48:26.870529,196,0,0,0,0,0
2026-08-13T03:48:26.872037,195,0,0,0,0,0
2026-08-13T03:48:26.872037,196,0,0,0,0,0
2026-08-13T03:48:26.873589,196,0,0,0,0,0
2026-08-13T03:48:26.874602,195,0,0,0,0,0
2026-08-13T03:48:26.875601,196,0,0,0,0,0
2026-08-13T03:48:26.875601,195,0,0,0,0,0
2026-08-13T03:48:26.879422,194,0,0,0,0,0
2026-08-13T03:48:26.880435,193,0,0,0,0,0
2026-08-13T03:48:26.881436,193,0,0,0,0,0
2026-08-13T03:48:26.881436,193,0,0,0,0,0
2026-08-13T03:48:26.883929,193,0,0,0,0,0
2026-08-13T03:48:26.883929,195,0,0,0,0,0
2026-08-13T03:48:26.883929,195,0,0,0,0,0
2026-08-13T03:48:26.887481,195,0,0,0,0,0
2026-08-13T03:48:26.887481,195,0,0,0,0,0
2026-08-13T03:48:26.888482,194,0,0,0,0,0
2026-08-13T03:48:26.891882,192,0,0,0,0,0
2026-08-13T03:48:26.891882,190,0,0,0,0,0
2026-08-13T03:48:26.892901,190,0,0,0,0,0
2026-08-13T03:48:26.893896,190,0,0,0,0,0
2026-08-13T03:48:26.895416,189,0,0,0,0,0
2026-08-13T03:48:26.896424,189,0,0,0,0,0
2026-08-13T03:48:26.896424,188,0,0,0,0,0
2026-08-13T03:48:26.899424,188,0,0,0,0,0
2026-08-13T03:48:26.900423,186,0,0,0,0,0
2026-08-13T03:48:26.900423,187,0,0,0,0,0
2026-08-13T03:48:26.901425,187,0,0,0,0,0
2026-08-13T03:48:26.903932,189,0,0,0,0,0
2026-08-13T03:48:26.903932,192,0,0,0,0,0
2026-08-13T03:48:26.904940,192,0,0,0,0,0
2026-08-13T03:48:26.907945,193,0,0,0,0,0
2026-08-13T03:48:26.907945,193,0,0,0,0,0
2026-08-13T03:48:26.908941,193,0,0,0,0,0
2026-08-13T03:48:26.908941,192,0,0,0,0,0
2026-08-13T03:48:26.911946,192,0,0,0,0,0
2026-08-13T03:48:26.911946,192,0,0,0,0,0
2026-08-13T03:48:26.912945,191,0,0,0,0,0
2026-08-13T03:48:26.916478,191,0,0,0,0,0
2026-08-13T03:48:26.916478,190,0,0,0,0,0
2026-08-13T03:48:26.916478,189,0,0,0,0,0
2026-08-13T03:48:26.917481,187,0,0,0,0,0
2026-08-13T03:48:26.920482,187,0,0,0,0,0
2026-08-13T03:48:26.920482,187,0,0,0,0,0
2026-08-13T03:48:26.921481,186,0,0,0,0,0
2026-08-13T03:48:26.923963,187,0,0,0,0,0
2026-08-13T03:48:26.925004,189,0,0,0,0,0
2026-08-13T03:48:26.925004,190,0,0,0,0,0
2026-08-13T03:48:26.928167,190,0,0,0,0,0
2026-08-13T03:48:26.929161,190,0,0,0,0,0
2026-08-13T03:48:26.929161,190,0,0,0,0,0
2026-08-13T03:48:26.929161,188,0,0,0,0,0
2026-08-13T03:48:26.932156,189,0,0,0,0,0
2026-08-13T03:48:26.932156,189,0,0,0,0,0
2026-08-13T03:48:26.933664,188,0,0,0,0,0
2026-08-13T03:48:26.936687,187,0,0,0,0,0
2026-08-13T03:48:26.936687,187,0,0,0,0,0
2026-08-13T03:48:26.937675,186,0,0,0,0,0
2026-08-13T03:48:26.937675,185,0,0,0,0,0
2026-08-13T03:48:26.940672,185,0,0,0,0,0
2026-08-13T03:48:26.941678,185,0,0,0,0,0
2026-08-13T03:48:26.941678,185,0,0,0,0,0
2026-08-13T03:48:26.944759,187,0,0,0,0,0
2026-08-13T03:48:26.945750,189,0,0,0,0,0
2026-08-13T03:48:26.946749,190,0,0,0,0,0
2026-08-13T03:48:26.946749,190,0,0,0,0,0
2026-08-13T03:48:26.948759,189,0,0,0,0,0
2026-08-13T03:48:26.949758,188,0,0,0,0,0
2026-08-13T03:48:26.950759,188,0,0,0,0,0
2026-08-13T03:48:26.952752,188,0,0,0,0,0
2026-08-13T03:48:26.953746,187,0,0,0,0,0
2026-08-13T03:48:26.954260,186,0,0,0,0,0
2026-08-13T03:48:26.955274,187,0,0,0,0,0
2026-08-13T03:48:26.957286,187,0,0,0,0,0
2026-08-13T03:48:26.957286,186,0,0,0,0,0
2026-08-13T03:48:26.958503,185,0,0,0,0,0
2026-08-13T03:48:26.961514,185,0,0,0,0,0
2026-08-13T03:48:26.961514,185,0,0,0,0,0
2026-08-13T03:48:26.962518,185,0,0,0,0,0
2026-08-13T03:48:26.965045,188,0,0,0,0,0
2026-08-13T03:48:26.966045,189,0,0,0,0,0
2026-08-13T03:48:26.966045,190,0,0,0,0,0
2026-08-13T03:48:26.967057,190,0,0,0,0,0
2026-08-13T03:48:26.969195,189,0,0,0,0,0
2026-08-13T03:48:26.970195,188,0,0,0,0,0
2026-08-13T03:48:26.970195,187,0,0,0,0,0
2026-08-13T03:48:26.973735,187,0,0,0,0,0
2026-08-13T03:48:26.973735,188,0,0,0,0,0
2026-08-13T03:48:26.974754,187,0,0,0,0,0
2026-08-13T03:48:26.975754,187,0,0,0,0,0
2026-08-13T03:48:26.977779,186,0,0,0,0,0
2026-08-13T03:48:26.977779,186,0,0,0,0,0
2026-08-13T03:48:26.978754,185,0,0,0,0,0
2026-08-13T03:48:26.981768,186,0,0,0,0,0
2026-08-13T03:48:26.981768,185,0,0,0,0,0
2026-08-13T03:48:26.982753,186,0,0,0,0,0
2026-08-13T03:48:26.982753,188,0,0,0,0,0
2026-08-13T03:48:26.985771,189,0,0,0,0,0
2026-08-13T03:48:26.985771,189,0,0,0,0,0
2026-08-13T03:48:26.986814,189,0,0,0,0,0
2026-08-13T03:48:26.989818,189,0,0,0,0,0
2026-08-13T03:48:26.989818,187,0,0,0,0,0
2026-08-13T03:48:26.990811,187,0,0,0,0,0
2026-08-13T03:48:26.993831,187,0,0,0,0,0
2026-08-13T03:48:26.994838,187,0,0,0,0,0
2026-08-13T03:48:26.994838,188,0,0,0,0,0
2026-08-13T03:48:26.994838,187,0,0,0,0,0
2026-08-13T03:48:26.997856,186,0,0,0,0,0
2026-08-13T03:48:26.998854,185,0,0,0,0,0
2026-08-13T03:48:26.998854,185,0,0,0,0,0
2026-08-13T03:48:27.002561,185,0,0,0,0,0
2026-08-13T03:48:27.002561,185,0,0,0,0,0
2026-08-13T03:48:27.002561,186,0,0,0,0,0
2026-08-13T03:48:27.004068,188,0,0,0,0,0
2026-08-13T03:48:27.006278,188,0,0,0,0,0
2026-08-13T03:48:27.007797,190,0,0,0,0,0
2026-08-13T03:48:27.008800,189,0,0,0,0,0
2026-08-13T03:48:27.009797,188,0,0,0,0,0
2026-08-13T03:48:27.010798,187,0,0,0,0,0
2026-08-13T03:48:27.011797,187,0,0,0,0,0
2026-08-13T03:48:27.011797,188,0,0,0,0,0
2026-08-13T03:48:27.014319,187,0,0,0,0,0
2026-08-13T03:48:27.015323,188,0,0,0,0,0
2026-08-13T03:48:27.015323,187,0,0,0,0,0
2026-08-13T03:48:27.018320,187,0,0,0,0,0
2026-08-13T03:48:27.019322,186,0,0,0,0,0
2026-08-13T03:48:27.019322,185,0,0,0,0,0
2026-08-13T03:48:27.020318,186,0,0,0,0,0
2026-08-13T03:48:27.022319,185,0,0,0,0,0
2026-08-13T03:48:27.022319,187,0,0,0,0,0
2026-08-13T03:48:27.023825,189,0,0,0,0,0
2026-08-13T03:48:27.026846,190,0,0,0,0,0
2026-08-13T03:48:27.026846,190,0,0,0,0,0
2026-08-13T03:48:27.027883,190,0,0,0,0,0
2026-08-13T03:48:27.030845,190,0,0,0,0,0
2026-08-13T03:48:27.030845,189,0,0,0,0,0
2026-08-13T03:48:27.031845,189,0,0,0,0,0
2026-08-13T03:48:27.031845,189,0,0,0,0,0
2026-08-13T03:48:27.034991,188,0,0,0,0,0
2026-08-13T03:48:27.034991,189,0,0,0,0,0
2026-08-13T03:48:27.035994,188,0,0,0,0,0
2026-08-13T03:48:27.038488,187,0,0,0,0,0
2026-08-13T03:48:27.039534,186,0,0,0,0,0
2026-08-13T03:48:27.040541,186,0,0,0,0,0
2026-08-13T03:48:27.040541,187,0,0,0,0,0
2026-08-13T03:48:27.042622,186,0,0,0,0,0
2026-08-13T03:48:27.043626,189,0,0,0,0,0
2026-08-13T03:48:27.043626,190,0,0,0,0,0
2026-08-13T03:48:27.047580,191,0,0,0,0,0
2026-08-13T03:48:27.047580,191,0,0,0,0,0
2026-08-13T03:48:27.047580,191,0,0,0,0,0
2026-08-13T03:48:27.047580,190,0,0,0,0,0
2026-08-13T03:48:27.051594,189,0,0,0,0,0
2026-08-13T03:48:27.051594,189,0,0,0,0,0
2026-08-13T03:48:27.051594,189,0,0,0,0,0
2026-08-13T03:48:27.055117,189,0,0,0,0,0
2026-08-13T03:48:27.056126,188,0,0,0,0,0
2026-08-13T03:48:27.056126,188,0,0,0,0,0
2026-08-13T03:48:27.059640,187,0,0,0,0,0
2026-08-13T03:48:27.059640,186,0,0,0,0,0
2026-08-13T03:48:27.059640,186,0,0,0,0,0
2026-08-13T03:48:27.060643,186,0,0,0,0,0
2026-08-13T03:48:27.063644,186,0,0,0,0,0
2026-08-13T03:48:27.064150,190,0,0,0,0,0
2026-08-13T03:48:27.064150,190,0,0,0,0,0
2026-08-13T03:48:27.067164,191,0,0,0,0,0
2026-08-13T03:48:27.068162,191,0,0,0,0,0
2026-08-13T03:48:27.068162,191,0,0,0,0,0
2026-08-13T03:48:27.068162,189,0,0,0,0,0
2026-08-13T03:48:27.071169,189,0,0,0,0,0
2026-08-13T03:48:27.072162,189,0,0,0,0,0
2026-08-13T03:48:27.072162,189,0,0,0,0,0
2026-08-13T03:48:27.076279,188,0,0,0,0,0
2026-08-13T03:48:27.076279,188,0,0,0,0,0
2026-08-13T03:48:27.076279,188,0,0,0,0,0
2026-08-13T03:48:27.077286,187,0,0,0,0,0
2026-08-13T03:48:27.079294,186,0,0,0,0,0
2026-08-13T03:48:27.080424,186,0,0,0,0,0
2026-08-13T03:48:27.080930,186,0,0,0,0,0
2026-08-13T03:48:27.084030,188,0,0,0,0,0
2026-08-13T03:48:27.085035,190,0,0,0,0,0
2026-08-13T03:48:27.085035,190,0,0,0,0,0
2026-08-13T03:48:27.085035,191,0,0,0,0,0
2026-08-13T03:48:27.088216,190,0,0,0,0,0
2026-08-13T03:48:27.088216,190,0,0,0,0,0
2026-08-13T03:48:27.089225,189,0,0,0,0,0
2026-08-13T03:48:27.092222,189,0,0,0,0,0
2026-08-13T03:48:27.092222,189,0,0,0,0,0
2026-08-13T03:48:27.093171,188,0,0,0,0,0
2026-08-13T03:48:27.096646,188,0,0,0,0,0
2026-08-13T03:48:27.096646,188,0,0,0,0,0
2026-08-13T03:48:27.097239,187,0,0,0,0,0
2026-08-13T03:48:27.097239,186,0,0,0,0,0
2026-08-13T03:48:27.100245,186,0,0,0,0,0
2026-08-13T03:48:27.101247,185,0,0,0,0,0
2026-08-13T03:48:27.101247,186,0,0,0,0,0
2026-08-13T03:48:27.104296,188,0,0,0,0,0
2026-08-13T03:48:27.105303,189,0,0,0,0,0
2026-08-13T03:48:27.105303,189,0,0,0,0,0
2026-08-13T03:48:27.105303,190,0,0,0,0,0
2026-08-13T03:48:27.108661,189,0,0,0,0,0
2026-08-13T03:48:27.108661,189,0,0,0,0,0
2026-08-13T03:48:27.109675,188,0,0,0,0,0
2026-08-13T03:48:27.112697,188,0,0,0,0,0
2026-08-13T03:48:27.112697,187,0,0,0,0,0
2026-08-13T03:48:27.113676,187,0,0,0,0,0
2026-08-13T03:48:27.113676,187,0,0,0,0,0
2026-08-13T03:48:27.117191,186,0,0,0,0,0
2026-08-13T03:48:27.117191,185,0,0,0,0,0
2026-08-13T03:48:27.117191,185,0,0,0,0,0
2026-08-13T03:48:27.120572,184,0,0,0,0,0
2026-08-13T03:48:27.121556,185,0,0,0,0,0
2026-08-13T03:48:27.121556,185,0,0,0,0,0
2026-08-13T03:48:27.125089,185,0,0,0,0,0
2026-08-13T03:48:27.125089,187,0,0,0,0,0
2026-08-13T03:48:27.125089,187,0,0,0,0,0
2026-08-13T03:48:27.126088,188,0,0,0,0,0
2026-08-13T03:48:27.129083,188,0,0,0,0,0
2026-08-13T03:48:27.129083,188,0,0,0,0,0
2026-08-13T03:48:27.130069,186,0,0,0,0,0
2026-08-13T03:48:27.133578,186,0,0,0,0,0
2026-08-13T03:48:27.133578,186,0,0,0,0,0
2026-08-13T03:48:27.133578,186,0,0,0,0,0
2026-08-13T03:48:27.134593,186,0,0,0,0,0
2026-08-13T03:48:27.137594,185,0,0,0,0,0
2026-08-13T03:48:27.137594,184,0,0,0,0,0
2026-08-13T03:48:27.138594,184,0,0,0,0,0
2026-08-13T03:48:27.141592,183,0,0,0,0,0
2026-08-13T03:48:27.141592,183,0,0,0,0,0
2026-08-13T03:48:27.141592,183,0,0,0,0,0
2026-08-13T03:48:27.141592,186,0,0,0,0,0
2026-08-13T03:48:27.145674,188,0,0,0,0,0
2026-08-13T03:48:27.145674,189,0,0,0,0,0
2026-08-13T03:48:27.146680,189,0,0,0,0,0
2026-08-13T03:48:27.149679,189,0,0,0,0,0
2026-08-13T03:48:27.149679,188,0,0,0,0,0
2026-08-13T03:48:27.150679,188,0,0,0,0,0
2026-08-13T03:48:27.150679,188,0,0,0,0,0
2026-08-13T03:48:27.153712,188,0,0,0,0,0
2026-08-13T03:48:27.153712,187,0,0,0,0,0
2026-08-13T03:48:27.153712,187,0,0,0,0,0
2026-08-13T03:48:27.158015,186,0,0,0,0,0
2026-08-13T03:48:27.158015,185,0,0,0,0,0
2026-08-13T03:48:27.159013,184,0,0,0,0,0
2026-08-13T03:48:27.162014,184,0,0,0,0,0
2026-08-13T03:48:27.162014,184,0,0,0,0,0
2026-08-13T03:48:27.163028,185,0,0,0,0,0
2026-08-13T03:48:27.163028,188,0,0,0,0,0
2026-08-13T03:48:27.165548,188,0,0,0,0,0
2026-08-13T03:48:27.166547,190,0,0,0,0,0
2026-08-13T03:48:27.167560,190,0,0,0,0,0
2026-08-13T03:48:27.169559,190,0,0,0,0,0
2026-08-13T03:48:27.170546,190,0,0,0,0,0
2026-08-13T03:48:27.171562,189,0,0,0,0,0
2026-08-13T03:48:27.171562,189,0,0,0,0,0
2026-08-13T03:48:27.174071,189,0,0,0,0,0
2026-08-13T03:48:27.175099,188,0,0,0,0,0
2026-08-13T03:48:27.175099,188,0,0,0,0,0
2026-08-13T03:48:27.178087,187,0,0,0,0,0
2026-08-13T03:48:27.179082,185,0,0,0,0,0
2026-08-13T03:48:27.179082,185,0,0,0,0,0
2026-08-13T03:48:27.180083,186,0,0,0,0,0
2026-08-13T03:48:27.182082,186,0,0,0,0,0
2026-08-13T03:48:27.182082,188,0,0,0,0,0
2026-08-13T03:48:27.183591,189,0,0,0,0,0
2026-08-13T03:48:27.186112,189,0,0,0,0,0
2026-08-13T03:48:27.187121,191,0,0,0,0,0
2026-08-13T03:48:27.187121,190,0,0,0,0,0
2026-08-13T03:48:27.187121,189,0,0,0,0,0
2026-08-13T03:48:27.190641,189,0,0,0,0,0
2026-08-13T03:48:27.190641,188,0,0,0,0,0
2026-08-13T03:48:27.191640,189,0,0,0,0,0
2026-08-13T03:48:27.195064,188,0,0,0,0,0
2026-08-13T03:48:27.195064,187,0,0,0,0,0
2026-08-13T03:48:27.196077,187,0,0,0,0,0
2026-08-13T03:48:27.198799,187,0,0,0,0,0
2026-08-13T03:48:27.199317,187,0,0,0,0,0
2026-08-13T03:48:27.199317,186,0,0,0,0,0
2026-08-13T03:48:27.200327,186,0,0,0,0,0
2026-08-13T03:48:27.202330,186,0,0,0,0,0
2026-08-13T03:48:27.202330,189,0,0,0,0,0
2026-08-13T03:48:27.203849,190,0,0,0,0,0
2026-08-13T03:48:27.207374,190,0,0,0,0,0
2026-08-13T03:48:27.207374,191,0,0,0,0,0
2026-08-13T03:48:27.207374,191,0,0,0,0,0
2026-08-13T03:48:27.208377,190,0,0,0,0,0
2026-08-13T03:48:27.211377,189,0,0,0,0,0
2026-08-13T03:48:27.211377,189,0,0,0,0,0
2026-08-13T03:48:27.211377,189,0,0,0,0,0
2026-08-13T03:48:27.214759,188,0,0,0,0,0
2026-08-13T03:48:27.215760,189,0,0,0,0,0
2026-08-13T03:48:27.215760,188,0,0,0,0,0
2026-08-13T03:48:27.215760,188,0,0,0,0,0
2026-08-13T03:48:27.219501,187,0,0,0,0,0
2026-08-13T03:48:27.219501,187,0,0,0,0,0
2026-08-13T03:48:27.219501,187,0,0,0,0,0
2026-08-13T03:48:27.222894,187,0,0,0,0,0
2026-08-13T03:48:27.223912,189,0,0,0,0,0
2026-08-13T03:48:27.223912,191,0,0,0,0,0
2026-08-13T03:48:27.227046,191,0,0,0,0,0
2026-08-13T03:48:27.227978,191,0,0,0,0,0
2026-08-13T03:48:27.227978,191,0,0,0,0,0
2026-08-13T03:48:27.227978,190,0,0,0,0,0
2026-08-13T03:48:27.230934,189,0,0,0,0,0
2026-08-13T03:48:27.231935,190,0,0,0,0,0
2026-08-13T03:48:27.231935,189,0,0,0,0,0
2026-08-13T03:48:27.235450,190,0,0,0,0,0
2026-08-13T03:48:27.236471,189,0,0,0,0,0
2026-08-13T03:48:27.236471,188,0,0,0,0,0
2026-08-13T03:48:27.237456,188,0,0,0,0,0
2026-08-13T03:48:27.240019,186,0,0,0,0,0
2026-08-13T03:48:27.240019,187,0,0,0,0,0
2026-08-13T03:48:27.240019,187,0,0,0,0,0
2026-08-13T03:48:27.243999,187,0,0,0,0,0
2026-08-13T03:48:27.243999,190,0,0,0,0,0
2026-08-13T03:48:27.245013,191,0,0,0,0,0
2026-08-13T03:48:27.245894,192,0,0,0,0,0
2026-08-13T03:48:27.248209,192,0,0,0,0,0
2026-08-13T03:48:27.248209,191,0,0,0,0,0
2026-08-13T03:48:27.249235,190,0,0,0,0,0
2026-08-13T03:48:27.251790,189,0,0,0,0,0
2026-08-13T03:48:27.252779,190,0,0,0,0,0
2026-08-13T03:48:27.252779,189,0,0,0,0,0
2026-08-13T03:48:27.253791,189,0,0,0,0,0
2026-08-13T03:48:27.255965,189,0,0,0,0,0
2026-08-13T03:48:27.256960,188,0,0,0,0,0
2026-08-13T03:48:27.256960,188,0,0,0,0,0
2026-08-13T03:48:27.259961,186,0,0,0,0,0
2026-08-13T03:48:27.260960,187,0,0,0,0,0
2026-08-13T03:48:27.261950,187,0,0,0,0,0
2026-08-13T03:48:27.264506,188,0,0,0,0,0
2026-08-13T03:48:27.265518,190,0,0,0,0,0
2026-08-13T03:48:27.265518,190,0,0,0,0,0
2026-08-13T03:48:27.266514,192,0,0,0,0,0
2026-08-13T03:48:27.268514,191,0,0,0,0,0
2026-08-13T03:48:27.268514,191,0,0,0,0,0
2026-08-13T03:48:27.269514,190,0,0,0,0,0
2026-08-13T03:48:27.272514,189,0,0,0,0,0
2026-08-13T03:48:27.272514,190,0,0,0,0,0
2026-08-13T03:48:27.272514,189,0,0,0,0,0
2026-08-13T03:48:27.274025,189,0,0,0,0,0
2026-08-13T03:48:27.276055,187,0,0,0,0,0
2026-08-13T03:48:27.277035,187,0,0,0,0,0
2026-08-13T03:48:27.278035,186,0,0,0,0,0
2026-08-13T03:48:27.281036,185,0,0,0,0,0
2026-08-13T03:48:27.281036,187,0,0,0,0,0
2026-08-13T03:48:27.282050,186,0,0,0,0,0
2026-08-13T03:48:27.283050,188,0,0,0,0,0
2026-08-13T03:48:27.284608,190,0,0,0,0,0
2026-08-13T03:48:27.286120,190,0,0,0,0,0
2026-08-13T03:48:27.286120,191,0,0,0,0,0
2026-08-13T03:48:27.289168,190,0,0,0,0,0
2026-08-13T03:48:27.289168,190,0,0,0,0,0
2026-08-13T03:48:27.290198,190,0,0,0,0,0
2026-08-13T03:48:27.292392,189,0,0,0,0,0
2026-08-13T03:48:27.294055,189,0,0,0,0,0
2026-08-13T03:48:27.294055,187,0,0,0,0,0
2026-08-13T03:48:27.295076,188,0,0,0,0,0
2026-08-13T03:48:27.297082,188,0,0,0,0,0
2026-08-13T03:48:27.298068,187,0,0,0,0,0
2026-08-13T03:48:27.298068,186,0,0,0,0,0
2026-08-13T03:48:27.301080,186,0,0,0,0,0
2026-08-13T03:48:27.302080,186,0,0,0,0,0
2026-08-13T03:48:27.302080,186,0,0,0,0,0
2026-08-13T03:48:27.303606,188,0,0,0,0,0
2026-08-13T03:48:27.305630,189,0,0,0,0,0
2026-08-13T03:48:27.305630,189,0,0,0,0,0
2026-08-13T03:48:27.306626,190,0,0,0,0,0
2026-08-13T03:48:27.309636,190,0,0,0,0,0
2026-08-13T03:48:27.309636,189,0,0,0,0,0
2026-08-13T03:48:27.310622,187,0,0,0,0,0
2026-08-13T03:48:27.311644,189,0,0,0,0,0
2026-08-13T03:48:27.313678,188,0,0,0,0,0
2026-08-13T03:48:27.314222,188,0,0,0,0,0
2026-08-13T03:48:27.314222,188,0,0,0,0,0
2026-08-13T03:48:27.317229,187,0,0,0,0,0
2026-08-13T03:48:27.318242,186,0,0,0,0,0
2026-08-13T03:48:27.318242,186,0,0,0,0,0
2026-08-13T03:48:27.319216,186,0,0,0,0,0
2026-08-13T03:48:27.321231,186,0,0,0,0,0
2026-08-13T03:48:27.322230,186,0,0,0,0,0
2026-08-13T03:48:27.322230,188,0,0,0,0,0
2026-08-13T03:48:27.325757,189,0,0,0,0,0
2026-08-13T03:48:27.326754,191,0,0,0,0,0
2026-08-13T03:48:27.326754,190,0,0,0,0,0
2026-08-13T03:48:27.329454,189,0,0,0,0,0
2026-08-13T03:48:27.330472,189,0,0,0,0,0
2026-08-13T03:48:27.331468,188,0,0,0,0,0
2026-08-13T03:48:27.331468,189,0,0,0,0,0
2026-08-13T03:48:27.334219,188,0,0,0,0,0
2026-08-13T03:48:27.334219,188,0,0,0,0,0
2026-08-13T03:48:27.335362,188,0,0,0,0,0
2026-08-13T03:48:27.338317,188,0,0,0,0,0
2026-08-13T03:48:27.338317,187,0,0,0,0,0
2026-08-13T03:48:27.339349,186,0,0,0,0,0
2026-08-13T03:48:27.340347,186,0,0,0,0,0
2026-08-13T03:48:27.342334,185,0,0,0,0,0
2026-08-13T03:48:27.342334,186,0,0,0,0,0
2026-08-13T03:48:27.343843,189,0,0,0,0,0
2026-08-13T03:48:27.345855,189,0,0,0,0,0
2026-08-13T03:48:27.346853,190,0,0,0,0,0
2026-08-13T03:48:27.346853,190,0,0,0,0,0
2026-08-13T03:48:27.347868,190,0,0,0,0,0
2026-08-13T03:48:27.349868,190,0,0,0,0,0
2026-08-13T03:48:27.350853,188,0,0,0,0,0
2026-08-13T03:48:27.350853,189,0,0,0,0,0
2026-08-13T03:48:27.354406,188,0,0,0,0,0
2026-08-13T03:48:27.354406,188,0,0,0,0,0
2026-08-13T03:48:27.355418,189,0,0,0,0,0
2026-08-13T03:48:27.358419,187,0,0,0,0,0
2026-08-13T03:48:27.359416,185,0,0,0,0,0
2026-08-13T03:48:27.359416,186,0,0,0,0,0
2026-08-13T03:48:27.360413,186,0,0,0,0,0
2026-08-13T03:48:27.362918,186,0,0,0,0,0
2026-08-13T03:48:27.362918,188,0,0,0,0,0
2026-08-13T03:48:27.363942,189,0,0,0,0,0
2026-08-13T03:48:27.366992,189,0,0,0,0,0
2026-08-13T03:48:27.366992,191,0,0,0,0,0
2026-08-13T03:48:27.368022,190,0,0,0,0,0
2026-08-13T03:48:27.369023,190,0,0,0,0,0
2026-08-13T03:48:27.371101,189,0,0,0,0,0
2026-08-13T03:48:27.371101,190,0,0,0,0,0
2026-08-13T03:48:27.372073,190,0,0,0,0,0
2026-08-13T03:48:27.374603,190,0,0,0,0,0
2026-08-13T03:48:27.375604,190,0,0,0,0,0
2026-08-13T03:48:27.376607,189,0,0,0,0,0
2026-08-13T03:48:27.376607,189,0,0,0,0,0
2026-08-13T03:48:27.378601,188,0,0,0,0,0
2026-08-13T03:48:27.379599,188,0,0,0,0,0
2026-08-13T03:48:27.380600,188,0,0,0,0,0
2026-08-13T03:48:27.382599,188,0,0,0,0,0
2026-08-13T03:48:27.383599,190,0,0,0,0,0
2026-08-13T03:48:27.383599,192,0,0,0,0,0
2026-08-13T03:48:27.384954,192,0,0,0,0,0
2026-08-13T03:48:27.387177,193,0,0,0,0,0
2026-08-13T03:48:27.388060,192,0,0,0,0,0
2026-08-13T03:48:27.388060,192,0,0,0,0,0
2026-08-13T03:48:27.391058,190,0,0,0,0,0
2026-08-13T03:48:27.392057,191,0,0,0,0,0
2026-08-13T03:48:27.392057,191,0,0,0,0,0
2026-08-13T03:48:27.395582,190,0,0,0,0,0
2026-08-13T03:48:27.395582,191,0,0,0,0,0
2026-08-13T03:48:27.396574,189,0,0,0,0,0
2026-08-13T03:48:27.396574,190,0,0,0,0,0
2026-08-13T03:48:27.399574,187,0,0,0,0,0
2026-08-13T03:48:27.399574,188,0,0,0,0,0
2026-08-13T03:48:27.400582,188,0,0,0,0,0
2026-08-13T03:48:27.402562,188,0,0,0,0,0
2026-08-13T03:48:27.404084,191,0,0,0,0,0
2026-08-13T03:48:27.405103,192,0,0,0,0,0
2026-08-13T03:48:27.405103,192,0,0,0,0,0
2026-08-13T03:48:27.408121,193,0,0,0,0,0
2026-08-13T03:48:27.408121,193,0,0,0,0,0
2026-08-13T03:48:27.409118,192,0,0,0,0,0
2026-08-13T03:48:27.412147,190,0,0,0,0,0
2026-08-13T03:48:27.412147,191,0,0,0,0,0
2026-08-13T03:48:27.412147,191,0,0,0,0,0
2026-08-13T03:48:27.413683,190,0,0,0,0,0
2026-08-13T03:48:27.416142,191,0,0,0,0,0
2026-08-13T03:48:27.417173,190,0,0,0,0,0
2026-08-13T03:48:27.417173,189,0,0,0,0,0
2026-08-13T03:48:27.420010,188,0,0,0,0,0
2026-08-13T03:48:27.421036,188,0,0,0,0,0
2026-08-13T03:48:27.421036,188,0,0,0,0,0
2026-08-13T03:48:27.422020,188,0,0,0,0,0
2026-08-13T03:48:27.424019,192,0,0,0,0,0
2026-08-13T03:48:27.425237,192,0,0,0,0,0
2026-08-13T03:48:27.426245,193,0,0,0,0,0
2026-08-13T03:48:27.428246,193,0,0,0,0,0
2026-08-13T03:48:27.428246,192,0,0,0,0,0
2026-08-13T03:48:27.429246,192,0,0,0,0,0
2026-08-13T03:48:27.432258,191,0,0,0,0,0
2026-08-13T03:48:27.432258,191,0,0,0,0,0
2026-08-13T03:48:27.433767,191,0,0,0,0,0
2026-08-13T03:48:27.434779,190,0,0,0,0,0
2026-08-13T03:48:27.435780,190,0,0,0,0,0
2026-08-13T03:48:27.436779,190,0,0,0,0,0
2026-08-13T03:48:27.437779,189,0,0,0,0,0
2026-08-13T03:48:27.440778,188,0,0,0,0,0
2026-08-13T03:48:27.441786,188,0,0,0,0,0
2026-08-13T03:48:27.441786,188,0,0,0,0,0
2026-08-13T03:48:27.442781,189,0,0,0,0,0
2026-08-13T03:48:27.444289,191,0,0,0,0,0
2026-08-13T03:48:27.445297,192,0,0,0,0,0
2026-08-13T03:48:27.445297,192,0,0,0,0,0
2026-08-13T03:48:27.448920,192,0,0,0,0,0
2026-08-13T03:48:27.448920,191,0,0,0,0,0
2026-08-13T03:48:27.450003,191,0,0,0,0,0
2026-08-13T03:48:27.450003,190,0,0,0,0,0
2026-08-13T03:48:27.453021,191,0,0,0,0,0
2026-08-13T03:48:27.453021,190,0,0,0,0,0
2026-08-13T03:48:27.454057,190,0,0,0,0,0
2026-08-13T03:48:27.457016,190,0,0,0,0,0
2026-08-13T03:48:27.458029,190,0,0,0,0,0
2026-08-13T03:48:27.458029,189,0,0,0,0,0
2026-08-13T03:48:27.461193,188,0,0,0,0,0
2026-08-13T03:48:27.462225,188,0,0,0,0,0
2026-08-13T03:48:27.462225,189,0,0,0,0,0
2026-08-13T03:48:27.463749,189,0,0,0,0,0
2026-08-13T03:48:27.464769,192,0,0,0,0,0
2026-08-13T03:48:27.465767,191,0,0,0,0,0
2026-08-13T03:48:27.466784,193,0,0,0,0,0
2026-08-13T03:48:27.468781,192,0,0,0,0,0
2026-08-13T03:48:27.469767,192,0,0,0,0,0
2026-08-13T03:48:27.470780,191,0,0,0,0,0
2026-08-13T03:48:27.471780,191,0,0,0,0,0
2026-08-13T03:48:27.473491,191,0,0,0,0,0
2026-08-13T03:48:27.474023,191,0,0,0,0,0
2026-08-13T03:48:27.475034,190,0,0,0,0,0
2026-08-13T03:48:27.477035,190,0,0,0,0,0
2026-08-13T03:48:27.478036,189,0,0,0,0,0
2026-08-13T03:48:27.479035,188,0,0,0,0,0
2026-08-13T03:48:27.479035,187,0,0,0,0,0
2026-08-13T03:48:27.481040,188,0,0,0,0,0
2026-08-13T03:48:27.482036,188,0,0,0,0,0
2026-08-13T03:48:27.483042,189,0,0,0,0,0
2026-08-13T03:48:27.485462,191,0,0,0,0,0
2026-08-13T03:48:27.485972,192,0,0,0,0,0
2026-08-13T03:48:27.486981,192,0,0,0,0,0
2026-08-13T03:48:27.486981,193,0,0,0,0,0
2026-08-13T03:48:27.489980,192,0,0,0,0,0
2026-08-13T03:48:27.489980,190,0,0,0,0,0
2026-08-13T03:48:27.490984,191,0,0,0,0,0
2026-08-13T03:48:27.493981,191,0,0,0,0,0
2026-08-13T03:48:27.493981,190,0,0,0,0,0
2026-08-13T03:48:27.495143,191,0,0,0,0,0
2026-08-13T03:48:27.498068,190,0,0,0,0,0
2026-08-13T03:48:27.498068,188,0,0,0,0,0
2026-08-13T03:48:27.499100,187,0,0,0,0,0
2026-08-13T03:48:27.500085,188,0,0,0,0,0
2026-08-13T03:48:27.502168,188,0,0,0,0,0
2026-08-13T03:48:27.502168,187,0,0,0,0,0
2026-08-13T03:48:27.502168,190,0,0,0,0,0
2026-08-13T03:48:27.505535,192,0,0,0,0,0
2026-08-13T03:48:27.506849,193,0,0,0,0,0
2026-08-13T03:48:27.506849,193,0,0,0,0,0
2026-08-13T03:48:27.507875,192,0,0,0,0,0
2026-08-13T03:48:27.509441,191,0,0,0,0,0
2026-08-13T03:48:27.510449,190,0,0,0,0,0
2026-08-13T03:48:27.511450,191,0,0,0,0,0
2026-08-13T03:48:27.513961,191,0,0,0,0,0
2026-08-13T03:48:27.515038,190,0,0,0,0,0
2026-08-13T03:48:27.516073,190,0,0,0,0,0
2026-08-13T03:48:27.516073,189,0,0,0,0,0
2026-08-13T03:48:27.518060,189,0,0,0,0,0
2026-08-13T03:48:27.519060,188,0,0,0,0,0
2026-08-13T03:48:27.519060,188,0,0,0,0,0
2026-08-13T03:48:27.522059,187,0,0,0,0,0
2026-08-13T03:48:27.523056,189,0,0,0,0,0
2026-08-13T03:48:27.523056,192,0,0,0,0,0
2026-08-13T03:48:27.526578,192,0,0,0,0,0
2026-08-13T03:48:27.527578,192,0,0,0,0,0
2026-08-13T03:48:27.527578,192,0,0,0,0,0
2026-08-13T03:48:27.527578,192,0,0,0,0,0
2026-08-13T03:48:27.530778,191,0,0,0,0,0
2026-08-13T03:48:27.530778,190,0,0,0,0,0
2026-08-13T03:48:27.531769,190,0,0,0,0,0
2026-08-13T03:48:27.534307,191,0,0,0,0,0
2026-08-13T03:48:27.535302,190,0,0,0,0,0
2026-08-13T03:48:27.535302,191,0,0,0,0,0
2026-08-13T03:48:27.536302,189,0,0,0,0,0
2026-08-13T03:48:27.538316,188,0,0,0,0,0
2026-08-13T03:48:27.539302,188,0,0,0,0,0
2026-08-13T03:48:27.539302,189,0,0,0,0,0
2026-08-13T03:48:27.542315,189,0,0,0,0,0
2026-08-13T03:48:27.543748,190,0,0,0,0,0
2026-08-13T03:48:27.543748,191,0,0,0,0,0
2026-08-13T03:48:27.544766,191,0,0,0,0,0
2026-08-13T03:48:27.547218,191,0,0,0,0,0
2026-08-13T03:48:27.547218,191,0,0,0,0,0
2026-08-13T03:48:27.548249,191,0,0,0,0,0
2026-08-13T03:48:27.551194,190,0,0,0,0,0
2026-08-13T03:48:27.551194,189,0,0,0,0,0
2026-08-13T03:48:27.552193,190,0,0,0,0,0
2026-08-13T03:48:27.552193,190,0,0,0,0,0
2026-08-13T03:48:27.554729,190,0,0,0,0,0
2026-08-13T03:48:27.555736,189,0,0,0,0,0
2026-08-13T03:48:27.556715,189,0,0,0,0,0
2026-08-13T03:48:27.558716,189,0,0,0,0,0
2026-08-13T03:48:27.559728,188,0,0,0,0,0
2026-08-13T03:48:27.560715,189,0,0,0,0,0
2026-08-13T03:48:27.562715,189,0,0,0,0,0
2026-08-13T03:48:27.564261,190,0,0,0,0,0
2026-08-13T03:48:27.564261,192,0,0,0,0,0
2026-08-13T03:48:27.565257,193,0,0,0,0,0
2026-08-13T03:48:27.567269,193,0,0,0,0,0
2026-08-13T03:48:27.568273,193,0,0,0,0,0
2026-08-13T03:48:27.568273,191,0,0,0,0,0
2026-08-13T03:48:27.571268,191,0,0,0,0,0
2026-08-13T03:48:27.572269,191,0,0,0,0,0
2026-08-13T03:48:27.572269,191,0,0,0,0,0
2026-08-13T03:48:27.572269,190,0,0,0,0,0
2026-08-13T03:48:27.575175,190,0,0,0,0,0
2026-08-13T03:48:27.576198,190,0,0,0,0,0
2026-08-13T03:48:27.577183,189,0,0,0,0,0
2026-08-13T03:48:27.579182,188,0,0,0,0,0
2026-08-13T03:48:27.580198,187,0,0,0,0,0
2026-08-13T03:48:27.581183,187,0,0,0,0,0
2026-08-13T03:48:27.581183,187,0,0,0,0,0
2026-08-13T03:48:27.584095,189,0,0,0,0,0
2026-08-13T03:48:27.584095,191,0,0,0,0,0
2026-08-13T03:48:27.585223,192,0,0,0,0,0
2026-08-13T03:48:27.588168,191,0,0,0,0,0
2026-08-13T03:48:27.588168,192,0,0,0,0,0
2026-08-13T03:48:27.589238,190,0,0,0,0,0
2026-08-13T03:48:27.591805,189,0,0,0,0,0
2026-08-13T03:48:27.592814,190,0,0,0,0,0
2026-08-13T03:48:27.593817,190,0,0,0,0,0
2026-08-13T03:48:27.594327,189,0,0,0,0,0
2026-08-13T03:48:27.596332,189,0,0,0,0,0
2026-08-13T03:48:27.596332,188,0,0,0,0,0
2026-08-13T03:48:27.597355,188,0,0,0,0,0
2026-08-13T03:48:27.600349,186,0,0,0,0,0
2026-08-13T03:48:27.600349,185,0,0,0,0,0
2026-08-13T03:48:27.601348,186,0,0,0,0,0
2026-08-13T03:48:27.602349,186,0,0,0,0,0
2026-08-13T03:48:27.603860,188,0,0,0,0,0
2026-08-13T03:48:27.604871,189,0,0,0,0,0
2026-08-13T03:48:27.604871,190,0,0,0,0,0
2026-08-13T03:48:27.607878,190,0,0,0,0,0
2026-08-13T03:48:27.609046,189,0,0,0,0,0
2026-08-13T03:48:27.609046,189,0,0,0,0,0
2026-08-13T03:48:27.610058,187,0,0,0,0,0
2026-08-13T03:48:27.612744,187,0,0,0,0,0
2026-08-13T03:48:27.612744,188,0,0,0,0,0
2026-08-13T03:48:27.612744,187,0,0,0,0,0
2026-08-13T03:48:27.616181,187,0,0,0,0,0
2026-08-13T03:48:27.617170,186,0,0,0,0,0
2026-08-13T03:48:27.618157,185,0,0,0,0,0
2026-08-13T03:48:27.618157,185,0,0,0,0,0
2026-08-13T03:48:27.620178,184,0,0,0,0,0
2026-08-13T03:48:27.621176,184,0,0,0,0,0
2026-08-13T03:48:27.622165,186,0,0,0,0,0
2026-08-13T03:48:27.624711,187,0,0,0,0,0
2026-08-13T03:48:27.625708,187,0,0,0,0,0
2026-08-13T03:48:27.626724,188,0,0,0,0,0
2026-08-13T03:48:27.628721,187,0,0,0,0,0
2026-08-13T03:48:27.629720,186,0,0,0,0,0
2026-08-13T03:48:27.630709,185,0,0,0,0,0
2026-08-13T03:48:27.630709,184,0,0,0,0,0
2026-08-13T03:48:27.633244,185,0,0,0,0,0
2026-08-13T03:48:27.633774,184,0,0,0,0,0
2026-08-13T03:48:27.633774,184,0,0,0,0,0
2026-08-13T03:48:27.636812,184,0,0,0,0,0
2026-08-13T03:48:27.637845,182,0,0,0,0,0
2026-08-13T03:48:27.638836,181,0,0,0,0,0
2026-08-13T03:48:27.638836,181,0,0,0,0,0
2026-08-13T03:48:27.640823,182,0,0,0,0,0
2026-08-13T03:48:27.641824,180,0,0,0,0,0
2026-08-13T03:48:27.642828,182,0,0,0,0,0
2026-08-13T03:48:27.645353,184,0,0,0,0,0
2026-08-13T03:48:27.645353,184,0,0,0,0,0
2026-08-13T03:48:27.646352,184,0,0,0,0,0
2026-08-13T03:48:27.646352,183,0,0,0,0,0
2026-08-13T03:48:27.649350,182,0,0,0,0,0
2026-08-13T03:48:27.649350,180,0,0,0,0,0
2026-08-13T03:48:27.650351,179,0,0,0,0,0
2026-08-13T03:48:27.652351,179,0,0,0,0,0
2026-08-13T03:48:27.653874,178,0,0,0,0,0
2026-08-13T03:48:27.653874,178,0,0,0,0,0
2026-08-13T03:48:27.654888,177,0,0,0,0,0
2026-08-13T03:48:27.657852,177,0,0,0,0,0
2026-08-13T03:48:27.657852,176,0,0,0,0,0
2026-08-13T03:48:27.657852,176,0,0,0,0,0
2026-08-13T03:48:27.661882,176,0,0,0,0,0
2026-08-13T03:48:27.661882,176,0,0,0,0,0
2026-08-13T03:48:27.662891,179,0,0,0,0,0
2026-08-13T03:48:27.665673,181,0,0,0,0,0
2026-08-13T03:48:27.665673,181,0,0,0,0,0
2026-08-13T03:48:27.666671,183,0,0,0,0,0
2026-08-13T03:48:27.666671,183,0,0,0,0,0
2026-08-13T03:48:27.669684,183,0,0,0,0,0
2026-08-13T03:48:27.670670,181,0,0,0,0,0
2026-08-13T03:48:27.670670,182,0,0,0,0,0
2026-08-13T03:48:27.673683,182,0,0,0,0,0
2026-08-13T03:48:27.674820,181,0,0,0,0,0
2026-08-13T03:48:27.674820,182,0,0,0,0,0
2026-08-13T03:48:27.675808,180,0,0,0,0,0
2026-08-13T03:48:27.677808,180,0,0,0,0,0
2026-08-13T03:48:27.678808,178,0,0,0,0,0
2026-08-13T03:48:27.678808,177,0,0,0,0,0
2026-08-13T03:48:27.681803,177,0,0,0,0,0
2026-08-13T03:48:27.682806,177,0,0,0,0,0
2026-08-13T03:48:27.682806,179,0,0,0,0,0
2026-08-13T03:48:27.682806,179,0,0,0,0,0
2026-08-13T03:48:27.686581,179,0,0,0,0,0
2026-08-13T03:48:27.686581,180,0,0,0,0,0
2026-08-13T03:48:27.686581,179,0,0,0,0,0
2026-08-13T03:48:27.690374,178,0,0,0,0,0
2026-08-13T03:48:27.690374,177,0,0,0,0,0
2026-08-13T03:48:27.691485,178,0,0,0,0,0
2026-08-13T03:48:27.694628,178,0,0,0,0,0
2026-08-13T03:48:27.694628,178,0,0,0,0,0
2026-08-13T03:48:27.695671,178,0,0,0,0,0
2026-08-13T03:48:27.695671,178,0,0,0,0,0
2026-08-13T03:48:27.698649,177,0,0,0,0,0
2026-08-13T03:48:27.699156,176,0,0,0,0,0
2026-08-13T03:48:27.699156,176,0,0,0,0,0
2026-08-13T03:48:27.702681,176,0,0,0,0,0
2026-08-13T03:48:27.702681,177,0,0,0,0,0
2026-08-13T03:48:27.703685,179,0,0,0,0,0
2026-08-13T03:48:27.704192,180,0,0,0,0,0
2026-08-13T03:48:27.706589,181,0,0,0,0,0
2026-08-13T03:48:27.707599,180,0,0,0,0,0
2026-08-13T03:48:27.708599,180,0,0,0,0,0
2026-08-13T03:48:27.710610,179,0,0,0,0,0
2026-08-13T03:48:27.711611,178,0,0,0,0,0
2026-08-13T03:48:27.711611,180,0,0,0,0,0
2026-08-13T03:48:27.712597,179,0,0,0,0,0
2026-08-13T03:48:27.714643,179,0,0,0,0,0
2026-08-13T03:48:27.715643,178,0,0,0,0,0
2026-08-13T03:48:27.715643,177,0,0,0,0,0
2026-08-13T03:48:27.719211,176,0,0,0,0,0
2026-08-13T03:48:27.719211,175,0,0,0,0,0
2026-08-13T03:48:27.719211,175,0,0,0,0,0
2026-08-13T03:48:27.719211,175,0,0,0,0,0
2026-08-13T03:48:27.722970,177,0,0,0,0,0
2026-08-13T03:48:27.724022,179,0,0,0,0,0
2026-08-13T03:48:27.724022,180,0,0,0,0,0
2026-08-13T03:48:27.726882,180,0,0,0,0,0
2026-08-13T03:48:27.728892,180,0,0,0,0,0
2026-08-13T03:48:27.728892,179,0,0,0,0,0
2026-08-13T03:48:27.730908,178,0,0,0,0,0
2026-08-13T03:48:27.731892,178,0,0,0,0,0
2026-08-13T03:48:27.731892,178,0,0,0,0,0
2026-08-13T03:48:27.732891,177,0,0,0,0,0
2026-08-13T03:48:27.735445,177,0,0,0,0,0
2026-08-13T03:48:27.735445,176,0,0,0,0,0
2026-08-13T03:48:27.736429,175,0,0,0,0,0
2026-08-13T03:48:27.739743,174,0,0,0,0,0
2026-08-13T03:48:27.739743,173,0,0,0,0,0
2026-08-13T03:48:27.739743,174,0,0,0,0,0
2026-08-13T03:48:27.741031,174,0,0,0,0,0
2026-08-13T03:48:27.743565,175,0,0,0,0,0
2026-08-13T03:48:27.743565,178,0,0,0,0,0
2026-08-13T03:48:27.744624,178,0,0,0,0,0
2026-08-13T03:48:27.747918,178,0,0,0,0,0
2026-08-13T03:48:27.747918,178,0,0,0,0,0
2026-08-13T03:48:27.748874,177,0,0,0,0,0
2026-08-13T03:48:27.749402,176,0,0,0,0,0
2026-08-13T03:48:27.752018,175,0,0,0,0,0
2026-08-13T03:48:27.752018,175,0,0,0,0,0
2026-08-13T03:48:27.753048,175,0,0,0,0,0
2026-08-13T03:48:27.755977,175,0,0,0,0,0
2026-08-13T03:48:27.755977,174,0,0,0,0,0
2026-08-13T03:48:27.756848,174,0,0,0,0,0
2026-08-13T03:48:27.759843,173,0,0,0,0,0
2026-08-13T03:48:27.760842,172,0,0,0,0,0
2026-08-13T03:48:27.760842,172,0,0,0,0,0
2026-08-13T03:48:27.761842,172,0,0,0,0,0
2026-08-13T03:48:27.763841,174,0,0,0,0,0
2026-08-13T03:48:27.764465,176,0,0,0,0,0
2026-08-13T03:48:27.764465,176,0,0,0,0,0
2026-08-13T03:48:27.767469,176,0,0,0,0,0
2026-08-13T03:48:27.768595,176,0,0,0,0,0
2026-08-13T03:48:27.769508,174,0,0,0,0,0
2026-08-13T03:48:27.769508,173,0,0,0,0,0
2026-08-13T03:48:27.771581,174,0,0,0,0,0
2026-08-13T03:48:27.772580,174,0,0,0,0,0
2026-08-13T03:48:27.773468,174,0,0,0,0,0
2026-08-13T03:48:27.776018,173,0,0,0,0,0
2026-08-13T03:48:27.776985,173,0,0,0,0,0
2026-08-13T03:48:27.776985,173,0,0,0,0,0
2026-08-13T03:48:27.777988,172,0,0,0,0,0
2026-08-13T03:48:27.780742,172,0,0,0,0,0
2026-08-13T03:48:27.780742,172,0,0,0,0,0
2026-08-13T03:48:27.781759,172,0,0,0,0,0
2026-08-13T03:48:27.784616,176,0,0,0,0,0
2026-08-13T03:48:27.784616,176,0,0,0,0,0
2026-08-13T03:48:27.784616,176,0,0,0,0,0
2026-08-13T03:48:27.785971,176,0,0,0,0,0
2026-08-13T03:48:27.788867,176,0,0,0,0,0
2026-08-13T03:48:27.788867,175,0,0,0,0,0
2026-08-13T03:48:27.789883,174,0,0,0,0,0
2026-08-13T03:48:27.792993,175,0,0,0,0,0
2026-08-13T03:48:27.792993,175,0,0,0,0,0
2026-08-13T03:48:27.794020,174,0,0,0,0,0
2026-08-13T03:48:27.796223,175,0,0,0,0,0
2026-08-13T03:48:27.797262,174,0,0,0,0,0
2026-08-13T03:48:27.798239,173,0,0,0,0,0
2026-08-13T03:48:27.798239,172,0,0,0,0,0
2026-08-13T03:48:27.801265,171,0,0,0,0,0
2026-08-13T03:48:27.801265,171,0,0,0,0,0
2026-08-13T03:48:27.802239,173,0,0,0,0,0
2026-08-13T03:48:27.804754,175,0,0,0,0,0
2026-08-13T03:48:27.805761,175,0,0,0,0,0
2026-08-13T03:48:27.806762,176,0,0,0,0,0
2026-08-13T03:48:27.806762,176,0,0,0,0,0
2026-08-13T03:48:27.808760,177,0,0,0,0,0
2026-08-13T03:48:27.809769,175,0,0,0,0,0
2026-08-13T03:48:27.809769,175,0,0,0,0,0
2026-08-13T03:48:27.812992,176,0,0,0,0,0
2026-08-13T03:48:27.814002,175,0,0,0,0,0
2026-08-13T03:48:27.814518,175,0,0,0,0,0
2026-08-13T03:48:27.814518,175,0,0,0,0,0
2026-08-13T03:48:27.817520,174,0,0,0,0,0
2026-08-13T03:48:27.817520,173,0,0,0,0,0
2026-08-13T03:48:27.818522,173,0,0,0,0,0
2026-08-13T03:48:27.821637,174,0,0,0,0,0
2026-08-13T03:48:27.821637,174,0,0,0,0,0
2026-08-13T03:48:27.822653,177,0,0,0,0,0
2026-08-13T03:48:27.825170,179,0,0,0,0,0
2026-08-13T03:48:27.826272,180,0,0,0,0,0
2026-08-13T03:48:27.826272,181,0,0,0,0,0
2026-08-13T03:48:27.827171,181,0,0,0,0,0
2026-08-13T03:48:27.829169,180,0,0,0,0,0
2026-08-13T03:48:27.830167,179,0,0,0,0,0
2026-08-13T03:48:27.831170,180,0,0,0,0,0
2026-08-13T03:48:27.833944,181,0,0,0,0,0
2026-08-13T03:48:27.833944,180,0,0,0,0,0
2026-08-13T03:48:27.835062,181,0,0,0,0,0
2026-08-13T03:48:27.835062,181,0,0,0,0,0
2026-08-13T03:48:27.838019,179,0,0,0,0,0
2026-08-13T03:48:27.838019,179,0,0,0,0,0
2026-08-13T03:48:27.839056,180,0,0,0,0,0
2026-08-13T03:48:27.842053,180,0,0,0,0,0
2026-08-13T03:48:27.842053,179,0,0,0,0,0
2026-08-13T03:48:27.843040,181,0,0,0,0,0
2026-08-13T03:48:27.844040,183,0,0,0,0,0
2026-08-13T03:48:27.845558,184,0,0,0,0,0
2026-08-13T03:48:27.846567,184,0,0,0,0,0
2026-08-13T03:48:27.847169,183,0,0,0,0,0
2026-08-13T03:48:27.850190,182,0,0,0,0,0
2026-08-13T03:48:27.850190,181,0,0,0,0,0
2026-08-13T03:48:27.851179,182,0,0,0,0,0
2026-08-13T03:48:27.851179,182,0,0,0,0,0
2026-08-13T03:48:27.854048,181,0,0,0,0,0
2026-08-13T03:48:27.855069,181,0,0,0,0,0
2026-08-13T03:48:27.855069,181,0,0,0,0,0
2026-08-13T03:48:27.858081,181,0,0,0,0,0
2026-08-13T03:48:27.859077,180,0,0,0,0,0
2026-08-13T03:48:27.859077,179,0,0,0,0,0
2026-08-13T03:48:27.862605,180,0,0,0,0,0
2026-08-13T03:48:27.862605,180,0,0,0,0,0
2026-08-13T03:48:27.863614,182,0,0,0,0,0
2026-08-13T03:48:27.863614,185,0,0,0,0,0
2026-08-13T03:48:27.866646,184,0,0,0,0,0
2026-08-13T03:48:27.866646,184,0,0,0,0,0
2026-08-13T03:48:27.867651,185,0,0,0,0,0
2026-08-13T03:48:27.870793,183,0,0,0,0,0
2026-08-13T03:48:27.870793,182,0,0,0,0,0
2026-08-13T03:48:27.871825,183,0,0,0,0,0
2026-08-13T03:48:27.872812,183,0,0,0,0,0
2026-08-13T03:48:27.874323,183,0,0,0,0,0
2026-08-13T03:48:27.875352,183,0,0,0,0,0
2026-08-13T03:48:27.876348,183,0,0,0,0,0
2026-08-13T03:48:27.878992,182,0,0,0,0,0
2026-08-13T03:48:27.878992,181,0,0,0,0,0
2026-08-13T03:48:27.880012,182,0,0,0,0,0
2026-08-13T03:48:27.881011,181,0,0,0,0,0
2026-08-13T03:48:27.883025,182,0,0,0,0,0
2026-08-13T03:48:27.883025,185,0,0,0,0,0
2026-08-13T03:48:27.884563,186,0,0,0,0,0
2026-08-13T03:48:27.887083,187,0,0,0,0,0
2026-08-13T03:48:27.887083,186,0,0,0,0,0
2026-08-13T03:48:27.888122,186,0,0,0,0,0
2026-08-13T03:48:27.890354,185,0,0,0,0,0
2026-08-13T03:48:27.891377,183,0,0,0,0,0
2026-08-13T03:48:27.892377,185,0,0,0,0,0
2026-08-13T03:48:27.892377,185,0,0,0,0,0
2026-08-13T03:48:27.894903,185,0,0,0,0,0
2026-08-13T03:48:27.895902,185,0,0,0,0,0
2026-08-13T03:48:27.895902,184,0,0,0,0,0
2026-08-13T03:48:27.898914,183,0,0,0,0,0
2026-08-13T03:48:27.899910,182,0,0,0,0,0
2026-08-13T03:48:27.899910,183,0,0,0,0,0
2026-08-13T03:48:27.900912,182,0,0,0,0,0
2026-08-13T03:48:27.902912,183,0,0,0,0,0
2026-08-13T03:48:27.903910,186,0,0,0,0,0
2026-08-13T03:48:27.904417,186,0,0,0,0,0
2026-08-13T03:48:27.907435,188,0,0,0,0,0
2026-08-13T03:48:27.908508,187,0,0,0,0,0
2026-08-13T03:48:27.908508,187,0,0,0,0,0
2026-08-13T03:48:27.909438,186,0,0,0,0,0
2026-08-13T03:48:27.911860,185,0,0,0,0,0
2026-08-13T03:48:27.911860,186,0,0,0,0,0
2026-08-13T03:48:27.917426,185,0,0,0,0,0
2026-08-13T03:48:27.917426,185,0,0,0,0,0
2026-08-13T03:48:27.918425,185,0,0,0,0,0
2026-08-13T03:48:27.919438,184,0,0,0,0,0
2026-08-13T03:48:27.919438,183,0,0,0,0,0
2026-08-13T03:48:27.920424,182,0,0,0,0,0
2026-08-13T03:48:27.920424,183,0,0,0,0,0
2026-08-13T03:48:27.921444,182,0,0,0,0,0
2026-08-13T03:48:27.923700,184,0,0,0,0,0
2026-08-13T03:48:27.924435,187,0,0,0,0,0
2026-08-13T03:48:27.925450,187,0,0,0,0,0
2026-08-13T03:48:27.927465,187,0,0,0,0,0
2026-08-13T03:48:27.928461,187,0,0,0,0,0
2026-08-13T03:48:27.929467,187,0,0,0,0,0
2026-08-13T03:48:27.929467,185,0,0,0,0,0
2026-08-13T03:48:27.931483,186,0,0,0,0,0
2026-08-13T03:48:27.932473,185,0,0,0,0,0
2026-08-13T03:48:27.932473,185,0,0,0,0,0
2026-08-13T03:48:27.935993,184,0,0,0,0,0
2026-08-13T03:48:27.936993,184,0,0,0,0,0
2026-08-13T03:48:27.936993,183,0,0,0,0,0
2026-08-13T03:48:27.937994,183,0,0,0,0,0
2026-08-13T03:48:27.939993,183,0,0,0,0,0
2026-08-13T03:48:27.940994,183,0,0,0,0,0
2026-08-13T03:48:27.942995,183,0,0,0,0,0
2026-08-13T03:48:27.944506,186,0,0,0,0,0
2026-08-13T03:48:27.945520,188,0,0,0,0,0
2026-08-13T03:48:27.945520,187,0,0,0,0,0
2026-08-13T03:48:27.946534,188,0,0,0,0,0
2026-08-13T03:48:27.948620,187,0,0,0,0,0
2026-08-13T03:48:27.948620,187,0,0,0,0,0
2026-08-13T03:48:27.949657,185,0,0,0,0,0
2026-08-13T03:48:27.952742,186,0,0,0,0,0
2026-08-13T03:48:27.952742,185,0,0,0,0,0
2026-08-13T03:48:27.953751,185,0,0,0,0,0
2026-08-13T03:48:27.953751,185,0,0,0,0,0
2026-08-13T03:48:27.956039,183,0,0,0,0,0
2026-08-13T03:48:27.957096,184,0,0,0,0,0
2026-08-13T03:48:27.958099,183,0,0,0,0,0
2026-08-13T03:48:27.960188,183,0,0,0,0,0
2026-08-13T03:48:27.961224,184,0,0,0,0,0
2026-08-13T03:48:27.962224,184,0,0,0,0,0
2026-08-13T03:48:27.964811,185,0,0,0,0,0
2026-08-13T03:48:27.964811,187,0,0,0,0,0
2026-08-13T03:48:27.965820,188,0,0,0,0,0
2026-08-13T03:48:27.966811,187,0,0,0,0,0
2026-08-13T03:48:27.969093,187,0,0,0,0,0
2026-08-13T03:48:27.969093,186,0,0,0,0,0
2026-08-13T03:48:27.970107,185,0,0,0,0,0
2026-08-13T03:48:27.972555,186,0,0,0,0,0
2026-08-13T03:48:27.972555,186,0,0,0,0,0
2026-08-13T03:48:27.975084,185,0,0,0,0,0
2026-08-13T03:48:27.975084,186,0,0,0,0,0
2026-08-13T03:48:27.977099,184,0,0,0,0,0
2026-08-13T03:48:27.978100,184,0,0,0,0,0
2026-08-13T03:48:27.978100,183,0,0,0,0,0
2026-08-13T03:48:27.981097,183,0,0,0,0,0
2026-08-13T03:48:27.982096,183,0,0,0,0,0
2026-08-13T03:48:27.982096,183,0,0,0,0,0
2026-08-13T03:48:27.982096,185,0,0,0,0,0
2026-08-13T03:48:27.985617,187,0,0,0,0,0
2026-08-13T03:48:27.985617,187,0,0,0,0,0
2026-08-13T03:48:27.985617,187,0,0,0,0,0
2026-08-13T03:48:27.988405,187,0,0,0,0,0
2026-08-13T03:48:27.989692,186,0,0,0,0,0
2026-08-13T03:48:27.990691,186,0,0,0,0,0
2026-08-13T03:48:27.993692,186,0,0,0,0,0
2026-08-13T03:48:27.993692,185,0,0,0,0,0
2026-08-13T03:48:27.993692,185,0,0,0,0,0
2026-08-13T03:48:27.993692,185,0,0,0,0,0
2026-08-13T03:48:27.997124,184,0,0,0,0,0
2026-08-13T03:48:27.998123,183,0,0,0,0,0
2026-08-13T03:48:27.998671,182,0,0,0,0,0
2026-08-13T03:48:28.001698,183,0,0,0,0,0
2026-08-13T03:48:28.001698,182,0,0,0,0,0
2026-08-13T03:48:28.002678,184,0,0,0,0,0
2026-08-13T03:48:28.002678,185,0,0,0,0,0
2026-08-13T03:48:28.005941,186,0,0,0,0,0
2026-08-13T03:48:28.005941,186,0,0,0,0,0
2026-08-13T03:48:28.006918,186,0,0,0,0,0
2026-08-13T03:48:28.009930,186,0,0,0,0,0
2026-08-13T03:48:28.009930,185,0,0,0,0,0
2026-08-13T03:48:28.010922,184,0,0,0,0,0
2026-08-13T03:48:28.010922,185,0,0,0,0,0
2026-08-13T03:48:28.013931,184,0,0,0,0,0
2026-08-13T03:48:28.013931,184,0,0,0,0,0
2026-08-13T03:48:28.015201,183,0,0,0,0,0
2026-08-13T03:48:28.018193,183,0,0,0,0,0
2026-08-13T03:48:28.018193,182,0,0,0,0,0
2026-08-13T03:48:28.019192,181,0,0,0,0,0
2026-08-13T03:48:28.019192,182,0,0,0,0,0
2026-08-13T03:48:28.022395,181,0,0,0,0,0
2026-08-13T03:48:28.022395,183,0,0,0,0,0
2026-08-13T03:48:28.022395,185,0,0,0,0,0
2026-08-13T03:48:28.026431,186,0,0,0,0,0
2026-08-13T03:48:28.026431,186,0,0,0,0,0
2026-08-13T03:48:28.026431,185,0,0,0,0,0
2026-08-13T03:48:28.030544,185,0,0,0,0,0
2026-08-13T03:48:28.030544,184,0,0,0,0,0
2026-08-13T03:48:28.030544,184,0,0,0,0,0
2026-08-13T03:48:28.031559,184,0,0,0,0,0
2026-08-13T03:48:28.034695,183,0,0,0,0,0
2026-08-13T03:48:28.034695,183,0,0,0,0,0
2026-08-13T03:48:28.035693,183,0,0,0,0,0
2026-08-13T03:48:28.038693,183,0,0,0,0,0
2026-08-13T03:48:28.038693,181,0,0,0,0,0
2026-08-13T03:48:28.039693,180,0,0,0,0,0
2026-08-13T03:48:28.040694,181,0,0,0,0,0
2026-08-13T03:48:28.042709,181,0,0,0,0,0
2026-08-13T03:48:28.042709,184,0,0,0,0,0
2026-08-13T03:48:28.043694,185,0,0,0,0,0
2026-08-13T03:48:28.046171,186,0,0,0,0,0
2026-08-13T03:48:28.047156,186,0,0,0,0,0
2026-08-13T03:48:28.048157,185,0,0,0,0,0
2026-08-13T03:48:28.048157,184,0,0,0,0,0
2026-08-13T03:48:28.051018,184,0,0,0,0,0
2026-08-13T03:48:28.051018,184,0,0,0,0,0
2026-08-13T03:48:28.052109,183,0,0,0,0,0
2026-08-13T03:48:28.055103,183,0,0,0,0,0
2026-08-13T03:48:28.055103,183,0,0,0,0,0
2026-08-13T03:48:28.056115,184,0,0,0,0,0
2026-08-13T03:48:28.059127,182,0,0,0,0,0
2026-08-13T03:48:28.059127,181,0,0,0,0,0
2026-08-13T03:48:28.060117,181,0,0,0,0,0
2026-08-13T03:48:28.060117,181,0,0,0,0,0
2026-08-13T03:48:28.062120,182,0,0,0,0,0
2026-08-13T03:48:28.063645,184,0,0,0,0,0
2026-08-13T03:48:28.063645,185,0,0,0,0,0
2026-08-13T03:48:28.066678,185,0,0,0,0,0
2026-08-13T03:48:28.067679,186,0,0,0,0,0
2026-08-13T03:48:28.067679,185,0,0,0,0,0
2026-08-13T03:48:28.068788,184,0,0,0,0,0
2026-08-13T03:48:28.070972,183,0,0,0,0,0
2026-08-13T03:48:28.071964,184,0,0,0,0,0
2026-08-13T03:48:28.071964,183,0,0,0,0,0
2026-08-13T03:48:28.075494,183,0,0,0,0,0
2026-08-13T03:48:28.075494,183,0,0,0,0,0
2026-08-13T03:48:28.076469,182,0,0,0,0,0
2026-08-13T03:48:28.076469,181,0,0,0,0,0
2026-08-13T03:48:28.079743,180,0,0,0,0,0
2026-08-13T03:48:28.079743,181,0,0,0,0,0
2026-08-13T03:48:28.080758,180,0,0,0,0,0
2026-08-13T03:48:28.083478,182,0,0,0,0,0
2026-08-13T03:48:28.083988,184,0,0,0,0,0
2026-08-13T03:48:28.085001,184,0,0,0,0,0
2026-08-13T03:48:28.085001,185,0,0,0,0,0
2026-08-13T03:48:28.087895,184,0,0,0,0,0
2026-08-13T03:48:28.087895,183,0,0,0,0,0
2026-08-13T03:48:28.089034,183,0,0,0,0,0
2026-08-13T03:48:28.091901,182,0,0,0,0,0
2026-08-13T03:48:28.091901,183,0,0,0,0,0
2026-08-13T03:48:28.092885,183,0,0,0,0,0
2026-08-13T03:48:28.095427,182,0,0,0,0,0
2026-08-13T03:48:28.096406,182,0,0,0,0,0
2026-08-13T03:48:28.096406,182,0,0,0,0,0
2026-08-13T03:48:28.097406,181,0,0,0,0,0
2026-08-13T03:48:28.099426,180,0,0,0,0,0
2026-08-13T03:48:28.100406,180,0,0,0,0,0
2026-08-13T03:48:28.100406,180,0,0,0,0,0
2026-08-13T03:48:28.103949,182,0,0,0,0,0
2026-08-13T03:48:28.103949,184,0,0,0,0,0
2026-08-13T03:48:28.104967,183,0,0,0,0,0
2026-08-13T03:48:28.104967,184,0,0,0,0,0
2026-08-13T03:48:28.108038,184,0,0,0,0,0
2026-08-13T03:48:28.108546,184,0,0,0,0,0
2026-08-13T03:48:28.108546,182,0,0,0,0,0
2026-08-13T03:48:28.111973,182,0,0,0,0,0
2026-08-13T03:48:28.112973,182,0,0,0,0,0
2026-08-13T03:48:28.112973,182,0,0,0,0,0
2026-08-13T03:48:28.113975,182,0,0,0,0,0
2026-08-13T03:48:28.116086,181,0,0,0,0,0
2026-08-13T03:48:28.117094,180,0,0,0,0,0
2026-08-13T03:48:28.117094,179,0,0,0,0,0
2026-08-13T03:48:28.120094,179,0,0,0,0,0
2026-08-13T03:48:28.121096,179,0,0,0,0,0
2026-08-13T03:48:28.121096,178,0,0,0,0,0
2026-08-13T03:48:28.124609,180,0,0,0,0,0
2026-08-13T03:48:28.124609,182,0,0,0,0,0
2026-08-13T03:48:28.125619,182,0,0,0,0,0
2026-08-13T03:48:28.126618,184,0,0,0,0,0
2026-08-13T03:48:28.128632,184,0,0,0,0,0
2026-08-13T03:48:28.128632,184,0,0,0,0,0
2026-08-13T03:48:28.130133,185,0,0,0,0,0
2026-08-13T03:48:28.132163,186,0,0,0,0,0
2026-08-13T03:48:28.133689,186,0,0,0,0,0
2026-08-13T03:48:28.133689,186,0,0,0,0,0
2026-08-13T03:48:28.134709,188,0,0,0,0,0
2026-08-13T03:48:28.137044,188,0,0,0,0,0
2026-08-13T03:48:28.137044,189,0,0,0,0,0
2026-08-13T03:48:28.138063,189,0,0,0,0,0
2026-08-13T03:48:28.141065,189,0,0,0,0,0
2026-08-13T03:48:28.142061,190,0,0,0,0,0
2026-08-13T03:48:28.142061,190,0,0,0,0,0
2026-08-13T03:48:28.143573,194,0,0,0,0,0
2026-08-13T03:48:28.144590,196,0,0,0,0,0
2026-08-13T03:48:28.145586,198,0,0,0,0,0
2026-08-13T03:48:28.145586,199,0,0,0,0,0
2026-08-13T03:48:28.148601,200,0,0,0,0,0
2026-08-13T03:48:28.149596,200,0,0,0,0,0
2026-08-13T03:48:28.150595,200,0,0,0,0,0
2026-08-13T03:48:28.150595,202,0,0,0,0,0
2026-08-13T03:48:28.153593,203,0,0,0,0,0
2026-08-13T03:48:28.154131,204,0,0,0,0,0
2026-08-13T03:48:28.154131,205,0,0,0,0,0
2026-08-13T03:48:28.157126,205,0,0,0,0,0
2026-08-13T03:48:28.158129,205,0,0,0,0,0
2026-08-13T03:48:28.158129,203,0,0,0,0,0
2026-08-13T03:48:28.161616,206,0,0,0,0,0
2026-08-13T03:48:28.161616,205,0,0,0,0,0
2026-08-13T03:48:28.162634,206,0,0,0,0,0
2026-08-13T03:48:28.162634,208,0,0,0,0,0
2026-08-13T03:48:28.165733,208,0,0,0,0,0
2026-08-13T03:48:28.165733,209,0,0,0,0,0
2026-08-13T03:48:28.166740,208,0,0,0,0,0
2026-08-13T03:48:28.169002,207,0,0,0,0,0
2026-08-13T03:48:28.169991,206,0,0,0,0,0
2026-08-13T03:48:28.170976,204,0,0,0,0,0
2026-08-13T03:48:28.170976,205,0,0,0,0,0
2026-08-13T03:48:28.173975,204,0,0,0,0,0
2026-08-13T03:48:28.174486,204,0,0,0,0,0
2026-08-13T03:48:28.175499,203,0,0,0,0,0
2026-08-13T03:48:28.177510,202,0,0,0,0,0
2026-08-13T03:48:28.178513,202,0,0,0,0,0
2026-08-13T03:48:28.179516,201,0,0,0,0,0
2026-08-13T03:48:28.179516,202,0,0,0,0,0
2026-08-13T03:48:28.181927,202,0,0,0,0,0
2026-08-13T03:48:28.182435,204,0,0,0,0,0
2026-08-13T03:48:28.182435,206,0,0,0,0,0
2026-08-13T03:48:28.184950,207,0,0,0,0,0
2026-08-13T03:48:28.186404,208,0,0,0,0,0
2026-08-13T03:48:28.186909,207,0,0,0,0,0
2026-08-13T03:48:28.186909,207,0,0,0,0,0
2026-08-13T03:48:28.189923,207,0,0,0,0,0
2026-08-13T03:48:28.189923,208,0,0,0,0,0
2026-08-13T03:48:28.190925,208,0,0,0,0,0
2026-08-13T03:48:28.194489,207,0,0,0,0,0
2026-08-13T03:48:28.194489,207,0,0,0,0,0
2026-08-13T03:48:28.195486,207,0,0,0,0,0
2026-08-13T03:48:28.198497,207,0,0,0,0,0
2026-08-13T03:48:28.198497,206,0,0,0,0,0
2026-08-13T03:48:28.199483,205,0,0,0,0,0
2026-08-13T03:48:28.199483,206,0,0,0,0,0
2026-08-13T03:48:28.202496,205,0,0,0,0,0
2026-08-13T03:48:28.202496,207,0,0,0,0,0
2026-08-13T03:48:28.202496,209,0,0,0,0,0
2026-08-13T03:48:28.206546,209,0,0,0,0,0
2026-08-13T03:48:28.207405,209,0,0,0,0,0
2026-08-13T03:48:28.207405,209,0,0,0,0,0
2026-08-13T03:48:28.208413,208,0,0,0,0,0
2026-08-13T03:48:28.210629,207,0,0,0,0,0
2026-08-13T03:48:28.210629,207,0,0,0,0,0
2026-08-13T03:48:28.211208,207,0,0,0,0,0
2026-08-13T03:48:28.214689,205,0,0,0,0,0
2026-08-13T03:48:28.215229,206,0,0,0,0,0
2026-08-13T03:48:28.215754,206,0,0,0,0,0
2026-08-13T03:48:28.215754,205,0,0,0,0,0
2026-08-13T03:48:28.218205,204,0,0,0,0,0
2026-08-13T03:48:28.218205,203,0,0,0,0,0
2026-08-13T03:48:28.220806,204,0,0,0,0,0
2026-08-13T03:48:28.222805,204,0,0,0,0,0
2026-08-13T03:48:28.223804,206,0,0,0,0,0
2026-08-13T03:48:28.224309,208,0,0,0,0,0
2026-08-13T03:48:28.226315,208,0,0,0,0,0
2026-08-13T03:48:28.227316,207,0,0,0,0,0
2026-08-13T03:48:28.227316,207,0,0,0,0,0
2026-08-13T03:48:28.227316,206,0,0,0,0,0
2026-08-13T03:48:28.231316,205,0,0,0,0,0
2026-08-13T03:48:28.231316,205,0,0,0,0,0
2026-08-13T03:48:28.231316,205,0,0,0,0,0
2026-08-13T03:48:28.234828,204,0,0,0,0,0
2026-08-13T03:48:28.234828,205,0,0,0,0,0
2026-08-13T03:48:28.235827,203,0,0,0,0,0
2026-08-13T03:48:28.235827,202,0,0,0,0,0
2026-08-13T03:48:28.239168,201,0,0,0,0,0
2026-08-13T03:48:28.239168,201,0,0,0,0,0
2026-08-13T03:48:28.240178,200,0,0,0,0,0
2026-08-13T03:48:28.243612,200,0,0,0,0,0
2026-08-13T03:48:28.243612,202,0,0,0,0,0
2026-08-13T03:48:28.243612,204,0,0,0,0,0
2026-08-13T03:48:28.244624,203,0,0,0,0,0
2026-08-13T03:48:28.247637,203,0,0,0,0,0
2026-08-13T03:48:28.247637,204,0,0,0,0,0
2026-08-13T03:48:28.247637,203,0,0,0,0,0
2026-08-13T03:48:28.251622,202,0,0,0,0,0
2026-08-13T03:48:28.251622,203,0,0,0,0,0
2026-08-13T03:48:28.252622,203,0,0,0,0,0
2026-08-13T03:48:28.252622,204,0,0,0,0,0
2026-08-13T03:48:28.255272,205,0,0,0,0,0
2026-08-13T03:48:28.256279,206,0,0,0,0,0
2026-08-13T03:48:28.256279,206,0,0,0,0,0
2026-08-13T03:48:28.259402,206,0,0,0,0,0
2026-08-13T03:48:28.260283,208,0,0,0,0,0
2026-08-13T03:48:28.260283,208,0,0,0,0,0
2026-08-13T03:48:28.263662,209,0,0,0,0,0
2026-08-13T03:48:28.263662,212,0,0,0,0,0
2026-08-13T03:48:28.264677,212,0,0,0,0,0
2026-08-13T03:48:28.264677,212,0,0,0,0,0
2026-08-13T03:48:28.267841,211,0,0,0,0,0
2026-08-13T03:48:28.267841,212,0,0,0,0,0
2026-08-13T03:48:28.268845,210,0,0,0,0,0
2026-08-13T03:48:28.271665,209,0,0,0,0,0
2026-08-13T03:48:28.272584,210,0,0,0,0,0
2026-08-13T03:48:28.272584,209,0,0,0,0,0
2026-08-13T03:48:28.272584,208,0,0,0,0,0
2026-08-13T03:48:28.275760,208,0,0,0,0,0
2026-08-13T03:48:28.276788,206,0,0,0,0,0
2026-08-13T03:48:28.276788,206,0,0,0,0,0
2026-08-13T03:48:28.279756,205,0,0,0,0,0
2026-08-13T03:48:28.280742,204,0,0,0,0,0
2026-08-13T03:48:28.280742,204,0,0,0,0,0
2026-08-13T03:48:28.280742,206,0,0,0,0,0
2026-08-13T03:48:28.283756,207,0,0,0,0,0
2026-08-13T03:48:28.285078,208,0,0,0,0,0
2026-08-13T03:48:28.285078,208,0,0,0,0,0
2026-08-13T03:48:28.288636,207,0,0,0,0,0
2026-08-13T03:48:28.288636,207,0,0,0,0,0
2026-08-13T03:48:28.289618,207,0,0,0,0,0
2026-08-13T03:48:28.292633,206,0,0,0,0,0
2026-08-13T03:48:28.292633,207,0,0,0,0,0
2026-08-13T03:48:28.292633,206,0,0,0,0,0
2026-08-13T03:48:28.294143,206,0,0,0,0,0
2026-08-13T03:48:28.296167,205,0,0,0,0,0
2026-08-13T03:48:28.297152,205,0,0,0,0,0
2026-08-13T03:48:28.298152,204,0,0,0,0,0
2026-08-13T03:48:28.300157,204,0,0,0,0,0
2026-08-13T03:48:28.301154,206,0,0,0,0,0
2026-08-13T03:48:28.302166,205,0,0,0,0,0
2026-08-13T03:48:28.302166,208,0,0,0,0,0
2026-08-13T03:48:28.304715,210,0,0,0,0,0
2026-08-13T03:48:28.304715,211,0,0,0,0,0
2026-08-13T03:48:28.305709,212,0,0,0,0,0
2026-08-13T03:48:28.309049,211,0,0,0,0,0
2026-08-13T03:48:28.309049,212,0,0,0,0,0
2026-08-13T03:48:28.309049,211,0,0,0,0,0
2026-08-13T03:48:28.310051,211,0,0,0,0,0
2026-08-13T03:48:28.312065,211,0,0,0,0,0
2026-08-13T03:48:28.313571,211,0,0,0,0,0
2026-08-13T03:48:28.313571,210,0,0,0,0,0
2026-08-13T03:48:28.316591,210,0,0,0,0,0
2026-08-13T03:48:28.317576,209,0,0,0,0,0
2026-08-13T03:48:28.317576,207,0,0,0,0,0
2026-08-13T03:48:28.317576,207,0,0,0,0,0
2026-08-13T03:48:28.321332,207,0,0,0,0,0
2026-08-13T03:48:28.321332,208,0,0,0,0,0
2026-08-13T03:48:28.321332,210,0,0,0,0,0
2026-08-13T03:48:28.324845,211,0,0,0,0,0
2026-08-13T03:48:28.324845,211,0,0,0,0,0
2026-08-13T03:48:28.325844,212,0,0,0,0,0
2026-08-13T03:48:28.328866,212,0,0,0,0,0
2026-08-13T03:48:28.329850,211,0,0,0,0,0
2026-08-13T03:48:28.329850,210,0,0,0,0,0
2026-08-13T03:48:28.330854,211,0,0,0,0,0
2026-08-13T03:48:28.332855,211,0,0,0,0,0
2026-08-13T03:48:28.334394,210,0,0,0,0,0
2026-08-13T03:48:28.335395,210,0,0,0,0,0
2026-08-13T03:48:28.337739,210,0,0,0,0,0
2026-08-13T03:48:28.337739,209,0,0,0,0,0
2026-08-13T03:48:28.338755,208,0,0,0,0,0
2026-08-13T03:48:28.338755,209,0,0,0,0,0
2026-08-13T03:48:28.341775,209,0,0,0,0,0
2026-08-13T03:48:28.342757,209,0,0,0,0,0
2026-08-13T03:48:28.342757,212,0,0,0,0,0
2026-08-13T03:48:28.345276,212,0,0,0,0,0
2026-08-13T03:48:28.346288,213,0,0,0,0,0
2026-08-13T03:48:28.347321,213,0,0,0,0,0
2026-08-13T03:48:28.347321,212,0,0,0,0,0
2026-08-13T03:48:28.349287,212,0,0,0,0,0
2026-08-13T03:48:28.350284,211,0,0,0,0,0
2026-08-13T03:48:28.350284,212,0,0,0,0,0
2026-08-13T03:48:28.353797,211,0,0,0,0,0
2026-08-13T03:48:28.353797,210,0,0,0,0,0
2026-08-13T03:48:28.354806,211,0,0,0,0,0
2026-08-13T03:48:28.357816,210,0,0,0,0,0
2026-08-13T03:48:28.358819,209,0,0,0,0,0
2026-08-13T03:48:28.359816,208,0,0,0,0,0
2026-08-13T03:48:28.359816,208,0,0,0,0,0
2026-08-13T03:48:28.362419,208,0,0,0,0,0
2026-08-13T03:48:28.362419,210,0,0,0,0,0
2026-08-13T03:48:28.362419,212,0,0,0,0,0
2026-08-13T03:48:28.366417,213,0,0,0,0,0
2026-08-13T03:48:28.366417,213,0,0,0,0,0
2026-08-13T03:48:28.367433,213,0,0,0,0,0
2026-08-13T03:48:28.367433,213,0,0,0,0,0
2026-08-13T03:48:28.370098,212,0,0,0,0,0
2026-08-13T03:48:28.371098,212,0,0,0,0,0
2026-08-13T03:48:28.371098,213,0,0,0,0,0
2026-08-13T03:48:28.374613,212,0,0,0,0,0
2026-08-13T03:48:28.374613,212,0,0,0,0,0
2026-08-13T03:48:28.375615,211,0,0,0,0,0
2026-08-13T03:48:28.376615,211,0,0,0,0,0
2026-08-13T03:48:28.378629,211,0,0,0,0,0
2026-08-13T03:48:28.378629,211,0,0,0,0,0
2026-08-13T03:48:28.379614,211,0,0,0,0,0
2026-08-13T03:48:28.382852,211,0,0,0,0,0
2026-08-13T03:48:28.382852,213,0,0,0,0,0
2026-08-13T03:48:28.384050,215,0,0,0,0,0
2026-08-13T03:48:28.385064,215,0,0,0,0,0
2026-08-13T03:48:28.386894,216,0,0,0,0,0
2026-08-13T03:48:28.386894,216,0,0,0,0,0
2026-08-13T03:48:28.386894,216,0,0,0,0,0
2026-08-13T03:48:28.390368,215,0,0,0,0,0
2026-08-13T03:48:28.391482,216,0,0,0,0,0
2026-08-13T03:48:28.391482,218,0,0,0,0,0
2026-08-13T03:48:28.395013,218,0,0,0,0,0
2026-08-13T03:48:28.395013,219,0,0,0,0,0
2026-08-13T03:48:28.396008,220,0,0,0,0,0
2026-08-13T03:48:28.396008,221,0,0,0,0,0
2026-08-13T03:48:28.399034,219,0,0,0,0,0
2026-08-13T03:48:28.400007,220,0,0,0,0,0
2026-08-13T03:48:28.400007,221,0,0,0,0,0
2026-08-13T03:48:28.403020,221,0,0,0,0,0
2026-08-13T03:48:28.403020,224,0,0,0,0,0
2026-08-13T03:48:28.404007,225,0,0,0,0,0
2026-08-13T03:48:28.404007,226,0,0,0,0,0
2026-08-13T03:48:28.407416,227,0,0,0,0,0
2026-08-13T03:48:28.407416,227,0,0,0,0,0
2026-08-13T03:48:28.407416,227,0,0,0,0,0
2026-08-13T03:48:28.411081,225,0,0,0,0,0
2026-08-13T03:48:28.413539,226,0,0,0,0,0
2026-08-13T03:48:28.414425,227,0,0,0,0,0
2026-08-13T03:48:28.414425,227,0,0,0,0,0
2026-08-13T03:48:28.415531,227,0,0,0,0,0
2026-08-13T03:48:28.415531,227,0,0,0,0,0
2026-08-13T03:48:28.416439,228,0,0,0,0,0
2026-08-13T03:48:28.419672,226,0,0,0,0,0
2026-08-13T03:48:28.419672,226,0,0,0,0,0
2026-08-13T03:48:28.420692,226,0,0,0,0,0
2026-08-13T03:48:28.420692,226,0,0,0,0,0
2026-08-13T03:48:28.423694,229,0,0,0,0,0
2026-08-13T03:48:28.424202,228,0,0,0,0,0
2026-08-13T03:48:28.425213,228,0,0,0,0,0
2026-08-13T03:48:28.427223,228,0,0,0,0,0
2026-08-13T03:48:28.428224,227,0,0,0,0,0
2026-08-13T03:48:28.429225,226,0,0,0,0,0
2026-08-13T03:48:28.431234,225,0,0,0,0,0
2026-08-13T03:48:28.432221,225,0,0,0,0,0
2026-08-13T03:48:28.432221,224,0,0,0,0,0
2026-08-13T03:48:28.432221,223,0,0,0,0,0
2026-08-13T03:48:28.435742,224,0,0,0,0,0
2026-08-13T03:48:28.435742,223,0,0,0,0,0
2026-08-13T03:48:28.436751,222,0,0,0,0,0
2026-08-13T03:48:28.439756,221,0,0,0,0,0
2026-08-13T03:48:28.440751,221,0,0,0,0,0
2026-08-13T03:48:28.440751,221,0,0,0,0,0
2026-08-13T03:48:28.441903,223,0,0,0,0,0
2026-08-13T03:48:28.444232,225,0,0,0,0,0
2026-08-13T03:48:28.444232,226,0,0,0,0,0
2026-08-13T03:48:28.445240,227,0,0,0,0,0
2026-08-13T03:48:28.448319,227,0,0,0,0,0
2026-08-13T03:48:28.448319,227,0,0,0,0,0
2026-08-13T03:48:28.449335,226,0,0,0,0,0
2026-08-13T03:48:28.449335,226,0,0,0,0,0
2026-08-13T03:48:28.452535,226,0,0,0,0,0
2026-08-13T03:48:28.452535,225,0,0,0,0,0
2026-08-13T03:48:28.452535,225,0,0,0,0,0
2026-08-13T03:48:28.456090,224,0,0,0,0,0
2026-08-13T03:48:28.457075,223,0,0,0,0,0
2026-08-13T03:48:28.458078,222,0,0,0,0,0
2026-08-13T03:48:28.460076,221,0,0,0,0,0
2026-08-13T03:48:28.461094,222,0,0,0,0,0
2026-08-13T03:48:28.461094,222,0,0,0,0,0
2026-08-13T03:48:28.462074,223,0,0,0,0,0
2026-08-13T03:48:28.464633,225,0,0,0,0,0
2026-08-13T03:48:28.465614,226,0,0,0,0,0
2026-08-13T03:48:28.465614,226,0,0,0,0,0
2026-08-13T03:48:28.468818,226,0,0,0,0,0
2026-08-13T03:48:28.468818,226,0,0,0,0,0
2026-08-13T03:48:28.469837,225,0,0,0,0,0
2026-08-13T03:48:28.469837,226,0,0,0,0,0
2026-08-13T03:48:28.472918,226,0,0,0,0,0
2026-08-13T03:48:28.472918,225,0,0,0,0,0
2026-08-13T03:48:28.474945,225,0,0,0,0,0
2026-08-13T03:48:28.476939,224,0,0,0,0,0
2026-08-13T03:48:28.476939,224,0,0,0,0,0
2026-08-13T03:48:28.477941,222,0,0,0,0,0
2026-08-13T03:48:28.478940,222,0,0,0,0,0
2026-08-13T03:48:28.480943,222,0,0,0,0,0
2026-08-13T03:48:28.480943,222,0,0,0,0,0
2026-08-13T03:48:28.481940,224,0,0,0,0,0
2026-08-13T03:48:28.484449,226,0,0,0,0,0
2026-08-13T03:48:28.485459,226,0,0,0,0,0
2026-08-13T03:48:28.486462,226,0,0,0,0,0
2026-08-13T03:48:28.486462,226,0,0,0,0,0
2026-08-13T03:48:28.489011,226,0,0,0,0,0
2026-08-13T03:48:28.490009,224,0,0,0,0,0
2026-08-13T03:48:28.491008,224,0,0,0,0,0
2026-08-13T03:48:28.493010,224,0,0,0,0,0
2026-08-13T03:48:28.494009,224,0,0,0,0,0
2026-08-13T03:48:28.494519,224,0,0,0,0,0
2026-08-13T03:48:28.497468,224,0,0,0,0,0
2026-08-13T03:48:28.497468,223,0,0,0,0,0
2026-08-13T03:48:28.498484,222,0,0,0,0,0
2026-08-13T03:48:28.498484,222,0,0,0,0,0
2026-08-13T03:48:28.501355,222,0,0,0,0,0
2026-08-13T03:48:28.501355,222,0,0,0,0,0
2026-08-13T03:48:28.502375,224,0,0,0,0,0
2026-08-13T03:48:28.504893,225,0,0,0,0,0
2026-08-13T03:48:28.505895,225,0,0,0,0,0
2026-08-13T03:48:28.505895,226,0,0,0,0,0
2026-08-13T03:48:28.506893,225,0,0,0,0,0
2026-08-13T03:48:28.509907,224,0,0,0,0,0
2026-08-13T03:48:28.509907,223,0,0,0,0,0
2026-08-13T03:48:28.510894,224,0,0,0,0,0
2026-08-13T03:48:28.513908,225,0,0,0,0,0
2026-08-13T03:48:28.514453,223,0,0,0,0,0
2026-08-13T03:48:28.514453,223,0,0,0,0,0
2026-08-13T03:48:28.515449,223,0,0,0,0,0
2026-08-13T03:48:28.517452,222,0,0,0,0,0
2026-08-13T03:48:28.518447,221,0,0,0,0,0
2026-08-13T03:48:28.518447,221,0,0,0,0,0
2026-08-13T03:48:28.522068,221,0,0,0,0,0
2026-08-13T03:48:28.522068,221,0,0,0,0,0
2026-08-13T03:48:28.522068,224,0,0,0,0,0
2026-08-13T03:48:28.525595,225,0,0,0,0,0
2026-08-13T03:48:28.526606,226,0,0,0,0,0
2026-08-13T03:48:28.527609,225,0,0,0,0,0
2026-08-13T03:48:28.527609,226,0,0,0,0,0
2026-08-13T03:48:28.529606,226,0,0,0,0,0
2026-08-13T03:48:28.530604,225,0,0,0,0,0
2026-08-13T03:48:28.530604,226,0,0,0,0,0
2026-08-13T03:48:28.534156,225,0,0,0,0,0
2026-08-13T03:48:28.535153,225,0,0,0,0,0
2026-08-13T03:48:28.535153,225,0,0,0,0,0
2026-08-13T03:48:28.536168,224,0,0,0,0,0
2026-08-13T03:48:28.538180,223,0,0,0,0,0
2026-08-13T03:48:28.538180,223,0,0,0,0,0
2026-08-13T03:48:28.539161,223,0,0,0,0,0
2026-08-13T03:48:28.542181,223,0,0,0,0,0
2026-08-13T03:48:28.542181,225,0,0,0,0,0
2026-08-13T03:48:28.542181,227,0,0,0,0,0
2026-08-13T03:48:28.543692,228,0,0,0,0,0
2026-08-13T03:48:28.546647,230,0,0,0,0,0
2026-08-13T03:48:28.546647,229,0,0,0,0,0
2026-08-13T03:48:28.547662,229,0,0,0,0,0
2026-08-13T03:48:28.550728,228,0,0,0,0,0
2026-08-13T03:48:28.551734,227,0,0,0,0,0
2026-08-13T03:48:28.552728,228,0,0,0,0,0
2026-08-13T03:48:28.552728,226,0,0,0,0,0
2026-08-13T03:48:28.554844,225,0,0,0,0,0
2026-08-13T03:48:28.554844,225,0,0,0,0,0
2026-08-13T03:48:28.554844,224,0,0,0,0,0
2026-08-13T03:48:28.558855,222,0,0,0,0,0
2026-08-13T03:48:28.558855,222,0,0,0,0,0
2026-08-13T03:48:28.558855,221,0,0,0,0,0
2026-08-13T03:48:28.562894,219,0,0,0,0,0
2026-08-13T03:48:28.562894,222,0,0,0,0,0
2026-08-13T03:48:28.562894,224,0,0,0,0,0
2026-08-13T03:48:28.563895,223,0,0,0,0,0
2026-08-13T03:48:28.566794,223,0,0,0,0,0
2026-08-13T03:48:28.566794,223,0,0,0,0,0
2026-08-13T03:48:28.567792,222,0,0,0,0,0
2026-08-13T03:48:28.570796,221,0,0,0,0,0
2026-08-13T03:48:28.570796,222,0,0,0,0,0
2026-08-13T03:48:28.571798,222,0,0,0,0,0
2026-08-13T03:48:28.571798,222,0,0,0,0,0
2026-08-13T03:48:28.575312,222,0,0,0,0,0
2026-08-13T03:48:28.575312,222,0,0,0,0,0
2026-08-13T03:48:28.575312,222,0,0,0,0,0
2026-08-13T03:48:28.579401,221,0,0,0,0,0
2026-08-13T03:48:28.579401,221,0,0,0,0,0
2026-08-13T03:48:28.579401,221,0,0,0,0,0
2026-08-13T03:48:28.580410,221,0,0,0,0,0
2026-08-13T03:48:28.582423,224,0,0,0,0,0
2026-08-13T03:48:28.583958,225,0,0,0,0,0
2026-08-13T03:48:28.583958,225,0,0,0,0,0
2026-08-13T03:48:28.586990,225,0,0,0,0,0
2026-08-13T03:48:28.586990,225,0,0,0,0,0
2026-08-13T03:48:28.588499,225,0,0,0,0,0
2026-08-13T03:48:28.591514,222,0,0,0,0,0
2026-08-13T03:48:28.591514,222,0,0,0,0,0
2026-08-13T03:48:28.592512,222,0,0,0,0,0
2026-08-13T03:48:28.592512,221,0,0,0,0,0
2026-08-13T03:48:28.595037,221,0,0,0,0,0
2026-08-13T03:48:28.596033,220,0,0,0,0,0
2026-08-13T03:48:28.596033,219,0,0,0,0,0
2026-08-13T03:48:28.599049,217,0,0,0,0,0
2026-08-13T03:48:28.600035,218,0,0,0,0,0
2026-08-13T03:48:28.601036,217,0,0,0,0,0
2026-08-13T03:48:28.601036,217,0,0,0,0,0
2026-08-13T03:48:28.603776,219,0,0,0,0,0
2026-08-13T03:48:28.603776,221,0,0,0,0,0
2026-08-13T03:48:28.604793,221,0,0,0,0,0
2026-08-13T03:48:28.608027,221,0,0,0,0,0
2026-08-13T03:48:28.608537,221,0,0,0,0,0
2026-08-13T03:48:28.608537,219,0,0,0,0,0
2026-08-13T03:48:28.609553,218,0,0,0,0,0
2026-08-13T03:48:28.611549,220,0,0,0,0,0
2026-08-13T03:48:28.612628,220,0,0,0,0,0
2026-08-13T03:48:28.612628,219,0,0,0,0,0
2026-08-13T03:48:28.615641,219,0,0,0,0,0
2026-08-13T03:48:28.616616,218,0,0,0,0,0
2026-08-13T03:48:28.616616,218,0,0,0,0,0
2026-08-13T03:48:28.617616,218,0,0,0,0,0
2026-08-13T03:48:28.619615,218,0,0,0,0,0
2026-08-13T03:48:28.620616,218,0,0,0,0,0
2026-08-13T03:48:28.620616,220,0,0,0,0,0
2026-08-13T03:48:28.623630,222,0,0,0,0,0
2026-08-13T03:48:28.624700,223,0,0,0,0,0
2026-08-13T03:48:28.625477,223,0,0,0,0,0
2026-08-13T03:48:28.627963,223,0,0,0,0,0
2026-08-13T03:48:28.628957,222,0,0,0,0,0
2026-08-13T03:48:28.628957,221,0,0,0,0,0
2026-08-13T03:48:28.629955,221,0,0,0,0,0
2026-08-13T03:48:28.632631,221,0,0,0,0,0
2026-08-13T03:48:28.632631,219,0,0,0,0,0
2026-08-13T03:48:28.632631,218,0,0,0,0,0
2026-08-13T03:48:28.636226,218,0,0,0,0,0
2026-08-13T03:48:28.637210,217,0,0,0,0,0
2026-08-13T03:48:28.637210,216,0,0,0,0,0
2026-08-13T03:48:28.638209,215,0,0,0,0,0
2026-08-13T03:48:28.640210,216,0,0,0,0,0
2026-08-13T03:48:28.641213,216,0,0,0,0,0
2026-08-13T03:48:28.642217,217,0,0,0,0,0
2026-08-13T03:48:28.644738,220,0,0,0,0,0
2026-08-13T03:48:28.645741,219,0,0,0,0,0
2026-08-13T03:48:28.645741,220,0,0,0,0,0
2026-08-13T03:48:28.646752,220,0,0,0,0,0
2026-08-13T03:48:28.648912,219,0,0,0,0,0
2026-08-13T03:48:28.648912,217,0,0,0,0,0
2026-08-13T03:48:28.649879,217,0,0,0,0,0
2026-08-13T03:48:28.652892,217,0,0,0,0,0
2026-08-13T03:48:28.652892,216,0,0,0,0,0
2026-08-13T03:48:28.653892,215,0,0,0,0,0
2026-08-13T03:48:28.653892,216,0,0,0,0,0
2026-08-13T03:48:28.656971,216,0,0,0,0,0
2026-08-13T03:48:28.656971,216,0,0,0,0,0
2026-08-13T03:48:28.657953,216,0,0,0,0,0
2026-08-13T03:48:28.661322,218,0,0,0,0,0
2026-08-13T03:48:28.661322,218,0,0,0,0,0
2026-08-13T03:48:28.662341,221,0,0,0,0,0
2026-08-13T03:48:28.664773,224,0,0,0,0,0
2026-08-13T03:48:28.665772,224,0,0,0,0,0
2026-08-13T03:48:28.665772,225,0,0,0,0,0
2026-08-13T03:48:28.666781,225,0,0,0,0,0
2026-08-13T03:48:28.668784,225,0,0,0,0,0
2026-08-13T03:48:28.669771,223,0,0,0,0,0
2026-08-13T03:48:28.669771,223,0,0,0,0,0
2026-08-13T03:48:28.672771,223,0,0,0,0,0
2026-08-13T03:48:28.674283,222,0,0,0,0,0
2026-08-13T03:48:28.675297,222,0,0,0,0,0
2026-08-13T03:48:28.676295,221,0,0,0,0,0
2026-08-13T03:48:28.677305,220,0,0,0,0,0
2026-08-13T03:48:28.678308,219,0,0,0,0,0
2026-08-13T03:48:28.678308,219,0,0,0,0,0
2026-08-13T03:48:28.681818,218,0,0,0,0,0
2026-08-13T03:48:28.681818,217,0,0,0,0,0
2026-08-13T03:48:28.682835,221,0,0,0,0,0
2026-08-13T03:48:28.683849,222,0,0,0,0,0
2026-08-13T03:48:28.685180,222,0,0,0,0,0
2026-08-13T03:48:28.686167,222,0,0,0,0,0
2026-08-13T03:48:28.687171,222,0,0,0,0,0
2026-08-13T03:48:28.689723,222,0,0,0,0,0
2026-08-13T03:48:28.690710,220,0,0,0,0,0
2026-08-13T03:48:28.690710,222,0,0,0,0,0
2026-08-13T03:48:28.693723,222,0,0,0,0,0
2026-08-13T03:48:28.695097,222,0,0,0,0,0
2026-08-13T03:48:28.696112,222,0,0,0,0,0
2026-08-13T03:48:28.696112,222,0,0,0,0,0
2026-08-13T03:48:28.698124,221,0,0,0,0,0
2026-08-13T03:48:28.698124,220,0,0,0,0,0
2026-08-13T03:48:28.699121,221,0,0,0,0,0
2026-08-13T03:48:28.702120,222,0,0,0,0,0
2026-08-13T03:48:28.702120,222,0,0,0,0,0
2026-08-13T03:48:28.703638,225,0,0,0,0,0
2026-08-13T03:48:28.704708,226,0,0,0,0,0
2026-08-13T03:48:28.705721,226,0,0,0,0,0
2026-08-13T03:48:28.707732,226,0,0,0,0,0
2026-08-13T03:48:28.707732,226,0,0,0,0,0
2026-08-13T03:48:28.709732,224,0,0,0,0,0
2026-08-13T03:48:28.710731,224,0,0,0,0,0
2026-08-13T03:48:28.710731,224,0,0,0,0,0
2026-08-13T03:48:28.711731,224,0,0,0,0,0
2026-08-13T03:48:28.713752,223,0,0,0,0,0
2026-08-13T03:48:28.715022,223,0,0,0,0,0
2026-08-13T03:48:28.715654,222,0,0,0,0,0
2026-08-13T03:48:28.718682,220,0,0,0,0,0
2026-08-13T03:48:28.718682,220,0,0,0,0,0
2026-08-13T03:48:28.719560,219,0,0,0,0,0
2026-08-13T03:48:28.720071,219,0,0,0,0,0
2026-08-13T03:48:28.722758,222,0,0,0,0,0
2026-08-13T03:48:28.722758,223,0,0,0,0,0
2026-08-13T03:48:28.724772,224,0,0,0,0,0
2026-08-13T03:48:28.726773,225,0,0,0,0,0
2026-08-13T03:48:28.726773,225,0,0,0,0,0
2026-08-13T03:48:28.727776,225,0,0,0,0,0
2026-08-13T03:48:28.730786,223,0,0,0,0,0
2026-08-13T03:48:28.730786,223,0,0,0,0,0
2026-08-13T03:48:28.731771,224,0,0,0,0,0
2026-08-13T03:48:28.731771,223,0,0,0,0,0
2026-08-13T03:48:28.734297,223,0,0,0,0,0
2026-08-13T03:48:28.735495,222,0,0,0,0,0
2026-08-13T03:48:28.735495,222,0,0,0,0,0
2026-08-13T03:48:28.739146,221,0,0,0,0,0
2026-08-13T03:48:28.739146,220,0,0,0,0,0
2026-08-13T03:48:28.739146,221,0,0,0,0,0
2026-08-13T03:48:28.740163,220,0,0,0,0,0
2026-08-13T03:48:28.742180,222,0,0,0,0,0
2026-08-13T03:48:28.743691,224,0,0,0,0,0
2026-08-13T03:48:28.743691,225,0,0,0,0,0
2026-08-13T03:48:28.747324,225,0,0,0,0,0
2026-08-13T03:48:28.747324,225,0,0,0,0,0
2026-08-13T03:48:28.748341,225,0,0,0,0,0
2026-08-13T03:48:28.748341,223,0,0,0,0,0
2026-08-13T03:48:28.751160,223,0,0,0,0,0
2026-08-13T03:48:28.752191,223,0,0,0,0,0
2026-08-13T03:48:28.752191,222,0,0,0,0,0
2026-08-13T03:48:28.754733,223,0,0,0,0,0
2026-08-13T03:48:28.755733,221,0,0,0,0,0
2026-08-13T03:48:28.756734,222,0,0,0,0,0
2026-08-13T03:48:28.759735,220,0,0,0,0,0
2026-08-13T03:48:28.759735,220,0,0,0,0,0
2026-08-13T03:48:28.760734,221,0,0,0,0,0
2026-08-13T03:48:28.761747,221,0,0,0,0,0
2026-08-13T03:48:28.763751,223,0,0,0,0,0
2026-08-13T03:48:28.763751,225,0,0,0,0,0
2026-08-13T03:48:28.764864,225,0,0,0,0,0
2026-08-13T03:48:28.767455,225,0,0,0,0,0
2026-08-13T03:48:28.768579,224,0,0,0,0,0
2026-08-13T03:48:28.768579,224,0,0,0,0,0
2026-08-13T03:48:28.769548,223,0,0,0,0,0
2026-08-13T03:48:28.771919,223,0,0,0,0,0
2026-08-13T03:48:28.771919,223,0,0,0,0,0
2026-08-13T03:48:28.772946,223,0,0,0,0,0
2026-08-13T03:48:28.775472,223,0,0,0,0,0
2026-08-13T03:48:28.776469,222,0,0,0,0,0
2026-08-13T03:48:28.777459,222,0,0,0,0,0
2026-08-13T03:48:28.778463,220,0,0,0,0,0
2026-08-13T03:48:28.779459,221,0,0,0,0,0
2026-08-13T03:48:28.780455,220,0,0,0,0,0
2026-08-13T03:48:28.780455,221,0,0,0,0,0
2026-08-13T03:48:28.783993,224,0,0,0,0,0
2026-08-13T03:48:28.783993,224,0,0,0,0,0
2026-08-13T03:48:28.785013,225,0,0,0,0,0
2026-08-13T03:48:28.786012,224,0,0,0,0,0
2026-08-13T03:48:28.788024,225,0,0,0,0,0
2026-08-13T03:48:28.788024,224,0,0,0,0,0
2026-08-13T03:48:28.789025,223,0,0,0,0,0
2026-08-13T03:48:28.792166,223,0,0,0,0,0
2026-08-13T03:48:28.792166,224,0,0,0,0,0
2026-08-13T03:48:28.793679,222,0,0,0,0,0
2026-08-13T03:48:28.796493,223,0,0,0,0,0
2026-08-13T03:48:28.796493,222,0,0,0,0,0
2026-08-13T03:48:28.797526,221,0,0,0,0,0
2026-08-13T03:48:28.798525,219,0,0,0,0,0
2026-08-13T03:48:28.800592,220,0,0,0,0,0
2026-08-13T03:48:28.800592,220,0,0,0,0,0
2026-08-13T03:48:28.801607,221,0,0,0,0,0
2026-08-13T03:48:28.804681,224,0,0,0,0,0
2026-08-13T03:48:28.804681,225,0,0,0,0,0
2026-08-13T03:48:28.805680,226,0,0,0,0,0
2026-08-13T03:48:28.805680,225,0,0,0,0,0
2026-08-13T03:48:28.808713,225,0,0,0,0,0
2026-08-13T03:48:28.808713,224,0,0,0,0,0
2026-08-13T03:48:28.809698,223,0,0,0,0,0
2026-08-13T03:48:28.811690,223,0,0,0,0,0
2026-08-13T03:48:28.813644,223,0,0,0,0,0
2026-08-13T03:48:28.813644,223,0,0,0,0,0
2026-08-13T03:48:28.814658,222,0,0,0,0,0
2026-08-13T03:48:28.816673,221,0,0,0,0,0
2026-08-13T03:48:28.816673,221,0,0,0,0,0
2026-08-13T03:48:28.817678,220,0,0,0,0,0
2026-08-13T03:48:28.820672,220,0,0,0,0,0
2026-08-13T03:48:28.821658,220,0,0,0,0,0
2026-08-13T03:48:28.821658,223,0,0,0,0,0
2026-08-13T03:48:28.825190,223,0,0,0,0,0
2026-08-13T03:48:28.825190,224,0,0,0,0,0
2026-08-13T03:48:28.826195,226,0,0,0,0,0
2026-08-13T03:48:28.826195,225,0,0,0,0,0
2026-08-13T03:48:28.829233,225,0,0,0,0,0
2026-08-13T03:48:28.829233,223,0,0,0,0,0
2026-08-13T03:48:28.829233,223,0,0,0,0,0
2026-08-13T03:48:28.833416,224,0,0,0,0,0
2026-08-13T03:48:28.833931,222,0,0,0,0,0
2026-08-13T03:48:28.833931,223,0,0,0,0,0
2026-08-13T03:48:28.834945,221,0,0,0,0,0
2026-08-13T03:48:28.837012,221,0,0,0,0,0
2026-08-13T03:48:28.837999,221,0,0,0,0,0
2026-08-13T03:48:28.838988,220,0,0,0,0,0
2026-08-13T03:48:28.840988,221,0,0,0,0,0
2026-08-13T03:48:28.841999,220,0,0,0,0,0
2026-08-13T03:48:28.842987,222,0,0,0,0,0
2026-08-13T03:48:28.843985,224,0,0,0,0,0
2026-08-13T03:48:28.845508,225,0,0,0,0,0
2026-08-13T03:48:28.845508,224,0,0,0,0,0
2026-08-13T03:48:28.846506,225,0,0,0,0,0
2026-08-13T03:48:28.849526,224,0,0,0,0,0
2026-08-13T03:48:28.850508,223,0,0,0,0,0
2026-08-13T03:48:28.850508,222,0,0,0,0,0
2026-08-13T03:48:28.851508,222,0,0,0,0,0
2026-08-13T03:48:28.854023,221,0,0,0,0,0
2026-08-13T03:48:28.854023,222,0,0,0,0,0
2026-08-13T03:48:28.855040,220,0,0,0,0,0
2026-08-13T03:48:28.857057,219,0,0,0,0,0
2026-08-13T03:48:28.858052,218,0,0,0,0,0
2026-08-13T03:48:28.859055,217,0,0,0,0,0
2026-08-13T03:48:28.862085,217,0,0,0,0,0
2026-08-13T03:48:28.862085,217,0,0,0,0,0
2026-08-13T03:48:28.862085,219,0,0,0,0,0
2026-08-13T03:48:28.862085,219,0,0,0,0,0
2026-08-13T03:48:28.865622,219,0,0,0,0,0
2026-08-13T03:48:28.865622,220,0,0,0,0,0
2026-08-13T03:48:28.866604,220,0,0,0,0,0
2026-08-13T03:48:28.869617,219,0,0,0,0,0
2026-08-13T03:48:28.870616,217,0,0,0,0,0
2026-08-13T03:48:28.870616,217,0,0,0,0,0
2026-08-13T03:48:28.870616,218,0,0,0,0,0
2026-08-13T03:48:28.874113,217,0,0,0,0,0
2026-08-13T03:48:28.874113,218,0,0,0,0,0
2026-08-13T03:48:28.875124,217,0,0,0,0,0
2026-08-13T03:48:28.878305,216,0,0,0,0,0
2026-08-13T03:48:28.878305,216,0,0,0,0,0
2026-08-13T03:48:28.879327,217,0,0,0,0,0
2026-08-13T03:48:28.879327,216,0,0,0,0,0
2026-08-13T03:48:28.882519,217,0,0,0,0,0
2026-08-13T03:48:28.882519,221,0,0,0,0,0
2026-08-13T03:48:28.882519,221,0,0,0,0,0
2026-08-13T03:48:28.886627,222,0,0,0,0,0
2026-08-13T03:48:28.886627,223,0,0,0,0,0
2026-08-13T03:48:28.887614,222,0,0,0,0,0
2026-08-13T03:48:28.887614,221,0,0,0,0,0
2026-08-13T03:48:28.890150,221,0,0,0,0,0
2026-08-13T03:48:28.891146,223,0,0,0,0,0
2026-08-13T03:48:28.892144,222,0,0,0,0,0
2026-08-13T03:48:28.894667,222,0,0,0,0,0
2026-08-13T03:48:28.894667,223,0,0,0,0,0
2026-08-13T03:48:28.895686,222,0,0,0,0,0
2026-08-13T03:48:28.898236,222,0,0,0,0,0
2026-08-13T03:48:28.899252,221,0,0,0,0,0
2026-08-13T03:48:28.900267,221,0,0,0,0,0
2026-08-13T03:48:28.900267,221,0,0,0,0,0
2026-08-13T03:48:28.902267,223,0,0,0,0,0
2026-08-13T03:48:28.902267,226,0,0,0,0,0
2026-08-13T03:48:28.903776,226,0,0,0,0,0
2026-08-13T03:48:28.906783,227,0,0,0,0,0
2026-08-13T03:48:28.907786,227,0,0,0,0,0
2026-08-13T03:48:28.907786,227,0,0,0,0,0
2026-08-13T03:48:28.908788,226,0,0,0,0,0
2026-08-13T03:48:28.911169,227,0,0,0,0,0
2026-08-13T03:48:28.911169,227,0,0,0,0,0
2026-08-13T03:48:28.912188,226,0,0,0,0,0
2026-08-13T03:48:28.914660,228,0,0,0,0,0
2026-08-13T03:48:28.915644,226,0,0,0,0,0
2026-08-13T03:48:28.915644,226,0,0,0,0,0
2026-08-13T03:48:28.916645,226,0,0,0,0,0
2026-08-13T03:48:28.918658,226,0,0,0,0,0
2026-08-13T03:48:28.919644,227,0,0,0,0,0
2026-08-13T03:48:28.920658,228,0,0,0,0,0
2026-08-13T03:48:28.922661,230,0,0,0,0,0
2026-08-13T03:48:28.923646,231,0,0,0,0,0
2026-08-13T03:48:28.924704,232,0,0,0,0,0
2026-08-13T03:48:28.926721,233,0,0,0,0,0
2026-08-13T03:48:28.927707,233,0,0,0,0,0
2026-08-13T03:48:28.928718,233,0,0,0,0,0
2026-08-13T03:48:28.929705,232,0,0,0,0,0
2026-08-13T03:48:28.931647,232,0,0,0,0,0
2026-08-13T03:48:28.931647,233,0,0,0,0,0
2026-08-13T03:48:28.932666,232,0,0,0,0,0
2026-08-13T03:48:28.935699,232,0,0,0,0,0
2026-08-13T03:48:28.936715,231,0,0,0,0,0
2026-08-13T03:48:28.936715,231,0,0,0,0,0
2026-08-13T03:48:28.937732,230,0,0,0,0,0
2026-08-13T03:48:28.939729,229,0,0,0,0,0
2026-08-13T03:48:28.940716,230,0,0,0,0,0
2026-08-13T03:48:28.940716,229,0,0,0,0,0
2026-08-13T03:48:28.943716,232,0,0,0,0,0
2026-08-13T03:48:28.943716,233,0,0,0,0,0
2026-08-13T03:48:28.944791,234,0,0,0,0,0
2026-08-13T03:48:28.945799,234,0,0,0,0,0
2026-08-13T03:48:28.947846,234,0,0,0,0,0
2026-08-13T03:48:28.948819,233,0,0,0,0,0
2026-08-13T03:48:28.948819,231,0,0,0,0,0
2026-08-13T03:48:28.951811,231,0,0,0,0,0
2026-08-13T03:48:28.952811,230,0,0,0,0,0
2026-08-13T03:48:28.952811,229,0,0,0,0,0
2026-08-13T03:48:28.953811,230,0,0,0,0,0
2026-08-13T03:48:28.955836,229,0,0,0,0,0
2026-08-13T03:48:28.956863,229,0,0,0,0,0
2026-08-13T03:48:28.957846,228,0,0,0,0,0
2026-08-13T03:48:28.959870,229,0,0,0,0,0
2026-08-13T03:48:28.960844,229,0,0,0,0,0
2026-08-13T03:48:28.960844,230,0,0,0,0,0
2026-08-13T03:48:28.964424,233,0,0,0,0,0
2026-08-13T03:48:28.964424,234,0,0,0,0,0
2026-08-13T03:48:28.965693,235,0,0,0,0,0
2026-08-13T03:48:28.965693,235,0,0,0,0,0
2026-08-13T03:48:28.967706,235,0,0,0,0,0
2026-08-13T03:48:28.968971,234,0,0,0,0,0
2026-08-13T03:48:28.968971,232,0,0,0,0,0
2026-08-13T03:48:28.972703,233,0,0,0,0,0
2026-08-13T03:48:28.972703,232,0,0,0,0,0
2026-08-13T03:48:28.973720,232,0,0,0,0,0
2026-08-13T03:48:28.974731,232,0,0,0,0,0
2026-08-13T03:48:28.976733,231,0,0,0,0,0
2026-08-13T03:48:28.976733,230,0,0,0,0,0
2026-08-13T03:48:28.977731,229,0,0,0,0,0
2026-08-13T03:48:28.980744,232,0,0,0,0,0
2026-08-13T03:48:28.980744,231,0,0,0,0,0
2026-08-13T03:48:28.981734,233,0,0,0,0,0
2026-08-13T03:48:28.981734,235,0,0,0,0,0
2026-08-13T03:48:28.984842,237,0,0,0,0,0
2026-08-13T03:48:28.985852,238,0,0,0,0,0
2026-08-13T03:48:28.985852,239,0,0,0,0,0
2026-08-13T03:48:28.987859,238,0,0,0,0,0
2026-08-13T03:48:28.989368,238,0,0,0,0,0
2026-08-13T03:48:28.989368,236,0,0,0,0,0
2026-08-13T03:48:28.992394,237,0,0,0,0,0
2026-08-13T03:48:28.992394,236,0,0,0,0,0
2026-08-13T03:48:28.993907,234,0,0,0,0,0
2026-08-13T03:48:28.994921,232,0,0,0,0,0
2026-08-13T03:48:28.997196,231,0,0,0,0,0
2026-08-13T03:48:28.997196,229,0,0,0,0,0
2026-08-13T03:48:28.998212,227,0,0,0,0,0
2026-08-13T03:48:29.001225,227,0,0,0,0,0
2026-08-13T03:48:29.001225,225,0,0,0,0,0
2026-08-13T03:48:29.002211,227,0,0,0,0,0
2026-08-13T03:48:29.002211,228,0,0,0,0,0
2026-08-13T03:48:29.004784,228,0,0,0,0,0
2026-08-13T03:48:29.004784,228,0,0,0,0,0
2026-08-13T03:48:29.006300,227,0,0,0,0,0
2026-08-13T03:48:29.009563,227,0,0,0,0,0
2026-08-13T03:48:29.009563,226,0,0,0,0,0
2026-08-13T03:48:29.010596,225,0,0,0,0,0
2026-08-13T03:48:29.010596,225,0,0,0,0,0
2026-08-13T03:48:29.013566,225,0,0,0,0,0
2026-08-13T03:48:29.013566,225,0,0,0,0,0
2026-08-13T03:48:29.014708,225,0,0,0,0,0
2026-08-13T03:48:29.017758,224,0,0,0,0,0
2026-08-13T03:48:29.017758,224,0,0,0,0,0
2026-08-13T03:48:29.018759,223,0,0,0,0,0
2026-08-13T03:48:29.018759,224,0,0,0,0,0
2026-08-13T03:48:29.021777,224,0,0,0,0,0
2026-08-13T03:48:29.021777,226,0,0,0,0,0
2026-08-13T03:48:29.022760,229,0,0,0,0,0
2026-08-13T03:48:29.025891,229,0,0,0,0,0
2026-08-13T03:48:29.025891,230,0,0,0,0,0
2026-08-13T03:48:29.026884,231,0,0,0,0,0
2026-08-13T03:48:29.029896,230,0,0,0,0,0
2026-08-13T03:48:29.030888,230,0,0,0,0,0
2026-08-13T03:48:29.030888,229,0,0,0,0,0
2026-08-13T03:48:29.031886,230,0,0,0,0,0
2026-08-13T03:48:29.033882,229,0,0,0,0,0
2026-08-13T03:48:29.034392,228,0,0,0,0,0
2026-08-13T03:48:29.035408,227,0,0,0,0,0
2026-08-13T03:48:29.037423,226,0,0,0,0,0
2026-08-13T03:48:29.038417,224,0,0,0,0,0
2026-08-13T03:48:29.038417,224,0,0,0,0,0
2026-08-13T03:48:29.039417,223,0,0,0,0,0
2026-08-13T03:48:29.041417,223,0,0,0,0,0
2026-08-13T03:48:29.042415,225,0,0,0,0,0
2026-08-13T03:48:29.042415,225,0,0,0,0,0
2026-08-13T03:48:29.045949,226,0,0,0,0,0
2026-08-13T03:48:29.045949,226,0,0,0,0,0
2026-08-13T03:48:29.046932,224,0,0,0,0,0
2026-08-13T03:48:29.046932,223,0,0,0,0,0
2026-08-13T03:48:29.049969,221,0,0,0,0,0
2026-08-13T03:48:29.049969,222,0,0,0,0,0
2026-08-13T03:48:29.050954,220,0,0,0,0,0
2026-08-13T03:48:29.054494,219,0,0,0,0,0
2026-08-13T03:48:29.054494,219,0,0,0,0,0
2026-08-13T03:48:29.054494,217,0,0,0,0,0
2026-08-13T03:48:29.058400,217,0,0,0,0,0
2026-08-13T03:48:29.058400,215,0,0,0,0,0
2026-08-13T03:48:29.059400,215,0,0,0,0,0
2026-08-13T03:48:29.059400,215,0,0,0,0,0
2026-08-13T03:48:29.062403,216,0,0,0,0,0
2026-08-13T03:48:29.062403,218,0,0,0,0,0
2026-08-13T03:48:29.062403,219,0,0,0,0,0
2026-08-13T03:48:29.065920,220,0,0,0,0,0
2026-08-13T03:48:29.066925,219,0,0,0,0,0
2026-08-13T03:48:29.066925,219,0,0,0,0,0
2026-08-13T03:48:29.066925,218,0,0,0,0,0
2026-08-13T03:48:29.070931,217,0,0,0,0,0
2026-08-13T03:48:29.070931,217,0,0,0,0,0
2026-08-13T03:48:29.070931,217,0,0,0,0,0
2026-08-13T03:48:29.074211,215,0,0,0,0,0
2026-08-13T03:48:29.075216,216,0,0,0,0,0
2026-08-13T03:48:29.075216,215,0,0,0,0,0
2026-08-13T03:48:29.075216,214,0,0,0,0,0
2026-08-13T03:48:29.079119,213,0,0,0,0,0
2026-08-13T03:48:29.079119,213,0,0,0,0,0
2026-08-13T03:48:29.079119,213,0,0,0,0,0
2026-08-13T03:48:29.082149,214,0,0,0,0,0
2026-08-13T03:48:29.083674,216,0,0,0,0,0
2026-08-13T03:48:29.083674,216,0,0,0,0,0
2026-08-13T03:48:29.083674,217,0,0,0,0,0
2026-08-13T03:48:29.086706,216,0,0,0,0,0
2026-08-13T03:48:29.087689,216,0,0,0,0,0
2026-08-13T03:48:29.087689,215,0,0,0,0,0
2026-08-13T03:48:29.091225,214,0,0,0,0,0
2026-08-13T03:48:29.091225,215,0,0,0,0,0
2026-08-13T03:48:29.092224,213,0,0,0,0,0
2026-08-13T03:48:29.094772,213,0,0,0,0,0
2026-08-13T03:48:29.095772,211,0,0,0,0,0
2026-08-13T03:48:29.095772,211,0,0,0,0,0
2026-08-13T03:48:29.096772,210,0,0,0,0,0
2026-08-13T03:48:29.099644,210,0,0,0,0,0
2026-08-13T03:48:29.099644,210,0,0,0,0,0
2026-08-13T03:48:29.100666,209,0,0,0,0,0
2026-08-13T03:48:29.103743,210,0,0,0,0,0
2026-08-13T03:48:29.103743,211,0,0,0,0,0
2026-08-13T03:48:29.104851,212,0,0,0,0,0
2026-08-13T03:48:29.104851,213,0,0,0,0,0
2026-08-13T03:48:29.106865,212,0,0,0,0,0
2026-08-13T03:48:29.107850,213,0,0,0,0,0
2026-08-13T03:48:29.108855,211,0,0,0,0,0
2026-08-13T03:48:29.111850,212,0,0,0,0,0
2026-08-13T03:48:29.111850,212,0,0,0,0,0
2026-08-13T03:48:29.112855,210,0,0,0,0,0
2026-08-13T03:48:29.113853,210,0,0,0,0,0
2026-08-13T03:48:29.115400,209,0,0,0,0,0
2026-08-13T03:48:29.116390,209,0,0,0,0,0
2026-08-13T03:48:29.116390,208,0,0,0,0,0
2026-08-13T03:48:29.119376,208,0,0,0,0,0
2026-08-13T03:48:29.120374,208,0,0,0,0,0
2026-08-13T03:48:29.120374,207,0,0,0,0,0
2026-08-13T03:48:29.123882,210,0,0,0,0,0
2026-08-13T03:48:29.124893,212,0,0,0,0,0
2026-08-13T03:48:29.124893,213,0,0,0,0,0
2026-08-13T03:48:29.125893,213,0,0,0,0,0
2026-08-13T03:48:29.127902,214,0,0,0,0,0
2026-08-13T03:48:29.127902,213,0,0,0,0,0
2026-08-13T03:48:29.128902,212,0,0,0,0,0
2026-08-13T03:48:29.132019,213,0,0,0,0,0
2026-08-13T03:48:29.132019,213,0,0,0,0,0
2026-08-13T03:48:29.132019,213,0,0,0,0,0
2026-08-13T03:48:29.133902,213,0,0,0,0,0
2026-08-13T03:48:29.136146,212,0,0,0,0,0
2026-08-13T03:48:29.136146,212,0,0,0,0,0
2026-08-13T03:48:29.136146,211,0,0,0,0,0
2026-08-13T03:48:29.140352,210,0,0,0,0,0
2026-08-13T03:48:29.140352,210,0,0,0,0,0
2026-08-13T03:48:29.141376,210,0,0,0,0,0
2026-08-13T03:48:29.141376,213,0,0,0,0,0
2026-08-13T03:48:29.143881,214,0,0,0,0,0
2026-08-13T03:48:29.144888,214,0,0,0,0,0
2026-08-13T03:48:29.144888,214,0,0,0,0,0
2026-08-13T03:48:29.147896,214,0,0,0,0,0
2026-08-13T03:48:29.147896,212,0,0,0,0,0
2026-08-13T03:48:29.149218,211,0,0,0,0,0
2026-08-13T03:48:29.149218,211,0,0,0,0,0
2026-08-13T03:48:29.152955,211,0,0,0,0,0
2026-08-13T03:48:29.152955,210,0,0,0,0,0
2026-08-13T03:48:29.152955,209,0,0,0,0,0
2026-08-13T03:48:29.156973,209,0,0,0,0,0
2026-08-13T03:48:29.156973,208,0,0,0,0,0
2026-08-13T03:48:29.156973,207,0,0,0,0,0
2026-08-13T03:48:29.161019,207,0,0,0,0,0
2026-08-13T03:48:29.161019,206,0,0,0,0,0
2026-08-13T03:48:29.161019,206,0,0,0,0,0
2026-08-13T03:48:29.162036,209,0,0,0,0,0
2026-08-13T03:48:29.164939,210,0,0,0,0,0
2026-08-13T03:48:29.164939,210,0,0,0,0,0
2026-08-13T03:48:29.164939,208,0,0,0,0,0
2026-08-13T03:48:29.168955,208,0,0,0,0,0
2026-08-13T03:48:29.168955,207,0,0,0,0,0
2026-08-13T03:48:29.169940,206,0,0,0,0,0
2026-08-13T03:48:29.169940,207,0,0,0,0,0
2026-08-13T03:48:29.172363,206,0,0,0,0,0
2026-08-13T03:48:29.173872,205,0,0,0,0,0
2026-08-13T03:48:29.173872,205,0,0,0,0,0
2026-08-13T03:48:29.176882,203,0,0,0,0,0
2026-08-13T03:48:29.177883,202,0,0,0,0,0
2026-08-13T03:48:29.178884,201,0,0,0,0,0
2026-08-13T03:48:29.179886,200,0,0,0,0,0
2026-08-13T03:48:29.180888,200,0,0,0,0,0
2026-08-13T03:48:29.180888,201,0,0,0,0,0
2026-08-13T03:48:29.182202,203,0,0,0,0,0
2026-08-13T03:48:29.184719,203,0,0,0,0,0
2026-08-13T03:48:29.185792,203,0,0,0,0,0
2026-08-13T03:48:29.185792,203,0,0,0,0,0
2026-08-13T03:48:29.186803,203,0,0,0,0,0
2026-08-13T03:48:29.189325,202,0,0,0,0,0
2026-08-13T03:48:29.190363,202,0,0,0,0,0
2026-08-13T03:48:29.190363,203,0,0,0,0,0
2026-08-13T03:48:29.192347,202,0,0,0,0,0
2026-08-13T03:48:29.193858,203,0,0,0,0,0
2026-08-13T03:48:29.193858,202,0,0,0,0,0
2026-08-13T03:48:29.197865,202,0,0,0,0,0
2026-08-13T03:48:29.197865,201,0,0,0,0,0
2026-08-13T03:48:29.198866,201,0,0,0,0,0
2026-08-13T03:48:29.198866,202,0,0,0,0,0
2026-08-13T03:48:29.201886,201,0,0,0,0,0
2026-08-13T03:48:29.201886,203,0,0,0,0,0
2026-08-13T03:48:29.202869,205,0,0,0,0,0
2026-08-13T03:48:29.205392,204,0,0,0,0,0
2026-08-13T03:48:29.206402,205,0,0,0,0,0
2026-08-13T03:48:29.207403,205,0,0,0,0,0
2026-08-13T03:48:29.208403,205,0,0,0,0,0
2026-08-13T03:48:29.209406,203,0,0,0,0,0
2026-08-13T03:48:29.210612,202,0,0,0,0,0
2026-08-13T03:48:29.210612,203,0,0,0,0,0
2026-08-13T03:48:29.214176,202,0,0,0,0,0
2026-08-13T03:48:29.214176,202,0,0,0,0,0
2026-08-13T03:48:29.215349,201,0,0,0,0,0
2026-08-13T03:48:29.215349,201,0,0,0,0,0
2026-08-13T03:48:29.217510,200,0,0,0,0,0
2026-08-13T03:48:29.218519,200,0,0,0,0,0
2026-08-13T03:48:29.219518,201,0,0,0,0,0
2026-08-13T03:48:29.221520,201,0,0,0,0,0
2026-08-13T03:48:29.222518,203,0,0,0,0,0
2026-08-13T03:48:29.223023,205,0,0,0,0,0
2026-08-13T03:48:29.225993,206,0,0,0,0,0
2026-08-13T03:48:29.226999,206,0,0,0,0,0
2026-08-13T03:48:29.226999,205,0,0,0,0,0
2026-08-13T03:48:29.228000,204,0,0,0,0,0
2026-08-13T03:48:29.229670,204,0,0,0,0,0
2026-08-13T03:48:29.230892,204,0,0,0,0,0
2026-08-13T03:48:29.230892,203,0,0,0,0,0
2026-08-13T03:48:29.234368,203,0,0,0,0,0
2026-08-13T03:48:29.234935,203,0,0,0,0,0
2026-08-13T03:48:29.235528,202,0,0,0,0,0
2026-08-13T03:48:29.235528,202,0,0,0,0,0
2026-08-13T03:48:29.238927,200,0,0,0,0,0
2026-08-13T03:48:29.238927,200,0,0,0,0,0
2026-08-13T03:48:29.238927,200,0,0,0,0,0
2026-08-13T03:48:29.242416,201,0,0,0,0,0
2026-08-13T03:48:29.242416,204,0,0,0,0,0
2026-08-13T03:48:29.243925,205,0,0,0,0,0
2026-08-13T03:48:29.243925,205,0,0,0,0,0
2026-08-13T03:48:29.246159,205,0,0,0,0,0
2026-08-13T03:48:29.247446,205,0,0,0,0,0
2026-08-13T03:48:29.247446,203,0,0,0,0,0
2026-08-13T03:48:29.250398,202,0,0,0,0,0
2026-08-13T03:48:29.251426,203,0,0,0,0,0
2026-08-13T03:48:29.251426,202,0,0,0,0,0
2026-08-13T03:48:29.251426,202,0,0,0,0,0
2026-08-13T03:48:29.255211,202,0,0,0,0,0
2026-08-13T03:48:29.255211,201,0,0,0,0,0
2026-08-13T03:48:29.255211,200,0,0,0,0,0
2026-08-13T03:48:29.258631,199,0,0,0,0,0
2026-08-13T03:48:29.258631,200,0,0,0,0,0
2026-08-13T03:48:29.258631,200,0,0,0,0,0
2026-08-13T03:48:29.262572,201,0,0,0,0,0
2026-08-13T03:48:29.263576,203,0,0,0,0,0
2026-08-13T03:48:29.263576,203,0,0,0,0,0
2026-08-13T03:48:29.264583,204,0,0,0,0,0
2026-08-13T03:48:29.267380,203,0,0,0,0,0
2026-08-13T03:48:29.267380,203,0,0,0,0,0
2026-08-13T03:48:29.268399,201,0,0,0,0,0
2026-08-13T03:48:29.270494,201,0,0,0,0,0
2026-08-13T03:48:29.271760,202,0,0,0,0,0
2026-08-13T03:48:29.271760,201,0,0,0,0,0
2026-08-13T03:48:29.272871,201,0,0,0,0,0
2026-08-13T03:48:29.274935,200,0,0,0,0,0
2026-08-13T03:48:29.275936,200,0,0,0,0,0
2026-08-13T03:48:29.276933,200,0,0,0,0,0
2026-08-13T03:48:29.279301,199,0,0,0,0,0
2026-08-13T03:48:29.280313,199,0,0,0,0,0
2026-08-13T03:48:29.280313,199,0,0,0,0,0
2026-08-13T03:48:29.280313,200,0,0,0,0,0
2026-08-13T03:48:29.283524,203,0,0,0,0,0
2026-08-13T03:48:29.284066,203,0,0,0,0,0
2026-08-13T03:48:29.284066,203,0,0,0,0,0
2026-08-13T03:48:29.287452,203,0,0,0,0,0
2026-08-13T03:48:29.288470,203,0,0,0,0,0
2026-08-13T03:48:29.288470,203,0,0,0,0,0
2026-08-13T03:48:29.291655,202,0,0,0,0,0
2026-08-13T03:48:29.291655,202,0,0,0,0,0
2026-08-13T03:48:29.292645,202,0,0,0,0,0
2026-08-13T03:48:29.292645,202,0,0,0,0,0
2026-08-13T03:48:29.296139,202,0,0,0,0,0
2026-08-13T03:48:29.296139,201,0,0,0,0,0
2026-08-13T03:48:29.296139,200,0,0,0,0,0
2026-08-13T03:48:29.299162,199,0,0,0,0,0
2026-08-13T03:48:29.300603,201,0,0,0,0,0
2026-08-13T03:48:29.300603,201,0,0,0,0,0
2026-08-13T03:48:29.300603,204,0,0,0,0,0
2026-08-13T03:48:29.304626,205,0,0,0,0,0
2026-08-13T03:48:29.304626,205,0,0,0,0,0
2026-08-13T03:48:29.305610,206,0,0,0,0,0
2026-08-13T03:48:29.307609,206,0,0,0,0,0
2026-08-13T03:48:29.308934,206,0,0,0,0,0
2026-08-13T03:48:29.308934,204,0,0,0,0,0
2026-08-13T03:48:29.308934,205,0,0,0,0,0
2026-08-13T03:48:29.311972,205,0,0,0,0,0
2026-08-13T03:48:29.312950,205,0,0,0,0,0
2026-08-13T03:48:29.312950,205,0,0,0,0,0
2026-08-13T03:48:29.315864,204,0,0,0,0,0
2026-08-13T03:48:29.316883,204,0,0,0,0,0
2026-08-13T03:48:29.316883,203,0,0,0,0,0
2026-08-13T03:48:29.316883,204,0,0,0,0,0
2026-08-13T03:48:29.320353,204,0,0,0,0,0
2026-08-13T03:48:29.320353,204,0,0,0,0,0
2026-08-13T03:48:29.321374,206,0,0,0,0,0
2026-08-13T03:48:29.324580,207,0,0,0,0,0
2026-08-13T03:48:29.324580,208,0,0,0,0,0
2026-08-13T03:48:29.325582,209,0,0,0,0,0
2026-08-13T03:48:29.328971,208,0,0,0,0,0
2026-08-13T03:48:29.328971,207,0,0,0,0,0
2026-08-13T03:48:29.330371,207,0,0,0,0,0
2026-08-13T03:48:29.330371,207,0,0,0,0,0
2026-08-13T03:48:29.332910,207,0,0,0,0,0
2026-08-13T03:48:29.332910,206,0,0,0,0,0
2026-08-13T03:48:29.333922,206,0,0,0,0,0
2026-08-13T03:48:29.337033,206,0,0,0,0,0
2026-08-13T03:48:29.337033,205,0,0,0,0,0
2026-08-13T03:48:29.338013,204,0,0,0,0,0
2026-08-13T03:48:29.338013,204,0,0,0,0,0
2026-08-13T03:48:29.341012,204,0,0,0,0,0
2026-08-13T03:48:29.341012,205,0,0,0,0,0
2026-08-13T03:48:29.342015,207,0,0,0,0,0
2026-08-13T03:48:29.345068,207,0,0,0,0,0
2026-08-13T03:48:29.345068,208,0,0,0,0,0
2026-08-13T03:48:29.346075,207,0,0,0,0,0
2026-08-13T03:48:29.346075,207,0,0,0,0,0
2026-08-13T03:48:29.349445,206,0,0,0,0,0
2026-08-13T03:48:29.349445,206,0,0,0,0,0
2026-08-13T03:48:29.350592,206,0,0,0,0,0
2026-08-13T03:48:29.352798,205,0,0,0,0,0
2026-08-13T03:48:29.353798,205,0,0,0,0,0
2026-08-13T03:48:29.354310,205,0,0,0,0,0
2026-08-13T03:48:29.357661,204,0,0,0,0,0
2026-08-13T03:48:29.357661,203,0,0,0,0,0
2026-08-13T03:48:29.358993,202,0,0,0,0,0
2026-08-13T03:48:29.358993,202,0,0,0,0,0
2026-08-13T03:48:29.361002,202,0,0,0,0,0
2026-08-13T03:48:29.361002,204,0,0,0,0,0
2026-08-13T03:48:29.362180,206,0,0,0,0,0
2026-08-13T03:48:29.364915,207,0,0,0,0,0
2026-08-13T03:48:29.364915,207,0,0,0,0,0
2026-08-13T03:48:29.366264,207,0,0,0,0,0
2026-08-13T03:48:29.366264,206,0,0,0,0,0
2026-08-13T03:48:29.369681,205,0,0,0,0,0
2026-08-13T03:48:29.369681,205,0,0,0,0,0
2026-08-13T03:48:29.369681,206,0,0,0,0,0
2026-08-13T03:48:29.373566,205,0,0,0,0,0
2026-08-13T03:48:29.373566,205,0,0,0,0,0
2026-08-13T03:48:29.374730,204,0,0,0,0,0
2026-08-13T03:48:29.374730,204,0,0,0,0,0
2026-08-13T03:48:29.377297,203,0,0,0,0,0
2026-08-13T03:48:29.377297,203,0,0,0,0,0
2026-08-13T03:48:29.378579,203,0,0,0,0,0
2026-08-13T03:48:29.381984,203,0,0,0,0,0
2026-08-13T03:48:29.381984,205,0,0,0,0,0
2026-08-13T03:48:29.383002,207,0,0,0,0,0
2026-08-13T03:48:29.383002,207,0,0,0,0,0
2026-08-13T03:48:29.385945,208,0,0,0,0,0
2026-08-13T03:48:29.386954,208,0,0,0,0,0
2026-08-13T03:48:29.386954,207,0,0,0,0,0
2026-08-13T03:48:29.390407,206,0,0,0,0,0
2026-08-13T03:48:29.390407,206,0,0,0,0,0
2026-08-13T03:48:29.391416,207,0,0,0,0,0
2026-08-13T03:48:29.394597,206,0,0,0,0,0
2026-08-13T03:48:29.394597,206,0,0,0,0,0
2026-08-13T03:48:29.394597,205,0,0,0,0,0
2026-08-13T03:48:29.395581,205,0,0,0,0,0
2026-08-13T03:48:29.398595,204,0,0,0,0,0
2026-08-13T03:48:29.398595,204,0,0,0,0,0
2026-08-13T03:48:29.398595,203,0,0,0,0,0
2026-08-13T03:48:29.402000,203,0,0,0,0,0
2026-08-13T03:48:29.403010,206,0,0,0,0,0
2026-08-13T03:48:29.403010,208,0,0,0,0,0
2026-08-13T03:48:29.403010,208,0,0,0,0,0
2026-08-13T03:48:29.406064,208,0,0,0,0,0
2026-08-13T03:48:29.407044,208,0,0,0,0,0
2026-08-13T03:48:29.407044,207,0,0,0,0,0
2026-08-13T03:48:29.410896,206,0,0,0,0,0
2026-08-13T03:48:29.410896,206,0,0,0,0,0
2026-08-13T03:48:29.410896,205,0,0,0,0,0
2026-08-13T03:48:29.411938,205,0,0,0,0,0
2026-08-13T03:48:29.414945,205,0,0,0,0,0
2026-08-13T03:48:29.414945,204,0,0,0,0,0
2026-08-13T03:48:29.415950,204,0,0,0,0,0
2026-08-13T03:48:29.419073,203,0,0,0,0,0
2026-08-13T03:48:29.419073,202,0,0,0,0,0
2026-08-13T03:48:29.420103,201,0,0,0,0,0
2026-08-13T03:48:29.420103,203,0,0,0,0,0
2026-08-13T03:48:29.423168,206,0,0,0,0,0
2026-08-13T03:48:29.423701,206,0,0,0,0,0
2026-08-13T03:48:29.424715,207,0,0,0,0,0
2026-08-13T03:48:29.427269,207,0,0,0,0,0
2026-08-13T03:48:29.427269,207,0,0,0,0,0
2026-08-13T03:48:29.428299,206,0,0,0,0,0
2026-08-13T03:48:29.431286,205,0,0,0,0,0
2026-08-13T03:48:29.432299,206,0,0,0,0,0
2026-08-13T03:48:29.432299,206,0,0,0,0,0
2026-08-13T03:48:29.432299,205,0,0,0,0,0
2026-08-13T03:48:29.434840,206,0,0,0,0,0
2026-08-13T03:48:29.435839,204,0,0,0,0,0
2026-08-13T03:48:29.435839,203,0,0,0,0,0
2026-08-13T03:48:29.439601,203,0,0,0,0,0
2026-08-13T03:48:29.439601,204,0,0,0,0,0
2026-08-13T03:48:29.440603,203,0,0,0,0,0
2026-08-13T03:48:29.441605,204,0,0,0,0,0
2026-08-13T03:48:29.443603,207,0,0,0,0,0
2026-08-13T03:48:29.444112,208,0,0,0,0,0
2026-08-13T03:48:29.444112,208,0,0,0,0,0
2026-08-13T03:48:29.447135,208,0,0,0,0,0
2026-08-13T03:48:29.448136,207,0,0,0,0,0
2026-08-13T03:48:29.449138,206,0,0,0,0,0
2026-08-13T03:48:29.449138,206,0,0,0,0,0
2026-08-13T03:48:29.451148,206,0,0,0,0,0
2026-08-13T03:48:29.452133,206,0,0,0,0,0
2026-08-13T03:48:29.452133,205,0,0,0,0,0
2026-08-13T03:48:29.455688,205,0,0,0,0,0
2026-08-13T03:48:29.455688,204,0,0,0,0,0
2026-08-13T03:48:29.456686,204,0,0,0,0,0
2026-08-13T03:48:29.459689,202,0,0,0,0,0
2026-08-13T03:48:29.460670,203,0,0,0,0,0
2026-08-13T03:48:29.460670,202,0,0,0,0,0
2026-08-13T03:48:29.461675,204,0,0,0,0,0
2026-08-13T03:48:29.464119,206,0,0,0,0,0
2026-08-13T03:48:29.464119,206,0,0,0,0,0
2026-08-13T03:48:29.465241,207,0,0,0,0,0
2026-08-13T03:48:29.468219,207,0,0,0,0,0
2026-08-13T03:48:29.468219,207,0,0,0,0,0
2026-08-13T03:48:29.469250,205,0,0,0,0,0
2026-08-13T03:48:29.470236,206,0,0,0,0,0
2026-08-13T03:48:29.471787,206,0,0,0,0,0
2026-08-13T03:48:29.472823,205,0,0,0,0,0
2026-08-13T03:48:29.472823,205,0,0,0,0,0
2026-08-13T03:48:29.476344,204,0,0,0,0,0
2026-08-13T03:48:29.476344,204,0,0,0,0,0
2026-08-13T03:48:29.477332,203,0,0,0,0,0
2026-08-13T03:48:29.478333,203,0,0,0,0,0
2026-08-13T03:48:29.480336,203,0,0,0,0,0
2026-08-13T03:48:29.481332,203,0,0,0,0,0
2026-08-13T03:48:29.481332,205,0,0,0,0,0
2026-08-13T03:48:29.483883,207,0,0,0,0,0
2026-08-13T03:48:29.484893,207,0,0,0,0,0
2026-08-13T03:48:29.485894,208,0,0,0,0,0
2026-08-13T03:48:29.485894,207,0,0,0,0,0
2026-08-13T03:48:29.488892,206,0,0,0,0,0
2026-08-13T03:48:29.489428,205,0,0,0,0,0
2026-08-13T03:48:29.489428,205,0,0,0,0,0
2026-08-13T03:48:29.492423,205,0,0,0,0,0
2026-08-13T03:48:29.492423,205,0,0,0,0,0
2026-08-13T03:48:29.493930,205,0,0,0,0,0
2026-08-13T03:48:29.496966,203,0,0,0,0,0
2026-08-13T03:48:29.496966,204,0,0,0,0,0
2026-08-13T03:48:29.497967,202,0,0,0,0,0
2026-08-13T03:48:29.497967,202,0,0,0,0,0
2026-08-13T03:48:29.500994,202,0,0,0,0,0
2026-08-13T03:48:29.500994,202,0,0,0,0,0
2026-08-13T03:48:29.502011,205,0,0,0,0,0
2026-08-13T03:48:29.504618,206,0,0,0,0,0
2026-08-13T03:48:29.504618,206,0,0,0,0,0
2026-08-13T03:48:29.506109,206,0,0,0,0,0
2026-08-13T03:48:29.507094,205,0,0,0,0,0
2026-08-13T03:48:29.509094,203,0,0,0,0,0
2026-08-13T03:48:29.509094,203,0,0,0,0,0
2026-08-13T03:48:29.510300,204,0,0,0,0,0
2026-08-13T03:48:29.513294,203,0,0,0,0,0
2026-08-13T03:48:29.513818,203,0,0,0,0,0
2026-08-13T03:48:29.514835,203,0,0,0,0,0
2026-08-13T03:48:29.515837,202,0,0,0,0,0
2026-08-13T03:48:29.517368,201,0,0,0,0,0
2026-08-13T03:48:29.517368,200,0,0,0,0,0
2026-08-13T03:48:29.518398,199,0,0,0,0,0
2026-08-13T03:48:29.520922,199,0,0,0,0,0
2026-08-13T03:48:29.521922,200,0,0,0,0,0
2026-08-13T03:48:29.522922,203,0,0,0,0,0
2026-08-13T03:48:29.524960,203,0,0,0,0,0
2026-08-13T03:48:29.526074,203,0,0,0,0,0
2026-08-13T03:48:29.527085,202,0,0,0,0,0
2026-08-13T03:48:29.527085,202,0,0,0,0,0
2026-08-13T03:48:29.529086,201,0,0,0,0,0
2026-08-13T03:48:29.530086,199,0,0,0,0,0
2026-08-13T03:48:29.530086,199,0,0,0,0,0
2026-08-13T03:48:29.533594,197,0,0,0,0,0
2026-08-13T03:48:29.533594,196,0,0,0,0,0
2026-08-13T03:48:29.534608,194,0,0,0,0,0
2026-08-13T03:48:29.535608,192,0,0,0,0,0
2026-08-13T03:48:29.537617,190,0,0,0,0,0
2026-08-13T03:48:29.537617,189,0,0,0,0,0
2026-08-13T03:48:29.538605,189,0,0,0,0,0
2026-08-13T03:48:29.541771,188,0,0,0,0,0
2026-08-13T03:48:29.542282,189,0,0,0,0,0
2026-08-13T03:48:29.542282,191,0,0,0,0,0
2026-08-13T03:48:29.543794,190,0,0,0,0,0
2026-08-13T03:48:29.546046,191,0,0,0,0,0
2026-08-13T03:48:29.546046,190,0,0,0,0,0
2026-08-13T03:48:29.547082,190,0,0,0,0,0
2026-08-13T03:48:29.550143,188,0,0,0,0,0
2026-08-13T03:48:29.550143,188,0,0,0,0,0
2026-08-13T03:48:29.551159,187,0,0,0,0,0
2026-08-13T03:48:29.551159,188,0,0,0,0,0
2026-08-13T03:48:29.553726,187,0,0,0,0,0
2026-08-13T03:48:29.554759,186,0,0,0,0,0
2026-08-13T03:48:29.555741,186,0,0,0,0,0
2026-08-13T03:48:29.557739,184,0,0,0,0,0
2026-08-13T03:48:29.558762,184,0,0,0,0,0
2026-08-13T03:48:29.559739,184,0,0,0,0,0
2026-08-13T03:48:29.561738,183,0,0,0,0,0
2026-08-13T03:48:29.562738,185,0,0,0,0,0
2026-08-13T03:48:29.563740,186,0,0,0,0,0
2026-08-13T03:48:29.564253,186,0,0,0,0,0
2026-08-13T03:48:29.566287,186,0,0,0,0,0
2026-08-13T03:48:29.567264,184,0,0,0,0,0
2026-08-13T03:48:29.567264,183,0,0,0,0,0
2026-08-13T03:48:29.570324,181,0,0,0,0,0
2026-08-13T03:48:29.571317,180,0,0,0,0,0
2026-08-13T03:48:29.571317,179,0,0,0,0,0
2026-08-13T03:48:29.572311,177,0,0,0,0,0
2026-08-13T03:48:29.574635,177,0,0,0,0,0
2026-08-13T03:48:29.575638,176,0,0,0,0,0
2026-08-13T03:48:29.575638,176,0,0,0,0,0
2026-08-13T03:48:29.578662,175,0,0,0,0,0
2026-08-13T03:48:29.578662,175,0,0,0,0,0
2026-08-13T03:48:29.579647,175,0,0,0,0,0
2026-08-13T03:48:29.579647,175,0,0,0,0,0
2026-08-13T03:48:29.582920,177,0,0,0,0,0
2026-08-13T03:48:29.582920,179,0,0,0,0,0
2026-08-13T03:48:29.583934,178,0,0,0,0,0
2026-08-13T03:48:29.586955,178,0,0,0,0,0
2026-08-13T03:48:29.587950,178,0,0,0,0,0
2026-08-13T03:48:29.587950,177,0,0,0,0,0
2026-08-13T03:48:29.590504,177,0,0,0,0,0
2026-08-13T03:48:29.591506,177,0,0,0,0,0
2026-08-13T03:48:29.592503,176,0,0,0,0,0
2026-08-13T03:48:29.592503,177,0,0,0,0,0
2026-08-13T03:48:29.595184,177,0,0,0,0,0
2026-08-13T03:48:29.595184,176,0,0,0,0,0
2026-08-13T03:48:29.596192,175,0,0,0,0,0
2026-08-13T03:48:29.599292,175,0,0,0,0,0
2026-08-13T03:48:29.599292,176,0,0,0,0,0
2026-08-13T03:48:29.600308,176,0,0,0,0,0
2026-08-13T03:48:29.601321,176,0,0,0,0,0
2026-08-13T03:48:29.602308,178,0,0,0,0,0
2026-08-13T03:48:29.603819,179,0,0,0,0,0
2026-08-13T03:48:29.604833,180,0,0,0,0,0
2026-08-13T03:48:29.606846,179,0,0,0,0,0
2026-08-13T03:48:29.607834,178,0,0,0,0,0
2026-08-13T03:48:29.608835,176,0,0,0,0,0
2026-08-13T03:48:29.608835,175,0,0,0,0,0
2026-08-13T03:48:29.610834,175,0,0,0,0,0
2026-08-13T03:48:29.611832,175,0,0,0,0,0
2026-08-13T03:48:29.612831,174,0,0,0,0,0
2026-08-13T03:48:29.615398,174,0,0,0,0,0
2026-08-13T03:48:29.616396,173,0,0,0,0,0
2026-08-13T03:48:29.616396,173,0,0,0,0,0
2026-08-13T03:48:29.617383,172,0,0,0,0,0
2026-08-13T03:48:29.619383,173,0,0,0,0,0
2026-08-13T03:48:29.620381,173,0,0,0,0,0
2026-08-13T03:48:29.620381,175,0,0,0,0,0
2026-08-13T03:48:29.623890,177,0,0,0,0,0
2026-08-13T03:48:29.624902,179,0,0,0,0,0
2026-08-13T03:48:29.625902,180,0,0,0,0,0
2026-08-13T03:48:29.627933,180,0,0,0,0,0
2026-08-13T03:48:29.627933,179,0,0,0,0,0
2026-08-13T03:48:29.628919,180,0,0,0,0,0
2026-08-13T03:48:29.628919,179,0,0,0,0,0
2026-08-13T03:48:29.632143,180,0,0,0,0,0
2026-08-13T03:48:29.632143,178,0,0,0,0,0
2026-08-13T03:48:29.632143,177,0,0,0,0,0
2026-08-13T03:48:29.635301,177,0,0,0,0,0
2026-08-13T03:48:29.636315,175,0,0,0,0,0
2026-08-13T03:48:29.637314,174,0,0,0,0,0
2026-08-13T03:48:29.637314,173,0,0,0,0,0
2026-08-13T03:48:29.640314,173,0,0,0,0,0
2026-08-13T03:48:29.640314,173,0,0,0,0,0
2026-08-13T03:48:29.641316,175,0,0,0,0,0
2026-08-13T03:48:29.643832,177,0,0,0,0,0
2026-08-13T03:48:29.644843,178,0,0,0,0,0
2026-08-13T03:48:29.645841,179,0,0,0,0,0
2026-08-13T03:48:29.645841,179,0,0,0,0,0
2026-08-13T03:48:29.647865,179,0,0,0,0,0
2026-08-13T03:48:29.648854,179,0,0,0,0,0
2026-08-13T03:48:29.648854,179,0,0,0,0,0
2026-08-13T03:48:29.651889,180,0,0,0,0,0
2026-08-13T03:48:29.652877,179,0,0,0,0,0
2026-08-13T03:48:29.652877,179,0,0,0,0,0
2026-08-13T03:48:29.652877,179,0,0,0,0,0
2026-08-13T03:48:29.656329,179,0,0,0,0,0
2026-08-13T03:48:29.656329,178,0,0,0,0,0
2026-08-13T03:48:29.657344,177,0,0,0,0,0
2026-08-13T03:48:29.660844,178,0,0,0,0,0
2026-08-13T03:48:29.660844,178,0,0,0,0,0
2026-08-13T03:48:29.660844,180,0,0,0,0,0
2026-08-13T03:48:29.664620,181,0,0,0,0,0
2026-08-13T03:48:29.664620,182,0,0,0,0,0
2026-08-13T03:48:29.664620,182,0,0,0,0,0
2026-08-13T03:48:29.665904,182,0,0,0,0,0
2026-08-13T03:48:29.668919,180,0,0,0,0,0
2026-08-13T03:48:29.668919,179,0,0,0,0,0
2026-08-13T03:48:29.668919,179,0,0,0,0,0
2026-08-13T03:48:29.672389,179,0,0,0,0,0
2026-08-13T03:48:29.672389,178,0,0,0,0,0
2026-08-13T03:48:29.673904,178,0,0,0,0,0
2026-08-13T03:48:29.674922,177,0,0,0,0,0
2026-08-13T03:48:29.676931,176,0,0,0,0,0
2026-08-13T03:48:29.676931,175,0,0,0,0,0
2026-08-13T03:48:29.677926,176,0,0,0,0,0
2026-08-13T03:48:29.681168,175,0,0,0,0,0
2026-08-13T03:48:29.681168,175,0,0,0,0,0
2026-08-13T03:48:29.682168,178,0,0,0,0,0
2026-08-13T03:48:29.682168,179,0,0,0,0,0
2026-08-13T03:48:29.684739,180,0,0,0,0,0
2026-08-13T03:48:29.685724,181,0,0,0,0,0
2026-08-13T03:48:29.685724,179,0,0,0,0,0
2026-08-13T03:48:29.689419,180,0,0,0,0,0
2026-08-13T03:48:29.689419,178,0,0,0,0,0
2026-08-13T03:48:29.690485,180,0,0,0,0,0
2026-08-13T03:48:29.693497,179,0,0,0,0,0
2026-08-13T03:48:29.693497,179,0,0,0,0,0
2026-08-13T03:48:29.694500,179,0,0,0,0,0
2026-08-13T03:48:29.695012,179,0,0,0,0,0
2026-08-13T03:48:29.697025,179,0,0,0,0,0
2026-08-13T03:48:29.698022,178,0,0,0,0,0
2026-08-13T03:48:29.698022,179,0,0,0,0,0
2026-08-13T03:48:29.701035,179,0,0,0,0,0
2026-08-13T03:48:29.702034,181,0,0,0,0,0
2026-08-13T03:48:29.702034,183,0,0,0,0,0
2026-08-13T03:48:29.703021,184,0,0,0,0,0
2026-08-13T03:48:29.705552,185,0,0,0,0,0
2026-08-13T03:48:29.705552,184,0,0,0,0,0
2026-08-13T03:48:29.706550,184,0,0,0,0,0
2026-08-13T03:48:29.709551,182,0,0,0,0,0
2026-08-13T03:48:29.710550,182,0,0,0,0,0
2026-08-13T03:48:29.710550,182,0,0,0,0,0
2026-08-13T03:48:29.711554,180,0,0,0,0,0
2026-08-13T03:48:29.713569,180,0,0,0,0,0
2026-08-13T03:48:29.713569,181,0,0,0,0,0
2026-08-13T03:48:29.714779,179,0,0,0,0,0
2026-08-13T03:48:29.718069,178,0,0,0,0,0
2026-08-13T03:48:29.718069,177,0,0,0,0,0
2026-08-13T03:48:29.719086,178,0,0,0,0,0
2026-08-13T03:48:29.719086,178,0,0,0,0,0
2026-08-13T03:48:29.722203,180,0,0,0,0,0
2026-08-13T03:48:29.722203,181,0,0,0,0,0
2026-08-13T03:48:29.722203,182,0,0,0,0,0
2026-08-13T03:48:29.725734,184,0,0,0,0,0
2026-08-13T03:48:29.726718,183,0,0,0,0,0
2026-08-13T03:48:29.727724,182,0,0,0,0,0
2026-08-13T03:48:29.729915,181,0,0,0,0,0
2026-08-13T03:48:29.730932,180,0,0,0,0,0
2026-08-13T03:48:29.731927,181,0,0,0,0,0
2026-08-13T03:48:29.731927,180,0,0,0,0,0
2026-08-13T03:48:29.734482,180,0,0,0,0,0
2026-08-13T03:48:29.735511,179,0,0,0,0,0
2026-08-13T03:48:29.736048,178,0,0,0,0,0
2026-08-13T03:48:29.738619,178,0,0,0,0,0
2026-08-13T03:48:29.738619,178,0,0,0,0,0
2026-08-13T03:48:29.738619,178,0,0,0,0,0
2026-08-13T03:48:29.738619,178,0,0,0,0,0
2026-08-13T03:48:29.742882,180,0,0,0,0,0
2026-08-13T03:48:29.743485,182,0,0,0,0,0
2026-08-13T03:48:29.743485,182,0,0,0,0,0
2026-08-13T03:48:29.746240,183,0,0,0,0,0
2026-08-13T03:48:29.747248,182,0,0,0,0,0
2026-08-13T03:48:29.747248,181,0,0,0,0,0
2026-08-13T03:48:29.747248,180,0,0,0,0,0
2026-08-13T03:48:29.750263,181,0,0,0,0,0
2026-08-13T03:48:29.751249,181,0,0,0,0,0
2026-08-13T03:48:29.751249,179,0,0,0,0,0
2026-08-13T03:48:29.754807,180,0,0,0,0,0
2026-08-13T03:48:29.754807,179,0,0,0,0,0
2026-08-13T03:48:29.755795,180,0,0,0,0,0
2026-08-13T03:48:29.758821,177,0,0,0,0,0
2026-08-13T03:48:29.758821,177,0,0,0,0,0
2026-08-13T03:48:29.759808,176,0,0,0,0,0
2026-08-13T03:48:29.759808,176,0,0,0,0,0
2026-08-13T03:48:29.762817,179,0,0,0,0,0
2026-08-13T03:48:29.762817,179,0,0,0,0,0
2026-08-13T03:48:29.763807,179,0,0,0,0,0
2026-08-13T03:48:29.767221,181,0,0,0,0,0
2026-08-13T03:48:29.767221,180,0,0,0,0,0
2026-08-13T03:48:29.768237,180,0,0,0,0,0
2026-08-13T03:48:29.768237,178,0,0,0,0,0
2026-08-13T03:48:29.771391,178,0,0,0,0,0
2026-08-13T03:48:29.771391,178,0,0,0,0,0
2026-08-13T03:48:29.772416,178,0,0,0,0,0
2026-08-13T03:48:29.774942,177,0,0,0,0,0
2026-08-13T03:48:29.775940,177,0,0,0,0,0
2026-08-13T03:48:29.775940,176,0,0,0,0,0
2026-08-13T03:48:29.776951,175,0,0,0,0,0
2026-08-13T03:48:29.778949,174,0,0,0,0,0
2026-08-13T03:48:29.779948,175,0,0,0,0,0
2026-08-13T03:48:29.779948,176,0,0,0,0,0
2026-08-13T03:48:29.782968,179,0,0,0,0,0
2026-08-13T03:48:29.783949,180,0,0,0,0,0
2026-08-13T03:48:29.784459,180,0,0,0,0,0
2026-08-13T03:48:29.785472,181,0,0,0,0,0
2026-08-13T03:48:29.787493,181,0,0,0,0,0
2026-08-13T03:48:29.787493,180,0,0,0,0,0
2026-08-13T03:48:29.788483,179,0,0,0,0,0
2026-08-13T03:48:29.791868,179,0,0,0,0,0
2026-08-13T03:48:29.791868,179,0,0,0,0,0
2026-08-13T03:48:29.792868,179,0,0,0,0,0
2026-08-13T03:48:29.795924,179,0,0,0,0,0
2026-08-13T03:48:29.795924,178,0,0,0,0,0
2026-08-13T03:48:29.796940,178,0,0,0,0,0
2026-08-13T03:48:29.796940,177,0,0,0,0,0
2026-08-13T03:48:29.799994,178,0,0,0,0,0
2026-08-13T03:48:29.799994,177,0,0,0,0,0
2026-08-13T03:48:29.801008,178,0,0,0,0,0
2026-08-13T03:48:29.804092,181,0,0,0,0,0
2026-08-13T03:48:29.804092,181,0,0,0,0,0
2026-08-13T03:48:29.804092,183,0,0,0,0,0
2026-08-13T03:48:29.805220,182,0,0,0,0,0
2026-08-13T03:48:29.808217,181,0,0,0,0,0
2026-08-13T03:48:29.808217,181,0,0,0,0,0
2026-08-13T03:48:29.809219,179,0,0,0,0,0
2026-08-13T03:48:29.812219,180,0,0,0,0,0
2026-08-13T03:48:29.812219,180,0,0,0,0,0
2026-08-13T03:48:29.812219,180,0,0,0,0,0
2026-08-13T03:48:29.813726,179,0,0,0,0,0
2026-08-13T03:48:29.815758,178,0,0,0,0,0
2026-08-13T03:48:29.816733,178,0,0,0,0,0
2026-08-13T03:48:29.816733,177,0,0,0,0,0
2026-08-13T03:48:29.819748,178,0,0,0,0,0
2026-08-13T03:48:29.820733,177,0,0,0,0,0
2026-08-13T03:48:29.820733,179,0,0,0,0,0
2026-08-13T03:48:29.824731,181,0,0,0,0,0
2026-08-13T03:48:29.824731,181,0,0,0,0,0
2026-08-13T03:48:29.824731,181,0,0,0,0,0
2026-08-13T03:48:29.825738,181,0,0,0,0,0
2026-08-13T03:48:29.828669,181,0,0,0,0,0
2026-08-13T03:48:29.828669,180,0,0,0,0,0
2026-08-13T03:48:29.828669,180,0,0,0,0,0
2026-08-13T03:48:29.832311,180,0,0,0,0,0
2026-08-13T03:48:29.832311,180,0,0,0,0,0
2026-08-13T03:48:29.832311,180,0,0,0,0,0
2026-08-13T03:48:29.833819,180,0,0,0,0,0
2026-08-13T03:48:29.836839,178,0,0,0,0,0
2026-08-13T03:48:29.836839,177,0,0,0,0,0
2026-08-13T03:48:29.836839,177,0,0,0,0,0
2026-08-13T03:48:29.840832,177,0,0,0,0,0
2026-08-13T03:48:29.840832,177,0,0,0,0,0
2026-08-13T03:48:29.841830,179,0,0,0,0,0
2026-08-13T03:48:29.842844,181,0,0,0,0,0
2026-08-13T03:48:29.844862,182,0,0,0,0,0
2026-08-13T03:48:29.844862,182,0,0,0,0,0
2026-08-13T03:48:29.845865,182,0,0,0,0,0
2026-08-13T03:48:29.849143,182,0,0,0,0,0
2026-08-13T03:48:29.849143,180,0,0,0,0,0
2026-08-13T03:48:29.850159,180,0,0,0,0,0
2026-08-13T03:48:29.850159,180,0,0,0,0,0
2026-08-13T03:48:29.852175,179,0,0,0,0,0
2026-08-13T03:48:29.853686,179,0,0,0,0,0
2026-08-13T03:48:29.853686,179,0,0,0,0,0
2026-08-13T03:48:29.857026,178,0,0,0,0,0
2026-08-13T03:48:29.857841,177,0,0,0,0,0
2026-08-13T03:48:29.857841,177,0,0,0,0,0
2026-08-13T03:48:29.860853,178,0,0,0,0,0
2026-08-13T03:48:29.861854,177,0,0,0,0,0
2026-08-13T03:48:29.861854,180,0,0,0,0,0
2026-08-13T03:48:29.862851,182,0,0,0,0,0
2026-08-13T03:48:29.865367,182,0,0,0,0,0
2026-08-13T03:48:29.865367,182,0,0,0,0,0
2026-08-13T03:48:29.866372,182,0,0,0,0,0
2026-08-13T03:48:29.868493,181,0,0,0,0,0
2026-08-13T03:48:29.869796,180,0,0,0,0,0
2026-08-13T03:48:29.870796,180,0,0,0,0,0
2026-08-13T03:48:29.870796,180,0,0,0,0,0
2026-08-13T03:48:29.873794,179,0,0,0,0,0
2026-08-13T03:48:29.874303,179,0,0,0,0,0
2026-08-13T03:48:29.875317,179,0,0,0,0,0
2026-08-13T03:48:29.877819,178,0,0,0,0,0
2026-08-13T03:48:29.877819,178,0,0,0,0,0
2026-08-13T03:48:29.878857,178,0,0,0,0,0
2026-08-13T03:48:29.878857,177,0,0,0,0,0
2026-08-13T03:48:29.881918,178,0,0,0,0,0
2026-08-13T03:48:29.881918,181,0,0,0,0,0
2026-08-13T03:48:29.882950,181,0,0,0,0,0
2026-08-13T03:48:29.886009,182,0,0,0,0,0
2026-08-13T03:48:29.886009,181,0,0,0,0,0
2026-08-13T03:48:29.887032,182,0,0,0,0,0
2026-08-13T03:48:29.887032,180,0,0,0,0,0
2026-08-13T03:48:29.890092,180,0,0,0,0,0
2026-08-13T03:48:29.891209,180,0,0,0,0,0
2026-08-13T03:48:29.892210,180,0,0,0,0,0
2026-08-13T03:48:29.893718,180,0,0,0,0,0
2026-08-13T03:48:29.894737,180,0,0,0,0,0
2026-08-13T03:48:29.895729,179,0,0,0,0,0
2026-08-13T03:48:29.897810,178,0,0,0,0,0
2026-08-13T03:48:29.898807,177,0,0,0,0,0
2026-08-13T03:48:29.898807,177,0,0,0,0,0
2026-08-13T03:48:29.899806,177,0,0,0,0,0
2026-08-13T03:48:29.901806,179,0,0,0,0,0
2026-08-13T03:48:29.902806,181,0,0,0,0,0
2026-08-13T03:48:29.902806,181,0,0,0,0,0
2026-08-13T03:48:29.906350,182,0,0,0,0,0
2026-08-13T03:48:29.906350,182,0,0,0,0,0
2026-08-13T03:48:29.907325,182,0,0,0,0,0
2026-08-13T03:48:29.907325,180,0,0,0,0,0
2026-08-13T03:48:29.910341,180,0,0,0,0,0
2026-08-13T03:48:29.910341,181,0,0,0,0,0
2026-08-13T03:48:29.911324,180,0,0,0,0,0
2026-08-13T03:48:29.913848,180,0,0,0,0,0
2026-08-13T03:48:29.914864,178,0,0,0,0,0
2026-08-13T03:48:29.914864,177,0,0,0,0,0
2026-08-13T03:48:29.914864,176,0,0,0,0,0
2026-08-13T03:48:29.918420,176,0,0,0,0,0
2026-08-13T03:48:29.919408,177,0,0,0,0,0
2026-08-13T03:48:29.919408,176,0,0,0,0,0
2026-08-13T03:48:29.922868,178,0,0,0,0,0
2026-08-13T03:48:29.922868,180,0,0,0,0,0
2026-08-13T03:48:29.923878,180,0,0,0,0,0
2026-08-13T03:48:29.926970,182,0,0,0,0,0
2026-08-13T03:48:29.926970,181,0,0,0,0,0
2026-08-13T03:48:29.928009,181,0,0,0,0,0
2026-08-13T03:48:29.928009,180,0,0,0,0,0
2026-08-13T03:48:29.931001,180,0,0,0,0,0
2026-08-13T03:48:29.931001,180,0,0,0,0,0
2026-08-13T03:48:29.931990,179,0,0,0,0,0
2026-08-13T03:48:29.934227,179,0,0,0,0,0
2026-08-13T03:48:29.935255,179,0,0,0,0,0
2026-08-13T03:48:29.936255,178,0,0,0,0,0
2026-08-13T03:48:29.936255,178,0,0,0,0,0
2026-08-13T03:48:29.938376,177,0,0,0,0,0
2026-08-13T03:48:29.939390,179,0,0,0,0,0
2026-08-13T03:48:29.940390,178,0,0,0,0,0
2026-08-13T03:48:29.942396,181,0,0,0,0,0
2026-08-13T03:48:29.943910,183,0,0,0,0,0
2026-08-13T03:48:29.944922,183,0,0,0,0,0
2026-08-13T03:48:29.945924,183,0,0,0,0,0
2026-08-13T03:48:29.946940,183,0,0,0,0,0
2026-08-13T03:48:29.947937,182,0,0,0,0,0
2026-08-13T03:48:29.947937,180,0,0,0,0,0
2026-08-13T03:48:29.950972,180,0,0,0,0,0
2026-08-13T03:48:29.951933,179,0,0,0,0,0
2026-08-13T03:48:29.952933,179,0,0,0,0,0
2026-08-13T03:48:29.952933,180,0,0,0,0,0
2026-08-13T03:48:29.955446,179,0,0,0,0,0
2026-08-13T03:48:29.955446,179,0,0,0,0,0
2026-08-13T03:48:29.956452,178,0,0,0,0,0
2026-08-13T03:48:29.959506,178,0,0,0,0,0
2026-08-13T03:48:29.960454,177,0,0,0,0,0
2026-08-13T03:48:29.960454,178,0,0,0,0,0
2026-08-13T03:48:29.963833,181,0,0,0,0,0
2026-08-13T03:48:29.963833,182,0,0,0,0,0
2026-08-13T03:48:29.964840,181,0,0,0,0,0
2026-08-13T03:48:29.964840,182,0,0,0,0,0
2026-08-13T03:48:29.967943,182,0,0,0,0,0
2026-08-13T03:48:29.967943,181,0,0,0,0,0
2026-08-13T03:48:29.968971,181,0,0,0,0,0
2026-08-13T03:48:29.971989,181,0,0,0,0,0
2026-08-13T03:48:29.971989,182,0,0,0,0,0
2026-08-13T03:48:29.972987,182,0,0,0,0,0
2026-08-13T03:48:29.972987,182,0,0,0,0,0
2026-08-13T03:48:29.975497,182,0,0,0,0,0
2026-08-13T03:48:29.976492,181,0,0,0,0,0
2026-08-13T03:48:29.976492,181,0,0,0,0,0
2026-08-13T03:48:29.979492,182,0,0,0,0,0
2026-08-13T03:48:29.980491,183,0,0,0,0,0
2026-08-13T03:48:29.980491,185,0,0,0,0,0
2026-08-13T03:48:29.981492,187,0,0,0,0,0
2026-08-13T03:48:29.984001,189,0,0,0,0,0
2026-08-13T03:48:29.984001,190,0,0,0,0,0
2026-08-13T03:48:29.985011,190,0,0,0,0,0
2026-08-13T03:48:29.988033,190,0,0,0,0,0
2026-08-13T03:48:29.988033,190,0,0,0,0,0
2026-08-13T03:48:29.989022,190,0,0,0,0,0
2026-08-13T03:48:29.992076,191,0,0,0,0,0
2026-08-13T03:48:29.992076,191,0,0,0,0,0
2026-08-13T03:48:29.993584,190,0,0,0,0,0
2026-08-13T03:48:29.993584,190,0,0,0,0,0
2026-08-13T03:48:29.996707,190,0,0,0,0,0
2026-08-13T03:48:29.996707,190,0,0,0,0,0
2026-08-13T03:48:29.996707,190,0,0,0,0,0
2026-08-13T03:48:30.000813,191,0,0,0,0,0
2026-08-13T03:48:30.000813,191,0,0,0,0,0
2026-08-13T03:48:30.000813,194,0,0,0,0,0
2026-08-13T03:48:30.001833,196,0,0,0,0,0
2026-08-13T03:48:30.003845,197,0,0,0,0,0
2026-08-13T03:48:30.004953,198,0,0,0,0,0
2026-08-13T03:48:30.004953,198,0,0,0,0,0
2026-08-13T03:48:30.008990,198,0,0,0,0,0
2026-08-13T03:48:30.008990,197,0,0,0,0,0
2026-08-13T03:48:30.009974,197,0,0,0,0,0
2026-08-13T03:48:30.009974,197,0,0,0,0,0
2026-08-13T03:48:30.012984,195,0,0,0,0,0
2026-08-13T03:48:30.012984,195,0,0,0,0,0
2026-08-13T03:48:30.013973,194,0,0,0,0,0
2026-08-13T03:48:30.017071,192,0,0,0,0,0
2026-08-13T03:48:30.017071,191,0,0,0,0,0
2026-08-13T03:48:30.018087,190,0,0,0,0,0
2026-08-13T03:48:30.018087,191,0,0,0,0,0
2026-08-13T03:48:30.021333,190,0,0,0,0,0
2026-08-13T03:48:30.021333,192,0,0,0,0,0
2026-08-13T03:48:30.022330,193,0,0,0,0,0
2026-08-13T03:48:30.024853,194,0,0,0,0,0
2026-08-13T03:48:30.025857,195,0,0,0,0,0
2026-08-13T03:48:30.025857,196,0,0,0,0,0
2026-08-13T03:48:30.028868,195,0,0,0,0,0
2026-08-13T03:48:30.029868,195,0,0,0,0,0
2026-08-13T03:48:30.029868,195,0,0,0,0,0
2026-08-13T03:48:30.030870,195,0,0,0,0,0
2026-08-13T03:48:30.032866,195,0,0,0,0,0
2026-08-13T03:48:30.033865,195,0,0,0,0,0
2026-08-13T03:48:30.034375,194,0,0,0,0,0
2026-08-13T03:48:30.037397,194,0,0,0,0,0
2026-08-13T03:48:30.037397,193,0,0,0,0,0
2026-08-13T03:48:30.037397,193,0,0,0,0,0
2026-08-13T03:48:30.038384,193,0,0,0,0,0
2026-08-13T03:48:30.041388,194,0,0,0,0,0
2026-08-13T03:48:30.041388,197,0,0,0,0,0
2026-08-13T03:48:30.041388,198,0,0,0,0,0
2026-08-13T03:48:30.045770,199,0,0,0,0,0
2026-08-13T03:48:30.045770,199,0,0,0,0,0
2026-08-13T03:48:30.045770,199,0,0,0,0,0
2026-08-13T03:48:30.045770,198,0,0,0,0,0
2026-08-13T03:48:30.049931,198,0,0,0,0,0
2026-08-13T03:48:30.049931,198,0,0,0,0,0
2026-08-13T03:48:30.049931,198,0,0,0,0,0
2026-08-13T03:48:30.053941,197,0,0,0,0,0
2026-08-13T03:48:30.053941,197,0,0,0,0,0
2026-08-13T03:48:30.053941,196,0,0,0,0,0
2026-08-13T03:48:30.057969,196,0,0,0,0,0
2026-08-13T03:48:30.057969,194,0,0,0,0,0
2026-08-13T03:48:30.058968,195,0,0,0,0,0
2026-08-13T03:48:30.058968,193,0,0,0,0,0
2026-08-13T03:48:30.061969,195,0,0,0,0,0
2026-08-13T03:48:30.061969,198,0,0,0,0,0
2026-08-13T03:48:30.062967,198,0,0,0,0,0
2026-08-13T03:48:30.065481,199,0,0,0,0,0
2026-08-13T03:48:30.066487,200,0,0,0,0,0
2026-08-13T03:48:30.066487,199,0,0,0,0,0
2026-08-13T03:48:30.067487,198,0,0,0,0,0
2026-08-13T03:48:30.069487,196,0,0,0,0,0
2026-08-13T03:48:30.070488,198,0,0,0,0,0
2026-08-13T03:48:30.070488,197,0,0,0,0,0
2026-08-13T03:48:30.074027,196,0,0,0,0,0
2026-08-13T03:48:30.075038,196,0,0,0,0,0
2026-08-13T03:48:30.075038,195,0,0,0,0,0
2026-08-13T03:48:30.076048,194,0,0,0,0,0
2026-08-13T03:48:30.078508,193,0,0,0,0,0
2026-08-13T03:48:30.078508,194,0,0,0,0,0
2026-08-13T03:48:30.078508,193,0,0,0,0,0
2026-08-13T03:48:30.082347,195,0,0,0,0,0
2026-08-13T03:48:30.082347,196,0,0,0,0,0
2026-08-13T03:48:30.082347,197,0,0,0,0,0
2026-08-13T03:48:30.082347,197,0,0,0,0,0
2026-08-13T03:48:30.086881,197,0,0,0,0,0
2026-08-13T03:48:30.086881,196,0,0,0,0,0
2026-08-13T03:48:30.086881,195,0,0,0,0,0
2026-08-13T03:48:30.089895,195,0,0,0,0,0
2026-08-13T03:48:30.091021,196,0,0,0,0,0
2026-08-13T03:48:30.092019,194,0,0,0,0,0
2026-08-13T03:48:30.094034,194,0,0,0,0,0
2026-08-13T03:48:30.095137,194,0,0,0,0,0
2026-08-13T03:48:30.095137,193,0,0,0,0,0
2026-08-13T03:48:30.096137,192,0,0,0,0,0
2026-08-13T03:48:30.098993,191,0,0,0,0,0
2026-08-13T03:48:30.098993,192,0,0,0,0,0
2026-08-13T03:48:30.100008,191,0,0,0,0,0
2026-08-13T03:48:30.103024,193,0,0,0,0,0
2026-08-13T03:48:30.103024,195,0,0,0,0,0
2026-08-13T03:48:30.104557,195,0,0,0,0,0
2026-08-13T03:48:30.104557,195,0,0,0,0,0
2026-08-13T03:48:30.106568,195,0,0,0,0,0
2026-08-13T03:48:30.107553,194,0,0,0,0,0
2026-08-13T03:48:30.108556,194,0,0,0,0,0
2026-08-13T03:48:30.110555,193,0,0,0,0,0
2026-08-13T03:48:30.111552,193,0,0,0,0,0
2026-08-13T03:48:30.112555,192,0,0,0,0,0
2026-08-13T03:48:30.112555,192,0,0,0,0,0
2026-08-13T03:48:30.115097,191,0,0,0,0,0
2026-08-13T03:48:30.115097,190,0,0,0,0,0
2026-08-13T03:48:30.116103,189,0,0,0,0,0
2026-08-13T03:48:30.119103,187,0,0,0,0,0
2026-08-13T03:48:30.119103,188,0,0,0,0,0
2026-08-13T03:48:30.120102,187,0,0,0,0,0
2026-08-13T03:48:30.120102,189,0,0,0,0,0
2026-08-13T03:48:30.123661,190,0,0,0,0,0
2026-08-13T03:48:30.124674,190,0,0,0,0,0
2026-08-13T03:48:30.124674,191,0,0,0,0,0
2026-08-13T03:48:30.127680,191,0,0,0,0,0
2026-08-13T03:48:30.127680,190,0,0,0,0,0
2026-08-13T03:48:30.127680,188,0,0,0,0,0
2026-08-13T03:48:30.131743,189,0,0,0,0,0
2026-08-13T03:48:30.131743,189,0,0,0,0,0
2026-08-13T03:48:30.132729,189,0,0,0,0,0
2026-08-13T03:48:30.132729,189,0,0,0,0,0
2026-08-13T03:48:30.135869,187,0,0,0,0,0
2026-08-13T03:48:30.135869,187,0,0,0,0,0
2026-08-13T03:48:30.136886,186,0,0,0,0,0
2026-08-13T03:48:30.139722,186,0,0,0,0,0
2026-08-13T03:48:30.140721,186,0,0,0,0,0
2026-08-13T03:48:30.141723,187,0,0,0,0,0
2026-08-13T03:48:30.141723,189,0,0,0,0,0
2026-08-13T03:48:30.143720,191,0,0,0,0,0
2026-08-13T03:48:30.144227,192,0,0,0,0,0
2026-08-13T03:48:30.145236,192,0,0,0,0,0
2026-08-13T03:48:30.147244,192,0,0,0,0,0
2026-08-13T03:48:30.148243,192,0,0,0,0,0
2026-08-13T03:48:30.148243,191,0,0,0,0,0
2026-08-13T03:48:30.149244,191,0,0,0,0,0
2026-08-13T03:48:30.151844,191,0,0,0,0,0
2026-08-13T03:48:30.151844,189,0,0,0,0,0
2026-08-13T03:48:30.152851,190,0,0,0,0,0
2026-08-13T03:48:30.156459,189,0,0,0,0,0
2026-08-13T03:48:30.156459,188,0,0,0,0,0
2026-08-13T03:48:30.157478,187,0,0,0,0,0
2026-08-13T03:48:30.160537,187,0,0,0,0,0
2026-08-13T03:48:30.160537,187,0,0,0,0,0
2026-08-13T03:48:30.160537,188,0,0,0,0,0
2026-08-13T03:48:30.160537,190,0,0,0,0,0
2026-08-13T03:48:30.164088,191,0,0,0,0,0
2026-08-13T03:48:30.164088,191,0,0,0,0,0
2026-08-13T03:48:30.165238,191,0,0,0,0,0
2026-08-13T03:48:30.167767,190,0,0,0,0,0
2026-08-13T03:48:30.168764,189,0,0,0,0,0
2026-08-13T03:48:30.169762,188,0,0,0,0,0
2026-08-13T03:48:30.169762,189,0,0,0,0,0
2026-08-13T03:48:30.172774,189,0,0,0,0,0
2026-08-13T03:48:30.172774,188,0,0,0,0,0
2026-08-13T03:48:30.172774,188,0,0,0,0,0
2026-08-13T03:48:30.176287,188,0,0,0,0,0
2026-08-13T03:48:30.177287,187,0,0,0,0,0
2026-08-13T03:48:30.177287,187,0,0,0,0,0
2026-08-13T03:48:30.178287,187,0,0,0,0,0
2026-08-13T03:48:30.180307,186,0,0,0,0,0
2026-08-13T03:48:30.181287,188,0,0,0,0,0
2026-08-13T03:48:30.181287,190,0,0,0,0,0
2026-08-13T03:48:30.184618,189,0,0,0,0,0
2026-08-13T03:48:30.184618,190,0,0,0,0,0
2026-08-13T03:48:30.185634,190,0,0,0,0,0
2026-08-13T03:48:30.185634,189,0,0,0,0,0
2026-08-13T03:48:30.189119,187,0,0,0,0,0
2026-08-13T03:48:30.189119,188,0,0,0,0,0
2026-08-13T03:48:30.190128,189,0,0,0,0,0
2026-08-13T03:48:30.192154,187,0,0,0,0,0
2026-08-13T03:48:30.193666,188,0,0,0,0,0
2026-08-13T03:48:30.193666,188,0,0,0,0,0
2026-08-13T03:48:30.196736,186,0,0,0,0,0
2026-08-13T03:48:30.197759,185,0,0,0,0,0
2026-08-13T03:48:30.197759,185,0,0,0,0,0
2026-08-13T03:48:30.198743,186,0,0,0,0,0
2026-08-13T03:48:30.200757,185,0,0,0,0,0
2026-08-13T03:48:30.201742,187,0,0,0,0,0
2026-08-13T03:48:30.201742,189,0,0,0,0,0
2026-08-13T03:48:30.205015,189,0,0,0,0,0
2026-08-13T03:48:30.205015,190,0,0,0,0,0
2026-08-13T03:48:30.206037,189,0,0,0,0,0
2026-08-13T03:48:30.206037,189,0,0,0,0,0
2026-08-13T03:48:30.209039,188,0,0,0,0,0
2026-08-13T03:48:30.210037,188,0,0,0,0,0
2026-08-13T03:48:30.210037,188,0,0,0,0,0
2026-08-13T03:48:30.212405,188,0,0,0,0,0
2026-08-13T03:48:30.213910,187,0,0,0,0,0
2026-08-13T03:48:30.213910,187,0,0,0,0,0
2026-08-13T03:48:30.214919,187,0,0,0,0,0
2026-08-13T03:48:30.217916,185,0,0,0,0,0
2026-08-13T03:48:30.217916,185,0,0,0,0,0
2026-08-13T03:48:30.218925,185,0,0,0,0,0
2026-08-13T03:48:30.221916,185,0,0,0,0,0
2026-08-13T03:48:30.221916,188,0,0,0,0,0
2026-08-13T03:48:30.222917,189,0,0,0,0,0
2026-08-13T03:48:30.225440,190,0,0,0,0,0
2026-08-13T03:48:30.226441,190,0,0,0,0,0
2026-08-13T03:48:30.227442,190,0,0,0,0,0
2026-08-13T03:48:30.227442,189,0,0,0,0,0
2026-08-13T03:48:30.229439,188,0,0,0,0,0
2026-08-13T03:48:30.230440,189,0,0,0,0,0
2026-08-13T03:48:30.230440,188,0,0,0,0,0
2026-08-13T03:48:30.233820,187,0,0,0,0,0
2026-08-13T03:48:30.233820,187,0,0,0,0,0
2026-08-13T03:48:30.234826,187,0,0,0,0,0
2026-08-13T03:48:30.234826,186,0,0,0,0,0
2026-08-13T03:48:30.238131,185,0,0,0,0,0
2026-08-13T03:48:30.238131,186,0,0,0,0,0
2026-08-13T03:48:30.238131,186,0,0,0,0,0
2026-08-13T03:48:30.242258,186,0,0,0,0,0
2026-08-13T03:48:30.243284,189,0,0,0,0,0
2026-08-13T03:48:30.243804,190,0,0,0,0,0
2026-08-13T03:48:30.243804,191,0,0,0,0,0
2026-08-13T03:48:30.245843,190,0,0,0,0,0
2026-08-13T03:48:30.246812,190,0,0,0,0,0
2026-08-13T03:48:30.246812,189,0,0,0,0,0
2026-08-13T03:48:30.250542,188,0,0,0,0,0
2026-08-13T03:48:30.250542,188,0,0,0,0,0
2026-08-13T03:48:30.250542,188,0,0,0,0,0
2026-08-13T03:48:30.251557,188,0,0,0,0,0
2026-08-13T03:48:30.254617,188,0,0,0,0,0
2026-08-13T03:48:30.254617,187,0,0,0,0,0
2026-08-13T03:48:30.255852,186,0,0,0,0,0
2026-08-13T03:48:30.257856,185,0,0,0,0,0
2026-08-13T03:48:30.259359,186,0,0,0,0,0
2026-08-13T03:48:30.259359,185,0,0,0,0,0
2026-08-13T03:48:30.262845,187,0,0,0,0,0
2026-08-13T03:48:30.262845,189,0,0,0,0,0
2026-08-13T03:48:30.262845,189,0,0,0,0,0
2026-08-13T03:48:30.263853,190,0,0,0,0,0
2026-08-13T03:48:30.266943,189,0,0,0,0,0
2026-08-13T03:48:30.266943,189,0,0,0,0,0
2026-08-13T03:48:30.267958,188,0,0,0,0,0
2026-08-13T03:48:30.271018,188,0,0,0,0,0
2026-08-13T03:48:30.271018,189,0,0,0,0,0
2026-08-13T03:48:30.272051,188,0,0,0,0,0
2026-08-13T03:48:30.272051,187,0,0,0,0,0
2026-08-13T03:48:30.274574,187,0,0,0,0,0
2026-08-13T03:48:30.275589,186,0,0,0,0,0
2026-08-13T03:48:30.275589,186,0,0,0,0,0
2026-08-13T03:48:30.278574,185,0,0,0,0,0
2026-08-13T03:48:30.279573,185,0,0,0,0,0
2026-08-13T03:48:30.279573,185,0,0,0,0,0
2026-08-13T03:48:30.280574,186,0,0,0,0,0
2026-08-13T03:48:30.282587,189,0,0,0,0,0
2026-08-13T03:48:30.283572,189,0,0,0,0,0
2026-08-13T03:48:30.283572,190,0,0,0,0,0
2026-08-13T03:48:30.286764,190,0,0,0,0,0
2026-08-13T03:48:30.287747,189,0,0,0,0,0
2026-08-13T03:48:30.287747,189,0,0,0,0,0
2026-08-13T03:48:30.291457,189,0,0,0,0,0
2026-08-13T03:48:30.291457,188,0,0,0,0,0
2026-08-13T03:48:30.291457,187,0,0,0,0,0
2026-08-13T03:48:30.292433,188,0,0,0,0,0
2026-08-13T03:48:30.295615,187,0,0,0,0,0
2026-08-13T03:48:30.295615,187,0,0,0,0,0
2026-08-13T03:48:30.295615,185,0,0,0,0,0
2026-08-13T03:48:30.299449,185,0,0,0,0,0
2026-08-13T03:48:30.299449,186,0,0,0,0,0
2026-08-13T03:48:30.300435,185,0,0,0,0,0
2026-08-13T03:48:30.300435,188,0,0,0,0,0
2026-08-13T03:48:30.302450,190,0,0,0,0,0
2026-08-13T03:48:30.303956,189,0,0,0,0,0
2026-08-13T03:48:30.303956,191,0,0,0,0,0
2026-08-13T03:48:30.307968,190,0,0,0,0,0
2026-08-13T03:48:30.307968,190,0,0,0,0,0
2026-08-13T03:48:30.308964,188,0,0,0,0,0
2026-08-13T03:48:30.308964,189,0,0,0,0,0
2026-08-13T03:48:30.311967,188,0,0,0,0,0
2026-08-13T03:48:30.311967,187,0,0,0,0,0
2026-08-13T03:48:30.311967,188,0,0,0,0,0
2026-08-13T03:48:30.315536,187,0,0,0,0,0
2026-08-13T03:48:30.316533,187,0,0,0,0,0
2026-08-13T03:48:30.316533,184,0,0,0,0,0
2026-08-13T03:48:30.317519,185,0,0,0,0,0
2026-08-13T03:48:30.319533,186,0,0,0,0,0
2026-08-13T03:48:30.320519,186,0,0,0,0,0
2026-08-13T03:48:30.320519,188,0,0,0,0,0
2026-08-13T03:48:30.324045,189,0,0,0,0,0
2026-08-13T03:48:30.325056,190,0,0,0,0,0
2026-08-13T03:48:30.325056,190,0,0,0,0,0
2026-08-13T03:48:30.328370,190,0,0,0,0,0
2026-08-13T03:48:30.328370,188,0,0,0,0,0
2026-08-13T03:48:30.328370,187,0,0,0,0,0
2026-08-13T03:48:30.329387,188,0,0,0,0,0
2026-08-13T03:48:30.332467,188,0,0,0,0,0
2026-08-13T03:48:30.332467,188,0,0,0,0,0
2026-08-13T03:48:30.332467,187,0,0,0,0,0
2026-08-13T03:48:30.335953,186,0,0,0,0,0
2026-08-13T03:48:30.336999,186,0,0,0,0,0
2026-08-13T03:48:30.336999,185,0,0,0,0,0
2026-08-13T03:48:30.338013,186,0,0,0,0,0
2026-08-13T03:48:30.340014,185,0,0,0,0,0
2026-08-13T03:48:30.341002,186,0,0,0,0,0
2026-08-13T03:48:30.342001,189,0,0,0,0,0
2026-08-13T03:48:30.344012,190,0,0,0,0,0
2026-08-13T03:48:30.345210,190,0,0,0,0,0
2026-08-13T03:48:30.345210,189,0,0,0,0,0
2026-08-13T03:48:30.346229,189,0,0,0,0,0
2026-08-13T03:48:30.348221,188,0,0,0,0,0
2026-08-13T03:48:30.349207,188,0,0,0,0,0
2026-08-13T03:48:30.349207,189,0,0,0,0,0
2026-08-13T03:48:30.352224,188,0,0,0,0,0
2026-08-13T03:48:30.353734,187,0,0,0,0,0
2026-08-13T03:48:30.353734,188,0,0,0,0,0
2026-08-13T03:48:30.354745,186,0,0,0,0,0
2026-08-13T03:48:30.357028,186,0,0,0,0,0
2026-08-13T03:48:30.357028,185,0,0,0,0,0
2026-08-13T03:48:30.358013,185,0,0,0,0,0
2026-08-13T03:48:30.361026,185,0,0,0,0,0
2026-08-13T03:48:30.361026,187,0,0,0,0,0
2026-08-13T03:48:30.362031,188,0,0,0,0,0
2026-08-13T03:48:30.364047,189,0,0,0,0,0
2026-08-13T03:48:30.365518,189,0,0,0,0,0
2026-08-13T03:48:30.366519,189,0,0,0,0,0
2026-08-13T03:48:30.366519,190,0,0,0,0,0
2026-08-13T03:48:30.368517,188,0,0,0,0,0
2026-08-13T03:48:30.369514,188,0,0,0,0,0
2026-08-13T03:48:30.369514,188,0,0,0,0,0
2026-08-13T03:48:30.372514,188,0,0,0,0,0
2026-08-13T03:48:30.374021,188,0,0,0,0,0
2026-08-13T03:48:30.374021,187,0,0,0,0,0
2026-08-13T03:48:30.375032,186,0,0,0,0,0
2026-08-13T03:48:30.377519,186,0,0,0,0,0
2026-08-13T03:48:30.377519,185,0,0,0,0,0
2026-08-13T03:48:30.377519,185,0,0,0,0,0
2026-08-13T03:48:30.381626,185,0,0,0,0,0
2026-08-13T03:48:30.381626,187,0,0,0,0,0
2026-08-13T03:48:30.382643,189,0,0,0,0,0
2026-08-13T03:48:30.382643,190,0,0,0,0,0
2026-08-13T03:48:30.385673,190,0,0,0,0,0
2026-08-13T03:48:30.385673,190,0,0,0,0,0
2026-08-13T03:48:30.386692,189,0,0,0,0,0
2026-08-13T03:48:30.389687,188,0,0,0,0,0
2026-08-13T03:48:30.389687,188,0,0,0,0,0
2026-08-13T03:48:30.391187,188,0,0,0,0,0
2026-08-13T03:48:30.393707,188,0,0,0,0,0
2026-08-13T03:48:30.394720,187,0,0,0,0,0
2026-08-13T03:48:30.395720,187,0,0,0,0,0
2026-08-13T03:48:30.395720,187,0,0,0,0,0
2026-08-13T03:48:30.397731,185,0,0,0,0,0
2026-08-13T03:48:30.397731,185,0,0,0,0,0
2026-08-13T03:48:30.398729,186,0,0,0,0,0
2026-08-13T03:48:30.401742,186,0,0,0,0,0
2026-08-13T03:48:30.401742,188,0,0,0,0,0
2026-08-13T03:48:30.402729,190,0,0,0,0,0
2026-08-13T03:48:30.402729,190,0,0,0,0,0
2026-08-13T03:48:30.405924,190,0,0,0,0,0
2026-08-13T03:48:30.405924,190,0,0,0,0,0
2026-08-13T03:48:30.406905,189,0,0,0,0,0
2026-08-13T03:48:30.410297,187,0,0,0,0,0
2026-08-13T03:48:30.410297,188,0,0,0,0,0
2026-08-13T03:48:30.410297,187,0,0,0,0,0
2026-08-13T03:48:30.411313,187,0,0,0,0,0
2026-08-13T03:48:30.414396,187,0,0,0,0,0
2026-08-13T03:48:30.414917,187,0,0,0,0,0
2026-08-13T03:48:30.414917,186,0,0,0,0,0
2026-08-13T03:48:30.418306,185,0,0,0,0,0
2026-08-13T03:48:30.418306,185,0,0,0,0,0
2026-08-13T03:48:30.419294,185,0,0,0,0,0
2026-08-13T03:48:30.419294,186,0,0,0,0,0
2026-08-13T03:48:30.422309,189,0,0,0,0,0
2026-08-13T03:48:30.422309,189,0,0,0,0,0
2026-08-13T03:48:30.424832,190,0,0,0,0,0
2026-08-13T03:48:30.425832,189,0,0,0,0,0
2026-08-13T03:48:30.426831,189,0,0,0,0,0
2026-08-13T03:48:30.427842,189,0,0,0,0,0
2026-08-13T03:48:30.430828,187,0,0,0,0,0
2026-08-13T03:48:30.430828,189,0,0,0,0,0
2026-08-13T03:48:30.431830,188,0,0,0,0,0
2026-08-13T03:48:30.432844,188,0,0,0,0,0
2026-08-13T03:48:30.434616,188,0,0,0,0,0
2026-08-13T03:48:30.435635,187,0,0,0,0,0
2026-08-13T03:48:30.435635,187,0,0,0,0,0
2026-08-13T03:48:30.438968,187,0,0,0,0,0
2026-08-13T03:48:30.438968,188,0,0,0,0,0
2026-08-13T03:48:30.440987,188,0,0,0,0,0
2026-08-13T03:48:30.441985,190,0,0,0,0,0
2026-08-13T03:48:30.442987,193,0,0,0,0,0
2026-08-13T03:48:30.443990,194,0,0,0,0,0
2026-08-13T03:48:30.444501,195,0,0,0,0,0
2026-08-13T03:48:30.446525,196,0,0,0,0,0
2026-08-13T03:48:30.447522,196,0,0,0,0,0
2026-08-13T03:48:30.447522,195,0,0,0,0,0
2026-08-13T03:48:30.448525,195,0,0,0,0,0
2026-08-13T03:48:30.451012,196,0,0,0,0,0
2026-08-13T03:48:30.451012,195,0,0,0,0,0
2026-08-13T03:48:30.451978,194,0,0,0,0,0
2026-08-13T03:48:30.454530,194,0,0,0,0,0
2026-08-13T03:48:30.455523,194,0,0,0,0,0
2026-08-13T03:48:30.455523,193,0,0,0,0,0
2026-08-13T03:48:30.458524,193,0,0,0,0,0
2026-08-13T03:48:30.459624,193,0,0,0,0,0
2026-08-13T03:48:30.459624,193,0,0,0,0,0
2026-08-13T03:48:30.459624,195,0,0,0,0,0
2026-08-13T03:48:30.463544,198,0,0,0,0,0
2026-08-13T03:48:30.463544,198,0,0,0,0,0
2026-08-13T03:48:30.464067,199,0,0,0,0,0
2026-08-13T03:48:30.467233,199,0,0,0,0,0
2026-08-13T03:48:30.467233,199,0,0,0,0,0
2026-08-13T03:48:30.468233,198,0,0,0,0,0
2026-08-13T03:48:30.468233,199,0,0,0,0,0
2026-08-13T03:48:30.471235,199,0,0,0,0,0
2026-08-13T03:48:30.472237,199,0,0,0,0,0
2026-08-13T03:48:30.472237,198,0,0,0,0,0
2026-08-13T03:48:30.474978,199,0,0,0,0,0
2026-08-13T03:48:30.475991,199,0,0,0,0,0
2026-08-13T03:48:30.476999,198,0,0,0,0,0
2026-08-13T03:48:30.476999,199,0,0,0,0,0
2026-08-13T03:48:30.480000,200,0,0,0,0,0
2026-08-13T03:48:30.480000,200,0,0,0,0,0
2026-08-13T03:48:30.480000,203,0,0,0,0,0
2026-08-13T03:48:30.483998,205,0,0,0,0,0
2026-08-13T03:48:30.484559,206,0,0,0,0,0
2026-08-13T03:48:30.484559,207,0,0,0,0,0
2026-08-13T03:48:30.485547,208,0,0,0,0,0
2026-08-13T03:48:30.487846,208,0,0,0,0,0
2026-08-13T03:48:30.487846,207,0,0,0,0,0
2026-08-13T03:48:30.488859,208,0,0,0,0,0
2026-08-13T03:48:30.491362,209,0,0,0,0,0
2026-08-13T03:48:30.492367,209,0,0,0,0,0
2026-08-13T03:48:30.492367,210,0,0,0,0,0
2026-08-13T03:48:30.496320,211,0,0,0,0,0
2026-08-13T03:48:30.496320,211,0,0,0,0,0
2026-08-13T03:48:30.497336,211,0,0,0,0,0
2026-08-13T03:48:30.497336,213,0,0,0,0,0
2026-08-13T03:48:30.500419,214,0,0,0,0,0
2026-08-13T03:48:30.500419,214,0,0,0,0,0
2026-08-13T03:48:30.500419,216,0,0,0,0,0
2026-08-13T03:48:30.504498,219,0,0,0,0,0
2026-08-13T03:48:30.504498,219,0,0,0,0,0
2026-08-13T03:48:30.505735,220,0,0,0,0,0
2026-08-13T03:48:30.505735,219,0,0,0,0,0
2026-08-13T03:48:30.508597,219,0,0,0,0,0
2026-08-13T03:48:30.508597,217,0,0,0,0,0
2026-08-13T03:48:30.509616,218,0,0,0,0,0
2026-08-13T03:48:30.512628,218,0,0,0,0,0
2026-08-13T03:48:30.512628,217,0,0,0,0,0
2026-08-13T03:48:30.513615,216,0,0,0,0,0
2026-08-13T03:48:30.514769,215,0,0,0,0,0
2026-08-13T03:48:30.516790,213,0,0,0,0,0
2026-08-13T03:48:30.516790,212,0,0,0,0,0
2026-08-13T03:48:30.517769,212,0,0,0,0,0
2026-08-13T03:48:30.520782,210,0,0,0,0,0
2026-08-13T03:48:30.520782,210,0,0,0,0,0
2026-08-13T03:48:30.521773,212,0,0,0,0,0
2026-08-13T03:48:30.524876,213,0,0,0,0,0
2026-08-13T03:48:30.525877,214,0,0,0,0,0
2026-08-13T03:48:30.525877,214,0,0,0,0,0
2026-08-13T03:48:30.526877,213,0,0,0,0,0
2026-08-13T03:48:30.528879,213,0,0,0,0,0
2026-08-13T03:48:30.528879,214,0,0,0,0,0
2026-08-13T03:48:30.529881,214,0,0,0,0,0
2026-08-13T03:48:30.532890,214,0,0,0,0,0
2026-08-13T03:48:30.532890,214,0,0,0,0,0
2026-08-13T03:48:30.533875,215,0,0,0,0,0
2026-08-13T03:48:30.533875,215,0,0,0,0,0
2026-08-13T03:48:30.537029,215,0,0,0,0,0
2026-08-13T03:48:30.537029,215,0,0,0,0,0
2026-08-13T03:48:30.537029,215,0,0,0,0,0
2026-08-13T03:48:30.541005,215,0,0,0,0,0
2026-08-13T03:48:30.541005,218,0,0,0,0,0
2026-08-13T03:48:30.542006,220,0,0,0,0,0
2026-08-13T03:48:30.542006,220,0,0,0,0,0
2026-08-13T03:48:30.545134,220,0,0,0,0,0
2026-08-13T03:48:30.545134,219,0,0,0,0,0
2026-08-13T03:48:30.546133,218,0,0,0,0,0
2026-08-13T03:48:30.549132,217,0,0,0,0,0
2026-08-13T03:48:30.549132,218,0,0,0,0,0
2026-08-13T03:48:30.550149,217,0,0,0,0,0
2026-08-13T03:48:30.550149,217,0,0,0,0,0
2026-08-13T03:48:30.553629,218,0,0,0,0,0
2026-08-13T03:48:30.553629,218,0,0,0,0,0
2026-08-13T03:48:30.554710,217,0,0,0,0,0
2026-08-13T03:48:30.556970,218,0,0,0,0,0
2026-08-13T03:48:30.557947,217,0,0,0,0,0
2026-08-13T03:48:30.558949,218,0,0,0,0,0
2026-08-13T03:48:30.560946,220,0,0,0,0,0
2026-08-13T03:48:30.561944,221,0,0,0,0,0
2026-08-13T03:48:30.562944,224,0,0,0,0,0
2026-08-13T03:48:30.562944,225,0,0,0,0,0
2026-08-13T03:48:30.565460,228,0,0,0,0,0
2026-08-13T03:48:30.566468,228,0,0,0,0,0
2026-08-13T03:48:30.566468,229,0,0,0,0,0
2026-08-13T03:48:30.569482,229,0,0,0,0,0
2026-08-13T03:48:30.570469,229,0,0,0,0,0
2026-08-13T03:48:30.570469,230,0,0,0,0,0
2026-08-13T03:48:30.571468,230,0,0,0,0,0
2026-08-13T03:48:30.573972,231,0,0,0,0,0
2026-08-13T03:48:30.573972,229,0,0,0,0,0
2026-08-13T03:48:30.574980,229,0,0,0,0,0
2026-08-13T03:48:30.578255,228,0,0,0,0,0
2026-08-13T03:48:30.578255,229,0,0,0,0,0
2026-08-13T03:48:30.578255,229,0,0,0,0,0
2026-08-13T03:48:30.579275,229,0,0,0,0,0
2026-08-13T03:48:30.582318,231,0,0,0,0,0
2026-08-13T03:48:30.582318,232,0,0,0,0,0
2026-08-13T03:48:30.582318,233,0,0,0,0,0
2026-08-13T03:48:30.585867,233,0,0,0,0,0
2026-08-13T03:48:30.586833,233,0,0,0,0,0
2026-08-13T03:48:30.586833,231,0,0,0,0,0
2026-08-13T03:48:30.590372,231,0,0,0,0,0
2026-08-13T03:48:30.590979,232,0,0,0,0,0
2026-08-13T03:48:30.590979,233,0,0,0,0,0
2026-08-13T03:48:30.591992,232,0,0,0,0,0
2026-08-13T03:48:30.594622,234,0,0,0,0,0
2026-08-13T03:48:30.594622,233,0,0,0,0,0
2026-08-13T03:48:30.595867,233,0,0,0,0,0
2026-08-13T03:48:30.598744,232,0,0,0,0,0
2026-08-13T03:48:30.598744,232,0,0,0,0,0
2026-08-13T03:48:30.599814,231,0,0,0,0,0
2026-08-13T03:48:30.599814,233,0,0,0,0,0
2026-08-13T03:48:30.602839,235,0,0,0,0,0
2026-08-13T03:48:30.602839,235,0,0,0,0,0
2026-08-13T03:48:30.603824,236,0,0,0,0,0
2026-08-13T03:48:30.606945,235,0,0,0,0,0
2026-08-13T03:48:30.606945,235,0,0,0,0,0
2026-08-13T03:48:30.607938,234,0,0,0,0,0
2026-08-13T03:48:30.608937,234,0,0,0,0,0
2026-08-13T03:48:30.610937,234,0,0,0,0,0
2026-08-13T03:48:30.610937,233,0,0,0,0,0
2026-08-13T03:48:30.611940,232,0,0,0,0,0
2026-08-13T03:48:30.614500,232,0,0,0,0,0
2026-08-13T03:48:30.615508,231,0,0,0,0,0
2026-08-13T03:48:30.615508,231,0,0,0,0,0
2026-08-13T03:48:30.616613,231,0,0,0,0,0
2026-08-13T03:48:30.618635,232,0,0,0,0,0
2026-08-13T03:48:30.619636,231,0,0,0,0,0
2026-08-13T03:48:30.619636,233,0,0,0,0,0
2026-08-13T03:48:30.622962,236,0,0,0,0,0
2026-08-13T03:48:30.622962,236,0,0,0,0,0
2026-08-13T03:48:30.624011,237,0,0,0,0,0
2026-08-13T03:48:30.627394,237,0,0,0,0,0
2026-08-13T03:48:30.627394,237,0,0,0,0,0
2026-08-13T03:48:30.627394,236,0,0,0,0,0
2026-08-13T03:48:30.628407,235,0,0,0,0,0
2026-08-13T03:48:30.631536,236,0,0,0,0,0
2026-08-13T03:48:30.631536,235,0,0,0,0,0
2026-08-13T03:48:30.631536,235,0,0,0,0,0
2026-08-13T03:48:30.635091,234,0,0,0,0,0
2026-08-13T03:48:30.636077,233,0,0,0,0,0
2026-08-13T03:48:30.636077,233,0,0,0,0,0
2026-08-13T03:48:30.636077,234,0,0,0,0,0
2026-08-13T03:48:30.639092,236,0,0,0,0,0
2026-08-13T03:48:30.640077,236,0,0,0,0,0
2026-08-13T03:48:30.641078,238,0,0,0,0,0
2026-08-13T03:48:30.643587,240,0,0,0,0,0
2026-08-13T03:48:30.643587,241,0,0,0,0,0
2026-08-13T03:48:30.644600,241,0,0,0,0,0
2026-08-13T03:48:30.645600,241,0,0,0,0,0
2026-08-13T03:48:30.648209,241,0,0,0,0,0
2026-08-13T03:48:30.658459,240,0,0,0,0,0
2026-08-13T03:48:30.658459,240,0,0,0,0,0
2026-08-13T03:48:30.659458,241,0,0,0,0,0
2026-08-13T03:48:30.659458,240,0,0,0,0,0
2026-08-13T03:48:30.659458,239,0,0,0,0,0
2026-08-13T03:48:30.660460,240,0,0,0,0,0
2026-08-13T03:48:30.660460,240,0,0,0,0,0
2026-08-13T03:48:30.660460,239,0,0,0,0,0
2026-08-13T03:48:30.661460,238,0,0,0,0,0
2026-08-13T03:48:30.661460,239,0,0,0,0,0
2026-08-13T03:48:30.661460,239,0,0,0,0,0
2026-08-13T03:48:30.661460,241,0,0,0,0,0
2026-08-13T03:48:30.663763,244,0,0,0,0,0
2026-08-13T03:48:30.663763,246,0,0,0,0,0
2026-08-13T03:48:30.664776,246,0,0,0,0,0
2026-08-13T03:48:30.664776,247,0,0,0,0,0
2026-08-13T03:48:30.668095,247,0,0,0,0,0
2026-08-13T03:48:30.668095,246,0,0,0,0,0
2026-08-13T03:48:30.669091,247,0,0,0,0,0
2026-08-13T03:48:30.672095,247,0,0,0,0,0
2026-08-13T03:48:30.672095,247,0,0,0,0,0
2026-08-13T03:48:30.672095,247,0,0,0,0,0
2026-08-13T03:48:30.672095,247,0,0,0,0,0
2026-08-13T03:48:30.676614,247,0,0,0,0,0
2026-08-13T03:48:30.676614,246,0,0,0,0,0
2026-08-13T03:48:30.676614,246,0,0,0,0,0
2026-08-13T03:48:30.680615,247,0,0,0,0,0
2026-08-13T03:48:30.680615,247,0,0,0,0,0
2026-08-13T03:48:30.680615,249,0,0,0,0,0
2026-08-13T03:48:30.681616,250,0,0,0,0,0
2026-08-13T03:48:30.684133,251,0,0,0,0,0
2026-08-13T03:48:30.685142,251,0,0,0,0,0
2026-08-13T03:48:30.685142,251,0,0,0,0,0
2026-08-13T03:48:30.688155,251,0,0,0,0,0
2026-08-13T03:48:30.689151,250,0,0,0,0,0
2026-08-13T03:48:30.689151,250,0,0,0,0,0
2026-08-13T03:48:30.692668,250,0,0,0,0,0
2026-08-13T03:48:30.692668,249,0,0,0,0,0
2026-08-13T03:48:30.693668,250,0,0,0,0,0
2026-08-13T03:48:30.693668,249,0,0,0,0,0
2026-08-13T03:48:30.696201,248,0,0,0,0,0
2026-08-13T03:48:30.697197,247,0,0,0,0,0
2026-08-13T03:48:30.697197,248,0,0,0,0,0
2026-08-13T03:48:30.700197,247,0,0,0,0,0
2026-08-13T03:48:30.701197,247,0,0,0,0,0
2026-08-13T03:48:30.701197,250,0,0,0,0,0
2026-08-13T03:48:30.701197,250,0,0,0,0,0
2026-08-13T03:48:30.704743,252,0,0,0,0,0
2026-08-13T03:48:30.705658,252,0,0,0,0,0
2026-08-13T03:48:30.705658,251,0,0,0,0,0
2026-08-13T03:48:30.708604,249,0,0,0,0,0
2026-08-13T03:48:30.709603,248,0,0,0,0,0
2026-08-13T03:48:30.709603,250,0,0,0,0,0
2026-08-13T03:48:30.710244,249,0,0,0,0,0
2026-08-13T03:48:30.712270,248,0,0,0,0,0
2026-08-13T03:48:30.713778,249,0,0,0,0,0
2026-08-13T03:48:30.713778,247,0,0,0,0,0
2026-08-13T03:48:30.716800,248,0,0,0,0,0
2026-08-13T03:48:30.717784,246,0,0,0,0,0
2026-08-13T03:48:30.717784,246,0,0,0,0,0
2026-08-13T03:48:30.718785,247,0,0,0,0,0
2026-08-13T03:48:30.720800,249,0,0,0,0,0
2026-08-13T03:48:30.721785,252,0,0,0,0,0
2026-08-13T03:48:30.721785,252,0,0,0,0,0
2026-08-13T03:48:30.725416,253,0,0,0,0,0
2026-08-13T03:48:30.725416,252,0,0,0,0,0
2026-08-13T03:48:30.726426,252,0,0,0,0,0
2026-08-13T03:48:30.729427,250,0,0,0,0,0
2026-08-13T03:48:30.729427,250,0,0,0,0,0
2026-08-13T03:48:30.730425,251,0,0,0,0,0
2026-08-13T03:48:30.730425,250,0,0,0,0,0
2026-08-13T03:48:30.732451,250,0,0,0,0,0
2026-08-13T03:48:30.733962,249,0,0,0,0,0
2026-08-13T03:48:30.733962,249,0,0,0,0,0
2026-08-13T03:48:30.737499,248,0,0,0,0,0
2026-08-13T03:48:30.737499,248,0,0,0,0,0
2026-08-13T03:48:30.738481,249,0,0,0,0,0
2026-08-13T03:48:30.738481,248,0,0,0,0,0
2026-08-13T03:48:30.741483,250,0,0,0,0,0
2026-08-13T03:48:30.742481,253,0,0,0,0,0
2026-08-13T03:48:30.742481,253,0,0,0,0,0
2026-08-13T03:48:30.746169,253,0,0,0,0,0
2026-08-13T03:48:30.746169,254,0,0,0,0,0
2026-08-13T03:48:30.746169,254,0,0,0,0,0
2026-08-13T03:48:30.747185,252,0,0,0,0,0
2026-08-13T03:48:30.749709,252,0,0,0,0,0
2026-08-13T03:48:30.750715,252,0,0,0,0,0
2026-08-13T03:48:30.750715,252,0,0,0,0,0
2026-08-13T03:48:30.753952,252,0,0,0,0,0
2026-08-13T03:48:30.754552,251,0,0,0,0,0
2026-08-13T03:48:30.755207,251,0,0,0,0,0
2026-08-13T03:48:30.758449,249,0,0,0,0,0
2026-08-13T03:48:30.758449,249,0,0,0,0,0
2026-08-13T03:48:30.759487,250,0,0,0,0,0
2026-08-13T03:48:30.760481,249,0,0,0,0,0
2026-08-13T03:48:30.762492,251,0,0,0,0,0
2026-08-13T03:48:30.762492,252,0,0,0,0,0
2026-08-13T03:48:30.762492,254,0,0,0,0,0
2026-08-13T03:48:30.766023,254,0,0,0,0,0
2026-08-13T03:48:30.767010,254,0,0,0,0,0
2026-08-13T03:48:30.767010,253,0,0,0,0,0
2026-08-13T03:48:30.768022,252,0,0,0,0,0
2026-08-13T03:48:30.770022,252,0,0,0,0,0
2026-08-13T03:48:30.771008,252,0,0,0,0,0
2026-08-13T03:48:30.772021,252,0,0,0,0,0
2026-08-13T03:48:30.774515,252,0,0,0,0,0
2026-08-13T03:48:30.775528,250,0,0,0,0,0
2026-08-13T03:48:30.775528,250,0,0,0,0,0
2026-08-13T03:48:30.776542,249,0,0,0,0,0
2026-08-13T03:48:30.778539,249,0,0,0,0,0
2026-08-13T03:48:30.779539,249,0,0,0,0,0
2026-08-13T03:48:30.779539,249,0,0,0,0,0
2026-08-13T03:48:30.782551,252,0,0,0,0,0
2026-08-13T03:48:30.782551,253,0,0,0,0,0
2026-08-13T03:48:30.784059,254,0,0,0,0,0
2026-08-13T03:48:30.784059,254,0,0,0,0,0
2026-08-13T03:48:30.787069,254,0,0,0,0,0
2026-08-13T03:48:30.787069,253,0,0,0,0,0
2026-08-13T03:48:30.787069,251,0,0,0,0,0
2026-08-13T03:48:30.791069,253,0,0,0,0,0
2026-08-13T03:48:30.791576,252,0,0,0,0,0
2026-08-13T03:48:30.791576,251,0,0,0,0,0
2026-08-13T03:48:30.795314,251,0,0,0,0,0
2026-08-13T03:48:30.795314,250,0,0,0,0,0
2026-08-13T03:48:30.795314,250,0,0,0,0,0
2026-08-13T03:48:30.796335,249,0,0,0,0,0
2026-08-13T03:48:30.799472,249,0,0,0,0,0
2026-08-13T03:48:30.799472,249,0,0,0,0,0
2026-08-13T03:48:30.799472,250,0,0,0,0,0
2026-08-13T03:48:30.802492,253,0,0,0,0,0
2026-08-13T03:48:30.804003,254,0,0,0,0,0
2026-08-13T03:48:30.804003,254,0,0,0,0,0
2026-08-13T03:48:30.805015,254,0,0,0,0,0
2026-08-13T03:48:30.807028,253,0,0,0,0,0
2026-08-13T03:48:30.808015,252,0,0,0,0,0
2026-08-13T03:48:30.808015,251,0,0,0,0,0
2026-08-13T03:48:30.811013,252,0,0,0,0,0
2026-08-13T03:48:30.812013,251,0,0,0,0,0
2026-08-13T03:48:30.812013,251,0,0,0,0,0
2026-08-13T03:48:30.813016,251,0,0,0,0,0
2026-08-13T03:48:30.815571,249,0,0,0,0,0
2026-08-13T03:48:30.815571,249,0,0,0,0,0
2026-08-13T03:48:30.816549,248,0,0,0,0,0
2026-08-13T03:48:30.819560,249,0,0,0,0,0
2026-08-13T03:48:30.820550,249,0,0,0,0,0
2026-08-13T03:48:30.820550,250,0,0,0,0,0
2026-08-13T03:48:30.822545,252,0,0,0,0,0
2026-08-13T03:48:30.824052,253,0,0,0,0,0
2026-08-13T03:48:30.825063,253,0,0,0,0,0
2026-08-13T03:48:30.825063,253,0,0,0,0,0
2026-08-13T03:48:30.828069,253,0,0,0,0,0
2026-08-13T03:48:30.828069,251,0,0,0,0,0
2026-08-13T03:48:30.829089,251,0,0,0,0,0
2026-08-13T03:48:30.832168,252,0,0,0,0,0
2026-08-13T03:48:30.832168,250,0,0,0,0,0
2026-08-13T03:48:30.832168,251,0,0,0,0,0
2026-08-13T03:48:30.833679,249,0,0,0,0,0
2026-08-13T03:48:30.836269,249,0,0,0,0,0
2026-08-13T03:48:30.836269,248,0,0,0,0,0
2026-08-13T03:48:30.837287,248,0,0,0,0,0
2026-08-13T03:48:30.840375,248,0,0,0,0,0
2026-08-13T03:48:30.841395,248,0,0,0,0,0
2026-08-13T03:48:30.841395,250,0,0,0,0,0
2026-08-13T03:48:30.842391,252,0,0,0,0,0
2026-08-13T03:48:30.844475,252,0,0,0,0,0
2026-08-13T03:48:30.844475,253,0,0,0,0,0
2026-08-13T03:48:30.845711,253,0,0,0,0,0
2026-08-13T03:48:30.848567,252,0,0,0,0,0
2026-08-13T03:48:30.848567,251,0,0,0,0,0
2026-08-13T03:48:30.849583,251,0,0,0,0,0
2026-08-13T03:48:30.850586,252,0,0,0,0,0
2026-08-13T03:48:30.852597,250,0,0,0,0,0
2026-08-13T03:48:30.852597,251,0,0,0,0,0
2026-08-13T03:48:30.853592,250,0,0,0,0,0
2026-08-13T03:48:30.856312,249,0,0,0,0,0
2026-08-13T03:48:30.857289,248,0,0,0,0,0
2026-08-13T03:48:30.857289,248,0,0,0,0,0
2026-08-13T03:48:30.860290,247,0,0,0,0,0
2026-08-13T03:48:30.861290,247,0,0,0,0,0
2026-08-13T03:48:30.862294,251,0,0,0,0,0
2026-08-13T03:48:30.862294,252,0,0,0,0,0
2026-08-13T03:48:30.864819,253,0,0,0,0,0
2026-08-13T03:48:30.864819,253,0,0,0,0,0
2026-08-13T03:48:30.865826,252,0,0,0,0,0
2026-08-13T03:48:30.868848,252,0,0,0,0,0
2026-08-13T03:48:30.869835,251,0,0,0,0,0
2026-08-13T03:48:30.869835,252,0,0,0,0,0
2026-08-13T03:48:30.870837,251,0,0,0,0,0
2026-08-13T03:48:30.872851,250,0,0,0,0,0
2026-08-13T03:48:30.873834,250,0,0,0,0,0
2026-08-13T03:48:30.874342,249,0,0,0,0,0
2026-08-13T03:48:30.876399,249,0,0,0,0,0
2026-08-13T03:48:30.877376,247,0,0,0,0,0
2026-08-13T03:48:30.878362,248,0,0,0,0,0
2026-08-13T03:48:30.878362,248,0,0,0,0,0
2026-08-13T03:48:30.881347,249,0,0,0,0,0
2026-08-13T03:48:30.881347,251,0,0,0,0,0
2026-08-13T03:48:30.882385,252,0,0,0,0,0
2026-08-13T03:48:30.884617,253,0,0,0,0,0
2026-08-13T03:48:30.885635,253,0,0,0,0,0
2026-08-13T03:48:30.886634,253,0,0,0,0,0
2026-08-13T03:48:30.887634,252,0,0,0,0,0
2026-08-13T03:48:30.889510,251,0,0,0,0,0
2026-08-13T03:48:30.889510,251,0,0,0,0,0
2026-08-13T03:48:30.891020,251,0,0,0,0,0
2026-08-13T03:48:30.893047,250,0,0,0,0,0
2026-08-13T03:48:30.894033,250,0,0,0,0,0
2026-08-13T03:48:30.895089,249,0,0,0,0,0
2026-08-13T03:48:30.897105,248,0,0,0,0,0
2026-08-13T03:48:30.898099,248,0,0,0,0,0
2026-08-13T03:48:30.899101,248,0,0,0,0,0
2026-08-13T03:48:30.899101,248,0,0,0,0,0
2026-08-13T03:48:30.901100,249,0,0,0,0,0
2026-08-13T03:48:30.902098,252,0,0,0,0,0
2026-08-13T03:48:30.902098,252,0,0,0,0,0
2026-08-13T03:48:30.905619,254,0,0,0,0,0
2026-08-13T03:48:30.906627,253,0,0,0,0,0
2026-08-13T03:48:30.906627,252,0,0,0,0,0
2026-08-13T03:48:30.907628,251,0,0,0,0,0
2026-08-13T03:48:30.909629,250,0,0,0,0,0
2026-08-13T03:48:30.910629,252,0,0,0,0,0
2026-08-13T03:48:30.911634,251,0,0,0,0,0
2026-08-13T03:48:30.913629,250,0,0,0,0,0
2026-08-13T03:48:30.913629,249,0,0,0,0,0
2026-08-13T03:48:30.914917,249,0,0,0,0,0
2026-08-13T03:48:30.914917,248,0,0,0,0,0
2026-08-13T03:48:30.918199,248,0,0,0,0,0
2026-08-13T03:48:30.918199,248,0,0,0,0,0
2026-08-13T03:48:30.919221,248,0,0,0,0,0
2026-08-13T03:48:30.922293,251,0,0,0,0,0
2026-08-13T03:48:30.922293,252,0,0,0,0,0
2026-08-13T03:48:30.922293,253,0,0,0,0,0
2026-08-13T03:48:30.926393,253,0,0,0,0,0
2026-08-13T03:48:30.926393,252,0,0,0,0,0
2026-08-13T03:48:30.926393,252,0,0,0,0,0
2026-08-13T03:48:30.927638,251,0,0,0,0,0
2026-08-13T03:48:30.929718,251,0,0,0,0,0
2026-08-13T03:48:30.930765,250,0,0,0,0,0
2026-08-13T03:48:30.930765,250,0,0,0,0,0
2026-08-13T03:48:30.934048,250,0,0,0,0,0
2026-08-13T03:48:30.935068,250,0,0,0,0,0
2026-08-13T03:48:30.936067,250,0,0,0,0,0
2026-08-13T03:48:30.936067,248,0,0,0,0,0
2026-08-13T03:48:30.938064,247,0,0,0,0,0
2026-08-13T03:48:30.939078,248,0,0,0,0,0
2026-08-13T03:48:30.939078,248,0,0,0,0,0
2026-08-13T03:48:30.942079,250,0,0,0,0,0
2026-08-13T03:48:30.943595,252,0,0,0,0,0
2026-08-13T03:48:30.944609,253,0,0,0,0,0
2026-08-13T03:48:30.945611,253,0,0,0,0,0
2026-08-13T03:48:30.946622,253,0,0,0,0,0
2026-08-13T03:48:30.947623,252,0,0,0,0,0
2026-08-13T03:48:30.947623,250,0,0,0,0,0
2026-08-13T03:48:30.950633,251,0,0,0,0,0
2026-08-13T03:48:30.951640,252,0,0,0,0,0
2026-08-13T03:48:30.951640,250,0,0,0,0,0
2026-08-13T03:48:30.952620,251,0,0,0,0,0
2026-08-13T03:48:30.955156,249,0,0,0,0,0
2026-08-13T03:48:30.955156,249,0,0,0,0,0
2026-08-13T03:48:30.956153,248,0,0,0,0,0
2026-08-13T03:48:30.959153,248,0,0,0,0,0
2026-08-13T03:48:30.959153,248,0,0,0,0,0
2026-08-13T03:48:30.960154,247,0,0,0,0,0
2026-08-13T03:48:30.963245,252,0,0,0,0,0
2026-08-13T03:48:30.963778,252,0,0,0,0,0
2026-08-13T03:48:30.963778,253,0,0,0,0,0
2026-08-13T03:48:30.964795,254,0,0,0,0,0
2026-08-13T03:48:30.967024,252,0,0,0,0,0
2026-08-13T03:48:30.967024,251,0,0,0,0,0
2026-08-13T03:48:30.968021,251,0,0,0,0,0
2026-08-13T03:48:30.971020,251,0,0,0,0,0
2026-08-13T03:48:30.972006,251,0,0,0,0,0
2026-08-13T03:48:30.972006,250,0,0,0,0,0
2026-08-13T03:48:30.973007,250,0,0,0,0,0
2026-08-13T03:48:30.975533,250,0,0,0,0,0
2026-08-13T03:48:30.975533,249,0,0,0,0,0
2026-08-13T03:48:30.976528,248,0,0,0,0,0
2026-08-13T03:48:30.979545,247,0,0,0,0,0
2026-08-13T03:48:30.979545,248,0,0,0,0,0
2026-08-13T03:48:30.980528,249,0,0,0,0,0
2026-08-13T03:48:30.980528,252,0,0,0,0,0
2026-08-13T03:48:30.982542,252,0,0,0,0,0
2026-08-13T03:48:30.984050,253,0,0,0,0,0
2026-08-13T03:48:30.984050,253,0,0,0,0,0
2026-08-13T03:48:30.987081,252,0,0,0,0,0
2026-08-13T03:48:30.988066,251,0,0,0,0,0
2026-08-13T03:48:30.989066,252,0,0,0,0,0
2026-08-13T03:48:30.991058,251,0,0,0,0,0
2026-08-13T03:48:30.992067,250,0,0,0,0,0
2026-08-13T03:48:30.993067,250,0,0,0,0,0
2026-08-13T03:48:30.993067,250,0,0,0,0,0
2026-08-13T03:48:30.995600,250,0,0,0,0,0
2026-08-13T03:48:30.996607,249,0,0,0,0,0
2026-08-13T03:48:30.996607,248,0,0,0,0,0
2026-08-13T03:48:30.999593,248,0,0,0,0,0
2026-08-13T03:48:31.000594,248,0,0,0,0,0
2026-08-13T03:48:31.000594,250,0,0,0,0,0
2026-08-13T03:48:31.001593,252,0,0,0,0,0
2026-08-13T03:48:31.003595,252,0,0,0,0,0
2026-08-13T03:48:31.004779,253,0,0,0,0,0
2026-08-13T03:48:31.004779,252,0,0,0,0,0
2026-08-13T03:48:31.008231,252,0,0,0,0,0
2026-08-13T03:48:31.008231,250,0,0,0,0,0
2026-08-13T03:48:31.009210,250,0,0,0,0,0
2026-08-13T03:48:31.009210,251,0,0,0,0,0
2026-08-13T03:48:31.012489,250,0,0,0,0,0
2026-08-13T03:48:31.012489,251,0,0,0,0,0
2026-08-13T03:48:31.012489,250,0,0,0,0,0
2026-08-13T03:48:31.015650,249,0,0,0,0,0
2026-08-13T03:48:31.016632,248,0,0,0,0,0
2026-08-13T03:48:31.017632,248,0,0,0,0,0
2026-08-13T03:48:31.017632,248,0,0,0,0,0
2026-08-13T03:48:31.020643,248,0,0,0,0,0
2026-08-13T03:48:31.020643,250,0,0,0,0,0
2026-08-13T03:48:31.020643,251,0,0,0,0,0
2026-08-13T03:48:31.024002,252,0,0,0,0,0
2026-08-13T03:48:31.025012,253,0,0,0,0,0
2026-08-13T03:48:31.026024,252,0,0,0,0,0
2026-08-13T03:48:31.028021,251,0,0,0,0,0
2026-08-13T03:48:31.029020,250,0,0,0,0,0
2026-08-13T03:48:31.029020,251,0,0,0,0,0
2026-08-13T03:48:31.030020,252,0,0,0,0,0
2026-08-13T03:48:31.032022,250,0,0,0,0,0
2026-08-13T03:48:31.033020,250,0,0,0,0,0
2026-08-13T03:48:31.034021,250,0,0,0,0,0
2026-08-13T03:48:31.036545,249,0,0,0,0,0
2026-08-13T03:48:31.037545,248,0,0,0,0,0
2026-08-13T03:48:31.038547,248,0,0,0,0,0
2026-08-13T03:48:31.038547,247,0,0,0,0,0
2026-08-13T03:48:31.040643,247,0,0,0,0,0
2026-08-13T03:48:31.041654,250,0,0,0,0,0
2026-08-13T03:48:31.042966,252,0,0,0,0,0
2026-08-13T03:48:31.045045,252,0,0,0,0,0
2026-08-13T03:48:31.045045,252,0,0,0,0,0
2026-08-13T03:48:31.046088,252,0,0,0,0,0
2026-08-13T03:48:31.046088,251,0,0,0,0,0
2026-08-13T03:48:31.049371,250,0,0,0,0,0
2026-08-13T03:48:31.049371,251,0,0,0,0,0
2026-08-13T03:48:31.049371,250,0,0,0,0,0
2026-08-13T03:48:31.053426,250,0,0,0,0,0
2026-08-13T03:48:31.054054,250,0,0,0,0,0
2026-08-13T03:48:31.054054,249,0,0,0,0,0
2026-08-13T03:48:31.057087,249,0,0,0,0,0
2026-08-13T03:48:31.058082,248,0,0,0,0,0
2026-08-13T03:48:31.058082,248,0,0,0,0,0
2026-08-13T03:48:31.059102,247,0,0,0,0,0
2026-08-13T03:48:31.061078,249,0,0,0,0,0
2026-08-13T03:48:31.062081,251,0,0,0,0,0
2026-08-13T03:48:31.062081,251,0,0,0,0,0
2026-08-13T03:48:31.065600,252,0,0,0,0,0
2026-08-13T03:48:31.065600,252,0,0,0,0,0
2026-08-13T03:48:31.066601,252,0,0,0,0,0
2026-08-13T03:48:31.066601,251,0,0,0,0,0
2026-08-13T03:48:31.069599,250,0,0,0,0,0
2026-08-13T03:48:31.069599,251,0,0,0,0,0
2026-08-13T03:48:31.070600,249,0,0,0,0,0
2026-08-13T03:48:31.073600,250,0,0,0,0,0
2026-08-13T03:48:31.074108,250,0,0,0,0,0
2026-08-13T03:48:31.074108,249,0,0,0,0,0
2026-08-13T03:48:31.075117,248,0,0,0,0,0
2026-08-13T03:48:31.077945,248,0,0,0,0,0
2026-08-13T03:48:31.077945,248,0,0,0,0,0
2026-08-13T03:48:31.077945,248,0,0,0,0,0
2026-08-13T03:48:31.081325,250,0,0,0,0,0
2026-08-13T03:48:31.082315,251,0,0,0,0,0
2026-08-13T03:48:31.082315,252,0,0,0,0,0
2026-08-13T03:48:31.082315,253,0,0,0,0,0
2026-08-13T03:48:31.085349,252,0,0,0,0,0
2026-08-13T03:48:31.086358,251,0,0,0,0,0
2026-08-13T03:48:31.086865,250,0,0,0,0,0
2026-08-13T03:48:31.089887,250,0,0,0,0,0
2026-08-13T03:48:31.089887,250,0,0,0,0,0
2026-08-13T03:48:31.090875,250,0,0,0,0,0
2026-08-13T03:48:31.093791,250,0,0,0,0,0
2026-08-13T03:48:31.094818,250,0,0,0,0,0
2026-08-13T03:48:31.094818,249,0,0,0,0,0
2026-08-13T03:48:31.095813,248,0,0,0,0,0
2026-08-13T03:48:31.098420,248,0,0,0,0,0
2026-08-13T03:48:31.098420,248,0,0,0,0,0
2026-08-13T03:48:31.099438,248,0,0,0,0,0
2026-08-13T03:48:31.102434,249,0,0,0,0,0
2026-08-13T03:48:31.102434,251,0,0,0,0,0
2026-08-13T03:48:31.103956,252,0,0,0,0,0
2026-08-13T03:48:31.103956,251,0,0,0,0,0
2026-08-13T03:48:31.106684,251,0,0,0,0,0
2026-08-13T03:48:31.106684,251,0,0,0,0,0
2026-08-13T03:48:31.107708,250,0,0,0,0,0
2026-08-13T03:48:31.110717,250,0,0,0,0,0
2026-08-13T03:48:31.110717,250,0,0,0,0,0
2026-08-13T03:48:31.111710,249,0,0,0,0,0
2026-08-13T03:48:31.112711,250,0,0,0,0,0
2026-08-13T03:48:31.113706,250,0,0,0,0,0
2026-08-13T03:48:31.114954,249,0,0,0,0,0
2026-08-13T03:48:31.115961,248,0,0,0,0,0
2026-08-13T03:48:31.118970,248,0,0,0,0,0
2026-08-13T03:48:31.118970,248,0,0,0,0,0
2026-08-13T03:48:31.119976,248,0,0,0,0,0
2026-08-13T03:48:31.119976,250,0,0,0,0,0
2026-08-13T03:48:31.122983,251,0,0,0,0,0
2026-08-13T03:48:31.122983,251,0,0,0,0,0
2026-08-13T03:48:31.124486,251,0,0,0,0,0
2026-08-13T03:48:31.126508,251,0,0,0,0,0
2026-08-13T03:48:31.127508,251,0,0,0,0,0
2026-08-13T03:48:31.128508,250,0,0,0,0,0
2026-08-13T03:48:31.130522,250,0,0,0,0,0
2026-08-13T03:48:31.131508,251,0,0,0,0,0
2026-08-13T03:48:31.132509,250,0,0,0,0,0
2026-08-13T03:48:31.132509,250,0,0,0,0,0
2026-08-13T03:48:31.134718,250,0,0,0,0,0
2026-08-13T03:48:31.135833,249,0,0,0,0,0
2026-08-13T03:48:31.135833,248,0,0,0,0,0
2026-08-13T03:48:31.138487,248,0,0,0,0,0
2026-08-13T03:48:31.139529,248,0,0,0,0,0
2026-08-13T03:48:31.140926,248,0,0,0,0,0
2026-08-13T03:48:31.141948,251,0,0,0,0,0
2026-08-13T03:48:31.142949,251,0,0,0,0,0
2026-08-13T03:48:31.143945,252,0,0,0,0,0
2026-08-13T03:48:31.144457,252,0,0,0,0,0
2026-08-13T03:48:31.147481,252,0,0,0,0,0
2026-08-13T03:48:31.147481,250,0,0,0,0,0
2026-08-13T03:48:31.148481,250,0,0,0,0,0
2026-08-13T03:48:31.149483,250,0,0,0,0,0
2026-08-13T03:48:31.151520,251,0,0,0,0,0
2026-08-13T03:48:31.151520,250,0,0,0,0,0
2026-08-13T03:48:31.152484,250,0,0,0,0,0
2026-08-13T03:48:31.155042,250,0,0,0,0,0
2026-08-13T03:48:31.156051,249,0,0,0,0,0
2026-08-13T03:48:31.156051,249,0,0,0,0,0
2026-08-13T03:48:31.159153,247,0,0,0,0,0
2026-08-13T03:48:31.160152,247,0,0,0,0,0
2026-08-13T03:48:31.160152,249,0,0,0,0,0
2026-08-13T03:48:31.160152,251,0,0,0,0,0
2026-08-13T03:48:31.164644,252,0,0,0,0,0
2026-08-13T03:48:31.164644,252,0,0,0,0,0
2026-08-13T03:48:31.164644,252,0,0,0,0,0
2026-08-13T03:48:31.167401,251,0,0,0,0,0
2026-08-13T03:48:31.168431,250,0,0,0,0,0
2026-08-13T03:48:31.168939,250,0,0,0,0,0
2026-08-13T03:48:31.168939,250,0,0,0,0,0
2026-08-13T03:48:31.171617,250,0,0,0,0,0
2026-08-13T03:48:31.172639,250,0,0,0,0,0
2026-08-13T03:48:31.173530,251,0,0,0,0,0
2026-08-13T03:48:31.175714,250,0,0,0,0,0
2026-08-13T03:48:31.176733,249,0,0,0,0,0
2026-08-13T03:48:31.176733,249,0,0,0,0,0
2026-08-13T03:48:31.177732,247,0,0,0,0,0
2026-08-13T03:48:31.179733,248,0,0,0,0,0
2026-08-13T03:48:31.180730,250,0,0,0,0,0
2026-08-13T03:48:31.180730,251,0,0,0,0,0
2026-08-13T03:48:31.184291,251,0,0,0,0,0
2026-08-13T03:48:31.184291,251,0,0,0,0,0
2026-08-13T03:48:31.185288,252,0,0,0,0,0
2026-08-13T03:48:31.185288,251,0,0,0,0,0
2026-08-13T03:48:31.188313,250,0,0,0,0,0
2026-08-13T03:48:31.188313,249,0,0,0,0,0
2026-08-13T03:48:31.189299,250,0,0,0,0,0
2026-08-13T03:48:31.191851,251,0,0,0,0,0
2026-08-13T03:48:31.192821,251,0,0,0,0,0
2026-08-13T03:48:31.193823,250,0,0,0,0,0
2026-08-13T03:48:31.196345,250,0,0,0,0,0
2026-08-13T03:48:31.197346,249,0,0,0,0,0
2026-08-13T03:48:31.197346,248,0,0,0,0,0
2026-08-13T03:48:31.197346,248,0,0,0,0,0
2026-08-13T03:48:31.200364,248,0,0,0,0,0
2026-08-13T03:48:31.201344,250,0,0,0,0,0
2026-08-13T03:48:31.201344,252,0,0,0,0,0
2026-08-13T03:48:31.204886,252,0,0,0,0,0
2026-08-13T03:48:31.204886,252,0,0,0,0,0
2026-08-13T03:48:31.205888,252,0,0,0,0,0
2026-08-13T03:48:31.205888,251,0,0,0,0,0
2026-08-13T03:48:31.208894,249,0,0,0,0,0
2026-08-13T03:48:31.208894,250,0,0,0,0,0
2026-08-13T03:48:31.209894,250,0,0,0,0,0
2026-08-13T03:48:31.212910,251,0,0,0,0,0
2026-08-13T03:48:31.212910,251,0,0,0,0,0
2026-08-13T03:48:31.213898,250,0,0,0,0,0
2026-08-13T03:48:31.214409,250,0,0,0,0,0
2026-08-13T03:48:31.217297,249,0,0,0,0,0
2026-08-13T03:48:31.217297,248,0,0,0,0,0
2026-08-13T03:48:31.217297,247,0,0,0,0,0
2026-08-13T03:48:31.221292,248,0,0,0,0,0
2026-08-13T03:48:31.221292,251,0,0,0,0,0
2026-08-13T03:48:31.222322,252,0,0,0,0,0
2026-08-13T03:48:31.224845,251,0,0,0,0,0
2026-08-13T03:48:31.225848,251,0,0,0,0,0
2026-08-13T03:48:31.226849,251,0,0,0,0,0
2026-08-13T03:48:31.226849,250,0,0,0,0,0
2026-08-13T03:48:31.228845,250,0,0,0,0,0
2026-08-13T03:48:31.229845,250,0,0,0,0,0
2026-08-13T03:48:31.229845,251,0,0,0,0,0
2026-08-13T03:48:31.232846,251,0,0,0,0,0
2026-08-13T03:48:31.233843,252,0,0,0,0,0
2026-08-13T03:48:31.234349,251,0,0,0,0,0
2026-08-13T03:48:31.234349,250,0,0,0,0,0
2026-08-13T03:48:31.237356,248,0,0,0,0,0
2026-08-13T03:48:31.237356,248,0,0,0,0,0
2026-08-13T03:48:31.238356,248,0,0,0,0,0
2026-08-13T03:48:31.241709,249,0,0,0,0,0
2026-08-13T03:48:31.241709,251,0,0,0,0,0
2026-08-13T03:48:31.241709,252,0,0,0,0,0
2026-08-13T03:48:31.242979,252,0,0,0,0,0
2026-08-13T03:48:31.245869,252,0,0,0,0,0
2026-08-13T03:48:31.245869,252,0,0,0,0,0
2026-08-13T03:48:31.245869,250,0,0,0,0,0
2026-08-13T03:48:31.249689,250,0,0,0,0,0
2026-08-13T03:48:31.249689,250,0,0,0,0,0
2026-08-13T03:48:31.250675,250,0,0,0,0,0
2026-08-13T03:48:31.250675,251,0,0,0,0,0
2026-08-13T03:48:31.253688,251,0,0,0,0,0
2026-08-13T03:48:31.253688,250,0,0,0,0,0
2026-08-13T03:48:31.255167,250,0,0,0,0,0
2026-08-13T03:48:31.257962,248,0,0,0,0,0
2026-08-13T03:48:31.258977,248,0,0,0,0,0
2026-08-13T03:48:31.258977,248,0,0,0,0,0
2026-08-13T03:48:31.261986,250,0,0,0,0,0
2026-08-13T03:48:31.263057,251,0,0,0,0,0
2026-08-13T03:48:31.263057,252,0,0,0,0,0
2026-08-13T03:48:31.264256,253,0,0,0,0,0
2026-08-13T03:48:31.266346,252,0,0,0,0,0
2026-08-13T03:48:31.266346,252,0,0,0,0,0
2026-08-13T03:48:31.267366,250,0,0,0,0,0
2026-08-13T03:48:31.270443,249,0,0,0,0,0
2026-08-13T03:48:31.270443,250,0,0,0,0,0
2026-08-13T03:48:31.271459,250,0,0,0,0,0
2026-08-13T03:48:31.271459,251,0,0,0,0,0
2026-08-13T03:48:31.273974,251,0,0,0,0,0
2026-08-13T03:48:31.274987,250,0,0,0,0,0
2026-08-13T03:48:31.275999,249,0,0,0,0,0
2026-08-13T03:48:31.277999,248,0,0,0,0,0
2026-08-13T03:48:31.278996,248,0,0,0,0,0
2026-08-13T03:48:31.278996,248,0,0,0,0,0
2026-08-13T03:48:31.280018,250,0,0,0,0,0
2026-08-13T03:48:31.282010,251,0,0,0,0,0
2026-08-13T03:48:31.282996,253,0,0,0,0,0
2026-08-13T03:48:31.283996,252,0,0,0,0,0
2026-08-13T03:48:31.286434,252,0,0,0,0,0
2026-08-13T03:48:31.287419,251,0,0,0,0,0
2026-08-13T03:48:31.287419,250,0,0,0,0,0
2026-08-13T03:48:31.289600,250,0,0,0,0,0
2026-08-13T03:48:31.291107,250,0,0,0,0,0
2026-08-13T03:48:31.292121,250,0,0,0,0,0
2026-08-13T03:48:31.292121,251,0,0,0,0,0
2026-08-13T03:48:31.294645,251,0,0,0,0,0
2026-08-13T03:48:31.295638,251,0,0,0,0,0
2026-08-13T03:48:31.295638,249,0,0,0,0,0
2026-08-13T03:48:31.299120,248,0,0,0,0,0
2026-08-13T03:48:31.299120,248,0,0,0,0,0
2026-08-13T03:48:31.300137,248,0,0,0,0,0
2026-08-13T03:48:31.300137,250,0,0,0,0,0
2026-08-13T03:48:31.303219,251,0,0,0,0,0
2026-08-13T03:48:31.303730,253,0,0,0,0,0
2026-08-13T03:48:31.303730,252,0,0,0,0,0
2026-08-13T03:48:31.306891,252,0,0,0,0,0
2026-08-13T03:48:31.307909,251,0,0,0,0,0
2026-08-13T03:48:31.309008,249,0,0,0,0,0
2026-08-13T03:48:31.309008,250,0,0,0,0,0
2026-08-13T03:48:31.310904,251,0,0,0,0,0
2026-08-13T03:48:31.311902,252,0,0,0,0,0
2026-08-13T03:48:31.311902,252,0,0,0,0,0
2026-08-13T03:48:31.315418,250,0,0,0,0,0
2026-08-13T03:48:31.315418,250,0,0,0,0,0
2026-08-13T03:48:31.316427,248,0,0,0,0,0
2026-08-13T03:48:31.317428,248,0,0,0,0,0
2026-08-13T03:48:31.319426,247,0,0,0,0,0
2026-08-13T03:48:31.319426,249,0,0,0,0,0
2026-08-13T03:48:31.320427,251,0,0,0,0,0
2026-08-13T03:48:31.322426,252,0,0,0,0,0
2026-08-13T03:48:31.323935,253,0,0,0,0,0
2026-08-13T03:48:31.323935,252,0,0,0,0,0
2026-08-13T03:48:31.327787,252,0,0,0,0,0
2026-08-13T03:48:31.327787,251,0,0,0,0,0
2026-08-13T03:48:31.327787,249,0,0,0,0,0
2026-08-13T03:48:31.328797,250,0,0,0,0,0
2026-08-13T03:48:31.331985,250,0,0,0,0,0
2026-08-13T03:48:31.331985,251,0,0,0,0,0
2026-08-13T03:48:31.333009,252,0,0,0,0,0
2026-08-13T03:48:31.335619,251,0,0,0,0,0
2026-08-13T03:48:31.336631,249,0,0,0,0,0
2026-08-13T03:48:31.337631,249,0,0,0,0,0
2026-08-13T03:48:31.338631,247,0,0,0,0,0
2026-08-13T03:48:31.339619,248,0,0,0,0,0
2026-08-13T03:48:31.340620,250,0,0,0,0,0
2026-08-13T03:48:31.341622,252,0,0,0,0,0
2026-08-13T03:48:31.343622,252,0,0,0,0,0
2026-08-13T03:48:31.344747,253,0,0,0,0,0
2026-08-13T03:48:31.345740,252,0,0,0,0,0
2026-08-13T03:48:31.345740,252,0,0,0,0,0
2026-08-13T03:48:31.347737,250,0,0,0,0,0
2026-08-13T03:48:31.348750,249,0,0,0,0,0
2026-08-13T03:48:31.348750,250,0,0,0,0,0
2026-08-13T03:48:31.352427,251,0,0,0,0,0
2026-08-13T03:48:31.352427,251,0,0,0,0,0
2026-08-13T03:48:31.354050,251,0,0,0,0,0
2026-08-13T03:48:31.354050,250,0,0,0,0,0
2026-08-13T03:48:31.356141,249,0,0,0,0,0
2026-08-13T03:48:31.357184,249,0,0,0,0,0
2026-08-13T03:48:31.358072,248,0,0,0,0,0
2026-08-13T03:48:31.360152,248,0,0,0,0,0
2026-08-13T03:48:31.361070,250,0,0,0,0,0
2026-08-13T03:48:31.361070,252,0,0,0,0,0
2026-08-13T03:48:31.364575,253,0,0,0,0,0
2026-08-13T03:48:31.365586,253,0,0,0,0,0
2026-08-13T03:48:31.366595,252,0,0,0,0,0
2026-08-13T03:48:31.366595,251,0,0,0,0,0
2026-08-13T03:48:31.368595,250,0,0,0,0,0
2026-08-13T03:48:31.368595,250,0,0,0,0,0
2026-08-13T03:48:31.369595,251,0,0,0,0,0
2026-08-13T03:48:31.372594,251,0,0,0,0,0
2026-08-13T03:48:31.372594,251,0,0,0,0,0
2026-08-13T03:48:31.374106,252,0,0,0,0,0
2026-08-13T03:48:31.374106,251,0,0,0,0,0
2026-08-13T03:48:31.376128,250,0,0,0,0,0
2026-08-13T03:48:31.377128,249,0,0,0,0,0
2026-08-13T03:48:31.377128,248,0,0,0,0,0
2026-08-13T03:48:31.380846,248,0,0,0,0,0
2026-08-13T03:48:31.380846,251,0,0,0,0,0
2026-08-13T03:48:31.382065,251,0,0,0,0,0
2026-08-13T03:48:31.383061,253,0,0,0,0,0
2026-08-13T03:48:31.384610,252,0,0,0,0,0
2026-08-13T03:48:31.385627,252,0,0,0,0,0
2026-08-13T03:48:31.386655,251,0,0,0,0,0
2026-08-13T03:48:31.389218,249,0,0,0,0,0
2026-08-13T03:48:31.389218,250,0,0,0,0,0
2026-08-13T03:48:31.391240,251,0,0,0,0,0
2026-08-13T03:48:31.392564,252,0,0,0,0,0
2026-08-13T03:48:31.394073,252,0,0,0,0,0
2026-08-13T03:48:31.394073,252,0,0,0,0,0
2026-08-13T03:48:31.395085,250,0,0,0,0,0
2026-08-13T03:48:31.397087,249,0,0,0,0,0
2026-08-13T03:48:31.398085,249,0,0,0,0,0
2026-08-13T03:48:31.398085,248,0,0,0,0,0
2026-08-13T03:48:31.401099,249,0,0,0,0,0
2026-08-13T03:48:31.402099,251,0,0,0,0,0
2026-08-13T03:48:31.402099,252,0,0,0,0,0
2026-08-13T03:48:31.403623,253,0,0,0,0,0
2026-08-13T03:48:31.405640,253,0,0,0,0,0
2026-08-13T03:48:31.405640,251,0,0,0,0,0
2026-08-13T03:48:31.406640,251,0,0,0,0,0
2026-08-13T03:48:31.409639,250,0,0,0,0,0
2026-08-13T03:48:31.409639,250,0,0,0,0,0
2026-08-13T03:48:31.410643,252,0,0,0,0,0
2026-08-13T03:48:31.410643,251,0,0,0,0,0
2026-08-13T03:48:31.413783,252,0,0,0,0,0
2026-08-13T03:48:31.413783,251,0,0,0,0,0
2026-08-13T03:48:31.414789,250,0,0,0,0,0
2026-08-13T03:48:31.417052,249,0,0,0,0,0
2026-08-13T03:48:31.418025,248,0,0,0,0,0
2026-08-13T03:48:31.418025,248,0,0,0,0,0
2026-08-13T03:48:31.419038,249,0,0,0,0,0
2026-08-13T03:48:31.422040,252,0,0,0,0,0
2026-08-13T03:48:31.422040,253,0,0,0,0,0
2026-08-13T03:48:31.423025,254,0,0,0,0,0
2026-08-13T03:48:31.425510,253,0,0,0,0,0
2026-08-13T03:48:31.426507,252,0,0,0,0,0
2026-08-13T03:48:31.426507,251,0,0,0,0,0
2026-08-13T03:48:31.429494,250,0,0,0,0,0
2026-08-13T03:48:31.430507,250,0,0,0,0,0
2026-08-13T03:48:31.431507,251,0,0,0,0,0
2026-08-13T03:48:31.431507,251,0,0,0,0,0
2026-08-13T03:48:31.434294,252,0,0,0,0,0
2026-08-13T03:48:31.434294,251,0,0,0,0,0
2026-08-13T03:48:31.435470,250,0,0,0,0,0
2026-08-13T03:48:31.438368,249,0,0,0,0,0
2026-08-13T03:48:31.438368,248,0,0,0,0,0
2026-08-13T03:48:31.439385,248,0,0,0,0,0
2026-08-13T03:48:31.440384,250,0,0,0,0,0
2026-08-13T03:48:31.442385,252,0,0,0,0,0
2026-08-13T03:48:31.442385,253,0,0,0,0,0
2026-08-13T03:48:31.443907,253,0,0,0,0,0
2026-08-13T03:48:31.445925,253,0,0,0,0,0
2026-08-13T03:48:31.446924,252,0,0,0,0,0
2026-08-13T03:48:31.447923,249,0,0,0,0,0
2026-08-13T03:48:31.447923,250,0,0,0,0,0
2026-08-13T03:48:31.449942,251,0,0,0,0,0
2026-08-13T03:48:31.450923,251,0,0,0,0,0
2026-08-13T03:48:31.450923,251,0,0,0,0,0
2026-08-13T03:48:31.454478,252,0,0,0,0,0
2026-08-13T03:48:31.454478,251,0,0,0,0,0
2026-08-13T03:48:31.455474,250,0,0,0,0,0
2026-08-13T03:48:31.458498,248,0,0,0,0,0
2026-08-13T03:48:31.458498,249,0,0,0,0,0
2026-08-13T03:48:31.459479,248,0,0,0,0,0
2026-08-13T03:48:31.459479,250,0,0,0,0,0
2026-08-13T03:48:31.462803,252,0,0,0,0,0
2026-08-13T03:48:31.462803,253,0,0,0,0,0
2026-08-13T03:48:31.462803,253,0,0,0,0,0
2026-08-13T03:48:31.467144,253,0,0,0,0,0
2026-08-13T03:48:31.467144,252,0,0,0,0,0
2026-08-13T03:48:31.467144,249,0,0,0,0,0
2026-08-13T03:48:31.467144,250,0,0,0,0,0
2026-08-13T03:48:31.470780,252,0,0,0,0,0
2026-08-13T03:48:31.470780,252,0,0,0,0,0
2026-08-13T03:48:31.471765,252,0,0,0,0,0
2026-08-13T03:48:31.475279,251,0,0,0,0,0
2026-08-13T03:48:31.475279,251,0,0,0,0,0
2026-08-13T03:48:31.476279,250,0,0,0,0,0
2026-08-13T03:48:31.476279,249,0,0,0,0,0
2026-08-13T03:48:31.479278,249,0,0,0,0,0
2026-08-13T03:48:31.479278,248,0,0,0,0,0
2026-08-13T03:48:31.479278,252,0,0,0,0,0
2026-08-13T03:48:31.482278,254,0,0,0,0,0
2026-08-13T03:48:31.483784,254,0,0,0,0,0
2026-08-13T03:48:31.483784,254,0,0,0,0,0
2026-08-13T03:48:31.484792,253,0,0,0,0,0
2026-08-13T03:48:31.486814,252,0,0,0,0,0
2026-08-13T03:48:31.487792,250,0,0,0,0,0
2026-08-13T03:48:31.487792,250,0,0,0,0,0
2026-08-13T03:48:31.491253,250,0,0,0,0,0
2026-08-13T03:48:31.492278,250,0,0,0,0,0
2026-08-13T03:48:31.492278,251,0,0,0,0,0
2026-08-13T03:48:31.495733,251,0,0,0,0,0
2026-08-13T03:48:31.495733,250,0,0,0,0,0
2026-08-13T03:48:31.496741,247,0,0,0,0,0
2026-08-13T03:48:31.496741,247,0,0,0,0,0
2026-08-13T03:48:31.499892,248,0,0,0,0,0
2026-08-13T03:48:31.499892,249,0,0,0,0,0
2026-08-13T03:48:31.499892,251,0,0,0,0,0
2026-08-13T03:48:31.503660,253,0,0,0,0,0
2026-08-13T03:48:31.503660,254,0,0,0,0,0
2026-08-13T03:48:31.504992,253,0,0,0,0,0
2026-08-13T03:48:31.504992,253,0,0,0,0,0
2026-08-13T03:48:31.507150,250,0,0,0,0,0
2026-08-13T03:48:31.508175,250,0,0,0,0,0
2026-08-13T03:48:31.509150,250,0,0,0,0,0
2026-08-13T03:48:31.512169,251,0,0,0,0,0
2026-08-13T03:48:31.512169,251,0,0,0,0,0
2026-08-13T03:48:31.512169,252,0,0,0,0,0
2026-08-13T03:48:31.513679,250,0,0,0,0,0
2026-08-13T03:48:31.515690,249,0,0,0,0,0
2026-08-13T03:48:31.516703,247,0,0,0,0,0
2026-08-13T03:48:31.516703,246,0,0,0,0,0
2026-08-13T03:48:31.520118,245,0,0,0,0,0
2026-08-13T03:48:31.520118,246,0,0,0,0,0
2026-08-13T03:48:31.521104,249,0,0,0,0,0
2026-08-13T03:48:31.523626,249,0,0,0,0,0
2026-08-13T03:48:31.524649,249,0,0,0,0,0
2026-08-13T03:48:31.525652,248,0,0,0,0,0
2026-08-13T03:48:31.526667,247,0,0,0,0,0
2026-08-13T03:48:31.527666,245,0,0,0,0,0
2026-08-13T03:48:31.528697,244,0,0,0,0,0
2026-08-13T03:48:31.529663,243,0,0,0,0,0
2026-08-13T03:48:31.532676,244,0,0,0,0,0
2026-08-13T03:48:31.532676,244,0,0,0,0,0
2026-08-13T03:48:31.533663,245,0,0,0,0,0
2026-08-13T03:48:31.533663,244,0,0,0,0,0
2026-08-13T03:48:31.535750,242,0,0,0,0,0
2026-08-13T03:48:31.536787,241,0,0,0,0,0
2026-08-13T03:48:31.537797,239,0,0,0,0,0
2026-08-13T03:48:31.540801,240,0,0,0,0,0
2026-08-13T03:48:31.541801,241,0,0,0,0,0
2026-08-13T03:48:31.541801,243,0,0,0,0,0
2026-08-13T03:48:31.542802,243,0,0,0,0,0
2026-08-13T03:48:31.544619,244,0,0,0,0,0
2026-08-13T03:48:31.545636,243,0,0,0,0,0
2026-08-13T03:48:31.545636,242,0,0,0,0,0
2026-08-13T03:48:31.548969,241,0,0,0,0,0
2026-08-13T03:48:31.548969,240,0,0,0,0,0
2026-08-13T03:48:31.549986,241,0,0,0,0,0
2026-08-13T03:48:31.551000,241,0,0,0,0,0
2026-08-13T03:48:31.553069,243,0,0,0,0,0
2026-08-13T03:48:31.553069,241,0,0,0,0,0
2026-08-13T03:48:31.554095,239,0,0,0,0,0
2026-08-13T03:48:31.557039,239,0,0,0,0,0
2026-08-13T03:48:31.558039,237,0,0,0,0,0
2026-08-13T03:48:31.559037,236,0,0,0,0,0
2026-08-13T03:48:31.561038,236,0,0,0,0,0
2026-08-13T03:48:31.562037,239,0,0,0,0,0
2026-08-13T03:48:31.562037,240,0,0,0,0,0
2026-08-13T03:48:31.563040,241,0,0,0,0,0
2026-08-13T03:48:31.564575,242,0,0,0,0,0
2026-08-13T03:48:31.565573,241,0,0,0,0,0
2026-08-13T03:48:31.566576,239,0,0,0,0,0
2026-08-13T03:48:31.568571,238,0,0,0,0,0
2026-08-13T03:48:31.569571,238,0,0,0,0,0
2026-08-13T03:48:31.570575,239,0,0,0,0,0
2026-08-13T03:48:31.570575,240,0,0,0,0,0
2026-08-13T03:48:31.573585,240,0,0,0,0,0
2026-08-13T03:48:31.573585,239,0,0,0,0,0
2026-08-13T03:48:31.573585,239,0,0,0,0,0
2026-08-13T03:48:31.577652,237,0,0,0,0,0
2026-08-13T03:48:31.577652,235,0,0,0,0,0
2026-08-13T03:48:31.577652,235,0,0,0,0,0
2026-08-13T03:48:31.578672,235,0,0,0,0,0
2026-08-13T03:48:31.581744,238,0,0,0,0,0
2026-08-13T03:48:31.581744,239,0,0,0,0,0
2026-08-13T03:48:31.582764,239,0,0,0,0,0
2026-08-13T03:48:31.585856,239,0,0,0,0,0
2026-08-13T03:48:31.586881,237,0,0,0,0,0
2026-08-13T03:48:31.586881,235,0,0,0,0,0
2026-08-13T03:48:31.587880,234,0,0,0,0,0
2026-08-13T03:48:31.589901,234,0,0,0,0,0
2026-08-13T03:48:31.589901,235,0,0,0,0,0
2026-08-13T03:48:31.591431,235,0,0,0,0,0
2026-08-13T03:48:31.594020,236,0,0,0,0,0
2026-08-13T03:48:31.594020,236,0,0,0,0,0
2026-08-13T03:48:31.595208,235,0,0,0,0,0
2026-08-13T03:48:31.598196,233,0,0,0,0,0
2026-08-13T03:48:31.598196,232,0,0,0,0,0
2026-08-13T03:48:31.599210,232,0,0,0,0,0
2026-08-13T03:48:31.600197,233,0,0,0,0,0
2026-08-13T03:48:31.602217,236,0,0,0,0,0
2026-08-13T03:48:31.602217,236,0,0,0,0,0
2026-08-13T03:48:31.602217,236,0,0,0,0,0
2026-08-13T03:48:31.605908,236,0,0,0,0,0
2026-08-13T03:48:31.606931,235,0,0,0,0,0
2026-08-13T03:48:31.607920,234,0,0,0,0,0
2026-08-13T03:48:31.608924,233,0,0,0,0,0
2026-08-13T03:48:31.609927,234,0,0,0,0,0
2026-08-13T03:48:31.610920,234,0,0,0,0,0
2026-08-13T03:48:31.610920,236,0,0,0,0,0
2026-08-13T03:48:31.614481,236,0,0,0,0,0
2026-08-13T03:48:31.614481,236,0,0,0,0,0
2026-08-13T03:48:31.615475,234,0,0,0,0,0
2026-08-13T03:48:31.615475,232,0,0,0,0,0
2026-08-13T03:48:31.618482,232,0,0,0,0,0
2026-08-13T03:48:31.618482,232,0,0,0,0,0
2026-08-13T03:48:31.619482,233,0,0,0,0,0
2026-08-13T03:48:31.622483,235,0,0,0,0,0
2026-08-13T03:48:31.622483,237,0,0,0,0,0
2026-08-13T03:48:31.623990,237,0,0,0,0,0
2026-08-13T03:48:31.626004,235,0,0,0,0,0
2026-08-13T03:48:31.627014,234,0,0,0,0,0
2026-08-13T03:48:31.628023,232,0,0,0,0,0
2026-08-13T03:48:31.628023,232,0,0,0,0,0
2026-08-13T03:48:31.630893,233,0,0,0,0,0
2026-08-13T03:48:31.630893,234,0,0,0,0,0
2026-08-13T03:48:31.631912,234,0,0,0,0,0
2026-08-13T03:48:31.634811,233,0,0,0,0,0
2026-08-13T03:48:31.634811,232,0,0,0,0,0
2026-08-13T03:48:31.635811,232,0,0,0,0,0
2026-08-13T03:48:31.636810,230,0,0,0,0,0
2026-08-13T03:48:31.638809,229,0,0,0,0,0
2026-08-13T03:48:31.639808,229,0,0,0,0,0
2026-08-13T03:48:31.639808,232,0,0,0,0,0
2026-08-13T03:48:31.642833,235,0,0,0,0,0
2026-08-13T03:48:31.643823,236,0,0,0,0,0
2026-08-13T03:48:31.644337,235,0,0,0,0,0
2026-08-13T03:48:31.645349,235,0,0,0,0,0
2026-08-13T03:48:31.647363,234,0,0,0,0,0
2026-08-13T03:48:31.647363,232,0,0,0,0,0
2026-08-13T03:48:31.648363,232,0,0,0,0,0
2026-08-13T03:48:31.651372,233,0,0,0,0,0
2026-08-13T03:48:31.651372,235,0,0,0,0,0
2026-08-13T03:48:31.652359,234,0,0,0,0,0
2026-08-13T03:48:31.652359,234,0,0,0,0,0
2026-08-13T03:48:31.654873,234,0,0,0,0,0
2026-08-13T03:48:31.655902,231,0,0,0,0,0
2026-08-13T03:48:31.655902,230,0,0,0,0,0
2026-08-13T03:48:31.658895,230,0,0,0,0,0
2026-08-13T03:48:31.659874,231,0,0,0,0,0
2026-08-13T03:48:31.660874,234,0,0,0,0,0
2026-08-13T03:48:31.663872,236,0,0,0,0,0
2026-08-13T03:48:31.664381,236,0,0,0,0,0
2026-08-13T03:48:31.665390,236,0,0,0,0,0
2026-08-13T03:48:31.665390,235,0,0,0,0,0
2026-08-13T03:48:31.667748,234,0,0,0,0,0
2026-08-13T03:48:31.667748,232,0,0,0,0,0
2026-08-13T03:48:31.668765,232,0,0,0,0,0
2026-08-13T03:48:31.671916,233,0,0,0,0,0
2026-08-13T03:48:31.671916,234,0,0,0,0,0
2026-08-13T03:48:31.672939,235,0,0,0,0,0
2026-08-13T03:48:31.672939,234,0,0,0,0,0
2026-08-13T03:48:31.675329,233,0,0,0,0,0
2026-08-13T03:48:31.676332,231,0,0,0,0,0
2026-08-13T03:48:31.676332,230,0,0,0,0,0
2026-08-13T03:48:31.679327,230,0,0,0,0,0
2026-08-13T03:48:31.680328,231,0,0,0,0,0
2026-08-13T03:48:31.681331,234,0,0,0,0,0
2026-08-13T03:48:31.681331,235,0,0,0,0,0
2026-08-13T03:48:31.684145,236,0,0,0,0,0
2026-08-13T03:48:31.684145,236,0,0,0,0,0
2026-08-13T03:48:31.685273,235,0,0,0,0,0
2026-08-13T03:48:31.688219,233,0,0,0,0,0
2026-08-13T03:48:31.688219,232,0,0,0,0,0
2026-08-13T03:48:31.689236,233,0,0,0,0,0
2026-08-13T03:48:31.691751,234,0,0,0,0,0
2026-08-13T03:48:31.692760,234,0,0,0,0,0
2026-08-13T03:48:31.693760,235,0,0,0,0,0
2026-08-13T03:48:31.694277,233,0,0,0,0,0
2026-08-13T03:48:31.696296,233,0,0,0,0,0
2026-08-13T03:48:31.696296,231,0,0,0,0,0
2026-08-13T03:48:31.697333,231,0,0,0,0,0
2026-08-13T03:48:31.700309,231,0,0,0,0,0
2026-08-13T03:48:31.700309,232,0,0,0,0,0
2026-08-13T03:48:31.701294,235,0,0,0,0,0
2026-08-13T03:48:31.701294,236,0,0,0,0,0
2026-08-13T03:48:31.704833,236,0,0,0,0,0
2026-08-13T03:48:31.704833,236,0,0,0,0,0
2026-08-13T03:48:31.704833,234,0,0,0,0,0
2026-08-13T03:48:31.707834,232,0,0,0,0,0
2026-08-13T03:48:31.708833,232,0,0,0,0,0
2026-08-13T03:48:31.709836,233,0,0,0,0,0
2026-08-13T03:48:31.709836,233,0,0,0,0,0
2026-08-13T03:48:31.712819,233,0,0,0,0,0
2026-08-13T03:48:31.712819,234,0,0,0,0,0
2026-08-13T03:48:31.712819,234,0,0,0,0,0
2026-08-13T03:48:31.716165,231,0,0,0,0,0
2026-08-13T03:48:31.717146,231,0,0,0,0,0
2026-08-13T03:48:31.717146,230,0,0,0,0,0
2026-08-13T03:48:31.718146,230,0,0,0,0,0
2026-08-13T03:48:31.720160,233,0,0,0,0,0
2026-08-13T03:48:31.721146,235,0,0,0,0,0
2026-08-13T03:48:31.721146,235,0,0,0,0,0
2026-08-13T03:48:31.724676,235,0,0,0,0,0
2026-08-13T03:48:31.725689,235,0,0,0,0,0
2026-08-13T03:48:31.725689,234,0,0,0,0,0
2026-08-13T03:48:31.728692,231,0,0,0,0,0
2026-08-13T03:48:31.729674,231,0,0,0,0,0
2026-08-13T03:48:31.729674,233,0,0,0,0,0
2026-08-13T03:48:31.730675,234,0,0,0,0,0
2026-08-13T03:48:31.732687,235,0,0,0,0,0
2026-08-13T03:48:31.733673,234,0,0,0,0,0
2026-08-13T03:48:31.733673,233,0,0,0,0,0
2026-08-13T03:48:31.736789,232,0,0,0,0,0
2026-08-13T03:48:31.737789,230,0,0,0,0,0
2026-08-13T03:48:31.737789,230,0,0,0,0,0
2026-08-13T03:48:31.737789,230,0,0,0,0,0
2026-08-13T03:48:31.740977,233,0,0,0,0,0
2026-08-13T03:48:31.741976,235,0,0,0,0,0
2026-08-13T03:48:31.741976,236,0,0,0,0,0
2026-08-13T03:48:31.745043,236,0,0,0,0,0
2026-08-13T03:48:31.745043,235,0,0,0,0,0
2026-08-13T03:48:31.745043,233,0,0,0,0,0
2026-08-13T03:48:31.746624,231,0,0,0,0,0
2026-08-13T03:48:31.748610,232,0,0,0,0,0
2026-08-13T03:48:31.750188,233,0,0,0,0,0
2026-08-13T03:48:31.750188,234,0,0,0,0,0
2026-08-13T03:48:31.753709,235,0,0,0,0,0
2026-08-13T03:48:31.754225,234,0,0,0,0,0
2026-08-13T03:48:31.755238,235,0,0,0,0,0
2026-08-13T03:48:31.757246,232,0,0,0,0,0
2026-08-13T03:48:31.758248,230,0,0,0,0,0
2026-08-13T03:48:31.759247,230,0,0,0,0,0
2026-08-13T03:48:31.759247,231,0,0,0,0,0
2026-08-13T03:48:31.761177,234,0,0,0,0,0
2026-08-13T03:48:31.762193,235,0,0,0,0,0
2026-08-13T03:48:31.762193,235,0,0,0,0,0
2026-08-13T03:48:31.765709,235,0,0,0,0,0
2026-08-13T03:48:31.766218,235,0,0,0,0,0
2026-08-13T03:48:31.767234,234,0,0,0,0,0
2026-08-13T03:48:31.768233,232,0,0,0,0,0
2026-08-13T03:48:31.769231,233,0,0,0,0,0
2026-08-13T03:48:31.770248,234,0,0,0,0,0
2026-08-13T03:48:31.771092,234,0,0,0,0,0
2026-08-13T03:48:31.773846,236,0,0,0,0,0
2026-08-13T03:48:31.774609,234,0,0,0,0,0
2026-08-13T03:48:31.775626,233,0,0,0,0,0
2026-08-13T03:48:31.775626,231,0,0,0,0,0
2026-08-13T03:48:31.777619,230,0,0,0,0,0
2026-08-13T03:48:31.778620,229,0,0,0,0,0
2026-08-13T03:48:31.779619,232,0,0,0,0,0
2026-08-13T03:48:31.781639,234,0,0,0,0,0
2026-08-13T03:48:31.782619,235,0,0,0,0,0
2026-08-13T03:48:31.783618,236,0,0,0,0,0
2026-08-13T03:48:31.784125,236,0,0,0,0,0
2026-08-13T03:48:31.786650,235,0,0,0,0,0
2026-08-13T03:48:31.786650,233,0,0,0,0,0
2026-08-13T03:48:31.787657,232,0,0,0,0,0
2026-08-13T03:48:31.789657,233,0,0,0,0,0
2026-08-13T03:48:31.791162,233,0,0,0,0,0
2026-08-13T03:48:31.791162,235,0,0,0,0,0
2026-08-13T03:48:31.794687,235,0,0,0,0,0
2026-08-13T03:48:31.794687,234,0,0,0,0,0
2026-08-13T03:48:31.795686,232,0,0,0,0,0
2026-08-13T03:48:31.795686,231,0,0,0,0,0
2026-08-13T03:48:31.798696,231,0,0,0,0,0
2026-08-13T03:48:31.798696,231,0,0,0,0,0
2026-08-13T03:48:31.799695,232,0,0,0,0,0
2026-08-13T03:48:31.802699,235,0,0,0,0,0
2026-08-13T03:48:31.802699,236,0,0,0,0,0
2026-08-13T03:48:31.803694,237,0,0,0,0,0
2026-08-13T03:48:31.804201,236,0,0,0,0,0
2026-08-13T03:48:31.806221,235,0,0,0,0,0
2026-08-13T03:48:31.807216,232,0,0,0,0,0
2026-08-13T03:48:31.807216,231,0,0,0,0,0
2026-08-13T03:48:31.811216,233,0,0,0,0,0
2026-08-13T03:48:31.811216,234,0,0,0,0,0
2026-08-13T03:48:31.811216,235,0,0,0,0,0
2026-08-13T03:48:31.812218,234,0,0,0,0,0
2026-08-13T03:48:31.814779,234,0,0,0,0,0
2026-08-13T03:48:31.814779,233,0,0,0,0,0
2026-08-13T03:48:31.815771,231,0,0,0,0,0
2026-08-13T03:48:31.818770,231,0,0,0,0,0
2026-08-13T03:48:31.819771,231,0,0,0,0,0
2026-08-13T03:48:31.819771,233,0,0,0,0,0
2026-08-13T03:48:31.822795,236,0,0,0,0,0
2026-08-13T03:48:31.823796,236,0,0,0,0,0
2026-08-13T03:48:31.823796,237,0,0,0,0,0
2026-08-13T03:48:31.824303,235,0,0,0,0,0
2026-08-13T03:48:31.827485,234,0,0,0,0,0
2026-08-13T03:48:31.827485,232,0,0,0,0,0
2026-08-13T03:48:31.827485,232,0,0,0,0,0
2026-08-13T03:48:31.831506,233,0,0,0,0,0
2026-08-13T03:48:31.831506,233,0,0,0,0,0
2026-08-13T03:48:31.831506,235,0,0,0,0,0
2026-08-13T03:48:31.832491,235,0,0,0,0,0
2026-08-13T03:48:31.835744,234,0,0,0,0,0
2026-08-13T03:48:31.835744,233,0,0,0,0,0
2026-08-13T03:48:31.836759,231,0,0,0,0,0
2026-08-13T03:48:31.839326,231,0,0,0,0,0
2026-08-13T03:48:31.840389,232,0,0,0,0,0
2026-08-13T03:48:31.841382,234,0,0,0,0,0
2026-08-13T03:48:31.841382,236,0,0,0,0,0
2026-08-13T03:48:31.843910,237,0,0,0,0,0
2026-08-13T03:48:31.843910,236,0,0,0,0,0
2026-08-13T03:48:31.844922,235,0,0,0,0,0
2026-08-13T03:48:31.847932,234,0,0,0,0,0
2026-08-13T03:48:31.848929,233,0,0,0,0,0
2026-08-13T03:48:31.849936,232,0,0,0,0,0
2026-08-13T03:48:31.849936,234,0,0,0,0,0
2026-08-13T03:48:31.851920,235,0,0,0,0,0
2026-08-13T03:48:31.851920,236,0,0,0,0,0
2026-08-13T03:48:31.852934,235,0,0,0,0,0
2026-08-13T03:48:31.856168,234,0,0,0,0,0
2026-08-13T03:48:31.856168,232,0,0,0,0,0
2026-08-13T03:48:31.857400,231,0,0,0,0,0
2026-08-13T03:48:31.859425,232,0,0,0,0,0
2026-08-13T03:48:31.860410,232,0,0,0,0,0
2026-08-13T03:48:31.861411,235,0,0,0,0,0
2026-08-13T03:48:31.861411,236,0,0,0,0,0
2026-08-13T03:48:31.863932,237,0,0,0,0,0
2026-08-13T03:48:31.864951,237,0,0,0,0,0
2026-08-13T03:48:31.864951,236,0,0,0,0,0
2026-08-13T03:48:31.867964,234,0,0,0,0,0
2026-08-13T03:48:31.868967,232,0,0,0,0,0
2026-08-13T03:48:31.868967,234,0,0,0,0,0
2026-08-13T03:48:31.869963,235,0,0,0,0,0
2026-08-13T03:48:31.871969,236,0,0,0,0,0
2026-08-13T03:48:31.872962,236,0,0,0,0,0
2026-08-13T03:48:31.873965,235,0,0,0,0,0
2026-08-13T03:48:31.876524,234,0,0,0,0,0
2026-08-13T03:48:31.876524,232,0,0,0,0,0
2026-08-13T03:48:31.877502,232,0,0,0,0,0
2026-08-13T03:48:31.878509,231,0,0,0,0,0
2026-08-13T03:48:31.880525,233,0,0,0,0,0
2026-08-13T03:48:31.880525,235,0,0,0,0,0
2026-08-13T03:48:31.881518,237,0,0,0,0,0
2026-08-13T03:48:31.884041,238,0,0,0,0,0
2026-08-13T03:48:31.885058,237,0,0,0,0,0
2026-08-13T03:48:31.885058,235,0,0,0,0,0
2026-08-13T03:48:31.886065,233,0,0,0,0,0
2026-08-13T03:48:31.888079,233,0,0,0,0,0
2026-08-13T03:48:31.889063,234,0,0,0,0,0
2026-08-13T03:48:31.889063,236,0,0,0,0,0
2026-08-13T03:48:31.892589,236,0,0,0,0,0
2026-08-13T03:48:31.892589,236,0,0,0,0,0
2026-08-13T03:48:31.893574,235,0,0,0,0,0
2026-08-13T03:48:31.897102,234,0,0,0,0,0
2026-08-13T03:48:31.897102,232,0,0,0,0,0
2026-08-13T03:48:31.897102,231,0,0,0,0,0
2026-08-13T03:48:31.898085,231,0,0,0,0,0
2026-08-13T03:48:31.900478,233,0,0,0,0,0
2026-08-13T03:48:31.901493,236,0,0,0,0,0
2026-08-13T03:48:31.901493,237,0,0,0,0,0
2026-08-13T03:48:31.905308,238,0,0,0,0,0
2026-08-13T03:48:31.905308,237,0,0,0,0,0
2026-08-13T03:48:31.905308,236,0,0,0,0,0
2026-08-13T03:48:31.905308,234,0,0,0,0,0
2026-08-13T03:48:31.909329,234,0,0,0,0,0
2026-08-13T03:48:31.909329,235,0,0,0,0,0
2026-08-13T03:48:31.909329,235,0,0,0,0,0
2026-08-13T03:48:31.913560,236,0,0,0,0,0
2026-08-13T03:48:31.914085,235,0,0,0,0,0
2026-08-13T03:48:31.915102,235,0,0,0,0,0
2026-08-13T03:48:31.915102,233,0,0,0,0,0
2026-08-13T03:48:31.917125,232,0,0,0,0,0
2026-08-13T03:48:31.918123,232,0,0,0,0,0
2026-08-13T03:48:31.918123,232,0,0,0,0,0
2026-08-13T03:48:31.921123,235,0,0,0,0,0
2026-08-13T03:48:31.922109,237,0,0,0,0,0
2026-08-13T03:48:31.922109,238,0,0,0,0,0
2026-08-13T03:48:31.925646,238,0,0,0,0,0
2026-08-13T03:48:31.928722,237,0,0,0,0,0
2026-08-13T03:48:31.929727,236,0,0,0,0,0
2026-08-13T03:48:31.929727,233,0,0,0,0,0
2026-08-13T03:48:31.930738,234,0,0,0,0,0
2026-08-13T03:48:31.930738,235,0,0,0,0,0
2026-08-13T03:48:31.931738,236,0,0,0,0,0
2026-08-13T03:48:31.933994,237,0,0,0,0,0
2026-08-13T03:48:31.933994,236,0,0,0,0,0
2026-08-13T03:48:31.935110,235,0,0,0,0,0
2026-08-13T03:48:31.936123,234,0,0,0,0,0
2026-08-13T03:48:31.938094,232,0,0,0,0,0
2026-08-13T03:48:31.938094,231,0,0,0,0,0
2026-08-13T03:48:31.939113,233,0,0,0,0,0
2026-08-13T03:48:31.942113,236,0,0,0,0,0
2026-08-13T03:48:31.942113,238,0,0,0,0,0
2026-08-13T03:48:31.942113,239,0,0,0,0,0
2026-08-13T03:48:31.943621,238,0,0,0,0,0
2026-08-13T03:48:31.945633,237,0,0,0,0,0
2026-08-13T03:48:31.946644,235,0,0,0,0,0
2026-08-13T03:48:31.947644,234,0,0,0,0,0
2026-08-13T03:48:31.949919,234,0,0,0,0,0
2026-08-13T03:48:31.950915,236,0,0,0,0,0
2026-08-13T03:48:31.950915,236,0,0,0,0,0
2026-08-13T03:48:31.951916,238,0,0,0,0,0
2026-08-13T03:48:31.953750,236,0,0,0,0,0
2026-08-13T03:48:31.954756,235,0,0,0,0,0
2026-08-13T03:48:31.954756,234,0,0,0,0,0
2026-08-13T03:48:31.957770,233,0,0,0,0,0
2026-08-13T03:48:31.958765,232,0,0,0,0,0
2026-08-13T03:48:31.958765,233,0,0,0,0,0
2026-08-13T03:48:31.961773,236,0,0,0,0,0
2026-08-13T03:48:31.962769,238,0,0,0,0,0
2026-08-13T03:48:31.962769,238,0,0,0,0,0
2026-08-13T03:48:31.963767,237,0,0,0,0,0
2026-08-13T03:48:31.966799,236,0,0,0,0,0
2026-08-13T03:48:31.966799,234,0,0,0,0,0
2026-08-13T03:48:31.966799,233,0,0,0,0,0
2026-08-13T03:48:31.970817,235,0,0,0,0,0
2026-08-13T03:48:31.970817,236,0,0,0,0,0
2026-08-13T03:48:31.970817,237,0,0,0,0,0
2026-08-13T03:48:31.971808,237,0,0,0,0,0
2026-08-13T03:48:31.974882,237,0,0,0,0,0
2026-08-13T03:48:31.974882,236,0,0,0,0,0
2026-08-13T03:48:31.974882,233,0,0,0,0,0
2026-08-13T03:48:31.979093,232,0,0,0,0,0
2026-08-13T03:48:31.979093,232,0,0,0,0,0
2026-08-13T03:48:31.979093,233,0,0,0,0,0
2026-08-13T03:48:31.979093,237,0,0,0,0,0
2026-08-13T03:48:31.982090,238,0,0,0,0,0
2026-08-13T03:48:31.983594,238,0,0,0,0,0
2026-08-13T03:48:31.983594,237,0,0,0,0,0
2026-08-13T03:48:31.987252,236,0,0,0,0,0
2026-08-13T03:48:31.987252,234,0,0,0,0,0
2026-08-13T03:48:31.987252,235,0,0,0,0,0
2026-08-13T03:48:31.991139,235,0,0,0,0,0
2026-08-13T03:48:31.991139,236,0,0,0,0,0
2026-08-13T03:48:31.992150,238,0,0,0,0,0
2026-08-13T03:48:31.992150,238,0,0,0,0,0
2026-08-13T03:48:31.995267,236,0,0,0,0,0
2026-08-13T03:48:31.995267,235,0,0,0,0,0
2026-08-13T03:48:31.996290,234,0,0,0,0,0
2026-08-13T03:48:31.999318,233,0,0,0,0,0
2026-08-13T03:48:31.999318,233,0,0,0,0,0
2026-08-13T03:48:32.000318,235,0,0,0,0,0
2026-08-13T03:48:32.001317,238,0,0,0,0,0
2026-08-13T03:48:32.002303,239,0,0,0,0,0
2026-08-13T03:48:32.005837,238,0,0,0,0,0
2026-08-13T03:48:32.007819,238,0,0,0,0,0
2026-08-13T03:48:32.008819,236,0,0,0,0,0
2026-08-13T03:48:32.008819,234,0,0,0,0,0
2026-08-13T03:48:32.009824,234,0,0,0,0,0
2026-08-13T03:48:32.009824,236,0,0,0,0,0
2026-08-13T03:48:32.011832,237,0,0,0,0,0
2026-08-13T03:48:32.011832,238,0,0,0,0,0
2026-08-13T03:48:32.012817,237,0,0,0,0,0
2026-08-13T03:48:32.015920,237,0,0,0,0,0
2026-08-13T03:48:32.015920,235,0,0,0,0,0
2026-08-13T03:48:32.016938,234,0,0,0,0,0
2026-08-13T03:48:32.016938,234,0,0,0,0,0
2026-08-13T03:48:32.019942,234,0,0,0,0,0
2026-08-13T03:48:32.019942,236,0,0,0,0,0
2026-08-13T03:48:32.020958,238,0,0,0,0,0
2026-08-13T03:48:32.023988,239,0,0,0,0,0
2026-08-13T03:48:32.024500,238,0,0,0,0,0
2026-08-13T03:48:32.025515,237,0,0,0,0,0
2026-08-13T03:48:32.027524,235,0,0,0,0,0
2026-08-13T03:48:32.028525,233,0,0,0,0,0
2026-08-13T03:48:32.029528,233,0,0,0,0,0
2026-08-13T03:48:32.029528,235,0,0,0,0,0
2026-08-13T03:48:32.031544,236,0,0,0,0,0
2026-08-13T03:48:32.032523,236,0,0,0,0,0
2026-08-13T03:48:32.032523,236,0,0,0,0,0
2026-08-13T03:48:32.036186,235,0,0,0,0,0
2026-08-13T03:48:32.036186,234,0,0,0,0,0
2026-08-13T03:48:32.036186,233,0,0,0,0,0
2026-08-13T03:48:32.037554,233,0,0,0,0,0
2026-08-13T03:48:32.040388,233,0,0,0,0,0
2026-08-13T03:48:32.040388,236,0,0,0,0,0
2026-08-13T03:48:32.040388,238,0,0,0,0,0
2026-08-13T03:48:32.044574,237,0,0,0,0,0
2026-08-13T03:48:32.045087,237,0,0,0,0,0
2026-08-13T03:48:32.045087,236,0,0,0,0,0
2026-08-13T03:48:32.045087,235,0,0,0,0,0
2026-08-13T03:48:32.048670,234,0,0,0,0,0
2026-08-13T03:48:32.048670,234,0,0,0,0,0
2026-08-13T03:48:32.048670,234,0,0,0,0,0
2026-08-13T03:48:32.052702,235,0,0,0,0,0
2026-08-13T03:48:32.052702,236,0,0,0,0,0
2026-08-13T03:48:32.053687,235,0,0,0,0,0
2026-08-13T03:48:32.056276,235,0,0,0,0,0
2026-08-13T03:48:32.057246,233,0,0,0,0,0
2026-08-13T03:48:32.058248,233,0,0,0,0,0
2026-08-13T03:48:32.058248,233,0,0,0,0,0
2026-08-13T03:48:32.060247,234,0,0,0,0,0
2026-08-13T03:48:32.061245,236,0,0,0,0,0
2026-08-13T03:48:32.062271,237,0,0,0,0,0
2026-08-13T03:48:32.064820,237,0,0,0,0,0
2026-08-13T03:48:32.064820,237,0,0,0,0,0
2026-08-13T03:48:32.065821,236,0,0,0,0,0
2026-08-13T03:48:32.065821,235,0,0,0,0,0
2026-08-13T03:48:32.068824,234,0,0,0,0,0
2026-08-13T03:48:32.069821,235,0,0,0,0,0
2026-08-13T03:48:32.069821,236,0,0,0,0,0
2026-08-13T03:48:32.072834,236,0,0,0,0,0
2026-08-13T03:48:32.073819,236,0,0,0,0,0
2026-08-13T03:48:32.074327,235,0,0,0,0,0
2026-08-13T03:48:32.074327,235,0,0,0,0,0
2026-08-13T03:48:32.077358,233,0,0,0,0,0
2026-08-13T03:48:32.077358,234,0,0,0,0,0
2026-08-13T03:48:32.078339,234,0,0,0,0,0
2026-08-13T03:48:32.080767,234,0,0,0,0,0
2026-08-13T03:48:32.081742,237,0,0,0,0,0
2026-08-13T03:48:32.081742,237,0,0,0,0,0
2026-08-13T03:48:32.082757,238,0,0,0,0,0
2026-08-13T03:48:32.085637,237,0,0,0,0,0
2026-08-13T03:48:32.085637,237,0,0,0,0,0
2026-08-13T03:48:32.086641,235,0,0,0,0,0
2026-08-13T03:48:32.089640,235,0,0,0,0,0
2026-08-13T03:48:32.089640,236,0,0,0,0,0
2026-08-13T03:48:32.089640,236,0,0,0,0,0
2026-08-13T03:48:32.093744,236,0,0,0,0,0
2026-08-13T03:48:32.093744,236,0,0,0,0,0
2026-08-13T03:48:32.094874,236,0,0,0,0,0
2026-08-13T03:48:32.095887,234,0,0,0,0,0
2026-08-13T03:48:32.097871,234,0,0,0,0,0
2026-08-13T03:48:32.097871,233,0,0,0,0,0
2026-08-13T03:48:32.098877,233,0,0,0,0,0
2026-08-13T03:48:32.101886,235,0,0,0,0,0
2026-08-13T03:48:32.101886,237,0,0,0,0,0
2026-08-13T03:48:32.102883,237,0,0,0,0,0
2026-08-13T03:48:32.103887,237,0,0,0,0,0
2026-08-13T03:48:32.105205,237,0,0,0,0,0
2026-08-13T03:48:32.106190,236,0,0,0,0,0
2026-08-13T03:48:32.107189,235,0,0,0,0,0
2026-08-13T03:48:32.110187,236,0,0,0,0,0
2026-08-13T03:48:32.110187,236,0,0,0,0,0
2026-08-13T03:48:32.111192,236,0,0,0,0,0
2026-08-13T03:48:32.112190,235,0,0,0,0,0
2026-08-13T03:48:32.113723,236,0,0,0,0,0
2026-08-13T03:48:32.115268,236,0,0,0,0,0
2026-08-13T03:48:32.116280,234,0,0,0,0,0
2026-08-13T03:48:32.118278,234,0,0,0,0,0
2026-08-13T03:48:32.118278,233,0,0,0,0,0
2026-08-13T03:48:32.119278,233,0,0,0,0,0
2026-08-13T03:48:32.119278,236,0,0,0,0,0
2026-08-13T03:48:32.122278,237,0,0,0,0,0
2026-08-13T03:48:32.122278,238,0,0,0,0,0
2026-08-13T03:48:32.122278,238,0,0,0,0,0
2026-08-13T03:48:32.125887,237,0,0,0,0,0
2026-08-13T03:48:32.126822,236,0,0,0,0,0
2026-08-13T03:48:32.126822,235,0,0,0,0,0
2026-08-13T03:48:32.130596,235,0,0,0,0,0
2026-08-13T03:48:32.130596,236,0,0,0,0,0
2026-08-13T03:48:32.131633,236,0,0,0,0,0
2026-08-13T03:48:32.131633,236,0,0,0,0,0
2026-08-13T03:48:32.134837,236,0,0,0,0,0
2026-08-13T03:48:32.134837,234,0,0,0,0,0
2026-08-13T03:48:32.135850,233,0,0,0,0,0
2026-08-13T03:48:32.138835,233,0,0,0,0,0
2026-08-13T03:48:32.138835,234,0,0,0,0,0
2026-08-13T03:48:32.139848,234,0,0,0,0,0
2026-08-13T03:48:32.140839,237,0,0,0,0,0
2026-08-13T03:48:32.142848,238,0,0,0,0,0
2026-08-13T03:48:32.142848,238,0,0,0,0,0
2026-08-13T03:48:32.143838,238,0,0,0,0,0
2026-08-13T03:48:32.146371,238,0,0,0,0,0
2026-08-13T03:48:32.147370,236,0,0,0,0,0
2026-08-13T03:48:32.147370,235,0,0,0,0,0
2026-08-13T03:48:32.148370,235,0,0,0,0,0
2026-08-13T03:48:32.150371,236,0,0,0,0,0
2026-08-13T03:48:32.150371,237,0,0,0,0,0
2026-08-13T03:48:32.151628,237,0,0,0,0,0
2026-08-13T03:48:32.154690,235,0,0,0,0,0
2026-08-13T03:48:32.154690,235,0,0,0,0,0
2026-08-13T03:48:32.155692,233,0,0,0,0,0
2026-08-13T03:48:32.158691,234,0,0,0,0,0
2026-08-13T03:48:32.158691,233,0,0,0,0,0
2026-08-13T03:48:32.159693,235,0,0,0,0,0
2026-08-13T03:48:32.159693,237,0,0,0,0,0
2026-08-13T03:48:32.162705,238,0,0,0,0,0
2026-08-13T03:48:32.163690,239,0,0,0,0,0
2026-08-13T03:48:32.163690,238,0,0,0,0,0
2026-08-13T03:48:32.167045,237,0,0,0,0,0
2026-08-13T03:48:32.167045,235,0,0,0,0,0
2026-08-13T03:48:32.168029,235,0,0,0,0,0
2026-08-13T03:48:32.168029,236,0,0,0,0,0
2026-08-13T03:48:32.171045,237,0,0,0,0,0
2026-08-13T03:48:32.172029,237,0,0,0,0,0
2026-08-13T03:48:32.172029,237,0,0,0,0,0
2026-08-13T03:48:32.175245,236,0,0,0,0,0
2026-08-13T03:48:32.175245,236,0,0,0,0,0
2026-08-13T03:48:32.176229,234,0,0,0,0,0
2026-08-13T03:48:32.176229,233,0,0,0,0,0
2026-08-13T03:48:32.179742,233,0,0,0,0,0
2026-08-13T03:48:32.179742,235,0,0,0,0,0
2026-08-13T03:48:32.179742,238,0,0,0,0,0
2026-08-13T03:48:32.183845,238,0,0,0,0,0
2026-08-13T03:48:32.183845,239,0,0,0,0,0
2026-08-13T03:48:32.184959,237,0,0,0,0,0
2026-08-13T03:48:32.184959,237,0,0,0,0,0
2026-08-13T03:48:32.187943,235,0,0,0,0,0
2026-08-13T03:48:32.187943,236,0,0,0,0,0
2026-08-13T03:48:32.188973,236,0,0,0,0,0
2026-08-13T03:48:32.191471,237,0,0,0,0,0
2026-08-13T03:48:32.192485,238,0,0,0,0,0
2026-08-13T03:48:32.192485,237,0,0,0,0,0
2026-08-13T03:48:32.196005,236,0,0,0,0,0
2026-08-13T03:48:32.196005,235,0,0,0,0,0
2026-08-13T03:48:32.197004,234,0,0,0,0,0
2026-08-13T03:48:32.197004,233,0,0,0,0,0
2026-08-13T03:48:32.200017,234,0,0,0,0,0
2026-08-13T03:48:32.200017,236,0,0,0,0,0
2026-08-13T03:48:32.201018,238,0,0,0,0,0
2026-08-13T03:48:32.204017,238,0,0,0,0,0
2026-08-13T03:48:32.204017,239,0,0,0,0,0
2026-08-13T03:48:32.205318,238,0,0,0,0,0
2026-08-13T03:48:32.205318,238,0,0,0,0,0
2026-08-13T03:48:32.208318,236,0,0,0,0,0
2026-08-13T03:48:32.208318,236,0,0,0,0,0
2026-08-13T03:48:32.209317,237,0,0,0,0,0
2026-08-13T03:48:32.212316,237,0,0,0,0,0
2026-08-13T03:48:32.212316,238,0,0,0,0,0
2026-08-13T03:48:32.212316,237,0,0,0,0,0
2026-08-13T03:48:32.213823,237,0,0,0,0,0
2026-08-13T03:48:32.215833,234,0,0,0,0,0
2026-08-13T03:48:32.216840,233,0,0,0,0,0
2026-08-13T03:48:32.217842,234,0,0,0,0,0
2026-08-13T03:48:32.220743,235,0,0,0,0,0
2026-08-13T03:48:32.220743,237,0,0,0,0,0
2026-08-13T03:48:32.221761,239,0,0,0,0,0
2026-08-13T03:48:32.224270,239,0,0,0,0,0
2026-08-13T03:48:32.225283,240,0,0,0,0,0
2026-08-13T03:48:32.226296,239,0,0,0,0,0
2026-08-13T03:48:32.227295,237,0,0,0,0,0
2026-08-13T03:48:32.228294,235,0,0,0,0,0
2026-08-13T03:48:32.229295,235,0,0,0,0,0
2026-08-13T03:48:32.230296,237,0,0,0,0,0
2026-08-13T03:48:32.232571,238,0,0,0,0,0
2026-08-13T03:48:32.233582,238,0,0,0,0,0
2026-08-13T03:48:32.234090,237,0,0,0,0,0
2026-08-13T03:48:32.234596,236,0,0,0,0,0
2026-08-13T03:48:32.236621,235,0,0,0,0,0
2026-08-13T03:48:32.237634,234,0,0,0,0,0
2026-08-13T03:48:32.237634,234,0,0,0,0,0
2026-08-13T03:48:32.240619,235,0,0,0,0,0
2026-08-13T03:48:32.241620,238,0,0,0,0,0
2026-08-13T03:48:32.241620,239,0,0,0,0,0
2026-08-13T03:48:32.241620,240,0,0,0,0,0
2026-08-13T03:48:32.245190,239,0,0,0,0,0
2026-08-13T03:48:32.245190,238,0,0,0,0,0
2026-08-13T03:48:32.245190,236,0,0,0,0,0
2026-08-13T03:48:32.248582,236,0,0,0,0,0
2026-08-13T03:48:32.249569,237,0,0,0,0,0
2026-08-13T03:48:32.250584,237,0,0,0,0,0
2026-08-13T03:48:32.250584,238,0,0,0,0,0
2026-08-13T03:48:32.253468,238,0,0,0,0,0
2026-08-13T03:48:32.253937,237,0,0,0,0,0
2026-08-13T03:48:32.254960,236,0,0,0,0,0
2026-08-13T03:48:32.257328,236,0,0,0,0,0
2026-08-13T03:48:32.257328,234,0,0,0,0,0
2026-08-13T03:48:32.258328,234,0,0,0,0,0
2026-08-13T03:48:32.261672,236,0,0,0,0,0
2026-08-13T03:48:32.261672,239,0,0,0,0,0
2026-08-13T03:48:32.262650,240,0,0,0,0,0
2026-08-13T03:48:32.262650,240,0,0,0,0,0
2026-08-13T03:48:32.265211,239,0,0,0,0,0
2026-08-13T03:48:32.266209,238,0,0,0,0,0
2026-08-13T03:48:32.266209,235,0,0,0,0,0
2026-08-13T03:48:32.269208,236,0,0,0,0,0
2026-08-13T03:48:32.270197,238,0,0,0,0,0
2026-08-13T03:48:32.270197,238,0,0,0,0,0
2026-08-13T03:48:32.271211,238,0,0,0,0,0
2026-08-13T03:48:32.273729,238,0,0,0,0,0
2026-08-13T03:48:32.275322,238,0,0,0,0,0
2026-08-13T03:48:32.275732,236,0,0,0,0,0
2026-08-13T03:48:32.277255,234,0,0,0,0,0
2026-08-13T03:48:32.278252,234,0,0,0,0,0
2026-08-13T03:48:32.279252,234,0,0,0,0,0
2026-08-13T03:48:32.279252,237,0,0,0,0,0
2026-08-13T03:48:32.281854,239,0,0,0,0,0
2026-08-13T03:48:32.282437,239,0,0,0,0,0
2026-08-13T03:48:32.283051,240,0,0,0,0,0
2026-08-13T03:48:32.285698,238,0,0,0,0,0
2026-08-13T03:48:32.286705,237,0,0,0,0,0
2026-08-13T03:48:32.286705,235,0,0,0,0,0
2026-08-13T03:48:32.289706,235,0,0,0,0,0
2026-08-13T03:48:32.290706,237,0,0,0,0,0
2026-08-13T03:48:32.291711,237,0,0,0,0,0
2026-08-13T03:48:32.292220,238,0,0,0,0,0
2026-08-13T03:48:32.294412,238,0,0,0,0,0
2026-08-13T03:48:32.294412,237,0,0,0,0,0
2026-08-13T03:48:32.295439,235,0,0,0,0,0
2026-08-13T03:48:32.298520,234,0,0,0,0,0
2026-08-13T03:48:32.298520,234,0,0,0,0,0
2026-08-13T03:48:32.299536,235,0,0,0,0,0
2026-08-13T03:48:32.299536,237,0,0,0,0,0
2026-08-13T03:48:32.302346,239,0,0,0,0,0
2026-08-13T03:48:32.302346,239,0,0,0,0,0
2026-08-13T03:48:32.303860,239,0,0,0,0,0
2026-08-13T03:48:32.305876,238,0,0,0,0,0
2026-08-13T03:48:32.307877,238,0,0,0,0,0
2026-08-13T03:48:32.308877,236,0,0,0,0,0
2026-08-13T03:48:32.308877,236,0,0,0,0,0
2026-08-13T03:48:32.310878,237,0,0,0,0,0
2026-08-13T03:48:32.310878,238,0,0,0,0,0
2026-08-13T03:48:32.311881,238,0,0,0,0,0
2026-08-13T03:48:32.313874,238,0,0,0,0,0
2026-08-13T03:48:32.315353,236,0,0,0,0,0
2026-08-13T03:48:32.316353,235,0,0,0,0,0
2026-08-13T03:48:32.316353,234,0,0,0,0,0
2026-08-13T03:48:32.318869,233,0,0,0,0,0
2026-08-13T03:48:32.319869,235,0,0,0,0,0
2026-08-13T03:48:32.319869,238,0,0,0,0,0
2026-08-13T03:48:32.322884,239,0,0,0,0,0
2026-08-13T03:48:32.324379,240,0,0,0,0,0
2026-08-13T03:48:32.325390,240,0,0,0,0,0
2026-08-13T03:48:32.326403,238,0,0,0,0,0
2026-08-13T03:48:32.327418,237,0,0,0,0,0
2026-08-13T03:48:32.328399,236,0,0,0,0,0
2026-08-13T03:48:32.328399,237,0,0,0,0,0
2026-08-13T03:48:32.331414,238,0,0,0,0,0
2026-08-13T03:48:32.331414,238,0,0,0,0,0
2026-08-13T03:48:32.332400,238,0,0,0,0,0
2026-08-13T03:48:32.335385,237,0,0,0,0,0
2026-08-13T03:48:32.335385,236,0,0,0,0,0
2026-08-13T03:48:32.336397,235,0,0,0,0,0
2026-08-13T03:48:32.336397,234,0,0,0,0,0
2026-08-13T03:48:32.339510,233,0,0,0,0,0
2026-08-13T03:48:32.339510,236,0,0,0,0,0
2026-08-13T03:48:32.340509,239,0,0,0,0,0
2026-08-13T03:48:32.342514,240,0,0,0,0,0
2026-08-13T03:48:32.344027,240,0,0,0,0,0
2026-08-13T03:48:32.345040,239,0,0,0,0,0
2026-08-13T03:48:32.346039,238,0,0,0,0,0
2026-08-13T03:48:32.347046,236,0,0,0,0,0
2026-08-13T03:48:32.348320,236,0,0,0,0,0
2026-08-13T03:48:32.348320,237,0,0,0,0,0
2026-08-13T03:48:32.351343,237,0,0,0,0,0
2026-08-13T03:48:32.352340,237,0,0,0,0,0
2026-08-13T03:48:32.352340,238,0,0,0,0,0
2026-08-13T03:48:32.352340,237,0,0,0,0,0
2026-08-13T03:48:32.355872,236,0,0,0,0,0
2026-08-13T03:48:32.355872,234,0,0,0,0,0
2026-08-13T03:48:32.356889,234,0,0,0,0,0
2026-08-13T03:48:32.359885,234,0,0,0,0,0
2026-08-13T03:48:32.359885,237,0,0,0,0,0
2026-08-13T03:48:32.360890,239,0,0,0,0,0
2026-08-13T03:48:32.363902,239,0,0,0,0,0
2026-08-13T03:48:32.363902,240,0,0,0,0,0
2026-08-13T03:48:32.365068,239,0,0,0,0,0
2026-08-13T03:48:32.365068,238,0,0,0,0,0
2026-08-13T03:48:32.367851,236,0,0,0,0,0
2026-08-13T03:48:32.367851,235,0,0,0,0,0
2026-08-13T03:48:32.368849,237,0,0,0,0,0
2026-08-13T03:48:32.371847,237,0,0,0,0,0
2026-08-13T03:48:32.372848,238,0,0,0,0,0
2026-08-13T03:48:32.372848,238,0,0,0,0,0
2026-08-13T03:48:32.373848,237,0,0,0,0,0
2026-08-13T03:48:32.376371,235,0,0,0,0,0
2026-08-13T03:48:32.376371,234,0,0,0,0,0
2026-08-13T03:48:32.377395,234,0,0,0,0,0
2026-08-13T03:48:32.380479,234,0,0,0,0,0
2026-08-13T03:48:32.380479,237,0,0,0,0,0
2026-08-13T03:48:32.381477,239,0,0,0,0,0
2026-08-13T03:48:32.381477,240,0,0,0,0,0
2026-08-13T03:48:32.384102,240,0,0,0,0,0
2026-08-13T03:48:32.385119,239,0,0,0,0,0
2026-08-13T03:48:32.385119,237,0,0,0,0,0
2026-08-13T03:48:32.388642,235,0,0,0,0,0
2026-08-13T03:48:32.388642,236,0,0,0,0,0
2026-08-13T03:48:32.389659,238,0,0,0,0,0
2026-08-13T03:48:32.392197,238,0,0,0,0,0
2026-08-13T03:48:32.392197,238,0,0,0,0,0
2026-08-13T03:48:32.393707,237,0,0,0,0,0
2026-08-13T03:48:32.394719,237,0,0,0,0,0
2026-08-13T03:48:32.396723,235,0,0,0,0,0
2026-08-13T03:48:32.396723,234,0,0,0,0,0
2026-08-13T03:48:32.397719,234,0,0,0,0,0
2026-08-13T03:48:32.400730,235,0,0,0,0,0
2026-08-13T03:48:32.400730,238,0,0,0,0,0
2026-08-13T03:48:32.401737,240,0,0,0,0,0
2026-08-13T03:48:32.402733,239,0,0,0,0,0
2026-08-13T03:48:32.404272,240,0,0,0,0,0
2026-08-13T03:48:32.405269,239,0,0,0,0,0
2026-08-13T03:48:32.405269,237,0,0,0,0,0
2026-08-13T03:48:32.408288,236,0,0,0,0,0
2026-08-13T03:48:32.409266,237,0,0,0,0,0
2026-08-13T03:48:32.410267,238,0,0,0,0,0
2026-08-13T03:48:32.410267,238,0,0,0,0,0
2026-08-13T03:48:32.412281,238,0,0,0,0,0
2026-08-13T03:48:32.413804,237,0,0,0,0,0
2026-08-13T03:48:32.413804,236,0,0,0,0,0
2026-08-13T03:48:32.417402,235,0,0,0,0,0
2026-08-13T03:48:32.417402,233,0,0,0,0,0
2026-08-13T03:48:32.417402,233,0,0,0,0,0
2026-08-13T03:48:32.418424,235,0,0,0,0,0
2026-08-13T03:48:32.421458,238,0,0,0,0,0
2026-08-13T03:48:32.421458,239,0,0,0,0,0
2026-08-13T03:48:32.422483,240,0,0,0,0,0
2026-08-13T03:48:32.425009,240,0,0,0,0,0
2026-08-13T03:48:32.426011,239,0,0,0,0,0
2026-08-13T03:48:32.427010,237,0,0,0,0,0
2026-08-13T03:48:32.429005,236,0,0,0,0,0
2026-08-13T03:48:32.430008,237,0,0,0,0,0
2026-08-13T03:48:32.430008,237,0,0,0,0,0
2026-08-13T03:48:32.431011,238,0,0,0,0,0
2026-08-13T03:48:32.433745,238,0,0,0,0,0
2026-08-13T03:48:32.433745,237,0,0,0,0,0
2026-08-13T03:48:32.434852,235,0,0,0,0,0
2026-08-13T03:48:32.437077,235,0,0,0,0,0
2026-08-13T03:48:32.438061,234,0,0,0,0,0
2026-08-13T03:48:32.439061,234,0,0,0,0,0
2026-08-13T03:48:32.439061,237,0,0,0,0,0
2026-08-13T03:48:32.441064,239,0,0,0,0,0
2026-08-13T03:48:32.442062,240,0,0,0,0,0
2026-08-13T03:48:32.443061,240,0,0,0,0,0
2026-08-13T03:48:32.445251,240,0,0,0,0,0
2026-08-13T03:48:32.446252,238,0,0,0,0,0
2026-08-13T03:48:32.447255,236,0,0,0,0,0
2026-08-13T03:48:32.447255,236,0,0,0,0,0
2026-08-13T03:48:32.449251,237,0,0,0,0,0
2026-08-13T03:48:32.450250,237,0,0,0,0,0
2026-08-13T03:48:32.450250,239,0,0,0,0,0
2026-08-13T03:48:32.453759,238,0,0,0,0,0
2026-08-13T03:48:32.454768,237,0,0,0,0,0
2026-08-13T03:48:32.454768,237,0,0,0,0,0
2026-08-13T03:48:32.457839,235,0,0,0,0,0
2026-08-13T03:48:32.458856,234,0,0,0,0,0
2026-08-13T03:48:32.459841,234,0,0,0,0,0
2026-08-13T03:48:32.459841,237,0,0,0,0,0
2026-08-13T03:48:32.461853,240,0,0,0,0,0
2026-08-13T03:48:32.462842,240,0,0,0,0,0
2026-08-13T03:48:32.463857,240,0,0,0,0,0
2026-08-13T03:48:32.465975,239,0,0,0,0,0
2026-08-13T03:48:32.466974,238,0,0,0,0,0
2026-08-13T03:48:32.466974,236,0,0,0,0,0
2026-08-13T03:48:32.467960,236,0,0,0,0,0
2026-08-13T03:48:32.470543,237,0,0,0,0,0
2026-08-13T03:48:32.470543,237,0,0,0,0,0
2026-08-13T03:48:32.471560,238,0,0,0,0,0
2026-08-13T03:48:32.474077,238,0,0,0,0,0
2026-08-13T03:48:32.475089,238,0,0,0,0,0
2026-08-13T03:48:32.476100,236,0,0,0,0,0
2026-08-13T03:48:32.476100,234,0,0,0,0,0
2026-08-13T03:48:32.478100,234,0,0,0,0,0
2026-08-13T03:48:32.479098,235,0,0,0,0,0
2026-08-13T03:48:32.479098,238,0,0,0,0,0
2026-08-13T03:48:32.482100,239,0,0,0,0,0
2026-08-13T03:48:32.482100,240,0,0,0,0,0
2026-08-13T03:48:32.483608,240,0,0,0,0,0
2026-08-13T03:48:32.483608,239,0,0,0,0,0
2026-08-13T03:48:32.486618,238,0,0,0,0,0
2026-08-13T03:48:32.487617,235,0,0,0,0,0
2026-08-13T03:48:32.487617,236,0,0,0,0,0
2026-08-13T03:48:32.490619,238,0,0,0,0,0
2026-08-13T03:48:32.491623,238,0,0,0,0,0
2026-08-13T03:48:32.492133,239,0,0,0,0,0
2026-08-13T03:48:32.494143,238,0,0,0,0,0
2026-08-13T03:48:32.495254,237,0,0,0,0,0
2026-08-13T03:48:32.495254,236,0,0,0,0,0
2026-08-13T03:48:32.496256,235,0,0,0,0,0
2026-08-13T03:48:32.499219,234,0,0,0,0,0
2026-08-13T03:48:32.499219,235,0,0,0,0,0
2026-08-13T03:48:32.500236,238,0,0,0,0,0
2026-08-13T03:48:32.503015,239,0,0,0,0,0
2026-08-13T03:48:32.503015,241,0,0,0,0,0
2026-08-13T03:48:32.504058,240,0,0,0,0,0
2026-08-13T03:48:32.505081,239,0,0,0,0,0
2026-08-13T03:48:32.507041,237,0,0,0,0,0
2026-08-13T03:48:32.508063,236,0,0,0,0,0
2026-08-13T03:48:32.508063,237,0,0,0,0,0
2026-08-13T03:48:32.511069,238,0,0,0,0,0
2026-08-13T03:48:32.512057,239,0,0,0,0,0
2026-08-13T03:48:32.512057,239,0,0,0,0,0
2026-08-13T03:48:32.513071,238,0,0,0,0,0
2026-08-13T03:48:32.515370,237,0,0,0,0,0
2026-08-13T03:48:32.515370,235,0,0,0,0,0
2026-08-13T03:48:32.516385,234,0,0,0,0,0
2026-08-13T03:48:32.519387,233,0,0,0,0,0
2026-08-13T03:48:32.520373,236,0,0,0,0,0
2026-08-13T03:48:32.520373,239,0,0,0,0,0
2026-08-13T03:48:32.522385,240,0,0,0,0,0
2026-08-13T03:48:32.523894,241,0,0,0,0,0
2026-08-13T03:48:32.524907,240,0,0,0,0,0
2026-08-13T03:48:32.525909,238,0,0,0,0,0
2026-08-13T03:48:32.527918,237,0,0,0,0,0
2026-08-13T03:48:32.527918,236,0,0,0,0,0
2026-08-13T03:48:32.528920,238,0,0,0,0,0
2026-08-13T03:48:32.531919,238,0,0,0,0,0
2026-08-13T03:48:32.531919,238,0,0,0,0,0
2026-08-13T03:48:32.532922,238,0,0,0,0,0
2026-08-13T03:48:32.533938,238,0,0,0,0,0
2026-08-13T03:48:32.535991,237,0,0,0,0,0
2026-08-13T03:48:32.535991,234,0,0,0,0,0
2026-08-13T03:48:32.536981,234,0,0,0,0,0
2026-08-13T03:48:32.539979,234,0,0,0,0,0
2026-08-13T03:48:32.539979,237,0,0,0,0,0
2026-08-13T03:48:32.540970,239,0,0,0,0,0
2026-08-13T03:48:32.541973,240,0,0,0,0,0
2026-08-13T03:48:32.543987,240,0,0,0,0,0
2026-08-13T03:48:32.545174,240,0,0,0,0,0
2026-08-13T03:48:32.545174,238,0,0,0,0,0
2026-08-13T03:48:32.548395,236,0,0,0,0,0
2026-08-13T03:48:32.548395,236,0,0,0,0,0
2026-08-13T03:48:32.549426,237,0,0,0,0,0
2026-08-13T03:48:32.549426,238,0,0,0,0,0
2026-08-13T03:48:32.551576,239,0,0,0,0,0
2026-08-13T03:48:32.552932,239,0,0,0,0,0
2026-08-13T03:48:32.552932,238,0,0,0,0,0
2026-08-13T03:48:32.556570,236,0,0,0,0,0
2026-08-13T03:48:32.556570,235,0,0,0,0,0
2026-08-13T03:48:32.557980,235,0,0,0,0,0
2026-08-13T03:48:32.560003,235,0,0,0,0,0
2026-08-13T03:48:32.560991,238,0,0,0,0,0
2026-08-13T03:48:32.561997,240,0,0,0,0,0
2026-08-13T03:48:32.562993,240,0,0,0,0,0
2026-08-13T03:48:32.564548,240,0,0,0,0,0
2026-08-13T03:48:32.564548,239,0,0,0,0,0
2026-08-13T03:48:32.565542,238,0,0,0,0,0
2026-08-13T03:48:32.568556,236,0,0,0,0,0
2026-08-13T03:48:32.568556,237,0,0,0,0,0
2026-08-13T03:48:32.569558,237,0,0,0,0,0
2026-08-13T03:48:32.570556,238,0,0,0,0,0
2026-08-13T03:48:32.572555,239,0,0,0,0,0
2026-08-13T03:48:32.572555,239,0,0,0,0,0
2026-08-13T03:48:32.572555,238,0,0,0,0,0
2026-08-13T03:48:32.577088,236,0,0,0,0,0
2026-08-13T03:48:32.577088,235,0,0,0,0,0
2026-08-13T03:48:32.578078,234,0,0,0,0,0
2026-08-13T03:48:32.578078,235,0,0,0,0,0
2026-08-13T03:48:32.581180,238,0,0,0,0,0
2026-08-13T03:48:32.581180,240,0,0,0,0,0
2026-08-13T03:48:32.582197,240,0,0,0,0,0
2026-08-13T03:48:32.585157,241,0,0,0,0,0
2026-08-13T03:48:32.585157,238,0,0,0,0,0
2026-08-13T03:48:32.586154,237,0,0,0,0,0
2026-08-13T03:48:32.587153,235,0,0,0,0,0
2026-08-13T03:48:32.589344,237,0,0,0,0,0
2026-08-13T03:48:32.589344,237,0,0,0,0,0
2026-08-13T03:48:32.590381,238,0,0,0,0,0
2026-08-13T03:48:32.592918,239,0,0,0,0,0
2026-08-13T03:48:32.594416,238,0,0,0,0,0
2026-08-13T03:48:32.595421,237,0,0,0,0,0
2026-08-13T03:48:32.597443,235,0,0,0,0,0
2026-08-13T03:48:32.597443,235,0,0,0,0,0
2026-08-13T03:48:32.598422,234,0,0,0,0,0
2026-08-13T03:48:32.599421,235,0,0,0,0,0
2026-08-13T03:48:32.601612,239,0,0,0,0,0
2026-08-13T03:48:32.601612,240,0,0,0,0,0
2026-08-13T03:48:32.602623,241,0,0,0,0,0
2026-08-13T03:48:32.605684,239,0,0,0,0,0
2026-08-13T03:48:32.605684,239,0,0,0,0,0
2026-08-13T03:48:32.606683,237,0,0,0,0,0
2026-08-13T03:48:32.607685,236,0,0,0,0,0
2026-08-13T03:48:32.609701,237,0,0,0,0,0
2026-08-13T03:48:32.609701,238,0,0,0,0,0
2026-08-13T03:48:32.610688,239,0,0,0,0,0
2026-08-13T03:48:32.613670,239,0,0,0,0,0
2026-08-13T03:48:32.613670,238,0,0,0,0,0
2026-08-13T03:48:32.614678,237,0,0,0,0,0
2026-08-13T03:48:32.614678,235,0,0,0,0,0
2026-08-13T03:48:32.617693,234,0,0,0,0,0
2026-08-13T03:48:32.617693,234,0,0,0,0,0
2026-08-13T03:48:32.618679,237,0,0,0,0,0
2026-08-13T03:48:32.621681,239,0,0,0,0,0
2026-08-13T03:48:32.622684,240,0,0,0,0,0
2026-08-13T03:48:32.622684,241,0,0,0,0,0
2026-08-13T03:48:32.626209,240,0,0,0,0,0
2026-08-13T03:48:32.626209,239,0,0,0,0,0
2026-08-13T03:48:32.626209,237,0,0,0,0,0
2026-08-13T03:48:32.627683,236,0,0,0,0,0
2026-08-13T03:48:32.629694,238,0,0,0,0,0
2026-08-13T03:48:32.629694,238,0,0,0,0,0
2026-08-13T03:48:32.631049,239,0,0,0,0,0
2026-08-13T03:48:32.634398,239,0,0,0,0,0
2026-08-13T03:48:32.634398,238,0,0,0,0,0
2026-08-13T03:48:32.634398,236,0,0,0,0,0
2026-08-13T03:48:32.635712,235,0,0,0,0,0
2026-08-13T03:48:32.638493,234,0,0,0,0,0
2026-08-13T03:48:32.638493,235,0,0,0,0,0
2026-08-13T03:48:32.638493,237,0,0,0,0,0
2026-08-13T03:48:32.641699,240,0,0,0,0,0
2026-08-13T03:48:32.642695,240,0,0,0,0,0
2026-08-13T03:48:32.643700,240,0,0,0,0,0
2026-08-13T03:48:32.644209,239,0,0,0,0,0
2026-08-13T03:48:32.646231,238,0,0,0,0,0
2026-08-13T03:48:32.647231,236,0,0,0,0,0
2026-08-13T03:48:32.647723,237,0,0,0,0,0
2026-08-13T03:48:32.650267,238,0,0,0,0,0
2026-08-13T03:48:32.650267,239,0,0,0,0,0
2026-08-13T03:48:32.651828,240,0,0,0,0,0
2026-08-13T03:48:32.651828,240,0,0,0,0,0
2026-08-13T03:48:32.653968,239,0,0,0,0,0
2026-08-13T03:48:32.653968,237,0,0,0,0,0
2026-08-13T03:48:32.655575,236,0,0,0,0,0
2026-08-13T03:48:32.658586,235,0,0,0,0,0
2026-08-13T03:48:32.658586,236,0,0,0,0,0
2026-08-13T03:48:32.659818,239,0,0,0,0,0
2026-08-13T03:48:32.662665,241,0,0,0,0,0
2026-08-13T03:48:32.663643,241,0,0,0,0,0
2026-08-13T03:48:32.664159,241,0,0,0,0,0
2026-08-13T03:48:32.664159,240,0,0,0,0,0
2026-08-13T03:48:32.667183,238,0,0,0,0,0
2026-08-13T03:48:32.667183,237,0,0,0,0,0
2026-08-13T03:48:32.668165,237,0,0,0,0,0
2026-08-13T03:48:32.670359,238,0,0,0,0,0
2026-08-13T03:48:32.671357,238,0,0,0,0,0
2026-08-13T03:48:32.672387,239,0,0,0,0,0
2026-08-13T03:48:32.672387,238,0,0,0,0,0
2026-08-13T03:48:32.675210,237,0,0,0,0,0
2026-08-13T03:48:32.675210,234,0,0,0,0,0
2026-08-13T03:48:32.675210,233,0,0,0,0,0
2026-08-13T03:48:32.679236,233,0,0,0,0,0
2026-08-13T03:48:32.679236,235,0,0,0,0,0
2026-08-13T03:48:32.680249,238,0,0,0,0,0
2026-08-13T03:48:32.680249,240,0,0,0,0,0
2026-08-13T03:48:32.683643,240,0,0,0,0,0
2026-08-13T03:48:32.683643,240,0,0,0,0,0
2026-08-13T03:48:32.683643,240,0,0,0,0,0
2026-08-13T03:48:32.686981,238,0,0,0,0,0
2026-08-13T03:48:32.687982,236,0,0,0,0,0
2026-08-13T03:48:32.687982,239,0,0,0,0,0
2026-08-13T03:48:32.690981,238,0,0,0,0,0
2026-08-13T03:48:32.691981,239,0,0,0,0,0
2026-08-13T03:48:32.692488,239,0,0,0,0,0
2026-08-13T03:48:32.692488,239,0,0,0,0,0
2026-08-13T03:48:32.694999,238,0,0,0,0,0
2026-08-13T03:48:32.696004,236,0,0,0,0,0
2026-08-13T03:48:32.696004,235,0,0,0,0,0
2026-08-13T03:48:32.700005,235,0,0,0,0,0
2026-08-13T03:48:32.700005,236,0,0,0,0,0
2026-08-13T03:48:32.700005,239,0,0,0,0,0
2026-08-13T03:48:32.701005,240,0,0,0,0,0
2026-08-13T03:48:32.704005,241,0,0,0,0,0
2026-08-13T03:48:32.704005,240,0,0,0,0,0
2026-08-13T03:48:32.704512,239,0,0,0,0,0
2026-08-13T03:48:32.709523,237,0,0,0,0,0
2026-08-13T03:48:32.709523,236,0,0,0,0,0
2026-08-13T03:48:32.709523,237,0,0,0,0,0
2026-08-13T03:48:32.710527,238,0,0,0,0,0
2026-08-13T03:48:32.711528,239,0,0,0,0,0
2026-08-13T03:48:32.712527,239,0,0,0,0,0
2026-08-13T03:48:32.712527,238,0,0,0,0,0
2026-08-13T03:48:32.716049,237,0,0,0,0,0
2026-08-13T03:48:32.716049,236,0,0,0,0,0
2026-08-13T03:48:32.717051,234,0,0,0,0,0
2026-08-13T03:48:32.717051,235,0,0,0,0,0
2026-08-13T03:48:32.725554,237,0,0,0,0,0
2026-08-13T03:48:32.726559,240,0,0,0,0,0
2026-08-13T03:48:32.726559,240,0,0,0,0,0
2026-08-13T03:48:32.727559,240,0,0,0,0,0
2026-08-13T03:48:32.727559,240,0,0,0,0,0
2026-08-13T03:48:32.727559,238,0,0,0,0,0
2026-08-13T03:48:32.728560,237,0,0,0,0,0
2026-08-13T03:48:32.729559,237,0,0,0,0,0
2026-08-13T03:48:32.729559,238,0,0,0,0,0
2026-08-13T03:48:32.730559,238,0,0,0,0,0
2026-08-13T03:48:32.732559,239,0,0,0,0,0
2026-08-13T03:48:32.732559,239,0,0,0,0,0
2026-08-13T03:48:32.732559,238,0,0,0,0,0
2026-08-13T03:48:32.736378,237,0,0,0,0,0
2026-08-13T03:48:32.737380,236,0,0,0,0,0
2026-08-13T03:48:32.737380,235,0,0,0,0,0
2026-08-13T03:48:32.738378,235,0,0,0,0,0
2026-08-13T03:48:32.740380,238,0,0,0,0,0
2026-08-13T03:48:32.740380,240,0,0,0,0,0
2026-08-13T03:48:32.741380,240,0,0,0,0,0
2026-08-13T03:48:32.744894,240,0,0,0,0,0
2026-08-13T03:48:32.744894,240,0,0,0,0,0
2026-08-13T03:48:32.744894,238,0,0,0,0,0
2026-08-13T03:48:32.745894,236,0,0,0,0,0
2026-08-13T03:48:32.748900,237,0,0,0,0,0
2026-08-13T03:48:32.748900,237,0,0,0,0,0
2026-08-13T03:48:32.749900,238,0,0,0,0,0
2026-08-13T03:48:32.752903,239,0,0,0,0,0
2026-08-13T03:48:32.752903,239,0,0,0,0,0
2026-08-13T03:48:32.753901,238,0,0,0,0,0
2026-08-13T03:48:32.756879,236,0,0,0,0,0
2026-08-13T03:48:32.757897,235,0,0,0,0,0
2026-08-13T03:48:32.757897,235,0,0,0,0,0
2026-08-13T03:48:32.757897,236,0,0,0,0,0
2026-08-13T03:48:32.760896,238,0,0,0,0,0
2026-08-13T03:48:32.760896,240,0,0,0,0,0
2026-08-13T03:48:32.761896,240,0,0,0,0,0
2026-08-13T03:48:32.765156,240,0,0,0,0,0
2026-08-13T03:48:32.765156,239,0,0,0,0,0
2026-08-13T03:48:32.766169,238,0,0,0,0,0
2026-08-13T03:48:32.766169,236,0,0,0,0,0
2026-08-13T03:48:32.769187,237,0,0,0,0,0
2026-08-13T03:48:32.769187,238,0,0,0,0,0
2026-08-13T03:48:32.770169,239,0,0,0,0,0
2026-08-13T03:48:32.772703,239,0,0,0,0,0
2026-08-13T03:48:32.773703,238,0,0,0,0,0
2026-08-13T03:48:32.774211,237,0,0,0,0,0
2026-08-13T03:48:32.774211,236,0,0,0,0,0
2026-08-13T03:48:32.777225,236,0,0,0,0,0
2026-08-13T03:48:32.777225,235,0,0,0,0,0
2026-08-13T03:48:32.778226,237,0,0,0,0,0
2026-08-13T03:48:32.781246,239,0,0,0,0,0
2026-08-13T03:48:32.782225,240,0,0,0,0,0
2026-08-13T03:48:32.782225,241,0,0,0,0,0
2026-08-13T03:48:32.782225,240,0,0,0,0,0
2026-08-13T03:48:32.785776,239,0,0,0,0,0
2026-08-13T03:48:32.785776,237,0,0,0,0,0
2026-08-13T03:48:32.785776,236,0,0,0,0,0
2026-08-13T03:48:32.789776,237,0,0,0,0,0
2026-08-13T03:48:32.789776,238,0,0,0,0,0
2026-08-13T03:48:32.789776,239,0,0,0,0,0
2026-08-13T03:48:32.793823,239,0,0,0,0,0
2026-08-13T03:48:32.793823,238,0,0,0,0,0
2026-08-13T03:48:32.794837,237,0,0,0,0,0
2026-08-13T03:48:32.794837,236,0,0,0,0,0
2026-08-13T03:48:32.797838,234,0,0,0,0,0
2026-08-13T03:48:32.797838,235,0,0,0,0,0
2026-08-13T03:48:32.798837,237,0,0,0,0,0
2026-08-13T03:48:32.801837,240,0,0,0,0,0
2026-08-13T03:48:32.801837,240,0,0,0,0,0
2026-08-13T03:48:32.802838,240,0,0,0,0,0
2026-08-13T03:48:32.802838,239,0,0,0,0,0
2026-08-13T03:48:32.806082,238,0,0,0,0,0
2026-08-13T03:48:32.806082,237,0,0,0,0,0
2026-08-13T03:48:32.807066,236,0,0,0,0,0
2026-08-13T03:48:32.810065,237,0,0,0,0,0
2026-08-13T03:48:32.810065,238,0,0,0,0,0
2026-08-13T03:48:32.811065,239,0,0,0,0,0
2026-08-13T03:48:32.811065,238,0,0,0,0,0
2026-08-13T03:48:32.814577,239,0,0,0,0,0
2026-08-13T03:48:32.814577,236,0,0,0,0,0
2026-08-13T03:48:32.815581,236,0,0,0,0,0
2026-08-13T03:48:32.818579,236,0,0,0,0,0
2026-08-13T03:48:32.818579,236,0,0,0,0,0
2026-08-13T03:48:32.819579,238,0,0,0,0,0
2026-08-13T03:48:32.819579,240,0,0,0,0,0
2026-08-13T03:48:32.822593,240,0,0,0,0,0
2026-08-13T03:48:32.822593,240,0,0,0,0,0
2026-08-13T03:48:32.823579,239,0,0,0,0,0
2026-08-13T03:48:32.826801,238,0,0,0,0,0
2026-08-13T03:48:32.826801,236,0,0,0,0,0
2026-08-13T03:48:32.826801,235,0,0,0,0,0
2026-08-13T03:48:32.830784,237,0,0,0,0,0
2026-08-13T03:48:32.831785,238,0,0,0,0,0
2026-08-13T03:48:32.831785,239,0,0,0,0,0
2026-08-13T03:48:32.832785,239,0,0,0,0,0
2026-08-13T03:48:32.834291,238,0,0,0,0,0
2026-08-13T03:48:32.835298,237,0,0,0,0,0
2026-08-13T03:48:32.835298,236,0,0,0,0,0
2026-08-13T03:48:32.838298,236,0,0,0,0,0
2026-08-13T03:48:32.839329,236,0,0,0,0,0
2026-08-13T03:48:32.840303,239,0,0,0,0,0
2026-08-13T03:48:32.841297,240,0,0,0,0,0
2026-08-13T03:48:32.842320,240,0,0,0,0,0
2026-08-13T03:48:32.842320,240,0,0,0,0,0
2026-08-13T03:48:32.843830,239,0,0,0,0,0
2026-08-13T03:48:32.846905,237,0,0,0,0,0
2026-08-13T03:48:32.847881,235,0,0,0,0,0
2026-08-13T03:48:32.847881,236,0,0,0,0,0
2026-08-13T03:48:32.848880,237,0,0,0,0,0
2026-08-13T03:48:32.850878,239,0,0,0,0,0
2026-08-13T03:48:32.851902,239,0,0,0,0,0
2026-08-13T03:48:32.851902,239,0,0,0,0,0
2026-08-13T03:48:32.855393,238,0,0,0,0,0
2026-08-13T03:48:32.855393,237,0,0,0,0,0
2026-08-13T03:48:32.856394,236,0,0,0,0,0
2026-08-13T03:48:32.858996,236,0,0,0,0,0
2026-08-13T03:48:32.859994,236,0,0,0,0,0
2026-08-13T03:48:32.859994,239,0,0,0,0,0
2026-08-13T03:48:32.859994,240,0,0,0,0,0
2026-08-13T03:48:32.862996,240,0,0,0,0,0
2026-08-13T03:48:32.864340,239,0,0,0,0,0
2026-08-13T03:48:32.864340,238,0,0,0,0,0
2026-08-13T03:48:32.867350,236,0,0,0,0,0
2026-08-13T03:48:32.868348,236,0,0,0,0,0
2026-08-13T03:48:32.868348,237,0,0,0,0,0
2026-08-13T03:48:32.868348,238,0,0,0,0,0
2026-08-13T03:48:32.871364,239,0,0,0,0,0
2026-08-13T03:48:32.872349,239,0,0,0,0,0
2026-08-13T03:48:32.872349,239,0,0,0,0,0
2026-08-13T03:48:32.875859,238,0,0,0,0,0
2026-08-13T03:48:32.875859,237,0,0,0,0,0
2026-08-13T03:48:32.875859,236,0,0,0,0,0
2026-08-13T03:48:32.876860,235,0,0,0,0,0
2026-08-13T03:48:32.879349,237,0,0,0,0,0
2026-08-13T03:48:32.880365,239,0,0,0,0,0
2026-08-13T03:48:32.880365,239,0,0,0,0,0
2026-08-13T03:48:32.884009,239,0,0,0,0,0
2026-08-13T03:48:32.884009,239,0,0,0,0,0
2026-08-13T03:48:32.884009,237,0,0,0,0,0
2026-08-13T03:48:32.885197,237,0,0,0,0,0
2026-08-13T03:48:32.887705,236,0,0,0,0,0
2026-08-13T03:48:32.888707,237,0,0,0,0,0
2026-08-13T03:48:32.888707,238,0,0,0,0,0
2026-08-13T03:48:32.892231,239,0,0,0,0,0
2026-08-13T03:48:32.892231,239,0,0,0,0,0
2026-08-13T03:48:32.892231,239,0,0,0,0,0
2026-08-13T03:48:32.895784,237,0,0,0,0,0
2026-08-13T03:48:32.896789,236,0,0,0,0,0
2026-08-13T03:48:32.896789,235,0,0,0,0,0
2026-08-13T03:48:32.896789,236,0,0,0,0,0
2026-08-13T03:48:32.899789,238,0,0,0,0,0
2026-08-13T03:48:32.900789,240,0,0,0,0,0
2026-08-13T03:48:32.900789,239,0,0,0,0,0
2026-08-13T03:48:32.904327,240,0,0,0,0,0
2026-08-13T03:48:32.904327,239,0,0,0,0,0
2026-08-13T03:48:32.905320,237,0,0,0,0,0
2026-08-13T03:48:32.905320,236,0,0,0,0,0
2026-08-13T03:48:32.908319,235,0,0,0,0,0
2026-08-13T03:48:32.908319,237,0,0,0,0,0
2026-08-13T03:48:32.909322,237,0,0,0,0,0
2026-08-13T03:48:32.912320,239,0,0,0,0,0
2026-08-13T03:48:32.912320,239,0,0,0,0,0
2026-08-13T03:48:32.912320,238,0,0,0,0,0
2026-08-13T03:48:32.913824,237,0,0,0,0,0
2026-08-13T03:48:32.916831,236,0,0,0,0,0
2026-08-13T03:48:32.916831,235,0,0,0,0,0
2026-08-13T03:48:32.916831,236,0,0,0,0,0
2026-08-13T03:48:32.920830,238,0,0,0,0,0
2026-08-13T03:48:32.920830,239,0,0,0,0,0
2026-08-13T03:48:32.921830,240,0,0,0,0,0
2026-08-13T03:48:32.924989,240,0,0,0,0,0
2026-08-13T03:48:32.924989,238,0,0,0,0,0
2026-08-13T03:48:32.924989,237,0,0,0,0,0
2026-08-13T03:48:32.925988,235,0,0,0,0,0
2026-08-13T03:48:32.928990,235,0,0,0,0,0
2026-08-13T03:48:32.928990,236,0,0,0,0,0
2026-08-13T03:48:32.929990,239,0,0,0,0,0
2026-08-13T03:48:32.932991,239,0,0,0,0,0
2026-08-13T03:48:32.932991,239,0,0,0,0,0
2026-08-13T03:48:32.933991,238,0,0,0,0,0
2026-08-13T03:48:32.933991,237,0,0,0,0,0
2026-08-13T03:48:32.937273,236,0,0,0,0,0
2026-08-13T03:48:32.937273,236,0,0,0,0,0
2026-08-13T03:48:32.937273,236,0,0,0,0,0
2026-08-13T03:48:32.940376,238,0,0,0,0,0
2026-08-13T03:48:32.941757,239,0,0,0,0,0
2026-08-13T03:48:32.941757,240,0,0,0,0,0
2026-08-13T03:48:32.941757,239,0,0,0,0,0
2026-08-13T03:48:32.945155,237,0,0,0,0,0
2026-08-13T03:48:32.946141,236,0,0,0,0,0
2026-08-13T03:48:32.946141,236,0,0,0,0,0
2026-08-13T03:48:32.949138,236,0,0,0,0,0
2026-08-13T03:48:32.950138,238,0,0,0,0,0
2026-08-13T03:48:32.950138,238,0,0,0,0,0
2026-08-13T03:48:32.950138,239,0,0,0,0,0
2026-08-13T03:48:32.953657,239,0,0,0,0,0
2026-08-13T03:48:32.953657,238,0,0,0,0,0
2026-08-13T03:48:32.954818,237,0,0,0,0,0
2026-08-13T03:48:32.957806,236,0,0,0,0,0
2026-08-13T03:48:32.957806,235,0,0,0,0,0
2026-08-13T03:48:32.958833,236,0,0,0,0,0
2026-08-13T03:48:32.961815,239,0,0,0,0,0
2026-08-13T03:48:32.962811,239,0,0,0,0,0
2026-08-13T03:48:32.962811,239,0,0,0,0,0
2026-08-13T03:48:32.963828,238,0,0,0,0,0
2026-08-13T03:48:32.965642,238,0,0,0,0,0
2026-08-13T03:48:32.966636,237,0,0,0,0,0
2026-08-13T03:48:32.966636,236,0,0,0,0,0
2026-08-13T03:48:32.970270,237,0,0,0,0,0
2026-08-13T03:48:32.970270,238,0,0,0,0,0
2026-08-13T03:48:32.971308,239,0,0,0,0,0
2026-08-13T03:48:32.972297,240,0,0,0,0,0
2026-08-13T03:48:32.973808,239,0,0,0,0,0
2026-08-13T03:48:32.974822,237,0,0,0,0,0
2026-08-13T03:48:32.975823,236,0,0,0,0,0
2026-08-13T03:48:32.977834,235,0,0,0,0,0
2026-08-13T03:48:32.978833,236,0,0,0,0,0
2026-08-13T03:48:32.979850,238,0,0,0,0,0
2026-08-13T03:48:32.980847,239,0,0,0,0,0
2026-08-13T03:48:32.981846,239,0,0,0,0,0
2026-08-13T03:48:32.983135,239,0,0,0,0,0
2026-08-13T03:48:32.983663,239,0,0,0,0,0
2026-08-13T03:48:32.986683,238,0,0,0,0,0
2026-08-13T03:48:32.986683,236,0,0,0,0,0
2026-08-13T03:48:32.987693,237,0,0,0,0,0
2026-08-13T03:48:32.990680,236,0,0,0,0,0
2026-08-13T03:48:32.990680,238,0,0,0,0,0
2026-08-13T03:48:32.992312,239,0,0,0,0,0
2026-08-13T03:48:32.992312,239,0,0,0,0,0
2026-08-13T03:48:32.994958,239,0,0,0,0,0
2026-08-13T03:48:32.994958,237,0,0,0,0,0
2026-08-13T03:48:32.995960,236,0,0,0,0,0
2026-08-13T03:48:32.998974,236,0,0,0,0,0
2026-08-13T03:48:32.999972,236,0,0,0,0,0
2026-08-13T03:48:32.999972,238,0,0,0,0,0
2026-08-13T03:48:33.000984,239,0,0,0,0,0
2026-08-13T03:48:33.002969,240,0,0,0,0,0
2026-08-13T03:48:33.002969,239,0,0,0,0,0
2026-08-13T03:48:33.003970,238,0,0,0,0,0
2026-08-13T03:48:33.007094,237,0,0,0,0,0
2026-08-13T03:48:33.007094,235,0,0,0,0,0
2026-08-13T03:48:33.008113,236,0,0,0,0,0
2026-08-13T03:48:33.009111,237,0,0,0,0,0
2026-08-13T03:48:33.011110,238,0,0,0,0,0
2026-08-13T03:48:33.011110,239,0,0,0,0,0
2026-08-13T03:48:33.012110,238,0,0,0,0,0
2026-08-13T03:48:33.015048,238,0,0,0,0,0
2026-08-13T03:48:33.015048,237,0,0,0,0,0
2026-08-13T03:48:33.016054,236,0,0,0,0,0
2026-08-13T03:48:33.016054,235,0,0,0,0,0
2026-08-13T03:48:33.018310,236,0,0,0,0,0
2026-08-13T03:48:33.019923,237,0,0,0,0,0
2026-08-13T03:48:33.019923,239,0,0,0,0,0
2026-08-13T03:48:33.022728,239,0,0,0,0,0
2026-08-13T03:48:33.023736,239,0,0,0,0,0
2026-08-13T03:48:33.023736,239,0,0,0,0,0
2026-08-13T03:48:33.026743,237,0,0,0,0,0
2026-08-13T03:48:33.027743,236,0,0,0,0,0
2026-08-13T03:48:33.028743,236,0,0,0,0,0
2026-08-13T03:48:33.028743,237,0,0,0,0,0
2026-08-13T03:48:33.031754,238,0,0,0,0,0
2026-08-13T03:48:33.031754,239,0,0,0,0,0
2026-08-13T03:48:33.031754,239,0,0,0,0,0
2026-08-13T03:48:33.034988,238,0,0,0,0,0
2026-08-13T03:48:33.035987,237,0,0,0,0,0
2026-08-13T03:48:33.035987,235,0,0,0,0,0
2026-08-13T03:48:33.037003,235,0,0,0,0,0
2026-08-13T03:48:33.039968,236,0,0,0,0,0
2026-08-13T03:48:33.039968,238,0,0,0,0,0
2026-08-13T03:48:33.039968,239,0,0,0,0,0
2026-08-13T03:48:33.043961,239,0,0,0,0,0
2026-08-13T03:48:33.044484,239,0,0,0,0,0
2026-08-13T03:48:33.045487,238,0,0,0,0,0
2026-08-13T03:48:33.045487,236,0,0,0,0,0
2026-08-13T03:48:33.047502,236,0,0,0,0,0
2026-08-13T03:48:33.048500,236,0,0,0,0,0
2026-08-13T03:48:33.048500,238,0,0,0,0,0
2026-08-13T03:48:33.051498,239,0,0,0,0,0
2026-08-13T03:48:33.052499,239,0,0,0,0,0
2026-08-13T03:48:33.052499,238,0,0,0,0,0
2026-08-13T03:48:33.054010,237,0,0,0,0,0
2026-08-13T03:48:33.056271,236,0,0,0,0,0
2026-08-13T03:48:33.057000,235,0,0,0,0,0
2026-08-13T03:48:33.058022,235,0,0,0,0,0
2026-08-13T03:48:33.060029,236,0,0,0,0,0
2026-08-13T03:48:33.061018,238,0,0,0,0,0
2026-08-13T03:48:33.061018,239,0,0,0,0,0
2026-08-13T03:48:33.064574,239,0,0,0,0,0
2026-08-13T03:48:33.065575,238,0,0,0,0,0
2026-08-13T03:48:33.065575,238,0,0,0,0,0
2026-08-13T03:48:33.066569,236,0,0,0,0,0
2026-08-13T03:48:33.068585,236,0,0,0,0,0
2026-08-13T03:48:33.068585,236,0,0,0,0,0
2026-08-13T03:48:33.069569,238,0,0,0,0,0
2026-08-13T03:48:33.072581,239,0,0,0,0,0
2026-08-13T03:48:33.072581,239,0,0,0,0,0
2026-08-13T03:48:33.073567,238,0,0,0,0,0
2026-08-13T03:48:33.073567,237,0,0,0,0,0
2026-08-13T03:48:33.075936,236,0,0,0,0,0
2026-08-13T03:48:33.076978,235,0,0,0,0,0
2026-08-13T03:48:33.076978,235,0,0,0,0,0
2026-08-13T03:48:33.080943,237,0,0,0,0,0
2026-08-13T03:48:33.080943,239,0,0,0,0,0
2026-08-13T03:48:33.080943,239,0,0,0,0,0
2026-08-13T03:48:33.081965,239,0,0,0,0,0
2026-08-13T03:48:33.084617,239,0,0,0,0,0
2026-08-13T03:48:33.084617,237,0,0,0,0,0
2026-08-13T03:48:33.085943,236,0,0,0,0,0
2026-08-13T03:48:33.089044,236,0,0,0,0,0
2026-08-13T03:48:33.089044,236,0,0,0,0,0
2026-08-13T03:48:33.090071,238,0,0,0,0,0
2026-08-13T03:48:33.092641,239,0,0,0,0,0
2026-08-13T03:48:33.093673,239,0,0,0,0,0
2026-08-13T03:48:33.094210,238,0,0,0,0,0
2026-08-13T03:48:33.095215,237,0,0,0,0,0
2026-08-13T03:48:33.097223,236,0,0,0,0,0
2026-08-13T03:48:33.097223,235,0,0,0,0,0
2026-08-13T03:48:33.098224,236,0,0,0,0,0
2026-08-13T03:48:33.101224,238,0,0,0,0,0
2026-08-13T03:48:33.102224,239,0,0,0,0,0
2026-08-13T03:48:33.102224,239,0,0,0,0,0
2026-08-13T03:48:33.102224,239,0,0,0,0,0
2026-08-13T03:48:33.104771,238,0,0,0,0,0
2026-08-13T03:48:33.105771,237,0,0,0,0,0
2026-08-13T03:48:33.106770,236,0,0,0,0,0
2026-08-13T03:48:33.108784,235,0,0,0,0,0
2026-08-13T03:48:33.109771,236,0,0,0,0,0
2026-08-13T03:48:33.110770,238,0,0,0,0,0
2026-08-13T03:48:33.110770,238,0,0,0,0,0
2026-08-13T03:48:33.113793,239,0,0,0,0,0
2026-08-13T03:48:33.114339,237,0,0,0,0,0
2026-08-13T03:48:33.114339,236,0,0,0,0,0
2026-08-13T03:48:33.117787,236,0,0,0,0,0
2026-08-13T03:48:33.117787,236,0,0,0,0,0
2026-08-13T03:48:33.118785,236,0,0,0,0,0
2026-08-13T03:48:33.118785,238,0,0,0,0,0
2026-08-13T03:48:33.121784,239,0,0,0,0,0
2026-08-13T03:48:33.121784,239,0,0,0,0,0
2026-08-13T03:48:33.122899,239,0,0,0,0,0
2026-08-13T03:48:33.125366,237,0,0,0,0,0
2026-08-13T03:48:33.126257,236,0,0,0,0,0
2026-08-13T03:48:33.127253,234,0,0,0,0,0
2026-08-13T03:48:33.129985,236,0,0,0,0,0
2026-08-13T03:48:33.129985,237,0,0,0,0,0
2026-08-13T03:48:33.131011,238,0,0,0,0,0
2026-08-13T03:48:33.132008,239,0,0,0,0,0
2026-08-13T03:48:33.133750,238,0,0,0,0,0
2026-08-13T03:48:33.133750,238,0,0,0,0,0
2026-08-13T03:48:33.135184,236,0,0,0,0,0
2026-08-13T03:48:33.138186,236,0,0,0,0,0
2026-08-13T03:48:33.138186,235,0,0,0,0,0
2026-08-13T03:48:33.139184,236,0,0,0,0,0
2026-08-13T03:48:33.139184,238,0,0,0,0,0
2026-08-13T03:48:33.142191,239,0,0,0,0,0
2026-08-13T03:48:33.142191,239,0,0,0,0,0
2026-08-13T03:48:33.142191,239,0,0,0,0,0
2026-08-13T03:48:33.145719,237,0,0,0,0,0
2026-08-13T03:48:33.146719,236,0,0,0,0,0
2026-08-13T03:48:33.147717,235,0,0,0,0,0
2026-08-13T03:48:33.147717,236,0,0,0,0,0
2026-08-13T03:48:33.149733,237,0,0,0,0,0
2026-08-13T03:48:33.150717,238,0,0,0,0,0
2026-08-13T03:48:33.151720,239,0,0,0,0,0
2026-08-13T03:48:33.154285,238,0,0,0,0,0
2026-08-13T03:48:33.155284,238,0,0,0,0,0
2026-08-13T03:48:33.155284,237,0,0,0,0,0
2026-08-13T03:48:33.158301,235,0,0,0,0,0
2026-08-13T03:48:33.159300,235,0,0,0,0,0
2026-08-13T03:48:33.159300,237,0,0,0,0,0
2026-08-13T03:48:33.160300,238,0,0,0,0,0
2026-08-13T03:48:33.162324,239,0,0,0,0,0
2026-08-13T03:48:33.162324,239,0,0,0,0,0
2026-08-13T03:48:33.163836,238,0,0,0,0,0
2026-08-13T03:48:33.166860,237,0,0,0,0,0
2026-08-13T03:48:33.166860,236,0,0,0,0,0
2026-08-13T03:48:33.166860,236,0,0,0,0,0
2026-08-13T03:48:33.167849,236,0,0,0,0,0
2026-08-13T03:48:33.170636,237,0,0,0,0,0
2026-08-13T03:48:33.171646,238,0,0,0,0,0
2026-08-13T03:48:33.171646,239,0,0,0,0,0
2026-08-13T03:48:33.174764,238,0,0,0,0,0
2026-08-13T03:48:33.175761,237,0,0,0,0,0
2026-08-13T03:48:33.175761,236,0,0,0,0,0
2026-08-13T03:48:33.176760,235,0,0,0,0,0
2026-08-13T03:48:33.178759,235,0,0,0,0,0
2026-08-13T03:48:33.179764,237,0,0,0,0,0
2026-08-13T03:48:33.180766,238,0,0,0,0,0
2026-08-13T03:48:33.182772,239,0,0,0,0,0
2026-08-13T03:48:33.183765,238,0,0,0,0,0
2026-08-13T03:48:33.185079,238,0,0,0,0,0
2026-08-13T03:48:33.185079,238,0,0,0,0,0
2026-08-13T03:48:33.187123,236,0,0,0,0,0
2026-08-13T03:48:33.187123,235,0,0,0,0,0
2026-08-13T03:48:33.188157,236,0,0,0,0,0
2026-08-13T03:48:33.190750,238,0,0,0,0,0
2026-08-13T03:48:33.191764,238,0,0,0,0,0
2026-08-13T03:48:33.192771,238,0,0,0,0,0
2026-08-13T03:48:33.194837,237,0,0,0,0,0
2026-08-13T03:48:33.195838,236,0,0,0,0,0
2026-08-13T03:48:33.196849,236,0,0,0,0,0
2026-08-13T03:48:33.196849,235,0,0,0,0,0
2026-08-13T03:48:33.198849,235,0,0,0,0,0
2026-08-13T03:48:33.199848,237,0,0,0,0,0
2026-08-13T03:48:33.200848,238,0,0,0,0,0
2026-08-13T03:48:33.202851,239,0,0,0,0,0
2026-08-13T03:48:33.204352,239,0,0,0,0,0
2026-08-13T03:48:33.204352,238,0,0,0,0,0
2026-08-13T03:48:33.205361,236,0,0,0,0,0
2026-08-13T03:48:33.207371,235,0,0,0,0,0
2026-08-13T03:48:33.208375,235,0,0,0,0,0
2026-08-13T03:48:33.208375,237,0,0,0,0,0
2026-08-13T03:48:33.211376,237,0,0,0,0,0
2026-08-13T03:48:33.212368,238,0,0,0,0,0
2026-08-13T03:48:33.212368,238,0,0,0,0,0
2026-08-13T03:48:33.212368,238,0,0,0,0,0
2026-08-13T03:48:33.215888,236,0,0,0,0,0
2026-08-13T03:48:33.216898,235,0,0,0,0,0
2026-08-13T03:48:33.216898,234,0,0,0,0,0
2026-08-13T03:48:33.219911,236,0,0,0,0,0
2026-08-13T03:48:33.220896,238,0,0,0,0,0
2026-08-13T03:48:33.220896,240,0,0,0,0,0
2026-08-13T03:48:33.223898,239,0,0,0,0,0
2026-08-13T03:48:33.224407,238,0,0,0,0,0
2026-08-13T03:48:33.225418,237,0,0,0,0,0
2026-08-13T03:48:33.226431,236,0,0,0,0,0
2026-08-13T03:48:33.228426,235,0,0,0,0,0
2026-08-13T03:48:33.228426,235,0,0,0,0,0
2026-08-13T03:48:33.229430,237,0,0,0,0,0
2026-08-13T03:48:33.231441,237,0,0,0,0,0
2026-08-13T03:48:33.232606,238,0,0,0,0,0
2026-08-13T03:48:33.233618,239,0,0,0,0,0
2026-08-13T03:48:33.233618,237,0,0,0,0,0
2026-08-13T03:48:33.236627,236,0,0,0,0,0
2026-08-13T03:48:33.236627,235,0,0,0,0,0
2026-08-13T03:48:33.237632,235,0,0,0,0,0
2026-08-13T03:48:33.239643,236,0,0,0,0,0
2026-08-13T03:48:33.240627,238,0,0,0,0,0
2026-08-13T03:48:33.241629,238,0,0,0,0,0
2026-08-13T03:48:33.241629,238,0,0,0,0,0
2026-08-13T03:48:33.244621,237,0,0,0,0,0
2026-08-13T03:48:33.245134,237,0,0,0,0,0
2026-08-13T03:48:33.245134,236,0,0,0,0,0
2026-08-13T03:48:33.248796,235,0,0,0,0,0
2026-08-13T03:48:33.248796,236,0,0,0,0,0
2026-08-13T03:48:33.249815,236,0,0,0,0,0
2026-08-13T03:48:33.249815,238,0,0,0,0,0
2026-08-13T03:48:33.252894,238,0,0,0,0,0
2026-08-13T03:48:33.253919,238,0,0,0,0,0
2026-08-13T03:48:33.254940,236,0,0,0,0,0
2026-08-13T03:48:33.256995,236,0,0,0,0,0
2026-08-13T03:48:33.258017,236,0,0,0,0,0
2026-08-13T03:48:33.258017,235,0,0,0,0,0
2026-08-13T03:48:33.261069,236,0,0,0,0,0
2026-08-13T03:48:33.261069,237,0,0,0,0,0
2026-08-13T03:48:33.262087,238,0,0,0,0,0
2026-08-13T03:48:33.262087,239,0,0,0,0,0
2026-08-13T03:48:33.265101,238,0,0,0,0,0
2026-08-13T03:48:33.265612,237,0,0,0,0,0
2026-08-13T03:48:33.266629,235,0,0,0,0,0
2026-08-13T03:48:33.268626,235,0,0,0,0,0
2026-08-13T03:48:33.269627,236,0,0,0,0,0
2026-08-13T03:48:33.270626,238,0,0,0,0,0
2026-08-13T03:48:33.270626,238,0,0,0,0,0
2026-08-13T03:48:33.272628,238,0,0,0,0,0
2026-08-13T03:48:33.274129,238,0,0,0,0,0
2026-08-13T03:48:33.275141,237,0,0,0,0,0
2026-08-13T03:48:33.277151,235,0,0,0,0,0
2026-08-13T03:48:33.278153,235,0,0,0,0,0
2026-08-13T03:48:33.278153,235,0,0,0,0,0
2026-08-13T03:48:33.279152,237,0,0,0,0,0
2026-08-13T03:48:33.281507,238,0,0,0,0,0
2026-08-13T03:48:33.281507,238,0,0,0,0,0
2026-08-13T03:48:33.282505,238,0,0,0,0,0
2026-08-13T03:48:33.285031,237,0,0,0,0,0
2026-08-13T03:48:33.286043,236,0,0,0,0,0
2026-08-13T03:48:33.286043,235,0,0,0,0,0
2026-08-13T03:48:33.286043,236,0,0,0,0,0
2026-08-13T03:48:33.289551,236,0,0,0,0,0
2026-08-13T03:48:33.290537,237,0,0,0,0,0
2026-08-13T03:48:33.290537,239,0,0,0,0,0
2026-08-13T03:48:33.293046,238,0,0,0,0,0
2026-08-13T03:48:33.294051,237,0,0,0,0,0
2026-08-13T03:48:33.294051,235,0,0,0,0,0
2026-08-13T03:48:33.297518,235,0,0,0,0,0
2026-08-13T03:48:33.297518,234,0,0,0,0,0
2026-08-13T03:48:33.298526,235,0,0,0,0,0
2026-08-13T03:48:33.298526,237,0,0,0,0,0
2026-08-13T03:48:33.301518,238,0,0,0,0,0
2026-08-13T03:48:33.302503,238,0,0,0,0,0
2026-08-13T03:48:33.302503,238,0,0,0,0,0
2026-08-13T03:48:33.306026,237,0,0,0,0,0
2026-08-13T03:48:33.306026,236,0,0,0,0,0
2026-08-13T03:48:33.306026,235,0,0,0,0,0
2026-08-13T03:48:33.307026,235,0,0,0,0,0
